g ClothesShop
v 5.0131583 2.6166239 2.5459223
v 5.0112414 2.7641878 2.5288785
v 5.0571265 2.7853289 2.539473
v 5.0131583 2.6166239 2.5459223
v 4.9978366 2.7746654 2.5233462
v 5.0112414 2.7641878 2.5288785
v 5.172109 2.9948556 2.569944
v 5.2878675 3.181302 2.5995417
v 5.288887 3.1251822 2.5924315
v 5.7070484 5.9953723 -0.9938119
v 5.583802 5.981175 -0.92073774
v 5.5834937 5.988779 -0.9646202
v 5.996406 3.738383 -0.34877807
v 6.044846 3.4357867 -0.2107831
v 5.8686166 3.439048 -0.15674344
v 5.6862226 2.395428 -0.1629767
v 6.024092 2.394387 -0.2319144
v 5.96176 2.1813278 -0.30070457
v 5.2816153 3.1439438 -0.12531374
v 5.3401256 3.1445155 -0.1106013
v 5.2746806 2.9117033 -0.13225757
v 5.934504 2.6785653 -0.014028439
v 5.8648896 3.148463 0.02235327
v 5.93651 3.1488237 0.0063824574
v 5.934504 2.6785653 -0.014028439
v 5.8659716 2.678474 -0.0016659383
v 5.8648896 3.148463 0.02235327
v 5.8648896 3.148463 0.02235327
v 5.6797485 3.403712 -0.09017205
v 5.8686166 3.439048 -0.15674344
v 6.3884516 3.1489584 -0.30522212
v 6.440459 2.8935063 -0.32587218
v 6.3996873 2.6832488 -0.29402304
v 6.1108384 2.8587835 -0.040232293
v 6.111089 2.9691615 -0.0371846
v 6.2418475 3.1496935 -0.16097967
v 5.6862226 2.395428 -0.1629767
v 5.691563 2.5284426 -0.07692311
v 5.8659716 2.678474 -0.0016659383
v 6.440459 2.8935063 -0.32587218
v 6.4454374 2.6853392 -0.31819895
v 6.3996873 2.6832488 -0.29402304
v 5.519398 2.6799448 -0.04359052
v 5.332269 2.6831822 -0.12535577
v 5.3401256 3.1445155 -0.1106013
v 5.332269 2.6831822 -0.12535577
v 5.2746806 2.9117033 -0.13225757
v 5.3401256 3.1445155 -0.1106013
v 5.7170777 5.928386 -0.9412821
v 5.7832355 5.92222 -1.0337423
v 5.7413764 5.92222 -1.050568
v 5.7170777 5.928386 -0.9412821
v 5.6519003 5.92222 -0.8489516
v 5.693488 5.92222 -0.8320728
v 5.7170777 5.928386 -0.9412821
v 5.6958222 5.92222 -1.0509263
v 5.6541452 5.92222 -1.0335331
v 5.6219645 5.92222 -1.0022484
v 5.6041627 5.92222 -0.9620021
v 5.7170777 5.928386 -0.9412821
v 5.3568373 4.246585 -0.44444445
v 5.5849314 4.2600846 -0.34318903
v 5.2599316 4.4407687 -0.2970392
v 5.9726324 5.879495 -0.7791677
v 6.019048 5.879495 -0.88619214
v 5.8590703 5.909923 -0.8512942
v 6.4052153 5.492774 -0.50442165
v 6.3490415 5.3912926 -0.36986044
v 6.48443 5.2480083 -0.45335215
v 5.2475114 5.492774 -0.27833933
v 5.3489294 5.390747 -0.19537373
v 5.5446463 5.492774 -0.15631203
v 5.521378 6.520159 -0.84439266
v 5.521332 6.3037767 -0.7878677
v 5.7089295 6.3215227 -1.0536224
v 5.4302764 6.3037767 -0.87592053
v 5.521332 6.3037767 -0.7878677
v 5.4817986 6.520159 -0.88266736
v 5.549049 6.5663204 -0.8853851
v 5.4817986 6.520159 -0.88266736
v 5.5191975 6.566039 -0.90716726
v 5.602923 6.5278726 -0.95991033
v 6.407175 2.6903064 -0.41933674
v 6.651726 2.6899285 -0.74452275
v 6.6348777 3.137216 -0.74698764
v 5.9381175 2.1942265 -0.40010622
v 5.998257 2.4107158 -0.3367134
v 5.672059 2.411068 -0.27039576
v 5.2826524 3.1399028 -0.22947845
v 5.2783475 2.9122655 -0.23486018
v 5.33732 3.1398768 -0.21812223
v 5.907949 3.139272 -0.120623976
v 5.841723 3.1394 -0.106140316
v 5.907727 2.6903365 -0.13896526
v 6.366046 2.6903076 -0.3994482
v 6.398648 2.8923836 -0.4233279
v 6.352999 3.141238 -0.40804923
v 6.2035966 3.1400027 -0.27283397
v 6.076408 2.9669583 -0.16210726
v 6.076637 2.862303 -0.16498181
v 5.907727 2.6903365 -0.13896526
v 5.84418 2.690345 -0.12742598
v 5.672059 2.411068 -0.27039576
v 5.84418 2.690345 -0.12742598
v 5.6784563 2.5463974 -0.19082713
v 5.672059 2.411068 -0.27039576
v 6.352999 3.141238 -0.40804923
v 6.398648 2.8923836 -0.4233279
v 6.388136 3.1415126 -0.42824847
v 5.1231933 2.4092114 -0.39599082
v 5.3237586 2.2574766 -0.3502585
v 5.2924695 2.4097464 -0.30881044
v 0.8024066 5.166047 1.4300722
v 0.7337432 5.0498233 1.3991107
v 0.73165685 5.09754 1.4015607
v 0.78721434 4.9023023 1.4038639
v 0.7514865 4.972056 1.3971292
v 0.7337432 5.0498233 1.3991107
v 0.8024066 5.166047 1.4300722
v 0.83779645 4.8613753 1.4139496
v 0.78721434 4.9023023 1.4038639
v 0.8607302 5.184399 1.4456891
v 1.9159851 5.166047 1.0390409
v 1.9533769 5.09754 0.97255576
v 1.9502184 5.0498233 0.9719476
v 1.9114565 4.9023023 1.0090884
v 1.93513 4.972056 0.9814949
v 1.9159851 5.166047 1.0390409
v 1.9502184 5.0498233 0.9719476
v 1.8782847 4.8613753 1.0485842
v 1.8802294 5.184399 1.0876937
v 1.9114565 4.9023023 1.0090884
v 8.741369 2.5306804 -2.1600435
v 9.16043 2.658127 -1.8198798
v 8.68156 2.5440547 -2.1320715
v 9.16043 2.658127 -1.8198798
v 9.296005 2.650289 -1.9370596
v 9.349894 2.6163657 -2.0789826
v 8.891055 2.516378 -2.2571282
v 9.320897 2.573707 -2.2087855
v 9.061776 2.512329 -2.3115728
v 9.215557 2.5350397 -2.2928395
v 8.993932 2.62865 -1.7357327
v 8.68156 2.5440547 -2.1320715
v 8.919886 2.597413 -1.7177083
v 8.438152 2.57554 -2.068374
v 8.855081 2.585169 -1.6870537
v 8.438152 2.57554 -2.068374
v 8.3041315 2.5783846 -1.957019
v 8.246947 2.5789201 -1.8138142
v 8.694708 2.5818896 -1.6046078
v 8.27168 2.5791707 -1.6771268
v 8.373984 2.5789201 -1.5831631
v 8.52558 2.5783846 -1.5549484
v 8.6097765 2.5542862 -2.1223943
v 8.919886 2.597413 -1.7177083
v 8.68156 2.5440547 -2.1320715
v -3.9371252 1.7825047 1.8357044
v -4.037681 4.375612 1.8999456
v 2.3548906 4.375612 1.8999456
v 2.2543344 1.7825047 1.8357044
v 2.2543344 1.7825047 -1.9172022
v 2.3548906 4.375612 -1.9814433
v -4.037681 4.375612 -1.9814433
v -3.9371252 1.7825047 -1.9172022
v -4.0500245 4.6878767 1.7080396
v -4.0500245 4.6878767 -1.7895372
v 2.367234 4.6878767 -1.7895372
v 2.367234 4.6878767 1.7080396
v 2.5670671 1.7825047 1.6359129
v 2.6676238 4.375612 1.7001538
v 2.6676238 4.375612 -1.7816514
v 2.5670671 1.7825047 -1.7174106
v -4.2498584 1.7825047 -1.7174106
v -4.3504148 4.375612 -1.7816514
v -4.3504148 4.375612 1.7001538
v -4.2498584 1.7825047 1.6359129
v 1.5736783 0.6726707 1.925944
v 1.5736783 2.3363974 1.925944
v 1.5736783 2.3363974 2.1987648
v 1.5736783 0.6726707 2.1987648
v 1.8246951 0.67228836 2.1987648
v 1.8246951 2.336015 2.1987648
v 1.8246951 2.336015 1.925944
v 1.8246951 0.67228836 1.925944
v 2.2348945 0.7884138 1.9299334
v 0.9757753 2.030586 1.9299334
v 0.9757753 2.030586 2.2131302
v 2.2348945 0.7884138 2.2131302
v 2.2348945 0.7884138 2.2131302
v 0.9757753 2.030586 2.2131302
v 1.1634792 2.2202716 2.2131302
v 2.4225984 0.97809964 2.2131302
v 2.5037322 1.7495732 1.925944
v 1.0024939 1.0324466 1.925944
v 1.0024939 1.0324466 2.1987648
v 2.5037322 1.7495732 2.1987648
v 2.3958797 1.9762391 2.1987648
v 0.8946417 1.2591127 2.1987648
v 0.8946417 1.2591127 1.925944
v 2.3958797 1.9762391 1.925944
v 1.9424207 1.4392828 1.878458
v 1.9426185 1.5690054 1.878458
v 1.8779284 1.6814473 1.878458
v 1.8773884 1.3270383 1.878458
v 1.7656841 1.7464797 1.878458
v 1.7649467 1.2623482 1.878458
v 1.635961 1.7466774 1.878458
v 1.635224 1.2625458 1.878458
v 1.5235195 1.6819869 1.878458
v 1.5229795 1.3275783 1.878458
v 1.458487 1.5697427 1.878458
v 1.4582893 1.4400201 1.878458
v 1.8322414 1.6358993 2.2625854
v 1.8802786 1.5524032 2.2625854
v 1.8801318 1.4560746 2.2625854
v 1.8318405 1.3727252 2.2625854
v 1.7488921 1.6841906 2.2625854
v 1.7483447 1.3246882 2.2625854
v 1.6525635 1.6843373 2.2625854
v 1.6520159 1.3248348 2.2625854
v 1.5690674 1.6363 2.2625854
v 1.5686665 1.373126 2.2625854
v 1.520776 1.5529505 2.2625854
v 1.5206293 1.4566221 2.2625854
v 1.824695 0.6726707 -2.2984457
v 1.5736779 0.6722884 -2.2984457
v 1.5736779 0.6722884 -2.025625
v 1.824695 0.6726707 -2.025625
v 1.824695 2.3363974 -2.025625
v 1.5736779 2.336015 -2.025625
v 1.824695 2.3363974 -2.2984457
v 1.5736779 2.336015 -2.2984457
v 1.824695 0.6726707 -2.025625
v 1.824695 2.3363974 -2.025625
v 1.824695 2.3363974 -2.2984457
v 1.824695 0.6726707 -2.2984457
v 1.824695 0.6726707 -2.2984457
v 1.824695 2.3363974 -2.2984457
v 1.5736779 2.336015 -2.2984457
v 1.5736779 0.6722884 -2.2984457
v 1.5736779 0.6722884 -2.2984457
v 1.5736779 2.336015 -2.2984457
v 1.5736779 2.336015 -2.025625
v 1.5736779 0.6722884 -2.025625
v 1.1634796 0.7884139 -2.011259
v 2.4225988 2.030586 -2.011259
v 2.4225988 2.030586 -2.2944558
v 1.1634796 0.7884139 -2.2944558
v 1.1634796 0.7884139 -2.2944558
v 2.4225988 2.030586 -2.2944558
v 2.234895 2.2202716 -2.2944558
v 0.9757757 0.9780997 -2.2944558
v 0.89464146 1.7495732 -2.2984457
v 1.0024939 1.9762391 -2.2984457
v 1.0024939 1.9762391 -2.025625
v 0.89464146 1.7495732 -2.025625
v 2.3958797 1.0324466 -2.025625
v 2.503732 1.2591127 -2.025625
v 2.3958797 1.0324466 -2.2984457
v 2.503732 1.2591127 -2.2984457
v 0.89464146 1.7495732 -2.025625
v 2.3958797 1.0324466 -2.025625
v 2.3958797 1.0324466 -2.2984457
v 0.89464146 1.7495732 -2.2984457
v 0.89464146 1.7495732 -2.2984457
v 2.3958797 1.0324466 -2.2984457
v 2.503732 1.2591127 -2.2984457
v 1.0024939 1.9762391 -2.2984457
v 1.0024939 1.9762391 -2.2984457
v 2.503732 1.2591127 -2.2984457
v 2.503732 1.2591127 -2.025625
v 1.0024939 1.9762391 -2.025625
v 1.9424216 1.5697427 -1.8081536
v 1.9426191 1.4400201 -1.8081536
v 1.8779289 1.3275783 -1.8081536
v 1.8773892 1.6819869 -1.8081536
v 1.7656846 1.2625458 -1.8081536
v 1.7649473 1.7466774 -1.8081536
v 1.6359619 1.2623482 -1.8081536
v 1.6352245 1.7464797 -1.8081536
v 1.52352 1.3270383 -1.8081536
v 1.52298 1.6814473 -1.8081536
v 1.4584876 1.4392828 -1.8081536
v 1.4582901 1.5690054 -1.8081536
v 1.8322419 1.373126 -2.192281
v 1.8802792 1.4566221 -2.192281
v 1.8801326 1.5529505 -2.192281
v 1.8318412 1.6363 -2.192281
v 1.7488924 1.3248348 -2.192281
v 1.7483451 1.6843373 -2.192281
v 1.6525639 1.3246882 -2.192281
v 1.6520164 1.6841906 -2.192281
v 1.5690681 1.3727252 -2.192281
v 1.5686669 1.6358993 -2.192281
v 1.5207766 1.4560746 -2.192281
v 1.52063 1.5524032 -2.192281
v -4.6212664 10.195951 -1.9502243
v -4.372409 10.195951 -2.0258727
v -4.1462483 10.195951 -1.8918262
v -4.7470446 10.195951 -1.7091944
v -4.0752664 10.195951 -1.6266071
v -4.6760626 10.195951 -1.4439758
v -4.2010436 10.195951 -1.3855773
v -4.4499016 10.195951 -1.3099289
v -4.1906824 4.1868515 2.073366
v -4.189726 4.092072 1.8916186
v -4.182016 4.1455607 1.6918135
v -4.1720676 4.3159823 1.5909932
v -4.1843243 4.3743777 2.13059
v -4.1657095 4.5035095 1.648217
v -4.1743774 4.5448008 2.0297697
v -4.166666 4.598289 1.8299644
v -2.44571 4.7552967 2.1227455
v -4.0500245 4.6162167 2.3372538
v -4.0500245 4.7552967 2.1227455
v -2.44571 4.6162167 2.3372538
v -0.8413954 4.7552967 2.1227455
v -0.84139514 4.6162167 2.3372538
v 0.76291937 4.7552967 2.1227455
v 0.76291937 4.6162167 2.3372538
v 2.367234 4.7552967 2.1227455
v 2.367234 4.6162167 2.3372538
v -2.44571 4.6162167 2.3372538
v -4.0500245 3.935615 2.426106
v -4.0500245 4.6162167 2.3372538
v -2.44571 3.5417006 2.426106
v -0.8413954 3.4194515 2.426106
v -0.84139514 4.6162167 2.3372538
v 0.76291937 3.5417006 2.426106
v 0.76291937 4.6162167 2.3372538
v 2.367234 3.935615 2.426106
v 2.367234 4.6162167 2.3372538
v 0.76291937 4.7552967 2.1227455
v 2.367234 4.7552967 -2.0068145
v 2.367234 4.7552967 2.1227455
v 0.76291937 4.7552967 -2.0068145
v -0.8413954 4.7552967 2.1227455
v -0.84139514 4.7552967 -2.0068145
v -2.44571 4.7552967 2.1227455
v -2.44571 4.7552967 -2.0068145
v -4.0500245 4.7552967 2.1227455
v -4.0500245 4.7552967 -2.0068145
v 0.76291937 4.7552967 -2.0068145
v 2.367234 4.6162167 -2.245073
v 2.367234 4.7552967 -2.0068145
v 0.76291937 4.6162167 -2.245073
v -0.84139514 4.7552967 -2.0068145
v -0.84139514 4.6162167 -2.245073
v -2.44571 4.7552967 -2.0068145
v -2.44571 4.6162167 -2.245073
v -4.0500245 4.7552967 -2.0068145
v -4.0500245 4.6162167 -2.245073
v 0.76291937 4.6162167 -2.245073
v 2.367234 4.280448 -2.2931566
v 2.367234 4.6162167 -2.245073
v 0.76291937 4.280448 -2.2931566
v -0.84139514 4.6162167 -2.245073
v 0.76291937 3.5417006 -2.2931566
v -0.84139514 4.280448 -2.2931566
v -2.44571 4.6162167 -2.245073
v -0.84139514 3.4194512 -2.2931566
v -2.44571 4.280448 -2.2931566
v -4.0500245 4.6162167 -2.245073
v -2.44571 3.5417006 -2.2931566
v -4.0500245 4.280448 -2.2931566
v -4.1775327 4.1868515 -1.599204
v -4.187216 4.092072 -1.7806956
v -4.191213 4.1455607 -1.9806097
v -4.187183 4.3159823 -2.0818393
v -4.1678348 4.3743777 -1.5424502
v -4.1774864 4.5035095 -2.0250857
v -4.1638064 4.5448008 -1.6436801
v -4.167804 4.598289 -1.843594
v -4.6212664 5.4878063 1.3945156
v -4.372409 5.4878063 1.3188673
v -4.1462483 5.4878063 1.4529138
v -4.7470446 5.4878063 1.6355453
v -4.0752664 5.4878063 1.7181327
v -4.6760626 5.4878063 1.9007641
v -4.2010436 5.4878063 1.9591624
v -4.4499016 5.4878063 2.034811
v -0.59609 2.5980163 1.7980777
v -0.83140403 2.5980163 2.840331
v -0.7801607 3.049804 2.8712544
v -0.5356541 3.049804 1.8282489
v -3.7507567 2.5980163 1.7980777
v -3.8111925 3.049804 1.8282489
v -3.5154424 2.5980163 2.8403313
v -3.5666857 3.049804 2.8712544
v -3.3568072 2.5980163 3.0145004
v -3.4067204 3.049804 3.0446718
v -0.9401266 3.049804 3.0446718
v -0.9900395 2.5980163 3.0145004
v -3.5666857 3.049804 2.8712544
v -3.8111925 3.049804 1.8282489
v -0.5356541 3.049804 1.8282489
v -0.7801607 3.049804 2.8712544
v -3.4067204 3.049804 3.0446718
v -0.9401266 3.049804 3.0446718
v -0.9401266 3.049804 3.0446718
v -0.7801607 3.049804 2.8712544
v -0.83140403 2.5980163 2.840331
v -0.9900395 2.5980163 3.0145004
v -3.3568072 2.5980163 3.0145004
v -3.5154424 2.5980163 2.8403313
v -3.5666857 3.049804 2.8712544
v -3.4067204 3.049804 3.0446718
v -0.83140403 2.5980163 2.840331
v -0.59609 2.5980163 1.7980777
v -3.7507567 2.5980163 1.7980777
v -3.5154424 2.5980163 2.8403313
v -0.9900395 2.5980163 3.0145004
v -3.3568072 2.5980163 3.0145004
v 1.8021885 10.195951 -1.9502243
v 2.0510464 10.195951 -2.0258727
v 2.2772074 10.195951 -1.8918258
v 1.6764112 10.195951 -1.7091947
v 2.348189 10.195951 -1.6266072
v 1.747393 10.195951 -1.4439754
v 2.2224114 10.195951 -1.3855773
v 1.9735535 10.195951 -1.3099291
v 2.65107 9.097984 -1.8914313
v 2.65107 9.027003 -1.6262127
v 2.65107 9.152781 -1.3851827
v 2.65107 9.324146 -2.0254784
v 2.65107 9.401638 -1.3095345
v 2.65107 9.573003 -1.9498298
v 2.65107 9.627799 -1.4435811
v 2.65107 9.698781 -1.7088002
v -5.002991 9.573003 -1.9498298
v 2.65107 9.573003 -1.9498298
v 2.65107 9.698781 -1.7088002
v -5.002991 9.698781 -1.7088002
v -5.002991 9.698781 -1.7088002
v 2.65107 9.698781 -1.7088002
v 2.65107 9.627799 -1.4435811
v -5.0029917 9.627799 -1.4435811
v -5.0029917 9.627799 -1.4435811
v 2.65107 9.627799 -1.4435811
v 2.65107 9.401638 -1.3095345
v -5.0029917 9.401638 -1.3095345
v 2.65107 9.152781 -1.3851827
v -5.002991 9.152781 -1.3851827
v 2.65107 9.027003 -1.6262127
v -5.0029917 9.027003 -1.6262127
v 2.65107 9.097984 -1.8914313
v -5.0029917 9.097984 -1.8914313
v 2.65107 9.324146 -2.0254784
v -5.0029917 9.324146 -2.0254784
v 2.65107 9.573003 -1.9498298
v -5.002991 9.573003 -1.9498298
v -0.33471087 8.672404 2.1308556
v -1.3480799 8.672404 2.1308556
v -1.3480799 8.821553 1.0167537
v -0.3347108 8.821553 1.0167537
v -1.3480798 9.065403 -0.5208859
v -0.33471072 9.065403 -0.5208859
v -1.3480798 9.423015 -1.6967028
v -0.3347106 9.423015 -1.6967028
v -2.3271625 8.672404 2.1308556
v -3.3405316 8.672404 2.1308556
v -3.3405316 8.821493 1.0182401
v -2.3271625 8.821534 1.0172362
v -3.3405316 9.065723 -0.52204174
v -2.3271625 9.065507 -0.5212612
v -3.3405316 9.423015 -1.6967028
v -2.3271625 9.423015 -1.6967028
v -2.3271625 8.672404 2.1308556
v -1.3480799 8.821553 1.0167537
v -1.3480799 8.672404 2.1308556
v -2.3271625 8.821534 1.0172362
v -2.3271625 9.065507 -0.5212612
v -1.3480798 9.065403 -0.5208859
v -1.3480798 9.423015 -1.6967028
v -2.3271625 9.423015 -1.6967028
v -4.050024 8.821427 1.0198454
v -4.050024 8.672404 2.1308558
v -4.050024 8.457852 1.948171
v -4.050024 8.591948 0.9432279
v -3.3405316 8.591993 0.94078326
v -3.3405316 8.457852 1.948171
v -3.3405316 8.844448 -0.5967392
v -4.050024 8.844589 -0.59719014
v -4.050024 9.0660715 -0.5232901
v -3.3405316 9.177332 -1.6967022
v -4.050024 9.423015 -1.6967028
v -4.050024 9.177332 -1.6967024
v 0.64437187 9.423015 -1.6967028
v 1.6577411 9.423015 -1.6967028
v 1.6577411 9.065723 -0.52204174
v 0.64437187 9.065507 -0.5212612
v 1.6577411 8.821493 1.0182401
v 0.64437187 8.821534 1.0172362
v 1.6577411 8.672404 2.1308556
v 0.64437187 8.672404 2.1308556
v -0.33471072 9.065403 -0.5208859
v -0.3347106 9.423015 -1.6967028
v 0.64437187 9.423015 -1.6967028
v 0.64437187 9.065507 -0.5212612
v 0.64437187 8.821534 1.0172362
v -0.3347108 8.821553 1.0167537
v -0.33471087 8.672404 2.1308556
v 0.64437187 8.672404 2.1308556
v 2.3672338 9.0660715 -0.5232901
v 2.3672338 9.423015 -1.6967028
v 2.3672338 9.177332 -1.6967024
v 2.3672338 8.844589 -0.59719014
v 1.6577411 8.844448 -0.5967392
v 1.6577411 9.177332 -1.6967022
v 1.6577411 8.591993 0.94078326
v 2.3672338 8.591948 0.9432279
v 2.3672338 8.821427 1.0198454
v 1.6577411 8.457852 1.948171
v 2.3672338 8.672404 2.1308558
v 2.3672338 8.457852 1.948171
v -2.3271625 8.672404 2.1308556
v -1.3480799 8.672404 2.1308556
v -1.3480799 8.368166 2.2864869
v -1.5541562 8.22044 2.3620546
v -1.8376211 8.188249 2.3785226
v -2.1210861 8.22044 2.3620546
v -2.3271625 8.368166 2.2864869
v -3.3405316 8.672404 2.1308556
v -2.3271625 8.672404 2.1308556
v -2.3271625 8.368166 2.2864869
v -2.5332386 8.22044 2.3620546
v -2.833847 8.188249 2.3785226
v -3.1344552 8.22044 2.3620546
v -3.3405316 8.368166 2.2864869
v -1.3480799 8.672404 2.1308556
v -0.33471087 8.672404 2.1308556
v -0.33471087 8.368166 2.2864869
v -0.5407871 8.22044 2.3620546
v -0.8413954 8.188249 2.3785226
v -1.1420037 8.22044 2.3620546
v -1.3480799 8.368166 2.2864869
v -4.050024 8.672404 2.1308558
v -3.3405316 8.672404 2.1308556
v -3.3405316 8.368166 2.2864869
v -3.546608 8.22044 2.3620546
v -4.050024 8.22044 2.3620546
v -0.33471087 8.672404 2.1308556
v 0.64437187 8.672404 2.1308556
v 0.64437187 8.368166 2.2864869
v 0.43829542 8.22044 2.3620546
v 0.15483034 8.188249 2.3785226
v -0.12863462 8.22044 2.3620546
v -0.33471087 8.368166 2.2864869
v 1.6577411 8.672404 2.1308556
v 2.3672338 8.672404 2.1308558
v 2.3672338 8.22044 2.3620546
v 1.8638175 8.22044 2.3620546
v 1.6577411 8.368166 2.2864869
v 0.64437187 8.672404 2.1308556
v 1.6577411 8.672404 2.1308556
v 1.6577411 8.368166 2.2864869
v 1.4516647 8.22044 2.3620546
v 1.1510565 8.188249 2.3785226
v 0.8504481 8.22044 2.3620546
v 0.64437187 8.368166 2.2864869
v -0.33471087 8.457852 1.948171
v -1.3480799 8.592036 0.9385198
v -1.3480799 8.457852 1.948171
v -0.3347108 8.592036 0.9385198
v -0.33471072 8.8443165 -0.5963215
v -1.3480798 8.8443165 -0.5963215
v -1.3480798 9.177332 -1.6967022
v -0.3347106 9.177332 -1.6967022
v -2.3271625 8.457852 1.948171
v -3.3405316 8.591993 0.94078326
v -3.3405316 8.457852 1.948171
v -2.3271625 8.592022 0.93925476
v -2.3271625 8.844359 -0.5964571
v -3.3405316 8.844448 -0.5967392
v -3.3405316 9.177332 -1.6967022
v -2.3271625 9.177332 -1.6967022
v -2.3271625 8.457852 1.948171
v -1.3480799 8.457852 1.948171
v -1.3480799 8.592036 0.9385198
v -2.3271625 8.592022 0.93925476
v -1.3480798 8.8443165 -0.5963215
v -2.3271625 8.844359 -0.5964571
v -1.3480798 9.177332 -1.6967022
v -2.3271625 9.177332 -1.6967022
v 0.64437187 9.177332 -1.6967022
v 1.6577411 8.844448 -0.5967392
v 1.6577411 9.177332 -1.6967022
v 0.64437187 8.844359 -0.5964571
v 0.64437187 8.592022 0.93925476
v 1.6577411 8.591993 0.94078326
v 1.6577411 8.457852 1.948171
v 0.64437187 8.457852 1.948171
v -0.33471072 8.8443165 -0.5963215
v 0.64437187 9.177332 -1.6967022
v -0.3347106 9.177332 -1.6967022
v 0.64437187 8.844359 -0.5964571
v -0.3347108 8.592036 0.9385198
v 0.64437187 8.592022 0.93925476
v -0.33471087 8.457852 1.948171
v 0.64437187 8.457852 1.948171
v -3.546608 8.22044 2.3620546
v -3.3405316 8.368166 2.2864869
v -3.3405316 8.153613 2.1038024
v -3.546608 8.005887 2.1793704
v -3.3405316 8.457852 1.948171
v -4.050024 8.22044 2.3620546
v -4.050024 8.457852 1.948171
v -4.050024 8.005887 2.1793704
v -4.050024 8.672404 2.1308558
v 2.3672338 8.22044 2.3620546
v 2.3672338 8.672404 2.1308558
v 2.3672338 8.457852 1.948171
v 2.3672338 8.005887 2.1793704
v 1.8638175 8.22044 2.3620546
v 1.8638175 8.005887 2.1793704
v 1.6577411 8.457852 1.948171
v 1.6577411 8.368166 2.2864869
v 1.6577411 8.153613 2.1038024
v 1.4516647 8.22044 2.3620546
v 1.6577411 8.368166 2.2864869
v 1.6577411 8.153613 2.1038024
v 1.4516647 8.005887 2.1793704
v 1.6577411 8.457852 1.948171
v 1.1510565 8.188249 2.3785226
v 0.64437187 8.457852 1.948171
v 1.1510565 7.973694 2.1958382
v 0.8504481 8.22044 2.3620546
v 0.8504481 8.005887 2.1793704
v 0.64437187 8.153613 2.1038024
v 0.64437187 8.368166 2.2864869
v -4.050024 9.0660715 -0.5232901
v -4.050024 9.423015 -1.6967028
v -3.3405316 9.423015 -1.6967028
v -3.3405316 9.065723 -0.52204174
v -3.3405316 8.821493 1.0182401
v -4.050024 8.821427 1.0198454
v -4.050024 8.672404 2.1308558
v -3.3405316 8.672404 2.1308556
v 1.6577411 8.672404 2.1308556
v 2.3672338 8.821427 1.0198454
v 2.3672338 8.672404 2.1308558
v 1.6577411 8.821493 1.0182401
v 1.6577411 9.065723 -0.52204174
v 2.3672338 9.0660715 -0.5232901
v 2.3672338 9.423015 -1.6967028
v 1.6577411 9.423015 -1.6967028
v 0.43829542 8.22044 2.3620546
v 0.64437187 8.368166 2.2864869
v 0.64437187 8.153613 2.1038024
v 0.43829542 8.005887 2.1793704
v 0.64437187 8.457852 1.948171
v 0.15483034 8.188249 2.3785226
v -0.33471087 8.457852 1.948171
v 0.15483034 7.973694 2.1958382
v -0.12863462 8.22044 2.3620546
v -0.12863462 8.005887 2.1793704
v -0.33471087 8.153613 2.1038024
v -0.33471087 8.368166 2.2864869
v -0.5407871 8.22044 2.3620546
v -0.33471087 8.368166 2.2864869
v -0.33471087 8.153613 2.1038024
v -0.5407871 8.005887 2.1793704
v -0.33471087 8.457852 1.948171
v -0.8413954 8.188249 2.3785226
v -1.3480799 8.457852 1.948171
v -0.8413954 7.973694 2.1958382
v -1.1420037 8.22044 2.3620546
v -1.1420037 8.005887 2.1793704
v -1.3480799 8.153613 2.1038024
v -1.3480799 8.368166 2.2864869
v -1.5541562 8.22044 2.3620546
v -1.3480799 8.368166 2.2864869
v -1.3480799 8.153613 2.1038024
v -1.5541562 8.005887 2.1793704
v -1.3480799 8.457852 1.948171
v -1.8376211 8.188249 2.3785226
v -2.3271625 8.457852 1.948171
v -1.8376211 7.973694 2.1958382
v -2.1210861 8.22044 2.3620546
v -2.1210861 8.005887 2.1793704
v -2.3271625 8.153613 2.1038024
v -2.3271625 8.368166 2.2864869
v -2.5332386 8.22044 2.3620546
v -2.3271625 8.368166 2.2864869
v -2.3271625 8.153613 2.1038024
v -2.5332386 8.005887 2.1793704
v -2.3271625 8.457852 1.948171
v -2.833847 8.188249 2.3785226
v -3.3405316 8.457852 1.948171
v -2.833847 7.973694 2.1958382
v -3.1344552 8.22044 2.3620546
v -3.1344552 8.005887 2.1793704
v -3.3405316 8.153613 2.1038024
v -3.3405316 8.368166 2.2864869
v 2.367234 4.280448 -2.2931566
v 2.367234 3.935615 2.426106
v 2.367234 4.6162167 2.3372538
v 2.367234 4.6162167 -2.245073
v 2.367234 4.7552967 -2.0068145
v 2.367234 4.7552967 2.1227455
v -4.0500245 4.6162167 2.3372538
v -4.0500245 3.935615 2.426106
v -4.0500245 4.280448 -2.2931566
v -4.0500245 4.6162167 -2.245073
v -4.0500245 4.7552967 2.1227455
v -4.0500245 4.7552967 -2.0068145
v 1.9424211 1.5697427 -2.0374725
v 1.9426187 1.4400201 -2.0374725
v 1.8779284 1.3275783 -2.0374725
v 1.8773887 1.6819869 -2.0374725
v 1.7656841 1.2625458 -2.0374725
v 1.7649468 1.7466774 -2.0374725
v 1.6359614 1.2623482 -2.0374725
v 1.635224 1.7464797 -2.0374725
v 1.5235195 1.3270383 -2.0374725
v 1.5229795 1.6814473 -2.0374725
v 1.4584872 1.4392828 -2.0374725
v 1.4582896 1.5690054 -2.0374725
v 1.7770785 1.79223 -2.4215999
v 1.7649468 1.7466774 -2.0374725
v 1.635224 1.7464797 -2.0374725
v 1.6229539 1.7919955 -2.4215999
v 1.6229539 1.7919955 -2.4215999
v 1.635224 1.7464797 -2.0374725
v 1.5229795 1.6814473 -2.0374725
v 1.4895954 1.7147298 -2.4215999
v 1.4582896 1.5690054 -2.0374725
v 1.4127368 1.581137 -2.4215999
v 1.4584872 1.4392828 -2.0374725
v 1.4129715 1.4270126 -2.4215999
v 1.5235195 1.3270383 -2.0374725
v 1.4902371 1.2936542 -2.4215999
v 1.6359614 1.2623482 -2.0374725
v 1.6238297 1.2167953 -2.4215999
v 1.7656841 1.2625458 -2.0374725
v 1.7779543 1.21703 -2.4215999
v 1.8779284 1.3275783 -2.0374725
v 1.9113125 1.2942954 -2.4215999
v 1.9426187 1.4400201 -2.0374725
v 1.9881717 1.4278883 -2.4215999
v 1.9424211 1.5697427 -2.0374725
v 1.9879369 1.5820129 -2.4215999
v 1.8773887 1.6819869 -2.0374725
v 1.9106712 1.715371 -2.4215999
v 1.7649468 1.7466774 -2.0374725
v 1.7770785 1.79223 -2.4215999
v 1.8322414 1.373126 -2.4215999
v 1.8802787 1.4566221 -2.4215999
v 1.8801321 1.5529505 -2.4215999
v 1.8318408 1.6363 -2.4215999
v 1.7488921 1.3248348 -2.4215999
v 1.7483447 1.6843373 -2.4215999
v 1.6525635 1.3246882 -2.4215999
v 1.6520159 1.6841906 -2.4215999
v 1.5690675 1.3727252 -2.4215999
v 1.5686665 1.6358993 -2.4215999
v 1.5207762 1.4560746 -2.4215999
v 1.5206295 1.5524032 -2.4215999
v -5.002991 9.152781 -1.3851827
v -5.0029917 9.027003 -1.6262127
v -5.0029917 9.097984 -1.8914313
v -5.0029917 9.324146 -2.0254784
v -5.0029917 9.401638 -1.3095345
v -5.002991 9.573003 -1.9498298
v -5.0029917 9.627799 -1.4435811
v -5.002991 9.698781 -1.7088002
v 4.9768996 0.916601 1.1954515
v 5.5499015 0.916601 1.1945788
v 6.046572 0.916601 1.4803239
v 4.4811015 0.916601 1.4827085
v 6.3338304 0.916601 1.9761223
v 4.1953564 0.916601 1.9793795
v 6.3347025 0.916601 2.5491242
v 4.196229 0.916601 2.5523815
v 6.048957 0.916601 3.0457952
v 4.483486 0.916601 3.0481791
v 5.553159 0.916601 3.3330524
v 4.980157 0.916601 3.3339248
v 4.8799562 0.5977299 0.8358474
v 5.6457486 0.5977299 0.8346808
v 6.3095274 0.5977299 1.2165669
v 4.2173433 0.5977299 1.2197533
v 6.6934357 0.5977299 1.8791795
v 3.8354573 0.5977299 1.883533
v 6.694601 0.5977299 2.644972
v 3.8366237 0.5977299 2.6493256
v 6.312714 0.5977299 3.3087518
v 4.22053 0.5977299 3.3119376
v 5.6501017 0.5977299 3.692658
v 4.88431 0.5977299 3.693824
v 5.372963 1.8277007 -1.9928629
v 5.9459653 1.8277007 -1.9937358
v 6.442636 1.8277007 -1.7079906
v 4.8771653 1.8277007 -1.705606
v 6.7298937 1.8277007 -1.2121923
v 4.59142 1.8277007 -1.2089351
v 6.7307663 1.8277007 -0.6391903
v 4.592293 1.8277007 -0.635933
v 6.4450207 1.8277007 -0.14251928
v 4.87955 1.8277007 -0.14013527
v 5.949223 1.8277007 0.14473772
v 5.3762207 1.8277007 0.14561044
v 5.2760196 1.0240804 -2.3524673
v 6.0418124 1.0240804 -2.3536339
v 6.705591 1.0240804 -1.9717478
v 4.6134067 1.0240804 -1.9685612
v 7.0894995 1.0240804 -1.3091351
v 4.231521 1.0240804 -1.3047817
v 7.0906653 1.0240804 -0.5433426
v 4.2326875 1.0240804 -0.53898907
v 6.708778 1.0240804 0.12043713
v 4.616594 1.0240804 0.1236229
v 6.0461655 1.0240804 0.5043436
v 5.2803736 1.0240804 0.5055096
v 8.402853 1.2193973 -2.685975
v 8.975854 1.2193973 -2.6868477
v 9.472526 1.2193973 -2.4011028
v 7.9070544 1.2193973 -2.398718
v 9.759783 1.2193973 -1.9053043
v 7.621309 1.2193973 -1.9020469
v 9.760655 1.2193973 -1.3323023
v 7.622182 1.2193973 -1.3290449
v 9.47491 1.2193973 -0.83563113
v 7.909438 1.2193973 -0.8332472
v 8.979112 1.2193973 -0.5483742
v 8.40611 1.2193973 -0.5475015
v 8.305909 0.7099233 -3.0455792
v 9.071702 0.7099233 -3.0467458
v 9.73548 0.7099233 -2.6648595
v 7.643296 0.7099233 -2.6616733
v 10.119389 0.7099233 -2.002247
v 7.26141 0.7099233 -1.9978935
v 10.120554 0.7099233 -1.2364545
v 7.262576 0.7099233 -1.232101
v 9.7386675 0.7099233 -0.57267475
v 7.646483 0.7099233 -0.56948894
v 9.076055 0.7099233 -0.18876828
v 8.310263 0.7099233 -0.18760231
v 8.451882 4.0407534 -1.4478972
v 8.625904 4.011205 -1.362536
v 8.681339 3.9762776 -1.3045568
v 8.437957 4.0551414 -1.4712383
v 8.301171 4.0488715 -1.629424
v 8.304347 4.0551753 -1.6307896
v 9.291594 3.9866295 -1.6801434
v 9.284583 4.0237613 -1.7283037
v 9.273978 4.0963354 -1.9329025
v 9.288935 4.082211 -1.9103634
v 9.204963 4.104996 -2.124985
v 9.209105 4.0993156 -2.127673
v 8.224749 4.038689 -1.8558867
v 8.304347 4.0551753 -1.6307896
v 8.301171 4.0488715 -1.629424
v 8.238916 4.053231 -1.831595
v 8.229332 3.9758358 -2.1159968
v 8.241231 3.9981503 -2.0775578
v 8.494568 3.9613137 -2.392636
v 8.508637 3.9887419 -2.3661768
v 8.863566 3.9904232 -2.458269
v 8.886044 4.0143676 -2.4259224
v 9.066408 4.080846 -2.3140385
v 9.076534 4.0949693 -2.287405
v 9.209105 4.0993156 -2.127673
v 9.204963 4.104996 -2.124985
v 9.204963 4.104996 -2.124985
v 9.373274 4.0907845 -2.189128
v 9.220634 4.077151 -2.3655612
v 9.076534 4.0949693 -2.287405
v 8.991662 3.9658642 -2.5004525
v 8.886044 4.0143676 -2.4259224
v 8.497398 3.9298928 -2.3845804
v 8.508637 3.9887419 -2.3661768
v 8.1308775 3.9320357 -2.0347416
v 8.241231 3.9981503 -2.0775578
v 8.104279 4.00408 -1.7563384
v 8.238916 4.053231 -1.831595
v 8.16818 4.00523 -1.5269368
v 8.304347 4.0551753 -1.6307896
v 9.284583 4.0237613 -1.7283037
v 9.425406 3.966524 -1.7284602
v 9.443548 4.0778937 -1.9724562
v 9.273978 4.0963354 -1.9329025
v 9.373274 4.0907845 -2.189128
v 9.204963 4.104996 -2.124985
v 8.304347 4.0551753 -1.6307896
v 8.16818 4.00523 -1.5269368
v 8.322453 4.0060797 -1.3535228
v 8.437957 4.0551414 -1.4712383
v 8.558708 3.9423752 -1.2473747
v 8.625904 4.011205 -1.362536
v 8.446689 4.02326 -1.5331831
v 8.618258 3.9714835 -1.4598988
v 8.61089 4.045701 -1.4558405
v 8.434023 4.0963035 -1.5262072
v 8.332244 4.0245357 -1.6568708
v 8.318551 4.0972652 -1.6493299
v 9.210354 3.979179 -1.7884352
v 9.222863 4.1329837 -1.9613402
v 9.210354 4.0549316 -1.7884352
v 9.222968 4.05725 -1.9614314
v 9.1737385 4.142139 -2.1184652
v 9.174026 4.066437 -2.1187103
v 8.286163 4.0220585 -1.8225403
v 8.332244 4.0245357 -1.6568708
v 8.318551 4.0972652 -1.6493299
v 8.27308 4.09501 -1.8153347
v 8.3051605 3.9675615 -2.0203369
v 8.294889 4.0411744 -2.0146801
v 8.565135 3.955024 -2.2637594
v 8.565135 4.030777 -2.2637594
v 8.904052 3.979179 -2.3445687
v 8.904052 4.0549316 -2.344568
v 9.064558 4.0564256 -2.246802
v 9.064327 4.132138 -2.2466042
v 9.174026 4.066437 -2.1187103
v 9.1737385 4.142139 -2.1184652
v 9.1737385 4.142139 -2.1184652
v 9.215091 4.123924 -2.3750567
v 9.374066 4.138825 -2.189163
v 9.064327 4.132138 -2.2466042
v 8.982106 4.0102234 -2.5163405
v 8.904052 4.0549316 -2.344568
v 8.489781 3.975135 -2.3989544
v 8.565135 4.030777 -2.2637594
v 8.116959 3.9753842 -2.0480072
v 8.294889 4.0411744 -2.0146801
v 8.091242 4.049232 -1.7617162
v 8.27308 4.09501 -1.8153347
v 8.159166 4.051267 -1.5216022
v 8.318551 4.0972652 -1.6493299
v 9.210354 4.0549316 -1.7884352
v 9.445298 4.12432 -1.960122
v 9.427052 4.0102234 -1.7084811
v 9.222863 4.1329837 -1.9613402
v 9.374066 4.138825 -2.189163
v 9.1737385 4.142139 -2.1184652
v 8.318551 4.0972652 -1.6493299
v 8.324194 4.051735 -1.3412565
v 8.159166 4.051267 -1.5216022
v 8.434023 4.0963035 -1.5262072
v 8.570415 3.986157 -1.2331437
v 8.61089 4.045701 -1.4558405
v 8.625904 4.011205 -1.362536
v 8.61089 4.045701 -1.4558405
v 8.618258 3.9714835 -1.4598988
v 8.681339 3.9762776 -1.3045568
v 9.291594 3.9866295 -1.6801434
v 9.210354 3.979179 -1.7884352
v 9.210354 4.0549316 -1.7884352
v 9.284583 4.0237613 -1.7283037
v 9.373274 4.0907845 -2.189128
v 9.374066 4.138825 -2.189163
v 9.215091 4.123924 -2.3750567
v 9.220634 4.077151 -2.3655612
v 8.982106 4.0102234 -2.5163405
v 8.991662 3.9658642 -2.5004525
v 8.489781 3.975135 -2.3989544
v 8.497398 3.9298928 -2.3845804
v 8.116959 3.9753842 -2.0480072
v 8.1308775 3.9320357 -2.0347416
v 8.091242 4.049232 -1.7617162
v 8.104279 4.00408 -1.7563384
v 8.159166 4.051267 -1.5216022
v 8.16818 4.00523 -1.5269368
v 8.16818 4.00523 -1.5269368
v 8.159166 4.051267 -1.5216022
v 8.324194 4.051735 -1.3412565
v 8.322453 4.0060797 -1.3535228
v 8.570415 3.986157 -1.2331437
v 8.558708 3.9423752 -1.2473747
v 8.61089 4.045701 -1.4558405
v 8.625904 4.011205 -1.362536
v 9.443548 4.0778937 -1.9724562
v 9.374066 4.138825 -2.189163
v 9.373274 4.0907845 -2.189128
v 9.445298 4.12432 -1.960122
v 9.425406 3.966524 -1.7284602
v 9.427052 4.0102234 -1.7084811
v 9.284583 4.0237613 -1.7283037
v 9.210354 4.0549316 -1.7884352
v 5.330401 2.6186724 2.6090927
v 5.356745 2.773184 2.5956163
v 5.3897185 2.8015969 2.5972514
v 5.4749894 2.6275725 2.6307964
v 5.3951035 3.006801 2.5732143
v 5.3905473 2.847714 2.5937035
v 5.3701196 2.866314 2.586921
v 5.172109 2.9948556 2.569944
v 5.351969 2.8778453 2.588446
v 5.3856144 3.1207602 2.595917
v 5.3044896 2.8540716 2.5844164
v 5.337409 3.0996552 2.591238
v 5.288887 3.1251822 2.5924315
v 5.300878 2.795726 2.5952585
v 5.1669755 2.6216412 2.5941832
v 5.2332964 2.1063826 2.754226
v 5.469328 2.1268647 2.7585611
v 5.1388264 2.1027606 2.7328975
v 5.044512 2.1059399 2.7140176
v 5.0131583 2.6166239 2.5459223
v 4.83197 2.1266038 2.6283684
v 4.8747034 2.624891 2.5103471
v 4.9978366 2.7746654 2.5233462
v 4.9751062 2.7915137 2.5159843
v 5.0571265 2.7853289 2.539473
v 5.0576468 2.8450844 2.534057
v 4.967906 3.0050058 2.4861288
v 5.0157905 2.8700938 2.5167215
v 4.9897327 2.8567367 2.5113058
v 4.9751763 2.8467777 2.5093818
v 4.9751062 2.7915137 2.5159843
v 4.8747034 2.624891 2.5103471
v 4.870977 3.0124776 2.4559891
v 5.0570483 3.120305 2.5437224
v 5.0127363 3.1004078 2.5230472
v 4.964498 3.1218352 2.5083563
v 5.162492 3.3213308 2.621772
v 5.2878675 3.181302 2.5995417
v 5.054584 3.1829982 2.5534785
v 4.9127817 3.32564 2.5205493
v 5.0074024 3.2062306 2.5393834
v 4.9618797 3.1836128 2.5172338
v 4.967906 3.0050058 2.4861288
v 4.8450127 3.3286815 2.494962
v 4.8256655 3.6478832 2.4865298
v 4.87914 3.5601473 2.5160213
v 5.159492 3.5094008 2.638485
v 5.2075596 3.4696221 2.6366088
v 5.3315263 3.5387383 2.635447
v 5.287396 3.4027212 2.6310961
v 5.3191705 3.3745046 2.6287355
v 5.162492 3.3213308 2.621772
v 5.3474894 3.3241353 2.6244335
v 5.336137 3.207544 2.606266
v 5.2878675 3.181302 2.5995417
v 5.381376 3.1793659 2.6033132
v 5.4194956 3.1996627 2.6049275
v 5.3951035 3.006801 2.5732143
v 5.3856144 3.1207602 2.595917
v 5.498948 3.0142758 2.5856824
v 5.434484 3.3270764 2.6251493
v 5.4252 3.3259127 2.6249917
v 5.5065923 3.3316731 2.6290698
v 5.429969 3.4228103 2.62846
v 5.4695344 3.566373 2.6314588
v 5.5234666 3.6510177 2.6233459
v 5.7708488 3.7692974 2.1321814
v 5.621053 3.6669197 1.9100784
v 5.75376 3.6362813 1.9679347
v 5.685031 3.7674499 2.102387
v 5.756254 3.7907667 2.313287
v 5.69105 3.7869735 2.3003387
v 5.6869645 3.769706 2.483377
v 5.611368 3.763268 2.4834373
v 5.4649763 3.660965 2.6215525
v 5.5234666 3.6510177 2.6233459
v 5.3504205 2.7664359 2.5960689
v 5.356745 2.773184 2.5956163
v 5.330401 2.6186724 2.6090927
v 5.300878 2.795726 2.5952585
v 5.4749894 2.6275725 2.6307964
v 5.7257447 2.1327116 2.7475922
v 5.469328 2.1268647 2.7585611
v 5.6655045 2.6355724 2.6208227
v 5.498948 3.0142758 2.5856824
v 5.65418 3.0584548 2.5963466
v 5.5065923 3.3316731 2.6290698
v 5.843183 2.631401 2.5194402
v 5.947176 2.1346035 2.607285
v 5.943733 2.6267922 2.3433063
v 6.0668054 2.1347897 2.3744156
v 5.663565 3.3446264 2.6488745
v 5.5234666 3.6510177 2.6233459
v 5.86846 2.9071474 2.511457
v 5.6509953 3.0413375 2.4781938
v 5.9229603 2.624923 2.1364543
v 6.0457354 2.1316726 2.115849
v 5.8975725 2.125021 1.9042335
v 5.976232 2.8789227 2.334803
v 5.8109007 2.621145 1.9564002
v 5.663465 2.1149752 1.7955543
v 5.953836 2.909532 2.1229258
v 5.645078 2.6057694 1.8458204
v 5.4329453 2.0901227 1.7393636
v 5.69104 2.9699697 2.3017776
v 5.785788 3.0887232 1.9224982
v 5.4962125 2.5927725 1.7954998
v 5.338055 2.0906107 1.7244666
v 5.7306376 3.0342257 2.1170554
v 5.3358927 2.5939572 1.7446423
v 5.3521214 2.994009 1.6693078
v 5.245151 2.089271 1.7055192
v 5.171969 2.589692 1.7307566
v 5.0176992 2.1133769 1.6731138
v 5.5676036 3.0062597 1.7545108
v 5.689312 3.0147617 1.8210858
v 5.0192556 2.6008923 1.7161713
v 4.7654696 2.1227963 1.6855052
v 5.832507 3.3721306 1.9298956
v 5.7205687 3.360012 1.8713986
v 5.8864946 3.6217513 2.0156484
v 5.8415923 3.1723306 1.9848279
v 5.9524236 3.3723931 1.979142
v 5.9317923 2.940633 1.9996864
v 5.605025 3.3573632 1.8084631
v 5.8897886 2.755104 2.1511657
v 5.8887863 2.6848292 2.339435
v 6.293602 2.355278 2.4191978
v 6.2498913 2.4281535 2.1898613
v 5.75376 3.6362813 1.9679347
v 5.6172996 3.5308526 1.8644403
v 5.3393645 3.5002193 1.7323846
v 5.7708488 3.7692974 2.1321814
v 5.3459024 3.3551543 1.7009218
v 5.035444 3.536238 1.7451723
v 5.070124 3.3582823 1.6952057
v 4.8755403 3.636197 1.7901742
v 5.919009 3.7435603 2.1692793
v 6.196482 3.6023526 2.2312908
v 5.756254 3.7907667 2.313287
v 5.9268413 3.7549903 2.3469114
v 5.6869645 3.769706 2.483377
v 5.83442 3.7488198 2.5052278
v 5.1255875 3.003978 1.6594348
v 4.989301 3.012858 1.6691011
v 4.940158 3.3586462 1.7073542
v 4.8688955 3.0954866 1.7319552
v 4.8253427 2.6152675 1.7519174
v 4.653124 2.618607 1.8762846
v 4.550733 2.1295202 1.8239939
v 4.7170258 3.6167333 1.7887042
v 4.790019 3.7708235 1.9359695
v 4.5543156 2.620388 2.0625803
v 4.4340982 2.1334012 2.052948
v 4.4562864 2.1337633 2.311092
v 4.6146274 2.9108489 1.850469
v 4.729421 2.9681451 1.9335122
v 4.5804734 2.6268663 2.2662625
v 4.60526 2.1324263 2.5226107
v 4.5169077 2.876801 2.0376015
v 4.7940574 3.3668394 1.725978
v 4.590979 3.7334468 1.9077449
v 4.723393 3.7943642 2.1097713
v 4.70535 2.6323767 2.428222
v 4.715384 3.0517395 2.3977752
v 4.83197 2.1266038 2.6283684
v 4.8747034 2.624891 2.5103471
v 4.870977 3.0124776 2.4559891
v 4.547361 2.9078753 2.240295
v 4.6825547 2.9033442 2.1029983
v 4.488911 3.737391 2.0634854
v 4.726361 3.770001 2.2968473
v 4.6780696 3.3396099 2.4425597
v 4.8450127 3.3286815 2.494962
v 4.6162267 3.6063418 2.40731
v 4.8256655 3.6478832 2.4865298
v 4.669928 2.9743745 2.2740028
v 4.657062 3.1391916 2.3964815
v 4.5033484 3.3395803 2.4026837
v 4.391455 2.898307 2.3587468
v 4.3858247 2.7154987 2.2149165
v 4.5425406 3.7391982 2.2510612
v 4.22808 3.5630682 2.1734035
v 4.3585176 3.5183547 2.335961
v 4.1032653 3.2815459 2.284804
v 4.365677 2.6502516 2.0391908
v 3.952258 2.4673274 1.9576521
v 4.2734985 3.1166108 2.3735378
v 4.011852 2.518102 2.1663682
v 4.012537 2.68494 2.323326
v 3.8946633 2.9161487 2.3378477
v 3.7952251 2.60881 2.2607172
v 3.8850868 2.4978747 2.14005
v 3.850151 2.6199443 2.0559564
v 3.793852 2.6613054 2.1182902
v 3.7090142 2.7716863 2.119229
v 3.8833838 2.604521 1.9440717
v 3.675452 2.7813482 2.2668688
v 3.631407 2.890612 2.0726721
v 3.5700543 2.9538906 2.1952825
v 3.608554 2.9485686 1.9930317
v 3.9593353 2.4978747 1.7634008
v 3.8950992 2.6199443 1.8279454
v 4.086604 2.518101 1.7871641
v 3.9219909 2.6088104 1.6176579
v 3.8666687 2.6613054 1.7489088
v 3.741136 3.1068697 2.241896
v 3.5211623 3.0563397 2.0504131
v 3.6175115 2.9631155 1.8916601
v 3.5415273 3.094952 1.8766818
v 3.6476958 2.9485686 1.7944735
v 3.6035423 3.1541967 2.0650878
v 3.9666862 3.318655 2.116161
v 3.9279888 3.295228 1.9528656
v 4.1887574 3.5317593 2.0042791
v 4.0274796 3.3219028 1.8168288
v 4.287457 3.5611699 1.8626639
v 3.5886188 3.0563402 1.7082187
v 3.6990635 2.890612 1.7294642
v 3.670403 3.1541972 1.725908
v 3.688832 2.9538906 1.5927421
v 3.7885332 2.7716866 1.715843
v 4.2158055 3.282131 1.712499
v 4.4655685 3.5192533 1.7628787
v 4.616204 3.342543 1.7423242
v 3.8647988 3.106874 1.6145468
v 3.8135128 2.7813485 1.5665112
v 4.0432644 2.9161544 1.5840367
v 4.4046655 3.116961 1.6942422
v 4.509295 2.896827 1.7529945
v 4.714792 3.1301122 1.786902
v 4.1468134 2.6849425 1.6422081
v 4.4496655 2.7148192 1.8844029
v 4.790019 3.7708235 1.9359695
v 4.8755403 3.636197 1.7901742
v 5.0144167 3.6694286 1.7863579
v 4.8847857 3.7691054 1.9419236
v 4.723393 3.7943642 2.1097713
v 4.8006525 3.7901027 2.1245112
v 4.726361 3.770001 2.2968473
v 4.8034487 3.7643678 2.3259275
v 4.8256655 3.6478832 2.4865298
v 4.886333 3.6622314 2.509355
v 5.381376 3.1793659 2.6033132
v 5.3856144 3.1207602 2.595917
v 5.337409 3.0996552 2.591238
v 5.336137 3.207544 2.606266
v 5.288887 3.1251822 2.5924315
v 5.2878675 3.181302 2.5995417
v 5.054584 3.1829982 2.5534785
v 5.0570483 3.120305 2.5437224
v 5.0127363 3.1004078 2.5230472
v 5.0074024 3.2062306 2.5393834
v 4.964498 3.1218352 2.5083563
v 4.9618797 3.1836128 2.5172338
v 5.3504205 2.7664359 2.5960689
v 5.300878 2.795726 2.5952585
v 5.3044896 2.8540716 2.5844164
v 5.351969 2.8778453 2.588446
v 5.356745 2.773184 2.5956163
v 5.3701196 2.866314 2.586921
v 5.3905473 2.847714 2.5937035
v 5.3897185 2.8015969 2.5972514
v 4.9897327 2.8567367 2.5113058
v 4.9751062 2.7915137 2.5159843
v 4.9751763 2.8467777 2.5093818
v 4.9978366 2.7746654 2.5233462
v 5.0112414 2.7641878 2.5288785
v 5.0157905 2.8700938 2.5167215
v 5.0571265 2.7853289 2.539473
v 5.0576468 2.8450844 2.534057
v 5.396054 3.7142947 2.5164628
v 5.748952 3.7881625 2.5747454
v 5.544925 3.6504653 2.7578304
v 5.5207877 3.8041744 2.3990407
v 5.8490357 3.7979357 2.3614583
v 5.58049 3.8144503 2.278013
v 5.845486 3.7844603 2.1268187
v 5.57719 3.806068 2.1400554
v 5.757833 3.6689315 1.8785294
v 5.5263867 3.7446628 2.0109024
v 5.3495884 3.6396353 1.6740077
v 5.3033175 3.7271526 1.9101368
v 4.9001117 3.6721218 1.7033591
v 5.0630527 3.7464507 1.9152514
v 4.7277613 3.7891238 1.9027244
v 4.971655 3.8070083 2.0186
v 4.631117 3.8039272 2.1208954
v 4.9125595 3.817285 2.1459193
v 4.6431828 3.791906 2.3582492
v 4.9210806 3.8059509 2.2814295
v 4.7614737 3.6533868 2.6059594
v 4.9904613 3.7160192 2.438335
v 5.044512 2.1059399 2.7140176
v 4.937646 2.107745 2.3920052
v 4.83197 2.1266038 2.6283684
v 5.117532 2.0890532 2.4627042
v 5.1388264 2.1027606 2.7328975
v 5.1911535 2.0898912 2.4757442
v 5.2332964 2.1063826 2.754226
v 5.264123 2.0888672 2.4938338
v 5.469328 2.1268647 2.7585611
v 5.4630747 2.1075704 2.499029
v 4.83197 2.1266038 2.6283684
v 4.937646 2.107745 2.3920052
v 4.774217 2.104313 2.3313475
v 4.60526 2.1324263 2.5226107
v 4.6808076 2.1037307 2.2212965
v 4.4562864 2.1337633 2.311092
v 4.663158 2.1033494 2.0975256
v 4.4340982 2.1334012 2.052948
v 4.7291365 2.1055255 1.9909519
v 4.550733 2.1295202 1.8239939
v 4.8585196 2.1082578 1.9278663
v 4.7654696 2.1227963 1.6855052
v 5.028766 2.1133587 1.9354371
v 5.0176992 2.1133769 1.6731138
v 5.216651 2.0969675 1.9619389
v 5.245151 2.089271 1.7055192
v 5.2889423 2.1011589 1.9792749
v 5.338055 2.0906107 1.7244666
v 5.3628297 2.096545 1.9883434
v 5.4329453 2.0901227 1.7393636
v 5.552758 2.1125681 2.0346482
v 5.663465 2.1149752 1.7955543
v 5.7191644 2.1075025 2.0937536
v 5.8975725 2.125021 1.9042335
v 5.817148 2.1051388 2.2034676
v 6.0457354 2.1316726 2.115849
v 5.8374176 2.1032844 2.329071
v 6.0668054 2.1347897 2.3744156
v 5.773192 2.1038427 2.4382868
v 5.947176 2.1346035 2.607285
v 5.6425633 2.1043227 2.505397
v 5.7257447 2.1327116 2.7475922
v 5.4630747 2.1075704 2.499029
v 5.469328 2.1268647 2.7585611
v 5.161524 3.6412835 2.6292946
v 5.4283323 3.6435955 2.4516647
v 5.4649763 3.660965 2.6215525
v 5.191414 3.6556463 2.4784045
v 4.886333 3.6622314 2.509355
v 4.9855256 3.6461678 2.3670864
v 5.5233164 3.640443 2.3627007
v 5.569774 3.6379013 2.2763648
v 4.931884 3.6426773 2.2464526
v 5.561428 3.6430385 2.1754708
v 4.921947 3.6396859 2.148229
v 5.5228434 3.5966048 2.0637228
v 4.971006 3.6434522 2.0568779
v 5.0454154 3.5979788 1.9656117
v 5.294837 3.5848467 1.9493986
v 5.4562726 3.6356943 2.5938518
v 5.396054 3.7142947 2.5164628
v 5.544925 3.6504653 2.7578304
v 5.576469 3.5357747 2.706102
v 5.748952 3.7881625 2.5747454
v 5.771215 3.6463988 2.544322
v 5.6578355 3.6691406 2.4357958
v 5.8490357 3.7979357 2.3614583
v 5.8452544 3.6524005 2.3596215
v 5.713874 3.675134 2.3070338
v 5.845486 3.7844603 2.1268187
v 5.8410935 3.6405306 2.158969
v 5.714232 3.6714947 2.1693401
v 5.757833 3.6689315 1.8785294
v 5.748028 3.5386684 1.9335616
v 5.6504374 3.6050909 1.9654368
v 5.3495884 3.6396353 1.6740077
v 5.338691 3.5034702 1.7251873
v 5.325776 3.5714712 1.7941891
v 4.9001117 3.6721218 1.7033591
v 4.8872156 3.5417743 1.7571044
v 4.963662 3.6076863 1.8271382
v 4.7277613 3.7891238 1.9027244
v 4.7174563 3.6443858 1.9336728
v 4.831858 3.6731386 1.9918989
v 4.631117 3.8039272 2.1208954
v 4.633342 3.6580935 2.120175
v 4.776992 3.677945 2.1220617
v 4.6431828 3.791906 2.3582492
v 4.633039 3.649886 2.3215466
v 4.7794394 3.6712189 2.2640405
v 4.7614737 3.6533868 2.6059594
v 4.7512655 3.5386386 2.5464482
v 4.904333 3.6366951 2.4869418
v 4.9904613 3.7160192 2.438335
v 5.4695344 3.566373 2.6314588
v 5.4649763 3.660965 2.6215525
v 5.5234666 3.6510177 2.6233459
v 5.3315263 3.5387383 2.635447
v 5.161524 3.6412835 2.6292946
v 5.159492 3.5094008 2.638485
v 4.87914 3.5601473 2.5160213
v 4.886333 3.6622314 2.509355
v 4.8256655 3.6478832 2.4865298
v 5.035444 3.536238 1.7451723
v 5.0144167 3.6694286 1.7863579
v 4.8755403 3.636197 1.7901742
v 5.3393645 3.5002193 1.7323846
v 5.332612 3.6384704 1.7655519
v 5.6172996 3.5308526 1.8644403
v 5.621053 3.6669197 1.9100784
v 5.75376 3.6362813 1.9679347
v 5.162492 3.3213308 2.621772
v 5.2075596 3.4696221 2.6366088
v 5.3315263 3.5387383 2.635447
v 5.287396 3.4027212 2.6310961
v 5.429969 3.4228103 2.62846
v 5.4252 3.3259127 2.6249917
v 5.3474894 3.3241353 2.6244335
v 5.4194956 3.1996627 2.6049275
v 5.3191705 3.3745046 2.6287355
v 5.140941 4.161281 -0.60863006
v 5.327677 4.1755686 -0.40423727
v 5.5181894 4.005634 -0.56776315
v 5.3210483 4.008283 -0.6788218
v 5.8965616 4.6545463 -2.023005
v 5.9048057 4.95685 -2.0683305
v 5.49185 4.95685 -2.0794492
v 5.5009394 4.654581 -2.0336695
v 6.5423217 4.6536736 -1.5603404
v 6.2887015 4.956849 -1.8950237
v 6.2643504 4.6542654 -1.856845
v 6.578985 4.9568486 -1.585807
v 6.694602 4.653225 -1.1816128
v 6.4235687 4.37279 -1.4796612
v 6.7383084 4.956848 -1.1901382
v 6.696176 5.2575946 -1.1819105
v 6.5433855 5.2575192 -1.5614474
v 6.5373526 4.3677797 -1.1509062
v 6.6959953 4.6532636 -0.9775487
v 6.3486776 4.155439 -1.1145566
v 6.547033 4.370212 -0.9778106
v 6.696033 4.6537786 -0.77340615
v 6.555693 4.3729005 -0.8034728
v 6.2629166 4.1583357 -1.3644128
v 6.1940074 4.3841667 -1.7451136
v 6.0912333 4.1718187 -1.571117
v 6.0098343 4.004337 -1.3310935
v 6.115885 4.009814 -1.236512
v 6.3486776 4.155439 -1.1145566
v 6.1491747 4.010102 -1.077063
v 5.8043523 4.001014 -1.3938844
v 5.8378696 4.187812 -1.6957297
v 6.1940074 4.3841667 -1.7451136
v 5.8729267 4.3883305 -1.8936114
v 5.5659056 4.191497 -1.7063149
v 5.6012473 4.0000644 -1.4099739
v 5.4333277 4.0004506 -1.3351307
v 5.526906 4.38828 -1.9028791
v 5.320065 4.1895742 -1.5962151
v 5.31301 4.0027347 -1.244363
v 5.8965616 4.6545463 -2.023005
v 5.5009394 4.654581 -2.0336695
v 5.212944 4.388304 -1.7646321
v 4.9758277 4.3856993 -1.5084264
v 5.1420026 4.6545444 -1.8755665
v 5.1356425 4.175519 -1.3874813
v 5.0395246 4.161281 -1.1279575
v 5.224839 4.0063143 -1.1202222
v 5.1706324 4.0110903 -1.0143021
v 5.0393376 4.1596737 -0.9931377
v 4.85305 4.374178 -1.1743333
v 5.2083817 4.0080853 -0.80045986
v 6.2643504 4.6542654 -1.856845
v 6.1940074 4.3841667 -1.7451136
v 6.5423217 4.6536736 -1.5603404
v 6.4235687 4.37279 -1.4796612
v 6.2887015 4.956849 -1.8950237
v 5.9048057 4.95685 -2.0683305
v 4.7257595 4.6544223 -1.2059252
v 4.854078 4.371679 -0.9983552
v 5.03915 4.1580663 -0.8583179
v 5.3210483 4.008283 -0.6788218
v 5.140941 4.161281 -0.60863006
v 4.9856143 4.374178 -0.49550548
v 4.855106 4.3691792 -0.8223771
v 4.8696194 4.6544523 -1.5844061
v 4.83283 4.9568496 -1.6105049
v 4.6826763 4.9568486 -1.2153823
v 4.726392 4.654424 -1.001645
v 4.724511 5.2574615 -1.2061555
v 4.68335 4.9568486 -1.0021747
v 4.7270236 4.6544256 -0.7973645
v 5.1171813 4.95685 -1.91443
v 5.49185 4.95685 -2.0794492
v 5.5009394 4.654581 -2.0336695
v 5.1412864 5.257264 -1.8767164
v 4.8685417 5.2573566 -1.5851736
v 4.954423 5.520593 -1.5242295
v 4.725157 5.2574925 -1.001641
v 4.825116 5.520758 -1.1839488
v 4.6840243 4.9568486 -0.7889675
v 4.8431973 4.9568396 -0.39338112
v 4.8795614 4.6544223 -0.4183458
v 4.725803 5.2575245 -0.7971261
v 4.8784833 5.2574615 -0.41767442
v 4.963349 5.5207653 -0.47609675
v 4.8262734 5.520854 -0.8167464
v 4.8256946 5.5208054 -1.0003477
v 4.961379 5.7194657 -1.1538101
v 4.8256946 5.5208054 -1.0003477
v 4.9618535 5.7195067 -0.99856323
v 5.0707474 5.7193065 -1.4415992
v 5.229142 5.857281 -1.3290288
v 5.1468577 5.8573737 -1.1127456
v 5.381697 5.9430676 -1.060867
v 5.147174 5.8573956 -0.99611026
v 5.3818116 5.943077 -0.9930622
v 5.277799 5.7191696 -1.6630207
v 5.199259 5.5204487 -1.7859945
v 5.5218997 5.520414 -1.9281124
v 5.5006742 5.257242 -2.035009
v 5.550661 5.719125 -1.783242
v 5.5218997 5.520414 -1.9281124
v 5.384783 5.8572044 -1.4954665
v 5.5898466 5.8571725 -1.5858456
v 5.5202823 5.9429984 -1.2833694
v 5.8514047 5.7191606 -1.7751107
v 5.8158774 5.8572 -1.5797027
v 5.6394725 5.942989 -1.3358978
v 5.877501 5.520437 -1.9185307
v 6.1308317 5.7193394 -1.6487402
v 5.896784 5.2572556 -2.0243425
v 5.5006742 5.257242 -2.035009
v 6.207989 5.5206285 -1.7692013
v 5.896784 5.2572556 -2.0243425
v 6.2649918 5.2573786 -1.8580776
v 5.4297447 5.943031 -1.1866119
v 6.3418956 5.7195506 -1.4234277
v 6.02581 5.8573 -1.4846722
v 5.602282 5.988768 -1.0641748
v 5.636835 5.9887605 -1.100975
v 5.682152 5.9887547 -1.1209611
v 5.7708282 5.942996 -1.3323269
v 5.732056 5.9887595 -1.1195798
v 5.7070484 5.9953723 -0.9938119
v 5.778218 5.988768 -1.0985297
v 5.892718 5.943038 -1.2770382
v 5.984493 5.943087 -1.1785344
v 5.8127313 5.9887824 -1.06097
v 6.184202 5.857422 -1.3153082
v 6.03479 5.9431114 -1.0527521
v 6.271071 5.857477 -1.0988944
v 6.457694 5.719653 -1.1353387
v 6.4577856 5.520848 -1.5028481
v 6.5433855 5.2575192 -1.5614474
v 6.696176 5.2575946 -1.1819105
v 6.594864 5.520963 -1.1621258
v 6.594864 5.520963 -1.1621258
v 6.578985 4.9568486 -1.585807
v 5.896784 5.2572556 -2.0243425
v 5.5006742 5.257242 -2.035009
v 5.49185 4.95685 -2.0794492
v 6.4586587 5.719786 -0.97994107
v 6.596179 5.520909 -0.9782787
v 6.697587 5.2575397 -0.9770918
v 6.696176 5.2575946 -1.1819105
v 6.2716107 5.8576236 -0.9822211
v 6.4587893 5.71955 -0.82484955
v 6.2720056 5.8574204 -0.86569774
v 6.0355115 5.9430866 -0.91728574
v 6.035266 5.9431334 -0.9849844
v 6.03479 5.9431114 -1.0527521
v 6.4587893 5.71955 -0.82484955
v 6.596179 5.520909 -0.9782787
v 6.5960417 5.520855 -0.7948743
v 6.697404 5.2575192 -0.77279043
v 6.596179 5.520909 -0.9782787
v 6.697587 5.2575397 -0.9770918
v 6.739749 4.956848 -0.97660154
v 6.739551 4.956839 -0.7636069
v 6.696033 4.6537786 -0.77340615
v 6.6959953 4.6532636 -0.9775487
v 6.7383084 4.956848 -1.1901382
v 6.696176 5.2575946 -1.1819105
v 6.694602 4.653225 -1.1816128
v 5.327677 4.1755686 -0.40423727
v 5.668087 4.0056257 -0.53651386
v 5.5181894 4.005634 -0.56776315
v 5.5765586 4.1878223 -0.28276956
v 5.771941 4.00554 -0.5645712
v 5.845427 4.163075 -0.2746855
v 5.875796 4.005454 -0.59262854
v 6.093718 4.186072 -0.3853049
v 6.093718 4.186072 -0.3853049
v 6.0541034 4.0068126 -0.7438285
v 5.875796 4.005454 -0.59262854
v 6.2820945 4.1718397 -0.59364444
v 6.4444256 4.383258 -0.47555616
v 6.363434 4.1585445 -0.8486301
v 6.133622 4.0082684 -0.8508615
v 6.553289 5.2583537 -0.39647183
v 6.4648075 5.5206676 -0.45414114
v 6.5960417 5.520855 -0.7948743
v 6.697404 5.2575192 -0.77279043
v 6.5906267 4.956837 -0.3751905
v 6.697404 5.2575192 -0.77279043
v 6.739551 4.956839 -0.7636069
v 6.696033 4.6537786 -0.77340615
v 6.553548 4.6542234 -0.40129885
v 6.4648075 5.5206676 -0.45414114
v 6.4587893 5.71955 -0.82484955
v 6.347999 5.7193437 -0.5366921
v 6.188967 5.8573 -0.649186
v 6.2720056 5.8574204 -0.86569774
v 6.1366663 5.7192235 -0.314563
v 6.2150607 5.5233717 -0.19331887
v 5.8610325 5.7192583 -0.19392507
v 5.8891845 5.524913 -0.047356017
v 6.4009647 5.4178915 -0.3280555
v 6.553289 5.2583537 -0.39647183
v 6.030211 5.8572 -0.48215628
v 5.895404 5.942996 -0.6944083
v 5.987537 5.9430375 -0.7914884
v 5.7750425 5.942989 -0.6416815
v 5.8230987 5.8571725 -0.39142707
v 6.1366663 5.7192235 -0.314563
v 5.8610325 5.7192583 -0.19392507
v 5.7354326 5.986979 -0.84800774
v 5.7902923 5.9845777 -0.85978025
v 5.6448464 5.9429984 -0.6455087
v 5.6805625 5.9845796 -0.83836967
v 5.6049075 5.975419 -0.82694846
v 5.5245566 5.943031 -0.701099
v 5.5629582 5.719237 -0.20260504
v 5.5990977 5.8572044 -0.3980164
v 5.392275 5.857281 -0.4936698
v 5.535543 5.5233793 -0.060522664
v 5.8891845 5.524913 -0.047356017
v 5.2878647 5.719313 -0.3297895
v 5.078263 5.7194657 -0.55527675
v 5.234666 5.8573737 -0.6631059
v 5.2111583 5.5206327 -0.2094955
v 4.963349 5.5207653 -0.47609675
v 5.3139853 5.4197173 -0.11791955
v 5.151265 5.2583103 -0.12291559
v 4.8784833 5.2574615 -0.41767442
v 4.963349 5.5207653 -0.47609675
v 5.151265 5.2583103 -0.12291559
v 5.5009394 4.654581 -2.0336695
v 5.1420026 4.6545444 -1.8755665
v 5.212944 4.388304 -1.7646321
v 5.526906 4.38828 -1.9028791
v 5.5006742 5.257242 -2.035009
v 5.1171813 4.95685 -1.91443
v 5.49185 4.95685 -2.0794492
v 5.4327326 5.9430676 -0.7995261
v 5.6049075 5.975419 -0.82694846
v 5.5245566 5.943031 -0.701099
v 5.392275 5.857281 -0.4936698
v 5.234666 5.8573737 -0.6631059
v 5.5990977 5.8572044 -0.3980164
v 5.6448464 5.9429984 -0.6455087
v 5.7750425 5.942989 -0.6416815
v 5.5990977 5.8572044 -0.3980164
v 5.7070484 5.9953723 -0.9938119
v 5.8170395 5.9830728 -0.89562297
v 5.7794414 5.9887605 -0.8769414
v 5.733722 5.9887547 -0.856884
v 5.684218 5.9887595 -0.85835034
v 5.642892 5.9826956 -0.86093146
v 5.8514047 5.7191606 -1.7751107
v 6.1308317 5.7193394 -1.6487402
v 6.02581 5.8573 -1.4846722
v 5.892718 5.943038 -1.2770382
v 5.7708282 5.942996 -1.3323269
v 6.02581 5.8573 -1.4846722
v 5.583571 5.988777 -0.9904566
v 5.5834937 5.988779 -0.9646202
v 5.381926 5.943087 -0.9252574
v 5.1474895 5.857416 -0.879475
v 5.147174 5.8573956 -0.99611026
v 5.234666 5.8573737 -0.6631059
v 5.4327326 5.9430676 -0.7995261
v 4.9623284 5.7195487 -0.8433161
v 5.078263 5.7194657 -0.55527675
v 4.8262734 5.520854 -0.8167464
v 4.9618535 5.7195067 -0.99856323
v 4.8256946 5.5208054 -1.0003477
v 4.961379 5.7194657 -1.1538101
v 5.1468577 5.8573737 -1.1127456
v 5.583571 5.988777 -0.9904566
v 5.5836487 5.9887767 -1.016293
v 5.7070484 5.9953723 -0.9938119
v 5.5834937 5.988779 -0.9646202
v 5.7070484 5.9953723 -0.9938119
v 5.5836487 5.9887767 -1.016293
v 5.636835 5.9887605 -1.100975
v 5.682152 5.9887547 -1.1209611
v 5.6394725 5.942989 -1.3358978
v 5.384783 5.8572044 -1.4954665
v 5.5898466 5.8571725 -1.5858456
v 5.381926 5.943087 -0.9252574
v 5.5834937 5.988779 -0.9646202
v 5.583802 5.981175 -0.92073774
v 5.4327326 5.9430676 -0.7995261
v 6.03479 5.9431114 -1.0527521
v 5.8127313 5.9887824 -1.06097
v 5.984493 5.943087 -1.1785344
v 5.8316236 5.9887877 -1.0130765
v 5.7070484 5.9953723 -0.9938119
v 5.778218 5.988768 -1.0985297
v 5.8316827 5.9888296 -0.98733366
v 5.848356 5.9813848 -0.9721324
v 6.0355115 5.9430866 -0.91728574
v 6.035266 5.9431334 -0.9849844
v 5.8316236 5.9887877 -1.0130765
v 6.03479 5.9431114 -1.0527521
v 5.6805625 5.9845796 -0.83836967
v 5.6049075 5.975419 -0.82694846
v 5.642892 5.9826956 -0.86093146
v 5.684218 5.9887595 -0.85835034
v 5.733722 5.9887547 -0.856884
v 5.7354326 5.986979 -0.84800774
v 5.7902923 5.9845777 -0.85978025
v 5.7794414 5.9887605 -0.8769414
v 5.8170395 5.9830728 -0.89562297
v 5.8652234 5.975427 -0.8778102
v 6.0355115 5.9430866 -0.91728574
v 5.848356 5.9813848 -0.9721324
v 4.7270236 4.6544256 -0.7973645
v 4.8795614 4.6544223 -0.4183458
v 4.9856143 4.374178 -0.49550548
v 5.848356 5.9813848 -0.9721324
v 5.6855674 6.328321 -1.0557097
v 5.7070484 5.9953723 -0.9938119
v 6.012365 6.252863 -1.0088481
v 5.9986253 6.438352 -0.99874294
v 5.92299 6.515054 -1.0129232
v 5.8225174 6.4805503 -1.0179607
v 5.327677 4.1755686 -0.40423727
v 5.222069 4.3848734 -0.23532514
v 5.5765586 4.1878223 -0.28276956
v 4.9856143 4.374178 -0.49550548
v 5.140941 4.161281 -0.60863006
v 4.8795614 4.6544223 -0.4183458
v 4.9856143 4.374178 -0.49550548
v 5.1493716 4.654569 -0.12697096
v 5.124879 4.956838 -0.08915411
v 4.8431973 4.9568396 -0.39338112
v 4.8784833 5.2574615 -0.41767442
v 5.151265 5.2583103 -0.12291559
v 6.555693 4.3729005 -0.8034728
v 6.363434 4.1585445 -0.8486301
v 6.2820945 4.1718397 -0.59364444
v 6.4444256 4.383258 -0.47555616
v 6.696033 4.6537786 -0.77340615
v 6.553548 4.6542234 -0.40129885
v 5.895404 5.942996 -0.6944083
v 5.7902923 5.9845777 -0.85978025
v 5.8652234 5.975427 -0.8778102
v 5.987537 5.9430375 -0.7914884
v 6.0355115 5.9430866 -0.91728574
v 6.188967 5.8573 -0.649186
v 5.583802 5.981175 -0.92073774
v 5.642892 5.9826956 -0.86093146
v 5.6049075 5.975419 -0.82694846
v 5.4327326 5.9430676 -0.7995261
v 5.8170395 5.9830728 -0.89562297
v 6.012365 6.252863 -1.0088481
v 5.848356 5.9813848 -0.9721324
v 5.952386 6.2691107 -0.8607538
v 5.9986253 6.438352 -0.99874294
v 5.962579 6.4479117 -0.9076092
v 5.908782 6.516876 -0.9412192
v 5.6855674 6.328321 -1.0557097
v 5.962579 6.4479117 -0.9076092
v 5.92299 6.515054 -1.0129232
v 5.908782 6.516876 -0.9412192
v 5.8225174 6.4805503 -1.0179607
v 5.7070484 5.9953723 -0.9938119
v 5.952386 6.2691107 -0.8607538
v 5.8170395 5.9830728 -0.89562297
v 5.4728556 6.1305814 -0.9024528
v 5.390876 6.299666 -0.8782971
v 5.522083 6.3028502 -0.74820054
v 5.579109 6.138156 -0.79547817
v 5.583802 5.981175 -0.92073774
v 5.642892 5.9826956 -0.86093146
v 5.736181 6.3289433 -1.0815008
v 5.7376103 6.15544 -1.0511534
v 5.642892 5.9826956 -0.86093146
v 5.579109 6.138156 -0.79547817
v 5.7070484 5.9953723 -0.9938119
v 5.4992137 6.597781 -0.9201287
v 5.446158 6.5374937 -0.8847167
v 5.390876 6.299666 -0.8782971
v 5.624128 6.5539293 -0.98103666
v 5.736181 6.3289433 -1.0815008
v 5.7376103 6.15544 -1.0511534
v 5.4728556 6.1305814 -0.9024528
v 5.7070484 5.9953723 -0.9938119
v 5.583802 5.981175 -0.92073774
v 4.676091 2.9223337 -1.0760695
v 4.775384 3.1354578 -1.4217677
v 4.6391144 3.1604674 -1.0338731
v 4.7862983 2.9094393 -1.433918
v 4.7114553 2.6842003 -1.1265246
v 4.799508 2.683421 -1.4343137
v 4.7004375 2.6836908 -0.8035181
v 4.6913676 2.9243875 -0.79650444
v 4.6913676 2.9243875 -0.79650444
v 4.6391144 3.1604674 -1.0338731
v 4.682637 3.1489475 -0.78774846
v 4.745595 2.9210312 -0.50377613
v 4.6913676 2.9243875 -0.79650444
v 4.682637 3.1489475 -0.78774846
v 4.731217 3.1572292 -0.531192
v 5.0102735 3.8733428 -1.0280172
v 4.880208 3.755686 -1.0393382
v 5.003453 3.740081 -1.2409434
v 5.099032 3.875559 -1.1894006
v 5.1706324 4.0110903 -1.0143021
v 5.224839 4.0063143 -1.1202222
v 5.31301 4.0027347 -1.244363
v 5.2102942 3.866314 -1.3272536
v 5.099032 3.875559 -1.1894006
v 5.003453 3.740081 -1.2409434
v 5.1441226 3.7262247 -1.3946002
v 5.3051214 3.7188492 -1.5190965
v 5.1441226 3.7262247 -1.3946002
v 5.3605065 3.860679 -1.4440752
v 5.5642114 3.713155 -1.6268389
v 5.5787873 3.857636 -1.5375929
v 5.4333277 4.0004506 -1.3351307
v 5.6012473 4.0000644 -1.4099739
v 5.3605065 3.860679 -1.4440752
v 5.31301 4.0027347 -1.244363
v 5.4333277 4.0004506 -1.3351307
v 5.394152 3.7390587 -0.31602648
v 5.0393577 3.442659 -0.36321345
v 5.1130395 3.7398 -0.47304678
v 5.3467803 3.4343998 -0.1747742
v 4.948919 3.1471226 -0.34537345
v 5.2816153 3.1439438 -0.12531374
v 5.3401256 3.1445155 -0.1106013
v 5.4614573 3.31368 -0.11953338
v 5.6825285 3.433865 -0.09706825
v 5.6797485 3.403712 -0.09017205
v 6.5744433 3.4457076 -0.69578713
v 6.354323 3.4381337 -0.4134203
v 6.267426 3.7397134 -0.54775816
v 6.4212737 3.7406008 -0.7455322
v 6.684118 2.9016705 -0.68008363
v 6.6922417 2.6861756 -0.67856157
v 6.4454374 2.6853392 -0.31819895
v 6.440459 2.8935063 -0.32587218
v 6.677725 2.394812 -1.1694169
v 6.5540824 2.1461043 -1.144657
v 6.6091886 2.147007 -0.8577449
v 6.729066 2.395469 -0.86801094
v 6.7476397 2.68518 -1.1838129
v 6.795434 2.685773 -0.8658871
v 6.6302476 2.3978364 -0.70037574
v 6.6922417 2.6861756 -0.67856157
v 6.5229373 2.1496425 -0.7112812
v 6.4432383 2.0657818 -0.73836744
v 6.5203876 2.062836 -0.8712712
v 5.84678 3.8621864 -1.5181236
v 6.053373 3.731867 -1.570365
v 6.025155 3.8710427 -1.4691538
v 5.8855643 3.721025 -1.6052729
v 5.5787873 3.857636 -1.5375929
v 5.5642114 3.713155 -1.6268389
v 5.8043523 4.001014 -1.3938844
v 5.6012473 4.0000644 -1.4099739
v 5.967342 2.9072988 -1.8091475
v 6.26788 2.6854436 -1.7317431
v 6.2439666 2.9100106 -1.7539887
v 5.973754 2.6842859 -1.7909634
v 5.549592 2.6827464 -1.8026005
v 5.5426865 2.9047384 -1.8268858
v 5.962009 3.1303122 -1.8218032
v 5.5415287 3.1267302 -1.8217345
v 5.2607837 2.6829796 -1.7406569
v 5.232621 2.9053912 -1.7534971
v 5.015319 2.6828244 -1.6236377
v 4.98915 2.9055822 -1.6170853
v 4.799508 2.683421 -1.4343137
v 4.7862983 2.9094393 -1.433918
v 4.9676976 3.128341 -1.5863792
v 4.775384 3.1354578 -1.4217677
v 5.8686166 3.439048 -0.15674344
v 5.833908 3.738557 -0.30225676
v 5.996406 3.738383 -0.34877807
v 5.6825285 3.433865 -0.09706825
v 5.6797485 3.403712 -0.09017205
v 5.6714106 3.7387307 -0.2557355
v 5.394152 3.7390587 -0.31602648
v 5.3467803 3.4343998 -0.1747742
v 4.759429 3.4557288 -1.0605618
v 5.003453 3.740081 -1.2409434
v 4.880208 3.755686 -1.0393382
v 4.883286 3.4400723 -1.3624579
v 4.6391144 3.1604674 -1.0338731
v 4.775384 3.1354578 -1.4217677
v 4.96424 3.7337184 -0.628826
v 5.212133 3.8731234 -0.5478937
v 5.1130395 3.7398 -0.47304678
v 5.076642 3.8677897 -0.6907567
v 5.3210483 4.008283 -0.6788218
v 5.2083817 4.0080853 -0.80045986
v 5.03369 3.4316914 -1.4978027
v 5.1441226 3.7262247 -1.3946002
v 5.003453 3.740081 -1.2409434
v 4.883286 3.4400723 -1.3624579
v 4.9676976 3.128341 -1.5863792
v 4.775384 3.1354578 -1.4217677
v 5.3282804 2.399011 -1.6663171
v 5.178668 2.152706 -1.4379073
v 5.4147825 2.1553237 -1.5482725
v 5.080777 2.3975425 -1.5471499
v 5.2607837 2.6829796 -1.7406569
v 5.015319 2.6828244 -1.6236377
v 5.006033 2.1507773 -1.2592437
v 5.2286453 2.0709522 -1.3943516
v 4.8727555 2.3959918 -1.347174
v 4.799508 2.683421 -1.4343137
v 4.784913 2.3949769 -1.115171
v 5.08335 2.0689468 -1.240142
v 4.9038935 2.148015 -1.1178329
v 4.9808273 2.0654933 -1.1078373
v 4.773316 2.3946157 -0.8095055
v 4.896237 2.146988 -0.8259761
v 4.7004375 2.6836908 -0.8035181
v 4.7114553 2.6842003 -1.1265246
v 5.178668 2.152706 -1.4379073
v 5.4435053 2.0735433 -1.4928689
v 5.4147825 2.1553237 -1.5482725
v 4.9735165 2.0645444 -0.84209615
v 4.9808273 2.0654933 -1.1078373
v 4.9038935 2.148015 -1.1178329
v 5.002554 2.3981776 -0.37891355
v 4.9610214 2.686237 -0.32759857
v 5.1148458 2.3983958 -0.31426004
v 5.0875726 2.1502862 -0.43513644
v 5.324469 2.244954 -0.25758326
v 5.3426633 2.1528637 -0.2856536
v 5.146585 2.0663729 -0.4892275
v 5.3777304 2.068451 -0.35386077
v 5.710463 2.156248 -0.2514173
v 5.7095695 2.0718265 -0.3226244
v 5.826963 2.1555285 -0.2791421
v 5.9308286 2.0715175 -0.37511268
v 5.955042 2.1549575 -0.3100456
v 5.96176 2.1813278 -0.30070457
v 6.283284 2.1525905 -0.4502567
v 6.2266984 2.0688295 -0.50198495
v 6.5229373 2.1496425 -0.7112812
v 6.4432383 2.0657818 -0.73836744
v 6.6302476 2.3978364 -0.70037574
v 6.3143144 2.234149 -0.4304407
v 5.955042 2.1549575 -0.3100456
v 5.96176 2.1813278 -0.30070457
v 6.5456696 2.3972504 -0.5971793
v 6.6922417 2.6861756 -0.67856157
v 4.98915 2.9055822 -1.6170853
v 5.213144 3.1278033 -1.721862
v 4.9676976 3.128341 -1.5863792
v 5.232621 2.9053912 -1.7534971
v 5.5415287 3.1267302 -1.8217345
v 5.5426865 2.9047384 -1.8268858
v 6.6749973 3.143608 -0.6817925
v 6.354323 3.4381337 -0.4134203
v 6.5744433 3.4457076 -0.69578713
v 6.427297 3.1483626 -0.3297696
v 6.261072 3.3349483 -0.30187437
v 6.3884516 3.1489584 -0.30522212
v 6.0503635 3.4072964 -0.20264257
v 6.044846 3.4357867 -0.2107831
v 5.8686166 3.439048 -0.15674344
v 5.996406 3.738383 -0.34877807
v 6.267426 3.7397134 -0.54775816
v 6.609321 2.396194 -1.4638108
v 6.2491355 2.399688 -1.6887286
v 6.199525 2.151658 -1.6037555
v 6.4964433 2.147395 -1.4334548
v 6.5540824 2.1461043 -1.144657
v 6.471689 2.0634146 -1.1299189
v 6.418482 2.0630739 -1.390543
v 6.677725 2.394812 -1.1694169
v 6.6681194 2.6856287 -1.484027
v 6.7476397 2.68518 -1.1838129
v 6.7415104 2.9078896 -1.174084
v 6.7868805 3.1603372 -0.897106
v 6.734631 3.1578283 -1.1631657
v 6.791469 2.90573 -0.88035697
v 6.7476397 2.68518 -1.1838129
v 6.6749973 3.143608 -0.6817925
v 6.795434 2.685773 -0.8658871
v 6.684118 2.9016705 -0.68008363
v 6.6922417 2.6861756 -0.67856157
v 4.8270774 2.3952806 -0.5021207
v 4.7599735 2.6848333 -0.47636047
v 4.9610214 2.686237 -0.32759857
v 5.002554 2.3981776 -0.37891355
v 4.9456124 2.147599 -0.53595245
v 5.0875726 2.1502862 -0.43513644
v 6.2213645 3.1345775 -1.7695184
v 6.1310234 3.4350996 -1.7023076
v 5.9177885 3.427869 -1.7440058
v 5.962009 3.1303122 -1.8218032
v 5.96176 2.1813278 -0.30070457
v 5.826963 2.1555285 -0.2791421
v 5.6862226 2.395428 -0.1629767
v 5.7082963 2.1827655 -0.24114412
v 5.293081 2.3987627 -0.21244296
v 5.324469 2.244954 -0.25758326
v 5.4372144 2.5108042 -0.16623929
v 5.2748084 2.685367 -0.13647613
v 5.332269 2.6831822 -0.12535577
v 5.519398 2.6799448 -0.04359052
v 5.691563 2.5284426 -0.07692311
v 5.6862226 2.395428 -0.1629767
v 5.4372144 2.5108042 -0.16623929
v 5.332269 2.6831822 -0.12535577
v 6.2486253 2.680139 -0.16434741
v 6.3996873 2.6832488 -0.29402304
v 6.275509 2.4945202 -0.3106836
v 6.024092 2.394387 -0.2319144
v 6.060007 2.5308337 -0.14497334
v 6.024092 2.394387 -0.2319144
v 6.3143144 2.234149 -0.4304407
v 5.96176 2.1813278 -0.30070457
v 6.3773894 2.3967323 -0.3930891
v 6.5456696 2.3972504 -0.5971793
v 6.4454374 2.6853392 -0.31819895
v 6.6922417 2.6861756 -0.67856157
v 5.9450035 3.8714561 -0.43927744
v 6.267426 3.7397134 -0.54775816
v 5.996406 3.738383 -0.34877807
v 6.181406 3.872685 -0.62819135
v 5.875796 4.005454 -0.59262854
v 6.4212737 3.7406008 -0.7455322
v 6.0541034 4.0068126 -0.7438285
v 6.300623 3.8734407 -0.78616583
v 6.133622 4.0082684 -0.8508615
v 5.0102735 3.8733428 -1.0280172
v 5.1706324 4.0110903 -1.0143021
v 5.2083817 4.0080853 -0.80045986
v 5.076642 3.8677897 -0.6907567
v 5.213144 3.1278033 -1.721862
v 5.03369 3.4316914 -1.4978027
v 4.9676976 3.128341 -1.5863792
v 5.254281 3.425713 -1.6465492
v 5.5415287 3.1267302 -1.8217345
v 5.1441226 3.7262247 -1.3946002
v 5.5471234 3.4218502 -1.7538432
v 5.3051214 3.7188492 -1.5190965
v 5.5642114 3.713155 -1.6268389
v 6.3629203 3.4399273 -1.5989938
v 6.530937 3.4568295 -1.4135317
v 6.37992 3.756079 -1.3617703
v 6.245563 3.7458088 -1.4989918
v 4.6391144 3.1604674 -1.0338731
v 4.911879 3.1319876 -0.8268302
v 4.682637 3.1489475 -0.78774846
v 4.938933 3.140577 -1.0596467
v 4.759429 3.4557288 -1.0605618
v 4.9070973 3.0925925 -0.82649106
v 4.928818 3.1166298 -1.0930939
v 4.978497 3.4253175 -1.0826597
v 4.928818 3.1166298 -1.0930939
v 4.9694953 3.4283502 -1.125249
v 4.9084654 3.7396538 -1.0633513
v 5.0238314 3.739296 -1.0874592
v 4.8117895 3.4382753 -1.0908743
v 4.928818 3.1166298 -1.0930939
v 4.7288046 3.1361225 -1.048288
v 4.9070973 3.0925925 -0.82649106
v 4.7112513 3.121409 -0.7888336
v 6.1310234 3.4350996 -1.7023076
v 6.3629203 3.4399273 -1.5989938
v 6.245563 3.7458088 -1.4989918
v 6.053373 3.731867 -1.570365
v 4.682637 3.1489475 -0.78774846
v 4.911879 3.1319876 -0.8268302
v 5.0272956 3.1349654 -0.6238073
v 4.731217 3.1572292 -0.531192
v 5.0735974 3.421215 -0.61205333
v 4.8538527 3.4520748 -0.5443679
v 5.0813665 3.4234865 -0.56916463
v 5.0302405 3.1095607 -0.5904347
v 5.1150193 3.7187755 -0.63737464
v 5.1029105 3.7085662 -0.67774427
v 4.890429 3.4379506 -0.5353542
v 4.999793 3.7187755 -0.6166244
v 5.0102735 3.8733428 -1.0280172
v 5.140641 3.835653 -0.9957766
v 5.0302453 3.7310367 -1.0452485
v 4.880208 3.755686 -1.0393382
v 6.4929376 3.1322827 -1.6309114
v 6.6841345 3.1599562 -1.4189059
v 6.530937 3.4568295 -1.4135317
v 6.3629203 3.4399273 -1.5989938
v 6.2213645 3.1345775 -1.7695184
v 6.3629203 3.4399273 -1.5989938
v 6.1310234 3.4350996 -1.7023076
v 6.260148 3.8851745 -1.3103474
v 6.115885 4.009814 -1.236512
v 6.0098343 4.004337 -1.3310935
v 6.13432 3.877103 -1.4314075
v 6.37992 3.756079 -1.3617703
v 6.245563 3.7458088 -1.4989918
v 6.025155 3.8710427 -1.4691538
v 6.053373 3.731867 -1.570365
v 5.8043523 4.001014 -1.3938844
v 5.84678 3.8621864 -1.5181236
v 6.2439666 2.9100106 -1.7539887
v 6.4929376 3.1322827 -1.6309114
v 6.2213645 3.1345775 -1.7695184
v 6.5805283 2.9089556 -1.5574691
v 6.6841345 3.1599562 -1.4189059
v 6.6756816 2.9096062 -1.4532766
v 6.734631 3.1578283 -1.1631657
v 6.7415104 2.9078896 -1.174084
v 6.6681194 2.6856287 -1.484027
v 6.7476397 2.68518 -1.1838129
v 6.26788 2.6854436 -1.7317431
v 6.6681194 2.6856287 -1.484027
v 6.2439666 2.9100106 -1.7539887
v 4.8538527 3.4520748 -0.5443679
v 5.0735974 3.421215 -0.61205333
v 5.1029105 3.7085662 -0.67774427
v 4.96424 3.7337184 -0.628826
v 4.880208 3.755686 -1.0393382
v 5.0302453 3.7310367 -1.0452485
v 4.978497 3.4253175 -1.0826597
v 4.759429 3.4557288 -1.0605618
v 6.7868805 3.1603372 -0.897106
v 6.587918 3.159526 -1.1346965
v 6.734631 3.1578283 -1.1631657
v 6.5495768 3.1538498 -0.9154573
v 6.6441875 3.456265 -0.85319334
v 6.453489 3.4307218 -0.86950123
v 6.5577416 3.1298308 -0.88493955
v 6.461406 3.433027 -0.8306826
v 6.3461475 3.7091167 -0.8961322
v 6.461406 3.433027 -0.8306826
v 6.3491874 3.7187755 -0.8577606
v 6.5577416 3.1298308 -0.88493955
v 6.5911474 3.1199727 -1.1348172
v 6.587918 3.159526 -1.1346965
v 6.7480803 3.139604 -0.92301565
v 6.7122965 3.1383822 -1.159388
v 6.5577416 3.1298308 -0.88493955
v 6.6093097 3.4382272 -0.8607607
v 6.461406 3.433027 -0.8306826
v 6.3518205 3.8714912 -0.8884328
v 6.228479 3.8458862 -0.9567537
v 6.3461475 3.7091167 -0.8961322
v 6.4871006 3.7365527 -0.8795661
v 6.228479 3.8458862 -0.9567537
v 6.3491874 3.7187755 -0.8577606
v 6.228803 3.857106 -0.918689
v 5.212133 3.8731234 -0.5478937
v 5.3210483 4.008283 -0.6788218
v 5.5181894 4.005634 -0.56776315
v 5.456123 3.8721614 -0.40994754
v 5.1130395 3.7398 -0.47304678
v 5.456123 3.8721614 -0.40994754
v 5.394152 3.7390587 -0.31602648
v 5.6714106 3.7387307 -0.2557355
v 5.673251 3.8716586 -0.36311996
v 5.5181894 4.005634 -0.56776315
v 5.833908 3.738557 -0.30225676
v 5.668087 4.0056257 -0.53651386
v 5.809127 3.8715575 -0.4011987
v 5.996406 3.738383 -0.34877807
v 5.771941 4.00554 -0.5645712
v 5.9450035 3.8714561 -0.43927744
v 5.875796 4.005454 -0.59262854
v 4.96424 3.7337184 -0.628826
v 5.1029105 3.7085662 -0.67774427
v 5.16936 3.8169715 -0.7739357
v 5.076642 3.8677897 -0.6907567
v 5.249638 3.9072027 -0.8193333
v 5.2083817 4.0080853 -0.80045986
v 5.235729 3.97926 -0.8008964
v 5.2669578 3.9156454 -0.7805956
v 5.1858845 3.8265288 -0.73512405
v 6.308494 3.8779585 -1.0878408
v 6.1491747 4.010102 -1.077063
v 6.115885 4.009814 -1.236512
v 6.260148 3.8851745 -1.3103474
v 6.6749973 3.143608 -0.6817925
v 6.5744433 3.4457076 -0.69578713
v 6.6441875 3.456265 -0.85319334
v 6.7868805 3.1603372 -0.897106
v 5.0393577 3.442659 -0.36321345
v 4.96424 3.7337184 -0.628826
v 5.1130395 3.7398 -0.47304678
v 4.8538527 3.4520748 -0.5443679
v 4.948919 3.1471226 -0.34537345
v 4.731217 3.1572292 -0.531192
v 4.745595 2.9210312 -0.50377613
v 4.731217 3.1572292 -0.531192
v 4.948919 3.1471226 -0.34537345
v 4.9549704 2.9166803 -0.33648613
v 4.7599735 2.6848333 -0.47636047
v 4.9610214 2.686237 -0.32759857
v 6.5744433 3.4457076 -0.69578713
v 6.4212737 3.7406008 -0.7455322
v 6.4871006 3.7365527 -0.8795661
v 6.6441875 3.456265 -0.85319334
v 6.4871006 3.7365527 -0.8795661
v 6.3461475 3.7091167 -0.8961322
v 6.453489 3.4307218 -0.86950123
v 6.6441875 3.456265 -0.85319334
v 5.5206065 3.1470659 -0.021114616
v 5.3401256 3.1445155 -0.1106013
v 5.4614573 3.31368 -0.11953338
v 5.6797485 3.403712 -0.09017205
v 5.681916 3.3065119 -0.032299254
v 5.8648896 3.148463 0.02235327
v 5.93651 3.1488237 0.0063824574
v 5.8686166 3.439048 -0.15674344
v 6.0503635 3.4072964 -0.20264257
v 6.076149 3.3006754 -0.13213336
v 6.111089 2.9691615 -0.0371846
v 6.2418475 3.1496935 -0.16097967
v 6.2418475 3.1496935 -0.16097967
v 6.261072 3.3349483 -0.30187437
v 6.3884516 3.1489584 -0.30522212
v 6.1790094 4.0103593 -0.93416715
v 6.3518205 3.8714912 -0.8884328
v 6.300623 3.8734407 -0.78616583
v 6.133622 4.0082684 -0.8508615
v 6.3518205 3.8714912 -0.8884328
v 6.4212737 3.7406008 -0.7455322
v 6.4871006 3.7365527 -0.8795661
v 6.1310234 3.4350996 -1.7023076
v 6.053373 3.731867 -1.570365
v 5.8855643 3.721025 -1.6052729
v 5.9177885 3.427869 -1.7440058
v 5.5642114 3.713155 -1.6268389
v 5.5471234 3.4218502 -1.7538432
v 5.5415287 3.1267302 -1.8217345
v 5.962009 3.1303122 -1.8218032
v 4.7114553 2.6842003 -1.1265246
v 4.784913 2.3949769 -1.115171
v 4.8727555 2.3959918 -1.347174
v 4.799508 2.683421 -1.4343137
v 5.93651 3.1488237 0.0063824574
v 6.111089 2.9691615 -0.0371846
v 6.1108384 2.8587835 -0.040232293
v 5.934504 2.6785653 -0.014028439
v 6.060007 2.5308337 -0.14497334
v 6.2486253 2.680139 -0.16434741
v 5.8659716 2.678474 -0.0016659383
v 5.688208 2.8578146 0.041993264
v 5.8648896 3.148463 0.02235327
v 5.6879773 2.9689095 0.04927912
v 5.681916 3.3065119 -0.032299254
v 5.5206065 3.1470659 -0.021114616
v 5.519398 2.6799448 -0.04359052
v 5.5206065 3.1470659 -0.021114616
v 5.3401256 3.1445155 -0.1106013
v 6.6681194 2.6856287 -1.484027
v 6.2491355 2.399688 -1.6887286
v 6.609321 2.396194 -1.4638108
v 6.26788 2.6854436 -1.7317431
v 5.9348426 2.4000304 -1.7503861
v 5.973754 2.6842859 -1.7909634
v 5.549592 2.6827464 -1.8026005
v 5.894785 2.154714 -1.6201185
v 6.199525 2.151658 -1.6037555
v 5.5669837 2.399034 -1.7111312
v 5.3282804 2.399011 -1.6663171
v 5.2607837 2.6829796 -1.7406569
v 5.4147825 2.1553237 -1.5482725
v 5.593572 2.1567407 -1.5712173
v 5.604349 2.0754335 -1.5136889
v 5.8765044 2.0723567 -1.5561945
v 6.1499076 2.0684893 -1.5459734
v 6.418482 2.0630739 -1.390543
v 6.4964433 2.147395 -1.4334548
v 4.7004375 2.6836908 -0.8035181
v 4.7599735 2.6848333 -0.47636047
v 4.8270774 2.3952806 -0.5021207
v 4.773316 2.3946157 -0.8095055
v 4.9456124 2.147599 -0.53595245
v 4.896237 2.146988 -0.8259761
v 4.9735165 2.0645444 -0.84209615
v 5.0190215 2.063665 -0.5807831
v 6.3996873 2.6832488 -0.29402304
v 6.2486253 2.680139 -0.16434741
v 6.3884516 3.1489584 -0.30522212
v 6.2418475 3.1496935 -0.16097967
v 6.1108384 2.8587835 -0.040232293
v 5.934504 2.6785653 -0.014028439
v 6.060007 2.5308337 -0.14497334
v 6.024092 2.394387 -0.2319144
v 5.6862226 2.395428 -0.1629767
v 5.8659716 2.678474 -0.0016659383
v 5.332269 2.6831822 -0.12535577
v 5.2748084 2.685367 -0.13647613
v 5.2746806 2.9117033 -0.13225757
v 4.9610214 2.686237 -0.32759857
v 4.9549704 2.9166803 -0.33648613
v 5.2816153 3.1439438 -0.12531374
v 4.948919 3.1471226 -0.34537345
v 6.3884516 3.1489584 -0.30522212
v 6.427297 3.1483626 -0.3297696
v 6.440459 2.8935063 -0.32587218
v 6.6749973 3.143608 -0.6817925
v 6.684118 2.9016705 -0.68008363
v 6.275509 2.4945202 -0.3106836
v 6.3773894 2.3967323 -0.3930891
v 6.024092 2.394387 -0.2319144
v 6.3996873 2.6832488 -0.29402304
v 6.4454374 2.6853392 -0.31819895
v 5.691563 2.5284426 -0.07692311
v 5.519398 2.6799448 -0.04359052
v 5.688208 2.8578146 0.041993264
v 5.8659716 2.678474 -0.0016659383
v 5.0875726 2.1502862 -0.43513644
v 5.146585 2.0663729 -0.4892275
v 5.0190215 2.063665 -0.5807831
v 4.9456124 2.147599 -0.53595245
v 5.97193 3.1280718 -1.712898
v 5.563545 3.1252303 -1.7059542
v 5.567772 3.4104831 -1.6455103
v 5.926383 3.4153795 -1.6428206
v 6.2221055 3.1311965 -1.6711627
v 5.8914804 3.7026873 -1.5182362
v 5.5823083 3.6957357 -1.5322802
v 6.1327634 3.4219732 -1.6096165
v 6.0547056 3.71275 -1.4902796
v 6.3528094 3.4259505 -1.5234568
v 6.4799237 3.1267934 -1.5541235
v 6.5540824 2.1461043 -1.144657
v 6.471689 2.0634146 -1.1299189
v 6.5203876 2.062836 -0.8712712
v 6.6091886 2.147007 -0.8577449
v 5.4147825 2.1553237 -1.5482725
v 5.4435053 2.0735433 -1.4928689
v 5.604349 2.0754335 -1.5136889
v 5.593572 2.1567407 -1.5712173
v 5.1148458 2.3983958 -0.31426004
v 5.293081 2.3987627 -0.21244296
v 5.324469 2.244954 -0.25758326
v 4.9610214 2.686237 -0.32759857
v 5.2748084 2.685367 -0.13647613
v 5.826963 2.1555285 -0.2791421
v 5.710463 2.156248 -0.2514173
v 5.7082963 2.1827655 -0.24114412
v 5.3426633 2.1528637 -0.2856536
v 6.363434 4.1585445 -0.8486301
v 6.1790094 4.0103593 -0.93416715
v 6.133622 4.0082684 -0.8508615
v 6.3567643 4.157047 -0.9819592
v 6.3486776 4.155439 -1.1145566
v 6.5373526 4.3677797 -1.1509062
v 6.547033 4.370212 -0.9778106
v 6.555693 4.3729005 -0.8034728
v 6.233338 4.230032 -1.2655326
v 6.1775217 4.439501 -1.5852636
v 6.3840146 4.429114 -1.3658272
v 6.0801272 4.2429824 -1.4362075
v 5.9715934 4.118855 -1.3210974
v 6.0924354 4.1104107 -1.1897298
v 5.804596 4.1314893 -1.4025211
v 5.84876 4.2583494 -1.5377041
v 5.883959 4.4433556 -1.7053927
v 5.5979733 4.2619987 -1.5427126
v 5.623776 4.139728 -1.4139832
v 5.4618177 4.13406 -1.3377495
v 5.5651126 4.4433556 -1.7078662
v 5.369636 4.2600846 -1.4456567
v 5.3395677 4.123225 -1.2004765
v 5.196395 4.2465854 -1.2660269
v 5.27372 4.4433556 -1.5862226
v 5.907742 4.6888423 -1.8146205
v 5.5433097 4.6888423 -1.8174468
v 5.27372 4.4433556 -1.5862226
v 5.2102637 4.6888423 -1.6784135
v 5.5356436 4.968764 -1.8559759
v 5.0511527 4.4407687 -1.3661438
v 5.369636 4.2600846 -1.4456567
v 5.916105 4.968764 -1.8530254
v 6.2673216 4.968764 -1.7129241
v 6.244154 4.6888423 -1.6804191
v 5.543142 5.2480083 -1.8182939
v 5.907926 5.2480083 -1.8154647
v 5.187952 4.968764 -1.7108282
v 5.5611253 5.492774 -1.727908
v 5.8883085 5.492774 -1.7253698
v 5.209773 5.2480083 -1.6791261
v 4.9211183 4.968764 -1.4500308
v 4.95466 4.6888423 -1.4286001
v 4.816316 4.6888423 -1.1075785
v 4.9331427 4.429667 -1.0826918
v 4.9539227 5.2480083 -1.4290714
v 4.7767153 4.968764 -1.1148959
v 5.0326095 5.492774 -1.3787973
v 5.262114 5.492774 -1.6030836
v 5.331964 5.6750584 -1.5016049
v 4.931334 4.427251 -0.93507266
v 5.104186 4.2330565 -1.0461093
v 5.101888 4.23154 -0.93338704
v 4.9295244 4.4248343 -0.7874539
v 5.0995903 4.2300234 -0.8206649
v 4.8136334 4.6888423 -0.9359384
v 4.773922 4.968764 -0.93570876
v 4.815446 5.2480083 -1.1077397
v 5.1376166 5.6750584 -1.3117063
v 5.279764 5.8003435 -1.220886
v 5.0323215 5.6750584 -1.0676656
v 5.200146 5.8003435 -1.0366553
v 4.8109503 4.6888423 -0.764298
v 4.7711296 4.968764 -0.7565216
v 5.0439515 4.429667 -0.5152681
v 5.188665 4.2330565 -0.6135134
v 5.3409595 4.0893726 -0.69339603
v 5.273436 4.0896873 -0.8557121
v 4.945071 4.6888423 -0.44825697
v 4.911133 4.968764 -0.4265784
v 4.8100753 5.2480083 -0.764127
v 4.9443254 5.2480083 -0.4477804
v 4.8127604 5.2480083 -0.9359333
v 4.9059196 5.492774 -0.93647176
v 4.908346 5.492774 -1.0905738
v 5.0326095 5.492774 -1.3787973
v 5.188665 4.2330565 -0.6135134
v 5.3409595 4.0893726 -0.69339603
v 5.4644165 4.123225 -0.56115735
v 5.3568373 4.246585 -0.44444445
v 5.6293297 4.13406 -0.4799632
v 5.5849314 4.2600846 -0.34318903
v 5.8080697 4.139728 -0.47026306
v 5.8330064 4.2374454 -0.33916956
v 5.9712925 4.1314893 -0.54891145
v 6.0634837 4.2583494 -0.43816143
v 5.3568373 4.246585 -0.44444445
v 5.0439515 4.429667 -0.5152681
v 5.2599316 4.4407687 -0.2970392
v 6.495214 4.6888423 -1.4354423
v 6.2673216 4.968764 -1.7129241
v 6.5294485 4.968764 -1.4571786
v 6.244154 4.6888423 -1.6804191
v 6.1775217 4.439501 -1.5852636
v 5.907742 4.6888423 -1.8146205
v 6.3840146 4.429114 -1.3658272
v 6.6293845 4.6888423 -1.119411
v 6.4832587 4.4247227 -1.0908746
v 6.307458 4.226977 -1.0565434
v 6.233338 4.230032 -1.2655326
v 6.121268 4.090897 -1.0212809
v 6.3124332 4.2285047 -0.9457832
v 6.1465335 4.090022 -0.89206785
v 6.3174095 4.230032 -0.83502316
v 6.104722 4.088946 -0.8157292
v 6.3124332 4.2285047 -0.9457832
v 6.4890037 4.426918 -0.94483
v 6.494749 4.429114 -0.7987852
v 6.3124332 4.2285047 -0.9457832
v 6.4832587 4.4247227 -1.0908746
v 6.307458 4.226977 -1.0565434
v 6.6239696 4.6888423 -0.77612066
v 6.4890037 4.426918 -0.94483
v 6.626677 4.6888423 -0.9477659
v 6.666701 4.968764 -0.9480565
v 6.663866 4.968764 -0.76886123
v 6.624846 5.2480083 -0.77596116
v 6.669535 4.968764 -1.127252
v 6.6293845 4.6888423 -1.119411
v 6.6275573 5.2480083 -0.94777215
v 6.630267 5.2480083 -1.1195835
v 6.533665 5.492774 -0.9470905
v 6.531252 5.492774 -0.79299176
v 6.40635 5.6750584 -0.8157189
v 6.4083652 5.6750584 -0.946181
v 6.5360775 5.492774 -1.1011897
v 6.630267 5.2480083 -1.1195835
v 6.626677 4.6888423 -0.9477659
v 6.4832587 4.4247227 -1.0908746
v 6.6293845 4.6888423 -1.119411
v 6.0634837 4.2583494 -0.43816143
v 5.9712925 4.1314893 -0.54891145
v 6.095388 4.118855 -0.68718094
v 6.2396674 4.2429824 -0.6192466
v 6.48443 5.2480083 -0.45335215
v 6.624846 5.2480083 -0.77596116
v 6.531252 5.492774 -0.79299176
v 6.4052153 5.492774 -0.50442165
v 6.4959664 5.2480083 -1.4359199
v 6.2673216 4.968764 -1.7129241
v 6.244663 5.2480083 -1.6811335
v 6.5294485 4.968764 -1.4571786
v 6.630267 5.2480083 -1.1195835
v 6.669535 4.968764 -1.127252
v 6.6293845 4.6888423 -1.119411
v 6.495214 4.6888423 -1.4354423
v 4.8100753 5.2480083 -0.764127
v 4.9443254 5.2480083 -0.4477804
v 5.023942 5.492774 -0.49863654
v 4.903493 5.492774 -0.78237015
v 4.8127604 5.2480083 -0.9359333
v 4.9059196 5.492774 -0.93647176
v 5.0281587 5.6750584 -0.80671567
v 5.130191 5.6750584 -0.56650406
v 5.2740183 5.8003435 -0.6583754
v 5.0302405 5.6750584 -0.9371906
v 5.0323215 5.6750584 -1.0676656
v 4.908346 5.492774 -1.0905738
v 5.1969175 5.8003435 -0.8396716
v 5.198532 5.8003435 -0.9381635
v 5.41574 5.879495 -0.93941915
v 5.414728 5.879495 -0.88220686
v 5.4596524 5.879495 -0.7769506
v 5.6202655 5.92222 -0.87954366
v 5.6031823 5.92222 -0.919009
v 5.7170777 5.928386 -0.9412821
v 5.6036725 5.92222 -0.94050574
v 5.6041627 5.92222 -0.9620021
v 5.416753 5.879495 -0.9966312
v 5.6219645 5.92222 -1.0022484
v 5.463228 5.879495 -1.1036676
v 5.200146 5.8003435 -1.0366553
v 5.5485563 5.879495 -1.1869352
v 5.6541452 5.92222 -1.0335331
v 5.7170777 5.928386 -0.9412821
v 5.6958222 5.92222 -1.0509263
v 5.4265184 5.8003435 -1.3642347
v 5.6595426 5.879495 -1.2332635
v 5.617613 5.8003435 -1.444006
v 5.585125 5.6750584 -1.6072879
v 5.780951 5.879495 -1.2323185
v 5.8266907 5.8003435 -1.4423825
v 5.7413764 5.92222 -1.050568
v 5.7170777 5.928386 -0.9412821
v 5.7832355 5.92222 -1.0337423
v 5.8621287 5.6750584 -1.6051382
v 5.892877 5.879495 -1.1875718
v 6.0195994 5.8003435 -1.3653649
v 5.976147 5.879495 -1.105873
v 5.8141346 5.92222 -1.0030066
v 5.7170777 5.928386 -0.9412821
v 6.1633997 5.8003435 -1.2247642
v 6.020617 5.879495 -1.0005277
v 6.2402287 5.8003435 -1.0434147
v 6.3084807 5.6750584 -1.3168803
v 6.0198326 5.879495 -0.9433598
v 6.117783 5.6750584 -1.5031183
v 5.262114 5.492774 -1.6030836
v 5.331964 5.6750584 -1.5016049
v 6.190313 5.492774 -1.6048799
v 5.907926 5.2480083 -1.8154647
v 6.244663 5.2480083 -1.6811335
v 6.415656 5.492774 -1.3849287
v 6.410382 5.6750584 -1.076643
v 6.4959664 5.2480083 -1.4359199
v 6.630267 5.2480083 -1.1195835
v 6.5360775 5.492774 -1.1011897
v 6.4083652 5.6750584 -0.946181
v 6.533665 5.492774 -0.9470905
v 6.2673216 4.968764 -1.7129241
v 5.916105 4.968764 -1.8530254
v 5.907926 5.2480083 -1.8154647
v 5.6902204 5.9187407 -0.81726056
v 5.7396054 5.9210486 -0.82662755
v 5.738646 5.92222 -0.83163726
v 5.693488 5.92222 -0.8320728
v 5.7170777 5.928386 -0.9412821
v 5.6519003 5.92222 -0.8489516
v 5.6205506 5.909923 -0.8047149
v 5.6202655 5.92222 -0.87954366
v 5.4596524 5.879495 -0.7769506
v 5.4596524 5.879495 -0.7769506
v 5.5429826 5.879495 -0.69526356
v 5.6205506 5.909923 -0.8047149
v 5.6533694 5.879495 -0.6502162
v 5.6902204 5.9187407 -0.81726056
v 5.7396054 5.9210486 -0.82662755
v 5.7736316 5.879495 -0.649047
v 5.8140674 5.8003435 -0.43801272
v 5.6070013 5.8003435 -0.44002932
v 5.8857636 5.879495 -0.69559926
v 5.789274 5.9187407 -0.83660436
v 5.8590703 5.909923 -0.8512942
v 5.9726324 5.879495 -0.7791677
v 5.789274 5.9187407 -0.83660436
v 5.8590703 5.909923 -0.8512942
v 5.8131723 5.92222 -0.88044554
v 5.7807183 5.92222 -0.84910756
v 5.7170777 5.928386 -0.9412821
v 6.019048 5.879495 -0.88619214
v 5.830238 5.92222 -0.92054814
v 5.8590703 5.909923 -0.8512942
v 5.8453965 5.6750584 -0.27450478
v 5.8692694 5.492774 -0.14998564
v 6.170808 5.492774 -0.27876747
v 6.1012406 5.6750584 -0.38071173
v 6.410382 5.6750584 -1.076643
v 6.3084807 5.6750584 -1.3168803
v 6.1633997 5.8003435 -1.2247642
v 6.2402287 5.8003435 -1.0434147
v 6.4083652 5.6750584 -0.946181
v 6.2387505 5.8003435 -0.9449494
v 6.019048 5.879495 -0.88619214
v 6.237272 5.8003435 -0.8464842
v 5.8304214 5.92222 -0.94198483
v 5.830238 5.92222 -0.92054814
v 5.7170777 5.928386 -0.9412821
v 5.830606 5.92222 -0.9634214
v 6.020617 5.879495 -1.0005277
v 5.8141346 5.92222 -1.0030066
v 5.976147 5.879495 -1.105873
v 5.8453965 5.6750584 -0.27450478
v 5.5446463 5.492774 -0.15631203
v 5.8692694 5.492774 -0.14998564
v 5.5710754 5.6750584 -0.27717832
v 5.8140674 5.8003435 -0.43801272
v 6.1012406 5.6750584 -0.38071173
v 5.319563 5.6750584 -0.38000712
v 5.2475114 5.492774 -0.27833933
v 5.6070013 5.8003435 -0.44002932
v 5.4170976 5.8003435 -0.5176337
v 5.5429826 5.879495 -0.69526356
v 5.6533694 5.879495 -0.6502162
v 5.4596524 5.879495 -0.7769506
v 5.2740183 5.8003435 -0.6583754
v 5.130191 5.6750584 -0.56650406
v 5.023942 5.492774 -0.49863654
v 4.9443254 5.2480083 -0.4477804
v 5.193682 5.2480083 -0.20132905
v 5.3489294 5.390747 -0.19537373
v 5.1710215 4.968764 -0.17034104
v 4.911133 4.968764 -0.4265784
v 4.945071 4.6888423 -0.44825697
v 5.1940265 4.6888423 -0.20286895
v 5.2599316 4.4407687 -0.2970392
v 5.0439515 4.429667 -0.5152681
v 5.789274 5.9187407 -0.83660436
v 5.738646 5.92222 -0.83163726
v 5.7396054 5.9210486 -0.82662755
v 5.7807183 5.92222 -0.84910756
v 5.7170777 5.928386 -0.9412821
v 5.5737286 6.1475425 -0.83365995
v 5.7089295 6.3215227 -1.0536224
v 5.521332 6.3037767 -0.7878677
v 5.708516 6.1602936 -1.0246031
v 5.6519003 5.92222 -0.8489516
v 5.7170777 5.928386 -0.9412821
v 5.8857636 5.879495 -0.69559926
v 6.1569333 5.8003435 -0.6621124
v 5.9726324 5.879495 -0.7791677
v 6.0071735 5.8003435 -0.51817703
v 5.7736316 5.879495 -0.649047
v 6.2997293 5.6750584 -0.5714191
v 6.4052153 5.492774 -0.50442165
v 6.170808 5.492774 -0.27876747
v 6.3490415 5.3912926 -0.36986044
v 6.40635 5.6750584 -0.8157189
v 6.531252 5.492774 -0.79299176
v 6.237272 5.8003435 -0.8464842
v 6.237272 5.8003435 -0.8464842
v 6.019048 5.879495 -0.88619214
v 5.9726324 5.879495 -0.7791677
v 5.104186 4.2330565 -1.0461093
v 4.9331427 4.429667 -1.0826918
v 5.0511527 4.4407687 -1.3661438
v 5.196395 4.2465854 -1.2660269
v 5.3395677 4.123225 -1.2004765
v 5.196395 4.2465854 -1.2660269
v 5.2749314 4.0893726 -1.0315061
v 5.2741838 4.0895305 -0.9436091
v 5.101888 4.23154 -0.93338704
v 5.273436 4.0896873 -0.8557121
v 5.0995903 4.2300234 -0.8206649
v 6.095388 4.118855 -0.68718094
v 6.104722 4.088946 -0.8157292
v 6.3174095 4.230032 -0.83502316
v 6.2396674 4.2429824 -0.6192466
v 6.494749 4.429114 -0.7987852
v 6.385983 4.439501 -0.5177832
v 6.0634837 4.2583494 -0.43816143
v 6.6239696 4.6888423 -0.77612066
v 6.4835196 4.6888423 -0.45468807
v 6.517228 4.968764 -0.43322116
v 6.663866 4.968764 -0.76886123
v 6.624846 5.2480083 -0.77596116
v 6.48443 5.2480083 -0.45335215
v 4.9211183 4.968764 -1.4500308
v 4.815446 5.2480083 -1.1077397
v 4.9539227 5.2480083 -1.4290714
v 4.908346 5.492774 -1.0905738
v 5.0323215 5.6750584 -1.0676656
v 5.1376166 5.6750584 -1.3117063
v 5.830238 5.92222 -0.92054814
v 5.7170777 5.928386 -0.9412821
v 5.7202177 6.316324 -1.0405327
v 5.97754 6.2598047 -0.9911286
v 5.964674 6.426046 -0.9822888
v 5.912664 6.482959 -0.99198985
v 5.8467474 6.451948 -1.00493
v 5.8131723 5.92222 -0.88044554
v 5.830238 5.92222 -0.92054814
v 5.97754 6.2598047 -0.9911286
v 5.9386477 6.2694755 -0.8979834
v 5.7170777 5.928386 -0.9412821
v 5.964674 6.426046 -0.9822888
v 5.9468503 6.4304776 -0.9396021
v 5.9093266 6.4840183 -0.9634677
v 5.7202177 6.316324 -1.0405327
v 5.9093266 6.4840183 -0.9634677
v 5.8467474 6.451948 -1.00493
v 5.912664 6.482959 -0.99198985
v 5.9468503 6.4304776 -0.9396021
v 5.964674 6.426046 -0.9822888
v 5.7089295 6.3215227 -1.0536224
v 5.602923 6.5278726 -0.95991033
v 5.521378 6.520159 -0.84439266
v 5.549049 6.5663204 -0.8853851
v 5.508305 6.1475425 -0.89692557
v 5.521332 6.3037767 -0.7878677
v 5.4302764 6.3037767 -0.87592053
v 5.5737286 6.1475425 -0.83365995
v 5.6202655 5.92222 -0.87954366
v 5.6519003 5.92222 -0.8489516
v 5.4302764 6.3037767 -0.87592053
v 5.4817986 6.520159 -0.88266736
v 5.5191975 6.566039 -0.90716726
v 5.602923 6.5278726 -0.95991033
v 5.7089295 6.3215227 -1.0536224
v 5.708516 6.1602936 -1.0246031
v 5.508305 6.1475425 -0.89692557
v 5.7170777 5.928386 -0.9412821
v 5.6202655 5.92222 -0.87954366
v 5.5867014 2.4106648 -1.6073842
v 5.435488 2.1725397 -1.4594516
v 5.354116 2.4099555 -1.5644114
v 5.610274 2.1739366 -1.4823442
v 5.9063315 2.1714666 -1.5313276
v 5.8878403 2.0936725 -1.4748248
v 5.619758 2.0959077 -1.4313159
v 6.1525717 2.0922637 -1.4723219
v 6.1999173 2.16991 -1.523171
v 5.947011 2.4093883 -1.6470642
v 5.984348 2.6899583 -1.6844218
v 5.5709968 2.6898274 -1.6902436
v 6.267551 2.6901348 -1.637683
v 6.249092 2.4086268 -1.5989889
v 6.642336 2.6898696 -1.4318849
v 6.584633 2.408132 -1.4134592
v 6.4757843 2.169221 -1.3861336
v 6.4757843 2.169221 -1.3861336
v 6.4021626 2.0916402 -1.3486074
v 6.1525717 2.0922637 -1.4723219
v 5.563545 3.1252303 -1.7059542
v 5.5709968 2.6898274 -1.6902436
v 5.2899976 2.6899288 -1.6299789
v 5.2427745 3.12617 -1.6126733
v 6.098231 3.8449612 -0.62000847
v 6.1943226 3.7187755 -0.5716655
v 6.389245 3.7187755 -0.79892796
v 6.273719 3.8449612 -0.8301491
v 6.1135354 3.9774697 -0.8681258
v 5.983407 3.9754043 -0.69291836
v 5.865333 3.9754763 -0.61914957
v 5.9236135 3.8449612 -0.5176865
v 4.755535 2.6898024 -1.0917386
v 4.7288046 3.1361225 -1.048288
v 4.8175826 3.131018 -1.3446739
v 4.8273067 2.6900854 -1.3448718
v 4.787285 2.689799 -0.52589715
v 4.763591 3.1377394 -0.54356414
v 4.7112513 3.121409 -0.7888336
v 4.7400346 2.6896052 -0.8034822
v 5.0386505 3.8454866 -1.0294192
v 5.0363235 3.720042 -1.1833636
v 4.9084654 3.7396538 -1.0633513
v 5.143745 3.8479784 -1.168369
v 5.19521 3.9802268 -1.0080935
v 5.2738633 3.975942 -1.153108
v 5.345688 3.9760785 -1.2345767
v 5.143745 3.8479784 -1.168369
v 5.2514453 3.8416142 -1.277053
v 5.0363235 3.720042 -1.1833636
v 5.143745 3.8479784 -1.168369
v 5.174436 3.7071679 -1.3207164
v 5.331895 3.7009647 -1.4330719
v 5.384677 3.8378606 -1.3683218
v 5.5823083 3.6957357 -1.5322802
v 5.594836 3.8350692 -1.454086
v 5.447748 3.9748483 -1.3053
v 5.6074862 3.974515 -1.3771544
v 5.384677 3.8378606 -1.3683218
v 5.345688 3.9760785 -1.2345767
v 5.447748 3.9748483 -1.3053
v 5.3951077 3.7187755 -0.40076748
v 5.124608 3.7187755 -0.53530693
v 5.0512056 3.4302752 -0.43741915
v 5.346822 3.4221048 -0.27445546
v 4.9619207 3.1423492 -0.42086643
v 5.2826524 3.1399028 -0.22947845
v 5.124608 3.7187755 -0.53530693
v 5.4561343 3.8449612 -0.48280275
v 5.2215357 3.8449612 -0.6005181
v 5.3951077 3.7187755 -0.40076748
v 5.657691 3.7187755 -0.3525658
v 5.661441 3.8449612 -0.44562402
v 5.5256176 3.9753413 -0.5943729
v 5.814371 3.7187755 -0.3965009
v 5.666375 3.975368 -0.56465983
v 5.792527 3.8449612 -0.48165533
v 5.9710517 3.7187755 -0.44043598
v 5.765853 3.9754224 -0.5919049
v 5.9236135 3.8449612 -0.5176865
v 5.865333 3.9754763 -0.61914957
v 6.1943226 3.7187755 -0.5716655
v 6.098231 3.8449612 -0.62000847
v 6.5375395 3.4313502 -0.75794303
v 6.389245 3.7187755 -0.79892796
v 6.1943226 3.7187755 -0.5716655
v 6.2990785 3.4230745 -0.4791937
v 5.9710517 3.7187755 -0.44043598
v 6.016053 3.4217474 -0.31782416
v 6.020703 3.3918076 -0.3095422
v 6.22765 3.320633 -0.401616
v 6.388136 3.1415126 -0.42824847
v 6.352999 3.141238 -0.40804923
v 6.6348777 3.137216 -0.74698764
v 6.388136 3.1415126 -0.42824847
v 6.398648 2.8923836 -0.4233279
v 6.407175 2.6903064 -0.41933674
v 6.366046 2.6903076 -0.3994482
v 6.6411333 2.408125 -1.1617385
v 6.572208 2.169394 -0.89091504
v 6.5225897 2.1693747 -1.1382029
v 6.6869855 2.4082363 -0.90253407
v 6.7090964 2.6896727 -1.1754655
v 6.751289 2.6898923 -0.9023615
v 6.592403 2.4086185 -0.76395804
v 6.651726 2.6899285 -0.74452275
v 5.8509545 3.8387313 -1.4413253
v 5.6074862 3.974515 -1.3771544
v 5.8001385 3.9748657 -1.3616594
v 5.594836 3.8350692 -1.454086
v 5.8509545 3.8387313 -1.4413253
v 5.5823083 3.6957357 -1.5322802
v 5.8914804 3.7026873 -1.5182362
v 6.0547056 3.71275 -1.4902796
v 5.9795523 3.8439586 -1.4148251
v 5.8001385 3.9748657 -1.3616594
v 5.8896446 3.9752364 -1.3340585
v 5.8443527 3.4216597 -0.26569158
v 6.016053 3.4217474 -0.31782416
v 5.9710517 3.7187755 -0.44043598
v 6.020703 3.3918076 -0.3095422
v 5.9710517 3.7187755 -0.44043598
v 5.814371 3.7187755 -0.3965009
v 5.8443527 3.4216597 -0.26569158
v 5.6655803 3.421569 -0.21141177
v 5.657691 3.7187755 -0.3525658
v 5.3951077 3.7187755 -0.40076748
v 5.346822 3.4221048 -0.27445546
v 4.8117895 3.4382753 -1.0908743
v 4.9084654 3.7396538 -1.0633513
v 5.0363235 3.720042 -1.1833636
v 4.92158 3.42553 -1.2915336
v 4.7288046 3.1361225 -1.048288
v 4.8175826 3.131018 -1.3446739
v 4.999793 3.7187755 -0.6166244
v 5.124608 3.7187755 -0.53530693
v 5.2215357 3.8449612 -0.6005181
v 5.1085024 3.8449612 -0.68203676
v 5.3344364 3.9776442 -0.70175755
v 5.235729 3.97926 -0.8008964
v 5.1034155 3.4157543 -1.440965
v 5.0363235 3.720042 -1.1833636
v 5.174436 3.7071679 -1.3207164
v 4.92158 3.42553 -1.2915336
v 5.0409904 3.12434 -1.5172077
v 4.8175826 3.131018 -1.3446739
v 5.354116 2.4099555 -1.5644114
v 5.435488 2.1725397 -1.4594516
v 5.2068925 2.1713958 -1.3595622
v 5.1119957 2.4093812 -1.4549413
v 5.2899976 2.6899288 -1.6299789
v 5.048496 2.6900275 -1.5201645
v 5.5709968 2.6898274 -1.6902436
v 5.5867014 2.4106648 -1.6073842
v 5.0135307 2.4088645 -0.45246932
v 5.1231933 2.4092114 -0.39599082
v 4.972788 2.6901925 -0.40551776
v 5.097134 2.1703005 -0.5018635
v 5.3237586 2.2574766 -0.3502585
v 5.3413706 2.1717703 -0.37358803
v 5.1545334 2.092617 -0.548375
v 5.3755584 2.0939474 -0.4322902
v 5.6949716 2.1742244 -0.35027206
v 5.3755584 2.0939474 -0.4322902
v 5.695555 2.096168 -0.4111903
v 4.8108263 2.4081867 -0.81007195
v 4.928979 2.169546 -0.8270107
v 4.9675055 2.1696794 -0.58060753
v 4.8531394 2.4083476 -0.54931825
v 4.7400346 2.6896052 -0.8034822
v 4.787285 2.689799 -0.52589715
v 5.048496 2.6900275 -1.5201645
v 5.2427745 3.12617 -1.6126733
v 5.2899976 2.6899288 -1.6299789
v 5.0409904 3.12434 -1.5172077
v 4.8273067 2.6900854 -1.3448718
v 4.8175826 3.131018 -1.3446739
v 6.584633 2.408132 -1.4134592
v 6.5225897 2.1693747 -1.1382029
v 6.4757843 2.169221 -1.3861336
v 6.6411333 2.408125 -1.1617385
v 6.642336 2.6898696 -1.4318849
v 6.7090964 2.6896727 -1.1754655
v 6.4757843 2.169221 -1.3861336
v 6.4445195 2.0917795 -1.1242394
v 6.4021626 2.0916402 -1.3486074
v 6.642336 2.6898696 -1.4318849
v 6.7122965 3.1383822 -1.159388
v 6.7090964 2.6896727 -1.1754655
v 6.6523647 3.1313217 -1.3853137
v 6.4799237 3.1267934 -1.5541235
v 6.267551 2.6901348 -1.637683
v 6.2221055 3.1311965 -1.6711627
v 5.97193 3.1280718 -1.712898
v 5.984348 2.6899583 -1.6844218
v 5.5709968 2.6898274 -1.6902436
v 5.563545 3.1252303 -1.7059542
v 4.7400346 2.6896052 -0.8034822
v 4.7112513 3.121409 -0.7888336
v 4.7288046 3.1361225 -1.048288
v 4.755535 2.6898024 -1.0917386
v 6.6348777 3.137216 -0.74698764
v 6.5375395 3.4313502 -0.75794303
v 6.2990785 3.4230745 -0.4791937
v 6.388136 3.1415126 -0.42824847
v 6.7090964 2.6896727 -1.1754655
v 6.7122965 3.1383822 -1.159388
v 6.7480803 3.139604 -0.92301565
v 6.751289 2.6898923 -0.9023615
v 6.6348777 3.137216 -0.74698764
v 6.651726 2.6899285 -0.74452275
v 5.2783475 2.9122655 -0.23486018
v 5.2826524 3.1399028 -0.22947845
v 4.9619207 3.1423492 -0.42086643
v 5.274153 2.690381 -0.24010593
v 4.972788 2.6901925 -0.40551776
v 5.327548 2.6903794 -0.23161009
v 4.8531394 2.4083476 -0.54931825
v 4.972788 2.6901925 -0.40551776
v 4.787285 2.689799 -0.52589715
v 5.0135307 2.4088645 -0.45246932
v 4.9675055 2.1696794 -0.58060753
v 5.097134 2.1703005 -0.5018635
v 5.037225 2.092055 -0.61963546
v 5.1545334 2.092617 -0.548375
v 5.672059 2.411068 -0.27039576
v 5.806917 2.1739385 -0.37661436
v 5.9381175 2.1942265 -0.40010622
v 5.6929874 2.1947343 -0.34335497
v 5.2924695 2.4097464 -0.30881044
v 5.3237586 2.2574766 -0.3502585
v 5.4306884 2.5236614 -0.2696247
v 5.274153 2.690381 -0.24010593
v 5.327548 2.6903794 -0.23161009
v 4.972788 2.6901925 -0.40551776
v 5.1231933 2.4092114 -0.39599082
v 5.346822 3.4221048 -0.27445546
v 5.2826524 3.1399028 -0.22947845
v 5.33732 3.1398768 -0.21812223
v 5.457477 3.3027446 -0.22729172
v 5.672059 2.411068 -0.27039576
v 5.6784563 2.5463974 -0.19082713
v 5.514514 2.6903734 -0.15898387
v 5.4306884 2.5236614 -0.2696247
v 5.327548 2.6903794 -0.23161009
v 6.2454386 2.5090976 -0.41164905
v 6.366046 2.6903076 -0.3994482
v 6.2117014 2.690311 -0.2767654
v 5.998257 2.4107158 -0.3367134
v 6.0309467 2.5490294 -0.2564203
v 5.907727 2.6903365 -0.13896526
v 5.672059 2.411068 -0.27039576
v 6.076637 2.862303 -0.16498181
v 6.0309467 2.5490294 -0.2564203
v 5.907727 2.6903365 -0.13896526
v 6.076408 2.9669583 -0.16210726
v 5.907949 3.139272 -0.120623976
v 5.998257 2.4107158 -0.3367134
v 5.9381175 2.1942265 -0.40010622
v 6.281897 2.2480156 -0.5193484
v 6.342711 2.4098198 -0.485687
v 6.508101 2.4090242 -0.67000717
v 6.407175 2.6903064 -0.41933674
v 6.651726 2.6899285 -0.74452275
v 6.3512206 3.7366152 -1.349664
v 6.2535515 3.7364643 -1.3314694
v 6.355763 3.4318907 -1.3713206
v 6.4958673 3.433968 -1.3978323
v 6.4698257 3.1273174 -1.3504857
v 6.6523647 3.1313217 -1.3853137
v 6.7122965 3.1383822 -1.159388
v 6.5911474 3.1199727 -1.1348172
v 6.4740977 3.1519616 -1.3196748
v 6.3631024 3.4324148 -1.3323239
v 5.0386505 3.8454866 -1.0294192
v 5.235729 3.97926 -0.8008964
v 5.19521 3.9802268 -1.0080935
v 5.1085024 3.8449612 -0.68203676
v 5.076642 3.8677897 -0.6907567
v 5.0386505 3.8454866 -1.0294192
v 5.0102735 3.8733428 -1.0280172
v 4.910322 2.4092746 -1.2784669
v 4.8273067 2.6900854 -1.3448718
v 5.048496 2.6900275 -1.5201645
v 5.1119957 2.4093812 -1.4549413
v 5.0333114 2.1711748 -1.1956826
v 5.2068925 2.1713958 -1.3595622
v 4.826639 2.4085033 -1.0816001
v 4.940952 2.1699634 -1.0831473
v 5.0979943 2.0934098 -1.1765417
v 5.013195 2.0923119 -1.0744158
v 4.928979 2.169546 -0.8270107
v 5.0023594 2.0919344 -0.84262145
v 4.8108263 2.4081867 -0.81007195
v 4.7400346 2.6896052 -0.8034822
v 4.755535 2.6898024 -1.0917386
v 5.2427745 3.12617 -1.6126733
v 5.0409904 3.12434 -1.5172077
v 5.1034155 3.4157543 -1.440965
v 5.282893 3.413567 -1.5456185
v 5.563545 3.1252303 -1.7059542
v 5.174436 3.7071679 -1.3207164
v 5.567772 3.4104831 -1.6455103
v 5.331895 3.7009647 -1.4330719
v 5.5823083 3.6957357 -1.5322802
v 6.3528094 3.4259505 -1.5234568
v 6.2375464 3.725107 -1.4321034
v 6.3512206 3.7366152 -1.349664
v 6.4958673 3.433968 -1.3978323
v 6.1327634 3.4219732 -1.6096165
v 6.0547056 3.71275 -1.4902796
v 6.2375464 3.725107 -1.4321034
v 6.3528094 3.4259505 -1.5234568
v 4.7112513 3.121409 -0.7888336
v 4.763591 3.1377394 -0.54356414
v 5.0302405 3.1095607 -0.5904347
v 4.9070973 3.0925925 -0.82649106
v 5.0386505 3.8454866 -1.0294192
v 4.9084654 3.7396538 -1.0633513
v 5.0238314 3.739296 -1.0874592
v 5.1356735 3.8448913 -1.0379192
v 5.0102735 3.8733428 -1.0280172
v 5.140641 3.835653 -0.9957766
v 5.0302453 3.7310367 -1.0452485
v 5.1085024 3.8449612 -0.68203676
v 5.235729 3.97926 -0.8008964
v 5.2669578 3.9156454 -0.7805956
v 5.1858845 3.8265288 -0.73512405
v 4.999793 3.7187755 -0.6166244
v 5.1150193 3.7187755 -0.63737464
v 5.1029105 3.7085662 -0.67774427
v 5.16936 3.8169715 -0.7739357
v 6.4799237 3.1267934 -1.5541235
v 6.3528094 3.4259505 -1.5234568
v 6.4958673 3.433968 -1.3978323
v 6.6523647 3.1313217 -1.3853137
v 6.235567 3.857575 -1.2924099
v 6.000417 3.975497 -1.3034117
v 6.095749 3.9784157 -1.2223272
v 6.1291547 3.8502753 -1.3719364
v 6.3512206 3.7366152 -1.349664
v 5.8896446 3.9752364 -1.3340585
v 6.2375464 3.725107 -1.4321034
v 5.9795523 3.8439586 -1.4148251
v 6.0547056 3.71275 -1.4902796
v 6.3214035 3.8449612 -0.8947177
v 6.454655 3.7187755 -0.87984055
v 6.3491874 3.7187755 -0.8577606
v 6.228803 3.857106 -0.918689
v 6.3518205 3.8714912 -0.8884328
v 6.228803 3.857106 -0.918689
v 6.228479 3.8458862 -0.9567537
v 5.2215357 3.8449612 -0.6005181
v 5.4561343 3.8449612 -0.48280275
v 5.5256176 3.9753413 -0.5943729
v 5.3344364 3.9776442 -0.70175755
v 6.3512206 3.7366152 -1.349664
v 6.235567 3.857575 -1.2924099
v 6.158542 3.8571844 -1.2574075
v 6.2535515 3.7364643 -1.3314694
v 6.2808347 3.8509228 -1.0826772
v 6.235567 3.857575 -1.2924099
v 6.095749 3.9784157 -1.2223272
v 6.12721 3.9785292 -1.073108
v 6.3214035 3.8449612 -0.8947177
v 6.155405 3.9786303 -0.9393798
v 6.6348777 3.137216 -0.74698764
v 6.7480803 3.139604 -0.92301565
v 6.6093097 3.4382272 -0.8607607
v 6.5375395 3.4313502 -0.75794303
v 6.454655 3.7187755 -0.87984055
v 6.389245 3.7187755 -0.79892796
v 5.0512056 3.4302752 -0.43741915
v 5.124608 3.7187755 -0.53530693
v 4.999793 3.7187755 -0.6166244
v 4.890429 3.4379506 -0.5353542
v 4.9619207 3.1423492 -0.42086643
v 4.763591 3.1377394 -0.54356414
v 4.763591 3.1377394 -0.54356414
v 4.890429 3.4379506 -0.5353542
v 5.0813665 3.4234865 -0.56916463
v 5.0302405 3.1095607 -0.5904347
v 4.787285 2.689799 -0.52589715
v 4.972788 2.6901925 -0.40551776
v 4.9619207 3.1423492 -0.42086643
v 4.763591 3.1377394 -0.54356414
v 6.454655 3.7187755 -0.87984055
v 6.6093097 3.4382272 -0.8607607
v 6.461406 3.433027 -0.8306826
v 6.3491874 3.7187755 -0.8577606
v 5.457477 3.3027446 -0.22729172
v 5.33732 3.1398768 -0.21812223
v 5.5162883 3.1397958 -0.13897203
v 5.6647 3.39053 -0.20482413
v 5.6682463 3.29104 -0.15109622
v 5.674119 2.967987 -0.07981627
v 5.841723 3.1394 -0.106140316
v 5.674415 2.8621051 -0.08625016
v 5.84418 2.690345 -0.12742598
v 5.907727 2.6903365 -0.13896526
v 5.514514 2.6903734 -0.15898387
v 5.5162883 3.1397958 -0.13897203
v 5.33732 3.1398768 -0.21812223
v 5.6784563 2.5463974 -0.19082713
v 5.84418 2.690345 -0.12742598
v 6.155405 3.9786303 -0.9393798
v 6.1135354 3.9774697 -0.8681258
v 6.273719 3.8449612 -0.8301491
v 6.3214035 3.8449612 -0.8947177
v 6.6869855 2.4082363 -0.90253407
v 6.592403 2.4086185 -0.76395804
v 6.4894505 2.1700697 -0.7701578
v 6.572208 2.169394 -0.89091504
v 6.41453 2.0924084 -0.7911715
v 6.4894223 2.0917969 -0.90045273
v 6.5225897 2.1693747 -1.1382029
v 6.4445195 2.0917795 -1.1242394
v 6.3214035 3.8449612 -0.8947177
v 6.273719 3.8449612 -0.8301491
v 6.389245 3.7187755 -0.79892796
v 6.454655 3.7187755 -0.87984055
v 6.651726 2.6899285 -0.74452275
v 6.508101 2.4090242 -0.67000717
v 6.592403 2.4086185 -0.76395804
v 6.4894505 2.1700697 -0.7701578
v 6.281897 2.2480156 -0.5193484
v 6.2533145 2.1719692 -0.53516865
v 5.932393 2.1736188 -0.40614069
v 5.9381175 2.1942265 -0.40010622
v 6.200835 2.0941272 -0.5785151
v 6.41453 2.0924084 -0.7911715
v 5.9104123 2.09562 -0.4617493
v 5.932393 2.1736188 -0.40614069
v 5.806917 2.1739385 -0.37661436
v 5.9381175 2.1942265 -0.40010622
v 5.695555 2.096168 -0.4111903
v 5.6949716 2.1742244 -0.35027206
v 4.755535 2.6898024 -1.0917386
v 4.8273067 2.6900854 -1.3448718
v 4.910322 2.4092746 -1.2784669
v 4.826639 2.4085033 -1.0816001
v 6.2035966 3.1400027 -0.27283397
v 6.352999 3.141238 -0.40804923
v 6.22765 3.320633 -0.401616
v 6.020703 3.3918076 -0.3095422
v 6.044326 3.2838445 -0.24457513
v 5.907949 3.139272 -0.120623976
v 5.8443527 3.4216597 -0.26569158
v 6.076408 2.9669583 -0.16210726
v 6.2035966 3.1400027 -0.27283397
v 5.8443527 3.4216597 -0.26569158
v 5.841723 3.1394 -0.106140316
v 5.907949 3.139272 -0.120623976
v 5.6647 3.39053 -0.20482413
v 5.6682463 3.29104 -0.15109622
v 6.352999 3.141238 -0.40804923
v 6.2117014 2.690311 -0.2767654
v 6.366046 2.6903076 -0.3994482
v 6.2035966 3.1400027 -0.27283397
v 6.076637 2.862303 -0.16498181
v 5.6647 3.39053 -0.20482413
v 5.8443527 3.4216597 -0.26569158
v 5.6655803 3.421569 -0.21141177
v 5.457477 3.3027446 -0.22729172
v 5.346822 3.4221048 -0.27445546
v 6.2454386 2.5090976 -0.41164905
v 5.998257 2.4107158 -0.3367134
v 6.342711 2.4098198 -0.485687
v 6.366046 2.6903076 -0.3994482
v 6.407175 2.6903064 -0.41933674
v 5.33732 3.1398768 -0.21812223
v 5.327548 2.6903794 -0.23161009
v 5.514514 2.6903734 -0.15898387
v 5.2783475 2.9122655 -0.23486018
v 5.2068925 2.1713958 -1.3595622
v 5.435488 2.1725397 -1.4594516
v 5.461602 2.0946438 -1.4105024
v 5.2544184 2.0936081 -1.3217075
v 4.9675055 2.1696794 -0.58060753
v 4.928979 2.169546 -0.8270107
v 5.0023594 2.0919344 -0.84262145
v 5.037225 2.092055 -0.61963546
v 5.435488 2.1725397 -1.4594516
v 5.610274 2.1739366 -1.4823442
v 5.619758 2.0959077 -1.4313159
v 5.461602 2.0946438 -1.4105024
v 6.3518205 3.8714912 -0.8884328
v 6.1790094 4.0103593 -0.93416715
v 6.1491747 4.010102 -1.077063
v 6.308494 3.8779585 -1.0878408
v 5.0333114 2.1711748 -1.1956826
v 5.2068925 2.1713958 -1.3595622
v 5.2544184 2.0936081 -1.3217075
v 5.0979943 2.0934098 -1.1765417
v 5.6929874 2.1947343 -0.34335497
v 5.3237586 2.2574766 -0.3502585
v 5.3413706 2.1717703 -0.37358803
v 5.6949716 2.1742244 -0.35027206
v 5.806917 2.1739385 -0.37661436
v 6.40635 5.6750584 -0.8157189
v 6.4083652 5.6750584 -0.946181
v 6.2387505 5.8003435 -0.9449494
v 6.237272 5.8003435 -0.8464842
v 5.5181894 4.005634 -0.56776315
v 5.3210483 4.008283 -0.6788218
v 5.3409595 4.0893726 -0.69339603
v 5.4644165 4.123225 -0.56115735
v 5.668087 4.0056257 -0.53651386
v 5.5181894 4.005634 -0.56776315
v 5.4644165 4.123225 -0.56115735
v 5.6293297 4.13406 -0.4799632
v 5.771941 4.00554 -0.5645712
v 5.8080697 4.139728 -0.47026306
v 5.875796 4.005454 -0.59262854
v 5.9712925 4.1314893 -0.54891145
v 6.0541034 4.0068126 -0.7438285
v 6.095388 4.118855 -0.68718094
v 6.133622 4.0082684 -0.8508615
v 6.095388 4.118855 -0.68718094
v 6.104722 4.088946 -0.8157292
v 6.1790094 4.0103593 -0.93416715
v 6.133622 4.0082684 -0.8508615
v 6.104722 4.088946 -0.8157292
v 6.1465335 4.090022 -0.89206785
v 5.5765586 4.1878223 -0.28276956
v 5.5849314 4.2600846 -0.34318903
v 5.8330064 4.2374454 -0.33916956
v 5.845427 4.163075 -0.2746855
v 6.115885 4.009814 -1.236512
v 6.1491747 4.010102 -1.077063
v 6.121268 4.090897 -1.0212809
v 6.0924354 4.1104107 -1.1897298
v 6.0098343 4.004337 -1.3310935
v 5.9715934 4.118855 -1.3210974
v 5.8043523 4.001014 -1.3938844
v 5.804596 4.1314893 -1.4025211
v 5.6012473 4.0000644 -1.4099739
v 5.623776 4.139728 -1.4139832
v 5.4333277 4.0004506 -1.3351307
v 5.4618177 4.13406 -1.3377495
v 5.31301 4.0027347 -1.244363
v 5.3395677 4.123225 -1.2004765
v 5.224839 4.0063143 -1.1202222
v 5.2749314 4.0893726 -1.0315061
v 5.1706324 4.0110903 -1.0143021
v 5.2741838 4.0895305 -0.9436091
v 5.2083817 4.0080853 -0.80045986
v 5.273436 4.0896873 -0.8557121
v 5.3210483 4.008283 -0.6788218
v 5.3409595 4.0893726 -0.69339603
v 5.845427 4.163075 -0.2746855
v 5.8330064 4.2374454 -0.33916956
v 6.0634837 4.2583494 -0.43816143
v 6.093718 4.186072 -0.3853049
v 5.1493716 4.654569 -0.12697096
v 5.1940265 4.6888423 -0.20286895
v 5.2599316 4.4407687 -0.2970392
v 5.222069 4.3848734 -0.23532514
v 5.5849314 4.2600846 -0.34318903
v 5.5765586 4.1878223 -0.28276956
v 5.124879 4.956838 -0.08915411
v 5.1710215 4.968764 -0.17034104
v 5.1940265 4.6888423 -0.20286895
v 5.1493716 4.654569 -0.12697096
v 5.151265 5.2583103 -0.12291559
v 5.1710215 4.968764 -0.17034104
v 5.193682 5.2480083 -0.20132905
v 5.3139853 5.4197173 -0.11791955
v 5.3489294 5.390747 -0.19537373
v 5.535543 5.5233793 -0.060522664
v 5.5446463 5.492774 -0.15631203
v 5.8891845 5.524913 -0.047356017
v 5.8692694 5.492774 -0.14998564
v 6.2150607 5.5233717 -0.19331887
v 6.170808 5.492774 -0.27876747
v 6.4009647 5.4178915 -0.3280555
v 6.3490415 5.3912926 -0.36986044
v 6.553289 5.2583537 -0.39647183
v 6.48443 5.2480083 -0.45335215
v 6.5906267 4.956837 -0.3751905
v 6.517228 4.968764 -0.43322116
v 6.553548 4.6542234 -0.40129885
v 6.4835196 4.6888423 -0.45468807
v 6.4444256 4.383258 -0.47555616
v 6.385983 4.439501 -0.5177832
v 6.093718 4.186072 -0.3853049
v 6.0634837 4.2583494 -0.43816143
v 6.133622 4.0082684 -0.8508615
v 6.1135354 3.9774697 -0.8681258
v 6.155405 3.9786303 -0.9393798
v 6.1790094 4.0103593 -0.93416715
v 5.0302453 3.7310367 -1.0452485
v 5.0238314 3.739296 -1.0874592
v 4.9694953 3.4283502 -1.125249
v 4.978497 3.4253175 -1.0826597
v 5.6012473 4.0000644 -1.4099739
v 5.447748 3.9748483 -1.3053
v 5.4333277 4.0004506 -1.3351307
v 5.6074862 3.974515 -1.3771544
v 5.8043523 4.001014 -1.3938844
v 5.8001385 3.9748657 -1.3616594
v 6.0098343 4.004337 -1.3310935
v 5.8896446 3.9752364 -1.3340585
v 6.000417 3.975497 -1.3034117
v 5.5181894 4.005634 -0.56776315
v 5.666375 3.975368 -0.56465983
v 5.668087 4.0056257 -0.53651386
v 5.5256176 3.9753413 -0.5943729
v 5.3210483 4.008283 -0.6788218
v 5.3344364 3.9776442 -0.70175755
v 5.668087 4.0056257 -0.53651386
v 5.765853 3.9754224 -0.5919049
v 5.771941 4.00554 -0.5645712
v 5.875796 4.005454 -0.59262854
v 5.865333 3.9754763 -0.61914957
v 5.983407 3.9754043 -0.69291836
v 6.0541034 4.0068126 -0.7438285
v 6.1135354 3.9774697 -0.8681258
v 6.133622 4.0082684 -0.8508615
v 5.771941 4.00554 -0.5645712
v 5.765853 3.9754224 -0.5919049
v 5.865333 3.9754763 -0.61914957
v 5.875796 4.005454 -0.59262854
v 5.1706324 4.0110903 -1.0143021
v 5.19521 3.9802268 -1.0080935
v 5.235729 3.97926 -0.8008964
v 5.2083817 4.0080853 -0.80045986
v 5.224839 4.0063143 -1.1202222
v 5.19521 3.9802268 -1.0080935
v 5.1706324 4.0110903 -1.0143021
v 5.2738633 3.975942 -1.153108
v 5.31301 4.0027347 -1.244363
v 5.345688 3.9760785 -1.2345767
v 5.4333277 4.0004506 -1.3351307
v 5.447748 3.9748483 -1.3053
v 6.115885 4.009814 -1.236512
v 6.095749 3.9784157 -1.2223272
v 6.000417 3.975497 -1.3034117
v 6.0098343 4.004337 -1.3310935
v 5.604349 2.0754335 -1.5136889
v 5.619758 2.0959077 -1.4313159
v 5.8878403 2.0936725 -1.4748248
v 5.8765044 2.0723567 -1.5561945
v 6.1525717 2.0922637 -1.4723219
v 6.1499076 2.0684893 -1.5459734
v 6.4021626 2.0916402 -1.3486074
v 6.418482 2.0630739 -1.390543
v 4.911879 3.1319876 -0.8268302
v 4.9070973 3.0925925 -0.82649106
v 5.0302405 3.1095607 -0.5904347
v 5.0272956 3.1349654 -0.6238073
v 6.587918 3.159526 -1.1346965
v 6.5911474 3.1199727 -1.1348172
v 6.4698257 3.1273174 -1.3504857
v 6.4740977 3.1519616 -1.3196748
v 6.734631 3.1578283 -1.1631657
v 6.6841345 3.1599562 -1.4189059
v 6.530937 3.4568295 -1.4135317
v 6.3631024 3.4324148 -1.3323239
v 6.37992 3.756079 -1.3617703
v 6.263441 3.7289152 -1.2937851
v 6.2535515 3.7364643 -1.3314694
v 6.355763 3.4318907 -1.3713206
v 6.263441 3.7289152 -1.2937851
v 6.2535515 3.7364643 -1.3314694
v 6.158542 3.8571844 -1.2574075
v 6.169746 3.8470156 -1.2207198
v 6.37992 3.756079 -1.3617703
v 6.235567 3.857575 -1.2924099
v 6.260148 3.8851745 -1.3103474
v 6.308494 3.8779585 -1.0878408
v 6.3214035 3.8449612 -0.8947177
v 6.3518205 3.8714912 -0.8884328
v 6.2808347 3.8509228 -1.0826772
v 6.260148 3.8851745 -1.3103474
v 6.235567 3.857575 -1.2924099
v 6.1491747 4.010102 -1.077063
v 6.12721 3.9785292 -1.073108
v 6.095749 3.9784157 -1.2223272
v 6.115885 4.009814 -1.236512
v 5.2083817 4.0080853 -0.80045986
v 5.235729 3.97926 -0.8008964
v 5.3344364 3.9776442 -0.70175755
v 5.3210483 4.008283 -0.6788218
v 5.4435053 2.0735433 -1.4928689
v 5.461602 2.0946438 -1.4105024
v 5.619758 2.0959077 -1.4313159
v 5.604349 2.0754335 -1.5136889
v 4.9735165 2.0645444 -0.84209615
v 5.0023594 2.0919344 -0.84262145
v 5.013195 2.0923119 -1.0744158
v 4.9808273 2.0654933 -1.1078373
v 6.471689 2.0634146 -1.1299189
v 6.4445195 2.0917795 -1.1242394
v 6.4894223 2.0917969 -0.90045273
v 6.5203876 2.062836 -0.8712712
v 6.41453 2.0924084 -0.7911715
v 6.4432383 2.0657818 -0.73836744
v 5.0190215 2.063665 -0.5807831
v 5.037225 2.092055 -0.61963546
v 5.0023594 2.0919344 -0.84262145
v 4.9735165 2.0645444 -0.84209615
v 6.418482 2.0630739 -1.390543
v 6.4021626 2.0916402 -1.3486074
v 6.4445195 2.0917795 -1.1242394
v 6.471689 2.0634146 -1.1299189
v 5.3777304 2.068451 -0.35386077
v 5.1545334 2.092617 -0.548375
v 5.146585 2.0663729 -0.4892275
v 5.3755584 2.0939474 -0.4322902
v 5.7095695 2.0718265 -0.3226244
v 5.695555 2.096168 -0.4111903
v 5.9308286 2.0715175 -0.37511268
v 5.9104123 2.09562 -0.4617493
v 6.2266984 2.0688295 -0.50198495
v 6.200835 2.0941272 -0.5785151
v 6.4432383 2.0657818 -0.73836744
v 6.41453 2.0924084 -0.7911715
v 4.9808273 2.0654933 -1.1078373
v 5.013195 2.0923119 -1.0744158
v 5.0979943 2.0934098 -1.1765417
v 5.08335 2.0689468 -1.240142
v 5.2544184 2.0936081 -1.3217075
v 5.2286453 2.0709522 -1.3943516
v 5.461602 2.0946438 -1.4105024
v 5.4435053 2.0735433 -1.4928689
v 6.1790094 4.0103593 -0.93416715
v 6.155405 3.9786303 -0.9393798
v 6.12721 3.9785292 -1.073108
v 6.1491747 4.010102 -1.077063
v 5.146585 2.0663729 -0.4892275
v 5.1545334 2.092617 -0.548375
v 5.037225 2.092055 -0.61963546
v 5.0190215 2.063665 -0.5807831
v 6.1491747 4.010102 -1.077063
v 6.1790094 4.0103593 -0.93416715
v 6.1465335 4.090022 -0.89206785
v 6.121268 4.090897 -1.0212809
v 5.416753 5.879495 -0.9966312
v 5.200146 5.8003435 -1.0366553
v 5.198532 5.8003435 -0.9381635
v 5.41574 5.879495 -0.93941915
v 5.0323215 5.6750584 -1.0676656
v 5.0302405 5.6750584 -0.9371906
v 5.198532 5.8003435 -0.9381635
v 5.200146 5.8003435 -1.0366553
v 4.724511 5.2574615 -1.2061555
v 4.8256946 5.5208054 -1.0003477
v 4.725157 5.2574925 -1.001641
v 4.7257595 4.6544223 -1.2059252
v 4.6826763 4.9568486 -1.2153823
v 4.68335 4.9568486 -1.0021747
v 5.0395246 4.161281 -1.1279575
v 4.85305 4.374178 -1.1743333
v 5.0393376 4.1596737 -0.9931377
v 5.962009 3.1303122 -1.8218032
v 5.967342 2.9072988 -1.8091475
v 6.2439666 2.9100106 -1.7539887
v 6.2213645 3.1345775 -1.7695184
v 4.7599735 2.6848333 -0.47636047
v 4.7004375 2.6836908 -0.8035181
v 4.6913676 2.9243875 -0.79650444
v 4.745595 2.9210312 -0.50377613
v 5.3409595 4.0893726 -0.69339603
v 6.104722 4.088946 -0.8157292
v 6.095388 4.118855 -0.68718094
v 5.4644165 4.123225 -0.56115735
v 5.9712925 4.1314893 -0.54891145
v 5.6293297 4.13406 -0.4799632
v 5.8080697 4.139728 -0.47026306
v 5.4618177 4.13406 -1.3377495
v 5.623776 4.139728 -1.4139832
v 5.804596 4.1314893 -1.4025211
v 5.9715934 4.118855 -1.3210974
v 5.3395677 4.123225 -1.2004765
v 6.0924354 4.1104107 -1.1897298
v 5.2749314 4.0893726 -1.0315061
v 6.121268 4.090897 -1.0212809
v 5.2741838 4.0895305 -0.9436091
v 6.1465335 4.090022 -0.89206785
v 5.273436 4.0896873 -0.8557121
v 6.104722 4.088946 -0.8157292
v 5.3409595 4.0893726 -0.69339603
v -1.1574308 5.338929 0.20764816
v -1.0627528 4.9372807 0.31106824
v -1.3845326 4.867808 0.10083948
v -1.5597209 5.233911 -0.1443008
v -1.4960918 4.836205 -0.04474819
v -1.1354629 5.454246 0.0861618
v -1.6274035 4.7596035 -0.5021962
v -1.5177599 5.3491497 -0.25140512
v -1.0197314 5.6302557 -0.2571357
v -1.6491085 5.1593757 -0.5590698
v -1.5012933 4.7287087 -0.8213155
v -1.2755964 5.5412803 -0.60503566
v -0.9078111 5.654228 -0.64702755
v -1.5748419 5.2901745 -0.5690652
v -1.4755234 5.2626657 -0.8296956
v -1.5175915 5.125569 -0.86734104
v -1.0838915 5.530778 -0.88123536
v -1.4048402 4.831847 -0.963389
v -1.2716073 4.709852 -1.1309226
v -1.2787876 4.819448 -1.140473
v -1.4060434 4.873694 -0.9696916
v -1.0736573 4.831847 -1.212374
v -1.2819084 4.860651 -1.1446242
v -0.9103841 4.7287087 -1.2655668
v -1.2976272 5.1004486 -1.1655325
v -0.95007 5.125569 -1.2940087
v -1.0793787 4.873694 -1.2152816
v -1.25279 5.244464 -1.1058935
v -0.9255921 5.2626657 -1.2431377
v -0.6173987 5.1593757 -1.3347179
v -0.56879264 4.7596035 -1.2980686
v -0.76530826 5.5412803 -0.9886743
v -0.50217426 5.6302557 -0.64623773
v -0.64762956 5.2901745 -1.2661499
v -0.3583276 5.3491497 -1.1230763
v -0.14023827 5.454246 -0.66205525
v -0.24378076 5.233911 -1.1336343
v -0.16582309 4.836205 -1.0448546
v -0.01743773 5.338929 -0.6494199
v -0.056953356 4.867808 -0.89724517
v 0.05561102 4.9372807 -0.5297387
v -0.727901 5.3858137 0.20337564
v -1.0627528 4.9372807 0.31106824
v -1.1574308 5.338929 0.20764816
v -0.6420395 4.973526 0.30470085
v -0.392279 5.39247 0.038695883
v -0.30769843 4.988049 0.15119848
v -0.06736351 4.973526 -0.12734498
v -0.14085095 5.3858137 -0.23797207
v 0.05561102 4.9372807 -0.5297387
v -0.01743773 5.338929 -0.6494199
v -0.727901 5.3858137 0.20337564
v -1.1574308 5.338929 0.20764816
v -1.1354629 5.454246 0.0861618
v -0.79675716 5.4908075 0.10770588
v -0.45193195 5.5026536 -0.04064892
v -1.0197314 5.6302557 -0.2571357
v -0.392279 5.39247 0.038695883
v -0.14085095 5.3858137 -0.23797207
v -0.69625217 5.6576743 -0.36562714
v -0.9078111 5.654228 -0.64702755
v -0.50217426 5.6302557 -0.64623773
v -0.2136276 5.4908075 -0.33069554
v -0.14023827 5.454246 -0.66205525
v -0.01743773 5.338929 -0.6494199
v -1.0627528 4.9372807 0.31106824
v -0.8324468 4.7594395 0.6015837
v -1.3845326 4.867808 0.10083948
v -0.6038954 4.8104568 0.703457
v -0.6420395 4.973526 0.30470085
v -0.27938703 4.8567343 0.61800385
v -0.30769843 4.988049 0.15119848
v -0.04768714 4.8854556 0.49704728
v 0.13287269 4.8567343 0.30806458
v -0.06736351 4.973526 -0.12734498
v 0.3051048 4.8104568 0.020064391
v 0.05561102 4.9372807 -0.5297387
v 0.05561102 4.9372807 -0.5297387
v 0.2707276 4.7594395 -0.2277904
v 0.3051048 4.8104568 0.020064391
v -0.056953356 4.867808 -0.89724517
v -3.110427 5.420692 1.3078979
v -3.0176985 5.019044 1.4130698
v -3.335487 4.949571 1.1968689
v -3.5060658 5.3156743 0.9484934
v -3.4443047 4.917968 1.0492218
v -3.0861902 5.5360093 1.1868483
v -3.5670452 4.841367 0.58939403
v -3.462107 5.430913 0.84219503
v -2.96406 5.712019 0.8457708
v -3.5876849 5.2411394 0.53212273
v -3.4349935 4.810472 0.27268532
v -3.2133784 5.6230435 0.49315074
v -2.8448718 5.735991 0.4580396
v -3.5132399 5.3719378 0.5235226
v -3.4090679 5.3444285 0.26479134
v -3.4504275 5.207332 0.22636402
v -3.0165398 5.612541 0.2205831
v -3.3358967 4.9136105 0.13244745
v -3.1995547 4.791615 -0.032567266
v -2.6960063 5.6230435 0.11911757
v -2.4393213 5.712019 0.46641228
v -2.2865813 5.430913 -0.0076489565
v -2.07715 5.5360093 0.4573659
v -2.1718614 5.3156743 -0.016066562
v -1.9546057 5.420692 0.47229922
v -1.9894814 4.949571 0.22377719
v -1.8838055 5.019044 0.59332424
v -2.095572 4.917968 0.07415819
v -2.493742 4.841367 -0.18654874
v -2.541655 5.2411394 -0.22410232
v -2.8358803 4.810472 -0.16044183
v -2.5731597 5.3719378 -0.15610576
v -2.8515058 5.3444285 -0.13829687
v -2.8750296 5.207332 -0.18961817
v -3.1812074 5.326227 -0.007189836
v -3.2249258 5.1822114 -0.06766161
v -3.2096007 4.9424143 -0.046463717
v -3.0001168 4.9136105 -0.11030367
v -3.336983 4.9554577 0.12612057
v -3.005784 4.9554577 -0.11331855
v -3.2065587 4.9012113 -0.0422558
v -3.185291 4.947374 -0.012837641
v -2.9925508 4.9597754 -0.07593126
v -3.3056285 4.9597754 0.15040813
v -2.9868405 4.9172072 -0.07285385
v -3.3044968 4.9172072 0.15679504
v -3.1821935 4.904625 -0.00855286
v -3.4155025 5.2008557 0.24802406
v -2.8654103 5.2008557 -0.14966328
v -3.1751888 4.795029 0.0011358284
v -3.4004562 4.8142457 0.29296148
v -2.8274553 4.8142457 -0.12128797
v -3.1999905 5.17612 -0.033170506
v -3.5455694 5.2335486 0.53751117
v -3.525297 4.8445807 0.59269214
v -2.5497408 5.2335486 -0.18242021
v -2.503696 4.8445807 -0.14587207
v -3.3809109 5.321567 0.28340814
v -2.8426547 5.321567 -0.10572295
v -3.4692779 5.302631 0.9299805
v -3.4076374 4.9184623 1.0315295
v -3.306875 4.944204 1.1676497
v -3.0932927 5.401296 1.2725605
v -2.998737 5.000142 1.3763814
v -3.0712905 5.5027733 1.1661612
v -3.4329302 5.4024777 0.8341886
v -2.9546263 5.67234 0.8377316
v -3.480468 5.3475604 0.53068095
v -3.1928113 5.5874944 0.4992563
v -2.8400838 5.6960926 0.46466246
v -3.0033257 5.5773582 0.23886101
v -3.1612377 5.3028183 0.020433234
v -2.6966558 5.5874944 0.14056262
v -2.449913 5.67234 0.4728506
v -2.5766356 5.3475604 -0.12274191
v -2.3033304 5.4024777 0.017546806
v -2.1014662 5.5027733 0.4650291
v -2.2009742 5.302631 0.013063505
v -2.1238666 4.9184623 0.103430524
v -1.9935327 5.401296 0.4774911
v -2.0261972 4.944204 0.24178682
v -1.924589 5.000142 0.59982806
v -2.68089 5.467577 1.3116593
v -3.0176985 5.019044 1.4130698
v -3.110427 5.420692 1.3078979
v -2.596938 5.0552893 1.4145718
v -2.3422503 5.474233 1.1532799
v -2.2597837 5.069812 1.2673501
v -2.0142868 5.0552893 0.9933457
v -2.085693 5.467577 0.8813626
v -1.8838055 5.019044 0.59332424
v -1.9546057 5.420692 0.47229922
v -2.68089 5.467577 1.3116593
v -3.110427 5.420692 1.3078979
v -3.0861902 5.5360093 1.1868483
v -2.7479465 5.572571 1.2147211
v -2.4004061 5.584417 1.0728375
v -2.96406 5.712019 0.8457708
v -2.3422503 5.474233 1.1532799
v -2.085693 5.467577 0.8813626
v -2.638608 5.7394376 0.74334943
v -2.8448718 5.735991 0.4580396
v -2.4393213 5.712019 0.46641228
v -2.1567214 5.572571 0.7872961
v -2.07715 5.5360093 0.4573659
v -1.9546057 5.420692 0.47229922
v -3.0176985 5.019044 1.4130698
v -2.7928624 4.8412023 1.7078451
v -3.335487 4.949571 1.1968689
v -2.5662549 4.89222 1.813975
v -2.596938 5.0552893 1.4145718
v -2.2402072 4.9384975 1.7345976
v -2.2597837 5.069812 1.2673501
v -2.006284 4.967219 1.6179979
v -1.8222266 4.9384975 1.4324188
v -2.0142868 5.0552893 0.9933457
v -1.6446366 4.89222 1.1476941
v -1.8838055 5.019044 0.59332424
v -1.6743749 4.8412023 0.8992381
v -1.9894814 4.949571 0.22377719
v -2.910428 5.5409575 0.95775276
v -2.9569914 5.527737 0.99408543
v -3.019127 5.7020097 1.0148067
v -2.9656253 5.717091 0.9751863
v -2.8637707 5.5541873 0.921543
v -2.912126 5.732172 0.93556255
v -3.0780437 5.8791437 1.055927
v -3.0106936 5.897789 1.0085576
v -3.1191878 6.0405045 1.1045655
v -3.0418024 6.061373 1.0526606
v -2.9433422 5.9164352 0.9611866
v -3.148478 6.215178 1.1685892
v -2.964417 6.0822415 1.0007554
v -3.0650704 6.2368016 1.1154692
v -3.1602237 6.467692 1.2835362
v -2.9816623 6.258425 1.0623477
v -3.0798712 6.487094 1.2357328
v -3.1574433 6.536626 1.322098
v -2.9991612 6.5062394 1.1884291
v -3.053586 6.685927 1.3985994
v -3.0008485 6.573079 1.231505
v -2.912126 5.732172 0.93556255
v -3.0106936 5.897789 1.0085576
v -2.9656253 5.717091 0.9751863
v -2.912126 5.732172 0.93556255
v -2.7822075 5.577326 0.85851055
v -2.8637707 5.5541873 0.921543
v -2.8242629 5.764606 0.8707654
v -2.9433422 5.9164352 0.9611866
v -2.8956277 5.5511284 0.7016251
v -2.8505166 5.9351315 0.8957904
v -2.964417 6.0822415 1.0007554
v -2.9386883 5.760261 0.7124887
v -3.0740438 5.4952073 0.7307495
v -2.8707297 6.1031723 0.93758106
v -2.9816623 6.258425 1.0623477
v -3.139923 5.702402 0.73440224
v -3.1507862 5.4700394 0.90187573
v -2.9646065 5.950682 0.73797774
v -2.8876796 6.2920475 1.0066335
v -2.9991612 6.5062394 1.1884291
v -3.2246878 5.670206 0.9244059
v -3.0381496 5.5047092 1.0576781
v -3.1885757 5.8999443 0.75566274
v -2.9833148 6.138331 0.7818501
v -2.9021657 6.5494103 1.1439439
v -3.0008485 6.573079 1.231505
v -3.1105177 5.683961 1.0823288
v -2.9569914 5.527737 0.99408543
v -3.019127 5.7020097 1.0148067
v -3.2818613 5.852629 0.96086484
v -3.1674492 5.847323 1.1191219
v -3.0780437 5.8791437 1.055927
v -3.2235744 6.101105 0.79711753
v -2.9971182 6.3492436 0.8552549
v -2.9003081 6.756863 1.2942823
v -3.053586 6.685927 1.3985994
v -3.3245208 6.0358067 1.0089889
v -3.2109668 6.011361 1.1660602
v -3.1191878 6.0405045 1.1045655
v -3.2461073 6.328782 0.869262
v -3.004578 6.6366343 1.0022843
v -3.0394552 6.736603 1.453168
v -3.1574433 6.536626 1.322098
v -3.3544035 6.2406254 1.0768905
v -3.243149 6.1947923 1.2307912
v -3.148478 6.215178 1.1685892
v -2.9943173 6.868292 1.1642463
v -3.2464015 6.642008 1.0184405
v -3.2427547 6.6833444 1.4823234
v -3.1602237 6.467692 1.2835362
v -3.2570379 6.465165 1.3521795
v -3.362126 6.5425596 1.2068177
v -3.1879349 6.8984656 1.24876
v -3.3400612 6.786196 1.3477252
v -2.0327108 6.4870934 0.47869307
v -1.8862953 6.685927 0.55470985
v -1.9263818 6.536626 0.43210492
v -1.9621278 6.4676914 0.41737592
v -2.1515543 6.2368016 0.45504433
v -2.0327108 6.4870934 0.47869307
v -2.0749621 6.215178 0.39249438
v -2.21849 6.061373 0.4574481
v -2.1449406 6.0405045 0.40023658
v -2.2920394 6.0822415 0.514662
v -2.2281442 6.258424 0.517594
v -2.3362207 5.916435 0.52226996
v -2.2701235 5.897789 0.4731639
v -2.2040255 5.8791437 0.42405796
v -2.3703377 5.732172 0.54388064
v -2.31594 5.717091 0.5054966
v -2.3988094 5.554187 0.5854009
v -2.2615435 5.7020097 0.46711418
v -2.3497984 5.540957 0.5524471
v -2.300701 5.527737 0.5196224
v -2.3703377 5.732172 0.54388064
v -2.3988094 5.554187 0.5854009
v -2.4842339 5.5773253 0.64309156
v -2.459413 5.7646055 0.6069983
v -2.3362207 5.916435 0.52226996
v -2.5976539 5.551128 0.48620555
v -2.427419 5.935131 0.58991337
v -2.2920394 6.0822415 0.514662
v -2.5738382 5.7602606 0.4487218
v -2.5140665 5.4952064 0.32591566
v -2.3813982 6.1031723 0.5838204
v -2.2281442 6.258424 0.517594
v -2.4899447 5.702402 0.26450184
v -2.3275068 5.470039 0.30668744
v -2.5415094 5.950682 0.43210003
v -2.3105133 6.2920475 0.5893725
v -2.1029315 6.5062394 0.5405051
v -2.2829454 5.6702056 0.24357682
v -2.2148695 5.5047092 0.46249053
v -2.4545033 5.899944 0.22496736
v -2.4939833 6.1383305 0.4280895
v -2.1755853 6.54941 0.61866367
v -2.0615008 6.5730786 0.55240655
v -2.168776 5.6839604 0.40149915
v -2.300701 5.527737 0.5196224
v -2.2615435 5.7020097 0.46711418
v -2.2303996 5.8526287 0.20071393
v -2.115988 5.847323 0.3589715
v -2.2040255 5.8791437 0.42405796
v -2.4041653 6.101104 0.20472747
v -2.419952 6.349243 0.43799388
v -2.033408 6.756863 0.66755897
v -1.8862953 6.685927 0.55470985
v -2.0577738 6.01136 0.33236235
v -2.1449406 6.0405045 0.40023658
v -2.1713278 6.0358067 0.17529134
v -2.328595 6.328782 0.20594859
v -2.2779973 6.636634 0.47700474
v -2.0974808 6.240625 0.1682018
v -2.1868443 6.642008 0.2524365
v -1.9862183 6.1947923 0.32209677
v -2.0749621 6.215178 0.39249438
v -1.9716839 6.5425596 0.20160091
v -1.8665937 6.465165 0.3469619
v -1.9621278 6.4676914 0.41737592
v -2.1274168 6.868292 0.537523
v -1.7474883 6.6833444 0.4013254
v -1.9263818 6.536626 0.43210492
v -1.8389078 6.736603 0.58523566
v -1.9864634 6.8984656 0.38015953
v -1.8447955 6.786196 0.26672715
v -2.0974808 6.240625 0.1682018
v -2.1868443 6.642008 0.2524365
v -2.328595 6.328782 0.20594859
v -2.2281442 6.258424 0.517594
v -2.0327108 6.4870934 0.47869307
v -2.1515543 6.2368016 0.45504433
v -2.1029315 6.5062394 0.5405051
v -2.0615008 6.5730786 0.55240655
v -1.8862953 6.685927 0.55470985
v -2.0327108 6.4870934 0.47869307
v -2.687178 5.446496 1.2757775
v -3.0932927 5.401296 1.2725605
v -2.998737 5.000142 1.3763814
v -2.600654 5.0230985 1.3832431
v -2.3631623 5.4526114 1.1243536
v -2.2774122 5.0347257 1.2429659
v -2.0428712 5.0230985 0.979995
v -2.1177945 5.446496 0.8641424
v -1.924589 5.000142 0.59982806
v -1.9935327 5.401296 0.4774911
v -2.687178 5.446496 1.2757775
v -3.0712905 5.5027733 1.1661612
v -3.0932927 5.401296 1.2725605
v -2.749085 5.5387115 1.1912521
v -2.4137468 5.549783 1.0543842
v -2.9546263 5.67234 0.8377316
v -2.3631623 5.4526114 1.1243536
v -2.1177945 5.446496 0.8641424
v -2.64322 5.699402 0.73696995
v -2.8400838 5.6960926 0.46466246
v -2.449913 5.67234 0.4728506
v -2.1786504 5.5387115 0.77885854
v -2.1014662 5.5027733 0.4650291
v -1.9935327 5.401296 0.4774911
v -2.998737 5.000142 1.3763814
v -3.306875 4.944204 1.1676497
v -2.7740831 4.818891 1.680061
v -2.560636 4.8549366 1.794842
v -2.600654 5.0230985 1.3832431
v -2.2409923 4.90043 1.7222548
v -2.2774122 5.0347257 1.2429659
v -2.0121412 4.928325 1.6098957
v -1.8337027 4.90043 1.4278059
v -2.0428712 5.0230985 0.979995
v -1.6645666 4.8549366 1.1470307
v -1.924589 5.000142 0.59982806
v -1.7066464 4.818891 0.90836024
v -2.0261972 4.944204 0.24178682
v -2.7928624 4.8412023 1.7078451
v -3.306875 4.944204 1.1676497
v -3.335487 4.949571 1.1968689
v -2.7740831 4.818891 1.680061
v -2.5662549 4.89222 1.813975
v -2.560636 4.8549366 1.794842
v -2.2402072 4.9384975 1.7345976
v -2.2409923 4.90043 1.7222548
v -2.006284 4.967219 1.6179979
v -2.0121412 4.928325 1.6098957
v -1.8222266 4.9384975 1.4324188
v -1.8337027 4.90043 1.4278059
v -1.6446366 4.89222 1.1476941
v -1.6645666 4.8549366 1.1470307
v -1.6743749 4.8412023 0.8992381
v -1.7066464 4.818891 0.90836024
v -1.9894814 4.949571 0.22377719
v -2.0261972 4.944204 0.24178682
v -3.335487 4.949571 1.1968689
v -3.306875 4.944204 1.1676497
v -3.4076374 4.9184623 1.0315295
v -3.4443047 4.917968 1.0492218
v -3.525297 4.8445807 0.59269214
v -3.5670452 4.841367 0.58939403
v -3.4004562 4.8142457 0.29296148
v -3.4349935 4.810472 0.27268532
v -3.1751888 4.795029 0.0011358284
v -3.1995547 4.791615 -0.032567266
v -2.8274553 4.8142457 -0.12128797
v -2.8358803 4.810472 -0.16044183
v -2.503696 4.8445807 -0.14587207
v -2.493742 4.841367 -0.18654874
v -2.1238666 4.9184623 0.103430524
v -2.095572 4.917968 0.07415819
v -2.0261972 4.944204 0.24178682
v -1.9894814 4.949571 0.22377719
v 1.1474632 5.2757783 1.410129
v 1.2932659 5.2162466 1.3766289
v 1.3048683 5.2097063 1.4371083
v 1.1528718 5.268985 1.4734672
v 0.9847775 5.282705 1.4832416
v 0.9896818 5.2895923 1.419785
v 0.8160992 5.26704 1.3896817
v 0.8013186 5.260695 1.452891
v 0.71980613 5.2388334 1.4250611
v 0.74037826 5.2447257 1.3618188
v 0.684502 5.2387094 1.3415788
v 0.6610776 5.234389 1.4020401
v 0.6304726 5.227669 1.321274
v 0.60642284 5.22379 1.3792335
v 0.5950962 5.196481 1.3050305
v 0.5705929 5.192059 1.3629158
v 0.5809599 5.159 1.296451
v 0.5564684 5.1540775 1.3534536
v 0.5658633 5.115718 1.3536541
v 0.59048027 5.1208763 1.2970028
v 0.6268723 5.2315183 0.6817783
v 0.6758345 5.2106314 1.3496168
v 0.62747306 5.209855 1.3499131
v 0.6729726 5.2328515 0.68216795
v 0.6754238 5.193985 0.5857001
v 0.6299093 5.188664 0.5832494
v 0.6478002 5.0948 0.5040942
v 0.69609016 5.1018496 0.5078053
v 1.3048683 5.2097063 1.4371083
v 1.2932659 5.2162466 1.3766289
v 1.3299116 5.139229 1.3606862
v 1.342881 5.133086 1.4215155
v 1.3149999 5.0339775 1.3555915
v 1.3281704 5.027655 1.4183003
v 1.2724829 4.9208136 1.353937
v 1.2835596 4.91409 1.4161085
v 1.1425912 4.7777867 1.3625764
v 1.1468838 4.771559 1.4240491
v 0.59744024 5.090267 1.3684237
v 0.59048027 5.1208763 1.2970028
v 0.5658633 5.115718 1.3536541
v 0.6230575 5.0959263 1.3061237
v 0.62442875 5.047624 1.3749603
v 0.6478146 5.053864 1.3123945
v 0.6870237 4.947367 1.3187135
v 0.6658765 4.9420996 1.3800842
v 0.73418736 4.8621597 1.3323557
v 0.71593213 4.8577175 1.3938884
v 0.80935454 4.792955 1.3495735
v 0.79627836 4.7875137 1.4112118
v 0.9681972 4.7552967 1.4332305
v 0.9724951 4.760231 1.3691862
v 1.1468838 4.771559 1.4240491
v 1.1425912 4.7777867 1.3625764
v 0.6262145 5.1565337 0.6932085
v 0.6280655 5.1207905 1.3486409
v 0.6756026 5.1203637 1.3482809
v 0.67602795 5.157672 0.6940754
v 0.63413644 5.131891 0.6161702
v 0.6840504 5.1373467 0.6191285
v 0.6505388 5.0640855 0.5438599
v 0.6995755 5.0717177 0.5478776
v 0.6478002 5.0948 0.5040942
v 0.63413644 5.131891 0.6161702
v 0.6505388 5.0640855 0.5438599
v 0.6299093 5.188664 0.5832494
v 0.6262145 5.1565337 0.6932085
v 0.6268723 5.2315183 0.6817783
v 0.62747306 5.209855 1.3499131
v 0.6280655 5.1207905 1.3486409
v 0.6840504 5.1373467 0.6191285
v 0.69609016 5.1018496 0.5078053
v 0.6995755 5.0717177 0.5478776
v 0.6754238 5.193985 0.5857001
v 0.6729726 5.2328515 0.68216795
v 0.67602795 5.157672 0.6940754
v 0.6758345 5.2106314 1.3496168
v 0.6756026 5.1203637 1.3482809
v 0.6505388 5.0640855 0.5438599
v 0.6995755 5.0717177 0.5478776
v 0.69609016 5.1018496 0.5078053
v 0.6478002 5.0948 0.5040942
v 1.2500073 5.065672 1.4194014
v 1.335363 4.9591575 1.4059167
v 1.2759848 4.94726 1.4090904
v 1.3220823 5.0840836 1.4144388
v 1.4123673 4.9651165 1.3859785
v 1.414072 5.0902076 1.390834
v 1.5006247 5.0840836 1.351744
v 1.4849335 4.9591575 1.3533953
v 1.5599791 5.065672 1.3105552
v 1.5332582 4.94726 1.3187492
v 0.7612055 5.0965214 1.3503556
v 0.7381484 5.091011 1.4183995
v 0.8055184 5.1526413 1.4434198
v 0.82473767 5.158945 1.3774142
v 0.8615085 5.169501 1.4573077
v 0.8745524 5.1745696 1.3913648
v 0.98680645 5.1859293 1.4774314
v 0.9917146 5.190661 1.4110534
v 1.1174003 5.1772494 1.4719027
v 1.1119066 5.183008 1.4045243
v 1.2218949 5.1362476 1.4538904
v 1.2091721 5.1429353 1.3854508
v 1.2437326 5.098879 1.4461988
v 1.2292274 5.1052613 1.3780801
v 1.2324519 5.036254 1.442143
v 1.21845 5.0428905 1.3770546
v 1.2023602 4.9524937 1.4405197
v 1.1906189 4.9601126 1.3736836
v 1.1091253 4.857031 1.4382697
v 1.104044 4.8628817 1.3682771
v 0.7646263 5.055826 1.3516725
v 0.7381484 5.091011 1.4183995
v 0.7612055 5.0965214 1.3503556
v 0.7427816 5.050414 1.4152628
v 0.78147894 4.980925 1.3489424
v 0.7610301 4.9760747 1.4134685
v 0.812802 4.915062 1.3537376
v 0.79356205 4.910246 1.4197733
v 0.8539244 4.879172 1.3615043
v 0.8401878 4.872086 1.4291177
v 0.97798145 4.855048 1.3746089
v 0.9738426 4.8480773 1.4417814
v 1.104044 4.8628817 1.3682771
v 1.1091253 4.857031 1.4382697
v 1.248482 5.0708175 1.3764024
v 1.2750688 4.949579 1.3657365
v 1.329625 4.960755 1.3625969
v 1.3166593 5.087443 1.3727763
v 1.3978666 4.9660373 1.3446832
v 1.3999878 5.092444 1.3507241
v 1.4788094 5.087443 1.315838
v 1.4623257 4.960755 1.3159992
v 1.534288 5.0708175 1.2760426
v 1.5068681 4.949579 1.2843406
v 1.335363 4.9591575 1.4059167
v 1.2750688 4.949579 1.3657365
v 1.2759848 4.94726 1.4090904
v 1.329625 4.960755 1.3625969
v 1.4123673 4.9651165 1.3859785
v 1.3978666 4.9660373 1.3446832
v 1.4623257 4.960755 1.3159992
v 1.4849335 4.9591575 1.3533953
v 1.5068681 4.949579 1.2843406
v 1.5332582 4.94726 1.3187492
v 1.3220823 5.0840836 1.4144388
v 1.2500073 5.065672 1.4194014
v 1.248482 5.0708175 1.3764024
v 1.3166593 5.087443 1.3727763
v 1.414072 5.0902076 1.390834
v 1.3999878 5.092444 1.3507241
v 1.4788094 5.087443 1.315838
v 1.5006247 5.0840836 1.351744
v 1.534288 5.0708175 1.2760426
v 1.5599791 5.065672 1.3105552
v 1.1134324 4.8461933 1.4229256
v 0.97423226 4.835086 1.4278237
v 0.98789304 5.2007084 1.4661791
v 1.1195382 5.1917295 1.4600472
v 1.2431159 5.034451 1.4272075
v 1.2270396 5.147448 1.4399476
v 1.2537642 5.102987 1.4304193
v 1.2106869 4.9470944 1.425314
v 0.97423226 4.835086 1.4278237
v 0.83779645 4.8613753 1.4139496
v 0.8607302 5.184399 1.4456891
v 0.98789304 5.2007084 1.4661791
v 1.1134324 4.8461933 1.4229256
v 1.1195382 5.1917295 1.4600472
v 1.2270396 5.147448 1.4399476
v 1.2106869 4.9470944 1.425314
v 1.6342132 5.2757783 1.2392075
v 1.5282339 5.2097063 1.3586733
v 1.4994758 5.2162466 1.3042184
v 1.6695918 5.268985 1.2920223
v 1.8068953 5.282705 1.1945565
v 1.7633926 5.2895923 1.1480982
v 1.8800462 5.26704 1.0160788
v 1.9311004 5.260695 1.0561701
v 1.9773185 5.2388334 0.9834882
v 1.9217231 5.2447257 0.9469916
v 1.95268 5.2387094 0.89626
v 2.0087607 5.234389 0.92880356
v 1.9821517 5.227669 0.84663457
v 2.0371578 5.22379 0.87683356
v 1.9996061 5.196481 0.81183964
v 2.0549202 5.192059 0.84169716
v 2.005275 5.159 0.7963056
v 2.0600278 5.1540775 0.82548153
v 2.0528207 5.115718 0.83151174
v 1.9981893 5.1208763 0.8026879
v 1.5945497 5.2315183 0.32287514
v 2.000643 5.209855 0.85343456
v 1.9620854 5.2106314 0.8826279
v 1.5582049 5.2328515 0.35123652
v 1.497557 5.193985 0.2761771
v 1.5321836 5.188664 0.24653594
v 1.4698194 5.0948 0.1946096
v 1.4337573 5.1018496 0.22694013
v 1.5282339 5.2097063 1.3586733
v 1.4609078 5.139229 1.3146871
v 1.4994758 5.2162466 1.3042184
v 1.4888165 5.133086 1.3702705
v 1.4693606 5.0339775 1.301388
v 1.4982877 5.027655 1.3585643
v 1.501509 4.9208136 1.273515
v 1.5317341 4.91409 1.3289627
v 1.6082858 4.7777867 1.1990486
v 1.6433703 4.771559 1.249709
v 2.0374124 5.090267 0.8627803
v 2.0528207 5.115718 0.83151174
v 1.9981893 5.1208763 0.8026879
v 1.9784667 5.0959263 0.8301744
v 2.0204332 5.047624 0.8847557
v 1.9630672 5.053864 0.8505459
v 1.936415 4.947367 0.87999207
v 1.991288 4.9420996 0.91466796
v 1.9081342 4.8621597 0.9201264
v 1.9608526 4.8577175 0.9567368
v 1.8602344 4.792955 0.98055905
v 1.9089764 4.7875137 1.02049
v 1.7885668 4.7552967 1.1451596
v 1.7451733 4.760231 1.0978618
v 1.6433703 4.771559 1.249709
v 1.6082858 4.7777867 1.1990486
v 1.6020273 5.1565337 0.33154503
v 1.9614565 5.1203637 0.88142675
v 1.9993986 5.1207905 0.85278547
v 1.5630256 5.157672 0.36254516
v 1.5488619 5.131891 0.27523264
v 1.5110533 5.1373467 0.3079534
v 1.4918444 5.0640855 0.22783187
v 1.4553764 5.0717177 0.26085994
v 1.4698194 5.0948 0.1946096
v 1.4918444 5.0640855 0.22783187
v 1.5488619 5.131891 0.27523264
v 1.5321836 5.188664 0.24653594
v 1.6020273 5.1565337 0.33154503
v 1.5945497 5.2315183 0.32287514
v 2.000643 5.209855 0.85343456
v 1.9993986 5.1207905 0.85278547
v 1.5110533 5.1373467 0.3079534
v 1.4553764 5.0717177 0.26085994
v 1.4337573 5.1018496 0.22694013
v 1.497557 5.193985 0.2761771
v 1.5582049 5.2328515 0.35123652
v 1.5630256 5.157672 0.36254516
v 1.9620854 5.2106314 0.8826279
v 1.9614565 5.1203637 0.88142675
v 1.4918444 5.0640855 0.22783187
v 1.4698194 5.0948 0.1946096
v 1.4337573 5.1018496 0.22694013
v 1.4553764 5.0717177 0.26085994
v 1.8983016 5.0965214 0.95106643
v 1.9219013 5.1526413 1.0514041
v 1.9588379 5.091011 0.9897566
v 1.8656362 5.158945 1.0119046
v 1.8868862 5.169501 1.0972486
v 1.8354781 5.1745696 1.0539377
v 1.8016772 5.1859293 1.1912907
v 1.7563471 5.190661 1.1425544
v 1.6962975 5.1772494 1.2686237
v 1.6584599 5.183008 1.2126034
v 1.6034842 5.1362476 1.3198962
v 1.5706232 5.1429353 1.258528
v 1.5816302 5.098879 1.3275465
v 1.5503644 5.1052613 1.2653133
v 1.5878985 5.036254 1.3173286
v 1.5581326 5.0428905 1.2577758
v 1.610369 4.9524937 1.2972482
v 1.5777465 4.9601126 1.2377446
v 1.6817286 4.857031 1.2372013
v 1.6419346 4.8628817 1.1793981
v 1.8964568 5.055826 0.9542322
v 1.8983016 5.0965214 0.95106643
v 1.9588379 5.091011 0.9897566
v 1.9532614 5.050414 0.99020535
v 1.8815951 4.980925 0.9626386
v 1.937897 4.9760747 1.0002137
v 1.8601469 4.915062 0.9859645
v 1.916449 4.910246 1.0254735
v 1.8329104 4.879172 1.0177351
v 1.8859016 4.872086 1.0619174
v 1.7442797 4.855048 1.1055247
v 1.7895085 4.8480773 1.1553619
v 1.6419346 4.8628817 1.1793981
v 1.6817286 4.857031 1.2372013
v 1.6687734 4.8461933 1.2279184
v 1.6872169 5.1917295 1.2607081
v 1.793794 5.2007084 1.1831884
v 1.7804779 4.835086 1.1447119
v 1.5702397 5.034451 1.3123384
v 1.5639367 5.102987 1.3215023
v 1.59075 5.147448 1.3122311
v 1.5943637 4.9470944 1.2905867
v 1.7804779 4.835086 1.1447119
v 1.793794 5.2007084 1.1831884
v 1.8802294 5.184399 1.0876937
v 1.8782847 4.8613753 1.0485842
v 1.6687734 4.8461933 1.2279184
v 1.5943637 4.9470944 1.2905867
v 1.59075 5.147448 1.3122311
v 1.6872169 5.1917295 1.2607081
v -5.811698 0.20089193 -0.014054769
v -5.6475153 0.50193965 -0.06718313
v -6.0676312 0.50193965 -0.6343735
v -6.168806 0.20089193 -0.49617907
v -6.745419 0.50193965 -0.8496059
v -6.74494 0.20089193 -0.67913145
v -7.4219866 0.5019394 -0.63066834
v -7.320038 0.20089193 -0.49302965
v -7.838909 0.50193965 -0.0611881
v -7.674431 0.20089193 -0.008958912
v -7.836934 0.50193965 0.6413123
v -7.6727524 0.20089193 0.5881821
v -7.4168186 0.5019394 1.2085029
v -7.3156447 0.20089193 1.0703064
v -6.73903 0.50193936 1.423735
v -6.7395096 0.20089181 1.2532586
v -6.062462 0.50193965 1.2047977
v -6.164412 0.20089193 1.067157
v -5.6455407 0.5019394 0.63531744
v -5.8100195 0.20089193 0.5830862
v -5.8100195 0.20089193 0.5830862
v -5.6455407 0.5019394 0.63531744
v -5.6475153 0.50193965 -0.06718313
v -5.811698 0.20089193 -0.014054769
v -6.1025157 3.150149 0.08005181
v -6.1894164 2.9267528 0.10817362
v -6.401568 2.9267528 -0.1782479
v -6.3480163 3.150149 -0.25139475
v -6.743839 2.9267528 -0.28693652
v -6.7440925 3.150149 -0.37716895
v -7.085494 2.9267528 -0.17637683
v -7.1394553 3.150149 -0.2492295
v -7.2960334 2.9267528 0.11120092
v -7.38309 3.150149 0.08355493
v -7.295036 2.9267528 0.46595192
v -7.3819366 3.150149 0.49407205
v -7.0828843 2.9267528 0.7523731
v -7.1364355 3.150149 0.8255185
v -6.7406125 2.9267526 0.861062
v -6.740359 3.1501489 0.951293
v -6.3989573 2.9267528 0.750502
v -6.344996 3.150149 0.8233532
v -6.18842 2.9267528 0.4629243
v -6.1013618 3.150149 0.4905688
v -6.1013618 3.150149 0.4905688
v -6.18842 2.9267528 0.4629243
v -6.1894164 2.9267528 0.10817362
v -6.1025157 3.150149 0.08005181
v -7.085494 2.9267528 -0.17637683
v -6.743839 2.9267528 -0.28693652
v -6.401568 2.9267528 -0.1782479
v -6.1894164 2.9267528 0.10817362
v -7.2960334 2.9267528 0.11120092
v -6.18842 2.9267528 0.4629243
v -7.295036 2.9267528 0.46595192
v -6.3989573 2.9267528 0.750502
v -7.0828843 2.9267528 0.7523731
v -6.7406125 2.9267526 0.861062
v -7.0228176 4.920557 -0.3129707
v -7.2088556 4.8871565 -0.30503145
v -7.1892514 4.8824606 -0.3971518
v -7.1277804 4.905715 -0.26402426
v -6.985918 4.9397144 -0.17529435
v -7.1098065 4.9150467 -0.1969598
v -7.060791 4.9373145 -0.049414158
v -7.146278 4.913877 -0.13564089
v -7.274493 4.901457 -0.012408231
v -7.2503777 4.8964105 -0.11761427
v -7.4854465 4.8475504 -0.1815469
v -7.3531384 4.870151 -0.20000574
v -7.468858 4.8244066 -0.47248736
v -7.36966 4.8513575 -0.3751548
v -7.1960373 4.8574724 -0.6609601
v -7.201597 4.870886 -0.5006068
v -6.888481 4.920507 -0.5872315
v -7.0085783 4.909009 -0.47029033
v -6.6941867 4.9866424 -0.24828702
v -6.8636956 4.955962 -0.24378642
v -6.780939 5.003167 0.11207999
v -6.9227405 4.967281 0.002259536
v -7.0493164 4.971955 0.3120838
v -7.097479 4.947664 0.14032921
v -7.3810916 4.9096336 0.2956267
v -7.342194 4.9020696 0.13233334
v -7.688112 4.8295493 0.031370092
v -7.5411005 4.848809 -0.054173727
v -7.8109217 4.762261 -0.46603644
v -7.653273 4.8013515 -0.35290888
v -7.36966 4.8513575 -0.3751548
v -7.201597 4.870886 -0.5006068
v -6.793417 2.579573 -0.20543388
v -6.9087877 2.5661678 -0.11931447
v -7.8109217 4.762261 -0.46603644
v -7.688112 4.8295493 0.031370092
v -7.127396 2.5511966 0.15975271
v -7.2117014 2.5050054 -0.18170209
v -7.5411005 4.848809 -0.054173727
v -7.653273 4.8013515 -0.35290888
v -7.1034794 2.5318403 -0.10404375
v -7.026477 2.564418 0.10102946
v -7.688112 4.8295493 0.031370092
v -7.3810916 4.9096336 0.2956267
v -6.9166355 2.6061723 0.3411568
v -7.127396 2.5511966 0.15975271
v -7.342194 4.9020696 0.13233334
v -7.5411005 4.848809 -0.054173727
v -7.026477 2.564418 0.10102946
v -6.8899326 2.6009798 0.22906129
v -7.3810916 4.9096336 0.2956267
v -7.0493164 4.971955 0.3120838
v -6.688882 2.6489542 0.35245362
v -6.9166355 2.6061723 0.3411568
v -7.097479 4.947664 0.14032921
v -7.342194 4.9020696 0.13233334
v -6.8899326 2.6009798 0.22906129
v -6.721944 2.6322794 0.23455004
v -7.0493164 4.971955 0.3120838
v -6.780939 5.003167 0.11207999
v -6.504648 2.6703806 0.21515732
v -6.688882 2.6489542 0.35245362
v -7.1892514 4.8824606 -0.3971518
v -7.2088556 4.8871565 -0.30503145
v -6.7983994 2.5907423 -0.071177006
v -6.784943 2.587519 -0.13441505
v -6.9227405 4.967281 0.002259536
v -7.097479 4.947664 0.14032921
v -6.721944 2.6322794 0.23455004
v -6.6019907 2.6457453 0.13976884
v -6.780939 5.003167 0.11207999
v -6.6941867 4.9866424 -0.24828702
v -6.445095 2.6590364 -0.032223146
v -6.504648 2.6703806 0.21515732
v -6.8636956 4.955962 -0.24378642
v -6.9227405 4.967281 0.002259536
v -6.6019907 2.6457453 0.13976884
v -6.5614567 2.6379764 -0.029134208
v -6.6941867 4.9866424 -0.24828702
v -6.888481 4.920507 -0.5872315
v -6.5784726 2.613637 -0.26489905
v -6.445095 2.6590364 -0.032223146
v -7.0085783 4.909009 -0.47029033
v -6.8636956 4.955962 -0.24378642
v -6.5614567 2.6379764 -0.029134208
v -6.660916 2.6057436 -0.18462253
v -7.468858 4.8244066 -0.47248736
v -7.4854465 4.8475504 -0.1815469
v -6.9882727 2.5635538 0.01359136
v -6.976885 2.5476668 -0.18613055
v -7.3531384 4.870151 -0.20000574
v -7.36966 4.8513575 -0.3751548
v -6.9087877 2.5661678 -0.11931447
v -6.8974457 2.5790691 0.00092031073
v -7.274493 4.901457 -0.012408231
v -7.060791 4.9373145 -0.049414158
v -6.6967587 2.6251743 0.10429607
v -6.8434587 2.6005597 0.1297007
v -7.146278 4.913877 -0.13564089
v -7.2503777 4.8964105 -0.11761427
v -6.8269043 2.5970953 0.05747907
v -6.755442 2.6090856 0.045104835
v -7.060791 4.9373145 -0.049414158
v -6.985918 4.9397144 -0.17529435
v -6.6453605 2.6268222 0.017883237
v -6.6967587 2.6251743 0.10429607
v -7.1098065 4.9150467 -0.1969598
v -7.146278 4.913877 -0.13564089
v -6.755442 2.6090856 0.045104835
v -6.7304063 2.6098883 0.0030108916
v -6.985918 4.9397144 -0.17529435
v -7.0228176 4.920557 -0.3129707
v -6.6706905 2.6136708 -0.07662733
v -6.6453605 2.6268222 0.017883237
v -7.1277804 4.905715 -0.26402426
v -7.1098065 4.9150467 -0.1969598
v -6.7304063 2.6098883 0.0030108916
v -6.742744 2.6034822 -0.04302652
v -7.0228176 4.920557 -0.3129707
v -7.1892514 4.8824606 -0.3971518
v -6.784943 2.587519 -0.13441505
v -6.6706905 2.6136708 -0.07662733
v -6.888481 4.920507 -0.5872315
v -7.1960373 4.8574724 -0.6609601
v -6.7896013 2.5703654 -0.3155114
v -6.5784726 2.613637 -0.26489905
v -7.2088556 4.8871565 -0.30503145
v -7.1277804 4.905715 -0.26402426
v -6.742744 2.6034822 -0.04302652
v -6.7983994 2.5907423 -0.071177006
v -7.201597 4.870886 -0.5006068
v -7.0085783 4.909009 -0.47029033
v -6.660916 2.6057436 -0.18462253
v -6.793417 2.579573 -0.20543388
v -7.4854465 4.8475504 -0.1815469
v -7.274493 4.901457 -0.012408231
v -6.8434587 2.6005597 0.1297007
v -6.9882727 2.5635538 0.01359136
v -7.2503777 4.8964105 -0.11761427
v -7.3531384 4.870151 -0.20000574
v -6.8974457 2.5790691 0.00092031073
v -6.8269043 2.5970953 0.05747907
v -7.653273 4.8013515 -0.35290888
v -7.8109217 4.762261 -0.46603644
v -7.2117014 2.5050054 -0.18170209
v -7.1034794 2.5318403 -0.10404375
v -5.8778257 4.658309 -0.1886244
v -6.055505 4.718897 -0.16521944
v -6.048903 4.704491 -0.25817865
v -5.972167 4.6964 -0.13133748
v -5.8240933 4.658528 -0.0552219
v -5.945995 4.6965075 -0.06635477
v -5.8793116 4.6936927 0.075819954
v -5.9728923 4.7136364 -0.0025219114
v -6.07971 4.7657413 0.13034932
v -6.07051 4.7487326 0.024041161
v -6.3048406 4.8187895 -0.019708928
v -6.1801767 4.7745733 -0.049055994
v -6.327535 4.787884 -0.309514
v -6.2193065 4.7645016 -0.22130784
v -6.0904527 4.683494 -0.5191345
v -6.0745 4.6993747 -0.3597064
v -5.785181 4.5909624 -0.4717262
v -5.8850346 4.6399 -0.34576976
v -5.5535083 4.5581985 -0.1519422
v -5.715764 4.613162 -0.13332637
v -5.5890036 4.617793 0.21254686
v -5.73982 4.6537914 0.11551807
v -5.8202868 4.721765 0.43322748
v -5.889364 4.7221775 0.26698267
v -6.141221 4.827126 0.4446168
v -6.1255326 4.800255 0.2794898
v -6.4712768 4.9027424 0.20828645
v -6.3413944 4.8478994 0.111207426
v -6.6553125 4.89857 -0.27455595
v -6.4888315 4.8577595 -0.17557256
v -7.1960373 4.8574724 -0.6609601
v -7.468858 4.8244066 -0.47248736
v -6.976885 2.5476668 -0.18613055
v -6.7896013 2.5703654 -0.3155114
v -6.2193065 4.7645016 -0.22130784
v -6.0745 4.6993747 -0.3597064
v -6.7914286 2.498282 0.021155028
v -6.8908343 2.5429902 0.11616226
v -6.6553125 4.89857 -0.27455595
v -6.4712768 4.9027424 0.20828645
v -7.063804 2.6378884 0.41106555
v -7.190139 2.6350238 0.07960836
v -6.3413944 4.8478994 0.111207426
v -6.4888315 4.8577595 -0.17557256
v -7.0758543 2.6070082 0.14755747
v -6.974643 2.6002393 0.3444239
v -6.4712768 4.9027424 0.20828645
v -6.141221 4.827126 0.4446168
v -6.8372307 2.5859795 0.5732992
v -7.063804 2.6378884 0.41106555
v -6.1255326 4.800255 0.2794898
v -6.3413944 4.8478994 0.111207426
v -6.974643 2.6002393 0.3444239
v -6.826461 2.5675335 0.4599449
v -6.141221 4.827126 0.4446168
v -5.8202868 4.721765 0.43322748
v -6.6169186 2.513653 0.5654812
v -6.8372307 2.5859795 0.5732992
v -5.889364 4.7221775 0.26698267
v -6.1255326 4.800255 0.2794898
v -6.826461 2.5675335 0.4599449
v -6.664338 2.5139358 0.4513591
v -5.8202868 4.721765 0.43322748
v -5.5890036 4.617793 0.21254686
v -6.45815 2.4422777 0.41399023
v -6.6169186 2.513653 0.5654812
v -6.048903 4.704491 -0.25817865
v -6.055505 4.718897 -0.16521944
v -6.7783885 2.5116835 0.15466513
v -6.773857 2.5017943 0.090850905
v -5.73982 4.6537914 0.11551807
v -5.889364 4.7221775 0.26698267
v -6.664338 2.5139358 0.4513591
v -6.5616803 2.4669905 0.34738344
v -5.5890036 4.617793 0.21254686
v -5.5535083 4.5581985 -0.1519422
v -6.433782 2.4013686 0.16378014
v -6.45815 2.4422777 0.41399023
v -5.715764 4.613162 -0.13332637
v -5.73982 4.6537914 0.11551807
v -6.5616803 2.4669905 0.34738344
v -6.5451665 2.4390998 0.17655894
v -5.5535083 4.5581985 -0.1519422
v -5.785181 4.5909624 -0.4717262
v -6.5928183 2.4238603 -0.055743102
v -6.433782 2.4013686 0.16378014
v -5.8850346 4.6399 -0.34576976
v -5.715764 4.613162 -0.13332637
v -6.5451665 2.4390998 0.17655894
v -6.661367 2.4574552 0.03072206
v -6.327535 4.787884 -0.309514
v -6.3048406 4.8187895 -0.019708928
v -6.949551 2.5802574 0.2545536
v -6.9651294 2.559041 0.05561095
v -6.1801767 4.7745733 -0.049055994
v -6.2193065 4.7645016 -0.22130784
v -6.8908343 2.5429902 0.11616226
v -6.863971 2.5499043 0.23440786
v -6.07971 4.7657413 0.13034932
v -5.8793116 4.6936927 0.075819954
v -6.657438 2.494382 0.32013094
v -6.795004 2.543841 0.35756454
v -5.9728923 4.7136364 -0.0025219114
v -6.07051 4.7487326 0.024041161
v -6.78869 2.532165 0.28458652
v -6.7216783 2.5080726 0.2663524
v -5.8793116 4.6936927 0.075819954
v -5.8240933 4.658528 -0.0552219
v -6.619532 2.4702423 0.23017436
v -6.657438 2.494382 0.32013094
v -5.945995 4.6965075 -0.06635477
v -5.9728923 4.7136364 -0.0025219114
v -6.7216783 2.5080726 0.2663524
v -6.703213 2.4963136 0.22253281
v -5.8240933 4.658528 -0.0552219
v -5.8778257 4.658309 -0.1886244
v -6.656417 2.4700916 0.13859813
v -6.619532 2.4702423 0.23017436
v -5.972167 4.6964 -0.13133748
v -5.945995 4.6965075 -0.06635477
v -6.703213 2.4963136 0.22253281
v -6.721181 2.4962401 0.17792447
v -5.8778257 4.658309 -0.1886244
v -6.048903 4.704491 -0.25817865
v -6.773857 2.5017943 0.090850905
v -6.656417 2.4700916 0.13859813
v -5.785181 4.5909624 -0.4717262
v -6.0904527 4.683494 -0.5191345
v -6.80238 2.487381 -0.08828746
v -6.5928183 2.4238603 -0.055743102
v -6.055505 4.718897 -0.16521944
v -5.972167 4.6964 -0.13133748
v -6.721181 2.4962401 0.17792447
v -6.7783885 2.5116835 0.15466513
v -6.0745 4.6993747 -0.3597064
v -5.8850346 4.6399 -0.34576976
v -6.661367 2.4574552 0.03072206
v -6.7914286 2.498282 0.021155028
v -6.3048406 4.8187895 -0.019708928
v -6.07971 4.7657413 0.13034932
v -6.795004 2.543841 0.35756454
v -6.949551 2.5802574 0.2545536
v -6.07051 4.7487326 0.024041161
v -6.1801767 4.7745733 -0.049055994
v -6.863971 2.5499043 0.23440786
v -6.78869 2.532165 0.28458652
v -6.4888315 4.8577595 -0.17557256
v -6.6553125 4.89857 -0.27455595
v -7.190139 2.6350238 0.07960836
v -7.0758543 2.6070082 0.14755747
v -6.895332 4.8284836 0.8041187
v -7.074869 4.771797 0.8225967
v -7.0680246 4.7948685 0.73141885
v -6.9907455 4.7881713 0.85801023
v -6.841302 4.8136435 0.93657184
v -6.9644265 4.780943 0.92253095
v -6.897331 4.767849 1.0639346
v -6.9917197 4.758635 0.984572
v -7.099879 4.6975102 1.1124189
v -7.090385 4.724372 1.00819
v -7.327025 4.666599 0.9592382
v -7.2010336 4.709314 0.93357235
v -7.3494053 4.7260175 0.673886
v -7.2402377 4.7372193 0.7633149
v -7.1095066 4.8422685 0.4739352
v -7.093692 4.8105836 0.63100207
v -6.8012066 4.9197145 0.52828676
v -6.902318 4.8621755 0.6495165
v -6.567772 4.9138756 0.8484139
v -6.7317185 4.862738 0.8625784
v -6.6043167 4.8206344 1.2056733
v -6.7564898 4.799132 1.1064919
v -6.838377 4.7035418 1.4166399
v -6.9078465 4.7214227 1.2515229
v -7.1626105 4.6081824 1.4196668
v -7.1464505 4.6503115 1.2578053
v -7.4955907 4.566585 1.1790417
v -7.3642 4.6262283 1.0869527
v -7.6805964 4.6233153 0.6998986
v -7.5126014 4.648902 0.80139935
v -6.0904527 4.683494 -0.5191345
v -6.327535 4.787884 -0.309514
v -6.9651294 2.559041 0.05561095
v -6.80238 2.487381 -0.08828746
v -7.2402377 4.7372193 0.7633149
v -7.093692 4.8105836 0.63100207
v -6.453234 2.5932007 0.2104378
v -6.5538335 2.542838 0.30126652
v -7.6805964 4.6233153 0.6998986
v -7.4955907 4.566585 1.1790417
v -6.7291245 2.4257026 0.58665097
v -6.8561254 2.464646 0.25773343
v -7.3642 4.6262283 1.0869527
v -7.5126014 4.648902 0.80139935
v -6.740802 2.4822109 0.3274107
v -6.638929 2.4666457 0.5234348
v -7.4955907 4.566585 1.1790417
v -7.1626105 4.6081824 1.4196668
v -6.5005436 2.4542582 0.7518333
v -6.7291245 2.4257026 0.58665097
v -7.1464505 4.6503115 1.2578053
v -7.3642 4.6262283 1.0869527
v -6.638929 2.4666457 0.5234348
v -6.4894505 2.4831784 0.6407202
v -7.1626105 4.6081824 1.4196668
v -6.838377 4.7035418 1.4166399
v -6.277968 2.5197191 0.749755
v -6.5005436 2.4542582 0.7518333
v -6.9078465 4.7214227 1.2515229
v -7.1464505 4.6503115 1.2578053
v -6.4894505 2.4831784 0.6407202
v -6.325656 2.5319948 0.6364075
v -6.838377 4.7035418 1.4166399
v -6.6043167 4.8206344 1.2056733
v -6.1172924 2.6001003 0.6049324
v -6.277968 2.5197191 0.749755
v -7.0680246 4.7948685 0.73141885
v -7.074869 4.771797 0.8225967
v -6.440311 2.566574 0.3419618
v -6.4356136 2.5824122 0.27937123
v -6.7564898 4.799132 1.1064919
v -6.9078465 4.7214227 1.2515229
v -6.325656 2.5319948 0.6364075
v -6.2217546 2.5853386 0.5368478
v -6.6043167 4.8206344 1.2056733
v -6.567772 4.9138756 0.8484139
v -6.0922036 2.664107 0.35968512
v -6.1172924 2.6001003 0.6049324
v -6.7317185 4.862738 0.8625784
v -6.7564898 4.799132 1.1064919
v -6.2217546 2.5853386 0.5368478
v -6.204749 2.6290026 0.36940882
v -6.567772 4.9138756 0.8484139
v -6.8012066 4.9197145 0.52828676
v -6.2524505 2.6681151 0.13992685
v -6.0922036 2.664107 0.35968512
v -6.902318 4.8621755 0.6495165
v -6.7317185 4.862738 0.8625784
v -6.204749 2.6290026 0.36940882
v -6.3218613 2.6286175 0.2231477
v -7.3494053 4.7260175 0.673886
v -7.327025 4.666599 0.9592382
v -6.613409 2.4943593 0.4357623
v -6.628773 2.5351481 0.23987651
v -7.2010336 4.709314 0.93357235
v -7.2402377 4.7372193 0.7633149
v -6.5538335 2.542838 0.30126652
v -6.5269194 2.5236826 0.41814333
v -7.099879 4.6975102 1.1124189
v -6.897331 4.767849 1.0639346
v -6.318438 2.5638647 0.50763285
v -6.4574795 2.5155792 0.54091746
v -6.9917197 4.758635 0.984572
v -7.090385 4.724372 1.00819
v -6.4509635 2.5340188 0.46936616
v -6.383232 2.5575397 0.45315388
v -6.897331 4.767849 1.0639346
v -6.841302 4.8136435 0.93657184
v -6.2799754 2.595301 0.42020184
v -6.318438 2.5638647 0.50763285
v -6.9644265 4.780943 0.92253095
v -6.9917197 4.758635 0.984572
v -6.383232 2.5575397 0.45315388
v -6.364496 2.5728526 0.41056415
v -6.841302 4.8136435 0.93657184
v -6.895332 4.8284836 0.8041187
v -6.317065 2.6054878 0.32927674
v -6.2799754 2.595301 0.42020184
v -6.9907455 4.7881713 0.85801023
v -6.9644265 4.780943 0.92253095
v -6.364496 2.5728526 0.41056415
v -6.382563 2.5778155 0.36627272
v -6.895332 4.8284836 0.8041187
v -7.0680246 4.7948685 0.73141885
v -6.4356136 2.5824122 0.27937123
v -6.317065 2.6054878 0.32927674
v -6.8012066 4.9197145 0.52828676
v -7.1095066 4.8422685 0.4739352
v -6.46409 2.6149514 0.10261628
v -6.2524505 2.6681151 0.13992685
v -7.074869 4.771797 0.8225967
v -6.9907455 4.7881713 0.85801023
v -6.382563 2.5778155 0.36627272
v -6.440311 2.566574 0.3419618
v -7.093692 4.8105836 0.63100207
v -6.902318 4.8621755 0.6495165
v -6.3218613 2.6286175 0.2231477
v -6.453234 2.5932007 0.2104378
v -7.327025 4.666599 0.9592382
v -7.099879 4.6975102 1.1124189
v -6.4574795 2.5155792 0.54091746
v -6.613409 2.4943593 0.4357623
v -7.090385 4.724372 1.00819
v -7.2010336 4.709314 0.93357235
v -6.5269194 2.5236826 0.41814333
v -6.4509635 2.5340188 0.46936616
v -7.5126014 4.648902 0.80139935
v -7.6805964 4.6233153 0.6998986
v -6.8561254 2.464646 0.25773343
v -6.740802 2.4822109 0.3274107
v -7.1095066 4.8422685 0.4739352
v -7.3494053 4.7260175 0.673886
v -6.628773 2.5351481 0.23987651
v -6.46409 2.6149514 0.10261628
v 5.7333755 3.6139376 2.6331775
v 5.957294 3.5555408 2.670099
v 6.129244 3.6049504 2.555795
v 5.799358 3.3691978 2.681984
v 6.223529 3.5742624 2.4053867
v 6.19143 3.2966983 2.7301285
v 6.392829 3.30584 2.6120512
v 5.6333337 3.2077599 2.6094887
v 5.7961755 2.9459293 2.6691573
v 6.487593 3.26693 2.457437
v 6.8494925 2.9519713 2.528777
v 5.9529295 3.1537182 2.743368
v 6.730845 3.0302334 2.7014556
v 6.5222306 3.0118937 2.8280046
v 6.296376 2.8368063 2.8577538
v 6.6682487 2.8202484 2.8384585
v 5.8157225 2.7575414 2.5138848
v 6.1661267 2.4281552 2.6147854
v 6.792917 2.9155266 2.7131436
v 6.1383433 2.6099315 2.784404
v 6.3494945 2.4852717 2.8011801
v 6.288666 2.3792834 2.636245
v 6.5007977 2.6534023 2.8628466
v 6.6432767 2.7676506 2.6987054
v 6.7107544 2.8255336 2.6244485
v 6.5216947 2.6480308 2.712469
v 6.4143915 2.5347369 2.673424
v 6.3768053 2.489413 2.580254
v 6.3904734 2.4730055 2.438291
v 6.4317045 2.489413 2.3017616
v 6.748161 2.8388555 2.5088015
v 6.371408 2.3792834 2.2165093
v 6.501837 2.5347369 2.2298257
v 6.49028 2.4852722 2.0869987
v 6.6159306 2.648031 2.2344248
v 6.8671184 2.9155266 2.3367321
v 6.757441 2.8255336 2.38761
v 6.805255 3.0302334 2.323991
v 6.7993345 2.8202486 2.1734796
v 6.723193 2.7676506 2.2933002
v 6.653667 2.6534026 2.0873668
v 6.2885537 2.6099353 2.0223854
v 6.462608 2.8368123 2.0144992
v 6.104556 3.153087 1.9904562
v 6.3181252 3.2963889 2.0932386
v 6.66028 3.0118964 2.1277413
v 6.091514 3.549536 2.0639577
v 6.4583454 3.3062289 2.2783928
v 2.0549202 5.192059 0.84169716
v 2.0273473 5.1657724 0.9069155
v 2.0371578 5.22379 0.87683356
v 2.0087607 5.234389 0.92880356
v 2.0342093 5.135124 0.88974977
v 2.0600278 5.1540775 0.82548153
v 2.0528207 5.115718 0.83151174
v 2.0374124 5.090267 0.8627803
v 2.0204332 5.047624 0.8847557
v 1.9943522 5.14887 0.96030027
v 1.9773185 5.2388334 0.9834882
v 1.9588379 5.091011 0.9897566
v 1.9532614 5.050414 0.99020535
v 1.9219013 5.1526413 1.0514041
v 1.991288 4.9420996 0.91466796
v 1.9311004 5.260695 1.0561701
v 1.937897 4.9760747 1.0002137
v 1.8868862 5.169501 1.0972486
v 1.9608526 4.8577175 0.9567368
v 1.916449 4.910246 1.0254735
v 1.9089764 4.7875137 1.02049
v 1.8859016 4.872086 1.0619174
v 1.8068953 5.282705 1.1945565
v 1.8016772 5.1859293 1.1912907
v 1.6962975 5.1772494 1.2686237
v 1.6695918 5.268985 1.2920223
v 1.7885668 4.7552967 1.1451596
v 1.7895085 4.8480773 1.1553619
v 1.6034842 5.1362476 1.3198962
v 1.5282339 5.2097063 1.3586733
v 1.4888165 5.133086 1.3702705
v 1.5816302 5.098879 1.3275465
v 1.4982877 5.027655 1.3585643
v 1.5878985 5.036254 1.3173286
v 1.6817286 4.857031 1.2372013
v 1.6433703 4.771559 1.249709
v 1.5317341 4.91409 1.3289627
v 1.610369 4.9524937 1.2972482
v 1.8800462 5.26704 1.0160788
v 1.8354781 5.1745696 1.0539377
v 1.8656362 5.158945 1.0119046
v 1.7563471 5.190661 1.1425544
v 1.7633926 5.2895923 1.1480982
v 1.6584599 5.183008 1.2126034
v 1.6342132 5.2757783 1.2392075
v 1.9217231 5.2447257 0.9469916
v 1.5706232 5.1429353 1.258528
v 1.4994758 5.2162466 1.3042184
v 1.4609078 5.139229 1.3146871
v 1.5503644 5.1052613 1.2653133
v 1.4693606 5.0339775 1.301388
v 1.5581326 5.0428905 1.2577758
v 1.501509 4.9208136 1.273515
v 1.5777465 4.9601126 1.2377446
v 1.6419346 4.8628817 1.1793981
v 1.6082858 4.7777867 1.1990486
v 1.7451733 4.760231 1.0978618
v 1.7442797 4.855048 1.1055247
v 1.8329104 4.879172 1.0177351
v 1.8602344 4.792955 0.98055905
v 1.8601469 4.915062 0.9859645
v 1.9081342 4.8621597 0.9201264
v 1.8815951 4.980925 0.9626386
v 1.936415 4.947367 0.87999207
v 1.8964568 5.055826 0.9542322
v 1.9630672 5.053864 0.8505459
v 1.8983016 5.0965214 0.95106643
v 1.922612 5.162991 0.9197552
v 1.95268 5.2387094 0.89626
v 1.956134 5.1750507 0.86890954
v 1.9821517 5.227669 0.84663457
v 1.9634063 5.143219 0.85081947
v 1.9784667 5.0959263 0.8301744
v 1.9996061 5.196481 0.81183964
v 1.9981893 5.1208763 0.8026879
v 2.005275 5.159 0.7963056
v 0.5705929 5.192059 1.3629158
v 0.60642284 5.22379 1.3792335
v 0.63288885 5.1657724 1.3965772
v 0.6610776 5.234389 1.4020401
v 0.6167996 5.135124 1.3874705
v 0.5564684 5.1540775 1.3534536
v 0.5658633 5.115718 1.3536541
v 0.59744024 5.090267 1.3684237
v 0.62442875 5.047624 1.3749603
v 0.6920164 5.14887 1.417613
v 0.71980613 5.2388334 1.4250611
v 0.7381484 5.091011 1.4183995
v 0.7427816 5.050414 1.4152628
v 0.8055184 5.1526413 1.4434198
v 0.6658765 4.9420996 1.3800842
v 0.8013186 5.260695 1.452891
v 0.7610301 4.9760747 1.4134685
v 0.8615085 5.169501 1.4573077
v 0.71593213 4.8577175 1.3938884
v 0.79356205 4.910246 1.4197733
v 0.79627836 4.7875137 1.4112118
v 0.8401878 4.872086 1.4291177
v 0.9847775 5.282705 1.4832416
v 0.98680645 5.1859293 1.4774314
v 1.1174003 5.1772494 1.4719027
v 1.1528718 5.268985 1.4734672
v 0.9681972 4.7552967 1.4332305
v 0.9738426 4.8480773 1.4417814
v 1.2218949 5.1362476 1.4538904
v 1.3048683 5.2097063 1.4371083
v 1.342881 5.133086 1.4215155
v 1.2437326 5.098879 1.4461988
v 1.3281704 5.027655 1.4183003
v 1.2324519 5.036254 1.442143
v 1.1091253 4.857031 1.4382697
v 1.1468838 4.771559 1.4240491
v 1.2835596 4.91409 1.4161085
v 1.2023602 4.9524937 1.4405197
v 0.8160992 5.26704 1.3896817
v 0.82473767 5.158945 1.3774142
v 0.8745524 5.1745696 1.3913648
v 0.9917146 5.190661 1.4110534
v 0.9896818 5.2895923 1.419785
v 1.1119066 5.183008 1.4045243
v 1.1474632 5.2757783 1.410129
v 0.74037826 5.2447257 1.3618188
v 1.2091721 5.1429353 1.3854508
v 1.2932659 5.2162466 1.3766289
v 1.3299116 5.139229 1.3606862
v 1.2292274 5.1052613 1.3780801
v 1.3149999 5.0339775 1.3555915
v 1.21845 5.0428905 1.3770546
v 1.2724829 4.9208136 1.353937
v 1.1906189 4.9601126 1.3736836
v 1.104044 4.8628817 1.3682771
v 1.1425912 4.7777867 1.3625764
v 0.9724951 4.760231 1.3691862
v 0.97798145 4.855048 1.3746089
v 0.8539244 4.879172 1.3615043
v 0.80935454 4.792955 1.3495735
v 0.812802 4.915062 1.3537376
v 0.73418736 4.8621597 1.3323557
v 0.78147894 4.980925 1.3489424
v 0.6870237 4.947367 1.3187135
v 0.7646263 5.055826 1.3516725
v 0.6478146 5.053864 1.3123945
v 0.7612055 5.0965214 1.3503556
v 0.7226566 5.162991 1.3411175
v 0.684502 5.2387094 1.3415788
v 0.6647051 5.1750507 1.3223926
v 0.6304726 5.227669 1.321274
v 0.6477188 5.143219 1.3128207
v 0.6230575 5.0959263 1.3061237
v 0.5950962 5.196481 1.3050305
v 0.59048027 5.1208763 1.2970028
v 0.5809599 5.159 1.296451
v -0.4330126 4.902486 -0.015483312
v -0.56879264 4.7596035 -1.2980686
v -0.9103841 4.7287087 -1.2655668
v -1.2716073 4.709852 -1.1309226
v -0.16582309 4.836205 -1.0448546
v -1.5012933 4.7287087 -0.8213155
v -0.056953356 4.867808 -0.89724517
v -1.6274035 4.7596035 -0.5021962
v 0.2707276 4.7594395 -0.2277904
v -1.4960918 4.836205 -0.04474819
v 0.3051048 4.8104568 0.020064391
v -1.3845326 4.867808 0.10083948
v 0.13287269 4.8567343 0.30806458
v -0.8324468 4.7594395 0.6015837
v -0.04768714 4.8854556 0.49704728
v -0.6038954 4.8104568 0.703457
v -0.27938703 4.8567343 0.61800385
v 5.390876 6.299666 -0.8782971
v 5.446158 6.5374937 -0.8847167
v 5.523057 6.537689 -0.80882925
v 5.522083 6.3028502 -0.74820054
v 5.736181 6.3289433 -1.0815008
v 5.624128 6.5539293 -0.98103666
v 5.562989 6.599183 -0.86804795
v 5.4992137 6.597781 -0.9201287
v 4.8034487 3.7643678 2.3259275
v 4.904333 3.6366951 2.4869418
v 4.886333 3.6622314 2.509355
v 4.9855256 3.6461678 2.3670864
v 4.7794394 3.6712189 2.2640405
v 4.9904613 3.7160192 2.438335
v 4.8006525 3.7901027 2.1245112
v 4.931884 3.6426773 2.2464526
v 4.776992 3.677945 2.1220617
v 4.9210806 3.8059509 2.2814295
v 4.8847857 3.7691054 1.9419236
v 4.921947 3.6396859 2.148229
v 4.831858 3.6731386 1.9918989
v 4.9125595 3.817285 2.1459193
v 5.0144167 3.6694286 1.7863579
v 4.971006 3.6434522 2.0568779
v 4.963662 3.6076863 1.8271382
v 4.971655 3.8070083 2.0186
v 5.332612 3.6384704 1.7655519
v 5.0454154 3.5979788 1.9656117
v 5.325776 3.5714712 1.7941891
v 5.0630527 3.7464507 1.9152514
v 5.621053 3.6669197 1.9100784
v 5.294837 3.5848467 1.9493986
v 5.6504374 3.6050909 1.9654368
v 5.3033175 3.7271526 1.9101368
v 5.685031 3.7674499 2.102387
v 5.5228434 3.5966048 2.0637228
v 5.714232 3.6714947 2.1693401
v 5.5263867 3.7446628 2.0109024
v 5.69105 3.7869735 2.3003387
v 5.561428 3.6430385 2.1754708
v 5.713874 3.675134 2.3070338
v 5.57719 3.806068 2.1400554
v 5.611368 3.763268 2.4834373
v 5.569774 3.6379013 2.2763648
v 5.6578355 3.6691406 2.4357958
v 5.58049 3.8144503 2.278013
v 5.5233164 3.640443 2.3627007
v 5.5207877 3.8041744 2.3990407
v 5.4283323 3.6435955 2.4516647
v 5.396054 3.7142947 2.5164628
v 5.4649763 3.660965 2.6215525
v 5.4562726 3.6356943 2.5938518
v 8.6361685 2.36168 -2.207101
v 8.642755 2.536671 -2.19944
v 8.586136 2.547918 -2.2009761
v 8.572173 2.3361871 -2.2141428
v 8.714307 2.2918284 -2.0595038
v 8.685871 2.5154812 -2.2187426
v 8.392209 2.5774715 -2.1513646
v 8.690419 2.3049557 -2.211664
v 8.358276 2.3671417 -2.1666677
v 8.2541895 2.582849 -2.025004
v 8.868073 2.2857468 -2.3237047
v 8.842955 2.4952512 -2.3356087
v 8.207445 2.3727167 -2.0306852
v 8.204029 2.5852132 -1.8471022
v 9.072459 2.2836163 -2.3722486
v 9.028155 2.492188 -2.3861763
v 8.152869 2.3752887 -1.8371317
v 8.248537 2.5864089 -1.6644628
v 9.26888 2.3202136 -2.3262587
v 9.392552 2.0085566 -2.2731142
v 9.207766 2.5254412 -2.3459802
v 9.41551 2.379681 -2.1935117
v 9.342228 2.5799596 -2.2246726
v 9.470111 2.4421065 -2.0057874
v 9.392424 2.6373327 -2.052112
v 8.201293 2.3765893 -1.6384236
v 8.379106 2.5852132 -1.5292246
v 9.557347 2.0613484 -2.121817
v 9.420199 2.4884667 -1.8158602
v 9.332125 2.6711812 -1.9002922
v 8.343351 2.3752887 -1.491287
v 8.280097 2.0417287 -1.430393
v 8.542121 2.582849 -1.5022246
v 8.536106 2.3727167 -1.4339559
v 8.715724 2.5852141 -1.5665469
v 8.120614 2.0427742 -1.5939877
v 9.615091 2.1178708 -1.9093755
v 9.266602 2.495347 -1.6762409
v 9.182221 2.6733541 -1.7849718
v 9.045683 2.442076 -1.6133208
v 8.995995 2.634645 -1.6977274
v 9.551908 2.168478 -1.6925579
v 9.371621 2.1959987 -1.5314922
v 9.5891485 1.667066 -1.691492
v 9.675564 1.6909815 -1.9414648
v 8.964855 2.4347632 -1.6348987
v 8.936717 2.6015372 -1.688336
v 8.916103 2.379213 -1.602982
v 8.887354 2.5848415 -1.6663477
v 9.631858 1.7586317 -2.1920412
v 8.737594 2.376491 -1.4808682
v 9.640905 1.3459066 -2.05208
v 9.5977745 1.4342948 -2.315265
v 9.542524 1.2934566 -1.7998786
v 9.4244175 1.5313203 -2.5139754
v 9.379589 1.6786164 -1.508975
v 9.31537 1.2789323 -1.6209074
v 9.1403265 1.7120266 -1.4553767
v 9.064184 1.318 -1.569282
v 8.893242 1.3867149 -1.6936446
v 9.465879 1.8354869 -2.375822
v 9.219374 1.8941303 -2.4471629
v 9.171973 1.6114972 -2.5907335
v 8.891826 1.6421592 -2.5247505
v 9.153927 2.1831207 -1.472281
v 8.981525 2.1167903 -1.5842395
v 8.971537 1.7533641 -1.5750599
v 8.85986 1.7872797 -1.7719964
v 8.7813015 1.4738445 -1.9099061
v 8.755367 1.832929 -1.9967
v 8.684128 1.5628179 -2.1386955
v 8.95052 1.9174669 -2.376679
v 8.696538 1.6329908 -2.3537288
v 8.760366 1.9024374 -2.215777
v 8.8612795 2.062382 -1.7672558
v 8.914992 2.2993035 -1.6826943
v 8.92697 1.9591488 -2.2513385
v 8.764679 2.021411 -1.9443417
v 8.810579 2.2465515 -1.8425562
v 8.912626 2.3549323 -1.7203465
v 9.165104 1.9681252 -2.3209555
v 8.763101 1.9871635 -2.1123426
v 8.721163 2.2205904 -2.0076816
v 8.700479 2.2975008 -2.0376074
v 8.797176 2.2991955 -1.8757892
v 8.768836 2.284539 -1.9657787
v 8.886015 2.3566394 -1.72013
v 8.86168 2.3140993 -1.8068537
v 8.831431 2.2979732 -1.8958429
v 8.740345 2.296137 -2.0611725
v 8.925837 2.3548956 -1.7436079
v 8.913297 2.2679787 -1.7431766
v 8.722744 2.2243986 -2.0757358
v 8.68534 2.01769 -2.1038983
v 8.824901 2.2338672 -1.908308
v 8.796567 2.0263789 -1.9186041
v 8.889856 2.0366898 -1.7394651
v 8.892514 2.046267 -1.5654827
v 8.729333 2.0373497 -1.4315275
v 8.884043 1.7223217 -1.5310583
v 8.876542 1.7231581 -1.7337564
v 8.770614 1.7222464 -1.9397862
v 8.50066 2.0396297 -1.3687707
v 8.457636 1.7255075 -1.2927251
v 8.715078 1.724052 -1.3638177
v 8.878121 1.3815455 -1.7201802
v 8.888373 1.3885396 -1.5019876
v 8.76171 1.3800397 -1.9470859
v 8.711198 1.3849784 -1.3264072
v 8.441496 1.390436 -1.2523458
v 8.632161 1.3815455 -2.1667545
v 8.182496 1.3852633 -1.3252617
v 8.209131 1.7268639 -1.3612697
v 8.030053 1.7274504 -1.5441093
v 7.99173 1.3843304 -1.5230026
v 7.9712424 1.7268639 -1.7931886
v 7.9265723 1.3852633 -1.7899243
v 8.647566 1.7204658 -2.1489525
v 8.475487 1.7223213 -2.272846
v 8.453233 1.3885391 -2.2920458
v 8.210136 1.384978 -2.2361524
v 8.0675955 2.0417287 -1.8162206
v 8.046139 1.7255075 -2.0398538
v 8.003385 1.390436 -2.0477955
v 8.243829 1.7240515 -2.2194352
v 8.133406 2.0396302 -2.0355694
v 8.308674 2.0373504 -2.1952913
v 8.523424 2.027856 -2.2301419
v 8.856266 2.3760202 -1.6690831
v 8.855081 2.585169 -1.6870537
v 8.694708 2.5818896 -1.6046078
v 8.919886 2.597413 -1.7177083
v 8.687792 2.3721163 -1.5709045
v 8.52558 2.5783846 -1.5549484
v 8.922098 2.442264 -1.7094822
v 8.993932 2.62865 -1.7357327
v 8.502707 2.3678591 -1.5192827
v 8.373984 2.5789201 -1.5831631
v 8.337773 2.368442 -1.5499793
v 8.272638 2.034159 -1.492556
v 8.27168 2.5791707 -1.6771268
v 8.226469 2.3687143 -1.6522102
v 8.246947 2.5789201 -1.8138142
v 8.19956 2.368442 -1.8009236
v 8.3041315 2.5783846 -1.957019
v 8.145602 2.034159 -1.6076711
v 8.261775 2.3678591 -1.9567275
v 8.438152 2.57554 -2.068374
v 8.116213 2.034159 -1.7765677
v 8.408257 2.3650398 -2.0763843
v 8.6097765 2.5542862 -2.1223943
v 8.597889 2.343115 -2.1286557
v 8.68156 2.5440547 -2.1320715
v 8.677676 2.387683 -2.1353858
v 8.741369 2.5306804 -2.1600435
v 8.191468 2.034159 -1.9553367
v 8.362347 2.0338988 -2.0973873
v 8.108619 1.7209841 -1.9521408
v 8.022666 1.7209846 -1.7494056
v 8.750795 2.3214905 -2.1478086
v 8.891055 2.516378 -2.2571282
v 8.055534 1.7209841 -1.5580646
v 8.920402 2.3087294 -2.2383275
v 9.061776 2.512329 -2.3115728
v 9.109035 2.3055267 -2.291088
v 9.215557 2.5350397 -2.2928395
v 9.277353 2.3306534 -2.2684495
v 9.402316 2.0163286 -2.211928
v 9.320897 2.573707 -2.2087855
v 9.392298 2.3728752 -2.1762347
v 9.349894 2.6163657 -2.0789826
v 9.423831 2.4192915 -2.03503
v 9.296005 2.650289 -1.9370596
v 9.533906 2.0541112 -2.1052885
v 9.364844 2.4560523 -1.8814182
v 9.16043 2.658127 -1.8198798
v 9.566853 2.0971158 -1.942904
v 9.214977 2.4635653 -1.7592558
v 9.49289 2.1380427 -1.7649966
v 9.01823 2.4248896 -1.6964811
v 9.31591 2.1620853 -1.6216993
v 9.531839 1.6888256 -1.7790658
v 9.626814 1.704425 -1.9867047
v 9.604821 1.7539147 -2.180667
v 9.591398 1.367178 -2.0999882
v 9.570627 1.4324315 -2.3032057
v 9.485159 1.3307498 -1.892351
v 9.429041 1.5062497 -2.4463992
v 9.326982 1.7010005 -1.6142427
v 9.109691 1.7287802 -1.5530027
v 9.263473 1.3216708 -1.7318796
v 9.034759 1.3547251 -1.671716
v 8.895628 1.4053655 -1.7553484
v 9.469839 1.8123199 -2.3117652
v 9.252401 1.8594309 -2.349757
v 9.20581 1.5706198 -2.4885957
v 8.943444 1.5962859 -2.414881
v 9.120215 2.155147 -1.558983
v 8.981356 2.1052568 -1.6391435
v 8.972898 1.7604518 -1.6342978
v 8.886192 1.7869292 -1.785769
v 8.808157 1.4732165 -1.922716
v 8.80412 1.8222146 -1.9632863
v 8.732941 1.5423846 -2.101597
v 9.001492 1.8808944 -2.2719967
v 8.756073 1.5937636 -2.266446
v 8.81949 1.8727463 -2.1331878
v 8.886773 2.0629025 -1.7825356
v 8.916841 2.2916732 -1.7345086
v 8.98395 1.9852862 -2.1592345
v 8.813422 2.0313518 -1.9183941
v 8.835962 2.2483132 -1.85793
v 8.882674 2.3656058 -1.7722181
v 9.204807 1.9888924 -2.233165
v 8.825974 2.0076473 -2.0416648
v 8.767598 2.230963 -1.985185
v 8.745117 2.311782 -2.014084
v 8.814208 2.319063 -1.889302
v 8.886194 2.3568792 -1.7722813
v 8.848988 2.3395417 -1.8280529
v 8.880337 2.357007 -1.7690479
v 8.812078 2.319062 -1.8883346
v 8.776622 2.3163848 -1.9520892
v 8.741882 2.3206005 -2.013499
v 8.739034 2.3119724 -2.011497
v 8.866936 2.266663 -1.7668953
v 8.719692 2.23258 -2.0243504
v 8.683757 2.021618 -2.048508
v 8.799127 2.2377946 -1.8939604
v 8.770673 2.0288525 -1.9041489
v 8.841693 2.0363214 -1.7670497
v 8.554574 2.0288267 -2.1384933
v 8.510487 1.7209841 -2.1734781
v 8.831231 2.0429463 -1.6400568
v 8.675344 2.0338988 -1.5290987
v 8.818834 1.7209846 -1.6136297
v 8.826058 1.723347 -1.7661283
v 8.744607 1.7232352 -1.925347
v 8.302215 1.7209846 -2.1128175
v 8.463953 2.0341585 -1.4606059
v 8.416967 1.7209841 -1.3922927
v 8.656244 1.7209846 -1.470029
v 8.648113 1.7211599 -2.0888586
v 8.634391 1.3816367 -2.103535
v 8.735676 1.3804781 -1.932667
v 8.490888 1.3874301 -2.1881096
v 8.271445 1.3827958 -2.1244183
v 8.82595 1.3816372 -1.7557346
v 8.8207245 1.3874304 -1.589244
v 8.068601 1.3874301 -1.9555262
v 8.649602 1.3827958 -1.4378237
v 7.9800687 1.3816367 -1.7431524
v 8.017615 1.3804781 -1.53718
v 8.398438 1.3874304 -1.3566606
v 8.171628 1.3816372 -1.395352
v 8.19968 1.7209846 -1.428011
v 2.3574502 9.555532 -0.8446839
v 2.0040216 9.526515 -0.9069538
v 2.1048546 9.695719 -0.8694547
v 1.8955623 9.861433 -0.98291624
v 2.271421 9.375198 -0.8811238
v 1.7798841 9.700791 -1.0283409
v 2.5500078 9.265655 -0.9531656
v 1.7555403 10.031853 -1.1704981
v 2.621787 9.45813 -0.9112218
v 1.6270574 9.877171 -1.2298658
v 2.8079262 9.212557 -1.1136032
v 1.7010672 10.18621 -1.408605
v 2.8657107 9.414884 -1.0600717
v 1.5644778 10.036426 -1.4863882
v 3.0146925 9.22453 -1.3419902
v 1.7376542 10.3062935 -1.6682879
v 3.0602276 9.430392 -1.2725255
v 1.6007104 10.16139 -1.765898
v 3.1460173 9.301453 -1.6100417
v 1.8603576 10.378298 -1.9189886
v 3.1829317 9.502398 -1.5232254
v 1.7320364 10.238315 -2.0339487
v 3.1860907 9.434058 -1.8854777
v 2.0565479 10.395832 -2.129554
v 3.2200177 9.625288 -1.7813814
v 1.9426446 10.257932 -2.2582595
v 3.129395 9.60502 -2.1357582
v 2.3002238 10.352631 -2.278253
v 3.1655948 9.7794895 -2.0192444
v 2.2064486 10.216541 -2.4124548
v 2.9817438 9.791694 -2.3317924
v 2.5643978 10.255272 -2.34472
v 3.0257125 9.949738 -2.206635
v 2.4906275 10.117094 -2.479029
v 2.7600195 9.969788 -2.450887
v 2.8167233 10.115215 -2.3199372
v 1.9721246 9.469994 -0.96010464
v 2.5716329 10.006149 -0.7510494
v 2.2338932 9.321811 -0.9348316
v 2.5070293 9.214352 -1.0055616
v 2.7809038 9.888551 -0.81682026
v 2.7594886 9.16237 -1.1628075
v 2.9747875 9.806436 -0.9578978
v 2.961835 9.174146 -1.3865335
v 1.9907178 10.505991 -1.243778
v 3.1425068 9.816219 -1.1433679
v 3.0903108 9.249556 -1.64906
v 3.2490034 9.878729 -1.3609855
v 3.1294217 9.379503 -1.9187266
v 2.1010478 10.638939 -1.7044072
v 3.2902663 10.023625 -1.5642916
v 3.073797 9.54702 -2.1636927
v 1.9945494 10.57643 -1.4867872
v 2.2719119 10.654979 -1.8865414
v 3.252194 10.188481 -1.7469784
v 2.9291363 9.729889 -2.3554893
v 2.5049646 10.65078 -1.986069
v 3.1350362 10.336844 -1.9023045
v 2.711987 9.9042635 -2.4719365
v 2.745286 10.594949 -2.0189016
v 2.9590957 10.478212 -1.9966301
v 2.4481816 10.048392 -2.4993708
v 2.1698973 10.14561 -2.434102
v 1.9115988 10.185981 -2.2830467
v 1.7054545 10.166648 -2.063352
v 1.5769787 10.091238 -1.8008255
v 1.5416665 9.968847 -1.5271293
v 1.6031277 9.812941 -1.2759696
v 2.0603821 10.403979 -1.0275793
v 1.7529373 9.640313 -1.0787133
v 2.1818826 10.264256 -0.8676465
v 2.3595395 10.1263 -0.7715004
v 5.096167 1.1311225 2.4503586
v 5.244562 1.1367952 2.745414
v 5.314838 1.1310391 2.5007887
v 5.3721995 1.1305876 2.519569
v 5.0612364 1.1369736 2.7016475
v 4.979856 1.1367332 2.6783054
v 5.009402 1.1301656 2.441645
v 4.8271923 1.1203694 2.4542618
v 4.786507 1.1342378 2.6124291
v 4.601127 1.1233104 2.3654404
v 4.5128746 1.1453018 2.4996383
v 4.5443616 1.5379257 2.481567
v 4.4638186 1.1150712 2.2101767
v 4.335707 1.140552 2.276664
v 4.437719 1.1126897 2.027335
v 4.808641 1.5334185 2.5937142
v 4.9911833 1.5316874 2.6590848
v 4.3048987 1.1406462 1.9993598
v 4.531365 1.1151625 1.8679948
v 4.8578024 1.8465225 2.5817783
v 4.438709 1.140492 1.7546247
v 4.717319 1.1234101 1.7764473
v 4.687158 1.1453557 1.6155642
v 4.9601555 1.1203935 1.7799739
v 4.9855824 1.1350869 1.6145054
v 5.1287975 1.1302444 1.8628799
v 5.073187 1.5311495 2.6843038
v 5.021327 1.8427124 2.6379094
v 5.2348723 1.5311102 2.7258775
v 5.3054595 1.1364169 2.7547548
v 5.5333185 1.1334411 2.7705774
v 5.5562057 1.1209048 2.6078012
v 5.297841 1.5315249 2.7357216
v 5.2186937 1.8435032 2.6912782
v 5.839282 1.1443357 2.770688
v 5.808695 1.123786 2.6121738
v 5.102572 1.8426428 2.661996
v 5.5186253 1.5334345 2.749032
v 6.0932903 1.1395168 2.6283379
v 5.9995694 1.1155864 2.5178185
v 5.8187723 1.5380054 2.7460823
v 5.4775314 1.8483679 2.7152464
v 6.2288666 1.1394966 2.378634
v 6.094845 1.1132925 2.3539891
v 5.280505 1.844063 2.7012503
v 6.0713367 1.5432415 2.6091607
v 6.198101 1.1394734 2.096243
v 6.0688114 1.1156693 2.1661522
v 6.201831 1.5452899 2.3743947
v 6.0171933 1.1444038 1.8681643
v 5.9885426 1.537957 1.885066
v 5.9280334 1.1238743 2.006408
v 5.7321057 1.1342344 1.7508024
v 5.6928296 1.1209424 1.9145907
v 5.4813147 1.137045 1.6901553
v 5.4590964 1.1318529 1.9275776
v 5.2020426 1.1311078 1.8847129
v 6.170244 1.5432268 2.1076448
v 6.068234 1.8634982 2.0986738
v 6.093447 1.8679703 2.351731
v 5.7092643 1.5329175 1.767404
v 5.2629685 1.1366926 1.6565297
v 5.193031 1.1365397 1.6457072
v 5.267498 1.5298393 1.6779939
v 5.4654107 1.5300661 1.7054539
v 5.658856 1.8478924 1.7807151
v 5.196665 1.5304922 1.6684766
v 5.4383903 1.8429947 1.7203497
v 5.9077744 1.8542112 1.8893564
v 5.8447175 2.1454937 1.9082906
v 4.9991083 1.5329309 1.6427351
v 4.7090116 1.5378745 1.646128
v 5.2876225 1.8432972 1.6989753
v 5.6239853 2.1435568 1.8099103
v 5.041123 1.8462274 1.6701623
v 4.463937 1.5431175 1.778678
v 5.2188783 1.8429111 1.6901455
v 5.3957562 2.1500661 1.7822748
v 5.2898483 2.163304 1.7757778
v 5.27353 2.2783144 1.869609
v 5.2250304 2.16201 1.7614416
v 4.336232 1.5452186 2.0066333
v 4.367922 1.5431341 2.265975
v 4.464715 1.8617121 2.273414
v 4.4393005 1.8659837 2.0256517
v 4.621274 1.8526713 2.477532
v 4.6787953 2.1418312 2.462791
v 4.5568104 1.8614771 1.8060505
v 4.7791348 1.8522822 1.6766186
v 5.0637183 2.1410336 1.7036362
v 4.8272057 2.1433463 1.7116722
v 5.051334 2.2609704 1.805019
v 5.1953197 2.2836888 1.8826133
v 4.62496 2.1434596 1.8322866
v 4.5141463 2.1420264 2.0397172
v 4.8403854 2.2620654 1.800589
v 4.537418 2.1422606 2.2739952
v 4.662357 2.2623112 1.8920741
v 4.5680285 2.2617488 2.053409
v 4.75783 2.1997936 1.9870129
v 4.8722024 2.2033021 1.9241115
v 4.70452 2.1984885 2.079814
v 5.0310783 2.1971676 1.9252039
v 4.7186236 2.1997936 2.1859038
v 5.1712112 2.1701095 1.9791328
v 4.593529 2.2618575 2.238434
v 4.8005676 2.2033021 2.287505
v 4.7233233 2.2614195 2.3911836
v 4.9544725 2.2011144 2.3501892
v 5.1927934 2.2271657 1.9525193
v 5.207249 2.2082958 1.9873158
v 5.200571 2.2212758 1.9556826
v 5.2460594 2.1436956 2.0008326
v 5.241628 2.2758272 1.9174649
v 5.284345 2.2760856 1.8907679
v 5.229656 2.2668912 1.9840759
v 4.8910065 2.1400135 2.5588052
v 5.3161955 2.2778962 1.8799326
v 5.296612 2.3030357 1.9787742
v 4.923659 2.261076 2.4660504
v 5.095944 2.183743 2.3849232
v 5.100346 2.2306364 2.44615
v 5.175105 2.1534796 2.3974435
v 5.048687 2.1393497 2.5965722
v 5.390763 2.2619808 1.8770617
v 5.346853 2.275667 1.9071001
v 5.3576713 2.2611609 2.0123978
v 5.381091 2.17274 2.0215173
v 5.5944047 2.261705 1.9090322
v 5.5679345 2.2009254 2.0260196
v 5.797332 2.263206 1.9874263
v 5.7217546 2.20192 2.0894015
v 5.988332 2.145934 2.0989232
v 5.929006 2.2638004 2.1408648
v 5.8053384 2.1985328 2.1922643
v 5.9550333 2.263329 2.3268232
v 5.819465 2.1971047 2.299601
v 6.0121646 2.144528 2.3350236
v 5.8608932 2.2633693 2.4891624
v 5.76566 2.1985328 2.3935463
v 5.900896 2.1447642 2.5449128
v 5.680811 2.2625978 2.5817199
v 5.649291 2.20192 2.456993
v 5.9740477 1.8637295 2.5762649
v 5.695466 2.144024 2.6671846
v 5.462785 2.2621207 2.5737002
v 5.478343 2.1990871 2.4557593
v 5.74617 1.854598 2.7090237
v 5.4567027 2.1420224 2.6748052
v 5.295396 2.2328293 2.4907916
v 5.3174706 2.1808789 2.4309204
v 5.306784 2.2161677 2.4467068
v 5.2667494 2.1527164 2.4168682
v 5.2805247 2.2665238 2.439976
v 5.2823606 2.2639773 2.5305753
v 5.2916126 2.2165284 2.459157
v 5.2141385 2.2450545 2.5616558
v 5.256542 2.2598796 2.5214703
v 5.2106876 2.2661746 2.5399106
v 5.2658525 2.143613 2.6434102
v 5.206781 2.1434472 2.6318412
v 5.1294847 2.1410697 2.614707
v 5.1812854 2.270344 2.5415833
v 5.0779786 2.2603312 2.490027
v 5.1445837 2.2472467 2.540898
v 5.2103643 2.3021207 2.4329734
v 5.155089 2.2592752 2.5326533
v 5.125934 2.244635 2.4994166
v 5.128886 2.2654068 2.4176626
v 5.115181 2.2183087 2.4271686
v 5.1256266 2.212388 2.400161
v 3.9556673 2.6843212 2.073702
v 3.793852 2.6613054 2.1182902
v 3.850151 2.6199443 2.0559564
v 3.8833838 2.604521 1.9440717
v 3.9978151 2.7678757 2.143667
v 3.9321215 2.9031157 2.1434264
v 3.7090142 2.7716863 2.119229
v 3.631407 2.890612 2.0726721
v 4.3680863 2.9671013 2.174539
v 4.2980127 2.8624837 2.1178792
v 4.306099 3.1040664 2.1782215
v 4.2543097 2.8106005 2.0171614
v 4.1855726 3.1960814 2.1263833
v 3.9994562 2.6843212 1.8515714
v 3.8950992 2.6199443 1.8279454
v 4.3325496 2.8628259 1.9401907
v 3.8666687 2.6613054 1.7489088
v 4.420857 2.9684079 1.9150583
v 3.8216484 3.0131621 2.0866246
v 3.7171354 3.0030272 2.0049486
v 3.608554 2.9485686 1.9930317
v 4.079784 3.1671233 2.0616925
v 4.035802 3.1322808 1.9741175
v 3.6175115 2.9631155 1.8916601
v 4.1101213 3.1694095 1.9098637
v 3.7526772 3.0030277 1.8246559
v 3.6476958 2.9485686 1.7944735
v 4.232752 3.1962693 1.890022
v 3.6990635 2.890612 1.7294642
v 3.8803673 3.0131621 1.7887542
v 4.365172 3.103817 1.8882433
v 4.0041327 2.9031165 1.7781276
v 3.7885332 2.7716866 1.715843
v 4.065003 2.7678761 1.8028364
v 6.28697 2.5755217 2.5595365
v 6.3904734 2.4730055 2.438291
v 6.3768053 2.489413 2.580254
v 6.4143915 2.5347369 2.673424
v 6.0337095 2.815147 2.3679307
v 5.9656725 2.8776174 2.4694576
v 6.0105305 2.8771608 2.248152
v 5.908746 2.9999957 2.5154102
v 6.340727 2.5755217 2.2868352
v 6.4317045 2.489413 2.3017616
v 5.973431 2.9996755 2.1841266
v 6.501837 2.5347369 2.2298257
v 6.3203325 2.6829169 2.2041442
v 6.0689225 3.1358447 2.1848814
v 6.4211984 2.8252628 2.2082114
v 6.6159306 2.648031 2.2344248
v 6.2206287 3.2149847 2.2451549
v 6.723193 2.7676506 2.2933002
v 6.236719 2.6829169 2.6283014
v 6.3315825 2.825263 2.6628182
v 6.5216947 2.6480308 2.712469
v 5.998976 3.1355026 2.5512362
v 6.6432767 2.7676506 2.6987054
v 6.4858313 2.9304824 2.6507485
v 6.1603336 3.215099 2.5523973
v 6.617646 2.9031982 2.5993743
v 6.7107544 2.8255336 2.6244485
v 6.281736 3.1731355 2.517551
v 6.748161 2.8388555 2.5088015
v 6.3509555 3.1275873 2.430501
v 6.661783 2.9031982 2.3754725
v 6.757441 2.8255336 2.38761
v 6.319842 3.1733735 2.3236728
v 6.559327 2.9304821 2.2779174
v 2.4225988 2.030586 -2.2944558
v 2.4225988 2.030586 -2.011259
v 2.234895 2.2202716 -2.011259
v 2.234895 2.2202716 -2.2944558
v 0.9757757 0.9780997 -2.2944558
v 0.9757757 0.9780997 -2.011259
v 1.1634796 0.7884139 -2.011259
v 1.1634796 0.7884139 -2.2944558
v 2.5037322 1.7495732 2.1987648
v 2.3958797 1.9762391 1.925944
v 2.5037322 1.7495732 1.925944
v 1.0024939 1.0324466 1.925944
v 2.3958797 1.9762391 2.1987648
v 0.8946417 1.2591127 1.925944
v 0.8946417 1.2591127 2.1987648
v 1.0024939 1.0324466 2.1987648
v 0.9757753 2.030586 2.2131302
v 0.9757753 2.030586 1.9299334
v 1.1634792 2.2202716 1.9299334
v 1.1634792 2.2202716 2.2131302
v 2.4225984 0.97809964 2.2131302
v 2.4225984 0.97809964 1.9299334
v 2.2348945 0.7884138 1.9299334
v 2.2348945 0.7884138 2.2131302
v 1.5736783 0.6726707 2.1987648
v 1.8246951 0.67228836 1.925944
v 1.5736783 0.6726707 1.925944
v 1.5736783 2.3363974 1.925944
v 1.8246951 0.67228836 2.1987648
v 1.8246951 2.336015 1.925944
v 1.8246951 2.336015 2.1987648
v 1.5736783 2.3363974 2.1987648
v -7.320038 3.150149 -0.49302965
v -7.38309 3.150149 0.08355493
v -7.674431 3.150149 -0.008958912
v -7.1394553 3.150149 -0.2492295
v -7.3819366 3.150149 0.49407205
v -6.74494 3.150149 -0.67913145
v -7.6727524 3.150149 0.5881821
v -6.7440925 3.150149 -0.37716895
v -7.1364355 3.150149 0.8255185
v -6.168806 3.150149 -0.49617907
v -7.3156447 3.150149 1.0703064
v -6.3480163 3.150149 -0.25139475
v -6.740359 3.1501489 0.951293
v -5.811698 3.150149 -0.014054769
v -6.7395096 3.1501489 1.2532586
v -6.1025157 3.150149 0.08005181
v -6.344996 3.150149 0.8233532
v -5.8100195 3.150149 0.5830862
v -6.164412 3.150149 1.067157
v -6.1013618 3.150149 0.4905688
v -6.745957 1.331916 -1.0409719
v -6.745957 2.019125 -1.0409719
v -7.536425 2.0191698 -0.78517056
v -7.536425 1.331871 -0.78517056
v -5.954062 1.3318719 -0.7894994
v -8.023528 2.019237 -0.11981498
v -5.954062 2.0191693 -0.7894994
v -8.023528 1.331804 -0.11981498
v -5.4632273 1.3318048 -0.1268193
v -8.021221 2.0192366 0.70094746
v -5.4632273 2.0192366 -0.1268193
v -8.021221 1.3318048 0.70094746
v -5.46092 1.331804 0.6939433
v -7.530387 2.019169 1.363628
v -5.46092 2.0192368 0.6939433
v -7.530387 1.3318717 1.363628
v -5.9480233 1.3318713 1.359299
v -6.7384925 2.0191245 1.6150999
v -5.9480233 2.01917 1.359299
v -6.7384925 1.3319156 1.6150999
v -5.6475153 2.8491013 -0.06718313
v -5.4632273 2.0192366 -0.1268193
v -5.46092 2.0192368 0.6939433
v -5.6455407 2.8491013 0.63531744
v -6.0676312 2.8491013 -0.6343735
v -5.9480233 2.01917 1.359299
v -5.954062 2.0191693 -0.7894994
v -6.062462 2.8491013 1.2047977
v -6.745419 2.8491013 -0.8496059
v -6.7384925 2.0191245 1.6150999
v -6.745957 2.019125 -1.0409719
v -6.73903 2.8491013 1.423735
v -7.4219866 2.8491013 -0.63066834
v -7.530387 2.019169 1.363628
v -7.536425 2.0191698 -0.78517056
v -7.4168186 2.8491013 1.2085029
v -7.838909 2.8491013 -0.0611881
v -8.021221 2.0192366 0.70094746
v -8.023528 2.019237 -0.11981498
v -7.836934 2.8491013 0.6413123
v -7.536425 1.331871 -0.78517056
v -7.4219866 0.5019394 -0.63066834
v -6.745419 0.50193965 -0.8496059
v -8.023528 1.331804 -0.11981498
v -6.745957 1.331916 -1.0409719
v -7.838909 0.50193965 -0.0611881
v -6.0676312 0.50193965 -0.6343735
v -8.021221 1.3318048 0.70094746
v -5.954062 1.3318719 -0.7894994
v -7.836934 0.50193965 0.6413123
v -5.6475153 0.50193965 -0.06718313
v -7.530387 1.3318717 1.363628
v -5.4632273 1.3318048 -0.1268193
v -7.4168186 0.5019394 1.2085029
v -5.6455407 0.5019394 0.63531744
v -6.7384925 1.3319156 1.6150999
v -5.46092 1.331804 0.6939433
v -6.73903 0.50193936 1.423735
v -6.062462 0.50193965 1.2047977
v -5.9480233 1.3318713 1.359299
v 9.342228 2.5799596 -2.2246726
v 9.320897 2.573707 -2.2087855
v 9.215557 2.5350397 -2.2928395
v 9.392424 2.6373327 -2.052112
v 9.207766 2.5254412 -2.3459802
v 9.349894 2.6163657 -2.0789826
v 9.061776 2.512329 -2.3115728
v 9.332125 2.6711812 -1.9002922
v 9.028155 2.492188 -2.3861763
v 9.296005 2.650289 -1.9370596
v 8.891055 2.516378 -2.2571282
v 9.182221 2.6733541 -1.7849718
v 8.842955 2.4952512 -2.3356087
v 9.16043 2.658127 -1.8198798
v 8.741369 2.5306804 -2.1600435
v 8.995995 2.634645 -1.6977274
v 8.685871 2.5154812 -2.2187426
v 8.993932 2.62865 -1.7357327
v 8.68156 2.5440547 -2.1320715
v 8.936717 2.6015372 -1.688336
v 8.642755 2.536671 -2.19944
v 8.919886 2.597413 -1.7177083
v 8.6097765 2.5542862 -2.1223943
v 8.887354 2.5848415 -1.6663477
v 8.586136 2.547918 -2.2009761
v 8.855081 2.585169 -1.6870537
v 8.438152 2.57554 -2.068374
v 8.715724 2.5852141 -1.5665469
v 8.392209 2.5774715 -2.1513646
v 8.694708 2.5818896 -1.6046078
v 8.3041315 2.5783846 -1.957019
v 8.542121 2.582849 -1.5022246
v 8.2541895 2.582849 -2.025004
v 8.52558 2.5783846 -1.5549484
v 8.246947 2.5789201 -1.8138142
v 8.379106 2.5852132 -1.5292246
v 8.204029 2.5852132 -1.8471022
v 8.373984 2.5789201 -1.5831631
v 8.27168 2.5791707 -1.6771268
v 8.248537 2.5864089 -1.6644628
v 8.893242 1.3867149 -1.6936446
v 8.808157 1.4732165 -1.922716
v 8.7813015 1.4738445 -1.9099061
v 8.895628 1.4053655 -1.7553484
v 8.732941 1.5423846 -2.101597
v 9.064184 1.318 -1.569282
v 8.684128 1.5628179 -2.1386955
v 9.034759 1.3547251 -1.671716
v 8.756073 1.5937636 -2.266446
v 9.31537 1.2789323 -1.6209074
v 8.696538 1.6329908 -2.3537288
v 9.263473 1.3216708 -1.7318796
v 8.943444 1.5962859 -2.414881
v 9.542524 1.2934566 -1.7998786
v 8.891826 1.6421592 -2.5247505
v 9.485159 1.3307498 -1.892351
v 9.20581 1.5706198 -2.4885957
v 9.640905 1.3459066 -2.05208
v 9.171973 1.6114972 -2.5907335
v 9.591398 1.367178 -2.0999882
v 9.429041 1.5062497 -2.4463992
v 9.5977745 1.4342948 -2.315265
v 9.4244175 1.5313203 -2.5139754
v 9.570627 1.4324315 -2.3032057
v 8.182496 1.3852633 -1.3252617
v 8.017615 1.3804781 -1.53718
v 7.99173 1.3843304 -1.5230026
v 8.171628 1.3816372 -1.395352
v 7.9800687 1.3816367 -1.7431524
v 8.441496 1.390436 -1.2523458
v 7.9265723 1.3852633 -1.7899243
v 8.398438 1.3874304 -1.3566606
v 8.068601 1.3874301 -1.9555262
v 8.711198 1.3849784 -1.3264072
v 8.003385 1.390436 -2.0477955
v 8.649602 1.3827958 -1.4378237
v 8.271445 1.3827958 -2.1244183
v 8.888373 1.3885396 -1.5019876
v 8.210136 1.384978 -2.2361524
v 8.8207245 1.3874304 -1.589244
v 8.490888 1.3874301 -2.1881096
v 8.878121 1.3815455 -1.7201802
v 8.453233 1.3885391 -2.2920458
v 8.82595 1.3816372 -1.7557346
v 8.634391 1.3816367 -2.103535
v 8.76171 1.3800397 -1.9470859
v 8.632161 1.3815455 -2.1667545
v 8.735676 1.3804781 -1.932667
v 8.305909 0.7099233 -3.0455792
v 9.071702 0.1883964 -3.0467458
v 9.071702 0.7099233 -3.0467458
v 8.305909 0.1883964 -3.0455792
v 9.73548 0.1883964 -2.6648595
v 7.643296 0.7099233 -2.6616733
v 9.73548 0.7099233 -2.6648595
v 7.643296 0.1883964 -2.6616733
v 10.119389 0.1883964 -2.002247
v 7.26141 0.7099233 -1.9978935
v 10.119389 0.7099233 -2.002247
v 7.26141 0.1883964 -1.9978935
v 10.120554 0.1883964 -1.2364545
v 7.262576 0.7099233 -1.232101
v 10.120554 0.7099233 -1.2364545
v 7.262576 0.1883964 -1.232101
v 9.7386675 0.1883964 -0.57267475
v 7.646483 0.7099233 -0.56948894
v 9.7386675 0.7099233 -0.57267475
v 7.646483 0.1883964 -0.56948894
v 9.076055 0.1883964 -0.18876828
v 8.310263 0.7099233 -0.18760231
v 9.076055 0.7099233 -0.18876828
v 8.310263 0.1883964 -0.18760231
v 8.402853 1.2193973 -2.685975
v 8.975854 0.49433887 -2.6868477
v 8.975854 1.2193973 -2.6868477
v 8.402853 0.49433887 -2.685975
v 9.472526 0.49433887 -2.4011028
v 7.9070544 1.2193973 -2.398718
v 9.472526 1.2193973 -2.4011028
v 7.9070544 0.49433887 -2.398718
v 9.759783 0.49433887 -1.9053043
v 7.621309 1.2193973 -1.9020469
v 9.759783 1.2193973 -1.9053043
v 7.621309 0.49433887 -1.9020469
v 9.760655 0.49433887 -1.3323023
v 7.622182 1.2193973 -1.3290449
v 9.760655 1.2193973 -1.3323023
v 7.622182 0.49433887 -1.3290449
v 9.47491 0.49433887 -0.83563113
v 7.909438 1.2193973 -0.8332472
v 9.47491 1.2193973 -0.83563113
v 7.909438 0.49433887 -0.8332472
v 8.979112 0.49433887 -0.5483742
v 8.40611 1.2193973 -0.5475015
v 8.979112 1.2193973 -0.5483742
v 8.40611 0.49433887 -0.5475015
v 5.2760196 1.0240804 -2.3524673
v 6.0418124 0.1883964 -2.3536339
v 6.0418124 1.0240804 -2.3536339
v 5.2760196 0.1883964 -2.3524673
v 6.705591 0.1883964 -1.9717478
v 4.6134067 1.0240804 -1.9685612
v 6.705591 1.0240804 -1.9717478
v 4.6134067 0.1883964 -1.9685612
v 7.0894995 0.1883964 -1.3091351
v 4.231521 1.0240804 -1.3047817
v 7.0894995 1.0240804 -1.3091351
v 4.231521 0.1883964 -1.3047817
v 7.0906653 0.1883964 -0.5433426
v 4.2326875 1.0240804 -0.53898907
v 7.0906653 1.0240804 -0.5433426
v 4.2326875 0.1883964 -0.53898907
v 6.708778 0.1883964 0.12043713
v 4.616594 1.0240804 0.1236229
v 6.708778 1.0240804 0.12043713
v 4.616594 0.1883964 0.1236229
v 6.0461655 0.1883964 0.5043436
v 5.2803736 1.0240804 0.5055096
v 6.0461655 1.0240804 0.5043436
v 5.2803736 0.1883964 0.5055096
v 5.372963 1.8277007 -1.9928629
v 5.9459653 0.49433887 -1.9937358
v 5.9459653 1.8277007 -1.9937358
v 5.372963 0.49433887 -1.9928629
v 6.442636 0.49433887 -1.7079906
v 4.8771653 1.8277007 -1.705606
v 6.442636 1.8277007 -1.7079906
v 4.8771653 0.49433887 -1.705606
v 6.7298937 0.49433887 -1.2121923
v 4.59142 1.8277007 -1.2089351
v 6.7298937 1.8277007 -1.2121923
v 4.59142 0.49433887 -1.2089351
v 6.7307663 0.49433887 -0.6391903
v 4.592293 1.8277007 -0.635933
v 6.7307663 1.8277007 -0.6391903
v 4.592293 0.49433887 -0.635933
v 6.4450207 0.49433887 -0.14251928
v 4.87955 1.8277007 -0.14013527
v 6.4450207 1.8277007 -0.14251928
v 4.87955 0.49433887 -0.14013527
v 5.949223 0.49433887 0.14473772
v 5.3762207 1.8277007 0.14561044
v 5.949223 1.8277007 0.14473772
v 5.3762207 0.49433887 0.14561044
v 4.8799562 0.5977299 0.8358474
v 5.6457486 0.1883964 0.8346808
v 5.6457486 0.5977299 0.8346808
v 4.8799562 0.1883964 0.8358474
v 6.3095274 0.1883964 1.2165669
v 4.2173433 0.5977299 1.2197533
v 6.3095274 0.5977299 1.2165669
v 4.2173433 0.1883964 1.2197533
v 6.6934357 0.1883964 1.8791795
v 3.8354573 0.5977299 1.883533
v 6.6934357 0.5977299 1.8791795
v 3.8354573 0.1883964 1.883533
v 6.694601 0.1883964 2.644972
v 3.8366237 0.5977299 2.6493256
v 6.694601 0.5977299 2.644972
v 3.8366237 0.1883964 2.6493256
v 6.312714 0.1883964 3.3087518
v 4.22053 0.5977299 3.3119376
v 6.312714 0.5977299 3.3087518
v 4.22053 0.1883964 3.3119376
v 5.6501017 0.1883964 3.692658
v 4.88431 0.5977299 3.693824
v 5.6501017 0.5977299 3.692658
v 4.88431 0.1883964 3.693824
v 4.9768996 0.916601 1.1954515
v 5.5499015 0.49433887 1.1945788
v 5.5499015 0.916601 1.1945788
v 4.9768996 0.49433887 1.1954515
v 6.046572 0.49433887 1.4803239
v 4.4811015 0.916601 1.4827085
v 6.046572 0.916601 1.4803239
v 4.4811015 0.49433887 1.4827085
v 6.3338304 0.49433887 1.9761223
v 4.1953564 0.916601 1.9793795
v 6.3338304 0.916601 1.9761223
v 4.1953564 0.49433887 1.9793795
v 6.3347025 0.49433887 2.5491242
v 4.196229 0.916601 2.5523815
v 6.3347025 0.916601 2.5491242
v 4.196229 0.49433887 2.5523815
v 6.048957 0.49433887 3.0457952
v 4.483486 0.916601 3.0481791
v 6.048957 0.916601 3.0457952
v 4.483486 0.49433887 3.0481791
v 5.553159 0.49433887 3.3330524
v 4.980157 0.916601 3.3339248
v 5.553159 0.916601 3.3330524
v 4.980157 0.49433887 3.3339248
v 1.4902371 1.2936542 -2.4215999
v 1.5207762 1.4560746 -2.4215999
v 1.4129715 1.4270126 -2.4215999
v 1.5690675 1.3727252 -2.4215999
v 1.5206295 1.5524032 -2.4215999
v 1.6238297 1.2167953 -2.4215999
v 1.4127368 1.581137 -2.4215999
v 1.6525635 1.3246882 -2.4215999
v 1.5686665 1.6358993 -2.4215999
v 1.7779543 1.21703 -2.4215999
v 1.4895954 1.7147298 -2.4215999
v 1.7488921 1.3248348 -2.4215999
v 1.6520159 1.6841906 -2.4215999
v 1.9113125 1.2942954 -2.4215999
v 1.6229539 1.7919955 -2.4215999
v 1.8322414 1.373126 -2.4215999
v 1.7483447 1.6843373 -2.4215999
v 1.9881717 1.4278883 -2.4215999
v 1.7770785 1.79223 -2.4215999
v 1.8802787 1.4566221 -2.4215999
v 1.8318408 1.6363 -2.4215999
v 1.9879369 1.5820129 -2.4215999
v 1.9106712 1.715371 -2.4215999
v 1.8801321 1.5529505 -2.4215999
v 1.6764112 4.568023 -1.7091947
v 1.6764112 10.195951 -1.7091947
v 1.747393 10.195951 -1.4439754
v 1.8021885 4.568023 -1.9502243
v 1.747393 4.568023 -1.4439754
v 1.8021885 10.195951 -1.9502243
v 1.9735535 10.195951 -1.3099291
v 2.0510464 4.568023 -2.0258727
v 1.9735535 4.568023 -1.3099291
v 2.0510464 10.195951 -2.0258727
v 2.2224114 10.195951 -1.3855773
v 2.2772074 4.568023 -1.8918258
v 2.2224114 4.568023 -1.3855773
v 2.2772074 10.195951 -1.8918258
v 2.348189 10.195951 -1.6266072
v 2.348189 4.568023 -1.6266072
v -4.372409 4.874508 1.3188673
v -4.372409 5.4878063 1.3188673
v -4.6212664 5.4878063 1.3945156
v -4.1462483 4.874508 1.4529138
v -4.1462483 5.4878063 1.4529138
v -4.6212664 4.874508 1.3945156
v -4.7470446 5.4878063 1.6355453
v -4.0752664 4.874508 1.7181327
v -4.0752664 5.4878063 1.7181327
v -4.7470446 4.874508 1.6355453
v -4.6760626 5.4878063 1.9007641
v -4.2010436 4.874508 1.9591624
v -4.2010436 5.4878063 1.9591624
v -4.6760626 4.874508 1.9007641
v -4.4499016 5.4878063 2.034811
v -4.4499016 4.874508 2.034811
v -3.7735512 0.18970123 1.3188673
v -3.5473905 0.18970123 1.4529138
v -4.022409 0.18970123 1.3945156
v -4.148186 0.18970123 1.6355453
v -3.4764082 0.18970123 1.7181327
v -4.0772047 0.18970123 1.9007641
v -3.602186 0.18970123 1.9591624
v -3.8510437 0.18970123 2.034811
v 2.6380744 4.2683806 -1.8681738
v 2.7606018 4.132252 -1.9981401
v 2.630923 4.1983795 -2.0022187
v 2.770445 4.2269845 -1.8166419
v 2.6452358 4.4068823 -1.826257
v 2.7566211 4.185728 -2.1980243
v 2.627971 4.2378845 -2.1498697
v 2.780277 4.414521 -1.7598464
v 2.6482122 4.5327516 -1.9010224
v 2.7607722 4.3561215 -2.2992835
v 2.6309469 4.3637543 -2.2246351
v 2.7842848 4.584971 -1.8610996
v 2.6452599 4.5722566 -2.0486736
v 2.7705235 4.5436583 -2.2425456
v 2.6381085 4.5022554 -2.182718
v 2.7802148 4.638446 -2.0610418
v 2.9121716 4.1322827 -2.0028872
v 2.9081032 4.1857386 -2.2027562
v 2.9218593 4.227036 -1.82145
v 2.9121094 4.3561263 -2.303972
v 2.931607 4.414505 -1.7647331
v 2.9219382 4.543594 -2.2471976
v 2.9357576 4.5848346 -1.8659556
v 2.931778 4.63829 -2.065766
v 3.040162 4.248995 -2.0212543
v 3.038009 4.277804 -2.1289272
v 3.0453768 4.3000426 -1.923504
v 3.040179 4.369593 -2.183449
v 3.050599 4.401044 -1.8929368
v 3.0454018 4.4705935 -2.1528819
v 3.0527697 4.4928317 -1.9474586
v 3.0506167 4.5216403 -2.0551312
v 2.628984 4.2683806 2.2037811
v 2.7589083 4.132252 2.0812094
v 2.6296904 4.1983795 2.0695474
v 2.7581112 4.2269845 2.2629724
v 2.6336794 4.4068823 2.2460454
v 2.7666335 4.185728 1.8814346
v 2.6353853 4.2378845 1.9219766
v 2.764602 4.414521 2.320246
v 2.641027 4.5327516 2.171582
v 2.776705 4.3561215 1.780592
v 2.6427324 4.3637543 1.8475137
v 2.7745297 4.584971 2.2194006
v 2.6467218 4.5722566 2.0240114
v 2.7831182 4.5436583 1.8378035
v 2.6474283 4.5022554 1.8897778
v 2.782169 4.638446 2.0195632
v 2.9104962 4.1322827 2.0853417
v 2.9181333 4.1857386 1.8855773
v 2.9095476 4.227036 2.2670348
v 2.9280565 4.3561263 1.7847693
v 2.915959 4.414505 2.3242252
v 2.9345455 4.543594 1.8420217
v 2.926027 4.5848346 2.2234192
v 2.9337494 4.63829 2.0237184
v 3.039342 4.248995 2.0744972
v 3.0434947 4.277804 1.9668832
v 3.0388265 4.3000426 2.1723855
v 3.0488532 4.369593 1.9125819
v 3.0422509 4.401044 2.203206
v 3.052277 4.4705935 1.9434024
v 3.047609 4.4928317 2.1489046
v 3.0517614 4.5216403 2.0412905
v -4.0752664 4.874508 -1.6266071
v -4.0752664 10.195951 -1.6266071
v -4.1462483 10.195951 -1.8918262
v -4.2010436 4.874508 -1.3855773
v -4.2010436 10.195951 -1.3855773
v -4.1462483 4.874508 -1.8918262
v -4.372409 10.195951 -2.0258727
v -4.4499016 4.874508 -1.3099289
v -4.4499016 10.195951 -1.3099289
v -4.372409 4.874508 -2.0258727
v -4.6212664 10.195951 -1.9502243
v -4.6760626 4.874508 -1.4439758
v -4.6760626 10.195951 -1.4439758
v -4.6212664 4.874508 -1.9502243
v -4.7470446 10.195951 -1.7091944
v -4.7470446 4.874508 -1.7091944
v -3.4764082 0.18970123 -1.6266071
v -3.602186 0.18970123 -1.3855773
v -3.8510437 0.18970123 -1.3099289
v -4.0772047 0.18970123 -1.4439758
v -4.148186 0.18970123 -1.7091944
v -3.5473905 0.18970123 -1.8918262
v -4.022409 0.18970123 -1.9502243
v -3.7735512 0.18970123 -2.0258727
v 1.4902376 1.2936542 -2.192281
v 1.5207766 1.4560746 -2.192281
v 1.412972 1.4270126 -2.192281
v 1.5690681 1.3727252 -2.192281
v 1.52063 1.5524032 -2.192281
v 1.6238302 1.2167953 -2.192281
v 1.4127374 1.581137 -2.192281
v 1.6525639 1.3246882 -2.192281
v 1.5686669 1.6358993 -2.192281
v 1.7779548 1.21703 -2.192281
v 1.4895959 1.7147298 -2.192281
v 1.7488924 1.3248348 -2.192281
v 1.6520164 1.6841906 -2.192281
v 1.9113129 1.2942954 -2.192281
v 1.6229542 1.7919955 -2.192281
v 1.8322419 1.373126 -2.192281
v 1.7483451 1.6843373 -2.192281
v 1.988172 1.4278883 -2.192281
v 1.777079 1.79223 -2.192281
v 1.8802792 1.4566221 -2.192281
v 1.8318412 1.6363 -2.192281
v 1.9879373 1.5820129 -2.192281
v 1.9106716 1.715371 -2.192281
v 1.8801326 1.5529505 -2.192281
v 1.7779548 1.21703 -2.192281
v 1.7656846 1.2625458 -1.8081536
v 1.8779289 1.3275783 -1.8081536
v 1.9113129 1.2942954 -2.192281
v 1.6238302 1.2167953 -2.192281
v 1.9426191 1.4400201 -1.8081536
v 1.6359619 1.2623482 -1.8081536
v 1.988172 1.4278883 -2.192281
v 1.4902376 1.2936542 -2.192281
v 1.9424216 1.5697427 -1.8081536
v 1.52352 1.3270383 -1.8081536
v 1.9879373 1.5820129 -2.192281
v 1.412972 1.4270126 -2.192281
v 1.8773892 1.6819869 -1.8081536
v 1.4584876 1.4392828 -1.8081536
v 1.9106716 1.715371 -2.192281
v 1.4127374 1.581137 -2.192281
v 1.7649473 1.7466774 -1.8081536
v 1.4582901 1.5690054 -1.8081536
v 1.777079 1.79223 -2.192281
v 1.4895959 1.7147298 -2.192281
v 1.6352245 1.7464797 -1.8081536
v 1.52298 1.6814473 -1.8081536
v 1.6229542 1.7919955 -2.192281
v 1.4762431 2.3362062 -1.9618003
v 1.3462921 2.8182518 -1.9618008
v 2.0506103 2.8193245 -1.9618008
v 1.9221282 2.3368852 -1.9618003
v 1.090435 2.1126754 -1.9618003
v 2.661104 2.4680946 -1.9618008
v 0.7368712 2.4651637 -1.9618008
v 2.308616 2.114531 -1.9618003
v 0.86808044 1.7261878 -1.9618003
v 3.014192 1.8586735 -1.9618008
v 0.38564077 1.8546698 -1.9618008
v 2.5321467 1.7287225 -1.9618003
v 0.8687595 1.2803028 -1.9618003
v 3.0152655 1.1543553 -1.9618008
v 0.38671347 1.1503515 -1.9618008
v 2.5328257 1.2828374 -1.9618003
v 1.0922906 0.8944946 -1.9618003
v 2.6640356 0.5438614 -1.9618008
v 0.73980224 0.54093075 -1.9618008
v 2.3104715 0.8963499 -1.9618003
v 1.4787779 0.67213994 -1.9618003
v 2.054614 0.19077317 -1.9618008
v 1.3502958 0.18970053 -1.9618008
v 1.9246631 0.67281914 -1.9618003
v 0.38564077 1.8546698 -2.3622632
v 0.38564077 1.8546698 -1.9618008
v 0.38671347 1.1503515 -1.9618008
v 0.38671347 1.1503515 -2.3622632
v 0.7368712 2.4651637 -2.3622632
v 0.73980224 0.54093075 -1.9618008
v 0.7368712 2.4651637 -1.9618008
v 0.73980224 0.54093075 -2.3622632
v 1.3462921 2.8182518 -2.3622632
v 1.3502958 0.18970053 -1.9618008
v 1.3462921 2.8182518 -1.9618008
v 1.3502958 0.18970053 -2.3622632
v 2.0506103 2.8193245 -2.3622632
v 2.054614 0.19077317 -1.9618008
v 2.0506103 2.8193245 -1.9618008
v 2.054614 0.19077317 -2.3622632
v 2.661104 2.4680946 -2.3622632
v 2.6640356 0.5438614 -1.9618008
v 2.661104 2.4680946 -1.9618008
v 2.6640356 0.5438614 -2.3622632
v 3.014192 1.8586735 -2.3622632
v 3.0152655 1.1543553 -1.9618008
v 3.014192 1.8586735 -1.9618008
v 3.0152655 1.1543553 -2.3622632
v 2.5328257 1.2828374 -2.3622632
v 2.3104715 0.8963499 -1.9618003
v 2.3104715 0.8963499 -2.3622632
v 2.5328257 1.2828374 -1.9618003
v 1.9246631 0.67281914 -1.9618003
v 2.5321467 1.7287225 -2.3622632
v 1.9246631 0.67281914 -2.3622632
v 2.5321467 1.7287225 -1.9618003
v 1.4787779 0.67213994 -1.9618003
v 2.308616 2.114531 -2.3622632
v 1.4787779 0.67213994 -2.3622632
v 2.308616 2.114531 -1.9618003
v 1.0922906 0.8944946 -1.9618003
v 1.9221282 2.3368852 -2.3622632
v 1.0922906 0.8944946 -2.3622632
v 1.9221282 2.3368852 -1.9618003
v 0.8687595 1.2803028 -1.9618003
v 1.4762431 2.3362062 -2.3622632
v 0.8687595 1.2803028 -2.3622632
v 1.4762431 2.3362062 -1.9618003
v 0.86808044 1.7261878 -1.9618003
v 1.090435 2.1126754 -2.3622632
v 0.86808044 1.7261878 -2.3622632
v 1.090435 2.1126754 -1.9618003
v 1.9106709 1.2936542 2.2625854
v 1.8801318 1.4560746 2.2625854
v 1.9879365 1.4270126 2.2625854
v 1.8318405 1.3727252 2.2625854
v 1.8802786 1.5524032 2.2625854
v 1.7770782 1.2167953 2.2625854
v 1.9881712 1.581137 2.2625854
v 1.7483447 1.3246882 2.2625854
v 1.8322414 1.6358993 2.2625854
v 1.6229539 1.21703 2.2625854
v 1.9113125 1.7147298 2.2625854
v 1.6520159 1.3248348 2.2625854
v 1.7488921 1.6841906 2.2625854
v 1.4895954 1.2942954 2.2625854
v 1.7779543 1.7919955 2.2625854
v 1.5686665 1.373126 2.2625854
v 1.6525635 1.6843373 2.2625854
v 1.4127363 1.4278883 2.2625854
v 1.6238296 1.79223 2.2625854
v 1.5206293 1.4566221 2.2625854
v 1.5690674 1.6363 2.2625854
v 1.4129711 1.5820129 2.2625854
v 1.4902368 1.715371 2.2625854
v 1.520776 1.5529505 2.2625854
v 1.6229539 1.21703 2.2625854
v 1.635224 1.2625458 1.878458
v 1.5229795 1.3275783 1.878458
v 1.4895954 1.2942954 2.2625854
v 1.7770782 1.2167953 2.2625854
v 1.4582893 1.4400201 1.878458
v 1.7649467 1.2623482 1.878458
v 1.4127363 1.4278883 2.2625854
v 1.9106709 1.2936542 2.2625854
v 1.458487 1.5697427 1.878458
v 1.8773884 1.3270383 1.878458
v 1.4129711 1.5820129 2.2625854
v 1.9879365 1.4270126 2.2625854
v 1.5235195 1.6819869 1.878458
v 1.9424207 1.4392828 1.878458
v 1.4902368 1.715371 2.2625854
v 1.9881712 1.581137 2.2625854
v 1.635961 1.7466774 1.878458
v 1.9426185 1.5690054 1.878458
v 1.6238296 1.79223 2.2625854
v 1.9113125 1.7147298 2.2625854
v 1.7656841 1.7464797 1.878458
v 1.8779284 1.6814473 1.878458
v 1.7779543 1.7919955 2.2625854
v 1.9246639 2.3362062 1.862123
v 2.054615 2.8182518 1.8621234
v 1.3502967 2.8193245 1.8621234
v 1.4787788 2.3368852 1.862123
v 2.3104722 2.1126754 1.862123
v 0.7398029 2.4680946 1.8621234
v 2.6640358 2.4651637 1.8621234
v 1.0922914 2.114531 1.862123
v 2.5328267 1.7261878 1.862123
v 0.3867146 1.8586735 1.8621234
v 3.0152664 1.8546698 1.8621234
v 0.8687604 1.7287225 1.862123
v 2.5321476 1.2803028 1.862123
v 0.3856417 1.1543553 1.8621234
v 3.0141938 1.1503515 1.8621234
v 0.86808133 1.2828374 1.862123
v 2.3086166 0.89449453 1.862123
v 0.7368716 0.54386127 1.8621234
v 2.661105 0.5409306 1.8621234
v 1.0904357 0.89634985 1.862123
v 1.9221292 0.67213994 1.862123
v 1.346293 0.19077308 1.8621234
v 2.0506113 0.18970042 1.8621234
v 1.476244 0.672819 1.862123
v 3.0152664 1.8546698 2.2625856
v 3.0152664 1.8546698 1.8621234
v 3.0141938 1.1503515 1.8621234
v 3.0141938 1.1503515 2.2625856
v 2.6640358 2.4651637 2.2625856
v 2.661105 0.5409306 1.8621234
v 2.6640358 2.4651637 1.8621234
v 2.661105 0.5409306 2.2625856
v 2.054615 2.8182518 2.2625856
v 2.0506113 0.18970042 1.8621234
v 2.054615 2.8182518 1.8621234
v 2.0506113 0.18970042 2.2625856
v 1.3502967 2.8193245 2.2625856
v 1.346293 0.19077308 1.8621234
v 1.3502967 2.8193245 1.8621234
v 1.346293 0.19077308 2.2625856
v 0.7398029 2.4680946 2.2625856
v 0.7368716 0.54386127 1.8621234
v 0.7398029 2.4680946 1.8621234
v 0.7368716 0.54386127 2.2625856
v 0.3867146 1.8586735 2.2625856
v 0.3856417 1.1543553 1.8621234
v 0.3867146 1.8586735 1.8621234
v 0.3856417 1.1543553 2.2625856
v 0.86808133 1.2828374 2.2625856
v 1.0904357 0.89634985 1.862123
v 1.0904357 0.89634985 2.2625856
v 0.86808133 1.2828374 1.862123
v 1.476244 0.672819 1.862123
v 0.8687604 1.7287225 2.2625856
v 1.476244 0.672819 2.2625856
v 0.8687604 1.7287225 1.862123
v 1.9221292 0.67213994 1.862123
v 1.0922914 2.114531 2.2625856
v 1.9221292 0.67213994 2.2625856
v 1.0922914 2.114531 1.862123
v 2.3086166 0.89449453 1.862123
v 1.4787788 2.3368852 2.2625856
v 2.3086166 0.89449453 2.2625856
v 1.4787788 2.3368852 1.862123
v 2.5321476 1.2803028 1.862123
v 1.9246639 2.3362062 2.2625856
v 2.5321476 1.2803028 2.2625856
v 1.9246639 2.3362062 1.862123
v 2.5328267 1.7261878 1.862123
v 2.3104722 2.1126754 2.2625856
v 2.5328267 1.7261878 2.2625856
v 2.3104722 2.1126754 1.862123
v -6.73903 2.8491013 1.423735
v -6.7395096 3.1501489 1.2532586
v -6.164412 3.150149 1.067157
v -6.062462 2.8491013 1.2047977
v -7.4168186 2.8491013 1.2085029
v -5.8100195 3.150149 0.5830862
v -7.3156447 3.150149 1.0703064
v -5.6455407 2.8491013 0.63531744
v -7.836934 2.8491013 0.6413123
v -5.811698 3.150149 -0.014054769
v -7.6727524 3.150149 0.5881821
v -5.6475153 2.8491013 -0.06718313
v -7.838909 2.8491013 -0.0611881
v -6.168806 3.150149 -0.49617907
v -7.674431 3.150149 -0.008958912
v -6.0676312 2.8491013 -0.6343735
v -7.4219866 2.8491013 -0.63066834
v -6.74494 3.150149 -0.67913145
v -7.320038 3.150149 -0.49302965
v -6.745419 2.8491013 -0.8496059
v -4.187216 4.092072 -1.7806956
v 2.630923 4.1983795 -2.0022187
v 2.627971 4.2378845 -2.1498697
v -4.191213 4.1455607 -1.9806097
v -4.1775327 4.1868515 -1.599204
v 2.6309469 4.3637543 -2.2246351
v 2.6380744 4.2683806 -1.8681738
v -4.187183 4.3159823 -2.0818393
v -4.1678348 4.3743777 -1.5424502
v 2.6381085 4.5022554 -2.182718
v 2.6452358 4.4068823 -1.826257
v -4.1774864 4.5035095 -2.0250857
v -4.1638064 4.5448008 -1.6436801
v 2.6452599 4.5722566 -2.0486736
v 2.6482122 4.5327516 -1.9010224
v -4.167804 4.598289 -1.843594
v -4.189726 4.092072 1.8916186
v 2.6296904 4.1983795 2.0695474
v 2.6353853 4.2378845 1.9219766
v -4.182016 4.1455607 1.6918135
v -4.1906824 4.1868515 2.073366
v 2.6427324 4.3637543 1.8475137
v 2.628984 4.2683806 2.2037811
v -4.1720676 4.3159823 1.5909932
v -4.1843243 4.3743777 2.13059
v 2.6474283 4.5022554 1.8897778
v 2.6336794 4.4068823 2.2460454
v -4.1657095 4.5035095 1.648217
v -4.1743774 4.5448008 2.0297697
v 2.6467218 4.5722566 2.0240114
v 2.641027 4.5327516 2.171582
v -4.166666 4.598289 1.8299644
v 0.38564077 1.8546698 -2.3622632
v 0.86808044 1.7261878 -2.3622632
v 1.090435 2.1126754 -2.3622632
v 0.7368712 2.4651637 -2.3622632
v 0.38671347 1.1503515 -2.3622632
v 1.4762431 2.3362062 -2.3622632
v 0.8687595 1.2803028 -2.3622632
v 1.3462921 2.8182518 -2.3622632
v 0.73980224 0.54093075 -2.3622632
v 1.9221282 2.3368852 -2.3622632
v 1.0922906 0.8944946 -2.3622632
v 2.0506103 2.8193245 -2.3622632
v 1.3502958 0.18970053 -2.3622632
v 2.308616 2.114531 -2.3622632
v 1.4787779 0.67213994 -2.3622632
v 2.661104 2.4680946 -2.3622632
v 2.054614 0.19077317 -2.3622632
v 2.5321467 1.7287225 -2.3622632
v 1.9246631 0.67281914 -2.3622632
v 3.014192 1.8586735 -2.3622632
v 2.6640356 0.5438614 -2.3622632
v 2.5328257 1.2828374 -2.3622632
v 2.3104715 0.8963499 -2.3622632
v 3.0152655 1.1543553 -2.3622632
v 3.0152664 1.8546698 2.2625856
v 2.5328267 1.7261878 2.2625856
v 2.3104722 2.1126754 2.2625856
v 2.6640358 2.4651637 2.2625856
v 3.0141938 1.1503515 2.2625856
v 1.9246639 2.3362062 2.2625856
v 2.5321476 1.2803028 2.2625856
v 2.054615 2.8182518 2.2625856
v 2.661105 0.5409306 2.2625856
v 1.4787788 2.3368852 2.2625856
v 2.3086166 0.89449453 2.2625856
v 1.3502967 2.8193245 2.2625856
v 2.0506113 0.18970042 2.2625856
v 1.0922914 2.114531 2.2625856
v 1.9221292 0.67213994 2.2625856
v 0.7398029 2.4680946 2.2625856
v 1.346293 0.19077308 2.2625856
v 0.8687604 1.7287225 2.2625856
v 1.476244 0.672819 2.2625856
v 0.3867146 1.8586735 2.2625856
v 0.7368716 0.54386127 2.2625856
v 0.86808133 1.2828374 2.2625856
v 1.0904357 0.89634985 2.2625856
v 0.3856417 1.1543553 2.2625856
v 2.6676238 4.375612 -1.7816514
v 2.367234 4.6878767 -1.7895372
v 2.3548906 4.375612 -1.9814433
v 2.6676238 4.375612 1.7001538
v -4.0500245 4.6878767 -1.7895372
v 2.367234 4.6878767 1.7080396
v 2.2543344 1.7825047 -1.9172022
v -4.037681 4.375612 -1.9814433
v 2.5670671 1.7825047 -1.7174106
v 2.3548906 4.375612 1.8999456
v 2.5670671 1.7825047 1.6359129
v -4.037681 4.375612 1.8999456
v 2.2543344 1.7825047 1.8357044
v -4.0500245 4.6878767 1.7080396
v -4.3504148 4.375612 -1.7816514
v -4.3504148 4.375612 1.7001538
v -4.2498584 1.7825047 -1.7174106
v -3.9371252 1.7825047 1.8357044
v -3.9371252 1.7825047 -1.9172022
v -4.2498584 1.7825047 1.6359129
v 2.2424598 1.4702406 1.6283267
v -3.9252505 1.4702406 1.6283267
v 2.2424598 1.4702406 -1.7098243
v -3.9252505 1.4702406 -1.7098243
v 1.9244902 9.444349 -0.8814689
v 2.2393022 9.228303 -0.6157443
v 2.2270632 9.243978 -0.79095167
v 2.3303277 9.651716 -1.7320051
v 2.5796928 9.010455 -0.6854595
v 1.6077658 9.654095 -0.97621983
v 1.8747698 9.467802 -0.6735743
v 2.600508 9.043581 -0.6817146
v 2.260118 9.261428 -0.61199975
v 1.5163451 9.707067 -0.83202344
v 1.8955854 9.500927 -0.6698297
v 1.213141 9.915426 -1.0942755
v 2.2478795 9.277102 -0.7872065
v 2.3462632 9.683417 -1.7151006
v 2.9352303 8.945925 -0.8570478
v 1.9453063 9.477476 -0.8777238
v 1.5371609 9.740191 -0.8282788
v 2.9192944 8.914224 -0.8739524
v 1.6285814 9.687221 -0.9724748
v 1.2339573 9.948551 -1.0905303
v 3.2405002 8.963228 -1.2036473
v 1.0635105 10.143178 -1.4291264
v 3.2245638 8.931528 -1.2205514
v 1.0794472 10.174879 -1.4122208
v 3.448321 9.085211 -1.6283087
v 1.1015865 10.337428 -1.8556584
v 3.4323854 9.053511 -1.6452127
v 1.3094075 10.45941 -2.2803202
v 3.4980104 9.253906 -2.0564983
v 3.5139456 9.285605 -2.0395935
v 1.1175218 10.369127 -1.8387544
v 3.4166484 9.520094 -2.355005
v 1.3253437 10.491111 -2.2634156
v 1.6422274 10.48286 -2.6116717
v 1.6581637 10.514562 -2.5947661
v 2.0410094 10.39879 -2.7916002
v 3.4075584 9.49382 -2.3827858
v 2.0500987 10.425064 -2.7638206
v 3.2047393 9.812999 -2.5486162
v 3.0640194 9.753616 -2.4604971
v 3.1956503 9.786725 -2.5763946
v 2.8784957 10.074866 -2.6849205
v 2.7614474 9.953989 -2.5510147
v 2.4447234 10.1637335 -2.6457648
v 2.481784 10.291762 -2.7648942
v 2.4726934 10.265487 -2.7926736
v 2.8694057 10.048591 -2.712699
v 2.4356332 10.137458 -2.6735451
v 2.7523575 9.927714 -2.5787945
v 3.05493 9.727343 -2.4882774
v 8.056869 2.7676349 -1.5159851
v 7.9171762 2.232737 -1.420388
v 7.8441143 2.2301776 -1.7136674
v 7.9905615 2.7669024 -1.7680391
v 7.921826 2.225652 -1.9995593
v 7.9683557 3.1627338 -1.7618313
v 8.025168 3.142073 -1.5287231
v 8.150625 3.0850854 -1.7721062
v 8.114121 3.3006594 -2.085637
v 8.210916 3.0153008 -1.5784826
v 7.881334 2.7136471 -1.3976427
v 8.026443 2.764 -2.0227036
v 8.158539 2.7484853 -2.208354
v 8.155608 2.217594 -2.1678865
v 8.127911 3.2517464 -2.2289186
v 8.309397 2.7367826 -2.3159034
v 8.390797 2.1793835 -2.320113
v 8.469966 2.7442632 -2.4362245
v 8.43101 3.2306917 -2.508497
v 8.499498 2.1585083 -2.3439806
v 8.660895 2.734128 -2.5073898
v 8.610742 2.1198733 -2.356708
v 8.838473 2.7367342 -2.5711992
v 8.884859 2.0946648 -2.4443126
v 8.23353 3.2417092 -2.343937
v 8.21973 3.6511884 -2.2615392
v 8.1512575 3.6296775 -2.1634135
v 8.68447 3.2441804 -2.5798156
v 9.068786 2.7477999 -2.5809646
v 9.180184 2.0921175 -2.515011
v 9.302359 2.7553341 -2.4795089
v 9.467875 2.1469257 -2.4461257
v 9.683475 2.2352026 -2.2494204
v 9.478032 2.7681017 -2.2963593
v 9.473905 3.139612 -2.3110979
v 9.303852 3.1590168 -2.4847696
v 9.730943 3.3363118 -2.4670036
v 9.087459 3.267011 -2.604231
v 9.527932 3.334931 -2.5906396
v 8.843996 3.253909 -2.600641
v 9.941987 3.6316926 -2.9046974
v 10.12767 3.6567147 -2.7518904
v 10.326939 4.2697067 -2.8809214
v 10.123098 4.215216 -3.076175
v 10.12838 4.28885 -3.0869536
v 9.914098 4.3505626 -3.1565542
v 9.700292 3.6092339 -2.9450338
v 9.31542 3.4228377 -2.6515987
v 9.071042 3.6450155 -2.5848742
v 8.915979 3.645267 -2.5659833
v 9.150114 3.936104 -2.5132394
v 9.235395 3.6741717 -2.6299148
v 9.864603 4.1627035 -3.1369104
v 9.625074 4.2713637 -3.0168831
v 9.732321 4.4994416 -3.0684628
v 9.615519 4.6425533 -2.8864584
v 9.501895 3.745025 -2.8570154
v 9.432343 3.9546165 -2.713022
v 9.497633 4.442309 -2.8081222
v 9.575422 4.6207223 -2.6215813
v 9.622165 4.6972585 -2.6637628
v 9.735962 4.693039 -2.4393272
v 9.689993 4.1721177 -2.4195588
v 9.532208 4.1092515 -2.566889
v 9.402684 4.086984 -2.4564445
v 9.550862 4.1120687 -2.3158412
v 9.402362 4.084757 -2.2278402
v 9.281643 3.95191 -2.5708127
v 9.271395 4.066513 -2.3921268
v 9.286472 4.0945077 -2.167774
v 9.152198 4.0750213 -2.3459404
v 9.066408 4.080846 -2.3140385
v 9.209105 4.0993156 -2.127673
v 8.863566 3.9904232 -2.458269
v 9.015817 3.9482338 -2.4835026
v 8.763087 3.6508934 -2.5483236
v 8.494568 3.9613137 -2.392636
v 8.453408 3.647748 -2.4678133
v 8.229332 3.9758358 -2.1159968
v 8.123037 3.8989449 -2.0031922
v 8.127128 4.0000186 -1.7886977
v 8.224749 4.038689 -1.8558867
v 7.9969225 3.825144 -1.8788667
v 8.195177 4.00823 -1.5704734
v 8.301171 4.0488715 -1.629424
v 7.9604807 3.9040456 -1.6731738
v 7.9975157 3.886886 -1.4616475
v 7.744898 3.6063108 -1.3225235
v 7.720571 3.6492183 -1.5190797
v 8.061342 3.5868926 -2.0330398
v 7.7971134 3.6357782 -1.7263393
v 7.4479 3.3553593 -1.3670541
v 7.466876 3.3126671 -1.1693971
v 7.1046214 3.045816 -0.96987736
v 7.933477 3.4692717 -1.8713831
v 7.532084 3.352451 -1.5856463
v 7.0650315 3.0790007 -1.1872487
v 7.0138702 3.0150812 -1.1703333
v 7.0120835 2.9207413 -1.3536328
v 7.1442065 3.0713375 -1.4219886
v 7.6812296 3.1989949 -1.7418655
v 7.8126082 2.9790742 -1.7654988
v 8.06514 3.2443666 -1.9111788
v 7.2838907 2.9026897 -1.5881327
v 7.1099515 2.7539382 -1.4832864
v 7.2555156 2.5874813 -1.5238595
v 7.42674 2.6844766 -1.6204836
v 7.485204 2.5178568 -1.453849
v 7.4079423 2.486935 -1.4224861
v 7.556334 2.4615748 -1.2186687
v 7.841235 2.7906575 -1.6082177
v 9.478032 2.7681017 -2.2963593
v 9.683475 2.2352026 -2.2494204
v 9.764608 2.3293557 -1.9713372
v 9.536216 2.7838588 -2.0611472
v 9.691763 2.4003778 -1.6905286
v 9.516035 3.158235 -2.0925539
v 9.473905 3.139612 -2.3110979
v 9.770449 3.3255239 -2.2390306
v 9.4733925 3.264893 -1.8978447
v 9.730943 3.3363118 -2.4670036
v 10.12767 3.6567147 -2.7518904
v 9.480996 2.7935796 -1.834991
v 9.351244 2.7830846 -1.63887
v 9.497381 2.4272423 -1.4413128
v 9.387295 2.377957 -1.4114641
v 9.266923 2.7648494 -1.5772032
v 9.243419 3.2444136 -1.616936
v 9.324117 3.253104 -1.6750679
v 9.321848 3.636308 -1.7142135
v 9.24968 3.6383715 -1.6566261
v 9.291594 3.9866295 -1.6801434
v 9.328315 3.9770954 -1.718383
v 9.49009 3.6386425 -1.8258029
v 9.369238 4.0770373 -1.9636956
v 9.288935 4.082211 -1.9103634
v 9.209105 4.0993156 -2.127673
v 9.286472 4.0945077 -2.167774
v 9.402362 4.084757 -2.2278402
v 9.48223 4.066993 -2.0380852
v 9.550862 4.1120687 -2.3158412
v 9.517641 3.9348025 -1.8773669
v 9.624427 4.0809665 -2.1257339
v 9.672274 3.941703 -1.969837
v 9.677654 3.6612215 -1.9214492
v 9.781352 4.1012487 -2.2273672
v 9.689993 4.1721177 -2.4195588
v 9.735962 4.693039 -2.4393272
v 9.8839 3.9365554 -2.091429
v 9.859064 4.613351 -2.2338068
v 9.915876 4.6892486 -2.2630396
v 10.124027 4.6262503 -2.1902122
v 10.006994 4.427734 -2.107939
v 10.037396 3.7246435 -2.121248
v 10.168812 3.5850976 -2.2807317
v 9.753918 3.4094613 -2.0407655
v 10.240153 4.249603 -2.1710176
v 10.32851 4.4779286 -2.2498934
v 10.464532 4.330857 -2.4010682
v 10.426193 4.1425753 -2.3666399
v 10.44874 4.2034454 -2.6290932
v 10.4624605 4.2767744 -2.628286
v 10.326939 4.2697067 -2.8809214
v 10.209959 3.6128106 -2.5253417
v 8.056869 2.7676349 -1.5159851
v 8.1275835 2.2327244 -1.2020577
v 7.9171762 2.232737 -1.420388
v 8.25005 2.7704914 -1.3002818
v 8.025168 3.142073 -1.5287231
v 8.437741 2.2313533 -1.0697182
v 8.1838875 3.1616642 -1.3781781
v 8.442188 3.2850976 -1.3518853
v 8.210916 3.0153008 -1.5784826
v 8.472215 2.7715144 -1.2248107
v 8.725636 2.224482 -1.1313132
v 8.684168 2.7587817 -1.2664441
v 8.734075 2.781875 -1.2403767
v 8.722266 3.2421377 -1.3040167
v 8.659757 3.2508283 -1.3185928
v 8.715799 3.6374638 -1.3287861
v 8.340865 3.0874877 -1.4326676
v 8.038524 2.7909539 -1.2513139
v 7.881334 2.7136471 -1.3976427
v 7.556334 2.4615748 -1.2186687
v 7.71708 2.5178561 -1.0328454
v 7.649277 2.486935 -0.9843102
v 7.6534805 2.587481 -0.80129963
v 8.156016 2.9797566 -1.1432331
v 8.4259 3.2523425 -1.3217685
v 8.4845 3.5749505 -1.2929171
v 8.669161 3.6226244 -1.3608218
v 8.355681 3.8307462 -1.2505573
v 8.311582 3.4627163 -1.2075771
v 8.599965 3.9444618 -1.3179927
v 8.681339 3.9762776 -1.3045568
v 8.451882 4.0407534 -1.4478972
v 8.347309 4.004386 -1.4009864
v 8.301171 4.0488715 -1.629424
v 8.195177 4.00823 -1.5704734
v 7.9975157 3.886886 -1.4616475
v 8.165497 3.9115233 -1.3216748
v 7.8986435 3.6504407 -1.1971173
v 7.744898 3.6063108 -1.3225235
v 7.466876 3.3126671 -1.1693971
v 8.116935 3.6345346 -1.1511209
v 7.853673 3.3521743 -1.0019486
v 7.623216 3.3535995 -1.0473956
v 7.267174 3.0789995 -0.8202306
v 7.1046214 3.045816 -0.96987736
v 7.2255306 3.0150805 -0.7860321
v 7.3794947 2.9207408 -0.6865478
v 7.507889 3.0713363 -0.7616764
v 7.7229686 2.9026892 -0.79092634
v 7.541384 2.7539377 -0.69996053
v 8.066265 3.1989117 -1.0451282
v 7.8266644 2.6844766 -0.8943643
v 8.722266 3.2421377 -1.3040167
v 8.715799 3.6374638 -1.3287861
v 8.634218 3.6423805 -1.4766545
v 8.602013 3.2432094 -1.5223548
v 8.734075 2.781875 -1.2403767
v 8.625246 2.7778757 -1.4379678
v 8.598509 2.7538147 -1.4344299
v 8.679741 2.2519011 -1.3736922
v 8.559248 3.2516549 -1.5140811
v 8.396632 3.2933156 -1.4563949
v 8.408064 2.7676973 -1.3856514
v 8.226986 2.7695675 -1.4279379
v 8.427497 2.2264822 -1.3634319
v 8.227683 2.2271893 -1.4006208
v 8.098733 2.7694168 -1.5457952
v 8.09284 2.2275188 -1.5244719
v 8.058499 3.1712496 -1.5474135
v 8.175662 3.1810677 -1.4555656
v 8.184966 3.0565119 -1.5752134
v 8.290328 3.1228938 -1.4862635
v 7.9821672 2.8251967 -1.295799
v 7.850673 2.7510533 -1.3910942
v 7.529329 2.5021071 -1.2141073
v 7.6619034 2.5557125 -1.0864415
v 7.596176 2.525452 -1.045675
v 7.583305 2.6049862 -0.91181386
v 8.085403 2.995583 -1.2397548
v 8.361948 3.2673192 -1.4185969
v 7.7519126 2.7029607 -1.0005082
v 8.425424 3.5788689 -1.4074409
v 7.6543393 2.8995094 -0.9159449
v 7.4759464 2.7521389 -0.8250096
v 7.334373 2.904208 -0.80192745
v 8.250018 3.463364 -1.319208
v 8.306891 3.8160307 -1.3614051
v 8.610002 3.6278965 -1.4811751
v 8.001566 3.1957552 -1.1600424
v 7.810776 3.3321505 -1.1076654
v 8.548736 3.9293585 -1.4391005
v 8.618258 3.9714835 -1.4598988
v 8.446689 4.02326 -1.5331831
v 8.328039 3.9659276 -1.4725076
v 8.332244 4.0245357 -1.6568708
v 8.205997 3.9645617 -1.5867965
v 8.012553 3.8463128 -1.480253
v 8.147954 3.8745492 -1.3915437
v 7.89102 3.617421 -1.266628
v 7.766873 3.5696948 -1.3449394
v 7.488278 3.274776 -1.1914978
v 8.072577 3.619107 -1.2575703
v 7.617118 3.3181822 -1.1141305
v 7.2592344 3.045526 -0.893534
v 7.126697 3.0083907 -0.9923503
v 7.2171206 2.9863744 -0.8652507
v 7.462374 3.0502427 -0.87434286
v 8.098733 2.7694168 -1.5457952
v 8.060241 2.2271893 -1.7046361
v 8.09284 2.2275188 -1.5244719
v 8.061888 2.7695675 -1.7276989
v 8.1356125 2.2264822 -1.89339
v 8.032678 3.1810677 -1.7151741
v 8.058499 3.1712496 -1.5474135
v 8.163154 3.123032 -1.7183009
v 8.190849 3.3108432 -1.9844133
v 8.184966 3.0565119 -1.5752134
v 7.850673 2.7510533 -1.3910942
v 8.109989 2.7676973 -1.9268457
v 8.240941 2.7538147 -2.0836427
v 8.213922 3.2528853 -2.1035936
v 8.313072 2.2230668 -2.0383513
v 7.921826 2.225652 -1.9995593
v 8.155608 2.217594 -2.1678865
v 8.388806 2.7435718 -2.1838865
v 8.520225 2.1944034 -2.1419044
v 8.390797 2.1793835 -2.320113
v 8.610879 2.1845157 -2.1585817
v 8.499498 2.1585083 -2.3439806
v 8.546718 2.7517307 -2.296466
v 8.513564 3.232724 -2.35742
v 8.705081 2.1624627 -2.1636791
v 8.610742 2.1198733 -2.356708
v 8.7293215 2.7419808 -2.36998
v 8.933529 2.1548476 -2.2345438
v 8.884859 2.0946648 -2.4443126
v 8.898553 2.7454357 -2.4372728
v 9.162054 2.1509676 -2.2984629
v 9.180184 2.0921175 -2.515011
v 9.10379 2.7557492 -2.4628325
v 8.3196945 3.2432094 -2.206305
v 8.301337 3.64299 -2.1368322
v 8.752387 3.245534 -2.4348078
v 9.297119 2.7603884 -2.4008086
v 9.365972 2.1814082 -2.271036
v 9.505222 2.2325592 -2.1593192
v 9.429638 2.768373 -2.2782176
v 9.437385 3.1662292 -2.2944136
v 9.306794 3.1763387 -2.4072888
v 9.7081585 3.379156 -2.4614472
v 9.131252 3.2704659 -2.487407
v 9.541952 3.3679147 -2.5303133
v 8.901351 3.254977 -2.4640884
v 9.949467 3.6582925 -2.8452945
v 10.099146 3.6881638 -2.7414937
v 10.287107 4.290021 -2.8625546
v 10.126926 4.230437 -3.0021615
v 10.135224 4.2998567 -3.009261
v 9.9709835 4.355014 -3.0463343
v 9.7533455 3.6223707 -2.847989
v 9.365462 3.4341393 -2.552853
v 9.123539 3.6385024 -2.4704614
v 8.968661 3.6378305 -2.440884
v 9.196782 3.9124 -2.422298
v 9.297449 3.6687603 -2.5283675
v 9.919981 4.171272 -3.0255873
v 9.708256 4.2683673 -2.9075832
v 9.812121 4.492786 -2.9607549
v 9.696003 4.624091 -2.8044384
v 9.578187 3.7431722 -2.7585967
v 9.508334 3.939143 -2.6401398
v 9.582599 4.4286795 -2.730699
v 9.637698 4.5968227 -2.599389
v 9.682999 4.668699 -2.6345687
v 9.763763 4.669865 -2.471365
v 9.710786 4.144575 -2.4466083
v 9.58517 4.0830235 -2.5471506
v 9.436313 4.0435224 -2.422949
v 9.5542755 4.0657573 -2.3302972
v 9.399019 4.037061 -2.2369494
v 9.339359 3.9276617 -2.4894013
v 9.296302 4.0230203 -2.348939
v 9.278643 4.046706 -2.1739554
v 9.171752 4.031867 -2.2969065
v 9.064558 4.0564256 -2.246802
v 9.174026 4.066437 -2.1187103
v 8.904052 3.979179 -2.3445687
v 9.057648 3.9246588 -2.3837824
v 8.82291 3.6429791 -2.4141939
v 8.565135 3.955024 -2.2637594
v 8.531451 3.6396246 -2.3249662
v 8.3051605 3.9675615 -2.0203369
v 8.191159 3.8796813 -1.916602
v 8.231269 3.6243756 -2.0502257
v 8.169431 3.9618356 -1.750825
v 8.286163 4.0220585 -1.8225403
v 8.059317 3.8076198 -1.7974344
v 8.205997 3.9645617 -1.5867965
v 8.332244 4.0245357 -1.6568708
v 8.002317 3.8677151 -1.6378992
v 8.012553 3.8463128 -1.480253
v 7.766873 3.5696948 -1.3449394
v 7.7666526 3.6162932 -1.491506
v 8.134317 3.585072 -1.9305341
v 7.856154 3.620036 -1.6498553
v 7.492186 3.319819 -1.341979
v 7.488278 3.274776 -1.1914978
v 7.126697 3.0083907 -0.9923503
v 7.993564 3.469683 -1.7768067
v 7.5899243 3.3323631 -1.5089362
v 7.114023 3.045526 -1.1571828
v 7.0676103 2.9863753 -1.1367081
v 7.0767636 2.9042087 -1.2696517
v 7.2063847 3.0502434 -1.3391268
v 7.7360563 3.195756 -1.6421261
v 7.8483768 2.9956746 -1.6704524
v 8.115607 3.2628713 -1.8212222
v 7.344152 2.8995104 -1.4791327
v 7.1719437 2.7521396 -1.376967
v 7.3026915 2.6049864 -1.4213053
v 7.467777 2.7029614 -1.5163988
v 7.4922934 2.5557127 -1.394394
v 7.422706 2.5254526 -1.3606324
v 7.529329 2.5021071 -1.2141073
v 7.839993 2.8251288 -1.5529301
v 9.429638 2.768373 -2.2782176
v 9.543425 2.288792 -1.9882514
v 9.505222 2.2325592 -2.1593192
v 9.460489 2.7781644 -2.1109135
v 9.471965 2.333327 -1.8021541
v 9.452582 3.1763387 -2.142588
v 9.437385 3.1662292 -2.2944136
v 9.712775 3.3624718 -2.2878785
v 9.405271 3.272584 -1.9937965
v 9.7081585 3.379156 -2.4614472
v 10.099146 3.6881638 -2.7414937
v 9.399318 2.7834804 -1.9367927
v 9.254905 2.7703545 -1.7997689
v 9.290402 2.3424292 -1.654156
v 9.217238 2.32072 -1.6080058
v 9.17148 2.755426 -1.741731
v 9.130239 3.2455337 -1.8098158
v 9.212928 3.2539763 -1.8666215
v 9.251315 3.6397803 -1.8295791
v 9.175953 3.6429791 -1.7731969
v 9.210354 3.979179 -1.7884352
v 9.256929 3.9582655 -1.8281122
v 9.423264 3.6410558 -1.9398502
v 9.328574 4.0340977 -2.0219882
v 9.222968 4.05725 -1.9614314
v 9.174026 4.066437 -2.1187103
v 9.278643 4.046706 -2.1739554
v 9.399019 4.037061 -2.2369494
v 9.44702 4.0239377 -2.0971751
v 9.5542755 4.0657573 -2.3302972
v 9.454512 3.9157376 -1.9817748
v 9.595325 4.039155 -2.1862323
v 9.611996 3.9216354 -2.07315
v 9.608763 3.6629744 -2.036082
v 9.767432 4.0772915 -2.29922
v 9.710786 4.144575 -2.4466083
v 9.763763 4.669865 -2.471365
v 9.82688 3.9262872 -2.2013302
v 9.8456955 4.59192 -2.315172
v 9.895262 4.6633854 -2.3453174
v 10.059502 4.612863 -2.3070507
v 9.94834 4.419049 -2.2274716
v 9.9566765 3.7296648 -2.2386277
v 10.08392 3.6047466 -2.3759634
v 9.678351 3.4288747 -2.1351926
v 10.151002 4.252824 -2.298319
v 10.239734 4.4773617 -2.3736107
v 10.3666115 4.3408847 -2.503376
v 10.326858 4.1567087 -2.4677052
v 10.369247 4.2216783 -2.669472
v 10.380289 4.290999 -2.672806
v 10.287107 4.290021 -2.8625546
v 10.146541 3.6429236 -2.5651686
v 8.408064 2.7676973 -1.3856514
v 8.427497 2.2264822 -1.3634319
v 8.679741 2.2519011 -1.3736922
v 8.598509 2.7538147 -1.4344299
v 7.9171762 2.232737 -1.420388
v 8.09284 2.2275188 -1.5244719
v 8.060241 2.2271893 -1.7046361
v 7.8441143 2.2301776 -1.7136674
v 8.1356125 2.2264822 -1.89339
v 7.921826 2.225652 -1.9995593
v 9.24968 3.6383715 -1.6566261
v 9.210354 3.979179 -1.7884352
v 9.291594 3.9866295 -1.6801434
v 9.175953 3.6429791 -1.7731969
v 9.130239 3.2455337 -1.8098158
v 9.243419 3.2444136 -1.616936
v 9.266923 2.7648494 -1.5772032
v 9.17148 2.755426 -1.741731
v 9.387295 2.377957 -1.4114641
v 9.217238 2.32072 -1.6080058
v 9.497381 2.4272423 -1.4413128
v 9.290402 2.3424292 -1.654156
v 9.691763 2.4003778 -1.6905286
v 9.471965 2.333327 -1.8021541
v 9.764608 2.3293557 -1.9713372
v 9.543425 2.288792 -1.9882514
v 9.683475 2.2352026 -2.2494204
v 9.505222 2.2325592 -2.1593192
v 8.1275835 2.2327244 -1.2020577
v 8.09284 2.2275188 -1.5244719
v 7.9171762 2.232737 -1.420388
v 8.227683 2.2271893 -1.4006208
v 8.437741 2.2313533 -1.0697182
v 8.427497 2.2264822 -1.3634319
v 8.725636 2.224482 -1.1313132
v 8.679741 2.2519011 -1.3736922
v 8.625246 2.7778757 -1.4379678
v 8.734075 2.781875 -1.2403767
v 9.467875 2.1469257 -2.4461257
v 9.505222 2.2325592 -2.1593192
v 9.683475 2.2352026 -2.2494204
v 9.365972 2.1814082 -2.271036
v 9.180184 2.0921175 -2.515011
v 9.162054 2.1509676 -2.2984629
v 10.4624605 4.2767744 -2.628286
v 10.287107 4.290021 -2.8625546
v 10.326939 4.2697067 -2.8809214
v 10.380289 4.290999 -2.672806
v 10.464532 4.330857 -2.4010682
v 10.3666115 4.3408847 -2.503376
v 10.32851 4.4779286 -2.2498934
v 10.239734 4.4773617 -2.3736107
v 10.124027 4.6262503 -2.1902122
v 10.059502 4.612863 -2.3070507
v 9.915876 4.6892486 -2.2630396
v 9.895262 4.6633854 -2.3453174
v 9.735962 4.693039 -2.4393272
v 9.763763 4.669865 -2.471365
v 9.622165 4.6972585 -2.6637628
v 9.763763 4.669865 -2.471365
v 9.735962 4.693039 -2.4393272
v 9.682999 4.668699 -2.6345687
v 9.615519 4.6425533 -2.8864584
v 9.696003 4.624091 -2.8044384
v 9.732321 4.4994416 -3.0684628
v 9.812121 4.492786 -2.9607549
v 9.914098 4.3505626 -3.1565542
v 9.9709835 4.355014 -3.0463343
v 10.12838 4.28885 -3.0869536
v 10.135224 4.2998567 -3.009261
v 10.326939 4.2697067 -2.8809214
v 10.287107 4.290021 -2.8625546
v 7.4079423 2.486935 -1.4224861
v 7.529329 2.5021071 -1.2141073
v 7.556334 2.4615748 -1.2186687
v 7.422706 2.5254526 -1.3606324
v 7.2555156 2.5874813 -1.5238595
v 7.3026915 2.6049864 -1.4213053
v 7.1099515 2.7539382 -1.4832864
v 7.1719437 2.7521396 -1.376967
v 7.0120835 2.9207413 -1.3536328
v 7.0767636 2.9042087 -1.2696517
v 7.0138702 3.0150812 -1.1703333
v 7.0676103 2.9863753 -1.1367081
v 7.1046214 3.045816 -0.96987736
v 7.126697 3.0083907 -0.9923503
v 7.2255306 3.0150805 -0.7860321
v 7.126697 3.0083907 -0.9923503
v 7.1046214 3.045816 -0.96987736
v 7.2171206 2.9863744 -0.8652507
v 7.3794947 2.9207408 -0.6865478
v 7.334373 2.904208 -0.80192745
v 7.541384 2.7539377 -0.69996053
v 7.4759464 2.7521389 -0.8250096
v 7.6534805 2.587481 -0.80129963
v 7.583305 2.6049862 -0.91181386
v 7.649277 2.486935 -0.9843102
v 7.596176 2.525452 -1.045675
v 7.556334 2.4615748 -1.2186687
v 7.529329 2.5021071 -1.2141073
v 8.715799 3.6374638 -1.3287861
v 8.681339 3.9762776 -1.3045568
v 8.618258 3.9714835 -1.4598988
v 8.634218 3.6423805 -1.4766545
vt 0.7114333 0.026903873
vt 0.7114334 0.026903879
vt 0.7114333 0.026903875
vt 0.7114333 0.026903873
vt 0.7114333 0.026903875
vt 0.7114334 0.026903879
vt 0.7114333 0.026903873
vt 0.71143323 0.026903871
vt 0.71143323 0.02690387
vt 0.3424866 0.40360156
vt 0.34248662 0.4036016
vt 0.34248662 0.40360162
vt 0.1655191 0.42729676
vt 0.16551897 0.42729652
vt 0.16551891 0.42729634
vt 0.15075417 0.42729637
vt 0.1507541 0.4272964
vt 0.15075418 0.42729652
vt 0.18063009 0.4272963
vt 0.18063013 0.42729634
vt 0.18063018 0.42729628
vt 0.9898325 0.9822667
vt 0.9898327 0.9822666
vt 0.9898326 0.9822666
vt 0.9898325 0.9822667
vt 0.9898325 0.98226666
vt 0.9898327 0.9822666
vt 0.97472125 0.9822664
vt 0.9747212 0.9822664
vt 0.9747214 0.98226655
vt 0.9898325 0.9822665
vt 0.9898326 0.98226666
vt 0.98983264 0.98226666
vt 0.9898325 0.9822668
vt 0.9898326 0.9822668
vt 0.9898325 0.98226655
vt 0.9599565 0.98226655
vt 0.9599564 0.98226655
vt 0.95995665 0.98226666
vt 0.1806302 0.42729646
vt 0.1806302 0.42729652
vt 0.18063024 0.42729658
vt 0.9898325 0.9822664
vt 0.9898326 0.9822664
vt 0.9898325 0.98226655
vt 0.9898326 0.9822664
vt 0.9898325 0.9822665
vt 0.9898325 0.98226655
vt 0.34248656 0.40360153
vt 0.34248662 0.4036016
vt 0.34248662 0.40360156
vt 0.35643837 0.4206537
vt 0.3564384 0.42065376
vt 0.3564384 0.4206537
vt 0.34248656 0.40360153
vt 0.34248662 0.4036016
vt 0.34248662 0.40360156
vt 0.34248662 0.4036016
vt 0.34248662 0.40360156
vt 0.34248656 0.40360153
vt 0.17196503 0.42065373
vt 0.17041485 0.4036016
vt 0.17196503 0.42065376
vt 0.17041488 0.4036016
vt 0.17041485 0.40360156
vt 0.17041487 0.4036016
vt 0.17041487 0.40360162
vt 0.17110804 0.41122645
vt 0.17196503 0.42065373
vt 0.17041487 0.4036016
vt 0.17108494 0.41097233
vt 0.17041487 0.40360162
vt 0.3564384 0.42065373
vt 0.3564384 0.42065367
vt 0.35643834 0.42065364
vt 0.35643834 0.42065364
vt 0.3564384 0.42065367
vt 0.3564384 0.42065373
vt 0.3564384 0.4206538
vt 0.3564384 0.42065373
vt 0.3564384 0.42065376
vt 0.35643843 0.42065373
vt 0.18063022 0.42729655
vt 0.18063028 0.4272964
vt 0.18063016 0.42729637
vt 0.15075418 0.42729655
vt 0.1507541 0.4272964
vt 0.15075418 0.4272964
vt 0.18063009 0.42729628
vt 0.18063016 0.42729628
vt 0.18063013 0.42729634
vt 0.9898326 0.9822666
vt 0.98983264 0.98226655
vt 0.9898326 0.9822668
vt 0.98983264 0.98226666
vt 0.9898326 0.98226666
vt 0.9898325 0.9822665
vt 0.9898325 0.98226655
vt 0.98983264 0.98226684
vt 0.9898325 0.9822668
vt 0.9599564 0.98226655
vt 0.9599566 0.9822666
vt 0.95995647 0.9822665
vt 0.9599566 0.9822666
vt 0.9599564 0.98226655
vt 0.95995647 0.9822665
vt 0.18063022 0.42729634
vt 0.18063022 0.4272965
vt 0.18063024 0.42729634
vt 0.15075414 0.42729628
vt 0.1507542 0.42729634
vt 0.15075418 0.4272964
vt 0.84985197 0.02705723
vt 0.84985197 0.02705723
vt 0.84985197 0.02705723
vt 0.84985197 0.02705723
vt 0.84985197 0.02705723
vt 0.84985197 0.02705723
vt 0.84985197 0.02705723
vt 0.84985197 0.02705723
vt 0.84985197 0.02705723
vt 0.84985197 0.02705723
vt 0.84985197 0.02705723
vt 0.84985197 0.02705723
vt 0.84985197 0.02705723
vt 0.84985197 0.02705723
vt 0.84985197 0.02705723
vt 0.84985197 0.02705723
vt 0.84985197 0.02705723
vt 0.84985197 0.02705723
vt 0.84985197 0.02705723
vt 0.84985197 0.02705723
vt 0.10541334 0.39995065
vt 0.10541334 0.39995065
vt 0.10541334 0.39995065
vt 0.10541334 0.39995065
vt 0.10541334 0.39995065
vt 0.10541334 0.39995065
vt 0.10541334 0.39995065
vt 0.10541334 0.39995065
vt 0.10541334 0.39995065
vt 0.10541334 0.39995065
vt 0.10541334 0.39995065
vt 0.10541334 0.39995065
vt 0.10541334 0.39995065
vt 0.10541334 0.39995065
vt 0.10541334 0.39995065
vt 0.10541334 0.39995065
vt 0.10541334 0.39995065
vt 0.10541334 0.39995065
vt 0.10541334 0.39995065
vt 0.10541334 0.39995065
vt 0.10541334 0.39995065
vt 0.10541334 0.39995065
vt 0.10541334 0.39995065
vt 0.10541334 0.39995065
vt 0.10541334 0.39995065
vt 0.16614196 0.032376174
vt 0.16614196 0.032376174
vt 0.16614196 0.032376174
vt 0.16614196 0.032376174
vt 0.16614196 0.032376174
vt 0.16614196 0.032376174
vt 0.16614196 0.032376174
vt 0.16614196 0.032376174
vt 0.16614196 0.032376174
vt 0.16614196 0.032376174
vt 0.16614196 0.032376174
vt 0.16614196 0.032376174
vt 0.16614196 0.032376174
vt 0.16614196 0.032376174
vt 0.16614196 0.032376174
vt 0.16614196 0.032376174
vt 0.16614196 0.032376174
vt 0.16614196 0.032376174
vt 0.16614196 0.032376174
vt 0.16614196 0.032376174
vt 0.20644704 0.03547657
vt 0.20644704 0.03547657
vt 0.20644704 0.03547657
vt 0.20644704 0.03547657
vt 0.20644704 0.03547657
vt 0.20644704 0.03547657
vt 0.20644704 0.03547657
vt 0.20644704 0.03547657
vt 0.20644704 0.03547657
vt 0.20644704 0.03547657
vt 0.20644704 0.03547657
vt 0.20644704 0.03547657
vt 0.1041341 0.02307505
vt 0.1041341 0.02307505
vt 0.1041341 0.02307505
vt 0.1041341 0.02307505
vt 0.20644704 0.03547657
vt 0.20644704 0.03547657
vt 0.20644704 0.03547657
vt 0.20644704 0.03547657
vt 0.20644704 0.03547657
vt 0.20644704 0.03547657
vt 0.20644704 0.03547657
vt 0.20644704 0.03547657
vt 0.08863215 0.02927578
vt 0.08863215 0.02927578
vt 0.08863215 0.02927578
vt 0.08863215 0.02927578
vt 0.08863215 0.02927578
vt 0.08863215 0.02927578
vt 0.08863215 0.02927578
vt 0.08863215 0.02927578
vt 0.08863215 0.02927578
vt 0.08863215 0.02927578
vt 0.08863215 0.02927578
vt 0.08863215 0.02927578
vt 0.21884862 0.026175385
vt 0.21884862 0.026175385
vt 0.21884862 0.026175385
vt 0.21884862 0.026175385
vt 0.21884862 0.026175385
vt 0.21884862 0.026175385
vt 0.21884862 0.026175385
vt 0.21884862 0.026175385
vt 0.21884862 0.026175385
vt 0.21884862 0.026175385
vt 0.21884862 0.026175385
vt 0.21884862 0.026175385
vt 0.08863215 0.02927578
vt 0.08863215 0.02927578
vt 0.08863215 0.02927578
vt 0.08863215 0.02927578
vt 0.08863215 0.02927578
vt 0.08863215 0.02927578
vt 0.08863215 0.02927578
vt 0.08863215 0.02927578
vt 0.20644704 0.03547657
vt 0.20644704 0.03547657
vt 0.20644704 0.03547657
vt 0.20644704 0.03547657
vt 0.08863215 0.02927578
vt 0.08863215 0.02927578
vt 0.08863215 0.02927578
vt 0.08863215 0.02927578
vt 0.20644704 0.03547657
vt 0.20644704 0.03547657
vt 0.20644704 0.03547657
vt 0.20644704 0.03547657
vt 0.20644704 0.03547657
vt 0.20644704 0.03547657
vt 0.20644704 0.03547657
vt 0.20644704 0.03547657
vt 0.1041341 0.02307505
vt 0.1041341 0.02307505
vt 0.1041341 0.02307505
vt 0.1041341 0.02307505
vt 0.08863215 0.02927578
vt 0.08863215 0.02927578
vt 0.08863215 0.02927578
vt 0.08863215 0.02927578
vt 0.08863215 0.02927578
vt 0.08863215 0.02927578
vt 0.08863215 0.02927578
vt 0.08863215 0.02927578
vt 0.20644704 0.03547657
vt 0.20644704 0.03547657
vt 0.20644704 0.03547657
vt 0.20644704 0.03547657
vt 0.08863215 0.02927578
vt 0.08863215 0.02927578
vt 0.08863215 0.02927578
vt 0.08863215 0.02927578
vt 0.20644704 0.03547657
vt 0.20644704 0.03547657
vt 0.20644704 0.03547657
vt 0.20644704 0.03547657
vt 0.08863215 0.02927578
vt 0.08863215 0.02927578
vt 0.08863215 0.02927578
vt 0.08863215 0.02927578
vt 0.08863215 0.02927578
vt 0.08863215 0.02927578
vt 0.08863215 0.02927578
vt 0.08863215 0.02927578
vt 0.08863215 0.02927578
vt 0.08863215 0.02927578
vt 0.08863215 0.02927578
vt 0.08863215 0.02927578
vt 0.21884862 0.026175385
vt 0.21884862 0.026175385
vt 0.21884862 0.026175385
vt 0.21884862 0.026175385
vt 0.21884862 0.026175385
vt 0.21884862 0.026175385
vt 0.21884862 0.026175385
vt 0.21884862 0.026175385
vt 0.21884862 0.026175385
vt 0.21884862 0.026175385
vt 0.21884862 0.026175385
vt 0.21884862 0.026175385
vt 0.09724003 0.032376174
vt 0.09724003 0.032376174
vt 0.09724003 0.032376174
vt 0.09724003 0.032376174
vt 0.09724003 0.032376174
vt 0.09724003 0.032376174
vt 0.09724003 0.032376174
vt 0.09724003 0.032376174
vt 0.16614196 0.032376174
vt 0.16614196 0.032376174
vt 0.16614196 0.032376174
vt 0.16614196 0.032376174
vt 0.16614196 0.032376174
vt 0.16614196 0.032376174
vt 0.16614196 0.032376174
vt 0.16614196 0.032376174
vt 0.40624407 0.9565836
vt 0.40624407 0.9565836
vt 0.40624407 0.9565836
vt 0.40624407 0.9565836
vt 0.40624407 0.9565836
vt 0.40624407 0.9565836
vt 0.40624407 0.9565836
vt 0.40624407 0.9565836
vt 0.40624407 0.9565836
vt 0.40624407 0.9565836
vt 0.54493654 0.97751117
vt 0.54493654 0.97751117
vt 0.54493654 0.97751117
vt 0.54493654 0.97751117
vt 0.54493654 0.97751117
vt 0.54493654 0.97751117
vt 0.54493654 0.97751117
vt 0.54493654 0.97751117
vt 0.54493654 0.97751117
vt 0.54493654 0.97751117
vt 0.4621646 0.9648387
vt 0.4621646 0.9648387
vt 0.4621646 0.9648387
vt 0.4621646 0.9648387
vt 0.4621646 0.9648387
vt 0.4621646 0.9648387
vt 0.4621646 0.9648387
vt 0.4621646 0.9648387
vt 0.4621646 0.9648387
vt 0.4621646 0.9648387
vt 0.39640084 0.96888757
vt 0.39640084 0.96888757
vt 0.39640084 0.96888757
vt 0.39640084 0.96888757
vt 0.39640084 0.96888757
vt 0.39640084 0.96888757
vt 0.39640084 0.96888757
vt 0.39640084 0.96888757
vt 0.39640084 0.96888757
vt 0.39640084 0.96888757
vt 0.4195342 0.9687142
vt 0.4195342 0.9687142
vt 0.4195342 0.9687142
vt 0.4195342 0.9687142
vt 0.4195342 0.9687142
vt 0.4195342 0.9687142
vt 0.4195342 0.9687142
vt 0.4195342 0.9687142
vt 0.4195342 0.9687142
vt 0.4195342 0.9687142
vt 0.4195342 0.9687142
vt 0.4195342 0.9687142
vt 0.4195342 0.9687142
vt 0.16614196 0.032376174
vt 0.16614196 0.032376174
vt 0.16614196 0.032376174
vt 0.16614196 0.032376174
vt 0.16614196 0.032376174
vt 0.16614196 0.032376174
vt 0.16614196 0.032376174
vt 0.16614196 0.032376174
vt 0.099700816 0.032376174
vt 0.099700816 0.032376174
vt 0.099700816 0.032376174
vt 0.099700816 0.032376174
vt 0.099700816 0.032376174
vt 0.099700816 0.032376174
vt 0.099700816 0.032376174
vt 0.099700816 0.032376174
vt 0.20797527 0.10127809
vt 0.20797527 0.10127809
vt 0.20797527 0.10127809
vt 0.20797527 0.10127809
vt 0.20797527 0.10127809
vt 0.20797527 0.10127809
vt 0.20797527 0.10127809
vt 0.20797527 0.10127809
vt 0.20797527 0.10127809
vt 0.20797527 0.10127809
vt 0.20797527 0.10127809
vt 0.20797527 0.10127809
vt 0.10462238 0.034836955
vt 0.10462238 0.034836955
vt 0.10462238 0.034836955
vt 0.10462238 0.034836955
vt 0.10462238 0.034836955
vt 0.10462238 0.034836955
vt 0.15383804 0.032376174
vt 0.15383804 0.032376174
vt 0.15383804 0.032376174
vt 0.15383804 0.032376174
vt 0.15383804 0.03237617
vt 0.15383804 0.032376174
vt 0.15383804 0.032376174
vt 0.15383804 0.032376174
vt 0.16614196 0.032376174
vt 0.16614196 0.032376174
vt 0.16614196 0.032376174
vt 0.16614196 0.032376174
vt 0.16614196 0.032376174
vt 0.16614196 0.032376174
vt 0.09724003 0.032376174
vt 0.09724003 0.032376174
vt 0.09724003 0.032376174
vt 0.09724003 0.032376174
vt 0.09724003 0.032376174
vt 0.09724003 0.032376174
vt 0.09724003 0.032376174
vt 0.09724003 0.032376174
vt 0.09724003 0.032376174
vt 0.09724003 0.032376174
vt 0.09724003 0.032376174
vt 0.09724003 0.032376174
vt 0.09724003 0.032376174
vt 0.09724003 0.032376174
vt 0.09724003 0.032376174
vt 0.09724003 0.032376174
vt 0.08553175 0.035476565
vt 0.08553175 0.035476565
vt 0.08553175 0.035476565
vt 0.08553175 0.035476565
vt 0.104134105 0.026175389
vt 0.104134105 0.026175389
vt 0.104134105 0.026175389
vt 0.104134105 0.026175389
vt 0.16614196 0.032376174
vt 0.16614196 0.032376174
vt 0.16614196 0.032376174
vt 0.16614196 0.032376174
vt 0.16614196 0.032376174
vt 0.16614196 0.032376174
vt 0.16614196 0.032376174
vt 0.16614196 0.032376174
vt 0.16614196 0.032376174
vt 0.16614196 0.032376174
vt 0.16614196 0.032376174
vt 0.16614196 0.032376174
vt 0.16614196 0.032376174
vt 0.16614196 0.032376174
vt 0.39147928 0.96150535
vt 0.39147928 0.96150523
vt 0.39147928 0.96150523
vt 0.39147928 0.96150535
vt 0.39147928 0.96150535
vt 0.39147928 0.96150523
vt 0.39147928 0.96150535
vt 0.39147928 0.96150523
vt 0.39147928 0.96150535
vt 0.39147928 0.96150535
vt 0.39147928 0.96150535
vt 0.39147928 0.96150535
vt 0.39147928 0.96150535
vt 0.39147928 0.96150535
vt 0.39147928 0.96150535
vt 0.39147928 0.96150535
vt 0.52835065 0.9713105
vt 0.52835065 0.9713105
vt 0.52835065 0.9713105
vt 0.52835065 0.9713105
vt 0.52835065 0.9713105
vt 0.52835065 0.9713105
vt 0.52835065 0.9713105
vt 0.52835065 0.9713105
vt 0.52835065 0.9713105
vt 0.52835065 0.9713105
vt 0.52835065 0.9713105
vt 0.52835065 0.9713105
vt 0.52835065 0.9713105
vt 0.52835065 0.9713105
vt 0.52835065 0.9713105
vt 0.52835065 0.9713105
vt 0.52835065 0.9713105
vt 0.52835065 0.9713105
vt 0.52835065 0.9713105
vt 0.52835065 0.9713105
vt 0.39147928 0.96150535
vt 0.39147928 0.96150535
vt 0.39147928 0.96150535
vt 0.39147928 0.96150535
vt 0.39147928 0.96150535
vt 0.39147928 0.96150535
vt 0.39147928 0.96150535
vt 0.39147928 0.96150535
vt 0.52835065 0.9713105
vt 0.52835065 0.9713105
vt 0.52835065 0.9713105
vt 0.52835065 0.9713105
vt 0.52835065 0.9713105
vt 0.52835065 0.9713105
vt 0.52835065 0.9713105
vt 0.52835065 0.9713105
vt 0.52835065 0.9713105
vt 0.52835065 0.9713105
vt 0.52835065 0.9713105
vt 0.52835065 0.9713105
vt 0.52835065 0.9713105
vt 0.52835065 0.9713105
vt 0.52835065 0.9713105
vt 0.52835065 0.9713105
vt 0.52835065 0.9713105
vt 0.52835065 0.9713105
vt 0.52835065 0.9713105
vt 0.52835065 0.9713105
vt 0.59117144 0.9682699
vt 0.59117144 0.9682699
vt 0.59117144 0.9682699
vt 0.59117144 0.9682699
vt 0.59117144 0.9682699
vt 0.59117144 0.9682699
vt 0.59117144 0.9682699
vt 0.42445585 0.98101825
vt 0.42445585 0.98101825
vt 0.42445585 0.98101825
vt 0.42445585 0.9810181
vt 0.42445585 0.9810181
vt 0.42445585 0.9810181
vt 0.42445585 0.98101825
vt 0.42445585 0.9810181
vt 0.42445585 0.98101825
vt 0.42445585 0.98101825
vt 0.42445585 0.9810181
vt 0.42445585 0.9810181
vt 0.42445585 0.98101825
vt 0.42445585 0.9810181
vt 0.59117144 0.9682699
vt 0.59117144 0.9682699
vt 0.59117144 0.9682699
vt 0.59117144 0.9682699
vt 0.59117144 0.9682699
vt 0.59117144 0.9682699
vt 0.59117144 0.9682699
vt 0.59117144 0.9682699
vt 0.59117144 0.9682699
vt 0.59117144 0.9682699
vt 0.59117144 0.9682699
vt 0.59117144 0.9682699
vt 0.59117144 0.9682699
vt 0.59117144 0.9682699
vt 0.59117144 0.9682699
vt 0.59117144 0.9682699
vt 0.59117144 0.9682699
vt 0.42445585 0.98101825
vt 0.42445585 0.98101825
vt 0.42445585 0.98101825
vt 0.42445585 0.9810181
vt 0.42445585 0.9810181
vt 0.42445585 0.9810181
vt 0.42445585 0.98101825
vt 0.39147928 0.96150535
vt 0.39147928 0.96150535
vt 0.39147928 0.96150523
vt 0.39147928 0.96150535
vt 0.39147928 0.96150535
vt 0.39147928 0.96150535
vt 0.39147928 0.96150535
vt 0.39147928 0.96150523
vt 0.39147928 0.96150535
vt 0.39147928 0.96150535
vt 0.39147928 0.96150535
vt 0.39147928 0.96150535
vt 0.39147928 0.96150535
vt 0.39147928 0.96150535
vt 0.39147928 0.96150535
vt 0.39147928 0.96150535
vt 0.52835065 0.9713105
vt 0.52835065 0.9713105
vt 0.52835065 0.9713105
vt 0.52835065 0.9713105
vt 0.52835065 0.9713105
vt 0.52835065 0.9713105
vt 0.52835065 0.9713105
vt 0.52835065 0.9713105
vt 0.39147928 0.96150535
vt 0.39147928 0.96150535
vt 0.39147928 0.96150535
vt 0.39147928 0.96150535
vt 0.39147928 0.96150535
vt 0.39147928 0.96150535
vt 0.39147928 0.96150535
vt 0.39147928 0.96150535
vt 0.52835065 0.9713105
vt 0.52835065 0.9713105
vt 0.52835065 0.9713105
vt 0.52835065 0.9713105
vt 0.52835065 0.9713105
vt 0.52835065 0.9713105
vt 0.52835065 0.9713105
vt 0.52835065 0.9713105
vt 0.59117144 0.9682699
vt 0.59117144 0.9682699
vt 0.59117144 0.9682699
vt 0.59117144 0.9682699
vt 0.59117144 0.9682699
vt 0.59117144 0.9682699
vt 0.59117144 0.9682699
vt 0.59117144 0.9682699
vt 0.59117144 0.9682699
vt 0.59117144 0.9682699
vt 0.59117144 0.9682699
vt 0.59117144 0.9682699
vt 0.59117144 0.9682699
vt 0.59117144 0.9682699
vt 0.59117144 0.9682699
vt 0.59117144 0.9682699
vt 0.59117144 0.9682699
vt 0.59117144 0.9682699
vt 0.42445585 0.9810181
vt 0.42445585 0.98101825
vt 0.42445585 0.98101825
vt 0.42445585 0.9810181
vt 0.42445585 0.98101825
vt 0.42445585 0.9810181
vt 0.42445585 0.98101825
vt 0.42445585 0.9810181
vt 0.42445585 0.9810181
vt 0.42445585 0.9810181
vt 0.42445585 0.98101825
vt 0.42445585 0.98101825
vt 0.52835065 0.9713105
vt 0.52835065 0.9713105
vt 0.52835065 0.9713105
vt 0.52835065 0.9713105
vt 0.52835065 0.9713105
vt 0.52835065 0.9713105
vt 0.52835065 0.9713105
vt 0.52835065 0.9713105
vt 0.52835065 0.9713105
vt 0.52835065 0.9713105
vt 0.52835065 0.9713105
vt 0.52835065 0.9713105
vt 0.52835065 0.9713105
vt 0.52835065 0.9713105
vt 0.52835065 0.9713105
vt 0.52835065 0.9713105
vt 0.59117144 0.9682699
vt 0.59117144 0.9682699
vt 0.59117144 0.9682699
vt 0.59117144 0.9682699
vt 0.59117144 0.9682699
vt 0.59117144 0.9682699
vt 0.59117144 0.9682699
vt 0.59117144 0.9682699
vt 0.59117144 0.9682699
vt 0.59117144 0.9682699
vt 0.59117144 0.9682699
vt 0.59117144 0.9682699
vt 0.42445585 0.9810181
vt 0.42445585 0.98101825
vt 0.42445585 0.98101825
vt 0.42445585 0.9810181
vt 0.42445585 0.98101825
vt 0.42445585 0.9810181
vt 0.42445585 0.9810181
vt 0.42445585 0.9810181
vt 0.42445585 0.98101825
vt 0.42445585 0.98101825
vt 0.42445585 0.9810181
vt 0.42445585 0.9810181
vt 0.59117144 0.9682699
vt 0.59117144 0.9682699
vt 0.59117144 0.9682699
vt 0.59117144 0.9682699
vt 0.59117144 0.9682699
vt 0.59117144 0.9682699
vt 0.59117144 0.9682699
vt 0.59117144 0.9682699
vt 0.59117144 0.9682699
vt 0.59117144 0.9682699
vt 0.59117144 0.9682699
vt 0.59117144 0.9682699
vt 0.42445585 0.9810181
vt 0.42445585 0.98101825
vt 0.42445585 0.98101825
vt 0.42445585 0.9810181
vt 0.42445585 0.98101825
vt 0.42445585 0.9810181
vt 0.42445585 0.98101825
vt 0.42445585 0.9810181
vt 0.42445585 0.9810181
vt 0.42445585 0.9810181
vt 0.42445585 0.98101825
vt 0.42445585 0.98101825
vt 0.53382397 0.97712517
vt 0.53382397 0.97712517
vt 0.53382397 0.97712517
vt 0.53382397 0.97712517
vt 0.53382397 0.97712517
vt 0.53382397 0.97712517
vt 0.53382397 0.97712517
vt 0.53382397 0.97712517
vt 0.53382397 0.97712517
vt 0.53382397 0.97712517
vt 0.53382397 0.97712517
vt 0.53382397 0.97712517
vt 0.08863215 0.02927578
vt 0.08863215 0.02927578
vt 0.08863215 0.02927578
vt 0.08863215 0.02927578
vt 0.08863215 0.02927578
vt 0.08863215 0.02927578
vt 0.08863215 0.02927578
vt 0.08863215 0.02927578
vt 0.08863215 0.02927578
vt 0.08863215 0.02927578
vt 0.08863215 0.02927578
vt 0.08863215 0.02927578
vt 0.22504938 0.047878094
vt 0.22504938 0.047878094
vt 0.22504938 0.047878094
vt 0.22504938 0.047878094
vt 0.22504938 0.047878094
vt 0.22504938 0.047878094
vt 0.22504938 0.047878094
vt 0.22504938 0.047878094
vt 0.22504938 0.047878094
vt 0.22504938 0.047878094
vt 0.22504938 0.047878094
vt 0.22504938 0.047878094
vt 0.22504938 0.047878094
vt 0.22504938 0.047878094
vt 0.22504938 0.047878094
vt 0.22504938 0.047878094
vt 0.22504938 0.047878094
vt 0.22504938 0.047878094
vt 0.22504938 0.047878094
vt 0.22504938 0.047878094
vt 0.22504938 0.047878094
vt 0.22504938 0.047878094
vt 0.22504938 0.047878094
vt 0.22504938 0.047878094
vt 0.22504938 0.047878094
vt 0.22504938 0.047878094
vt 0.22504938 0.047878094
vt 0.22504938 0.047878094
vt 0.21884862 0.026175385
vt 0.21884862 0.026175385
vt 0.21884862 0.026175385
vt 0.21884862 0.026175385
vt 0.21884862 0.026175385
vt 0.21884862 0.026175385
vt 0.21884862 0.026175385
vt 0.21884862 0.026175385
vt 0.21884862 0.026175385
vt 0.21884862 0.026175385
vt 0.21884862 0.026175385
vt 0.21884862 0.026175385
vt 0.0873969 0.032376174
vt 0.0873969 0.032376174
vt 0.0873969 0.032376174
vt 0.0873969 0.032376174
vt 0.0873969 0.032376174
vt 0.0873969 0.032376174
vt 0.0873969 0.032376174
vt 0.0873969 0.032376174
vt 0.108513735 0.037204713
vt 0.108513735 0.037204713
vt 0.108513735 0.037204713
vt 0.108513735 0.037204713
vt 0.108513735 0.037204713
vt 0.108513735 0.037204713
vt 0.108513735 0.037204713
vt 0.108513735 0.037204713
vt 0.108513735 0.037204713
vt 0.108513735 0.037204713
vt 0.108513735 0.037204713
vt 0.108513735 0.037204713
vt 0.108513735 0.037204713
vt 0.108513735 0.037204713
vt 0.108513735 0.037204713
vt 0.108513735 0.037204713
vt 0.108513735 0.037204713
vt 0.108513735 0.037204713
vt 0.108513735 0.037204713
vt 0.108513735 0.037204713
vt 0.108513735 0.037204713
vt 0.108513735 0.037204713
vt 0.108513735 0.037204713
vt 0.108513735 0.037204713
vt 0.108513735 0.037204713
vt 0.108513735 0.037204713
vt 0.108513735 0.037204713
vt 0.108513735 0.037204713
vt 0.108513735 0.037204713
vt 0.108513735 0.037204713
vt 0.108513735 0.037204713
vt 0.108513735 0.037204713
vt 0.108513735 0.037204713
vt 0.108513735 0.037204713
vt 0.108513735 0.037204713
vt 0.108513735 0.037204713
vt 0.108513735 0.037204713
vt 0.108513735 0.037204713
vt 0.108513735 0.037204713
vt 0.108513735 0.037204713
vt 0.108513735 0.037204713
vt 0.108513735 0.037204713
vt 0.108513735 0.037204713
vt 0.108513735 0.037204713
vt 0.108513735 0.037204713
vt 0.108513735 0.037204713
vt 0.108513735 0.037204713
vt 0.108513735 0.037204713
vt 0.108513735 0.037204713
vt 0.108513735 0.037204713
vt 0.108513735 0.037204713
vt 0.108513735 0.037204713
vt 0.108513735 0.037204713
vt 0.108513735 0.037204713
vt 0.108513735 0.037204713
vt 0.108513735 0.037204713
vt 0.108513735 0.037204713
vt 0.108513735 0.037204713
vt 0.108513735 0.037204713
vt 0.108513735 0.037204713
vt 0.108513735 0.037204713
vt 0.108513735 0.037204713
vt 0.108513735 0.037204713
vt 0.108513735 0.037204713
vt 0.108513735 0.037204713
vt 0.108513735 0.037204713
vt 0.108513735 0.037204713
vt 0.108513735 0.037204713
vt 0.108513735 0.037204713
vt 0.108513735 0.037204713
vt 0.108513735 0.037204713
vt 0.108513735 0.037204713
vt 0.40361136 0.8397921
vt 0.4039447 0.83959365
vt 0.40400532 0.8394679
vt 0.40361825 0.83984077
vt 0.40347365 0.83985734
vt 0.40349093 0.8398759
vt 0.40655735 0.83946157
vt 0.4066192 0.8395859
vt 0.40694416 0.83983153
vt 0.40695205 0.8397842
vt 0.4070653 0.8398641
vt 0.40708303 0.83984494
vt 0.4036073 0.8397907
vt 0.40349093 0.8398759
vt 0.40347365 0.83985734
vt 0.4036205 0.83983874
vt 0.4040063 0.83948284
vt 0.40398973 0.83956224
vt 0.40527534 0.83937675
vt 0.40527374 0.8394686
vt 0.40655905 0.83947426
vt 0.40657383 0.8395544
vt 0.40695623 0.8397821
vt 0.40694183 0.8398295
vt 0.40708303 0.83984494
vt 0.4070653 0.8398641
vt 0.4070653 0.8398641
vt 0.40771058 0.8398135
vt 0.40753493 0.8397676
vt 0.40694183 0.8398295
vt 0.40703857 0.83939195
vt 0.40657383 0.8395544
vt 0.40527025 0.8392715
vt 0.40527374 0.8394686
vt 0.4035256 0.8394028
vt 0.40398973 0.83956224
vt 0.4030282 0.8397801
vt 0.4036205 0.83983874
vt 0.40284228 0.8398307
vt 0.40349093 0.8398759
vt 0.4066192 0.8395859
vt 0.40706566 0.8393942
vt 0.4075504 0.83976877
vt 0.40694416 0.83983153
vt 0.40771058 0.8398135
vt 0.4070653 0.8398641
vt 0.40349093 0.8398759
vt 0.40284228 0.8398307
vt 0.40301293 0.83978134
vt 0.40361825 0.83984077
vt 0.4034992 0.8394051
vt 0.4039447 0.83959365
vt 0.40373096 0.8397094
vt 0.40407512 0.83944416
vt 0.40407512 0.8396979
vt 0.40373096 0.83996314
vt 0.4036005 0.8397472
vt 0.4036005 0.8400009
vt 0.40648893 0.8394366
vt 0.40683222 0.8399545
vt 0.40648893 0.8396903
vt 0.40683222 0.83970076
vt 0.40695566 0.83998907
vt 0.40695566 0.83973527
vt 0.40373096 0.8397094
vt 0.4036005 0.8397472
vt 0.4036005 0.8400009
vt 0.40373096 0.83996314
vt 0.40407512 0.83944416
vt 0.40407512 0.8396979
vt 0.405274 0.83935565
vt 0.405274 0.8396094
vt 0.40648893 0.8394366
vt 0.40648893 0.8396903
vt 0.40683222 0.83970076
vt 0.40683222 0.8399545
vt 0.40695566 0.83973527
vt 0.40695566 0.83998907
vt 0.40695566 0.83998907
vt 0.40753466 0.83992434
vt 0.407714 0.83997446
vt 0.40683222 0.8399545
vt 0.407036 0.83954054
vt 0.40648893 0.8396903
vt 0.40527117 0.83942306
vt 0.405274 0.8396094
vt 0.4035296 0.8395516
vt 0.40407512 0.8396979
vt 0.4030297 0.83993685
vt 0.40373096 0.83996314
vt 0.4028402 0.83999175
vt 0.4036005 0.8400009
vt 0.40648893 0.8396903
vt 0.40753466 0.83992434
vt 0.407036 0.83954054
vt 0.40683222 0.8399545
vt 0.407714 0.83997446
vt 0.40695566 0.83998907
vt 0.4036005 0.8400009
vt 0.40302968 0.83993685
vt 0.4028402 0.83999175
vt 0.40373096 0.83996314
vt 0.4035296 0.8395516
vt 0.40407512 0.8396979
vt 0.4039447 0.83959365
vt 0.40407512 0.8396979
vt 0.40407512 0.83944416
vt 0.40400532 0.8394679
vt 0.40655735 0.83946157
vt 0.40648893 0.8394366
vt 0.40648893 0.8396903
vt 0.4066192 0.8395859
vt 0.40771058 0.8398135
vt 0.407714 0.83997446
vt 0.40753466 0.83992434
vt 0.40753493 0.8397676
vt 0.407036 0.83954054
vt 0.40703857 0.83939195
vt 0.40527117 0.83942306
vt 0.40527025 0.8392715
vt 0.4035296 0.8395516
vt 0.4035256 0.8394028
vt 0.4030297 0.83993685
vt 0.4030282 0.8397801
vt 0.4028402 0.83999175
vt 0.40284228 0.8398307
vt 0.40284228 0.8398307
vt 0.4028402 0.83999175
vt 0.40302968 0.83993685
vt 0.40301293 0.83978134
vt 0.4035296 0.8395516
vt 0.4034992 0.8394051
vt 0.40407512 0.8396979
vt 0.4039447 0.83959365
vt 0.4075504 0.83976877
vt 0.407714 0.83997446
vt 0.40771058 0.8398135
vt 0.40753466 0.83992434
vt 0.40706566 0.8393942
vt 0.407036 0.83954054
vt 0.4066192 0.8395859
vt 0.40648893 0.8396903
vt 0.7114333 0.026903873
vt 0.7114332 0.026903871
vt 0.71143335 0.026903875
vt 0.7114333 0.026903873
vt 0.7114333 0.026903873
vt 0.7114333 0.026903873
vt 0.7114334 0.026903875
vt 0.7114333 0.026903873
vt 0.7114332 0.026903871
vt 0.71143335 0.026903875
vt 0.7114333 0.026903873
vt 0.7114333 0.026903875
vt 0.71143323 0.02690387
vt 0.71143335 0.026903875
vt 0.7114333 0.026903873
vt 0.7114333 0.026903873
vt 0.7114333 0.026903873
vt 0.7114333 0.026903873
vt 0.7114333 0.026903873
vt 0.7114333 0.026903873
vt 0.7114333 0.026903873
vt 0.7114333 0.026903873
vt 0.7114333 0.026903875
vt 0.7114334 0.026903877
vt 0.7114333 0.026903875
vt 0.71143335 0.026903873
vt 0.7114333 0.026903873
vt 0.7114333 0.026903873
vt 0.71143323 0.026903877
vt 0.7114333 0.026903879
vt 0.7114334 0.026903877
vt 0.7114333 0.026903873
vt 0.7114333 0.026903873
vt 0.7114333 0.026903873
vt 0.7114333 0.026903873
vt 0.7114333 0.026903873
vt 0.7114333 0.026903873
vt 0.71143323 0.026903871
vt 0.71143335 0.026903875
vt 0.7114333 0.026903873
vt 0.7114333 0.026903875
vt 0.71143323 0.026903871
vt 0.7114333 0.026903873
vt 0.7114333 0.026903873
vt 0.7114333 0.026903873
vt 0.7114333 0.026903875
vt 0.7114333 0.026903873
vt 0.71143335 0.026903875
vt 0.7114333 0.026903873
vt 0.7114333 0.026903873
vt 0.7114333 0.026903873
vt 0.7114333 0.026903873
vt 0.7114333 0.026903871
vt 0.7114333 0.026903875
vt 0.71143323 0.026903871
vt 0.7114333 0.026903875
vt 0.7114333 0.026903873
vt 0.7114333 0.026903873
vt 0.71143335 0.026903875
vt 0.71143335 0.026903873
vt 0.7114333 0.026903873
vt 0.7114333 0.026903871
vt 0.7114333 0.026903873
vt 0.71143335 0.026903873
vt 0.7114333 0.026903873
vt 0.71143335 0.026903873
vt 0.35064048 0.84762377
vt 0.35064048 0.84762377
vt 0.35064048 0.84762377
vt 0.35064048 0.84762377
vt 0.35064048 0.84762377
vt 0.35064048 0.84762377
vt 0.35064048 0.84762377
vt 0.35064048 0.84762377
vt 0.35064048 0.84762377
vt 0.35064054 0.84762377
vt 0.71143323 0.026903873
vt 0.7114332 0.026903871
vt 0.7114333 0.026903873
vt 0.71143335 0.026903875
vt 0.5967188 0.033104658
vt 0.5967188 0.033104658
vt 0.5967188 0.033104658
vt 0.5967188 0.033104658
vt 0.59671885 0.033104658
vt 0.5967188 0.033104658
vt 0.5967188 0.033104658
vt 0.5967188 0.033104658
vt 0.5967188 0.033104658
vt 0.5967188 0.033104658
vt 0.5967188 0.033104658
vt 0.5967188 0.033104658
vt 0.59671885 0.033104658
vt 0.5967188 0.033104658
vt 0.5967188 0.033104658
vt 0.5967188 0.033104658
vt 0.5967188 0.033104658
vt 0.5967188 0.033104658
vt 0.5967188 0.033104658
vt 0.5967188 0.033104658
vt 0.5967188 0.033104658
vt 0.5967188 0.033104658
vt 0.5967188 0.033104658
vt 0.5967188 0.033104658
vt 0.5967188 0.033104658
vt 0.5967188 0.033104658
vt 0.5967188 0.033104658
vt 0.5967188 0.033104658
vt 0.5967188 0.033104658
vt 0.5967188 0.033104658
vt 0.5967188 0.033104658
vt 0.5967188 0.033104658
vt 0.5967188 0.033104658
vt 0.5967188 0.033104658
vt 0.5967188 0.033104658
vt 0.5967188 0.033104658
vt 0.5967188 0.033104658
vt 0.5967188 0.033104658
vt 0.5967188 0.033104658
vt 0.5967188 0.033104658
vt 0.5967188 0.033104658
vt 0.5967188 0.033104658
vt 0.5967188 0.033104658
vt 0.5967188 0.033104658
vt 0.5967188 0.033104658
vt 0.5967188 0.033104658
vt 0.5967188 0.033104658
vt 0.5967188 0.033104658
vt 0.5967188 0.033104658
vt 0.5967188 0.033104658
vt 0.5967188 0.033104658
vt 0.5967188 0.033104658
vt 0.5967188 0.033104658
vt 0.5967188 0.033104658
vt 0.5967188 0.033104658
vt 0.5967188 0.033104658
vt 0.5967188 0.033104658
vt 0.5967188 0.033104658
vt 0.5967188 0.033104658
vt 0.5967188 0.033104658
vt 0.5967188 0.033104658
vt 0.5967188 0.033104658
vt 0.5967188 0.033104658
vt 0.5967188 0.033104658
vt 0.5967188 0.033104658
vt 0.5967188 0.033104658
vt 0.5967188 0.033104658
vt 0.5967188 0.033104658
vt 0.5967188 0.033104658
vt 0.5967188 0.033104658
vt 0.5967188 0.033104658
vt 0.5967188 0.033104658
vt 0.5967188 0.033104658
vt 0.5967188 0.033104658
vt 0.5967188 0.033104658
vt 0.5967188 0.033104658
vt 0.5967188 0.033104658
vt 0.5967188 0.033104658
vt 0.5967188 0.033104658
vt 0.5967188 0.033104658
vt 0.5967188 0.033104658
vt 0.5967188 0.033104658
vt 0.5967188 0.033104658
vt 0.5967188 0.033104658
vt 0.5967188 0.033104658
vt 0.5967188 0.033104658
vt 0.5967188 0.033104658
vt 0.5967188 0.033104658
vt 0.5967188 0.033104658
vt 0.5967188 0.033104658
vt 0.5967188 0.033104658
vt 0.5967188 0.033104658
vt 0.5967188 0.033104658
vt 0.5967188 0.033104658
vt 0.5967188 0.033104658
vt 0.5967188 0.033104658
vt 0.5967188 0.033104658
vt 0.5967188 0.033104658
vt 0.5967188 0.033104658
vt 0.5967188 0.033104658
vt 0.5967188 0.033104658
vt 0.5967188 0.033104658
vt 0.5967188 0.033104658
vt 0.5967188 0.033104658
vt 0.5967188 0.033104658
vt 0.5967188 0.033104658
vt 0.5967188 0.033104658
vt 0.5967188 0.033104658
vt 0.5967188 0.033104658
vt 0.5967188 0.033104658
vt 0.5967188 0.033104658
vt 0.5967188 0.033104658
vt 0.5967188 0.033104658
vt 0.5967188 0.033104658
vt 0.5967188 0.033104658
vt 0.5967188 0.033104658
vt 0.5967188 0.033104658
vt 0.5967188 0.033104658
vt 0.5967188 0.033104658
vt 0.5967188 0.033104658
vt 0.5967188 0.033104658
vt 0.5967188 0.033104658
vt 0.5967188 0.033104658
vt 0.5967188 0.033104658
vt 0.5967188 0.033104658
vt 0.5967188 0.033104658
vt 0.5967188 0.033104658
vt 0.5967188 0.033104658
vt 0.5967188 0.033104658
vt 0.5967188 0.033104658
vt 0.5967188 0.033104658
vt 0.5967188 0.033104658
vt 0.5967188 0.033104658
vt 0.5967188 0.033104658
vt 0.5967188 0.033104658
vt 0.5967188 0.033104658
vt 0.5967188 0.033104658
vt 0.5967188 0.033104658
vt 0.5967188 0.033104658
vt 0.5967188 0.033104658
vt 0.5967188 0.033104658
vt 0.5967188 0.033104658
vt 0.5967188 0.033104658
vt 0.5967188 0.033104658
vt 0.5967188 0.033104658
vt 0.5967188 0.033104658
vt 0.5967188 0.033104658
vt 0.5967188 0.033104658
vt 0.5967188 0.033104658
vt 0.5967188 0.033104658
vt 0.5967188 0.033104658
vt 0.5967188 0.033104658
vt 0.5967188 0.033104658
vt 0.35064048 0.84762377
vt 0.35064048 0.84762377
vt 0.35064048 0.84762377
vt 0.35064048 0.84762377
vt 0.35064048 0.84762377
vt 0.35064048 0.84762377
vt 0.35064048 0.84762377
vt 0.35064048 0.84762377
vt 0.35064048 0.84762377
vt 0.35064048 0.84762377
vt 0.8292482 0.030004267
vt 0.82924825 0.030004267
vt 0.8292482 0.030004267
vt 0.8292482 0.030004267
vt 0.82924813 0.030004263
vt 0.82924813 0.030004263
vt 0.82924825 0.030004267
vt 0.8292482 0.030004267
vt 0.8292482 0.030004267
vt 0.8292482 0.030004267
vt 0.8292482 0.030004267
vt 0.82924813 0.030004263
vt 0.8292481 0.030004267
vt 0.8292482 0.030004265
vt 0.8292482 0.030004267
vt 0.8292482 0.030004267
vt 0.8292481 0.030004274
vt 0.8292482 0.03000427
vt 0.8292482 0.030004265
vt 0.8292483 0.030004265
vt 0.8292482 0.030004267
vt 0.8292483 0.03000427
vt 0.82924813 0.030004265
vt 0.8292482 0.030004267
vt 0.8292483 0.03000427
vt 0.82924825 0.030004269
vt 0.8292482 0.030004267
vt 0.8292483 0.030004269
vt 0.85405135 0.026903873
vt 0.85405135 0.026903873
vt 0.85405135 0.026903873
vt 0.85405135 0.026903873
vt 0.85405135 0.026903873
vt 0.85405135 0.026903873
vt 0.85405135 0.026903873
vt 0.85405135 0.026903873
vt 0.85405135 0.026903873
vt 0.85405135 0.026903873
vt 0.85405135 0.026903873
vt 0.85405135 0.026903873
vt 0.85405135 0.026903873
vt 0.85405135 0.026903873
vt 0.85405135 0.026903873
vt 0.85405135 0.026903873
vt 0.85405135 0.026903873
vt 0.85405135 0.026903873
vt 0.85405135 0.026903873
vt 0.85405135 0.026903873
vt 0.85405135 0.026903873
vt 0.85405135 0.026903873
vt 0.7114333 0.026903873
vt 0.7114333 0.026903873
vt 0.7114333 0.026903873
vt 0.7114333 0.026903873
vt 0.7114333 0.026903873
vt 0.7114333 0.026903873
vt 0.7114333 0.026903873
vt 0.7114333 0.026903873
vt 0.7114333 0.026903873
vt 0.7114333 0.026903873
vt 0.5967188 0.033104658
vt 0.5967188 0.033104658
vt 0.5967188 0.033104658
vt 0.5967188 0.033104658
vt 0.5967188 0.033104658
vt 0.5967188 0.033104658
vt 0.5967188 0.033104658
vt 0.5967188 0.033104658
vt 0.5967188 0.033104658
vt 0.5967188 0.033104658
vt 0.5967188 0.033104658
vt 0.5967188 0.033104658
vt 0.5967188 0.033104658
vt 0.5967188 0.033104658
vt 0.5967188 0.033104658
vt 0.5967188 0.033104658
vt 0.5967188 0.033104658
vt 0.5967188 0.033104658
vt 0.5967188 0.033104658
vt 0.5967188 0.033104658
vt 0.5967188 0.033104658
vt 0.5967188 0.033104658
vt 0.5967188 0.033104658
vt 0.5967188 0.033104658
vt 0.5967188 0.033104658
vt 0.5967188 0.033104658
vt 0.5967188 0.033104658
vt 0.5967188 0.033104658
vt 0.5967188 0.033104658
vt 0.5967188 0.033104658
vt 0.5967188 0.033104658
vt 0.5967188 0.033104658
vt 0.5967188 0.033104658
vt 0.5967188 0.033104658
vt 0.7114333 0.026903873
vt 0.7114333 0.026903873
vt 0.7114333 0.026903873
vt 0.7114333 0.026903873
vt 0.7114333 0.026903873
vt 0.7114333 0.026903873
vt 0.74243724 0.039305445
vt 0.74243724 0.039305445
vt 0.74243724 0.039305445
vt 0.74243724 0.039305445
vt 0.74243724 0.039305445
vt 0.74243724 0.039305445
vt 0.74243724 0.039305445
vt 0.74243724 0.039305445
vt 0.74243724 0.039305445
vt 0.85405135 0.026903873
vt 0.85405135 0.026903873
vt 0.85405135 0.026903873
vt 0.85405135 0.026903873
vt 0.85405135 0.026903873
vt 0.85405135 0.026903873
vt 0.85405135 0.026903873
vt 0.85405135 0.026903873
vt 0.85405135 0.026903873
vt 0.85405135 0.026903873
vt 0.85405135 0.026903873
vt 0.85405135 0.026903873
vt 0.85405135 0.026903873
vt 0.85405135 0.026903873
vt 0.85405135 0.026903873
vt 0.85405135 0.026903873
vt 0.85405135 0.026903873
vt 0.85405135 0.026903873
vt 0.85405135 0.026903873
vt 0.85405135 0.026903873
vt 0.85405135 0.026903873
vt 0.85405135 0.026903873
vt 0.85405135 0.026903873
vt 0.85405135 0.026903873
vt 0.85405135 0.026903873
vt 0.85405135 0.026903873
vt 0.85405135 0.026903873
vt 0.85405135 0.026903873
vt 0.85405135 0.026903873
vt 0.85405135 0.026903873
vt 0.85405135 0.026903873
vt 0.85405135 0.026903873
vt 0.85405135 0.026903873
vt 0.85405135 0.026903873
vt 0.85405135 0.026903873
vt 0.3300119 0.82665825
vt 0.3300119 0.82665825
vt 0.33001196 0.82665825
vt 0.3300119 0.82665825
vt 0.3300119 0.82665825
vt 0.3300119 0.82665825
vt 0.3300119 0.82665825
vt 0.3300119 0.82665825
vt 0.3300119 0.82665825
vt 0.3654052 0.84024143
vt 0.3654052 0.84024143
vt 0.3654052 0.84024143
vt 0.3654052 0.84024143
vt 0.3654052 0.84024143
vt 0.3654052 0.84024143
vt 0.3654052 0.84024143
vt 0.3654052 0.84024143
vt 0.3620021 0.8389622
vt 0.36200216 0.8389622
vt 0.3620021 0.8389622
vt 0.3620021 0.8389622
vt 0.36200216 0.8389622
vt 0.3620021 0.8389622
vt 0.3620021 0.8389622
vt 0.3620021 0.8389622
vt 0.3620021 0.8389622
vt 0.17041485 0.40360156
vt 0.17041487 0.40360162
vt 0.17041482 0.40360156
vt 0.17041487 0.4036016
vt 0.34248668 0.40360162
vt 0.34248662 0.40360165
vt 0.34248656 0.40360156
vt 0.34248662 0.40360156
vt 0.34248662 0.4036016
vt 0.34248665 0.4036016
vt 0.34248662 0.40360162
vt 0.3424866 0.40360156
vt 0.34248665 0.40360162
vt 0.34248662 0.40360156
vt 0.34248662 0.40360162
vt 0.3424866 0.4036016
vt 0.34248662 0.4036016
vt 0.34248662 0.4036016
vt 0.34248662 0.40360156
vt 0.34248662 0.40360156
vt 0.34248665 0.4036016
vt 0.34248662 0.40360162
vt 0.34248662 0.40360162
vt 0.34248662 0.4036016
vt 0.34248665 0.40360162
vt 0.3424866 0.40360156
vt 0.34248662 0.4036016
vt 0.3424866 0.40360153
vt 0.34248662 0.40360156
vt 0.3424866 0.40360153
vt 0.34248662 0.40360156
vt 0.34248662 0.4036016
vt 0.34248665 0.40360162
vt 0.34248668 0.40360162
vt 0.34248662 0.40360156
vt 0.34248662 0.4036016
vt 0.3424866 0.4036016
vt 0.34248662 0.4036016
vt 0.34248662 0.4036016
vt 0.34248662 0.4036016
vt 0.34248668 0.40360162
vt 0.34248662 0.40360156
vt 0.3424866 0.40360156
vt 0.34248662 0.4036016
vt 0.34248665 0.40360165
vt 0.34248662 0.4036016
vt 0.34248665 0.40360165
vt 0.34248662 0.4036016
vt 0.34248662 0.4036016
vt 0.34248662 0.40360156
vt 0.34248662 0.4036016
vt 0.34248662 0.40360153
vt 0.34248662 0.40360162
vt 0.34248665 0.40360162
vt 0.34248662 0.4036016
vt 0.34248662 0.40360156
vt 0.34248665 0.4036016
vt 0.34248662 0.40360165
vt 0.34248662 0.4036016
vt 0.34248662 0.4036016
vt 0.34248662 0.4036016
vt 0.34248662 0.4036016
vt 0.34248662 0.4036016
vt 0.34248662 0.4036016
vt 0.3424866 0.4036016
vt 0.34248662 0.4036016
vt 0.34248662 0.4036016
vt 0.34248665 0.40360162
vt 0.34248662 0.4036016
vt 0.34248662 0.4036016
vt 0.34248662 0.40360162
vt 0.3424866 0.4036016
vt 0.34248662 0.4036016
vt 0.34248656 0.40360156
vt 0.34248662 0.40360156
vt 0.34248662 0.4036016
vt 0.34248662 0.4036016
vt 0.34248662 0.40360162
vt 0.34248662 0.40360153
vt 0.34248662 0.4036016
vt 0.34248662 0.4036016
vt 0.34248662 0.4036016
vt 0.3424866 0.40360156
vt 0.34248662 0.4036016
vt 0.34248662 0.4036016
vt 0.34248662 0.4036016
vt 0.34248662 0.4036016
vt 0.3424866 0.4036016
vt 0.34248662 0.40360162
vt 0.3424866 0.4036016
vt 0.3424866 0.40360156
vt 0.34248662 0.4036016
vt 0.34248662 0.4036016
vt 0.3424866 0.4036016
vt 0.34248662 0.4036016
vt 0.34248662 0.40360156
vt 0.34248662 0.4036016
vt 0.34248662 0.4036016
vt 0.34248662 0.4036016
vt 0.34248662 0.40360156
vt 0.34248665 0.4036016
vt 0.34248662 0.4036016
vt 0.34248662 0.40360156
vt 0.34248662 0.4036016
vt 0.3424866 0.40360153
vt 0.34248662 0.4036016
vt 0.34248662 0.40360162
vt 0.34248665 0.40360162
vt 0.34248662 0.40360156
vt 0.34248662 0.40360156
vt 0.34248662 0.40360156
vt 0.34248662 0.4036016
vt 0.34248665 0.4036016
vt 0.34248662 0.4036016
vt 0.34248662 0.4036016
vt 0.34248665 0.40360162
vt 0.34248656 0.40360153
vt 0.34248662 0.4036016
vt 0.34248665 0.40360162
vt 0.3424866 0.40360156
vt 0.34248662 0.4036016
vt 0.3424866 0.4036016
vt 0.34248662 0.40360156
vt 0.3424866 0.40360156
vt 0.3424866 0.40360156
vt 0.34248662 0.40360153
vt 0.3424866 0.40360156
vt 0.34248662 0.4036016
vt 0.34248665 0.40360162
vt 0.34248662 0.4036016
vt 0.34248662 0.40360156
vt 0.34248662 0.4036016
vt 0.34248662 0.4036016
vt 0.34248662 0.4036016
vt 0.34248662 0.4036016
vt 0.3424866 0.4036016
vt 0.34248662 0.4036016
vt 0.34248662 0.4036016
vt 0.3424866 0.40360156
vt 0.34248662 0.4036016
vt 0.34248665 0.4036016
vt 0.34248656 0.40360156
vt 0.34248662 0.4036016
vt 0.34248665 0.4036016
vt 0.3424866 0.40360156
vt 0.3424866 0.4036016
vt 0.34248662 0.4036016
vt 0.34248662 0.4036016
vt 0.34248662 0.4036016
vt 0.34248665 0.40360162
vt 0.3424866 0.4036016
vt 0.34248662 0.40360156
vt 0.34248662 0.4036016
vt 0.34248665 0.4036016
vt 0.34248662 0.40360156
vt 0.34248662 0.4036016
vt 0.34248665 0.4036016
vt 0.3424866 0.40360156
vt 0.34248662 0.4036016
vt 0.34248662 0.4036016
vt 0.34248662 0.40360162
vt 0.34248662 0.40360156
vt 0.34248662 0.40360162
vt 0.3424866 0.4036016
vt 0.34248665 0.40360162
vt 0.17041487 0.40360162
vt 0.17041487 0.4036016
vt 0.17041482 0.40360156
vt 0.17041485 0.40360156
vt 0.17041487 0.4036016
vt 0.17041488 0.40360165
vt 0.17041487 0.4036016
vt 0.17041488 0.4036016
vt 0.17041488 0.4036016
vt 0.17041487 0.40360156
vt 0.17041487 0.4036016
vt 0.17041488 0.40360162
vt 0.17196505 0.42065376
vt 0.17041487 0.4036016
vt 0.17041487 0.4036016
vt 0.17196505 0.42065376
vt 0.17196505 0.42065376
vt 0.17041487 0.4036016
vt 0.17041487 0.4036016
vt 0.17196505 0.42065376
vt 0.17196505 0.42065376
vt 0.17196506 0.4206538
vt 0.17196506 0.4206538
vt 0.17196503 0.42065376
vt 0.17041487 0.4036016
vt 0.17041487 0.4036016
vt 0.17041487 0.4036016
vt 0.17041487 0.40360156
vt 0.17041487 0.4036016
vt 0.17041485 0.40360156
vt 0.17041488 0.40360162
vt 0.17041485 0.40360153
vt 0.17041487 0.4036016
vt 0.17102857 0.4103523
vt 0.17196505 0.42065376
vt 0.17041487 0.4036016
vt 0.17041485 0.40360162
vt 0.17041485 0.40360156
vt 0.17041487 0.40360162
vt 0.17041487 0.40360162
vt 0.17041485 0.40360156
vt 0.17041485 0.40360153
vt 0.17041487 0.4036016
vt 0.17041487 0.40360162
vt 0.17041485 0.4036016
vt 0.17041487 0.4036016
vt 0.17041487 0.4036016
vt 0.17041487 0.40360156
vt 0.17041487 0.40360162
vt 0.17041488 0.40360162
vt 0.17041485 0.40360156
vt 0.17041487 0.4036016
vt 0.17041487 0.4036016
vt 0.17041487 0.4036016
vt 0.17041488 0.40360165
vt 0.17041487 0.4036016
vt 0.17041487 0.4036016
vt 0.17041487 0.4036016
vt 0.17101754 0.41023105
vt 0.17196503 0.42065373
vt 0.17196505 0.42065376
vt 0.17041487 0.4036016
vt 0.17196503 0.42065373
vt 0.34248662 0.40360156
vt 0.34248665 0.40360165
vt 0.3424866 0.40360156
vt 0.34248662 0.4036016
vt 0.34248665 0.4036016
vt 0.34248662 0.4036016
vt 0.34248656 0.40360156
vt 0.17041487 0.4036016
vt 0.17041487 0.4036016
vt 0.17041487 0.40360156
vt 0.17041485 0.40360156
vt 0.17041487 0.4036016
vt 0.17041488 0.40360162
vt 0.17041485 0.4036016
vt 0.17041487 0.40360162
vt 0.17041488 0.40360162
vt 0.3564384 0.42065373
vt 0.35643837 0.4206537
vt 0.3564384 0.4206537
vt 0.35643843 0.42065376
vt 0.3564384 0.42065373
vt 0.35643834 0.42065367
vt 0.34248662 0.40360162
vt 0.34248662 0.40360156
vt 0.34248665 0.40360162
vt 0.3424866 0.40360156
vt 0.34248662 0.40360156
vt 0.34248665 0.40360162
vt 0.34248662 0.4036016
vt 0.34248662 0.40360162
vt 0.3424866 0.40360156
vt 0.34248662 0.4036016
vt 0.34248662 0.40360156
vt 0.3424866 0.40360156
vt 0.34248662 0.4036016
vt 0.34248665 0.40360162
vt 0.34248662 0.4036016
vt 0.34248662 0.4036016
vt 0.3424866 0.40360156
vt 0.3424866 0.4036016
vt 0.34248662 0.40360162
vt 0.3424866 0.4036016
vt 0.34248662 0.4036016
vt 0.34248665 0.40360162
vt 0.3424866 0.40360156
vt 0.34248662 0.40360162
vt 0.3424866 0.40360156
vt 0.34248665 0.40360162
vt 0.34248662 0.4036016
vt 0.3424866 0.4036016
vt 0.34248662 0.40360156
vt 0.34248662 0.4036016
vt 0.3424866 0.40360153
vt 0.3424866 0.40360156
vt 0.34248662 0.40360162
vt 0.34248662 0.4036016
vt 0.34248662 0.4036016
vt 0.34248662 0.40360156
vt 0.34248665 0.40360162
vt 0.34248662 0.4036016
vt 0.34248668 0.40360165
vt 0.3424866 0.40360156
vt 0.34248662 0.40360153
vt 0.34248662 0.4036016
vt 0.34248662 0.4036016
vt 0.34248665 0.40360162
vt 0.3424866 0.4036016
vt 0.34248668 0.40360165
vt 0.34248662 0.40360156
vt 0.35643843 0.42065376
vt 0.3564384 0.4206537
vt 0.35643834 0.42065367
vt 0.3564384 0.42065373
vt 0.35643843 0.42065376
vt 0.3564384 0.42065373
vt 0.3564384 0.42065373
vt 0.3564384 0.4206537
vt 0.35643837 0.4206537
vt 0.3564384 0.42065373
vt 0.3564384 0.42065373
vt 0.3564384 0.42065373
vt 0.3424866 0.4036016
vt 0.3424866 0.40360156
vt 0.34248662 0.4036016
vt 0.34248662 0.4036016
vt 0.34248662 0.4036016
vt 0.3424866 0.40360156
vt 0.34248662 0.4036016
vt 0.34248662 0.4036016
vt 0.34248662 0.4036016
vt 0.34248662 0.4036016
vt 0.17196505 0.42065376
vt 0.17196505 0.42065376
vt 0.17041485 0.40360156
vt 0.17041487 0.4036016
vt 0.17041485 0.40360156
vt 0.17196505 0.42065376
vt 0.17196503 0.42065373
vt 0.17196506 0.42065376
vt 0.17196502 0.4206537
vt 0.17196506 0.42065376
vt 0.17196505 0.42065376
vt 0.17196503 0.42065373
vt 0.17196506 0.4206538
vt 0.17041487 0.4036016
vt 0.17041488 0.40360162
vt 0.17196505 0.42065376
vt 0.17196506 0.4206538
vt 0.17196503 0.42065376
vt 0.17041485 0.40360162
vt 0.17041487 0.40360162
vt 0.17041487 0.4036016
vt 0.17041485 0.40360156
vt 0.17041487 0.4036016
vt 0.17041487 0.40360156
vt 0.3564384 0.42065373
vt 0.35643834 0.42065367
vt 0.3564384 0.4206537
vt 0.35643837 0.4206537
vt 0.35643837 0.4206537
vt 0.3564384 0.42065373
vt 0.3564384 0.42065373
vt 0.3564384 0.4206537
vt 0.3564384 0.4206537
vt 0.35643837 0.4206537
vt 0.3564384 0.42065376
vt 0.3564384 0.4206537
vt 0.35643837 0.4206537
vt 0.3564384 0.4206537
vt 0.3564384 0.42065376
vt 0.3564384 0.42065373
vt 0.3564384 0.42065373
vt 0.3564384 0.4206537
vt 0.35643837 0.4206537
vt 0.3564384 0.4206537
vt 0.3564384 0.42065367
vt 0.3564384 0.42065364
vt 0.3564384 0.4206537
vt 0.3564384 0.42065373
vt 0.35643834 0.42065367
vt 0.35643834 0.42065364
vt 0.3564384 0.4206537
vt 0.35643834 0.42065367
vt 0.3564384 0.4206537
vt 0.3564384 0.42065373
vt 0.34248662 0.4036016
vt 0.3424866 0.40360156
vt 0.34248665 0.40360162
vt 0.34248662 0.4036016
vt 0.34248662 0.4036016
vt 0.34248662 0.4036016
vt 0.34248662 0.4036016
vt 0.3424866 0.40360156
vt 0.34248662 0.4036016
vt 0.35580218 0.42109513
vt 0.35580242 0.42109567
vt 0.35580227 0.42109528
vt 0.35580227 0.42109552
vt 0.35580212 0.421095
vt 0.35580224 0.42109546
vt 0.3558025 0.4210957
vt 0.35580245 0.42109558
vt 0.35580245 0.42109558
vt 0.35580227 0.42109528
vt 0.3558024 0.42109546
vt 0.35735255 0.41644496
vt 0.35735264 0.416445
vt 0.35735258 0.41644487
vt 0.35735258 0.41644505
vt 0.3259263 0.4210955
vt 0.3259263 0.42109546
vt 0.3259264 0.4210953
vt 0.32592636 0.42109546
vt 0.3259263 0.42109552
vt 0.32592636 0.4210955
vt 0.32592636 0.4210955
vt 0.32592636 0.42109546
vt 0.32592636 0.42109546
vt 0.3259264 0.4210953
vt 0.3259263 0.42109537
vt 0.32592624 0.4210955
vt 0.3259263 0.42109537
vt 0.32592636 0.42109546
vt 0.32592648 0.42109576
vt 0.32592642 0.42109567
vt 0.32592642 0.4210954
vt 0.32592645 0.42109567
vt 0.32592636 0.42109546
vt 0.32592636 0.4210955
vt 0.32592642 0.4210954
vt 0.16551886 0.4272962
vt 0.1655188 0.42729628
vt 0.16551882 0.4272964
vt 0.16551886 0.42729634
vt 0.16551879 0.42729616
vt 0.16551886 0.42729658
vt 0.16551886 0.42729652
vt 0.16551888 0.42729634
vt 0.1655188 0.42729616
vt 0.16551882 0.42729616
vt 0.16551891 0.42729625
vt 0.16551891 0.42729628
vt 0.16551891 0.42729634
vt 0.16551888 0.42729625
vt 0.18063022 0.4272964
vt 0.18063028 0.4272964
vt 0.1806302 0.42729652
vt 0.1806302 0.42729646
vt 0.32747644 0.41644484
vt 0.32747644 0.41644496
vt 0.32747656 0.41565317
vt 0.32747656 0.41572982
vt 0.32747656 0.4164448
vt 0.32747665 0.41568953
vt 0.32747656 0.41489464
vt 0.32747653 0.41489467
vt 0.32747656 0.4148946
vt 0.32747656 0.41489464
vt 0.32747656 0.41565537
vt 0.32592627 0.42109537
vt 0.32592648 0.42109606
vt 0.32592636 0.42109567
vt 0.32592636 0.42109564
vt 0.32592642 0.42109567
vt 0.32592648 0.42109576
vt 0.32592618 0.4210952
vt 0.32592645 0.42109567
vt 0.35580236 0.42109558
vt 0.35580233 0.42109558
vt 0.35580233 0.42109555
vt 0.35580236 0.4210956
vt 0.35580254 0.42109555
vt 0.35580233 0.4210955
vt 0.35580236 0.42109555
vt 0.35580218 0.42109543
vt 0.3558023 0.42109543
vt 0.3558024 0.4210956
vt 0.35580224 0.4210955
vt 0.35580236 0.42109555
vt 0.35580224 0.42109546
vt 0.35580227 0.42109552
vt 0.35580248 0.42109573
vt 0.35580242 0.42109567
vt 0.16551891 0.42729634
vt 0.16551892 0.42729643
vt 0.1655191 0.42729676
vt 0.1655188 0.42729616
vt 0.16551882 0.42729616
vt 0.16551873 0.42729613
vt 0.16551886 0.4272962
vt 0.16551886 0.42729634
vt 0.34069097 0.4210955
vt 0.34069103 0.42109555
vt 0.340691 0.4210955
vt 0.34069106 0.4210957
vt 0.3406909 0.4210954
vt 0.34069115 0.421096
vt 0.32437605 0.41799513
vt 0.3321271 0.4148947
vt 0.3321271 0.4148947
vt 0.3243761 0.41799515
vt 0.33212715 0.41489476
vt 0.32437617 0.41799515
vt 0.3406909 0.42109543
vt 0.34069088 0.4210953
vt 0.34069103 0.42109555
vt 0.34069106 0.4210957
vt 0.34069097 0.42109555
vt 0.34069115 0.421096
vt 0.32592654 0.42109603
vt 0.32592636 0.4210956
vt 0.3259266 0.42109612
vt 0.3259264 0.42109564
vt 0.32592642 0.4210959
vt 0.3259263 0.42109555
vt 0.32592633 0.4210958
vt 0.32592636 0.4210956
vt 0.32592636 0.42109564
vt 0.32592618 0.42109528
vt 0.32592633 0.42109573
vt 0.32592633 0.4210958
vt 0.32592636 0.42109585
vt 0.32592636 0.4210959
vt 0.3259263 0.4210956
vt 0.3259263 0.42109552
vt 0.32592636 0.42109576
vt 0.3259263 0.42109555
vt 0.32592636 0.4210956
vt 0.32592657 0.4210961
vt 0.3259266 0.42109612
vt 0.3259263 0.42109552
vt 0.32592636 0.4210959
vt 0.32592636 0.42109585
vt 0.33367723 0.39939266
vt 0.33367735 0.39939293
vt 0.3336773 0.39939278
vt 0.33367717 0.39939246
vt 0.33367732 0.39939278
vt 0.33367732 0.39939278
vt 0.33367717 0.39939246
vt 0.33367735 0.39939275
vt 0.33367726 0.39939275
vt 0.3336773 0.39939278
vt 0.3336773 0.3993929
vt 0.33367735 0.39939296
vt 0.33367735 0.39939296
vt 0.33367735 0.399393
vt 0.33367735 0.39939278
vt 0.33367735 0.39939278
vt 0.33367735 0.39939266
vt 0.33367735 0.39939266
vt 0.3336773 0.39939266
vt 0.33367732 0.39939275
vt 0.33367735 0.39939296
vt 0.33367735 0.399393
vt 0.33367732 0.39939275
vt 0.33367726 0.3993927
vt 0.35580236 0.42109555
vt 0.3558025 0.4210958
vt 0.35580248 0.42109573
vt 0.3558024 0.4210956
vt 0.35580218 0.42109543
vt 0.35580233 0.4210955
vt 0.16551895 0.42729634
vt 0.16551891 0.42729628
vt 0.16551891 0.42729625
vt 0.16551886 0.42729616
vt 0.1655189 0.42729634
vt 0.16551886 0.4272962
vt 0.16551897 0.4272965
vt 0.16551897 0.42729652
vt 0.16551891 0.42729634
vt 0.1655191 0.42729676
vt 0.16551891 0.42729634
vt 0.32592636 0.42109567
vt 0.32592636 0.4210957
vt 0.32592636 0.42109555
vt 0.3259264 0.4210958
vt 0.32592624 0.4210955
vt 0.32592624 0.42109555
vt 0.3259263 0.42109573
vt 0.32592627 0.42109546
vt 0.32592633 0.4210955
vt 0.32592636 0.4210954
vt 0.35735244 0.41644478
vt 0.35735258 0.41571242
vt 0.35735232 0.41644466
vt 0.35735267 0.41567025
vt 0.35735258 0.41644487
vt 0.3573525 0.4148948
vt 0.35735267 0.41564554
vt 0.3573526 0.41489482
vt 0.35735264 0.41489482
vt 0.32437617 0.41799524
vt 0.32437617 0.41799536
vt 0.33212715 0.41489488
vt 0.33212706 0.41489464
vt 0.32437614 0.4179951
vt 0.33212698 0.4148944
vt 0.34069103 0.42109555
vt 0.34069106 0.4210956
vt 0.34069103 0.4210955
vt 0.34069103 0.42109552
vt 0.15075418 0.42729652
vt 0.15075417 0.4272964
vt 0.15075417 0.42729637
vt 0.15075414 0.42729634
vt 0.15075418 0.42729637
vt 0.15075418 0.42729634
vt 0.15075418 0.4272965
vt 0.1507542 0.42729655
vt 0.1507542 0.42729655
vt 0.95995665 0.9822667
vt 0.9599564 0.98226655
vt 0.9599565 0.98226655
vt 0.9599567 0.9822668
vt 0.9599566 0.9822667
vt 0.95995647 0.9822666
vt 0.9599565 0.9822667
vt 0.9599566 0.9822666
vt 0.9599565 0.98226655
vt 0.9599564 0.9822665
vt 0.1507541 0.4272964
vt 0.15075418 0.42729634
vt 0.15075418 0.42729652
vt 0.15075418 0.42729637
vt 0.15075418 0.4272963
vt 0.15075418 0.42729652
vt 0.15075417 0.42729625
vt 0.15075414 0.4272961
vt 0.15075418 0.4272962
vt 0.1507542 0.4272962
vt 0.15075412 0.42729607
vt 0.1507541 0.42729598
vt 0.15075414 0.42729625
vt 0.1507541 0.42729604
vt 0.1507541 0.4272961
vt 0.1507541 0.42729607
vt 0.3499102 0.4030556
vt 0.3499102 0.4030556
vt 0.34676123 0.40297955
vt 0.34676123 0.40297955
vt 0.34069115 0.42109588
vt 0.3406909 0.42109543
vt 0.34069097 0.42109555
vt 0.3406911 0.42109564
vt 0.34069118 0.42109597
vt 0.34069088 0.4210953
vt 0.34069118 0.42109573
vt 0.34069103 0.42109537
vt 0.34069115 0.42109546
vt 0.34069103 0.42109537
vt 0.3406911 0.42109555
vt 0.3406911 0.42109552
vt 0.34069103 0.42109546
vt 0.34766683 0.4032681
vt 0.347667 0.40326837
vt 0.3476669 0.40326813
vt 0.34766686 0.40326822
vt 0.3476668 0.40326804
vt 0.34766704 0.4032684
vt 0.34766683 0.4032682
vt 0.34766683 0.4032681
vt 0.34766683 0.4032682
vt 0.34766683 0.40326813
vt 0.34766683 0.403268
vt 0.3476668 0.403268
vt 0.34766683 0.40326807
vt 0.34766683 0.4032682
vt 0.34766683 0.40326813
vt 0.34766704 0.4032684
vt 0.3476669 0.40326813
vt 0.34069106 0.4210956
vt 0.34069103 0.42109537
vt 0.34069103 0.42109546
vt 0.34069103 0.4210956
vt 0.1802457 0.4172199
vt 0.18024582 0.41722012
vt 0.18024552 0.41721967
vt 0.18024579 0.4172201
vt 0.18024558 0.41721985
vt 0.18024565 0.41721994
vt 0.18024558 0.41721988
vt 0.18024553 0.4172197
vt 0.18024561 0.41721994
vt 0.18024561 0.41721997
vt 0.18024565 0.41721994
vt 0.18024552 0.4172198
vt 0.33290213 0.40326825
vt 0.33290222 0.40326828
vt 0.33290225 0.40326825
vt 0.33290225 0.40326825
vt 0.34069103 0.42109525
vt 0.34069103 0.42109558
vt 0.3406911 0.42109555
vt 0.34069103 0.42109537
vt 0.34069103 0.42109555
vt 0.34069103 0.42109537
vt 0.34069106 0.4210956
vt 0.32592633 0.42109552
vt 0.3259263 0.42109558
vt 0.32592636 0.4210955
vt 0.32592636 0.4210955
vt 0.32592636 0.42109546
vt 0.32592642 0.42109555
vt 0.32592636 0.42109567
vt 0.32592648 0.42109606
vt 0.32592618 0.4210952
vt 0.32592627 0.42109537
vt 0.35580233 0.42109555
vt 0.35580254 0.42109567
vt 0.35580242 0.4210956
vt 0.35580242 0.42109555
vt 0.3558024 0.42109522
vt 0.35580236 0.42109534
vt 0.35580215 0.42109528
vt 0.3558023 0.42109537
vt 0.35580242 0.42109555
vt 0.3558024 0.42109546
vt 0.35580233 0.42109558
vt 0.35580242 0.42109555
vt 0.35580233 0.42109555
vt 0.18024565 0.41721994
vt 0.18024558 0.41721985
vt 0.18024561 0.41721997
vt 0.1802455 0.41721976
vt 0.34766683 0.403268
vt 0.34766683 0.403268
vt 0.34766683 0.4032681
vt 0.3476668 0.40326804
vt 0.18024594 0.4172204
vt 0.18024564 0.4172198
vt 0.18024553 0.41721958
vt 0.18024565 0.41721982
vt 0.1802458 0.41722012
vt 0.18024561 0.4172197
vt 0.18024562 0.41721976
vt 0.18024561 0.4172197
vt 0.18024558 0.41721967
vt 0.18024561 0.4172197
vt 0.18024558 0.41721964
vt 0.18024562 0.41721976
vt 0.18024564 0.41721976
vt 0.18024564 0.4172198
vt 0.18024594 0.41722038
vt 0.18024555 0.4172196
vt 0.18024562 0.41721976
vt 0.1802458 0.41722012
vt 0.18024561 0.4172197
vt 0.165481 0.41721997
vt 0.16548097 0.41721988
vt 0.16548097 0.41721985
vt 0.165481 0.4172199
vt 0.16548097 0.41721988
vt 0.16548097 0.41721985
vt 0.165481 0.41721994
vt 0.15075414 0.42729628
vt 0.15075418 0.4272963
vt 0.1507541 0.42729622
vt 0.15075414 0.42729628
vt 0.15075412 0.42729628
vt 0.15075414 0.42729628
vt 0.15075421 0.42729634
vt 0.1507542 0.4272963
vt 0.15075415 0.42729622
vt 0.1507541 0.42729622
vt 0.15075418 0.42729622
vt 0.15075406 0.4272961
vt 0.15075414 0.42729616
vt 0.1507542 0.4272962
vt 0.15075406 0.42729604
vt 0.15075414 0.4272961
vt 0.1507541 0.42729598
vt 0.16548093 0.41722
vt 0.16548094 0.41722
vt 0.16548097 0.41722
vt 0.165481 0.41722012
vt 0.16548105 0.41722006
vt 0.16548105 0.41722018
vt 0.16548106 0.41722018
vt 0.16548103 0.41722003
vt 0.165481 0.41722
vt 0.34831423 0.40285015
vt 0.34831426 0.40285018
vt 0.3500471 0.40270573
vt 0.3500471 0.40270573
vt 0.34224132 0.4148948
vt 0.3422413 0.4148947
vt 0.34224117 0.41489452
vt 0.34224117 0.4148945
vt 0.34689176 0.41489467
vt 0.3391407 0.41799513
vt 0.34689176 0.41489482
vt 0.3391408 0.41799515
vt 0.34689176 0.41489458
vt 0.33914083 0.41799513
vt 0.3542522 0.41799515
vt 0.3542522 0.41799524
vt 0.36200306 0.414895
vt 0.36200315 0.41489488
vt 0.3542522 0.41799507
vt 0.36200327 0.4148947
vt 0.3422413 0.4148947
vt 0.34224126 0.41489467
vt 0.34224117 0.4148946
vt 0.34224117 0.41489452
vt 0.1802457 0.4172199
vt 0.18024558 0.41721967
vt 0.18024561 0.4172197
vt 0.1802458 0.41722012
vt 0.9747213 0.98226655
vt 0.97472125 0.9822667
vt 0.97472113 0.98226655
vt 0.9747212 0.9822664
vt 0.9747212 0.9822664
vt 0.97472125 0.9822664
vt 0.97472125 0.9822664
vt 0.9747214 0.98226655
vt 0.97472125 0.98226655
vt 0.97472125 0.98226655
vt 0.9898326 0.9822668
vt 0.9898325 0.98226655
vt 0.9747213 0.98226655
vt 0.9747211 0.9822664
vt 0.97472125 0.9822664
vt 0.3274765 0.41489473
vt 0.32747647 0.41489464
vt 0.3274765 0.41489464
vt 0.3274764 0.4148945
vt 0.32747647 0.41489464
vt 0.3274765 0.41489464
vt 0.32747644 0.41489455
vt 0.34069106 0.4210956
vt 0.34069103 0.4210956
vt 0.34069103 0.42109555
vt 0.34069103 0.4210955
vt 0.34069115 0.42109546
vt 0.34069118 0.42109573
vt 0.34069118 0.42109597
vt 0.34069103 0.42109552
vt 0.3259263 0.42109555
vt 0.32592633 0.42109573
vt 0.32592636 0.42109564
vt 0.32592618 0.42109528
vt 0.9898326 0.9822666
vt 0.9898326 0.9822668
vt 0.9898325 0.9822668
vt 0.9898325 0.9822667
vt 0.9599564 0.9822665
vt 0.95995647 0.9822666
vt 0.9898325 0.98226666
vt 0.98983276 0.98226666
vt 0.9898327 0.9822666
vt 0.9898326 0.9822665
vt 0.9747212 0.9822664
vt 0.9747213 0.98226655
vt 0.9898325 0.9822664
vt 0.9898326 0.98226655
vt 0.9898325 0.98226655
vt 0.32592633 0.4210955
vt 0.32592636 0.4210957
vt 0.32592636 0.42109567
vt 0.32592636 0.42109588
vt 0.3259265 0.4210958
vt 0.3259266 0.42109585
vt 0.32592642 0.42109555
vt 0.32592642 0.42109564
vt 0.32592636 0.42109555
vt 0.32592636 0.4210955
vt 0.32592654 0.42109603
vt 0.32592642 0.4210959
vt 0.3259266 0.42109612
vt 0.32592636 0.4210955
vt 0.32592636 0.42109552
vt 0.32592642 0.42109564
vt 0.32592636 0.42109552
vt 0.3259263 0.42109573
vt 0.3259264 0.4210958
vt 0.32747656 0.41644517
vt 0.32747656 0.41644517
vt 0.32747656 0.41644508
vt 0.3274765 0.41644502
vt 0.32747656 0.41644496
vt 0.32747653 0.41644496
vt 0.3274765 0.41644493
vt 0.32747656 0.41644493
vt 0.98983264 0.98226666
vt 0.98983264 0.9822668
vt 0.9898325 0.9822665
vt 0.9898325 0.98226655
vt 0.9898325 0.9822668
vt 0.9599564 0.98226655
vt 0.9599564 0.9822665
vt 0.9599565 0.98226655
vt 0.9599565 0.98226655
vt 0.95995665 0.98226666
vt 0.1806302 0.42729625
vt 0.18063024 0.42729628
vt 0.18063018 0.42729628
vt 0.1806303 0.42729628
vt 0.1806302 0.42729646
vt 0.18063009 0.4272963
vt 0.18063013 0.4272966
vt 0.18063022 0.42729634
vt 0.18063022 0.4272963
vt 0.1806302 0.42729646
vt 0.18063015 0.42729634
vt 0.18063022 0.4272964
vt 0.15075412 0.4272964
vt 0.15075418 0.42729637
vt 0.1507541 0.4272964
vt 0.15075418 0.42729652
vt 0.15075418 0.42729652
vt 0.9599564 0.98226655
vt 0.9898325 0.9822664
vt 0.98983276 0.98226666
vt 0.95995665 0.98226666
vt 0.33212698 0.4148944
vt 0.33212698 0.4148944
vt 0.32437617 0.4179951
vt 0.32437614 0.4179951
vt 0.34069103 0.4210955
vt 0.3406912 0.42109597
vt 0.34069118 0.42109573
vt 0.34069103 0.42109552
vt 0.34069103 0.4210955
vt 0.34069103 0.42109555
vt 0.34069118 0.4210955
vt 0.34069106 0.4210956
vt 0.34069103 0.42109567
vt 0.34069103 0.42109537
vt 0.340691 0.42109525
vt 0.32747644 0.41644496
vt 0.32747644 0.41644493
vt 0.32747656 0.41565537
vt 0.32747656 0.41565317
vt 0.3259266 0.42109612
vt 0.32592657 0.4210961
vt 0.32592636 0.42109552
vt 0.32592636 0.4210955
vt 0.15075415 0.4272963
vt 0.15075418 0.42729637
vt 0.15075418 0.42729634
vt 0.1507542 0.42729646
vt 0.1507542 0.42729655
vt 0.3336773 0.3993929
vt 0.33367726 0.39939275
vt 0.3336773 0.39939278
vt 0.33367732 0.39939278
vt 0.34248662 0.4036016
vt 0.3424866 0.4036016
vt 0.34248662 0.4036016
vt 0.34248662 0.4036016
vt 0.34248662 0.40360156
vt 0.34248662 0.4036016
vt 0.34248665 0.4036016
vt 0.34248662 0.40360162
vt 0.3424866 0.4036016
vt 0.34248662 0.4036016
vt 0.34248662 0.4036016
vt 0.34248662 0.4036016
vt 0.3424866 0.40360156
vt 0.3424866 0.4036016
vt 0.34248662 0.4036016
vt 0.34248662 0.4036016
vt 0.34248662 0.4036016
vt 0.34248662 0.4036016
vt 0.34248665 0.4036016
vt 0.34248662 0.4036016
vt 0.34248662 0.4036016
vt 0.3424866 0.4036016
vt 0.34248665 0.40360162
vt 0.34248662 0.40360156
vt 0.34248662 0.40360162
vt 0.3424866 0.4036016
vt 0.34248662 0.4036016
vt 0.34248662 0.40360162
vt 0.34248662 0.4036016
vt 0.34248662 0.40360162
vt 0.34248662 0.40360156
vt 0.3424866 0.4036016
vt 0.34248665 0.40360162
vt 0.34248665 0.4036016
vt 0.34248665 0.40360162
vt 0.34248665 0.40360162
vt 0.34248662 0.40360156
vt 0.34248662 0.40360162
vt 0.34248665 0.40360162
vt 0.34248662 0.4036016
vt 0.34248665 0.40360162
vt 0.34248665 0.4036016
vt 0.34248662 0.4036016
vt 0.34248662 0.4036016
vt 0.34248662 0.4036016
vt 0.34248665 0.40360162
vt 0.34248662 0.4036016
vt 0.34248665 0.40360162
vt 0.34248665 0.4036016
vt 0.34248662 0.40360162
vt 0.34248662 0.4036016
vt 0.34248665 0.4036016
vt 0.3424866 0.40360153
vt 0.34248662 0.40360156
vt 0.3424866 0.40360156
vt 0.34248662 0.4036016
vt 0.34248662 0.4036016
vt 0.34248662 0.4036016
vt 0.3424866 0.40360156
vt 0.34248662 0.40360162
vt 0.3424866 0.4036016
vt 0.34248662 0.40360162
vt 0.34248662 0.4036016
vt 0.34248662 0.4036016
vt 0.34248662 0.4036016
vt 0.34248662 0.4036016
vt 0.34248662 0.4036016
vt 0.34248662 0.4036016
vt 0.34248662 0.4036016
vt 0.34248662 0.4036016
vt 0.34248662 0.40360162
vt 0.34248665 0.40360162
vt 0.34248662 0.40360162
vt 0.3424866 0.40360156
vt 0.34248662 0.4036016
vt 0.34248665 0.40360162
vt 0.17041487 0.4036016
vt 0.17041487 0.4036016
vt 0.17041487 0.40360156
vt 0.17041487 0.4036016
vt 0.17041487 0.4036016
vt 0.17041485 0.4036016
vt 0.17041487 0.4036016
vt 0.17041487 0.40360162
vt 0.17041488 0.40360162
vt 0.17041485 0.4036016
vt 0.17196503 0.42065373
vt 0.17041487 0.4036016
vt 0.17196503 0.42065376
vt 0.34248662 0.4036016
vt 0.34248665 0.4036016
vt 0.3424866 0.40360156
vt 0.34248665 0.40360162
vt 0.34248662 0.4036016
vt 0.3424866 0.4036016
vt 0.34248662 0.4036016
vt 0.34248656 0.40360156
vt 0.34248662 0.40360162
vt 0.34248665 0.40360162
vt 0.3424866 0.4036016
vt 0.34248662 0.4036016
vt 0.34248662 0.40360156
vt 0.34248665 0.40360162
vt 0.34248662 0.4036016
vt 0.34248662 0.4036016
vt 0.34248662 0.40360156
vt 0.34248662 0.4036016
vt 0.34248662 0.4036016
vt 0.34248662 0.40360156
vt 0.34248662 0.40360162
vt 0.34248665 0.40360162
vt 0.34248662 0.4036016
vt 0.34248662 0.4036016
vt 0.34248662 0.4036016
vt 0.34248662 0.4036016
vt 0.34248662 0.4036016
vt 0.34248662 0.4036016
vt 0.34248665 0.40360162
vt 0.34248656 0.40360156
vt 0.34248662 0.4036016
vt 0.34248662 0.40360156
vt 0.34248662 0.40360162
vt 0.34248662 0.4036016
vt 0.34248665 0.40360162
vt 0.3424866 0.40360156
vt 0.34248665 0.40360162
vt 0.34248662 0.40360156
vt 0.34248662 0.4036016
vt 0.34248662 0.40360162
vt 0.34248656 0.40360156
vt 0.17041485 0.4036016
vt 0.17041488 0.40360162
vt 0.17041487 0.40360156
vt 0.17041487 0.4036016
vt 0.17196503 0.42065373
vt 0.17041487 0.4036016
vt 0.17041487 0.4036016
vt 0.17196505 0.42065376
vt 0.3424866 0.4036016
vt 0.34248665 0.4036016
vt 0.34248662 0.40360162
vt 0.3424866 0.40360156
vt 0.34248662 0.40360156
vt 0.34248665 0.40360162
vt 0.34248656 0.40360156
vt 0.34248662 0.4036016
vt 0.34248662 0.40360162
vt 0.34248665 0.40360162
vt 0.34248662 0.4036016
vt 0.34248662 0.40360162
vt 0.34248662 0.40360162
vt 0.3424866 0.40360156
vt 0.34248662 0.40360156
vt 0.34248662 0.4036016
vt 0.34248662 0.4036016
vt 0.34248662 0.4036016
vt 0.3424866 0.4036016
vt 0.34248662 0.4036016
vt 0.34248662 0.4036016
vt 0.34248665 0.4036016
vt 0.3424866 0.40360156
vt 0.34248665 0.4036016
vt 0.34248662 0.4036016
vt 0.34248662 0.4036016
vt 0.34248665 0.4036016
vt 0.34248656 0.40360153
vt 0.34248662 0.4036016
vt 0.34248662 0.40360156
vt 0.3424866 0.4036016
vt 0.34248662 0.4036016
vt 0.34248662 0.4036016
vt 0.34248662 0.40360162
vt 0.34248662 0.40360162
vt 0.34248662 0.40360156
vt 0.34248656 0.40360153
vt 0.34248662 0.4036016
vt 0.34248662 0.4036016
vt 0.34248662 0.4036016
vt 0.34248665 0.40360165
vt 0.34248662 0.4036016
vt 0.34248662 0.4036016
vt 0.34248662 0.4036016
vt 0.34248662 0.40360156
vt 0.34248656 0.40360153
vt 0.34248662 0.4036016
vt 0.34248662 0.4036016
vt 0.34248662 0.4036016
vt 0.34248665 0.4036016
vt 0.34248665 0.40360162
vt 0.34248662 0.40360156
vt 0.34248656 0.40360153
vt 0.3424866 0.4036016
vt 0.34248662 0.4036016
vt 0.34248662 0.40360162
vt 0.34248662 0.4036016
vt 0.34248662 0.40360156
vt 0.34248662 0.4036016
vt 0.34248665 0.4036016
vt 0.34248662 0.40360162
vt 0.34248662 0.4036016
vt 0.34248662 0.40360156
vt 0.34248662 0.40360162
vt 0.34248662 0.4036016
vt 0.34248662 0.4036016
vt 0.3424866 0.4036016
vt 0.34248662 0.40360156
vt 0.34248665 0.40360162
vt 0.3424866 0.40360156
vt 0.34248662 0.40360162
vt 0.34248665 0.4036016
vt 0.34248665 0.40360162
vt 0.34248662 0.40360156
vt 0.3564384 0.42065376
vt 0.35643837 0.4206537
vt 0.35643837 0.42065373
vt 0.3564384 0.4206537
vt 0.35643837 0.4206537
vt 0.3564384 0.42065376
vt 0.35643843 0.42065376
vt 0.3564384 0.4206537
vt 0.3564384 0.42065373
vt 0.17041487 0.4036016
vt 0.17041485 0.40360156
vt 0.17041488 0.4036016
vt 0.17041488 0.4036016
vt 0.17041487 0.4036016
vt 0.17041487 0.4036016
vt 0.17041487 0.4036016
vt 0.17041485 0.40360156
vt 0.17041487 0.40360162
vt 0.17041485 0.40360156
vt 0.17041487 0.4036016
vt 0.17041487 0.4036016
vt 0.17041488 0.4036016
vt 0.3564384 0.42065376
vt 0.3564384 0.4206537
vt 0.3564384 0.42065373
vt 0.3564384 0.4206537
vt 0.35643837 0.4206537
vt 0.35643837 0.4206537
vt 0.3564384 0.42065373
vt 0.3564384 0.4206537
vt 0.17041488 0.4036016
vt 0.17041487 0.4036016
vt 0.17041487 0.40360162
vt 0.17041485 0.40360156
vt 0.34248662 0.4036016
vt 0.34248662 0.4036016
vt 0.3424866 0.4036016
vt 0.34248662 0.40360162
vt 0.3424866 0.40360156
vt 0.34248662 0.40360162
vt 0.34248662 0.4036016
vt 0.34248662 0.4036016
vt 0.34248662 0.4036016
vt 0.34248662 0.4036016
vt 0.34248656 0.40360153
vt 0.34248662 0.4036016
vt 0.34248662 0.4036016
vt 0.34248662 0.40360156
vt 0.34248665 0.40360162
vt 0.17041488 0.4036016
vt 0.17041487 0.40360162
vt 0.17041487 0.4036016
vt 0.17041487 0.4036016
vt 0.17041485 0.40360156
vt 0.17041485 0.40360156
vt 0.17041487 0.4036016
vt 0.17041487 0.4036016
vt 0.17041487 0.40360162
vt 0.17041488 0.4036016
vt 0.17041485 0.40360156
vt 0.17041488 0.4036016
vt 0.17041487 0.4036016
vt 0.17041487 0.4036016
vt 0.17041487 0.4036016
vt 0.17041485 0.40360156
vt 0.17196505 0.42065376
vt 0.17196506 0.42065376
vt 0.17108494 0.41097233
vt 0.17196505 0.42065376
vt 0.17196506 0.42065376
vt 0.17196503 0.42065376
vt 0.17196506 0.4206538
vt 0.17196503 0.42065376
vt 0.17196505 0.42065376
vt 0.3564384 0.42065376
vt 0.35643837 0.42065373
vt 0.35643837 0.4206537
vt 0.3564384 0.4206537
vt 0.35643837 0.4206537
vt 0.35643843 0.4206537
vt 0.35643834 0.42065364
vt 0.3564384 0.42065367
vt 0.3564384 0.4206537
vt 0.3564384 0.42065376
vt 0.35643837 0.4206537
vt 0.17041485 0.40360156
vt 0.17041485 0.4036016
vt 0.17041488 0.4036016
vt 0.17041487 0.4036016
vt 0.17041487 0.4036016
vt 0.17041487 0.4036016
vt 0.17041487 0.40360162
vt 0.17041487 0.40360162
vt 0.17110804 0.41122645
vt 0.17041487 0.4036016
vt 0.17041487 0.4036016
vt 0.17041487 0.4036016
vt 0.17041487 0.4036016
vt 0.17041485 0.40360156
vt 0.17041488 0.4036016
vt 0.34248665 0.4036016
vt 0.34248662 0.4036016
vt 0.34248662 0.40360156
vt 0.34248662 0.40360156
vt 0.34248665 0.40360162
vt 0.34248662 0.40360156
vt 0.34248662 0.4036016
vt 0.34248665 0.40360162
vt 0.3424866 0.40360153
vt 0.34248662 0.4036016
vt 0.3424866 0.40360156
vt 0.17041487 0.40360156
vt 0.17041488 0.40360162
vt 0.17041487 0.40360162
vt 0.17041487 0.4036016
vt 0.17196505 0.42065376
vt 0.17196503 0.42065376
vt 0.17041485 0.4036016
vt 0.17196506 0.4206538
vt 0.17196505 0.42065376
vt 0.17196505 0.42065376
vt 0.17196505 0.42065376
vt 0.17196505 0.42065376
vt 0.17196503 0.42065373
vt 0.34248665 0.4036016
vt 0.34248662 0.4036016
vt 0.34248665 0.40360162
vt 0.34248662 0.4036016
vt 0.3424866 0.4036016
vt 0.3424866 0.40360156
vt 0.34248662 0.4036016
vt 0.34248656 0.40360153
vt 0.34248662 0.4036016
vt 0.34248662 0.4036016
vt 0.34248662 0.4036016
vt 0.34248662 0.4036016
vt 0.34248662 0.4036016
vt 0.3564384 0.42065373
vt 0.3564384 0.42065373
vt 0.3564384 0.42065376
vt 0.3564384 0.4206537
vt 0.35643837 0.4206537
vt 0.3564384 0.4206537
vt 0.35643837 0.4206537
vt 0.3564384 0.42065376
vt 0.3564384 0.4206537
vt 0.3564384 0.42065376
vt 0.3564384 0.42065373
vt 0.3564384 0.42065373
vt 0.35643837 0.4206537
vt 0.3564384 0.4206537
vt 0.35643834 0.42065364
vt 0.35643843 0.42065373
vt 0.3564384 0.42065373
vt 0.3564384 0.4206538
vt 0.3564384 0.42065373
vt 0.3564384 0.42065367
vt 0.35643834 0.42065364
vt 0.35643843 0.4206537
vt 0.3564384 0.4206537
vt 0.3564384 0.42065376
vt 0.34248662 0.40360162
vt 0.34248662 0.4036016
vt 0.34248662 0.4036016
vt 0.34248662 0.4036016
vt 0.34248662 0.40360162
vt 0.34248662 0.40360162
vt 0.34248662 0.4036016
vt 0.34248656 0.40360153
vt 0.34248662 0.4036016
vt 0.32592636 0.42109543
vt 0.32592657 0.4210961
vt 0.32592648 0.421096
vt 0.32592636 0.42109552
vt 0.32592642 0.42109564
vt 0.32592642 0.42109564
vt 0.32592636 0.42109555
vt 0.32592636 0.42109552
vt 0.32592636 0.42109552
vt 0.3259265 0.42109573
vt 0.32592657 0.4210958
vt 0.32592642 0.4210955
vt 0.32592636 0.42109588
vt 0.32592636 0.42109567
vt 0.32592636 0.4210955
vt 0.3259264 0.4210957
vt 0.32592633 0.42109573
vt 0.32592633 0.42109573
vt 0.32592636 0.42109576
vt 0.32592636 0.42109552
vt 0.35580224 0.4210955
vt 0.3558025 0.42109552
vt 0.3558023 0.42109543
vt 0.35580248 0.42109573
vt 0.15075414 0.4272961
vt 0.1507542 0.42729616
vt 0.15075414 0.42729625
vt 0.1507541 0.4272961
vt 0.1507541 0.42729607
vt 0.15075406 0.427296
vt 0.15075406 0.42729592
vt 0.15075414 0.42729607
vt 0.35580212 0.421095
vt 0.35580224 0.42109525
vt 0.35580242 0.42109567
vt 0.3558023 0.42109555
vt 0.35735258 0.41644487
vt 0.35735258 0.41644505
vt 0.35735258 0.41644487
vt 0.3573527 0.4164451
vt 0.3259263 0.4210955
vt 0.32592633 0.42109525
vt 0.3259263 0.42109546
vt 0.32592636 0.4210954
vt 0.3259263 0.4210955
vt 0.32592636 0.4210955
vt 0.32592636 0.42109546
vt 0.32592636 0.4210954
vt 0.32592633 0.42109543
vt 0.32592633 0.42109525
vt 0.32592636 0.4210954
vt 0.3259263 0.4210954
vt 0.32592624 0.42109546
vt 0.32592633 0.42109543
vt 0.32592648 0.4210958
vt 0.32592645 0.42109567
vt 0.32592642 0.4210954
vt 0.32592642 0.4210956
vt 0.32592633 0.42109543
vt 0.32592636 0.42109546
vt 0.32592642 0.4210954
vt 0.16551888 0.4272962
vt 0.1655188 0.42729637
vt 0.16551879 0.42729628
vt 0.16551888 0.42729643
vt 0.16551879 0.42729616
vt 0.16551885 0.42729652
vt 0.15075412 0.42729628
vt 0.15075414 0.42729625
vt 0.15075415 0.42729634
vt 0.15075418 0.42729628
vt 0.15075418 0.42729628
vt 0.15075414 0.42729622
vt 0.15075406 0.42729616
vt 0.1507542 0.42729628
vt 0.15075408 0.42729613
vt 0.15075414 0.42729613
vt 0.15075421 0.42729622
vt 0.15075408 0.42729604
vt 0.15075414 0.42729607
vt 0.15075406 0.42729592
vt 0.1507542 0.42729616
vt 0.15075414 0.4272961
vt 0.16551892 0.42729628
vt 0.16551888 0.42729625
vt 0.16551891 0.42729628
vt 0.1655189 0.42729622
vt 0.16551909 0.4272967
vt 0.16551898 0.42729652
vt 0.16551897 0.42729652
vt 0.1655189 0.42729634
vt 0.16551886 0.4272962
vt 0.16551886 0.4272962
vt 0.18063016 0.42729637
vt 0.18063024 0.42729634
vt 0.18063022 0.4272965
vt 0.18063022 0.42729655
vt 0.18063022 0.42729655
vt 0.32747647 0.41644487
vt 0.32747656 0.41565424
vt 0.32747644 0.41644493
vt 0.32747653 0.4157298
vt 0.32747656 0.4164448
vt 0.32747662 0.41569147
vt 0.32747656 0.41489464
vt 0.3274765 0.41489464
vt 0.3259263 0.42109537
vt 0.32592642 0.4210956
vt 0.32592618 0.42109516
vt 0.32592645 0.42109567
vt 0.3259263 0.42109537
vt 0.32592648 0.4210958
vt 0.32592636 0.4210956
vt 0.32592648 0.4210961
vt 0.32592636 0.42109573
vt 0.32592618 0.42109516
vt 0.32592624 0.42109543
vt 0.16551892 0.42729637
vt 0.16551898 0.42729652
vt 0.16551909 0.4272967
vt 0.16551897 0.42729652
vt 0.16551909 0.4272967
vt 0.16551892 0.42729643
vt 0.16551892 0.42729637
vt 0.16551878 0.4272961
vt 0.16551876 0.42729616
vt 0.16551888 0.4272962
vt 0.16551888 0.42729643
vt 0.34069097 0.4210955
vt 0.34069103 0.42109552
vt 0.340691 0.4210955
vt 0.34069112 0.4210958
vt 0.3406909 0.4210954
vt 0.34069115 0.421096
vt 0.32437605 0.41799513
vt 0.3321271 0.4148947
vt 0.3321271 0.4148947
vt 0.3243761 0.41799515
vt 0.33212715 0.41489476
vt 0.32437617 0.41799515
vt 0.34069094 0.4210954
vt 0.340691 0.4210955
vt 0.3406909 0.42109534
vt 0.34069112 0.4210958
vt 0.3406909 0.42109543
vt 0.34069115 0.421096
vt 0.32592648 0.421096
vt 0.32592657 0.4210961
vt 0.3259264 0.42109567
vt 0.32592633 0.4210956
vt 0.32592642 0.42109588
vt 0.3259263 0.42109552
vt 0.32592642 0.4210955
vt 0.32592636 0.42109543
vt 0.33367723 0.3993927
vt 0.3336773 0.39939278
vt 0.33367735 0.39939293
vt 0.33367717 0.39939243
vt 0.33367735 0.3993928
vt 0.33367735 0.39939278
vt 0.33367717 0.39939243
vt 0.33367735 0.39939278
vt 0.33367726 0.39939275
vt 0.33367735 0.39939278
vt 0.33367726 0.39939272
vt 0.3274765 0.41644502
vt 0.3274765 0.4164449
vt 0.32747656 0.41644493
vt 0.32747656 0.41644505
vt 0.32747656 0.41644517
vt 0.32747656 0.41644517
vt 0.3558023 0.42109552
vt 0.35580248 0.42109573
vt 0.3558023 0.42109543
vt 0.3558025 0.42109576
vt 0.3558023 0.42109555
vt 0.35580242 0.42109567
vt 0.3259264 0.4210957
vt 0.32592624 0.42109552
vt 0.32592633 0.42109573
vt 0.32592624 0.42109543
vt 0.32592636 0.4210955
vt 0.32592636 0.4210954
vt 0.32592633 0.42109573
vt 0.32592624 0.42109552
vt 0.32592636 0.42109576
vt 0.3558024 0.42109552
vt 0.35580215 0.42109528
vt 0.3558024 0.42109546
vt 0.35580242 0.42109525
vt 0.3558025 0.4210956
vt 0.3558023 0.42109555
vt 0.35580236 0.42109555
vt 0.35580233 0.42109552
vt 0.35580236 0.4210956
vt 0.3558025 0.42109552
vt 0.35580224 0.4210955
vt 0.35580248 0.42109567
vt 0.3558024 0.42109546
vt 0.35580224 0.42109525
vt 0.35580212 0.421095
vt 0.16551895 0.42729634
vt 0.16551892 0.42729628
vt 0.1655189 0.42729622
vt 0.16551886 0.4272962
vt 0.35735255 0.41644484
vt 0.35735235 0.4164447
vt 0.35735255 0.4156918
vt 0.35735273 0.41565034
vt 0.3573525 0.4148948
vt 0.35735264 0.41489482
vt 0.18063016 0.42729628
vt 0.18063009 0.42729628
vt 0.18063013 0.4272966
vt 0.18063022 0.42729625
vt 0.1806303 0.42729628
vt 0.1806302 0.42729625
vt 0.32437617 0.4179952
vt 0.33212712 0.41489485
vt 0.32437617 0.41799536
vt 0.33212706 0.41489464
vt 0.32437617 0.41799513
vt 0.33212698 0.4148944
vt 0.32437617 0.41799513
vt 0.33212695 0.41489434
vt 0.15075418 0.4272964
vt 0.15075417 0.4272964
vt 0.15075418 0.42729655
vt 0.15075412 0.42729628
vt 0.15075418 0.4272964
vt 0.1507542 0.42729634
vt 0.15075418 0.42729652
vt 0.15075418 0.42729652
vt 0.1507542 0.42729655
vt 0.1507542 0.42729646
vt 0.15075414 0.42729628
vt 0.16551888 0.42729643
vt 0.16551885 0.42729652
vt 0.16551886 0.42729652
vt 0.16551886 0.4272963
vt 0.95995647 0.9822665
vt 0.9599564 0.98226655
vt 0.95995665 0.9822667
vt 0.9599567 0.9822668
vt 0.9599566 0.9822667
vt 0.9599566 0.9822666
vt 0.9599565 0.9822667
vt 0.9599564 0.98226655
vt 0.95995665 0.98226655
vt 0.9599564 0.98226655
vt 0.9599564 0.98226655
vt 0.95995647 0.9822665
vt 0.9898325 0.9822668
vt 0.9599564 0.98226655
vt 0.9898326 0.9822668
vt 0.98983264 0.98226684
vt 0.9898326 0.9822666
vt 0.1507541 0.4272964
vt 0.15075418 0.42729655
vt 0.1507542 0.42729634
vt 0.15075418 0.4272964
vt 0.15075418 0.4272963
vt 0.1507542 0.42729655
vt 0.15075417 0.42729625
vt 0.347667 0.40326825
vt 0.34766698 0.40326816
vt 0.34766692 0.4032682
vt 0.34766698 0.4032683
vt 0.34766686 0.40326822
vt 0.34766692 0.40326837
vt 0.34766674 0.40326783
vt 0.34766683 0.40326798
vt 0.3476668 0.4032682
vt 0.3476669 0.40326822
vt 0.34981674 0.4030533
vt 0.34676123 0.40297955
vt 0.3499102 0.4030556
vt 0.34676123 0.40297955
vt 0.34676123 0.40297955
vt 0.34981674 0.4030533
vt 0.3499102 0.4030556
vt 0.3259263 0.4210956
vt 0.3259262 0.42109528
vt 0.3259263 0.42109552
vt 0.32592633 0.4210956
vt 0.32592642 0.4210959
vt 0.3259264 0.42109567
vt 0.32592636 0.4210957
vt 0.32592636 0.42109588
vt 0.32592642 0.42109594
vt 0.32592636 0.42109588
vt 0.3259263 0.42109552
vt 0.3259263 0.42109552
vt 0.3259263 0.4210956
vt 0.32592633 0.42109573
vt 0.3259263 0.42109555
vt 0.34069115 0.4210959
vt 0.3406909 0.42109543
vt 0.34069094 0.4210954
vt 0.3406911 0.42109564
vt 0.3406912 0.42109597
vt 0.3406909 0.42109534
vt 0.34069118 0.42109573
vt 0.34069103 0.42109543
vt 0.34069118 0.4210955
vt 0.34069103 0.42109537
vt 0.34069103 0.4210955
vt 0.3406911 0.42109552
vt 0.34069106 0.42109555
vt 0.34069106 0.4210956
vt 0.34069103 0.42109567
vt 0.34069103 0.4210955
vt 0.34069103 0.42109537
vt 0.1802457 0.4172199
vt 0.18024579 0.41722006
vt 0.18024553 0.4172197
vt 0.18024582 0.41722015
vt 0.3329021 0.40326825
vt 0.33290222 0.40326822
vt 0.33290225 0.40326825
vt 0.33290225 0.40326822
vt 0.33290213 0.40326825
vt 0.33290222 0.40326828
vt 0.33290225 0.40326825
vt 0.16548102 0.41722015
vt 0.16548106 0.41722018
vt 0.16548103 0.41722003
vt 0.165481 0.41722
vt 0.16548094 0.41722003
vt 0.16548094 0.41722003
vt 0.16548094 0.41722
vt 0.16548097 0.41722
vt 0.340691 0.42109525
vt 0.34069103 0.42109537
vt 0.34069106 0.42109555
vt 0.34069103 0.42109558
vt 0.3259263 0.4210955
vt 0.3259264 0.42109555
vt 0.3259263 0.42109555
vt 0.32592636 0.42109546
vt 0.32592636 0.42109546
vt 0.32592624 0.42109543
vt 0.32592642 0.4210955
vt 0.32592636 0.42109573
vt 0.32592648 0.4210961
vt 0.165481 0.41722
vt 0.16548099 0.41721988
vt 0.16548097 0.41721985
vt 0.165481 0.41721994
vt 0.165481 0.41721997
vt 0.165481 0.41721994
vt 0.16548097 0.41721988
vt 0.15075415 0.42729634
vt 0.15075414 0.42729625
vt 0.15075406 0.42729616
vt 0.15075421 0.42729637
vt 0.33290228 0.40326822
vt 0.3329022 0.4032682
vt 0.3329022 0.40326816
vt 0.3329023 0.40326822
vt 0.34831423 0.40285012
vt 0.35004708 0.40270567
vt 0.3500471 0.40270576
vt 0.34831423 0.40285015
vt 0.34676123 0.40297955
vt 0.34676126 0.40297958
vt 0.34224132 0.4148948
vt 0.34224117 0.4148945
vt 0.34224117 0.41489455
vt 0.3422413 0.4148947
vt 0.34224114 0.41489458
vt 0.34224126 0.41489467
vt 0.34689176 0.4148947
vt 0.34689176 0.41489482
vt 0.3391407 0.41799513
vt 0.33914077 0.41799513
vt 0.34689176 0.41489458
vt 0.33914083 0.41799513
vt 0.18024579 0.41722006
vt 0.18024565 0.41721994
vt 0.18024558 0.41721988
vt 0.18024553 0.4172197
vt 0.3542522 0.41799507
vt 0.36200327 0.4148947
vt 0.3620031 0.41489503
vt 0.3542522 0.41799524
vt 0.1802457 0.4172199
vt 0.1802458 0.41722012
vt 0.18024561 0.4172197
vt 0.18024558 0.41721964
vt 0.97472113 0.98226655
vt 0.97472125 0.9822667
vt 0.97472125 0.98226655
vt 0.9747212 0.9822664
vt 0.97472125 0.98226637
vt 0.9898326 0.9822665
vt 0.98983264 0.98226655
vt 0.98983264 0.98226655
vt 0.9898325 0.98226666
vt 0.9898326 0.9822668
vt 0.98983264 0.98226655
vt 0.9898326 0.98226655
vt 0.9898325 0.98226655
vt 0.9599564 0.98226655
vt 0.9599566 0.9822666
vt 0.32747653 0.41489476
vt 0.3274764 0.4148945
vt 0.3274765 0.4148946
vt 0.32747647 0.41489464
vt 0.32747653 0.4157298
vt 0.32747656 0.41489464
vt 0.32747656 0.41489458
vt 0.32747656 0.41565424
vt 0.32747656 0.41489458
vt 0.32747656 0.41566002
vt 0.32747644 0.41644493
vt 0.32747644 0.41644496
vt 0.32747647 0.41489464
vt 0.3274765 0.4148946
vt 0.32747647 0.4148946
vt 0.3274764 0.41489452
vt 0.3336773 0.39939272
vt 0.33367732 0.39939272
vt 0.3336773 0.39939266
vt 0.33367735 0.39939266
vt 0.33367732 0.39939278
vt 0.33367735 0.39939278
vt 0.33367735 0.399393
vt 0.33367732 0.399393
vt 0.33367735 0.39939278
vt 0.33367735 0.39939266
vt 0.33367735 0.399393
vt 0.33367735 0.399393
vt 0.3336773 0.39939287
vt 0.33367732 0.399393
vt 0.33367726 0.39939272
vt 0.33367726 0.39939275
vt 0.3259263 0.42109555
vt 0.3259262 0.42109528
vt 0.3259263 0.4210956
vt 0.32592636 0.4210957
vt 0.9747213 0.98226655
vt 0.9747212 0.98226637
vt 0.9747211 0.9822664
vt 0.9747213 0.98226666
vt 0.9747213 0.98226655
vt 0.9747213 0.9822665
vt 0.9747213 0.9822665
vt 0.98983264 0.98226684
vt 0.9898325 0.98226655
vt 0.9747213 0.9822665
vt 0.97472125 0.9822664
vt 0.9747213 0.9822665
vt 0.9747212 0.9822664
vt 0.97472125 0.98226637
vt 0.9898325 0.9822665
vt 0.9898326 0.9822667
vt 0.98983264 0.98226666
vt 0.9898325 0.98226655
vt 0.9898325 0.9822668
vt 0.16551882 0.4272962
vt 0.16551892 0.42729637
vt 0.16551878 0.4272961
vt 0.16551886 0.4272963
vt 0.16551888 0.42729643
vt 0.15075412 0.42729646
vt 0.1507541 0.4272964
vt 0.15075418 0.4272964
vt 0.15075418 0.42729652
vt 0.1507542 0.42729655
vt 0.9898325 0.98226655
vt 0.9898325 0.98226637
vt 0.98983264 0.98226655
vt 0.9898325 0.9822665
vt 0.3259264 0.42109567
vt 0.32592657 0.4210961
vt 0.32592657 0.42109612
vt 0.32592636 0.42109567
vt 0.32747656 0.41644493
vt 0.3274765 0.4164449
vt 0.3274765 0.41644496
vt 0.32747656 0.4164449
vt 0.32592657 0.4210961
vt 0.32592636 0.42109552
vt 0.32592636 0.42109555
vt 0.32592657 0.42109612
vt 0.34676123 0.40297955
vt 0.3467612 0.40297952
vt 0.34831426 0.40285018
vt 0.34831423 0.40285015
vt 0.32592642 0.4210959
vt 0.3259264 0.42109567
vt 0.32592636 0.42109567
vt 0.32592642 0.42109594
vt 0.3336773 0.39939278
vt 0.33367735 0.3993928
vt 0.33367735 0.39939278
vt 0.33367726 0.39939275
vt 0.3336773 0.39939287
vt 0.34248665 0.40360162
vt 0.3424866 0.40360156
vt 0.34248662 0.40360162
vt 0.34248662 0.4036016
vt 0.17041484 0.4036016
vt 0.17041487 0.4036016
vt 0.17041487 0.4036016
vt 0.17041487 0.40360156
vt 0.17041487 0.4036016
vt 0.17041484 0.4036016
vt 0.17041487 0.40360156
vt 0.17041487 0.4036016
vt 0.17041487 0.4036016
vt 0.17041487 0.4036016
vt 0.17041487 0.4036016
vt 0.17041488 0.40360162
vt 0.17041487 0.4036016
vt 0.17041487 0.40360156
vt 0.17041487 0.4036016
vt 0.17041487 0.40360156
vt 0.17041488 0.40360162
vt 0.3424866 0.4036016
vt 0.34248662 0.4036016
vt 0.34248662 0.4036016
vt 0.34248665 0.40360162
vt 0.17041485 0.40360156
vt 0.17041485 0.4036016
vt 0.17041487 0.40360162
vt 0.17041488 0.40360165
vt 0.34248662 0.4036016
vt 0.3424866 0.40360153
vt 0.34248662 0.4036016
vt 0.3424866 0.4036016
vt 0.34248665 0.40360162
vt 0.3424866 0.40360156
vt 0.34248662 0.40360156
vt 0.34248662 0.4036016
vt 0.34248662 0.4036016
vt 0.34248665 0.4036016
vt 0.3424866 0.4036016
vt 0.34248662 0.4036016
vt 0.34248662 0.4036016
vt 0.34248665 0.40360162
vt 0.34248662 0.40360156
vt 0.34248662 0.4036016
vt 0.34248662 0.4036016
vt 0.34248665 0.40360162
vt 0.34248662 0.40360153
vt 0.34248662 0.4036016
vt 0.3424866 0.40360156
vt 0.34248662 0.4036016
vt 0.17041488 0.40360165
vt 0.17041487 0.40360162
vt 0.17041485 0.4036016
vt 0.17041488 0.4036016
vt 0.17196506 0.42065376
vt 0.17196506 0.4206538
vt 0.17196503 0.42065376
vt 0.17196505 0.42065376
vt 0.17041485 0.4036016
vt 0.17041485 0.40360156
vt 0.17196502 0.4206537
vt 0.17196505 0.42065376
vt 0.17196506 0.4206538
vt 0.17196506 0.42065376
vt 0.17196503 0.42065373
vt 0.17196505 0.42065376
vt 0.17196506 0.42065376
vt 0.17101754 0.41023105
vt 0.17108494 0.41097233
vt 0.17041487 0.4036016
vt 0.17041487 0.40360162
vt 0.17041487 0.4036016
vt 0.17041487 0.4036016
vt 0.17041488 0.40360162
vt 0.17041487 0.40360162
vt 0.17102857 0.4103523
vt 0.17110804 0.41122645
vt 0.17196505 0.42065376
vt 0.17196503 0.42065373
vt 0.17196505 0.42065376
vt 0.17196505 0.42065376
vt 0.17196503 0.42065376
vt 0.17196505 0.42065376
vt 0.17196505 0.42065376
vt 0.17196503 0.42065376
vt 0.17041488 0.4036016
vt 0.17041485 0.4036016
vt 0.3274764 0.4148945
vt 0.3274764 0.4148945
vt 0.32747653 0.41489476
vt 0.3274765 0.41489473
vt 0.34766683 0.403268
vt 0.3476668 0.403268
vt 0.34766683 0.40326813
vt 0.34766683 0.4032681
vt 0.32592645 0.42109567
vt 0.32592642 0.4210954
vt 0.32592642 0.42109543
vt 0.32592642 0.4210956
vt 0.32592618 0.4210952
vt 0.32592618 0.42109516
vt 0.32592636 0.4210955
vt 0.32592624 0.42109543
vt 0.3259264 0.42109555
vt 0.15075408 0.4272962
vt 0.15075408 0.42729613
vt 0.15075408 0.42729613
vt 0.15075406 0.42729616
vt 0.1507542 0.42729634
vt 0.15075421 0.42729637
vt 0.15075408 0.42729613
vt 0.15075408 0.42729604
vt 0.15075406 0.42729604
vt 0.1507541 0.42729598
vt 0.15075406 0.42729592
vt 0.15075406 0.427296
vt 0.1507541 0.42729607
vt 0.1507541 0.42729607
vt 0.1507541 0.42729607
vt 0.15075406 0.42729604
vt 0.15075408 0.42729604
vt 0.15075406 0.42729592
vt 0.1507541 0.42729598
vt 0.3499102 0.4030556
vt 0.3499102 0.4030556
vt 0.34676123 0.40297955
vt 0.34676123 0.40297955
vt 0.32592636 0.42109552
vt 0.3259263 0.4210955
vt 0.3259263 0.42109552
vt 0.32592636 0.4210955
vt 0.32592636 0.4210955
vt 0.32592636 0.42109546
vt 0.32592642 0.42109543
vt 0.32592642 0.4210954
vt 0.3259263 0.42109558
vt 0.3259263 0.42109555
vt 0.3259264 0.42109555
vt 0.32592636 0.4210955
vt 0.32592636 0.42109552
vt 0.32592636 0.42109555
vt 0.32592642 0.42109564
vt 0.32592642 0.42109564
vt 0.32592636 0.42109552
vt 0.32592636 0.42109552
vt 0.32592636 0.42109576
vt 0.3259263 0.42109573
vt 0.18024582 0.41722012
vt 0.18024582 0.41722015
vt 0.18024553 0.4172197
vt 0.18024552 0.41721967
vt 0.34766686 0.40326804
vt 0.34766683 0.40326798
vt 0.34766686 0.40326822
vt 0.3476668 0.4032682
vt 0.34766674 0.40326783
vt 0.3476669 0.40326834
vt 0.34766698 0.40326828
vt 0.3476669 0.40326822
vt 0.347667 0.40326825
vt 0.34766698 0.40326816
vt 0.34766698 0.40326816
vt 0.34766692 0.4032682
vt 0.3329023 0.40326822
vt 0.3329023 0.40326822
vt 0.3329022 0.40326816
vt 0.33290222 0.4032682
vt 0.3329023 0.40326825
vt 0.3329022 0.4032682
vt 0.33290222 0.40326822
vt 0.34831423 0.40285015
vt 0.34676123 0.40297955
vt 0.34676123 0.40297955
vt 0.34831423 0.40285012
vt 0.3500471 0.40270573
vt 0.35004708 0.40270567
vt 0.34831426 0.40285018
vt 0.34831423 0.40285015
vt 0.3500471 0.40270576
vt 0.3500471 0.40270573
vt 0.32437617 0.41799515
vt 0.32437617 0.41799515
vt 0.33212715 0.41489476
vt 0.33212715 0.41489476
vt 0.32592657 0.4210961
vt 0.32592657 0.42109612
vt 0.32592636 0.42109555
vt 0.32592636 0.42109552
vt 0.3259263 0.42109552
vt 0.3259263 0.42109552
vt 0.32592636 0.42109588
vt 0.32592636 0.4210959
vt 0.32747644 0.41644493
vt 0.32747644 0.41644496
vt 0.32747656 0.41566002
vt 0.32747656 0.41565537
vt 0.32747656 0.41489458
vt 0.32747656 0.41489464
vt 0.32747656 0.41644493
vt 0.32747656 0.4164449
vt 0.3274765 0.41644496
vt 0.3274765 0.41644493
vt 0.3259263 0.42109573
vt 0.32592636 0.42109576
vt 0.32592624 0.42109552
vt 0.32592624 0.42109555
vt 0.33367735 0.39939275
vt 0.33367717 0.39939243
vt 0.33367717 0.39939246
vt 0.33367735 0.39939278
vt 0.3336773 0.39939278
vt 0.33367726 0.39939272
vt 0.33367735 0.39939296
vt 0.33367735 0.399393
vt 0.33367735 0.39939278
vt 0.33367735 0.39939278
vt 0.33367735 0.39939266
vt 0.33367735 0.39939266
vt 0.32592636 0.4210959
vt 0.32592636 0.42109588
vt 0.32592642 0.42109594
vt 0.32592633 0.4210958
vt 0.32592636 0.42109567
vt 0.32592636 0.4210956
vt 0.32592657 0.42109612
vt 0.32592657 0.4210961
vt 0.3467612 0.40297952
vt 0.34676126 0.40297958
vt 0.34831423 0.40285015
vt 0.34831426 0.40285018
vt 0.33212698 0.4148944
vt 0.33212695 0.41489434
vt 0.32437617 0.41799513
vt 0.32437617 0.4179951
vt 0.3424866 0.40360153
vt 0.3424866 0.4036016
vt 0.34248665 0.40360162
vt 0.34248662 0.4036016
vt 0.3424866 0.4036016
vt 0.34248662 0.40360162
vt 0.34248665 0.4036016
vt 0.3424866 0.40360156
vt 0.3424866 0.4036016
vt 0.34248662 0.4036016
vt 0.34248665 0.4036016
vt 0.34248662 0.40360162
vt 0.34248662 0.4036016
vt 0.3424866 0.4036016
vt 0.34248662 0.40360153
vt 0.34248662 0.4036016
vt 0.34248665 0.40360162
vt 0.34248662 0.40360162
vt 0.34248665 0.40360165
vt 0.34248662 0.4036016
vt 0.34248662 0.40360156
vt 0.35580236 0.42109555
vt 0.35580236 0.42109558
vt 0.35580233 0.42109555
vt 0.35580242 0.4210956
vt 0.35735258 0.41644487
vt 0.3573527 0.4164451
vt 0.35735264 0.416445
vt 0.35735255 0.41644496
vt 0.16122042 0.4216534
vt 0.16122042 0.4216534
vt 0.16122042 0.4216534
vt 0.16122042 0.4216534
vt 0.16122042 0.4216534
vt 0.16122042 0.4216534
vt 0.16122042 0.4216534
vt 0.35344476 0.418553
vt 0.35344476 0.418553
vt 0.35344476 0.418553
vt 0.35344476 0.418553
vt 0.35344476 0.418553
vt 0.35344476 0.418553
vt 0.35344476 0.418553
vt 0.35344476 0.418553
vt 0.35344476 0.418553
vt 0.35344476 0.418553
vt 0.35344476 0.418553
vt 0.35344476 0.418553
vt 0.35344476 0.418553
vt 0.5330517 0.03394425
vt 0.5330517 0.03394425
vt 0.5330517 0.03394425
vt 0.5330517 0.03394425
vt 0.5330517 0.03394425
vt 0.5330517 0.03394425
vt 0.5330517 0.03394425
vt 0.5330517 0.03394425
vt 0.5330517 0.03394425
vt 0.5330517 0.03394425
vt 0.5330517 0.03394425
vt 0.5330517 0.03394425
vt 0.5330517 0.03394425
vt 0.5330517 0.03394425
vt 0.5330517 0.03394425
vt 0.5330517 0.03394425
vt 0.5330517 0.03394425
vt 0.5330517 0.03394425
vt 0.5330517 0.03394425
vt 0.5330517 0.03394425
vt 0.5330517 0.03394425
vt 0.5330517 0.03394425
vt 0.5330517 0.03394425
vt 0.5330517 0.03394425
vt 0.5330517 0.03394425
vt 0.5330517 0.03394425
vt 0.5330517 0.03394425
vt 0.5330517 0.03394425
vt 0.5330517 0.03394425
vt 0.5330517 0.03394425
vt 0.5330517 0.03394425
vt 0.5330517 0.03394425
vt 0.5330517 0.03394425
vt 0.5330517 0.03394425
vt 0.5330517 0.03394425
vt 0.5330517 0.03394425
vt 0.5330517 0.03394425
vt 0.5330517 0.03394425
vt 0.5330517 0.03394425
vt 0.5330517 0.03394425
vt 0.5330517 0.03394425
vt 0.21797878 0.4692757
vt 0.21797878 0.4692757
vt 0.21797878 0.4692757
vt 0.21797878 0.4692757
vt 0.21797878 0.4692757
vt 0.21797878 0.4692757
vt 0.21797878 0.4692757
vt 0.21797878 0.4692757
vt 0.21797878 0.4692757
vt 0.21797878 0.4692757
vt 0.5304788 0.031775713
vt 0.5304788 0.031775713
vt 0.5304788 0.031775713
vt 0.5304788 0.031775713
vt 0.5304788 0.031775713
vt 0.5304788 0.031775713
vt 0.5304788 0.031775713
vt 0.5304788 0.031775713
vt 0.5304788 0.031775713
vt 0.5304788 0.031775713
vt 0.5304788 0.031775713
vt 0.5304788 0.031775713
vt 0.5304788 0.031775713
vt 0.5304788 0.031775713
vt 0.21797878 0.6567757
vt 0.21797878 0.6567757
vt 0.21797878 0.6567757
vt 0.21797878 0.6567757
vt 0.21797878 0.6567757
vt 0.21797878 0.6567757
vt 0.21797878 0.6567757
vt 0.21797878 0.6567757
vt 0.21797878 0.6567757
vt 0.21797878 0.6567757
vt 0.21797878 0.6567757
vt 0.21797878 0.6567757
vt 0.5330517 0.03394425
vt 0.5330517 0.03394425
vt 0.5330517 0.03394425
vt 0.5330517 0.03394425
vt 0.5330517 0.03394425
vt 0.5330517 0.03394425
vt 0.5330517 0.03394425
vt 0.5330517 0.03394425
vt 0.5330517 0.03394425
vt 0.5330517 0.03394425
vt 0.5330517 0.03394425
vt 0.5330517 0.03394425
vt 0.5330517 0.03394425
vt 0.5330517 0.03394425
vt 0.5330517 0.03394425
vt 0.5330517 0.03394425
vt 0.5330517 0.03394425
vt 0.5330517 0.03394425
vt 0.5330517 0.03394425
vt 0.5330517 0.03394425
vt 0.5330517 0.03394425
vt 0.5330517 0.03394425
vt 0.5330517 0.03394425
vt 0.5330517 0.03394425
vt 0.5330517 0.03394425
vt 0.5330517 0.03394425
vt 0.5330517 0.03394425
vt 0.5330517 0.03394425
vt 0.5330517 0.03394425
vt 0.5330517 0.03394425
vt 0.5330517 0.03394425
vt 0.5330517 0.03394425
vt 0.5330517 0.03394425
vt 0.5330517 0.03394425
vt 0.5330517 0.03394425
vt 0.5330517 0.03394425
vt 0.5330517 0.03394425
vt 0.5330517 0.03394425
vt 0.5330517 0.03394425
vt 0.5330517 0.03394425
vt 0.5330517 0.03394425
vt 0.5330517 0.03394425
vt 0.5330517 0.03394425
vt 0.5330517 0.03394425
vt 0.5330517 0.03394425
vt 0.5330517 0.03394425
vt 0.5330517 0.03394425
vt 0.5330517 0.03394425
vt 0.5330517 0.03394425
vt 0.5330517 0.03394425
vt 0.5330517 0.03394425
vt 0.5330517 0.03394425
vt 0.5330517 0.03394425
vt 0.5330517 0.03394425
vt 0.5330517 0.03394425
vt 0.5330517 0.03394425
vt 0.5330517 0.03394425
vt 0.5330517 0.03394425
vt 0.5330517 0.03394425
vt 0.5330517 0.03394425
vt 0.5330517 0.03394425
vt 0.5330517 0.03394425
vt 0.5330517 0.03394425
vt 0.5330517 0.03394425
vt 0.5330517 0.03394425
vt 0.5330517 0.03394425
vt 0.5330517 0.03394425
vt 0.5330517 0.03394425
vt 0.5330517 0.03394425
vt 0.5330517 0.03394425
vt 0.5330517 0.03394425
vt 0.5330517 0.03394425
vt 0.5330517 0.03394425
vt 0.5330517 0.03394425
vt 0.5330517 0.03394425
vt 0.5330517 0.03394425
vt 0.5330517 0.03394425
vt 0.5330517 0.03394425
vt 0.5330517 0.03394425
vt 0.5330517 0.03394425
vt 0.5330517 0.03394425
vt 0.5330517 0.03394425
vt 0.5330517 0.03394425
vt 0.5330517 0.03394425
vt 0.5330517 0.03394425
vt 0.5330517 0.03394425
vt 0.51875997 0.031775773
vt 0.51875997 0.031775773
vt 0.51875997 0.031775773
vt 0.51875997 0.031775773
vt 0.51875997 0.031775773
vt 0.51875997 0.031775773
vt 0.51875997 0.031775773
vt 0.51875997 0.031775773
vt 0.51875997 0.031775773
vt 0.51875997 0.031775773
vt 0.5304788 0.031775713
vt 0.5304788 0.031775713
vt 0.5304788 0.031775713
vt 0.5304788 0.031775713
vt 0.5304788 0.031775713
vt 0.5304788 0.031775713
vt 0.5304788 0.031775713
vt 0.5304788 0.031775713
vt 0.5304788 0.031775713
vt 0.5304788 0.031775713
vt 0.5304788 0.031775713
vt 0.5304788 0.031775713
vt 0.5304788 0.031775713
vt 0.5304788 0.031775713
vt 0.53438497 0.83841634
vt 0.53438497 0.83841634
vt 0.53438497 0.83841634
vt 0.53438497 0.83841634
vt 0.53438497 0.83841634
vt 0.53438497 0.83841634
vt 0.53438497 0.83841634
vt 0.53438497 0.83841634
vt 0.53438497 0.83841634
vt 0.53438497 0.83841634
vt 0.53438497 0.83841634
vt 0.53438497 0.83841634
vt 0.53438497 0.83841634
vt 0.53438497 0.83841634
vt 0.5175781 0.8417968
vt 0.5175781 0.8417968
vt 0.5175781 0.8417968
vt 0.5175782 0.8417969
vt 0.5175781 0.8417968
vt 0.5175781 0.8417968
vt 0.5175781 0.8417968
vt 0.5175781 0.84179676
vt 0.5175781 0.8417968
vt 0.5175781 0.8417969
vt 0.5175781 0.8417968
vt 0.5175781 0.8417968
vt 0.5175781 0.8417968
vt 0.5175781 0.8417969
vt 0.5175781 0.8417968
vt 0.5175781 0.8417968
vt 0.5175781 0.8417968
vt 0.5175781 0.8417968
vt 0.5175781 0.8417968
vt 0.517578 0.84179676
vt 0.5175781 0.84179676
vt 0.5175781 0.8417968
vt 0.5175781 0.84179676
vt 0.5175782 0.8417969
vt 0.5957031 0.029296935
vt 0.5957031 0.029296935
vt 0.5957031 0.029296935
vt 0.5957031 0.029296935
vt 0.5957031 0.029296935
vt 0.5957031 0.029296935
vt 0.5957031 0.029296935
vt 0.5957031 0.029296935
vt 0.5957031 0.029296935
vt 0.5957031 0.029296935
vt 0.5957031 0.029296935
vt 0.5957031 0.029296935
vt 0.5957031 0.029296935
vt 0.5957031 0.029296935
vt 0.5957031 0.029296935
vt 0.5957031 0.029296935
vt 0.5957031 0.029296935
vt 0.5957031 0.029296935
vt 0.5957031 0.029296935
vt 0.5957031 0.02929693
vt 0.5957031 0.029296935
vt 0.5957031 0.029296935
vt 0.5957031 0.029296935
vt 0.5957031 0.029296935
vt 0.5957031 0.029296935
vt 0.5957031 0.029296935
vt 0.5957031 0.029296935
vt 0.5957031 0.029296935
vt 0.5957031 0.029296935
vt 0.5957031 0.029296935
vt 0.5957031 0.029296935
vt 0.5957031 0.029296935
vt 0.5957031 0.029296935
vt 0.5957031 0.029296935
vt 0.5957031 0.029296935
vt 0.5957031 0.029296935
vt 0.5957031 0.029296935
vt 0.5957031 0.029296935
vt 0.5957031 0.029296935
vt 0.59570307 0.029296933
vt 0.5957031 0.029296935
vt 0.5957031 0.029296935
vt 0.5957031 0.029296935
vt 0.5957031 0.029296935
vt 0.5957031 0.029296935
vt 0.5957031 0.029296935
vt 0.5957031 0.029296935
vt 0.5957031 0.029296935
vt 0.5957031 0.029296935
vt 0.5957031 0.029296933
vt 0.5957031 0.029296935
vt 0.5175781 0.84179676
vt 0.51757824 0.841797
vt 0.51757807 0.8417967
vt 0.5175781 0.8417968
vt 0.5175782 0.8417969
vt 0.5175781 0.84179676
vt 0.5175781 0.8417968
vt 0.5175781 0.8417968
vt 0.5175781 0.8417968
vt 0.5175781 0.8417968
vt 0.5175781 0.8417968
vt 0.5175781 0.8417968
vt 0.5175781 0.84179676
vt 0.5175781 0.8417968
vt 0.5175781 0.8417968
vt 0.5175781 0.8417968
vt 0.5175781 0.8417968
vt 0.5175781 0.8417968
vt 0.5175781 0.8417969
vt 0.5175781 0.8417968
vt 0.5957031 0.029296935
vt 0.5957031 0.029296935
vt 0.5957031 0.029296935
vt 0.5957031 0.029296935
vt 0.5957031 0.029296935
vt 0.5957031 0.029296935
vt 0.5957031 0.029296935
vt 0.5957031 0.029296935
vt 0.5957031 0.029296935
vt 0.5957031 0.029296938
vt 0.5957031 0.029296935
vt 0.5957031 0.029296935
vt 0.5957031 0.029296935
vt 0.5957031 0.029296935
vt 0.5957031 0.029296935
vt 0.5957031 0.029296935
vt 0.5957031 0.029296935
vt 0.5957031 0.029296935
vt 0.5957031 0.029296935
vt 0.59570307 0.02929693
vt 0.5957031 0.029296935
vt 0.5957031 0.029296935
vt 0.5957031 0.029296935
vt 0.5957031 0.029296935
vt 0.5957031 0.029296935
vt 0.5957031 0.029296935
vt 0.5957031 0.029296935
vt 0.5957031 0.029296935
vt 0.5957031 0.029296935
vt 0.5957031 0.029296935
vt 0.5957031 0.029296935
vt 0.5957031 0.029296935
vt 0.5957031 0.029296936
vt 0.5957031 0.029296935
vt 0.5957031 0.029296935
vt 0.5957031 0.029296935
vt 0.59570307 0.029296935
vt 0.5957031 0.029296935
vt 0.5957031 0.029296935
vt 0.5957031 0.029296936
vt 0.5957031 0.029296935
vt 0.5957031 0.029296935
vt 0.5957031 0.029296935
vt 0.5957031 0.029296935
vt 0.5957031 0.029296935
vt 0.5957031 0.029296935
vt 0.5957031 0.029296935
vt 0.59570307 0.029296933
vt 0.5957031 0.029296935
vt 0.5957031 0.029296935
vt 0.5957031 0.029296935
vt 0.5957031 0.029296935
vt 0.5957031 0.029296936
vt 0.59570307 0.029296935
vt 0.5175781 0.8417968
vt 0.5175781 0.84179676
vt 0.5175782 0.8417969
vt 0.5175781 0.8417968
vt 0.5175781 0.8417969
vt 0.51757824 0.841797
vt 0.5175781 0.84179676
vt 0.51875997 0.031775773
vt 0.51875997 0.031775773
vt 0.51875997 0.031775773
vt 0.51875997 0.031775773
vt 0.51875997 0.031775773
vt 0.51875997 0.031775773
vt 0.51875997 0.031775773
vt 0.51875997 0.031775773
vt 0.51875997 0.031775773
vt 0.51875997 0.031775773
vt 0.5304788 0.031775713
vt 0.5304788 0.031775713
vt 0.5304788 0.031775713
vt 0.5304788 0.031775713
vt 0.5304788 0.031775713
vt 0.5304788 0.031775713
vt 0.5304788 0.031775713
vt 0.5304788 0.031775713
vt 0.5304788 0.031775713
vt 0.5304788 0.031775713
vt 0.5304788 0.031775713
vt 0.5304788 0.031775713
vt 0.5304788 0.031775713
vt 0.5304788 0.031775713
vt 0.53438497 0.83841634
vt 0.53438497 0.83841634
vt 0.53438497 0.83841634
vt 0.53438497 0.83841634
vt 0.53438497 0.83841634
vt 0.53438497 0.83841634
vt 0.53438497 0.83841634
vt 0.53438497 0.83841634
vt 0.53438497 0.83841634
vt 0.53438497 0.83841634
vt 0.53438497 0.83841634
vt 0.53438497 0.83841634
vt 0.53438497 0.83841634
vt 0.53438497 0.83841634
vt 0.53438497 0.83841634
vt 0.53438497 0.83841634
vt 0.53438497 0.83841634
vt 0.53438497 0.83841634
vt 0.53438497 0.83841634
vt 0.53438497 0.83841634
vt 0.53438497 0.83841634
vt 0.53438497 0.83841634
vt 0.53438497 0.83841634
vt 0.53438497 0.83841634
vt 0.53438497 0.83841634
vt 0.53438497 0.83841634
vt 0.53438497 0.83841634
vt 0.53438497 0.83841634
vt 0.53438497 0.83841634
vt 0.53438497 0.83841634
vt 0.53438497 0.83841634
vt 0.53438497 0.83841634
vt 0.5330517 0.03394425
vt 0.5330517 0.03394425
vt 0.5330517 0.03394425
vt 0.5330517 0.03394425
vt 0.5330517 0.03394425
vt 0.5330517 0.03394425
vt 0.5330517 0.03394425
vt 0.5330517 0.03394425
vt 0.5330517 0.03394425
vt 0.5330517 0.03394425
vt 0.5330517 0.03394425
vt 0.5330517 0.03394425
vt 0.5330517 0.03394425
vt 0.5330517 0.03394425
vt 0.5330517 0.03394425
vt 0.5330517 0.03394425
vt 0.5330517 0.03394425
vt 0.5330517 0.03394425
vt 0.79008025 0.027825594
vt 0.79008025 0.027825594
vt 0.79008025 0.027825594
vt 0.79008025 0.027825594
vt 0.79008025 0.027825594
vt 0.79008025 0.027825594
vt 0.79008025 0.027825594
vt 0.79008025 0.027825594
vt 0.79008025 0.027825594
vt 0.79008025 0.027825594
vt 0.79008025 0.027825594
vt 0.79008025 0.027825594
vt 0.79008025 0.027825594
vt 0.79008025 0.027825594
vt 0.79008025 0.027825594
vt 0.79008025 0.027825594
vt 0.79008025 0.027825594
vt 0.79008025 0.027825594
vt 0.79008025 0.027825594
vt 0.79008025 0.027825594
vt 0.79008025 0.027825594
vt 0.79008025 0.027825594
vt 0.79008025 0.027825594
vt 0.79008025 0.027825594
vt 0.79008025 0.027825594
vt 0.79008025 0.027825594
vt 0.79008025 0.027825594
vt 0.79008025 0.027825594
vt 0.79008025 0.027825594
vt 0.79008025 0.027825594
vt 0.79008025 0.027825594
vt 0.79008025 0.027825594
vt 0.79008025 0.027825594
vt 0.79008025 0.027825594
vt 0.79008025 0.027825594
vt 0.79008025 0.027825594
vt 0.79008025 0.027825594
vt 0.79008025 0.027825594
vt 0.79008025 0.027825594
vt 0.79008025 0.027825594
vt 0.79008025 0.027825594
vt 0.79008025 0.027825594
vt 0.79008025 0.027825594
vt 0.79008025 0.027825594
vt 0.79008025 0.027825594
vt 0.79008025 0.027825594
vt 0.79008025 0.027825594
vt 0.79008025 0.027825594
vt 0.79008025 0.027825594
vt 0.79008025 0.027825594
vt 0.79008025 0.027825594
vt 0.79008025 0.027825594
vt 0.79008025 0.027825594
vt 0.79008025 0.027825594
vt 0.79008025 0.027825594
vt 0.79008025 0.027825594
vt 0.79008025 0.027825594
vt 0.79008025 0.027825594
vt 0.79008025 0.027825594
vt 0.79008025 0.027825594
vt 0.79008025 0.027825594
vt 0.79008025 0.027825594
vt 0.79008025 0.027825594
vt 0.79008025 0.027825594
vt 0.79008025 0.027825594
vt 0.79008025 0.027825594
vt 0.79008025 0.027825594
vt 0.79008025 0.027825594
vt 0.79008025 0.027825594
vt 0.79008025 0.027825594
vt 0.79008025 0.027825594
vt 0.79008025 0.027825594
vt 0.79008025 0.027825594
vt 0.79008025 0.027825594
vt 0.79008025 0.027825594
vt 0.79008025 0.027825594
vt 0.79008025 0.027825594
vt 0.79008025 0.027825594
vt 0.79008025 0.027825594
vt 0.79008025 0.027825594
vt 0.79008025 0.027825594
vt 0.79008025 0.027825594
vt 0.79008025 0.027825594
vt 0.79008025 0.027825594
vt 0.79008025 0.027825594
vt 0.79008025 0.027825594
vt 0.79008025 0.027825594
vt 0.79008025 0.027825594
vt 0.79008025 0.027825594
vt 0.79008025 0.027825594
vt 0.79008025 0.027825594
vt 0.79008025 0.027825594
vt 0.79008025 0.027825594
vt 0.79008025 0.027825594
vt 0.79008025 0.027825594
vt 0.79008025 0.027825594
vt 0.79008025 0.027825594
vt 0.79008025 0.027825594
vt 0.79008025 0.027825594
vt 0.79008025 0.027825594
vt 0.79008025 0.027825594
vt 0.79008025 0.027825594
vt 0.79008025 0.027825594
vt 0.79008025 0.027825594
vt 0.79008025 0.027825594
vt 0.79008025 0.027825594
vt 0.79008025 0.027825594
vt 0.79008025 0.027825594
vt 0.79008025 0.027825594
vt 0.79008025 0.027825594
vt 0.79008025 0.027825594
vt 0.79008025 0.027825594
vt 0.79008025 0.027825594
vt 0.79008025 0.027825594
vt 0.79008025 0.027825594
vt 0.79008025 0.027825594
vt 0.79008025 0.027825594
vt 0.79008025 0.027825594
vt 0.79008025 0.027825594
vt 0.79008025 0.027825594
vt 0.79008025 0.027825594
vt 0.79008025 0.027825594
vt 0.79008025 0.027825594
vt 0.79008025 0.027825594
vt 0.79008025 0.027825594
vt 0.79008025 0.027825594
vt 0.79008025 0.027825594
vt 0.79008025 0.027825594
vt 0.79008025 0.027825594
vt 0.79008025 0.027825594
vt 0.79008025 0.027825594
vt 0.79008025 0.027825594
vt 0.79008025 0.027825594
vt 0.79008025 0.027825594
vt 0.79008025 0.027825594
vt 0.79008025 0.027825594
vt 0.79008025 0.027825594
vt 0.79008025 0.027825594
vt 0.79008025 0.027825594
vt 0.79008025 0.027825594
vt 0.79008025 0.027825594
vt 0.79008025 0.027825594
vt 0.79008025 0.027825594
vt 0.79008025 0.027825594
vt 0.79008025 0.027825594
vt 0.79008025 0.027825594
vt 0.79008025 0.027825594
vt 0.79008025 0.027825594
vt 0.79008025 0.027825594
vt 0.79008025 0.027825594
vt 0.79008025 0.027825594
vt 0.79008025 0.027825594
vt 0.79008025 0.027825594
vt 0.79008025 0.027825594
vt 0.79008025 0.027825594
vt 0.79008025 0.027825594
vt 0.84985197 0.02705723
vt 0.84985197 0.02705723
vt 0.84985197 0.02705723
vt 0.84985197 0.02705723
vt 0.84985197 0.02705723
vt 0.84985197 0.02705723
vt 0.84985197 0.02705723
vt 0.84985197 0.02705723
vt 0.84985197 0.02705723
vt 0.84985197 0.02705723
vt 0.84985197 0.02705723
vt 0.84985197 0.02705723
vt 0.84985197 0.02705723
vt 0.84985197 0.02705723
vt 0.84985197 0.02705723
vt 0.84985197 0.02705723
vt 0.79008025 0.027825594
vt 0.79008025 0.027825594
vt 0.79008025 0.027825594
vt 0.79008025 0.027825594
vt 0.79008025 0.027825594
vt 0.79008025 0.027825594
vt 0.79008025 0.027825594
vt 0.79008025 0.027825594
vt 0.79008025 0.027825594
vt 0.79008025 0.027825594
vt 0.79008025 0.027825594
vt 0.79008025 0.027825594
vt 0.79008025 0.027825594
vt 0.79008025 0.027825594
vt 0.79008025 0.027825594
vt 0.79008025 0.027825594
vt 0.79008025 0.027825594
vt 0.79008025 0.027825594
vt 0.79008025 0.027825594
vt 0.79008025 0.027825594
vt 0.79008025 0.027825594
vt 0.79008025 0.027825594
vt 0.79008025 0.027825594
vt 0.79008025 0.027825594
vt 0.79008025 0.027825594
vt 0.79008025 0.027825594
vt 0.79008025 0.027825594
vt 0.79008025 0.027825594
vt 0.79008025 0.027825594
vt 0.79008025 0.027825594
vt 0.79008025 0.027825594
vt 0.79008025 0.027825594
vt 0.79008025 0.027825594
vt 0.79008025 0.027825594
vt 0.79008025 0.027825594
vt 0.79008025 0.027825594
vt 0.79008025 0.027825594
vt 0.79008025 0.027825594
vt 0.79008025 0.027825594
vt 0.79008025 0.027825594
vt 0.79008025 0.027825594
vt 0.79008025 0.027825594
vt 0.79008025 0.027825594
vt 0.79008025 0.027825594
vt 0.79008025 0.027825594
vt 0.79008025 0.027825594
vt 0.79008025 0.027825594
vt 0.79008025 0.027825594
vt 0.79008025 0.027825594
vt 0.79008025 0.027825594
vt 0.79008025 0.027825594
vt 0.79008025 0.027825594
vt 0.79008025 0.027825594
vt 0.79008025 0.027825594
vt 0.79008025 0.027825594
vt 0.79008025 0.027825594
vt 0.79008025 0.027825594
vt 0.79008025 0.027825594
vt 0.79008025 0.027825594
vt 0.79008025 0.027825594
vt 0.79008025 0.027825594
vt 0.79008025 0.027825594
vt 0.79008025 0.027825594
vt 0.79008025 0.027825594
vt 0.79008025 0.027825594
vt 0.79008025 0.027825594
vt 0.79008025 0.027825594
vt 0.79008025 0.027825594
vt 0.79008025 0.027825594
vt 0.79008025 0.027825594
vt 0.79008025 0.027825594
vt 0.79008025 0.027825594
vt 0.79008025 0.027825594
vt 0.79008025 0.027825594
vt 0.79008025 0.027825594
vt 0.79008025 0.027825594
vt 0.79008025 0.027825594
vt 0.79008025 0.027825594
vt 0.79008025 0.027825594
vt 0.79008025 0.027825594
vt 0.79008025 0.027825594
vt 0.79008025 0.027825594
vt 0.79008025 0.027825594
vt 0.79008025 0.027825594
vt 0.79008025 0.027825594
vt 0.79008025 0.027825594
vt 0.79008025 0.027825594
vt 0.79008025 0.027825594
vt 0.79008025 0.027825594
vt 0.79008025 0.027825594
vt 0.79008025 0.027825594
vt 0.79008025 0.027825594
vt 0.79008025 0.027825594
vt 0.79008025 0.027825594
vt 0.79008025 0.027825594
vt 0.79008025 0.027825594
vt 0.79008025 0.027825594
vt 0.79008025 0.027825594
vt 0.79008025 0.027825594
vt 0.79008025 0.027825594
vt 0.79008025 0.027825594
vt 0.79008025 0.027825594
vt 0.79008025 0.027825594
vt 0.79008025 0.027825594
vt 0.79008025 0.027825594
vt 0.79008025 0.027825594
vt 0.79008025 0.027825594
vt 0.79008025 0.027825594
vt 0.79008025 0.027825594
vt 0.79008025 0.027825594
vt 0.79008025 0.027825594
vt 0.79008025 0.027825594
vt 0.79008025 0.027825594
vt 0.79008025 0.027825594
vt 0.79008025 0.027825594
vt 0.79008025 0.027825594
vt 0.84985197 0.02705723
vt 0.84985197 0.02705723
vt 0.84985197 0.02705723
vt 0.84985197 0.02705723
vt 0.84985197 0.02705723
vt 0.84985197 0.02705723
vt 0.84985197 0.02705723
vt 0.84985197 0.02705723
vt 0.84985197 0.02705723
vt 0.84985197 0.02705723
vt 0.84985197 0.02705723
vt 0.84985197 0.02705723
vt 0.84985197 0.02705723
vt 0.84985197 0.02705723
vt 0.84985197 0.02705723
vt 0.84985197 0.02705723
vt 0.6448816 0.037204716
vt 0.6448816 0.037204716
vt 0.6448816 0.037204716
vt 0.6448816 0.037204716
vt 0.6448816 0.037204716
vt 0.6448816 0.037204716
vt 0.6448816 0.037204716
vt 0.6448816 0.037204716
vt 0.6448816 0.037204716
vt 0.6448816 0.037204716
vt 0.6448816 0.037204716
vt 0.6448816 0.037204716
vt 0.6448816 0.037204716
vt 0.6448816 0.037204716
vt 0.6448816 0.037204716
vt 0.6448816 0.037204716
vt 0.6448816 0.037204716
vt 0.6448816 0.037204716
vt 0.6448816 0.037204716
vt 0.6448816 0.037204716
vt 0.6572832 0.027903542
vt 0.6572832 0.027903542
vt 0.6572832 0.027903542
vt 0.6572832 0.027903542
vt 0.22322828 0.09921256
vt 0.22322828 0.09921256
vt 0.22322828 0.09921256
vt 0.22322828 0.09921256
vt 0.22322828 0.09921256
vt 0.22322828 0.09921256
vt 0.22322828 0.09921256
vt 0.22322828 0.09921256
vt 0.22322828 0.09921256
vt 0.22322828 0.09921256
vt 0.22322828 0.09921256
vt 0.22322828 0.09921256
vt 0.22322828 0.09921256
vt 0.22322828 0.09921256
vt 0.22322828 0.09921256
vt 0.22322828 0.09921256
vt 0.22322828 0.09921256
vt 0.22322828 0.09921256
vt 0.22322828 0.09921256
vt 0.22322828 0.09921256
vt 0.6541828 0.031003922
vt 0.6541828 0.031003922
vt 0.6541828 0.031003922
vt 0.6541828 0.031003922
vt 0.21392709 0.09611215
vt 0.21392709 0.09611215
vt 0.21392709 0.09611215
vt 0.21392709 0.09611215
vt 0.21392709 0.09611215
vt 0.21392709 0.09611215
vt 0.21392709 0.09611215
vt 0.21392709 0.09611215
vt 0.21392709 0.09611215
vt 0.21392709 0.09611215
vt 0.7130903 0.7781986
vt 0.7130903 0.7781986
vt 0.7130903 0.7781986
vt 0.7130903 0.7781986
vt 0.7130903 0.7781986
vt 0.7130903 0.7781986
vt 0.7130903 0.7781986
vt 0.7130903 0.7781986
vt 0.7130903 0.7781986
vt 0.7130903 0.7781986
vt 0.7130903 0.7781986
vt 0.7130903 0.7781986
vt 0.7130903 0.7781986
vt 0.7130903 0.7781986
vt 0.7130903 0.7781986
vt 0.7130903 0.7781986
vt 0.7130903 0.7781986
vt 0.7130903 0.7781986
vt 0.7130903 0.7781986
vt 0.7130903 0.7781986
vt 0.7130903 0.7781986
vt 0.7130903 0.7781986
vt 0.7130903 0.7781986
vt 0.7130903 0.7781986
vt 0.7130903 0.7781986
vt 0.7130903 0.7781986
vt 0.7130903 0.7781986
vt 0.7130903 0.7781986
vt 0.7130903 0.7781986
vt 0.7130903 0.7781986
vt 0.38444865 0.9766237
vt 0.38444865 0.9766237
vt 0.38444865 0.9766237
vt 0.38444865 0.9766237
vt 0.38444865 0.9766237
vt 0.38444865 0.9766237
vt 0.38444865 0.9766237
vt 0.38444865 0.9766237
vt 0.38444865 0.9766237
vt 0.38444865 0.9766237
vt 0.38444865 0.9766237
vt 0.38444865 0.9766237
vt 0.38444865 0.9766237
vt 0.38444865 0.9766237
vt 0.38444865 0.9766237
vt 0.38444865 0.9766237
vt 0.38444865 0.9766237
vt 0.38444865 0.9766237
vt 0.38444865 0.9766237
vt 0.38444865 0.9766237
vt 0.38444865 0.9766237
vt 0.38444865 0.9766237
vt 0.38444865 0.9766237
vt 0.38444865 0.9766237
vt 0.38444865 0.9766237
vt 0.38444865 0.9766237
vt 0.38444865 0.9766237
vt 0.38444865 0.9766237
vt 0.38444865 0.9766237
vt 0.38444865 0.9766237
vt 0.38444865 0.9766237
vt 0.38444865 0.9766237
vt 0.7130903 0.7781986
vt 0.7130903 0.7781986
vt 0.7130903 0.7781986
vt 0.7130903 0.7781986
vt 0.38444865 0.9766237
vt 0.38444865 0.9766237
vt 0.38444865 0.9766237
vt 0.38444865 0.9766237
vt 0.38444865 0.9766237
vt 0.38444865 0.9766237
vt 0.38444865 0.9766237
vt 0.38444865 0.9766237
vt 0.38444865 0.9766237
vt 0.38444865 0.9766237
vt 0.38444865 0.9766237
vt 0.38444865 0.9766237
vt 0.38444865 0.9766237
vt 0.38444865 0.9766237
vt 0.38444865 0.9766237
vt 0.38444865 0.9766237
vt 0.38444865 0.9766237
vt 0.38444865 0.9766237
vt 0.38444865 0.9766237
vt 0.38444865 0.9766237
vt 0.38444865 0.9766237
vt 0.38444865 0.9766237
vt 0.38444865 0.9766237
vt 0.38444865 0.9766237
vt 0.38444865 0.9766237
vt 0.38444865 0.9766237
vt 0.38444865 0.9766237
vt 0.38444865 0.9766237
vt 0.38444865 0.9766237
vt 0.38444865 0.9766237
vt 0.38444865 0.9766237
vt 0.38444865 0.9766237
vt 0.38444865 0.9766237
vt 0.38444865 0.9766237
vt 0.38444865 0.9766237
vt 0.38444865 0.9766237
vt 0.38444865 0.9766237
vt 0.38444865 0.9766237
vt 0.38444865 0.9766237
vt 0.38444865 0.9766237
vt 0.38444865 0.9766237
vt 0.38444865 0.9766237
vt 0.38444865 0.9766237
vt 0.38444865 0.9766237
vt 0.38444865 0.9766237
vt 0.38444865 0.9766237
vt 0.38444865 0.9766237
vt 0.38444865 0.9766237
vt 0.38444865 0.9766237
vt 0.38444865 0.9766237
vt 0.38444865 0.9766237
vt 0.38444865 0.9766237
vt 0.38444865 0.9766237
vt 0.38444865 0.9766237
vt 0.38444865 0.9766237
vt 0.38444865 0.9766237
vt 0.38444865 0.9766237
vt 0.38444865 0.9766237
vt 0.38444865 0.9766237
vt 0.38444865 0.9766237
vt 0.38444865 0.9766237
vt 0.38444865 0.9766237
vt 0.38444865 0.9766237
vt 0.38444865 0.9766237
vt 0.38444865 0.9766237
vt 0.38444865 0.9766237
vt 0.38444865 0.9766237
vt 0.38444865 0.9766237
vt 0.38444865 0.9766237
vt 0.38444865 0.9766237
vt 0.38444865 0.9766237
vt 0.38444865 0.9766237
vt 0.38444865 0.9766237
vt 0.38444865 0.9766237
vt 0.38444865 0.9766237
vt 0.38444865 0.9766237
vt 0.7130903 0.7781986
vt 0.7130903 0.7781986
vt 0.7130903 0.7781986
vt 0.7130903 0.7781986
vt 0.16122043 0.66038364
vt 0.16122043 0.66038364
vt 0.16122043 0.66038364
vt 0.16122043 0.66038364
vt 0.16122043 0.66038364
vt 0.16122043 0.66038364
vt 0.16122043 0.66038364
vt 0.16122043 0.66038364
vt 0.16122043 0.66038364
vt 0.16122043 0.66038364
vt 0.16122043 0.66038364
vt 0.16122043 0.66038364
vt 0.16122043 0.66038364
vt 0.16122043 0.66038364
vt 0.16122043 0.66038364
vt 0.16122043 0.66038364
vt 0.16122043 0.66038364
vt 0.16122043 0.66038364
vt 0.16122043 0.66038364
vt 0.16122043 0.66038364
vt 0.16122043 0.66038364
vt 0.16122043 0.66038364
vt 0.16122043 0.66038364
vt 0.16122043 0.66038364
vt 0.16122043 0.66038364
vt 0.16122043 0.66038364
vt 0.16122043 0.66038364
vt 0.16122043 0.66038364
vt 0.16122043 0.66038364
vt 0.16122043 0.66038364
vt 0.38444865 0.9766237
vt 0.38444865 0.9766237
vt 0.38444865 0.9766237
vt 0.38444865 0.9766237
vt 0.22632867 0.65418285
vt 0.22632867 0.65418285
vt 0.22632867 0.65418285
vt 0.22632867 0.65418285
vt 0.22632867 0.65418285
vt 0.22632867 0.65418285
vt 0.22632867 0.65418285
vt 0.22632867 0.65418285
vt 0.22632867 0.65418285
vt 0.22632867 0.65418285
vt 0.22632867 0.65418285
vt 0.22632867 0.65418285
vt 0.22632867 0.65418285
vt 0.22632867 0.65418285
vt 0.22632867 0.65418285
vt 0.22632867 0.65418285
vt 0.22632867 0.65418285
vt 0.22632867 0.65418285
vt 0.22632867 0.65418285
vt 0.22632867 0.65418285
vt 0.22632867 0.65418285
vt 0.22632867 0.65418285
vt 0.22632867 0.65418285
vt 0.22632867 0.65418285
vt 0.22632867 0.65418285
vt 0.22632867 0.65418285
vt 0.22632867 0.65418285
vt 0.22632867 0.65418285
vt 0.22632867 0.65418285
vt 0.22632867 0.65418285
vt 0.22632867 0.65418285
vt 0.22632867 0.65418285
vt 0.16122043 0.66038364
vt 0.16122043 0.66038364
vt 0.16122043 0.66038364
vt 0.16122043 0.66038364
vt 0.22632867 0.65418285
vt 0.22632867 0.65418285
vt 0.22632867 0.65418285
vt 0.22632867 0.65418285
vt 0.22632867 0.65418285
vt 0.22632867 0.65418285
vt 0.22632867 0.65418285
vt 0.22632867 0.65418285
vt 0.22632867 0.65418285
vt 0.22632867 0.65418285
vt 0.22632867 0.65418285
vt 0.22632867 0.65418285
vt 0.22632867 0.65418285
vt 0.22632867 0.65418285
vt 0.22632867 0.65418285
vt 0.22632867 0.65418285
vt 0.22632867 0.65418285
vt 0.22632867 0.65418285
vt 0.22632867 0.65418285
vt 0.22632867 0.65418285
vt 0.22632867 0.65418285
vt 0.22632867 0.65418285
vt 0.22632867 0.65418285
vt 0.22632867 0.65418285
vt 0.22632867 0.65418285
vt 0.22632867 0.65418285
vt 0.22632867 0.65418285
vt 0.22632867 0.65418285
vt 0.22632867 0.65418285
vt 0.22632867 0.65418285
vt 0.22632867 0.65418285
vt 0.22632867 0.65418285
vt 0.22632867 0.65418285
vt 0.22632867 0.65418285
vt 0.22632867 0.65418285
vt 0.22632867 0.65418285
vt 0.22632867 0.65418285
vt 0.22632867 0.65418285
vt 0.22632867 0.65418285
vt 0.22632867 0.65418285
vt 0.22632867 0.65418285
vt 0.22632867 0.65418285
vt 0.22632867 0.65418285
vt 0.22632867 0.65418285
vt 0.22632867 0.65418285
vt 0.22632867 0.65418285
vt 0.22632867 0.65418285
vt 0.22632867 0.65418285
vt 0.22632867 0.65418285
vt 0.22632867 0.65418285
vt 0.22632867 0.65418285
vt 0.22632867 0.65418285
vt 0.22632867 0.65418285
vt 0.22632867 0.65418285
vt 0.22632867 0.65418285
vt 0.22632867 0.65418285
vt 0.22632867 0.65418285
vt 0.22632867 0.65418285
vt 0.22632867 0.65418285
vt 0.22632867 0.65418285
vt 0.22632867 0.65418285
vt 0.22632867 0.65418285
vt 0.22632867 0.65418285
vt 0.22632867 0.65418285
vt 0.22632867 0.65418285
vt 0.22632867 0.65418285
vt 0.22632867 0.65418285
vt 0.22632867 0.65418285
vt 0.22632867 0.65418285
vt 0.22632867 0.65418285
vt 0.22632867 0.65418285
vt 0.22632867 0.65418285
vt 0.22632867 0.65418285
vt 0.22632867 0.65418285
vt 0.22632867 0.65418285
vt 0.22632867 0.65418285
vt 0.16122043 0.66038364
vt 0.16122043 0.66038364
vt 0.16122043 0.66038364
vt 0.16122043 0.66038364
vt 0.5952753 0.48056096
vt 0.5952753 0.48056096
vt 0.5952753 0.48056096
vt 0.5952753 0.48056096
vt 0.5952753 0.48056096
vt 0.5952753 0.48056096
vt 0.5952753 0.48056096
vt 0.5952753 0.48056096
vt 0.5952753 0.48056096
vt 0.5952753 0.48056096
vt 0.5952753 0.48056096
vt 0.5952753 0.48056096
vt 0.5952753 0.48056096
vt 0.5952753 0.48056096
vt 0.5952753 0.48056096
vt 0.5952753 0.48056096
vt 0.5952753 0.48056096
vt 0.5952753 0.48056096
vt 0.5952753 0.48056096
vt 0.5952753 0.48056096
vt 0.5952753 0.48056096
vt 0.5952753 0.48056096
vt 0.5952753 0.48056096
vt 0.5952753 0.48056096
vt 0.5952753 0.48056096
vt 0.5952753 0.48056096
vt 0.5952753 0.48056096
vt 0.5952753 0.48056096
vt 0.5952753 0.48056096
vt 0.5952753 0.48056096
vt 0.22632867 0.65418285
vt 0.22632867 0.65418285
vt 0.22632867 0.65418285
vt 0.22632867 0.65418285
vt 0.6541828 0.4619586
vt 0.6541828 0.4619586
vt 0.6541828 0.4619586
vt 0.6541828 0.4619586
vt 0.6541828 0.4619586
vt 0.6541828 0.4619586
vt 0.6541828 0.4619586
vt 0.6541828 0.4619586
vt 0.6541828 0.4619586
vt 0.6541828 0.4619586
vt 0.6541828 0.4619586
vt 0.6541828 0.4619586
vt 0.6541828 0.4619586
vt 0.6541828 0.4619586
vt 0.6541828 0.4619586
vt 0.6541828 0.4619586
vt 0.6541828 0.4619586
vt 0.6541828 0.4619586
vt 0.6541828 0.4619586
vt 0.6541828 0.4619586
vt 0.6541828 0.4619586
vt 0.6541828 0.4619586
vt 0.6541828 0.4619586
vt 0.6541828 0.4619586
vt 0.6541828 0.4619586
vt 0.6541828 0.4619586
vt 0.6541828 0.4619586
vt 0.6541828 0.4619586
vt 0.6541828 0.4619586
vt 0.6541828 0.4619586
vt 0.6541828 0.4619586
vt 0.6541828 0.4619586
vt 0.5952753 0.48056096
vt 0.5952753 0.48056096
vt 0.5952753 0.48056096
vt 0.5952753 0.48056096
vt 0.6541828 0.4619586
vt 0.6541828 0.4619586
vt 0.6541828 0.4619586
vt 0.6541828 0.4619586
vt 0.6541828 0.4619586
vt 0.6541828 0.4619586
vt 0.6541828 0.4619586
vt 0.6541828 0.4619586
vt 0.6541828 0.4619586
vt 0.6541828 0.4619586
vt 0.6541828 0.4619586
vt 0.6541828 0.4619586
vt 0.6541828 0.4619586
vt 0.6541828 0.4619586
vt 0.6541828 0.4619586
vt 0.6541828 0.4619586
vt 0.6541828 0.4619586
vt 0.6541828 0.4619586
vt 0.6541828 0.4619586
vt 0.6541828 0.4619586
vt 0.6541828 0.4619586
vt 0.6541828 0.4619586
vt 0.6541828 0.4619586
vt 0.6541828 0.4619586
vt 0.6541828 0.4619586
vt 0.6541828 0.4619586
vt 0.6541828 0.4619586
vt 0.6541828 0.4619586
vt 0.6541828 0.4619586
vt 0.6541828 0.4619586
vt 0.6541828 0.4619586
vt 0.6541828 0.4619586
vt 0.6541828 0.4619586
vt 0.6541828 0.4619586
vt 0.6541828 0.4619586
vt 0.6541828 0.4619586
vt 0.6541828 0.4619586
vt 0.6541828 0.4619586
vt 0.6541828 0.4619586
vt 0.6541828 0.4619586
vt 0.6541828 0.4619586
vt 0.6541828 0.4619586
vt 0.6541828 0.4619586
vt 0.6541828 0.4619586
vt 0.6541828 0.4619586
vt 0.6541828 0.4619586
vt 0.6541828 0.4619586
vt 0.6541828 0.4619586
vt 0.6541828 0.4619586
vt 0.6541828 0.4619586
vt 0.6541828 0.4619586
vt 0.6541828 0.4619586
vt 0.6541828 0.4619586
vt 0.6541828 0.4619586
vt 0.6541828 0.4619586
vt 0.6541828 0.4619586
vt 0.6541828 0.4619586
vt 0.6541828 0.4619586
vt 0.6541828 0.4619586
vt 0.6541828 0.4619586
vt 0.6541828 0.4619586
vt 0.6541828 0.4619586
vt 0.6541828 0.4619586
vt 0.6541828 0.4619586
vt 0.6541828 0.4619586
vt 0.6541828 0.4619586
vt 0.6541828 0.4619586
vt 0.6541828 0.4619586
vt 0.6541828 0.4619586
vt 0.6541828 0.4619586
vt 0.6541828 0.4619586
vt 0.6541828 0.4619586
vt 0.6541828 0.4619586
vt 0.6541828 0.4619586
vt 0.6541828 0.4619586
vt 0.6541828 0.4619586
vt 0.5952753 0.48056096
vt 0.5952753 0.48056096
vt 0.5952753 0.48056096
vt 0.5952753 0.48056096
vt 0.6541828 0.4619586
vt 0.6541828 0.4619586
vt 0.6541828 0.4619586
vt 0.6541828 0.4619586
vt 0.5967188 0.033104658
vt 0.5967188 0.033104658
vt 0.5967188 0.033104658
vt 0.5967188 0.033104658
vt 0.5967188 0.033104658
vt 0.5967188 0.033104658
vt 0.5967188 0.033104658
vt 0.5967188 0.033104658
vt 0.5967188 0.033104658
vt 0.5967188 0.033104658
vt 0.5967188 0.033104658
vt 0.5967188 0.033104658
vt 0.5967188 0.033104658
vt 0.5967188 0.033104658
vt 0.5967188 0.033104658
vt 0.5967188 0.033104658
vt 0.5967188 0.033104658
vt 0.5967188 0.033104658
vt 0.5967188 0.033104658
vt 0.5967188 0.033104658
vt 0.5967188 0.033104658
vt 0.5967188 0.033104658
vt 0.5967188 0.033104658
vt 0.5967188 0.033104658
vt 0.5967188 0.033104658
vt 0.5967188 0.033104658
vt 0.5967188 0.033104658
vt 0.5967188 0.033104658
vt 0.5967188 0.033104658
vt 0.5967188 0.033104658
vt 0.5967188 0.033104658
vt 0.5967188 0.033104658
vt 0.5967188 0.033104658
vt 0.5967188 0.033104658
vt 0.5967188 0.033104658
vt 0.5967188 0.033104658
vt 0.5967188 0.033104658
vt 0.5967188 0.033104658
vt 0.5967188 0.033104658
vt 0.5967188 0.033104658
vt 0.5967188 0.033104658
vt 0.5967188 0.033104658
vt 0.5967188 0.033104658
vt 0.5967188 0.033104658
vt 0.5967188 0.033104658
vt 0.5967188 0.033104658
vt 0.5967188 0.033104658
vt 0.5967188 0.033104658
vt 0.79008025 0.027825594
vt 0.79008025 0.027825594
vt 0.79008025 0.027825594
vt 0.79008025 0.027825594
vt 0.79008025 0.027825594
vt 0.79008025 0.027825594
vt 0.79008025 0.027825594
vt 0.79008025 0.027825594
vt 0.79008025 0.027825594
vt 0.79008025 0.027825594
vt 0.79008025 0.027825594
vt 0.79008025 0.027825594
vt 0.79008025 0.027825594
vt 0.79008025 0.027825594
vt 0.79008025 0.027825594
vt 0.79008025 0.027825594
vt 0.79008025 0.027825594
vt 0.79008025 0.027825594
vt 0.79008025 0.027825594
vt 0.79008025 0.027825594
vt 0.79008025 0.027825594
vt 0.79008025 0.027825594
vt 0.79008025 0.027825594
vt 0.79008025 0.027825594
vt 0.79008025 0.027825594
vt 0.79008025 0.027825594
vt 0.79008025 0.027825594
vt 0.79008025 0.027825594
vt 0.79008025 0.027825594
vt 0.79008025 0.027825594
vt 0.79008025 0.027825594
vt 0.79008025 0.027825594
vt 0.79008025 0.027825594
vt 0.79008025 0.027825594
vt 0.79008025 0.027825594
vt 0.79008025 0.027825594
vt 0.79008025 0.027825594
vt 0.79008025 0.027825594
vt 0.79008025 0.027825594
vt 0.79008025 0.027825594
vt 0.79008025 0.027825594
vt 0.79008025 0.027825594
vt 0.79008025 0.027825594
vt 0.79008025 0.027825594
vt 0.79008025 0.027825594
vt 0.79008025 0.027825594
vt 0.79008025 0.027825594
vt 0.79008025 0.027825594
vt 0.79008025 0.027825594
vt 0.79008025 0.027825594
vt 0.79008025 0.027825594
vt 0.79008025 0.027825594
vt 0.79008025 0.027825594
vt 0.79008025 0.027825594
vt 0.79008025 0.027825594
vt 0.79008025 0.027825594
vt 0.79008025 0.027825594
vt 0.79008025 0.027825594
vt 0.79008025 0.027825594
vt 0.79008025 0.027825594
vt 0.79008025 0.027825594
vt 0.79008025 0.027825594
vt 0.79008025 0.027825594
vt 0.79008025 0.027825594
vt 0.79008025 0.027825594
vt 0.79008025 0.027825594
vt 0.79008025 0.027825594
vt 0.79008025 0.027825594
vt 0.79008025 0.027825594
vt 0.79008025 0.027825594
vt 0.79008025 0.027825594
vt 0.79008025 0.027825594
vt 0.79008025 0.027825594
vt 0.79008025 0.027825594
vt 0.79008025 0.027825594
vt 0.79008025 0.027825594
vt 0.79008025 0.027825594
vt 0.79008025 0.027825594
vt 0.79008025 0.027825594
vt 0.79008025 0.027825594
vt 0.79008025 0.027825594
vt 0.79008025 0.027825594
vt 0.79008025 0.027825594
vt 0.79008025 0.027825594
vt 0.79008025 0.027825594
vt 0.79008025 0.027825594
vt 0.79008025 0.027825594
vt 0.79008025 0.027825594
vt 0.79008025 0.027825594
vt 0.79008025 0.027825594
vt 0.79008025 0.027825594
vt 0.79008025 0.027825594
vt 0.79008025 0.027825594
vt 0.79008025 0.027825594
vt 0.79008025 0.027825594
vt 0.79008025 0.027825594
vt 0.79008025 0.027825594
vt 0.79008025 0.027825594
vt 0.79008025 0.027825594
vt 0.79008025 0.027825594
vt 0.79008025 0.027825594
vt 0.79008025 0.027825594
vt 0.79008025 0.027825594
vt 0.79008025 0.027825594
vt 0.79008025 0.027825594
vt 0.79008025 0.027825594
vt 0.79008025 0.027825594
vt 0.79008025 0.027825594
vt 0.79008025 0.027825594
vt 0.79008025 0.027825594
vt 0.79008025 0.027825594
vt 0.79008025 0.027825594
vt 0.79008025 0.027825594
vt 0.79008025 0.027825594
vt 0.79008025 0.027825594
vt 0.79008025 0.027825594
vt 0.79008025 0.027825594
vt 0.79008025 0.027825594
vt 0.79008025 0.027825594
vt 0.79008025 0.027825594
vt 0.79008025 0.027825594
vt 0.79008025 0.027825594
vt 0.79008025 0.027825594
vt 0.79008025 0.027825594
vt 0.79008025 0.027825594
vt 0.79008025 0.027825594
vt 0.79008025 0.027825594
vt 0.79008025 0.027825594
vt 0.79008025 0.027825594
vt 0.79008025 0.027825594
vt 0.79008025 0.027825594
vt 0.79008025 0.027825594
vt 0.79008025 0.027825594
vt 0.79008025 0.027825594
vt 0.79008025 0.027825594
vt 0.79008025 0.027825594
vt 0.79008025 0.027825594
vt 0.79008025 0.027825594
vt 0.79008025 0.027825594
vt 0.79008025 0.027825594
vt 0.79008025 0.027825594
vt 0.79008025 0.027825594
vt 0.79008025 0.027825594
vt 0.79008025 0.027825594
vt 0.79008025 0.027825594
vt 0.79008025 0.027825594
vt 0.79008025 0.027825594
vt 0.79008025 0.027825594
vt 0.79008025 0.027825594
vt 0.79008025 0.027825594
vt 0.79008025 0.027825594
vt 0.79008025 0.027825594
vt 0.5330517 0.03394425
vt 0.5330517 0.03394425
vt 0.5330517 0.03394425
vt 0.5330517 0.03394425
vt 0.5330517 0.03394425
vt 0.5330517 0.03394425
vt 0.5330517 0.03394425
vt 0.5330517 0.03394425
vt 0.5330517 0.03394425
vt 0.5330517 0.03394425
vt 0.5330517 0.03394425
vt 0.5330517 0.03394425
vt 0.5330517 0.03394425
vt 0.5330517 0.03394425
vt 0.5330517 0.03394425
vt 0.5330517 0.03394425
vt 0.5330517 0.03394425
vt 0.3564384 0.42065367
vt 0.3564384 0.4206537
vt 0.35643837 0.4206537
vt 0.3564384 0.42065364
vt 0.35643834 0.42065364
vt 0.3564384 0.42065376
vt 0.3564384 0.42065373
vt 0.3564384 0.4206538
vt 0.85405135 0.026903873
vt 0.85405135 0.026903873
vt 0.85405135 0.026903873
vt 0.85405135 0.026903873
vt 0.85405135 0.026903873
vt 0.85405135 0.026903873
vt 0.85405135 0.026903873
vt 0.85405135 0.026903873
vt 0.85405135 0.026903873
vt 0.85405135 0.026903873
vt 0.85405135 0.026903873
vt 0.85405135 0.026903873
vt 0.85405135 0.026903873
vt 0.85405135 0.026903873
vt 0.85405135 0.026903873
vt 0.85405135 0.026903873
vt 0.85405135 0.026903873
vt 0.85405135 0.026903873
vt 0.85405135 0.026903873
vt 0.85405135 0.026903873
vt 0.85405135 0.026903873
vt 0.85405135 0.026903873
vt 0.85405135 0.026903873
vt 0.85405135 0.026903873
vt 0.85405135 0.026903873
vt 0.85405135 0.026903873
vt 0.85405135 0.026903873
vt 0.85405135 0.026903873
vt 0.85405135 0.026903873
vt 0.85405135 0.026903873
vt 0.85405135 0.026903873
vt 0.85405135 0.026903873
vt 0.85405135 0.026903873
vt 0.85405135 0.026903873
vt 0.85405135 0.026903873
vt 0.85405135 0.026903873
vt 0.85405135 0.026903873
vt 0.85405135 0.026903873
vt 0.85405135 0.026903873
vt 0.85405135 0.026903873
vt 0.85405135 0.026903873
vt 0.85405135 0.026903873
vt 0.85405135 0.026903873
vt 0.85405135 0.026903873
vt 0.10031452 0.4052249
vt 0.10031452 0.4052249
vt 0.10031452 0.4052249
vt 0.10031452 0.4052249
vt 0.10031452 0.4052249
vt 0.10031452 0.4052249
vt 0.10031452 0.4052249
vt 0.10031452 0.4052249
vt 0.10031452 0.4052249
vt 0.10031452 0.4052249
vt 0.10031452 0.4052249
vt 0.10031452 0.4052249
vt 0.10031452 0.4052249
vt 0.10031452 0.4052249
vt 0.10031452 0.4052249
vt 0.10031452 0.4052249
vt 0.10031452 0.4052249
vt 0.10031452 0.4052249
vt 0.10031452 0.4052249
vt 0.10031452 0.4052249
vt 0.10031452 0.4052249
vt 0.10031452 0.4052249
vt 0.10031452 0.4052249
vt 0.10031452 0.4052249
vt 0.10031452 0.4052249
vt 0.10031452 0.4052249
vt 0.10031452 0.4052249
vt 0.10031452 0.4052249
vt 0.10031452 0.4052249
vt 0.10031452 0.4052249
vt 0.10031452 0.4052249
vt 0.10031452 0.4052249
vt 0.10031452 0.4052249
vt 0.10031452 0.4052249
vt 0.10031452 0.4052249
vt 0.10031452 0.4052249
vt 0.10031452 0.4052249
vt 0.10031452 0.4052249
vt 0.10031452 0.4052249
vt 0.10031452 0.4052249
vt 0.10031452 0.4052249
vt 0.10031452 0.4052249
vt 0.10031452 0.4052249
vt 0.10031452 0.4052249
vt 0.10031452 0.4052249
vt 0.10031452 0.4052249
vt 0.10031452 0.4052249
vt 0.10031452 0.4052249
vt 0.10031452 0.4052249
vt 0.10031452 0.4052249
vt 0.10031452 0.4052249
vt 0.10031452 0.4052249
vt 0.10031452 0.4052249
vt 0.10031452 0.4052249
vt 0.10031452 0.4052249
vt 0.10031452 0.4052249
vt 0.10031452 0.4052249
vt 0.10031452 0.4052249
vt 0.10031452 0.4052249
vt 0.10031452 0.4052249
vt 0.10031452 0.4052249
vt 0.10031452 0.4052249
vt 0.10031452 0.4052249
vt 0.10031452 0.4052249
vt 0.10031452 0.4052249
vt 0.10031452 0.4052249
vt 0.10031452 0.4052249
vt 0.10031452 0.4052249
vt 0.10031452 0.4052249
vt 0.10031452 0.4052249
vt 0.10031452 0.4052249
vt 0.10031452 0.4052249
vt 0.10031452 0.4052249
vt 0.10031452 0.4052249
vt 0.10031452 0.4052249
vt 0.10031452 0.4052249
vt 0.10031452 0.4052249
vt 0.10031452 0.4052249
vt 0.10031452 0.4052249
vt 0.10031452 0.4052249
vt 0.10031452 0.4052249
vt 0.10031452 0.4052249
vt 0.10031452 0.4052249
vt 0.10031452 0.4052249
vt 0.10031452 0.4052249
vt 0.10031452 0.4052249
vt 0.10031452 0.4052249
vt 0.10031452 0.4052249
vt 0.10031452 0.4052249
vt 0.10031452 0.4052249
vt 0.10031452 0.4052249
vt 0.10031452 0.4052249
vt 0.10031452 0.4052249
vt 0.10031452 0.4052249
vt 0.10031452 0.4052249
vt 0.10031452 0.4052249
vt 0.10031452 0.4052249
vt 0.10031452 0.4052249
vt 0.10031452 0.4052249
vt 0.10031452 0.4052249
vt 0.10031452 0.4052249
vt 0.10031452 0.4052249
vt 0.10031452 0.4052249
vt 0.10031452 0.4052249
vt 0.10031452 0.4052249
vt 0.10031452 0.4052249
vt 0.10031452 0.4052249
vt 0.10031452 0.4052249
vt 0.10031452 0.4052249
vt 0.10031452 0.4052249
vt 0.10031452 0.4052249
vt 0.10031452 0.4052249
vt 0.10031452 0.4052249
vt 0.10031452 0.4052249
vt 0.10031452 0.4052249
vt 0.10031452 0.4052249
vt 0.10031452 0.4052249
vt 0.10031452 0.4052249
vt 0.10031452 0.4052249
vt 0.10031452 0.4052249
vt 0.10031452 0.4052249
vt 0.10031452 0.4052249
vt 0.10031452 0.4052249
vt 0.10031452 0.4052249
vt 0.10031452 0.4052249
vt 0.10031452 0.4052249
vt 0.10031452 0.4052249
vt 0.10031452 0.4052249
vt 0.10031452 0.4052249
vt 0.10031452 0.4052249
vt 0.10031452 0.4052249
vt 0.10031452 0.4052249
vt 0.10031452 0.4052249
vt 0.10031452 0.4052249
vt 0.10031452 0.4052249
vt 0.10031452 0.4052249
vt 0.10031452 0.4052249
vt 0.10031452 0.4052249
vt 0.10031452 0.4052249
vt 0.10031452 0.4052249
vt 0.10031452 0.4052249
vt 0.10031452 0.4052249
vt 0.10031452 0.4052249
vt 0.10031452 0.4052249
vt 0.10031452 0.4052249
vt 0.10031452 0.4052249
vt 0.10031452 0.4052249
vt 0.10031452 0.4052249
vt 0.10031452 0.4052249
vt 0.10031452 0.4052249
vt 0.10031452 0.4052249
vt 0.10031452 0.4052249
vt 0.10031452 0.4052249
vt 0.10031452 0.4052249
vt 0.10031452 0.4052249
vt 0.10031452 0.4052249
vt 0.10031452 0.4052249
vt 0.10031452 0.4052249
vt 0.10031452 0.4052249
vt 0.10031452 0.4052249
vt 0.10031452 0.4052249
vt 0.10031452 0.4052249
vt 0.10031452 0.4052249
vt 0.10031452 0.4052249
vt 0.10031452 0.4052249
vt 0.10031452 0.4052249
vt 0.10031452 0.4052249
vt 0.10031452 0.4052249
vt 0.10031452 0.4052249
vt 0.10031452 0.4052249
vt 0.10031452 0.4052249
vt 0.10031452 0.4052249
vt 0.10031452 0.4052249
vt 0.10031452 0.4052249
vt 0.10031452 0.4052249
vt 0.10031452 0.4052249
vt 0.10031452 0.4052249
vt 0.10031452 0.4052249
vt 0.10031452 0.4052249
vt 0.10031452 0.4052249
vt 0.10031452 0.4052249
vt 0.10031452 0.4052249
vt 0.10031452 0.4052249
vt 0.10031452 0.4052249
vt 0.10031452 0.4052249
vt 0.10031452 0.4052249
vt 0.10031452 0.4052249
vt 0.10031452 0.4052249
vt 0.10031452 0.4052249
vt 0.10031452 0.4052249
vt 0.10031452 0.4052249
vt 0.10031452 0.4052249
vt 0.10031452 0.4052249
vt 0.10031452 0.4052249
vt 0.10031452 0.4052249
vt 0.10031452 0.4052249
vt 0.10031452 0.4052249
vt 0.10031452 0.4052249
vt 0.10031452 0.4052249
vt 0.10031452 0.4052249
vt 0.10031452 0.4052249
vt 0.10031452 0.4052249
vt 0.10031452 0.4052249
vt 0.10031452 0.4052249
vt 0.10031452 0.4052249
vt 0.10031452 0.4052249
vt 0.10031452 0.4052249
vt 0.10031452 0.4052249
vt 0.10031452 0.4052249
vt 0.10031452 0.4052249
vt 0.10031452 0.4052249
vt 0.10031452 0.4052249
vt 0.10031452 0.4052249
vt 0.10031452 0.4052249
vt 0.10031452 0.4052249
vt 0.10031452 0.4052249
vt 0.10031452 0.4052249
vt 0.10031452 0.4052249
vt 0.10031452 0.4052249
vt 0.10031452 0.4052249
vt 0.10031452 0.4052249
vt 0.10031452 0.4052249
vt 0.10031452 0.4052249
vt 0.10031452 0.4052249
vt 0.10031452 0.4052249
vt 0.10031452 0.4052249
vt 0.10031452 0.4052249
vt 0.10031452 0.4052249
vt 0.10031452 0.4052249
vt 0.10031452 0.4052249
vt 0.10031452 0.4052249
vt 0.10031452 0.4052249
vt 0.10031452 0.4052249
vt 0.10031452 0.4052249
vt 0.10031452 0.4052249
vt 0.10031452 0.4052249
vt 0.10031452 0.4052249
vt 0.10031452 0.4052249
vt 0.10031452 0.4052249
vt 0.10031452 0.4052249
vt 0.10031452 0.4052249
vt 0.10031452 0.4052249
vt 0.10031452 0.4052249
vt 0.10031452 0.4052249
vt 0.10031452 0.4052249
vt 0.10031452 0.4052249
vt 0.10031452 0.4052249
vt 0.10031452 0.4052249
vt 0.10031452 0.4052249
vt 0.10031452 0.4052249
vt 0.10031452 0.4052249
vt 0.10031452 0.4052249
vt 0.10031452 0.4052249
vt 0.10031452 0.4052249
vt 0.10031452 0.4052249
vt 0.10031452 0.4052249
vt 0.27934805 0.022734236
vt 0.27934805 0.022734236
vt 0.27934805 0.022734236
vt 0.27934805 0.022734236
vt 0.27934805 0.022734236
vt 0.27934805 0.022734236
vt 0.27934805 0.022734236
vt 0.27934805 0.022734236
vt 0.27934805 0.022734236
vt 0.27934805 0.022734236
vt 0.27934805 0.022734236
vt 0.27934805 0.022734236
vt 0.27934805 0.022734236
vt 0.27934805 0.022734236
vt 0.27934805 0.022734236
vt 0.27934805 0.022734236
vt 0.27934805 0.022734236
vt 0.27934805 0.022734236
vt 0.27934805 0.022734236
vt 0.27934805 0.022734236
vt 0.27934805 0.022734236
vt 0.27934805 0.022734236
vt 0.27934805 0.022734236
vt 0.27934805 0.022734236
vt 0.27934805 0.022734236
vt 0.27934805 0.022734236
vt 0.27934805 0.022734236
vt 0.27934805 0.022734236
vt 0.27934805 0.022734236
vt 0.27934805 0.022734236
vt 0.27934805 0.022734236
vt 0.27934805 0.022734236
vt 0.27934805 0.022734236
vt 0.27934805 0.022734236
vt 0.27934805 0.022734236
vt 0.27934805 0.022734236
vt 0.15905839 0.020870455
vt 0.15905839 0.020870455
vt 0.15905839 0.020870455
vt 0.15905839 0.020870455
vt 0.15905839 0.020870455
vt 0.15905839 0.020870455
vt 0.15905839 0.020870455
vt 0.15905839 0.020870455
vt 0.15905839 0.020870455
vt 0.15905839 0.020870455
vt 0.15905839 0.020870455
vt 0.15905839 0.020870455
vt 0.15905839 0.020870455
vt 0.15905839 0.020870455
vt 0.15905839 0.020870455
vt 0.15905839 0.020870455
vt 0.15905839 0.020870455
vt 0.15905839 0.020870455
vt 0.15905839 0.020870455
vt 0.15905839 0.020870455
vt 0.15905839 0.020870455
vt 0.15905839 0.020870455
vt 0.15905839 0.020870455
vt 0.15905839 0.020870455
vt 0.15905839 0.020870455
vt 0.15905839 0.020870455
vt 0.15905839 0.020870455
vt 0.15905839 0.020870455
vt 0.15905839 0.020870455
vt 0.15905839 0.020870455
vt 0.15905839 0.020870455
vt 0.15905839 0.020870455
vt 0.15905839 0.020870455
vt 0.15905839 0.020870455
vt 0.15905839 0.020870455
vt 0.15905839 0.020870455
vt 0.8385494 0.023803532
vt 0.8385494 0.023803532
vt 0.8385494 0.023803532
vt 0.8385494 0.023803532
vt 0.8385494 0.023803532
vt 0.8385494 0.023803532
vt 0.8385494 0.023803532
vt 0.8385494 0.023803532
vt 0.8385494 0.023803532
vt 0.8385494 0.023803532
vt 0.8385494 0.023803532
vt 0.8385494 0.023803532
vt 0.8385494 0.023803532
vt 0.8385494 0.023803532
vt 0.8385494 0.023803532
vt 0.8385494 0.023803532
vt 0.8385494 0.023803532
vt 0.8385494 0.023803532
vt 0.8385494 0.023803532
vt 0.8385494 0.023803532
vt 0.8385494 0.023803532
vt 0.8385494 0.023803532
vt 0.8385494 0.023803532
vt 0.8385494 0.023803532
vt 0.8385494 0.023803532
vt 0.8385494 0.023803532
vt 0.8385494 0.023803532
vt 0.8385494 0.023803532
vt 0.8385494 0.023803532
vt 0.8385494 0.023803532
vt 0.8385494 0.023803532
vt 0.8385494 0.023803532
vt 0.8385494 0.023803532
vt 0.8385494 0.023803532
vt 0.8385494 0.023803532
vt 0.8385494 0.023803532
vt 0.8385494 0.023803532
vt 0.8385494 0.023803532
vt 0.8385494 0.023803532
vt 0.8385494 0.023803532
vt 0.8385494 0.023803532
vt 0.8385494 0.023803532
vt 0.8385494 0.023803532
vt 0.8385494 0.023803532
vt 0.8385494 0.023803532
vt 0.8385494 0.023803532
vt 0.8385494 0.023803532
vt 0.8385494 0.023803532
vt 0.8385494 0.023803532
vt 0.8385494 0.023803532
vt 0.8385494 0.023803532
vt 0.8385494 0.023803532
vt 0.8385494 0.023803532
vt 0.8385494 0.023803532
vt 0.8385494 0.023803532
vt 0.8385494 0.023803532
vt 0.8385494 0.023803532
vt 0.8385494 0.023803532
vt 0.8385494 0.023803532
vt 0.8385494 0.023803532
vt 0.8385494 0.023803532
vt 0.8385494 0.023803532
vt 0.8385494 0.023803532
vt 0.8385494 0.023803532
vt 0.8385494 0.023803532
vt 0.8385494 0.023803532
vt 0.8385494 0.023803532
vt 0.8385494 0.023803532
vt 0.8385494 0.023803532
vt 0.8385494 0.023803532
vt 0.8385494 0.023803532
vt 0.8385494 0.023803532
vt 0.8385494 0.023803532
vt 0.8385494 0.023803532
vt 0.8385494 0.023803532
vt 0.8385494 0.023803532
vt 0.8385494 0.023803532
vt 0.8385494 0.023803532
vt 0.8385494 0.02380353
vt 0.8385494 0.02380353
vt 0.8385494 0.023803532
vt 0.8385494 0.023803532
vt 0.8385494 0.023803532
vt 0.8385494 0.023803532
vt 0.8385494 0.023803532
vt 0.8385494 0.023803532
vt 0.8385494 0.023803532
vt 0.8385494 0.023803532
vt 0.8385494 0.023803532
vt 0.8385494 0.023803532
vt 0.8385494 0.023803532
vt 0.8385494 0.023803532
vt 0.8385494 0.023803532
vt 0.8385494 0.023803532
vt 0.8385494 0.023803532
vt 0.8385494 0.023803532
vt 0.8385494 0.023803532
vt 0.8385494 0.023803532
vt 0.8385494 0.023803532
vt 0.8385494 0.023803532
vt 0.8385494 0.023803532
vt 0.8385494 0.023803532
vt 0.8385494 0.023803532
vt 0.8385494 0.023803532
vt 0.8385494 0.023803532
vt 0.8385494 0.023803532
vt 0.8385494 0.023803532
vt 0.8385494 0.023803532
vt 0.8385494 0.023803532
vt 0.8385494 0.023803532
vt 0.8385494 0.023803532
vt 0.8385494 0.023803532
vt 0.8385494 0.023803532
vt 0.8385494 0.023803532
vt 0.8385494 0.023803532
vt 0.8385494 0.023803532
vt 0.8385494 0.023803532
vt 0.8385494 0.023803532
vt 0.8385494 0.023803532
vt 0.8385494 0.023803532
vt 0.8385494 0.023803532
vt 0.8385494 0.02380353
vt 0.8385494 0.023803532
vt 0.8385494 0.023803532
vt 0.8385494 0.023803532
vt 0.8385494 0.023803532
vt 0.8385494 0.023803532
vt 0.8385494 0.023803532
vt 0.8385494 0.023803532
vt 0.8385494 0.023803532
vt 0.8385494 0.023803532
vt 0.8385494 0.023803532
vt 0.8385494 0.023803532
vt 0.8385494 0.023803532
vt 0.8385494 0.023803532
vt 0.8385494 0.023803532
vt 0.8385494 0.023803532
vt 0.8385494 0.023803532
vt 0.8385494 0.023803532
vt 0.8385494 0.023803532
vt 0.8385494 0.023803532
vt 0.8385494 0.023803532
vt 0.8385494 0.023803532
vt 0.8385494 0.023803532
vt 0.8385494 0.023803532
vt 0.8385494 0.023803532
vt 0.8385494 0.023803532
vt 0.8385494 0.023803532
vt 0.8385494 0.023803532
vt 0.8385494 0.023803532
vt 0.8385494 0.023803532
vt 0.8385494 0.023803532
vt 0.8385494 0.023803532
vt 0.8385494 0.023803532
vt 0.8385494 0.023803532
vt 0.8385494 0.023803532
vt 0.8385494 0.023803532
vt 0.8385494 0.023803532
vt 0.8385494 0.023803532
vt 0.8385494 0.023803532
vt 0.8385494 0.023803532
vt 0.8385494 0.023803532
vt 0.8385494 0.023803532
vt 0.8385494 0.023803532
vt 0.8385494 0.023803532
vt 0.8385494 0.023803532
vt 0.8385494 0.023803532
vt 0.8385494 0.023803532
vt 0.8385494 0.023803532
vt 0.8385494 0.023803532
vt 0.8385494 0.023803532
vt 0.5967188 0.033104658
vt 0.5967188 0.033104658
vt 0.5967188 0.033104658
vt 0.5967188 0.033104658
vt 0.5967188 0.033104658
vt 0.5967188 0.033104658
vt 0.5967188 0.033104658
vt 0.5967188 0.033104658
vt 0.5967188 0.033104658
vt 0.5967188 0.033104658
vt 0.5967188 0.033104658
vt 0.5967188 0.033104658
vt 0.5967188 0.033104658
vt 0.5967188 0.033104658
vt 0.5967188 0.033104658
vt 0.5967188 0.033104658
vt 0.5967188 0.033104658
vt 0.5967188 0.033104658
vt 0.5967188 0.033104658
vt 0.5967188 0.033104658
vt 0.5967188 0.033104658
vt 0.5967188 0.033104658
vt 0.5967188 0.033104658
vt 0.5967188 0.033104658
vt 0.5967188 0.033104658
vt 0.5967188 0.033104658
vt 0.5967188 0.033104658
vt 0.5967188 0.033104658
vt 0.5967188 0.033104658
vt 0.5967188 0.033104658
vt 0.5967188 0.033104658
vt 0.5967188 0.033104658
vt 0.5967188 0.033104658
vt 0.5967188 0.033104658
vt 0.5967188 0.033104658
vt 0.5967188 0.033104658
vt 0.5967188 0.033104658
vt 0.5967188 0.033104658
vt 0.5967188 0.033104658
vt 0.5967188 0.033104658
vt 0.5967188 0.033104658
vt 0.5967188 0.033104658
vt 0.5967188 0.033104658
vt 0.5967188 0.033104658
vt 0.5967188 0.033104658
vt 0.5967188 0.033104658
vt 0.5967188 0.033104658
vt 0.5967188 0.033104658
vt 0.5967188 0.033104658
vt 0.5967188 0.033104658
vt 0.5967188 0.033104658
vt 0.5967188 0.033104658
vt 0.5967188 0.033104658
vt 0.5967188 0.033104658
vt 0.5967188 0.033104658
vt 0.5967188 0.033104658
vt 0.5967188 0.033104658
vt 0.5967188 0.033104658
vt 0.5967188 0.033104658
vt 0.5967188 0.033104658
vt 0.5967188 0.033104658
vt 0.5967188 0.033104658
vt 0.5967188 0.033104658
vt 0.5967188 0.033104658
vt 0.5967188 0.033104658
vt 0.5967188 0.033104658
vt 0.5967188 0.033104658
vt 0.5967188 0.033104658
vt 0.08863215 0.02927578
vt 0.08863215 0.02927578
vt 0.08863215 0.02927578
vt 0.08863215 0.02927578
vt 0.08863215 0.02927578
vt 0.08863215 0.02927578
vt 0.08863215 0.02927578
vt 0.08863215 0.02927578
vt 0.08863215 0.02927578
vt 0.08863215 0.02927578
vt 0.08863215 0.02927578
vt 0.08863215 0.02927578
vt 0.08863215 0.02927578
vt 0.08863215 0.02927578
vt 0.08863215 0.02927578
vt 0.08863215 0.02927578
vt 0.08863215 0.02927578
vt 0.08863215 0.02927578
vt 0.08863215 0.02927578
vt 0.08863215 0.02927578
vt 0.08863215 0.02927578
vt 0.08863215 0.02927578
vt 0.08863215 0.02927578
vt 0.08863215 0.02927578
vt 0.08863215 0.02927578
vt 0.08863215 0.02927578
vt 0.08863215 0.02927578
vt 0.08863215 0.02927578
vt 0.08863215 0.02927578
vt 0.08863215 0.02927578
vt 0.08863215 0.02927578
vt 0.08863215 0.02927578
vt 0.15812002 0.037204713
vt 0.15812002 0.037204713
vt 0.15812002 0.037204713
vt 0.15812002 0.037204713
vt 0.15812002 0.037204713
vt 0.15812002 0.037204713
vt 0.15812002 0.037204713
vt 0.15812002 0.037204713
vt 0.15812002 0.037204713
vt 0.15812002 0.037204713
vt 0.15812002 0.037204713
vt 0.15812002 0.037204713
vt 0.15812002 0.037204713
vt 0.15812002 0.037204713
vt 0.15812002 0.037204713
vt 0.15812002 0.037204713
vt 0.15812002 0.037204713
vt 0.15812002 0.037204713
vt 0.15812002 0.037204713
vt 0.15812002 0.037204713
vt 0.663484 0.027903542
vt 0.663484 0.027903542
vt 0.663484 0.027903542
vt 0.663484 0.027903542
vt 0.663484 0.027903542
vt 0.663484 0.027903542
vt 0.663484 0.027903542
vt 0.663484 0.027903542
vt 0.663484 0.027903542
vt 0.663484 0.027903542
vt 0.663484 0.027903542
vt 0.663484 0.027903542
vt 0.663484 0.027903542
vt 0.663484 0.027903542
vt 0.663484 0.027903542
vt 0.663484 0.027903542
vt 0.663484 0.027903542
vt 0.663484 0.027903542
vt 0.663484 0.027903542
vt 0.663484 0.027903542
vt 0.15812002 0.037204713
vt 0.15812002 0.037204713
vt 0.15812002 0.037204713
vt 0.15812002 0.037204713
vt 0.15812002 0.037204713
vt 0.15812002 0.037204713
vt 0.15812002 0.037204713
vt 0.15812002 0.037204713
vt 0.15812002 0.037204713
vt 0.15812002 0.037204713
vt 0.15812002 0.037204713
vt 0.15812002 0.037204713
vt 0.15812002 0.037204713
vt 0.15812002 0.037204713
vt 0.15812002 0.037204713
vt 0.15812002 0.037204713
vt 0.15812002 0.037204713
vt 0.15812002 0.037204713
vt 0.15812002 0.037204713
vt 0.15812002 0.037204713
vt 0.15812002 0.037204713
vt 0.15812002 0.037204713
vt 0.15812002 0.037204713
vt 0.15812002 0.037204713
vt 0.15812002 0.037204713
vt 0.15812002 0.037204713
vt 0.15812002 0.037204713
vt 0.15812002 0.037204713
vt 0.15812002 0.037204713
vt 0.15812002 0.037204713
vt 0.15812002 0.037204713
vt 0.15812002 0.037204713
vt 0.15812002 0.037204713
vt 0.15812002 0.037204713
vt 0.15812002 0.037204713
vt 0.15812002 0.037204713
vt 0.15812002 0.037204713
vt 0.15812002 0.037204713
vt 0.15812002 0.037204713
vt 0.15812002 0.037204713
vt 0.10031452 0.4052249
vt 0.10031452 0.4052249
vt 0.10031452 0.4052249
vt 0.10031452 0.4052249
vt 0.10031452 0.4052249
vt 0.10031452 0.4052249
vt 0.10031452 0.4052249
vt 0.10031452 0.4052249
vt 0.10031452 0.4052249
vt 0.10031452 0.4052249
vt 0.10031452 0.4052249
vt 0.10031452 0.4052249
vt 0.10031452 0.4052249
vt 0.10031452 0.4052249
vt 0.10031452 0.4052249
vt 0.10031452 0.4052249
vt 0.10031452 0.4052249
vt 0.10031452 0.4052249
vt 0.10031452 0.4052249
vt 0.10031452 0.4052249
vt 0.10031452 0.4052249
vt 0.10031452 0.4052249
vt 0.10031452 0.4052249
vt 0.10031452 0.4052249
vt 0.10031452 0.4052249
vt 0.10031452 0.4052249
vt 0.10031452 0.4052249
vt 0.10031452 0.4052249
vt 0.10031452 0.4052249
vt 0.10031452 0.4052249
vt 0.10031452 0.4052249
vt 0.10031452 0.4052249
vt 0.10031452 0.4052249
vt 0.10031452 0.4052249
vt 0.10031452 0.4052249
vt 0.10031452 0.4052249
vt 0.10031452 0.4052249
vt 0.10031452 0.4052249
vt 0.10031452 0.4052249
vt 0.10031452 0.4052249
vt 0.10031452 0.4052249
vt 0.10031452 0.4052249
vt 0.10031452 0.4052249
vt 0.10031452 0.4052249
vt 0.10031452 0.4052249
vt 0.10031452 0.4052249
vt 0.10031452 0.4052249
vt 0.10031452 0.4052249
vt 0.10031452 0.4052249
vt 0.10031452 0.4052249
vt 0.10031452 0.4052249
vt 0.10031452 0.4052249
vt 0.10031452 0.4052249
vt 0.10031452 0.4052249
vt 0.10031452 0.4052249
vt 0.10031452 0.4052249
vt 0.10031452 0.4052249
vt 0.10031452 0.4052249
vt 0.10031452 0.4052249
vt 0.10031452 0.4052249
vt 0.10031452 0.4052249
vt 0.10031452 0.4052249
vt 0.10031452 0.4052249
vt 0.10031452 0.4052249
vt 0.10031452 0.4052249
vt 0.10031452 0.4052249
vt 0.10031452 0.4052249
vt 0.10031452 0.4052249
vt 0.10031452 0.4052249
vt 0.10031452 0.4052249
vt 0.10031452 0.4052249
vt 0.10031452 0.4052249
vt 0.10031452 0.4052249
vt 0.10031452 0.4052249
vt 0.10031452 0.4052249
vt 0.10031452 0.4052249
vt 0.10031452 0.4052249
vt 0.10031452 0.4052249
vt 0.10031452 0.4052249
vt 0.10031452 0.4052249
vt 0.10031452 0.4052249
vt 0.10031452 0.4052249
vt 0.10031452 0.4052249
vt 0.10031452 0.4052249
vt 0.10031452 0.4052249
vt 0.10031452 0.4052249
vt 0.10031452 0.4052249
vt 0.10031452 0.4052249
vt 0.14571846 0.021702748
vt 0.14571846 0.021702748
vt 0.14571846 0.021702748
vt 0.14571846 0.021702748
vt 0.14571846 0.021702748
vt 0.14571846 0.021702748
vt 0.14571846 0.021702748
vt 0.14571846 0.021702748
vt 0.14571846 0.021702748
vt 0.14571846 0.021702748
vt 0.14571846 0.021702748
vt 0.14571846 0.021702748
vt 0.14571846 0.021702748
vt 0.14571846 0.021702748
vt 0.14571846 0.021702748
vt 0.14571846 0.021702748
vt 0.14571846 0.021702748
vt 0.14571846 0.021702748
vt 0.14571846 0.021702748
vt 0.14571846 0.021702748
vt 0.14571846 0.021702748
vt 0.14571846 0.021702748
vt 0.14571846 0.021702748
vt 0.14571846 0.021702748
vt 0.14571846 0.021702748
vt 0.14571846 0.021702748
vt 0.14571846 0.021702748
vt 0.14571846 0.021702748
vt 0.14571846 0.021702748
vt 0.14571846 0.021702748
vt 0.14571846 0.021702748
vt 0.14571846 0.021702748
vt 0.14571846 0.021702748
vt 0.14571846 0.021702748
vt 0.14571846 0.021702748
vt 0.14571846 0.021702748
vt 0.14571846 0.021702748
vt 0.14571846 0.021702748
vt 0.14571846 0.021702748
vt 0.14571846 0.021702748
vt 0.14571846 0.021702748
vt 0.14571846 0.021702748
vt 0.14571846 0.021702748
vt 0.14571846 0.021702748
vt 0.14571846 0.021702748
vt 0.14571846 0.021702748
vt 0.14571846 0.021702748
vt 0.14571846 0.021702748
vt 0.14571846 0.021702748
vt 0.14571846 0.021702748
vt 0.14571846 0.021702748
vt 0.14571846 0.021702748
vt 0.14571846 0.021702748
vt 0.14571846 0.021702748
vt 0.14571846 0.021702748
vt 0.14571846 0.021702748
vt 0.14571846 0.021702748
vt 0.14571846 0.021702748
vt 0.14571846 0.021702748
vt 0.14571846 0.021702748
vt 0.14571846 0.021702748
vt 0.14571846 0.021702748
vt 0.14571846 0.021702748
vt 0.14571846 0.021702748
vt 0.14571846 0.021702748
vt 0.14571846 0.021702748
vt 0.14571846 0.021702748
vt 0.14571846 0.021702748
vt 0.14571846 0.021702748
vt 0.14571846 0.021702748
vt 0.14571846 0.021702748
vt 0.14571846 0.021702748
vt 0.14571846 0.021702748
vt 0.14571846 0.021702748
vt 0.14571846 0.021702748
vt 0.14571846 0.021702748
vt 0.14571846 0.021702748
vt 0.14571846 0.021702748
vt 0.14571846 0.021702748
vt 0.14571846 0.021702748
vt 0.14571846 0.021702748
vt 0.14571846 0.021702748
vt 0.14571846 0.021702748
vt 0.14571846 0.021702748
vt 0.14571846 0.021702748
vt 0.14571846 0.021702748
vt 0.14571846 0.021702748
vt 0.14571846 0.021702748
vt 0.14571846 0.021702748
vt 0.14571846 0.021702748
vt 0.14571846 0.021702748
vt 0.14571846 0.021702748
vt 0.14571846 0.021702748
vt 0.14571846 0.021702748
vt 0.14571846 0.021702748
vt 0.14571846 0.021702748
vt 0.14571846 0.021702748
vt 0.14571846 0.021702748
vt 0.14571846 0.021702748
vt 0.14571846 0.021702748
vt 0.14571846 0.021702748
vt 0.14571846 0.021702748
vt 0.14571846 0.021702748
vt 0.14571846 0.021702748
vt 0.14571846 0.021702748
vt 0.14571846 0.021702748
vt 0.14571846 0.021702748
vt 0.14571846 0.021702748
vt 0.14571846 0.021702748
vt 0.14571846 0.021702748
vt 0.14571846 0.021702748
vt 0.14571846 0.021702748
vt 0.14571846 0.021702748
vt 0.14571846 0.021702748
vt 0.14571846 0.021702748
vt 0.14571846 0.021702748
vt 0.14571846 0.021702748
vt 0.14571846 0.021702748
vt 0.14571846 0.021702748
vt 0.14571846 0.021702748
vt 0.14571846 0.021702748
vt 0.14571846 0.021702748
vt 0.14571846 0.021702748
vt 0.14571846 0.021702748
vt 0.14571846 0.021702748
vt 0.14571846 0.021702748
vt 0.14571846 0.021702748
vt 0.14571846 0.021702748
vt 0.14571846 0.021702748
vt 0.14571846 0.021702748
vt 0.14571846 0.021702748
vt 0.14571846 0.021702748
vt 0.14571846 0.021702748
vt 0.14571846 0.021702748
vt 0.14571846 0.021702748
vt 0.14571846 0.021702748
vt 0.14571846 0.021702748
vt 0.14571846 0.021702748
vt 0.14571846 0.021702748
vt 0.14571846 0.021702748
vt 0.14571846 0.021702748
vt 0.14571846 0.021702748
vt 0.14571846 0.021702748
vt 0.14571846 0.021702748
vt 0.08863215 0.02927578
vt 0.08863215 0.02927578
vt 0.08863215 0.02927578
vt 0.08863215 0.02927578
vt 0.08863215 0.02927578
vt 0.08863215 0.02927578
vt 0.08863215 0.02927578
vt 0.08863215 0.02927578
vt 0.08863215 0.02927578
vt 0.08863215 0.02927578
vt 0.08863215 0.02927578
vt 0.08863215 0.02927578
vt 0.08863215 0.02927578
vt 0.08863215 0.02927578
vt 0.08863215 0.02927578
vt 0.08863215 0.02927578
vt 0.08863215 0.02927578
vt 0.08863215 0.02927578
vt 0.08863215 0.02927578
vt 0.08863215 0.02927578
vt 0.08863215 0.02927578
vt 0.08863215 0.02927578
vt 0.08863215 0.02927578
vt 0.08863215 0.02927578
vt 0.16614196 0.032376174
vt 0.16614196 0.032376174
vt 0.16614196 0.032376174
vt 0.16614196 0.032376174
vt 0.16614196 0.032376174
vt 0.16614196 0.032376174
vt 0.16614196 0.032376174
vt 0.16614196 0.032376174
vt 0.16614196 0.032376174
vt 0.16614196 0.032376174
vt 0.16614196 0.032376174
vt 0.16614196 0.032376174
vt 0.16614196 0.032376174
vt 0.16614196 0.032376174
vt 0.16614196 0.032376174
vt 0.16614196 0.032376174
vt 0.16614196 0.032376174
vt 0.16614196 0.032376174
vt 0.16614196 0.032376174
vt 0.16614196 0.032376174
vt 0.16614196 0.032376174
vt 0.16614196 0.032376174
vt 0.16614196 0.032376174
vt 0.16614196 0.032376174
vt 0.16614196 0.032376174
vt 0.16614196 0.032376174
vt 0.16614196 0.032376174
vt 0.16614196 0.032376174
vt 0.16614196 0.032376174
vt 0.16614196 0.032376174
vt 0.16614196 0.032376174
vt 0.16614196 0.032376174
vt 0.16614196 0.032376174
vt 0.16614196 0.032376174
vt 0.16614196 0.032376174
vt 0.16614196 0.032376174
vt 0.16614196 0.032376174
vt 0.16614196 0.032376174
vt 0.16614196 0.032376174
vt 0.16614196 0.032376174
vt 0.6755241 0.029915392
vt 0.6755241 0.029915392
vt 0.6755241 0.029915392
vt 0.6755241 0.029915392
vt 0.6755241 0.029915392
vt 0.6755241 0.029915392
vt 0.6755241 0.029915392
vt 0.6755241 0.029915392
vt 0.6755241 0.029915392
vt 0.6755241 0.029915392
vt 0.6755241 0.029915392
vt 0.6755241 0.029915392
vt 0.6755241 0.029915392
vt 0.67552406 0.029915392
vt 0.6755241 0.029915392
vt 0.6755241 0.029915392
vt 0.6755241 0.029915392
vt 0.6755241 0.029915392
vt 0.6755241 0.029915392
vt 0.6755241 0.029915392
vt 0.6755241 0.029915392
vt 0.6755241 0.029915392
vt 0.6755241 0.029915392
vt 0.6755241 0.02991539
vt 0.6755241 0.029915392
vt 0.6755241 0.029915392
vt 0.6755241 0.029915392
vt 0.6755241 0.029915392
vt 0.6755241 0.029915392
vt 0.6755241 0.029915392
vt 0.6755241 0.029915392
vt 0.6755241 0.029915392
vt 0.6755241 0.029915392
vt 0.6755241 0.029915392
vt 0.6755241 0.029915392
vt 0.6755241 0.029915392
vt 0.6755241 0.029915392
vt 0.6755241 0.029915392
vt 0.6755241 0.029915392
vt 0.6755241 0.029915392
vt 0.6755241 0.029915392
vt 0.6755241 0.029915392
vt 0.6755241 0.029915392
vt 0.6755241 0.029915392
vt 0.6755241 0.029915392
vt 0.67552406 0.029915392
vt 0.6755241 0.029915392
vt 0.6755241 0.029915392
vt 0.6755241 0.029915392
vt 0.6755241 0.029915392
vt 0.6755241 0.029915392
vt 0.6755241 0.029915392
vt 0.6755241 0.029915392
vt 0.6755241 0.029915392
vt 0.6755241 0.029915392
vt 0.6755241 0.02991539
vt 0.6755241 0.029915392
vt 0.6755241 0.029915392
vt 0.6755241 0.029915392
vt 0.6755241 0.029915392
vt 0.6755241 0.029915392
vt 0.6755241 0.029915392
vt 0.6755241 0.029915392
vt 0.6755241 0.029915392
vt 0.16614196 0.032376174
vt 0.16614196 0.032376174
vt 0.16614196 0.032376174
vt 0.16614196 0.032376174
vt 0.16614196 0.032376174
vt 0.16614196 0.032376174
vt 0.16614196 0.032376174
vt 0.16614196 0.032376174
vt 0.16614196 0.032376174
vt 0.16614196 0.032376174
vt 0.16614196 0.032376174
vt 0.16614196 0.032376174
vt 0.16614196 0.032376174
vt 0.16614196 0.032376174
vt 0.16614196 0.032376174
vt 0.16614196 0.032376174
vt 0.16614196 0.032376174
vt 0.16614196 0.032376174
vt 0.16614196 0.032376174
vt 0.16614196 0.032376174
vt 0.16614196 0.032376174
vt 0.16614196 0.032376174
vt 0.16614196 0.032376174
vt 0.16614196 0.032376174
vt 0.08863215 0.02927578
vt 0.08863215 0.02927578
vt 0.08863215 0.02927578
vt 0.08863215 0.02927578
vt 0.08863215 0.02927578
vt 0.08863215 0.02927578
vt 0.08863215 0.02927578
vt 0.08863215 0.02927578
vt 0.08863215 0.02927578
vt 0.08863215 0.02927578
vt 0.08863215 0.02927578
vt 0.08863215 0.02927578
vt 0.08863215 0.02927578
vt 0.08863215 0.02927578
vt 0.08863215 0.02927578
vt 0.08863215 0.02927578
vt 0.08863215 0.02927578
vt 0.08863215 0.02927578
vt 0.08863215 0.02927578
vt 0.08863215 0.02927578
vt 0.08863215 0.02927578
vt 0.08863215 0.02927578
vt 0.08863215 0.02927578
vt 0.08863215 0.02927578
vt 0.22504938 0.047878094
vt 0.22504938 0.047878094
vt 0.22504938 0.047878094
vt 0.22504938 0.047878094
vt 0.22504938 0.047878094
vt 0.22504938 0.047878094
vt 0.22504938 0.047878094
vt 0.22504938 0.047878094
vt 0.22504938 0.047878094
vt 0.22504938 0.047878094
vt 0.22504938 0.047878094
vt 0.22504938 0.047878094
vt 0.22504938 0.047878094
vt 0.22504938 0.047878094
vt 0.22504938 0.047878094
vt 0.22504938 0.047878094
vt 0.22504938 0.047878094
vt 0.22504938 0.047878094
vt 0.22504938 0.047878094
vt 0.22504938 0.047878094
vt 0.22504938 0.047878094
vt 0.22504938 0.047878094
vt 0.22504938 0.047878094
vt 0.22504938 0.047878094
vt 0.23392545 0.087537
vt 0.23392545 0.087537
vt 0.23392545 0.087537
vt 0.23392545 0.087537
vt 0.23392545 0.087537
vt 0.23392545 0.087537
vt 0.23392545 0.087537
vt 0.23392545 0.087537
vt 0.23392545 0.087537
vt 0.23392545 0.087537
vt 0.23392545 0.087537
vt 0.23392545 0.087537
vt 0.23392545 0.087537
vt 0.23392545 0.087537
vt 0.23392545 0.087537
vt 0.23392545 0.087537
vt 0.23392545 0.087537
vt 0.23392545 0.087537
vt 0.23392545 0.087537
vt 0.23392545 0.087537
vt 0.23392545 0.087537
vt 0.23392545 0.087537
vt 0.23392545 0.087537
vt 0.23392545 0.087537
vt 0.15667464 0.03921652
vt 0.15667464 0.03921652
vt 0.15667464 0.03921652
vt 0.15667464 0.03921652
vt 0.15667464 0.03921652
vt 0.15667464 0.03921652
vt 0.15667464 0.03921652
vt 0.15667464 0.03921652
vt 0.15667464 0.03921652
vt 0.15667464 0.03921652
vt 0.15667464 0.03921652
vt 0.15667464 0.03921652
vt 0.15667464 0.03921652
vt 0.15667464 0.03921652
vt 0.15667464 0.03921652
vt 0.15667464 0.03921652
vt 0.15667464 0.03921652
vt 0.15667464 0.03921652
vt 0.15667464 0.03921652
vt 0.15667464 0.03921652
vt 0.15667464 0.03921652
vt 0.15667464 0.03921652
vt 0.15667464 0.03921652
vt 0.15667464 0.03921652
vt 0.16159613 0.03675574
vt 0.16159613 0.03675574
vt 0.16159613 0.03675574
vt 0.16159613 0.03675574
vt 0.16159613 0.03675574
vt 0.16159613 0.03675574
vt 0.16159613 0.03675574
vt 0.16159613 0.03675574
vt 0.16159613 0.03675574
vt 0.16159613 0.03675574
vt 0.16159613 0.03675574
vt 0.16159613 0.03675574
vt 0.16159613 0.03675574
vt 0.16159613 0.03675574
vt 0.16159613 0.03675574
vt 0.16159613 0.03675574
vt 0.16159613 0.03675574
vt 0.16159613 0.03675574
vt 0.16159613 0.03675574
vt 0.16159613 0.03675574
vt 0.16159613 0.03675574
vt 0.16159613 0.03675574
vt 0.16159613 0.03675574
vt 0.16159613 0.03675574
vt 0.08863215 0.02927578
vt 0.08863215 0.02927578
vt 0.08863215 0.02927578
vt 0.08863215 0.02927578
vt 0.08863215 0.02927578
vt 0.08863215 0.02927578
vt 0.08863215 0.02927578
vt 0.08863215 0.02927578
vt 0.08863215 0.02927578
vt 0.08863215 0.02927578
vt 0.08863215 0.02927578
vt 0.08863215 0.02927578
vt 0.08863215 0.02927578
vt 0.08863215 0.02927578
vt 0.08863215 0.02927578
vt 0.08863215 0.02927578
vt 0.08863215 0.02927578
vt 0.08863215 0.02927578
vt 0.08863215 0.02927578
vt 0.08863215 0.02927578
vt 0.08863215 0.02927578
vt 0.08863215 0.02927578
vt 0.08863215 0.02927578
vt 0.08863215 0.02927578
vt 0.22504938 0.047878094
vt 0.22504938 0.047878094
vt 0.22504938 0.047878094
vt 0.22504938 0.047878094
vt 0.22504938 0.047878094
vt 0.22504938 0.047878094
vt 0.22504938 0.047878094
vt 0.22504938 0.047878094
vt 0.22504938 0.047878094
vt 0.22504938 0.047878094
vt 0.22504938 0.047878094
vt 0.22504938 0.047878094
vt 0.22504938 0.047878094
vt 0.22504938 0.047878094
vt 0.22504938 0.047878094
vt 0.22504938 0.047878094
vt 0.22504938 0.047878094
vt 0.22504938 0.047878094
vt 0.22504938 0.047878094
vt 0.22504938 0.047878094
vt 0.22504938 0.047878094
vt 0.22504938 0.047878094
vt 0.22504938 0.047878094
vt 0.22504938 0.047878094
vt 0.23392545 0.087537
vt 0.23392545 0.087537
vt 0.23392545 0.087537
vt 0.23392545 0.087537
vt 0.23392545 0.087537
vt 0.23392545 0.087537
vt 0.23392545 0.087537
vt 0.23392545 0.087537
vt 0.23392545 0.087537
vt 0.23392545 0.087537
vt 0.23392545 0.087537
vt 0.23392545 0.087537
vt 0.23392545 0.087537
vt 0.23392545 0.087537
vt 0.23392545 0.087537
vt 0.23392545 0.087537
vt 0.23392545 0.087537
vt 0.23392545 0.087537
vt 0.23392545 0.087537
vt 0.23392545 0.087537
vt 0.23392545 0.087537
vt 0.23392545 0.087537
vt 0.23392545 0.087537
vt 0.23392545 0.087537
vt 0.1615962 0.03921652
vt 0.1615962 0.03921652
vt 0.1615962 0.03921652
vt 0.1615962 0.03921652
vt 0.1615962 0.03921652
vt 0.1615962 0.03921652
vt 0.1615962 0.03921652
vt 0.1615962 0.03921652
vt 0.1615962 0.03921652
vt 0.1615962 0.03921652
vt 0.1615962 0.03921652
vt 0.1615962 0.03921652
vt 0.1615962 0.03921652
vt 0.1615962 0.03921652
vt 0.1615962 0.03921652
vt 0.1615962 0.03921652
vt 0.1615962 0.03921652
vt 0.1615962 0.03921652
vt 0.1615962 0.03921652
vt 0.1615962 0.03921652
vt 0.1615962 0.03921652
vt 0.1615962 0.03921652
vt 0.1615962 0.03921652
vt 0.1615962 0.03921652
vt 0.16159613 0.03675574
vt 0.16159613 0.03675574
vt 0.16159613 0.03675574
vt 0.16159613 0.03675574
vt 0.16159613 0.03675574
vt 0.16159613 0.03675574
vt 0.16159613 0.03675574
vt 0.16159613 0.03675574
vt 0.16159613 0.03675574
vt 0.16159613 0.03675574
vt 0.16159613 0.03675574
vt 0.16159613 0.03675574
vt 0.16159613 0.03675574
vt 0.16159613 0.03675574
vt 0.16159613 0.03675574
vt 0.16159613 0.03675574
vt 0.16159613 0.03675574
vt 0.16159613 0.03675574
vt 0.16159613 0.03675574
vt 0.16159613 0.03675574
vt 0.16159613 0.03675574
vt 0.16159613 0.03675574
vt 0.16159613 0.03675574
vt 0.16159613 0.03675574
vt 0.6572832 0.027903542
vt 0.6572832 0.027903542
vt 0.6572832 0.027903542
vt 0.6572832 0.027903542
vt 0.6572832 0.027903542
vt 0.6572832 0.027903542
vt 0.6572832 0.027903542
vt 0.6572832 0.027903542
vt 0.6572832 0.027903542
vt 0.6572832 0.027903542
vt 0.6572832 0.027903542
vt 0.6572832 0.027903542
vt 0.6572832 0.027903542
vt 0.6572832 0.027903542
vt 0.6572832 0.027903542
vt 0.6572832 0.027903542
vt 0.6572832 0.027903542
vt 0.6572832 0.027903542
vt 0.6572832 0.027903542
vt 0.6572832 0.027903542
vt 0.22273996 0.08897418
vt 0.22273996 0.08897418
vt 0.22273996 0.08897418
vt 0.22273996 0.08897418
vt 0.22273996 0.08897418
vt 0.22273996 0.08897418
vt 0.22273996 0.08897418
vt 0.22273996 0.08897418
vt 0.22273996 0.08897418
vt 0.22273996 0.08897418
vt 0.22273996 0.08897418
vt 0.22273996 0.08897418
vt 0.22273996 0.08897418
vt 0.22273996 0.08897418
vt 0.22273996 0.08897418
vt 0.22273996 0.08897418
vt 0.22273996 0.08897418
vt 0.22273996 0.08897418
vt 0.22273996 0.08897418
vt 0.22273996 0.08897418
vt 0.22273996 0.08897418
vt 0.22273996 0.08897418
vt 0.22273996 0.08897418
vt 0.22273996 0.08897418
vt 0.22273996 0.08897418
vt 0.22273996 0.08897418
vt 0.22273996 0.08897418
vt 0.22273996 0.08897418
vt 0.22273996 0.08897418
vt 0.22273996 0.08897418
vt 0.22273996 0.08897418
vt 0.22273996 0.08897418
vt 0.21857128 0.089038506
vt 0.21857128 0.089038506
vt 0.21857128 0.089038506
vt 0.21857128 0.089038506
vt 0.21857128 0.089038506
vt 0.21857128 0.089038506
vt 0.21857128 0.089038506
vt 0.21857128 0.089038506
vt 0.21857128 0.089038506
vt 0.21857128 0.089038506
vt 0.21857128 0.089038506
vt 0.21857128 0.089038506
vt 0.21857128 0.089038506
vt 0.21857128 0.089038506
vt 0.21857128 0.089038506
vt 0.21857128 0.089038506
vt 0.21857128 0.089038506
vt 0.21857128 0.089038506
vt 0.21857128 0.089038506
vt 0.21857128 0.089038506
vt 0.21857128 0.089038506
vt 0.21857128 0.089038506
vt 0.21857128 0.089038506
vt 0.21857128 0.089038506
vt 0.21560748 0.08607469
vt 0.21560748 0.08607469
vt 0.21560748 0.08607469
vt 0.21560748 0.08607469
vt 0.21560748 0.08607469
vt 0.21560748 0.08607469
vt 0.21560748 0.08607469
vt 0.21560748 0.08607469
vt 0.21560748 0.08607469
vt 0.21560748 0.08607469
vt 0.21560748 0.08607469
vt 0.21560748 0.08607469
vt 0.21560748 0.08607469
vt 0.21560748 0.08607469
vt 0.21560748 0.08607469
vt 0.21560748 0.08607469
vt 0.21560748 0.08607469
vt 0.21560748 0.08607469
vt 0.21560748 0.08607469
vt 0.21560748 0.08607469
vt 0.21560748 0.08607469
vt 0.21560748 0.08607469
vt 0.21560748 0.08607469
vt 0.21560748 0.08607469
vt 0.08863215 0.02927578
vt 0.08863215 0.02927578
vt 0.08863215 0.02927578
vt 0.08863215 0.02927578
vt 0.08863215 0.02927578
vt 0.08863215 0.02927578
vt 0.08863215 0.02927578
vt 0.08863215 0.02927578
vt 0.08863215 0.02927578
vt 0.08863215 0.02927578
vt 0.08863215 0.02927578
vt 0.08863215 0.02927578
vt 0.08863215 0.02927578
vt 0.08863215 0.02927578
vt 0.08863215 0.02927578
vt 0.08863215 0.02927578
vt 0.08863215 0.02927578
vt 0.08863215 0.02927578
vt 0.08863215 0.02927578
vt 0.08863215 0.02927578
vt 0.08863215 0.02927578
vt 0.08863215 0.02927578
vt 0.08863215 0.02927578
vt 0.08863215 0.02927578
vt 0.15905839 0.020870455
vt 0.15905839 0.020870455
vt 0.15905839 0.020870455
vt 0.15905839 0.020870455
vt 0.15905839 0.020870455
vt 0.15905839 0.02087047
vt 0.15905839 0.020870455
vt 0.15905839 0.020870455
vt 0.15905839 0.020870455
vt 0.15905839 0.020870455
vt 0.15905839 0.020870455
vt 0.15905839 0.020870455
vt 0.15905839 0.020870455
vt 0.15905839 0.020870455
vt 0.15905839 0.020870455
vt 0.15905839 0.020870455
vt 0.15905839 0.020870455
vt 0.15905839 0.020870455
vt 0.15905839 0.020870455
vt 0.15905839 0.020870455
vt 0.15905839 0.020870455
vt 0.15905839 0.020870455
vt 0.15905839 0.020870455
vt 0.15905839 0.020870455
vt 0.15905839 0.020870455
vt 0.15905839 0.020870455
vt 0.15905839 0.020870455
vt 0.15905839 0.020870455
vt 0.15905839 0.020870455
vt 0.15905839 0.020870455
vt 0.15905839 0.020870455
vt 0.15905839 0.020870455
vt 0.15905839 0.020870455
vt 0.15905839 0.020870455
vt 0.15905839 0.020870455
vt 0.15905839 0.020870455
vt 0.15905839 0.020870455
vt 0.15905839 0.020870455
vt 0.15905839 0.020870455
vt 0.15905839 0.02087047
vt 0.15905839 0.020870455
vt 0.15905839 0.020870455
vt 0.15905839 0.020870455
vt 0.15905863 0.02087047
vt 0.15905839 0.020870455
vt 0.15905839 0.020870455
vt 0.15905839 0.020870455
vt 0.15905839 0.020870455
vt 0.15905839 0.020870455
vt 0.15905839 0.02087047
vt 0.3622555 0.4409503
vt 0.35539484 0.3840258
vt 0.36290726 0.38375327
vt 0.36912933 0.44087696
vt 0.38287795 0.38327137
vt 0.36151946 0.4830519
vt 0.35431 0.48085186
vt 0.33243853 0.49846882
vt 0.37948778 0.49512386
vt 0.3229955 0.49647743
vt 0.27021134 0.4996876
vt 0.3858255 0.44058603
vt 0.4080388 0.43903136
vt 0.4107103 0.38273513
vt 0.40350184 0.49252987
vt 0.42795298 0.43785867
vt 0.43831882 0.38044888
vt 0.44945464 0.4386083
vt 0.44954044 0.49028802
vt 0.4493355 0.3806194
vt 0.47137502 0.43816677
vt 0.46045128 0.38048545
vt 0.49172392 0.43949944
vt 0.48895037 0.38282824
vt 0.42052087 0.49146104
vt 0.41436586 0.53506494
vt 0.39796463 0.53470945
vt 0.47902593 0.49172425
vt 0.5141276 0.4411354
vt 0.51749194 0.38341138
vt 0.5308482 0.44141957
vt 0.5377582 0.3838999
vt 0.5453401 0.38412976
vt 0.5376887 0.44149107
vt 0.5436327 0.48058993
vt 0.5361389 0.48265612
vt 0.5671589 0.4944263
vt 0.5192426 0.4948591
vt 0.5571727 0.49642563
vt 0.49624908 0.49276018
vt 0.6029403 0.49769193
vt 0.6144001 0.49597228
vt 0.6726824 0.49526888
vt 0.6637565 0.49697506
vt 0.67378676 0.49949777
vt 0.6740428 0.51479316
vt 0.58505595 0.51056075
vt 0.54452443 0.5089838
vt 0.51883215 0.5350162
vt 0.501696 0.5346703
vt 0.52430594 0.5661682
vt 0.53997225 0.5371717
vt 0.6484735 0.5106384
vt 0.6452093 0.5413691
vt 0.6750094 0.54143953
vt 0.67608035 0.5681353
vt 0.5792434 0.5396573
vt 0.5858948 0.5693552
vt 0.6511412 0.5717673
vt 0.6673002 0.5852068
vt 0.676932 0.58308035
vt 0.67614996 0.58691436
vt 0.6111654 0.58474755
vt 0.6013166 0.58281034
vt 0.5541208 0.5800909
vt 0.5605309 0.5819067
vt 0.5344069 0.58199453
vt 0.5459134 0.5665639
vt 0.5303594 0.5800147
vt 0.5175705 0.58280206
vt 0.5140914 0.58073497
vt 0.50294775 0.58097
vt 0.50697863 0.5829674
vt 0.49032217 0.57118416
vt 0.5076602 0.5671193
vt 0.48519754 0.5350311
vt 0.44951475 0.5680846
vt 0.44953957 0.53469616
vt 0.4091749 0.5714573
vt 0.39182717 0.56723785
vt 0.38402435 0.5808083
vt 0.39649117 0.5812426
vt 0.3723349 0.56556857
vt 0.37940043 0.5830418
vt 0.39224294 0.5833614
vt 0.36282277 0.5792289
vt 0.35659358 0.58137965
vt 0.32154402 0.57979053
vt 0.330569 0.5779549
vt 0.37844774 0.53500974
vt 0.3435446 0.56496567
vt 0.28240007 0.57908565
vt 0.2723175 0.58094084
vt 0.21363172 0.5824239
vt 0.35012853 0.53737897
vt 0.29831958 0.5667466
vt 0.22239165 0.580829
vt 0.21312596 0.57870215
vt 0.21472135 0.5651272
vt 0.2387629 0.56862706
vt 0.30524635 0.5400893
vt 0.30025068 0.51340765
vt 0.3457783 0.510593
vt 0.24598391 0.54137415
vt 0.21705064 0.54146135
vt 0.21929285 0.5179006
vt 0.24410504 0.51378053
vt 0.2300285 0.5013501
vt 0.22025572 0.50393665
vt 0.2214527 0.4997626
vt 0.28200668 0.5013381
vt 0.5376887 0.44149107
vt 0.5453401 0.38412976
vt 0.5376278 0.3840906
vt 0.5306663 0.44169936
vt 0.5171455 0.38390076
vt 0.5357524 0.48257288
vt 0.5436327 0.48058993
vt 0.55666333 0.49636298
vt 0.51801157 0.49462616
vt 0.5671589 0.4944263
vt 0.6144001 0.49597228
vt 0.5134755 0.44177097
vt 0.49092102 0.4404377
vt 0.48847988 0.38359386
vt 0.47823974 0.383087
vt 0.47984797 0.43920624
vt 0.48190886 0.49174917
vt 0.4932618 0.49267447
vt 0.49507734 0.53363025
vt 0.4847413 0.5336978
vt 0.49026757 0.57078016
vt 0.49608824 0.5699531
vt 0.51775396 0.53416455
vt 0.51406556 0.58072895
vt 0.5028144 0.5810382
vt 0.50697863 0.5829674
vt 0.5175705 0.58280206
vt 0.5344069 0.58199453
vt 0.53038394 0.5800076
vt 0.5605309 0.5819067
vt 0.52403843 0.5657515
vt 0.554111 0.5800876
vt 0.54571956 0.5664133
vt 0.5393084 0.53676045
vt 0.60131645 0.58281034
vt 0.6111654 0.58474755
vt 0.67614996 0.58691436
vt 0.5858696 0.56933284
vt 0.6673002 0.5852068
vt 0.676932 0.58308035
vt 0.67608035 0.5681353
vt 0.65114117 0.5717673
vt 0.57912046 0.53956777
vt 0.5849004 0.51056206
vt 0.54351026 0.508669
vt 0.64520925 0.5413691
vt 0.6750094 0.54143953
vt 0.6740428 0.51479316
vt 0.6484735 0.5106384
vt 0.66375643 0.49697506
vt 0.67378676 0.49949777
vt 0.6726824 0.49526888
vt 0.6029104 0.49770045
vt 0.3622555 0.4409503
vt 0.36305076 0.38402444
vt 0.35539484 0.3840258
vt 0.36930567 0.44123653
vt 0.35431 0.48085186
vt 0.38319933 0.3838785
vt 0.3619451 0.48293802
vt 0.38066024 0.494878
vt 0.3229955 0.49647743
vt 0.38642412 0.4413391
vt 0.4104219 0.3819504
vt 0.4086883 0.44006312
vt 0.41205788 0.44237724
vt 0.41205788 0.4915067
vt 0.40657043 0.49243212
vt 0.41205788 0.53365636
vt 0.332937 0.4984203
vt 0.2820294 0.50134724
vt 0.27021134 0.4996876
vt 0.2214527 0.4997626
vt 0.23002844 0.5013501
vt 0.22025569 0.50393665
vt 0.21929285 0.5179006
vt 0.30037743 0.5134192
vt 0.3467999 0.5102476
vt 0.37951198 0.53405184
vt 0.40438354 0.533552
vt 0.37264782 0.5650721
vt 0.35080272 0.5369235
vt 0.4024854 0.5697991
vt 0.40914327 0.57098204
vt 0.39662 0.5812872
vt 0.38406283 0.58077997
vt 0.39224294 0.5833614
vt 0.37940043 0.5830418
vt 0.35659358 0.58137965
vt 0.3628285 0.57920635
vt 0.3305788 0.5779504
vt 0.32154402 0.57979053
vt 0.2723175 0.58094084
vt 0.34374464 0.5647893
vt 0.29833803 0.5667254
vt 0.28240007 0.57908565
vt 0.22239165 0.580829
vt 0.21363172 0.5824239
vt 0.21312596 0.57870215
vt 0.21472138 0.5651272
vt 0.23876283 0.568627
vt 0.24598387 0.54137415
vt 0.21705066 0.5414612
vt 0.30534095 0.54000473
vt 0.24410504 0.51378053
vt 0.41205788 0.4915067
vt 0.41205788 0.53365636
vt 0.41205788 0.5341823
vt 0.41205788 0.49162084
vt 0.41205788 0.44237724
vt 0.41205788 0.44197646
vt 0.40933868 0.43956545
vt 0.41137734 0.3819504
vt 0.40729165 0.4925202
vt 0.38201377 0.49565512
vt 0.38874033 0.44095656
vt 0.37378404 0.44114393
vt 0.38566417 0.3833598
vt 0.36760136 0.38343507
vt 0.36778012 0.44112885
vt 0.36089024 0.38347015
vt 0.358704 0.48395854
vt 0.3654098 0.48500413
vt 0.32419387 0.5014748
vt 0.33411303 0.5025611
vt 0.2820692 0.5060617
vt 0.2703181 0.504806
vt 0.22182786 0.5048701
vt 0.23053387 0.5060145
vt 0.22132125 0.5083058
vt 0.2197339 0.5199158
vt 0.30018687 0.5157611
vt 0.34721494 0.5120925
vt 0.24404702 0.5162663
vt 0.3800308 0.5343634
vt 0.2457852 0.5410892
vt 0.21720628 0.5411169
vt 0.21508579 0.5626903
vt 0.35083988 0.53698546
vt 0.3733793 0.56320304
vt 0.4052171 0.53398645
vt 0.30499864 0.5398304
vt 0.2980473 0.56416625
vt 0.40365806 0.56788534
vt 0.41136193 0.570228
vt 0.4004223 0.5786584
vt 0.38500357 0.5762667
vt 0.39627582 0.57985985
vt 0.38001147 0.5779538
vt 0.35694173 0.57627046
vt 0.36336738 0.57469946
vt 0.3306593 0.5733413
vt 0.3215442 0.57467127
vt 0.27215567 0.5758238
vt 0.34387735 0.56263465
vt 0.28217536 0.5743462
vt 0.22273451 0.5761648
vt 0.21386854 0.57730925
vt 0.21402027 0.57429206
vt 0.23866299 0.56590384
vt 0.36778012 0.44112885
vt 0.36760136 0.38343507
vt 0.36089024 0.38347015
vt 0.37378404 0.44114393
vt 0.38566417 0.3833598
vt 0.36540982 0.48500413
vt 0.358704 0.48395854
vt 0.33411306 0.5025611
vt 0.3820138 0.49565512
vt 0.32419387 0.5014748
vt 0.2703181 0.504806
vt 0.3887404 0.44095656
vt 0.40933874 0.43956545
vt 0.40521264 0.49265122
vt 0.41167447 0.38315704
vt 0.38287795 0.38327137
vt 0.4107103 0.38273513
vt 0.4285879 0.43853906
vt 0.4387229 0.38100782
vt 0.43831882 0.38044888
vt 0.44935134 0.38121217
vt 0.4493355 0.3806194
vt 0.44943348 0.4393566
vt 0.4494745 0.49050438
vt 0.46004388 0.38100782
vt 0.46045128 0.38048545
vt 0.47065753 0.43880296
vt 0.48794937 0.38315704
vt 0.48895037 0.38282824
vt 0.4903453 0.4399538
vt 0.5147092 0.3833713
vt 0.51749194 0.38341138
vt 0.5111768 0.44140172
vt 0.4215643 0.49162084
vt 0.4156623 0.5341823
vt 0.47782236 0.49186832
vt 0.52617335 0.44154868
vt 0.5330857 0.38347468
vt 0.53985256 0.38351023
vt 0.5321609 0.4415233
vt 0.53902864 0.48342407
vt 0.5321371 0.48450053
vt 0.5659091 0.49941283
vt 0.5167391 0.4954551
vt 0.55544925 0.5005334
vt 0.4944508 0.4928739
vt 0.60298765 0.5024728
vt 0.61438817 0.50109166
vt 0.6724149 0.5003823
vt 0.66325694 0.5016669
vt 0.6726747 0.50391895
vt 0.67346406 0.5168947
vt 0.5852728 0.51306117
vt 0.54328734 0.5105904
vt 0.5174825 0.5344063
vt 0.499998 0.53389823
vt 0.5235682 0.56370234
vt 0.5396027 0.53678
vt 0.64849514 0.5131818
vt 0.6453573 0.54108965
vt 0.67471284 0.5411144
vt 0.67560434 0.5656772
vt 0.5796535 0.53940636
vt 0.58635175 0.5666657
vt 0.65120393 0.56900036
vt 0.66695094 0.5805124
vt 0.6759972 0.57862854
vt 0.6759919 0.58179706
vt 0.6114253 0.57963395
vt 0.6016687 0.57803684
vt 0.5543089 0.5753944
vt 0.5607347 0.57679075
vt 0.5342706 0.5768768
vt 0.5459584 0.5640577
vt 0.5300723 0.5753881
vt 0.51703 0.5777073
vt 0.5131932 0.57615256
vt 0.49900496 0.57838506
vt 0.502929 0.5794823
vt 0.48809245 0.5699869
vt 0.5062223 0.56463516
vt 0.48378214 0.53418833
vt 0.44947296 0.5674148
vt 0.44947577 0.5338312
vt 0.41136196 0.570228
vt 0.39333415 0.5647457
vt 0.3996621 0.53388244
vt 0.38500357 0.5762667
vt 0.4004223 0.5786584
vt 0.3733793 0.56320304
vt 0.38001147 0.5779538
vt 0.39627582 0.57985985
vt 0.36336744 0.57469946
vt 0.35694173 0.57627046
vt 0.3215442 0.57467127
vt 0.33065936 0.5733413
vt 0.38003084 0.5343634
vt 0.34387743 0.56263465
vt 0.2821754 0.5743462
vt 0.27215567 0.5758238
vt 0.21386854 0.57730925
vt 0.3508399 0.53698546
vt 0.29804736 0.56416625
vt 0.22273456 0.5761648
vt 0.21402028 0.5742922
vt 0.21508579 0.5626903
vt 0.23866303 0.56590384
vt 0.3049987 0.5398304
vt 0.300187 0.5157611
vt 0.34721494 0.5120925
vt 0.24578525 0.5410892
vt 0.21720628 0.5411169
vt 0.2197339 0.5199158
vt 0.24404705 0.5162663
vt 0.23053396 0.5060145
vt 0.22132125 0.5083058
vt 0.22182786 0.5048701
vt 0.28206924 0.5060617
vt 0.5321609 0.4415233
vt 0.53308564 0.38347468
vt 0.53985256 0.38351023
vt 0.52617335 0.44154868
vt 0.5147091 0.3833713
vt 0.5321371 0.48450053
vt 0.53902864 0.48342407
vt 0.55544925 0.5005334
vt 0.5167391 0.4954551
vt 0.5659091 0.49941283
vt 0.61438817 0.50109166
vt 0.5111768 0.44140172
vt 0.4903453 0.4399538
vt 0.48794934 0.38315704
vt 0.4780556 0.38280463
vt 0.4794969 0.43880296
vt 0.48120907 0.49186832
vt 0.49268895 0.49276733
vt 0.49439865 0.5339985
vt 0.4837821 0.53418833
vt 0.48809245 0.5699869
vt 0.49500397 0.5679467
vt 0.5174825 0.5344063
vt 0.5131932 0.57615256
vt 0.49900493 0.57838506
vt 0.502929 0.5794823
vt 0.51703 0.5777073
vt 0.5342706 0.5768768
vt 0.5300723 0.5753881
vt 0.5607347 0.57679075
vt 0.5235682 0.56370234
vt 0.5543088 0.5753944
vt 0.5459583 0.5640577
vt 0.53960264 0.53678
vt 0.6016687 0.57803684
vt 0.6114253 0.57963395
vt 0.6759919 0.58179706
vt 0.5863517 0.5666657
vt 0.66695094 0.5805124
vt 0.6759972 0.57862854
vt 0.67560434 0.5656772
vt 0.65120393 0.56900036
vt 0.5796534 0.53940636
vt 0.58527267 0.51306117
vt 0.5432873 0.5105904
vt 0.64535725 0.54108965
vt 0.67471284 0.5411144
vt 0.67346406 0.5168947
vt 0.64849514 0.5131818
vt 0.66325694 0.5016669
vt 0.6726747 0.50391895
vt 0.6724149 0.5003823
vt 0.60298765 0.5024728
vt 0.39082444 0.45495877
vt 0.38786218 0.39949453
vt 0.41262332 0.39813733
vt 0.41066015 0.45361915
vt 0.35539484 0.3840258
vt 0.36089024 0.38347015
vt 0.36760136 0.38343507
vt 0.36290726 0.38375327
vt 0.38566417 0.3833598
vt 0.38287795 0.38327137
vt 0.4847413 0.5336978
vt 0.48809245 0.5699869
vt 0.49026757 0.57078016
vt 0.4837821 0.53418833
vt 0.48120907 0.49186832
vt 0.48190886 0.49174917
vt 0.47984797 0.43920624
vt 0.4794969 0.43880296
vt 0.47823974 0.383087
vt 0.4780556 0.38280463
vt 0.48847988 0.38359386
vt 0.48794934 0.38315704
vt 0.5171455 0.38390076
vt 0.5147091 0.3833713
vt 0.5376278 0.3840906
vt 0.53308564 0.38347468
vt 0.5453401 0.38412976
vt 0.53985256 0.38351023
vt 0.36305076 0.38402444
vt 0.36089024 0.38347015
vt 0.35539484 0.3840258
vt 0.36760136 0.38343507
vt 0.38319933 0.3838785
vt 0.38566417 0.3833598
vt 0.4104219 0.3819504
vt 0.41137734 0.3819504
vt 0.41205788 0.44197646
vt 0.41205788 0.44237724
vt 0.5377582 0.3838999
vt 0.53985256 0.38351023
vt 0.5453401 0.38412976
vt 0.5330857 0.38347468
vt 0.51749194 0.38341138
vt 0.5147092 0.3833713
vt 0.67378676 0.49949777
vt 0.6724149 0.5003823
vt 0.6726824 0.49526888
vt 0.6726747 0.50391895
vt 0.6740428 0.51479316
vt 0.67346406 0.5168947
vt 0.6750094 0.54143953
vt 0.67471284 0.5411144
vt 0.67608035 0.5681353
vt 0.67560434 0.5656772
vt 0.676932 0.58308035
vt 0.6759972 0.57862854
vt 0.67614996 0.58691436
vt 0.6759919 0.58179706
vt 0.676932 0.58308035
vt 0.6759919 0.58179706
vt 0.67614996 0.58691436
vt 0.6759972 0.57862854
vt 0.67608035 0.5681353
vt 0.67560434 0.5656772
vt 0.6750094 0.54143953
vt 0.67471284 0.5411144
vt 0.6740428 0.51479316
vt 0.67346406 0.5168947
vt 0.67378676 0.49949777
vt 0.6726747 0.50391895
vt 0.6726824 0.49526888
vt 0.6724149 0.5003823
vt 0.22025572 0.50393665
vt 0.22182786 0.5048701
vt 0.2214527 0.4997626
vt 0.22132125 0.5083058
vt 0.21929285 0.5179006
vt 0.2197339 0.5199158
vt 0.21705064 0.54146135
vt 0.21720628 0.5411169
vt 0.21472135 0.5651272
vt 0.21508579 0.5626903
vt 0.21312596 0.57870215
vt 0.21402028 0.5742922
vt 0.21363172 0.5824239
vt 0.21386854 0.57730925
vt 0.21312596 0.57870215
vt 0.21386854 0.57730925
vt 0.21363172 0.5824239
vt 0.21402027 0.57429206
vt 0.21472138 0.5651272
vt 0.21508579 0.5626903
vt 0.21705066 0.5414612
vt 0.21720628 0.5411169
vt 0.21929285 0.5179006
vt 0.2197339 0.5199158
vt 0.22025569 0.50393665
vt 0.22132125 0.5083058
vt 0.2214527 0.4997626
vt 0.22182786 0.5048701
vt 0.41205788 0.53365636
vt 0.40914327 0.57098204
vt 0.41136193 0.570228
vt 0.41205788 0.5341823
vn -0.28420424 0.19224101 0.939293
vn -0.3179893 0.09762437 0.9430548
vn -0.31798926 0.097624354 0.9430548
vn -0.28420424 0.19224101 0.939293
vn -0.27462143 0.10308557 0.95601076
vn -0.3179893 0.09762437 0.9430548
vn -0.20759998 -0.029591894 0.97776604
vn -0.016701203 -0.15277143 0.98812044
vn -0.02643701 -0.14903852 0.9884779
vn -0.0027641784 0.99999607 -0.00050372176
vn -0.14079806 0.9834879 0.113698624
vn -0.11841121 0.990399 0.07133453
vn 0.37269148 0.53679985 0.7569327
vn 0.3885115 0.39632007 0.8318589
vn 0.26035967 0.42868403 0.86512595
vn 0.014663152 -0.3258484 0.94530827
vn 0.3108342 -0.350862 0.88333344
vn 0.27176377 -0.3503942 0.89630824
vn -0.3979076 0.10795947 0.9110512
vn -0.23891996 0.12838164 0.9625151
vn -0.49721694 -0.000107446685 0.8676262
vn 0.24406554 -0.3185267 0.9159546
vn 0.13302344 0.24458799 0.96045893
vn 0.28211573 0.25883085 0.92380595
vn 0.24406554 -0.3185267 0.9159546
vn 0.10722119 -0.32145995 0.9408332
vn 0.13302344 0.24458799 0.96045893
vn 0.13302344 0.24458799 0.96045893
vn -0.01743042 0.4927431 0.8700002
vn 0.22298631 0.52210265 0.82321674
vn 0.64536947 0.20118661 0.7369004
vn 0.6651777 0.013760147 0.74655825
vn 0.6226574 -0.1973469 0.7572
vn 0.44089904 -0.096667305 0.8923359
vn 0.4529175 0.059803035 0.8895445
vn 0.5924024 0.259317 0.7627674
vn -0.03737387 -0.5391158 0.8414021
vn -0.0762496 -0.48392707 0.8717801
vn 0.10722119 -0.32145995 0.9408332
vn 0.79189664 0.04109663 0.6092706
vn 0.6460936 -0.13119161 0.75189877
vn 0.43531352 -0.18774964 0.8804841
vn -0.29705533 -0.28060323 0.9126993
vn -0.36981028 -0.21258414 0.9044602
vn -0.3963626 0.12149107 0.9100201
vn -0.36981028 -0.21258414 0.9044602
vn -0.40462407 -0.03636602 0.91375977
vn -0.3963626 0.12149107 0.9100201
vn 0.005321878 -0.9996226 0.026952036
vn -0.080800414 -0.9889227 0.124512
vn -0.028679378 -0.98870325 0.14711703
vn -0.009699046 -0.9986994 -0.050053194
vn 0.09305788 -0.9843791 -0.14945908
vn 0.029157786 -0.9887016 -0.14703414
vn 0.005321878 -0.9996226 0.026952036
vn 0.028980456 -0.9885711 0.14794353
vn 0.08237898 -0.9887044 0.12520944
vn 0.1218092 -0.988907 0.08500352
vn 0.14340545 -0.989146 0.032016177
vn 0.005321878 -0.9996226 0.026952036
vn 0.365062 0.7148832 -0.5963823
vn 0.1763022 0.74625903 -0.641884
vn 0.5307946 0.56309927 -0.6333848
vn -0.23667154 -0.9574118 -0.16537593
vn -0.27812797 -0.9586465 -0.060346883
vn -0.18122171 -0.97535956 -0.1258273
vn -0.7340301 -0.47573206 -0.48464286
vn -0.6631887 -0.4378177 -0.6070391
vn -0.86396253 -0.2676708 -0.4265222
vn 0.4901058 -0.45851493 -0.7413234
vn 0.35575166 -0.3507845 -0.8662512
vn 0.19580263 -0.53464437 -0.82208073
vn -0.04229982 -0.4417423 -0.8961442
vn -0.018930163 0.023334656 -0.9995484
vn -0.6866864 -0.18698977 0.70249325
vn 0.99281657 0.1035824 0.05988288
vn -0.018930163 0.023334656 -0.9995484
vn 0.8980699 -0.4368108 0.051640518
vn -0.35128555 -0.8280921 -0.4368775
vn 0.8980699 -0.4368108 0.051640518
vn 0.50355184 -0.7998521 0.32660687
vn -0.53432816 -0.65657985 0.53234977
vn -0.6180295 0.12516183 -0.7761276
vn -0.80951256 0.094559655 -0.57943755
vn -0.8023498 -0.16106711 -0.57471055
vn -0.26674095 0.32328516 -0.9079294
vn -0.30194739 0.3229823 -0.8969449
vn -0.03049146 0.29947528 -0.95361674
vn 0.3573997 -0.10181544 -0.92838514
vn 0.45855877 -0.0001832047 -0.8886641
vn 0.20032573 -0.11728149 -0.97268426
vn -0.27638778 -0.24068211 -0.9304203
vn -0.13962977 -0.22837248 -0.963509
vn -0.24044718 0.2966158 -0.9242317
vn -0.59392667 0.18697205 -0.7824913
vn -0.63573056 -0.013826333 -0.7717872
vn -0.61722976 -0.18996634 -0.7635052
vn -0.5670666 -0.24419296 -0.7866417
vn -0.4347341 -0.0555312 -0.89884514
vn -0.42396295 0.08868571 -0.901327
vn -0.24044718 0.2966158 -0.9242317
vn -0.11524289 0.29912624 -0.9472289
vn 0.020359026 0.50502425 -0.86286503
vn -0.11524289 0.29912624 -0.9472289
vn 0.056422662 0.45244083 -0.8900078
vn 0.020359026 0.50502425 -0.86286503
vn -0.48639438 -0.19713499 -0.85121
vn -0.76536644 -0.03950804 -0.64238095
vn -0.64721227 -0.17259485 -0.7425141
vn 0.45370656 0.2515039 -0.8549247
vn 0.19174376 0.31433848 -0.92974496
vn 0.27923733 0.27677727 -0.9194677
vn -0.3203628 -0.0625364 0.9452285
vn -0.3203628 -0.0625364 0.9452285
vn -0.3203628 -0.0625364 0.9452285
vn -0.3242387 -0.07502826 0.9429953
vn -0.3242387 -0.07502826 0.9429953
vn -0.2811136 -0.08848932 0.95558614
vn -0.24455726 -0.079545535 0.96636647
vn -0.24455726 -0.079545535 0.96636647
vn -0.24455726 -0.079545535 0.96636647
vn -0.24455726 -0.079545535 0.96636647
vn 0.84100366 -0.062514886 0.53740555
vn 0.84100366 -0.062514886 0.53740555
vn 0.84100366 -0.062514886 0.53740555
vn 0.84262353 -0.07502786 0.53325087
vn 0.84262353 -0.07502786 0.53325087
vn 0.7950456 -0.079544455 0.6013112
vn 0.8168187 -0.08849531 0.57006645
vn 0.7950456 -0.079544455 0.6013112
vn 0.7950456 -0.079544455 0.6013112
vn 0.7950456 -0.079544455 0.6013112
vn -0.062039305 0.9812836 -0.18230063
vn -0.029049695 0.97985816 -0.19757031
vn -0.047557898 0.97785646 -0.20380124
vn -0.06673137 0.99227613 -0.10457092
vn -0.06946943 0.986362 -0.1492113
vn -0.05242902 0.981181 -0.18583606
vn -0.061765548 0.98128456 -0.18238884
vn -0.054814357 0.981029 -0.18595053
vn -0.044755146 0.97962177 -0.19580172
vn -0.04115357 0.97940344 -0.19767441
vn -0.080072075 0.9937948 -0.07720313
vn -0.09754788 0.9896494 -0.10525418
vn -0.08484689 0.9953702 -0.04515653
vn -0.10051118 0.9937365 -0.048839692
vn -0.0768484 0.99423426 -0.07478431
vn -0.063813634 0.9895975 -0.12893666
vn -0.058759604 0.9937103 -0.095326625
vn -0.05841833 0.994449 -0.087513186
vn -0.07899547 0.99453604 -0.06824927
vn -0.07026007 0.99458534 -0.076574236
vn -0.08253844 0.9946538 -0.06205716
vn -0.06707485 0.99587053 -0.06117921
vn -0.060836487 0.98955524 -0.1306881
vn -0.05473276 0.9917714 -0.115731575
vn -0.06858242 0.98477805 -0.15971448
vn -0.25792125 -0.28811187 0.9222083
vn -0.26366147 0.23361155 0.9358997
vn 0.2636617 0.23361169 0.9358997
vn 0.25792164 -0.28811193 0.92220813
vn 0.25792152 -0.28811213 -0.92220813
vn 0.26366174 0.23361169 -0.93589956
vn -0.26366144 0.23361184 -0.9358997
vn -0.2579211 -0.28811213 -0.9222083
vn -0.33931658 0.833478 0.43609494
vn -0.33931652 0.83347803 -0.4360947
vn 0.33931684 0.833478 -0.43609464
vn 0.33931682 0.83347785 0.43609482
vn 0.8313817 -0.35996637 0.4233542
vn 0.85160214 0.29836357 0.4309906
vn 0.85160214 0.29836354 -0.43099073
vn 0.8313815 -0.3599665 -0.4233542
vn -0.8313814 -0.35996667 -0.42335454
vn -0.85160196 0.2983639 -0.43099087
vn -0.85160196 0.29836375 0.43099093
vn -0.83138144 -0.35996652 0.42335448
vn -0.5777496 -0.5768703 -0.5774304
vn -0.57695013 0.5778301 -0.5772703
vn -0.57695013 0.5778301 0.5772703
vn -0.5777496 -0.5768703 0.5774304
vn 0.57695043 -0.57782984 0.5772702
vn 0.57774997 0.57687014 0.57743037
vn 0.57774997 0.57687014 -0.57743037
vn 0.57695043 -0.57782984 -0.5772702
vn 0.0049097165 -0.8164251 -0.5774303
vn -0.81653845 -0.0049101706 -0.57727027
vn -0.81653845 -0.0049096453 0.57727027
vn 0.004909719 -0.816425 0.5774306
vn 0.004909719 -0.816425 0.5774306
vn -0.81653845 -0.0049096453 0.57727027
vn -0.0049092323 0.81642526 0.57743025
vn 0.81653845 0.00491065 0.57727027
vn 0.76956135 -0.27267116 -0.57743037
vn -0.27270964 -0.7696678 -0.5772702
vn -0.27270955 -0.76966786 0.5772701
vn 0.7695613 -0.2726715 0.57743037
vn 0.27270925 0.76966786 0.5772703
vn -0.76956105 0.27267164 0.5774304
vn -0.769561 0.27267203 -0.57743037
vn 0.2727092 0.7696681 -0.5772701
vn 0.6915287 -0.18642354 -0.6978785
vn 0.6920938 0.1843163 -0.697878
vn 0.50721294 0.5056693 -0.69787794
vn 0.5056701 -0.5072123 -0.6978778
vn 0.18642409 0.69152874 -0.6978783
vn 0.18431659 -0.6920935 -0.6978782
vn -0.18431735 0.69209355 -0.697878
vn -0.18642394 -0.6915288 -0.69787836
vn -0.50566995 0.5072119 -0.69787824
vn -0.5072119 -0.5056699 -0.69787836
vn -0.6915287 0.18642442 -0.6978782
vn -0.6920934 -0.1843168 -0.6978783
vn -0 -3.631839E-07 1
vn -0 0 1
vn -0 2.9928427E-07 1
vn -0 2.8042828E-07 1
vn -0 -2.0228076E-07 1
vn -0 1.1952537E-07 1
vn -0 1.1952532E-07 1
vn -0 1.1952534E-07 1
vn -0 0 1
vn -0 4.4133142E-07 1
vn -0 0 1
vn -0 4.2247618E-07 1
vn 0.707645 -0.7065681 0
vn -0.7065681 -0.70764494 0
vn -0.5769505 -0.5778298 0.5772702
vn 0.5777496 -0.57687044 0.5774305
vn 0.57695013 0.5778301 0.5772703
vn -0.57774997 0.57687014 0.57743037
vn 0.7065677 0.70764536 0
vn -0.70764536 0.7065677 0
vn 0.5777496 -0.57687044 0.5774305
vn 0.57695013 0.5778301 0.5772703
vn 0.7065677 0.70764536 0
vn 0.707645 -0.7065681 0
vn -0 0 -1
vn -0 0 -1
vn -0 0 -1
vn -0 0 -1
vn -0.7065681 -0.70764494 0
vn -0.70764536 0.7065677 0
vn -0.57774997 0.57687014 0.57743037
vn -0.5769505 -0.5778298 0.5772702
vn -0.004909674 -0.8164251 0.5774304
vn 0.81653845 -0.0049099065 0.5772701
vn 0.999982 -0.0060130204 0
vn -0.006013517 -0.999982 0
vn -0 -1.2628172E-07 -1
vn -0 -1.2628172E-07 -1
vn -0 -1.2628172E-07 -1
vn -0 -1.2628172E-07 -1
vn -0.94258153 -0.33397612 0
vn -0.33397612 0.94258153 0
vn -0.2727093 0.7696678 0.5772703
vn -0.7695611 -0.2726717 0.57743025
vn 0.2727095 -0.769668 0.5772701
vn 0.76956105 0.27267152 0.5774304
vn 0.33397648 -0.9425814 0
vn 0.9425814 0.33397657 0
vn -0.7695611 -0.2726717 0.57743025
vn 0.2727095 -0.769668 0.5772701
vn 0.33397648 -0.9425814 0
vn -0.94258153 -0.33397612 0
vn -0 2.140851E-07 -1
vn -0 2.140851E-07 -1
vn -0 2.140851E-07 -1
vn -0 2.140851E-07 -1
vn -0.33397612 0.94258153 0
vn 0.9425814 0.33397657 0
vn 0.76956105 0.27267152 0.5774304
vn -0.2727093 0.7696678 0.5772703
vn 0.69152874 0.1864241 0.69787824
vn 0.69209355 -0.18431702 0.697878
vn 0.507212 -0.50566983 0.69787824
vn 0.5056701 0.50721174 0.69787824
vn 0.18642409 -0.69152874 0.6978783
vn 0.18431726 0.6920934 0.69787806
vn -0.18431659 -0.6920936 0.69787806
vn -0.18642415 0.6915286 0.6978784
vn -0.50566995 -0.5072124 0.6978779
vn -0.5072128 0.5056691 0.6978782
vn -0.69152874 -0.1864237 0.69787836
vn -0.69209373 0.18431614 0.6978782
vn -0 -4.8271073E-07 -1
vn -0 3.4883328E-07 -1
vn -0 -2.9477957E-07 -1
vn -0 1.6090337E-07 -1
vn -0 -3.2180694E-07 -1
vn -0 3.2180765E-07 -1
vn -0 3.2180577E-07 -1
vn -0 3.2180745E-07 -1
vn -0 4.827098E-07 -1
vn -0 8.045157E-07 -1
vn -0 2.9478068E-07 -1
vn -0 0 -1
vn 1.3836926E-06 1 0
vn 1.3836926E-06 1 0
vn 1.3836926E-06 1 0
vn 1.3836926E-06 1 0
vn 1.3836926E-06 1 0
vn 1.3836926E-06 1 0
vn 1.3836926E-06 1 0
vn 1.3836926E-06 1 0
vn -0.6511133 -0.4828537 0.5855799
vn -0.6468073 -0.75960755 0.06809277
vn -0.62588 -0.6064143 -0.49044448
vn -0.6026833 -0.0770334 -0.7942535
vn -0.64149594 0.110191025 0.7591712
vn -0.5994328 0.5129148 -0.6144907
vn -0.628013 0.6343101 0.45083305
vn -0.61298347 0.78359526 -0.10114231
vn -0 0.8390693 0.5440245
vn -0.6230978 0.40765333 0.66750884
vn -0.8529177 0.4380324 0.28400555
vn 0.004264842 0.5163228 0.8563833
vn -0 0.83906925 0.54402465
vn -0 0.5114114 0.859336
vn -0 0.83906925 0.5440247
vn -0.004264842 0.51632285 0.85638344
vn 0.8529177 0.4380324 0.2840056
vn 0.6230977 0.4076533 0.66750884
vn 0.004264842 0.5163228 0.8563833
vn -0.59677154 0.08083033 0.7983296
vn -0.6230978 0.40765333 0.66750884
vn 0.007171347 0.088165514 0.99608
vn -0 0.07800135 0.99695325
vn -0 0.5114114 0.859336
vn -0.007171346 0.08816552 0.99608
vn -0.004264842 0.51632285 0.85638344
vn 0.5967716 0.08083033 0.7983297
vn 0.6230977 0.4076533 0.66750884
vn -0 1 0
vn -0 1 0
vn -0 1 0
vn -0 1 0
vn -0 1 0
vn -0 1 0
vn -0 1 0
vn -0 1 0
vn -0 1 0
vn -0 1 0
vn -0 0.86362773 -0.50413
vn 0.6210454 0.43757755 -0.6502527
vn 0.8570781 0.44492936 -0.25972098
vn -0 0.558295 -0.8296425
vn -0 0.86362773 -0.50413
vn -0 0.558295 -0.8296425
vn -0 0.86362773 -0.50413
vn -0 0.558295 -0.8296425
vn -0.8570781 0.44492942 -0.259721
vn -0.6210453 0.4375775 -0.6502527
vn -0 0.558295 -0.8296425
vn 0.52823925 -0.065363325 -0.846576
vn 0.6210454 0.43757755 -0.6502527
vn -0 0.07105842 -0.9974721
vn -0 0.558295 -0.8296425
vn -0 0 -1
vn -0 0.07105842 -0.9974721
vn -0 0.558295 -0.8296425
vn -0 0 -1
vn -0 0.07105842 -0.9974721
vn -0.6210453 0.4375775 -0.6502527
vn -0 0 -1
vn -0.52823925 -0.0653633 -0.8465761
vn -0.6157231 -0.48285306 0.6226862
vn -0.64171374 -0.7596068 0.105834946
vn -0.6535128 -0.6064147 -0.45297042
vn -0.64813936 -0.077032104 -0.7576157
vn -0.59596026 0.11019108 0.7954176
vn -0.6343711 0.512916 -0.5783516
vn -0.6005479 0.6343107 0.48681834
vn -0.6178527 0.7835951 -0.065090574
vn -0 1 0
vn -0 1 0
vn -0 1 0
vn -0 1 0
vn -0 1 0
vn -0 1 0
vn -0 1 0
vn -0 1 0
vn 0.59927654 -0.58260757 -0.54903185
vn 0.6294539 -0.70348597 0.32999292
vn 0.87638617 -0.13515297 0.46225634
vn 0.81922466 -0.063347206 -0.56996334
vn -0.5992767 -0.58260745 -0.5490319
vn -0.81922466 -0.063346945 -0.56996334
vn -0.62945396 -0.70348597 0.32999283
vn -0.8763863 -0.1351532 0.46225607
vn -0.28718945 -0.665164 0.68925977
vn -0.41683146 -0.1072631 0.9026329
vn 0.41683102 -0.10726265 0.9026332
vn 0.28718963 -0.66516376 0.6892599
vn -0 1 0
vn -0 1 0
vn -0 1 0
vn -0 1 0
vn -0 1 0
vn -0 1 0
vn 0.41683102 -0.10726265 0.9026332
vn 0.87638617 -0.13515297 0.46225634
vn 0.6294539 -0.70348597 0.32999292
vn 0.28718963 -0.66516376 0.6892599
vn -0.28718945 -0.665164 0.68925977
vn -0.62945396 -0.70348597 0.32999283
vn -0.8763863 -0.1351532 0.46225607
vn -0.41683146 -0.1072631 0.9026329
vn 0.6294539 -0.70348597 0.32999292
vn 0.59927654 -0.58260757 -0.54903185
vn -0.5992767 -0.58260745 -0.5490319
vn -0.62945396 -0.70348597 0.32999283
vn 0.28718963 -0.66516376 0.6892599
vn -0.28718945 -0.665164 0.68925977
vn -6.918462E-07 1 0
vn -6.918462E-07 1 0
vn -6.918462E-07 1 0
vn -6.918462E-07 1 0
vn -6.918462E-07 1 0
vn -6.918462E-07 1 0
vn -6.918462E-07 1 0
vn -6.918462E-07 1 0
vn 1 0 2.5944232E-07
vn 1 0 2.5944232E-07
vn 1 0 2.5944232E-07
vn 1 0 2.5944232E-07
vn 1 0 2.5944232E-07
vn 1 0 2.5944232E-07
vn 1 0 2.5944232E-07
vn 1 0 2.5944232E-07
vn -0 0.6384403 -0.7696713
vn -0 0.6384405 -0.7696712
vn -0 0.99398583 -0.10950882
vn -0 0.9939859 -0.10950864
vn -0 0.9939859 -0.10950864
vn -0 0.99398583 -0.10950882
vn -0 0.79691064 0.6040973
vn -0 0.79691046 0.6040974
vn -0 0.79691046 0.6040974
vn -0 0.79691064 0.6040973
vn -0 0.11967815 0.9928127
vn -0 0.119678415 0.9928127
vn -0 -0.6384409 0.7696708
vn -0 -0.6384409 0.76967084
vn -0 -0.9939859 0.10950867
vn -0 -0.9939859 0.10950844
vn -0 -0.79691136 -0.60409623
vn -0 -0.79691136 -0.60409623
vn -0 -0.11967664 -0.99281293
vn -0 -0.11967691 -0.99281293
vn -0 0.6384405 -0.7696712
vn -0 0.6384403 -0.7696713
vn -1.1571551E-05 0.9911562 0.13269986
vn 1.15715575E-05 0.9911562 0.13269988
vn 1.8768053E-05 0.9894791 0.14467624
vn -1.8768045E-05 0.9894791 0.14467621
vn 1.1622732E-05 0.9745135 0.22432922
vn -1.162273E-05 0.97451335 0.22432923
vn -2.7743872E-06 0.95672894 0.29098058
vn 2.7743877E-06 0.95672894 0.29098058
vn 3.4196797E-05 0.99115086 0.13274021
vn 7.5183256E-05 0.9911397 0.13282372
vn 0.00012213488 0.9894713 0.14472884
vn 5.5598197E-05 0.9894767 0.14469229
vn 7.655976E-05 0.9745165 0.22431576
vn 3.508861E-05 0.9745135 0.22432908
vn -1.6360622E-05 0.95672184 0.29100382
vn -6.988685E-06 0.9567267 0.29098827
vn 3.4196797E-05 0.99115086 0.13274021
vn 1.8768053E-05 0.9894791 0.14467624
vn 1.15715575E-05 0.9911562 0.13269988
vn 5.5598197E-05 0.9894767 0.14469229
vn 3.508861E-05 0.9745135 0.22432908
vn 1.1622732E-05 0.9745135 0.22432922
vn -2.7743872E-06 0.95672894 0.29098058
vn -6.988685E-06 0.9567267 0.29098827
vn -1 0 -1.3084133E-07
vn -1 0 -3.520494E-07
vn -0.827889 -0.45804492 -0.32371992
vn -0.70384353 -0.70263636 -0.10443373
vn -0.00017641658 -0.9891306 -0.14703943
vn -7.9721256E-05 -0.81666905 -0.57710624
vn -0.000107199405 -0.97405475 -0.22631234
vn -0.69268847 -0.7025246 -0.16322322
vn -1 0 -1.0086892E-07
vn -2.5735767E-06 -0.9571302 -0.28965774
vn -1 0 -2.1425228E-07
vn -0.7648005 -0.61664796 -0.18661612
vn 6.9886864E-06 0.9567267 0.29098833
vn 1.636062E-05 0.95672184 0.29100388
vn -7.655973E-05 0.9745165 0.22431578
vn -3.508861E-05 0.9745135 0.22432913
vn -0.00012213485 0.9894713 0.14472887
vn -5.5598193E-05 0.9894767 0.14469229
vn -7.5183234E-05 0.9911397 0.13282374
vn -3.419679E-05 0.99115086 0.1327402
vn -1.162273E-05 0.97451335 0.22432923
vn 2.7743877E-06 0.95672894 0.29098058
vn 6.9886864E-06 0.9567267 0.29098833
vn -3.508861E-05 0.9745135 0.22432913
vn -5.5598193E-05 0.9894767 0.14469229
vn -1.8768045E-05 0.9894791 0.14467621
vn -1.1571551E-05 0.9911562 0.13269986
vn -3.419679E-05 0.99115086 0.1327402
vn 1 0 0
vn 1 0 0
vn 0.7648005 -0.61664784 -0.18661602
vn 0.6926885 -0.70252466 -0.16322315
vn 0.00010714453 -0.97405475 -0.22631234
vn 2.4641313E-06 -0.9571302 -0.2896578
vn 0.00017632922 -0.9891306 -0.1470394
vn 0.70384353 -0.7026364 -0.10443363
vn 1 0 0
vn 7.952471E-05 -0.81666905 -0.57710624
vn 1 0 -2.4406376E-07
vn 0.827889 -0.45804507 -0.32371983
vn -0 0.4554165 0.8902786
vn -0 0.4554165 0.8902786
vn -0 0.4554165 0.8902786
vn -0 0.4554165 0.8902786
vn -0 0.4554165 0.8902786
vn -0 0.4554165 0.8902786
vn -0 0.4554165 0.8902786
vn -0 0.455416 0.89027876
vn -0 0.455416 0.89027876
vn -0 0.455416 0.89027876
vn -0 0.455416 0.89027876
vn -0 0.455416 0.89027876
vn -0 0.455416 0.89027876
vn -0 0.455416 0.89027876
vn -0 0.4554159 0.8902789
vn -0 0.4554159 0.8902789
vn -0 0.4554159 0.8902789
vn -0 0.4554159 0.8902789
vn -0 0.4554159 0.8902789
vn -0 0.4554159 0.8902789
vn -0 0.4554159 0.8902789
vn 5.211898E-07 0.4554159 0.8902789
vn 5.211898E-07 0.4554159 0.8902789
vn 5.211898E-07 0.4554159 0.8902789
vn 5.211898E-07 0.4554159 0.8902789
vn 5.211898E-07 0.4554159 0.8902789
vn -0 0.45541605 0.89027864
vn -0 0.45541605 0.89027864
vn -0 0.45541605 0.89027864
vn -0 0.45541605 0.89027864
vn -0 0.45541605 0.89027864
vn -0 0.45541605 0.89027864
vn -0 0.45541605 0.89027864
vn -5.417315E-07 0.4554162 0.89027864
vn -5.417315E-07 0.4554162 0.89027864
vn -5.417315E-07 0.4554162 0.89027864
vn -5.417315E-07 0.4554162 0.89027864
vn -5.417315E-07 0.4554162 0.89027864
vn -0 0.45541596 0.89027876
vn -0 0.45541596 0.89027876
vn -0 0.45541596 0.89027876
vn -0 0.45541596 0.89027876
vn -0 0.45541596 0.89027876
vn -0 0.45541596 0.89027876
vn -0 0.45541596 0.89027876
vn 1.188212E-05 -0.8167433 -0.5770013
vn -2.6806512E-05 -0.9891377 -0.14699201
vn -1.1882124E-05 -0.81674325 -0.5770014
vn 2.6806509E-05 -0.9891377 -0.146992
vn 1.6525952E-05 -0.9740338 -0.22640286
vn -1.6525952E-05 -0.9740338 -0.22640286
vn -4.2364786E-07 -0.957129 -0.28966182
vn 4.2364806E-07 -0.957129 -0.28966185
vn -3.6010188E-05 -0.81671923 -0.5770353
vn -0.00017641658 -0.9891306 -0.14703943
vn -7.9721256E-05 -0.81666905 -0.57710624
vn -8.036872E-05 -0.98913574 -0.14700556
vn -4.9189803E-05 -0.97404027 -0.22637492
vn -0.000107199405 -0.97405475 -0.22631234
vn -2.5735767E-06 -0.9571302 -0.28965774
vn -1.2424321E-06 -0.9571295 -0.28966042
vn -3.6010188E-05 -0.81671923 -0.5770353
vn -1.1882124E-05 -0.81674325 -0.5770014
vn -2.6806512E-05 -0.9891377 -0.14699201
vn -8.036872E-05 -0.98913574 -0.14700556
vn -1.6525952E-05 -0.9740338 -0.22640286
vn -4.9189803E-05 -0.97404027 -0.22637492
vn -4.2364786E-07 -0.957129 -0.28966182
vn -1.2424321E-06 -0.9571295 -0.28966042
vn 1.1329879E-06 -0.9571295 -0.28966042
vn 0.00010714453 -0.97405475 -0.22631234
vn 2.4641313E-06 -0.9571302 -0.2896578
vn 4.9134964E-05 -0.97404027 -0.22637494
vn 8.0281585E-05 -0.98913574 -0.14700556
vn 0.00017632922 -0.9891306 -0.1470394
vn 7.952471E-05 -0.81666905 -0.57710624
vn 3.591173E-05 -0.81671923 -0.5770353
vn 1.6525952E-05 -0.9740338 -0.22640286
vn 1.1329879E-06 -0.9571295 -0.28966042
vn 4.2364806E-07 -0.957129 -0.28966185
vn 4.9134964E-05 -0.97404027 -0.22637494
vn 2.6806509E-05 -0.9891377 -0.146992
vn 8.0281585E-05 -0.98913574 -0.14700556
vn 1.188212E-05 -0.8167433 -0.5770013
vn 3.591173E-05 -0.81671923 -0.5770353
vn 0.33679667 -0.61042064 0.7169063
vn -0 -0.6482956 0.7613887
vn 1.8078465E-07 -0.91033334 -0.41387573
vn 0.26914394 -0.9610321 -0.06307832
vn -7.9721256E-05 -0.81666905 -0.57710624
vn -0.7808558 -0.40499797 0.4756478
vn -0.827889 -0.45804492 -0.32371992
vn -0.55946624 -0.82325846 -0.09613997
vn -1 0 -3.520494E-07
vn 0.78085583 -0.40499812 0.47564757
vn 1 0 -2.4406376E-07
vn 0.827889 -0.45804507 -0.32371983
vn 0.55946594 -0.82325876 -0.09614015
vn -0.3367968 -0.61042094 0.716906
vn -0.26914415 -0.961032 -0.06307848
vn 7.952471E-05 -0.81666905 -0.57710624
vn -1.398017E-07 -0.6482957 0.76138866
vn -4.137401E-07 -0.91033345 -0.41387567
vn 0.38804063 -0.5974957 0.7017289
vn -1.398017E-07 -0.6482957 0.76138866
vn -4.137401E-07 -0.91033345 -0.41387567
vn 0.3155778 -0.9449828 -0.08612843
vn 7.952471E-05 -0.81666905 -0.57710624
vn -0 -0.64829385 0.7613902
vn 3.591173E-05 -0.81671923 -0.5770353
vn -0 -0.99650407 -0.08354476
vn -0.38804084 -0.59749603 0.7017285
vn -0.31557783 -0.9449828 -0.08612878
vn -2.2066136E-07 -0.91033345 -0.4138757
vn -2.516431E-07 -0.6482959 0.7613885
vn 0.00010592725 0.97449344 0.22441584
vn -2.4292649E-05 0.9567189 0.29101366
vn -1.6360622E-05 0.95672184 0.29100382
vn 7.655976E-05 0.9745165 0.22431576
vn 0.00012213488 0.9894713 0.14472884
vn 0.00017044863 0.98947144 0.14472862
vn 0.00010511603 0.99113256 0.13287689
vn 7.5183256E-05 0.9911397 0.13282372
vn -7.5183234E-05 0.9911397 0.13282374
vn -0.00017044856 0.98947144 0.14472862
vn -0.000105116014 0.99113256 0.1328769
vn -0.00012213485 0.9894713 0.14472887
vn -7.655973E-05 0.9745165 0.22431578
vn -0.00010592719 0.97449344 0.22441588
vn 2.4292642E-05 0.9567189 0.29101372
vn 1.636062E-05 0.95672184 0.29100388
vn 0.39103132 -0.59667593 0.70076555
vn -2.516431E-07 -0.6482959 0.7613885
vn -2.2066136E-07 -0.91033345 -0.4138757
vn 0.3183227 -0.94392556 -0.087607816
vn 3.591173E-05 -0.81671923 -0.5770353
vn -0 -0.64829385 0.7613902
vn 1.188212E-05 -0.8167433 -0.5770013
vn -0 -0.9966524 -0.08175602
vn -0.39103147 -0.596676 0.70076543
vn -0.31832293 -0.94392556 -0.087607734
vn -0 -0.91033345 -0.4138757
vn -0 -0.648296 0.7613883
vn 0.38804078 -0.5974958 0.70172864
vn -0 -0.648296 0.7613883
vn -0 -0.91033345 -0.4138757
vn 0.3155779 -0.9449828 -0.08612849
vn 1.188212E-05 -0.8167433 -0.5770013
vn -0 -0.6482935 0.7613905
vn -1.1882124E-05 -0.81674325 -0.5770014
vn -0 -0.99650407 -0.08354438
vn -0.38804072 -0.59749573 0.7017288
vn -0.3155778 -0.9449828 -0.08612847
vn 1.9307869E-07 -0.91033334 -0.41387594
vn 1.3980176E-07 -0.64829606 0.7613885
vn 0.3910316 -0.5966762 0.70076513
vn 1.3980176E-07 -0.64829606 0.7613885
vn 1.9307869E-07 -0.91033334 -0.41387594
vn 0.31832296 -0.94392544 -0.087608084
vn -1.1882124E-05 -0.81674325 -0.5770014
vn -0 -0.64829403 0.76139003
vn -3.6010188E-05 -0.81671923 -0.5770353
vn -0 -0.9966524 -0.081756264
vn -0.39103144 -0.59667593 0.70076543
vn -0.3183229 -0.94392556 -0.08760794
vn -0 -0.91033334 -0.41387576
vn -0 -0.6482959 0.7613885
vn 0.38804075 -0.5974959 0.7017286
vn -0 -0.6482959 0.7613885
vn -0 -0.91033334 -0.41387576
vn 0.31557783 -0.9449828 -0.08612857
vn -3.6010188E-05 -0.81671923 -0.5770353
vn -0 -0.64829385 0.7613902
vn -7.9721256E-05 -0.81666905 -0.57710624
vn -0 -0.99650407 -0.08354475
vn -0.38804057 -0.5974959 0.70172864
vn -0.3155777 -0.9449828 -0.08612861
vn 1.8078465E-07 -0.91033334 -0.41387573
vn -0 -0.6482956 0.7613887
vn 0.52823925 -0.065363325 -0.846576
vn 0.5967716 0.08083033 0.7983297
vn 0.6230977 0.4076533 0.66750884
vn 0.6210454 0.43757755 -0.6502527
vn 0.8570781 0.44492936 -0.25972098
vn 0.8529177 0.4380324 0.2840056
vn -0.6230978 0.40765333 0.66750884
vn -0.59677154 0.08083033 0.7983296
vn -0.52823925 -0.0653633 -0.8465761
vn -0.6210453 0.4375775 -0.6502527
vn -0.8529177 0.4380324 0.28400555
vn -0.8570781 0.44492942 -0.259721
vn 0.6915285 0.18642403 0.6978786
vn 0.6920934 -0.18431681 0.69787836
vn 0.50721186 -0.50566995 0.69787824
vn 0.5056698 0.5072121 0.6978782
vn 0.18642381 -0.69152886 0.6978782
vn 0.24594663 0.42749366 0.8699192
vn -0.18431668 -0.6920936 0.69787806
vn -0.24724758 0.42674226 0.86991936
vn -0.5056701 -0.5072124 0.69787776
vn -0.5072129 0.5056691 0.6978781
vn -0.69152874 -0.18642372 0.6978784
vn -0.6920936 0.18431614 0.69787824
vn -0.0015113264 0.9930462 0.11771556
vn -0.0015113264 0.9930462 0.11771556
vn -0.0015113264 0.9930462 0.11771556
vn -0.0015113264 0.9930462 0.11771556
vn -0.4978335 0.8592467 0.11771536
vn -0.24724758 0.42674226 0.86991936
vn -0.5072129 0.5056691 0.6978781
vn -0.70291036 0.700771 0.12180734
vn -0.6920936 0.18431614 0.69787824
vn -0.95912355 0.25543082 0.12180738
vn -0.69152874 -0.18642372 0.6978784
vn -0.958341 -0.2583514 0.121807344
vn -0.5056701 -0.5072124 0.69787776
vn -0.700772 -0.7029094 0.12180725
vn -0.18431668 -0.6920936 0.69787806
vn -0.25543147 -0.9591234 0.12180741
vn 0.18642381 -0.69152886 0.6978782
vn 0.25835156 -0.9583409 0.12180762
vn 0.50721186 -0.50566995 0.69787824
vn 0.70290905 -0.7007723 0.12180755
vn 0.6920934 -0.18431681 0.69787836
vn 0.95912325 -0.25543165 0.121807955
vn 0.6915285 0.18642403 0.6978786
vn 0.95834076 0.25835207 0.12180803
vn 0.5056698 0.5072121 0.6978782
vn 0.7007719 0.7029095 0.12180735
vn 0.24594663 0.42749366 0.8699192
vn 0.49521384 0.8607592 0.11771511
vn -0 0 -1
vn -0 0 -1
vn -0 0 -1
vn -0 0 -1
vn -0 0 -1
vn -0 0 -1
vn -0 0 -1
vn -0 0 -1
vn -0 0 -1
vn -0 0 -1
vn -0 0 -1
vn -0 0 -1
vn -1 3.5024624E-07 -3.459231E-07
vn -1 3.5024624E-07 -3.459231E-07
vn -1 3.5024624E-07 -3.459231E-07
vn -1 3.5024624E-07 -3.459231E-07
vn -1 3.5024624E-07 -3.459231E-07
vn -1 3.5024624E-07 -3.459231E-07
vn -1 3.5024624E-07 -3.459231E-07
vn -1 3.5024624E-07 -3.459231E-07
vn -0 1 0
vn -0 1 0
vn -0 1 0
vn -0 1 0
vn -0 1 0
vn -0 1 0
vn -0 1 0
vn -0 1 0
vn -0 1 0
vn -0 1 0
vn -0 1 0
vn -0 1 0
vn -0 1 0
vn -0 1 0
vn -0 1 0
vn -0 1 0
vn -0 1 0
vn -0 1 0
vn -0 1 0
vn -0 1 0
vn -0 1 0
vn -0 1 0
vn -0 1 0
vn -0 1 0
vn -0 1 0
vn -0 1 0
vn -0 1 0
vn -0 1 0
vn -0 1 0
vn -0 1 0
vn -0 1 0
vn -0 1 0
vn -0 1 0
vn -0 1 0
vn -0 1 0
vn -0 1 0
vn -0 1 0
vn -0 1 0
vn -0 1 0
vn -0 1 0
vn -0 1 0
vn -0 1 0
vn -0 1 0
vn -0 1 0
vn -0 1 0
vn -0 1 0
vn -0 1 0
vn -0 1 0
vn -0 1 0
vn -0 1 0
vn -0 1 0
vn -0 1 0
vn -0 1 0
vn -0 1 0
vn -0 1 0
vn -0 1 0
vn -0 1 0
vn -0 1 0
vn -0 1 0
vn -0 1 0
vn -0 1 0
vn -0 1 0
vn -0 1 0
vn -0 1 0
vn -0 1 0
vn -0 1 0
vn -0 1 0
vn -0 1 0
vn -0 1 0
vn -0 1 0
vn -0 1 0
vn -0 1 0
vn -0.2199964 0.786086 0.5776419
vn -0.19393976 0.7693877 0.6086295
vn -0.3584092 0.26995423 0.893682
vn -0.64251816 0.43918374 0.62792355
vn -0.57424074 0.75666904 0.31256908
vn -0.8019818 0.38943192 0.45295462
vn 0.73953474 0.4199837 0.5260248
vn 0.75733745 0.6229445 0.19590835
vn 0.8164146 0.545856 -0.18843655
vn 0.5421141 0.8130368 0.21232863
vn 0.72578883 0.56286585 -0.3954903
vn 0.40590906 0.88421947 -0.23107055
vn -0.6046351 0.7866736 -0.12474396
vn -0.8019818 0.38943192 0.45295462
vn -0.57424074 0.75666904 0.31256908
vn -0.8476682 0.49139565 0.19997264
vn -0.62608916 0.58112955 -0.5199046
vn -0.59092635 0.77122504 -0.2366809
vn -0.423592 0.54278594 -0.7252264
vn -0.3058362 0.7869129 -0.5359406
vn -0.1518025 0.58565897 -0.7962158
vn 0.011476572 0.8211831 -0.5705494
vn 0.069603875 0.86060864 -0.50448793
vn 0.5287004 0.6504719 -0.54530925
vn 0.40590906 0.88421947 -0.23107055
vn 0.72578883 0.56286585 -0.3954903
vn -0.07436805 -0.9958585 0.052301273
vn 0.636977 -0.6827178 -0.35798988
vn 0.5444102 -0.71875685 -0.43244195
vn 0.021585066 -0.9393882 0.34217528
vn 0.23809786 -0.8593655 -0.4525486
vn 0.1402313 -0.68349797 0.71635586
vn -0.090134226 -0.97825795 -0.18678123
vn 0.41512266 -0.5360887 0.7350388
vn -0.40042442 -0.9081738 -0.121985696
vn 0.6021883 -0.6392648 0.47823617
vn -0.52487284 -0.84109956 0.13061383
vn 0.42485926 -0.8993548 0.10322609
vn -0.50754356 -0.8147734 0.28025666
vn 0.2585646 -0.9573397 -0.12901583
vn -0.38116613 -0.26780608 0.8848685
vn 0.68445873 -0.5647582 0.4610472
vn 0.7087179 -0.66477984 -0.23619208
vn -0.18710643 -0.9621035 -0.1983632
vn 0.636977 -0.6827178 -0.35798988
vn -0.07436805 -0.9958585 0.052301273
vn 0.2585646 -0.9573397 -0.12901583
vn -0.50754356 -0.8147734 0.28025666
vn -0.41890734 -0.7982723 0.4327562
vn 0.10754408 -0.9394013 -0.3255138
vn 0.12437189 -0.6705277 0.73138505
vn 0.98025984 -0.13025424 0.14874285
vn 0.420546 -0.36863598 -0.8290045
vn 0.36189815 -0.36037907 -0.8597421
vn 0.4044138 0.09913584 -0.90918726
vn 0.5991245 0.16876253 -0.7826678
vn 0.7565179 -0.50243515 -0.41861624
vn 0.85403425 0.20375761 -0.47865257
vn -0.869356 -0.4553857 -0.19194788
vn -0.9891739 -0.0021451402 0.14673248
vn -0.99662685 -0.02124452 -0.07927025
vn -0.85116315 -0.5149432 -0.10175794
vn -0.87550205 -0.0038980523 0.48319873
vn -0.64720815 -0.67006063 0.36351088
vn 0.93647754 -0.34766036 0.04628262
vn 0.7565179 -0.50243515 -0.41861624
vn 0.85403425 0.20375761 -0.47865257
vn 0.97487247 0.1821583 -0.12822655
vn 0.7951064 -0.16230777 0.5843475
vn 0.93168896 0.08918865 0.35213795
vn 0.4670782 -0.104857996 0.8779765
vn 0.4712791 -0.008976747 0.8819384
vn 0.048794698 -0.25596398 0.96545404
vn -0.2270716 -0.016543938 0.9737376
vn -0.40733883 -0.49169698 0.7696162
vn -0.6674282 -0.0034552366 0.7446661
vn -0.64720815 -0.67006063 0.36351088
vn -0.87550205 -0.0038980523 0.48319873
vn 0.0120953685 0.9997843 -0.016884876
vn -0.112576686 0.9740734 -0.1962333
vn 0.016872352 0.9998503 -0.00383287
vn -0.13300395 0.9663186 -0.2203141
vn -0.21883579 0.9249264 -0.31084108
vn -0.15603533 0.932003 -0.32714406
vn -0.18668023 0.94138455 -0.28097263
vn -0.20758148 0.9262214 -0.31468055
vn -0.25468358 0.92369753 -0.2862153
vn -0.29225114 0.92038584 -0.25976798
vn -0.26584706 0.9596246 -0.09190169
vn -0.27259812 0.95402247 -0.12462491
vn -0.19071035 0.97583675 0.10664039
vn -0.19852164 0.97528934 0.09695353
vn 0.041615237 0.9175178 0.3955115
vn 0.03574088 0.96663386 0.25365624
vn 0.016046634 0.91490525 0.40334943
vn 0.03595667 0.97437006 0.22205888
vn 0.016872352 0.9998503 -0.00383287
vn 0.0120953685 0.9997843 -0.016884876
vn -0.19852164 0.97528934 0.09695353
vn 0.0011671924 0.9735488 0.22847581
vn -0.19071035 0.97583675 0.10664039
vn -0.01823187 0.9755702 0.21893013
vn 0.13568355 0.95376086 0.2681981
vn 0.11246713 0.9503592 0.290118
vn 0.8977083 0.3796212 -0.22362366
vn 0.8996679 0.38358003 -0.20848015
vn 0.36189815 -0.36037907 -0.8597421
vn 0.89624333 0.09294603 -0.4337154
vn -0.83406013 0.06647127 0.54765445
vn -0.869356 -0.4553857 -0.19194788
vn -0.68149066 0.23413283 0.69336313
vn -0.6935692 0.2285576 0.6831714
vn 0.636977 -0.6827178 -0.35798988
vn 0.87437576 -0.0069034225 -0.48520038
vn 0.66534686 -0.08212259 -0.7420037
vn 0.5444102 -0.71875685 -0.43244195
vn 0.22725463 -0.27134407 -0.93526876
vn 0.23809786 -0.8593655 -0.4525486
vn -0.42263854 -0.39006358 -0.818063
vn -0.090134226 -0.97825795 -0.18678123
vn -0.8655282 -0.3671326 -0.34069714
vn -0.40042442 -0.9081738 -0.121985696
vn -0.9564766 -0.26316345 0.12608491
vn -0.52487284 -0.84109956 0.13061383
vn -0.85426784 -0.2106295 0.47524908
vn -0.50754356 -0.8147734 0.28025666
vn -0.50754356 -0.8147734 0.28025666
vn -0.85426784 -0.2106295 0.47524908
vn -0.5884319 -0.19218765 0.7853737
vn -0.41890734 -0.7982723 0.4327562
vn 0.24707264 0.20294848 0.9475057
vn 0.12437189 -0.6705277 0.73138505
vn 0.7740621 0.45319656 0.44208685
vn 0.98025984 -0.13025424 0.14874285
vn 0.7087179 -0.66477984 -0.23619208
vn 0.87437576 -0.0069034225 -0.48520038
vn 0.636977 -0.6827178 -0.35798988
vn 0.99168265 -0.02134149 -0.12692507
vn 0.68445873 -0.5647582 0.4610472
vn 0.6871031 0.25399643 0.6807167
vn -0.38116613 -0.26780608 0.8848685
vn -0.071632825 0.39746195 0.91481847
vn -0.11271528 0.19305749 0.9746918
vn -0.07372875 0.11075786 0.9911089
vn -0.15555997 0.11144654 0.9815196
vn -0.051531013 0.18180394 0.98198366
vn -0.065944284 -0.025752667 0.997491
vn -0.15555999 0.11144654 0.9815196
vn -0.08581656 0.113852166 0.9897844
vn -0.20759998 -0.029591894 0.97776604
vn -0.03274216 0.09146138 0.9952702
vn -0.012905033 -0.15237804 0.98823804
vn -0.032742158 0.091461375 0.9952702
vn -0.026437009 -0.14903852 0.9884779
vn -0.02643701 -0.14903852 0.9884779
vn -0.03274216 0.09146139 0.9952702
vn -0.19624116 0.1519246 0.9687148
vn -0.09051065 0.2759351 0.9569052
vn -0.026954953 0.25837505 0.9656685
vn -0.14263812 0.2785216 0.9497789
vn -0.25078246 0.27028674 0.9295447
vn -0.28420424 0.19224101 0.939293
vn -0.3502216 0.25549084 0.90114886
vn -0.33848688 0.18473853 0.92265826
vn -0.27462143 0.10308557 0.95601076
vn -0.24215594 0.12126407 0.96262944
vn -0.31798926 0.097624354 0.9430548
vn -0.31798932 0.09762436 0.9430548
vn -0.32788807 -0.03494868 0.9440699
vn -0.31798926 0.097624354 0.9430548
vn -0.28566268 0.10038878 0.9530577
vn -0.24215597 0.121264085 0.96262944
vn -0.24215594 0.12126407 0.96262944
vn -0.33848688 0.18473853 0.92265826
vn -0.3352704 -0.016289916 0.9419811
vn -0.36698177 -0.15915436 0.916512
vn -0.36698183 -0.15915436 0.916512
vn -0.37407222 -0.15810001 0.91382396
vn -0.19159389 -0.13092755 0.9727023
vn -0.016701203 -0.15277143 0.98812044
vn -0.37252623 -0.15879443 0.9143351
vn -0.40592244 -0.10266659 0.9081225
vn -0.37067178 -0.15737496 0.9153335
vn -0.3706718 -0.15737496 0.9153335
vn -0.32788807 -0.03494868 0.9440699
vn -0.35974783 -0.07908651 0.9296918
vn -0.35395136 0.4149246 0.83818614
vn -0.38616294 0.027769582 0.9220125
vn -0.17731006 0.008064468 0.98412204
vn 0.0009814457 -0.06353602 0.9979791
vn -0.007105287 0.018447528 0.99980456
vn 0.0050625443 -0.075521484 0.99713135
vn 0.008587867 -0.063413404 0.9979504
vn -0.19159389 -0.13092755 0.9727023
vn -0.012554543 -0.110412195 0.9938066
vn -0.01883819 -0.14674397 0.9889951
vn -0.016701203 -0.15277143 0.98812044
vn -0.018838188 -0.14674395 0.9889951
vn -0.04864086 -0.15258 0.9870934
vn -0.065944284 -0.025752667 0.997491
vn -0.012905033 -0.15237804 0.98823804
vn -0.07187657 -0.015655318 0.99729055
vn 0.018914139 -0.08409977 0.99627787
vn 0.011352837 -0.08097742 0.99665123
vn -0.04518105 -0.06545911 0.99683183
vn 0.02574865 -0.03861741 0.9989222
vn 0.033015918 0.04714638 0.9983423
vn -0.005487087 0.44207534 0.8969611
vn 0.20182002 0.9126625 -0.35540926
vn -0.1833454 0.90896314 -0.37439343
vn 0.38208786 0.51408094 -0.76793855
vn -0.6168648 0.75394666 -0.22592516
vn 0.07796911 0.99683595 0.015453681
vn -0.7094845 0.690826 -0.13925193
vn 0.026645185 0.91342914 0.40612474
vn -0.5835138 0.8118461 -0.020436944
vn -0.3954755 0.6130484 0.68393767
vn -0.005487087 0.44207534 0.8969611
vn -0.03274216 0.091461375 0.9952702
vn -0.07372875 0.11075786 0.9911089
vn -0.11271528 0.19305749 0.9746918
vn -0.03274216 0.09146139 0.9952702
vn -0.051531013 0.18180394 0.98198366
vn 0.28125826 0.26147842 0.92332166
vn -0.026954953 0.25837505 0.9656685
vn 0.24719363 0.1624744 0.9552473
vn -0.07187657 -0.015655318 0.99729055
vn 0.4418603 0.27117714 0.85511553
vn -0.04518105 -0.06545911 0.99683183
vn 0.6898112 0.12603043 0.71293527
vn 0.7012893 0.26395655 0.6622086
vn 0.97441405 0.0812629 0.20955542
vn 0.9473806 0.25576147 0.19249956
vn -0.05848308 -0.0773456 0.99528754
vn -0.005487087 0.44207534 0.8969611
vn 0.7298365 0.44019243 0.52303857
vn -0.6407021 0.64364666 0.41859248
vn 0.9315462 0.07603427 -0.35558453
vn 0.9172313 0.23312579 -0.3230156
vn 0.663019 0.18216006 -0.7261015
vn 0.8913174 0.4127294 0.1876372
vn 0.69784963 0.061698884 -0.7135819
vn 0.36279488 0.11549475 -0.92468417
vn 0.91636676 0.36387601 -0.16693173
vn 0.448418 0.00857364 -0.89378285
vn 0.22597097 0.072908044 -0.9714019
vn -0.8431804 0.5041134 -0.1868593
vn 0.7970981 0.08924393 -0.59721863
vn 0.3024241 -0.029376158 -0.95272064
vn 0.09803741 0.054743852 -0.9936759
vn -0.3740272 0.6197454 -0.6899415
vn 0.19449115 -0.10342466 -0.97543657
vn 0.19909653 -0.05199537 -0.97859955
vn 0.09957263 0.06744022 -0.9927422
vn 0.095565096 -0.03855775 -0.9946761
vn 0.019206682 0.09707948 -0.9950913
vn 0.4232571 -0.032175966 -0.905438
vn 0.5384671 -0.028287718 -0.84217155
vn -0.06720802 -0.004673101 -0.99772805
vn -0.34035078 0.15859641 -0.9268272
vn 0.4897909 0.07032873 -0.8689987
vn 0.49714664 0.13831446 -0.85657126
vn 0.37099043 0.5126036 -0.7743408
vn 0.36233643 -0.07368952 -0.92912984
vn 0.32795662 0.09369022 -0.9400354
vn -0.3162522 -0.27546123 -0.9078027
vn 0.46061385 0.15984794 -0.8730885
vn -0.64037955 -0.5852449 -0.4973957
vn -0.71331406 -0.6862954 -0.1420624
vn 0.05675231 -0.99297595 -0.10381655
vn -0.41384262 -0.76524234 -0.49309066
vn 0.38208786 0.51408094 -0.76793855
vn 0.40110618 0.27436697 -0.87397736
vn 0.17772828 0.25731224 -0.94984376
vn 0.20182002 0.9126625 -0.35540926
vn 0.19767956 0.15627508 -0.9677298
vn -0.033279944 0.23920132 -0.9703995
vn -0.07043502 0.17015342 -0.9828971
vn -0.08212073 0.51003826 -0.8562227
vn 0.3677684 0.8704386 -0.3272353
vn 0.6209597 0.73207825 -0.28012595
vn 0.07796911 0.99683595 0.015453681
vn 0.351425 0.9335435 0.0706892
vn 0.026645185 0.91342914 0.40612474
vn 0.20070174 0.8702743 0.44982383
vn -0.013922957 -0.0339442 -0.9993267
vn -0.17234157 -0.030420085 -0.9845674
vn -0.14474173 0.14509186 -0.9787739
vn -0.39992175 -0.020283936 -0.9163248
vn -0.37037537 0.048138373 -0.927634
vn -0.7206458 0.053926572 -0.69120294
vn -0.73139274 0.21412136 -0.64746946
vn -0.084393136 0.4808136 -0.872752
vn -0.06251941 0.9061866 -0.41823104
vn -0.98280233 0.054292873 -0.17649919
vn -0.9526129 0.24465318 -0.18075828
vn -0.9022787 0.25861698 0.34497878
vn -0.76189506 0.2857745 -0.5812476
vn 0.13918974 0.011039098 -0.9902042
vn -0.9090303 0.11360311 0.40094674
vn -0.61511594 0.2586191 0.7448145
vn -0.8885184 0.4315972 -0.15575261
vn -0.14507808 0.06809793 -0.987074
vn -0.23803653 0.84321094 -0.48201033
vn -0.0977424 0.9950596 -0.017400779
vn -0.59484774 0.16362025 0.7870099
vn -0.6384992 0.06511107 0.7668633
vn -0.3502216 0.25549084 0.90114886
vn -0.33848688 0.18473853 0.92265826
vn -0.3352704 -0.016289916 0.9419811
vn -0.8636463 0.43810937 0.24934976
vn 0.95607275 0.26495597 0.1253929
vn -0.4039873 0.91154426 -0.076690614
vn -0.1995658 0.90178937 0.38333982
vn -0.2989789 -0.06139143 0.9522829
vn -0.35974783 -0.07908651 0.9296918
vn -0.362661 0.3938773 0.8445932
vn -0.35395136 0.4149246 0.83818614
vn -0.31014028 -0.12144434 0.942902
vn -0.2140362 -0.1773342 0.9605941
vn -0.22505933 0.025654422 0.9740073
vn 0.1679609 -0.37349764 0.91229856
vn 0.43365204 -0.74884546 0.5011749
vn -0.390557 0.8420933 0.37194657
vn -0.6045928 0.71803766 0.34480327
vn -0.42791843 0.40406457 0.80846626
vn -0.415412 0.4123466 0.810804
vn 0.50137186 -0.8595673 0.09884526
vn -0.29324633 -0.9404332 -0.17202324
vn -0.15422477 0.04638601 0.9869464
vn 0.22091943 -0.85105646 0.47633764
vn 0.029067654 -0.42772353 0.9034421
vn -0.21847162 0.04680872 0.97472
vn -0.5317047 -0.68279874 0.50107473
vn -0.39725846 -0.8870116 0.23536375
vn -0.8378045 -0.4687016 -0.28000444
vn -0.78926253 -0.56055504 -0.2506845
vn -0.79966325 -0.58036906 -0.15398213
vn -0.8683604 -0.42101166 -0.26210573
vn -0.7194027 -0.35810146 0.59516644
vn -0.8074566 -0.57486314 -0.13246207
vn -0.85988885 -0.116094664 0.49710473
vn -0.814309 -0.56279004 -0.14201508
vn -0.27821356 -0.88701266 -0.36851856
vn -0.8865189 -0.44127455 -0.13914356
vn 0.3852083 -0.85112697 -0.35664743
vn -0.35000157 -0.5824226 -0.73367757
vn -0.86313415 -0.48945644 -0.12422473
vn -0.43337253 0.47217005 0.7676221
vn -0.9792271 0.11965267 0.16369891
vn -0.83744955 -0.54099286 -0.077492036
vn -0.9626249 0.25939155 -0.07790642
vn -0.83129907 -0.54064083 -0.12903233
vn -0.5917801 0.759751 0.26939657
vn -0.5626946 0.77377397 0.29094428
vn -0.5143949 0.85188776 -0.09841343
vn -0.608703 0.78472906 -0.11696509
vn -0.41233304 0.7725156 -0.48290908
vn -0.43702498 0.7176462 -0.5422113
vn -0.84384376 0.11965525 -0.5230777
vn -0.8134524 -0.55520767 -0.17331919
vn -0.4467121 0.75917 -0.4734019
vn -0.628355 -0.09066077 -0.77262574
vn -0.8126612 -0.5595391 -0.16278176
vn -0.08400465 0.413607 -0.9065718
vn -0.1382858 0.4198443 -0.89699924
vn 0.016533723 0.0499118 -0.9986168
vn -0.10947784 0.47017244 -0.87575823
vn -0.43966287 -0.35807896 -0.82369655
vn 0.16785693 0.046931732 -0.9846935
vn 0.21359396 0.045948695 -0.9758413
vn 0.50007457 -0.37456197 -0.7807872
vn -0.10141242 -0.13759626 -0.98528314
vn 0.37003267 -0.4278743 -0.82462084
vn 0.59249216 -0.74730647 -0.30080873
vn -0.06251941 0.9061866 -0.41823104
vn -0.08212073 0.51003826 -0.8562227
vn 0.3529951 0.9061108 -0.23314741
vn 0.66501737 0.74635583 0.026548132
vn -0.0977424 0.9950596 -0.017400779
vn 0.7024159 0.69619 0.14809269
vn -0.1995658 0.90178937 0.38333982
vn 0.541571 0.81314975 0.2132802
vn -0.35395136 0.4149246 0.83818614
vn 0.0936663 0.625068 0.77493006
vn -0.018838188 -0.14674395 0.9889951
vn -0.012905033 -0.15237804 0.98823804
vn -0.026437009 -0.14903852 0.9884779
vn -0.01883819 -0.14674397 0.9889951
vn -0.02643701 -0.14903852 0.9884779
vn -0.016701203 -0.15277143 0.98812044
vn -0.37252623 -0.15879443 0.9143351
vn -0.36698177 -0.15915436 0.916512
vn -0.36698183 -0.15915436 0.916512
vn -0.37067178 -0.15737496 0.9153335
vn -0.37407222 -0.15810001 0.91382396
vn -0.3706718 -0.15737496 0.9153335
vn -0.03274216 0.091461375 0.9952702
vn -0.03274216 0.09146139 0.9952702
vn -0.032742158 0.091461375 0.9952702
vn -0.03274216 0.09146138 0.9952702
vn -0.07372875 0.11075786 0.9911089
vn -0.08581656 0.113852166 0.9897844
vn -0.15555999 0.11144654 0.9815196
vn -0.15555997 0.11144654 0.9815196
vn -0.28566268 0.10038878 0.9530577
vn -0.24215594 0.12126407 0.96262944
vn -0.24215597 0.121264085 0.96262944
vn -0.27462143 0.10308557 0.95601076
vn -0.3179893 0.09762437 0.9430548
vn -0.31798926 0.097624354 0.9430548
vn -0.31798926 0.097624354 0.9430548
vn -0.31798932 0.09762436 0.9430548
vn -0.23250212 0.8923228 0.3869145
vn -0.118456855 0.9622985 0.24484602
vn -0.2575508 0.89010525 0.37600568
vn -0.11074161 0.9654517 0.23587972
vn 0.051334355 0.99862206 0.010891777
vn 0.054217808 0.9985233 0.003422374
vn 0.06514581 0.9683479 -0.24095298
vn 0.06299984 0.9616649 -0.26689252
vn 0.04134436 0.91666526 -0.39751148
vn 0.09776434 0.9226381 -0.37306967
vn 0.07218776 0.94238794 -0.3266402
vn 0.07568178 0.9273978 -0.366341
vn 0.120547056 0.91787755 -0.37811258
vn 0.062450226 0.92386234 -0.37759557
vn 0.042708304 0.9684747 -0.24542363
vn 0.053509407 0.9622874 -0.26672003
vn -0.03955314 0.99919695 -0.0063972776
vn -0.039100796 0.9991092 -0.01587097
vn 0.02490673 0.96132815 0.2742767
vn 0.020847991 0.96484095 0.2620062
vn 0.10328654 0.89157945 0.44092843
vn 0.07192744 0.8940615 0.44213176
vn -0.08743543 -0.99557614 0.034398668
vn 0.182912 -0.7687577 -0.6128252
vn -0.07655367 -0.9954046 0.057525665
vn 0.13060984 -0.7919737 -0.5964215
vn -0.063638896 -0.99694806 0.045217734
vn 0.06284665 -0.77118593 -0.6335002
vn 0.022952368 -0.9978237 0.061813444
vn 0.07697314 -0.8085987 -0.5833037
vn 0.04701242 -0.99534744 0.08410299
vn 0.06811968 -0.7714515 -0.63263136
vn -0.07655367 -0.9954046 0.057525665
vn 0.182912 -0.7687577 -0.6128252
vn 0.31421277 -0.84801376 -0.42678204
vn -0.06954922 -0.9946431 0.076471746
vn 0.46557295 -0.861045 -0.20455639
vn -0.11279237 -0.99266255 0.043576866
vn 0.47541016 -0.8748029 0.09330126
vn -0.11736179 -0.99292207 -0.018219503
vn 0.38723767 -0.83834004 0.38370952
vn -0.07603157 -0.9954691 -0.05710103
vn 0.17620969 -0.7971412 0.57750845
vn -0.030050054 -0.9985279 -0.045154832
vn -0.06893029 -0.69485486 0.71583897
vn -0.052018605 -0.9986077 -0.00876706
vn -0.079832725 -0.6997271 0.70993584
vn -0.011660787 -0.9994635 0.030608555
vn -0.15643726 -0.5517859 0.81918234
vn 0.08551059 -0.9952512 0.046506885
vn -0.15757291 -0.68370336 0.71254516
vn 0.058172725 -0.9974865 0.040454954
vn -0.20902914 -0.7059549 0.6767085
vn 0.05391046 -0.9985411 0.0030529082
vn -0.37277514 -0.8077012 0.45679045
vn 0.05203771 -0.99792236 -0.037988253
vn -0.49016765 -0.84720254 0.20489924
vn 0.10051513 -0.9945385 -0.028105471
vn -0.46772888 -0.87904024 -0.09229311
vn 0.12174859 -0.9921853 0.027306207
vn -0.348484 -0.863296 -0.36507398
vn 0.09088663 -0.99230134 0.08412872
vn -0.12447489 -0.8485376 -0.5142858
vn 0.036294244 -0.9945148 0.09809679
vn 0.06811968 -0.7714515 -0.63263136
vn 0.04701242 -0.99534744 0.08410299
vn -0.1345046 0.65377057 0.7446426
vn -0.45530877 0.8794358 0.13887654
vn -0.3954755 0.6130484 0.68393767
vn -0.4686486 0.8309751 -0.29974788
vn 0.0936663 0.625068 0.77493006
vn 0.3382466 0.73747605 -0.5845667
vn -0.8138887 0.580416 -0.026501207
vn -0.16461302 0.98443776 -0.061521195
vn 0.30457434 0.95214057 0.025743423
vn -0.35203412 0.9317578 -0.0888789
vn 0.73826337 0.42021814 -0.52762103
vn -0.25765005 0.718507 0.6460373
vn 0.90184075 0.42985073 -0.043722603
vn 0.6707352 0.6062704 0.4272592
vn -0.07775001 0.91470456 0.39657345
vn -0.73429215 -0.64613044 0.20815976
vn -0.8072748 -0.33162537 0.48819265
vn -0.07333873 -0.33049577 0.94095373
vn 0.01097177 -0.8536975 0.5206536
vn 0.81668866 -0.03849668 0.57579297
vn 0.6678366 -0.6806293 0.30122733
vn -0.08705328 -0.96061534 -0.26389354
vn 0.979912 -0.007988685 0.19927074
vn 0.6898524 -0.7107761 0.13748063
vn -0.17246714 -0.9849075 -0.014564894
vn 0.98420274 -0.08623966 -0.1546211
vn 0.6737337 -0.73827237 0.0321993
vn -0.25499156 -0.9337683 0.25110963
vn 0.7680316 -0.2804055 -0.57576054
vn 0.44340083 -0.8799007 -0.17079337
vn -0.29001325 -0.7913356 0.5382196
vn 0.1783495 -0.39532357 -0.9010609
vn 0.03683747 -0.9428861 -0.33107215
vn -0.13644011 -0.7338141 0.665508
vn -0.49387753 -0.27077886 -0.82629514
vn -0.37722892 -0.85586834 -0.3538187
vn 0.05233165 -0.8006033 0.5969051
vn -0.85148007 -0.071999535 -0.5194205
vn -0.6423415 -0.73146033 -0.2288301
vn 0.1242798 -0.93818986 0.3230392
vn -0.98131347 0.0037426557 -0.19237934
vn -0.70399165 -0.695972 -0.14148754
vn 0.14544265 -0.9881324 0.04940506
vn -0.9741648 -0.029637722 0.22388531
vn -0.737006 -0.67543024 0.024823086
vn 0.16689892 -0.96254694 -0.21365456
vn -0.29338595 -0.33157977 0.896649
vn -0.22342756 -0.87701523 0.42535192
vn 0.5987916 -0.6490937 0.46917602
vn 0.5616388 -0.33664045 0.7558009
vn 0.033015918 0.04714638 0.9983423
vn -0.3954755 0.6130484 0.68393767
vn -0.005487087 0.44207534 0.8969611
vn -0.007105287 0.018447528 0.99980456
vn -0.1345046 0.65377057 0.7446426
vn -0.17731006 0.008064468 0.98412204
vn -0.38616294 0.027769582 0.9220125
vn 0.0936663 0.625068 0.77493006
vn -0.35395136 0.4149246 0.83818614
vn -0.033279944 0.23920132 -0.9703995
vn 0.3529951 0.9061108 -0.23314741
vn -0.08212073 0.51003826 -0.8562227
vn 0.17772828 0.25731224 -0.94984376
vn 0.055563856 0.9736999 -0.22095512
vn 0.40110618 0.27436697 -0.87397736
vn -0.1833454 0.90896314 -0.37439343
vn 0.38208786 0.51408094 -0.76793855
vn -0.19159389 -0.13092755 0.9727023
vn 0.0009814457 -0.06353602 0.9979791
vn -0.007105287 0.018447528 0.99980456
vn 0.0050625443 -0.075521484 0.99713135
vn 0.02574865 -0.03861741 0.9989222
vn 0.011352837 -0.08097742 0.99665123
vn -0.012554543 -0.110412195 0.9938066
vn -0.04864086 -0.15258 0.9870934
vn 0.008587867 -0.063413404 0.9979504
vn -0.56941754 -0.71131915 0.41205436
vn -0.36487484 -0.7412268 0.5634263
vn -0.2609792 -0.8048246 0.53305465
vn -0.46784127 -0.7652515 0.44217056
vn 0.21339531 -0.29519856 -0.9313003
vn 0.22280236 -0.0017195868 -0.97486204
vn -0.19280499 -0.0017197594 -0.9812355
vn -0.18404874 -0.29773554 -0.93673885
vn 0.8069104 -0.30076435 -0.5083665
vn 0.5807844 -0.0017518243 -0.8140556
vn 0.5572181 -0.29409215 -0.7765422
vn 0.8425549 -0.0017843186 -0.5386075
vn 0.9330276 -0.30909678 -0.18416972
vn 0.70258904 -0.5663615 -0.43081704
vn 0.9811017 -0.0018459525 -0.19348411
vn 0.94956946 0.2514465 -0.18732996
vn 0.81535137 0.25256523 -0.520973
vn 0.804358 -0.5725033 -0.15889637
vn 0.9511753 -0.3084354 -0.011537545
vn 0.6678094 -0.73174345 -0.13631636
vn 0.82146287 -0.56968457 -0.025655227
vn 0.9395344 -0.2983308 0.16814752
vn 0.8146489 -0.563865 0.13565889
vn 0.57756704 -0.73867804 -0.34752125
vn 0.4823939 -0.5644184 -0.6698717
vn 0.36738798 -0.7587366 -0.5379078
vn 0.3206913 -0.8252799 -0.46483344
vn 0.52010864 -0.8029478 -0.29113877
vn 0.6678094 -0.73174345 -0.13631636
vn 0.593627 -0.7946431 -0.12707937
vn 0.108372204 -0.8451574 -0.5234162
vn 0.13407858 -0.7722704 -0.62098414
vn 0.4823939 -0.5644184 -0.6698717
vn 0.18224967 -0.57189894 -0.799823
vn -0.11773165 -0.7758673 -0.61981386
vn -0.103305295 -0.8448014 -0.52501285
vn -0.31744865 -0.8222904 -0.47229734
vn -0.15735252 -0.57776135 -0.8008945
vn -0.36384305 -0.761974 -0.53573686
vn -0.48273978 -0.79294604 -0.3717509
vn 0.21339531 -0.29519856 -0.9313003
vn -0.18404874 -0.29773554 -0.93673885
vn -0.47337025 -0.5723405 -0.66958714
vn -0.70007324 -0.5592042 -0.44405863
vn -0.5522806 -0.29511103 -0.7796766
vn -0.5542899 -0.7391592 -0.38263094
vn -0.6861657 -0.70571357 -0.17647935
vn -0.6172524 -0.74921155 -0.24016942
vn -0.70042133 -0.7118156 -0.05223505
vn -0.72819275 -0.6850845 -0.019862212
vn -0.82212794 -0.54722583 -0.15700124
vn -0.64652437 -0.7168935 0.26090237
vn 0.5572181 -0.29409215 -0.7765422
vn 0.4823939 -0.5644184 -0.6698717
vn 0.8069104 -0.30076435 -0.5083665
vn 0.70258904 -0.5663615 -0.43081704
vn 0.5807844 -0.0017518243 -0.8140556
vn 0.22280236 -0.0017195868 -0.97486204
vn -0.94342893 -0.28258145 -0.17346369
vn -0.8412313 -0.5406686 -0.002720633
vn -0.70783985 -0.6885665 0.15760352
vn -0.46784127 -0.7652515 0.44217056
vn -0.56941754 -0.71131915 0.41205436
vn -0.70314366 -0.5469469 0.4543547
vn -0.82580334 -0.5404239 0.16121645
vn -0.8116547 -0.28933546 -0.50744617
vn -0.84794515 -0.0016533991 -0.5300814
vn -0.98373204 -0.0016167174 -0.17963473
vn -0.9602831 -0.27901855 0.0022090427
vn -0.9522571 0.25106892 -0.17369772
vn -0.9999938 -0.001600249 0.003140185
vn -0.94256 -0.27875918 0.18404827
vn -0.5776757 -0.0016983716 -0.81626457
vn -0.19280499 -0.0017197594 -0.9812355
vn -0.18404874 -0.29773554 -0.93673885
vn -0.5579652 0.26081622 -0.78781325
vn -0.8199696 0.25564107 -0.5121498
vn -0.74700516 0.47405654 -0.46610478
vn -0.9685499 0.248801 0.0030163915
vn -0.8699104 0.46704063 -0.15852118
vn -0.9814595 -0.0015991335 0.19166276
vn -0.8444237 -0.0017161624 0.5356731
vn -0.8093404 -0.28245133 0.5149653
vn -0.95038617 0.24964228 0.18559358
vn -0.8173953 0.25135902 0.51834685
vn -0.74640024 0.46747872 0.47365633
vn -0.8689996 0.46480334 0.16969797
vn -0.8857283 0.46419626 0.0026627493
vn -0.7103439 0.69189936 -0.12917767
vn -0.8857283 0.46419626 0.0026627493
vn -0.7207464 0.69319594 0.00201021
vn -0.60759044 0.6983376 -0.37836292
vn -0.401717 0.8811726 -0.2493157
vn -0.47162372 0.8776478 -0.08547092
vn -0.27848515 0.9590962 -0.050799277
vn -0.47495645 0.8800086 0.0011073762
vn -0.28253973 0.9592555 0.00030792836
vn -0.41034454 0.70560634 -0.57769984
vn -0.5067531 0.48195165 -0.71478945
vn -0.16845396 0.48609287 -0.8575179
vn -0.18597019 0.2635817 -0.9465409
vn -0.13588668 0.70906943 -0.69192153
vn -0.16845396 0.48609287 -0.8575179
vn -0.2700054 0.88516885 -0.3789105
vn -0.08896866 0.8869427 -0.45322987
vn -0.1582775 0.9620994 -0.222065
vn 0.15906468 0.70552534 -0.69060284
vn 0.10513866 0.88514906 -0.45327374
vn -0.05199417 0.96286017 -0.26494706
vn 0.19591872 0.48178816 -0.8541054
vn 0.416274 0.6993231 -0.5810878
vn 0.21540663 0.2606975 -0.94108284
vn -0.18597019 0.2635817 -0.9465409
vn 0.511668 0.47514394 -0.715845
vn 0.21540663 0.2606975 -0.94108284
vn 0.5616458 0.25634983 -0.7866631
vn -0.23630491 0.96051645 -0.14686067
vn 0.6070787 0.69404596 -0.3869828
vn 0.27549148 0.8817085 -0.38300735
vn -0.120731376 0.989856 -0.07489364
vn -0.081223726 0.99020886 -0.11352989
vn -0.026702736 0.9903199 -0.13621122
vn 0.061788794 0.962079 -0.2656807
vn 0.0320004 0.9902076 -0.13588558
vn -0.0027641784 0.99999607 -0.00050372176
vn 0.08361655 0.989865 -0.11478437
vn 0.16232747 0.9607341 -0.22503258
vn 0.2377913 0.9595679 -0.1506148
vn 0.12148938 0.9896634 -0.07620082
vn 0.40266275 0.8788487 -0.25590557
vn 0.27738065 0.95919925 -0.054742727
vn 0.46988082 0.87784696 -0.09271916
vn 0.7079224 0.69235057 -0.13963021
vn 0.74426246 0.46934295 -0.47517434
vn 0.81535137 0.25256523 -0.520973
vn 0.94956946 0.2514465 -0.18732996
vn 0.8672081 0.46763352 -0.17108189
vn 0.8672081 0.46763352 -0.17108189
vn 0.8425549 -0.0017843186 -0.5386075
vn 0.21540663 0.2606975 -0.94108284
vn -0.18597019 0.2635817 -0.9465409
vn -0.19280499 -0.0017197594 -0.9812355
vn 0.7178892 0.69615346 -0.002309787
vn 0.88417596 0.4671461 -0.0027072064
vn 0.968071 0.25065994 -0.0028706752
vn 0.94956946 0.2514465 -0.18732996
vn 0.4717708 0.8817197 -0.001669172
vn 0.70773363 0.6941404 0.13146189
vn 0.46913064 0.8788804 0.086520255
vn 0.27191442 0.9605992 0.057547763
vn 0.27646366 0.9609646 0.010713845
vn 0.27738065 0.95919925 -0.054742727
vn 0.70773363 0.6941404 0.13146189
vn 0.88417596 0.4671461 -0.0027072064
vn 0.8678485 0.46987486 0.16142038
vn 0.9512056 0.2528915 0.17678761
vn 0.88417596 0.4671461 -0.0027072064
vn 0.968071 0.25065994 -0.0028706752
vn 0.9999938 -0.0018448097 -0.0030163908
vn 0.9831397 -0.0019096892 0.18284634
vn 0.9395344 -0.2983308 0.16814752
vn 0.9511753 -0.3084354 -0.011537545
vn 0.9811017 -0.0018459525 -0.19348411
vn 0.94956946 0.2514465 -0.18732996
vn 0.9330276 -0.30909678 -0.18416972
vn -0.36487484 -0.7412268 0.5634263
vn -0.09454621 -0.8350085 0.54205334
vn -0.2609792 -0.8048246 0.53305465
vn -0.15520237 -0.8024482 0.57618505
vn 0.10468127 -0.86332536 0.4936711
vn 0.10767968 -0.86347944 0.4927559
vn 0.28301856 -0.86005217 0.42451248
vn 0.35098842 -0.8258747 0.4412914
vn 0.35098842 -0.8258747 0.4412914
vn 0.41717392 -0.8487423 0.32496536
vn 0.28301856 -0.86005217 0.42451248
vn 0.53333837 -0.7663431 0.3581459
vn 0.73942685 -0.5818665 0.3386436
vn 0.6497271 -0.7475196 0.13809101
vn 0.5304301 -0.8246719 0.19636774
vn 0.87275106 0.27456942 0.4036302
vn 0.7431601 0.47554252 0.47071472
vn 0.8678485 0.46987486 0.16142038
vn 0.9512056 0.2528915 0.17678761
vn 0.93380445 -0.0013232303 0.3577815
vn 0.9512056 0.2528915 0.17678761
vn 0.9831397 -0.0019096892 0.18284634
vn 0.9395344 -0.2983308 0.16814752
vn 0.8957494 -0.28861505 0.3381336
vn 0.7431601 0.47554252 0.47071472
vn 0.70773363 0.6941404 0.13146189
vn 0.60427845 0.6996046 0.38131472
vn 0.3993446 0.8817144 0.25120434
vn 0.46913064 0.8788804 0.086520255
vn 0.40752956 0.70738053 0.57752264
vn 0.49451616 0.56724304 0.6585508
vn 0.13376999 0.7127257 0.6885693
vn 0.15182826 0.6041314 0.78228736
vn 0.6734628 0.36809987 0.6410541
vn 0.87275106 0.27456942 0.4036302
vn 0.26794016 0.8851657 0.38038114
vn 0.1573129 0.96200943 0.22313763
vn 0.235271 0.96064216 0.14769627
vn 0.05154963 0.9627968 0.26526397
vn 0.08807463 0.88696605 0.45335874
vn 0.40752956 0.70738053 0.57752264
vn 0.13376999 0.7127257 0.6885693
vn 0.038354173 0.97959006 0.19731249
vn 0.11893289 0.9820901 0.1461298
vn -0.06313028 0.9620313 0.265538
vn -0.057093084 0.9825067 0.17725952
vn -0.12946278 0.9815081 0.1410011
vn -0.1638647 0.9604506 0.22512892
vn -0.16408539 0.7075827 0.68731564
vn -0.10762035 0.8851862 0.45261803
vn -0.2784086 0.88117945 0.3821144
vn -0.21474053 0.5680006 0.79451984
vn 0.15182826 0.6041314 0.78228736
vn -0.42077404 0.6986663 0.5786316
vn -0.6095652 0.69189215 0.38693106
vn -0.4048361 0.8776378 0.25663137
vn -0.5166882 0.47446218 0.7126843
vn -0.74640024 0.46747872 0.47365633
vn -0.3906711 0.36772555 0.84389216
vn -0.6619388 0.2728805 0.6981213
vn -0.8173953 0.25135902 0.51834685
vn -0.74640024 0.46747872 0.47365633
vn -0.6619388 0.2728805 0.6981213
vn -0.18404874 -0.29773554 -0.93673885
vn -0.5522806 -0.29511103 -0.7796766
vn -0.47337025 -0.5723405 -0.66958714
vn -0.15735252 -0.57776135 -0.8008945
vn -0.18597019 0.2635817 -0.9465409
vn -0.5776757 -0.0016983716 -0.81626457
vn -0.19280499 -0.0017197594 -0.9812355
vn -0.23471074 0.960138 0.15180846
vn -0.12946278 0.9815081 0.1410011
vn -0.1638647 0.9604506 0.22512892
vn -0.2784086 0.88117945 0.3821144
vn -0.4048361 0.8776378 0.25663137
vn -0.10762035 0.8851862 0.45261803
vn -0.06313028 0.9620313 0.265538
vn 0.05154963 0.9627968 0.26526397
vn -0.10762035 0.8851862 0.45261803
vn 0.0031534526 0.99968433 0.024925454
vn 0.15859371 0.98667496 0.03633994
vn 0.09902335 0.99257785 0.07059545
vn 0.025392799 0.9911186 0.13053407
vn -0.06905514 0.992589 0.099992566
vn -0.13728929 0.98652357 0.08901044
vn 0.15906468 0.70552534 -0.69060284
vn 0.416274 0.6993231 -0.5810878
vn 0.27549148 0.8817085 -0.38300735
vn 0.16232747 0.9607341 -0.22503258
vn 0.061788794 0.962079 -0.2656807
vn 0.27549148 0.8817085 -0.38300735
vn -0.13762088 0.9904851 -0.00011639313
vn -0.11841121 0.990399 0.07133453
vn -0.275694 0.95947045 0.05838936
vn -0.47288334 0.87627286 0.092343025
vn -0.47495645 0.8800086 0.0011073762
vn -0.4048361 0.8776378 0.25663137
vn -0.23471074 0.960138 0.15180846
vn -0.71076566 0.6895995 0.13879733
vn -0.6095652 0.69189215 0.38693106
vn -0.8689996 0.46480334 0.16969797
vn -0.7207464 0.69319594 0.00201021
vn -0.8857283 0.46419626 0.0026627493
vn -0.7103439 0.69189936 -0.12917767
vn -0.47162372 0.8776478 -0.08547092
vn -0.13762088 0.9904851 -0.00011639313
vn -0.14176415 0.98956037 -0.025946703
vn -0.0027641784 0.99999607 -0.00050372176
vn -0.11841121 0.990399 0.07133453
vn -0.0027641784 0.99999607 -0.00050372176
vn -0.14176415 0.98956037 -0.025946703
vn -0.081223726 0.99020886 -0.11352989
vn -0.026702736 0.9903199 -0.13621122
vn -0.05199417 0.96286017 -0.26494706
vn -0.2700054 0.88516885 -0.3789105
vn -0.08896866 0.8869427 -0.45322987
vn -0.275694 0.95947045 0.05838936
vn -0.11841121 0.990399 0.07133453
vn -0.14079806 0.9834879 0.113698624
vn -0.23471074 0.960138 0.15180846
vn 0.27738065 0.95919925 -0.054742727
vn 0.12148938 0.9896634 -0.07620082
vn 0.2377913 0.9595679 -0.1506148
vn 0.13963538 0.9901626 0.008943358
vn -0.0027641784 0.99999607 -0.00050372176
vn 0.08361655 0.989865 -0.11478437
vn 0.13009958 0.9876754 0.08701419
vn 0.17707044 0.98265314 0.055127617
vn 0.27191442 0.9605992 0.057547763
vn 0.27646366 0.9609646 0.010713845
vn 0.13963538 0.9901626 0.008943358
vn 0.27738065 0.95919925 -0.054742727
vn -0.057093084 0.9825067 0.17725952
vn -0.12946278 0.9815081 0.1410011
vn -0.13728929 0.98652357 0.08901044
vn -0.06905514 0.992589 0.099992566
vn 0.025392799 0.9911186 0.13053407
vn 0.038354173 0.97959006 0.19731249
vn 0.11893289 0.9820901 0.1461298
vn 0.09902335 0.99257785 0.07059545
vn 0.15859371 0.98667496 0.03633994
vn 0.17279834 0.98143804 0.083186954
vn 0.27191442 0.9605992 0.057547763
vn 0.17707044 0.98265314 0.055127617
vn -0.94256 -0.27875918 0.18404827
vn -0.8093404 -0.28245133 0.5149653
vn -0.70314366 -0.5469469 0.4543547
vn 0.7092926 -0.48294944 -0.513482
vn -0.8938708 0.21887763 -0.39126408
vn -0.95484996 -0.0682165 -0.28915069
vn 0.85575217 -0.2140882 -0.47101426
vn 0.83752394 0.3362098 -0.4307164
vn 0.28847948 0.779098 -0.55658406
vn -0.6326717 0.70001155 -0.33122548
vn -0.36487484 -0.7412268 0.5634263
vn -0.55308664 -0.57491803 0.602963
vn -0.15520237 -0.8024482 0.57618505
vn -0.70314366 -0.5469469 0.4543547
vn -0.56941754 -0.71131915 0.41205436
vn -0.8093404 -0.28245133 0.5149653
vn -0.70314366 -0.5469469 0.4543547
vn -0.70366937 -0.28003097 0.65301764
vn -0.73384565 -0.0011820323 0.67931515
vn -0.8444237 -0.0017161624 0.5356731
vn -0.8173953 0.25135902 0.51834685
vn -0.6619388 0.2728805 0.6981213
vn 0.8146489 -0.563865 0.13565889
vn 0.6497271 -0.7475196 0.13809101
vn 0.53333837 -0.7663431 0.3581459
vn 0.73942685 -0.5818665 0.3386436
vn 0.9395344 -0.2983308 0.16814752
vn 0.8957494 -0.28861505 0.3381336
vn 0.1573129 0.96200943 0.22313763
vn 0.11893289 0.9820901 0.1461298
vn 0.17279834 0.98143804 0.083186954
vn 0.235271 0.96064216 0.14769627
vn 0.27191442 0.9605992 0.057547763
vn 0.3993446 0.8817144 0.25120434
vn -0.14079806 0.9834879 0.113698624
vn -0.13728929 0.98652357 0.08901044
vn -0.12946278 0.9815081 0.1410011
vn -0.23471074 0.960138 0.15180846
vn 0.06511267 -0.18998502 0.9796254
vn 0.85575217 -0.2140882 -0.47101426
vn 0.7092926 -0.48294944 -0.513482
vn 0.3202928 -0.03806439 0.9465535
vn 0.83752394 0.3362098 -0.4307164
vn 0.37222445 0.4689123 0.8009808
vn -0.05377341 0.82642835 0.5604682
vn -0.8938708 0.21887763 -0.39126408
vn 0.37222445 0.4689123 0.8009808
vn 0.28847948 0.779098 -0.55658406
vn -0.05377341 0.82642835 0.5604682
vn -0.6326717 0.70001155 -0.33122548
vn -0.95484996 -0.0682165 -0.28915069
vn 0.3202928 -0.03806439 0.9465535
vn 0.06511267 -0.18998502 0.9796254
vn -0.8589019 -0.48267758 -0.17120151
vn -0.9907849 -0.10738642 -0.08254398
vn 0.034213185 -0.019802146 0.99921834
vn 0.17034487 -0.29252127 0.9409644
vn -0.80209124 -0.55354524 -0.22413674
vn 0.3430099 -0.297417 0.89100355
vn 0.68187857 0.1859429 -0.70743674
vn 0.7307037 -0.13900451 -0.66839343
vn 0.3430099 -0.297417 0.89100355
vn 0.17034487 -0.29252127 0.9409644
vn 0.74469686 -0.26607057 -0.61207277
vn -0.49126083 0.79138947 -0.36382082
vn -0.8857242 0.45766127 -0.07770938
vn -0.9907849 -0.10738642 -0.08254398
vn 0.54067147 0.642368 -0.5431737
vn 0.68187857 0.1859429 -0.70743674
vn 0.7307037 -0.13900451 -0.66839343
vn -0.8589019 -0.48267758 -0.17120151
vn 0.74469686 -0.26607057 -0.61207277
vn -0.80209124 -0.55354524 -0.22413674
vn -0.9887172 -0.08412952 -0.12393779
vn -0.81880164 0.16390896 -0.5501798
vn -0.98360574 0.056201488 -0.17135052
vn -0.83716804 -0.03871768 -0.54557365
vn -0.9710689 -0.17284115 -0.1647758
vn -0.82133 -0.19184169 -0.53722787
vn -0.9844498 -0.15584381 0.08106429
vn -0.99007696 -0.07171417 0.12085039
vn -0.99007696 -0.07171417 0.12085039
vn -0.98360574 0.056201488 -0.17135052
vn -0.986252 -0.07526307 0.14711402
vn -0.8578147 -0.0041407165 0.5139423
vn -0.99007696 -0.07171417 0.12085039
vn -0.986252 -0.07526307 0.14711402
vn -0.81836367 0.08098872 0.56896555
vn -0.6198323 0.6931641 -0.36787444
vn -0.7374067 0.5338429 -0.4138153
vn -0.67225516 0.54082793 -0.50554746
vn -0.5938559 0.67730886 -0.43426687
vn -0.59517753 0.73478085 -0.32536247
vn -0.5682983 0.7263264 -0.38663554
vn -0.48591363 0.7014754 -0.5213638
vn -0.5208012 0.63569987 -0.5697822
vn -0.5938559 0.67730886 -0.43426687
vn -0.67225516 0.54082793 -0.50554746
vn -0.55336785 0.5119449 -0.6570361
vn -0.42187724 0.48230726 -0.76772344
vn -0.55336785 0.5119449 -0.6570361
vn -0.38921353 0.6100485 -0.6901838
vn -0.14522046 0.4744913 -0.8681987
vn -0.13305587 0.60418534 -0.78565645
vn -0.36156753 0.6791808 -0.638735
vn -0.12312213 0.67950064 -0.7232703
vn -0.38921353 0.6100485 -0.6901838
vn -0.48591363 0.7014754 -0.5213638
vn -0.36156753 0.6791808 -0.638735
vn -0.3087047 0.5356964 0.7859585
vn -0.49190703 0.32212156 0.80886656
vn -0.42158878 0.52569145 0.7388583
vn -0.3492183 0.33006358 0.8769861
vn -0.5369147 0.113183424 0.83600956
vn -0.3979076 0.10795947 0.9110512
vn -0.23891996 0.12838164 0.9625151
vn -0.22650704 0.22169825 0.9484432
vn 0.045043025 0.3294916 0.9430834
vn -0.023983618 0.21905679 0.9754174
vn 0.7809368 0.39181584 0.48643404
vn 0.6286313 0.39634356 0.66912967
vn 0.5796818 0.5533933 0.59810114
vn 0.69583327 0.57488966 0.4304858
vn 0.8524203 0.041226316 0.5212294
vn 0.84057254 -0.09785539 0.532787
vn 0.6460936 -0.13119161 0.75189877
vn 0.79189664 0.04109663 0.6092706
vn 0.9234286 -0.33556497 -0.18621455
vn 0.7963651 -0.58392644 -0.15758358
vn 0.80639523 -0.5689346 0.16136943
vn 0.9310952 -0.32569745 0.16426459
vn 0.9743146 -0.10387237 -0.199804
vn 0.9795029 -0.097071685 0.17649697
vn 0.7842628 -0.28686875 0.55012566
vn 0.84057254 -0.09785539 0.532787
vn 0.67954314 -0.53220165 0.5049581
vn 0.57185143 -0.6883766 0.4462327
vn 0.6724479 -0.7295493 0.12478649
vn 0.10919915 0.6191482 -0.7776445
vn 0.2206364 0.51156414 -0.8304346
vn 0.19331616 0.65000445 -0.7349306
vn 0.1024037 0.48998117 -0.8656973
vn -0.13305587 0.60418534 -0.78565645
vn -0.14522046 0.4744913 -0.8681987
vn 0.11008075 0.6860941 -0.7191363
vn -0.12312213 0.67950064 -0.7232703
vn 0.112618975 -0.05910305 -0.991879
vn 0.3693184 -0.11406812 -0.92227566
vn 0.3507602 -0.05974926 -0.9345572
vn 0.1036869 -0.13810974 -0.9849745
vn -0.1025657 -0.1805559 -0.9782024
vn -0.107950136 -0.03574226 -0.9935136
vn 0.10616328 0.11178527 -0.9880453
vn -0.13587797 0.1349615 -0.98148996
vn -0.32480982 -0.19948876 -0.92450136
vn -0.3589181 -0.005243413 -0.9333543
vn -0.5497331 -0.1990891 -0.8112688
vn -0.571066 -0.0018889164 -0.82090193
vn -0.82133 -0.19184169 -0.53722787
vn -0.83716804 -0.03871768 -0.54557365
vn -0.57481337 0.18802811 -0.7963887
vn -0.81880164 0.16390896 -0.5501798
vn 0.26035967 0.42868403 0.86512595
vn 0.23806678 0.52934766 0.81431895
vn 0.37269148 0.53679985 0.7569327
vn 0.045043025 0.3294916 0.9430834
vn -0.023983618 0.21905679 0.9754174
vn 0.02578071 0.5369306 0.8432324
vn -0.3087047 0.5356964 0.7859585
vn -0.3492183 0.33006358 0.8769861
vn -0.8400113 0.3844879 -0.38281858
vn -0.67225516 0.54082793 -0.50554746
vn -0.7374067 0.5338429 -0.4138153
vn -0.73281324 0.4051235 -0.54668057
vn -0.98360574 0.056201488 -0.17135052
vn -0.81880164 0.16390896 -0.5501798
vn -0.60484195 0.54530525 0.580352
vn -0.50622046 0.7310511 0.45749885
vn -0.5998096 0.5588092 0.57267857
vn -0.5095388 0.7268423 0.46051106
vn -0.46720022 0.77689725 0.4220837
vn -0.46720022 0.77689725 0.4220837
vn -0.5584009 0.39240283 -0.7308956
vn -0.55336785 0.5119449 -0.6570361
vn -0.67225516 0.54082793 -0.50554746
vn -0.73281324 0.4051235 -0.54668057
vn -0.57481337 0.18802811 -0.7963887
vn -0.81880164 0.16390896 -0.5501798
vn -0.28107047 -0.40535972 -0.86987513
vn -0.47290742 -0.57084227 -0.6711913
vn -0.2346327 -0.5459195 -0.804313
vn -0.51129293 -0.4279284 -0.74528974
vn -0.32480982 -0.19948876 -0.92450136
vn -0.5497331 -0.1990891 -0.8112688
vn -0.6431235 -0.5748488 -0.5059061
vn -0.4381097 -0.6236584 -0.6473871
vn -0.75861174 -0.41137967 -0.5052475
vn -0.82133 -0.19184169 -0.53722787
vn -0.9123159 -0.36312145 -0.18926859
vn -0.5742121 -0.6418335 -0.5082621
vn -0.7879712 -0.5688495 -0.23560907
vn -0.68032885 -0.6823429 -0.26750883
vn -0.936678 -0.34385046 0.06634162
vn -0.82069105 -0.5683921 0.05828102
vn -0.9844498 -0.15584381 0.08106429
vn -0.9710689 -0.17284115 -0.1647758
vn -0.47290742 -0.57084227 -0.6711913
vn -0.20827636 -0.5951439 -0.7761602
vn -0.2346327 -0.5459195 -0.804313
vn -0.7242297 -0.6879992 0.046351362
vn -0.68032885 -0.6823429 -0.26750883
vn -0.7879712 -0.5688495 -0.23560907
vn -0.51862055 -0.2845545 0.80626386
vn -0.5827657 -0.106789425 0.80559313
vn -0.4764455 -0.30564725 0.82436603
vn -0.4569228 -0.52155566 0.72055614
vn -0.34113196 -0.34168425 0.8757173
vn -0.26003474 -0.50133026 0.8252575
vn -0.39027977 -0.6772043 0.62375945
vn -0.21114115 -0.66598177 0.7154633
vn 0.065090664 -0.4884609 0.8701547
vn 0.058619097 -0.6447599 0.7621341
vn 0.18252987 -0.60651714 0.77383447
vn 0.23722187 -0.63940275 0.73136175
vn 0.2667801 -0.5067541 0.8197736
vn 0.3069957 -0.36693305 0.8781309
vn 0.49369365 -0.5155745 0.700321
vn 0.41464734 -0.66426665 0.6219465
vn 0.67954314 -0.53220165 0.5049581
vn 0.57185143 -0.6883766 0.4462327
vn 0.7842628 -0.28686875 0.55012566
vn 0.59420544 -0.3675618 0.7154147
vn 0.2667801 -0.5067541 0.8197736
vn 0.3069957 -0.36693305 0.8781309
vn 0.71844697 -0.31677032 0.619266
vn 0.84057254 -0.09785539 0.532787
vn -0.571066 -0.0018889164 -0.82090193
vn -0.39600515 0.17661013 -0.9011042
vn -0.57481337 0.18802811 -0.7963887
vn -0.3589181 -0.005243413 -0.9333543
vn -0.13587797 0.1349615 -0.98148996
vn -0.107950136 -0.03574226 -0.9935136
vn 0.8394069 0.17843324 0.51337856
vn 0.6286313 0.39634356 0.66912967
vn 0.7809368 0.39181584 0.48643404
vn 0.6777536 0.18947119 0.7104581
vn 0.5127963 0.36392316 0.7775603
vn 0.5351793 0.23276539 0.81203645
vn 0.4172728 0.3522813 0.83772385
vn 0.3885115 0.39632007 0.8318589
vn 0.26035967 0.42868403 0.86512595
vn 0.37269148 0.53679985 0.7569327
vn 0.5796818 0.5533933 0.59810114
vn 0.7728552 -0.31039563 -0.5534883
vn 0.33840138 -0.2730031 -0.9005298
vn 0.2679648 -0.51600003 -0.81359625
vn 0.6611399 -0.5588414 -0.50058997
vn 0.7963651 -0.58392644 -0.15758358
vn 0.690516 -0.7104582 -0.1357821
vn 0.54519606 -0.7220651 -0.42589104
vn 0.9234286 -0.33556497 -0.18621455
vn 0.81220055 -0.10116624 -0.5745396
vn 0.9743146 -0.10387237 -0.199804
vn 0.9800023 0.019044884 -0.19807242
vn 0.96487767 0.12455906 0.23129217
vn 0.98051274 0.018266238 -0.19560479
vn 0.98643506 0.03298342 0.16080453
vn 0.9743146 -0.10387237 -0.199804
vn 0.8394069 0.17843324 0.51337856
vn 0.9795029 -0.097071685 0.17649697
vn 0.8524203 0.041226316 0.5212294
vn 0.84057254 -0.09785539 0.532787
vn -0.7992912 -0.3328171 0.5003664
vn -0.8382969 -0.11956132 0.53194296
vn -0.5827657 -0.106789425 0.80559313
vn -0.51862055 -0.2845545 0.80626386
vn -0.68786836 -0.56123763 0.46027103
vn -0.4569228 -0.52155566 0.72055614
vn 0.32829824 0.11680828 -0.937324
vn 0.26846486 0.35746115 -0.89451003
vn 0.09402264 0.33998755 -0.935718
vn 0.10616328 0.11178527 -0.9880453
vn 0.27176377 -0.3503942 0.89630824
vn 0.1993315 -0.33710307 0.9201241
vn 0.014663152 -0.3258484 0.94530827
vn 0.07624069 -0.33855054 0.9378544
vn -0.31157798 -0.29583448 0.9029956
vn -0.2246077 -0.33774212 0.9140468
vn -0.12229397 -0.25556788 0.9590251
vn -0.34262565 -0.13330764 0.92996603
vn -0.14890678 -0.1789034 0.9725329
vn -0.29705533 -0.28060323 0.9126993
vn -0.0762496 -0.48392707 0.8717801
vn -0.03737387 -0.5391158 0.8414021
vn -0.2905427 -0.47604924 0.8300374
vn -0.36981028 -0.21258414 0.9044602
vn 0.5586059 -0.2743339 0.78275174
vn 0.6226574 -0.1973469 0.7572
vn 0.49907437 -0.5060065 0.70347863
vn 0.30593872 -0.5475701 0.77882516
vn 0.35283142 -0.49075508 0.7966614
vn 0.3108342 -0.350862 0.88333344
vn 0.49379766 -0.38730574 0.7785616
vn 0.27176377 -0.3503942 0.89630824
vn 0.58777654 -0.3524916 0.7281953
vn 0.75996894 -0.3089885 0.57181585
vn 0.6460936 -0.13119161 0.75189877
vn 0.84057254 -0.09785539 0.532787
vn 0.31686524 0.7040612 0.6355267
vn 0.5796818 0.5533933 0.59810114
vn 0.37269148 0.53679985 0.7569327
vn 0.4923005 0.7193427 0.49008805
vn 0.28652683 0.7855622 0.5484473
vn 0.69583327 0.57488966 0.4304858
vn 0.44359624 0.7850738 0.43229795
vn 0.5755504 0.73407817 0.3603763
vn 0.5152886 0.7894626 0.3335062
vn -0.659239 0.73952657 0.13603085
vn -0.659239 0.73952657 0.13603085
vn -0.659239 0.73952657 0.13603085
vn -0.659239 0.73952657 0.13603085
vn -0.39600515 0.17661013 -0.9011042
vn -0.5584009 0.39240283 -0.7308956
vn -0.57481337 0.18802811 -0.7963887
vn -0.41139385 0.3501921 -0.8414991
vn -0.13587797 0.1349615 -0.98148996
vn -0.55336785 0.5119449 -0.6570361
vn -0.1500779 0.3294622 -0.9321648
vn -0.42187724 0.48230726 -0.76772344
vn -0.14522046 0.4744913 -0.8681987
vn 0.5181385 0.38027054 -0.7661115
vn 0.6575044 0.3938255 -0.6423312
vn 0.5783169 0.55300665 -0.5997775
vn 0.4449786 0.54740536 -0.7087605
vn 0.113748014 0.76164424 0.63793373
vn 0.7354162 0.6620807 -0.14426394
vn 0.06857491 0.99764013 -0.003411483
vn 0.9492534 0.10455677 0.29662412
vn 0.081215665 -0.013930872 0.99659914
vn 0.44691047 -0.8887712 -0.10176851
vn 0.43217942 -0.62107015 -0.65382946
vn 0.8092779 -0.13378185 0.5719892
vn 0.43217942 -0.62107015 -0.65382946
vn 0.51196206 -0.06682282 -0.856405
vn -0.18258648 0.25727248 -0.94893265
vn 0.42414865 0.057618603 -0.90375775
vn -0.21416165 0.023484457 -0.9765158
vn 0.43217942 -0.62107015 -0.65382946
vn -0.22364926 -0.77104473 -0.59621394
vn 0.44691047 -0.8887712 -0.10176851
vn -0.11925433 -0.99267805 0.019201493
vn 0.26846486 0.35746115 -0.89451003
vn 0.5181385 0.38027054 -0.7661115
vn 0.4449786 0.54740536 -0.7087605
vn 0.2206364 0.51156414 -0.8304346
vn 0.06857491 0.99764013 -0.003411483
vn 0.7354162 0.6620807 -0.14426394
vn 0.76517063 0.113690555 -0.63370997
vn -0.13383958 0.76799154 -0.6263194
vn 0.5329379 -0.14823647 -0.8330685
vn -0.30699536 -0.019929634 -0.9515023
vn 0.79596496 -0.055907138 0.60275555
vn 0.6468179 -0.63539237 0.42178565
vn 0.7871659 -0.0057566697 0.61671454
vn 0.3163734 -0.4392437 -0.8408168
vn 0.17284404 0.024459554 0.9846454
vn 0.23786119 0.24292885 0.94042945
vn -0.435572 -0.3416597 0.8327939
vn 0.95252126 0.083608344 0.29276764
vn 0.61389554 -0.43017077 0.6618802
vn -0.0023450241 -0.12104196 0.99264455
vn 0.5864104 0.15493491 -0.7950585
vn 0.8478394 0.14288948 -0.5106378
vn 0.6575044 0.3938255 -0.6423312
vn 0.5181385 0.38027054 -0.7661115
vn 0.32829824 0.11680828 -0.937324
vn 0.5181385 0.38027054 -0.7661115
vn 0.26846486 0.35746115 -0.89451003
vn 0.45622045 0.72215086 -0.5199624
vn 0.40796068 0.77214813 -0.48719123
vn 0.28066608 0.74269027 -0.60797834
vn 0.33658496 0.69702446 -0.6331409
vn 0.5783169 0.55300665 -0.5997775
vn 0.4449786 0.54740536 -0.7087605
vn 0.19331616 0.65000445 -0.7349306
vn 0.2206364 0.51156414 -0.8304346
vn 0.11008075 0.6860941 -0.7191363
vn 0.10919915 0.6191482 -0.7776445
vn 0.3507602 -0.05974926 -0.9345572
vn 0.5864104 0.15493491 -0.7950585
vn 0.32829824 0.11680828 -0.937324
vn 0.6284283 0.0065235137 -0.77784026
vn 0.8478394 0.14288948 -0.5106378
vn 0.8835617 0.044029374 -0.4662405
vn 0.98051274 0.018266238 -0.19560479
vn 0.9800023 0.019044884 -0.19807242
vn 0.81220055 -0.10116624 -0.5745396
vn 0.9743146 -0.10387237 -0.199804
vn 0.3693184 -0.11406812 -0.92227566
vn 0.81220055 -0.10116624 -0.5745396
vn 0.3507602 -0.05974926 -0.9345572
vn -0.30699536 -0.019929634 -0.9515023
vn 0.5329379 -0.14823647 -0.8330685
vn 0.3163734 -0.4392437 -0.8408168
vn -0.40027618 -0.1623986 -0.90189004
vn -0.0023450241 -0.12104196 0.99264455
vn 0.61389554 -0.43017077 0.6618802
vn 0.8092779 -0.13378185 0.5719892
vn 0.081215665 -0.013930872 0.99659914
vn 0.032161072 0.79925895 -0.6001256
vn -0.67156464 0.7295907 0.12922172
vn -0.015870744 0.99987364 0.0009115846
vn -0.9022105 0.11583718 -0.415449
vn 0.081800655 0.09433113 -0.9921745
vn -0.711911 -0.24002883 -0.65997636
vn -0.41748002 -0.66532636 0.6189114
vn -0.49734542 -0.19046721 0.8463864
vn -0.56251055 -0.41827223 -0.71318316
vn -0.49734542 -0.19046721 0.8463864
vn -0.49525726 -0.114519775 0.86116517
vn -0.41748002 -0.66532636 0.6189114
vn -0.47384495 -0.87487805 0.100295916
vn -0.67156464 0.7295907 0.12922172
vn 0.18157008 -0.8162832 0.54837394
vn 0.08136521 -0.9966798 -0.0030516589
vn -0.41748002 -0.66532636 0.6189114
vn 0.2007809 -0.008734479 0.97959715
vn -0.49734542 -0.19046721 0.8463864
vn 0.5542471 -0.11848234 -0.8238762
vn -0.9377306 0.12654296 -0.32349363
vn -0.56251055 -0.41827223 -0.71318316
vn 0.17222443 -0.017534291 -0.9849016
vn -0.9377306 0.12654296 -0.32349363
vn -0.49525726 -0.114519775 0.86116517
vn -0.6821173 0.37162352 0.62977135
vn -0.3431081 0.7084552 0.6167398
vn -0.302424 0.7805354 0.5470871
vn -0.21599346 0.7847524 0.58095646
vn -0.24217716 0.70958084 0.6616987
vn -0.42158878 0.52569145 0.7388583
vn -0.24217716 0.70958084 0.6616987
vn -0.3087047 0.5356964 0.7859585
vn 0.02578071 0.5369306 0.8432324
vn 0.025018761 0.70454925 0.7092139
vn -0.21599346 0.7847524 0.58095646
vn 0.23806678 0.52934766 0.81431895
vn 0.019067928 0.79063195 0.61199474
vn 0.19330111 0.6996276 0.68786335
vn 0.37269148 0.53679985 0.7569327
vn 0.1667721 0.78065276 0.60230255
vn 0.31686524 0.7040612 0.6355267
vn 0.28652683 0.7855622 0.5484473
vn -0.40027618 -0.1623986 -0.90189004
vn 0.3163734 -0.4392437 -0.8408168
vn 0.08507981 -0.5669829 -0.819324
vn -0.55504227 -0.09625571 -0.8262341
vn 0.32811874 -0.24236071 -0.9130167
vn -0.35403162 0.096732855 -0.9302173
vn 0.8716213 0.39441523 -0.29105502
vn 0.97102666 -0.06396299 0.23025195
vn 0.8208679 -0.30418435 0.4833714
vn 0.6290347 0.76797897 -0.120514266
vn 0.62801427 0.76885027 -0.12028007
vn 0.62171024 0.77418 -0.118834294
vn 0.62171024 0.77418 -0.118834294
vn 0.8394069 0.17843324 0.51337856
vn 0.7809368 0.39181584 0.48643404
vn 0.8226151 0.3932985 0.41063476
vn 0.96487767 0.12455906 0.23129217
vn -0.6440036 0.34630632 0.682152
vn -0.60484195 0.54530525 0.580352
vn -0.5998096 0.5588092 0.57267857
vn -0.6439419 0.3400341 0.685358
vn -0.64347386 0.15426987 0.7497614
vn -0.81836367 0.08098872 0.56896555
vn -0.8578147 -0.0041407165 0.5139423
vn -0.81836367 0.08098872 0.56896555
vn -0.64347386 0.15426987 0.7497614
vn -0.62249094 0.033577256 0.78190637
vn -0.8382969 -0.11956132 0.53194296
vn -0.5827657 -0.106789425 0.80559313
vn 0.7809368 0.39181584 0.48643404
vn 0.69583327 0.57488966 0.4304858
vn 0.74171287 0.5707811 0.35223714
vn 0.8226151 0.3932985 0.41063476
vn 0.17222443 -0.017534291 -0.9849016
vn -0.56251055 -0.41827223 -0.71318316
vn -0.711911 -0.24002883 -0.65997636
vn 0.081800655 0.09433113 -0.9921745
vn -0.32230166 0.19566983 0.92619383
vn -0.3963626 0.12149107 0.9100201
vn -0.35596803 0.39941466 0.84484
vn -0.01743042 0.4927431 0.8700002
vn -0.080988176 0.4175131 0.9050545
vn 0.13302344 0.24458799 0.96045893
vn 0.28211573 0.25883085 0.92380595
vn 0.22298631 0.52210265 0.82321674
vn 0.3812098 0.511983 0.7697743
vn 0.41818514 0.4531605 0.7872526
vn 0.4529175 0.059803035 0.8895445
vn 0.5924024 0.259317 0.7627674
vn 0.5924024 0.259317 0.7627674
vn 0.5686889 0.4779166 0.6694688
vn 0.64536947 0.20118661 0.7369004
vn 0.5438952 0.7897482 0.2836827
vn 0.6111596 0.7329198 0.29885203
vn 0.5755504 0.73407817 0.3603763
vn 0.5152886 0.7894626 0.3335062
vn 0.6111596 0.7329198 0.29885203
vn 0.69583327 0.57488966 0.4304858
vn 0.74171287 0.5707811 0.35223714
vn 0.26846486 0.35746115 -0.89451003
vn 0.2206364 0.51156414 -0.8304346
vn 0.1024037 0.48998117 -0.8656973
vn 0.09402264 0.33998755 -0.935718
vn -0.14522046 0.4744913 -0.8681987
vn -0.1500779 0.3294622 -0.9321648
vn -0.13587797 0.1349615 -0.98148996
vn 0.10616328 0.11178527 -0.9880453
vn -0.9710689 -0.17284115 -0.1647758
vn -0.9123159 -0.36312145 -0.18926859
vn -0.75861174 -0.41137967 -0.5052475
vn -0.82133 -0.19184169 -0.53722787
vn 0.28211573 0.25883085 0.92380595
vn 0.4529175 0.059803035 0.8895445
vn 0.44089904 -0.096667305 0.8923359
vn 0.24406554 -0.3185267 0.9159546
vn 0.35283142 -0.49075508 0.7966614
vn 0.5586059 -0.2743339 0.78275174
vn 0.10722119 -0.32145995 0.9408332
vn -0.11120502 -0.11773666 0.9867986
vn 0.13302344 0.24458799 0.96045893
vn -0.11260037 0.02612857 0.9932968
vn -0.080988176 0.4175131 0.9050545
vn -0.32230166 0.19566983 0.92619383
vn -0.29705533 -0.28060323 0.9126993
vn -0.32230166 0.19566983 0.92619383
vn -0.3963626 0.12149107 0.9100201
vn 0.81220055 -0.10116624 -0.5745396
vn 0.33840138 -0.2730031 -0.9005298
vn 0.7728552 -0.31039563 -0.5534883
vn 0.3693184 -0.11406812 -0.92227566
vn 0.040612407 -0.32124564 -0.9461247
vn 0.1036869 -0.13810974 -0.9849745
vn -0.1025657 -0.1805559 -0.9782024
vn -0.02666485 -0.52398247 -0.85131156
vn 0.2679648 -0.51600003 -0.81359625
vn -0.11980139 -0.37595117 -0.9188626
vn -0.28107047 -0.40535972 -0.86987513
vn -0.32480982 -0.19948876 -0.92450136
vn -0.2346327 -0.5459195 -0.804313
vn -0.12110011 -0.53543025 -0.8358524
vn -0.11572852 -0.58475375 -0.8029133
vn -0.061585046 -0.59448415 -0.80174553
vn 0.17348322 -0.63934314 -0.74909544
vn 0.54519606 -0.7220651 -0.42589104
vn 0.6611399 -0.5588414 -0.50058997
vn -0.9844498 -0.15584381 0.08106429
vn -0.8382969 -0.11956132 0.53194296
vn -0.7992912 -0.3328171 0.5003664
vn -0.936678 -0.34385046 0.06634162
vn -0.68786836 -0.56123763 0.46027103
vn -0.82069105 -0.5683921 0.05828102
vn -0.7242297 -0.6879992 0.046351362
vn -0.58783925 -0.7154327 0.3776255
vn 0.6226574 -0.1973469 0.7572
vn 0.5586059 -0.2743339 0.78275174
vn 0.64536947 0.20118661 0.7369004
vn 0.5924024 0.259317 0.7627674
vn 0.44089904 -0.096667305 0.8923359
vn 0.24406554 -0.3185267 0.9159546
vn 0.35283142 -0.49075508 0.7966614
vn 0.30593872 -0.5475701 0.77882516
vn -0.03737387 -0.5391158 0.8414021
vn 0.10722119 -0.32145995 0.9408332
vn -0.14890678 -0.1789034 0.9725329
vn -0.34262565 -0.13330764 0.92996603
vn -0.49721694 -0.000107446685 0.8676262
vn -0.5197589 -0.09857262 0.84860724
vn -0.53758854 0.0030907996 0.8432016
vn -0.3979076 0.10795947 0.9110512
vn -0.5369147 0.113183424 0.83600956
vn 0.5351793 0.23276539 0.81203645
vn 0.6777536 0.18947119 0.7104581
vn 0.79189664 0.04109663 0.6092706
vn 0.8394069 0.17843324 0.51337856
vn 0.8524203 0.041226316 0.5212294
vn 0.39985877 -0.3203244 0.8587813
vn 0.58777654 -0.3524916 0.7281953
vn 0.3108342 -0.350862 0.88333344
vn 0.43531352 -0.18774964 0.8804841
vn 0.6460936 -0.13119161 0.75189877
vn -0.0762496 -0.48392707 0.8717801
vn -0.29705533 -0.28060323 0.9126993
vn -0.11120502 -0.11773666 0.9867986
vn 0.10722119 -0.32145995 0.9408332
vn -0.4569228 -0.52155566 0.72055614
vn -0.39027977 -0.6772043 0.62375945
vn -0.58783925 -0.7154327 0.3776255
vn -0.68786836 -0.56123763 0.46027103
vn -0.08034787 -0.092311405 0.9924832
vn 0.13966788 -0.097143374 0.98542166
vn 0.15343559 -0.3051303 0.93986857
vn -0.07149718 -0.31634936 0.94594467
vn -0.29525888 -0.1079571 0.9492984
vn -0.079128034 -0.4551518 0.8868909
vn 0.14987817 -0.4407947 0.88500655
vn -0.23623516 -0.33599913 0.91175514
vn -0.19358926 -0.48171985 0.85467494
vn -0.4692195 -0.3535827 0.80920476
vn -0.550953 -0.1459991 0.82166606
vn 0.7963651 -0.58392644 -0.15758358
vn 0.690516 -0.7104582 -0.1357821
vn 0.6724479 -0.7295493 0.12478649
vn 0.80639523 -0.5689346 0.16136943
vn -0.2346327 -0.5459195 -0.804313
vn -0.20827636 -0.5951439 -0.7761602
vn -0.11572852 -0.58475375 -0.8029133
vn -0.12110011 -0.53543025 -0.8358524
vn -0.48986474 -0.2636794 0.8309667
vn -0.31157798 -0.29583448 0.9029956
vn -0.2246077 -0.33774212 0.9140468
vn -0.5197589 -0.09857262 0.84860724
vn -0.34262565 -0.13330764 0.92996603
vn 0.18252987 -0.60651714 0.77383447
vn 0.065090664 -0.4884609 0.8701547
vn 0.03343956 -0.33075193 0.94312507
vn -0.26003474 -0.50133026 0.8252575
vn 0.6497271 -0.7475196 0.13809101
vn 0.5981624 -0.80085206 0.028945468
vn 0.5304301 -0.8246719 0.19636774
vn 0.67623293 -0.7365616 -0.013638008
vn 0.6678094 -0.73174345 -0.13631636
vn 0.804358 -0.5725033 -0.15889637
vn 0.82146287 -0.56968457 -0.025655227
vn 0.8146489 -0.563865 0.13565889
vn -0.57044595 0.73616683 0.36421117
vn -0.45852137 0.5476335 0.6998969
vn -0.69217515 0.5618263 0.45303938
vn -0.37754908 0.72328985 0.5781942
vn -0.3288583 0.7764876 0.53751206
vn -0.5019736 0.8032978 0.320523
vn -0.118489146 0.7457404 0.6556153
vn -0.13271186 0.708875 0.6927363
vn -0.16007352 0.54384047 0.82378024
vn 0.13689758 0.7053794 0.6954846
vn 0.1304036 0.7349569 0.6654572
vn 0.35935313 0.7472314 0.55902654
vn 0.16152734 0.545113 0.82265466
vn 0.38692838 0.7101847 0.58815306
vn 0.50894886 0.7615359 0.4012906
vn 0.564346 0.7145486 0.4134416
vn 0.46183884 0.5444952 0.70016414
vn -0.18554793 0.27560118 0.9431945
vn 0.18526234 0.27471018 0.94351053
vn 0.46183884 0.5444952 0.70016414
vn 0.53091496 0.27564263 0.8013429
vn 0.19268672 0.001326701 0.9812594
vn 0.6886377 0.54227537 0.48136848
vn 0.38692838 0.7101847 0.58815306
vn -0.19277468 0.0013290866 0.9812422
vn -0.5455644 0.001346532 0.8380677
vn -0.52531075 0.28265506 0.8025925
vn 0.18691628 -0.24254367 0.9519637
vn -0.1868888 -0.24287401 0.95188487
vn 0.5521997 0.001330161 0.8337108
vn 0.17174704 -0.45299312 0.87481433
vn -0.17157736 -0.45356876 0.8745493
vn 0.53554225 -0.24307431 0.80877024
vn 0.8246009 0.0013435843 0.5657132
vn 0.79185146 0.2779588 0.54379237
vn 0.93874913 0.27893722 0.20234656
vn 0.8201524 0.54179794 0.18386121
vn 0.7992486 -0.2454106 0.5486121
vn 0.9778727 0.0013586439 0.20919612
vn 0.73292524 -0.45751294 0.5034902
vn 0.4918368 -0.45387182 0.7430323
vn 0.40482673 -0.6793767 0.6120152
vn 0.84180146 0.53944993 0.019080468
vn 0.6750943 0.71876884 0.1661901
vn 0.6973441 0.7164998 0.018411936
vn 0.82600874 0.54009944 -0.16125163
vn 0.68077517 0.7202746 -0.133228
vn 0.9604126 0.2781301 0.015849372
vn 0.99987733 0.0013638854 0.0156039065
vn 0.9472588 -0.24807547 0.20287783
vn 0.60188735 -0.68281627 0.4141179
vn 0.40151507 -0.8729232 0.27711138
vn 0.71050376 -0.68686205 0.15298648
vn 0.4726648 -0.87526274 0.102485165
vn 0.9426658 0.27838767 -0.18406902
vn 0.9814594 0.0013674255 -0.19166552
vn 0.69098735 0.5413644 -0.47902104
vn 0.5614394 0.7201643 -0.40761405
vn 0.4974671 0.7771289 -0.38548297
vn 0.6139664 0.78019536 -0.11975194
vn 0.79372585 0.27870816 -0.54066724
vn 0.8274265 0.0015697201 -0.5615717
vn 0.95038676 -0.2496375 -0.18559635
vn 0.80153334 -0.2480642 -0.54406667
vn 0.9685743 -0.24826245 0.0151534015
vn 0.8864099 -0.46269044 0.013969236
vn 0.8673076 -0.46167803 0.18609379
vn 0.73292524 -0.45751294 0.5034902
vn 0.5614394 0.7201643 -0.40761405
vn 0.4974671 0.7771289 -0.38548297
vn 0.3185371 0.7649008 -0.5598757
vn 0.365062 0.7148832 -0.5963823
vn 0.14275056 0.7673172 -0.62517726
vn 0.1763022 0.74625903 -0.641884
vn -0.119356185 0.7792126 -0.61529
vn -0.117345124 0.77921885 -0.61566883
vn -0.36404163 0.7657648 -0.5301679
vn -0.40019482 0.7447536 -0.53402823
vn 0.365062 0.7148832 -0.5963823
vn 0.69098735 0.5413644 -0.47902104
vn 0.5307946 0.56309927 -0.6333848
vn -0.79221594 0.29757398 0.5327698
vn -0.5455644 0.001346532 0.8380677
vn -0.8258911 0.0013666857 0.56382805
vn -0.52531075 0.28265506 0.8025925
vn -0.45852137 0.5476335 0.6998969
vn -0.18554793 0.27560118 0.9431945
vn -0.69217515 0.5618263 0.45303938
vn -0.93342406 0.30888745 0.18250513
vn -0.8043979 0.572874 0.1573514
vn -0.6631256 0.7351702 0.14067426
vn -0.57044595 0.73616683 0.36421117
vn -0.582713 0.80123544 0.1358949
vn -0.6797492 0.7334262 0.0051904977
vn -0.6062139 0.79414874 -0.04280776
vn -0.6656286 0.7309007 -0.1507404
vn -0.577908 0.7931964 -0.19199412
vn -0.6797492 0.7334262 0.0051904977
vn -0.8221114 0.56916654 0.01349783
vn -0.813679 0.55904514 -0.1593581
vn -0.6797492 0.7334262 0.0051904977
vn -0.8043979 0.572874 0.1573514
vn -0.6631256 0.7351702 0.14067426
vn -0.9353149 0.294937 -0.19544387
vn -0.8221114 0.56916654 0.01349783
vn -0.9514002 0.3079119 -0.00527279
vn -0.99987423 0.0013740421 -0.015796432
vn -0.9773776 0.0015895084 -0.21149613
vn -0.9464609 -0.24951963 -0.20482096
vn -0.9814595 0.00137753 0.19166443
vn -0.93342406 0.30888745 0.18250513
vn -0.9681149 -0.25004143 -0.015258364
vn -0.9499332 -0.25142273 0.18550912
vn -0.884961 -0.46545917 -0.013846985
vn -0.8656756 -0.46410957 -0.18763794
vn -0.708256 -0.6889616 -0.15396544
vn -0.7190092 -0.69491184 -0.011100075
vn -0.86795086 -0.46683058 0.1695005
vn -0.9499332 -0.25142273 0.18550912
vn -0.9514002 0.3079119 -0.00527279
vn -0.8043979 0.572874 0.1573514
vn -0.93342406 0.30888745 0.18250513
vn -0.40019482 0.7447536 -0.53402823
vn -0.36404163 0.7657648 -0.5301679
vn -0.5076926 0.7845739 -0.3559383
vn -0.56508565 0.7250968 -0.39358974
vn -0.86396253 -0.2676708 -0.4265222
vn -0.9464609 -0.24951963 -0.20482096
vn -0.8656756 -0.46410957 -0.18763794
vn -0.7340301 -0.47573206 -0.48464286
vn -0.79965943 -0.24952911 0.5461502
vn -0.5455644 0.001346532 0.8380677
vn -0.5285926 -0.24597868 0.8124558
vn -0.8258911 0.0013666857 0.56382805
vn -0.9499332 -0.25142273 0.18550912
vn -0.9814595 0.00137753 0.19166443
vn -0.93342406 0.30888745 0.18250513
vn -0.79221594 0.29757398 0.5327698
vn 0.95038676 -0.2496375 -0.18559635
vn 0.80153334 -0.2480642 -0.54406667
vn 0.7336116 -0.46184862 -0.4985076
vn 0.8693788 -0.46406606 -0.16977401
vn 0.9685743 -0.24826245 0.0151534015
vn 0.8864099 -0.46269044 0.013969236
vn 0.7114275 -0.6888908 -0.13892563
vn 0.6007659 -0.68684 -0.40906122
vn 0.39941004 -0.87524575 -0.27279404
vn 0.721567 -0.69224876 0.011521932
vn 0.71050376 -0.68686205 0.15298648
vn 0.8673076 -0.46167803 0.18609379
vn 0.4728072 -0.8763158 -0.0923251
vn 0.4747794 -0.8800704 0.007789498
vn 0.28261724 -0.95921963 0.00501369
vn 0.27931577 -0.9586492 -0.054538123
vn 0.23608968 -0.9581641 -0.16181237
vn 0.14301606 -0.98509085 -0.095616184
vn 0.14392719 -0.98918915 -0.028102009
vn 0.005321878 -0.9996226 0.026952036
vn 0.13849673 -0.9903591 0.002744783
vn 0.14340545 -0.989146 0.032016177
vn 0.27958402 -0.95817244 0.061141446
vn 0.1218092 -0.988907 0.08500352
vn 0.23790778 -0.9572232 0.16469285
vn 0.4726648 -0.87526274 0.102485165
vn 0.16083273 -0.9564185 0.24371384
vn 0.08237898 -0.9887044 0.12520944
vn 0.005321878 -0.9996226 0.026952036
vn 0.028980456 -0.9885711 0.14794353
vn 0.2707962 -0.8709744 0.4099671
vn 0.056362163 -0.95616144 0.28736508
vn 0.09484955 -0.8701954 0.48349085
vn 0.14153026 -0.67824 0.7210823
vn -0.05601935 -0.95636684 0.2867479
vn -0.09422059 -0.87087286 0.48239294
vn -0.028679378 -0.98870325 0.14711703
vn 0.005321878 -0.9996226 0.026952036
vn -0.080800414 -0.9889227 0.124512
vn -0.14110471 -0.6791527 0.7203061
vn -0.15711124 -0.95742935 0.24216741
vn -0.26481664 -0.8733828 0.4087475
vn -0.23496667 -0.9586609 0.16049929
vn -0.1207666 -0.98926765 0.08224961
vn 0.005321878 -0.9996226 0.026952036
vn -0.39726257 -0.8764615 0.27202532
vn -0.27730146 -0.9592551 0.054161616
vn -0.4700455 -0.8778555 0.091799036
vn -0.5982747 -0.68898433 0.40910634
vn -0.2806009 -0.9598168 -0.0038344506
vn -0.39747778 -0.6836427 0.61208177
vn 0.4918368 -0.45387182 0.7430323
vn 0.40482673 -0.6793767 0.6120152
vn -0.48446307 -0.45839804 0.7450952
vn -0.1868888 -0.24287401 0.95188487
vn -0.5285926 -0.24597868 0.8124558
vn -0.73144245 -0.4639288 0.49976185
vn -0.7089316 -0.6915549 0.13844755
vn -0.79965943 -0.24952911 0.5461502
vn -0.9499332 -0.25142273 0.18550912
vn -0.86795086 -0.46683058 0.1695005
vn -0.7190092 -0.69491184 -0.011100075
vn -0.884961 -0.46545917 -0.013846985
vn -0.5455644 0.001346532 0.8380677
vn -0.19277468 0.0013290866 0.9812422
vn -0.1868888 -0.24287401 0.95188487
vn 0.04387503 -0.97465295 -0.21937767
vn -0.04274794 -0.9745952 -0.21985607
vn -0.028814618 -0.98857415 -0.14795566
vn 0.029157786 -0.9887016 -0.14703414
vn -0.009699046 -0.9986994 -0.050053194
vn 0.09305788 -0.9843791 -0.14945908
vn 0.12111797 -0.9751579 -0.18546505
vn 0.14301606 -0.98509085 -0.095616184
vn 0.23608968 -0.9581641 -0.16181237
vn 0.23608968 -0.9581641 -0.16181237
vn 0.15851152 -0.95724076 -0.24200074
vn 0.12111797 -0.9751579 -0.18546505
vn 0.05733075 -0.9564197 -0.2863118
vn 0.04387503 -0.97465295 -0.21937767
vn -0.04274794 -0.9745952 -0.21985607
vn -0.0558938 -0.95616156 -0.2874562
vn -0.09401899 -0.8701953 -0.48365325
vn 0.09666052 -0.8709745 -0.48172623
vn -0.15978062 -0.9563657 -0.24461168
vn -0.12260268 -0.9746251 -0.18728186
vn -0.18122171 -0.97535956 -0.1258273
vn -0.23667154 -0.9574118 -0.16537593
vn -0.12260268 -0.9746251 -0.18728186
vn -0.18122171 -0.97535956 -0.1258273
vn -0.14223766 -0.984458 -0.103009365
vn -0.081951894 -0.98871034 -0.12544222
vn -0.009699046 -0.9986994 -0.050053194
vn -0.27812797 -0.9586465 -0.060346883
vn -0.1680531 -0.98522204 -0.033101607
vn -0.18122171 -0.97535956 -0.1258273
vn -0.1396223 -0.6816043 -0.71827656
vn -0.15712075 -0.566365 -0.8090388
vn -0.4797499 -0.5533044 -0.6809511
vn -0.40228292 -0.6807348 -0.61218345
vn -0.7089316 -0.6915549 0.13844755
vn -0.5982747 -0.68898433 0.40910634
vn -0.39726257 -0.8764615 0.27202532
vn -0.4700455 -0.8778555 0.091799036
vn -0.7190092 -0.69491184 -0.011100075
vn -0.47202837 -0.88155496 -0.0070803026
vn -0.27812797 -0.9586465 -0.060346883
vn -0.47044814 -0.87644494 -0.10258089
vn -0.13767293 -0.9904765 -0.0015936147
vn -0.1680531 -0.98522204 -0.033101607
vn 0.005321878 -0.9996226 0.026952036
vn -0.14247629 -0.9894069 0.0278293
vn -0.27730146 -0.9592551 0.054161616
vn -0.1207666 -0.98926765 0.08224961
vn -0.23496667 -0.9586609 0.16049929
vn -0.1396223 -0.6816043 -0.71827656
vn 0.19580263 -0.53464437 -0.82208073
vn -0.15712075 -0.566365 -0.8090388
vn 0.14612626 -0.6810808 -0.717479
vn -0.09401899 -0.8701953 -0.48365325
vn -0.40228292 -0.6807348 -0.61218345
vn 0.40195766 -0.68298405 -0.6098875
vn 0.4901058 -0.45851493 -0.7413234
vn 0.09666052 -0.8709745 -0.48172623
vn 0.26775944 -0.87292343 -0.40781072
vn 0.15851152 -0.95724076 -0.24200074
vn 0.05733075 -0.9564197 -0.2863118
vn 0.23608968 -0.9581641 -0.16181237
vn 0.39941004 -0.87524575 -0.27279404
vn 0.6007659 -0.68684 -0.40906122
vn 0.7336116 -0.46184862 -0.4985076
vn 0.80153334 -0.2480642 -0.54406667
vn 0.62918985 -0.26555425 -0.7304801
vn 0.35575166 -0.3507845 -0.8662512
vn 0.7022735 0.0016354364 -0.7119053
vn 0.8274265 0.0015697201 -0.5615717
vn 0.79372585 0.27870816 -0.54066724
vn 0.67434454 0.2750179 -0.6852916
vn 0.5307946 0.56309927 -0.6333848
vn 0.69098735 0.5413644 -0.47902104
vn -0.12260268 -0.9746251 -0.18728186
vn -0.028814618 -0.98857415 -0.14795566
vn -0.04274794 -0.9745952 -0.21985607
vn -0.081951894 -0.98871034 -0.12544222
vn -0.009699046 -0.9986994 -0.050053194
vn -0.116631426 0.14167477 -0.9830185
vn -0.6866864 -0.18698977 0.70249325
vn -0.018930163 0.023334656 -0.9995484
vn -0.7109399 0.17304184 0.68163115
vn -0.23106079 -0.014141572 -0.97283655
vn -0.84482485 0.15301715 0.51269555
vn -0.15978062 -0.9563657 -0.24461168
vn -0.39914003 -0.8733828 -0.27908733
vn -0.23667154 -0.9574118 -0.16537593
vn -0.26878467 -0.87087286 -0.41150373
vn -0.0558938 -0.95616156 -0.2874562
vn -0.5985486 -0.683761 -0.41738546
vn -0.7340301 -0.47573206 -0.48464286
vn -0.4797499 -0.5533044 -0.6809511
vn -0.6631887 -0.4378177 -0.6070391
vn -0.708256 -0.6889616 -0.15396544
vn -0.8656756 -0.46410957 -0.18763794
vn -0.47044814 -0.87644494 -0.10258089
vn -0.47044814 -0.87644494 -0.10258089
vn -0.27812797 -0.9586465 -0.060346883
vn -0.23667154 -0.9574118 -0.16537593
vn 0.6750943 0.71876884 0.1661901
vn 0.8201524 0.54179794 0.18386121
vn 0.6886377 0.54227537 0.48136848
vn 0.564346 0.7145486 0.4134416
vn 0.50894886 0.7615359 0.4012906
vn 0.564346 0.7145486 0.4134416
vn 0.60959065 0.77397615 0.17134856
vn 0.636592 0.77105695 0.014888146
vn 0.6973441 0.7164998 0.018411936
vn 0.6139664 0.78019536 -0.11975194
vn 0.68077517 0.7202746 -0.133228
vn -0.5076926 0.7845739 -0.3559383
vn -0.577908 0.7931964 -0.19199412
vn -0.6656286 0.7309007 -0.1507404
vn -0.56508565 0.7250968 -0.39358974
vn -0.813679 0.55904514 -0.1593581
vn -0.731079 0.5705314 -0.37418896
vn -0.40019482 0.7447536 -0.53402823
vn -0.9353149 0.294937 -0.19544387
vn -0.88083017 0.28372306 -0.37899813
vn -0.91649115 0.0016597748 -0.40005156
vn -0.9773776 0.0015895084 -0.21149613
vn -0.9464609 -0.24951963 -0.20482096
vn -0.86396253 -0.2676708 -0.4265222
vn 0.8246009 0.0013435843 0.5657132
vn 0.9472588 -0.24807547 0.20287783
vn 0.7992486 -0.2454106 0.5486121
vn 0.8673076 -0.46167803 0.18609379
vn 0.71050376 -0.68686205 0.15298648
vn 0.60188735 -0.68281627 0.4141179
vn -0.79080075 0.42881033 0.43675593
vn 0.98023325 0.050272122 0.19135168
vn 0.87315166 -0.2690879 0.40644547
vn -0.8651991 0.17906637 0.46836492
vn -0.85553813 -0.31009015 0.4146064
vn -0.26020104 -0.80874074 0.5274789
vn 0.6105443 -0.72070706 0.3283548
vn -0.15504597 0.010255161 -0.98785406
vn -0.79080075 0.42881033 0.43675593
vn -0.8651991 0.17906637 0.46836492
vn -0.3592482 -0.051923543 -0.93179643
vn 0.98023325 0.050272122 0.19135168
vn -0.85553813 -0.31009015 0.4146064
vn -0.39633983 -0.43931323 -0.80617523
vn 0.013703385 -0.8279474 -0.5606383
vn 0.87315166 -0.2690879 0.40644547
vn 0.013703385 -0.8279474 -0.5606383
vn 0.6105443 -0.72070706 0.3283548
vn -0.26020104 -0.80874074 0.5274789
vn -0.39633983 -0.43931323 -0.80617523
vn -0.85553813 -0.31009015 0.4146064
vn -0.6866864 -0.18698977 0.70249325
vn -0.53432816 -0.65657985 0.53234977
vn -0.04229982 -0.4417423 -0.8961442
vn -0.35128555 -0.8280921 -0.4368775
vn 0.88713807 0.43087932 0.16531512
vn -0.018930163 0.023334656 -0.9995484
vn 0.99281657 0.1035824 0.05988288
vn -0.116631426 0.14167477 -0.9830185
vn 0.89147854 0.44811755 0.066757835
vn -0.23106079 -0.014141572 -0.97283655
vn 0.99281657 0.1035824 0.05988288
vn 0.8980699 -0.4368108 0.051640518
vn 0.50355184 -0.7998521 0.32660687
vn -0.53432816 -0.65657985 0.53234977
vn -0.6866864 -0.18698977 0.70249325
vn -0.7109399 0.17304184 0.68163115
vn 0.88713807 0.43087932 0.16531512
vn -0.84482485 0.15301715 0.51269555
vn 0.89147854 0.44811755 0.066757835
vn 0.124216445 0.34851494 0.9290358
vn 0.23167016 0.51587313 0.8247447
vn 0.2749707 0.37642157 0.88470215
vn 0.12631038 0.5042568 0.8542662
vn 0.04090638 0.49386656 0.8685749
vn 0.0740145 0.5649936 0.8217688
vn 0.12172204 0.55540144 0.82262564
vn -0.1459313 0.6131971 0.7763333
vn -0.23887019 0.4939983 0.8360064
vn -0.021289332 0.2977195 0.954416
vn -0.07459477 0.115625605 0.990488
vn 0.12162851 0.13810128 0.9829214
vn -0.32399973 0.103078246 0.9404249
vn -0.30134028 0.25483745 0.9188319
vn -0.7945986 0.10496529 0.59799284
vn -0.7617002 0.3068095 0.57068443
vn -0.6521212 0.5545854 0.5168878
vn -0.6521212 0.5545854 0.5168878
vn -0.52999085 0.7201967 0.44769007
vn -0.1459313 0.6131971 0.7763333
vn 0.13966788 -0.097143374 0.98542166
vn 0.12162851 0.13810128 0.9829214
vn 0.31907165 0.14867356 0.9359965
vn 0.36080122 -0.12669376 0.92399746
vn -0.48161912 -0.66287535 -0.57327074
vn -0.54996717 -0.5215927 -0.65228623
vn -0.64737236 -0.54995817 -0.5276883
vn -0.5613721 -0.7047179 -0.43385947
vn -0.5322411 -0.7475966 -0.39726412
vn -0.4513516 -0.70724857 -0.5441334
vn -0.28772599 -0.66841155 -0.6858861
vn -0.30540812 -0.6230105 -0.7201275
vn 0.9706934 0.15538543 0.18332927
vn 0.9709033 -0.05994221 0.23184867
vn 0.80808353 -0.14692742 0.5704502
vn 0.81206614 0.16668366 0.55925417
vn 0.8211536 0.13064675 -0.5555522
vn 0.75206476 -0.042211745 -0.657736
vn 0.9960524 0.058821205 -0.06648096
vn 0.98680717 0.15123942 -0.057777572
vn 0.561552 -0.6769973 0.47574574
vn 0.6089626 -0.51867735 0.6001153
vn 0.6520037 -0.50935763 0.56164575
vn 0.5758629 -0.630723 0.5201638
vn 0.5948034 -0.70330286 0.38932508
vn 0.58104664 -0.64863306 0.49158922
vn 0.51272786 -0.5724941 0.63981295
vn 0.5758629 -0.630723 0.5201638
vn 0.5260706 -0.55418783 0.64507794
vn 0.6089626 -0.51867735 0.6001153
vn 0.5758629 -0.630723 0.5201638
vn 0.5358843 -0.4801929 0.694437
vn 0.4065262 -0.4506535 0.79476285
vn 0.40300262 -0.5145018 0.75688624
vn 0.14987817 -0.4407947 0.88500655
vn 0.1454076 -0.50429994 0.85119814
vn 0.39830244 -0.51976454 0.7557777
vn 0.1465784 -0.50773436 0.84895265
vn 0.40300262 -0.5145018 0.75688624
vn 0.51272786 -0.5724941 0.63981295
vn 0.39830244 -0.51976454 0.7557777
vn 0.282559 -0.51110774 -0.81174463
vn 0.3939256 -0.50054383 -0.7708946
vn 0.4568701 -0.305385 -0.8354697
vn 0.31648353 -0.30982774 -0.89657396
vn 0.49375764 -0.10628024 -0.8630805
vn 0.3573997 -0.10181544 -0.92838514
vn 0.3939256 -0.50054383 -0.7708946
vn 0.23949717 -0.655785 -0.7159519
vn 0.33824167 -0.6649951 -0.6658634
vn 0.282559 -0.51110774 -0.81174463
vn -0.037791986 -0.5032425 -0.8633185
vn -0.034276962 -0.63120455 -0.77485865
vn 0.22437899 -0.701427 -0.67650145
vn -0.23884213 -0.49346623 -0.8363286
vn -0.03516086 -0.67664635 -0.73546815
vn -0.20995791 -0.61463606 -0.76035535
vn -0.34386307 -0.4936802 -0.7987729
vn -0.19961579 -0.6559572 -0.7279243
vn -0.30540812 -0.6230105 -0.7201275
vn -0.28772599 -0.66841155 -0.6858861
vn -0.54996717 -0.5215927 -0.65228623
vn -0.48161912 -0.66287535 -0.57327074
vn -0.73582846 -0.3617767 -0.5724281
vn -0.64737236 -0.54995817 -0.5276883
vn -0.54996717 -0.5215927 -0.65228623
vn -0.59475356 -0.36257812 -0.7174994
vn -0.34386307 -0.4936802 -0.7987729
vn -0.36683023 -0.35376573 -0.86039835
vn -0.39335698 -0.2998832 -0.86910313
vn -0.4718204 -0.2997468 -0.82917875
vn -0.64721227 -0.17259485 -0.7425141
vn -0.48639438 -0.19713499 -0.85121
vn -0.8023498 -0.16106711 -0.57471055
vn -0.64721227 -0.17259485 -0.7425141
vn -0.76536644 -0.03950804 -0.64238095
vn -0.6180295 0.12516183 -0.7761276
vn -0.4068617 0.16828623 -0.8978548
vn -0.923631 0.33546355 0.18539159
vn -0.80472356 0.56412673 -0.18488084
vn -0.7948907 0.5863834 0.15589535
vn -0.92758936 0.3217195 -0.18993315
vn -0.97310966 0.113203645 0.20060535
vn -0.97307926 0.10380024 -0.20577243
vn -0.7568554 0.27168787 -0.5944372
vn -0.80951256 0.094559655 -0.57943755
vn -0.100200094 -0.5275729 0.8435797
vn 0.1465784 -0.50773436 0.84895265
vn -0.10841058 -0.5337141 0.8386873
vn 0.1454076 -0.50429994 0.85119814
vn -0.100200094 -0.5275729 0.8435797
vn 0.14987817 -0.4407947 0.88500655
vn -0.079128034 -0.4551518 0.8868909
vn -0.19358926 -0.48171985 0.85467494
vn -0.17740016 -0.57404566 0.7993752
vn -0.10841058 -0.5337141 0.8386873
vn -0.1896366 -0.59031063 0.78458345
vn -0.2587726 -0.3956098 -0.88120925
vn -0.36683023 -0.35376573 -0.86039835
vn -0.34386307 -0.4936802 -0.7987729
vn -0.39335698 -0.2998832 -0.86910313
vn -0.34386307 -0.4936802 -0.7987729
vn -0.23884213 -0.49346623 -0.8363286
vn -0.2587726 -0.3956098 -0.88120925
vn -0.049827717 -0.3098301 -0.94948536
vn -0.037791986 -0.5032425 -0.8633185
vn 0.282559 -0.51110774 -0.81174463
vn 0.31648353 -0.30982774 -0.89657396
vn 0.8178157 -0.3357606 0.46737814
vn 0.6520037 -0.50935763 0.56164575
vn 0.6089626 -0.51867735 0.6001153
vn 0.7055741 -0.36808434 0.6055404
vn 0.9709033 -0.05994221 0.23184867
vn 0.80808353 -0.14692742 0.5704502
vn 0.4611599 -0.5174129 -0.72084355
vn 0.45422828 -0.5500809 -0.7007766
vn 0.41696745 -0.72676826 -0.5458444
vn 0.41861123 -0.71261066 -0.5629839
vn 0.4100977 -0.7707864 -0.4875532
vn 0.4100977 -0.7707864 -0.4875532
vn 0.5239894 -0.3694213 0.7674393
vn 0.6089626 -0.51867735 0.6001153
vn 0.5358843 -0.4801929 0.694437
vn 0.7055741 -0.36808434 0.6055404
vn 0.5263509 -0.15048599 0.8368445
vn 0.80808353 -0.14692742 0.5704502
vn 0.2749707 0.37642157 0.88470215
vn 0.23167016 0.51587313 0.8247447
vn 0.4606095 0.5426656 0.7023909
vn 0.492928 0.4020019 0.7716323
vn 0.31907165 0.14867356 0.9359965
vn 0.5207888 0.16056965 0.8384489
vn 0.12162851 0.13810128 0.9829214
vn 0.124216445 0.34851494 0.9290358
vn 0.47494408 0.26929057 -0.83780116
vn 0.4401504 0.2882494 -0.8503998
vn 0.52175206 0.11138161 -0.84579486
vn 0.42218733 0.50433093 -0.75326496
vn 0.31268424 0.31540394 -0.89596254
vn 0.23466387 0.47641656 -0.8473253
vn 0.36318544 0.6613149 -0.65632236
vn 0.18604383 0.6424689 -0.743385
vn -0.077362634 0.45296836 -0.8881636
vn 0.18604383 0.6424689 -0.743385
vn -0.07091647 0.6133683 -0.7866067
vn 0.9379458 0.34299842 -0.0510855
vn 0.82121396 0.568877 -0.044570025
vn 0.67748445 0.5563914 -0.4810855
vn 0.78712964 0.32926685 -0.5215461
vn 0.98680717 0.15123942 -0.057777572
vn 0.8211536 0.13064675 -0.5555522
vn 0.5207888 0.16056965 0.8384489
vn 0.36080122 -0.12669376 0.92399746
vn 0.31907165 0.14867356 0.9359965
vn 0.5263509 -0.15048599 0.8368445
vn 0.81206614 0.16668366 0.55925417
vn 0.80808353 -0.14692742 0.5704502
vn -0.7617002 0.3068095 0.57068443
vn -0.7948907 0.5863834 0.15589535
vn -0.6521212 0.5545854 0.5168878
vn -0.923631 0.33546355 0.18539159
vn -0.7945986 0.10496529 0.59799284
vn -0.97310966 0.113203645 0.20060535
vn -0.6521212 0.5545854 0.5168878
vn -0.6865416 0.71474856 0.13339831
vn -0.52999085 0.7201967 0.44769007
vn -0.7945986 0.10496529 0.59799284
vn -0.9795532 -0.0013015317 0.20118096
vn -0.97310966 0.113203645 0.20060535
vn -0.8229652 -0.11627897 0.5560641
vn -0.550953 -0.1459991 0.82166606
vn -0.32399973 0.103078246 0.9404249
vn -0.29525888 -0.1079571 0.9492984
vn -0.08034787 -0.092311405 0.9924832
vn -0.07459477 0.115625605 0.990488
vn 0.12162851 0.13810128 0.9829214
vn 0.13966788 -0.097143374 0.98542166
vn 0.98680717 0.15123942 -0.057777572
vn 0.9960524 0.058821205 -0.06648096
vn 0.9709033 -0.05994221 0.23184867
vn 0.9706934 0.15538543 0.18332927
vn -0.8023498 -0.16106711 -0.57471055
vn -0.73582846 -0.3617767 -0.5724281
vn -0.59475356 -0.36257812 -0.7174994
vn -0.64721227 -0.17259485 -0.7425141
vn -0.97310966 0.113203645 0.20060535
vn -0.9795532 -0.0013015317 0.20118096
vn -0.94898695 -0.092154786 -0.30154842
vn -0.97307926 0.10380024 -0.20577243
vn -0.8023498 -0.16106711 -0.57471055
vn -0.80951256 0.094559655 -0.57943755
vn 0.45855877 -0.0001832047 -0.8886641
vn 0.3573997 -0.10181544 -0.92838514
vn 0.49375764 -0.10628024 -0.8630805
vn 0.30937764 0.12634411 -0.94250864
vn 0.4853343 0.09305178 -0.869363
vn 0.11659383 0.16278383 -0.97974867
vn 0.78712964 0.32926685 -0.5215461
vn 0.52175206 0.11138161 -0.84579486
vn 0.8211536 0.13064675 -0.5555522
vn 0.47494408 0.26929057 -0.83780116
vn 0.67748445 0.5563914 -0.4810855
vn 0.42218733 0.50433093 -0.75326496
vn 0.5713356 0.7153874 -0.40223917
vn 0.36318544 0.6613149 -0.65632236
vn -0.03049146 0.29947528 -0.95361674
vn -0.2002557 0.31080577 -0.929138
vn -0.26674095 0.32328516 -0.9079294
vn -0.08537646 0.3119086 -0.94626844
vn 0.27923733 0.27677727 -0.9194677
vn 0.19174376 0.31433848 -0.92974496
vn 0.09348945 0.23355436 -0.9678389
vn 0.30937764 0.12634411 -0.94250864
vn 0.11659383 0.16278383 -0.97974867
vn 0.4853343 0.09305178 -0.869363
vn 0.45370656 0.2515039 -0.8549247
vn 0.31648353 -0.30982774 -0.89657396
vn 0.3573997 -0.10181544 -0.92838514
vn 0.20032573 -0.11728149 -0.97268426
vn 0.19321692 -0.20152433 -0.9602371
vn 0.020359026 0.50502425 -0.86286503
vn 0.056422662 0.45244083 -0.8900078
vn 0.26351854 0.26277572 -0.92817396
vn 0.25973064 0.44914073 -0.8548758
vn 0.33249694 0.2009044 -0.9214572
vn -0.4817433 0.47741714 -0.7348444
vn -0.59392667 0.18697205 -0.7824913
vn -0.53450173 0.25631094 -0.80536497
vn -0.3008433 0.51337427 -0.803704
vn -0.34388086 0.4584943 -0.81946874
vn -0.24044718 0.2966158 -0.9242317
vn 0.020359026 0.50502425 -0.86286503
vn -0.42396295 0.08868571 -0.901327
vn -0.34388086 0.4584943 -0.81946874
vn -0.24044718 0.2966158 -0.9242317
vn -0.4347341 -0.0555312 -0.89884514
vn -0.27638778 -0.24068211 -0.9304203
vn -0.30194739 0.3229823 -0.8969449
vn -0.26674095 0.32328516 -0.9079294
vn -0.47308606 0.36024955 -0.80399615
vn -0.56575286 0.3297822 -0.75575614
vn -0.7368693 0.29573712 -0.60791725
vn -0.6180295 0.12516183 -0.7761276
vn -0.80951256 0.094559655 -0.57943755
vn -0.21337417 0.12071534 -0.96948403
vn -0.734074 -0.16542043 -0.6586132
vn -0.7808205 -0.24398774 -0.575143
vn -0.18432152 -0.062971234 -0.9808467
vn -0.6216378 -0.6732256 -0.400417
vn -0.0446224 -0.8406651 -0.5397138
vn 0.08136521 -0.9966798 -0.0030516589
vn -0.47384495 -0.87487805 0.100295916
vn -0.6784225 0.12589572 0.72380465
vn -0.41418725 -0.18247177 0.89171356
vn -0.028155867 0.3865415 -0.92184216
vn 0.65747505 -0.7416731 -0.13284415
vn 0.65747505 -0.7416731 -0.13284415
vn -0.012418116 -0.99991703 -0.0034230007
vn -0.64765245 -0.7520751 0.12218494
vn -0.028155867 0.3865415 -0.92184216
vn -0.435572 -0.3416597 0.8327939
vn 0.738551 0.40054226 0.54231757
vn 0.81206614 0.16668366 0.55925417
vn 0.5207888 0.16056965 0.8384489
vn 0.492928 0.4020019 0.7716323
vn 0.6311312 0.5518487 0.54510224
vn 0.4606095 0.5426656 0.7023909
vn 0.90796345 0.3615109 0.2119253
vn 0.78635484 0.5594809 0.26196754
vn 0.56801116 0.61211187 0.5501658
vn 0.68040496 0.6689132 0.2993395
vn 0.82121396 0.568877 -0.044570025
vn 0.7228629 0.6901816 -0.033445418
vn 0.9379458 0.34299842 -0.0510855
vn 0.98680717 0.15123942 -0.057777572
vn 0.9706934 0.15538543 0.18332927
vn 0.36080122 -0.12669376 0.92399746
vn 0.5263509 -0.15048599 0.8368445
vn 0.5239894 -0.3694213 0.7674393
vn 0.3874391 -0.3276198 0.861717
vn 0.13966788 -0.097143374 0.98542166
vn 0.5358843 -0.4801929 0.694437
vn 0.15343559 -0.3051303 0.93986857
vn 0.4065262 -0.4506535 0.79476285
vn 0.14987817 -0.4407947 0.88500655
vn -0.4692195 -0.3535827 0.80920476
vn -0.3822106 -0.5216512 0.7627549
vn -0.49790683 -0.52349937 0.6914023
vn -0.60523385 -0.35886782 0.7105673
vn -0.23623516 -0.33599913 0.91175514
vn -0.19358926 -0.48171985 0.85467494
vn -0.3822106 -0.5216512 0.7627549
vn -0.4692195 -0.3535827 0.80920476
vn -0.11925433 -0.99267805 0.019201493
vn 0.021160012 -0.76557904 0.64299375
vn 0.6468179 -0.63539237 0.42178565
vn 0.44691047 -0.8887712 -0.10176851
vn -0.028155867 0.3865415 -0.92184216
vn -0.18258648 0.25727248 -0.94893265
vn 0.42414865 0.057618603 -0.90375775
vn 0.6413377 0.31412756 -0.7000071
vn -0.435572 -0.3416597 0.8327939
vn 0.95252126 0.083608344 0.29276764
vn 0.61389554 -0.43017077 0.6618802
vn 0.38643116 0.30044466 0.8720114
vn 0.8716213 0.39441523 -0.29105502
vn 0.97102666 -0.06396299 0.23025195
vn 0.8208679 -0.30418435 0.4833714
vn 0.23786119 0.24292885 0.94042945
vn 0.7871659 -0.0057566697 0.61671454
vn 0.3163734 -0.4392437 -0.8408168
vn 0.08507981 -0.5669829 -0.819324
vn -0.550953 -0.1459991 0.82166606
vn -0.4692195 -0.3535827 0.80920476
vn -0.60523385 -0.35886782 0.7105673
vn -0.8229652 -0.11627897 0.5560641
vn -0.401458 -0.69664985 0.5945675
vn -0.2773318 -0.6696549 0.688948
vn -0.39616716 -0.7391885 0.54465765
vn -0.30833194 -0.6564199 0.68850875
vn -0.49790683 -0.52349937 0.6914023
vn -0.1896366 -0.59031063 0.78458345
vn -0.3822106 -0.5216512 0.7627549
vn -0.17740016 -0.57404566 0.7993752
vn -0.19358926 -0.48171985 0.85467494
vn 0.034531806 0.21474233 0.9760601
vn 0.14311583 0.20337993 0.9685838
vn -0.49525726 -0.114519775 0.86116517
vn -0.6821173 0.37162352 0.62977135
vn 0.5542471 -0.11848234 -0.8238762
vn -0.6821173 0.37162352 0.62977135
vn -0.9377306 0.12654296 -0.32349363
vn 0.33824167 -0.6649951 -0.6658634
vn 0.23949717 -0.655785 -0.7159519
vn 0.22437899 -0.701427 -0.67650145
vn 0.3212168 -0.720177 -0.6149511
vn -0.21337417 0.12071534 -0.96948403
vn -0.3603833 0.120171696 -0.9250311
vn -0.8643155 0.29980075 -0.40382928
vn -0.734074 -0.16542043 -0.6586132
vn 0.028792549 -0.9990621 -0.03233897
vn -0.3603833 0.120171696 -0.9250311
vn -0.6225669 -0.77346766 0.1189884
vn -0.62890923 -0.76809317 0.12044153
vn 0.034531806 0.21474233 0.9760601
vn -0.63616455 -0.76183 0.12210598
vn -0.8023498 -0.16106711 -0.57471055
vn -0.94898695 -0.092154786 -0.30154842
vn -0.7652567 -0.34280968 -0.5448519
vn -0.73582846 -0.3617767 -0.5724281
vn -0.67057735 -0.53113294 -0.51790345
vn -0.64737236 -0.54995817 -0.5276883
vn 0.49733606 -0.30780607 -0.8111179
vn 0.45422828 -0.5500809 -0.7007766
vn 0.4611599 -0.5174129 -0.72084355
vn 0.50045156 -0.28816667 -0.8163995
vn 0.525004 -0.11194067 -0.84370613
vn 0.75206476 -0.042211745 -0.657736
vn 0.021160012 -0.76557904 0.64299375
vn 0.17284404 0.024459554 0.9846454
vn 0.79596496 -0.055907138 0.60275555
vn 0.6468179 -0.63539237 0.42178565
vn 0.8211536 0.13064675 -0.5555522
vn 0.52175206 0.11138161 -0.84579486
vn 0.525004 -0.11194067 -0.84370613
vn 0.75206476 -0.042211745 -0.657736
vn 0.14311583 0.20337993 0.9685838
vn 0.2007809 -0.008734479 0.97959715
vn -0.49734542 -0.19046721 0.8463864
vn -0.49525726 -0.114519775 0.86116517
vn 0.32363775 -0.37665528 -0.86798006
vn 0.35862812 -0.11552089 -0.92630494
vn 0.28754926 -0.18320203 -0.9400811
vn 0.0023762512 -0.46059328 -0.8876082
vn 0.060680043 -0.389867 -0.91886985
vn 0.09166902 -0.023239596 -0.9955183
vn -0.13962977 -0.22837248 -0.963509
vn 0.09016455 0.10811974 -0.9900406
vn -0.11524289 0.29912624 -0.9472289
vn -0.24044718 0.2966158 -0.9242317
vn 0.26351854 0.26277572 -0.92817396
vn 0.28754926 -0.18320203 -0.9400811
vn 0.35862812 -0.11552089 -0.92630494
vn 0.056422662 0.45244083 -0.8900078
vn -0.11524289 0.29912624 -0.9472289
vn -0.5339737 -0.765682 -0.3586129
vn -0.5322411 -0.7475966 -0.39726412
vn -0.5613721 -0.7047179 -0.43385947
vn -0.5691417 -0.7068986 -0.4199666
vn -0.92758936 0.3217195 -0.18993315
vn -0.7568554 0.27168787 -0.5944372
vn -0.6607945 0.5147353 -0.54625833
vn -0.80472356 0.56412673 -0.18488084
vn -0.558758 0.67093873 -0.48747373
vn -0.6664543 0.7297673 -0.15257207
vn -0.7948907 0.5863834 0.15589535
vn -0.6865416 0.71474856 0.13339831
vn -0.5691417 -0.7068986 -0.4199666
vn -0.5613721 -0.7047179 -0.43385947
vn -0.64737236 -0.54995817 -0.5276883
vn -0.67057735 -0.53113294 -0.51790345
vn -0.80951256 0.094559655 -0.57943755
vn -0.6941312 0.29709625 -0.6556795
vn -0.7568554 0.27168787 -0.5944372
vn -0.6607945 0.5147353 -0.54625833
vn -0.57656175 0.3390907 -0.7433667
vn -0.47969785 0.48831278 -0.7289997
vn -0.26240802 0.4702336 -0.8426283
vn -0.2994573 0.32672343 -0.8964246
vn -0.40330365 0.6374657 -0.6564933
vn -0.558758 0.67093873 -0.48747373
vn -0.23625155 0.60734224 -0.7584989
vn -0.26240802 0.4702336 -0.8426283
vn -0.18548547 0.57822293 -0.79451466
vn -0.2994573 0.32672343 -0.8964246
vn -0.07091647 0.6133683 -0.7866067
vn -0.077362634 0.45296836 -0.8881636
vn 0.9706934 0.15538543 0.18332927
vn 0.81206614 0.16668366 0.55925417
vn 0.738551 0.40054226 0.54231757
vn 0.90796345 0.3615109 0.2119253
vn -0.5670666 -0.24419296 -0.7866417
vn -0.61722976 -0.18996634 -0.7635052
vn -0.54943216 -0.45250097 -0.702401
vn -0.37183303 -0.48088703 -0.79403263
vn -0.40658945 -0.4241126 -0.80920553
vn -0.27638778 -0.24068211 -0.9304203
vn -0.22544579 -0.48940516 -0.84241134
vn -0.4347341 -0.0555312 -0.89884514
vn -0.5670666 -0.24419296 -0.7866417
vn -0.22544579 -0.48940516 -0.84241134
vn -0.13962977 -0.22837248 -0.963509
vn -0.27638778 -0.24068211 -0.9304203
vn 0.0023762512 -0.46059328 -0.8876082
vn 0.060680043 -0.389867 -0.91886985
vn -0.61722976 -0.18996634 -0.7635052
vn -0.53450173 0.25631094 -0.80536497
vn -0.59392667 0.18697205 -0.7824913
vn -0.5670666 -0.24419296 -0.7866417
vn -0.42396295 0.08868571 -0.901327
vn -0.0007198405 -0.20481917 -0.9787996
vn -0.2587726 -0.3956098 -0.88120925
vn -0.049827717 -0.3098301 -0.94948536
vn 0.19321692 -0.20152433 -0.9602371
vn 0.31648353 -0.30982774 -0.89657396
vn -0.37927684 0.29185644 -0.87804836
vn -0.30194739 0.3229823 -0.8969449
vn -0.56575286 0.3297822 -0.75575614
vn -0.4068617 0.16828623 -0.8978548
vn -0.6180295 0.12516183 -0.7761276
vn 0.35862812 -0.11552089 -0.92630494
vn 0.33249694 0.2009044 -0.9214572
vn 0.26351854 0.26277572 -0.92817396
vn 0.36684445 0.03352797 -0.92967796
vn 0.4606095 0.5426656 0.7023909
vn 0.23167016 0.51587313 0.8247447
vn 0.20690821 0.5662972 0.7978072
vn 0.42501277 0.5930216 0.68387824
vn 0.67748445 0.5563914 -0.4810855
vn 0.82121396 0.568877 -0.044570025
vn 0.7228629 0.6901816 -0.033445418
vn 0.5713356 0.7153874 -0.40223917
vn 0.23167016 0.51587313 0.8247447
vn 0.12631038 0.5042568 0.8542662
vn 0.12172204 0.55540144 0.82262564
vn 0.20690821 0.5662972 0.7978072
vn 0.63516974 0.7626887 -0.121923186
vn 0.63516974 0.7626887 -0.121923186
vn 0.62801427 0.76885027 -0.12028007
vn 0.6290347 0.76797897 -0.120514266
vn 0.6311312 0.5518487 0.54510224
vn 0.4606095 0.5426656 0.7023909
vn 0.42501277 0.5930216 0.68387824
vn 0.56801116 0.61211187 0.5501658
vn -0.05053052 0.29048008 -0.95554596
vn 0.31268424 0.31540394 -0.89596254
vn 0.23466387 0.47641656 -0.8473253
vn -0.077362634 0.45296836 -0.8881636
vn -0.18548547 0.57822293 -0.79451466
vn -0.708256 -0.6889616 -0.15396544
vn -0.7190092 -0.69491184 -0.011100075
vn -0.47202837 -0.88155496 -0.0070803026
vn -0.47044814 -0.87644494 -0.10258089
vn -0.42565605 -0.24394144 0.8713836
vn -0.7000332 0.2771822 0.6581213
vn -0.6952164 0.24751219 0.6748421
vn -0.481049 -0.1929558 0.8551959
vn -0.09084637 -0.44119683 0.8928002
vn -0.42565605 -0.24394144 0.8713836
vn -0.481049 -0.1929558 0.8551959
vn -0.1372971 -0.4222055 0.89604247
vn 0.17627296 -0.53092575 0.8288822
vn 0.18836513 -0.5342685 0.8240605
vn 0.39770794 -0.5713417 0.71791166
vn 0.45305216 -0.5744015 0.6817673
vn 0.76571393 -0.40850416 0.49679625
vn 0.70034117 -0.46915862 0.5379706
vn 0.894524 -0.01198226 0.44685924
vn 0.70034117 -0.46915862 0.5379706
vn 0.90367335 -0.1239472 0.40989205
vn 0.9368016 0.34618112 0.05060926
vn 0.894524 -0.01198226 0.44685924
vn 0.90367335 -0.1239472 0.40989205
vn 0.9355646 0.23979603 0.25926194
vn 0.21395208 0.6137772 0.75993556
vn 0.2393214 0.6069007 0.7578897
vn 0.14906721 0.6522586 0.7431942
vn 0.14906488 0.6522586 0.74319476
vn 0.80020607 0.37209046 -0.47033915
vn 0.91044897 0.3803438 -0.1625464
vn 0.89733654 0.40755385 -0.16937232
vn 0.8421315 0.37023225 -0.39210024
vn 0.5484663 0.24020554 -0.8009282
vn 0.50306976 0.19435439 -0.8421088
vn 0.21894798 0.004414108 -0.97572654
vn 0.2121013 0.0017401148 -0.9772461
vn -0.20422593 0.0073016286 -0.97889656
vn -0.1540922 -0.0038508712 -0.988049
vn -0.5664122 0.17176132 -0.8060243
vn -0.5337411 0.14537463 -0.83305866
vn -0.73653954 0.38963324 -0.5528973
vn -0.7433201 0.4056095 -0.5319363
vn -0.7258533 0.62021625 -0.29743692
vn -0.67524076 0.6940333 -0.24973515
vn -0.6447378 0.7588719 -0.091796726
vn -0.6690254 0.743215 -0.0060330345
vn -0.7095218 0.6392046 0.2966416
vn -0.7072295 0.6666167 0.23547545
vn -0.7000332 0.2771822 0.6581213
vn -0.6952164 0.24751219 0.6748421
vn 0.14906488 0.6522586 0.74319476
vn 0.14906721 0.6522586 0.7431942
vn 0.069037065 0.6059869 0.7924732
vn 0.09327477 0.61289996 0.78463584
vn 0.8574173 0.016449858 0.5143588
vn 0.8580993 0.01581722 0.51324
vn 0.678687 0.3003338 0.6702117
vn 0.66807175 0.31290534 0.6751077
vn 0.2393214 0.6069007 0.7578897
vn 0.21395208 0.6137772 0.75993556
vn 0.86911803 -0.0037102315 0.49459085
vn 0.8699 -0.006062562 0.49319085
vn 0.8580993 0.01581722 0.51324
vn 0.8574173 0.016449858 0.5143588
vn 0.7992126 -0.32542047 0.5053323
vn 0.8699 -0.006062562 0.49319085
vn 0.7750007 -0.38200408 0.5034351
vn 0.4795204 -0.7651465 0.42966378
vn 0.47390586 -0.769592 0.4279502
vn 0.15455183 -0.92600673 0.3444201
vn 0.17548321 -0.92042834 0.34930974
vn 0.056401335 -0.9553049 0.2901919
vn 0.056427594 -0.95530504 0.2901868
vn -0.01373174 -0.9204174 0.39069575
vn -0.027005509 -0.91552174 0.4013609
vn -0.26126567 -0.7587261 0.59672016
vn -0.25384474 -0.76650834 0.5899388
vn -0.53308004 -0.33316967 0.7777041
vn -0.5110407 -0.3832271 0.7693987
vn -0.6193135 -0.0040806616 0.78513324
vn -0.6206525 -0.006468964 0.78405905
vn -0.5991023 0.015099522 0.8005301
vn -0.6003158 0.014572749 0.7996303
vn -0.36179036 0.31018743 0.8791424
vn -0.37294638 0.29817998 0.8786351
vn 0.09327477 0.61289996 0.78463584
vn 0.069037065 0.6059869 0.7924732
vn -0.65033776 0.63679534 -0.414189
vn -0.65411055 0.6351293 -0.4107922
vn -0.7775952 0.6199834 -0.10472013
vn -0.7752997 0.62087417 -0.115868755
vn 0.61389554 -0.43017077 0.6618802
vn 0.42414865 0.057618603 -0.90375775
vn 0.51196206 -0.06682282 -0.856405
vn 0.8092779 -0.13378185 0.5719892
vn 0.10294141 0.794515 0.5984555
vn 0.32622892 0.7728543 0.5443077
vn 0.32135302 0.77405596 0.5454993
vn 0.100325234 0.79444987 0.59898597
vn -0.122986205 0.7761238 0.61847085
vn -0.12681285 0.77574766 0.6181699
vn -0.34696388 0.6984576 0.6259176
vn -0.19604275 0.76105213 0.6183582
vn -0.36887276 0.6869498 0.6261253
vn 0.2614874 0.66954356 -0.69522357
vn -0.018563343 0.68429613 -0.7289678
vn -0.023296146 0.68438494 -0.7287486
vn 0.26928732 0.6691182 -0.69265074
vn 0.4723966 0.6394187 -0.60661775
vn 0.48263562 0.6368728 -0.601212
vn -0.023296146 0.68438494 -0.7287486
vn -0.19218118 0.68060493 -0.70699596
vn -0.192213 0.68047464 -0.70711267
vn -0.36807802 0.579943 -0.7267631
vn -0.3799454 0.5716933 -0.72719204
vn -0.55871093 0.46999183 -0.6833371
vn -0.6085591 0.63134456 -0.48068696
vn -0.65411055 0.6351293 -0.4107922
vn -0.65033776 0.63679534 -0.414189
vn -0.192213 0.68047464 -0.70711267
vn -0.19218118 0.68060493 -0.70699596
vn -0.3799454 0.5716933 -0.72719204
vn -0.36807802 0.579943 -0.7267631
vn 0.7320096 0.6722615 0.110572994
vn 0.7347878 0.6716155 0.09497107
vn 0.7540379 0.64299494 -0.1341058
vn 0.7540379 0.64299494 -0.1341058
vn 0.65793234 0.6645403 0.3542755
vn 0.7347878 0.6716155 0.09497107
vn 0.7320096 0.6722615 0.110572994
vn 0.6096797 0.66748327 0.42750058
vn 0.52292246 0.70354104 0.48122993
vn 0.47080314 0.72616726 0.5010245
vn 0.32135302 0.77405596 0.5454993
vn 0.32622892 0.7728543 0.5443077
vn -0.6738022 0.6328423 0.3814463
vn -0.68069685 0.631269 0.37168694
vn -0.36887276 0.6869498 0.6261253
vn -0.34696388 0.6984576 0.6259176
vn 0.034953702 -0.9702286 0.23965552
vn 0.034664363 -0.97020143 0.23980743
vn 0.005730224 -0.9649295 0.26244646
vn 0.007664064 -0.9653558 0.26082432
vn -0.13120396 -0.9310404 0.34051314
vn -0.09463377 -0.94199526 0.3220083
vn -0.5524249 -0.79625607 0.24658257
vn -0.39261484 -0.86253875 0.31918707
vn 0.7354162 0.6620807 -0.14426394
vn 0.44691047 -0.8887712 -0.10176851
vn 0.6468179 -0.63539237 0.42178565
vn 0.76517063 0.113690555 -0.63370997
vn -0.67156464 0.7295907 0.12922172
vn -0.47384495 -0.87487805 0.100295916
vn -0.6216378 -0.6732256 -0.400417
vn -0.6784225 0.12589572 0.72380465
vn -0.015870744 0.99987364 0.0009115846
vn 0.23506202 0.80918294 0.5384875
vn 0.42818215 0.14311633 0.89228797
vn -0.41418725 -0.18247177 0.89171356
vn 0.50148374 0.071438216 0.8622126
vn -0.25851056 -0.36177808 0.8957059
vn -0.734074 -0.16542043 -0.6586132
vn -0.7808205 -0.24398774 -0.575143
vn -0.25851056 -0.36177808 0.8957059
vn -0.734074 -0.16542043 -0.6586132
vn -0.8643155 0.29980075 -0.40382928
vn -0.7511203 0.079787605 0.655326
vn 0.50148374 0.071438216 0.8622126
vn -0.3603833 0.120171696 -0.9250311
vn 0.8072574 -0.117486015 0.578388
vn 0.6728292 -0.72027564 -0.16883074
vn 0.034531806 0.21474233 0.9760601
vn 0.5542471 -0.11848234 -0.8238762
vn 0.028792549 -0.9990621 -0.03233897
vn 0.8072574 -0.117486015 0.578388
vn -0.3603833 0.120171696 -0.9250311
vn -0.79933655 0.57723004 0.16693251
vn -0.799283 0.5773076 0.16692111
vn -0.68069685 0.631269 0.37168694
vn -0.6738022 0.6328423 0.3814463
vn 0.57501245 0.60874933 -0.54661226
vn 0.57501245 0.60874933 -0.54661226
vn 0.48263562 0.6368728 -0.601212
vn 0.4723966 0.6394187 -0.60661775
vn 0.076112784 -0.96820027 0.2383174
vn 0.07868824 -0.9679691 0.23841976
vn 0.034664363 -0.97020143 0.23980743
vn 0.034953702 -0.9702286 0.23965552
vn 0.6875808 -0.72456056 -0.0473778
vn 0.68877995 -0.7232278 -0.050237
vn 0.554798 -0.8218182 0.12966873
vn 0.48463035 -0.85277534 0.19469841
vn -0.7240958 -0.67502123 0.14153315
vn -0.7240865 -0.67503595 0.1415102
vn -0.63500875 -0.7723415 -0.015887976
vn -0.5478299 -0.82530946 -0.1369182
vn -0.37599605 -0.8891417 -0.26087186
vn -0.33747387 -0.9050016 -0.25900507
vn 0.43723926 -0.8380856 -0.32624274
vn 0.56833863 -0.78678936 -0.24073596
vn 0.68877995 -0.7232278 -0.050237
vn 0.6875808 -0.72456056 -0.0473778
vn -0.39261484 -0.86253875 0.31918707
vn -0.5524249 -0.79625607 0.24658257
vn -0.7240865 -0.67503595 0.1415102
vn -0.7240958 -0.67502123 0.14153315
vn 0.0944278 -0.9464608 -0.30869928
vn 0.24897976 -0.8902182 -0.3814716
vn 0.22798721 -0.90276706 -0.36473745
vn 0.12679422 -0.9393991 -0.318516
vn -0.018103335 -0.9624168 -0.2709724
vn -0.013416155 -0.9620119 -0.27267772
vn -0.086654015 -0.96268976 -0.25635827
vn -0.08924363 -0.96240735 -0.25653023
vn -0.17970082 -0.9493407 -0.25779828
vn -0.20726581 -0.9438336 -0.25733072
vn -0.33747387 -0.9050016 -0.25900507
vn -0.37599605 -0.8891417 -0.26087186
vn 0.48463035 -0.85277534 0.19469841
vn 0.554798 -0.8218182 0.12966873
vn 0.33609763 -0.9015498 0.27248162
vn 0.29188403 -0.92050487 0.25975853
vn 0.19336106 -0.95000994 0.24513792
vn 0.17102437 -0.95464164 0.2437418
vn 0.07868824 -0.9679691 0.23841976
vn 0.076112784 -0.96820027 0.2383174
vn -0.7752997 0.62087417 -0.115868755
vn -0.7775952 0.6199834 -0.10472013
vn -0.799283 0.5773076 0.16692111
vn -0.79933655 0.57723004 0.16693251
vn 0.22798721 -0.90276706 -0.36473745
vn 0.24897976 -0.8902182 -0.3814716
vn 0.56833863 -0.78678936 -0.24073596
vn 0.43723926 -0.8380856 -0.32624274
vn 0.91044897 0.3803438 -0.1625464
vn 0.9368016 0.34618112 0.05060926
vn 0.9355646 0.23979603 0.25926194
vn 0.89733654 0.40755385 -0.16937232
vn 0.27958402 -0.95817244 0.061141446
vn 0.4726648 -0.87526274 0.102485165
vn 0.4747794 -0.8800704 0.007789498
vn 0.28261724 -0.95921963 0.00501369
vn 0.71050376 -0.68686205 0.15298648
vn 0.721567 -0.69224876 0.011521932
vn 0.4747794 -0.8800704 0.007789498
vn 0.4726648 -0.87526274 0.102485165
vn -0.9522571 0.25106892 -0.17369772
vn -0.8857283 0.46419626 0.0026627493
vn -0.9685499 0.248801 0.0030163915
vn -0.94342893 -0.28258145 -0.17346369
vn -0.98373204 -0.0016167174 -0.17963473
vn -0.9999938 -0.001600249 0.003140185
vn -0.6861657 -0.70571357 -0.17647935
vn -0.82212794 -0.54722583 -0.15700124
vn -0.72819275 -0.6850845 -0.019862212
vn 0.10616328 0.11178527 -0.9880453
vn 0.112618975 -0.05910305 -0.991879
vn 0.3507602 -0.05974926 -0.9345572
vn 0.32829824 0.11680828 -0.937324
vn -0.8382969 -0.11956132 0.53194296
vn -0.9844498 -0.15584381 0.08106429
vn -0.99007696 -0.07171417 0.12085039
vn -0.8578147 -0.0041407165 0.5139423
vn -0.097997285 0.99373454 0.05374284
vn 0.102329895 0.9946254 0.01577344
vn -0.18548776 0.9807463 -0.061080158
vn 0.16419564 0.9653255 -0.20294452
vn -0.19144404 0.9498087 -0.24741171
vn 0.082180776 0.9450222 -0.31651118
vn -0.07323138 0.93402183 -0.34962872
vn 0.0642375 0.9937059 0.091772504
vn 0.021645704 0.9914419 0.1287415
vn -0.03226675 0.9928035 0.11532526
vn -0.054397862 0.995723 0.07467657
vn 0.070401214 0.9965963 0.042887893
vn -0.0389815 0.9990595 0.01899052
vn 0.03383355 0.999281 0.01711325
vn -0.006416529 0.9999449 0.008306849
vn 0.016534638 0.9998572 0.0035063813
vn 0.03426524 0.99937797 0.008343675
vn -0.00882954 0.99995136 0.0044002086
vn 0.102329895 0.9946254 0.01577344
vn -0.097997285 0.99373454 0.05374284
vn -0.37601715 0.44283068 0.81394845
vn -0.30847353 0.20113279 0.9297256
vn -0.6900398 0.093363576 0.7177244
vn -0.84342635 0.30192196 0.44438183
vn -0.8922988 -0.012125204 0.45128247
vn -0.34637898 0.79347163 0.5004242
vn -0.99526477 -0.07651713 -0.059942435
vn -0.6989801 0.6848491 0.20593312
vn -0.2232986 0.9545088 0.19761229
vn -0.97859895 0.1759756 -0.10666075
vn -0.86784554 -0.093807615 -0.4878979
vn -0.4979988 0.8561655 -0.13775982
vn -0.12057361 0.97966367 -0.16037795
vn -0.79340667 0.5878732 -0.1578316
vn -0.6990894 0.5607568 -0.44365057
vn -0.8490758 0.15565321 -0.5048193
vn -0.3243088 0.84186906 -0.4313704
vn -0.7983207 -0.09016239 -0.595445
vn -0.5989106 -0.08181394 -0.7966258
vn -0.5989108 -0.08181394 -0.7966256
vn -0.7971781 -0.108237885 -0.5939627
vn -0.35025522 -0.09016051 -0.93230486
vn -0.59667665 -0.11869661 -0.7936549
vn -0.22762702 -0.0938072 -0.9692193
vn -0.5948636 0.14167522 -0.791243
vn -0.24909566 0.15565488 -0.9558885
vn -0.34914783 -0.10823872 -0.9307955
vn -0.49536237 0.5661046 -0.65889424
vn -0.23199801 0.5607582 -0.79481274
vn 0.16937086 0.17597662 -0.9697142
vn 0.21888074 -0.07651887 -0.9727466
vn 0.005995104 0.8561653 -0.5166673
vn 0.25186247 0.95450914 -0.159617
vn 0.0687718 0.58787423 -0.8060238
vn 0.39198938 0.68484986 -0.6142679
vn 0.57695264 0.79346853 -0.193735
vn 0.66118133 0.30192122 -0.6867917
vn 0.6813824 -0.012130743 -0.73182714
vn 0.8863671 0.44282502 -0.13512765
vn 0.88115907 0.093360715 -0.46351108
vn 0.9788244 0.20112868 -0.03808079
vn 0.16530822 0.50087947 0.8495841
vn -0.30847353 0.20113279 0.9297256
vn -0.37601715 0.44283068 0.81394845
vn 0.20968513 0.28382134 0.93566966
vn 0.51397765 0.5181145 0.68365514
vn 0.57020277 0.31564784 0.7584426
vn 0.84060466 0.28381914 0.46133557
vn 0.7702348 0.50087374 0.394796
vn 0.9788244 0.20112868 -0.03808079
vn 0.8863671 0.44282502 -0.13512765
vn 0.16530822 0.50087947 0.8495841
vn -0.37601715 0.44283068 0.81394845
vn -0.34637898 0.79347163 0.5004242
vn 0.038250916 0.82156706 0.56882715
vn 0.3301204 0.8355891 0.43910277
vn -0.2232986 0.9545088 0.19761229
vn 0.51397765 0.5181145 0.68365514
vn 0.7702348 0.50087374 0.394796
vn 0.11594127 0.98121095 0.15421647
vn -0.12057361 0.97966367 -0.16037795
vn 0.25186247 0.95450914 -0.159617
vn 0.535822 0.82156307 0.19475383
vn 0.57695264 0.79346853 -0.193735
vn 0.8863671 0.44282502 -0.13512765
vn -0.46252933 0.58279395 0.668145
vn -0.45323265 0.5539263 0.6983881
vn -0.5563669 0.4355136 0.7076608
vn -0.124392904 0.8817962 0.45493063
vn -0.021782663 0.938154 0.3455324
vn 0.025361959 0.9510633 0.30795354
vn 0.14960334 0.9685149 0.19899167
vn 0.14960335 0.9685149 0.19899169
vn 0.28878838 0.9510636 0.10990663
vn 0.33798465 0.9381543 0.075052306
vn 0.47157812 0.88179755 0.0068699205
vn 0.77032065 0.5828105 -0.25872386
vn 0.77032065 0.5828105 -0.25872386
vn 0.7967923 0.55394095 -0.24139468
vn 0.47157812 0.88179755 0.0068699205
vn 0.83434796 0.43554038 -0.33788753
vn -0.39117056 0.44282728 0.8067773
vn -0.3258025 0.20113221 0.9237957
vn -0.70333433 0.09336356 0.7047015
vn -0.85158676 0.30192265 0.4285357
vn -0.9005775 -0.012129254 0.43452626
vn -0.35567287 0.7934696 0.49386522
vn -0.9939704 -0.07652011 -0.07853331
vn -0.70270294 0.68485385 0.19283079
vn -0.22695412 0.95450914 0.19340162
vn -0.9764323 0.17598492 -0.12493715
vn -0.8585684 -0.093808435 -0.5040439
vn -0.49533844 0.85616416 -0.14704736
vn -0.11755414 0.97966355 -0.1626047
vn -0.7903121 0.5878821 -0.1726309
vn -0.690666 0.5607669 -0.4566408
vn -0.83948624 0.15566432 -0.5206069
vn -0.31618768 0.8418682 -0.4373596
vn -0.5366585 0.19132647 -0.8218222
vn -0.583913 -0.08180854 -0.80768365
vn 0.015652465 0.85616386 -0.51646715
vn 0.25480157 0.954509 -0.15488265
vn 0.40340564 0.6848523 -0.60682875
vn 0.58047384 0.793468 -0.18291713
vn 0.67390335 0.3019217 -0.6743126
vn 0.8887385 0.4428259 -0.11852871
vn 0.88966906 0.09336548 -0.44695836
vn 0.97936445 0.20113301 -0.019771747
vn 0.69494843 -0.012126912 -0.71895736
vn 0.23703192 -0.076518886 -0.96848375
vn 0.18746905 0.17598546 -0.96637696
vn -0.20947723 -0.093806684 -0.9733035
vn 0.08383126 0.5878821 -0.8045912
vn -0.21709916 0.5607671 -0.79900455
vn -0.23118629 0.15566486 -0.96037567
vn -0.482953 0.56611496 -0.66803455
vn -0.5799653 0.14168106 -0.8022261
vn -0.3973309 -0.73489666 -0.54959536
vn -0.6121556 0.19132908 -0.767241
vn -0.5041779 -0.43318057 -0.7471005
vn -0.55138344 -0.4331794 -0.7129739
vn -0.48209873 0.56823754 -0.6668484
vn 0.41327798 -0.70880175 0.57166547
vn 0.0416367 -0.22827575 0.9727058
vn 0.91061676 -0.22827351 0.34448284
vn 0.0021858604 0.34581292 0.938301
vn 0.8903142 0.34581438 0.29623136
vn 0.32786804 0.82874745 0.4535199
vn 0.83915377 -0.1554224 0.52121484
vn 0.23186809 -0.15542269 0.9602505
vn 0.58390164 0.08203763 0.8076687
vn 0.8585319 0.093589246 0.5041468
vn 0.20958574 0.09358792 0.9733011
vn 0.58001405 -0.14110889 0.8022917
vn 0.97668356 -0.17447954 0.12508477
vn 0.9938735 0.077221096 0.07907166
vn -0.18740705 -0.17447886 0.9666621
vn -0.23648961 0.07721747 0.9685609
vn 0.69089526 -0.56061304 0.45648304
vn 0.21687773 -0.56061286 0.79917294
vn 0.8504743 -0.3022809 -0.4304877
vn 0.89897364 0.010629088 -0.4378737
vn 0.7008542 -0.09238178 -0.707297
vn 0.3916234 -0.44135007 -0.8073668
vn 0.31937525 -0.20041274 -0.9261934
vn 0.35489073 -0.79334134 -0.49463338
vn 0.70443 -0.6835595 -0.19111443
vn 0.22725263 -0.9542568 -0.19429386
vn 0.7910929 -0.58703005 0.17195247
vn 0.49524894 -0.8560847 0.14780863
vn 0.11797624 -0.97951585 0.16318806
vn 0.31632835 -0.841714 0.43755442
vn 0.48310846 -0.5657292 0.6682489
vn -0.014902151 -0.8560851 0.5166198
vn -0.2557424 -0.9542569 0.15488546
vn -0.08472065 -0.5870277 0.8051216
vn -0.40231773 -0.6835563 0.60900843
vn -0.5809576 -0.79333997 0.18193412
vn -0.6754071 -0.30228004 0.6726455
vn -0.69762546 0.010623019 0.7163839
vn -0.8894404 -0.44134837 0.118774734
vn -0.8913567 -0.09238474 0.44378847
vn -0.97962624 -0.2004134 0.012915898
vn 0.14939594 0.5008743 0.85252917
vn -0.3258025 0.20113221 0.9237957
vn -0.39117056 0.44282728 0.8067773
vn 0.19215268 0.2838249 0.93942577
vn 0.50110793 0.5181126 0.69314516
vn 0.55592346 0.3156559 0.76896715
vn 0.83182967 0.28382492 0.47697258
vn 0.7627174 0.50087345 0.40913063
vn 0.97936445 0.20113301 -0.019771747
vn 0.8887385 0.4428259 -0.11852871
vn 0.14939594 0.5008743 0.85252917
vn -0.39117056 0.44282728 0.8067773
vn -0.35567287 0.7934696 0.49386522
vn 0.027610373 0.82156295 0.5694489
vn 0.32185778 0.8355849 0.44520274
vn -0.22695412 0.95450914 0.19340162
vn 0.50110793 0.5181126 0.69314516
vn 0.7627174 0.50087345 0.40913063
vn 0.113037474 0.98121095 0.15635741
vn -0.11755414 0.97966355 -0.1626047
vn 0.25480157 0.954509 -0.15488265
vn 0.5320877 0.8215622 0.20473956
vn 0.58047384 0.793468 -0.18291713
vn 0.8887385 0.4428259 -0.11852871
vn -0.47493425 0.5828042 0.659376
vn -0.46621078 0.553931 0.6897884
vn -0.5694929 0.4355285 0.6971319
vn -0.13287458 0.8817977 0.45252314
vn -0.028239423 0.9381543 0.34506395
vn 0.019600354 0.95106304 0.3083745
vn 0.14585751 0.9685148 0.20175429
vn 0.14585744 0.9685147 0.20175432
vn 0.28668508 0.9510629 0.11528649
vn 0.33652124 0.9381545 0.081360005
vn 0.4713666 0.88179785 0.015687589
vn 0.7750256 0.582806 -0.24427947
vn 0.8011706 0.5539333 -0.2264587
vn 0.84052235 0.43553087 -0.32223466
vn 0.5823007 0.10268709 0.80646205
vn 0.5822031 0.112322725 0.8052472
vn 0.5838958 0.060847457 0.80954504
vn 0.58445185 0.04955045 0.80991405
vn 0.5823791 0.09218132 0.807674
vn 0.5854674 0.040246785 0.8096964
vn 0.5839685 -0.044233214 0.81057036
vn 0.5842642 -0.05537303 0.8096722
vn 0.57948625 -0.1444526 0.802078
vn 0.57819796 -0.1574929 0.80055165
vn 0.5851419 -0.06737652 0.8081271
vn 0.56738514 -0.25847596 0.781834
vn 0.5768132 -0.17094126 0.79879016
vn 0.56377566 -0.2719719 0.77986425
vn 0.5215278 -0.41777095 0.7439598
vn 0.5602263 -0.2854014 0.7776197
vn 0.5386264 -0.4458695 0.7149001
vn 0.45494878 -0.5366684 0.71063954
vn 0.5531312 -0.42785105 0.71483517
vn 0.48437217 -0.60789335 0.6291655
vn 0.567802 -0.5219244 0.63655007
vn 0.5854674 0.040246785 0.8096964
vn 0.5842642 -0.05537303 0.8096722
vn 0.58445185 0.04955045 0.80991405
vn 0.5854674 0.040246785 0.8096964
vn 0.9683261 0.20525315 0.14218186
vn 0.5823791 0.09218132 0.807674
vn 0.9753225 0.1638171 0.14802094
vn 0.5851419 -0.06737652 0.8081271
vn 0.35405275 0.1122217 -0.9284681
vn 0.9826773 0.10104091 0.15535755
vn 0.5768132 -0.17094126 0.79879016
vn 0.37322608 0.1429614 -0.91665936
vn -0.56514156 -0.15229383 -0.81081533
vn 0.9848413 0.048277803 0.16660437
vn 0.5602263 -0.2854014 0.7776197
vn -0.57208323 -0.10128363 -0.8139179
vn -0.931069 -0.3598264 0.060294434
vn 0.3897803 0.20705391 -0.89732933
vn 0.9848595 -0.011798125 0.17295232
vn 0.5531312 -0.42785105 0.71483517
vn -0.93984455 -0.33533248 0.06514743
vn -0.0738703 -0.15546142 0.9850761
vn -0.57708013 0.010115776 -0.8166248
vn 0.4023806 0.28331217 -0.8705309
vn 0.97903603 -0.0969349 0.1791423
vn 0.567802 -0.5219244 0.63655007
vn -0.12367016 -0.21667165 0.9683796
vn 0.5822031 0.112322725 0.8052472
vn 0.5838958 0.060847457 0.80954504
vn -0.9602915 -0.27442384 0.05031768
vn -0.1448263 -0.2796014 0.9491303
vn 0.5839685 -0.044233214 0.81057036
vn -0.5756609 0.13217294 -0.8069354
vn 0.420371 0.3715148 -0.8278073
vn 0.90357524 0.2510681 0.34715512
vn 0.48437217 -0.60789335 0.6291655
vn -0.9801215 -0.19478136 0.03770904
vn -0.16865154 -0.3273266 0.92973864
vn 0.57948625 -0.1444526 0.802078
vn -0.56294554 0.2764633 -0.778884
vn 0.42823714 0.48455596 -0.7627703
vn 0.43691343 0.16229275 0.88474154
vn 0.45494878 -0.5366684 0.71063954
vn -0.99513716 -0.093665875 0.030477554
vn -0.20450984 -0.37837365 0.9027786
vn 0.56738514 -0.25847596 0.781834
vn 0.4458922 0.8281509 -0.33962667
vn -0.5291761 0.47285137 -0.70454544
vn -0.2706002 -0.01501411 0.96257466
vn 0.5215278 -0.41777095 0.7439598
vn -0.23623031 -0.44270977 0.8649875
vn -0.9982356 0.0548049 0.02284889
vn -0.2602981 0.964417 -0.04631071
vn -0.80591196 0.50356275 0.31133676
vn 0.51001006 -0.4458699 0.7355881
vn 0.44560102 -0.607892 0.65719646
vn 0.5321969 -0.53666604 0.6547947
vn 0.54296345 -0.41777018 0.7284633
vn 0.56381065 -0.271975 0.7798379
vn 0.51001006 -0.4458699 0.7355881
vn 0.5645467 -0.2584768 0.7838857
vn 0.5789335 -0.15749249 0.80002004
vn 0.57997394 -0.14445104 0.80172575
vn 0.5776976 -0.17094177 0.79815066
vn 0.5627911 -0.2854035 0.7757648
vn 0.5839533 -0.06737576 0.80898637
vn 0.5856932 -0.055372886 0.8086392
vn 0.5866324 -0.0442318 0.80864453
vn 0.58534276 0.04024459 0.80978656
vn 0.58586603 0.049549364 0.8088918
vn 0.5843912 0.0921755 0.80622
vn 0.58568037 0.06084984 0.8082548
vn 0.5832642 0.10268528 0.8057659
vn 0.5821288 0.11232682 0.8053005
vn 0.58534276 0.04024459 0.80978656
vn 0.5843912 0.0921755 0.80622
vn -0.16855623 0.20524932 0.9640858
vn -0.16520764 0.16381802 0.9725585
vn 0.5839533 -0.06737576 0.80898637
vn -0.9926576 0.112221576 0.045134526
vn -0.16054349 0.101043485 0.9818432
vn 0.5776976 -0.17094177 0.79815066
vn -0.9874548 0.1429618 0.06704373
vn -0.59277564 -0.15228967 -0.7908381
vn -0.15054077 0.04827775 0.9874243
vn 0.5627911 -0.2854035 0.7757648
vn -0.59354305 -0.1012822 -0.79840386
vn 0.34914216 -0.35981864 -0.86523426
vn -0.97428924 0.20705487 0.08881848
vn -0.14452097 -0.011800009 0.9894314
vn 0.5053911 -0.42785114 0.7493485
vn 0.3565026 -0.33533165 -0.8720427
vn 0.9585769 -0.15545408 0.23867196
vn -0.59454584 0.010115085 -0.803998
vn -0.95279205 0.28331146 0.10918798
vn -0.13682064 -0.09693316 0.9858418
vn 0.42645416 -0.5219194 0.7387401
vn 0.9583329 -0.21666995 0.18615082
vn 0.5821288 0.11232682 0.8053005
vn 0.58568037 0.06084984 0.8082548
vn 0.34882972 -0.27442825 -0.8961065
vn 0.9466853 -0.2796045 0.1600254
vn 0.5866324 -0.0442318 0.80864453
vn -0.585788 0.13217142 -0.79961437
vn -0.9178632 0.3715118 0.13966405
vn 0.046384968 0.25106895 0.96685714
vn 0.44560102 -0.607892 0.65719646
vn 0.935742 -0.32732582 0.13131903
vn 0.57997394 -0.14445104 0.80172575
vn 0.34307405 -0.19478141 -0.9188909
vn -0.5631401 0.27646333 -0.7787434
vn -0.8585706 0.48455402 0.16752295
vn 0.3409168 -0.093664944 -0.93541574
vn -0.5031341 0.47285086 -0.72337276
vn 0.9213823 -0.378372 0.0888217
vn 0.5645467 -0.2584768 0.7838857
vn 0.33464053 0.054804996 -0.9407508
vn 0.89543986 -0.44271034 0.046851076
vn 0.54296345 -0.41777018 0.7284633
vn -0.46229154 0.8281514 0.31694135
vn 0.9988827 -0.015015749 0.044808637
vn 0.5321969 -0.53666604 0.6547947
vn 0.7031686 0.16229329 0.69225335
vn 0.03762742 0.9644167 -0.26169556
vn 0.5482952 0.50356096 -0.66768163
vn 0.3409168 -0.093664944 -0.93541574
vn -0.5031341 0.47285086 -0.72337276
vn -0.5631401 0.27646333 -0.7787434
vn 0.5627911 -0.2854035 0.7757648
vn 0.51001006 -0.4458699 0.7355881
vn 0.56381065 -0.271975 0.7798379
vn 0.5053911 -0.42785114 0.7493485
vn 0.42645416 -0.5219194 0.7387401
vn 0.44560102 -0.607892 0.65719646
vn 0.51001006 -0.4458699 0.7355881
vn -0.14991094 -0.50086063 -0.8524467
vn 0.3916234 -0.44135007 -0.8073668
vn 0.31937525 -0.20041274 -0.9261934
vn -0.19316047 -0.28575552 -0.9386334
vn -0.50090367 -0.5186899 -0.692861
vn -0.5553777 -0.31844348 -0.76821184
vn -0.83076113 -0.28575528 -0.47768164
vn -0.7624784 -0.5008591 -0.40959343
vn -0.97962624 -0.2004134 0.012915898
vn -0.8894404 -0.44134837 0.118774734
vn -0.14991094 -0.50086063 -0.8524467
vn 0.35489073 -0.79334134 -0.49463338
vn 0.3916234 -0.44135007 -0.8073668
vn -0.02640294 -0.8209454 -0.570396
vn -0.32244503 -0.8349259 -0.44601354
vn 0.22725263 -0.9542568 -0.19429386
vn -0.50090367 -0.5186899 -0.692861
vn -0.7624784 -0.5008591 -0.40959343
vn -0.11270665 -0.98132193 -0.15589923
vn 0.11797624 -0.97951585 0.16318806
vn -0.2557424 -0.9542569 0.15488546
vn -0.5333666 -0.8209439 -0.20389044
vn -0.5809576 -0.79333997 0.18193412
vn -0.8894404 -0.44134837 0.118774734
vn 0.45560122 -0.60834694 -0.6498782
vn 0.5519235 -0.47000274 -0.6888235
vn 0.47314033 -0.55707186 -0.68250203
vn 0.12864363 -0.883969 -0.44949916
vn 0.019138183 -0.9387125 -0.3441693
vn -0.018049398 -0.9512753 -0.30781397
vn -0.14517456 -0.9688138 -0.20080863
vn -0.14517452 -0.9688138 -0.20080866
vn -0.28663814 -0.9512753 -0.113639124
vn -0.33282015 -0.9387123 -0.089721255
vn -0.46716875 -0.8839691 -0.01875905
vn -0.75994426 -0.6083488 0.22890273
vn -0.7964255 -0.55707175 0.2353243
vn -0.8271221 -0.47000626 0.30816072
vn -0.30476314 -0.8317723 0.46397647
vn -0.14681125 -0.9753268 0.1648764
vn -0.1653162 -0.9724276 0.16448407
vn -0.3064233 -0.83541954 0.45626634
vn 0.02941533 -0.525102 0.85053074
vn 0.007892634 -0.5383032 0.84271425
vn 0.36168936 -0.31234473 0.87841994
vn 0.35773027 -0.3142549 0.87935936
vn 0.5645249 -0.26749197 0.7808712
vn 0.56452525 -0.26749197 0.7808709
vn 0.7207468 -0.31234884 0.61883944
vn 0.7228759 -0.31425565 0.6153811
vn 0.798426 -0.52511084 0.29457533
vn 0.79775065 -0.5383151 0.27168155
vn 0.53613085 -0.8317712 -0.14394546
vn 0.529326 -0.83542037 -0.14794146
vn 0.20802143 -0.97242635 -0.10542268
vn 0.20259221 -0.97532564 -0.08772875
vn -0.1653162 -0.9724276 0.16448407
vn -0.14681125 -0.9753268 0.1648764
vn 0.059403468 -0.9860334 0.15559383
vn 0.059423435 -0.98603445 0.15557958
vn 0.063562125 -0.98903275 0.13331932
vn 0.063289866 -0.989096 0.13297977
vn 0.045342535 -0.993277 0.10651227
vn 0.045223366 -0.9933048 0.10630397
vn 0.056447495 -0.9953479 0.07807787
vn 0.056447316 -0.9953479 0.078077994
vn 0.0869282 -0.99327725 0.076444305
vn 0.08676839 -0.9933049 0.07626656
vn 0.10667196 -0.9890338 0.10214374
vn 0.10643445 -0.989097 0.10177826
vn 0.12912363 -0.9860352 0.10517433
vn 0.12910362 -0.9860363 0.10518899
vn 0.20259221 -0.97532564 -0.08772875
vn 0.20802143 -0.97242635 -0.10542268
vn 0.24017033 0.9676495 0.07728171
vn 0.3797037 0.9238966 0.047330935
vn 0.3797037 0.9238966 0.047330935
vn 0.23440258 0.96896833 0.07845928
vn -0.025704876 0.99518776 0.094554044
vn -0.022045057 0.9952377 0.094951645
vn -0.20746326 0.9770247 0.04880335
vn -0.20710585 0.97709197 0.048973262
vn -0.19340251 0.9806666 0.029809374
vn -0.19118379 0.98109025 0.030177359
vn -0.14903094 0.98867035 0.017909043
vn -0.149545 0.98859847 0.017588194
vn -0.40374836 0.9089979 -0.10348893
vn -0.40875167 0.90649486 -0.10577913
vn -0.7467206 0.60758096 -0.270654
vn -0.74826974 0.605302 -0.2714811
vn -0.9172827 0.09376859 -0.38704002
vn -0.9172592 0.09420397 -0.38698992
vn -0.8873966 -0.22342485 -0.4032476
vn -0.8873966 -0.22342485 -0.4032476
vn -0.0395028 0.9826235 -0.1813576
vn -0.022349881 0.9992091 0.032888964
vn -0.022349881 0.9992091 0.032888964
vn -0.039469812 0.98270357 -0.18093084
vn -0.045826774 0.8042213 -0.5925606
vn -0.04558946 0.80101913 -0.5969003
vn -0.03408912 0.6406316 -0.7670913
vn -0.03408912 0.6406316 -0.7670913
vn 0.8808694 0.4549104 -0.13086501
vn 0.8808694 0.4549104 -0.13086501
vn 0.9678754 0.17320938 -0.18225193
vn 0.96872663 0.16745146 -0.18310815
vn 0.9467337 -0.23791233 -0.21700919
vn 0.9461432 -0.24028929 -0.21696538
vn 0.83177567 -0.52130395 -0.19076538
vn 0.83045805 -0.52353096 -0.19040684
vn 0.7169007 -0.6785227 -0.16018817
vn 0.7169007 -0.6785227 -0.16018817
vn -0.6622773 -0.67267257 -0.3300007
vn -0.52086025 -0.80182576 -0.29288232
vn -0.52086025 -0.80182576 -0.29288232
vn -0.6610005 -0.674077 -0.3296947
vn -0.8265521 -0.43977976 -0.35129082
vn -0.8256819 -0.44135273 -0.35136467
vn -0.8425481 -0.430381 -0.32385945
vn -0.84155184 -0.43286356 -0.32314032
vn -0.72551954 -0.6360642 -0.26276162
vn -0.7228383 -0.6395915 -0.2615865
vn -0.41415086 -0.894628 -0.16768956
vn -0.41466665 -0.8943644 -0.16782066
vn -0.0449688 -0.9941953 -0.09774219
vn -0.040710904 -0.99440515 -0.09747292
vn 0.09217561 -0.99182874 -0.088200204
vn 0.09217561 -0.99182874 -0.088200204
vn 0.029935671 -0.9929161 0.11498463
vn 0.007588389 -0.9984187 -0.05569997
vn 0.007588389 -0.9984187 -0.05569997
vn 0.030797897 -0.9920964 0.12163917
vn 0.051357485 -0.8663496 0.49679053
vn 0.05127476 -0.8620713 0.5041864
vn 0.04772745 -0.72631854 0.6856992
vn 0.04772745 -0.72631854 0.6856992
vn -0.9873673 -0.14010197 -0.07400889
vn -0.99395895 -0.09179109 -0.060166568
vn -0.9873673 -0.14010197 -0.07400889
vn -0.9944617 -0.08709916 -0.058817588
vn -0.9995497 -0.020705797 -0.021717487
vn -0.9995629 -0.020409167 -0.021387689
vn -0.9999981 0.00051430013 0.0018746661
vn -0.9999981 0.00051430013 0.0018746661
vn 0.98969054 0.13804975 0.038143724
vn 0.9826398 0.17887112 0.049237493
vn 0.9826398 0.17887112 0.049237493
vn 0.99012136 0.1351456 0.037354443
vn 0.9983052 0.056760915 0.012845843
vn 0.99834526 0.056104563 0.012615927
vn 0.99985504 0.016994338 -0.0010778182
vn 0.99985504 0.016994338 -0.0010778182
vn 0.16548802 -0.7781199 -0.6059233
vn 0.16548802 -0.7781199 -0.6059233
vn 0.16548802 -0.7781199 -0.6059233
vn 0.16548802 -0.7781199 -0.6059233
vn 0.076491475 -0.06466584 0.99497104
vn 0.16374356 -0.052742317 0.985092
vn 0.076491475 -0.06466584 0.99497104
vn 0.1674215 -0.05222664 0.9845011
vn 0.33104727 -0.040204324 0.94275725
vn 0.33104715 -0.04020433 0.94275737
vn 0.4848502 -0.052224014 0.8730366
vn 0.48809186 -0.052739937 0.8711974
vn 0.56236595 -0.064663015 0.82435626
vn 0.56236595 -0.064663015 0.82435626
vn 0.6512855 -0.7458691 0.13966537
vn 0.6512855 -0.7458691 0.13966537
vn 0.489476 -0.8693475 0.06817692
vn 0.48486602 -0.8720768 0.066234164
vn 0.2199228 -0.9749937 -0.031958226
vn 0.21973595 -0.97503406 -0.032011516
vn 0.037941743 -0.99709225 -0.066087104
vn 0.035384748 -0.99716705 -0.06637552
vn -0.22578359 -0.9725274 -0.05667603
vn -0.22809426 -0.972007 -0.0563502
vn -0.6570544 -0.75230664 0.048106138
vn -0.65100354 -0.75767225 0.04612109
vn -0.96622866 -0.18148892 0.18293147
vn -0.96531504 -0.18711059 0.1820891
vn -0.9461344 0.23875973 0.21868595
vn -0.94636536 0.23780239 0.21872982
vn -0.84391147 0.5020321 0.18914875
vn -0.8411354 0.50697684 0.18832318
vn -0.7253361 0.6706722 0.15519826
vn -0.7253361 0.6706722 0.15519826
vn 0.93421966 0.1459107 0.32548982
vn 0.94075596 0.08586283 0.3280331
vn 0.94075596 0.08586283 0.3280331
vn 0.93420774 0.1459973 0.32548526
vn 0.8936491 0.3259606 0.30844936
vn 0.8941783 0.32429522 0.3086712
vn 0.7432671 0.6165298 0.25970176
vn 0.74419457 0.61529297 0.2599789
vn 0.39833882 0.90017396 0.17610468
vn 0.40130496 0.8987311 0.17673895
vn 0.053353045 0.9925653 0.10939617
vn 0.056951188 0.99231154 0.1098833
vn -0.06032396 0.99380773 0.0933118
vn -0.06032396 0.99380773 0.0933118
vn -0.07121386 0.0722841 -0.9948384
vn -0.07121386 0.0722841 -0.9948384
vn -0.16382588 0.061984006 -0.98454005
vn -0.16755885 0.061553933 -0.98393863
vn -0.33088526 0.05093695 -0.94229525
vn -0.33088505 0.05093695 -0.9422953
vn -0.4843873 0.061556194 -0.8726854
vn -0.48767662 0.06198629 -0.870821
vn -0.5663923 0.07228699 -0.82095945
vn -0.5663923 0.07228699 -0.82095945
vn 0.1316499 -0.9899053 -0.052495297
vn 0.19498442 -0.97901785 -0.059204552
vn 0.19498442 -0.97901785 -0.059204552
vn 0.12924126 -0.99023634 -0.052236993
vn -0.007003086 -0.9997763 -0.019959169
vn -0.0070032123 -0.9997763 -0.019959126
vn -0.13351753 -0.9902374 0.040036146
vn -0.1355621 -0.9899059 0.041342556
vn -0.18918887 -0.979018 0.07570597
vn -0.18918887 -0.979018 0.07570597
vn -0.14190593 0.9849867 0.09830452
vn -0.23401536 0.96526694 0.11617512
vn -0.23401536 0.96526694 0.11617512
vn -0.1368274 0.9858046 0.09730043
vn 0.01983804 0.99820495 0.05651061
vn 0.019838238 0.99820495 0.056510538
vn 0.16761793 0.9858052 -0.009603305
vn 0.17221083 0.9849871 -0.011995496
vn 0.2552774 0.96526575 -0.055637185
vn 0.2552774 0.96526575 -0.055637185
vn 0.04129589 -0.106584914 0.9934457
vn 0.04129589 -0.106584914 0.9934457
vn 0.04129589 -0.106584914 0.9934457
vn 0.04129589 -0.106584914 0.9934457
vn 0.21544813 -0.07908552 0.97330755
vn 0.21544813 -0.07908552 0.97330755
vn 0.21544813 -0.07908552 0.97330755
vn 0.17398582 -0.08585231 0.9809987
vn -0.13218415 -0.09342015 0.98681307
vn -0.13218415 -0.09342015 0.98681307
vn -0.13218415 -0.09342015 0.98681307
vn -0.13218415 -0.09342015 0.98681307
vn 0.11272928 -0.09837967 0.9887434
vn 0.11272928 -0.09837967 0.9887434
vn 0.11272928 -0.09837967 0.9887434
vn 0.11272928 -0.09837967 0.9887434
vn -0.13912697 0.96764874 0.21047443
vn -0.26675218 0.9238954 0.27433658
vn -0.26675218 0.9238954 0.27433658
vn -0.13388857 0.9689677 0.20778704
vn 0.07917847 0.99518776 0.057724357
vn 0.07656775 0.9952377 0.060325783
vn 0.1924313 0.97702414 -0.09161822
vn 0.19225852 0.9770916 -0.09126206
vn 0.1695892 0.98066497 -0.09765133
vn 0.16808791 0.98108864 -0.09597715
vn 0.12751795 0.988669 -0.07920082
vn 0.12771796 0.98859733 -0.07977106
vn 0.25040698 0.90899837 -0.333194
vn 0.2528795 0.9064958 -0.3381085
vn 0.41356736 0.6075863 -0.6780863
vn 0.41425946 0.6053064 -0.6797009
vn 0.4739198 0.09376886 -0.8755612
vn 0.47393286 0.09420583 -0.8755072
vn 0.440463 -0.22342421 -0.86952513
vn 0.440463 -0.22342421 -0.86952513
vn -0.07900986 0.9826232 -0.16795579
vn 0.03775018 0.9992091 0.01250048
vn 0.03775018 0.9992091 0.01250048
vn -0.07877623 0.9827032 -0.16759686
vn -0.3242143 0.80421966 -0.4981123
vn -0.32704332 0.8010175 -0.50141144
vn -0.43973365 0.6406316 -0.6294644
vn -0.43973365 0.6406316 -0.6294644
vn -0.76929134 0.45491788 0.4485985
vn -0.86932915 0.17321318 0.4628866
vn -0.76929134 0.45491788 0.4485985
vn -0.8705292 0.16745439 0.46275046
vn -0.8745631 -0.23791195 0.4225369
vn -0.8740748 -0.24028891 0.4222019
vn -0.76843214 -0.52130556 0.3711502
vn -0.7671795 -0.5235328 0.37060624
vn -0.65965486 -0.6785275 0.32319665
vn -0.65965486 -0.6785275 0.32319665
vn 0.31056535 -0.67266893 -0.67161417
vn 0.2234046 -0.80182016 -0.5542335
vn 0.2234046 -0.80182016 -0.5542335
vn 0.30976102 -0.67407197 -0.6705781
vn 0.42546728 -0.43978268 -0.7909291
vn 0.42474163 -0.44135624 -0.79044247
vn 0.4551026 -0.43038523 -0.7795192
vn 0.45477456 -0.43286756 -0.7783353
vn 0.40195924 -0.63606334 -0.6586746
vn 0.40060127 -0.6395906 -0.6560812
vn 0.21838515 -0.89462817 -0.38980564
vn 0.21870534 -0.8943649 -0.39022994
vn -0.026012918 -0.9941955 -0.104396105
vn -0.029164135 -0.99440515 -0.101527035
vn -0.12707564 -0.9918297 -0.011208988
vn -0.12707564 -0.9918297 -0.011208988
vn 0.04621327 -0.99291646 0.10945862
vn -0.039918296 -0.99841857 -0.03958362
vn -0.039918296 -0.99841857 -0.03958362
vn 0.049578518 -0.9920969 0.11526393
vn 0.26155013 -0.8663508 0.42547372
vn 0.266116 -0.8620727 0.43129203
vn 0.37938413 -0.72631943 0.5731734
vn 0.37938413 -0.72631943 0.5731734
vn 0.7384865 -0.14010023 -0.6595525
vn 0.7384865 -0.14010023 -0.6595525
vn 0.7521402 -0.09179009 -0.6525792
vn 0.7533601 -0.087098345 -0.65181476
vn 0.7799718 -0.020704797 -0.62547207
vn 0.78018296 -0.020408146 -0.6252184
vn 0.7946825 0.00051611086 -0.60702515
vn 0.7946825 0.00051611086 -0.60702515
vn -0.7621491 0.1380503 0.63251156
vn -0.7498033 0.17886864 0.63702524
vn -0.7498033 0.17886864 0.63702524
vn -0.76297134 0.13514645 0.63214725
vn -0.7843805 0.056764692 0.6176772
vn -0.78455204 0.056108374 0.6175191
vn -0.7940838 0.016998235 0.60757047
vn -0.7940838 0.016998235 0.60757047
vn -0.50004315 -0.77811867 -0.38011593
vn -0.50004315 -0.77811867 -0.38011593
vn -0.50004315 -0.77811867 -0.38011593
vn -0.50004315 -0.77811867 -0.38011593
vn -0.42099345 -0.7458646 0.51618856
vn -0.33939874 -0.8693475 0.35922608
vn -0.42099345 -0.7458646 0.51618856
vn -0.33701792 -0.8720739 0.35483223
vn -0.19162548 -0.97499317 0.11255215
vn -0.19151282 -0.9750336 0.11239353
vn -0.070929274 -0.99709225 -0.027857792
vn -0.06911379 -0.99716717 -0.029681658
vn 0.14078501 -0.9725264 -0.18539675
vn 0.14279254 -0.97200584 -0.18658736
vn 0.54288065 -0.7523067 -0.3732495
vn 0.5369232 -0.7576669 -0.37101805
vn 0.8684733 -0.1814961 -0.461317
vn 0.8672332 -0.1871193 -0.46140328
vn 0.8751472 0.23875159 -0.42085037
vn 0.87535495 0.2377939 -0.42096052
vn 0.7768961 0.5020338 -0.37999263
vn 0.7742133 0.506979 -0.3789013
vn 0.6631273 0.670673 -0.33235493
vn 0.6631273 0.670673 -0.33235493
vn -0.5256344 0.14590599 0.838105
vn -0.5291503 0.08584321 0.8441747
vn -0.5291503 0.08584321 0.8441747
vn -0.52562785 0.14599332 0.8380939
vn -0.50461483 0.32596597 0.7994436
vn -0.5048893 0.32429957 0.7999478
vn -0.4177278 0.61652505 0.6673832
vn -0.41827813 0.61528885 0.668179
vn -0.20079346 0.9001707 0.38649014
vn -0.20270632 0.898732 0.38883275
vn 0.026753806 0.99256563 0.118734054
vn 0.024247522 0.99231154 0.121366635
vn 0.105413355 0.9938083 0.03511238
vn 0.105413355 0.9938083 0.03511238
vn 0.58887744 -0.10658422 0.80116355
vn 0.58887744 -0.10658422 0.80116355
vn 0.58887744 -0.10658422 0.80116355
vn 0.58887744 -0.10658422 0.80116355
vn 0.44036567 -0.07908145 0.8943289
vn 0.44036567 -0.07908145 0.8943289
vn 0.44036567 -0.07908145 0.8943289
vn 0.47754443 -0.085849285 0.87440336
vn 0.7201266 -0.093418196 0.6875251
vn 0.7201266 -0.093418196 0.6875251
vn 0.7201266 -0.093418196 0.6875251
vn 0.7201266 -0.093418196 0.6875251
vn 0.5301873 -0.09837996 0.8421537
vn 0.5301873 -0.09837996 0.8421537
vn 0.5301873 -0.09837996 0.8421537
vn 0.5301873 -0.09837996 0.8421537
vn 0.82326657 -0.49729416 -0.2737346
vn 0.8867734 -0.35668218 -0.293957
vn 0.5436548 -0.3546119 -0.76071674
vn 0.50437605 -0.4944624 -0.7078925
vn -0.0025666337 -0.35335428 -0.93548614
vn -0.0023800803 -0.49275306 -0.870166
vn -0.54784673 -0.35463077 -0.75769454
vn -0.5082689 -0.49448788 -0.7050847
vn -0.88839996 -0.35669294 -0.2889909
vn -0.8247802 -0.49730918 -0.26911154
vn -0.8867737 -0.3566812 0.2939575
vn -0.8232672 -0.49729362 0.27373368
vn -0.5436547 -0.35461256 0.76071644
vn -0.50437653 -0.49446514 0.7078903
vn 0.0025668924 -0.35335603 0.9354854
vn 0.0023795841 -0.49275762 0.8701634
vn 0.54784614 -0.3546327 0.75769395
vn 0.5082679 -0.49449256 0.70508224
vn 0.888399 -0.35669482 0.28899142
vn 0.8247791 -0.49731204 0.2691101
vn 0.8247791 -0.49731204 0.2691101
vn 0.888399 -0.35669482 0.28899142
vn 0.8867734 -0.35668218 -0.293957
vn 0.82326657 -0.49729416 -0.2737346
vn -0.87872934 0.3784433 0.2908871
vn -0.8784113 0.3784408 0.2918497
vn -0.5379636 0.3759939 0.7544692
vn -0.53926414 0.3760004 0.75353694
vn 0.0025388133 0.3745169 0.92721665
vn 0.0025474504 0.37451693 0.9272166
vn 0.54211795 0.3760148 0.75147927
vn 0.5434171 0.37602133 0.7505369
vn 0.88002825 0.3784518 0.28692222
vn 0.8803363 0.37845436 0.2859727
vn 0.8784123 0.37843654 -0.29185212
vn 0.8787312 0.37843916 -0.2908872
vn 0.5379647 0.37598833 -0.7544712
vn 0.53926545 0.37599483 -0.7535387
vn -0.0025377104 0.37451178 -0.92721874
vn -0.0025477465 0.37451178 -0.92721874
vn -0.5421182 0.37601215 -0.75148034
vn -0.54341894 0.37601867 -0.7505369
vn -0.8800274 0.37845325 -0.28692302
vn -0.8803363 0.3784558 -0.28597093
vn -0.8803363 0.3784558 -0.28597093
vn -0.8800274 0.37845325 -0.28692302
vn -0.8784113 0.3784408 0.2918497
vn -0.87872934 0.3784433 0.2908871
vn -0 1 0
vn -0 1 0
vn -0 1 0
vn -0 1 0
vn -0 1 0
vn -0 1 0
vn -0 1 0
vn -0 1 0
vn -0 1 0
vn -0 1 0
vn -0.17965947 0.9797688 -0.088179305
vn -0.17966421 0.97976774 -0.08818164
vn -0.17966421 0.97976774 -0.08818164
vn -0.17965947 0.9797688 -0.088179305
vn -0.17965947 0.9797688 -0.088179305
vn -0.17965947 0.9797688 -0.088179305
vn -0.17966901 0.9797665 -0.08818482
vn -0.17966901 0.9797665 -0.08818482
vn -0.17966184 0.979768 -0.088183016
vn -0.17966184 0.979768 -0.088183016
vn -0.17966184 0.979768 -0.088183016
vn -0.17966184 0.979768 -0.088183016
vn -0.17966382 0.9797677 -0.088182904
vn -0.17966382 0.9797677 -0.088182904
vn -0.17966485 0.9797673 -0.088184446
vn -0.17966485 0.9797673 -0.088184446
vn -0.17966485 0.9797673 -0.088184446
vn -0.17966485 0.9797673 -0.088184446
vn -0.17966233 0.979768 -0.088182084
vn -0.17966233 0.979768 -0.088182084
vn -0.17966662 0.9797673 -0.088181704
vn -0.17966662 0.9797673 -0.088181704
vn -0.17966568 0.9797672 -0.08818403
vn -0.17966568 0.9797672 -0.08818403
vn -0.17966531 0.97976756 -0.08818174
vn -0.17966531 0.97976756 -0.08818174
vn -0.17966531 0.97976756 -0.08818174
vn -0.17966531 0.97976756 -0.08818174
vn -0.17966183 0.9797681 -0.08818238
vn -0.17966183 0.9797681 -0.08818238
vn 0.5813385 0.2043876 0.7875729
vn 0.55899525 0.20423785 0.8036238
vn 0.56234396 0.2041637 0.801303
vn 0.578069 0.20428433 0.79000264
vn -0.94606894 -0.22229448 0.23566642
vn -0.93378615 -0.2130896 0.28746504
vn -0.93585694 -0.21419081 0.2798106
vn -0.9444953 -0.2206992 0.24335222
vn 0.9046042 0.1762751 -0.38809592
vn 0.9170038 0.18495676 -0.35340485
vn 0.9153079 0.18346821 -0.35854
vn 0.9065721 0.17738765 -0.38296285
vn -0.6542833 -0.119322516 0.74677664
vn -0.6072056 -0.10664796 0.7873547
vn -0.61439705 -0.10827904 0.7815319
vn -0.6475384 -0.117204525 0.75296557
vn 0.6510331 0.09553207 -0.7530136
vn 0.68087804 0.105138294 -0.724811
vn 0.67654943 0.10356136 -0.7290788
vn 0.65554297 0.09702404 -0.7488991
vn -0.09375207 0.0007592849 0.9955953
vn -0.008406474 0.016088717 0.99983525
vn -0.021100884 0.0141181 0.99967766
vn -0.081208274 0.003309907 0.9966917
vn 0.009750168 -0.03913948 -0.9991862
vn 0.06815762 -0.028862834 -0.99725705
vn 0.059404243 -0.030228399 -0.9977762
vn 0.018500129 -0.037695557 -0.99911803
vn 0.5563204 0.10085289 0.824825
vn 0.615854 0.10710398 0.7805464
vn 0.60721594 0.10647842 0.7873698
vn 0.56530017 0.10207679 0.81854516
vn -0.9618871 -0.19177441 -0.19492532
vn -0.9618871 -0.19177441 -0.19492532
vn -0.9618871 -0.19177441 -0.19492532
vn -0.9618871 -0.19177441 -0.19492532
vn -0.62545824 -0.13099112 -0.76918346
vn -0.5855806 -0.12834929 -0.8003885
vn -0.5916172 -0.12890317 -0.7958473
vn -0.61958367 -0.13077648 -0.7739597
vn 0.9588057 0.12531707 0.25492612
vn 0.9724655 0.12178103 0.19869623
vn 0.97062564 0.12255375 0.20704192
vn 0.9610048 0.12506244 0.24663563
vn -0.9681321 -0.1436715 -0.20513088
vn -0.95844394 -0.14805666 -0.24385335
vn -0.9599673 -0.14758779 -0.23807693
vn -0.9667635 -0.14453001 -0.21090148
vn 0.87638324 0.050189603 -0.4789921
vn 0.8487502 0.03933243 -0.5273292
vn 0.85295796 0.04113518 -0.5203562
vn 0.8724655 0.048831884 -0.48622984
vn -0.8252078 -0.05287053 0.5623493
vn -0.84553623 -0.06277649 0.5302147
vn -0.842561 -0.061480794 0.5350805
vn -0.8282741 -0.0545527 0.5576613
vn -0.9747055 -0.21751477 -0.051347565
vn -0.97641945 -0.21436769 -0.025523832
vn -0.97622263 -0.21476999 -0.029380934
vn -0.9750176 -0.21698654 -0.047513284
vn 0.9759671 0.1833218 -0.11781907
vn 0.9768744 0.18570895 -0.10596489
vn 0.9767572 0.18530509 -0.10773744
vn 0.9761184 0.1836269 -0.11607828
vn 0.13942951 0.08711839 0.9863923
vn 0.17117532 0.092083655 0.980928
vn 0.16645914 0.09142156 0.98180115
vn 0.14414316 0.08793158 0.9856424
vn -0.16077605 -0.10408371 -0.9814875
vn -0.14505824 -0.10180899 -0.9841712
vn -0.1473967 -0.102167815 -0.9837865
vn -0.15843686 -0.10376411 -0.9819016
vn 0.83852017 0.16679834 0.51871204
vn 0.85337055 0.16658613 0.49397132
vn 0.85118926 0.16666944 0.49769282
vn 0.84077996 0.16681196 0.51503676
vn -0.84733 -0.18220724 -0.49883112
vn -0.8395836 -0.1829687 -0.51148975
vn -0.8407413 -0.18288527 -0.5096147
vn -0.84618896 -0.18234827 -0.50071275
vn 0.95820737 0.11974364 -0.25980777
vn 0.95158076 0.11568539 -0.2847997
vn 0.9526016 0.11631564 -0.28110662
vn 0.957259 0.11918884 -0.2635321
vn -0.9508761 -0.13154596 0.28023267
vn -0.9541855 -0.1343907 0.2673371
vn -0.9537033 -0.13399276 0.269251
vn -0.9513699 -0.13200355 0.27833495
vn 0.46688753 -0.019037666 -0.88411176
vn 0.4434758 -0.024728032 -0.89594513
vn 0.44695687 -0.023833692 -0.894238
vn 0.46343073 -0.019840783 -0.885911
vn 0.2842277 -0.09458816 -0.95407957
vn 0.21853435 -0.108182475 -0.969814
vn 0.22812003 -0.10603591 -0.9678418
vn 0.27472 -0.096381314 -0.9566815
vn -0.44722003 0.011530375 0.89434963
vn -0.4589894 0.008142611 0.88840437
vn -0.45721024 0.008644146 0.8893166
vn -0.44908386 0.010964556 0.8934223
vn -0.15064484 0.10048966 0.9834673
vn -0.19505098 0.09107461 0.9765554
vn -0.18851848 0.09236558 0.9777164
vn -0.15718393 0.09901875 0.9825927
vn -0.62291116 -0.06924337 0.779222
vn -0.6044594 -0.06400135 0.7940608
vn -0.6072316 -0.06471385 0.791885
vn -0.62021303 -0.06840412 0.78144526
vn 0.6120086 0.05232064 -0.78911847
vn 0.6204582 0.055134214 -0.78229916
vn 0.61916894 0.05467818 -0.78335184
vn 0.6133193 0.05272936 -0.78807294
vn 0.5672516 0.04672313 -0.8222181
vn 0.58096457 0.052518938 -0.8122327
vn 0.57894325 0.051587727 -0.81373423
vn 0.5693351 0.04753112 -0.8207304
vn 0.3054932 0.9440069 -0.12459856
vn 0.30548775 0.94400877 -0.12459859
vn 0.30548775 0.94400877 -0.12459859
vn 0.3054932 0.9440069 -0.12459856
vn 0.3054932 0.9440069 -0.12459856
vn 0.3054932 0.9440069 -0.12459856
vn 0.30549204 0.94400734 -0.12459805
vn 0.30549204 0.94400734 -0.12459805
vn 0.30549163 0.94400734 -0.12459923
vn 0.30549163 0.94400734 -0.12459923
vn 0.30549163 0.94400734 -0.12459923
vn 0.30549163 0.94400734 -0.12459923
vn 0.30549487 0.9440068 -0.12459553
vn 0.30549487 0.9440068 -0.12459553
vn 0.30549213 0.9440077 -0.12459547
vn 0.30549213 0.9440077 -0.12459547
vn 0.30549213 0.9440077 -0.12459547
vn 0.30549213 0.9440077 -0.12459547
vn 0.3054874 0.94400895 -0.12459757
vn 0.3054874 0.94400895 -0.12459757
vn 0.30549198 0.94400734 -0.12459846
vn 0.30549198 0.94400734 -0.12459846
vn 0.30548987 0.9440084 -0.12459531
vn 0.30548987 0.9440084 -0.12459531
vn 0.30548677 0.9440097 -0.1245933
vn 0.30548677 0.9440097 -0.1245933
vn 0.30548677 0.9440097 -0.1245933
vn 0.30548677 0.9440097 -0.1245933
vn 0.3054904 0.9440083 -0.12459548
vn 0.3054904 0.9440083 -0.12459548
vn -0.5170993 -0.21763368 -0.8277945
vn -0.5556223 -0.22022592 -0.8017384
vn -0.55005234 -0.21973404 -0.8057043
vn -0.52286166 -0.21791753 -0.8240919
vn 0.6755006 -0.094494835 0.7312795
vn 0.6583934 -0.08346823 0.7480316
vn 0.6608924 -0.08521597 0.7456269
vn 0.67297006 -0.092975706 0.73380303
vn -0.9114154 0.26370648 0.3158811
vn -0.8912483 0.26680148 0.36673334
vn -0.89434725 0.26668417 0.359197
vn -0.908529 0.26447356 0.32346392
vn 0.8390012 -0.28610072 -0.46284273
vn 0.8576778 -0.28320304 -0.4291675
vn 0.8549223 -0.28391173 -0.43416816
vn 0.84181386 -0.28590682 -0.45782825
vn -0.5623328 0.21792738 0.7976775
vn -0.5095669 0.206705 0.8352333
vn -0.5174845 0.20870131 0.8298515
vn -0.5545644 0.2165783 0.80346256
vn 0.54587257 -0.2376198 -0.8034674
vn 0.5804088 -0.24267596 -0.7773249
vn 0.5752737 -0.24212447 -0.781304
vn 0.55106276 -0.2385625 -0.799636
vn 0.007802169 0.054949403 0.9984586
vn 0.08989625 0.027155466 0.99558085
vn 0.07777207 0.031598542 0.99647033
vn 0.020158416 0.05109572 0.99849033
vn -0.099537626 -0.047879104 -0.9938812
vn -0.043894462 -0.067128815 -0.9967783
vn -0.05223652 -0.064267494 -0.99656457
vn -0.09127089 -0.05088742 -0.9945251
vn 0.60893846 -0.17272618 0.77418315
vn 0.6577576 -0.19618386 0.72723234
vn 0.650809 -0.19253965 0.73442227
vn 0.61647904 -0.17603394 0.767441
vn -0.9489922 0.29468223 -0.11214337
vn -0.9489414 0.29417458 -0.11389199
vn -0.94894934 0.2942385 -0.113661095
vn -0.94897074 0.29441836 -0.11301486
vn -0.67670274 0.18046486 -0.71379673
vn -0.6453049 0.16256794 -0.74642694
vn -0.6501298 0.16511004 -0.74166703
vn -0.6722085 0.17766 -0.7187299
vn 0.91994613 -0.3502985 0.17603968
vn 0.92479974 -0.36104617 0.1199629
vn 0.9243471 -0.35934764 0.12826404
vn 0.9209339 -0.35175017 0.16778724
vn -0.9319875 0.34004387 -0.12557685
vn -0.9296312 0.33003533 -0.16389771
vn -0.9301467 0.33137125 -0.15817755
vn -0.9318143 0.33837903 -0.13123143
vn 0.7464606 -0.38300532 -0.54415387
vn 0.71192163 -0.38009378 -0.5905052
vn 0.7171951 -0.38043588 -0.5838662
vn 0.7416225 -0.38246655 -0.5511037
vn -0.69475347 0.35746458 0.6241288
vn -0.72097915 0.357332 0.59371954
vn -0.7172278 0.35719267 0.5983291
vn -0.69877094 0.35724956 0.6197515
vn -0.9596787 0.27924246 0.03225584
vn -0.95728093 0.28330374 0.05789725
vn -0.9576604 0.2827776 0.0540688
vn -0.95934755 0.27991313 0.036066283
vn 0.92912376 -0.31160897 -0.19907032
vn 0.9322272 -0.3095183 -0.18748572
vn 0.93175584 -0.30989075 -0.18920578
vn 0.9295812 -0.31135407 -0.19732536
vn 0.25233546 0.017886795 0.9674745
vn 0.28099707 0.006998719 0.95968306
vn 0.27673742 0.008696666 0.96090615
vn 0.25667372 0.01631795 0.96636033
vn -0.2779294 -0.02239522 -0.9603404
vn -0.2638999 -0.028135644 -0.9641395
vn -0.26597726 -0.027311115 -0.96359235
vn -0.27587524 -0.023260638 -0.96091187
vn 0.8585298 -0.25378096 0.44555783
vn 0.8687786 -0.26145196 0.42055514
vn 0.86729366 -0.26028466 0.4243273
vn 0.86012346 -0.25491625 0.44182047
vn -0.8714724 0.2449314 -0.42490515
vn -0.8665127 0.24009712 -0.43761757
vn -0.8672772 0.24078485 -0.4357211
vn -0.87075984 0.24417648 -0.4267964
vn 0.8705716 -0.3596898 -0.33575013
vn 0.8603586 -0.36056143 -0.3602479
vn 0.86191434 -0.36043227 -0.3566402
vn 0.869107 -0.3598099 -0.33939615
vn -0.8677915 0.34635252 0.35633966
vn -0.8733899 0.34495366 0.3437979
vn -0.87255394 0.34514287 0.34572533
vn -0.8686528 0.3460974 0.35448393
vn 0.31939596 -0.24998622 -0.9140531
vn 0.29462868 -0.24372539 -0.92400867
vn 0.29829556 -0.24460807 -0.9225978
vn 0.31578517 -0.24904098 -0.9155645
vn 0.11720043 -0.22872102 -0.96641135
vn 0.05190182 -0.20886648 -0.97656596
vn 0.06142018 -0.21160835 -0.97542274
vn 0.10786419 -0.2257136 -0.96820384
vn -0.30449787 0.23401861 0.9233182
vn -0.31722257 0.23661536 0.9183589
vn -0.31530112 0.23620474 0.919126
vn -0.30639493 0.234382 0.9225981
vn 0.0047446312 0.16937646 0.98554
vn -0.038984697 0.18270466 0.98239464
vn -0.032553256 0.18086568 0.982969
vn -0.0016780725 0.17129678 0.9852181
vn -0.5074256 0.24697109 0.825545
vn -0.486723 0.24279821 0.8391363
vn -0.4898463 0.24350066 0.8371129
vn -0.5043062 0.24641633 0.8276197
vn 0.48838398 -0.2567049 -0.8340167
vn 0.49800956 -0.2580982 -0.82787186
vn 0.49656212 -0.25792295 -0.82879543
vn 0.48982587 -0.25694007 -0.8330981
vn 0.44354337 -0.24031825 -0.863433
vn 0.45973063 -0.24159285 -0.8545646
vn 0.4572952 -0.24148074 -0.8559019
vn 0.4459727 -0.24058373 -0.86210656
vn -0.2735975 0.93713874 0.21659952
vn -0.273597 0.93713933 0.21659783
vn -0.273597 0.93713933 0.21659783
vn -0.2735975 0.93713874 0.21659952
vn -0.2735975 0.93713874 0.21659952
vn -0.2735975 0.93713874 0.21659952
vn -0.27358925 0.93714195 0.21659604
vn -0.27358925 0.93714195 0.21659604
vn -0.2735988 0.9371396 0.21659468
vn -0.2735988 0.9371396 0.21659468
vn -0.2735988 0.9371396 0.21659468
vn -0.2735988 0.9371396 0.21659468
vn -0.273598 0.93713933 0.21659642
vn -0.273598 0.93713933 0.21659642
vn -0.27359545 0.9371397 0.21659827
vn -0.27359545 0.9371397 0.21659827
vn -0.27359545 0.9371397 0.21659827
vn -0.27359545 0.9371397 0.21659827
vn -0.27359396 0.9371404 0.21659675
vn -0.27359396 0.9371404 0.21659675
vn -0.27359325 0.93713987 0.21659984
vn -0.27359325 0.93713987 0.21659984
vn -0.27359778 0.93713874 0.21659929
vn -0.27359778 0.93713874 0.21659929
vn -0.2735953 0.93713933 0.21659993
vn -0.2735953 0.93713933 0.21659993
vn -0.2735953 0.93713933 0.21659993
vn -0.2735953 0.93713933 0.21659993
vn -0.27359676 0.93713945 0.21659742
vn -0.27359676 0.93713945 0.21659742
vn -0.6306808 0.051597618 -0.7743251
vn -0.6616652 0.067856096 -0.7467227
vn -0.657143 0.06558218 -0.7509075
vn -0.6352928 0.054098677 -0.7703742
vn 0.6649419 0.053032793 0.7450099
vn 0.64756626 0.040978067 0.76090646
vn 0.65025616 0.042676203 0.7585154
vn 0.6624129 0.05109486 0.74739444
vn -0.8819256 -0.38942134 0.26562795
vn -0.86199903 -0.39759147 0.31444973
vn -0.86514 -0.39631534 0.30735472
vn -0.8792182 -0.39049163 0.27293137
vn 0.8216647 0.38865575 -0.41691
vn 0.84058857 0.38036814 -0.38565654
vn 0.8379318 0.38134247 -0.39044616
vn 0.82463276 0.38711312 -0.41246122
vn -0.53040326 -0.395397 0.7498891
vn -0.4800401 -0.39269274 0.78444505
vn -0.48749083 -0.39306816 0.7796475
vn -0.5232588 -0.39495078 0.7551253
vn 0.528059 0.3800653 -0.7594103
vn 0.56185526 0.377354 -0.73615384
vn 0.5570024 0.37751466 -0.7397506
vn 0.533132 0.3793967 -0.75619334
vn 0.05147101 -0.28131634 0.9582337
vn 0.12562104 -0.2600543 0.9573877
vn 0.11509103 -0.2629343 0.9579246
vn 0.06193985 -0.27818903 0.95852715
vn -0.12413101 0.2373818 -0.96345276
vn -0.07276206 0.25290096 -0.9647522
vn -0.080175325 0.25058702 -0.96476835
vn -0.11662557 0.2393434 -0.96390516
vn 0.65844136 -0.06231864 0.7500475
vn 0.7048789 -0.034782283 0.7084744
vn 0.69831914 -0.038686283 0.71474034
vn 0.6653468 -0.058278687 0.7442561
vn -0.95970494 -0.24712408 -0.13377617
vn -0.95966476 -0.24660668 -0.13501392
vn -0.9596657 -0.24664994 -0.13492814
vn -0.95967954 -0.24683677 -0.13448685
vn -0.7109071 0.005259357 -0.70326626
vn -0.68141747 0.028672764 -0.73133296
vn -0.6856871 0.02494521 -0.7274688
vn -0.70658445 0.008382549 -0.70757914
vn 0.97132224 0.16458294 0.17159694
vn 0.9760607 0.18262833 0.11812088
vn 0.9755339 0.18011908 0.126059
vn 0.9722034 0.16733286 0.16376938
vn -0.9702277 -0.20340316 -0.13147344
vn -0.96811163 -0.18680999 -0.16691862
vn -0.9684212 -0.18963844 -0.1618563
vn -0.9699274 -0.20126991 -0.13686286
vn 0.7938955 0.28316513 -0.53809613
vn 0.759163 0.28723344 -0.58409625
vn 0.7644471 0.2868684 -0.57734495
vn 0.78887576 0.28397122 -0.5450095
vn -0.72948146 -0.3089477 0.61025244
vn -0.7555762 -0.30320802 0.5806629
vn -0.7516887 -0.30439824 0.5850689
vn -0.73343676 -0.30837315 0.60578585
vn -0.9503787 -0.3110762 -0.0034428537
vn -0.94802386 -0.3174772 0.021423576
vn -0.94842184 -0.31651497 0.017732048
vn -0.95008206 -0.31199998 0.0002676378
vn 0.9300771 0.32737622 -0.16667746
vn 0.9332786 0.32365045 -0.15569662
vn 0.93283486 0.32413182 -0.1573458
vn 0.930596 0.32672232 -0.16505653
vn 0.26955217 -0.16931903 0.94798344
vn 0.29687643 -0.15928514 0.94153744
vn 0.29287717 -0.1607047 0.94254816
vn 0.27355102 -0.16781284 0.9471054
vn -0.2863531 0.14883901 -0.94649297
vn -0.2728449 0.15447022 -0.949576
vn -0.2748354 0.15362805 -0.9491385
vn -0.28435323 0.14963682 -0.9469699
vn 0.8859745 0.11862405 0.44830516
vn 0.896136 0.1288738 0.42465487
vn 0.8946696 0.12734692 0.4281929
vn 0.88753676 0.12013162 0.44479975
vn -0.88947606 -0.14225273 -0.4342769
vn -0.8847011 -0.13548873 -0.44603452
vn -0.8853988 -0.13658687 -0.4443118
vn -0.8887429 -0.14131828 -0.43607926
vn 0.89884657 0.30080548 -0.31873316
vn 0.8885722 0.30516246 -0.3425131
vn 0.89015216 0.30451056 -0.33897272
vn 0.8973501 0.30146348 -0.32230842
vn -0.88705176 -0.31941 0.3333414
vn -0.8927002 -0.31579778 0.3214936
vn -0.89185995 -0.31640995 0.32321912
vn -0.8878802 -0.31896174 0.33156013
vn 0.33858493 0.27954718 -0.89845073
vn 0.31396905 0.27582085 -0.9084857
vn 0.31766486 0.27644014 -0.90701157
vn 0.33490208 0.27902266 -0.8999927
vn 0.15574342 0.20420118 -0.96646047
vn 0.0882199 0.18907474 -0.9779919
vn 0.098396525 0.19162782 -0.97652286
vn 0.14553793 0.20219076 -0.96847177
vn -0.31673267 -0.2887351 0.9035001
vn -0.32930094 -0.28982756 0.8986439
vn -0.32742736 -0.28969848 0.89936984
vn -0.31860074 -0.28894132 0.90277714
vn -0.01936715 -0.19224541 0.98115575
vn -0.06364549 -0.20253435 0.97720474
vn -0.056930996 -0.20109795 0.9779154
vn -0.02604704 -0.19391812 0.9806718
vn -0.4995232 -0.35398504 0.79067767
vn -0.47956583 -0.3523315 0.8036661
vn -0.48255733 -0.3525604 0.8017729
vn -0.49658516 -0.35371366 0.7926474
vn 0.48857072 0.34102976 -0.80311733
vn 0.49798766 0.3408547 -0.7973872
vn 0.49660942 0.34082803 -0.79825777
vn 0.4899742 0.34096152 -0.8022908
vn 0.44010544 0.33984253 -0.83115244
vn 0.45526212 0.34113336 -0.82241374
vn 0.45304808 0.34089565 -0.8237339
vn 0.44236517 0.3399778 -0.8298965
vn -0.60828125 -0.043190375 -0.7925456
vn -0.6404354 -0.05996806 -0.7656672
vn -0.6357416 -0.05735285 -0.7697683
vn -0.6132177 -0.045584686 -0.7885976
vn -0.014260378 0.43690497 0.8993946
vn 0.09221048 0.46107614 0.8825565
vn 0.45837358 0.7339623 0.50119156
vn -0.18412259 0.077455714 0.9798466
vn 0.6415987 0.7561871 0.1285772
vn 0.15068056 0.40542173 0.90162545
vn 0.54327834 0.6836237 0.48734716
vn -0.2151306 -0.16821678 0.9619885
vn -0.6287318 -0.2827645 0.72438985
vn 0.66588867 0.73432505 0.13175347
vn 0.99556524 0.04515608 0.082527615
vn -0.24473846 0.0799519 0.96628714
vn 0.60412776 0.61902505 0.50183433
vn 0.214173 0.39061487 0.8952932
vn -0.15356825 0.033202577 0.9875801
vn 0.6260987 -0.23582603 0.74322706
vn -0.77760386 -0.5921622 0.21136695
vn -0.57010883 -0.7649923 0.2996043
vn 0.862793 -0.07215242 0.50038207
vn -0.4642411 -0.38450658 0.79789406
vn 0.23231134 -0.6739828 0.7012693
vn 0.1108343 -0.9367395 0.33201644
vn 0.39544132 -0.46443635 0.79241717
vn 0.71019435 -0.69493586 0.11264214
vn 0.70821154 -0.7006382 0.086847566
vn 0.71441644 -0.6895714 0.1187449
vn 0.7633607 -0.6374334 0.104685955
vn 0.78163934 -0.6112877 0.12396504
vn 0.7593042 -0.6020162 0.24704957
vn 0.7411207 -0.62915826 0.23430748
vn 0.7073779 -0.70516956 0.048499946
vn 0.22854514 -0.9367388 -0.26511818
vn 0.6981453 -0.6822206 0.21718249
vn 0.4187286 -0.73701507 -0.5305423
vn 0.69655263 -0.69975495 0.15861091
vn 0.98814535 -0.07215505 -0.13550802
vn 0.68242824 -0.7176329 0.13890575
vn 0.74946636 0.6189642 -0.23491171
vn 0.8377744 -0.26394737 -0.47798106
vn 0.68241954 -0.7166631 0.14386581
vn 0.6665879 -0.4644361 -0.58306056
vn -0.126965 -0.38486058 -0.9142003
vn 0.2327003 0.033389512 -0.97197515
vn 0.15677293 0.073044285 -0.98492986
vn 0.49041238 0.40476185 -0.7717924
vn 0.5380519 0.3905631 -0.7469675
vn 0.46223992 0.46721897 -0.7536847
vn 0.6887393 0.6830357 -0.24310565
vn 0.9215001 0.009716221 0.38825658
vn 0.8848917 -0.01742804 0.46547067
vn 0.8975645 0.07361392 0.43469417
vn 0.8647986 0.06076208 0.49842876
vn 0.8986132 -0.1078487 0.42527986
vn 0.93080527 -0.06493151 0.35970196
vn 0.93127495 -0.12916234 0.34065226
vn 0.9175106 -0.1547518 0.36636886
vn 0.84744334 -0.13482434 0.51348037
vn 0.7951731 -0.078736514 0.60124886
vn 0.8217047 -0.03501089 0.5688371
vn 0.80689967 -0.12809291 0.5766326
vn 0.8359844 -0.09661062 0.54018176
vn 0.8054866 -0.088600226 0.5859535
vn 0.83445686 -0.06546357 0.5471711
vn 0.78353083 -0.07718719 0.61654
vn 0.8343815 -0.06319286 0.5475528
vn 0.7518052 -0.07196975 0.6554459
vn 0.8219668 -0.05536681 0.56683785
vn 0.81996745 -0.057845615 0.5694799
vn 0.7669088 -0.09094808 0.63527894
vn 0.7633603 -0.09243664 0.639325
vn 0.6651406 -0.053153265 0.74482393
vn 0.6657937 -0.053200275 0.7442369
vn 0.53233457 -0.04685771 0.8452362
vn 0.5211336 -0.046708625 0.85219604
vn 0.6537177 -0.114342794 0.74805
vn 0.652556 -0.11440805 0.7490538
vn 0.43678793 -0.053441804 0.8979757
vn 0.43075788 -0.05504558 0.90078723
vn 0.40488476 -0.07042383 0.91165173
vn 0.40528566 -0.07203493 0.9113477
vn 0.4133548 -0.09262604 0.9058466
vn 0.4146937 -0.09535795 0.9049508
vn 0.52986646 -0.12967597 0.8381084
vn 0.5313352 -0.12935004 0.83722836
vn 0.44658548 -0.12281117 0.8862725
vn 0.45089704 -0.12535445 0.8837297
vn -0.7850429 0.113458306 -0.6089621
vn -0.7687657 0.10370901 -0.63106555
vn -0.82712144 0.12572578 -0.5477801
vn -0.6644096 0.0851286 -0.7425046
vn -0.6632347 0.085110225 -0.7435564
vn -0.5359951 0.09275434 -0.8391101
vn -0.5277906 0.09435331 -0.84411764
vn -0.83230835 0.14145228 -0.5359609
vn -0.46903956 0.102151826 -0.8772496
vn -0.46711037 0.10196321 -0.87830025
vn -0.45527035 0.0857545 -0.88621396
vn -0.45508763 0.08234467 -0.88663095
vn -0.4542589 0.079996645 -0.88727075
vn -0.45426738 0.082845576 -0.887005
vn -0.48902345 0.093888864 -0.8672029
vn -0.49318162 0.09356046 -0.86488056
vn -0.55723774 0.072056405 -0.8272206
vn -0.55859053 0.071168885 -0.8263847
vn -0.654354 0.05687524 -0.75404644
vn -0.6539681 0.056852758 -0.7543829
vn -0.7535332 0.043925956 -0.65594065
vn -0.7549868 0.043251887 -0.654312
vn -0.8019088 0.02587541 -0.5968859
vn -0.803405 0.025788557 -0.59487426
vn -0.8223403 0.049649134 -0.5668256
vn -0.82284665 0.051428806 -0.56593156
vn -0.83535963 0.038168915 -0.5483771
vn -0.83224577 0.041070953 -0.5528835
vn -0.84101546 0.05368561 -0.53834075
vn -0.8443374 0.10256921 -0.525903
vn -0.83326167 0.17489606 -0.5244867
vn -0.83546454 0.12377323 -0.53542435
vn -0.81945914 0.1668435 -0.5483155
vn -0.8299005 0.059435632 -0.5547364
vn -0.8060566 0.0016719063 -0.59183615
vn -0.8090843 0.13817269 -0.57121885
vn -0.80414665 0.027299866 -0.5938037
vn -0.8021716 0.08828782 -0.5905303
vn -0.4764473 0.009714447 0.8791493
vn -0.42874235 0.07359575 0.9004241
vn -0.3995997 -0.017432747 0.91652393
vn -0.36331803 0.06074744 0.9296826
vn -0.4354415 -0.10784813 0.89373356
vn -0.50156087 -0.06492364 0.86268276
vn -0.5138416 -0.12917691 0.8481039
vn -0.4870552 -0.1547705 0.85954833
vn -0.3403735 -0.13481894 0.9305749
vn -0.24470021 -0.07873458 0.96639675
vn -0.2856693 -0.035014432 0.9576884
vn -0.2692451 -0.12809317 0.9545152
vn -0.3147269 -0.09661498 0.9442524
vn -0.2623052 -0.088600926 0.96090883
vn -0.30916414 -0.065462336 0.94875294
vn -0.22604817 -0.07718547 0.9710534
vn -0.30886662 -0.0631921 0.9490038
vn -0.17696147 -0.07196752 0.98158306
vn -0.28712323 -0.055369798 0.95629203
vn -0.28391144 -0.057848416 0.9571039
vn -0.20136285 -0.09094835 0.9752853
vn -0.19606364 -0.09243677 0.9762246
vn -0.053447936 -0.05314649 0.9971553
vn -0.05432683 -0.053193614 0.9971053
vn 0.11297931 -0.046853133 0.99249214
vn 0.12607299 -0.04670471 0.9909209
vn -0.04251489 -0.114341855 0.99253124
vn -0.04097854 -0.1144072 0.9925884
vn 0.22052243 -0.05344216 0.97391665
vn 0.22698534 -0.055046022 0.9723413
vn 0.25397187 -0.07042384 0.9646444
vn 0.25346965 -0.07203481 0.96465755
vn 0.24373578 -0.09262555 0.9654084
vn 0.24213041 -0.09535773 0.96554637
vn 0.11045087 -0.12967719 0.9853855
vn 0.10875537 -0.12935145 0.98561674
vn 0.20556119 -0.1228131 0.9709075
vn 0.20060654 -0.12535651 0.9716186
vn 0.23197289 0.11346485 -0.96608204
vn 0.3030587 0.12573124 -0.94464123
vn 0.20544884 0.10371356 -0.9731568
vn 0.054326728 0.085129656 -0.99488777
vn 0.052752454 0.08511129 -0.994974
vn -0.10629314 0.092755765 -0.9899991
vn -0.11582684 0.09435475 -0.9887777
vn 0.3145005 0.14145246 -0.9386589
vn -0.18239376 0.10215387 -0.97790444
vn -0.18455681 0.10196534 -0.97751826
vn -0.19874513 0.08575565 -0.9762922
vn -0.19914809 0.08234538 -0.97650355
vn -0.20019345 0.07999548 -0.97648513
vn -0.20002069 0.082844555 -0.97628295
vn -0.1605141 0.09388726 -0.9825581
vn -0.15581685 0.0935588 -0.98334527
vn -0.0822804 0.072055586 -0.994001
vn -0.08070211 0.07116813 -0.9941943
vn 0.03926218 0.056876156 -0.9976089
vn 0.038752597 0.056853764 -0.9976301
vn 0.17800069 0.043926787 -0.9830495
vn 0.1801547 0.04325219 -0.9826868
vn 0.25267628 0.02587544 -0.9672048
vn 0.25510243 0.02578864 -0.96657
vn 0.28742445 0.049643397 -0.9565159
vn 0.28837872 0.05142227 -0.9561346
vn 0.30911255 0.03817647 -0.9502589
vn 0.30386695 0.041074086 -0.95182866
vn 0.31979957 0.0536964 -0.9459625
vn 0.33017424 0.1025694 -0.9383307
vn 0.32242057 0.17488883 -0.9303004
vn 0.3172974 0.12377224 -0.9402142
vn 0.29674205 0.16683866 -0.94027066
vn 0.3008764 0.059438936 -0.95180905
vn 0.25906003 0.0016811586 -0.9658598
vn 0.2743267 0.13817275 -0.95165807
vn 0.2563581 0.02728928 -0.96619654
vn 0.2568597 0.08828169 -0.9624081
vn 0.0041042874 -0.99997675 0.0054587666
vn 0.10912834 -0.98912174 0.09863707
vn 0.09417083 -0.99034697 0.10170942
vn 0.08217265 -0.99060667 0.10929822
vn 0.13364711 -0.9861529 0.09818851
vn 0.071548164 -0.99034697 0.1187173
vn 0.04200165 -0.9974821 0.057143614
vn 0.06444148 -0.9891215 0.1322344
vn -0.17444718 -0.9811756 0.082841024
vn 0.057200026 -0.98615265 0.1556633
vn -0.12970483 -0.9786043 0.15971947
vn 0.043227233 -0.9974819 0.056225646
vn -0.11842336 -0.9906979 0.067034215
vn 0.12803854 -0.98117536 -0.14457172
vn -0.01595458 -0.9996475 -0.021221513
vn 0.1894624 -0.9786043 -0.08023485
vn 0.09729012 -0.9906978 -0.09514407
vn -0.9907849 -0.10738642 -0.08254398
vn -0.8857242 0.45766127 -0.07770938
vn 0.057104733 0.46638274 0.88273793
vn 0.034213185 -0.019802146 0.99921834
vn 0.68187857 0.1859429 -0.70743674
vn 0.54067147 0.642368 -0.5431737
vn 0.3706821 0.81315106 0.44875392
vn -0.49126083 0.79138947 -0.36382082
vn 0.541571 0.81314975 0.2132802
vn 0.9558265 -0.2891445 -0.052831434
vn 0.0936663 0.625068 0.77493006
vn 0.3382466 0.73747605 -0.5845667
vn 0.98487246 -0.0669255 -0.15983509
vn 0.92972165 -0.3678445 0.017552871
vn 0.7024159 0.69619 0.14809269
vn 0.30457434 0.95214057 0.025743423
vn 0.9548127 -0.22903532 0.18940878
vn 0.9709091 0.12185955 -0.20612064
vn 0.66501737 0.74635583 0.026548132
vn 0.73826337 0.42021814 -0.52762103
vn 0.8403545 -0.1876845 0.5085065
vn 0.97901285 0.07337436 0.19013168
vn 0.3529951 0.9061108 -0.23314741
vn 0.90184075 0.42985073 -0.043722603
vn 0.5729108 0.092584506 0.81437176
vn 0.8474376 0.09984147 0.5214221
vn 0.055563856 0.9736999 -0.22095512
vn 0.6707352 0.6062704 0.4272592
vn -0.17250201 0.466931 0.8673053
vn 0.48668483 0.21035929 0.84787196
vn -0.1833454 0.90896314 -0.37439343
vn -0.07775001 0.91470456 0.39657345
vn -0.8329696 0.111622885 0.5419427
vn -0.18813303 0.28033677 0.94128495
vn -0.6168648 0.75394666 -0.22592516
vn -0.25765005 0.718507 0.6460373
vn -0.97258365 -0.18103501 0.14597055
vn -0.76472193 0.21617012 0.60701805
vn -0.7094845 0.690826 -0.13925193
vn -0.35203412 0.9317578 -0.0888789
vn -0.9532246 -0.23049045 -0.19554277
vn -0.97999305 0.11132274 0.16498801
vn -0.5835138 0.8118461 -0.020436944
vn -0.16461302 0.98443776 -0.061521195
vn -0.8480008 -0.0689742 -0.5254875
vn -0.9749858 0.079803854 -0.2074468
vn -0.8138887 0.580416 -0.026501207
vn -0.81594557 0.12690112 -0.56402934
vn -0.45530877 0.8794358 0.13887654
vn -0.86672246 -0.36372808 -0.34131226
vn -0.3954755 0.6130484 0.68393767
vn -0.863509 -0.2964739 -0.40798962
vn 0.12559913 0.45799384 -0.8800378
vn -0.09420669 -0.080127075 -0.9923229
vn -0.0865953 0.009183987 -0.9962012
vn 0.16012935 0.0030003788 -0.9870914
vn 0.36956835 0.8874222 0.27550143
vn -0.38999814 -0.08492341 -0.91689116
vn -0.45145726 0.13065837 -0.88267475
vn -0.80536085 -0.27521884 -0.5250224
vn -0.44636187 0.13232449 -0.88501483
vn -0.82482064 0.19598041 -0.530342
vn -0.42280492 -0.19094086 -0.8858768
vn -0.42864063 -0.089220494 -0.8990589
vn -0.82964396 0.19639945 -0.5226071
vn -0.97151303 0.23550011 -0.026498478
vn -0.015197362 -0.12016227 -0.992638
vn -0.027693976 -0.06568911 -0.9974558
vn -0.9704522 0.2400501 -0.024464568
vn -0.8483488 0.24900009 0.46722922
vn 0.44232735 0.03015705 -0.89634657
vn 0.4879345 0.3445739 -0.8019905
vn 0.43953815 0.04674215 -0.89700687
vn 0.7899831 0.2096753 -0.5761622
vn 0.7931841 0.20122644 -0.57477546
vn 0.92080134 0.3769112 -0.10031358
vn 0.9225038 0.3772648 -0.0815956
vn -0.8464727 0.25714752 0.466218
vn -0.4685709 0.26039734 0.84417695
vn 0.8411894 0.2736538 -0.46638393
vn 0.75770307 0.51046354 0.40658706
vn 0.7323708 0.5383349 0.41692743
vn -0.48600414 0.2514314 0.83700794
vn -0.4894167 0.26826468 0.8297623
vn 0.030122561 0.31143168 0.9497911
vn 0.010731527 0.24547254 0.96934414
vn 0.38970378 0.34621724 0.85338414
vn -0.8385556 0.28899238 0.46185288
vn 0.9652665 0.2612101 0.0054596136
vn 0.38738132 0.53663105 0.7496417
vn 0.37186825 0.5575318 0.7422077
vn -0.15199792 0.3615573 0.9198765
vn 0.050898883 0.38577142 0.9211893
vn 0.8229344 0.27920726 0.4947953
vn 0.450453 0.29025584 0.8443007
vn 0.82261604 -0.10125076 0.55950975
vn 0.9969856 0.002143481 0.077556185
vn -0.06772343 0.68201584 0.72819495
vn -0.06869943 0.2361262 0.9692909
vn 0.802396 0.052994806 0.5944344
vn 0.34159076 0.3013028 0.8902429
vn 0.8961252 0.18310547 -0.40426716
vn 0.41346422 0.22879289 0.8813065
vn 0.990498 -0.12185047 0.06376578
vn 0.9085393 0.06516384 -0.41268632
vn 0.8021733 -0.2569475 0.5389767
vn 0.5840723 0.2710572 -0.76510626
vn 0.43866116 -0.13478881 0.8884865
vn 0.40009734 -0.30599537 0.8638802
vn -0.18303488 -0.09365693 0.97863513
vn -0.2407127 -0.22641587 0.9438184
vn -0.7611062 -0.04846562 0.6468141
vn 0.5502112 0.41563252 -0.72423565
vn 0.10070392 0.61854625 -0.77926844
vn 0.10268166 0.4357729 -0.89418036
vn -0.37852454 0.49241453 -0.7837391
vn -0.15041208 0.22877811 0.9617883
vn -0.7031162 0.07049334 0.7075722
vn -0.72568136 -0.012259546 0.6879217
vn -0.88213015 0.010802372 0.4708817
vn -0.89492023 0.02829959 0.44532782
vn -0.9677645 0.065499835 0.24319069
vn -0.9673863 0.14415155 0.20828877
vn -0.30492195 0.69709194 -0.64891094
vn -0.84096676 0.3955662 -0.36919132
vn -0.7901964 0.5066266 -0.34484667
vn -0.8626503 -0.012228307 0.505653
vn -0.71637326 0.048790757 0.69600916
vn -0.4314184 0.39963335 -0.8088086
vn -0.9528913 -0.0623196 0.2968407
vn -0.8592972 -0.0097246505 0.5113842
vn -0.4936912 0.7550266 -0.43151343
vn 0.02436947 0.45669872 -0.8892876
vn -0.9613092 0.0056226593 -0.2754144
vn -0.9474969 -0.14253883 0.28623798
vn -0.6847979 0.7015975 0.19700973
vn -0.6553843 0.7122289 0.25139868
vn 0.0004321392 0.9996275 -0.027289217
vn -0.68400484 0.69611704 0.21807894
vn -0.13298762 0.956611 -0.2592482
vn 0.58679765 0.6655327 -0.4612318
vn 0.63765836 0.65349513 -0.40784302
vn 0.6309483 0.68936336 -0.35592464
vn 0.96664155 -0.12732786 -0.22224252
vn 0.7533696 -0.10241968 -0.6495725
vn 0.75093627 -0.033224896 -0.65953827
vn 0.8703229 -0.07793861 -0.48627532
vn 0.8724209 -0.06639848 -0.48422408
vn 0.9686705 -0.067287214 -0.23906046
vn 0.90337974 0.014867781 0.42858383
vn 0.45847812 0.1300511 0.8791385
vn 0.9230451 0.03868225 0.3827421
vn 0.9669297 -0.022882372 -0.25401455
vn 0.8747912 -0.026300993 -0.48378578
vn -0.002039236 0.21256788 0.9771442
vn -0.0061082323 0.17643966 0.98429245
vn 0.48440555 0.12006894 0.86656487
vn 0.967524 -0.003784105 -0.25275117
vn 0.9238086 0.04324167 0.38040483
vn 0.8756246 -0.01287136 -0.48282078
vn 0.49077776 0.09016479 0.8666069
vn -0.00908383 0.11835013 0.9929304
vn 0.73206896 0.0005856959 -0.6812304
vn -0.51016253 0.1293645 0.8502935
vn -0.5020339 0.20830302 0.8393878
vn -0.8548487 0.21807191 0.47082734
vn -0.8685293 0.12971811 0.4783619
vn -0.9777609 0.20830344 -0.02435694
vn -0.99132276 0.12936577 -0.023315815
vn 0.7354671 0.0008907889 -0.6775599
vn 0.19683126 0.07127186 -0.97784346
vn 0.17760989 0.046692636 -0.9829927
vn -0.4700994 0.09016612 -0.8779959
vn -0.9628818 0.26826456 -0.029876979
vn -0.8351532 0.17643948 -0.5209493
vn -0.84404474 0.11835125 -0.5230502
vn -0.45738986 0.13100354 -0.87956387
vn -0.82350355 0.2158529 -0.5246423
vn -0.4344067 0.1527978 -0.8876619
vn 0.24072693 0.062728524 -0.9685637
vn -0.7491976 0.046896543 -0.66068435
vn -0.4767853 -0.118559554 -0.8709876
vn -0.3828682 -0.119169384 -0.91608435
vn -0.22872736 -0.17807671 -0.9570645
vn -0.39724615 -0.1049873 -0.911687
vn -0.06337405 -0.16322759 -0.9845509
vn -0.26301122 0.18686642 -0.9465232
vn -0.20053668 -0.26354647 -0.9435721
vn -0.05416838 -0.1626374 -0.98519784
vn 0.42358148 -0.21173392 -0.88076526
vn 0.42995954 -0.22231753 -0.8750484
vn 0.41984978 -0.25432947 -0.8712306
vn 0.8507173 -0.23822655 -0.4685382
vn 0.8476386 -0.2520857 -0.4668636
vn 0.9708118 -0.21166043 0.11280157
vn 0.9693839 -0.22228578 0.104326576
vn 0.7863685 -0.15546599 0.59787536
vn 0.8384301 -0.28946435 -0.46178505
vn 0.793785 -0.16306509 0.58593094
vn 0.45771185 -0.09210894 0.8843165
vn 0.9607455 -0.254329 0.11083743
vn 0.45292708 -0.10063619 0.88584954
vn 0.21835041 -0.081030115 0.97250044
vn -0.10429036 0.032190558 0.9940258
vn 0.24392849 -0.07277631 0.9670588
vn 0.15671808 0.3500063 0.9235449
vn 0.41483957 0.022159684 0.9096247
vn 0.7874294 -0.18508881 0.5879602
vn 0.44192523 -0.12541662 0.8882414
vn 0.7976153 -0.15196106 0.5837103
vn 0.97477174 -0.19752489 0.103941984
vn 0.740298 0.30561963 0.59879506
vn 0.410921 0.12636504 0.90287083
vn 0.85501224 -0.21723574 -0.47091687
vn 0.4082775 0.22091557 0.8857233
vn 0.09536401 0.112827174 0.9890276
vn 0.08002631 0.161534 0.98361707
vn -0.37048462 -0.0034453312 0.92883223
vn -0.3778528 0.009993159 0.92581177
vn -0.42813015 -0.2776641 0.8600042
vn -0.7971686 -0.1910678 0.572726
vn -0.7912449 -0.2046689 0.5762308
vn -0.93733716 -0.34821227 0.012133186
vn -0.9271776 -0.37350288 0.028932648
vn -0.7640129 -0.40733588 -0.5003616
vn -0.84659207 -0.27245837 0.45721796
vn -0.7608678 -0.4444632 -0.47279254
vn -0.4650228 -0.34953564 -0.8133748
vn -0.9596768 -0.2666549 -0.08896929
vn -0.43833637 -0.4227522 -0.7931846
vn -0.78485996 -0.2697659 -0.5578721
vn 0.08059363 -0.25979027 -0.96229607
vn -0.45341963 -0.26885667 -0.8497804
vn -0.78055453 0.12193708 -0.61307913
vn -0.98798823 0.01521493 -0.15377837
vn -0.89799166 -0.17891015 0.40199763
vn -0.97952056 0.15046477 -0.13378996
vn -0.9077939 -0.06509151 0.4143348
vn -0.7567498 0.28519222 -0.5882135
vn -0.5191494 -0.2872125 0.80498
vn -0.44100356 0.15757507 -0.8835644
vn 0.12435206 0.12349359 -0.9845232
vn -0.4016324 0.33119175 -0.85381705
vn 0.1808637 0.2634718 -0.9475605
vn 0.7369198 0.0709241 -0.67224914
vn -0.48934862 -0.38502046 0.78249425
vn -0.018559571 -0.5199683 0.85398394
vn -0.030134482 -0.42814872 0.9032057
vn 0.38090155 -0.46930343 0.7966607
vn 0.102219634 -0.21847804 -0.9704734
vn 0.6785607 -0.07020499 -0.7311817
vn 0.69663966 0.031109232 -0.7167464
vn 0.88181645 -0.010719295 -0.47147092
vn 0.89480597 -0.027968336 -0.4455785
vn 0.97415406 -0.082846425 -0.21014386
vn 0.97197413 -0.15854649 -0.17357823
vn 0.35527712 -0.54795706 0.7573119
vn 0.81564623 -0.39523256 0.42250738
vn 0.81200886 -0.39293623 0.4315584
vn 0.8627593 0.012239074 -0.50546676
vn 0.69755405 -0.041394316 -0.71533555
vn 0.4462153 -0.18984029 0.8745585
vn 0.9649823 0.063286975 -0.25456634
vn 0.8559496 0.038881768 -0.5155954
vn -0.24396735 0.69938236 -0.67182165
vn 0.062261853 -0.26962695 0.96094984
vn 0.91644734 0.024093818 0.39942938
vn 0.9572438 0.17751785 -0.22841135
vn 0.8702697 0.44624308 -0.20856135
vn 0.582489 0.668458 -0.4624614
vn 0.6384826 0.19606632 -0.7442432
vn -0.14558503 0.96192074 -0.23132955
vn -0.9257989 0.37460768 0.050650783
vn -0.66592836 0.7027448 0.25037825
vn -0.033244304 0.99899477 -0.030071026
vn 0.09924853 0.93442386 0.34205508
vn -0.69234395 0.35174793 0.63002634
vn -0.98023957 0.12761119 0.15114816
vn -0.735507 0.12771691 0.6653705
vn -0.73236954 0.033211604 0.68009704
vn -0.8697538 0.10574263 0.48202366
vn -0.8726882 0.066866204 0.4836777
vn -0.9799125 0.06958458 0.18689449
vn -0.18698461 -0.052620597 0.98095244
vn -0.13595757 -0.06161609 0.9887967
vn -0.8633034 -0.0031413664 -0.5046754
vn -0.44873175 -0.10377986 -0.88762015
vn -0.89338917 -0.027486082 -0.44844204
vn -0.97691435 0.025002783 0.21216303
vn -0.8749011 0.026550455 0.48357317
vn 0.46343437 -0.107793614 0.8795506
vn -0.070550956 -0.18202972 -0.9807587
vn -0.06699856 -0.15196197 -0.9861129
vn -0.4794849 -0.09714104 -0.87215704
vn -0.71054107 -0.0006132725 0.7036555
vn -0.7056504 -8.701097E-05 0.70856017
vn -0.87568426 0.012973969 0.48270983
vn -0.115079604 -0.039106064 0.9925862
vn 0.47517303 -0.073332615 0.8768312
vn -0.9769166 0.0046832827 0.21356995
vn -0.89696866 -0.035217773 -0.44068915
vn 0.8053929 -0.10098408 0.5840756
vn -0.4870832 -0.07333294 -0.8702713
vn 0.987412 -0.12184133 0.100857764
vn 0.8685626 -0.1294317 -0.47837904
vn -0.063152246 -0.100983396 -0.9928818
vn 0.4425363 -0.121840805 -0.8884348
vn 0.43317378 -0.19752571 -0.87939984
vn -0.009428467 -0.19372691 0.98101014
vn -0.3045458 -0.029636646 0.9520365
vn -0.30446547 -0.02955844 0.95206463
vn -0.5490623 0.16372406 0.81958836
vn -0.0080673555 -0.19436097 0.98089695
vn -0.5504352 0.16468875 0.81847346
vn 0.29981107 -0.3085033 0.90273976
vn -0.71274835 0.36159667 0.6010305
vn 0.29814065 -0.30803552 0.9034524
vn -0.71394837 0.36292344 0.5988023
vn 0.5813978 -0.35922122 0.73002523
vn -0.77659374 0.5396671 0.3250561
vn 0.58025295 -0.3590665 0.73101145
vn -0.7769093 0.54064244 0.32267278
vn 0.8044215 -0.34191746 0.48579666
vn -0.7349504 0.67763954 0.025542527
vn 0.8043041 -0.34179357 0.4860782
vn -0.7347527 0.67790353 0.024191352
vn 0.9450096 -0.2596461 0.19884886
vn -0.59353215 0.76051676 -0.2633132
vn 0.94560343 -0.25872186 0.19722337
vn -0.5941162 0.7602699 -0.2627083
vn 0.98763275 -0.12145997 -0.09914083
vn -0.36889002 0.77859396 -0.50765294
vn 0.9875964 -0.119605295 -0.10172579
vn -0.37055746 0.7786402 -0.506366
vn 0.9254421 0.0577973 -0.37445465
vn -0.08641253 0.7290973 -0.67893296
vn 0.9245449 0.05973793 -0.37636182
vn -0.08807953 0.7295154 -0.6782694
vn 0.7627143 0.25740483 -0.593304
vn 0.22183278 0.6161772 -0.7557221
vn 0.76154286 0.25885126 -0.5941788
vn 0.22084425 0.61654407 -0.7557124
vn 0.51744235 0.4522022 -0.7264754
vn 0.51710176 0.45261905 -0.72645843
vn -0.3318212 -0.07436019 0.940407
vn 0.3189622 0.38225794 0.8672613
vn -0.033485793 -0.24377179 0.9692544
vn 0.2778674 -0.36191335 0.88983613
vn 0.52869904 0.27748436 0.8021719
vn 0.5633456 -0.4153323 0.7142415
vn 0.6638608 0.18577743 0.72441405
vn 0.79024756 -0.39863932 0.4653982
vn -0.2468807 0.8881409 0.3876283
vn 0.78931344 0.21328431 0.5757551
vn 0.9332723 -0.31467497 0.1731541
vn 0.88057727 0.24246238 0.40718034
vn 0.97639436 -0.17277022 -0.12963219
vn -0.18049985 0.9813851 0.06559752
vn 0.8856361 0.3689765 0.28196645
vn 0.9129786 0.010923425 -0.40786126
vn -0.28163514 0.93340784 0.22233197
vn -0.06532509 0.9940063 -0.08765999
vn 0.8493648 0.5181839 0.10032408
vn 0.74809825 0.21498403 -0.62779856
vn 0.10969078 0.9863549 -0.122767664
vn 0.75571185 0.6378696 -0.14839755
vn 0.50046 0.41414854 -0.7602768
vn 0.34023649 0.92567426 -0.16542743
vn 0.5852887 0.77550346 -0.2367098
vn 0.20168613 0.58253455 -0.7873857
vn -0.10919741 0.69903773 -0.70669806
vn -0.39322814 0.75068605 -0.530888
vn -0.6180558 0.73319846 -0.28359666
vn -0.7600071 0.64988226 0.00649297
vn -0.8034805 0.5098652 0.30733785
vn -0.7415194 0.3278837 0.58535576
vn -0.19187203 0.7822824 0.5926378
vn -0.5782142 0.12477798 0.80628705
vn -0.13841994 0.5844905 0.7995066
vn 0.033057284 0.45136464 0.8917271
vn 0.11407954 -0.7402582 -0.6625736
vn -0.14783522 -0.6727512 0.72494876
vn 0.18241858 -0.7424612 -0.64457333
vn 0.24140456 -0.73765457 -0.630547
vn -0.19093286 -0.675293 0.7124072
vn -0.21300842 -0.6678437 0.71317047
vn 0.025577378 -0.7383158 -0.6739699
vn 0.09270683 -0.83154494 -0.5476663
vn -0.26329675 -0.65553313 0.707779
vn 0.3001823 -0.8544044 -0.42412713
vn -0.49664685 -0.5704184 0.6541901
vn -0.6061221 0.12109761 0.78609884
vn 0.42605767 -0.8855122 -0.1853192
vn -0.7592467 -0.56273216 0.3269204
vn 0.4237725 -0.9018579 0.08407814
vn -0.35967606 0.08049993 0.9295982
vn -0.30793265 0.07429962 0.9485025
vn -0.8189866 -0.55043364 -0.16212267
vn 0.3246648 -0.88467056 0.33459058
vn -0.35725152 0.11206113 0.92726135
vn -0.5775614 -0.56295806 -0.59118617
vn 0.117927015 -0.85377115 0.50711745
vn -0.2108237 -0.5696534 -0.79438555
vn -0.12203794 -0.83183724 0.54143655
vn 0.055009704 -0.6426614 -0.7641729
vn -0.23173906 -0.73912305 0.632451
vn -0.26499778 0.071481526 0.96159583
vn -0.29897648 0.12100411 0.94655746
vn -0.19866876 0.07114786 0.97748077
vn -0.09519095 -0.66889167 0.7372399
vn -0.028440129 -0.66117465 0.7496928
vn 0.12311785 -0.8241629 -0.55280876
vn -0.10971504 0.07400551 0.9912042
vn -0.20193961 0.13806762 0.9696173
vn 0.20918088 -0.5784281 0.788457
vn -0.11893395 -0.8489274 -0.5149535
vn -0.26116762 0.13204904 0.9562189
vn -0.027275639 0.0809204 0.99634725
vn 0.57544446 -0.5711745 0.5853405
vn -0.33210406 -0.8799347 -0.33973792
vn 0.26208884 0.122082345 0.95729065
vn -0.029479852 0.12868318 0.9912476
vn 0.8129568 -0.56002295 0.15961066
vn -0.43757772 -0.8950789 -0.085786834
vn -0.11779789 0.13537864 0.9837663
vn 0.70423776 0.17314267 0.6885281
vn 0.75409865 -0.57126784 -0.32401887
vn -0.43735075 -0.8791644 0.18919364
vn 0.9626734 0.1924371 0.19033635
vn 0.4927016 -0.57752854 -0.650927
vn 0.6062957 0.12138947 -0.7859199
vn -0.30667356 -0.8483644 0.43154275
vn 0.23482528 -0.649877 -0.72285336
vn -0.096905336 -0.8239199 0.5583596
vn -0.006413624 -0.6617726 -0.7496772
vn -0.16583197 -0.7182945 0.6756869
vn -0.14510609 -0.7406059 0.6560847
vn 0.91328096 0.17274834 -0.3688847
vn 0.89160305 0.2602899 -0.370531
vn 0.9351249 0.3027833 0.18402083
vn 0.31922802 0.07461484 -0.94473594
vn 0.10960733 -0.6801389 -0.724843
vn 0.11991792 -0.67186826 -0.7308986
vn 0.13909253 0.05476961 -0.9887637
vn 0.17519432 0.24949045 -0.95239776
vn 0.31915426 0.12357877 -0.9396111
vn 0.13341868 0.05970713 -0.9892595
vn 0.39414147 0.13405451 -0.90922046
vn 0.59495276 0.1719684 -0.7851485
vn 0.5506026 0.39483157 -0.7354896
vn 0.05785789 0.07443632 -0.99554586
vn -0.2630432 0.12039163 -0.957243
vn 0.134462 0.1407924 -0.9808657
vn 0.2456877 0.40467876 -0.88083625
vn 0.056896806 0.10870106 -0.99244493
vn -0.7036404 0.17152238 -0.6895435
vn 0.13283624 0.1258132 -0.9831203
vn -0.13430096 0.44962102 -0.88306516
vn 0.11494992 0.46714452 -0.876677
vn 0.06406454 0.8984872 -0.43430007
vn 0.18643357 0.46476656 -0.86558336
vn -0.96306443 0.1915237 -0.18927635
vn -0.9122547 0.17195375 0.37178376
vn -0.89541626 0.24475715 0.3719189
vn -0.94045514 0.28469795 -0.18571793
vn -0.5982121 0.15883781 0.7854379
vn -0.5604682 0.3659383 0.7429433
vn -0.6869637 0.24183159 -0.6852726
vn -0.25482696 0.15432113 -0.9545932
vn 0.12993252 0.3901097 -0.91155475
vn -0.23495075 0.3778505 -0.8955598
vn 0.006528847 0.9683865 -0.24936935
vn -0.11319797 0.9935454 -0.0073400713
vn -0.6558014 0.36487553 -0.6609011
vn -0.9184595 0.3505083 -0.18323813
vn -0.09471376 0.9442666 -0.31526163
vn -0.86211365 0.35517743 0.36139867
vn -0.30241916 0.915323 -0.26594445
vn -0.44491568 0.89163554 -0.083881855
vn 0.5866742 0.50297236 0.6346907
vn 0.19065444 0.5303597 0.82605666
vn 0.8483999 0.50182164 0.16850139
vn -0.19877781 0.48446795 0.8519262
vn 0.782812 0.5058146 -0.36243188
vn -0.38095486 0.24365234 0.891912
vn -0.39051867 0.9098592 0.140183
vn 0.48591837 0.53312814 -0.69257325
vn -0.2212287 0.9363364 0.27263904
vn 0.22729649 0.5134455 -0.82747203
vn -0.4610277 0.64334583 0.61119515
vn -0.42559412 0.34406778 0.83695096
vn -0.44874853 0.82861245 0.33470312
vn -0.2322548 0.028992845 0.97222275
vn -0.38115945 0.88912404 0.25332972
vn -0.057422288 0.9921428 -0.111154586
vn -0.24502452 0.793297 0.55735344
vn -0.28509632 0.38665333 0.8770515
vn 0.2539652 0.9671978 -0.0054944456
vn 0.0371953 0.99398404 -0.103016436
vn -0.05847824 0.97206503 0.22731006
vn 0.0913471 0.41170567 -0.90672714
vn -0.0871597 0.7511207 -0.654386
vn 0.17095065 0.13577388 -0.9758798
vn -0.2340552 0.40821877 0.8823693
vn 0.30163863 0.7453913 -0.59447944
vn 0.32591558 0.94425356 0.046521556
vn 0.46403834 0.8588539 0.21688336
vn 0.08529159 0.041908264 0.9954743
vn 0.052711308 0.97357213 -0.22221377
vn -0.19237632 0.52263254 0.83057004
vn 0.19977722 0.94861126 -0.24540931
vn -0.49459165 0.51131505 0.7028059
vn 0.8500594 0.38366476 -0.360833
vn 0.3661977 0.9219729 -0.12595694
vn -0.793688 0.48393095 0.3686058
vn 0.42814782 0.8993971 0.08817219
vn -0.86082494 0.4802048 -0.16847537
vn 0.91214925 0.36934268 0.17767851
vn 0.29665697 0.9167892 0.26738033
vn -0.594518 0.4867394 -0.64002585
vn 0.65353733 0.3742997 0.65786666
vn 0.09518113 0.94229573 0.32096598
vn -0.18729077 0.51460373 -0.8367229
vn 0.68482 0.26316032 0.67953527
vn 0.23151274 0.384192 0.89375514
vn -0.0257331 0.97718084 0.21084426
vn 0.11026624 0.4914561 -0.8638937
vn 0.25294137 0.1764469 0.95125556
vn -0.07099497 0.40339762 0.9122665
vn 0.4484849 0.804327 -0.38976833
vn 0.32724246 0.3959369 -0.8579898
vn 0.5143237 0.51226944 -0.6877872
vn 0.26163858 0.12518838 -0.9570126
vn 0.3685219 0.816141 -0.44509053
vn -0.02973614 0.9958117 0.08645678
vn 0.3661058 0.9277579 -0.07233118
vn -0.09171619 0.6702339 0.73646086
vn 0.30398348 0.9489222 0.08450279
vn 0.12024039 0.7832415 0.60997957
vn -0.118911505 0.42546624 0.897128
vn -0.15069433 0.40590075 0.90140766
vn -0.24364795 0.3970154 0.88488096
vn -0.2550448 0.8723436 0.4170957
vn 0.05328038 0.9925666 0.10941995
vn -0.15961403 0.6969497 0.6991312
vn -0.22612876 0.8141891 -0.53475416
vn -0.27268797 0.84368634 0.4624226
vn -0.30450538 0.94473976 -0.12142179
vn -0.498371 0.7955867 -0.34448254
vn -0.34481874 0.9142579 -0.21267948
vn -0.10128236 0.4461784 -0.8891944
vn -0.36421484 0.7864605 -0.49882603
vn -0.106721476 0.3843057 -0.91701674
vn -0.4034483 0.79070187 -0.46045643
vn -0.50458324 0.8632667 -0.012895121
vn -0.10430497 0.37790367 -0.91995066
vn 0.15417032 -0.10060253 -0.9829093
vn 0.15873587 -0.091137774 -0.9831057
vn 0.35664886 -0.47388425 -0.8051306
vn -0.09113465 0.38073993 -0.92018014
vn -0.33120015 0.7932834 -0.51088923
vn 0.14852916 -0.05541177 -0.98735434
vn -0.4422902 0.8926541 -0.086879626
vn 0.36435384 -0.45120233 -0.81465507
vn -0.5264888 0.7861763 0.32363006
vn -0.5390359 0.7659055 0.3504698
vn -0.49783513 0.79722655 0.34145302
vn -0.4036856 0.32414907 0.85554975
vn -0.41433114 0.40212196 0.8164727
vn 0.36622772 -0.558116 -0.74456954
vn 0.44695464 -0.8564881 -0.25818548
vn 0.47016886 -0.8041161 -0.36378366
vn 0.44702747 -0.8827757 -0.14447631
vn 0.39086524 -0.9175736 0.072685175
vn 0.42521906 -0.90509033 0.00046759105
vn 0.3562466 -0.87965506 0.3151117
vn 0.3170892 -0.8565623 0.40713057
vn 0.3190147 -0.82308507 0.46985164
vn 0.032306332 -0.45096475 0.89195687
vn 0.038820863 -0.4913805 0.8700794
vn 0.053963125 -0.55317706 0.83131415
vn -0.21147746 -0.05957563 0.97556555
vn -0.23037022 -0.1003238 0.96791774
vn -0.21213038 -0.11022372 0.97100544
vn -0.445781 0.37819463 0.8113249
vn 0.6918661 0.6720206 -0.26402572
vn 0.6849066 0.7273055 0.04392813
vn 0.68356824 0.6629436 -0.3053526
vn 0.46753818 0.29988968 -0.83154935
vn 0.6496217 0.74944067 0.12778988
vn 0.6904807 0.6786292 -0.25039735
vn 0.54415286 0.6845662 0.48504305
vn 0.55423355 0.31292608 -0.7712992
vn 0.5399986 0.6719539 0.5068328
vn 0.54479337 0.6788653 0.49228254
vn 0.19761772 0.33951658 0.91960627
vn 0.16280515 0.33813575 0.9269082
vn 0.19927816 0.32783952 0.9234769
vn -0.16895418 -0.0844895 0.98199594
vn -0.18056706 -0.095364004 0.9789286
vn -0.19978826 -0.077834435 0.9767428
vn -0.45396513 -0.43509275 0.7775667
vn -0.4661238 -0.40340704 0.7873953
vn 0.5343612 0.32688037 -0.7794917
vn 0.20427051 -0.09562086 -0.97423315
vn 0.17655812 -0.08724868 -0.98041564
vn 0.24671721 -0.08830805 -0.96505564
vn -0.15400198 -0.42325038 -0.89282835
vn -0.16678491 -0.47150207 -0.8659495
vn -0.11913495 -0.4363145 -0.8918725
vn -0.49568093 -0.73762363 -0.45848867
vn -0.49304512 -0.71477777 -0.49598327
vn -0.51890534 -0.7628375 -0.3857669
vn -0.61396897 -0.78849584 -0.03628226
vn -0.5862676 -0.80180377 -0.11576289
vn -0.63263464 -0.7375993 0.23605222
vn -0.6394488 -0.70002127 0.31792378
vn -0.62630165 -0.762725 0.16123533
vn -0.4826731 -0.47116455 0.73826194
vn 0.999982 -0.0060130204 0
vn 0.81653845 -0.0049099065 0.5772701
vn 0.004909321 0.8164251 0.5774304
vn 0.0060130847 0.999982 0
vn -0.999982 0.0060136085 0
vn -0.81653845 0.0049104746 0.57727015
vn -0.004909674 -0.8164251 0.5774304
vn -0.006013517 -0.999982 0
vn 0.7695613 -0.2726715 0.57743037
vn 0.2727092 0.7696681 -0.5772701
vn 0.76956135 -0.27267116 -0.57743037
vn -0.27270964 -0.7696678 -0.5772702
vn 0.27270925 0.76966786 0.5772703
vn -0.769561 0.27267203 -0.57743037
vn -0.76956105 0.27267164 0.5774304
vn -0.27270955 -0.76966786 0.5772701
vn -0.81653845 -0.0049096453 0.57727027
vn -0.81653845 -0.0049101706 -0.57727027
vn -0.004909234 0.8164251 -0.5774305
vn -0.0049092323 0.81642526 0.57743025
vn 0.81653845 0.00491065 0.57727027
vn 0.81653845 0.0049101245 -0.57727027
vn 0.0049097165 -0.8164251 -0.5774303
vn 0.004909719 -0.816425 0.5774306
vn -0.5777496 -0.5768703 0.5774304
vn 0.57695043 -0.57782984 -0.5772702
vn -0.5777496 -0.5768703 -0.5774304
vn -0.57695013 0.5778301 -0.5772703
vn 0.57695043 -0.57782984 0.5772702
vn 0.57774997 0.57687014 -0.57743037
vn 0.57774997 0.57687014 0.57743037
vn -0.57695013 0.5778301 0.5772703
vn -2.032146E-07 1 0
vn -8.1285793E-07 1 0
vn -8.1285793E-07 1 0
vn -2.032146E-07 1 0
vn 8.1285276E-07 1 0
vn -0 1 0
vn 8.1285276E-07 1 0
vn -0 1 0
vn 8.1285276E-07 1 0
vn -0 1 0
vn 8.1285276E-07 1 0
vn -0 1 0
vn -2.03212E-07 1 1.47478E-07
vn -8.128516E-07 1 0
vn -2.03212E-07 1 1.47478E-07
vn -8.128516E-07 1 0
vn -2.03212E-07 1 1.47478E-07
vn -8.128516E-07 1 0
vn -2.03212E-07 1 1.47478E-07
vn -8.128516E-07 1 0
vn -0.0027272599 -0.11066691 -0.9938538
vn -0.0027272499 0.110666916 -0.9938538
vn -0.58239096 0.11113907 -0.8052757
vn -0.58239096 -0.11113908 -0.8052757
vn 0.57793146 -0.11113203 -0.808483
vn -0.9450016 0.111902796 -0.30732667
vn 0.5779315 0.11113211 -0.808483
vn -0.94500166 -0.11190278 -0.30732667
vn 0.94326854 -0.11189872 -0.31260708
vn -0.9432689 0.11189807 0.3126063
vn 0.94326854 0.11189878 -0.31260708
vn -0.9432689 -0.111897975 0.31260648
vn 0.94500166 -0.111903176 0.30732653
vn -0.5779316 0.111131445 0.808483
vn 0.9450016 0.11190314 0.30732656
vn -0.57793146 -0.111131385 0.8084832
vn 0.5823906 -0.11113887 0.805276
vn 0.0027272536 0.11066633 0.9938539
vn 0.5823904 0.11113895 0.80527604
vn 0.0027272077 -0.110666394 0.9938539
vn 0.8867734 0.3566821 -0.29395694
vn 0.94326854 0.11189878 -0.31260708
vn 0.9450016 0.11190314 0.30732656
vn 0.888399 0.35669473 0.28899142
vn 0.5436548 0.35461184 -0.7607166
vn 0.5823904 0.11113895 0.80527604
vn 0.5779315 0.11113211 -0.808483
vn 0.547846 0.35463274 0.7576941
vn -0.0025667623 0.35335428 -0.93548614
vn 0.0027272536 0.11066633 0.9938539
vn -0.0027272499 0.110666916 -0.9938538
vn 0.002566918 0.35335594 0.9354854
vn -0.54784685 0.35463065 -0.75769454
vn -0.5779316 0.111131445 0.808483
vn -0.58239096 0.11113907 -0.8052757
vn -0.5436548 0.3546124 0.76071644
vn -0.8884 0.3566928 -0.2889909
vn -0.9432689 0.11189807 0.3126063
vn -0.9450016 0.111902796 -0.30732667
vn -0.8867737 0.35668102 0.29395735
vn -0.58239096 -0.11113908 -0.8052757
vn -0.54784673 -0.35463077 -0.75769454
vn -0.0025666337 -0.35335428 -0.93548614
vn -0.94500166 -0.11190278 -0.30732667
vn -0.0027272599 -0.11066691 -0.9938538
vn -0.88839996 -0.35669294 -0.2889909
vn 0.5436548 -0.3546119 -0.76071674
vn -0.9432689 -0.111897975 0.31260648
vn 0.57793146 -0.11113203 -0.808483
vn -0.8867737 -0.3566812 0.2939575
vn 0.8867734 -0.35668218 -0.293957
vn -0.57793146 -0.111131385 0.8084832
vn 0.94326854 -0.11189872 -0.31260708
vn -0.5436547 -0.35461256 0.76071644
vn 0.888399 -0.35669482 0.28899142
vn 0.0027272077 -0.110666394 0.9938539
vn 0.94500166 -0.111903176 0.30732653
vn 0.0025668924 -0.35335603 0.9354854
vn 0.54784614 -0.3546327 0.75769395
vn 0.5823906 -0.11113887 0.805276
vn -0.31868553 0.9349697 -0.15579191
vn -0.31884468 0.93487424 -0.1560387
vn -0.23108335 0.9640736 -0.13100561
vn -0.27281964 0.9202513 -0.28054756
vn -0.17076701 0.97164875 -0.16351569
vn -0.3145163 0.9173184 -0.24414429
vn -0.09805958 0.97379553 -0.20519882
vn -0.2242398 0.9265102 -0.30215096
vn -0.07800179 0.9728863 -0.21773355
vn -0.22823562 0.92521346 -0.3031313
vn -0.04807818 0.97214556 -0.22939378
vn -0.24133061 0.9391974 -0.24426983
vn -0.04785399 0.9723158 -0.22871786
vn -0.24199323 0.9393408 -0.24306002
vn 0.014949733 0.95885223 -0.2835119
vn -0.37040788 0.9176338 -0.14403503
vn 0.10006332 0.96986616 -0.22214188
vn -0.3090257 0.94679487 -0.08990364
vn 0.10403178 0.95380825 -0.28182828
vn -0.2461506 0.9686479 -0.033630088
vn 0.19434373 0.9768891 -0.08898413
vn -0.24492945 0.9641964 0.10166009
vn 0.102402955 0.98413706 -0.14487188
vn -0.114651725 0.99318624 0.020878742
vn 0.1292244 0.9902242 -0.05250854
vn -0.04571133 0.9982085 0.038605016
vn 0.07977917 0.9963201 -0.031329248
vn -0.031939413 0.9983367 -0.047996394
vn 0.07935164 0.99637115 -0.030787742
vn -0.032856256 0.9981896 -0.050378446
vn 0.07156924 0.99725753 0.01885238
vn -0.011499479 0.99635124 -0.08456945
vn 0.06028225 0.9980319 0.017274441
vn -0.0013818706 0.99593335 -0.090082
vn 0.17271808 0.9846346 -0.025752315
vn 0.06351956 0.9907973 -0.11952415
vn 0.124053225 0.99227154 0.0028105017
vn 0.11311343 0.983924 -0.13819896
vn 0.1875166 0.97680193 -0.103419356
vn 0.18761377 0.97680205 -0.103242084
vn -0.1678709 -0.9419614 -0.29073712
vn -0.16737436 -0.9411153 -0.2937477
vn -0.16737461 -0.9411149 -0.29374892
vn -0.16747981 -0.9415068 -0.2924305
vn -0.16406132 -0.9398158 -0.29971683
vn -0.19480477 -0.94090545 -0.2770341
vn -0.15730514 -0.93743896 -0.31058544
vn -0.18206704 -0.9415856 -0.2833164
vn -0.17592779 -0.9364856 -0.3033877
vn -0.18438804 -0.94276553 -0.2778382
vn -0.19515838 -0.9359085 -0.29323784
vn -0.18480931 -0.94271773 -0.27772078
vn -0.19354026 -0.9347215 -0.29805678
vn -0.16859676 -0.94630545 -0.27582788
vn -0.19312733 -0.9347049 -0.2983767
vn -0.17137824 -0.9472979 -0.2706588
vn -0.19241588 -0.93009907 -0.31287685
vn -0.15861489 -0.9495385 -0.27058822
vn -0.18612628 -0.93166125 -0.3120326
vn -0.12590528 -0.94971764 -0.28667787
vn -0.15095219 -0.92899865 -0.33789766
vn -0.11259926 -0.93923646 -0.324278
vn -0.18502098 -0.9282559 -0.32265785
vn -0.112561904 -0.9392681 -0.32419953
vn -0.004815436 -0.9990435 0.043458756
vn -0.084895335 -0.99528885 0.04682676
vn -0.084944054 -0.99528885 0.046737917
vn -0.04076327 -0.9972579 0.061766338
vn -0.07390415 -0.9972644 0.0014354896
vn -0.0017665353 -0.99952793 0.030671185
vn -0.039210025 -0.9990472 -0.019162841
vn 0.0043649804 -0.9994886 0.03167625
vn -0.024398196 -0.99949 -0.020601695
vn 0.006542286 -0.9998629 0.015211324
vn -0.026837012 -0.9995291 -0.014879946
vn 0.0069326926 -0.99986506 0.014893486
vn -0.008872045 -0.9998654 -0.013801082
vn 0.01092531 -0.9998952 0.009497862
vn -0.009349214 -0.99986327 -0.013640983
vn -0.0068123927 -0.9997545 0.021085132
vn -0.021474827 -0.99975437 -0.0054857954
vn -0.022972606 -0.99929976 0.029533677
vn -0.0021846364 -0.99989545 -0.014291668
vn -0.014338679 -0.9997403 0.017710445
vn -0.022638403 -0.9997402 0.002666319
vn -0.0125723155 -0.999897 0.006916289
vn -0.037267435 -0.9992987 0.0036566816
vn -0.012564462 -0.999897 0.006930509
vn -0.26028967 0 -0.9655306
vn 0.25734743 0 -0.96631896
vn 0.25734743 0 -0.96631896
vn -0.26028967 0 -0.9655306
vn 0.70602846 0 -0.70818347
vn -0.708183 0 -0.70602894
vn 0.70602846 0 -0.70818347
vn -0.708183 0 -0.70602894
vn 0.96553046 0 -0.26029027
vn -0.9663191 0 -0.25734687
vn 0.96553046 0 -0.26029027
vn -0.9663191 0 -0.25734687
vn 0.96631885 0 0.25734773
vn -0.9655304 0 0.2602906
vn 0.96631885 0 0.25734773
vn -0.9655304 0 0.2602906
vn 0.708183 0 0.70602894
vn -0.7060288 0 0.70818317
vn 0.708183 0 0.70602894
vn -0.7060288 0 0.70818317
vn 0.26028955 0 0.9655306
vn -0.25734797 0 0.96631885
vn 0.26028955 0 0.9655306
vn -0.25734797 0 0.96631885
vn -0.2602899 0 -0.96553046
vn 0.257347 0 -0.9663191
vn 0.257347 0 -0.9663191
vn -0.2602899 0 -0.96553046
vn 0.7060286 0 -0.70818335
vn -0.7081831 0 -0.7060289
vn 0.7060286 0 -0.70818335
vn -0.7081831 0 -0.7060289
vn 0.96553046 0 -0.26028994
vn -0.96631896 0 -0.25734735
vn 0.96553046 0 -0.26028994
vn -0.96631896 0 -0.25734735
vn 0.96631896 0 0.25734735
vn -0.9655306 0 0.2602898
vn 0.96631896 0 0.25734735
vn -0.9655306 0 0.2602898
vn 0.7081831 0 0.7060289
vn -0.7060293 0 0.7081827
vn 0.7081831 0 0.7060289
vn -0.7060293 0 0.7081827
vn 0.26028985 0 0.9655306
vn -0.25734782 0 0.96631885
vn 0.26028985 0 0.9655306
vn -0.25734782 0 0.96631885
vn -0.26028967 0 -0.9655306
vn 0.2573476 0 -0.96631896
vn 0.2573476 0 -0.96631896
vn -0.26028967 0 -0.9655306
vn 0.7060286 0 -0.7081834
vn -0.70818293 0 -0.706029
vn 0.7060286 0 -0.7081834
vn -0.70818293 0 -0.706029
vn 0.9655304 0 -0.26029068
vn -0.9663191 0 -0.2573473
vn 0.9655304 0 -0.26029068
vn -0.9663191 0 -0.2573473
vn 0.9663187 0 0.2573483
vn -0.96553046 0 0.26029006
vn 0.9663187 0 0.2573483
vn -0.96553046 0 0.26029006
vn 0.7081826 0 0.70602936
vn -0.70602894 0 0.708183
vn 0.7081826 0 0.70602936
vn -0.70602894 0 0.708183
vn 0.2602899 0 0.96553046
vn -0.25734794 0 0.96631885
vn 0.2602899 0 0.96553046
vn -0.25734794 0 0.96631885
vn -0.26029006 0 -0.96553046
vn 0.25734732 0 -0.96631896
vn 0.25734732 0 -0.96631896
vn -0.26029006 0 -0.96553046
vn 0.7060284 0 -0.7081836
vn -0.70818305 0 -0.7060289
vn 0.7060284 0 -0.7081836
vn -0.70818305 0 -0.7060289
vn 0.9655304 0 -0.26029032
vn -0.96631896 0 -0.2573477
vn 0.9655304 0 -0.26029032
vn -0.96631896 0 -0.2573477
vn 0.96631885 0 0.2573479
vn -0.9655304 0 0.2602903
vn 0.96631885 0 0.2573479
vn -0.9655304 0 0.2602903
vn 0.70818293 0 0.706029
vn -0.7060289 0 0.70818305
vn 0.70818293 0 0.706029
vn -0.7060289 0 0.70818305
vn 0.2602901 0 0.96553046
vn -0.25734788 0 0.96631885
vn 0.2602901 0 0.96553046
vn -0.25734788 0 0.96631885
vn -0.26028967 0 -0.9655306
vn 0.25734755 0 -0.96631896
vn 0.25734755 0 -0.96631896
vn -0.26028967 0 -0.9655306
vn 0.7060284 0 -0.7081836
vn -0.708183 0 -0.70602894
vn 0.7060284 0 -0.7081836
vn -0.708183 0 -0.70602894
vn 0.9655303 0 -0.26029074
vn -0.9663191 0 -0.25734714
vn 0.9655303 0 -0.26029074
vn -0.9663191 0 -0.25734714
vn 0.9663187 0 0.25734824
vn -0.96553046 0 0.2602899
vn 0.9663187 0 0.25734824
vn -0.96553046 0 0.2602899
vn 0.70818263 0 0.7060293
vn -0.706029 0 0.70818293
vn 0.70818263 0 0.7060293
vn -0.706029 0 0.70818293
vn 0.2602898 0 0.9655306
vn -0.25734776 0 0.96631885
vn 0.2602898 0 0.9655306
vn -0.25734776 0 0.96631885
vn -0.26028988 0 -0.96553046
vn 0.25734782 0 -0.96631885
vn 0.25734782 0 -0.96631885
vn -0.26028988 0 -0.96553046
vn 0.70602846 0 -0.70818347
vn -0.7081831 0 -0.7060289
vn 0.70602846 0 -0.70818347
vn -0.7081831 0 -0.7060289
vn 0.9655304 0 -0.2602905
vn -0.96631896 0 -0.25734738
vn 0.9655304 0 -0.2602905
vn -0.96631896 0 -0.25734738
vn 0.96631885 0 0.25734803
vn -0.96553046 0 0.2602902
vn 0.96631885 0 0.25734803
vn -0.96553046 0 0.2602902
vn 0.708183 0 0.70602894
vn -0.70602894 0 0.708183
vn 0.708183 0 0.70602894
vn -0.70602894 0 0.708183
vn 0.26029 0 0.96553046
vn -0.25734794 0 0.96631885
vn 0.26029 0 0.96553046
vn -0.25734794 0 0.96631885
vn -0 -2.2066774E-06 -1
vn -0 -5.5166873E-07 -1
vn -0 -5.5166873E-07 -1
vn -0 -2.2066774E-06 -1
vn -0 5.5166936E-07 -1
vn -0 0 -1
vn -0 5.5166936E-07 -1
vn -0 0 -1
vn -0 5.5166936E-07 -1
vn -0 0 -1
vn -0 5.5166936E-07 -1
vn -0 0 -1
vn -0 0 -1
vn -0 5.5166873E-07 -1
vn -0 0 -1
vn -0 5.5166873E-07 -1
vn -0 0 -1
vn -0 0 -1
vn -0 0 -1
vn -0 0 -1
vn -0 0 -1
vn -0 0 -1
vn -0 0 -1
vn -0 0 -1
vn -0.9939859 0 -0.10950791
vn -0.9939859 0 -0.10950791
vn -0.7969109 0 0.604097
vn -0.63844067 0 -0.7696711
vn -0.7969109 0 0.604097
vn -0.63844067 0 -0.7696711
vn -0.11967838 0 0.9928127
vn 0.11967818 0 -0.9928127
vn -0.11967838 0 0.9928127
vn 0.11967818 0 -0.9928127
vn 0.63844025 0 0.7696713
vn 0.796911 0 -0.6040968
vn 0.63844025 0 0.7696713
vn 0.796911 0 -0.6040968
vn 0.9939859 0 0.109508194
vn 0.9939859 0 0.109508194
vn 0.10347106 0.005588394 -0.9946168
vn 0.11967824 0 -0.9928127
vn -0.6384396 0 -0.7696719
vn 0.7900326 0.050614838 -0.6109718
vn 0.7969107 0 -0.60409707
vn -0.64673465 -0.041416112 -0.7615898
vn -0.9939859 0 -0.10950815
vn 0.9917576 0.064065225 0.11096188
vn 0.9939859 0 0.109507754
vn -0.9922207 -0.06227022 -0.107798025
vn -0.7969105 0 0.6040973
vn 0.6282672 0.039876543 0.776975
vn 0.63844067 0 0.769671
vn -0.80113864 -0.05078936 0.5963198
vn -0.11967838 0 0.9928127
vn -0.13559806 -0.00966497 0.99071676
vn 0.11901923 -0.61921096 -0.7761522
vn 0.65071845 -0.5921706 -0.47528893
vn -0.46577197 -0.658858 -0.59073055
vn -0.7280017 -0.68057215 -0.08267438
vn 0.80582505 -0.58583575 0.086269684
vn -0.5841145 -0.66831046 0.4606208
vn 0.5261059 -0.59777004 0.604883
vn -0.067739606 -0.63068837 0.77307403
vn -0.22455308 -0.61493677 0.755929
vn -0.2222456 -0.9681843 0.1150051
vn -0.23538171 -0.9651814 0.11410633
vn -0.20603879 -0.61525285 0.7609283
vn -0.22460161 0.12759863 0.96606046
vn -0.24703938 -0.77176404 -0.58596236
vn -0.26276734 -0.77102345 -0.58006567
vn -0.19817075 0.12316695 0.9723982
vn -0.22713323 0.7786143 0.5849533
vn -0.26057288 -0.10873542 -0.95931137
vn -0.28458488 -0.105695814 -0.95280635
vn -0.19983773 0.7791097 0.59418267
vn -0.24301569 0.96517986 -0.09680415
vn -0.24501303 0.625261 -0.740957
vn -0.27182633 0.6276413 -0.7295045
vn -0.21699458 0.97104925 -0.09988308
vn 0.33695236 -0.9370106 0.09205558
vn 0.321574 -0.75207555 -0.5753021
vn 0.36590192 -0.6040791 0.7079578
vn 0.32357103 -0.12196479 -0.93831044
vn 0.38493353 0.10058456 0.91744703
vn 0.33544695 0.5874283 -0.73648036
vn 0.37588018 0.7383597 0.55994546
vn 0.35296974 0.9285058 -0.11527902
vn 0.8714612 -0.48997554 0.021892022
vn 0.8654786 -0.4012275 -0.29993868
vn 0.8880757 -0.329085 0.32097435
vn 0.8717365 -0.08890983 -0.4818406
vn 0.9036586 0.023496559 0.42760858
vn 0.883888 0.2687546 -0.3827701
vn 0.9050397 0.34375384 0.25047225
vn 0.895978 0.4370728 -0.07868146
vn -0.26841322 -0.6149374 0.74148923
vn -0.22859484 -0.9681844 0.10180048
vn -0.24165586 -0.96518165 0.100133464
vn -0.25022307 -0.61525315 0.7475641
vn -0.28076148 0.12759893 0.95125794
vn -0.2123197 -0.7717637 -0.59941727
vn -0.22836535 -0.7710234 -0.5944511
vn -0.25474694 0.12316752 0.9591318
vn -0.26098177 0.7786144 0.5706559
vn -0.20397703 -0.1087348 -0.97291833
vn -0.22832876 -0.10569577 -0.9678297
vn -0.23427387 0.7791099 0.5814666
vn -0.23693286 0.96518 -0.11086177
vn -0.20122328 0.62526125 -0.75402755
vn -0.22866116 0.6276414 -0.74416417
vn -0.21077622 0.97104937 -0.112412855
vn 0.33098686 -0.93701047 0.111619845
vn 0.35469574 -0.7520753 -0.5554941
vn 0.32383692 -0.6040795 0.7281604
vn 0.37793615 -0.12196393 -0.9177631
vn 0.33057404 0.1005848 0.9384048
vn 0.377979 0.5874284 -0.71558356
vn 0.34246075 0.7383601 0.58098626
vn 0.35911304 0.9285055 -0.0944216
vn 0.868686 -0.48997548 0.07286097
vn 0.88155043 -0.4012275 -0.24876757
vn 0.86776584 -0.32908604 0.37240407
vn 0.89844495 -0.08890896 -0.42999062
vn 0.8770806 0.02349642 0.47976816
vn 0.90477645 0.26875496 -0.3303792
vn 0.888828 0.3437539 0.30301508
vn 0.8990476 0.43707183 -0.026104737
vn 0.9917576 0.06406523 0.11096166
vn 0.993986 0 0.10950729
vn 0.79691106 0 -0.6040967
vn 0.6282676 0.03987655 0.7769747
vn 0.6384412 0 0.7696705
vn 0.7900328 0.050614838 -0.6109716
vn 0.1196783 0 -0.9928127
vn -0.13559806 -0.009664996 0.99071676
vn -0.11967818 0 0.9928127
vn 0.10347102 0.005588382 -0.9946168
vn -0.6384399 0 -0.7696716
vn -0.80113894 -0.05078936 0.5963195
vn -0.7969109 0 0.604097
vn -0.64673495 -0.041416146 -0.7615895
vn -0.99398583 0 -0.1095087
vn -0.9922207 -0.062270213 -0.10779828
vn 0.80582505 -0.58583575 0.08626974
vn 0.5261059 -0.59777004 0.604883
vn -0.06773973 -0.6306884 0.773074
vn -0.58411455 -0.6683105 0.46062064
vn -0.7280018 -0.68057203 -0.08267436
vn 0.65071845 -0.59217054 -0.47528884
vn -0.465772 -0.658858 -0.5907304
vn 0.119019076 -0.61921096 -0.7761522
vn -0.5610728 -0.5627835 -0.607019
vn -0 2.9478068E-07 -1
vn -0.76729536 -0.20684847 -0.6070186
vn -0 4.827098E-07 -1
vn -0 0 -1
vn -0.20451106 -0.7679215 -0.60701877
vn -0.76792157 0.20451047 -0.6070189
vn -0 3.2180577E-07 -1
vn -0 8.045157E-07 -1
vn 0.20684934 -0.76729536 -0.6070183
vn -0.5627844 0.56107265 -0.6070184
vn -0 -3.2180694E-07 -1
vn -0 3.2180745E-07 -1
vn 0.5627837 -0.5610732 -0.60701853
vn -0.20684941 0.76729554 -0.60701805
vn -0 -4.8271073E-07 -1
vn -0 3.2180765E-07 -1
vn 0.7679217 -0.20451096 -0.60701865
vn 0.20451161 0.76792157 -0.6070185
vn -0 3.4883328E-07 -1
vn -0 1.6090337E-07 -1
vn 0.7672951 0.20684914 -0.60701865
vn 0.5610727 0.5627837 -0.60701877
vn -0 -2.9477957E-07 -1
vn 0.20684934 -0.76729536 -0.6070183
vn 0.18642409 -0.69152874 0.6978783
vn 0.507212 -0.50566983 0.69787824
vn 0.5627837 -0.5610732 -0.60701853
vn -0.20451106 -0.7679215 -0.60701877
vn 0.69209355 -0.18431702 0.697878
vn -0.18431659 -0.6920936 0.69787806
vn 0.7679217 -0.20451096 -0.60701865
vn -0.5610728 -0.5627835 -0.607019
vn 0.69152874 0.1864241 0.69787824
vn -0.50566995 -0.5072124 0.6978779
vn 0.7672951 0.20684914 -0.60701865
vn -0.76729536 -0.20684847 -0.6070186
vn 0.5056701 0.50721174 0.69787824
vn -0.69152874 -0.1864237 0.69787836
vn 0.5610727 0.5627837 -0.60701877
vn -0.76792157 0.20451047 -0.6070189
vn 0.18431726 0.6920934 0.69787806
vn -0.69209373 0.18431614 0.6978782
vn 0.20451161 0.76792157 -0.6070185
vn -0.5627844 0.56107265 -0.6070184
vn -0.18642415 0.6915286 0.6978784
vn -0.5072128 0.5056691 0.6978782
vn -0.20684941 0.76729554 -0.60701805
vn 0.1659942 -0.6157451 0.7702622
vn -0.19708192 0.7310636 0.65322644
vn 0.1948539 0.73166066 0.6532264
vn -0.1641175 -0.6162479 0.77026224
vn 0.4516278 -0.45025414 0.77026206
vn 0.5345786 0.5362097 0.65322644
vn -0.5362095 0.53457874 0.65322655
vn -0.45025402 -0.45162758 0.7702622
vn 0.616248 -0.16411757 0.7702621
vn 0.73106337 0.19708198 0.65322655
vn -0.7316604 0.19485423 0.6532265
vn -0.6157453 -0.16599399 0.7702621
vn 0.6157451 0.16599427 0.7702622
vn 0.7316606 -0.1948536 0.65322655
vn -0.7310634 -0.19708213 0.65322644
vn -0.61624825 0.16411765 0.77026194
vn 0.4502542 0.45162776 0.77026194
vn 0.5362095 -0.53457874 0.65322644
vn -0.5345783 -0.5362099 0.65322655
vn -0.4516278 0.45025387 0.7702622
vn 0.16411774 0.61624765 0.77026236
vn 0.19708163 -0.7310637 0.65322644
vn -0.19485405 -0.73166066 0.6532264
vn -0.1659941 0.6157452 0.7702621
vn -0.96631885 0.25734782 0
vn -0.7316604 0.19485423 0.6532265
vn -0.7310634 -0.19708213 0.65322644
vn -0.9655304 -0.26029038 0
vn -0.70818293 0.706029 0
vn -0.5345783 -0.5362099 0.65322655
vn -0.5362095 0.53457874 0.65322655
vn -0.70602876 -0.70818317 0
vn -0.2602901 0.96553046 0
vn -0.19485405 -0.73166066 0.6532264
vn -0.19708192 0.7310636 0.65322644
vn -0.25734782 -0.96631885 0
vn 0.25734767 0.96631896 0
vn 0.19708163 -0.7310637 0.65322644
vn 0.1948539 0.73166066 0.6532264
vn 0.2602898 -0.9655306 0
vn 0.706029 0.70818293 0
vn 0.5362095 -0.53457874 0.65322644
vn 0.5345786 0.5362097 0.65322644
vn 0.70818293 -0.706029 0
vn 0.96553046 0.26029027 0
vn 0.7316606 -0.1948536 0.65322655
vn 0.73106337 0.19708198 0.65322655
vn 0.9663191 -0.2573472 0
vn -0.96631896 0.25734743 0
vn -0.4516278 0.45025387 0.7702622
vn -0.7081831 0.7060289 0
vn -0.61624825 0.16411765 0.77026194
vn -0.1659941 0.6157452 0.7702621
vn -0.9655306 -0.26028985 0
vn -0.26028997 0.96553046 0
vn -0.6157453 -0.16599399 0.7702621
vn 0.16411774 0.61624765 0.77026236
vn -0.7060289 -0.7081831 0
vn 0.25734773 0.96631896 0
vn -0.45025402 -0.45162758 0.7702622
vn 0.4502542 0.45162776 0.77026194
vn -0.25734732 -0.96631896 0
vn 0.7060288 0.70818317 0
vn -0.1641175 -0.6162479 0.77026224
vn 0.6157451 0.16599427 0.7702622
vn 0.2602902 -0.96553046 0
vn 0.9655304 0.2602903 0
vn 0.1659942 -0.6157451 0.7702622
vn 0.616248 -0.16411757 0.7702621
vn 0.708183 -0.70602894 0
vn 0.96631885 -0.25734776 0
vn 0.4516278 -0.45025414 0.77026206
vn 0.5610726 -0.5627838 0.607019
vn -0 2.9928427E-07 1
vn 0.7672953 -0.20684867 0.60701853
vn -0 2.8042828E-07 1
vn -0 0 1
vn 0.20451102 -0.76792175 0.60701853
vn 0.76792145 0.20451027 0.60701907
vn -0 1.1952537E-07 1
vn -0 -3.631839E-07 1
vn -0.20684913 -0.7672952 0.6070186
vn 0.5627846 0.5610715 0.60701907
vn -0 1.1952534E-07 1
vn -0 -2.0228076E-07 1
vn -0.5627838 -0.56107265 0.6070188
vn 0.20684946 0.7672951 0.6070185
vn -0 4.4133142E-07 1
vn -0 1.1952532E-07 1
vn -0.76792186 -0.20451105 0.60701835
vn -0.20451176 0.76792145 0.60701865
vn -0 4.2247618E-07 1
vn -0 0 1
vn -0.76729506 0.20684947 0.60701865
vn -0.56107277 0.56278354 0.607019
vn -0 0 1
vn -0.20684913 -0.7672952 0.6070186
vn -0.18642394 -0.6915288 -0.69787836
vn -0.5072119 -0.5056699 -0.69787836
vn -0.5627838 -0.56107265 0.6070188
vn 0.20451102 -0.76792175 0.60701853
vn -0.6920934 -0.1843168 -0.6978783
vn 0.18431659 -0.6920935 -0.6978782
vn -0.76792186 -0.20451105 0.60701835
vn 0.5610726 -0.5627838 0.607019
vn -0.6915287 0.18642442 -0.6978782
vn 0.5056701 -0.5072123 -0.6978778
vn -0.76729506 0.20684947 0.60701865
vn 0.7672953 -0.20684867 0.60701853
vn -0.50566995 0.5072119 -0.69787824
vn 0.6915287 -0.18642354 -0.6978785
vn -0.56107277 0.56278354 0.607019
vn 0.76792145 0.20451027 0.60701907
vn -0.18431735 0.69209355 -0.697878
vn 0.6920938 0.1843163 -0.697878
vn -0.20451176 0.76792145 0.60701865
vn 0.5627846 0.5610715 0.60701907
vn 0.18642409 0.69152874 -0.6978783
vn 0.50721294 0.5056693 -0.69787794
vn 0.20684946 0.7672951 0.6070185
vn -0.16599426 -0.6157453 -0.77026206
vn 0.19708188 0.7310635 -0.6532265
vn -0.1948539 0.7316604 -0.6532267
vn 0.16411738 -0.61624825 -0.77026194
vn -0.45162794 -0.45025405 -0.77026206
vn -0.53457856 0.5362096 -0.6532267
vn 0.5362095 0.5345787 -0.6532267
vn 0.45025402 -0.45162788 -0.77026194
vn -0.6162482 -0.16411781 -0.7702619
vn -0.7310634 0.19708194 -0.6532265
vn 0.7316604 0.194854 -0.65322655
vn 0.6157454 -0.165994 -0.77026206
vn -0.61574525 0.16599418 -0.7702621
vn -0.7316605 -0.19485381 -0.65322655
vn 0.7310635 -0.19708204 -0.6532265
vn 0.61624825 0.16411749 -0.77026194
vn -0.45025414 0.45162806 -0.7702618
vn -0.5362096 -0.5345786 -0.6532266
vn 0.5345783 -0.5362095 -0.65322673
vn 0.45162788 0.45025402 -0.77026194
vn -0.16411772 0.6162482 -0.77026206
vn -0.19708164 -0.73106337 -0.6532267
vn 0.1948541 -0.73166037 -0.6532267
vn 0.16599405 0.6157454 -0.7702619
vn 0.96631885 0.25734776 0
vn 0.7316604 0.194854 -0.65322655
vn 0.7310635 -0.19708204 -0.6532265
vn 0.9655304 -0.2602903 0
vn 0.708183 0.70602894 0
vn 0.5345783 -0.5362095 -0.65322673
vn 0.5362095 0.5345787 -0.6532267
vn 0.70602876 -0.70818317 0
vn 0.26029012 0.96553046 0
vn 0.1948541 -0.73166037 -0.6532267
vn 0.19708188 0.7310635 -0.6532265
vn 0.25734776 -0.96631885 0
vn -0.25734755 0.96631896 0
vn -0.19708164 -0.73106337 -0.6532267
vn -0.1948539 0.7316604 -0.6532267
vn -0.2602898 -0.9655306 0
vn -0.70602894 0.708183 0
vn -0.5362096 -0.5345786 -0.6532266
vn -0.53457856 0.5362096 -0.6532267
vn -0.708183 -0.70602894 0
vn -0.96553046 0.2602902 0
vn -0.7316605 -0.19485381 -0.65322655
vn -0.7310634 0.19708194 -0.6532265
vn -0.9663191 -0.2573473 0
vn 0.6162485 0.16411765 0.77026176
vn 0.45162788 0.45025402 -0.77026194
vn 0.45162803 0.45025417 0.7702618
vn 0.61624825 0.16411749 -0.77026194
vn 0.16599405 0.6157454 -0.7702619
vn 0.6157456 -0.16599403 0.7702619
vn 0.16599412 0.6157454 0.7702619
vn 0.6157454 -0.165994 -0.77026206
vn -0.16411772 0.6162482 -0.77026206
vn 0.45025423 -0.45162794 0.7702618
vn -0.16411783 0.61624825 0.77026194
vn 0.45025402 -0.45162788 -0.77026194
vn -0.45025414 0.45162806 -0.7702618
vn 0.16411747 -0.6162483 0.7702619
vn -0.45025435 0.45162794 0.7702618
vn 0.16411738 -0.61624825 -0.77026194
vn -0.61574525 0.16599418 -0.7702621
vn -0.1659943 -0.61574554 0.7702618
vn -0.6157454 0.16599408 0.7702619
vn -0.16599426 -0.6157453 -0.77026206
vn -0.6162482 -0.16411781 -0.7702619
vn -0.451628 -0.45025432 0.77026176
vn -0.6162485 -0.16411768 0.77026176
vn -0.45162794 -0.45025405 -0.77026206
vn 0.002566918 0.35335594 0.9354854
vn 0.0023795026 0.49275747 0.87016344
vn 0.5082678 0.49449247 0.7050823
vn 0.547846 0.35463274 0.7576941
vn -0.5436548 0.3546124 0.76071644
vn 0.8247791 0.49731183 0.26911008
vn -0.5043765 0.49446476 0.70789057
vn 0.888399 0.35669473 0.28899142
vn -0.8867737 0.35668102 0.29395735
vn 0.82326674 0.497294 -0.27373463
vn -0.8232674 0.4972933 0.2737338
vn 0.8867734 0.3566821 -0.29395694
vn -0.8884 0.3566928 -0.2889909
vn 0.504376 0.49446228 -0.7078926
vn -0.82478046 0.4973088 -0.26911163
vn 0.5436548 0.35461184 -0.7607166
vn -0.54784685 0.35463065 -0.75769454
vn -0.0023803408 0.492753 -0.870166
vn -0.5082691 0.4944877 -0.7050847
vn -0.0025667623 0.35335428 -0.93548614
vn -0.64171374 -0.7596068 0.105834946
vn -0.23538171 -0.9651814 0.11410633
vn -0.26276734 -0.77102345 -0.58006567
vn -0.6535128 -0.6064147 -0.45297042
vn -0.6157231 -0.48285306 0.6226862
vn -0.28458488 -0.105695814 -0.95280635
vn -0.22455308 -0.61493677 0.755929
vn -0.64813936 -0.077032104 -0.7576157
vn -0.59596026 0.11019108 0.7954176
vn -0.27182633 0.6276413 -0.7295045
vn -0.22460161 0.12759863 0.96606046
vn -0.6343711 0.512916 -0.5783516
vn -0.6005479 0.6343107 0.48681834
vn -0.24301569 0.96517986 -0.09680415
vn -0.22713323 0.7786143 0.5849533
vn -0.6178527 0.7835951 -0.065090574
vn -0.6468073 -0.75960755 0.06809277
vn -0.24165586 -0.96518165 0.100133464
vn -0.22836535 -0.7710234 -0.5944511
vn -0.62588 -0.6064143 -0.49044448
vn -0.6511133 -0.4828537 0.5855799
vn -0.22832876 -0.10569577 -0.9678297
vn -0.26841322 -0.6149374 0.74148923
vn -0.6026833 -0.0770334 -0.7942535
vn -0.64149594 0.110191025 0.7591712
vn -0.22866116 0.6276414 -0.74416417
vn -0.28076148 0.12759893 0.95125794
vn -0.5994328 0.5129148 -0.6144907
vn -0.628013 0.6343101 0.45083305
vn -0.23693286 0.96518 -0.11086177
vn -0.26098177 0.7786144 0.5706559
vn -0.61298347 0.78359526 -0.10114231
vn -0 0 -1
vn -0 0 -1
vn -0 0 -1
vn -0 0 -1
vn -0 4.2983197E-07 -1
vn -0 0 -1
vn -0 4.2983197E-07 -1
vn -0 0 -1
vn -0 -2.1491608E-07 -1
vn -0 0 -1
vn -0 -2.1491608E-07 -1
vn -0 0 -1
vn -0 -2.1491608E-07 -1
vn -0 0 -1
vn -0 -2.1491608E-07 -1
vn -0 0 -1
vn -0 0 -1
vn -0 0 -1
vn -0 0 -1
vn -0 0 -1
vn -0 2.1491576E-07 -1
vn -0 2.1491576E-07 -1
vn -0 2.1491576E-07 -1
vn -0 2.1491576E-07 -1
vn -0 1.7461933E-07 1
vn -0.6162485 -0.16411768 0.77026176
vn -0.451628 -0.45025432 0.77026176
vn -0 0 1
vn -0 -1.4775473E-07 1
vn -0.1659943 -0.61574554 0.7702618
vn -0.6157454 0.16599408 0.7702619
vn -0 1.0745813E-07 1
vn -0 -3.2237404E-07 1
vn 0.16411747 -0.6162483 0.7702619
vn -0.45025435 0.45162794 0.7702618
vn -0 2.1491613E-07 1
vn -0 -3.22374E-07 1
vn 0.45025423 -0.45162794 0.7702618
vn -0.16411783 0.61624825 0.77026194
vn -0 1.0745804E-07 1
vn -0 -2.1491594E-07 1
vn 0.6157456 -0.16599403 0.7702619
vn 0.16599412 0.6157454 0.7702619
vn -0 0 1
vn -0 0 1
vn 0.6162485 0.16411765 0.77026176
vn 0.45162803 0.45025417 0.7702618
vn -0 0 1
vn 0.85160214 0.29836354 -0.43099073
vn 0.33931684 0.833478 -0.43609464
vn 0.26366174 0.23361169 -0.93589956
vn 0.85160214 0.29836357 0.4309906
vn -0.33931652 0.83347803 -0.4360947
vn 0.33931682 0.83347785 0.43609482
vn 0.25792152 -0.28811213 -0.92220813
vn -0.26366144 0.23361184 -0.9358997
vn 0.8313815 -0.3599665 -0.4233542
vn 0.2636617 0.23361169 0.9358997
vn 0.8313817 -0.35996637 0.4233542
vn -0.26366147 0.23361155 0.9358997
vn 0.25792164 -0.28811193 0.92220813
vn -0.33931658 0.833478 0.43609494
vn -0.85160196 0.2983639 -0.43099087
vn -0.85160196 0.29836375 0.43099093
vn -0.8313814 -0.35996667 -0.42335454
vn -0.25792125 -0.28811187 0.9222083
vn -0.2579211 -0.28811213 -0.9222083
vn -0.83138144 -0.35996652 0.42335448
vn 0.43119135 -0.7031377 0.5653949
vn -0.43119106 -0.70313776 0.565395
vn 0.43119118 -0.70313793 -0.5653947
vn -0.43119088 -0.703138 -0.5653948
vn -0.49153304 -0.84217685 -0.22166063
vn -0.38039497 -0.6136791 0.69187975
vn -0.49125236 -0.8421952 -0.22221237
vn -0.40669808 -0.8070183 -0.42815667
vn -0.17524803 -0.84688383 0.5020716
vn -0.49118605 -0.8422855 -0.22201619
vn -0.5399631 -0.51894015 0.66267717
vn 0.42858204 0.29846138 0.85278267
vn 0.3516299 0.5163862 0.7808339
vn -0.6738709 -0.42383358 0.6051968
vn 0.19427194 0.6299592 0.7519374
vn -0.86103046 -0.39834467 0.31614584
vn 0.4910792 0.8420604 0.22310455
vn 0.4066654 0.8070355 0.42815518
vn 0.62903345 0.092210375 0.7718899
vn 0.4910239 0.8422204 0.22262155
vn 0.048880722 0.7211815 0.6910195
vn 0.059874225 -0.97153485 0.22920537
vn 0.49090376 0.8421302 0.22322688
vn -0.18918459 0.70416945 0.6843644
vn 0.81475365 0.11616479 0.5680513
vn -0.9465347 -0.32155597 -0.025959225
vn 0.25898653 -0.96588004 0.0013173604
vn -0.41636056 0.755376 0.5060149
vn 0.91541034 0.17524989 0.3623692
vn -0.9238322 -0.18649542 -0.33429557
vn 0.37153795 -0.89981914 -0.22865944
vn -0.7969462 -0.112023145 -0.5935719
vn 0.41554087 -0.7676921 -0.48782647
vn 0.95194954 0.28462702 0.113045946
vn -0.38342428 0.89546597 0.22611187
vn 0.8535267 0.520965 0.009355978
vn -0.26753423 0.96348894 -0.010701722
vn -0.574595 -0.095071286 -0.81289726
vn -0.062182482 0.97330093 -0.22094972
vn -0.23983984 -0.030531919 -0.97033215
vn 0.45053416 -0.5018287 -0.73836774
vn 0.23525022 0.95274174 -0.19219944
vn 0.69340676 0.71605146 0.080357805
vn 0.30163246 0.7314623 0.61153966
vn 0.39802873 -0.15892856 -0.90350145
vn 0.5475177 0.8363277 0.027935944
vn 0.30120367 0.7314045 0.61182016
vn 0.3015971 0.7316125 0.6113775
vn 0.3903102 0.9206418 -0.00875377
vn 0.106311336 0.031939954 -0.9938198
vn 0.25445575 -0.054848507 -0.96552783
vn -0.30085438 -0.7311717 -0.61227006
vn -0.3008359 -0.73085016 -0.6126629
vn -0.3010598 -0.73116237 -0.6121802
vn -0.867269 0.13336219 0.47964466
vn -0.83807427 0.29368344 0.4597625
vn -0.96689814 0.25347444 0.029304126
vn -0.9921983 0.1242482 -0.010240817
vn -0.87607723 0.13072674 -0.4641111
vn -0.7132025 0.6776859 0.17911983
vn -0.56878155 0.75372785 0.3292141
vn 0.81310326 0.1186112 -0.56990755
vn -0.91730666 -0.013205017 -0.39796254
vn 0.8481343 -0.110583186 -0.51811165
vn 0.52159613 -0.8034289 -0.28712302
vn -0.90402395 0.07664829 -0.4205541
vn -0.7198194 -0.034500673 -0.69330347
vn -0.63014936 -0.021604326 -0.7761733
vn -0.83295333 0.019143881 -0.553012
vn -0.5689548 -0.10385988 -0.81578404
vn -0.53606606 -0.090980455 -0.839259
vn -0.4237741 -0.19374557 -0.884804
vn -0.475179 -0.027645264 -0.87945473
vn -0.4520601 -0.13618553 -0.88153005
vn -0.3012946 -0.1517297 -0.9413818
vn -0.33153516 -0.18484677 -0.92515737
vn -0.18627806 -0.1276641 -0.9741675
vn -0.2309622 -0.18309212 -0.95558035
vn -0.6918822 -0.00502336 -0.72199297
vn -0.74744004 0.19538817 -0.63494635
vn -0.8298647 0.16119109 -0.53417426
vn -0.21073747 -0.0048283543 -0.9775308
vn 0.1332585 -0.069699496 -0.9886275
vn 0.09672419 -0.08318066 -0.99182934
vn 0.5308776 0.021921666 -0.84716487
vn 0.5026439 0.08206945 -0.8605892
vn 0.7972641 0.26091218 -0.54432964
vn 0.83996576 0.13208783 -0.5263177
vn 0.75268173 -0.49587902 -0.43309844
vn 0.43259105 -0.35425246 -0.82907784
vn 0.42925918 -0.84960216 -0.30645192
vn 0.04195623 -0.100586876 -0.9940433
vn 0.21272807 -0.7788584 -0.5900223
vn -0.11228815 0.011724298 -0.99360657
vn 0.36339504 -0.6170428 -0.69799864
vn 0.63569635 -0.6073191 -0.47650144
vn 0.8114733 -0.34553596 -0.4712918
vn 0.49153686 -0.26897153 -0.8282788
vn 0.5047088 -0.16901226 -0.84658366
vn -0.09936396 -0.084987655 -0.9914151
vn -0.16642994 -0.50251323 -0.84839934
vn -0.17540053 -0.3787343 -0.9087326
vn -0.19147164 0.16508305 -0.96751547
vn -0.10099372 0.18732414 -0.9770926
vn -0.24943309 0.5516255 -0.79592246
vn -0.45693687 0.10592459 -0.8831697
vn -0.114382744 -0.19583413 -0.97394335
vn -0.66839254 0.020966113 -0.74351317
vn -0.62038594 0.11472418 -0.77586055
vn -0.8463315 0.34394884 -0.40672147
vn -0.6291546 -0.058125366 -0.7751038
vn -0.8133351 0.31018242 -0.49221224
vn -0.9572114 0.22429912 -0.18285622
vn -0.8643628 0.37847555 0.33110917
vn -0.8270828 0.5563175 0.080279775
vn -0.8317916 0.2477967 0.4967087
vn -0.6637802 0.5596187 0.4962084
vn -0.7769048 0.6051422 0.17384443
vn -0.32490227 0.9183376 -0.22604115
vn -0.1450287 0.9817909 0.12269153
vn -0.027801335 0.99928206 0.025740206
vn -0.48156723 0.57221663 -0.6638232
vn -0.1663957 0.92796916 -0.33344522
vn 0.05982521 0.9974872 -0.03794982
vn -0.028630154 0.92131233 -0.3877678
vn 0.069603875 0.86060864 -0.50448793
vn 0.40590906 0.88421947 -0.23107055
vn -0.1518025 0.58565897 -0.7962158
vn -0.08622294 0.5488041 -0.8314924
vn -0.13425426 0.19351126 -0.97186893
vn -0.423592 0.54278594 -0.7252264
vn -0.4668014 0.19220828 -0.86322206
vn -0.62608916 0.58112955 -0.5199046
vn -0.75331396 0.48725772 -0.4416991
vn -0.5331782 0.8392416 -0.10674484
vn -0.6046351 0.7866736 -0.12474396
vn -0.76283413 0.42879182 -0.48396453
vn -0.34847185 0.9183506 0.18761596
vn -0.57424074 0.75666904 0.31256908
vn -0.6590406 0.74779844 -0.08039193
vn -0.5263173 0.79969907 0.28891435
vn -0.5983512 0.7299286 0.3304241
vn -0.7438263 0.66650397 -0.049947206
vn -0.83859277 0.057416968 -0.54172456
vn -0.7548744 0.3758522 -0.537494
vn -0.66059685 0.75043833 -0.021311928
vn -0.52109325 0.80332416 0.28832647
vn -0.47832876 0.7966677 0.36948913
vn -0.67958355 0.007834249 -0.7335562
vn -0.68291575 0.45204282 -0.5738322
vn -0.6921764 0.72167426 -0.0088364
vn -0.7781909 0.62758785 -0.023502126
vn -0.7408917 0.40633497 -0.53476286
vn -0.68120146 0.500496 -0.5342924
vn -0.47179592 0.069050364 -0.87899977
vn -0.077041954 -0.39245808 -0.9165375
vn -0.55363315 0.2811701 -0.78385824
vn -0.48461843 0.08127365 -0.8709419
vn -0.55205095 0.055590842 -0.83195525
vn -0.29819646 -0.3802122 -0.8755099
vn -0.12662727 -0.42477724 -0.89639825
vn 0.23221537 -0.8085072 -0.54073304
vn 0.0726358 -0.8100673 -0.5818205
vn 0.4115811 -0.8467221 -0.33713907
vn 0.34767044 -0.73278743 -0.5849342
vn 0.83996576 0.13208783 -0.5263177
vn 0.7972641 0.26091218 -0.54432964
vn 0.899967 0.4240952 -0.10100737
vn 0.96902496 0.24066633 -0.05541001
vn 0.79321665 0.5246669 0.30908233
vn 0.916764 -0.3787761 0.12677668
vn 0.75268173 -0.49587902 -0.43309844
vn 0.5628008 -0.82340693 0.072500415
vn 0.7908383 -0.15796874 0.5912872
vn 0.42925918 -0.84960216 -0.30645192
vn 0.63569635 -0.6073191 -0.47650144
vn 0.87831265 0.30981043 0.36412135
vn 0.6242338 0.3270798 0.7094723
vn 0.46027488 0.54115236 0.7037764
vn 0.28806564 0.51354563 0.808263
vn 0.42376167 0.3224635 0.84642977
vn 0.6330829 0.07586322 0.77035755
vn 0.6905402 0.05769806 0.72098905
vn 0.6510643 0.012749354 0.7589155
vn 0.6698283 0.020433567 0.7422348
vn 0.73953474 0.4199837 0.5260248
vn 0.59319043 0.4688201 0.6544714
vn 0.5903038 -0.02765414 0.8067073
vn 0.28667182 0.92665577 0.24316297
vn 0.5421141 0.8130368 0.21232863
vn 0.40590906 0.88421947 -0.23107055
vn 0.05982521 0.9974872 -0.03794982
vn -0.027801335 0.99928206 0.025740206
vn 0.21649349 0.92120725 0.32327667
vn -0.1450287 0.9817909 0.12269153
vn 0.50991017 0.450916 0.7325752
vn 0.13734321 0.8986713 0.41656545
vn 0.4122511 0.48868006 0.76892185
vn 0.5031418 -0.04484553 0.86303943
vn -0.38626093 0.59887844 0.701532
vn -0.6637802 0.5596187 0.4962084
vn -0.8317916 0.2477967 0.4967087
vn 0.23601896 0.2613575 0.93594193
vn -0.5701106 0.37205684 0.732494
vn -0.36619014 0.5537408 0.74784744
vn 0.10096273 0.33060646 0.93835276
vn -0.11737881 0.19655459 0.97344166
vn 0.52679193 -0.13176209 0.8397196
vn 0.7256928 -0.5420764 0.42370182
vn 0.59459144 -0.51472855 0.6176694
vn 0.5026032 -0.021362083 0.8642532
vn 0.54028016 0.08228273 0.83745253
vn 0.88110816 -0.0832365 0.46553203
vn 0.88569903 -0.23366818 0.4011686
vn 0.93239504 -0.28619972 -0.22074676
vn 0.97234255 -0.17455073 -0.15518445
vn 0.8114733 -0.34553596 -0.4712918
vn 0.7560639 -0.63930196 -0.14021543
vn -0.867269 0.13336219 0.47964466
vn -0.5481212 0.28305793 0.787046
vn -0.83807427 0.29368344 0.4597625
vn -0.50290483 0.19893406 0.84113735
vn -0.56878155 0.75372785 0.3292141
vn -0.0796559 0.2701534 0.9595165
vn -0.39332813 0.8393765 0.3751533
vn 0.26459047 0.07078888 0.9617592
vn 0.8481343 -0.110583186 -0.51811165
vn -0.08542151 0.22789231 0.9699321
vn 0.16123502 0.27819124 0.9468965
vn -0.16424458 0.19025418 0.9678983
vn -0.44899106 0.12950028 0.88410217
vn -0.41247466 0.05591894 0.9092512
vn -0.15691036 0.08951965 0.9835474
vn -0.3831137 -0.053822238 0.9221318
vn 0.8389987 -0.18191198 -0.5128248
vn 0.682236 -0.7308646 0.019771365
vn 0.52159613 -0.8034289 -0.28712302
vn 0.4115811 -0.8467221 -0.33713907
vn 0.5810873 -0.80852604 0.09286137
vn 0.5123704 -0.8446444 0.1550885
vn 0.6153612 -0.46215516 0.6385478
vn 0.7446464 -0.38057172 0.54833114
vn 0.9491382 -0.12645073 0.288352
vn 0.31441912 -0.032271076 0.9487356
vn -0.08879732 -0.025628965 0.99571997
vn 0.12468996 0.36014578 0.92452556
vn 0.49168283 -0.0032471088 0.87076837
vn -0.08038288 0.35992092 0.9295136
vn -0.3584092 0.26995423 0.893682
vn -0.2199964 0.786086 0.5776419
vn -0.18916005 0.83427113 0.5178901
vn -0.57424074 0.75666904 0.31256908
vn -0.34847185 0.9183506 0.18761596
vn -0.5263173 0.79969907 0.28891435
vn -0.27501062 0.74886256 0.602971
vn -0.35093674 0.6666109 0.6576271
vn -0.5983512 0.7299286 0.3304241
vn -0.52109325 0.80332416 0.28832647
vn 0.11871721 0.36317834 0.92412543
vn 0.12900768 0.45104447 0.8831285
vn -0.3344547 0.7506856 0.5697466
vn -0.36199278 0.7219619 0.58968836
vn -0.47832876 0.7966677 0.36948913
vn -0.3496981 0.60526186 0.71510094
vn 0.08024494 0.38639352 0.9188367
vn 0.08705563 0.5013758 0.8608389
vn 0.4770384 0.0812176 0.8751217
vn 0.4253489 0.034730166 0.9043628
vn 0.5149235 0.06962913 0.8544036
vn 0.689791 -0.42469415 0.5863644
vn 0.8492399 -0.00016243897 -0.5280073
vn 0.862979 0.042725813 -0.50343
vn 0.5058535 0.07132196 -0.8596658
vn 0.43592507 0.0064204787 -0.8999601
vn 0.9011146 -0.034955848 -0.43216974
vn 0.49918106 -0.16885532 -0.84988594
vn -0.13400505 -0.12946805 -0.982487
vn 0.4765922 -0.5435722 -0.69093364
vn -0.21925794 -0.018197097 -0.97549725
vn -0.40427625 0.03718669 -0.91388065
vn -0.027387941 -0.09738944 -0.9948695
vn 0.42152765 -0.036251023 -0.9060906
vn 0.03042722 -0.7630178 -0.64566106
vn 0.2716087 -0.7946408 -0.5429316
vn 0.868981 0.02141982 -0.4943818
vn 0.5209937 -0.8021922 -0.29163885
vn 0.5653611 -0.7405544 -0.36324358
vn 0.26578766 -0.86416155 -0.4272959
vn -0.8245799 0.23392262 0.51511955
vn -0.82399136 0.3006358 0.48026693
vn -0.6935316 0.71712524 -0.06888727
vn -0.51771724 0.8066912 0.28498802
vn -0.41579705 0.84927446 0.32533944
vn -0.59924203 0.7871703 -0.14584857
vn -0.5393561 0.8139281 -0.21590713
vn -0.6071495 0.3932052 -0.6904776
vn -0.72326404 0.34025973 -0.6009263
vn -0.9141808 0.22504382 -0.33708876
vn -0.67640114 0.3783188 -0.63194644
vn -0.40236744 0.06931391 -0.91285044
vn -0.47666067 -0.068241045 -0.8764347
vn -0.43356544 -0.028642824 -0.90066683
vn -0.13832954 -0.33565438 -0.9317731
vn -0.4896748 0.004274203 -0.8718946
vn -0.18259743 -0.31709257 -0.9306506
vn -0.22261216 0.09232276 -0.9705258
vn -0.50905997 -0.05785869 -0.85878414
vn -0.18438295 -0.38666418 -0.90360045
vn -0.1344174 -0.32142797 -0.9373452
vn 0.36189815 -0.36037907 -0.8597421
vn 0.420546 -0.36863598 -0.8290045
vn 0.1626381 -0.8035769 -0.5725496
vn 0.7565179 -0.50243515 -0.41861624
vn 0.3774783 -0.903658 -0.20226842
vn 0.53613466 -0.79134566 -0.29382256
vn 0.23202302 -0.73154193 -0.641102
vn 0.30430415 -0.64189255 -0.7038274
vn 0.6004489 -0.7276119 -0.33172572
vn 0.5155706 -0.80777633 -0.28580475
vn -0.18051736 -0.30904526 -0.93375826
vn 0.3024565 -0.7347215 -0.60721046
vn 0.3230596 -0.7091575 -0.62668025
vn 0.4948961 -0.7886 -0.36494923
vn 0.3104071 -0.5874957 -0.74732614
vn -0.13797465 -0.4531462 -0.88069373
vn 0.868981 0.02141982 -0.4943818
vn 0.6320146 -0.77385086 0.041383486
vn 0.5209937 -0.8021922 -0.29163885
vn 0.9953685 0.019827439 0.094067015
vn 0.56733745 -0.73809904 0.36515477
vn 0.7594156 -0.6393325 -0.12058987
vn 0.5653611 -0.7405544 -0.36324358
vn -0.77036536 -0.14142664 0.6217199
vn 0.876045 0.005680678 0.4821959
vn -0.8245799 0.23392262 0.51511955
vn -0.51771724 0.8066912 0.28498802
vn 0.8771941 0.02732893 0.47935748
vn 0.689166 0.09279137 0.7186375
vn 0.7902148 -0.013100797 0.61269
vn 0.4047591 -0.6455902 0.64759815
vn -0.0056116553 -0.9998037 0.01900473
vn -0.03173526 -0.9967744 0.07371264
vn 0.54451823 0.13908972 0.827136
vn 0.29564866 -0.61721385 0.72913563
vn -0.0633709 -0.9867778 0.14917687
vn 0.120929375 -0.4017422 0.907733
vn -0.07979605 -0.9725946 0.21838602
vn 0.38736904 0.18505286 0.90316147
vn 0.465079 0.01346428 0.8851667
vn 0.15802747 -0.4582971 0.87463766
vn -0.10372434 -0.9574695 0.26924586
vn 0.31280774 0.19357708 0.9298813
vn 0.20758648 -0.48520064 0.84940463
vn 0.035507355 -0.96648514 0.25425494
vn 0.22727473 0.18738721 0.95563185
vn 0.048158936 -0.5645588 0.82398677
vn 0.08669784 -0.9605776 0.26414812
vn -0.063192084 0.15414827 0.9860249
vn 0.6461224 0.024085289 0.76285374
vn 0.6899097 -0.13844211 0.71053386
vn 0.28244257 -0.020786578 0.959059
vn -0.47576398 0.09904854 0.8739783
vn -0.18631688 -0.6371652 0.747868
vn -0.40463877 -0.7474559 0.52685577
vn -0.8599418 0.012589572 0.5102369
vn -0.7441245 0.5154942 0.42490527
vn -0.3630866 0.3390091 0.8678945
vn -0.42612246 0.85045624 0.30845398
vn 0.04061696 0.09767761 0.994389
vn -0.17133859 0.76539433 0.6203342
vn 0.18072076 -0.0077140243 0.9835042
vn -0.3179979 0.60074955 0.7334693
vn -0.647458 0.5876605 0.48523527
vn -0.8110573 0.32465762 0.48660398
vn -0.43038407 0.25442755 0.86604637
vn -0.44433534 0.16446541 0.8806345
vn 0.18205883 0.07516069 0.9804109
vn 0.21802948 0.4779436 0.8509014
vn 0.23092228 0.33620197 0.9130406
vn 0.25290844 -0.1371788 0.9577157
vn 0.17232832 -0.15656653 0.9725174
vn 0.29579315 -0.4796667 0.82609093
vn 0.47660097 -0.08789343 0.8747149
vn 0.18262322 0.167862 0.96874714
vn 0.65648776 -0.022991382 0.75398624
vn 0.61537063 -0.100374565 0.78182095
vn 0.8251892 -0.30875936 0.47300163
vn 0.6237769 0.04011948 0.78057206
vn 0.7863208 -0.27666765 0.552408
vn 0.9520019 -0.20748 0.22504313
vn 0.8774445 -0.3736119 -0.300841
vn 0.8415872 -0.5393282 -0.029256051
vn 0.8185569 -0.28144887 -0.50075054
vn 0.68705 -0.5149032 -0.5126764
vn 0.8017817 -0.57329786 -0.16874723
vn 0.37754565 -0.88662994 0.26710802
vn 0.17678578 -0.9733314 -0.14619455
vn 0.03300158 -0.99906534 -0.027917027
vn 0.511521 -0.4896943 0.7060779
vn 0.19709063 -0.9031927 0.38131124
vn -0.10385406 -0.9924843 0.06472485
vn 0.027730731 -0.8858154 0.46320844
vn -0.40733883 -0.49169698 0.7696162
vn -0.64720815 -0.67006063 0.36351088
vn 0.048794698 -0.25596398 0.96545404
vn 0.1431244 -0.47893417 0.86610484
vn 0.225415 -0.20146382 0.9532053
vn 0.4670782 -0.104857996 0.8779765
vn 0.4549179 -0.17420496 0.87332827
vn 0.7951064 -0.16230777 0.5843475
vn 0.7418418 -0.4273106 0.5167945
vn 0.7862093 -0.13598341 0.60281295
vn 0.5749106 -0.8035686 0.15412766
vn 0.93647754 -0.34766036 0.04628262
vn 0.7367926 -0.3784014 0.56031156
vn 0.3774783 -0.903658 -0.20226842
vn 0.7565179 -0.50243515 -0.41861624
vn 0.6695843 -0.7293197 0.1405336
vn 0.53613466 -0.79134566 -0.29382256
vn 0.6004489 -0.7276119 -0.33172572
vn 0.7579292 -0.64203554 0.11547198
vn 0.7902608 -0.046373177 0.61101335
vn 0.726691 -0.32165906 0.6070055
vn 0.6751259 -0.73449016 0.06876966
vn 0.5155706 -0.80777633 -0.28580475
vn 0.4948961 -0.7886 -0.36494923
vn 0.6443342 -0.0065513803 0.764716
vn 0.66970783 -0.38782707 0.63330996
vn 0.70257354 -0.70896745 0.061282024
vn 0.7897787 -0.6071235 0.08746705
vn 0.72051185 -0.35210496 0.5973984
vn 0.67060906 -0.45193708 0.58824855
vn 0.4753118 -0.057765547 0.8779191
vn 0.13363223 0.35129535 0.926679
vn 0.67297083 -0.26533586 0.6904398
vn 0.4859554 -0.06821831 0.8713172
vn 0.5425288 -0.04611255 0.83877057
vn 0.32492343 0.33215502 0.885493
vn 0.17233126 0.37849826 0.90941787
vn -0.19709991 0.7871104 0.5844731
vn -0.048161697 0.7835598 0.6194468
vn -0.41579705 0.84927446 0.32533944
vn -0.31234872 0.7194367 0.62036204
vn -0.8599418 0.012589572 0.5102369
vn -0.50152916 -0.8436763 0.19151694
vn -0.40463877 -0.7474559 0.52685577
vn -0.9944997 -0.0901899 -0.053255275
vn -0.38982505 -0.910074 -0.14071836
vn -0.9150559 0.34496945 -0.20897093
vn -0.7441245 0.5154942 0.42490527
vn -0.5912898 0.7975802 -0.11934071
vn -0.68409157 0.1555842 -0.7126095
vn -0.42612246 0.85045624 0.30845398
vn -0.647458 0.5876605 0.48523527
vn -0.8131241 -0.18214862 -0.55285716
vn -0.5709052 -0.22597894 -0.789304
vn -0.19017889 -0.86232716 -0.46928033
vn -0.7442751 -0.66195893 -0.08868389
vn -0.96277815 -0.11453449 -0.24482691
vn -0.9826638 0.002840297 -0.1853746
vn -0.5766328 -0.00060358946 -0.8170032
vn -0.58243024 0.07121851 -0.8097548
vn -0.98690075 0.052666362 -0.15249
vn -0.869356 -0.4553857 -0.19194788
vn -0.6066729 -0.38727152 -0.6942396
vn -0.53382283 0.05522932 -0.8437908
vn -0.35158584 -0.89321727 -0.28026837
vn -0.85116315 -0.5149432 -0.10175794
vn -0.64720815 -0.67006063 0.36351088
vn -0.10385406 -0.9924843 0.06472485
vn 0.03300158 -0.99906534 -0.027917027
vn -0.23619169 -0.897417 -0.3726343
vn 0.17678578 -0.9733314 -0.14619455
vn -0.51232857 -0.39228657 -0.76395726
vn -0.15281653 -0.86206836 -0.4832031
vn -0.43157035 -0.41311756 -0.8019233
vn -0.50768745 0.04358725 -0.860438
vn 0.39320317 -0.5641563 -0.7260296
vn 0.68705 -0.5149032 -0.5126764
vn 0.8185569 -0.28144887 -0.50075054
vn -0.29785135 -0.22522539 -0.92766273
vn 0.54540616 -0.36587465 -0.7541007
vn 0.31284663 -0.5335699 -0.7857673
vn -0.17803256 -0.28933558 -0.9405261
vn 0.07788314 -0.17829068 -0.98089075
vn -0.53585196 0.10988044 -0.8371314
vn -0.71539146 0.51297206 -0.47442043
vn -0.6052284 0.44918725 -0.6572132
vn -0.5161825 0.01941095 -0.85625863
vn -0.548874 -0.066288345 -0.8332725
vn -0.84949243 0.0826039 -0.5210942
vn -0.8602797 0.20679568 -0.46599823
vn -0.94988745 0.27403763 0.15039021
vn -0.97951734 0.17394798 0.10142893
vn -0.8110573 0.32465762 0.48660398
vn -0.7757674 0.6249636 0.08720976
vn -0.027387941 -0.09738944 -0.9948695
vn 0.03042722 -0.7630178 -0.64566106
vn 0.4765922 -0.5435722 -0.69093364
vn -0.13400505 -0.12946805 -0.982487
vn -0.018746557 -0.99972206 0.014295028
vn 0.5209937 -0.8021922 -0.29163885
vn 0.6320146 -0.77385086 0.041383486
vn -0.01277 -0.9998741 0.009420594
vn 0.56733745 -0.73809904 0.36515477
vn -0.0056116553 -0.9998037 0.01900473
vn -0.8663121 0.09504892 0.49037653
vn -0.869356 -0.4553857 -0.19194788
vn -0.83406013 0.06647127 0.54765445
vn -0.98690075 0.052666362 -0.15249
vn -0.9826638 0.002840297 -0.1853746
vn -0.88895136 0.030688228 0.4569723
vn -0.8521734 0.025153864 0.52265453
vn -0.96277815 -0.11453449 -0.24482691
vn -0.26178318 -0.8974819 0.35495895
vn -0.7442751 -0.66195893 -0.08868389
vn 0.24541135 -0.95950764 0.13826872
vn -0.19017889 -0.86232716 -0.46928033
vn 0.15493138 -0.9534516 0.25870138
vn -0.38982505 -0.910074 -0.14071836
vn 0.15121937 -0.94829243 0.27905977
vn -0.50152916 -0.8436763 0.19151694
vn 0.14871737 -0.9507957 0.27179155
vn -0.40463877 -0.7474559 0.52685577
vn -0.014316454 -0.99972147 0.018758401
vn 0.5209937 -0.8021922 -0.29163885
vn -0.018746557 -0.99972206 0.014295028
vn 0.2716087 -0.7946408 -0.5429316
vn 0.010937544 -0.99980885 -0.016206075
vn 0.03042722 -0.7630178 -0.64566106
vn 0.5703542 -0.7873549 -0.23402631
vn 0.4765922 -0.5435722 -0.69093364
vn 0.49918106 -0.16885532 -0.84988594
vn 0.9011146 -0.034955848 -0.43216974
vn 0.12897454 -0.9556706 0.26468727
vn -0.40463877 -0.7474559 0.52685577
vn 0.14871737 -0.9507957 0.27179155
vn -0.18631688 -0.6371652 0.747868
vn 0.08669784 -0.9605776 0.26414812
vn 0.048158936 -0.5645588 0.82398677
vn 0.29457438 0.9228618 -0.24809676
vn 0.33674252 0.93598455 -0.102652326
vn 0.22849575 0.9394424 -0.25541663
vn 0.30293164 0.9393306 -0.1609056
vn 0.42281145 0.8344313 -0.3534897
vn 0.36178404 0.8937022 -0.26534647
vn 0.4819309 0.7984725 -0.36081058
vn 0.47258306 0.80697393 -0.35420087
vn 0.4569882 0.8181827 -0.34891102
vn 0.39353186 0.8531867 -0.34235227
vn 0.389716 0.862372 -0.32316557
vn 0.34492183 0.86694694 -0.3597666
vn 0.47568908 0.847109 -0.23690993
vn 0.39007947 0.84637237 -0.36261803
vn 0.47541106 0.85824645 -0.1933839
vn 0.39007947 0.84637237 -0.36261803
vn 0.47568908 0.847109 -0.23690993
vn 0.4748487 0.8427371 -0.25359988
vn 0.4849905 0.83441836 -0.26178262
vn 0.48294988 0.8340377 -0.26672179
vn 0.50227493 0.80782324 -0.30845013
vn 0.51019484 0.7998188 -0.3162135
vn 0.42788166 0.8658445 -0.2592885
vn 0.44676828 0.8629986 -0.2358635
vn 0.29295525 0.93390393 -0.20494053
vn 0.32753602 0.92790097 -0.1781006
vn 0.22849575 0.9394424 -0.25541663
vn 0.33674252 0.93598455 -0.102652326
vn -0.65480655 -0.573205 0.49260986
vn -0.7975357 -0.49422097 0.34595162
vn -0.7165542 -0.4981187 0.48829067
vn -0.7383432 -0.51122636 0.4398828
vn -0.6082564 -0.66553783 0.4325315
vn -0.6845757 -0.5857708 0.43385345
vn -0.6353175 -0.6757812 0.37375307
vn -0.6497153 -0.65704167 0.3823169
vn -0.6354148 -0.6831274 0.35997903
vn -0.6374652 -0.67017895 0.38012925
vn -0.63146174 -0.69486445 0.34412137
vn -0.62284946 -0.67044085 0.4031967
vn -0.6852027 -0.6724881 0.27974457
vn -0.5988488 -0.67495763 0.4310597
vn -0.66941845 -0.67403203 0.31234553
vn -0.5988488 -0.67495763 0.4310597
vn -0.6852027 -0.6724881 0.27974457
vn -0.6372219 -0.6856261 0.35194463
vn -0.66431016 -0.66530555 0.34067664
vn -0.64159316 -0.6866103 0.34194228
vn -0.6694738 -0.65742457 0.34582907
vn -0.6537911 -0.6759658 0.3400404
vn -0.71054196 -0.6069123 0.35607237
vn -0.6968073 -0.65806025 0.28533545
vn -0.7370702 -0.5617669 0.37569317
vn -0.77300423 -0.5521834 0.31234276
vn -0.7165542 -0.4981187 0.48829067
vn -0.7975357 -0.49422097 0.34595162
vn 0.862979 0.042725813 -0.50343
vn 0.89624333 0.09294603 -0.4337154
vn 0.36189815 -0.36037907 -0.8597421
vn 0.5058535 0.07132196 -0.8596658
g ClothesShop_0
f 3/3/3 2/2/2 1/1/1
f 6/6/6 5/5/5 4/4/4
f 9/9/9 8/8/8 7/7/7
f 12/12/12 11/11/11 10/10/10
f 15/15/15 14/14/14 13/13/13
f 18/18/18 17/17/17 16/16/16
f 21/21/21 20/20/20 19/19/19
f 24/24/24 23/23/23 22/22/22
f 27/27/27 26/26/26 25/25/25
f 30/30/30 29/29/29 28/28/28
f 33/33/33 32/32/32 31/31/31
f 36/36/36 35/35/35 34/34/34
f 39/39/39 38/38/38 37/37/37
f 42/42/42 41/41/41 40/40/40
f 45/45/45 44/44/44 43/43/43
f 48/48/48 47/47/47 46/46/46
f 51/51/51 50/50/50 49/49/49
f 54/54/54 53/53/53 52/52/52
f 57/57/57 56/56/56 55/55/55
f 60/60/60 59/59/59 58/58/58
f 63/63/63 62/62/62 61/61/61
f 66/66/66 65/65/65 64/64/64
f 69/69/69 68/68/68 67/67/67
f 72/72/72 71/71/71 70/70/70
f 75/75/75 74/74/74 73/73/73
f 73/73/73 77/77/77 76/76/76
f 78/78/78 73/73/73 76/76/76
f 73/73/73 80/80/80 79/79/79
f 80/80/80 81/81/81 79/79/79
f 79/79/79 81/81/81 82/82/82
f 85/85/85 84/84/84 83/83/83
f 88/88/88 87/87/87 86/86/86
f 91/91/91 90/90/90 89/89/89
f 94/94/94 93/93/93 92/92/92
f 97/97/97 96/96/96 95/95/95
f 100/100/100 99/99/99 98/98/98
f 103/103/103 102/102/102 101/101/101
f 106/106/106 105/105/105 104/104/104
f 109/109/109 108/108/108 107/107/107
f 112/112/112 111/111/111 110/110/110
f 115/115/115 114/114/114 113/113/113
f 113/113/113 117/117/117 116/116/116
f 119/119/119 118/118/118 117/117/117
f 119/119/119 121/121/121 120/120/120
f 122/122/122 119/119/119 120/120/120
f 125/125/125 124/124/124 123/123/123
f 127/127/127 123/123/123 126/126/126
f 129/129/129 128/128/128 127/127/127
f 128/128/128 131/131/131 130/130/130
f 132/132/132 128/128/128 130/130/130
f 135/135/135 134/134/134 133/133/133
f 137/137/137 133/133/133 136/136/136
f 138/138/138 133/133/133 137/137/137
f 133/133/133 138/138/138 139/139/139
f 140/140/140 139/139/139 138/138/138
f 140/140/140 141/141/141 139/139/139
f 142/142/142 141/141/141 140/140/140
f 136/136/136 144/144/144 143/143/143
f 143/143/143 144/144/144 145/145/145
f 147/147/147 145/145/145 146/146/146
f 149/149/149 147/147/147 148/148/148
f 150/150/150 147/147/147 149/149/149
f 147/147/147 150/150/150 151/151/151
f 152/152/152 151/151/151 150/150/150
f 153/153/153 151/151/151 152/152/152
f 154/154/154 151/151/151 153/153/153
f 148/148/148 156/156/156 155/155/155
f 155/155/155 156/156/156 157/157/157
f 160/160/160 159/159/159 158/158/158
f 161/161/161 160/160/160 158/158/158
f 164/164/164 163/163/163 162/162/162
f 165/165/165 164/164/164 162/162/162
f 168/168/168 167/167/167 166/166/166
f 169/169/169 168/168/168 166/166/166
f 172/172/172 171/171/171 170/170/170
f 173/173/173 172/172/172 170/170/170
f 176/176/176 175/175/175 174/174/174
f 177/177/177 176/176/176 174/174/174
f 180/180/180 179/179/179 178/178/178
f 181/181/181 180/180/180 178/178/178
f 184/184/184 183/183/183 182/182/182
f 185/185/185 184/184/184 182/182/182
f 188/188/188 187/187/187 186/186/186
f 189/189/189 188/188/188 186/186/186
f 192/192/192 191/191/191 190/190/190
f 193/193/193 192/192/192 190/190/190
f 196/196/196 195/195/195 194/194/194
f 197/197/197 196/196/196 194/194/194
f 200/200/200 199/199/199 198/198/198
f 201/201/201 200/200/200 198/198/198
f 204/204/204 203/203/203 202/202/202
f 202/202/202 205/205/205 204/204/204
f 205/205/205 206/206/206 204/204/204
f 205/205/205 207/207/207 206/206/206
f 207/207/207 208/208/208 206/206/206
f 207/207/207 209/209/209 208/208/208
f 209/209/209 210/210/210 208/208/208
f 209/209/209 211/211/211 210/210/210
f 211/211/211 212/212/212 210/210/210
f 211/211/211 213/213/213 212/212/212
f 216/216/216 215/215/215 214/214/214
f 214/214/214 217/217/217 216/216/216
f 214/214/214 218/218/218 217/217/217
f 218/218/218 219/219/219 217/217/217
f 218/218/218 220/220/220 219/219/219
f 220/220/220 221/221/221 219/219/219
f 220/220/220 222/222/222 221/221/221
f 222/222/222 223/223/223 221/221/221
f 222/222/222 224/224/224 223/223/223
f 224/224/224 225/225/225 223/223/223
f 228/228/228 227/227/227 226/226/226
f 229/229/229 228/228/228 226/226/226
f 229/229/229 230/230/230 228/228/228
f 230/230/230 231/231/231 228/228/228
f 231/231/231 230/230/230 232/232/232
f 233/233/233 231/231/231 232/232/232
f 236/236/236 235/235/235 234/234/234
f 237/237/237 236/236/236 234/234/234
f 240/240/240 239/239/239 238/238/238
f 241/241/241 240/240/240 238/238/238
f 244/244/244 243/243/243 242/242/242
f 245/245/245 244/244/244 242/242/242
f 248/248/248 247/247/247 246/246/246
f 249/249/249 248/248/248 246/246/246
f 252/252/252 251/251/251 250/250/250
f 253/253/253 252/252/252 250/250/250
f 256/256/256 255/255/255 254/254/254
f 257/257/257 256/256/256 254/254/254
f 257/257/257 258/258/258 256/256/256
f 258/258/258 259/259/259 256/256/256
f 259/259/259 258/258/258 260/260/260
f 261/261/261 259/259/259 260/260/260
f 264/264/264 263/263/263 262/262/262
f 265/265/265 264/264/264 262/262/262
f 268/268/268 267/267/267 266/266/266
f 269/269/269 268/268/268 266/266/266
f 272/272/272 271/271/271 270/270/270
f 273/273/273 272/272/272 270/270/270
f 276/276/276 275/275/275 274/274/274
f 274/274/274 277/277/277 276/276/276
f 277/277/277 278/278/278 276/276/276
f 277/277/277 279/279/279 278/278/278
f 279/279/279 280/280/280 278/278/278
f 279/279/279 281/281/281 280/280/280
f 281/281/281 282/282/282 280/280/280
f 281/281/281 283/283/283 282/282/282
f 283/283/283 284/284/284 282/282/282
f 283/283/283 285/285/285 284/284/284
f 288/288/288 287/287/287 286/286/286
f 286/286/286 289/289/289 288/288/288
f 286/286/286 290/290/290 289/289/289
f 290/290/290 291/291/291 289/289/289
f 290/290/290 292/292/292 291/291/291
f 292/292/292 293/293/293 291/291/291
f 292/292/292 294/294/294 293/293/293
f 294/294/294 295/295/295 293/293/293
f 294/294/294 296/296/296 295/295/295
f 296/296/296 297/297/297 295/295/295
f 300/300/300 299/299/299 298/298/298
f 298/298/298 301/301/301 300/300/300
f 301/301/301 302/302/302 300/300/300
f 301/301/301 303/303/303 302/302/302
f 303/303/303 304/304/304 302/302/302
f 303/303/303 305/305/305 304/304/304
f 308/308/308 307/307/307 306/306/306
f 306/306/306 309/309/309 308/308/308
f 306/306/306 310/310/310 309/309/309
f 310/310/310 311/311/311 309/309/309
f 310/310/310 312/312/312 311/311/311
f 312/312/312 313/313/313 311/311/311
f 316/316/316 315/315/315 314/314/314
f 315/315/315 317/317/317 314/314/314
f 314/314/314 317/317/317 318/318/318
f 317/317/317 319/319/319 318/318/318
f 318/318/318 319/319/319 320/320/320
f 319/319/319 321/321/321 320/320/320
f 320/320/320 321/321/321 322/322/322
f 321/321/321 323/323/323 322/322/322
f 326/326/326 325/325/325 324/324/324
f 325/325/325 327/327/327 324/324/324
f 327/327/327 328/328/328 324/324/324
f 328/328/328 329/329/329 324/324/324
f 328/328/328 330/330/330 329/329/329
f 330/330/330 331/331/331 329/329/329
f 330/330/330 332/332/332 331/331/331
f 332/332/332 333/333/333 331/331/331
f 336/336/336 335/335/335 334/334/334
f 335/335/335 337/337/337 334/334/334
f 334/334/334 337/337/337 338/338/338
f 337/337/337 339/339/339 338/338/338
f 338/338/338 339/339/339 340/340/340
f 339/339/339 341/341/341 340/340/340
f 340/340/340 341/341/341 342/342/342
f 341/341/341 343/343/343 342/342/342
f 346/346/346 345/345/345 344/344/344
f 345/345/345 347/347/347 344/344/344
f 344/344/344 347/347/347 348/348/348
f 347/347/347 349/349/349 348/348/348
f 348/348/348 349/349/349 350/350/350
f 349/349/349 351/351/351 350/350/350
f 350/350/350 351/351/351 352/352/352
f 351/351/351 353/353/353 352/352/352
f 356/356/356 355/355/355 354/354/354
f 355/355/355 357/357/357 354/354/354
f 354/354/354 357/357/357 358/358/358
f 355/355/355 359/359/359 357/357/357
f 357/357/357 360/360/360 358/358/358
f 357/357/357 359/359/359 360/360/360
f 358/358/358 360/360/360 361/361/361
f 359/359/359 362/362/362 360/360/360
f 360/360/360 363/363/363 361/361/361
f 360/360/360 362/362/362 363/363/363
f 361/361/361 363/363/363 364/364/364
f 362/362/362 365/365/365 363/363/363
f 363/363/363 366/366/366 364/364/364
f 363/363/363 365/365/365 366/366/366
f 369/369/369 368/368/368 367/367/367
f 367/367/367 370/370/370 369/369/369
f 367/367/367 371/371/371 370/370/370
f 371/371/371 372/372/372 370/370/370
f 371/371/371 373/373/373 372/372/372
f 373/373/373 374/374/374 372/372/372
f 377/377/377 376/376/376 375/375/375
f 375/375/375 378/378/378 377/377/377
f 378/378/378 379/379/379 377/377/377
f 378/378/378 380/380/380 379/379/379
f 380/380/380 381/381/381 379/379/379
f 380/380/380 382/382/382 381/381/381
f 385/385/385 384/384/384 383/383/383
f 386/386/386 385/385/385 383/383/383
f 386/386/386 383/383/383 387/387/387
f 388/388/388 386/386/386 387/387/387
f 387/387/387 389/389/389 388/388/388
f 389/389/389 390/390/390 388/388/388
f 393/393/393 392/392/392 391/391/391
f 394/394/394 393/393/393 391/391/391
f 397/397/397 396/396/396 395/395/395
f 395/395/395 398/398/398 397/397/397
f 395/395/395 399/399/399 398/398/398
f 399/399/399 400/400/400 398/398/398
f 403/403/403 402/402/402 401/401/401
f 404/404/404 403/403/403 401/401/401
f 407/407/407 406/406/406 405/405/405
f 408/408/408 407/407/407 405/405/405
f 411/411/411 410/410/410 409/409/409
f 409/409/409 412/412/412 411/411/411
f 409/409/409 413/413/413 412/412/412
f 413/413/413 414/414/414 412/412/412
f 417/417/417 416/416/416 415/415/415
f 415/415/415 418/418/418 417/417/417
f 418/418/418 419/419/419 417/417/417
f 418/418/418 420/420/420 419/419/419
f 420/420/420 421/421/421 419/419/419
f 420/420/420 422/422/422 421/421/421
f 425/425/425 424/424/424 423/423/423
f 423/423/423 426/426/426 425/425/425
f 426/426/426 427/427/427 425/425/425
f 426/426/426 428/428/428 427/427/427
f 428/428/428 429/429/429 427/427/427
f 428/428/428 430/430/430 429/429/429
f 433/433/433 432/432/432 431/431/431
f 434/434/434 433/433/433 431/431/431
f 437/437/437 436/436/436 435/435/435
f 438/438/438 437/437/437 435/435/435
f 441/441/441 440/440/440 439/439/439
f 442/442/442 441/441/441 439/439/439
f 443/443/443 441/441/441 442/442/442
f 444/444/444 443/443/443 442/442/442
f 445/445/445 443/443/443 444/444/444
f 446/446/446 445/445/445 444/444/444
f 447/447/447 445/445/445 446/446/446
f 448/448/448 447/447/447 446/446/446
f 449/449/449 447/447/447 448/448/448
f 450/450/450 449/449/449 448/448/448
f 451/451/451 449/449/449 450/450/450
f 452/452/452 451/451/451 450/450/450
f 455/455/455 454/454/454 453/453/453
f 456/456/456 455/455/455 453/453/453
f 455/455/455 456/456/456 457/457/457
f 456/456/456 458/458/458 457/457/457
f 459/459/459 457/457/457 458/458/458
f 460/460/460 459/459/459 458/458/458
f 463/463/463 462/462/462 461/461/461
f 464/464/464 463/463/463 461/461/461
f 463/463/463 464/464/464 465/465/465
f 464/464/464 466/466/466 465/465/465
f 467/467/467 465/465/465 466/466/466
f 468/468/468 467/467/467 466/466/466
f 471/471/471 470/470/470 469/469/469
f 470/470/470 472/472/472 469/469/469
f 473/473/473 472/472/472 470/470/470
f 474/474/474 473/473/473 470/470/470
f 474/474/474 475/475/475 473/473/473
f 475/475/475 476/476/476 473/473/473
f 479/479/479 478/478/478 477/477/477
f 480/480/480 479/479/479 477/477/477
f 480/480/480 481/481/481 479/479/479
f 481/481/481 482/482/482 479/479/479
f 481/481/481 480/480/480 483/483/483
f 484/484/484 480/480/480 477/477/477
f 480/480/480 484/484/484 483/483/483
f 485/485/485 484/484/484 477/477/477
f 486/486/486 483/483/483 484/484/484
f 484/484/484 485/485/485 487/487/487
f 488/488/488 486/486/486 484/484/484
f 488/488/488 484/484/484 487/487/487
f 491/491/491 490/490/490 489/489/489
f 492/492/492 491/491/491 489/489/489
f 491/491/491 492/492/492 493/493/493
f 492/492/492 494/494/494 493/493/493
f 495/495/495 493/493/493 494/494/494
f 496/496/496 495/495/495 494/494/494
f 499/499/499 498/498/498 497/497/497
f 500/500/500 499/499/499 497/497/497
f 500/500/500 497/497/497 501/501/501
f 497/497/497 502/502/502 501/501/501
f 501/501/501 502/502/502 503/503/503
f 504/504/504 501/501/501 503/503/503
f 507/507/507 506/506/506 505/505/505
f 508/508/508 507/507/507 505/505/505
f 507/507/507 508/508/508 509/509/509
f 510/510/510 507/507/507 509/509/509
f 511/511/511 509/509/509 508/508/508
f 512/512/512 508/508/508 505/505/505
f 512/512/512 511/511/511 508/508/508
f 513/513/513 512/512/512 505/505/505
f 511/511/511 512/512/512 514/514/514
f 512/512/512 513/513/513 515/515/515
f 512/512/512 516/516/516 514/514/514
f 516/516/516 512/512/512 515/515/515
f 519/519/519 518/518/518 517/517/517
f 517/517/517 520/520/520 519/519/519
f 517/517/517 521/521/521 520/520/520
f 517/517/517 522/522/522 521/521/521
f 517/517/517 523/523/523 522/522/522
f 526/526/526 525/525/525 524/524/524
f 524/524/524 527/527/527 526/526/526
f 524/524/524 528/528/528 527/527/527
f 524/524/524 529/529/529 528/528/528
f 524/524/524 530/530/530 529/529/529
f 533/533/533 532/532/532 531/531/531
f 531/531/531 534/534/534 533/533/533
f 531/531/531 535/535/535 534/534/534
f 531/531/531 536/536/536 535/535/535
f 531/531/531 537/537/537 536/536/536
f 540/540/540 539/539/539 538/538/538
f 538/538/538 541/541/541 540/540/540
f 538/538/538 542/542/542 541/541/541
f 545/545/545 544/544/544 543/543/543
f 543/543/543 546/546/546 545/545/545
f 543/543/543 547/547/547 546/546/546
f 543/543/543 548/548/548 547/547/547
f 543/543/543 549/549/549 548/548/548
f 552/552/552 551/551/551 550/550/550
f 550/550/550 553/553/553 552/552/552
f 550/550/550 554/554/554 553/553/553
f 557/557/557 556/556/556 555/555/555
f 555/555/555 558/558/558 557/557/557
f 555/555/555 559/559/559 558/558/558
f 555/555/555 560/560/560 559/559/559
f 555/555/555 561/561/561 560/560/560
f 564/564/564 563/563/563 562/562/562
f 563/563/563 565/565/565 562/562/562
f 566/566/566 565/565/565 563/563/563
f 567/567/567 566/566/566 563/563/563
f 567/567/567 568/568/568 566/566/566
f 568/568/568 569/569/569 566/566/566
f 572/572/572 571/571/571 570/570/570
f 571/571/571 573/573/573 570/570/570
f 574/574/574 573/573/573 571/571/571
f 575/575/575 574/574/574 571/571/571
f 575/575/575 576/576/576 574/574/574
f 576/576/576 577/577/577 574/574/574
f 580/580/580 579/579/579 578/578/578
f 581/581/581 580/580/580 578/578/578
f 580/580/580 581/581/581 582/582/582
f 581/581/581 583/583/583 582/582/582
f 584/584/584 582/582/582 583/583/583
f 585/585/585 584/584/584 583/583/583
f 588/588/588 587/587/587 586/586/586
f 587/587/587 589/589/589 586/586/586
f 590/590/590 589/589/589 587/587/587
f 591/591/591 590/590/590 587/587/587
f 591/591/591 592/592/592 590/590/590
f 592/592/592 593/593/593 590/590/590
f 596/596/596 595/595/595 594/594/594
f 595/595/595 597/597/597 594/594/594
f 598/598/598 594/594/594 597/597/597
f 599/599/599 598/598/598 597/597/597
f 598/598/598 599/599/599 600/600/600
f 599/599/599 601/601/601 600/600/600
f 604/604/604 603/603/603 602/602/602
f 605/605/605 604/604/604 602/602/602
f 606/606/606 604/604/604 605/605/605
f 605/605/605 602/602/602 607/607/607
f 605/605/605 608/608/608 606/606/606
f 609/609/609 605/605/605 607/607/607
f 605/605/605 609/609/609 608/608/608
f 609/609/609 607/607/607 610/610/610
f 608/608/608 609/609/609 610/610/610
f 613/613/613 612/612/612 611/611/611
f 614/614/614 613/613/613 611/611/611
f 614/614/614 611/611/611 615/615/615
f 613/613/613 614/614/614 616/616/616
f 616/616/616 614/614/614 615/615/615
f 616/616/616 617/617/617 613/613/613
f 616/616/616 615/615/615 618/618/618
f 616/616/616 619/619/619 617/617/617
f 619/619/619 616/616/616 618/618/618
f 622/622/622 621/621/621 620/620/620
f 623/623/623 622/622/622 620/620/620
f 624/624/624 622/622/622 623/623/623
f 623/623/623 620/620/620 625/625/625
f 623/623/623 626/626/626 624/624/624
f 627/627/627 623/623/623 625/625/625
f 623/623/623 627/627/627 626/626/626
f 627/627/627 625/625/625 628/628/628
f 627/627/627 629/629/629 626/626/626
f 629/629/629 627/627/627 628/628/628
f 629/629/629 630/630/630 626/626/626
f 629/629/629 628/628/628 631/631/631
f 630/630/630 629/629/629 631/631/631
f 634/634/634 633/633/633 632/632/632
f 635/635/635 634/634/634 632/632/632
f 635/635/635 632/632/632 636/636/636
f 632/632/632 637/637/637 636/636/636
f 636/636/636 637/637/637 638/638/638
f 639/639/639 636/636/636 638/638/638
f 642/642/642 641/641/641 640/640/640
f 641/641/641 643/643/643 640/640/640
f 644/644/644 643/643/643 641/641/641
f 645/645/645 644/644/644 641/641/641
f 645/645/645 646/646/646 644/644/644
f 646/646/646 647/647/647 644/644/644
f 650/650/650 649/649/649 648/648/648
f 651/651/651 650/650/650 648/648/648
f 652/652/652 650/650/650 651/651/651
f 651/651/651 648/648/648 653/653/653
f 651/651/651 654/654/654 652/652/652
f 655/655/655 651/651/651 653/653/653
f 651/651/651 655/655/655 654/654/654
f 655/655/655 653/653/653 656/656/656
f 655/655/655 657/657/657 654/654/654
f 657/657/657 655/655/655 656/656/656
f 657/657/657 658/658/658 654/654/654
f 657/657/657 656/656/656 659/659/659
f 658/658/658 657/657/657 659/659/659
f 662/662/662 661/661/661 660/660/660
f 663/663/663 662/662/662 660/660/660
f 664/664/664 662/662/662 663/663/663
f 663/663/663 660/660/660 665/665/665
f 663/663/663 666/666/666 664/664/664
f 667/667/667 663/663/663 665/665/665
f 663/663/663 667/667/667 666/666/666
f 667/667/667 665/665/665 668/668/668
f 667/667/667 669/669/669 666/666/666
f 669/669/669 667/667/667 668/668/668
f 669/669/669 670/670/670 666/666/666
f 669/669/669 668/668/668 671/671/671
f 670/670/670 669/669/669 671/671/671
f 674/674/674 673/673/673 672/672/672
f 675/675/675 674/674/674 672/672/672
f 676/676/676 674/674/674 675/675/675
f 675/675/675 672/672/672 677/677/677
f 675/675/675 678/678/678 676/676/676
f 679/679/679 675/675/675 677/677/677
f 675/675/675 679/679/679 678/678/678
f 679/679/679 677/677/677 680/680/680
f 679/679/679 681/681/681 678/678/678
f 681/681/681 679/679/679 680/680/680
f 681/681/681 682/682/682 678/678/678
f 681/681/681 680/680/680 683/683/683
f 682/682/682 681/681/681 683/683/683
f 686/686/686 685/685/685 684/684/684
f 687/687/687 686/686/686 684/684/684
f 688/688/688 686/686/686 687/687/687
f 687/687/687 684/684/684 689/689/689
f 687/687/687 690/690/690 688/688/688
f 691/691/691 687/687/687 689/689/689
f 687/687/687 691/691/691 690/690/690
f 691/691/691 689/689/689 692/692/692
f 691/691/691 693/693/693 690/690/690
f 693/693/693 691/691/691 692/692/692
f 693/693/693 694/694/694 690/690/690
f 693/693/693 692/692/692 695/695/695
f 694/694/694 693/693/693 695/695/695
f 698/698/698 697/697/697 696/696/696
f 696/696/696 699/699/699 698/698/698
f 699/699/699 700/700/700 698/698/698
f 700/700/700 701/701/701 698/698/698
f 704/704/704 703/703/703 702/702/702
f 702/702/702 705/705/705 704/704/704
f 702/702/702 706/706/706 705/705/705
f 706/706/706 707/707/707 705/705/705
f 710/710/710 709/709/709 708/708/708
f 708/708/708 711/711/711 710/710/710
f 711/711/711 712/712/712 710/710/710
f 711/711/711 713/713/713 712/712/712
f 713/713/713 714/714/714 712/712/712
f 713/713/713 715/715/715 714/714/714
f 715/715/715 716/716/716 714/714/714
f 715/715/715 717/717/717 716/716/716
f 717/717/717 718/718/718 716/716/716
f 717/717/717 719/719/719 718/718/718
f 722/722/722 721/721/721 720/720/720
f 723/723/723 722/722/722 720/720/720
f 726/726/726 725/725/725 724/724/724
f 727/727/727 726/726/726 724/724/724
f 728/728/728 726/726/726 727/727/727
f 729/729/729 728/728/728 727/727/727
f 730/730/730 728/728/728 729/729/729
f 731/731/731 730/730/730 729/729/729
f 732/732/732 730/730/730 731/731/731
f 733/733/733 732/732/732 731/731/731
f 734/734/734 732/732/732 733/733/733
f 735/735/735 734/734/734 733/733/733
f 736/736/736 734/734/734 735/735/735
f 737/737/737 736/736/736 735/735/735
f 738/738/738 736/736/736 737/737/737
f 739/739/739 738/738/738 737/737/737
f 740/740/740 738/738/738 739/739/739
f 741/741/741 740/740/740 739/739/739
f 742/742/742 740/740/740 741/741/741
f 743/743/743 742/742/742 741/741/741
f 744/744/744 742/742/742 743/743/743
f 745/745/745 744/744/744 743/743/743
f 746/746/746 744/744/744 745/745/745
f 747/747/747 746/746/746 745/745/745
f 750/750/750 749/749/749 748/748/748
f 748/748/748 751/751/751 750/750/750
f 748/748/748 752/752/752 751/751/751
f 752/752/752 753/753/753 751/751/751
f 752/752/752 754/754/754 753/753/753
f 754/754/754 755/755/755 753/753/753
f 754/754/754 756/756/756 755/755/755
f 756/756/756 757/757/757 755/755/755
f 756/756/756 758/758/758 757/757/757
f 758/758/758 759/759/759 757/757/757
f 762/762/762 761/761/761 760/760/760
f 760/760/760 763/763/763 762/762/762
f 760/760/760 764/764/764 763/763/763
f 764/764/764 765/765/765 763/763/763
f 764/764/764 766/766/766 765/765/765
f 766/766/766 767/767/767 765/765/765
f 770/770/770 769/769/769 768/768/768
f 768/768/768 771/771/771 770/770/770
f 771/771/771 772/772/772 770/770/770
f 771/771/771 773/773/773 772/772/772
f 773/773/773 774/774/774 772/772/772
f 773/773/773 775/775/775 774/774/774
f 775/775/775 776/776/776 774/774/774
f 775/775/775 777/777/777 776/776/776
f 777/777/777 778/778/778 776/776/776
f 777/777/777 779/779/779 778/778/778
f 782/782/782 781/781/781 780/780/780
f 780/780/780 783/783/783 782/782/782
f 783/783/783 784/784/784 782/782/782
f 783/783/783 785/785/785 784/784/784
f 785/785/785 786/786/786 784/784/784
f 785/785/785 787/787/787 786/786/786
f 787/787/787 788/788/788 786/786/786
f 787/787/787 789/789/789 788/788/788
f 789/789/789 790/790/790 788/788/788
f 789/789/789 791/791/791 790/790/790
f 794/794/794 793/793/793 792/792/792
f 792/792/792 795/795/795 794/794/794
f 795/795/795 796/796/796 794/794/794
f 795/795/795 797/797/797 796/796/796
f 797/797/797 798/798/798 796/796/796
f 797/797/797 799/799/799 798/798/798
f 799/799/799 800/800/800 798/798/798
f 799/799/799 801/801/801 800/800/800
f 801/801/801 802/802/802 800/800/800
f 801/801/801 803/803/803 802/802/802
f 806/806/806 805/805/805 804/804/804
f 804/804/804 807/807/807 806/806/806
f 807/807/807 808/808/808 806/806/806
f 807/807/807 809/809/809 808/808/808
f 809/809/809 810/810/810 808/808/808
f 809/809/809 811/811/811 810/810/810
f 811/811/811 812/812/812 810/810/810
f 811/811/811 813/813/813 812/812/812
f 813/813/813 814/814/814 812/812/812
f 813/813/813 815/815/815 814/814/814
f 818/818/818 817/817/817 816/816/816
f 816/816/816 819/819/819 818/818/818
f 819/819/819 820/820/820 818/818/818
f 819/819/819 821/821/821 820/820/820
f 821/821/821 822/822/822 820/820/820
f 821/821/821 823/823/823 822/822/822
f 823/823/823 824/824/824 822/822/822
f 823/823/823 825/825/825 824/824/824
f 825/825/825 826/826/826 824/824/824
f 825/825/825 827/827/827 826/826/826
f 830/830/830 829/829/829 828/828/828
f 828/828/828 831/831/831 830/830/830
f 831/831/831 832/832/832 830/830/830
f 831/831/831 833/833/833 832/832/832
f 833/833/833 834/834/834 832/832/832
f 833/833/833 835/835/835 834/834/834
f 835/835/835 836/836/836 834/834/834
f 835/835/835 837/837/837 836/836/836
f 837/837/837 838/838/838 836/836/836
f 837/837/837 839/839/839 838/838/838
f 842/842/842 841/841/841 840/840/840
f 841/841/841 843/843/843 840/840/840
f 840/840/840 843/843/843 844/844/844
f 843/843/843 845/845/845 844/844/844
f 848/848/848 847/847/847 846/846/846
f 849/849/849 848/848/848 846/846/846
f 850/850/850 848/848/848 849/849/849
f 851/851/851 850/850/850 849/849/849
f 854/854/854 853/853/853 852/852/852
f 853/853/853 855/855/855 852/852/852
f 852/852/852 855/855/855 856/856/856
f 855/855/855 857/857/857 856/856/856
f 856/856/856 857/857/857 858/858/858
f 857/857/857 859/859/859 858/858/858
f 858/858/858 859/859/859 860/860/860
f 859/859/859 861/861/861 860/860/860
f 860/860/860 861/861/861 862/862/862
f 861/861/861 863/863/863 862/862/862
f 862/862/862 863/863/863 864/864/864
f 863/863/863 865/865/865 864/864/864
f 868/868/868 867/867/867 866/866/866
f 869/869/869 868/868/868 866/866/866
f 870/870/870 868/868/868 869/869/869
f 871/871/871 870/870/870 869/869/869
f 872/872/872 870/870/870 871/871/871
f 873/873/873 872/872/872 871/871/871
f 874/874/874 872/872/872 873/873/873
f 875/875/875 874/874/874 873/873/873
f 876/876/876 874/874/874 875/875/875
f 877/877/877 876/876/876 875/875/875
f 878/878/878 876/876/876 877/877/877
f 879/879/879 878/878/878 877/877/877
f 882/882/882 881/881/881 880/880/880
f 883/883/883 882/882/882 880/880/880
f 884/884/884 882/882/882 883/883/883
f 885/885/885 884/884/884 883/883/883
f 888/888/888 887/887/887 886/886/886
f 889/889/889 888/888/888 886/886/886
f 890/890/890 888/888/888 889/889/889
f 891/891/891 890/890/890 889/889/889
f 894/894/894 893/893/893 892/892/892
f 895/895/895 894/894/894 892/892/892
f 895/895/895 892/892/892 896/896/896
f 897/897/897 895/895/895 896/896/896
f 900/900/900 899/899/899 898/898/898
f 899/899/899 901/901/901 898/898/898
f 899/899/899 902/902/902 901/901/901
f 902/902/902 903/903/903 901/901/901
f 906/906/906 905/905/905 904/904/904
f 907/907/907 906/906/906 904/904/904
f 907/907/907 904/904/904 908/908/908
f 909/909/909 907/907/907 908/908/908
f 909/909/909 908/908/908 910/910/910
f 911/911/911 909/909/909 910/910/910
f 911/911/911 910/910/910 912/912/912
f 913/913/913 911/911/911 912/912/912
f 913/913/913 912/912/912 914/914/914
f 915/915/915 913/913/913 914/914/914
f 915/915/915 914/914/914 916/916/916
f 917/917/917 915/915/915 916/916/916
f 920/920/920 919/919/919 918/918/918
f 919/919/919 921/921/921 918/918/918
f 919/919/919 922/922/922 921/921/921
f 922/922/922 923/923/923 921/921/921
f 922/922/922 924/924/924 923/923/923
f 924/924/924 925/925/925 923/923/923
f 924/924/924 926/926/926 925/925/925
f 926/926/926 927/927/927 925/925/925
f 926/926/926 928/928/928 927/927/927
f 928/928/928 929/929/929 927/927/927
f 928/928/928 930/930/930 929/929/929
f 930/930/930 931/931/931 929/929/929
f 934/934/934 933/933/933 932/932/932
f 933/933/933 935/935/935 932/932/932
f 933/933/933 936/936/936 935/935/935
f 936/936/936 937/937/937 935/935/935
f 940/940/940 939/939/939 938/938/938
f 939/939/939 941/941/941 938/938/938
f 939/939/939 942/942/942 941/941/941
f 942/942/942 943/943/943 941/941/941
f 946/946/946 945/945/945 944/944/944
f 947/947/947 946/946/946 944/944/944
f 950/950/950 949/949/949 948/948/948
f 951/951/951 950/950/950 948/948/948
f 954/954/954 953/953/953 952/952/952
f 955/955/955 954/954/954 952/952/952
f 956/956/956 954/954/954 955/955/955
f 957/957/957 956/956/956 955/955/955
f 958/958/958 956/956/956 957/957/957
f 959/959/959 958/958/958 957/957/957
f 960/960/960 958/958/958 959/959/959
f 961/961/961 960/960/960 959/959/959
f 962/962/962 960/960/960 961/961/961
f 963/963/963 962/962/962 961/961/961
f 964/964/964 962/962/962 963/963/963
f 965/965/965 964/964/964 963/963/963
f 968/968/968 967/967/967 966/966/966
f 969/969/969 968/968/968 966/966/966
f 970/970/970 968/968/968 969/969/969
f 971/971/971 970/970/970 969/969/969
f 972/972/972 970/970/970 971/971/971
f 973/973/973 972/972/972 971/971/971
f 976/976/976 975/975/975 974/974/974
f 975/975/975 977/977/977 974/974/974
f 974/974/974 977/977/977 978/978/978
f 977/977/977 979/979/979 978/978/978
f 978/978/978 979/979/979 980/980/980
f 979/979/979 981/981/981 980/980/980
f 984/984/984 983/983/983 982/982/982
f 984/984/984 982/982/982 985/985/985
f 986/986/986 984/984/984 985/985/985
f 986/986/986 987/987/987 984/984/984
f 987/987/987 986/986/986 988/988/988
f 988/988/988 986/986/986 989/989/989
f 989/989/989 990/990/990 988/988/988
f 989/989/989 986/986/986 991/991/991
f 989/989/989 992/992/992 990/990/990
f 991/991/991 993/993/993 989/989/989
f 993/993/993 994/994/994 989/989/989
f 989/989/989 995/995/995 992/992/992
f 995/995/995 996/996/996 982/982/982
f 995/995/995 989/989/989 996/996/996
f 982/982/982 997/997/997 985/985/985
f 997/997/997 998/998/998 985/985/985
f 999/999/999 997/997/997 982/982/982
f 996/996/996 999/999/999 982/982/982
f 999/999/999 996/996/996 1000/1000/1000
f 996/996/996 1001/1001/1001 1000/1000/1000
f 1002/1002/1002 1000/1000/1000 1001/1001/1001
f 1003/1003/1003 1002/1002/1002 1001/1001/1001
f 1003/1003/1003 1001/1001/1001 1004/1004/1004
f 1004/1004/1004 1005/1005/1005 1003/1003/1003
f 1006/1006/1006 1001/1001/1001 996/996/996
f 996/996/996 1007/1007/1007 1006/1006/1006
f 1007/1007/1007 996/996/996 989/989/989
f 989/989/989 1008/1008/1008 1007/1007/1007
f 1008/1008/1008 1009/1009/1009 1007/1007/1007
f 1008/1008/1008 1010/1010/1010 1009/1009/1009
f 1011/1011/1011 1010/1010/1010 1008/1008/1008
f 1008/1008/1008 1012/1012/1012 1011/1011/1011
f 1012/1012/1012 1008/1008/1008 1013/1013/1013
f 1008/1008/1008 1014/1014/1014 1013/1013/1013
f 1015/1015/1015 1008/1008/1008 989/989/989
f 1015/1015/1015 1016/1016/1016 1008/1008/1008
f 1016/1016/1016 1017/1017/1017 1008/1008/1008
f 989/989/989 1018/1018/1018 1015/1015/1015
f 1019/1019/1019 1018/1018/1018 989/989/989
f 1015/1015/1015 1018/1018/1018 1020/1020/1020
f 1020/1020/1020 1018/1018/1018 1021/1021/1021
f 1021/1021/1021 1022/1022/1022 1020/1020/1020
f 1021/1021/1021 1023/1023/1023 1022/1022/1022
f 1017/1017/1017 1023/1023/1023 1021/1021/1021
f 1021/1021/1021 1024/1024/1024 1017/1017/1017
f 1014/1014/1014 1024/1024/1024 1021/1021/1021
f 1025/1025/1025 1014/1014/1014 1021/1021/1021
f 1026/1026/1026 1025/1025/1025 1021/1021/1021
f 1027/1027/1027 1026/1026/1026 1021/1021/1021
f 1027/1027/1027 1021/1021/1021 1018/1018/1018
f 1028/1028/1028 1027/1027/1027 1018/1018/1018
f 1028/1028/1028 1018/1018/1018 1029/1029/1029
f 1030/1030/1030 1028/1028/1028 1029/1029/1029
f 1032/1032/1032 1030/1030/1030 1031/1031/1031
f 1032/1032/1032 1031/1031/1031 1033/1033/1033
f 1033/1033/1033 1034/1034/1034 1032/1032/1032
f 1034/1034/1034 1033/1033/1033 1035/1035/1035
f 1033/1033/1033 1036/1036/1036 1035/1035/1035
f 1034/1034/1034 1035/1035/1035 1037/1037/1037
f 1038/1038/1038 1034/1034/1034 1037/1037/1037
f 1037/1037/1037 1039/1039/1039 1038/1038/1038
f 1037/1037/1037 1040/1040/1040 1039/1039/1039
f 1038/1038/1038 1039/1039/1039 1041/1041/1041
f 985/985/985 1041/1041/1041 1039/1039/1039
f 1042/1042/1042 1038/1038/1038 1041/1041/1041
f 1043/1043/1043 1038/1038/1038 1042/1042/1042
f 1041/1041/1041 1044/1044/1044 1042/1042/1042
f 1042/1042/1042 1045/1045/1045 1043/1043/1043
f 1046/1046/1046 1042/1042/1042 1044/1044/1044
f 1045/1045/1045 1042/1042/1042 1046/1046/1046
f 1047/1047/1047 1046/1046/1046 1044/1044/1044
f 1046/1046/1046 1030/1030/1030 1045/1045/1045
f 1050/1050/1050 1049/1049/1049 1048/1048/1048
f 1049/1049/1049 1051/1051/1051 1048/1048/1048
f 1048/1048/1048 1051/1051/1051 1052/1052/1052
f 1051/1051/1051 1053/1053/1053 1052/1052/1052
f 1052/1052/1052 1053/1053/1053 1054/1054/1054
f 1053/1053/1053 1055/1055/1055 1054/1054/1054
f 1055/1055/1055 1056/1056/1056 1054/1054/1054
f 1056/1056/1056 1057/1057/1057 1054/1054/1054
f 1060/1060/1060 1059/1059/1059 1058/1058/1058
f 1058/1058/1058 1061/1061/1061 1060/1060/1060
f 1064/1064/1064 1063/1063/1063 1062/1062/1062
f 1063/1063/1063 1065/1065/1065 1062/1062/1062
f 1066/1066/1066 1062/1062/1062 1065/1065/1065
f 1067/1067/1067 1066/1066/1066 1065/1065/1065
f 1066/1066/1066 1067/1067/1067 1068/1068/1068
f 1065/1065/1065 1063/1063/1063 1069/1069/1069
f 1067/1067/1067 1065/1065/1065 1069/1069/1069
f 1063/1063/1063 1070/1070/1070 1069/1069/1069
f 1069/1069/1069 1070/1070/1070 1071/1071/1071
f 1070/1070/1070 1072/1072/1072 1071/1071/1071
f 1067/1067/1067 1073/1073/1073 1068/1068/1068
f 1074/1074/1074 1068/1068/1068 1073/1073/1073
f 1075/1075/1075 1067/1067/1067 1069/1069/1069
f 1075/1075/1075 1069/1069/1069 1071/1071/1071
f 1075/1075/1075 1076/1076/1076 1067/1067/1067
f 1071/1071/1071 1072/1072/1072 1077/1077/1077
f 1072/1072/1072 1078/1078/1078 1077/1077/1077
f 1078/1078/1078 1079/1079/1079 1077/1077/1077
f 1080/1080/1080 1075/1075/1075 1071/1071/1071
f 1075/1075/1075 1080/1080/1080 1076/1076/1076
f 1080/1080/1080 1071/1071/1071 1077/1077/1077
f 1079/1079/1079 1081/1081/1081 1077/1077/1077
f 1079/1079/1079 1082/1082/1082 1081/1081/1081
f 1083/1083/1083 1080/1080/1080 1077/1077/1077
f 1083/1083/1083 1077/1077/1077 1081/1081/1081
f 1082/1082/1082 1084/1084/1084 1081/1081/1081
f 1082/1082/1082 1085/1085/1085 1084/1084/1084
f 1080/1080/1080 1086/1086/1086 1076/1076/1076
f 1080/1080/1080 1083/1083/1083 1086/1086/1086
f 1087/1087/1087 1083/1083/1083 1081/1081/1081
f 1087/1087/1087 1081/1081/1081 1084/1084/1084
f 1085/1085/1085 1088/1088/1088 1084/1084/1084
f 1085/1085/1085 1089/1089/1089 1088/1088/1088
f 1083/1083/1083 1090/1090/1090 1086/1086/1086
f 1083/1083/1083 1087/1087/1087 1090/1090/1090
f 1089/1089/1089 1091/1091/1091 1088/1088/1088
f 1091/1091/1091 1092/1092/1092 1088/1088/1088
f 1089/1089/1089 1093/1093/1093 1091/1091/1091
f 1093/1093/1093 1094/1094/1094 1091/1091/1091
f 1091/1091/1091 1094/1094/1094 1092/1092/1092
f 1093/1093/1093 1095/1095/1095 1094/1094/1094
f 1088/1088/1088 1096/1096/1096 1084/1084/1084
f 1092/1092/1092 1096/1096/1096 1088/1088/1088
f 1097/1097/1097 1087/1087/1087 1084/1084/1084
f 1096/1096/1096 1097/1097/1097 1084/1084/1084
f 1095/1095/1095 1098/1098/1098 1094/1094/1094
f 1095/1095/1095 1099/1099/1099 1098/1098/1098
f 1087/1087/1087 1097/1097/1097 1100/1100/1100
f 1097/1097/1097 1096/1096/1096 1101/1101/1101
f 1097/1097/1097 1101/1101/1101 1100/1100/1100
f 1102/1102/1102 1100/1100/1100 1101/1101/1101
f 1087/1087/1087 1100/1100/1100 1103/1103/1103
f 1087/1087/1087 1103/1103/1103 1090/1090/1090
f 1100/1100/1100 1104/1104/1104 1103/1103/1103
f 1100/1100/1100 1102/1102/1102 1104/1104/1104
f 1103/1103/1103 1105/1105/1105 1090/1090/1090
f 1105/1105/1105 1103/1103/1103 1104/1104/1104
f 1096/1096/1096 1092/1092/1092 1106/1106/1106
f 1096/1096/1096 1106/1106/1106 1101/1101/1101
f 1105/1105/1105 1107/1107/1107 1090/1090/1090
f 1090/1090/1090 1107/1107/1107 1086/1086/1086
f 1107/1107/1107 1108/1108/1108 1086/1086/1086
f 1108/1108/1108 1107/1107/1107 1109/1109/1109
f 1086/1086/1086 1108/1108/1108 1076/1076/1076
f 1107/1107/1107 1105/1105/1105 1110/1110/1110
f 1107/1107/1107 1110/1110/1110 1109/1109/1109
f 1111/1111/1111 1102/1102/1102 1101/1101/1101
f 1112/1112/1112 1111/1111/1111 1101/1101/1101
f 1106/1106/1106 1112/1112/1112 1101/1101/1101
f 1113/1113/1113 1112/1112/1112 1106/1106/1106
f 1102/1102/1102 1111/1111/1111 1114/1114/1114
f 1115/1115/1115 1113/1113/1113 1106/1106/1106
f 1113/1113/1113 1115/1115/1115 1116/1116/1116
f 1092/1092/1092 1115/1115/1115 1106/1106/1106
f 1115/1115/1115 1117/1117/1117 1116/1116/1116
f 1117/1117/1117 1115/1115/1115 1092/1092/1092
f 1118/1118/1118 1116/1116/1116 1117/1117/1117
f 1119/1119/1119 1102/1102/1102 1114/1114/1114
f 1119/1119/1119 1120/1120/1120 1102/1102/1102
f 1119/1119/1119 1114/1114/1114 1121/1121/1121
f 1122/1122/1122 1119/1119/1119 1121/1121/1121
f 1119/1119/1119 1122/1122/1122 1120/1120/1120
f 1122/1122/1122 1121/1121/1121 1123/1123/1123
f 1124/1124/1124 1122/1122/1122 1123/1123/1123
f 1124/1124/1124 1123/1123/1123 1074/1074/1074
f 1125/1125/1125 1117/1117/1117 1092/1092/1092
f 1094/1094/1094 1125/1125/1125 1092/1092/1092
f 1126/1126/1126 1125/1125/1125 1094/1094/1094
f 1125/1125/1125 1126/1126/1126 1117/1117/1117
f 1098/1098/1098 1126/1126/1126 1094/1094/1094
f 1127/1127/1127 1118/1118/1118 1117/1117/1117
f 1126/1126/1126 1127/1127/1127 1117/1117/1117
f 1126/1126/1126 1128/1128/1128 1127/1127/1127
f 1129/1129/1129 1128/1128/1128 1126/1126/1126
f 1098/1098/1098 1129/1129/1129 1126/1126/1126
f 1099/1099/1099 1129/1129/1129 1098/1098/1098
f 1129/1129/1129 1099/1099/1099 1130/1130/1130
f 1128/1128/1128 1129/1129/1129 1130/1130/1130
f 1099/1099/1099 1131/1131/1131 1130/1130/1130
f 1132/1132/1132 1118/1118/1118 1127/1127/1127
f 1118/1118/1118 1132/1132/1132 1133/1133/1133
f 1130/1130/1130 1131/1131/1131 1134/1134/1134
f 1131/1131/1131 1135/1135/1135 1134/1134/1134
f 1135/1135/1135 1136/1136/1136 1134/1134/1134
f 1137/1137/1137 1128/1128/1128 1130/1130/1130
f 1137/1137/1137 1130/1130/1130 1134/1134/1134
f 1137/1137/1137 1138/1138/1138 1128/1128/1128
f 1136/1136/1136 1139/1139/1139 1134/1134/1134
f 1136/1136/1136 1140/1140/1140 1139/1139/1139
f 1141/1141/1141 1137/1137/1137 1134/1134/1134
f 1137/1137/1137 1141/1141/1141 1138/1138/1138
f 1141/1141/1141 1134/1134/1134 1139/1139/1139
f 1142/1142/1142 1132/1132/1132 1127/1127/1127
f 1128/1128/1128 1142/1142/1142 1127/1127/1127
f 1132/1132/1132 1143/1143/1143 1133/1133/1133
f 1133/1133/1133 1143/1143/1143 1144/1144/1144
f 1140/1140/1140 1145/1145/1145 1139/1139/1139
f 1145/1145/1145 1146/1146/1146 1139/1139/1139
f 1140/1140/1140 1147/1147/1147 1145/1145/1145
f 1147/1147/1147 1148/1148/1148 1145/1145/1145
f 1146/1146/1146 1145/1145/1145 1148/1148/1148
f 1149/1149/1149 1146/1146/1146 1148/1148/1148
f 1150/1150/1150 1141/1141/1141 1139/1139/1139
f 1146/1146/1146 1150/1150/1150 1139/1139/1139
f 1141/1141/1141 1150/1150/1150 1151/1151/1151
f 1141/1141/1141 1151/1151/1151 1138/1138/1138
f 1143/1143/1143 1152/1152/1152 1144/1144/1144
f 1144/1144/1144 1152/1152/1152 1153/1153/1153
f 1154/1154/1154 1146/1146/1146 1149/1149/1149
f 1155/1155/1155 1154/1154/1154 1149/1149/1149
f 1156/1156/1156 1154/1154/1154 1155/1155/1155
f 1157/1157/1157 1156/1156/1156 1155/1155/1155
f 1156/1156/1156 1157/1157/1157 1153/1153/1153
f 1150/1150/1150 1146/1146/1146 1158/1158/1158
f 1150/1150/1150 1158/1158/1158 1151/1151/1151
f 1146/1146/1146 1154/1154/1154 1159/1159/1159
f 1146/1146/1146 1159/1159/1159 1158/1158/1158
f 1154/1154/1154 1160/1160/1160 1159/1159/1159
f 1154/1154/1154 1156/1156/1156 1160/1160/1160
f 1159/1159/1159 1161/1161/1161 1158/1158/1158
f 1161/1161/1161 1159/1159/1159 1160/1160/1160
f 1158/1158/1158 1162/1162/1162 1151/1151/1151
f 1161/1161/1161 1162/1162/1162 1158/1158/1158
f 1152/1152/1152 1163/1163/1163 1153/1153/1153
f 1163/1163/1163 1156/1156/1156 1153/1153/1153
f 1163/1163/1163 1152/1152/1152 1164/1164/1164
f 1163/1163/1163 1164/1164/1164 1156/1156/1156
f 1156/1156/1156 1165/1165/1165 1160/1160/1160
f 1164/1164/1164 1165/1165/1165 1156/1156/1156
f 1165/1165/1165 1166/1166/1166 1160/1160/1160
f 1166/1166/1166 1165/1165/1165 1164/1164/1164
f 1162/1162/1162 1167/1167/1167 1151/1151/1151
f 1167/1167/1167 1162/1162/1162 1168/1168/1168
f 1151/1151/1151 1167/1167/1167 1138/1138/1138
f 1169/1169/1169 1161/1161/1161 1160/1160/1160
f 1166/1166/1166 1169/1169/1169 1160/1160/1160
f 1162/1162/1162 1161/1161/1161 1170/1170/1170
f 1162/1162/1162 1170/1170/1170 1168/1168/1168
f 1161/1161/1161 1169/1169/1169 1171/1171/1171
f 1161/1161/1161 1171/1171/1171 1170/1170/1170
f 1169/1169/1169 1172/1172/1172 1171/1171/1171
f 1169/1169/1169 1166/1166/1166 1172/1172/1172
f 1171/1171/1171 1173/1173/1173 1170/1170/1170
f 1173/1173/1173 1171/1171/1171 1172/1172/1172
f 1170/1170/1170 1174/1174/1174 1168/1168/1168
f 1173/1173/1173 1174/1174/1174 1170/1170/1170
f 1174/1174/1174 1175/1175/1175 1168/1168/1168
f 1176/1176/1176 1175/1175/1175 1174/1174/1174
f 1173/1173/1173 1176/1176/1176 1174/1174/1174
f 1177/1177/1177 1176/1176/1176 1173/1173/1173
f 1175/1175/1175 1178/1178/1178 1168/1168/1168
f 1179/1179/1179 1177/1177/1177 1173/1173/1173
f 1179/1179/1179 1173/1173/1173 1172/1172/1172
f 1180/1180/1180 1177/1177/1177 1179/1179/1179
f 1181/1181/1181 1180/1180/1180 1179/1179/1179
f 1181/1181/1181 1179/1179/1179 1172/1172/1172
f 1182/1182/1182 1180/1180/1180 1181/1181/1181
f 1168/1168/1168 1178/1178/1178 1183/1183/1183
f 1178/1178/1178 1184/1184/1184 1183/1183/1183
f 1168/1168/1168 1183/1183/1183 1185/1185/1185
f 1167/1167/1167 1168/1168/1168 1185/1185/1185
f 1183/1183/1183 1184/1184/1184 1186/1186/1186
f 1183/1183/1183 1186/1186/1186 1185/1185/1185
f 1184/1184/1184 1187/1187/1187 1186/1186/1186
f 1188/1188/1188 1181/1181/1181 1172/1172/1172
f 1166/1166/1166 1188/1188/1188 1172/1172/1172
f 1189/1189/1189 1182/1182/1182 1181/1181/1181
f 1190/1190/1190 1182/1182/1182 1189/1189/1189
f 1191/1191/1191 1190/1190/1190 1189/1189/1189
f 1192/1192/1192 1190/1190/1190 1191/1191/1191
f 1181/1181/1181 1188/1188/1188 1193/1193/1193
f 1189/1189/1189 1181/1181/1181 1193/1193/1193
f 1193/1193/1193 1188/1188/1188 1166/1166/1166
f 1191/1191/1191 1189/1189/1189 1193/1193/1193
f 1194/1194/1194 1193/1193/1193 1166/1166/1166
f 1194/1194/1194 1166/1166/1166 1164/1164/1164
f 1194/1194/1194 1195/1195/1195 1193/1193/1193
f 1195/1195/1195 1194/1194/1194 1164/1164/1164
f 1195/1195/1195 1191/1191/1191 1193/1193/1193
f 1196/1196/1196 1195/1195/1195 1164/1164/1164
f 1152/1152/1152 1196/1196/1196 1164/1164/1164
f 1152/1152/1152 1143/1143/1143 1196/1196/1196
f 1197/1197/1197 1195/1195/1195 1196/1196/1196
f 1195/1195/1195 1197/1197/1197 1191/1191/1191
f 1143/1143/1143 1198/1198/1198 1196/1196/1196
f 1198/1198/1198 1197/1197/1197 1196/1196/1196
f 1143/1143/1143 1132/1132/1132 1198/1198/1198
f 1199/1199/1199 1192/1192/1192 1191/1191/1191
f 1200/1200/1200 1192/1192/1192 1199/1199/1199
f 1197/1197/1197 1201/1201/1201 1191/1191/1191
f 1201/1201/1201 1199/1199/1199 1191/1191/1191
f 1202/1202/1202 1200/1200/1200 1199/1199/1199
f 1202/1202/1202 1199/1199/1199 1201/1201/1201
f 1203/1203/1203 1200/1200/1200 1202/1202/1202
f 1204/1204/1204 1197/1197/1197 1198/1198/1198
f 1197/1197/1197 1204/1204/1204 1201/1201/1201
f 1132/1132/1132 1205/1205/1205 1198/1198/1198
f 1205/1205/1205 1204/1204/1204 1198/1198/1198
f 1132/1132/1132 1142/1142/1142 1205/1205/1205
f 1142/1142/1142 1206/1206/1206 1205/1205/1205
f 1204/1204/1204 1205/1205/1205 1206/1206/1206
f 1142/1142/1142 1128/1128/1128 1206/1206/1206
f 1204/1204/1204 1207/1207/1207 1201/1201/1201
f 1207/1207/1207 1202/1202/1202 1201/1201/1201
f 1208/1208/1208 1203/1203/1203 1202/1202/1202
f 1187/1187/1187 1203/1203/1203 1208/1208/1208
f 1186/1186/1186 1187/1187/1187 1208/1208/1208
f 1208/1208/1208 1202/1202/1202 1209/1209/1209
f 1202/1202/1202 1207/1207/1207 1209/1209/1209
f 1186/1186/1186 1208/1208/1208 1209/1209/1209
f 1204/1204/1204 1210/1210/1210 1207/1207/1207
f 1210/1210/1210 1204/1204/1204 1206/1206/1206
f 1210/1210/1210 1209/1209/1209 1207/1207/1207
f 1211/1211/1211 1210/1210/1210 1206/1206/1206
f 1210/1210/1210 1211/1211/1211 1209/1209/1209
f 1128/1128/1128 1212/1212/1212 1206/1206/1206
f 1212/1212/1212 1211/1211/1211 1206/1206/1206
f 1138/1138/1138 1212/1212/1212 1128/1128/1128
f 1211/1211/1211 1212/1212/1212 1138/1138/1138
f 1213/1213/1213 1186/1186/1186 1209/1209/1209
f 1211/1211/1211 1213/1213/1213 1209/1209/1209
f 1186/1186/1186 1213/1213/1213 1185/1185/1185
f 1185/1185/1185 1213/1213/1213 1211/1211/1211
f 1214/1214/1214 1211/1211/1211 1138/1138/1138
f 1214/1214/1214 1185/1185/1185 1211/1211/1211
f 1167/1167/1167 1214/1214/1214 1138/1138/1138
f 1214/1214/1214 1167/1167/1167 1185/1185/1185
f 1217/1217/1217 1216/1216/1216 1215/1215/1215
f 1218/1218/1218 1217/1217/1217 1215/1215/1215
f 1218/1218/1218 1215/1215/1215 1219/1219/1219
f 1220/1220/1220 1218/1218/1218 1219/1219/1219
f 1220/1220/1220 1219/1219/1219 1221/1221/1221
f 1222/1222/1222 1220/1220/1220 1221/1221/1221
f 1222/1222/1222 1221/1221/1221 1223/1223/1223
f 1224/1224/1224 1222/1222/1222 1223/1223/1223
f 1227/1227/1227 1226/1226/1226 1225/1225/1225
f 1225/1225/1225 1228/1228/1228 1227/1227/1227
f 1228/1228/1228 1229/1229/1229 1227/1227/1227
f 1228/1228/1228 1230/1230/1230 1229/1229/1229
f 1233/1233/1233 1232/1232/1232 1231/1231/1231
f 1231/1231/1231 1234/1234/1234 1233/1233/1233
f 1234/1234/1234 1235/1235/1235 1233/1233/1233
f 1234/1234/1234 1236/1236/1236 1235/1235/1235
f 1239/1239/1239 1238/1238/1238 1237/1237/1237
f 1240/1240/1240 1239/1239/1239 1237/1237/1237
f 1240/1240/1240 1237/1237/1237 1241/1241/1241
f 1241/1241/1241 1242/1242/1242 1240/1240/1240
f 1243/1243/1243 1242/1242/1242 1241/1241/1241
f 1244/1244/1244 1243/1243/1243 1241/1241/1241
f 1247/1247/1247 1246/1246/1246 1245/1245/1245
f 1246/1246/1246 1248/1248/1248 1245/1245/1245
f 1245/1245/1245 1248/1248/1248 1249/1249/1249
f 1250/1250/1250 1245/1245/1245 1249/1249/1249
f 1250/1250/1250 1249/1249/1249 1251/1251/1251
f 1251/1251/1251 1252/1252/1252 1250/1250/1250
f 1255/1255/1255 1254/1254/1254 1253/1253/1253
f 1254/1254/1254 1256/1256/1256 1253/1253/1253
f 1254/1254/1254 1257/1257/1257 1256/1256/1256
f 1257/1257/1257 1258/1258/1258 1256/1256/1256
f 1257/1257/1257 1259/1259/1259 1258/1258/1258
f 1259/1259/1259 1260/1260/1260 1258/1258/1258
f 1259/1259/1259 1261/1261/1261 1260/1260/1260
f 1261/1261/1261 1262/1262/1262 1260/1260/1260
f 1261/1261/1261 1263/1263/1263 1262/1262/1262
f 1263/1263/1263 1264/1264/1264 1262/1262/1262
f 1263/1263/1263 1265/1265/1265 1264/1264/1264
f 1265/1265/1265 1266/1266/1266 1264/1264/1264
f 1265/1265/1265 1267/1267/1267 1266/1266/1266
f 1267/1267/1267 1268/1268/1268 1266/1266/1266
f 1267/1267/1267 1269/1269/1269 1268/1268/1268
f 1269/1269/1269 1270/1270/1270 1268/1268/1268
f 1269/1269/1269 1271/1271/1271 1270/1270/1270
f 1271/1271/1271 1272/1272/1272 1270/1270/1270
f 1271/1271/1271 1273/1273/1273 1272/1272/1272
f 1273/1273/1273 1274/1274/1274 1272/1272/1272
f 1277/1277/1277 1276/1276/1276 1275/1275/1275
f 1276/1276/1276 1278/1278/1278 1275/1275/1275
f 1275/1275/1275 1278/1278/1278 1279/1279/1279
f 1278/1278/1278 1280/1280/1280 1279/1279/1279
f 1279/1279/1279 1280/1280/1280 1281/1281/1281
f 1280/1280/1280 1282/1282/1282 1281/1281/1281
f 1281/1281/1281 1282/1282/1282 1283/1283/1283
f 1282/1282/1282 1284/1284/1284 1283/1283/1283
f 1287/1287/1287 1286/1286/1286 1285/1285/1285
f 1288/1288/1288 1287/1287/1287 1285/1285/1285
f 1289/1289/1289 1287/1287/1287 1288/1288/1288
f 1290/1290/1290 1289/1289/1289 1288/1288/1288
f 1291/1291/1291 1289/1289/1289 1290/1290/1290
f 1292/1292/1292 1291/1291/1291 1290/1290/1290
f 1293/1293/1293 1291/1291/1291 1292/1292/1292
f 1294/1294/1294 1293/1293/1293 1292/1292/1292
f 1295/1295/1295 1293/1293/1293 1294/1294/1294
f 1296/1296/1296 1295/1295/1295 1294/1294/1294
f 1297/1297/1297 1295/1295/1295 1296/1296/1296
f 1298/1298/1298 1297/1297/1297 1296/1296/1296
f 1299/1299/1299 1297/1297/1297 1298/1298/1298
f 1300/1300/1300 1299/1299/1299 1298/1298/1298
f 1301/1301/1301 1299/1299/1299 1300/1300/1300
f 1302/1302/1302 1301/1301/1301 1300/1300/1300
f 1303/1303/1303 1301/1301/1301 1302/1302/1302
f 1304/1304/1304 1303/1303/1303 1302/1302/1302
f 1305/1305/1305 1303/1303/1303 1304/1304/1304
f 1306/1306/1306 1305/1305/1305 1304/1304/1304
f 1307/1307/1307 1305/1305/1305 1306/1306/1306
f 1308/1308/1308 1307/1307/1307 1306/1306/1306
f 1309/1309/1309 1307/1307/1307 1308/1308/1308
f 1310/1310/1310 1309/1309/1309 1308/1308/1308
f 1311/1311/1311 1309/1309/1309 1310/1310/1310
f 1312/1312/1312 1311/1311/1311 1310/1310/1310
f 1313/1313/1313 1311/1311/1311 1312/1312/1312
f 1314/1314/1314 1313/1313/1313 1312/1312/1312
f 1315/1315/1315 1313/1313/1313 1314/1314/1314
f 1316/1316/1316 1315/1315/1315 1314/1314/1314
f 1317/1317/1317 1315/1315/1315 1316/1316/1316
f 1318/1318/1318 1317/1317/1317 1316/1316/1316
f 1321/1321/1321 1320/1320/1320 1319/1319/1319
f 1320/1320/1320 1322/1322/1322 1319/1319/1319
f 1319/1319/1319 1322/1322/1322 1323/1323/1323
f 1322/1322/1322 1324/1324/1324 1323/1323/1323
f 1324/1324/1324 1322/1322/1322 1320/1320/1320
f 1324/1324/1324 1320/1320/1320 1325/1325/1325
f 1324/1324/1324 1325/1325/1325 1326/1326/1326
f 1327/1327/1327 1324/1324/1324 1326/1326/1326
f 1327/1327/1327 1326/1326/1326 1328/1328/1328
f 1329/1329/1329 1327/1327/1327 1328/1328/1328
f 1329/1329/1329 1328/1328/1328 1330/1330/1330
f 1331/1331/1331 1329/1329/1329 1330/1330/1330
f 1332/1332/1332 1331/1331/1331 1330/1330/1330
f 1330/1330/1330 1333/1333/1333 1332/1332/1332
f 1336/1336/1336 1335/1335/1335 1334/1334/1334
f 1337/1337/1337 1336/1336/1336 1334/1334/1334
f 1338/1338/1338 1336/1336/1336 1337/1337/1337
f 1339/1339/1339 1337/1337/1337 1334/1334/1334
f 1339/1339/1339 1338/1338/1338 1337/1337/1337
f 1340/1340/1340 1339/1339/1339 1334/1334/1334
f 1341/1341/1341 1338/1338/1338 1339/1339/1339
f 1342/1342/1342 1339/1339/1339 1340/1340/1340
f 1342/1342/1342 1341/1341/1341 1339/1339/1339
f 1343/1343/1343 1342/1342/1342 1340/1340/1340
f 1344/1344/1344 1341/1341/1341 1342/1342/1342
f 1345/1345/1345 1342/1342/1342 1343/1343/1343
f 1345/1345/1345 1344/1344/1344 1342/1342/1342
f 1346/1346/1346 1345/1345/1345 1343/1343/1343
f 1347/1347/1347 1344/1344/1344 1345/1345/1345
f 1348/1348/1348 1345/1345/1345 1346/1346/1346
f 1348/1348/1348 1347/1347/1347 1345/1345/1345
f 1349/1349/1349 1348/1348/1348 1346/1346/1346
f 1350/1350/1350 1347/1347/1347 1348/1348/1348
f 1351/1351/1351 1348/1348/1348 1349/1349/1349
f 1351/1351/1351 1350/1350/1350 1348/1348/1348
f 1352/1352/1352 1351/1351/1351 1349/1349/1349
f 1353/1353/1353 1350/1350/1350 1351/1351/1351
f 1354/1354/1354 1351/1351/1351 1352/1352/1352
f 1354/1354/1354 1353/1353/1353 1351/1351/1351
f 1355/1355/1355 1354/1354/1354 1352/1352/1352
f 1356/1356/1356 1353/1353/1353 1354/1354/1354
f 1357/1357/1357 1354/1354/1354 1355/1355/1355
f 1357/1357/1357 1356/1356/1356 1354/1354/1354
f 1358/1358/1358 1357/1357/1357 1355/1355/1355
f 1359/1359/1359 1356/1356/1356 1357/1357/1357
f 1360/1360/1360 1357/1357/1357 1358/1358/1358
f 1360/1360/1360 1359/1359/1359 1357/1357/1357
f 1361/1361/1361 1360/1360/1360 1358/1358/1358
f 1362/1362/1362 1359/1359/1359 1360/1360/1360
f 1363/1363/1363 1360/1360/1360 1361/1361/1361
f 1363/1363/1363 1362/1362/1362 1360/1360/1360
f 1364/1364/1364 1363/1363/1363 1361/1361/1361
f 1365/1365/1365 1362/1362/1362 1363/1363/1363
f 1366/1366/1366 1363/1363/1363 1364/1364/1364
f 1366/1366/1366 1365/1365/1365 1363/1363/1363
f 1367/1367/1367 1366/1366/1366 1364/1364/1364
f 1368/1368/1368 1365/1365/1365 1366/1366/1366
f 1367/1367/1367 1368/1368/1368 1366/1366/1366
f 1371/1371/1371 1370/1370/1370 1369/1369/1369
f 1372/1372/1372 1369/1369/1369 1370/1370/1370
f 1370/1370/1370 1373/1373/1373 1372/1372/1372
f 1373/1373/1373 1374/1374/1374 1372/1372/1372
f 1374/1374/1374 1373/1373/1373 1375/1375/1375
f 1373/1373/1373 1376/1376/1376 1375/1375/1375
f 1375/1375/1375 1376/1376/1376 1377/1377/1377
f 1380/1380/1380 1379/1379/1379 1378/1378/1378
f 1381/1381/1381 1378/1378/1378 1379/1379/1379
f 1382/1382/1382 1381/1381/1381 1379/1379/1379
f 1381/1381/1381 1382/1382/1382 1383/1383/1383
f 1382/1382/1382 1384/1384/1384 1383/1383/1383
f 1383/1383/1383 1384/1384/1384 1385/1385/1385
f 1388/1388/1388 1387/1387/1387 1386/1386/1386
f 1389/1389/1389 1388/1388/1388 1386/1386/1386
f 1391/1391/1391 1390/1390/1390 1388/1388/1388
f 1388/1388/1388 1392/1392/1392 1391/1391/1391
f 1391/1391/1391 1392/1392/1392 1393/1393/1393
f 1388/1388/1388 1394/1394/1394 1392/1392/1392
f 1397/1397/1397 1396/1396/1396 1395/1395/1395
f 1398/1398/1398 1397/1397/1397 1395/1395/1395
f 1401/1401/1401 1400/1400/1400 1399/1399/1399
f 1402/1402/1402 1401/1401/1401 1399/1399/1399
f 1405/1405/1405 1404/1404/1404 1403/1403/1403
f 1404/1404/1404 1406/1406/1406 1403/1403/1403
f 1403/1403/1403 1406/1406/1406 1407/1407/1407
f 1408/1408/1408 1403/1403/1403 1407/1407/1407
f 1406/1406/1406 1409/1409/1409 1407/1407/1407
f 1409/1409/1409 1406/1406/1406 1410/1410/1410
f 1406/1406/1406 1411/1411/1411 1410/1410/1410
f 1412/1412/1412 1408/1408/1408 1407/1407/1407
f 1412/1412/1412 1407/1407/1407 1413/1413/1413
f 1408/1408/1408 1412/1412/1412 1414/1414/1414
f 1415/1415/1415 1412/1412/1412 1413/1413/1413
f 1415/1415/1415 1413/1413/1413 1416/1416/1416
f 1417/1417/1417 1415/1415/1415 1416/1416/1416
f 1418/1418/1418 1408/1408/1408 1414/1414/1414
f 1419/1419/1419 1408/1408/1408 1418/1418/1418
f 1420/1420/1420 1419/1419/1419 1418/1418/1418
f 1421/1421/1421 1420/1420/1420 1418/1418/1418
f 1422/1422/1422 1421/1421/1421 1418/1418/1418
f 1422/1422/1422 1418/1418/1418 1423/1423/1423
f 1424/1424/1424 1422/1422/1422 1423/1423/1423
f 1421/1421/1421 1425/1425/1425 1420/1420/1420
f 1425/1425/1425 1426/1426/1426 1420/1420/1420
f 1427/1427/1427 1420/1420/1420 1426/1426/1426
f 1428/1428/1428 1427/1427/1427 1426/1426/1426
f 1426/1426/1426 1425/1425/1425 1429/1429/1429
f 1425/1425/1425 1430/1430/1430 1429/1429/1429
f 1430/1430/1430 1431/1431/1431 1429/1429/1429
f 1429/1429/1429 1432/1432/1432 1426/1426/1426
f 1432/1432/1432 1428/1428/1428 1426/1426/1426
f 1431/1431/1431 1433/1433/1433 1429/1429/1429
f 1432/1432/1432 1429/1429/1429 1433/1433/1433
f 1431/1431/1431 1434/1434/1434 1433/1433/1433
f 1428/1428/1428 1432/1432/1432 1435/1435/1435
f 1432/1432/1432 1436/1436/1436 1435/1435/1435
f 1437/1437/1437 1432/1432/1432 1433/1433/1433
f 1438/1438/1438 1437/1437/1437 1433/1433/1433
f 1437/1437/1437 1438/1438/1438 1439/1439/1439
f 1434/1434/1434 1440/1440/1440 1433/1433/1433
f 1440/1440/1440 1438/1438/1438 1433/1433/1433
f 1441/1441/1441 1440/1440/1440 1434/1434/1434
f 1438/1438/1438 1440/1440/1440 1441/1441/1441
f 1442/1442/1442 1441/1441/1441 1434/1434/1434
f 1442/1442/1442 1443/1443/1443 1441/1441/1441
f 1443/1443/1443 1444/1444/1444 1441/1441/1441
f 1445/1445/1445 1438/1438/1438 1441/1441/1441
f 1443/1443/1443 1446/1446/1446 1444/1444/1444
f 1428/1428/1428 1435/1435/1435 1447/1447/1447
f 1448/1448/1448 1428/1428/1428 1447/1447/1447
f 1448/1448/1448 1447/1447/1447 1449/1449/1449
f 1450/1450/1450 1448/1448/1448 1449/1449/1449
f 1451/1451/1451 1447/1447/1447 1435/1435/1435
f 1452/1452/1452 1451/1451/1451 1435/1435/1435
f 1445/1445/1445 1453/1453/1453 1438/1438/1438
f 1445/1445/1445 1454/1454/1454 1453/1453/1453
f 1446/1446/1446 1455/1455/1455 1444/1444/1444
f 1446/1446/1446 1456/1456/1456 1455/1455/1455
f 1456/1456/1456 1457/1457/1457 1455/1455/1455
f 1457/1457/1457 1458/1458/1458 1455/1455/1455
f 1458/1458/1458 1459/1459/1459 1455/1455/1455
f 1455/1455/1455 1459/1459/1459 1444/1444/1444
f 1459/1459/1459 1454/1454/1454 1444/1444/1444
f 1453/1453/1453 1460/1460/1460 1438/1438/1438
f 1461/1461/1461 1460/1460/1460 1453/1453/1453
f 1438/1438/1438 1460/1460/1460 1439/1439/1439
f 1460/1460/1460 1461/1461/1461 1439/1439/1439
f 1462/1462/1462 1461/1461/1461 1453/1453/1453
f 1454/1454/1454 1463/1463/1463 1453/1453/1453
f 1454/1454/1454 1459/1459/1459 1463/1463/1463
f 1462/1462/1462 1464/1464/1464 1461/1461/1461
f 1462/1462/1462 1465/1465/1465 1464/1464/1464
f 1459/1459/1459 1466/1466/1466 1463/1463/1463
f 1461/1461/1461 1467/1467/1467 1439/1439/1439
f 1467/1467/1467 1468/1468/1468 1439/1439/1439
f 1468/1468/1468 1469/1469/1469 1439/1439/1439
f 1467/1467/1467 1461/1461/1461 1470/1470/1470
f 1464/1464/1464 1471/1471/1471 1461/1461/1461
f 1461/1461/1461 1471/1471/1471 1470/1470/1470
f 1472/1472/1472 1471/1471/1471 1464/1464/1464
f 1471/1471/1471 1472/1472/1472 1470/1470/1470
f 1465/1465/1465 1473/1473/1473 1464/1464/1464
f 1474/1474/1474 1472/1472/1472 1464/1464/1464
f 1475/1475/1475 1465/1465/1465 1463/1463/1463
f 1465/1465/1465 1475/1475/1475 1473/1473/1473
f 1466/1466/1466 1475/1475/1475 1463/1463/1463
f 1476/1476/1476 1475/1475/1475 1466/1466/1466
f 1477/1477/1477 1476/1476/1476 1466/1466/1466
f 1475/1475/1475 1476/1476/1476 1478/1478/1478
f 1475/1475/1475 1478/1478/1478 1473/1473/1473
f 1476/1476/1476 1479/1479/1479 1478/1478/1478
f 1479/1479/1479 1480/1480/1480 1478/1478/1478
f 1478/1478/1478 1481/1481/1481 1473/1473/1473
f 1480/1480/1480 1481/1481/1481 1478/1478/1478
f 1481/1481/1481 1482/1482/1482 1473/1473/1473
f 1474/1474/1474 1483/1483/1483 1472/1472/1472
f 1474/1474/1474 1484/1484/1484 1483/1483/1483
f 1484/1484/1484 1485/1485/1485 1483/1483/1483
f 1483/1483/1483 1486/1486/1486 1472/1472/1472
f 1487/1487/1487 1486/1486/1486 1483/1483/1483
f 1488/1488/1488 1487/1487/1487 1483/1483/1483
f 1488/1488/1488 1489/1489/1489 1487/1487/1487
f 1488/1488/1488 1490/1490/1490 1489/1489/1489
f 1490/1490/1490 1491/1491/1491 1489/1489/1489
f 1472/1472/1472 1486/1486/1486 1492/1492/1492
f 1486/1486/1486 1487/1487/1487 1492/1492/1492
f 1493/1493/1493 1472/1472/1472 1492/1492/1492
f 1472/1472/1472 1493/1493/1493 1470/1470/1470
f 1493/1493/1493 1494/1494/1494 1470/1470/1470
f 1494/1494/1494 1495/1495/1495 1470/1470/1470
f 1493/1493/1493 1492/1492/1492 1496/1496/1496
f 1497/1497/1497 1493/1493/1493 1496/1496/1496
f 1487/1487/1487 1498/1498/1498 1492/1492/1492
f 1498/1498/1498 1499/1499/1499 1492/1492/1492
f 1499/1499/1499 1496/1496/1496 1492/1492/1492
f 1498/1498/1498 1487/1487/1487 1500/1500/1500
f 1496/1496/1496 1499/1499/1499 1501/1501/1501
f 1497/1497/1497 1496/1496/1496 1501/1501/1501
f 1499/1499/1499 1502/1502/1502 1501/1501/1501
f 1502/1502/1502 1499/1499/1499 1503/1503/1503
f 1504/1504/1504 1497/1497/1497 1501/1501/1501
f 1504/1504/1504 1501/1501/1501 1505/1505/1505
f 1497/1497/1497 1504/1504/1504 1506/1506/1506
f 1507/1507/1507 1497/1497/1497 1506/1506/1506
f 1508/1508/1508 1504/1504/1504 1505/1505/1505
f 1504/1504/1504 1508/1508/1508 1509/1509/1509
f 1508/1508/1508 1510/1510/1510 1509/1509/1509
f 1487/1487/1487 1511/1511/1511 1500/1500/1500
f 1489/1489/1489 1511/1511/1511 1487/1487/1487
f 1508/1508/1508 1505/1505/1505 1512/1512/1512
f 1505/1505/1505 1513/1513/1513 1512/1512/1512
f 1511/1511/1511 1514/1514/1514 1500/1500/1500
f 1514/1514/1514 1511/1511/1511 1489/1489/1489
f 1514/1514/1514 1515/1515/1515 1500/1500/1500
f 1515/1515/1515 1516/1516/1516 1500/1500/1500
f 1516/1516/1516 1503/1503/1503 1500/1500/1500
f 1503/1503/1503 1516/1516/1516 1517/1517/1517
f 1517/1517/1517 1502/1502/1502 1503/1503/1503
f 1516/1516/1516 1518/1518/1518 1517/1517/1517
f 1518/1518/1518 1516/1516/1516 1519/1519/1519
f 1520/1520/1520 1518/1518/1518 1519/1519/1519
f 1518/1518/1518 1520/1520/1520 1517/1517/1517
f 1520/1520/1520 1521/1521/1521 1517/1517/1517
f 1521/1521/1521 1520/1520/1520 1522/1522/1522
f 1513/1513/1513 1521/1521/1521 1522/1522/1522
f 1520/1520/1520 1523/1523/1523 1522/1522/1522
f 1524/1524/1524 1513/1513/1513 1522/1522/1522
f 1524/1524/1524 1522/1522/1522 1525/1525/1525
f 1513/1513/1513 1524/1524/1524 1512/1512/1512
f 1526/1526/1526 1524/1524/1524 1525/1525/1525
f 1512/1512/1512 1524/1524/1524 1527/1527/1527
f 1524/1524/1524 1526/1526/1526 1527/1527/1527
f 1528/1528/1528 1512/1512/1512 1527/1527/1527
f 1528/1528/1528 1508/1508/1508 1512/1512/1512
f 1508/1508/1508 1528/1528/1528 1529/1529/1529
f 1510/1510/1510 1508/1508/1508 1529/1529/1529
f 1529/1529/1529 1528/1528/1528 1530/1530/1530
f 1528/1528/1528 1531/1531/1531 1530/1530/1530
f 1532/1532/1532 1528/1528/1528 1527/1527/1527
f 1451/1451/1451 1510/1510/1510 1529/1529/1529
f 1533/1533/1533 1451/1451/1451 1529/1529/1529
f 1451/1451/1451 1452/1452/1452 1510/1510/1510
f 1452/1452/1452 1534/1534/1534 1510/1510/1510
f 1534/1534/1534 1452/1452/1452 1535/1535/1535
f 1452/1452/1452 1536/1536/1536 1535/1535/1535
f 1532/1532/1532 1527/1527/1527 1537/1537/1537
f 1527/1527/1527 1526/1526/1526 1537/1537/1537
f 1538/1538/1538 1532/1532/1532 1537/1537/1537
f 1532/1532/1532 1538/1538/1538 1539/1539/1539
f 1540/1540/1540 1532/1532/1532 1539/1539/1539
f 1526/1526/1526 1541/1541/1541 1537/1537/1537
f 1537/1537/1537 1541/1541/1541 1542/1542/1542
f 1541/1541/1541 1543/1543/1543 1542/1542/1542
f 1543/1543/1543 1541/1541/1541 1544/1544/1544
f 1541/1541/1541 1545/1545/1545 1544/1544/1544
f 1541/1541/1541 1526/1526/1526 1545/1545/1545
f 1526/1526/1526 1546/1546/1546 1545/1545/1545
f 1548/1548/1548 1537/1537/1537 1547/1547/1547
f 1549/1549/1549 1548/1548/1548 1547/1547/1547
f 1551/1551/1551 1549/1549/1549 1550/1550/1550
f 1552/1552/1552 1551/1551/1551 1550/1550/1550
f 1553/1553/1553 1552/1552/1552 1550/1550/1550
f 1554/1554/1554 1553/1553/1553 1550/1550/1550
f 1553/1553/1553 1554/1554/1554 1555/1555/1555
f 1556/1556/1556 1553/1553/1553 1555/1555/1555
f 1553/1553/1553 1557/1557/1557 1552/1552/1552
f 1557/1557/1557 1553/1553/1553 1556/1556/1556
f 1557/1557/1557 1558/1558/1558 1552/1552/1552
f 1559/1559/1559 1557/1557/1557 1556/1556/1556
f 1562/1562/1562 1561/1561/1561 1560/1560/1560
f 1561/1561/1561 1563/1563/1563 1560/1560/1560
f 1561/1561/1561 1564/1564/1564 1563/1563/1563
f 1564/1564/1564 1565/1565/1565 1563/1563/1563
f 1564/1564/1564 1566/1566/1566 1565/1565/1565
f 1566/1566/1566 1567/1567/1567 1565/1565/1565
f 1570/1570/1570 1569/1569/1569 1568/1568/1568
f 1569/1569/1569 1571/1571/1571 1568/1568/1568
f 1572/1572/1572 1568/1568/1568 1571/1571/1571
f 1573/1573/1573 1571/1571/1571 1569/1569/1569
f 1574/1574/1574 1573/1573/1573 1569/1569/1569
f 1577/1577/1577 1576/1576/1576 1575/1575/1575
f 1578/1578/1578 1577/1577/1577 1575/1575/1575
f 1580/1580/1580 1575/1575/1575 1579/1579/1579
f 1581/1581/1581 1580/1580/1580 1579/1579/1579
f 1581/1581/1581 1579/1579/1579 1582/1582/1582
f 1579/1579/1579 1583/1583/1583 1582/1582/1582
f 1577/1577/1577 1585/1585/1585 1584/1584/1584
f 1585/1585/1585 1586/1586/1586 1584/1584/1584
f 1587/1587/1587 1586/1586/1586 1585/1585/1585
f 1588/1588/1588 1587/1587/1587 1585/1585/1585
f 1584/1584/1584 1586/1586/1586 1589/1589/1589
f 1586/1586/1586 1587/1587/1587 1589/1589/1589
f 1590/1590/1590 1584/1584/1584 1589/1589/1589
f 1590/1590/1590 1589/1589/1589 1591/1591/1591
f 1592/1592/1592 1590/1590/1590 1591/1591/1591
f 1590/1590/1590 1593/1593/1593 1584/1584/1584
f 1584/1584/1584 1593/1593/1593 1594/1594/1594
f 1587/1587/1587 1595/1595/1595 1589/1589/1589
f 1595/1595/1595 1587/1587/1587 1596/1596/1596
f 1587/1587/1587 1597/1597/1597 1596/1596/1596
f 1595/1595/1595 1596/1596/1596 1598/1598/1598
f 1599/1599/1599 1595/1595/1595 1598/1598/1598
f 1595/1595/1595 1599/1599/1599 1600/1600/1600
f 1599/1599/1599 1601/1601/1601 1600/1600/1600
f 1602/1602/1602 1598/1598/1598 1596/1596/1596
f 1603/1603/1603 1602/1602/1602 1596/1596/1596
f 1598/1598/1598 1602/1602/1602 1604/1604/1604
f 1602/1602/1602 1605/1605/1605 1604/1604/1604
f 1605/1605/1605 1606/1606/1606 1604/1604/1604
f 1606/1606/1606 1607/1607/1607 1604/1604/1604
f 1601/1601/1601 1599/1599/1599 1608/1608/1608
f 1599/1599/1599 1609/1609/1609 1608/1608/1608
f 1609/1609/1609 1610/1610/1610 1608/1608/1608
f 1608/1608/1608 1611/1611/1611 1601/1601/1601
f 1611/1611/1611 1612/1612/1612 1601/1601/1601
f 1610/1610/1610 1613/1613/1613 1608/1608/1608
f 1611/1611/1611 1608/1608/1608 1613/1613/1613
f 1613/1613/1613 1610/1610/1610 1614/1614/1614
f 1610/1610/1610 1615/1615/1615 1614/1614/1614
f 1616/1616/1616 1611/1611/1611 1613/1613/1613
f 1616/1616/1616 1613/1613/1613 1614/1614/1614
f 1617/1617/1617 1616/1616/1616 1614/1614/1614
f 1616/1616/1616 1618/1618/1618 1611/1611/1611
f 1619/1619/1619 1618/1618/1618 1616/1616/1616
f 1616/1616/1616 1621/1621/1621 1620/1620/1620
f 1622/1622/1622 1616/1616/1616 1620/1620/1620
f 1625/1625/1625 1624/1624/1624 1623/1623/1623
f 1626/1626/1626 1625/1625/1625 1623/1623/1623
f 1629/1629/1629 1628/1628/1628 1627/1627/1627
f 1628/1628/1628 1470/1470/1470 1627/1627/1627
f 1632/1632/1632 1631/1631/1631 1630/1630/1630
f 1633/1633/1633 1632/1632/1632 1630/1630/1630
f 1634/1634/1634 1633/1633/1633 1630/1630/1630
f 1633/1633/1633 1635/1635/1635 1632/1632/1632
f 1635/1635/1635 1636/1636/1636 1632/1632/1632
f 1599/1599/1599 1637/1637/1637 1636/1636/1636
f 1638/1638/1638 1599/1599/1599 1636/1636/1636
f 1641/1641/1641 1640/1640/1640 1639/1639/1639
f 1642/1642/1642 1641/1641/1641 1639/1639/1639
f 1643/1643/1643 1642/1642/1642 1639/1639/1639
f 1644/1644/1644 1643/1643/1643 1639/1639/1639
f 1647/1647/1647 1646/1646/1646 1645/1645/1645
f 1502/1502/1502 1647/1647/1647 1645/1645/1645
f 1502/1502/1502 1649/1649/1649 1648/1648/1648
f 1650/1650/1650 1502/1502/1502 1648/1648/1648
f 1652/1652/1652 1651/1651/1651 1491/1491/1491
f 1653/1653/1653 1652/1652/1652 1491/1491/1491
f 1654/1654/1654 1653/1653/1653 1491/1491/1491
f 1655/1655/1655 1654/1654/1654 1491/1491/1491
f 1654/1654/1654 1656/1656/1656 1653/1653/1653
f 1656/1656/1656 1657/1657/1657 1653/1653/1653
f 1656/1656/1656 1654/1654/1654 1658/1658/1658
f 1659/1659/1659 1656/1656/1656 1658/1658/1658
f 1480/1480/1480 1659/1659/1659 1658/1658/1658
f 1660/1660/1660 1480/1480/1480 1658/1658/1658
f 1658/1658/1658 1654/1654/1654 1661/1661/1661
f 1660/1660/1660 1658/1658/1658 1661/1661/1661
f 1654/1654/1654 1655/1655/1655 1661/1661/1661
f 1662/1662/1662 1660/1660/1660 1661/1661/1661
f 1661/1661/1661 1655/1655/1655 1663/1663/1663
f 1655/1655/1655 1664/1664/1664 1663/1663/1663
f 1491/1491/1491 1665/1665/1665 1489/1489/1489
f 1665/1665/1665 1666/1666/1666 1489/1489/1489
f 1666/1666/1666 1514/1514/1514 1489/1489/1489
f 1666/1666/1666 1665/1665/1665 1667/1667/1667
f 1665/1665/1665 1668/1668/1668 1667/1667/1667
f 1670/1670/1670 1669/1669/1669 1514/1514/1514
f 1671/1671/1671 1514/1514/1514 1669/1669/1669
f 1672/1672/1672 1671/1671/1671 1669/1669/1669
f 1675/1675/1675 1674/1674/1674 1673/1673/1673
f 1674/1674/1674 1500/1500/1500 1673/1673/1673
f 1678/1678/1678 1677/1677/1677 1676/1676/1676
f 1679/1679/1679 1678/1678/1678 1676/1676/1676
f 1682/1682/1682 1681/1681/1681 1680/1680/1680
f 1681/1681/1681 1683/1683/1683 1680/1680/1680
f 1683/1683/1683 1681/1681/1681 1684/1684/1684
f 1681/1681/1681 1685/1685/1685 1684/1684/1684
f 1686/1686/1686 1683/1683/1683 1684/1684/1684
f 1687/1687/1687 1686/1686/1686 1684/1684/1684
f 1686/1686/1686 1687/1687/1687 1688/1688/1688
f 1689/1689/1689 1686/1686/1686 1688/1688/1688
f 1690/1690/1690 1686/1686/1686 1689/1689/1689
f 1691/1691/1691 1690/1690/1690 1689/1689/1689
f 1694/1694/1694 1693/1693/1693 1692/1692/1692
f 1695/1695/1695 1694/1694/1694 1692/1692/1692
f 1696/1696/1696 1695/1695/1695 1692/1692/1692
f 1697/1697/1697 1696/1696/1696 1692/1692/1692
f 1696/1696/1696 1697/1697/1697 1698/1698/1698
f 1699/1699/1699 1696/1696/1696 1698/1698/1698
f 1700/1700/1700 1699/1699/1699 1698/1698/1698
f 1701/1701/1701 1700/1700/1700 1698/1698/1698
f 1700/1700/1700 1701/1701/1701 1702/1702/1702
f 1703/1703/1703 1700/1700/1700 1702/1702/1702
f 1706/1706/1706 1705/1705/1705 1704/1704/1704
f 1459/1459/1459 1706/1706/1706 1704/1704/1704
f 1709/1709/1709 1708/1708/1708 1707/1707/1707
f 1708/1708/1708 1710/1710/1710 1707/1707/1707
f 1711/1711/1711 1710/1710/1710 1708/1708/1708
f 1708/1708/1708 1712/1712/1712 1711/1711/1711
f 1708/1708/1708 1713/1713/1713 1712/1712/1712
f 1716/1716/1716 1715/1715/1715 1714/1714/1714
f 1715/1715/1715 1717/1717/1717 1714/1714/1714
f 1717/1717/1717 1718/1718/1718 1714/1714/1714
f 1720/1720/1720 1715/1715/1715 1719/1719/1719
f 1715/1715/1715 1721/1721/1721 1719/1719/1719
f 1721/1721/1721 1722/1722/1722 1719/1719/1719
f 1722/1722/1722 1723/1723/1723 1719/1719/1719
f 1723/1723/1723 1722/1722/1722 1724/1724/1724
f 1722/1722/1722 1725/1725/1725 1724/1724/1724
f 1728/1728/1728 1727/1727/1727 1726/1726/1726
f 1729/1729/1729 1728/1728/1728 1726/1726/1726
f 1726/1726/1726 1730/1730/1730 1729/1729/1729
f 1730/1730/1730 1731/1731/1731 1729/1729/1729
f 1734/1734/1734 1733/1733/1733 1732/1732/1732
f 1735/1735/1735 1734/1734/1734 1732/1732/1732
f 1736/1736/1736 1734/1734/1734 1735/1735/1735
f 1736/1736/1736 1735/1735/1735 1737/1737/1737
f 1588/1588/1588 1736/1736/1736 1737/1737/1737
f 1740/1740/1740 1739/1739/1739 1738/1738/1738
f 1741/1741/1741 1740/1740/1740 1738/1738/1738
f 1744/1744/1744 1743/1743/1743 1742/1742/1742
f 1743/1743/1743 1745/1745/1745 1742/1742/1742
f 1743/1743/1743 1746/1746/1746 1745/1745/1745
f 1746/1746/1746 1747/1747/1747 1745/1745/1745
f 1745/1745/1745 1747/1747/1747 1748/1748/1748
f 1748/1748/1748 1749/1749/1749 1745/1745/1745
f 1746/1746/1746 1751/1751/1751 1750/1750/1750
f 1751/1751/1751 1752/1752/1752 1750/1750/1750
f 1751/1751/1751 1753/1753/1753 1752/1752/1752
f 1752/1752/1752 1753/1753/1753 1749/1749/1749
f 1755/1755/1755 1749/1749/1749 1754/1754/1754
f 1756/1756/1756 1755/1755/1755 1754/1754/1754
f 1759/1759/1759 1758/1758/1758 1757/1757/1757
f 1760/1760/1760 1759/1759/1759 1757/1757/1757
f 1760/1760/1760 1757/1757/1757 1761/1761/1761
f 1762/1762/1762 1760/1760/1760 1761/1761/1761
f 1763/1763/1763 1759/1759/1759 1760/1760/1760
f 1764/1764/1764 1763/1763/1763 1760/1760/1760
f 1764/1764/1764 1766/1766/1766 1765/1765/1765
f 1767/1767/1767 1764/1764/1764 1765/1765/1765
f 1770/1770/1770 1769/1769/1769 1768/1768/1768
f 1770/1770/1770 1768/1768/1768 1771/1771/1771
f 1771/1771/1771 1772/1772/1772 1770/1770/1770
f 1770/1770/1770 1772/1772/1772 1773/1773/1773
f 1774/1774/1774 1770/1770/1770 1773/1773/1773
f 1774/1774/1774 1773/1773/1773 1775/1775/1775
f 1776/1776/1776 1774/1774/1774 1775/1775/1775
f 1779/1779/1779 1778/1778/1778 1777/1777/1777
f 1778/1778/1778 1780/1780/1780 1777/1777/1777
f 1777/1777/1777 1780/1780/1780 1781/1781/1781
f 1780/1780/1780 1782/1782/1782 1781/1781/1781
f 1777/1777/1777 1781/1781/1781 1783/1783/1783
f 1784/1784/1784 1777/1777/1777 1783/1783/1783
f 1786/1786/1786 1777/1777/1777 1785/1785/1785
f 1787/1787/1787 1786/1786/1786 1785/1785/1785
f 1790/1790/1790 1789/1789/1789 1788/1788/1788
f 1791/1791/1791 1790/1790/1790 1788/1788/1788
f 1794/1794/1794 1793/1793/1793 1792/1792/1792
f 1795/1795/1795 1794/1794/1794 1792/1792/1792
f 1795/1795/1795 1792/1792/1792 1796/1796/1796
f 1797/1797/1797 1795/1795/1795 1796/1796/1796
f 1795/1795/1795 1797/1797/1797 1798/1798/1798
f 1799/1799/1799 1795/1795/1795 1798/1798/1798
f 1801/1801/1801 1800/1800/1800 1799/1799/1799
f 1802/1802/1802 1801/1801/1801 1799/1799/1799
f 1804/1804/1804 1799/1799/1799 1803/1803/1803
f 1799/1799/1799 1805/1805/1805 1803/1803/1803
f 1806/1806/1806 1803/1803/1803 1805/1805/1805
f 1807/1807/1807 1806/1806/1806 1805/1805/1805
f 1807/1807/1807 1805/1805/1805 1808/1808/1808
f 1809/1809/1809 1807/1807/1807 1808/1808/1808
f 1799/1799/1799 1811/1811/1811 1810/1810/1810
f 1811/1811/1811 1812/1812/1812 1810/1810/1810
f 1815/1815/1815 1814/1814/1814 1813/1813/1813
f 1814/1814/1814 1816/1816/1816 1813/1813/1813
f 1814/1814/1814 1817/1817/1817 1816/1816/1816
f 1817/1817/1817 1818/1818/1818 1816/1816/1816
f 1818/1818/1818 1819/1819/1819 1816/1816/1816
f 1819/1819/1819 1820/1820/1820 1816/1816/1816
f 1816/1816/1816 1820/1820/1820 1821/1821/1821
f 1820/1820/1820 1822/1822/1822 1821/1821/1821
f 1825/1825/1825 1824/1824/1824 1823/1823/1823
f 1826/1826/1826 1825/1825/1825 1823/1823/1823
f 1829/1829/1829 1828/1828/1828 1827/1827/1827
f 1830/1830/1830 1829/1829/1829 1827/1827/1827
f 1833/1833/1833 1832/1832/1832 1831/1831/1831
f 1834/1834/1834 1833/1833/1833 1831/1831/1831
f 1834/1834/1834 1831/1831/1831 1835/1835/1835
f 1836/1836/1836 1834/1834/1834 1835/1835/1835
f 1837/1837/1837 1834/1834/1834 1836/1836/1836
f 1838/1838/1838 1837/1837/1837 1836/1836/1836
f 1837/1837/1837 1839/1839/1839 1834/1834/1834
f 1839/1839/1839 1833/1833/1833 1834/1834/1834
f 1839/1839/1839 1840/1840/1840 1833/1833/1833
f 1840/1840/1840 1841/1841/1841 1833/1833/1833
f 1844/1844/1844 1843/1843/1843 1842/1842/1842
f 1843/1843/1843 1845/1845/1845 1842/1842/1842
f 1846/1846/1846 1842/1842/1842 1845/1845/1845
f 1847/1847/1847 1846/1846/1846 1845/1845/1845
f 1842/1842/1842 1846/1846/1846 1848/1848/1848
f 1846/1846/1846 1849/1849/1849 1848/1848/1848
f 1852/1852/1852 1851/1851/1851 1850/1850/1850
f 1851/1851/1851 1853/1853/1853 1850/1850/1850
f 1853/1853/1853 1854/1854/1854 1850/1850/1850
f 1854/1854/1854 1855/1855/1855 1850/1850/1850
f 1850/1850/1850 1855/1855/1855 1856/1856/1856
f 1855/1855/1855 1857/1857/1857 1856/1856/1856
f 1854/1854/1854 1858/1858/1858 1855/1855/1855
f 1858/1858/1858 1859/1859/1859 1855/1855/1855
f 1859/1859/1859 1858/1858/1858 1860/1860/1860
f 1861/1861/1861 1859/1859/1859 1860/1860/1860
f 1860/1860/1860 1862/1862/1862 1861/1861/1861
f 1862/1862/1862 1863/1863/1863 1861/1861/1861
f 1861/1861/1861 1863/1863/1863 1864/1864/1864
f 1863/1863/1863 1865/1865/1865 1864/1864/1864
f 1868/1868/1868 1867/1867/1867 1866/1866/1866
f 1867/1867/1867 1869/1869/1869 1866/1866/1866
f 1866/1866/1866 1869/1869/1869 1870/1870/1870
f 1867/1867/1867 1871/1871/1871 1869/1869/1869
f 1869/1869/1869 1871/1871/1871 1872/1872/1872
f 1873/1873/1873 1869/1869/1869 1872/1872/1872
f 1876/1876/1876 1875/1875/1875 1874/1874/1874
f 1875/1875/1875 1877/1877/1877 1874/1874/1874
f 1874/1874/1874 1877/1877/1877 1878/1878/1878
f 1877/1877/1877 1879/1879/1879 1878/1878/1878
f 1882/1882/1882 1881/1881/1881 1880/1880/1880
f 1881/1881/1881 1883/1883/1883 1880/1880/1880
f 1881/1881/1881 1884/1884/1884 1883/1883/1883
f 1884/1884/1884 1885/1885/1885 1883/1883/1883
f 1888/1888/1888 1887/1887/1887 1886/1886/1886
f 1889/1889/1889 1888/1888/1888 1886/1886/1886
f 1889/1889/1889 1886/1886/1886 1890/1890/1890
f 1891/1891/1891 1889/1889/1889 1890/1890/1890
f 1894/1894/1894 1893/1893/1893 1892/1892/1892
f 1893/1893/1893 1895/1895/1895 1892/1892/1892
f 1892/1892/1892 1895/1895/1895 1896/1896/1896
f 1895/1895/1895 1897/1897/1897 1896/1896/1896
f 1895/1895/1895 1893/1893/1893 1898/1898/1898
f 1893/1893/1893 1899/1899/1899 1898/1898/1898
f 1897/1897/1897 1895/1895/1895 1900/1900/1900
f 1900/1900/1900 1895/1895/1895 1898/1898/1898
f 1901/1901/1901 1897/1897/1897 1900/1900/1900
f 1900/1900/1900 1898/1898/1898 1902/1902/1902
f 1899/1899/1899 1903/1903/1903 1898/1898/1898
f 1898/1898/1898 1903/1903/1903 1904/1904/1904
f 1898/1898/1898 1904/1904/1904 1902/1902/1902
f 1903/1903/1903 1905/1905/1905 1904/1904/1904
f 1902/1902/1902 1904/1904/1904 1906/1906/1906
f 1904/1904/1904 1907/1907/1907 1906/1906/1906
f 1902/1902/1902 1906/1906/1906 1908/1908/1908
f 1909/1909/1909 1902/1902/1902 1908/1908/1908
f 1911/1911/1911 1899/1899/1899 1910/1910/1910
f 1912/1912/1912 1911/1911/1911 1910/1910/1910
f 1914/1914/1914 1913/1913/1913 1907/1907/1907
f 1915/1915/1915 1914/1914/1914 1907/1907/1907
f 1918/1918/1918 1917/1917/1917 1916/1916/1916
f 1918/1918/1918 1916/1916/1916 1919/1919/1919
f 1920/1920/1920 1918/1918/1918 1919/1919/1919
f 1919/1919/1919 1921/1921/1921 1920/1920/1920
f 1919/1919/1919 1922/1922/1922 1921/1921/1921
f 1922/1922/1922 1923/1923/1923 1921/1921/1921
f 1921/1921/1921 1923/1923/1923 1924/1924/1924
f 1923/1923/1923 1925/1925/1925 1924/1924/1924
f 1926/1926/1926 1924/1924/1924 1925/1925/1925
f 1926/1926/1926 1925/1925/1925 1927/1927/1927
f 1927/1927/1927 1928/1928/1928 1926/1926/1926
f 1926/1926/1926 1928/1928/1928 1929/1929/1929
f 1928/1928/1928 1927/1927/1927 1930/1930/1930
f 1927/1927/1927 1931/1931/1931 1930/1930/1930
f 1930/1930/1930 1931/1931/1931 1932/1932/1932
f 1931/1931/1931 1933/1933/1933 1932/1932/1932
f 1930/1930/1930 1932/1932/1932 1934/1934/1934
f 1934/1934/1934 1935/1935/1935 1930/1930/1930
f 1936/1936/1936 1930/1930/1930 1935/1935/1935
f 1937/1937/1937 1936/1936/1936 1935/1935/1935
f 1934/1934/1934 1938/1938/1938 1935/1935/1935
f 1938/1938/1938 1934/1934/1934 1939/1939/1939
f 1942/1942/1942 1941/1941/1941 1940/1940/1940
f 1941/1941/1941 1943/1943/1943 1940/1940/1940
f 1943/1943/1943 1941/1941/1941 1944/1944/1944
f 1945/1945/1945 1943/1943/1943 1944/1944/1944
f 1948/1948/1948 1947/1947/1947 1946/1946/1946
f 1947/1947/1947 1949/1949/1949 1946/1946/1946
f 1947/1947/1947 1950/1950/1950 1949/1949/1949
f 1950/1950/1950 1951/1951/1951 1949/1949/1949
f 1952/1952/1952 1950/1950/1950 1947/1947/1947
f 1953/1953/1953 1952/1952/1952 1947/1947/1947
f 1952/1952/1952 1953/1953/1953 1954/1954/1954
f 1955/1955/1955 1953/1953/1953 1947/1947/1947
f 1956/1956/1956 1955/1955/1955 1947/1947/1947
f 1959/1959/1959 1958/1958/1958 1957/1957/1957
f 1960/1960/1960 1959/1959/1959 1957/1957/1957
f 1961/1961/1961 1960/1960/1960 1957/1957/1957
f 1961/1961/1961 1962/1962/1962 1960/1960/1960
f 1962/1962/1962 1963/1963/1963 1960/1960/1960
f 1964/1964/1964 1961/1961/1961 1957/1957/1957
f 1964/1964/1964 1957/1957/1957 1965/1965/1965
f 1966/1966/1966 1964/1964/1964 1965/1965/1965
f 1969/1969/1969 1968/1968/1968 1967/1967/1967
f 1968/1968/1968 1970/1970/1970 1967/1967/1967
f 1967/1967/1967 1970/1970/1970 1971/1971/1971
f 1968/1968/1968 1972/1972/1972 1970/1970/1970
f 1970/1970/1970 1973/1973/1973 1971/1971/1971
f 1972/1972/1972 1974/1974/1974 1970/1970/1970
f 1970/1970/1970 1974/1974/1974 1973/1973/1973
f 1974/1974/1974 1975/1975/1975 1973/1973/1973
f 1978/1978/1978 1977/1977/1977 1976/1976/1976
f 1979/1979/1979 1978/1978/1978 1976/1976/1976
f 1979/1979/1979 1976/1976/1976 1980/1980/1980
f 1981/1981/1981 1979/1979/1979 1980/1980/1980
f 1984/1984/1984 1983/1983/1983 1982/1982/1982
f 1985/1985/1985 1984/1984/1984 1982/1982/1982
f 1988/1988/1988 1987/1987/1987 1986/1986/1986
f 1988/1988/1988 1989/1989/1989 1987/1987/1987
f 1989/1989/1989 1988/1988/1988 1990/1990/1990
f 1991/1991/1991 1989/1989/1989 1990/1990/1990
f 1988/1988/1988 1992/1992/1992 1990/1990/1990
f 1990/1990/1990 1992/1992/1992 1993/1993/1993
f 1992/1992/1992 1994/1994/1994 1993/1993/1993
f 1997/1997/1997 1996/1996/1996 1995/1995/1995
f 1995/1995/1995 1998/1998/1998 1997/1997/1997
f 1995/1995/1995 1999/1999/1999 1998/1998/1998
f 2002/2002/2002 2001/2001/2001 2000/2000/2000
f 2000/2000/2000 2003/2003/2003 2002/2002/2002
f 2000/2000/2000 2004/2004/2004 2003/2003/2003
f 2007/2007/2007 2006/2006/2006 2005/2005/2005
f 2006/2006/2006 2008/2008/2008 2005/2005/2005
f 2009/2009/2009 2008/2008/2008 2006/2006/2006
f 2010/2010/2010 2008/2008/2008 2009/2009/2009
f 2011/2011/2011 2010/2010/2010 2009/2009/2009
f 2014/2014/2014 2013/2013/2013 2012/2012/2012
f 2013/2013/2013 2015/2015/2015 2012/2012/2012
f 2012/2012/2012 2015/2015/2015 2016/2016/2016
f 2013/2013/2013 2017/2017/2017 2015/2015/2015
f 2015/2015/2015 2018/2018/2018 2016/2016/2016
f 2017/2017/2017 2019/2019/2019 2015/2015/2015
f 2018/2018/2018 2015/2015/2015 2020/2020/2020
f 2015/2015/2015 2019/2019/2019 2020/2020/2020
f 2023/2023/2023 2022/2022/2022 2021/2021/2021
f 2024/2024/2024 2023/2023/2023 2021/2021/2021
f 2027/2027/2027 2026/2026/2026 2025/2025/2025
f 2026/2026/2026 2028/2028/2028 2025/2025/2025
f 2025/2025/2025 2028/2028/2028 2029/2029/2029
f 2026/2026/2026 2030/2030/2030 2028/2028/2028
f 2028/2028/2028 2031/2031/2031 2029/2029/2029
f 2030/2030/2030 2032/2032/2032 2028/2028/2028
f 2028/2028/2028 2032/2032/2032 2031/2031/2031
f 2032/2032/2032 2033/2033/2033 2031/2031/2031
f 2036/2036/2036 2035/2035/2035 2034/2034/2034
f 2037/2037/2037 2036/2036/2036 2034/2034/2034
f 2040/2040/2040 2039/2039/2039 2038/2038/2038
f 2039/2039/2039 2041/2041/2041 2038/2038/2038
f 2038/2038/2038 2041/2041/2041 2042/2042/2042
f 2039/2039/2039 2043/2043/2043 2041/2041/2041
f 2043/2043/2043 2044/2044/2044 2041/2041/2041
f 2041/2041/2041 2045/2045/2045 2042/2042/2042
f 2041/2041/2041 2046/2046/2046 2045/2045/2045
f 2046/2046/2046 2047/2047/2047 2045/2045/2045
f 2049/2049/2049 2047/2047/2047 2048/2048/2048
f 2047/2047/2047 2050/2050/2050 2048/2048/2048
f 2047/2047/2047 2051/2051/2051 2050/2050/2050
f 2051/2051/2051 2052/2052/2052 2050/2050/2050
f 2051/2051/2051 2053/2053/2053 2052/2052/2052
f 2053/2053/2053 2054/2054/2054 2052/2052/2052
f 2057/2057/2057 2056/2056/2056 2055/2055/2055
f 2058/2058/2058 2057/2057/2057 2055/2055/2055
f 2061/2061/2061 2060/2060/2060 2059/2059/2059
f 2062/2062/2062 2061/2061/2061 2059/2059/2059
f 2063/2063/2063 2061/2061/2061 2062/2062/2062
f 2064/2064/2064 2063/2063/2063 2062/2062/2062
f 2063/2063/2063 2065/2065/2065 2061/2061/2061
f 2065/2065/2065 2066/2066/2066 2061/2061/2061
f 2067/2067/2067 2065/2065/2065 2063/2063/2063
f 2068/2068/2068 2067/2067/2067 2063/2063/2063
f 2065/2065/2065 2067/2067/2067 2069/2069/2069
f 2067/2067/2067 2070/2070/2070 2069/2069/2069
f 2073/2073/2073 2072/2072/2072 2071/2071/2071
f 2074/2074/2074 2073/2073/2073 2071/2071/2071
f 2077/2077/2077 2076/2076/2076 2075/2075/2075
f 2078/2078/2078 2077/2077/2077 2075/2075/2075
f 2080/2080/2080 2075/2075/2075 2079/2079/2079
f 2081/2081/2081 2080/2080/2080 2079/2079/2079
f 2084/2084/2084 2083/2083/2083 2082/2082/2082
f 2085/2085/2085 2084/2084/2084 2082/2082/2082
f 2085/2085/2085 2082/2082/2082 2086/2086/2086
f 2087/2087/2087 2085/2085/2085 2086/2086/2086
f 2088/2088/2088 2084/2084/2084 2085/2085/2085
f 2088/2088/2088 2085/2085/2085 2087/2087/2087
f 2089/2089/2089 2088/2088/2088 2087/2087/2087
f 2084/2084/2084 2088/2088/2088 2090/2090/2090
f 2088/2088/2088 2091/2091/2091 2090/2090/2090
f 2094/2094/2094 2093/2093/2093 2092/2092/2092
f 2093/2093/2093 2095/2095/2095 2092/2092/2092
f 2093/2093/2093 2096/2096/2096 2095/2095/2095
f 2096/2096/2096 2097/2097/2097 2095/2095/2095
f 2096/2096/2096 2098/2098/2098 2097/2097/2097
f 2098/2098/2098 2099/2099/2099 2097/2097/2097
f 2097/2097/2097 2099/2099/2099 2100/2100/2100
f 2095/2095/2095 2097/2097/2097 2100/2100/2100
f 2099/2099/2099 2101/2101/2101 2100/2100/2100
f 2095/2095/2095 2103/2103/2103 2102/2102/2102
f 2104/2104/2104 2095/2095/2095 2102/2102/2102
f 2107/2107/2107 2106/2106/2106 2105/2105/2105
f 2108/2108/2108 2107/2107/2107 2105/2105/2105
f 2111/2111/2111 2110/2110/2110 2109/2109/2109
f 2112/2112/2112 2111/2111/2111 2109/2109/2109
f 2115/2115/2115 2114/2114/2114 2113/2113/2113
f 2114/2114/2114 2116/2116/2116 2113/2113/2113
f 2113/2113/2113 2116/2116/2116 2117/2117/2117
f 2116/2116/2116 2118/2118/2118 2117/2117/2117
f 2116/2116/2116 2119/2119/2119 2118/2118/2118
f 2119/2119/2119 2120/2120/2120 2118/2118/2118
f 2118/2118/2118 2122/2122/2122 2121/2121/2121
f 2122/2122/2122 2123/2123/2123 2121/2121/2121
f 2125/2125/2125 2124/2124/2124 2116/2116/2116
f 2126/2126/2126 2125/2125/2125 2116/2116/2116
f 2125/2125/2125 2128/2128/2128 2127/2127/2127
f 2129/2129/2129 2125/2125/2125 2127/2127/2127
f 2129/2129/2129 2127/2127/2127 2130/2130/2130
f 2131/2131/2131 2129/2129/2129 2130/2130/2130
f 2134/2134/2134 2133/2133/2133 2132/2132/2132
f 2135/2135/2135 2134/2134/2134 2132/2132/2132
f 2134/2134/2134 2137/2137/2137 2136/2136/2136
f 2137/2137/2137 2138/2138/2138 2136/2136/2136
f 2141/2141/2141 2140/2140/2140 2139/2139/2139
f 2142/2142/2142 2141/2141/2141 2139/2139/2139
f 2144/2144/2144 2139/2139/2139 2143/2143/2143
f 2145/2145/2145 2144/2144/2144 2143/2143/2143
f 2145/2145/2145 2146/2146/2146 2144/2144/2144
f 2146/2146/2146 2147/2147/2147 2144/2144/2144
f 2144/2144/2144 2147/2147/2147 2148/2148/2148
f 2147/2147/2147 2146/2146/2146 2149/2149/2149
f 2147/2147/2147 2150/2150/2150 2148/2148/2148
f 2151/2151/2151 2147/2147/2147 2149/2149/2149
f 2150/2150/2150 2147/2147/2147 2151/2151/2151
f 2151/2151/2151 2149/2149/2149 2152/2152/2152
f 2153/2153/2153 2150/2150/2150 2151/2151/2151
f 2154/2154/2154 2151/2151/2151 2152/2152/2152
f 2153/2153/2153 2151/2151/2151 2154/2154/2154
f 2155/2155/2155 2153/2153/2153 2154/2154/2154
f 2158/2158/2158 2157/2157/2157 2156/2156/2156
f 2159/2159/2159 2158/2158/2158 2156/2156/2156
f 2160/2160/2160 2158/2158/2158 2159/2159/2159
f 2161/2161/2161 2160/2160/2160 2159/2159/2159
f 2161/2161/2161 2162/2162/2162 2160/2160/2160
f 2162/2162/2162 2163/2163/2163 2160/2160/2160
f 2160/2160/2160 2163/2163/2163 2158/2158/2158
f 2163/2163/2163 2164/2164/2164 2158/2158/2158
f 2167/2167/2167 2166/2166/2166 2165/2165/2165
f 2168/2168/2168 2167/2167/2167 2165/2165/2165
f 2171/2171/2171 2170/2170/2170 2169/2169/2169
f 2172/2172/2172 2171/2171/2171 2169/2169/2169
f 2175/2175/2175 2174/2174/2174 2173/2173/2173
f 2174/2174/2174 2176/2176/2176 2173/2173/2173
f 2173/2173/2173 2176/2176/2176 2177/2177/2177
f 2176/2176/2176 2178/2178/2178 2177/2177/2177
f 2181/2181/2181 2180/2180/2180 2179/2179/2179
f 2182/2182/2182 2181/2181/2181 2179/2179/2179
f 2182/2182/2182 2179/2179/2179 2183/2183/2183
f 2184/2184/2184 2182/2182/2182 2183/2183/2183
f 2187/2187/2187 2186/2186/2186 2185/2185/2185
f 2188/2188/2188 2187/2187/2187 2185/2185/2185
f 2191/2191/2191 2190/2190/2190 2189/2189/2189
f 2192/2192/2192 2191/2191/2191 2189/2189/2189
f 2195/2195/2195 2194/2194/2194 2193/2193/2193
f 2196/2196/2196 2195/2195/2195 2193/2193/2193
f 2193/2193/2193 2197/2197/2197 2196/2196/2196
f 2196/2196/2196 2197/2197/2197 2198/2198/2198
f 2200/2200/2200 2198/2198/2198 2199/2199/2199
f 2201/2201/2201 2200/2200/2200 2199/2199/2199
f 2199/2199/2199 2202/2202/2202 2201/2201/2201
f 2199/2199/2199 2203/2203/2203 2202/2202/2202
f 2203/2203/2203 2204/2204/2204 2202/2202/2202
f 2201/2201/2201 2202/2202/2202 2205/2205/2205
f 2206/2206/2206 2201/2201/2201 2205/2205/2205
f 2205/2205/2205 2207/2207/2207 2206/2206/2206
f 2210/2210/2210 2209/2209/2209 2208/2208/2208
f 2211/2211/2211 2210/2210/2210 2208/2208/2208
f 2210/2210/2210 2213/2213/2213 2212/2212/2212
f 2213/2213/2213 2214/2214/2214 2212/2212/2212
f 2217/2217/2217 2216/2216/2216 2215/2215/2215
f 2218/2218/2218 2217/2217/2217 2215/2215/2215
f 2219/2219/2219 2217/2217/2217 2218/2218/2218
f 2220/2220/2220 2219/2219/2219 2218/2218/2218
f 2221/2221/2221 2220/2220/2220 2218/2218/2218
f 2222/2222/2222 2221/2221/2221 2218/2218/2218
f 2225/2225/2225 2224/2224/2224 2223/2223/2223
f 2226/2226/2226 2225/2225/2225 2223/2223/2223
f 2229/2229/2229 2228/2228/2228 2227/2227/2227
f 2227/2227/2227 2230/2230/2230 2229/2229/2229
f 2230/2230/2230 2231/2231/2231 2229/2229/2229
f 2231/2231/2231 2232/2232/2232 2229/2229/2229
f 2235/2235/2235 2234/2234/2234 2233/2233/2233
f 2235/2235/2235 2236/2236/2236 2234/2234/2234
f 2235/2235/2235 2237/2237/2237 2236/2236/2236
f 2237/2237/2237 2238/2238/2238 2236/2236/2236
f 2239/2239/2239 2234/2234/2234 2236/2236/2236
f 2236/2236/2236 2240/2240/2240 2239/2239/2239
f 2240/2240/2240 2241/2241/2241 2239/2239/2239
f 2244/2244/2244 2243/2243/2243 2242/2242/2242
f 2243/2243/2243 2245/2245/2245 2242/2242/2242
f 2243/2243/2243 2246/2246/2246 2245/2245/2245
f 2246/2246/2246 2247/2247/2247 2245/2245/2245
f 2248/2248/2248 2247/2247/2247 2246/2246/2246
f 2249/2249/2249 2246/2246/2246 2243/2243/2243
f 2250/2250/2250 2249/2249/2249 2243/2243/2243
f 2251/2251/2251 2248/2248/2248 2246/2246/2246
f 2251/2251/2251 2252/2252/2252 2248/2248/2248
f 2252/2252/2252 2253/2253/2253 2248/2248/2248
f 2254/2254/2254 2252/2252/2252 2251/2251/2251
f 2255/2255/2255 2254/2254/2254 2251/2251/2251
f 2255/2255/2255 2251/2251/2251 2246/2246/2246
f 2249/2249/2249 2255/2255/2255 2246/2246/2246
f 2256/2256/2256 2255/2255/2255 2249/2249/2249
f 2257/2257/2257 2256/2256/2256 2249/2249/2249
f 2258/2258/2258 2257/2257/2257 2249/2249/2249
f 2250/2250/2250 2258/2258/2258 2249/2249/2249
f 2259/2259/2259 2258/2258/2258 2250/2250/2250
f 2260/2260/2260 2259/2259/2259 2250/2250/2250
f 2263/2263/2263 2262/2262/2262 2261/2261/2261
f 2264/2264/2264 2263/2263/2263 2261/2261/2261
f 2265/2265/2265 2263/2263/2263 2264/2264/2264
f 2266/2266/2266 2265/2265/2265 2264/2264/2264
f 2266/2266/2266 2267/2267/2267 2265/2265/2265
f 2267/2267/2267 2268/2268/2268 2265/2265/2265
f 2271/2271/2271 2270/2270/2270 2269/2269/2269
f 2271/2271/2271 2272/2272/2272 2270/2270/2270
f 2272/2272/2272 2273/2273/2273 2270/2270/2270
f 2276/2276/2276 2275/2275/2275 2274/2274/2274
f 2274/2274/2274 2277/2277/2277 2276/2276/2276
f 2274/2274/2274 2278/2278/2278 2277/2277/2277
f 2281/2281/2281 2280/2280/2280 2279/2279/2279
f 2282/2282/2282 2280/2280/2280 2281/2281/2281
f 2283/2283/2283 2282/2282/2282 2281/2281/2281
f 2283/2283/2283 2281/2281/2281 2284/2284/2284
f 2285/2285/2285 2283/2283/2283 2284/2284/2284
f 2288/2288/2288 2287/2287/2287 2286/2286/2286
f 2287/2287/2287 2288/2288/2288 2289/2289/2289
f 2288/2288/2288 2290/2290/2290 2289/2289/2289
f 2293/2293/2293 2292/2292/2292 2291/2291/2291
f 2291/2291/2291 2292/2292/2292 2294/2294/2294
f 2292/2292/2292 2295/2295/2295 2294/2294/2294
f 2298/2298/2298 2297/2297/2297 2296/2296/2296
f 2299/2299/2299 2298/2298/2298 2296/2296/2296
f 2302/2302/2302 2301/2301/2301 2300/2300/2300
f 2303/2303/2303 2302/2302/2302 2300/2300/2300
f 2306/2306/2306 2305/2305/2305 2304/2304/2304
f 2307/2307/2307 2306/2306/2306 2304/2304/2304
f 2307/2307/2307 2304/2304/2304 2308/2308/2308
f 2306/2306/2306 2307/2307/2307 2309/2309/2309
f 2310/2310/2310 2306/2306/2306 2309/2309/2309
f 2309/2309/2309 2307/2307/2307 2311/2311/2311
f 2311/2311/2311 2307/2307/2307 2308/2308/2308
f 2312/2312/2312 2309/2309/2309 2311/2311/2311
f 2313/2313/2313 2311/2311/2311 2308/2308/2308
f 2314/2314/2314 2313/2313/2313 2308/2308/2308
f 2317/2317/2317 2316/2316/2316 2315/2315/2315
f 2318/2318/2318 2317/2317/2317 2315/2315/2315
f 2321/2321/2321 2320/2320/2320 2319/2319/2319
f 2322/2322/2322 2321/2321/2321 2319/2319/2319
f 2325/2325/2325 2324/2324/2324 2323/2323/2323
f 2323/2323/2323 2324/2324/2324 2326/2326/2326
f 2324/2324/2324 2327/2327/2327 2326/2326/2326
f 2330/2330/2330 2329/2329/2329 2328/2328/2328
f 2331/2331/2331 2329/2329/2329 2330/2330/2330
f 1920/1920/1920 2331/2331/2331 2330/2330/2330
f 2334/2334/2334 2333/2333/2333 2332/2332/2332
f 2333/2333/2333 2335/2335/2335 2332/2332/2332
f 2333/2333/2333 1424/1424/1424 2335/2335/2335
f 1424/1424/1424 2336/2336/2336 2335/2335/2335
f 2336/2336/2336 2337/2337/2337 2335/2335/2335
f 2337/2337/2337 2338/2338/2338 2335/2335/2335
f 2335/2335/2335 2338/2338/2338 2332/2332/2332
f 2338/2338/2338 2339/2339/2339 2332/2332/2332
f 2342/2342/2342 2341/2341/2341 2340/2340/2340
f 2341/2341/2341 2343/2343/2343 2340/2340/2340
f 2343/2343/2343 2344/2344/2344 2340/2340/2340
f 2344/2344/2344 2345/2345/2345 2340/2340/2340
f 2346/2346/2346 2344/2344/2344 2343/2343/2343
f 2343/2343/2343 2341/2341/2341 2347/2347/2347
f 2347/2347/2347 2346/2346/2346 2343/2343/2343
f 2341/2341/2341 2348/2348/2348 2347/2347/2347
f 2346/2346/2346 2347/2347/2347 2349/2349/2349
f 2350/2350/2350 2346/2346/2346 2349/2349/2349
f 2351/2351/2351 2350/2350/2350 2349/2349/2349
f 2352/2352/2352 2349/2349/2349 2347/2347/2347
f 2348/2348/2348 2352/2352/2352 2347/2347/2347
f 2353/2353/2353 2351/2351/2351 2349/2349/2349
f 2349/2349/2349 2352/2352/2352 2353/2353/2353
f 2354/2354/2354 2351/2351/2351 2353/2353/2353
f 2355/2355/2355 2354/2354/2354 2353/2353/2353
f 2352/2352/2352 2356/2356/2356 2353/2353/2353
f 2352/2352/2352 2348/2348/2348 2357/2357/2357
f 2358/2358/2358 2352/2352/2352 2357/2357/2357
f 2359/2359/2359 2352/2352/2352 2358/2358/2358
f 2360/2360/2360 2359/2359/2359 2358/2358/2358
f 2361/2361/2361 2358/2358/2358 2357/2357/2357
f 2358/2358/2358 2361/2361/2361 2360/2360/2360
f 2362/2362/2362 2359/2359/2359 2360/2360/2360
f 2362/2362/2362 2355/2355/2355 2363/2363/2363
f 2359/2359/2359 2362/2362/2362 2363/2363/2363
f 2364/2364/2364 2361/2361/2361 2357/2357/2357
f 2365/2365/2365 2364/2364/2364 2357/2357/2357
f 2366/2366/2366 2365/2365/2365 2357/2357/2357
f 2361/2361/2361 2364/2364/2364 2367/2367/2367
f 2364/2364/2364 2368/2368/2368 2367/2367/2367
f 2361/2361/2361 2369/2369/2369 2360/2360/2360
f 2369/2369/2369 2361/2361/2361 2367/2367/2367
f 2370/2370/2370 2367/2367/2367 2368/2368/2368
f 2371/2371/2371 2370/2370/2370 2368/2368/2368
f 2372/2372/2372 2369/2369/2369 2367/2367/2367
f 2367/2367/2367 2370/2370/2370 2372/2372/2372
f 2369/2369/2369 2373/2373/2373 2360/2360/2360
f 2373/2373/2373 2369/2369/2369 2372/2372/2372
f 2374/2374/2374 2362/2362/2362 2360/2360/2360
f 2373/2373/2373 2374/2374/2374 2360/2360/2360
f 2374/2374/2374 2375/2375/2375 2362/2362/2362
f 2374/2374/2374 2373/2373/2373 2375/2375/2375
f 2375/2375/2375 2376/2376/2376 2362/2362/2362
f 2377/2377/2377 2373/2373/2373 2372/2372/2372
f 2373/2373/2373 2378/2378/2378 2375/2375/2375
f 2379/2379/2379 2377/2377/2377 2372/2372/2372
f 2370/2370/2370 2380/2380/2380 2372/2372/2372
f 2380/2380/2380 2379/2379/2379 2372/2372/2372
f 2379/2379/2379 2380/2380/2380 2381/2381/2381
f 2382/2382/2382 2376/2376/2376 2375/2375/2375
f 2376/2376/2376 2382/2382/2382 2383/2383/2383
f 2382/2382/2382 2384/2384/2384 2383/2383/2383
f 2382/2382/2382 2385/2385/2385 2384/2384/2384
f 2385/2385/2385 2386/2386/2386 2384/2384/2384
f 2387/2387/2387 2382/2382/2382 2375/2375/2375
f 2385/2385/2385 2382/2382/2382 2387/2387/2387
f 2378/2378/2378 2388/2388/2388 2375/2375/2375
f 2388/2388/2388 2387/2387/2387 2375/2375/2375
f 2388/2388/2388 2378/2378/2378 2389/2389/2389
f 2390/2390/2390 2379/2379/2379 2381/2381/2381
f 2391/2391/2391 2390/2390/2390 2381/2381/2381
f 2390/2390/2390 2391/2391/2391 2392/2392/2392
f 2391/2391/2391 2393/2393/2393 2392/2392/2392
f 2394/2394/2394 2385/2385/2385 2387/2387/2387
f 2388/2388/2388 2395/2395/2395 2387/2387/2387
f 2395/2395/2395 2394/2394/2394 2387/2387/2387
f 2385/2385/2385 2396/2396/2396 2386/2386/2386
f 2396/2396/2396 2385/2385/2385 2394/2394/2394
f 2396/2396/2396 2397/2397/2397 2386/2386/2386
f 2397/2397/2397 2398/2398/2398 2386/2386/2386
f 2398/2398/2398 2399/2399/2399 2386/2386/2386
f 2400/2400/2400 2396/2396/2396 2394/2394/2394
f 2401/2401/2401 2400/2400/2400 2394/2394/2394
f 2395/2395/2395 2401/2401/2401 2394/2394/2394
f 2401/2401/2401 2395/2395/2395 2402/2402/2402
f 2403/2403/2403 2401/2401/2401 2402/2402/2402
f 2402/2402/2402 2395/2395/2395 2404/2404/2404
f 2395/2395/2395 2388/2388/2388 2404/2404/2404
f 2404/2404/2404 2388/2388/2388 2389/2389/2389
f 2405/2405/2405 2404/2404/2404 2389/2389/2389
f 2406/2406/2406 2405/2405/2405 2389/2389/2389
f 2407/2407/2407 2406/2406/2406 2389/2389/2389
f 2377/2377/2377 2407/2407/2407 2389/2389/2389
f 2410/2410/2410 2409/2409/2409 2408/2408/2408
f 2411/2411/2411 2410/2410/2410 2408/2408/2408
f 2412/2412/2412 2410/2410/2410 2411/2411/2411
f 2413/2413/2413 2412/2412/2412 2411/2411/2411
f 2414/2414/2414 2412/2412/2412 2413/2413/2413
f 2415/2415/2415 2414/2414/2414 2413/2413/2413
f 2416/2416/2416 2414/2414/2414 2415/2415/2415
f 2417/2417/2417 2416/2416/2416 2415/2415/2415
f 2408/2408/2408 2419/2419/2419 2418/2418/2418
f 2419/2419/2419 2420/2420/2420 2418/2418/2418
f 2423/2423/2423 2422/2422/2422 2421/2421/2421
f 2422/2422/2422 2424/2424/2424 2421/2421/2421
f 2424/2424/2424 2425/2425/2425 2421/2421/2421
f 2348/2348/2348 2425/2425/2425 2424/2424/2424
f 2426/2426/2426 2348/2348/2348 2424/2424/2424
f 2425/2425/2425 2427/2427/2427 2421/2421/2421
f 2421/2421/2421 2427/2427/2427 2428/2428/2428
f 2427/2427/2427 2429/2429/2429 2428/2428/2428
f 2429/2429/2429 2427/2427/2427 2430/2430/2430
f 2427/2427/2427 2431/2431/2431 2430/2430/2430
f 2431/2431/2431 2345/2345/2345 2430/2430/2430
f 2345/2345/2345 2432/2432/2432 2430/2430/2430
f 2430/2430/2430 2432/2432/2432 2433/2433/2433
f 2432/2432/2432 2434/2434/2434 2433/2433/2433
f 2434/2434/2434 2436/2436/2436 2435/2435/2435
f 2437/2437/2437 2434/2434/2434 2435/2435/2435
f 2439/2439/2439 2438/2438/2438 2435/2435/2435
f 2438/2438/2438 2440/2440/2440 2435/2435/2435
f 2438/2438/2438 2441/2441/2441 2440/2440/2440
f 2441/2441/2441 2442/2442/2442 2440/2440/2440
f 2444/2444/2444 2439/2439/2439 2443/2443/2443
f 2445/2445/2445 2444/2444/2444 2443/2443/2443
f 2446/2446/2446 2445/2445/2445 2443/2443/2443
f 2447/2447/2447 2446/2446/2446 2443/2443/2443
f 2446/2446/2446 2447/2447/2447 2448/2448/2448
f 2446/2446/2446 2449/2449/2449 2445/2445/2445
f 2449/2449/2449 2450/2450/2450 2445/2445/2445
f 2449/2449/2449 2446/2446/2446 2451/2451/2451
f 2451/2451/2451 2446/2446/2446 2448/2448/2448
f 2452/2452/2452 2449/2449/2449 2451/2451/2451
f 2453/2453/2453 2451/2451/2451 2448/2448/2448
f 2454/2454/2454 2453/2453/2453 2448/2448/2448
f 2453/2453/2453 2454/2454/2454 2455/2455/2455
f 2456/2456/2456 2453/2453/2453 2455/2455/2455
f 2453/2453/2453 2457/2457/2457 2451/2451/2451
f 2457/2457/2457 2458/2458/2458 2451/2451/2451
f 2460/2460/2460 2444/2444/2444 2459/2459/2459
f 2461/2461/2461 2460/2460/2460 2459/2459/2459
f 2464/2464/2464 2463/2463/2463 2462/2462/2462
f 2465/2465/2465 2464/2464/2464 2462/2462/2462
f 2468/2468/2468 2467/2467/2467 2466/2466/2466
f 2469/2469/2469 2468/2468/2468 2466/2466/2466
f 2472/2472/2472 2471/2471/2471 2470/2470/2470
f 2471/2471/2471 2473/2473/2473 2470/2470/2470
f 2470/2470/2470 2473/2473/2473 2474/2474/2474
f 2473/2473/2473 2475/2475/2475 2474/2474/2474
f 2475/2475/2475 2473/2473/2473 2476/2476/2476
f 2473/2473/2473 2477/2477/2477 2476/2476/2476
f 2480/2480/2480 2479/2479/2479 2478/2478/2478
f 2481/2481/2481 2480/2480/2480 2478/2478/2478
f 2481/2481/2481 2478/2478/2478 2482/2482/2482
f 2483/2483/2483 2481/2481/2481 2482/2482/2482
f 2480/2480/2480 2481/2481/2481 2484/2484/2484
f 2485/2485/2485 2480/2480/2480 2484/2484/2484
f 2486/2486/2486 2485/2485/2485 2484/2484/2484
f 2481/2481/2481 2483/2483/2483 2487/2487/2487
f 2484/2484/2484 2481/2481/2481 2487/2487/2487
f 2487/2487/2487 2483/2483/2483 2488/2488/2488
f 2483/2483/2483 2489/2489/2489 2488/2488/2488
f 2490/2490/2490 2484/2484/2484 2487/2487/2487
f 2490/2490/2490 2486/2486/2486 2484/2484/2484
f 2491/2491/2491 2490/2490/2490 2487/2487/2487
f 2490/2490/2490 2491/2491/2491 2492/2492/2492
f 2486/2486/2486 2490/2490/2490 2493/2493/2493
f 2493/2493/2493 2490/2490/2490 2492/2492/2492
f 2494/2494/2494 2486/2486/2486 2493/2493/2493
f 2495/2495/2495 2494/2494/2494 2493/2493/2493
f 2496/2496/2496 2495/2495/2495 2493/2493/2493
f 2496/2496/2496 2493/2493/2493 2492/2492/2492
f 2495/2495/2495 2496/2496/2496 2497/2497/2497
f 2498/2498/2498 2496/2496/2496 2492/2492/2492
f 2496/2496/2496 2498/2498/2498 2497/2497/2497
f 2498/2498/2498 2499/2499/2499 2497/2497/2497
f 2498/2498/2498 2492/2492/2492 2500/2500/2500
f 2499/2499/2499 2498/2498/2498 2500/2500/2500
f 2501/2501/2501 2499/2499/2499 2500/2500/2500
f 2502/2502/2502 2501/2501/2501 2500/2500/2500
f 2502/2502/2502 2500/2500/2500 2391/2391/2391
f 2500/2500/2500 2503/2503/2503 2391/2391/2391
f 2501/2501/2501 2502/2502/2502 2504/2504/2504
f 2502/2502/2502 2391/2391/2391 2504/2504/2504
f 2505/2505/2505 2501/2501/2501 2504/2504/2504
f 2501/2501/2501 2505/2505/2505 2506/2506/2506
f 2507/2507/2507 2505/2505/2505 2504/2504/2504
f 2391/2391/2391 2508/2508/2508 2504/2504/2504
f 2508/2508/2508 2391/2391/2391 2381/2381/2381
f 2504/2504/2504 2508/2508/2508 2509/2509/2509
f 2509/2509/2509 2507/2507/2507 2504/2504/2504
f 2510/2510/2510 2508/2508/2508 2381/2381/2381
f 2508/2508/2508 2510/2510/2510 2509/2509/2509
f 2511/2511/2511 2510/2510/2510 2381/2381/2381
f 2507/2507/2507 2509/2509/2509 2512/2512/2512
f 2510/2510/2510 2513/2513/2513 2509/2509/2509
f 2513/2513/2513 2512/2512/2512 2509/2509/2509
f 2514/2514/2514 2507/2507/2507 2512/2512/2512
f 2507/2507/2507 2514/2514/2514 2515/2515/2515
f 2516/2516/2516 2514/2514/2514 2512/2512/2512
f 2510/2510/2510 2511/2511/2511 2517/2517/2517
f 2513/2513/2513 2510/2510/2510 2517/2517/2517
f 2512/2512/2512 2513/2513/2513 2518/2518/2518
f 2518/2518/2518 2516/2516/2516 2512/2512/2512
f 2513/2513/2513 2519/2519/2519 2518/2518/2518
f 2519/2519/2519 2513/2513/2513 2517/2517/2517
f 2516/2516/2516 2518/2518/2518 2520/2520/2520
f 2518/2518/2518 2519/2519/2519 2520/2520/2520
f 2521/2521/2521 2516/2516/2516 2520/2520/2520
f 2516/2516/2516 2521/2521/2521 2522/2522/2522
f 2519/2519/2519 2523/2523/2523 2520/2520/2520
f 2520/2520/2520 2523/2523/2523 2524/2524/2524
f 2523/2523/2523 2525/2525/2525 2524/2524/2524
f 2523/2523/2523 2519/2519/2519 2526/2526/2526
f 2524/2524/2524 2525/2525/2525 2527/2527/2527
f 2528/2528/2528 2519/2519/2519 2517/2517/2517
f 2519/2519/2519 2528/2528/2528 2526/2526/2526
f 2517/2517/2517 2371/2371/2371 2528/2528/2528
f 2370/2370/2370 2371/2371/2371 2517/2517/2517
f 2511/2511/2511 2370/2370/2370 2517/2517/2517
f 2529/2529/2529 2370/2370/2370 2511/2511/2511
f 2530/2530/2530 2529/2529/2529 2511/2511/2511
f 2371/2371/2371 2531/2531/2531 2528/2528/2528
f 2528/2528/2528 2531/2531/2531 2526/2526/2526
f 2531/2531/2531 2371/2371/2371 2532/2532/2532
f 2533/2533/2533 2531/2531/2531 2532/2532/2532
f 2531/2531/2531 2534/2534/2534 2526/2526/2526
f 2526/2526/2526 2534/2534/2534 2535/2535/2535
f 2531/2531/2531 2533/2533/2533 2536/2536/2536
f 2534/2534/2534 2531/2531/2531 2536/2536/2536
f 2534/2534/2534 2536/2536/2536 2537/2537/2537
f 2538/2538/2538 2534/2534/2534 2537/2537/2537
f 2534/2534/2534 2538/2538/2538 2535/2535/2535
f 2535/2535/2535 2538/2538/2538 2539/2539/2539
f 2538/2538/2538 2540/2540/2540 2539/2539/2539
f 2542/2542/2542 2541/2541/2541 2533/2533/2533
f 2543/2543/2543 2542/2542/2542 2533/2533/2533
f 2546/2546/2546 2545/2545/2545 2544/2544/2544
f 2547/2547/2547 2546/2546/2546 2544/2544/2544
f 2546/2546/2546 2547/2547/2547 2548/2548/2548
f 2549/2549/2549 2547/2547/2547 2544/2544/2544
f 2550/2550/2550 2549/2549/2549 2544/2544/2544
f 2549/2549/2549 2550/2550/2550 2551/2551/2551
f 2550/2550/2550 2552/2552/2552 2551/2551/2551
f 2555/2555/2555 2554/2554/2554 2553/2553/2553
f 2554/2554/2554 2555/2555/2555 2556/2556/2556
f 2555/2555/2555 2557/2557/2557 2556/2556/2556
f 2557/2557/2557 2558/2558/2558 2556/2556/2556
f 2558/2558/2558 2559/2559/2559 2556/2556/2556
f 2559/2559/2559 2560/2560/2560 2556/2556/2556
f 2560/2560/2560 2561/2561/2561 2556/2556/2556
f 2559/2559/2559 2558/2558/2558 2562/2562/2562
f 2558/2558/2558 2563/2563/2563 2562/2562/2562
f 2563/2563/2563 2564/2564/2564 2562/2562/2562
f 2564/2564/2564 2565/2565/2565 2562/2562/2562
f 2568/2568/2568 2567/2567/2567 2566/2566/2566
f 2569/2569/2569 2568/2568/2568 2566/2566/2566
f 2568/2568/2568 2569/2569/2569 2570/2570/2570
f 2568/2568/2568 2572/2572/2572 2571/2571/2571
f 2573/2573/2573 2568/2568/2568 2571/2571/2571
f 2576/2576/2576 2575/2575/2575 2574/2574/2574
f 2577/2577/2577 2576/2576/2576 2574/2574/2574
f 2580/2580/2580 2579/2579/2579 2578/2578/2578
f 2581/2581/2581 2580/2580/2580 2578/2578/2578
f 2525/2525/2525 2578/2578/2578 2582/2582/2582
f 2583/2583/2583 2525/2525/2525 2582/2582/2582
f 2525/2525/2525 2583/2583/2583 2527/2527/2527
f 2527/2527/2527 2583/2583/2583 2584/2584/2584
f 2583/2583/2583 2585/2585/2585 2584/2584/2584
f 2586/2586/2586 2527/2527/2527 2584/2584/2584
f 2587/2587/2587 2586/2586/2586 2584/2584/2584
f 2586/2586/2586 2587/2587/2587 2588/2588/2588
f 2586/2586/2586 2589/2589/2589 2527/2527/2527
f 2589/2589/2589 2586/2586/2586 2588/2588/2588
f 2589/2589/2589 2590/2590/2590 2527/2527/2527
f 2591/2591/2591 2589/2589/2589 2588/2588/2588
f 2589/2589/2589 2591/2591/2591 2590/2590/2590
f 2591/2591/2591 2592/2592/2592 2590/2590/2590
f 2595/2595/2595 2594/2594/2594 2593/2593/2593
f 2594/2594/2594 2596/2596/2596 2593/2593/2593
f 2597/2597/2597 2593/2593/2593 2596/2596/2596
f 2593/2593/2593 2597/2597/2597 2598/2598/2598
f 2596/2596/2596 2594/2594/2594 2599/2599/2599
f 2594/2594/2594 2600/2600/2600 2599/2599/2599
f 2601/2601/2601 2597/2597/2597 2596/2596/2596
f 2599/2599/2599 2602/2602/2602 2596/2596/2596
f 2602/2602/2602 2601/2601/2601 2596/2596/2596
f 2601/2601/2601 2602/2602/2602 2603/2603/2603
f 2604/2604/2604 2601/2601/2601 2603/2603/2603
f 2603/2603/2603 2602/2602/2602 2605/2605/2605
f 2602/2602/2602 2606/2606/2606 2605/2605/2605
f 2606/2606/2606 2602/2602/2602 2607/2607/2607
f 2602/2602/2602 2599/2599/2599 2607/2607/2607
f 2599/2599/2599 2600/2600/2600 2607/2607/2607
f 2600/2600/2600 2608/2608/2608 2607/2607/2607
f 2608/2608/2608 2600/2600/2600 2609/2609/2609
f 2600/2600/2600 2610/2610/2610 2609/2609/2609
f 2600/2600/2600 2611/2611/2611 2610/2610/2610
f 2610/2610/2610 2612/2612/2612 2609/2609/2609
f 2612/2612/2612 2613/2613/2613 2609/2609/2609
f 2613/2613/2613 2612/2612/2612 2614/2614/2614
f 2612/2612/2612 2615/2615/2615 2614/2614/2614
f 2615/2615/2615 2616/2616/2616 2614/2614/2614
f 2616/2616/2616 2617/2617/2617 2614/2614/2614
f 2620/2620/2620 2619/2619/2619 2618/2618/2618
f 2619/2619/2619 2621/2621/2621 2618/2618/2618
f 2621/2621/2621 2619/2619/2619 2622/2622/2622
f 2625/2625/2625 2624/2624/2624 2623/2623/2623
f 2624/2624/2624 2626/2626/2626 2623/2623/2623
f 2623/2623/2623 2626/2626/2626 2627/2627/2627
f 2626/2626/2626 2628/2628/2628 2627/2627/2627
f 2631/2631/2631 2630/2630/2630 2629/2629/2629
f 2630/2630/2630 2632/2632/2632 2629/2629/2629
f 2629/2629/2629 2632/2632/2632 2633/2633/2633
f 2632/2632/2632 2597/2597/2597 2633/2633/2633
f 2597/2597/2597 2632/2632/2632 2598/2598/2598
f 2632/2632/2632 2630/2630/2630 2598/2598/2598
f 2630/2630/2630 2634/2634/2634 2598/2598/2598
f 2634/2634/2634 2635/2635/2635 2598/2598/2598
f 2635/2635/2635 2636/2636/2636 2598/2598/2598
f 2635/2635/2635 2637/2637/2637 2636/2636/2636
f 2634/2634/2634 2638/2638/2638 2635/2635/2635
f 2634/2634/2634 2630/2630/2630 2638/2638/2638
f 2638/2638/2638 2639/2639/2639 2635/2635/2635
f 2630/2630/2630 2640/2640/2640 2638/2638/2638
f 2642/2642/2642 2641/2641/2641 2630/2630/2630
f 2643/2643/2643 2642/2642/2642 2630/2630/2630
f 2646/2646/2646 2645/2645/2645 2644/2644/2644
f 2647/2647/2647 2646/2646/2646 2644/2644/2644
f 2649/2649/2649 2644/2644/2644 2648/2648/2648
f 2644/2644/2644 2650/2650/2650 2648/2648/2648
f 2651/2651/2651 2650/2650/2650 2644/2644/2644
f 2652/2652/2652 2651/2651/2651 2644/2644/2644
f 2653/2653/2653 2651/2651/2651 2652/2652/2652
f 2654/2654/2654 2653/2653/2653 2652/2652/2652
f 2657/2657/2657 2656/2656/2656 2655/2655/2655
f 2658/2658/2658 2657/2657/2657 2655/2655/2655
f 2657/2657/2657 2658/2658/2658 2659/2659/2659
f 2658/2658/2658 2660/2660/2660 2659/2659/2659
f 2661/2661/2661 2660/2660/2660 2658/2658/2658
f 2662/2662/2662 2659/2659/2659 2660/2660/2660
f 2663/2663/2663 2662/2662/2662 2660/2660/2660
f 2663/2663/2663 2664/2664/2664 2662/2662/2662
f 2664/2664/2664 2665/2665/2665 2662/2662/2662
f 2666/2666/2666 2665/2665/2665 2664/2664/2664
f 2667/2667/2667 2666/2666/2666 2664/2664/2664
f 2670/2670/2670 2669/2669/2669 2668/2668/2668
f 2669/2669/2669 2378/2378/2378 2668/2668/2668
f 2672/2672/2672 2671/2671/2671 2379/2379/2379
f 2673/2673/2673 2672/2672/2672 2379/2379/2379
f 2676/2676/2676 2675/2675/2675 2674/2674/2674
f 2677/2677/2677 2676/2676/2676 2674/2674/2674
f 2676/2676/2676 2677/2677/2677 2678/2678/2678
f 2678/2678/2678 2679/2679/2679 2676/2676/2676
f 2679/2679/2679 2680/2680/2680 2676/2676/2676
f 2683/2683/2683 2682/2682/2682 2681/2681/2681
f 2684/2684/2684 2683/2683/2683 2681/2681/2681
f 2684/2684/2684 2681/2681/2681 2685/2685/2685
f 2686/2686/2686 2683/2683/2683 2684/2684/2684
f 2687/2687/2687 2686/2686/2686 2684/2684/2684
f 2688/2688/2688 2687/2687/2687 2684/2684/2684
f 2689/2689/2689 2684/2684/2684 2685/2685/2685
f 2684/2684/2684 2689/2689/2689 2688/2688/2688
f 2689/2689/2689 2691/2691/2691 2690/2690/2690
f 2691/2691/2691 2692/2692/2692 2690/2690/2690
f 2690/2690/2690 2692/2692/2692 2693/2693/2693
f 2692/2692/2692 2694/2694/2694 2693/2693/2693
f 2697/2697/2697 2696/2696/2696 2695/2695/2695
f 2697/2697/2697 2698/2698/2698 2696/2696/2696
f 2701/2701/2701 2700/2700/2700 2699/2699/2699
f 2700/2700/2700 2702/2702/2702 2699/2699/2699
f 2699/2699/2699 2702/2702/2702 2703/2703/2703
f 2702/2702/2702 2704/2704/2704 2703/2703/2703
f 2707/2707/2707 2706/2706/2706 2705/2705/2705
f 2708/2708/2708 2707/2707/2707 2705/2705/2705
f 2705/2705/2705 2709/2709/2709 2708/2708/2708
f 2709/2709/2709 2705/2705/2705 2710/2710/2710
f 2705/2705/2705 2711/2711/2711 2710/2710/2710
f 2710/2710/2710 2711/2711/2711 2712/2712/2712
f 2711/2711/2711 2713/2713/2713 2712/2712/2712
f 2716/2716/2716 2715/2715/2715 2714/2714/2714
f 2715/2715/2715 2717/2717/2717 2714/2714/2714
f 2714/2714/2714 2717/2717/2717 2718/2718/2718
f 2718/2718/2718 2717/2717/2717 2719/2719/2719
f 2717/2717/2717 2720/2720/2720 2719/2719/2719
f 2719/2719/2719 2721/2721/2721 2718/2718/2718
f 2721/2721/2721 2722/2722/2722 2718/2718/2718
f 2723/2723/2723 2714/2714/2714 2718/2718/2718
f 2714/2714/2714 2723/2723/2723 2724/2724/2724
f 2725/2725/2725 2714/2714/2714 2724/2724/2724
f 2724/2724/2724 2723/2723/2723 2726/2726/2726
f 2723/2723/2723 2718/2718/2718 2727/2727/2727
f 2723/2723/2723 2727/2727/2727 2726/2726/2726
f 2718/2718/2718 2722/2722/2722 2727/2727/2727
f 2726/2726/2726 2727/2727/2727 2728/2728/2728
f 2727/2727/2727 2729/2729/2729 2728/2728/2728
f 2727/2727/2727 2722/2722/2722 2729/2729/2729
f 2722/2722/2722 2730/2730/2730 2729/2729/2729
f 2732/2732/2732 2731/2731/2731 2722/2722/2722
f 2733/2733/2733 2732/2732/2732 2722/2722/2722
f 2736/2736/2736 2735/2735/2735 2734/2734/2734
f 2737/2737/2737 2736/2736/2736 2734/2734/2734
f 2740/2740/2740 2739/2739/2739 2738/2738/2738
f 2741/2741/2741 2740/2740/2740 2738/2738/2738
f 2741/2741/2741 2738/2738/2738 2742/2742/2742
f 2738/2738/2738 2743/2743/2743 2742/2742/2742
f 2743/2743/2743 2738/2738/2738 2744/2744/2744
f 2738/2738/2738 2745/2745/2745 2744/2744/2744
f 2748/2748/2748 2747/2747/2747 2746/2746/2746
f 2749/2749/2749 2748/2748/2748 2746/2746/2746
f 2752/2752/2752 2751/2751/2751 2750/2750/2750
f 2753/2753/2753 2752/2752/2752 2750/2750/2750
f 2756/2756/2756 2755/2755/2755 2754/2754/2754
f 2755/2755/2755 2757/2757/2757 2754/2754/2754
f 2754/2754/2754 2757/2757/2757 2758/2758/2758
f 2757/2757/2757 2759/2759/2759 2758/2758/2758
f 2759/2759/2759 2761/2761/2761 2760/2760/2760
f 2761/2761/2761 2762/2762/2762 2760/2760/2760
f 2764/2764/2764 2763/2763/2763 2762/2762/2762
f 2763/2763/2763 2765/2765/2765 2762/2762/2762
f 2762/2762/2762 2765/2765/2765 2766/2766/2766
f 2767/2767/2767 2762/2762/2762 2766/2766/2766
f 2766/2766/2766 2768/2768/2768 2767/2767/2767
f 2768/2768/2768 2769/2769/2769 2767/2767/2767
f 2767/2767/2767 2769/2769/2769 2770/2770/2770
f 2769/2769/2769 2771/2771/2771 2770/2770/2770
f 2773/2773/2773 2762/2762/2762 2772/2772/2772
f 2774/2774/2774 2773/2773/2773 2772/2772/2772
f 2777/2777/2777 2776/2776/2776 2775/2775/2775
f 2778/2778/2778 2777/2777/2777 2775/2775/2775
f 2779/2779/2779 2777/2777/2777 2778/2778/2778
f 2780/2780/2780 2779/2779/2779 2778/2778/2778
f 2783/2783/2783 2782/2782/2782 2781/2781/2781
f 2782/2782/2782 2784/2784/2784 2781/2781/2781
f 2785/2785/2785 2784/2784/2784 2782/2782/2782
f 2786/2786/2786 2785/2785/2785 2782/2782/2782
f 2786/2786/2786 2782/2782/2782 2787/2787/2787
f 2785/2785/2785 2786/2786/2786 2788/2788/2788
f 2789/2789/2789 2786/2786/2786 2787/2787/2787
f 2786/2786/2786 2790/2790/2790 2788/2788/2788
f 2786/2786/2786 2789/2789/2789 2790/2790/2790
f 2788/2788/2788 2790/2790/2790 2791/2791/2791
f 2789/2789/2789 2792/2792/2792 2790/2790/2790
f 2790/2790/2790 2793/2793/2793 2791/2791/2791
f 2790/2790/2790 2792/2792/2792 2793/2793/2793
f 2792/2792/2792 2794/2794/2794 2793/2793/2793
f 2795/2795/2795 2791/2791/2791 2793/2793/2793
f 2796/2796/2796 2795/2795/2795 2793/2793/2793
f 2799/2799/2799 2798/2798/2798 2797/2797/2797
f 2800/2800/2800 2799/2799/2799 2797/2797/2797
f 2801/2801/2801 2799/2799/2799 2800/2800/2800
f 2802/2802/2802 2801/2801/2801 2800/2800/2800
f 2803/2803/2803 2802/2802/2802 2800/2800/2800
f 2804/2804/2804 2803/2803/2803 2800/2800/2800
f 2804/2804/2804 2800/2800/2800 2805/2805/2805
f 2806/2806/2806 2804/2804/2804 2805/2805/2805
f 2809/2809/2809 2808/2808/2808 2807/2807/2807
f 2810/2810/2810 2809/2809/2809 2807/2807/2807
f 2810/2810/2810 2811/2811/2811 2809/2809/2809
f 2814/2814/2814 2813/2813/2813 2812/2812/2812
f 2813/2813/2813 2815/2815/2815 2812/2812/2812
f 2812/2812/2812 2815/2815/2815 2816/2816/2816
f 2815/2815/2815 2817/2817/2817 2816/2816/2816
f 2815/2815/2815 2818/2818/2818 2817/2817/2817
f 2818/2818/2818 2819/2819/2819 2817/2817/2817
f 2822/2822/2822 2821/2821/2821 2820/2820/2820
f 2821/2821/2821 2823/2823/2823 2820/2820/2820
f 2823/2823/2823 2825/2825/2825 2824/2824/2824
f 2825/2825/2825 2826/2826/2826 2824/2824/2824
f 2826/2826/2826 2827/2827/2827 2824/2824/2824
f 2827/2827/2827 2828/2828/2828 2824/2824/2824
f 2824/2824/2824 2828/2828/2828 2829/2829/2829
f 2828/2828/2828 2830/2830/2830 2829/2829/2829
f 2833/2833/2833 2832/2832/2832 2831/2831/2831
f 2832/2832/2832 2834/2834/2834 2831/2831/2831
f 2837/2837/2837 2836/2836/2836 2835/2835/2835
f 2837/2837/2837 2838/2838/2838 2836/2836/2836
f 2838/2838/2838 2839/2839/2839 2836/2836/2836
f 2839/2839/2839 2838/2838/2838 2840/2840/2840
f 2838/2838/2838 2841/2841/2841 2840/2840/2840
f 2844/2844/2844 2843/2843/2843 2842/2842/2842
f 2845/2845/2845 2844/2844/2844 2842/2842/2842
f 2845/2845/2845 2842/2842/2842 2846/2846/2846
f 2847/2847/2847 2845/2845/2845 2846/2846/2846
f 2850/2850/2850 2849/2849/2849 2848/2848/2848
f 2851/2851/2851 2850/2850/2850 2848/2848/2848
f 2852/2852/2852 2850/2850/2850 2851/2851/2851
f 2853/2853/2853 2852/2852/2852 2851/2851/2851
f 2856/2856/2856 2855/2855/2855 2854/2854/2854
f 2855/2855/2855 2857/2857/2857 2854/2854/2854
f 2854/2854/2854 2857/2857/2857 2858/2858/2858
f 2857/2857/2857 2859/2859/2859 2858/2858/2858
f 2862/2862/2862 2861/2861/2861 2860/2860/2860
f 2863/2863/2863 2862/2862/2862 2860/2860/2860
f 2863/2863/2863 2860/2860/2860 2864/2864/2864
f 2865/2865/2865 2863/2863/2863 2864/2864/2864
f 2864/2864/2864 2860/2860/2860 2866/2866/2866
f 2860/2860/2860 2867/2867/2867 2866/2866/2866
f 2870/2870/2870 2869/2869/2869 2868/2868/2868
f 2871/2871/2871 2868/2868/2868 2869/2869/2869
f 2871/2871/2871 2869/2869/2869 2872/2872/2872
f 2872/2872/2872 2873/2873/2873 2871/2871/2871
f 2874/2874/2874 2871/2871/2871 2873/2873/2873
f 2875/2875/2875 2874/2874/2874 2873/2873/2873
f 2877/2877/2877 2873/2873/2873 2876/2876/2876
f 2878/2878/2878 2877/2877/2877 2876/2876/2876
f 2881/2881/2881 2880/2880/2880 2879/2879/2879
f 2882/2882/2882 2881/2881/2881 2879/2879/2879
f 2882/2882/2882 2879/2879/2879 2883/2883/2883
f 2884/2884/2884 2882/2882/2882 2883/2883/2883
f 2887/2887/2887 2886/2886/2886 2885/2885/2885
f 2886/2886/2886 2888/2888/2888 2885/2885/2885
f 2889/2889/2889 2885/2885/2885 2888/2888/2888
f 2890/2890/2890 2889/2889/2889 2888/2888/2888
f 2893/2893/2893 2892/2892/2892 2891/2891/2891
f 2892/2892/2892 2894/2894/2894 2891/2891/2891
f 2891/2891/2891 2894/2894/2894 2895/2895/2895
f 2894/2894/2894 2896/2896/2896 2895/2895/2895
f 2898/2898/2898 2892/2892/2892 2897/2897/2897
f 2899/2899/2899 2898/2898/2898 2897/2897/2897
f 2902/2902/2902 2901/2901/2901 2900/2900/2900
f 2901/2901/2901 2903/2903/2903 2900/2900/2900
f 2903/2903/2903 2904/2904/2904 2900/2900/2900
f 2900/2900/2900 2904/2904/2904 2905/2905/2905
f 2904/2904/2904 2906/2906/2906 2905/2905/2905
f 2905/2905/2905 2906/2906/2906 2907/2907/2907
f 2908/2908/2908 2905/2905/2905 2907/2907/2907
f 2909/2909/2909 2908/2908/2908 2907/2907/2907
f 2910/2910/2910 2909/2909/2909 2907/2907/2907
f 2913/2913/2913 2912/2912/2912 2911/2911/2911
f 2914/2914/2914 2913/2913/2913 2911/2911/2911
f 2917/2917/2917 2916/2916/2916 2915/2915/2915
f 2918/2918/2918 2917/2917/2917 2915/2915/2915
f 2921/2921/2921 2920/2920/2920 2919/2919/2919
f 2922/2922/2922 2921/2921/2921 2919/2919/2919
f 2923/2923/2923 2921/2921/2921 2922/2922/2922
f 2924/2924/2924 2923/2923/2923 2922/2922/2922
f 2927/2927/2927 2926/2926/2926 2925/2925/2925
f 2925/2925/2925 2928/2928/2928 2927/2927/2927
f 2928/2928/2928 2929/2929/2929 2927/2927/2927
f 2928/2928/2928 2925/2925/2925 2930/2930/2930
f 2933/2933/2933 2932/2932/2932 2931/2931/2931
f 2932/2932/2932 2934/2934/2934 2931/2931/2931
f 2931/2931/2931 2934/2934/2934 2935/2935/2935
f 2934/2934/2934 2936/2936/2936 2935/2935/2935
f 2937/2937/2937 2935/2935/2935 2936/2936/2936
f 2938/2938/2938 2937/2937/2937 2936/2936/2936
f 2941/2941/2941 2940/2940/2940 2939/2939/2939
f 2940/2940/2940 2942/2942/2942 2939/2939/2939
f 2939/2939/2939 2942/2942/2942 2943/2943/2943
f 2942/2942/2942 2944/2944/2944 2943/2943/2943
f 2945/2945/2945 2939/2939/2939 2943/2943/2943
f 2945/2945/2945 2943/2943/2943 2946/2946/2946
f 2947/2947/2947 2945/2945/2945 2946/2946/2946
f 2946/2946/2946 2943/2943/2943 2948/2948/2948
f 2943/2943/2943 2949/2949/2949 2948/2948/2948
f 2952/2952/2952 2951/2951/2951 2950/2950/2950
f 2953/2953/2953 2952/2952/2952 2950/2950/2950
f 2956/2956/2956 2955/2955/2955 2954/2954/2954
f 2954/2954/2954 2957/2957/2957 2956/2956/2956
f 2957/2957/2957 2958/2958/2958 2956/2956/2956
f 2961/2961/2961 2960/2960/2960 2959/2959/2959
f 2959/2959/2959 2962/2962/2962 2961/2961/2961
f 2962/2962/2962 2963/2963/2963 2961/2961/2961
f 2964/2964/2964 2963/2963/2963 2962/2962/2962
f 2962/2962/2962 2965/2965/2965 2964/2964/2964
f 2961/2961/2961 2967/2967/2967 2966/2966/2966
f 2967/2967/2967 2968/2968/2968 2966/2966/2966
f 2969/2969/2969 2966/2966/2966 2968/2968/2968
f 2968/2968/2968 2970/2970/2970 2969/2969/2969
f 2973/2973/2973 2972/2972/2972 2971/2971/2971
f 2974/2974/2974 2973/2973/2973 2971/2971/2971
f 2974/2974/2974 2975/2975/2975 2973/2973/2973
f 2974/2974/2974 2976/2976/2976 2975/2975/2975
f 2976/2976/2976 2977/2977/2977 2975/2975/2975
f 2980/2980/2980 2979/2979/2979 2978/2978/2978
f 2981/2981/2981 2980/2980/2980 2978/2978/2978
f 2982/2982/2982 2980/2980/2980 2981/2981/2981
f 2983/2983/2983 2982/2982/2982 2981/2981/2981
f 2982/2982/2982 2983/2983/2983 2984/2984/2984
f 2985/2985/2985 2982/2982/2982 2984/2984/2984
f 2980/2980/2980 2982/2982/2982 2986/2986/2986
f 2987/2987/2987 2980/2980/2980 2986/2986/2986
f 2990/2990/2990 2989/2989/2989 2988/2988/2988
f 2989/2989/2989 2991/2991/2991 2988/2988/2988
f 2993/2993/2993 2991/2991/2991 2992/2992/2992
f 2994/2994/2994 2993/2993/2993 2992/2992/2992
f 2997/2997/2997 2996/2996/2996 2995/2995/2995
f 2998/2998/2998 2997/2997/2997 2995/2995/2995
f 2998/2998/2998 2995/2995/2995 2999/2999/2999
f 3000/3000/3000 2998/2998/2998 2999/2999/2999
f 2999/2999/2999 2995/2995/2995 3001/3001/3001
f 3002/3002/3002 2999/2999/2999 3001/3001/3001
f 3003/3003/3003 2999/2999/2999 3002/3002/3002
f 3004/3004/3004 3003/3003/3003 3002/3002/3002
f 3004/3004/3004 3002/3002/3002 3005/3005/3005
f 3006/3006/3006 3004/3004/3004 3005/3005/3005
f 3005/3005/3005 3002/3002/3002 3007/3007/3007
f 3002/3002/3002 3001/3001/3001 3007/3007/3007
f 3007/3007/3007 3001/3001/3001 3008/3008/3008
f 3001/3001/3001 3009/3009/3009 3008/3008/3008
f 3012/3012/3012 3011/3011/3011 3010/3010/3010
f 3013/3013/3013 3012/3012/3012 3010/3010/3010
f 3013/3013/3013 3010/3010/3010 3014/3014/3014
f 3015/3015/3015 3012/3012/3012 3013/3013/3013
f 3016/3016/3016 3013/3013/3013 3014/3014/3014
f 3017/3017/3017 3015/3015/3015 3013/3013/3013
f 3017/3017/3017 3013/3013/3013 3016/3016/3016
f 3018/3018/3018 3017/3017/3017 3016/3016/3016
f 3021/3021/3021 3020/3020/3020 3019/3019/3019
f 3022/3022/3022 3021/3021/3021 3019/3019/3019
f 3025/3025/3025 3024/3024/3024 3023/3023/3023
f 3026/3026/3026 3025/3025/3025 3023/3023/3023
f 3029/3029/3029 3028/3028/3028 3027/3027/3027
f 3030/3030/3030 3029/3029/3029 3027/3027/3027
f 3033/3033/3033 3032/3032/3032 3031/3031/3031
f 3034/3034/3034 3033/3033/3033 3031/3031/3031
f 3034/3034/3034 3031/3031/3031 3035/3035/3035
f 3036/3036/3036 3034/3034/3034 3035/3035/3035
f 3033/3033/3033 3034/3034/3034 3036/3036/3036
f 3037/3037/3037 3033/3033/3033 3036/3036/3036
f 3040/3040/3040 3039/3039/3039 3038/3038/3038
f 3041/3041/3041 3040/3040/3040 3038/3038/3038
f 3041/3041/3041 3038/3038/3038 3042/3042/3042
f 3043/3043/3043 3041/3041/3041 3042/3042/3042
f 3041/3041/3041 3043/3043/3043 3044/3044/3044
f 3045/3045/3045 3041/3041/3041 3044/3044/3044
f 3048/3048/3048 3047/3047/3047 3046/3046/3046
f 3049/3049/3049 3048/3048/3048 3046/3046/3046
f 3052/3052/3052 3051/3051/3051 3050/3050/3050
f 3051/3051/3051 3053/3053/3053 3050/3050/3050
f 3050/3050/3050 3053/3053/3053 3054/3054/3054
f 3051/3051/3051 3055/3055/3055 3053/3053/3053
f 3053/3053/3053 3056/3056/3056 3054/3054/3054
f 3055/3055/3055 3057/3057/3057 3053/3053/3053
f 3053/3053/3053 3057/3057/3057 3056/3056/3056
f 3057/3057/3057 3058/3058/3058 3056/3056/3056
f 3061/3061/3061 3060/3060/3060 3059/3059/3059
f 3062/3062/3062 3061/3061/3061 3059/3059/3059
f 3064/3064/3064 3059/3059/3059 3063/3063/3063
f 3065/3065/3065 3064/3064/3064 3063/3063/3063
f 3068/3068/3068 3067/3067/3067 3066/3066/3066
f 3069/3069/3069 3068/3068/3068 3066/3066/3066
f 3072/3072/3072 3071/3071/3071 3070/3070/3070
f 3073/3073/3073 3072/3072/3072 3070/3070/3070
f 3076/3076/3076 3075/3075/3075 3074/3074/3074
f 3077/3077/3077 3076/3076/3076 3074/3074/3074
f 3077/3077/3077 3074/3074/3074 3078/3078/3078
f 3079/3079/3079 3077/3077/3077 3078/3078/3078
f 3082/3082/3082 3081/3081/3081 3080/3080/3080
f 3083/3083/3083 3082/3082/3082 3080/3080/3080
f 3084/3084/3084 3082/3082/3082 3083/3083/3083
f 3085/3085/3085 3084/3084/3084 3083/3083/3083
f 3088/3088/3088 3087/3087/3087 3086/3086/3086
f 3089/3089/3089 3088/3088/3088 3086/3086/3086
f 3089/3089/3089 3086/3086/3086 3090/3090/3090
f 3091/3091/3091 3089/3089/3089 3090/3090/3090
f 3094/3094/3094 3093/3093/3093 3092/3092/3092
f 3095/3095/3095 3094/3094/3094 3092/3092/3092
f 3098/3098/3098 3097/3097/3097 3096/3096/3096
f 3099/3099/3099 3098/3098/3098 3096/3096/3096
f 3102/3102/3102 3101/3101/3101 3100/3100/3100
f 3103/3103/3103 3102/3102/3102 3100/3100/3100
f 3106/3106/3106 3105/3105/3105 3104/3104/3104
f 3106/3106/3106 3104/3104/3104 3107/3107/3107
f 3107/3107/3107 3108/3108/3108 3106/3106/3106
f 3106/3106/3106 3108/3108/3108 3109/3109/3109
f 3108/3108/3108 3110/3110/3110 3109/3109/3109
f 3111/3111/3111 3109/3109/3109 3110/3110/3110
f 3112/3112/3112 3111/3111/3111 3110/3110/3110
f 3113/3113/3113 3112/3112/3112 3110/3110/3110
f 3109/3109/3109 3111/3111/3111 3114/3114/3114
f 3114/3114/3114 3115/3115/3115 3109/3109/3109
f 3114/3114/3114 3116/3116/3116 3115/3115/3115
f 3114/3114/3114 3111/3111/3111 3117/3117/3117
f 3111/3111/3111 3118/3118/3118 3117/3117/3117
f 3121/3121/3121 3120/3120/3120 3119/3119/3119
f 3122/3122/3122 3121/3121/3121 3119/3119/3119
f 3125/3125/3125 3124/3124/3124 3123/3123/3123
f 3126/3126/3126 3125/3125/3125 3123/3123/3123
f 3127/3127/3127 3125/3125/3125 3126/3126/3126
f 3128/3128/3128 3127/3127/3127 3126/3126/3126
f 3128/3128/3128 3126/3126/3126 3129/3129/3129
f 3130/3130/3130 3128/3128/3128 3129/3129/3129
f 3133/3133/3133 3132/3132/3132 3131/3131/3131
f 3134/3134/3134 3133/3133/3133 3131/3131/3131
f 3137/3137/3137 3136/3136/3136 3135/3135/3135
f 3136/3136/3136 3137/3137/3137 3138/3138/3138
f 3138/3138/3138 3139/3139/3139 3136/3136/3136
f 3138/3138/3138 3140/3140/3140 3139/3139/3139
f 3140/3140/3140 3141/3141/3141 3139/3139/3139
f 3141/3141/3141 3142/3142/3142 3139/3139/3139
f 3143/3143/3143 3140/3140/3140 3138/3138/3138
f 3144/3144/3144 3143/3143/3143 3138/3138/3138
f 3143/3143/3143 3145/3145/3145 3140/3140/3140
f 3145/3145/3145 3146/3146/3146 3140/3140/3140
f 3147/3147/3147 3146/3146/3146 3145/3145/3145
f 3146/3146/3146 3147/3147/3147 3148/3148/3148
f 3145/3145/3145 3149/3149/3149 3147/3147/3147
f 3149/3149/3149 3150/3150/3150 3147/3147/3147
f 3153/3153/3153 3152/3152/3152 3151/3151/3151
f 3154/3154/3154 3153/3153/3153 3151/3151/3151
f 3157/3157/3157 3156/3156/3156 3155/3155/3155
f 3155/3155/3155 3158/3158/3158 3157/3157/3157
f 3155/3155/3155 3159/3159/3159 3158/3158/3158
f 3158/3158/3158 3159/3159/3159 3160/3160/3160
f 3160/3160/3160 3161/3161/3161 3158/3158/3158
f 3162/3162/3162 3160/3160/3160 3159/3159/3159
f 3163/3163/3163 3162/3162/3162 3159/3159/3159
f 3166/3166/3166 3165/3165/3165 3164/3164/3164
f 3165/3165/3165 3167/3167/3167 3164/3164/3164
f 3165/3165/3165 3168/3168/3168 3167/3167/3167
f 3171/3171/3171 3170/3170/3170 3169/3169/3169
f 3170/3170/3170 3172/3172/3172 3169/3169/3169
f 3170/3170/3170 3173/3173/3173 3172/3172/3172
f 3176/3176/3176 3175/3175/3175 3174/3174/3174
f 3174/3174/3174 3177/3177/3177 3176/3176/3176
f 3177/3177/3177 3178/3178/3178 3176/3176/3176
f 3181/3181/3181 3180/3180/3180 3179/3179/3179
f 3181/3181/3181 3179/3179/3179 3182/3182/3182
f 3183/3183/3183 3181/3181/3181 3182/3182/3182
f 3186/3186/3186 3185/3185/3185 3184/3184/3184
f 3185/3185/3185 3187/3187/3187 3184/3184/3184
f 3190/3190/3190 3189/3189/3189 3188/3188/3188
f 3191/3191/3191 3190/3190/3190 3188/3188/3188
f 3194/3194/3194 3193/3193/3193 3192/3192/3192
f 3195/3195/3195 3194/3194/3194 3192/3192/3192
f 3198/3198/3198 3197/3197/3197 3196/3196/3196
f 3199/3199/3199 3198/3198/3198 3196/3196/3196
f 3202/3202/3202 3201/3201/3201 3200/3200/3200
f 3203/3203/3203 3202/3202/3202 3200/3200/3200
f 3206/3206/3206 3205/3205/3205 3204/3204/3204
f 3207/3207/3207 3206/3206/3206 3204/3204/3204
f 3210/3210/3210 3209/3209/3209 3208/3208/3208
f 3211/3211/3211 3210/3210/3210 3208/3208/3208
f 3211/3211/3211 3208/3208/3208 3212/3212/3212
f 3215/3215/3215 3214/3214/3214 3213/3213/3213
f 3216/3216/3216 3215/3215/3215 3213/3213/3213
f 3219/3219/3219 3218/3218/3218 3217/3217/3217
f 3220/3220/3220 3219/3219/3219 3217/3217/3217
f 3223/3223/3223 3222/3222/3222 3221/3221/3221
f 3224/3224/3224 3223/3223/3223 3221/3221/3221
f 3224/3224/3224 3221/3221/3221 3225/3225/3225
f 3226/3226/3226 3224/3224/3224 3225/3225/3225
f 3226/3226/3226 3225/3225/3225 3227/3227/3227
f 3228/3228/3228 3226/3226/3226 3227/3227/3227
f 3228/3228/3228 3227/3227/3227 3229/3229/3229
f 3230/3230/3230 3228/3228/3228 3229/3229/3229
f 3232/3232/3232 3229/3229/3229 3231/3231/3231
f 3233/3233/3233 3232/3232/3232 3231/3231/3231
f 3236/3236/3236 3235/3235/3235 3234/3234/3234
f 3237/3237/3237 3236/3236/3236 3234/3234/3234
f 3240/3240/3240 3239/3239/3239 3238/3238/3238
f 3241/3241/3241 3240/3240/3240 3238/3238/3238
f 3244/3244/3244 3243/3243/3243 3242/3242/3242
f 3245/3245/3245 3244/3244/3244 3242/3242/3242
f 3245/3245/3245 3242/3242/3242 3246/3246/3246
f 3247/3247/3247 3245/3245/3245 3246/3246/3246
f 3247/3247/3247 3246/3246/3246 3248/3248/3248
f 3249/3249/3249 3247/3247/3247 3248/3248/3248
f 3249/3249/3249 3248/3248/3248 3250/3250/3250
f 3251/3251/3251 3249/3249/3249 3250/3250/3250
f 3251/3251/3251 3250/3250/3250 3252/3252/3252
f 3253/3253/3253 3251/3251/3251 3252/3252/3252
f 3253/3253/3253 3252/3252/3252 3254/3254/3254
f 3255/3255/3255 3253/3253/3253 3254/3254/3254
f 3255/3255/3255 3254/3254/3254 3256/3256/3256
f 3257/3257/3257 3255/3255/3255 3256/3256/3256
f 3257/3257/3257 3256/3256/3256 3258/3258/3258
f 3259/3259/3259 3257/3257/3257 3258/3258/3258
f 3259/3259/3259 3258/3258/3258 3260/3260/3260
f 3261/3261/3261 3259/3259/3259 3260/3260/3260
f 3261/3261/3261 3260/3260/3260 3262/3262/3262
f 3263/3263/3263 3261/3261/3261 3262/3262/3262
f 3266/3266/3266 3265/3265/3265 3264/3264/3264
f 3267/3267/3267 3266/3266/3266 3264/3264/3264
f 3270/3270/3270 3269/3269/3269 3268/3268/3268
f 3271/3271/3271 3270/3270/3270 3268/3268/3268
f 3272/3272/3272 3270/3270/3270 3271/3271/3271
f 3273/3273/3273 3272/3272/3272 3271/3271/3271
f 3276/3276/3276 3275/3275/3275 3274/3274/3274
f 3277/3277/3277 3276/3276/3276 3274/3274/3274
f 3274/3274/3274 3279/3279/3279 3278/3278/3278
f 3279/3279/3279 3280/3280/3280 3278/3278/3278
f 3278/3278/3278 3280/3280/3280 3281/3281/3281
f 3280/3280/3280 3282/3282/3282 3281/3281/3281
f 3281/3281/3281 3282/3282/3282 3283/3283/3283
f 3282/3282/3282 3284/3284/3284 3283/3283/3283
f 3283/3283/3283 3284/3284/3284 3285/3285/3285
f 3284/3284/3284 3286/3286/3286 3285/3285/3285
f 3285/3285/3285 3286/3286/3286 3287/3287/3287
f 3286/3286/3286 3288/3288/3288 3287/3287/3287
f 3287/3287/3287 3288/3288/3288 3289/3289/3289
f 3288/3288/3288 3290/3290/3290 3289/3289/3289
f 3289/3289/3289 3290/3290/3290 3291/3291/3291
f 3290/3290/3290 3292/3292/3292 3291/3291/3291
f 3291/3291/3291 3292/3292/3292 3293/3293/3293
f 3292/3292/3292 3294/3294/3294 3293/3293/3293
f 3293/3293/3293 3294/3294/3294 3295/3295/3295
f 3294/3294/3294 3296/3296/3296 3295/3295/3295
f 3295/3295/3295 3296/3296/3296 3297/3297/3297
f 3296/3296/3296 3298/3298/3298 3297/3297/3297
f 3297/3297/3297 3298/3298/3298 3299/3299/3299
f 3298/3298/3298 3300/3300/3300 3299/3299/3299
f 3303/3303/3303 3302/3302/3302 3301/3301/3301
f 3304/3304/3304 3303/3303/3303 3301/3301/3301
f 3307/3307/3307 3306/3306/3306 3305/3305/3305
f 3308/3308/3308 3307/3307/3307 3305/3305/3305
f 3311/3311/3311 3310/3310/3310 3309/3309/3309
f 3310/3310/3310 3312/3312/3312 3309/3309/3309
f 3309/3309/3309 3312/3312/3312 3313/3313/3313
f 3312/3312/3312 3314/3314/3314 3313/3313/3313
f 3313/3313/3313 3314/3314/3314 3315/3315/3315
f 3314/3314/3314 3316/3316/3316 3315/3315/3315
f 3316/3316/3316 3317/3317/3317 3315/3315/3315
f 3320/3320/3320 3319/3319/3319 3318/3318/3318
f 3319/3319/3319 3321/3321/3321 3318/3318/3318
f 3318/3318/3318 3321/3321/3321 3322/3322/3322
f 3321/3321/3321 3323/3323/3323 3322/3322/3322
f 3325/3325/3325 3319/3319/3319 3324/3324/3324
f 3326/3326/3326 3325/3325/3325 3324/3324/3324
f 3329/3329/3329 3328/3328/3328 3327/3327/3327
f 3330/3330/3330 3329/3329/3329 3327/3327/3327
f 3331/3331/3331 3329/3329/3329 3330/3330/3330
f 3332/3332/3332 3331/3331/3331 3330/3330/3330
f 3335/3335/3335 3334/3334/3334 3333/3333/3333
f 3336/3336/3336 3335/3335/3335 3333/3333/3333
f 3339/3339/3339 3338/3338/3338 3337/3337/3337
f 3340/3340/3340 3339/3339/3339 3337/3337/3337
f 3343/3343/3343 3342/3342/3342 3341/3341/3341
f 3342/3342/3342 3344/3344/3344 3341/3341/3341
f 3341/3341/3341 3344/3344/3344 3345/3345/3345
f 3344/3344/3344 3346/3346/3346 3345/3345/3345
f 3345/3345/3345 3346/3346/3346 3347/3347/3347
f 3346/3346/3346 3348/3348/3348 3347/3347/3347
f 3351/3351/3351 3350/3350/3350 3349/3349/3349
f 3352/3352/3352 3351/3351/3351 3349/3349/3349
f 3355/3355/3355 3354/3354/3354 3353/3353/3353
f 3356/3356/3356 3355/3355/3355 3353/3353/3353
f 3357/3357/3357 3355/3355/3355 3356/3356/3356
f 3358/3358/3358 3357/3357/3357 3356/3356/3356
f 3359/3359/3359 3357/3357/3357 3358/3358/3358
f 3360/3360/3360 3359/3359/3359 3358/3358/3358
f 3363/3363/3363 3362/3362/3362 3361/3361/3361
f 3364/3364/3364 3363/3363/3363 3361/3361/3361
f 3367/3367/3367 3366/3366/3366 3365/3365/3365
f 3368/3368/3368 3367/3367/3367 3365/3365/3365
f 3368/3368/3368 3365/3365/3365 3369/3369/3369
f 3370/3370/3370 3368/3368/3368 3369/3369/3369
f 3368/3368/3368 3370/3370/3370 3371/3371/3371
f 3372/3372/3372 3368/3368/3368 3371/3371/3371
f 3372/3372/3372 3371/3371/3371 3373/3373/3373
f 3374/3374/3374 3372/3372/3372 3373/3373/3373
f 3374/3374/3374 3375/3375/3375 3372/3372/3372
f 3375/3375/3375 3376/3376/3376 3372/3372/3372
f 3379/3379/3379 3378/3378/3378 3377/3377/3377
f 3380/3380/3380 3379/3379/3379 3377/3377/3377
f 3380/3380/3380 3377/3377/3377 3381/3381/3381
f 3382/3382/3382 3379/3379/3379 3380/3380/3380
f 3383/3383/3383 3380/3380/3380 3381/3381/3381
f 3383/3383/3383 3382/3382/3382 3380/3380/3380
f 3386/3386/3386 3385/3385/3385 3384/3384/3384
f 3385/3385/3385 3387/3387/3387 3384/3384/3384
f 3384/3384/3384 3387/3387/3387 3388/3388/3388
f 3387/3387/3387 3389/3389/3389 3388/3388/3388
f 3392/3392/3392 3391/3391/3391 3390/3390/3390
f 3393/3393/3393 3392/3392/3392 3390/3390/3390
f 3396/3396/3396 3395/3395/3395 3394/3394/3394
f 3397/3397/3397 3396/3396/3396 3394/3394/3394
f 3400/3400/3400 3399/3399/3399 3398/3398/3398
f 3401/3401/3401 3400/3400/3400 3398/3398/3398
f 3404/3404/3404 3403/3403/3403 3402/3402/3402
f 3405/3405/3405 3404/3404/3404 3402/3402/3402
f 3408/3408/3408 3407/3407/3407 3406/3406/3406
f 3409/3409/3409 3408/3408/3408 3406/3406/3406
f 3410/3410/3410 3408/3408/3408 3409/3409/3409
f 3411/3411/3411 3410/3410/3410 3409/3409/3409
f 3414/3414/3414 3413/3413/3413 3412/3412/3412
f 3415/3415/3415 3414/3414/3414 3412/3412/3412
f 3418/3418/3418 3417/3417/3417 3416/3416/3416
f 3419/3419/3419 3418/3418/3418 3416/3416/3416
f 3422/3422/3422 3421/3421/3421 3420/3420/3420
f 3421/3421/3421 3423/3423/3423 3420/3420/3420
f 3420/3420/3420 3423/3423/3423 3424/3424/3424
f 3423/3423/3423 3425/3425/3425 3424/3424/3424
f 3424/3424/3424 3425/3425/3425 3426/3426/3426
f 3425/3425/3425 3427/3427/3427 3426/3426/3426
f 3426/3426/3426 3427/3427/3427 3428/3428/3428
f 3427/3427/3427 3429/3429/3429 3428/3428/3428
f 3428/3428/3428 3429/3429/3429 3430/3430/3430
f 3429/3429/3429 3431/3431/3431 3430/3430/3430
f 3434/3434/3434 3433/3433/3433 3432/3432/3432
f 3435/3435/3435 3434/3434/3434 3432/3432/3432
f 3436/3436/3436 3434/3434/3434 3435/3435/3435
f 3437/3437/3437 3436/3436/3436 3435/3435/3435
f 3438/3438/3438 3436/3436/3436 3437/3437/3437
f 3439/3439/3439 3438/3438/3438 3437/3437/3437
f 3442/3442/3442 3441/3441/3441 3440/3440/3440
f 3443/3443/3443 3442/3442/3442 3440/3440/3440
f 3446/3446/3446 3445/3445/3445 3444/3444/3444
f 3447/3447/3447 3446/3446/3446 3444/3444/3444
f 3450/3450/3450 3449/3449/3449 3448/3448/3448
f 3451/3451/3451 3450/3450/3450 3448/3448/3448
f 3454/3454/3454 3453/3453/3453 3452/3452/3452
f 3455/3455/3455 3454/3454/3454 3452/3452/3452
f 3458/3458/3458 3457/3457/3457 3456/3456/3456
f 3459/3459/3459 3458/3458/3458 3456/3456/3456
f 3462/3462/3462 3461/3461/3461 3460/3460/3460
f 3461/3461/3461 1474/1474/1474 3460/3460/3460
f 3465/3465/3465 3464/3464/3464 3463/3463/3463
f 1463/1463/1463 3465/3465/3465 3463/3463/3463
f 1454/1454/1454 3467/3467/3467 3466/3466/3466
f 3468/3468/3468 1454/1454/1454 3466/3466/3466
f 3471/3471/3471 3470/3470/3470 3469/3469/3469
f 3472/3472/3472 3471/3471/3471 3469/3469/3469
f 3475/3475/3475 3474/3474/3474 3473/3473/3473
f 3476/3476/3476 3475/3475/3475 3473/3473/3473
f 3479/3479/3479 3478/3478/3478 3477/3477/3477
f 3477/3477/3477 3480/3480/3480 3479/3479/3479
f 3480/3480/3480 3481/3481/3481 3479/3479/3479
f 3480/3480/3480 3482/3482/3482 3481/3481/3481
f 3482/3482/3482 3483/3483/3483 3481/3481/3481
f 3486/3486/3486 3485/3485/3485 3484/3484/3484
f 3484/3484/3484 3487/3487/3487 3486/3486/3486
f 3484/3484/3484 3488/3488/3488 3487/3487/3487
f 3488/3488/3488 3489/3489/3489 3487/3487/3487
f 3488/3488/3488 3490/3490/3490 3489/3489/3489
f 3490/3490/3490 3491/3491/3491 3489/3489/3489
f 3490/3490/3490 3492/3492/3492 3491/3491/3491
f 3492/3492/3492 3493/3493/3493 3491/3491/3491
f 3492/3492/3492 3494/3494/3494 3493/3493/3493
f 3494/3494/3494 3495/3495/3495 3493/3493/3493
f 3494/3494/3494 3496/3496/3496 3495/3495/3495
f 3499/3499/3499 3498/3498/3498 3497/3497/3497
f 3500/3500/3500 3499/3499/3499 3497/3497/3497
f 3499/3499/3499 3500/3500/3500 3501/3501/3501
f 3497/3497/3497 3502/3502/3502 3500/3500/3500
f 3501/3501/3501 3500/3500/3500 3503/3503/3503
f 3502/3502/3502 3504/3504/3504 3500/3500/3500
f 3502/3502/3502 3505/3505/3505 3504/3504/3504
f 3500/3500/3500 3506/3506/3506 3503/3503/3503
f 3500/3500/3500 3504/3504/3504 3506/3506/3506
f 3503/3503/3503 3506/3506/3506 3507/3507/3507
f 3505/3505/3505 3508/3508/3508 3504/3504/3504
f 3505/3505/3505 3509/3509/3509 3508/3508/3508
f 3504/3504/3504 3510/3510/3510 3506/3506/3506
f 3510/3510/3510 3504/3504/3504 3508/3508/3508
f 3510/3510/3510 3511/3511/3511 3506/3506/3506
f 3511/3511/3511 3510/3510/3510 3508/3508/3508
f 3506/3506/3506 3512/3512/3512 3507/3507/3507
f 3511/3511/3511 3512/3512/3512 3506/3506/3506
f 3509/3509/3509 3513/3513/3513 3508/3508/3508
f 3511/3511/3511 3508/3508/3508 3513/3513/3513
f 3514/3514/3514 3507/3507/3507 3512/3512/3512
f 3507/3507/3507 3514/3514/3514 3515/3515/3515
f 3514/3514/3514 3516/3516/3516 3515/3515/3515
f 3517/3517/3517 3514/3514/3514 3512/3512/3512
f 3516/3516/3516 3518/3518/3518 3515/3515/3515
f 3517/3517/3517 3512/3512/3512 3519/3519/3519
f 3518/3518/3518 3520/3520/3520 3515/3515/3515
f 3521/3521/3521 3512/3512/3512 3511/3511/3511
f 3512/3512/3512 3521/3521/3521 3519/3519/3519
f 3520/3520/3520 3518/3518/3518 3522/3522/3522
f 3521/3521/3521 3522/3522/3522 3519/3519/3519
f 3518/3518/3518 3523/3523/3523 3522/3522/3522
f 3522/3522/3522 3523/3523/3523 3519/3519/3519
f 3524/3524/3524 3521/3521/3521 3511/3511/3511
f 3524/3524/3524 3511/3511/3511 3513/3513/3513
f 3521/3521/3521 3524/3524/3524 3525/3525/3525
f 3522/3522/3522 3521/3521/3521 3525/3525/3525
f 3525/3525/3525 3524/3524/3524 3513/3513/3513
f 3522/3522/3522 3526/3526/3526 3520/3520/3520
f 3522/3522/3522 3525/3525/3525 3526/3526/3526
f 3526/3526/3526 3527/3527/3527 3520/3520/3520
f 3528/3528/3528 3525/3525/3525 3513/3513/3513
f 3513/3513/3513 3509/3509/3509 3528/3528/3528
f 3509/3509/3509 3529/3529/3529 3528/3528/3528
f 3530/3530/3530 3525/3525/3525 3528/3528/3528
f 3525/3525/3525 3530/3530/3530 3526/3526/3526
f 3528/3528/3528 3529/3529/3529 3531/3531/3531
f 3531/3531/3531 3530/3530/3530 3528/3528/3528
f 3530/3530/3530 3531/3531/3531 3526/3526/3526
f 3529/3529/3529 3532/3532/3532 3531/3531/3531
f 3526/3526/3526 3533/3533/3533 3527/3527/3527
f 3531/3531/3531 3533/3533/3533 3526/3526/3526
f 3531/3531/3531 3532/3532/3532 3533/3533/3533
f 3533/3533/3533 3534/3534/3534 3527/3527/3527
f 3532/3532/3532 3535/3535/3535 3533/3533/3533
f 3533/3533/3533 3536/3536/3536 3534/3534/3534
f 3536/3536/3536 3533/3533/3533 3535/3535/3535
f 3537/3537/3537 3536/3536/3536 3535/3535/3535
f 3540/3540/3540 3539/3539/3539 3538/3538/3538
f 3539/3539/3539 3541/3541/3541 3538/3538/3538
f 3538/3538/3538 3541/3541/3541 3542/3542/3542
f 3541/3541/3541 3543/3543/3543 3542/3542/3542
f 3543/3543/3543 3544/3544/3544 3542/3542/3542
f 3544/3544/3544 3545/3545/3545 3542/3542/3542
f 3544/3544/3544 3546/3546/3546 3545/3545/3545
f 3546/3546/3546 3547/3547/3547 3545/3545/3545
f 3550/3550/3550 3549/3549/3549 3548/3548/3548
f 3551/3551/3551 3550/3550/3550 3548/3548/3548
f 3551/3551/3551 3548/3548/3548 3552/3552/3552
f 3550/3550/3550 3551/3551/3551 3553/3553/3553
f 3553/3553/3553 3551/3551/3551 3552/3552/3552
f 3548/3548/3548 3554/3554/3554 3552/3552/3552
f 3554/3554/3554 3555/3555/3555 3552/3552/3552
f 3556/3556/3556 3553/3553/3553 3552/3552/3552
f 3553/3553/3553 3556/3556/3556 3557/3557/3557
f 3556/3556/3556 3558/3558/3558 3557/3557/3557
f 3558/3558/3558 3556/3556/3556 3552/3552/3552
f 3559/3559/3559 3558/3558/3558 3552/3552/3552
f 3555/3555/3555 3559/3559/3559 3552/3552/3552
f 3559/3559/3559 3560/3560/3560 3558/3558/3558
f 3560/3560/3560 3559/3559/3559 3555/3555/3555
f 3561/3561/3561 3560/3560/3560 3555/3555/3555
f 3564/3564/3564 3563/3563/3563 3562/3562/3562
f 3563/3563/3563 3565/3565/3565 3562/3562/3562
f 3562/3562/3562 3565/3565/3565 3566/3566/3566
f 3565/3565/3565 3567/3567/3567 3566/3566/3566
f 3566/3566/3566 3567/3567/3567 3568/3568/3568
f 3567/3567/3567 3569/3569/3569 3568/3568/3568
f 3569/3569/3569 3570/3570/3570 3568/3568/3568
f 3570/3570/3570 3571/3571/3571 3568/3568/3568
f 3570/3570/3570 3572/3572/3572 3571/3571/3571
f 3572/3572/3572 3573/3573/3573 3571/3571/3571
f 3576/3576/3576 3575/3575/3575 3574/3574/3574
f 3575/3575/3575 3577/3577/3577 3574/3574/3574
f 3580/3580/3580 3579/3579/3579 3578/3578/3578
f 3581/3581/3581 3580/3580/3580 3578/3578/3578
f 3580/3580/3580 3581/3581/3581 3582/3582/3582
f 3578/3578/3578 3583/3583/3583 3581/3581/3581
f 3582/3582/3582 3581/3581/3581 3584/3584/3584
f 3583/3583/3583 3585/3585/3585 3581/3581/3581
f 3583/3583/3583 3586/3586/3586 3585/3585/3585
f 3581/3581/3581 3587/3587/3587 3584/3584/3584
f 3581/3581/3581 3585/3585/3585 3587/3587/3587
f 3584/3584/3584 3587/3587/3587 3588/3588/3588
f 3586/3586/3586 3589/3589/3589 3585/3585/3585
f 3586/3586/3586 3590/3590/3590 3589/3589/3589
f 3585/3585/3585 3591/3591/3591 3587/3587/3587
f 3591/3591/3591 3585/3585/3585 3589/3589/3589
f 3591/3591/3591 3592/3592/3592 3587/3587/3587
f 3592/3592/3592 3591/3591/3591 3589/3589/3589
f 3587/3587/3587 3593/3593/3593 3588/3588/3588
f 3592/3592/3592 3593/3593/3593 3587/3587/3587
f 3590/3590/3590 3594/3594/3594 3589/3589/3589
f 3592/3592/3592 3589/3589/3589 3594/3594/3594
f 3595/3595/3595 3588/3588/3588 3593/3593/3593
f 3588/3588/3588 3595/3595/3595 3596/3596/3596
f 3594/3594/3594 3590/3590/3590 3597/3597/3597
f 3590/3590/3590 3598/3598/3598 3597/3597/3597
f 3597/3597/3597 3598/3598/3598 3599/3599/3599
f 3598/3598/3598 3600/3600/3600 3599/3599/3599
f 3599/3599/3599 3600/3600/3600 3601/3601/3601
f 3600/3600/3600 3602/3602/3602 3601/3601/3601
f 3603/3603/3603 3601/3601/3601 3602/3602/3602
f 3604/3604/3604 3603/3603/3603 3602/3602/3602
f 3601/3601/3601 3603/3603/3603 3605/3605/3605
f 3601/3601/3601 3605/3605/3605 3606/3606/3606
f 3607/3607/3607 3601/3601/3601 3606/3606/3606
f 3599/3599/3599 3601/3601/3601 3607/3607/3607
f 3607/3607/3607 3606/3606/3606 3608/3608/3608
f 3599/3599/3599 3609/3609/3609 3597/3597/3597
f 3609/3609/3609 3599/3599/3599 3607/3607/3607
f 3609/3609/3609 3610/3610/3610 3597/3597/3597
f 3597/3597/3597 3610/3610/3610 3594/3594/3594
f 3610/3610/3610 3609/3609/3609 3607/3607/3607
f 3611/3611/3611 3607/3607/3607 3608/3608/3608
f 3611/3611/3611 3610/3610/3610 3607/3607/3607
f 3610/3610/3610 3612/3612/3612 3594/3594/3594
f 3612/3612/3612 3592/3592/3592 3594/3594/3594
f 3613/3613/3613 3612/3612/3612 3610/3610/3610
f 3612/3612/3612 3613/3613/3613 3592/3592/3592
f 3611/3611/3611 3613/3613/3613 3610/3610/3610
f 3613/3613/3613 3593/3593/3593 3592/3592/3592
f 3593/3593/3593 3613/3613/3613 3614/3614/3614
f 3613/3613/3613 3611/3611/3611 3614/3614/3614
f 3608/3608/3608 3615/3615/3615 3611/3611/3611
f 3615/3615/3615 3608/3608/3608 3596/3596/3596
f 3616/3616/3616 3593/3593/3593 3614/3614/3614
f 3616/3616/3616 3595/3595/3595 3593/3593/3593
f 3611/3611/3611 3617/3617/3617 3614/3614/3614
f 3615/3615/3615 3617/3617/3617 3611/3611/3611
f 3595/3595/3595 3618/3618/3618 3596/3596/3596
f 3618/3618/3618 3615/3615/3615 3596/3596/3596
f 3614/3614/3614 3619/3619/3619 3616/3616/3616
f 3617/3617/3617 3620/3620/3620 3614/3614/3614
f 3620/3620/3620 3619/3619/3619 3614/3614/3614
f 3616/3616/3616 3621/3621/3621 3595/3595/3595
f 3619/3619/3619 3621/3621/3621 3616/3616/3616
f 3615/3615/3615 3622/3622/3622 3617/3617/3617
f 3622/3622/3622 3620/3620/3620 3617/3617/3617
f 3595/3595/3595 3623/3623/3623 3618/3618/3618
f 3621/3621/3621 3623/3623/3623 3595/3595/3595
f 3618/3618/3618 3624/3624/3624 3615/3615/3615
f 3624/3624/3624 3622/3622/3622 3615/3615/3615
f 3623/3623/3623 3624/3624/3624 3618/3618/3618
f 3625/3625/3625 3621/3621/3621 3619/3619/3619
f 3623/3623/3623 3621/3621/3621 3625/3625/3625
f 3620/3620/3620 3626/3626/3626 3619/3619/3619
f 3620/3620/3620 3622/3622/3622 3626/3626/3626
f 3624/3624/3624 3623/3623/3623 3627/3627/3627
f 3622/3622/3622 3624/3624/3624 3627/3627/3627
f 3623/3623/3623 3628/3628/3628 3627/3627/3627
f 3628/3628/3628 3623/3623/3623 3625/3625/3625
f 3629/3629/3629 3622/3622/3622 3627/3627/3627
f 3622/3622/3622 3629/3629/3629 3626/3626/3626
f 3630/3630/3630 3625/3625/3625 3619/3619/3619
f 3626/3626/3626 3630/3630/3630 3619/3619/3619
f 3625/3625/3625 3631/3631/3631 3628/3628/3628
f 3631/3631/3631 3632/3632/3632 3628/3628/3628
f 3633/3633/3633 3626/3626/3626 3629/3629/3629
f 3634/3634/3634 3633/3633/3633 3629/3629/3629
f 3625/3625/3625 3630/3630/3630 3635/3635/3635
f 3625/3625/3625 3635/3635/3635 3631/3631/3631
f 3630/3630/3630 3626/3626/3626 3636/3636/3636
f 3636/3636/3636 3626/3626/3626 3633/3633/3633
f 3631/3631/3631 3637/3637/3637 3632/3632/3632
f 3637/3637/3637 3638/3638/3638 3632/3632/3632
f 3637/3637/3637 3639/3639/3639 3638/3638/3638
f 3639/3639/3639 3637/3637/3637 3640/3640/3640
f 3641/3641/3641 3639/3639/3639 3640/3640/3640
f 3642/3642/3642 3640/3640/3640 3637/3637/3637
f 3643/3643/3643 3642/3642/3642 3637/3637/3637
f 3643/3643/3643 3637/3637/3637 3631/3631/3631
f 3644/3644/3644 3642/3642/3642 3643/3643/3643
f 3645/3645/3645 3643/3643/3643 3631/3631/3631
f 3635/3635/3635 3645/3645/3645 3631/3631/3631
f 3646/3646/3646 3644/3644/3644 3643/3643/3643
f 3643/3643/3643 3645/3645/3645 3646/3646/3646
f 3645/3645/3645 3635/3635/3635 3646/3646/3646
f 3647/3647/3647 3644/3644/3644 3646/3646/3646
f 3646/3646/3646 3635/3635/3635 3648/3648/3648
f 3648/3648/3648 3647/3647/3647 3646/3646/3646
f 3635/3635/3635 3649/3649/3649 3648/3648/3648
f 3630/3630/3630 3649/3649/3649 3635/3635/3635
f 3649/3649/3649 3630/3630/3630 3636/3636/3636
f 3649/3649/3649 3636/3636/3636 3648/3648/3648
f 3647/3647/3647 3648/3648/3648 3650/3650/3650
f 3636/3636/3636 3650/3650/3650 3648/3648/3648
f 3651/3651/3651 3647/3647/3647 3650/3650/3650
f 3636/3636/3636 3652/3652/3652 3650/3650/3650
f 3652/3652/3652 3636/3636/3636 3633/3633/3633
f 3651/3651/3651 3650/3650/3650 3653/3653/3653
f 3652/3652/3652 3653/3653/3653 3650/3650/3650
f 3653/3653/3653 3652/3652/3652 3633/3633/3633
f 3654/3654/3654 3651/3651/3651 3653/3653/3653
f 3655/3655/3655 3653/3653/3653 3633/3633/3633
f 3654/3654/3654 3653/3653/3653 3655/3655/3655
f 3655/3655/3655 3633/3633/3633 3634/3634/3634
f 3656/3656/3656 3655/3655/3655 3634/3634/3634
f 3657/3657/3657 3654/3654/3654 3655/3655/3655
f 3658/3658/3658 3655/3655/3655 3656/3656/3656
f 3655/3655/3655 3658/3658/3658 3657/3657/3657
f 3658/3658/3658 3659/3659/3659 3657/3657/3657
f 3662/3662/3662 3661/3661/3661 3660/3660/3660
f 3661/3661/3661 3663/3663/3663 3660/3660/3660
f 3660/3660/3660 3663/3663/3663 3664/3664/3664
f 3663/3663/3663 3665/3665/3665 3664/3664/3664
f 3665/3665/3665 3666/3666/3666 3664/3664/3664
f 3666/3666/3666 3667/3667/3667 3664/3664/3664
f 3666/3666/3666 3668/3668/3668 3667/3667/3667
f 3668/3668/3668 3669/3669/3669 3667/3667/3667
f 3672/3672/3672 3671/3671/3671 3670/3670/3670
f 3673/3673/3673 3672/3672/3672 3670/3670/3670
f 3673/3673/3673 3670/3670/3670 3674/3674/3674
f 3672/3672/3672 3673/3673/3673 3675/3675/3675
f 3675/3675/3675 3673/3673/3673 3674/3674/3674
f 3670/3670/3670 3676/3676/3676 3674/3674/3674
f 3676/3676/3676 3677/3677/3677 3674/3674/3674
f 3678/3678/3678 3675/3675/3675 3674/3674/3674
f 3675/3675/3675 3678/3678/3678 3679/3679/3679
f 3678/3678/3678 3680/3680/3680 3679/3679/3679
f 3680/3680/3680 3678/3678/3678 3674/3674/3674
f 3681/3681/3681 3680/3680/3680 3674/3674/3674
f 3677/3677/3677 3681/3681/3681 3674/3674/3674
f 3681/3681/3681 3682/3682/3682 3680/3680/3680
f 3682/3682/3682 3681/3681/3681 3677/3677/3677
f 3683/3683/3683 3682/3682/3682 3677/3677/3677
f 3686/3686/3686 3685/3685/3685 3684/3684/3684
f 3685/3685/3685 3687/3687/3687 3684/3684/3684
f 3684/3684/3684 3687/3687/3687 3688/3688/3688
f 3687/3687/3687 3689/3689/3689 3688/3688/3688
f 3688/3688/3688 3689/3689/3689 3690/3690/3690
f 3689/3689/3689 3691/3691/3691 3690/3690/3690
f 3691/3691/3691 3692/3692/3692 3690/3690/3690
f 3692/3692/3692 3693/3693/3693 3690/3690/3690
f 3692/3692/3692 3694/3694/3694 3693/3693/3693
f 3694/3694/3694 3695/3695/3695 3693/3693/3693
f 3694/3694/3694 3696/3696/3696 3695/3695/3695
f 3696/3696/3696 3697/3697/3697 3695/3695/3695
f 3700/3700/3700 3699/3699/3699 3698/3698/3698
f 3701/3701/3701 3700/3700/3700 3698/3698/3698
f 3701/3701/3701 3698/3698/3698 3702/3702/3702
f 3703/3703/3703 3701/3701/3701 3702/3702/3702
f 3704/3704/3704 3700/3700/3700 3701/3701/3701
f 3705/3705/3705 3704/3704/3704 3701/3701/3701
f 3706/3706/3706 3704/3704/3704 3705/3705/3705
f 3707/3707/3707 3706/3706/3706 3705/3705/3705
f 3707/3707/3707 3705/3705/3705 3708/3708/3708
f 3709/3709/3709 3706/3706/3706 3707/3707/3707
f 3710/3710/3710 3707/3707/3707 3708/3708/3708
f 3711/3711/3711 3709/3709/3709 3707/3707/3707
f 3711/3711/3711 3707/3707/3707 3710/3710/3710
f 3712/3712/3712 3709/3709/3709 3711/3711/3711
f 3713/3713/3713 3711/3711/3711 3710/3710/3710
f 3714/3714/3714 3712/3712/3712 3711/3711/3711
f 3714/3714/3714 3711/3711/3711 3713/3713/3713
f 3715/3715/3715 3712/3712/3712 3714/3714/3714
f 3716/3716/3716 3714/3714/3714 3713/3713/3713
f 3717/3717/3717 3715/3715/3715 3714/3714/3714
f 3717/3717/3717 3714/3714/3714 3716/3716/3716
f 3718/3718/3718 3717/3717/3717 3716/3716/3716
f 3708/3708/3708 3720/3720/3720 3719/3719/3719
f 3720/3720/3720 3721/3721/3721 3719/3719/3719
f 3724/3724/3724 3723/3723/3723 3722/3722/3722
f 3723/3723/3723 3725/3725/3725 3722/3722/3722
f 3722/3722/3722 3725/3725/3725 3726/3726/3726
f 3725/3725/3725 3723/3723/3723 3727/3727/3727
f 3725/3725/3725 3728/3728/3728 3726/3726/3726
f 3726/3726/3726 3728/3728/3728 3729/3729/3729
f 3730/3730/3730 3725/3725/3725 3727/3727/3727
f 3728/3728/3728 3725/3725/3725 3730/3730/3730
f 3730/3730/3730 3727/3727/3727 3731/3731/3731
f 3728/3728/3728 3732/3732/3732 3729/3729/3729
f 3729/3729/3729 3732/3732/3732 3733/3733/3733
f 3734/3734/3734 3730/3730/3730 3731/3731/3731
f 3734/3734/3734 3731/3731/3731 3735/3735/3735
f 3736/3736/3736 3728/3728/3728 3730/3730/3730
f 3732/3732/3732 3728/3728/3728 3736/3736/3736
f 3736/3736/3736 3730/3730/3730 3734/3734/3734
f 3732/3732/3732 3737/3737/3737 3733/3733/3733
f 3733/3733/3733 3737/3737/3737 3738/3738/3738
f 3739/3739/3739 3734/3734/3734 3735/3735/3735
f 3739/3739/3739 3735/3735/3735 3740/3740/3740
f 3741/3741/3741 3736/3736/3736 3734/3734/3734
f 3741/3741/3741 3734/3734/3734 3739/3739/3739
f 3742/3742/3742 3732/3732/3732 3736/3736/3736
f 3737/3737/3737 3732/3732/3732 3742/3742/3742
f 3742/3742/3742 3736/3736/3736 3741/3741/3741
f 3737/3737/3737 3743/3743/3743 3738/3738/3738
f 3738/3738/3738 3743/3743/3743 3744/3744/3744
f 3745/3745/3745 3739/3739/3739 3740/3740/3740
f 3745/3745/3745 3740/3740/3740 3746/3746/3746
f 3747/3747/3747 3745/3745/3745 3746/3746/3746
f 3748/3748/3748 3741/3741/3741 3739/3739/3739
f 3748/3748/3748 3739/3739/3739 3745/3745/3745
f 3749/3749/3749 3745/3745/3745 3747/3747/3747
f 3749/3749/3749 3748/3748/3748 3745/3745/3745
f 3750/3750/3750 3749/3749/3749 3747/3747/3747
f 3751/3751/3751 3742/3742/3742 3741/3741/3741
f 3751/3751/3751 3741/3741/3741 3748/3748/3748
f 3752/3752/3752 3737/3737/3737 3742/3742/3742
f 3743/3743/3743 3737/3737/3737 3752/3752/3752
f 3752/3752/3752 3742/3742/3742 3751/3751/3751
f 3743/3743/3743 3753/3753/3753 3744/3744/3744
f 3744/3744/3744 3753/3753/3753 3754/3754/3754
f 3755/3755/3755 3748/3748/3748 3749/3749/3749
f 3755/3755/3755 3751/3751/3751 3748/3748/3748
f 3756/3756/3756 3749/3749/3749 3750/3750/3750
f 3756/3756/3756 3755/3755/3755 3749/3749/3749
f 3757/3757/3757 3756/3756/3756 3750/3750/3750
f 3758/3758/3758 3752/3752/3752 3751/3751/3751
f 3758/3758/3758 3751/3751/3751 3755/3755/3755
f 3759/3759/3759 3743/3743/3743 3752/3752/3752
f 3753/3753/3753 3743/3743/3743 3759/3759/3759
f 3759/3759/3759 3752/3752/3752 3758/3758/3758
f 3753/3753/3753 3760/3760/3760 3754/3754/3754
f 3754/3754/3754 3760/3760/3760 3761/3761/3761
f 3762/3762/3762 3755/3755/3755 3756/3756/3756
f 3762/3762/3762 3758/3758/3758 3755/3755/3755
f 3763/3763/3763 3756/3756/3756 3757/3757/3757
f 3763/3763/3763 3762/3762/3762 3756/3756/3756
f 3764/3764/3764 3763/3763/3763 3757/3757/3757
f 3765/3765/3765 3753/3753/3753 3759/3759/3759
f 3753/3753/3753 3765/3765/3765 3760/3760/3760
f 3766/3766/3766 3759/3759/3759 3758/3758/3758
f 3766/3766/3766 3758/3758/3758 3762/3762/3762
f 3765/3765/3765 3759/3759/3759 3766/3766/3766
f 3760/3760/3760 3767/3767/3767 3761/3761/3761
f 3761/3761/3761 3767/3767/3767 3768/3768/3768
f 3768/3768/3768 3769/3769/3769 3764/3764/3764
f 3769/3769/3769 3763/3763/3763 3764/3764/3764
f 3767/3767/3767 3769/3769/3769 3768/3768/3768
f 3770/3770/3770 3762/3762/3762 3763/3763/3763
f 3770/3770/3770 3766/3766/3766 3762/3762/3762
f 3769/3769/3769 3770/3770/3770 3763/3763/3763
f 3771/3771/3771 3765/3765/3765 3766/3766/3766
f 3765/3765/3765 3771/3771/3771 3760/3760/3760
f 3760/3760/3760 3771/3771/3771 3767/3767/3767
f 3771/3771/3771 3766/3766/3766 3770/3770/3770
f 3772/3772/3772 3770/3770/3770 3769/3769/3769
f 3767/3767/3767 3772/3772/3772 3769/3769/3769
f 3771/3771/3771 3772/3772/3772 3767/3767/3767
f 3772/3772/3772 3771/3771/3771 3770/3770/3770
f 3775/3775/3775 3774/3774/3774 3773/3773/3773
f 3776/3776/3776 3775/3775/3775 3773/3773/3773
f 3776/3776/3776 3778/3778/3778 3777/3777/3777
f 3779/3779/3779 3776/3776/3776 3777/3777/3777
f 3779/3779/3779 3777/3777/3777 3780/3780/3780
f 3781/3781/3781 3779/3779/3779 3780/3780/3780
f 3780/3780/3780 3777/3777/3777 3782/3782/3782
f 3777/3777/3777 3783/3783/3783 3782/3782/3782
f 3780/3780/3780 3782/3782/3782 3784/3784/3784
f 3781/3781/3781 3780/3780/3780 3785/3785/3785
f 3785/3785/3785 3780/3780/3780 3784/3784/3784
f 3786/3786/3786 3781/3781/3781 3785/3785/3785
f 3785/3785/3785 3784/3784/3784 3787/3787/3787
f 3786/3786/3786 3785/3785/3785 3788/3788/3788
f 3788/3788/3788 3785/3785/3785 3787/3787/3787
f 3788/3788/3788 3787/3787/3787 3789/3789/3789
f 3790/3790/3790 3786/3786/3786 3788/3788/3788
f 3791/3791/3791 3788/3788/3788 3789/3789/3789
f 3790/3790/3790 3788/3788/3788 3791/3791/3791
f 3792/3792/3792 3790/3790/3790 3791/3791/3791
f 3795/3795/3795 3794/3794/3794 3793/3793/3793
f 3796/3796/3796 3795/3795/3795 3793/3793/3793
f 3796/3796/3796 3793/3793/3793 3797/3797/3797
f 3795/3795/3795 3796/3796/3796 3798/3798/3798
f 3799/3799/3799 3796/3796/3796 3797/3797/3797
f 3799/3799/3799 3797/3797/3797 3800/3800/3800
f 3796/3796/3796 3801/3801/3801 3798/3798/3798
f 3796/3796/3796 3799/3799/3799 3801/3801/3801
f 3798/3798/3798 3801/3801/3801 3802/3802/3802
f 3803/3803/3803 3799/3799/3799 3800/3800/3800
f 3803/3803/3803 3800/3800/3800 3804/3804/3804
f 3801/3801/3801 3805/3805/3805 3802/3802/3802
f 3802/3802/3802 3805/3805/3805 3806/3806/3806
f 3799/3799/3799 3807/3807/3807 3801/3801/3801
f 3799/3799/3799 3803/3803/3803 3807/3807/3807
f 3801/3801/3801 3807/3807/3807 3805/3805/3805
f 3808/3808/3808 3803/3803/3803 3804/3804/3804
f 3808/3808/3808 3804/3804/3804 3809/3809/3809
f 3805/3805/3805 3810/3810/3810 3806/3806/3806
f 3806/3806/3806 3810/3810/3810 3811/3811/3811
f 3807/3807/3807 3812/3812/3812 3805/3805/3805
f 3805/3805/3805 3812/3812/3812 3810/3810/3810
f 3803/3803/3803 3813/3813/3813 3807/3807/3807
f 3803/3803/3803 3808/3808/3808 3813/3813/3813
f 3807/3807/3807 3813/3813/3813 3812/3812/3812
f 3814/3814/3814 3808/3808/3808 3809/3809/3809
f 3814/3814/3814 3809/3809/3809 3815/3815/3815
f 3810/3810/3810 3816/3816/3816 3811/3811/3811
f 3811/3811/3811 3816/3816/3816 3817/3817/3817
f 3816/3816/3816 3818/3818/3818 3817/3817/3817
f 3812/3812/3812 3819/3819/3819 3810/3810/3810
f 3810/3810/3810 3819/3819/3819 3816/3816/3816
f 3816/3816/3816 3820/3820/3820 3818/3818/3818
f 3819/3819/3819 3820/3820/3820 3816/3816/3816
f 3820/3820/3820 3821/3821/3821 3818/3818/3818
f 3813/3813/3813 3822/3822/3822 3812/3812/3812
f 3812/3812/3812 3822/3822/3822 3819/3819/3819
f 3808/3808/3808 3823/3823/3823 3813/3813/3813
f 3808/3808/3808 3814/3814/3814 3823/3823/3823
f 3813/3813/3813 3823/3823/3823 3822/3822/3822
f 3824/3824/3824 3814/3814/3814 3815/3815/3815
f 3824/3824/3824 3815/3815/3815 3825/3825/3825
f 3820/3820/3820 3826/3826/3826 3821/3821/3821
f 3826/3826/3826 3827/3827/3827 3821/3821/3821
f 3819/3819/3819 3828/3828/3828 3820/3820/3820
f 3822/3822/3822 3828/3828/3828 3819/3819/3819
f 3828/3828/3828 3826/3826/3826 3820/3820/3820
f 3823/3823/3823 3829/3829/3829 3822/3822/3822
f 3822/3822/3822 3829/3829/3829 3828/3828/3828
f 3814/3814/3814 3830/3830/3830 3823/3823/3823
f 3823/3823/3823 3830/3830/3830 3829/3829/3829
f 3814/3814/3814 3824/3824/3824 3830/3830/3830
f 3829/3829/3829 3831/3831/3831 3828/3828/3828
f 3828/3828/3828 3831/3831/3831 3826/3826/3826
f 3830/3830/3830 3832/3832/3832 3829/3829/3829
f 3826/3826/3826 3833/3833/3833 3827/3827/3827
f 3831/3831/3831 3833/3833/3833 3826/3826/3826
f 3833/3833/3833 3834/3834/3834 3827/3827/3827
f 3831/3831/3831 3835/3835/3835 3833/3833/3833
f 3833/3833/3833 3836/3836/3836 3834/3834/3834
f 3835/3835/3835 3836/3836/3836 3833/3833/3833
f 3836/3836/3836 3837/3837/3837 3834/3834/3834
f 3824/3824/3824 3838/3838/3838 3830/3830/3830
f 3830/3830/3830 3838/3838/3838 3832/3832/3832
f 3836/3836/3836 3839/3839/3839 3837/3837/3837
f 3839/3839/3839 3840/3840/3840 3837/3837/3837
f 3838/3838/3838 3824/3824/3824 3841/3841/3841
f 3839/3839/3839 3841/3841/3841 3840/3840/3840
f 3841/3841/3841 3824/3824/3824 3825/3825/3825
f 3841/3841/3841 3825/3825/3825 3840/3840/3840
f 3838/3838/3838 3842/3842/3842 3832/3832/3832
f 3842/3842/3842 3838/3838/3838 3841/3841/3841
f 3842/3842/3842 3841/3841/3841 3839/3839/3839
f 3832/3832/3832 3842/3842/3842 3835/3835/3835
f 3843/3843/3843 3839/3839/3839 3836/3836/3836
f 3843/3843/3843 3842/3842/3842 3839/3839/3839
f 3835/3835/3835 3843/3843/3843 3836/3836/3836
f 3842/3842/3842 3843/3843/3843 3835/3835/3835
f 3845/3845/3845 3835/3835/3835 3844/3844/3844
f 3846/3846/3846 3845/3845/3845 3844/3844/3844
f 3849/3849/3849 3848/3848/3848 3847/3847/3847
f 3848/3848/3848 3850/3850/3850 3847/3847/3847
f 3852/3852/3852 3851/3851/3851 3850/3850/3850
f 3853/3853/3853 3852/3852/3852 3850/3850/3850
f 3856/3856/3856 3855/3855/3855 3854/3854/3854
f 3857/3857/3857 3856/3856/3856 3854/3854/3854
f 3857/3857/3857 3854/3854/3854 3858/3858/3858
f 3859/3859/3859 3857/3857/3857 3858/3858/3858
f 3860/3860/3860 3859/3859/3859 3858/3858/3858
f 3861/3861/3861 3860/3860/3860 3858/3858/3858
f 3862/3862/3862 3860/3860/3860 3861/3861/3861
f 3863/3863/3863 3862/3862/3862 3861/3861/3861
f 3866/3866/3866 3865/3865/3865 3864/3864/3864
f 3865/3865/3865 3867/3867/3867 3864/3864/3864
f 3864/3864/3864 3867/3867/3867 3868/3868/3868
f 3867/3867/3867 3865/3865/3865 3869/3869/3869
f 3867/3867/3867 3869/3869/3869 3868/3868/3868
f 3870/3870/3870 3864/3864/3864 3868/3868/3868
f 3871/3871/3871 3870/3870/3870 3868/3868/3868
f 3869/3869/3869 3872/3872/3872 3868/3868/3868
f 3872/3872/3872 3869/3869/3869 3873/3873/3873
f 3874/3874/3874 3872/3872/3872 3873/3873/3873
f 3872/3872/3872 3874/3874/3874 3868/3868/3868
f 3874/3874/3874 3875/3875/3875 3868/3868/3868
f 3875/3875/3875 3871/3871/3871 3868/3868/3868
f 3876/3876/3876 3875/3875/3875 3874/3874/3874
f 3875/3875/3875 3876/3876/3876 3871/3871/3871
f 3876/3876/3876 3877/3877/3877 3871/3871/3871
f 3880/3880/3880 3879/3879/3879 3878/3878/3878
f 3881/3881/3881 3880/3880/3880 3878/3878/3878
f 3881/3881/3881 3878/3878/3878 3882/3882/3882
f 3883/3883/3883 3881/3881/3881 3882/3882/3882
f 3883/3883/3883 3882/3882/3882 3884/3884/3884
f 3885/3885/3885 3883/3883/3883 3884/3884/3884
f 3886/3886/3886 3885/3885/3885 3884/3884/3884
f 3887/3887/3887 3886/3886/3886 3884/3884/3884
f 3888/3888/3888 3886/3886/3886 3887/3887/3887
f 3889/3889/3889 3888/3888/3888 3887/3887/3887
f 3890/3890/3890 3888/3888/3888 3889/3889/3889
f 3891/3891/3891 3890/3890/3890 3889/3889/3889
f 3894/3894/3894 3893/3893/3893 3892/3892/3892
f 3893/3893/3893 3895/3895/3895 3892/3892/3892
f 3892/3892/3892 3895/3895/3895 3896/3896/3896
f 3895/3895/3895 3897/3897/3897 3896/3896/3896
f 3896/3896/3896 3897/3897/3897 3898/3898/3898
f 3897/3897/3897 3899/3899/3899 3898/3898/3898
f 3898/3898/3898 3899/3899/3899 3900/3900/3900
f 3899/3899/3899 3901/3901/3901 3900/3900/3900
f 3900/3900/3900 3901/3901/3901 3902/3902/3902
f 3901/3901/3901 3903/3903/3903 3902/3902/3902
f 3902/3902/3902 3903/3903/3903 3904/3904/3904
f 3903/3903/3903 3905/3905/3905 3904/3904/3904
f 3904/3904/3904 3905/3905/3905 3906/3906/3906
f 3905/3905/3905 3907/3907/3907 3906/3906/3906
f 3906/3906/3906 3907/3907/3907 3908/3908/3908
f 3907/3907/3907 3909/3909/3909 3908/3908/3908
f 3912/3912/3912 3911/3911/3911 3910/3910/3910
f 3913/3913/3913 3912/3912/3912 3910/3910/3910
f 3914/3914/3914 3912/3912/3912 3913/3913/3913
f 3915/3915/3915 3914/3914/3914 3913/3913/3913
f 3916/3916/3916 3914/3914/3914 3915/3915/3915
f 3917/3917/3917 3916/3916/3916 3915/3915/3915
f 3918/3918/3918 3916/3916/3916 3917/3917/3917
f 3919/3919/3919 3918/3918/3918 3917/3917/3917
f 3920/3920/3920 3918/3918/3918 3919/3919/3919
f 3921/3921/3921 3920/3920/3920 3919/3919/3919
f 3922/3922/3922 3920/3920/3920 3921/3921/3921
f 3923/3923/3923 3922/3922/3922 3921/3921/3921
f 3924/3924/3924 3922/3922/3922 3923/3923/3923
f 3925/3925/3925 3924/3924/3924 3923/3923/3923
f 3926/3926/3926 3924/3924/3924 3925/3925/3925
f 3927/3927/3927 3926/3926/3926 3925/3925/3925
f 3930/3930/3930 3929/3929/3929 3928/3928/3928
f 3931/3931/3931 3930/3930/3930 3928/3928/3928
f 3932/3932/3932 3931/3931/3931 3928/3928/3928
f 3933/3933/3933 3932/3932/3932 3928/3928/3928
f 3933/3933/3933 3934/3934/3934 3932/3932/3932
f 3934/3934/3934 3935/3935/3935 3932/3932/3932
f 3935/3935/3935 3934/3934/3934 3936/3936/3936
f 3934/3934/3934 3937/3937/3937 3936/3936/3936
f 3937/3937/3937 3938/3938/3938 3936/3936/3936
f 3938/3938/3938 3939/3939/3939 3936/3936/3936
f 3938/3938/3938 3940/3940/3940 3939/3939/3939
f 3940/3940/3940 3941/3941/3941 3939/3939/3939
f 3940/3940/3940 3942/3942/3942 3941/3941/3941
f 3942/3942/3942 3943/3943/3943 3941/3941/3941
f 3942/3942/3942 3944/3944/3944 3943/3943/3943
f 3944/3944/3944 3945/3945/3945 3943/3943/3943
f 3945/3945/3945 3944/3944/3944 3946/3946/3946
f 3944/3944/3944 3947/3947/3947 3946/3946/3946
f 3950/3950/3950 3949/3949/3949 3948/3948/3948
f 3949/3949/3949 3951/3951/3951 3948/3948/3948
f 3951/3951/3951 3952/3952/3952 3948/3948/3948
f 3952/3952/3952 3953/3953/3953 3948/3948/3948
f 3953/3953/3953 3952/3952/3952 3954/3954/3954
f 3952/3952/3952 3955/3955/3955 3954/3954/3954
f 3958/3958/3958 3957/3957/3957 3956/3956/3956
f 3959/3959/3959 3958/3958/3958 3956/3956/3956
f 3960/3960/3960 3958/3958/3958 3959/3959/3959
f 3961/3961/3961 3960/3960/3960 3959/3959/3959
f 3962/3962/3962 3960/3960/3960 3961/3961/3961
f 3963/3963/3963 3962/3962/3962 3961/3961/3961
f 3964/3964/3964 3962/3962/3962 3963/3963/3963
f 3965/3965/3965 3964/3964/3964 3963/3963/3963
f 3968/3968/3968 3967/3967/3967 3966/3966/3966
f 3967/3967/3967 3969/3969/3969 3966/3966/3966
f 3966/3966/3966 3969/3969/3969 3970/3970/3970
f 3969/3969/3969 3971/3971/3971 3970/3970/3970
f 3971/3971/3971 3972/3972/3972 3970/3970/3970
f 3972/3972/3972 3973/3973/3973 3970/3970/3970
f 3972/3972/3972 3974/3974/3974 3973/3973/3973
f 3974/3974/3974 3975/3975/3975 3973/3973/3973
f 3974/3974/3974 3976/3976/3976 3975/3975/3975
f 3976/3976/3976 3977/3977/3977 3975/3975/3975
f 3977/3977/3977 3976/3976/3976 3978/3978/3978
f 3976/3976/3976 3979/3979/3979 3978/3978/3978
f 3978/3978/3978 3979/3979/3979 3980/3980/3980
f 3979/3979/3979 3981/3981/3981 3980/3980/3980
f 3984/3984/3984 3983/3983/3983 3982/3982/3982
f 3985/3985/3985 3984/3984/3984 3982/3982/3982
f 3985/3985/3985 3982/3982/3982 3986/3986/3986
f 3987/3987/3987 3985/3985/3985 3986/3986/3986
f 3987/3987/3987 3986/3986/3986 3988/3988/3988
f 3989/3989/3989 3987/3987/3987 3988/3988/3988
f 3992/3992/3992 3991/3991/3991 3990/3990/3990
f 3991/3991/3991 3993/3993/3993 3990/3990/3990
f 3991/3991/3991 3994/3994/3994 3993/3993/3993
f 3994/3994/3994 3995/3995/3995 3993/3993/3993
f 3996/3996/3996 3995/3995/3995 3994/3994/3994
f 3997/3997/3997 3996/3996/3996 3994/3994/3994
f 4000/4000/4000 3999/3999/3999 3998/3998/3998
f 3999/3999/3999 4001/4001/4001 3998/3998/3998
f 4001/4001/4001 4002/4002/4002 3998/3998/3998
f 4002/4002/4002 4003/4003/4003 3998/3998/3998
f 4002/4002/4002 4004/4004/4004 4003/4003/4003
f 4004/4004/4004 4005/4005/4005 4003/4003/4003
f 4008/4008/4008 4007/4007/4007 4006/4006/4006
f 4009/4009/4009 4008/4008/4008 4006/4006/4006
f 4012/4012/4012 4011/4011/4011 4010/4010/4010
f 4011/4011/4011 4013/4013/4013 4010/4010/4010
f 4011/4011/4011 4014/4014/4014 4013/4013/4013
f 4014/4014/4014 4015/4015/4015 4013/4013/4013
f 4015/4015/4015 4014/4014/4014 4016/4016/4016
f 4014/4014/4014 4017/4017/4017 4016/4016/4016
f 4016/4016/4016 4017/4017/4017 4018/4018/4018
f 4017/4017/4017 4019/4019/4019 4018/4018/4018
f 4022/4022/4022 4021/4021/4021 4020/4020/4020
f 4023/4023/4023 4022/4022/4022 4020/4020/4020
f 4024/4024/4024 4022/4022/4022 4023/4023/4023
f 4025/4025/4025 4024/4024/4024 4023/4023/4023
f 4026/4026/4026 4024/4024/4024 4025/4025/4025
f 4027/4027/4027 4026/4026/4026 4025/4025/4025
f 4028/4028/4028 4026/4026/4026 4027/4027/4027
f 4029/4029/4029 4028/4028/4028 4027/4027/4027
f 4030/4030/4030 4028/4028/4028 4029/4029/4029
f 4031/4031/4031 4030/4030/4030 4029/4029/4029
f 4032/4032/4032 4030/4030/4030 4031/4031/4031
f 4033/4033/4033 4032/4032/4032 4031/4031/4031
f 4034/4034/4034 4032/4032/4032 4033/4033/4033
f 4035/4035/4035 4034/4034/4034 4033/4033/4033
f 4036/4036/4036 4034/4034/4034 4035/4035/4035
f 4037/4037/4037 4036/4036/4036 4035/4035/4035
f 4038/4038/4038 4036/4036/4036 4037/4037/4037
f 4039/4039/4039 4038/4038/4038 4037/4037/4037
f 4042/4042/4042 4041/4041/4041 4040/4040/4040
f 4041/4041/4041 4043/4043/4043 4040/4040/4040
f 4040/4040/4040 4043/4043/4043 4044/4044/4044
f 4043/4043/4043 4045/4045/4045 4044/4044/4044
f 4044/4044/4044 4045/4045/4045 4046/4046/4046
f 4045/4045/4045 4047/4047/4047 4046/4046/4046
f 4046/4046/4046 4047/4047/4047 4048/4048/4048
f 4047/4047/4047 4049/4049/4049 4048/4048/4048
f 4048/4048/4048 4049/4049/4049 4050/4050/4050
f 4049/4049/4049 4051/4051/4051 4050/4050/4050
f 4050/4050/4050 4051/4051/4051 4052/4052/4052
f 4051/4051/4051 4053/4053/4053 4052/4052/4052
f 4056/4056/4056 4055/4055/4055 4054/4054/4054
f 4057/4057/4057 4056/4056/4056 4054/4054/4054
f 4058/4058/4058 4056/4056/4056 4057/4057/4057
f 4059/4059/4059 4058/4058/4058 4057/4057/4057
f 4058/4058/4058 4059/4059/4059 4060/4060/4060
f 4061/4061/4061 4058/4058/4058 4060/4060/4060
f 4061/4061/4061 4060/4060/4060 4062/4062/4062
f 4063/4063/4063 4061/4061/4061 4062/4062/4062
f 4066/4066/4066 4065/4065/4065 4064/4064/4064
f 4065/4065/4065 4067/4067/4067 4064/4064/4064
f 4064/4064/4064 4067/4067/4067 4068/4068/4068
f 4067/4067/4067 4069/4069/4069 4068/4068/4068
f 4069/4069/4069 4070/4070/4070 4068/4068/4068
f 4070/4070/4070 4071/4071/4071 4068/4068/4068
f 4070/4070/4070 4072/4072/4072 4071/4071/4071
f 4072/4072/4072 4073/4073/4073 4071/4071/4071
f 4076/4076/4076 4075/4075/4075 4074/4074/4074
f 4077/4077/4077 4076/4076/4076 4074/4074/4074
f 4077/4077/4077 4074/4074/4074 4078/4078/4078
f 4079/4079/4079 4077/4077/4077 4078/4078/4078
f 4080/4080/4080 4079/4079/4079 4078/4078/4078
f 4081/4081/4081 4080/4080/4080 4078/4078/4078
f 4082/4082/4082 4080/4080/4080 4081/4081/4081
f 4083/4083/4083 4082/4082/4082 4081/4081/4081
f 4086/4086/4086 4085/4085/4085 4084/4084/4084
f 4087/4087/4087 4086/4086/4086 4084/4084/4084
f 4090/4090/4090 4089/4089/4089 4088/4088/4088
f 4088/4088/4088 4089/4089/4089 4091/4091/4091
f 4094/4094/4094 4093/4093/4093 4092/4092/4092
f 4095/4095/4095 4094/4094/4094 4092/4092/4092
f 4098/4098/4098 4097/4097/4097 4096/4096/4096
f 4099/4099/4099 4098/4098/4098 4096/4096/4096
f 4102/4102/4102 4101/4101/4101 4100/4100/4100
f 4101/4101/4101 4103/4103/4103 4100/4100/4100
f 4103/4103/4103 4104/4104/4104 4100/4100/4100
f 4104/4104/4104 4105/4105/4105 4100/4100/4100
f 4106/4106/4106 4105/4105/4105 4104/4104/4104
f 4107/4107/4107 4106/4106/4106 4104/4104/4104
f 4106/4106/4106 4107/4107/4107 4108/4108/4108
f 4109/4109/4109 4106/4106/4106 4108/4108/4108
f 4110/4110/4110 4109/4109/4109 4108/4108/4108
f 4111/4111/4111 4110/4110/4110 4108/4108/4108
f 4112/4112/4112 4110/4110/4110 4111/4111/4111
f 4113/4113/4113 4112/4112/4112 4111/4111/4111
f 4114/4114/4114 4112/4112/4112 4113/4113/4113
f 4115/4115/4115 4114/4114/4114 4113/4113/4113
f 4116/4116/4116 4114/4114/4114 4115/4115/4115
f 4117/4117/4117 4116/4116/4116 4115/4115/4115
f 4116/4116/4116 4117/4117/4117 4118/4118/4118
f 4119/4119/4119 4116/4116/4116 4118/4118/4118
f 4122/4122/4122 4121/4121/4121 4120/4120/4120
f 4123/4123/4123 4122/4122/4122 4120/4120/4120
f 4124/4124/4124 4123/4123/4123 4120/4120/4120
f 4125/4125/4125 4124/4124/4124 4120/4120/4120
f 4124/4124/4124 4125/4125/4125 4126/4126/4126
f 4127/4127/4127 4124/4124/4124 4126/4126/4126
f 4130/4130/4130 4129/4129/4129 4128/4128/4128
f 4129/4129/4129 4131/4131/4131 4128/4128/4128
f 4129/4129/4129 4132/4132/4132 4131/4131/4131
f 4132/4132/4132 4133/4133/4133 4131/4131/4131
f 4132/4132/4132 4134/4134/4134 4133/4133/4133
f 4134/4134/4134 4135/4135/4135 4133/4133/4133
f 4134/4134/4134 4136/4136/4136 4135/4135/4135
f 4136/4136/4136 4137/4137/4137 4135/4135/4135
f 4140/4140/4140 4139/4139/4139 4138/4138/4138
f 4141/4141/4141 4140/4140/4140 4138/4138/4138
f 4141/4141/4141 4138/4138/4138 4142/4142/4142
f 4143/4143/4143 4141/4141/4141 4142/4142/4142
f 4144/4144/4144 4143/4143/4143 4142/4142/4142
f 4145/4145/4145 4144/4144/4144 4142/4142/4142
f 4146/4146/4146 4144/4144/4144 4145/4145/4145
f 4147/4147/4147 4146/4146/4146 4145/4145/4145
f 4148/4148/4148 4146/4146/4146 4147/4147/4147
f 4149/4149/4149 4148/4148/4148 4147/4147/4147
f 4148/4148/4148 4149/4149/4149 4150/4150/4150
f 4151/4151/4151 4148/4148/4148 4150/4150/4150
f 4151/4151/4151 4150/4150/4150 4152/4152/4152
f 4153/4153/4153 4151/4151/4151 4152/4152/4152
f 4156/4156/4156 4155/4155/4155 4154/4154/4154
f 4155/4155/4155 4157/4157/4157 4154/4154/4154
f 4154/4154/4154 4157/4157/4157 4158/4158/4158
f 4157/4157/4157 4159/4159/4159 4158/4158/4158
f 4158/4158/4158 4159/4159/4159 4160/4160/4160
f 4159/4159/4159 4161/4161/4161 4160/4160/4160
f 4164/4164/4164 4163/4163/4163 4162/4162/4162
f 4165/4165/4165 4164/4164/4164 4162/4162/4162
f 4166/4166/4166 4164/4164/4164 4165/4165/4165
f 4167/4167/4167 4166/4166/4166 4165/4165/4165
f 4167/4167/4167 4168/4168/4168 4166/4166/4166
f 4168/4168/4168 4169/4169/4169 4166/4166/4166
f 4172/4172/4172 4171/4171/4171 4170/4170/4170
f 4173/4173/4173 4172/4172/4172 4170/4170/4170
f 4174/4174/4174 4173/4173/4173 4170/4170/4170
f 4175/4175/4175 4174/4174/4174 4170/4170/4170
f 4176/4176/4176 4174/4174/4174 4175/4175/4175
f 4177/4177/4177 4176/4176/4176 4175/4175/4175
f 4180/4180/4180 4179/4179/4179 4178/4178/4178
f 4181/4181/4181 4180/4180/4180 4178/4178/4178
f 4184/4184/4184 4183/4183/4183 4182/4182/4182
f 4183/4183/4183 4185/4185/4185 4182/4182/4182
f 4183/4183/4183 4186/4186/4186 4185/4185/4185
f 4186/4186/4186 4187/4187/4187 4185/4185/4185
f 4186/4186/4186 4188/4188/4188 4187/4187/4187
f 4188/4188/4188 4189/4189/4189 4187/4187/4187
f 4188/4188/4188 4190/4190/4190 4189/4189/4189
f 4190/4190/4190 4191/4191/4191 4189/4189/4189
f 4190/4190/4190 4192/4192/4192 4191/4191/4191
f 4192/4192/4192 4193/4193/4193 4191/4191/4191
f 4192/4192/4192 4194/4194/4194 4193/4193/4193
f 4194/4194/4194 4195/4195/4195 4193/4193/4193
f 4194/4194/4194 4196/4196/4196 4195/4195/4195
f 4196/4196/4196 4197/4197/4197 4195/4195/4195
f 4196/4196/4196 4198/4198/4198 4197/4197/4197
f 4198/4198/4198 4199/4199/4199 4197/4197/4197
f 4198/4198/4198 4200/4200/4200 4199/4199/4199
f 4200/4200/4200 4201/4201/4201 4199/4199/4199
f 4204/4204/4204 4203/4203/4203 4202/4202/4202
f 4205/4205/4205 4204/4204/4204 4202/4202/4202
f 4205/4205/4205 4202/4202/4202 4206/4206/4206
f 4207/4207/4207 4205/4205/4205 4206/4206/4206
f 4207/4207/4207 4206/4206/4206 4208/4208/4208
f 4209/4209/4209 4207/4207/4207 4208/4208/4208
f 4209/4209/4209 4208/4208/4208 4210/4210/4210
f 4211/4211/4211 4209/4209/4209 4210/4210/4210
f 4211/4211/4211 4210/4210/4210 4212/4212/4212
f 4213/4213/4213 4211/4211/4211 4212/4212/4212
f 4213/4213/4213 4212/4212/4212 4214/4214/4214
f 4215/4215/4215 4213/4213/4213 4214/4214/4214
f 4218/4218/4218 4217/4217/4217 4216/4216/4216
f 4219/4219/4219 4218/4218/4218 4216/4216/4216
f 4222/4222/4222 4221/4221/4221 4220/4220/4220
f 4222/4222/4222 4220/4220/4220 4223/4223/4223
f 4226/4226/4226 4225/4225/4225 4224/4224/4224
f 4227/4227/4227 4226/4226/4226 4224/4224/4224
f 4230/4230/4230 4229/4229/4229 4228/4228/4228
f 4231/4231/4231 4230/4230/4230 4228/4228/4228
f 4234/4234/4234 4233/4233/4233 4232/4232/4232
f 4235/4235/4235 4234/4234/4234 4232/4232/4232
f 4236/4236/4236 4234/4234/4234 4235/4235/4235
f 4237/4237/4237 4236/4236/4236 4235/4235/4235
f 4238/4238/4238 4236/4236/4236 4237/4237/4237
f 4239/4239/4239 4238/4238/4238 4237/4237/4237
f 4240/4240/4240 4238/4238/4238 4239/4239/4239
f 4241/4241/4241 4240/4240/4240 4239/4239/4239
f 4242/4242/4242 4240/4240/4240 4241/4241/4241
f 4243/4243/4243 4242/4242/4242 4241/4241/4241
f 4244/4244/4244 4242/4242/4242 4243/4243/4243
f 4245/4245/4245 4244/4244/4244 4243/4243/4243
f 4246/4246/4246 4244/4244/4244 4245/4245/4245
f 4247/4247/4247 4246/4246/4246 4245/4245/4245
f 4248/4248/4248 4246/4246/4246 4247/4247/4247
f 4249/4249/4249 4248/4248/4248 4247/4247/4247
f 4250/4250/4250 4248/4248/4248 4249/4249/4249
f 4251/4251/4251 4250/4250/4250 4249/4249/4249
f 4254/4254/4254 4253/4253/4253 4252/4252/4252
f 4255/4255/4255 4254/4254/4254 4252/4252/4252
f 4258/4258/4258 4257/4257/4257 4256/4256/4256
f 4259/4259/4259 4258/4258/4258 4256/4256/4256
f 4260/4260/4260 4258/4258/4258 4259/4259/4259
f 4261/4261/4261 4260/4260/4260 4259/4259/4259
f 4262/4262/4262 4260/4260/4260 4261/4261/4261
f 4263/4263/4263 4262/4262/4262 4261/4261/4261
f 4264/4264/4264 4262/4262/4262 4263/4263/4263
f 4265/4265/4265 4264/4264/4264 4263/4263/4263
f 4266/4266/4266 4264/4264/4264 4265/4265/4265
f 4267/4267/4267 4266/4266/4266 4265/4265/4265
f 4268/4268/4268 4266/4266/4266 4267/4267/4267
f 4269/4269/4269 4268/4268/4268 4267/4267/4267
f 4270/4270/4270 4268/4268/4268 4269/4269/4269
f 4271/4271/4271 4270/4270/4270 4269/4269/4269
f 4272/4272/4272 4270/4270/4270 4271/4271/4271
f 4273/4273/4273 4272/4272/4272 4271/4271/4271
f 4274/4274/4274 4272/4272/4272 4273/4273/4273
f 4275/4275/4275 4274/4274/4274 4273/4273/4273
f 4278/4278/4278 4277/4277/4277 4276/4276/4276
f 4279/4279/4279 4278/4278/4278 4276/4276/4276
f 4282/4282/4282 4281/4281/4281 4280/4280/4280
f 4280/4280/4280 4283/4283/4283 4282/4282/4282
f 4280/4280/4280 4284/4284/4284 4283/4283/4283
f 4284/4284/4284 4285/4285/4285 4283/4283/4283
f 4284/4284/4284 4286/4286/4286 4285/4285/4285
f 4286/4286/4286 4287/4287/4287 4285/4285/4285
f 4286/4286/4286 4288/4288/4288 4287/4287/4287
f 4288/4288/4288 4289/4289/4289 4287/4287/4287
f 4292/4292/4292 4291/4291/4291 4290/4290/4290
f 4291/4291/4291 4293/4293/4293 4290/4290/4290
f 4290/4290/4290 4293/4293/4293 4294/4294/4294
f 4293/4293/4293 4295/4295/4295 4294/4294/4294
f 4294/4294/4294 4295/4295/4295 4296/4296/4296
f 4295/4295/4295 4297/4297/4297 4296/4296/4296
f 4296/4296/4296 4297/4297/4297 4298/4298/4298
f 4297/4297/4297 4299/4299/4299 4298/4298/4298
f 4298/4298/4298 4299/4299/4299 4300/4300/4300
f 4299/4299/4299 4301/4301/4301 4300/4300/4300
f 4300/4300/4300 4301/4301/4301 4302/4302/4302
f 4301/4301/4301 4303/4303/4303 4302/4302/4302
f 4302/4302/4302 4303/4303/4303 4304/4304/4304
f 4303/4303/4303 4305/4305/4305 4304/4304/4304
f 4304/4304/4304 4305/4305/4305 4306/4306/4306
f 4305/4305/4305 4307/4307/4307 4306/4306/4306
f 4306/4306/4306 4307/4307/4307 4308/4308/4308
f 4307/4307/4307 4309/4309/4309 4308/4308/4308
f 4308/4308/4308 4309/4309/4309 4310/4310/4310
f 4309/4309/4309 4311/4311/4311 4310/4310/4310
f 4310/4310/4310 4311/4311/4311 4312/4312/4312
f 4311/4311/4311 4313/4313/4313 4312/4312/4312
f 4312/4312/4312 4313/4313/4313 4314/4314/4314
f 4313/4313/4313 4315/4315/4315 4314/4314/4314
f 4314/4314/4314 4315/4315/4315 4316/4316/4316
f 4315/4315/4315 4317/4317/4317 4316/4316/4316
f 4316/4316/4316 4317/4317/4317 4318/4318/4318
f 4317/4317/4317 4319/4319/4319 4318/4318/4318
f 4322/4322/4322 4321/4321/4321 4320/4320/4320
f 4323/4323/4323 4322/4322/4322 4320/4320/4320
f 4326/4326/4326 4325/4325/4325 4324/4324/4324
f 4327/4327/4327 4326/4326/4326 4324/4324/4324
f 4330/4330/4330 4329/4329/4329 4328/4328/4328
f 4331/4331/4331 4330/4330/4330 4328/4328/4328
f 4334/4334/4334 4333/4333/4333 4332/4332/4332
f 4335/4335/4335 4334/4334/4334 4332/4332/4332
f 4338/4338/4338 4337/4337/4337 4336/4336/4336
f 4339/4339/4339 4338/4338/4338 4336/4336/4336
f 4342/4342/4342 4341/4341/4341 4340/4340/4340
f 4343/4343/4343 4342/4342/4342 4340/4340/4340
f 4346/4346/4346 4345/4345/4345 4344/4344/4344
f 4347/4347/4347 4346/4346/4346 4344/4344/4344
f 4350/4350/4350 4349/4349/4349 4348/4348/4348
f 4351/4351/4351 4350/4350/4350 4348/4348/4348
f 4354/4354/4354 4353/4353/4353 4352/4352/4352
f 4355/4355/4355 4354/4354/4354 4352/4352/4352
f 4358/4358/4358 4357/4357/4357 4356/4356/4356
f 4359/4359/4359 4358/4358/4358 4356/4356/4356
f 4362/4362/4362 4361/4361/4361 4360/4360/4360
f 4363/4363/4363 4362/4362/4362 4360/4360/4360
f 4366/4366/4366 4365/4365/4365 4364/4364/4364
f 4367/4367/4367 4366/4366/4366 4364/4364/4364
f 4370/4370/4370 4369/4369/4369 4368/4368/4368
f 4371/4371/4371 4370/4370/4370 4368/4368/4368
f 4374/4374/4374 4373/4373/4373 4372/4372/4372
f 4375/4375/4375 4374/4374/4374 4372/4372/4372
f 4378/4378/4378 4377/4377/4377 4376/4376/4376
f 4379/4379/4379 4378/4378/4378 4376/4376/4376
f 4382/4382/4382 4381/4381/4381 4380/4380/4380
f 4383/4383/4383 4382/4382/4382 4380/4380/4380
f 4386/4386/4386 4385/4385/4385 4384/4384/4384
f 4387/4387/4387 4386/4386/4386 4384/4384/4384
f 4390/4390/4390 4389/4389/4389 4388/4388/4388
f 4391/4391/4391 4390/4390/4390 4388/4388/4388
f 4394/4394/4394 4393/4393/4393 4392/4392/4392
f 4395/4395/4395 4394/4394/4394 4392/4392/4392
f 4398/4398/4398 4397/4397/4397 4396/4396/4396
f 4399/4399/4399 4398/4398/4398 4396/4396/4396
f 4402/4402/4402 4401/4401/4401 4400/4400/4400
f 4403/4403/4403 4402/4402/4402 4400/4400/4400
f 4406/4406/4406 4405/4405/4405 4404/4404/4404
f 4407/4407/4407 4406/4406/4406 4404/4404/4404
f 4410/4410/4410 4409/4409/4409 4408/4408/4408
f 4411/4411/4411 4410/4410/4410 4408/4408/4408
f 4414/4414/4414 4413/4413/4413 4412/4412/4412
f 4415/4415/4415 4414/4414/4414 4412/4412/4412
f 4418/4418/4418 4417/4417/4417 4416/4416/4416
f 4419/4419/4419 4418/4418/4418 4416/4416/4416
f 4422/4422/4422 4421/4421/4421 4420/4420/4420
f 4423/4423/4423 4422/4422/4422 4420/4420/4420
f 4426/4426/4426 4425/4425/4425 4424/4424/4424
f 4427/4427/4427 4426/4426/4426 4424/4424/4424
f 4430/4430/4430 4429/4429/4429 4428/4428/4428
f 4431/4431/4431 4430/4430/4430 4428/4428/4428
f 4434/4434/4434 4433/4433/4433 4432/4432/4432
f 4435/4435/4435 4434/4434/4434 4432/4432/4432
f 4438/4438/4438 4437/4437/4437 4436/4436/4436
f 4437/4437/4437 4439/4439/4439 4436/4436/4436
f 4436/4436/4436 4439/4439/4439 4440/4440/4440
f 4439/4439/4439 4441/4441/4441 4440/4440/4440
f 4440/4440/4440 4441/4441/4441 4442/4442/4442
f 4441/4441/4441 4443/4443/4443 4442/4442/4442
f 4442/4442/4442 4443/4443/4443 4444/4444/4444
f 4443/4443/4443 4445/4445/4445 4444/4444/4444
f 4444/4444/4444 4445/4445/4445 4446/4446/4446
f 4445/4445/4445 4447/4447/4447 4446/4446/4446
f 4446/4446/4446 4447/4447/4447 4448/4448/4448
f 4447/4447/4447 4449/4449/4449 4448/4448/4448
f 4448/4448/4448 4449/4449/4449 4450/4450/4450
f 4449/4449/4449 4451/4451/4451 4450/4450/4450
f 4450/4450/4450 4451/4451/4451 4452/4452/4452
f 4451/4451/4451 4453/4453/4453 4452/4452/4452
f 4452/4452/4452 4453/4453/4453 4454/4454/4454
f 4453/4453/4453 4455/4455/4455 4454/4454/4454
f 4454/4454/4454 4455/4455/4455 4456/4456/4456
f 4455/4455/4455 4457/4457/4457 4456/4456/4456
f 4456/4456/4456 4457/4457/4457 4458/4458/4458
f 4457/4457/4457 4459/4459/4459 4458/4458/4458
f 4458/4458/4458 4459/4459/4459 4460/4460/4460
f 4459/4459/4459 4461/4461/4461 4460/4460/4460
f 4460/4460/4460 4461/4461/4461 4462/4462/4462
f 4461/4461/4461 4463/4463/4463 4462/4462/4462
f 4462/4462/4462 4463/4463/4463 4464/4464/4464
f 4463/4463/4463 4465/4465/4465 4464/4464/4464
f 4468/4468/4468 4467/4467/4467 4466/4466/4466
f 4469/4469/4469 4468/4468/4468 4466/4466/4466
f 4472/4472/4472 4471/4471/4471 4470/4470/4470
f 4473/4473/4473 4472/4472/4472 4470/4470/4470
f 4476/4476/4476 4475/4475/4475 4474/4474/4474
f 4477/4477/4477 4476/4476/4476 4474/4474/4474
f 4480/4480/4480 4479/4479/4479 4478/4478/4478
f 4481/4481/4481 4480/4480/4480 4478/4478/4478
f 4484/4484/4484 4483/4483/4483 4482/4482/4482
f 4485/4485/4485 4484/4484/4484 4482/4482/4482
f 4488/4488/4488 4487/4487/4487 4486/4486/4486
f 4489/4489/4489 4488/4488/4488 4486/4486/4486
f 4492/4492/4492 4491/4491/4491 4490/4490/4490
f 4493/4493/4493 4492/4492/4492 4490/4490/4490
f 4496/4496/4496 4495/4495/4495 4494/4494/4494
f 4497/4497/4497 4496/4496/4496 4494/4494/4494
f 4500/4500/4500 4499/4499/4499 4498/4498/4498
f 4501/4501/4501 4500/4500/4500 4498/4498/4498
f 4504/4504/4504 4503/4503/4503 4502/4502/4502
f 4505/4505/4505 4504/4504/4504 4502/4502/4502
f 4508/4508/4508 4507/4507/4507 4506/4506/4506
f 4509/4509/4509 4508/4508/4508 4506/4506/4506
f 4512/4512/4512 4511/4511/4511 4510/4510/4510
f 4513/4513/4513 4512/4512/4512 4510/4510/4510
f 4516/4516/4516 4515/4515/4515 4514/4514/4514
f 4517/4517/4517 4516/4516/4516 4514/4514/4514
f 4520/4520/4520 4519/4519/4519 4518/4518/4518
f 4521/4521/4521 4520/4520/4520 4518/4518/4518
f 4524/4524/4524 4523/4523/4523 4522/4522/4522
f 4525/4525/4525 4524/4524/4524 4522/4522/4522
f 4528/4528/4528 4527/4527/4527 4526/4526/4526
f 4529/4529/4529 4528/4528/4528 4526/4526/4526
f 4532/4532/4532 4531/4531/4531 4530/4530/4530
f 4533/4533/4533 4532/4532/4532 4530/4530/4530
f 4536/4536/4536 4535/4535/4535 4534/4534/4534
f 4537/4537/4537 4536/4536/4536 4534/4534/4534
f 4540/4540/4540 4539/4539/4539 4538/4538/4538
f 4541/4541/4541 4540/4540/4540 4538/4538/4538
f 4544/4544/4544 4543/4543/4543 4542/4542/4542
f 4545/4545/4545 4544/4544/4544 4542/4542/4542
f 4548/4548/4548 4547/4547/4547 4546/4546/4546
f 4549/4549/4549 4548/4548/4548 4546/4546/4546
f 4552/4552/4552 4551/4551/4551 4550/4550/4550
f 4553/4553/4553 4552/4552/4552 4550/4550/4550
f 4556/4556/4556 4555/4555/4555 4554/4554/4554
f 4557/4557/4557 4556/4556/4556 4554/4554/4554
f 4560/4560/4560 4559/4559/4559 4558/4558/4558
f 4561/4561/4561 4560/4560/4560 4558/4558/4558
f 4564/4564/4564 4563/4563/4563 4562/4562/4562
f 4565/4565/4565 4564/4564/4564 4562/4562/4562
f 4568/4568/4568 4567/4567/4567 4566/4566/4566
f 4569/4569/4569 4568/4568/4568 4566/4566/4566
f 4572/4572/4572 4571/4571/4571 4570/4570/4570
f 4573/4573/4573 4572/4572/4572 4570/4570/4570
f 4576/4576/4576 4575/4575/4575 4574/4574/4574
f 4577/4577/4577 4576/4576/4576 4574/4574/4574
f 4580/4580/4580 4579/4579/4579 4578/4578/4578
f 4581/4581/4581 4580/4580/4580 4578/4578/4578
f 4584/4584/4584 4583/4583/4583 4582/4582/4582
f 4585/4585/4585 4584/4584/4584 4582/4582/4582
f 4588/4588/4588 4587/4587/4587 4586/4586/4586
f 4587/4587/4587 4589/4589/4589 4586/4586/4586
f 4586/4586/4586 4589/4589/4589 4590/4590/4590
f 4589/4589/4589 4591/4591/4591 4590/4590/4590
f 4590/4590/4590 4591/4591/4591 4592/4592/4592
f 4591/4591/4591 4593/4593/4593 4592/4592/4592
f 4592/4592/4592 4593/4593/4593 4594/4594/4594
f 4593/4593/4593 4595/4595/4595 4594/4594/4594
f 4594/4594/4594 4595/4595/4595 4596/4596/4596
f 4595/4595/4595 4597/4597/4597 4596/4596/4596
f 4596/4596/4596 4597/4597/4597 4598/4598/4598
f 4597/4597/4597 4599/4599/4599 4598/4598/4598
f 4598/4598/4598 4599/4599/4599 4600/4600/4600
f 4599/4599/4599 4601/4601/4601 4600/4600/4600
f 4600/4600/4600 4601/4601/4601 4602/4602/4602
f 4601/4601/4601 4603/4603/4603 4602/4602/4602
f 4602/4602/4602 4603/4603/4603 4604/4604/4604
f 4603/4603/4603 4605/4605/4605 4604/4604/4604
f 4604/4604/4604 4605/4605/4605 4606/4606/4606
f 4605/4605/4605 4607/4607/4607 4606/4606/4606
f 4606/4606/4606 4607/4607/4607 4608/4608/4608
f 4607/4607/4607 4609/4609/4609 4608/4608/4608
f 4608/4608/4608 4609/4609/4609 4610/4610/4610
f 4609/4609/4609 4611/4611/4611 4610/4610/4610
f 4610/4610/4610 4611/4611/4611 4612/4612/4612
f 4611/4611/4611 4613/4613/4613 4612/4612/4612
f 4612/4612/4612 4613/4613/4613 4614/4614/4614
f 4613/4613/4613 4615/4615/4615 4614/4614/4614
f 4618/4618/4618 4617/4617/4617 4616/4616/4616
f 4619/4619/4619 4618/4618/4618 4616/4616/4616
f 4622/4622/4622 4621/4621/4621 4620/4620/4620
f 4623/4623/4623 4622/4622/4622 4620/4620/4620
f 4626/4626/4626 4625/4625/4625 4624/4624/4624
f 4627/4627/4627 4626/4626/4626 4624/4624/4624
f 4630/4630/4630 4629/4629/4629 4628/4628/4628
f 4631/4631/4631 4630/4630/4630 4628/4628/4628
f 4634/4634/4634 4633/4633/4633 4632/4632/4632
f 4635/4635/4635 4634/4634/4634 4632/4632/4632
f 4638/4638/4638 4637/4637/4637 4636/4636/4636
f 4639/4639/4639 4638/4638/4638 4636/4636/4636
f 4642/4642/4642 4641/4641/4641 4640/4640/4640
f 4643/4643/4643 4642/4642/4642 4640/4640/4640
f 4646/4646/4646 4645/4645/4645 4644/4644/4644
f 4647/4647/4647 4646/4646/4646 4644/4644/4644
f 4650/4650/4650 4649/4649/4649 4648/4648/4648
f 4651/4651/4651 4650/4650/4650 4648/4648/4648
f 4654/4654/4654 4653/4653/4653 4652/4652/4652
f 4655/4655/4655 4654/4654/4654 4652/4652/4652
f 4658/4658/4658 4657/4657/4657 4656/4656/4656
f 4659/4659/4659 4658/4658/4658 4656/4656/4656
f 4662/4662/4662 4661/4661/4661 4660/4660/4660
f 4663/4663/4663 4662/4662/4662 4660/4660/4660
f 4666/4666/4666 4665/4665/4665 4664/4664/4664
f 4667/4667/4667 4666/4666/4666 4664/4664/4664
f 4670/4670/4670 4669/4669/4669 4668/4668/4668
f 4671/4671/4671 4670/4670/4670 4668/4668/4668
f 4674/4674/4674 4673/4673/4673 4672/4672/4672
f 4675/4675/4675 4674/4674/4674 4672/4672/4672
f 4678/4678/4678 4677/4677/4677 4676/4676/4676
f 4679/4679/4679 4678/4678/4678 4676/4676/4676
f 4682/4682/4682 4681/4681/4681 4680/4680/4680
f 4683/4683/4683 4682/4682/4682 4680/4680/4680
f 4686/4686/4686 4685/4685/4685 4684/4684/4684
f 4687/4687/4687 4686/4686/4686 4684/4684/4684
f 4690/4690/4690 4689/4689/4689 4688/4688/4688
f 4691/4691/4691 4690/4690/4690 4688/4688/4688
f 4694/4694/4694 4693/4693/4693 4692/4692/4692
f 4695/4695/4695 4694/4694/4694 4692/4692/4692
f 4698/4698/4698 4697/4697/4697 4696/4696/4696
f 4699/4699/4699 4698/4698/4698 4696/4696/4696
f 4702/4702/4702 4701/4701/4701 4700/4700/4700
f 4703/4703/4703 4702/4702/4702 4700/4700/4700
f 4706/4706/4706 4705/4705/4705 4704/4704/4704
f 4707/4707/4707 4706/4706/4706 4704/4704/4704
f 4710/4710/4710 4709/4709/4709 4708/4708/4708
f 4711/4711/4711 4710/4710/4710 4708/4708/4708
f 4714/4714/4714 4713/4713/4713 4712/4712/4712
f 4715/4715/4715 4714/4714/4714 4712/4712/4712
f 4718/4718/4718 4717/4717/4717 4716/4716/4716
f 4719/4719/4719 4718/4718/4718 4716/4716/4716
f 4722/4722/4722 4721/4721/4721 4720/4720/4720
f 4723/4723/4723 4722/4722/4722 4720/4720/4720
f 4726/4726/4726 4725/4725/4725 4724/4724/4724
f 4727/4727/4727 4726/4726/4726 4724/4724/4724
f 4730/4730/4730 4729/4729/4729 4728/4728/4728
f 4731/4731/4731 4730/4730/4730 4728/4728/4728
f 4734/4734/4734 4733/4733/4733 4732/4732/4732
f 4735/4735/4735 4734/4734/4734 4732/4732/4732
f 4738/4738/4738 4737/4737/4737 4736/4736/4736
f 4739/4739/4739 4738/4738/4738 4736/4736/4736
f 4740/4740/4740 1074/1074/1074 1073/1073/1073
f 4740/4740/4740 1124/1124/1124 1074/1074/1074
f 4740/4740/4740 1073/1073/1073 4741/4741/4741
f 1124/1124/1124 4740/4740/4740 4742/4742/4742
f 4740/4740/4740 4741/4741/4741 4742/4742/4742
f 1073/1073/1073 4743/4743/4743 4741/4741/4741
f 1073/1073/1073 1067/1067/1067 4743/4743/4743
f 1124/1124/1124 4742/4742/4742 4744/4744/4744
f 1122/1122/1122 1124/1124/1124 4744/4744/4744
f 1122/1122/1122 4744/4744/4744 1120/1120/1120
f 4741/4741/4741 4745/4745/4745 4742/4742/4742
f 4745/4745/4745 4741/4741/4741 4743/4743/4743
f 4742/4742/4742 4746/4746/4746 4744/4744/4744
f 4745/4745/4745 4746/4746/4746 4742/4742/4742
f 1067/1067/1067 4747/4747/4747 4743/4743/4743
f 4747/4747/4747 4748/4748/4748 4743/4743/4743
f 1076/1076/1076 4747/4747/4747 1067/1067/1067
f 4748/4748/4748 4747/4747/4747 1076/1076/1076
f 4744/4744/4744 4749/4749/4749 1120/1120/1120
f 4746/4746/4746 4749/4749/4749 4744/4744/4744
f 4749/4749/4749 4746/4746/4746 4750/4750/4750
f 4751/4751/4751 4745/4745/4745 4743/4743/4743
f 4748/4748/4748 4751/4751/4751 4743/4743/4743
f 4746/4746/4746 4745/4745/4745 4752/4752/4752
f 4746/4746/4746 4752/4752/4752 4750/4750/4750
f 4745/4745/4745 4751/4751/4751 4753/4753/4753
f 4745/4745/4745 4753/4753/4753 4752/4752/4752
f 4751/4751/4751 4754/4754/4754 4753/4753/4753
f 4751/4751/4751 4748/4748/4748 4754/4754/4754
f 4753/4753/4753 4755/4755/4755 4752/4752/4752
f 4755/4755/4755 4753/4753/4753 4754/4754/4754
f 4756/4756/4756 4748/4748/4748 1076/1076/1076
f 1108/1108/1108 4756/4756/4756 1076/1076/1076
f 4756/4756/4756 1108/1108/1108 4757/4757/4757
f 4756/4756/4756 4757/4757/4757 4748/4748/4748
f 1108/1108/1108 1109/1109/1109 4757/4757/4757
f 4752/4752/4752 4758/4758/4758 4750/4750/4750
f 4755/4755/4755 4758/4758/4758 4752/4752/4752
f 4748/4748/4748 4759/4759/4759 4754/4754/4754
f 4757/4757/4757 4759/4759/4759 4748/4748/4748
f 4759/4759/4759 4760/4760/4760 4754/4754/4754
f 4760/4760/4760 4759/4759/4759 4757/4757/4757
f 1109/1109/1109 4761/4761/4761 4757/4757/4757
f 4761/4761/4761 4760/4760/4760 4757/4757/4757
f 4762/4762/4762 4755/4755/4755 4754/4754/4754
f 4760/4760/4760 4762/4762/4762 4754/4754/4754
f 4755/4755/4755 4763/4763/4763 4758/4758/4758
f 4763/4763/4763 4764/4764/4764 4758/4758/4758
f 4758/4758/4758 4764/4764/4764 4750/4750/4750
f 4765/4765/4765 4763/4763/4763 4755/4755/4755
f 4762/4762/4762 4765/4765/4765 4755/4755/4755
f 4766/4766/4766 4765/4765/4765 4762/4762/4762
f 4760/4760/4760 4766/4766/4766 4762/4762/4762
f 4767/4767/4767 4766/4766/4766 4760/4760/4760
f 4761/4761/4761 4767/4767/4767 4760/4760/4760
f 4768/4768/4768 4767/4767/4767 4761/4761/4761
f 1109/1109/1109 4768/4768/4768 4761/4761/4761
f 4769/4769/4769 4768/4768/4768 1109/1109/1109
f 4764/4764/4764 4770/4770/4770 4750/4750/4750
f 4771/4771/4771 4769/4769/4769 1109/1109/1109
f 4772/4772/4772 4769/4769/4769 4771/4771/4771
f 1110/1110/1110 4771/4771/4771 1109/1109/1109
f 4773/4773/4773 4772/4772/4772 4771/4771/4771
f 4773/4773/4773 4771/4771/4771 1110/1110/1110
f 4774/4774/4774 4772/4772/4772 4773/4773/4773
f 4750/4750/4750 4770/4770/4770 4775/4775/4775
f 4770/4770/4770 4776/4776/4776 4775/4775/4775
f 4750/4750/4750 4775/4775/4775 4777/4777/4777
f 4749/4749/4749 4750/4750/4750 4777/4777/4777
f 4775/4775/4775 4776/4776/4776 4778/4778/4778
f 4775/4775/4775 4778/4778/4778 4777/4777/4777
f 4776/4776/4776 4779/4779/4779 4778/4778/4778
f 4779/4779/4779 4774/4774/4774 4780/4780/4780
f 4780/4780/4780 4774/4774/4774 4773/4773/4773
f 4778/4778/4778 4779/4779/4779 4780/4780/4780
f 4781/4781/4781 4773/4773/4773 1110/1110/1110
f 1105/1105/1105 4781/4781/4781 1110/1110/1110
f 4780/4780/4780 4773/4773/4773 4782/4782/4782
f 4778/4778/4778 4780/4780/4780 4782/4782/4782
f 4773/4773/4773 4781/4781/4781 4782/4782/4782
f 1105/1105/1105 4783/4783/4783 4781/4781/4781
f 4783/4783/4783 4782/4782/4782 4781/4781/4781
f 4783/4783/4783 4784/4784/4784 4782/4782/4782
f 4783/4783/4783 1105/1105/1105 1104/1104/1104
f 4784/4784/4784 4783/4783/4783 1104/1104/1104
f 4785/4785/4785 4778/4778/4778 4782/4782/4782
f 4778/4778/4778 4785/4785/4785 4777/4777/4777
f 4784/4784/4784 4785/4785/4785 4782/4782/4782
f 4777/4777/4777 4785/4785/4785 4784/4784/4784
f 4786/4786/4786 4784/4784/4784 1104/1104/1104
f 1102/1102/1102 4786/4786/4786 1104/1104/1104
f 1120/1120/1120 4786/4786/4786 1102/1102/1102
f 4784/4784/4784 4786/4786/4786 1120/1120/1120
f 4787/4787/4787 4777/4777/4777 4784/4784/4784
f 4787/4787/4787 4784/4784/4784 1120/1120/1120
f 4787/4787/4787 4749/4749/4749 4777/4777/4777
f 4749/4749/4749 4787/4787/4787 1120/1120/1120
f 4790/4790/4790 4789/4789/4789 4788/4788/4788
f 4791/4791/4791 4789/4789/4789 4790/4790/4790
f 4788/4788/4788 4789/4789/4789 4792/4792/4792
f 4793/4793/4793 4788/4788/4788 4792/4792/4792
f 4793/4793/4793 4792/4792/4792 4794/4794/4794
f 4794/4794/4794 4792/4792/4792 4795/4795/4795
f 4795/4795/4795 4792/4792/4792 4796/4796/4796
f 4792/4792/4792 4789/4789/4789 4796/4796/4796
f 4789/4789/4789 4791/4791/4791 4797/4797/4797
f 4789/4789/4789 4797/4797/4797 4796/4796/4796
f 4791/4791/4791 4798/4798/4798 4797/4797/4797
f 4796/4796/4796 4797/4797/4797 4799/4799/4799
f 4798/4798/4798 4799/4799/4799 4797/4797/4797
f 4799/4799/4799 4800/4800/4800 4796/4796/4796
f 4801/4801/4801 4799/4799/4799 4798/4798/4798
f 4802/4802/4802 4796/4796/4796 4800/4800/4800
f 4803/4803/4803 4801/4801/4801 4798/4798/4798
f 4804/4804/4804 4802/4802/4802 4800/4800/4800
f 4801/4801/4801 4803/4803/4803 4805/4805/4805
f 4806/4806/4806 4802/4802/4802 4804/4804/4804
f 4807/4807/4807 4806/4806/4806 4804/4804/4804
f 4808/4808/4808 4806/4806/4806 4807/4807/4807
f 4809/4809/4809 4808/4808/4808 4807/4807/4807
f 4805/4805/4805 4803/4803/4803 4810/4810/4810
f 4811/4811/4811 4805/4805/4805 4810/4810/4810
f 4811/4811/4811 4810/4810/4810 4812/4812/4812
f 4810/4810/4810 4813/4813/4813 4812/4812/4812
f 4808/4808/4808 4809/4809/4809 4814/4814/4814
f 4809/4809/4809 4815/4815/4815 4814/4814/4814
f 4812/4812/4812 4813/4813/4813 4816/4816/4816
f 4813/4813/4813 4817/4817/4817 4816/4816/4816
f 4816/4816/4816 4817/4817/4817 4818/4818/4818
f 4819/4819/4819 4816/4816/4816 4818/4818/4818
f 4819/4819/4819 4818/4818/4818 4820/4820/4820
f 4821/4821/4821 4819/4819/4819 4820/4820/4820
f 4815/4815/4815 4822/4822/4822 4814/4814/4814
f 4822/4822/4822 4823/4823/4823 4814/4814/4814
f 4821/4821/4821 4820/4820/4820 4824/4824/4824
f 4824/4824/4824 4823/4823/4823 4822/4822/4822
f 4825/4825/4825 4821/4821/4821 4824/4824/4824
f 4825/4825/4825 4824/4824/4824 4822/4822/4822
f 4828/4828/4828 4827/4827/4827 4826/4826/4826
f 4826/4826/4826 4827/4827/4827 4829/4829/4829
f 4830/4830/4830 4826/4826/4826 4829/4829/4829
f 4829/4829/4829 4831/4831/4831 4830/4830/4830
f 4831/4831/4831 4832/4832/4832 4830/4830/4830
f 4833/4833/4833 4828/4828/4828 4826/4826/4826
f 4831/4831/4831 4834/4834/4834 4832/4832/4832
f 4834/4834/4834 4835/4835/4835 4832/4832/4832
f 4835/4835/4835 4834/4834/4834 4836/4836/4836
f 4834/4834/4834 4837/4837/4837 4836/4836/4836
f 4836/4836/4836 4837/4837/4837 4838/4838/4838
f 4837/4837/4837 4839/4839/4839 4838/4838/4838
f 4838/4838/4838 4839/4839/4839 4840/4840/4840
f 4839/4839/4839 4841/4841/4841 4840/4840/4840
f 4841/4841/4841 4842/4842/4842 4840/4840/4840
f 4842/4842/4842 4843/4843/4843 4840/4840/4840
f 4843/4843/4843 4842/4842/4842 4844/4844/4844
f 4842/4842/4842 4845/4845/4845 4844/4844/4844
f 4845/4845/4845 4846/4846/4846 4844/4844/4844
f 4846/4846/4846 4847/4847/4847 4844/4844/4844
f 4846/4846/4846 4848/4848/4848 4847/4847/4847
f 4848/4848/4848 4849/4849/4849 4847/4847/4847
f 4848/4848/4848 4850/4850/4850 4849/4849/4849
f 4850/4850/4850 4851/4851/4851 4849/4849/4849
f 4850/4850/4850 4852/4852/4852 4851/4851/4851
f 4852/4852/4852 4853/4853/4853 4851/4851/4851
f 4852/4852/4852 4854/4854/4854 4853/4853/4853
f 4853/4853/4853 4854/4854/4854 4855/4855/4855
f 4855/4855/4855 4854/4854/4854 4833/4833/4833
f 4854/4854/4854 4828/4828/4828 4833/4833/4833
f 4855/4855/4855 4833/4833/4833 4856/4856/4856
f 4857/4857/4857 4855/4855/4855 4856/4856/4856
f 4853/4853/4853 4855/4855/4855 4857/4857/4857
f 4856/4856/4856 4858/4858/4858 4857/4857/4857
f 4859/4859/4859 4853/4853/4853 4857/4857/4857
f 4857/4857/4857 4858/4858/4858 4859/4859/4859
f 4853/4853/4853 4859/4859/4859 4860/4860/4860
f 4858/4858/4858 4861/4861/4861 4859/4859/4859
f 4859/4859/4859 4862/4862/4862 4860/4860/4860
f 4859/4859/4859 4861/4861/4861 4863/4863/4863
f 4863/4863/4863 4862/4862/4862 4859/4859/4859
f 4866/4866/4866 4865/4865/4865 4864/4864/4864
f 4866/4866/4866 4867/4867/4867 4865/4865/4865
f 4866/4866/4866 4864/4864/4864 4868/4868/4868
f 4864/4864/4864 4869/4869/4869 4868/4868/4868
f 4868/4868/4868 4869/4869/4869 4870/4870/4870
f 4868/4868/4868 4870/4870/4870 4871/4871/4871
f 4868/4868/4868 4871/4871/4871 4872/4872/4872
f 4866/4866/4866 4868/4868/4868 4872/4872/4872
f 4867/4867/4867 4866/4866/4866 4873/4873/4873
f 4873/4873/4873 4866/4866/4866 4872/4872/4872
f 4874/4874/4874 4867/4867/4867 4873/4873/4873
f 4873/4873/4873 4872/4872/4872 4875/4875/4875
f 4875/4875/4875 4874/4874/4874 4873/4873/4873
f 4876/4876/4876 4875/4875/4875 4872/4872/4872
f 4875/4875/4875 4877/4877/4877 4874/4874/4874
f 4872/4872/4872 4878/4878/4878 4876/4876/4876
f 4877/4877/4877 4879/4879/4879 4874/4874/4874
f 4878/4878/4878 4880/4880/4880 4876/4876/4876
f 4879/4879/4879 4877/4877/4877 4881/4881/4881
f 4878/4878/4878 4882/4882/4882 4880/4880/4880
f 4882/4882/4882 4883/4883/4883 4880/4880/4880
f 4882/4882/4882 4884/4884/4884 4883/4883/4883
f 4884/4884/4884 4885/4885/4885 4883/4883/4883
f 4879/4879/4879 4881/4881/4881 4886/4886/4886
f 4881/4881/4881 4887/4887/4887 4886/4886/4886
f 4886/4886/4886 4887/4887/4887 4888/4888/4888
f 4889/4889/4889 4886/4886/4886 4888/4888/4888
f 4885/4885/4885 4884/4884/4884 4890/4890/4890
f 4891/4891/4891 4885/4885/4885 4890/4890/4890
f 4889/4889/4889 4888/4888/4888 4892/4892/4892
f 4893/4893/4893 4889/4889/4889 4892/4892/4892
f 4893/4893/4893 4892/4892/4892 4894/4894/4894
f 4892/4892/4892 4895/4895/4895 4894/4894/4894
f 4894/4894/4894 4895/4895/4895 4896/4896/4896
f 4895/4895/4895 4897/4897/4897 4896/4896/4896
f 4898/4898/4898 4891/4891/4891 4890/4890/4890
f 4899/4899/4899 4898/4898/4898 4890/4890/4890
f 4896/4896/4896 4897/4897/4897 4900/4900/4900
f 4899/4899/4899 4900/4900/4900 4898/4898/4898
f 4897/4897/4897 4901/4901/4901 4900/4900/4900
f 4900/4900/4900 4901/4901/4901 4898/4898/4898
f 4904/4904/4904 4903/4903/4903 4902/4902/4902
f 4904/4904/4904 4902/4902/4902 4905/4905/4905
f 4902/4902/4902 4906/4906/4906 4905/4905/4905
f 4907/4907/4907 4905/4905/4905 4906/4906/4906
f 4908/4908/4908 4907/4907/4907 4906/4906/4906
f 4903/4903/4903 4909/4909/4909 4902/4902/4902
f 4910/4910/4910 4907/4907/4907 4908/4908/4908
f 4911/4911/4911 4910/4910/4910 4908/4908/4908
f 4910/4910/4910 4911/4911/4911 4912/4912/4912
f 4913/4913/4913 4910/4910/4910 4912/4912/4912
f 4913/4913/4913 4912/4912/4912 4914/4914/4914
f 4915/4915/4915 4913/4913/4913 4914/4914/4914
f 4915/4915/4915 4914/4914/4914 4916/4916/4916
f 4917/4917/4917 4915/4915/4915 4916/4916/4916
f 4918/4918/4918 4917/4917/4917 4916/4916/4916
f 4919/4919/4919 4918/4918/4918 4916/4916/4916
f 4918/4918/4918 4919/4919/4919 4920/4920/4920
f 4921/4921/4921 4918/4918/4918 4920/4920/4920
f 4922/4922/4922 4921/4921/4921 4920/4920/4920
f 4923/4923/4923 4922/4922/4922 4920/4920/4920
f 4924/4924/4924 4922/4922/4922 4923/4923/4923
f 4925/4925/4925 4924/4924/4924 4923/4923/4923
f 4926/4926/4926 4924/4924/4924 4925/4925/4925
f 4927/4927/4927 4926/4926/4926 4925/4925/4925
f 4928/4928/4928 4926/4926/4926 4927/4927/4927
f 4929/4929/4929 4928/4928/4928 4927/4927/4927
f 4930/4930/4930 4928/4928/4928 4929/4929/4929
f 4930/4930/4930 4929/4929/4929 4931/4931/4931
f 4930/4930/4930 4931/4931/4931 4909/4909/4909
f 4903/4903/4903 4930/4930/4930 4909/4909/4909
f 4909/4909/4909 4931/4931/4931 4932/4932/4932
f 4931/4931/4931 4933/4933/4933 4932/4932/4932
f 4931/4931/4931 4929/4929/4929 4933/4933/4933
f 4934/4934/4934 4932/4932/4932 4933/4933/4933
f 4929/4929/4929 4935/4935/4935 4933/4933/4933
f 4934/4934/4934 4933/4933/4933 4935/4935/4935
f 4935/4935/4935 4929/4929/4929 4936/4936/4936
f 4937/4937/4937 4934/4934/4934 4935/4935/4935
f 4938/4938/4938 4935/4935/4935 4936/4936/4936
f 4937/4937/4937 4935/4935/4935 4939/4939/4939
f 4938/4938/4938 4939/4939/4939 4935/4935/4935
f 4942/4942/4942 4941/4941/4941 4940/4940/4940
f 4943/4943/4943 4942/4942/4942 4940/4940/4940
f 4941/4941/4941 4944/4944/4944 4940/4940/4940
f 4945/4945/4945 4943/4943/4943 4940/4940/4940
f 4944/4944/4944 4946/4946/4946 4940/4940/4940
f 4947/4947/4947 4945/4945/4945 4940/4940/4940
f 4946/4946/4946 4948/4948/4948 4940/4940/4940
f 4949/4949/4949 4947/4947/4947 4940/4940/4940
f 4948/4948/4948 4950/4950/4950 4940/4940/4940
f 4951/4951/4951 4949/4949/4949 4940/4940/4940
f 4950/4950/4950 4952/4952/4952 4940/4940/4940
f 4953/4953/4953 4951/4951/4951 4940/4940/4940
f 4952/4952/4952 4954/4954/4954 4940/4940/4940
f 4955/4955/4955 4953/4953/4953 4940/4940/4940
f 4954/4954/4954 4956/4956/4956 4940/4940/4940
f 4956/4956/4956 4955/4955/4955 4940/4940/4940
f 4959/4959/4959 4958/4958/4958 4957/4957/4957
f 4960/4960/4960 4959/4959/4959 4957/4957/4957
f 4959/4959/4959 4960/4960/4960 4961/4961/4961
f 4961/4961/4961 4962/4962/4962 4959/4959/4959
f 4958/4958/4958 4959/4959/4959 4963/4963/4963
f 4962/4962/4962 4963/4963/4963 4959/4959/4959
f 4964/4964/4964 4958/4958/4958 4963/4963/4963
f 4964/4964/4964 4963/4963/4963 4962/4962/4962
f 4967/4967/4967 4966/4966/4966 4965/4965/4965
f 4967/4967/4967 4968/4968/4968 4966/4966/4966
f 4966/4966/4966 4969/4969/4969 4965/4965/4965
f 4968/4968/4968 4970/4970/4970 4966/4966/4966
f 4965/4965/4965 4969/4969/4969 4971/4971/4971
f 4970/4970/4970 4968/4968/4968 4972/4972/4972
f 4969/4969/4969 4973/4973/4973 4971/4971/4971
f 4974/4974/4974 4970/4970/4970 4972/4972/4972
f 4971/4971/4971 4973/4973/4973 4975/4975/4975
f 4974/4974/4974 4972/4972/4972 4976/4976/4976
f 4973/4973/4973 4977/4977/4977 4975/4975/4975
f 4978/4978/4978 4974/4974/4974 4976/4976/4976
f 4975/4975/4975 4977/4977/4977 4979/4979/4979
f 4978/4978/4978 4976/4976/4976 4980/4980/4980
f 4977/4977/4977 4981/4981/4981 4979/4979/4979
f 4982/4982/4982 4978/4978/4978 4980/4980/4980
f 4979/4979/4979 4981/4981/4981 4983/4983/4983
f 4982/4982/4982 4980/4980/4980 4984/4984/4984
f 4981/4981/4981 4985/4985/4985 4983/4983/4983
f 4986/4986/4986 4982/4982/4982 4984/4984/4984
f 4983/4983/4983 4985/4985/4985 4987/4987/4987
f 4986/4986/4986 4984/4984/4984 4988/4988/4988
f 4985/4985/4985 4989/4989/4989 4987/4987/4987
f 4990/4990/4990 4986/4986/4986 4988/4988/4988
f 4987/4987/4987 4989/4989/4989 4991/4991/4991
f 4990/4990/4990 4988/4988/4988 4992/4992/4992
f 4989/4989/4989 4993/4993/4993 4991/4991/4991
f 4994/4994/4994 4990/4990/4990 4992/4992/4992
f 4991/4991/4991 4993/4993/4993 4995/4995/4995
f 4994/4994/4994 4992/4992/4992 4996/4996/4996
f 4993/4993/4993 4997/4997/4997 4995/4995/4995
f 4998/4998/4998 4994/4994/4994 4996/4996/4996
f 4995/4995/4995 4997/4997/4997 4999/4999/4999
f 4998/4998/4998 4996/4996/4996 5000/5000/5000
f 4997/4997/4997 5001/5001/5001 4999/4999/4999
f 5002/5002/5002 4998/4998/4998 5000/5000/5000
f 5002/5002/5002 5000/5000/5000 5003/5003/5003
f 5004/5004/5004 5002/5002/5002 5003/5003/5003
f 5004/5004/5004 5003/5003/5003 5005/5005/5005
f 5006/5006/5006 5004/5004/5004 5005/5005/5005
f 4999/4999/4999 5001/5001/5001 5007/5007/5007
f 5006/5006/5006 5005/5005/5005 5007/5007/5007
f 5001/5001/5001 5008/5008/5008 5007/5007/5007
f 5008/5008/5008 5006/5006/5006 5007/5007/5007
f 5011/5011/5011 5010/5010/5010 5009/5009/5009
f 5012/5012/5012 5011/5011/5011 5009/5009/5009
f 5012/5012/5012 5009/5009/5009 5013/5013/5013
f 5010/5010/5010 5014/5014/5014 5009/5009/5009
f 5015/5015/5015 5011/5011/5011 5012/5012/5012
f 5014/5014/5014 5016/5016/5016 5009/5009/5009
f 5013/5013/5013 5009/5009/5009 5016/5016/5016
f 5017/5017/5017 5015/5015/5015 5012/5012/5012
f 5018/5018/5018 5015/5015/5015 5017/5017/5017
f 5016/5016/5016 5014/5014/5014 5019/5019/5019
f 5014/5014/5014 5020/5020/5020 5019/5019/5019
f 5021/5021/5021 5018/5018/5018 5017/5017/5017
f 5022/5022/5022 5018/5018/5018 5021/5021/5021
f 5019/5019/5019 5020/5020/5020 5023/5023/5023
f 5020/5020/5020 5024/5024/5024 5023/5023/5023
f 5025/5025/5025 5022/5022/5022 5021/5021/5021
f 5026/5026/5026 5022/5022/5022 5025/5025/5025
f 5023/5023/5023 5024/5024/5024 5027/5027/5027
f 5027/5027/5027 5028/5028/5028 5023/5023/5023
f 5024/5024/5024 5029/5029/5029 5027/5027/5027
f 5027/5027/5027 5029/5029/5029 5030/5030/5030
f 5027/5027/5027 5030/5030/5030 5028/5028/5028
f 5029/5029/5029 5031/5031/5031 5030/5030/5030
f 5030/5030/5030 5031/5031/5031 5032/5032/5032
f 5031/5031/5031 5033/5033/5033 5032/5032/5032
f 5034/5034/5034 5026/5026/5026 5025/5025/5025
f 5035/5035/5035 5026/5026/5026 5034/5034/5034
f 5030/5030/5030 5036/5036/5036 5028/5028/5028
f 5030/5030/5030 5032/5032/5032 5036/5036/5036
f 5032/5032/5032 5033/5033/5033 5037/5037/5037
f 5033/5033/5033 5038/5038/5038 5037/5037/5037
f 5039/5039/5039 5035/5035/5035 5034/5034/5034
f 5039/5039/5039 5034/5034/5034 5040/5040/5040
f 5041/5041/5041 5035/5035/5035 5039/5039/5039
f 5042/5042/5042 5041/5041/5041 5039/5039/5039
f 5039/5039/5039 5040/5040/5040 5042/5042/5042
f 5043/5043/5043 5041/5041/5041 5042/5042/5042
f 5034/5034/5034 5025/5025/5025 5044/5044/5044
f 5034/5034/5034 5044/5044/5044 5040/5040/5040
f 5032/5032/5032 5045/5045/5045 5036/5036/5036
f 5032/5032/5032 5037/5037/5037 5045/5045/5045
f 5037/5037/5037 5038/5038/5038 5046/5046/5046
f 5038/5038/5038 5047/5047/5047 5046/5046/5046
f 5046/5046/5046 5047/5047/5047 5048/5048/5048
f 5047/5047/5047 5049/5049/5049 5048/5048/5048
f 5037/5037/5037 5046/5046/5046 5050/5050/5050
f 5037/5037/5037 5050/5050/5050 5045/5045/5045
f 5046/5046/5046 5051/5051/5051 5050/5050/5050
f 5046/5046/5046 5048/5048/5048 5051/5051/5051
f 5050/5050/5050 5052/5052/5052 5045/5045/5045
f 5052/5052/5052 5050/5050/5050 5051/5051/5051
f 5045/5045/5045 5053/5053/5053 5036/5036/5036
f 5052/5052/5052 5053/5053/5053 5045/5045/5045
f 5048/5048/5048 5049/5049/5049 5054/5054/5054
f 5049/5049/5049 5055/5055/5055 5054/5054/5054
f 5054/5054/5054 5055/5055/5055 5056/5056/5056
f 5055/5055/5055 5057/5057/5057 5056/5056/5056
f 5057/5057/5057 5043/5043/5043 5056/5056/5056
f 5053/5053/5053 5058/5058/5058 5036/5036/5036
f 5036/5036/5036 5058/5058/5058 5028/5028/5028
f 5043/5043/5043 5059/5059/5059 5056/5056/5056
f 5059/5059/5059 5043/5043/5043 5042/5042/5042
f 5053/5053/5053 5052/5052/5052 5060/5060/5060
f 5053/5053/5053 5060/5060/5060 5061/5061/5061
f 5058/5058/5058 5053/5053/5053 5061/5061/5061
f 5052/5052/5052 5062/5062/5062 5060/5060/5060
f 5058/5058/5058 5061/5061/5061 5063/5063/5063
f 5052/5052/5052 5064/5064/5064 5062/5062/5062
f 5064/5064/5064 5065/5065/5065 5062/5062/5062
f 5064/5064/5064 5066/5066/5066 5065/5065/5065
f 5064/5064/5064 5052/5052/5052 5051/5051/5051
f 5066/5066/5066 5064/5064/5064 5051/5051/5051
f 5066/5066/5066 5067/5067/5067 5065/5065/5065
f 5068/5068/5068 5067/5067/5067 5066/5066/5066
f 5069/5069/5069 5058/5058/5058 5063/5063/5063
f 5069/5069/5069 5063/5063/5063 5070/5070/5070
f 5058/5058/5058 5069/5069/5069 5028/5028/5028
f 5069/5069/5069 5070/5070/5070 5028/5028/5028
f 5063/5063/5063 5071/5071/5071 5070/5070/5070
f 5070/5070/5070 5071/5071/5071 5072/5072/5072
f 5073/5073/5073 5066/5066/5066 5051/5051/5051
f 5066/5066/5066 5073/5073/5073 5074/5074/5074
f 5048/5048/5048 5073/5073/5073 5051/5051/5051
f 5074/5074/5074 5073/5073/5073 5048/5048/5048
f 5075/5075/5075 5068/5068/5068 5066/5066/5066
f 5075/5075/5075 5066/5066/5066 5074/5074/5074
f 5075/5075/5075 5076/5076/5076 5068/5068/5068
f 5076/5076/5076 5075/5075/5075 5074/5074/5074
f 5076/5076/5076 5077/5077/5077 5068/5068/5068
f 5076/5076/5076 5078/5078/5078 5077/5077/5077
f 5078/5078/5078 5079/5079/5079 5077/5077/5077
f 5080/5080/5080 5070/5070/5070 5072/5072/5072
f 5080/5080/5080 5072/5072/5072 5081/5081/5081
f 5082/5082/5082 5081/5081/5081 5079/5079/5079
f 5082/5082/5082 5080/5080/5080 5081/5081/5081
f 5078/5078/5078 5082/5082/5082 5079/5079/5079
f 5078/5078/5078 5076/5076/5076 5083/5083/5083
f 5083/5083/5083 5076/5076/5076 5074/5074/5074
f 5084/5084/5084 5074/5074/5074 5048/5048/5048
f 5084/5084/5084 5048/5048/5048 5054/5054/5054
f 5070/5070/5070 5080/5080/5080 5085/5085/5085
f 5080/5080/5080 5082/5082/5082 5085/5085/5085
f 5082/5082/5082 5078/5078/5078 5086/5086/5086
f 5086/5086/5086 5078/5078/5078 5083/5083/5083
f 5087/5087/5087 5083/5083/5083 5074/5074/5074
f 5084/5084/5084 5087/5087/5087 5074/5074/5074
f 5054/5054/5054 5088/5088/5088 5084/5084/5084
f 5088/5088/5088 5054/5054/5054 5056/5056/5056
f 5089/5089/5089 5070/5070/5070 5085/5085/5085
f 5070/5070/5070 5089/5089/5089 5028/5028/5028
f 5028/5028/5028 5089/5089/5089 5023/5023/5023
f 5023/5023/5023 5089/5089/5089 5085/5085/5085
f 5019/5019/5019 5023/5023/5023 5085/5085/5085
f 5082/5082/5082 5090/5090/5090 5085/5085/5085
f 5019/5019/5019 5085/5085/5085 5090/5090/5090
f 5090/5090/5090 5082/5082/5082 5086/5086/5086
f 5016/5016/5016 5019/5019/5019 5090/5090/5090
f 5016/5016/5016 5090/5090/5090 5086/5086/5086
f 5091/5091/5091 5016/5016/5016 5086/5086/5086
f 5091/5091/5091 5086/5086/5086 5083/5083/5083
f 5016/5016/5016 5091/5091/5091 5013/5013/5013
f 5087/5087/5087 5091/5091/5091 5083/5083/5083
f 5091/5091/5091 5087/5087/5087 5092/5092/5092
f 5013/5013/5013 5091/5091/5091 5092/5092/5092
f 5087/5087/5087 5093/5093/5093 5092/5092/5092
f 5087/5087/5087 5084/5084/5084 5093/5093/5093
f 5013/5013/5013 5092/5092/5092 5094/5094/5094
f 5092/5092/5092 5093/5093/5093 5094/5094/5094
f 5084/5084/5084 5095/5095/5095 5093/5093/5093
f 5088/5088/5088 5095/5095/5095 5084/5084/5084
f 5093/5093/5093 5095/5095/5095 5096/5096/5096
f 5095/5095/5095 5088/5088/5088 5096/5096/5096
f 5094/5094/5094 5093/5093/5093 5097/5097/5097
f 5093/5093/5093 5096/5096/5096 5097/5097/5097
f 5098/5098/5098 5013/5013/5013 5094/5094/5094
f 5094/5094/5094 5097/5097/5097 5098/5098/5098
f 5096/5096/5096 5088/5088/5088 5099/5099/5099
f 5096/5096/5096 5099/5099/5099 5097/5097/5097
f 5100/5100/5100 5099/5099/5099 5088/5088/5088
f 5099/5099/5099 5100/5100/5100 5097/5097/5097
f 5088/5088/5088 5056/5056/5056 5100/5100/5100
f 5013/5013/5013 5098/5098/5098 5101/5101/5101
f 5101/5101/5101 5012/5012/5012 5013/5013/5013
f 5101/5101/5101 5102/5102/5102 5012/5012/5012
f 5097/5097/5097 5103/5103/5103 5098/5098/5098
f 5103/5103/5103 5101/5101/5101 5098/5098/5098
f 5100/5100/5100 5103/5103/5103 5097/5097/5097
f 5101/5101/5101 5103/5103/5103 5102/5102/5102
f 5103/5103/5103 5100/5100/5100 5104/5104/5104
f 5103/5103/5103 5104/5104/5104 5102/5102/5102
f 5100/5100/5100 5056/5056/5056 5105/5105/5105
f 5100/5100/5100 5105/5105/5105 5104/5104/5104
f 5056/5056/5056 5106/5106/5106 5105/5105/5105
f 5056/5056/5056 5059/5059/5059 5106/5106/5106
f 5059/5059/5059 5107/5107/5107 5106/5106/5106
f 5059/5059/5059 5042/5042/5042 5107/5107/5107
f 5106/5106/5106 5108/5108/5108 5105/5105/5105
f 5108/5108/5108 5106/5106/5106 5107/5107/5107
f 5105/5105/5105 5109/5109/5109 5104/5104/5104
f 5108/5108/5108 5109/5109/5109 5105/5105/5105
f 5104/5104/5104 5110/5110/5110 5102/5102/5102
f 5109/5109/5109 5110/5110/5110 5104/5104/5104
f 5042/5042/5042 5111/5111/5111 5107/5107/5107
f 5111/5111/5111 5112/5112/5112 5107/5107/5107
f 5040/5040/5040 5111/5111/5111 5042/5042/5042
f 5112/5112/5112 5111/5111/5111 5040/5040/5040
f 5113/5113/5113 5108/5108/5108 5107/5107/5107
f 5112/5112/5112 5113/5113/5113 5107/5107/5107
f 5109/5109/5109 5108/5108/5108 5114/5114/5114
f 5108/5108/5108 5115/5115/5115 5114/5114/5114
f 5108/5108/5108 5113/5113/5113 5115/5115/5115
f 5109/5109/5109 5114/5114/5114 5116/5116/5116
f 5110/5110/5110 5109/5109/5109 5116/5116/5116
f 5113/5113/5113 5117/5117/5117 5115/5115/5115
f 5113/5113/5113 5112/5112/5112 5117/5117/5117
f 5112/5112/5112 5118/5118/5118 5117/5117/5117
f 5110/5110/5110 5116/5116/5116 5119/5119/5119
f 5120/5120/5120 5118/5118/5118 5112/5112/5112
f 5121/5121/5121 5112/5112/5112 5040/5040/5040
f 5121/5121/5121 5120/5120/5120 5112/5112/5112
f 5122/5122/5122 5121/5121/5121 5040/5040/5040
f 5121/5121/5121 5122/5122/5122 5120/5120/5120
f 5122/5122/5122 5123/5123/5123 5120/5120/5120
f 5044/5044/5044 5122/5122/5122 5040/5040/5040
f 5122/5122/5122 5124/5124/5124 5123/5123/5123
f 5124/5124/5124 5122/5122/5122 5044/5044/5044
f 5124/5124/5124 5125/5125/5125 5123/5123/5123
f 5126/5126/5126 5110/5110/5110 5119/5119/5119
f 5126/5126/5126 5119/5119/5119 5127/5127/5127
f 5110/5110/5110 5126/5126/5126 5102/5102/5102
f 5126/5126/5126 5127/5127/5127 5102/5102/5102
f 5119/5119/5119 5128/5128/5128 5127/5127/5127
f 5127/5127/5127 5128/5128/5128 5129/5129/5129
f 5130/5130/5130 5124/5124/5124 5044/5044/5044
f 5025/5025/5025 5130/5130/5130 5044/5044/5044
f 5025/5025/5025 5021/5021/5021 5130/5130/5130
f 5124/5124/5124 5131/5131/5131 5125/5125/5125
f 5131/5131/5131 5124/5124/5124 5130/5130/5130
f 5131/5131/5131 5132/5132/5132 5125/5125/5125
f 5133/5133/5133 5129/5129/5129 5132/5132/5132
f 5133/5133/5133 5127/5127/5127 5129/5129/5129
f 5131/5131/5131 5133/5133/5133 5132/5132/5132
f 5021/5021/5021 5134/5134/5134 5130/5130/5130
f 5134/5134/5134 5131/5131/5131 5130/5130/5130
f 5021/5021/5021 5017/5017/5017 5134/5134/5134
f 5133/5133/5133 5131/5131/5131 5135/5135/5135
f 5131/5131/5131 5134/5134/5134 5135/5135/5135
f 5017/5017/5017 5135/5135/5135 5134/5134/5134
f 5127/5127/5127 5133/5133/5133 5135/5135/5135
f 5017/5017/5017 5012/5012/5012 5135/5135/5135
f 5136/5136/5136 5127/5127/5127 5135/5135/5135
f 5012/5012/5012 5136/5136/5136 5135/5135/5135
f 5127/5127/5127 5136/5136/5136 5102/5102/5102
f 5102/5102/5102 5136/5136/5136 5012/5012/5012
f 5139/5139/5139 5138/5138/5138 5137/5137/5137
f 5138/5138/5138 5140/5140/5140 5137/5137/5137
f 5141/5141/5141 5139/5139/5139 5137/5137/5137
f 5142/5142/5142 5139/5139/5139 5141/5141/5141
f 5140/5140/5140 5143/5143/5143 5137/5137/5137
f 5140/5140/5140 5144/5144/5144 5143/5143/5143
f 5145/5145/5145 5142/5142/5142 5141/5141/5141
f 5146/5146/5146 5142/5142/5142 5145/5145/5145
f 5147/5147/5147 5146/5146/5146 5145/5145/5145
f 5148/5148/5148 5147/5147/5147 5145/5145/5145
f 5149/5149/5149 5146/5146/5146 5147/5147/5147
f 5150/5150/5150 5149/5149/5149 5147/5147/5147
f 5150/5150/5150 5147/5147/5147 5148/5148/5148
f 5151/5151/5151 5149/5149/5149 5150/5150/5150
f 5152/5152/5152 5151/5151/5151 5150/5150/5150
f 5153/5153/5153 5151/5151/5151 5152/5152/5152
f 5154/5154/5154 5150/5150/5150 5148/5148/5148
f 5152/5152/5152 5150/5150/5150 5154/5154/5154
f 5155/5155/5155 5153/5153/5153 5152/5152/5152
f 5156/5156/5156 5153/5153/5153 5155/5155/5155
f 5157/5157/5157 5152/5152/5152 5154/5154/5154
f 5155/5155/5155 5152/5152/5152 5157/5157/5157
f 5158/5158/5158 5156/5156/5156 5155/5155/5155
f 5159/5159/5159 5156/5156/5156 5158/5158/5158
f 5160/5160/5160 5159/5159/5159 5158/5158/5158
f 5161/5161/5161 5159/5159/5159 5160/5160/5160
f 5162/5162/5162 5161/5161/5161 5160/5160/5160
f 5163/5163/5163 5161/5161/5161 5162/5162/5162
f 5158/5158/5158 5155/5155/5155 5164/5164/5164
f 5164/5164/5164 5155/5155/5155 5157/5157/5157
f 5165/5165/5165 5158/5158/5158 5164/5164/5164
f 5160/5160/5160 5158/5158/5158 5165/5165/5165
f 5166/5166/5166 5164/5164/5164 5157/5157/5157
f 5164/5164/5164 5166/5166/5166 5165/5165/5165
f 5167/5167/5167 5157/5157/5157 5154/5154/5154
f 5167/5167/5167 5166/5166/5166 5157/5157/5157
f 5168/5168/5168 5163/5163/5163 5162/5162/5162
f 5169/5169/5169 5163/5163/5163 5168/5168/5168
f 5170/5170/5170 5167/5167/5167 5154/5154/5154
f 5170/5170/5170 5154/5154/5154 5148/5148/5148
f 5171/5171/5171 5169/5169/5169 5168/5168/5168
f 5172/5172/5172 5169/5169/5169 5171/5171/5171
f 5173/5173/5173 5172/5172/5172 5171/5171/5171
f 5174/5174/5174 5172/5172/5172 5173/5173/5173
f 5175/5175/5175 5174/5174/5174 5173/5173/5173
f 5176/5176/5176 5175/5175/5175 5173/5173/5173
f 5177/5177/5177 5174/5174/5174 5175/5175/5175
f 5178/5178/5178 5177/5177/5177 5175/5175/5175
f 5178/5178/5178 5175/5175/5175 5176/5176/5176
f 5179/5179/5179 5177/5177/5177 5178/5178/5178
f 5180/5180/5180 5179/5179/5179 5178/5178/5178
f 5181/5181/5181 5179/5179/5179 5180/5180/5180
f 5182/5182/5182 5178/5178/5178 5176/5176/5176
f 5180/5180/5180 5178/5178/5178 5182/5182/5182
f 5183/5183/5183 5181/5181/5181 5180/5180/5180
f 5184/5184/5184 5181/5181/5181 5183/5183/5183
f 5185/5185/5185 5180/5180/5180 5182/5182/5182
f 5183/5183/5183 5180/5180/5180 5185/5185/5185
f 5186/5186/5186 5184/5184/5184 5183/5183/5183
f 5144/5144/5144 5184/5184/5184 5186/5186/5186
f 5187/5187/5187 5183/5183/5183 5185/5185/5185
f 5186/5186/5186 5183/5183/5183 5187/5187/5187
f 5188/5188/5188 5144/5144/5144 5186/5186/5186
f 5144/5144/5144 5188/5188/5188 5143/5143/5143
f 5189/5189/5189 5186/5186/5186 5187/5187/5187
f 5188/5188/5188 5186/5186/5186 5189/5189/5189
f 5190/5190/5190 5187/5187/5187 5185/5185/5185
f 5187/5187/5187 5190/5190/5190 5189/5189/5189
f 5191/5191/5191 5185/5185/5185 5182/5182/5182
f 5191/5191/5191 5190/5190/5190 5185/5185/5185
f 5192/5192/5192 5182/5182/5182 5176/5176/5176
f 5192/5192/5192 5191/5191/5191 5182/5182/5182
f 5190/5190/5190 5191/5191/5191 5193/5193/5193
f 5193/5193/5193 5191/5191/5191 5194/5194/5194
f 5191/5191/5191 5192/5192/5192 5194/5194/5194
f 5195/5195/5195 5190/5190/5190 5193/5193/5193
f 5194/5194/5194 5192/5192/5192 5196/5196/5196
f 5197/5197/5197 5190/5190/5190 5195/5195/5195
f 5190/5190/5190 5197/5197/5197 5189/5189/5189
f 5197/5197/5197 5198/5198/5198 5189/5189/5189
f 5199/5199/5199 5197/5197/5197 5195/5195/5195
f 5198/5198/5198 5197/5197/5197 5199/5199/5199
f 5200/5200/5200 5198/5198/5198 5199/5199/5199
f 5200/5200/5200 5201/5201/5201 5198/5198/5198
f 5192/5192/5192 5202/5202/5202 5196/5196/5196
f 5202/5202/5202 5192/5192/5192 5176/5176/5176
f 5196/5196/5196 5202/5202/5202 5203/5203/5203
f 5203/5203/5203 5202/5202/5202 5176/5176/5176
f 5204/5204/5204 5196/5196/5196 5203/5203/5203
f 5204/5204/5204 5203/5203/5203 5205/5205/5205
f 5198/5198/5198 5206/5206/5206 5189/5189/5189
f 5206/5206/5206 5198/5198/5198 5207/5207/5207
f 5206/5206/5206 5188/5188/5188 5189/5189/5189
f 5206/5206/5206 5207/5207/5207 5188/5188/5188
f 5201/5201/5201 5208/5208/5208 5198/5198/5198
f 5198/5198/5198 5208/5208/5208 5207/5207/5207
f 5209/5209/5209 5208/5208/5208 5201/5201/5201
f 5208/5208/5208 5209/5209/5209 5207/5207/5207
f 5210/5210/5210 5209/5209/5209 5201/5201/5201
f 5211/5211/5211 5209/5209/5209 5210/5210/5210
f 5212/5212/5212 5211/5211/5211 5210/5210/5210
f 5203/5203/5203 5213/5213/5213 5205/5205/5205
f 5205/5205/5205 5213/5213/5213 5214/5214/5214
f 5214/5214/5214 5215/5215/5215 5212/5212/5212
f 5213/5213/5213 5215/5215/5215 5214/5214/5214
f 5215/5215/5215 5211/5211/5211 5212/5212/5212
f 5209/5209/5209 5211/5211/5211 5216/5216/5216
f 5209/5209/5209 5216/5216/5216 5207/5207/5207
f 5207/5207/5207 5217/5217/5217 5188/5188/5188
f 5143/5143/5143 5188/5188/5188 5217/5217/5217
f 5213/5213/5213 5203/5203/5203 5218/5218/5218
f 5215/5215/5215 5213/5213/5213 5218/5218/5218
f 5211/5211/5211 5215/5215/5215 5219/5219/5219
f 5211/5211/5211 5219/5219/5219 5216/5216/5216
f 5216/5216/5216 5220/5220/5220 5207/5207/5207
f 5220/5220/5220 5217/5217/5217 5207/5207/5207
f 5217/5217/5217 5221/5221/5221 5143/5143/5143
f 5137/5137/5137 5143/5143/5143 5221/5221/5221
f 5203/5203/5203 5222/5222/5222 5218/5218/5218
f 5222/5222/5222 5203/5203/5203 5176/5176/5176
f 5222/5222/5222 5176/5176/5176 5173/5173/5173
f 5222/5222/5222 5173/5173/5173 5218/5218/5218
f 5173/5173/5173 5171/5171/5171 5218/5218/5218
f 5223/5223/5223 5215/5215/5215 5218/5218/5218
f 5218/5218/5218 5171/5171/5171 5223/5223/5223
f 5215/5215/5215 5223/5223/5223 5219/5219/5219
f 5171/5171/5171 5168/5168/5168 5223/5223/5223
f 5223/5223/5223 5168/5168/5168 5219/5219/5219
f 5168/5168/5168 5224/5224/5224 5219/5219/5219
f 5219/5219/5219 5224/5224/5224 5216/5216/5216
f 5224/5224/5224 5168/5168/5168 5162/5162/5162
f 5224/5224/5224 5220/5220/5220 5216/5216/5216
f 5220/5220/5220 5224/5224/5224 5225/5225/5225
f 5162/5162/5162 5225/5225/5225 5224/5224/5224
f 5226/5226/5226 5220/5220/5220 5225/5225/5225
f 5217/5217/5217 5220/5220/5220 5226/5226/5226
f 5227/5227/5227 5217/5217/5217 5226/5226/5226
f 5217/5217/5217 5227/5227/5227 5221/5221/5221
f 5221/5221/5221 5227/5227/5227 5228/5228/5228
f 5227/5227/5227 5226/5226/5226 5228/5228/5228
f 5221/5221/5221 5228/5228/5228 5229/5229/5229
f 5137/5137/5137 5221/5221/5221 5229/5229/5229
f 5228/5228/5228 5226/5226/5226 5230/5230/5230
f 5229/5229/5229 5228/5228/5228 5230/5230/5230
f 5226/5226/5226 5225/5225/5225 5231/5231/5231
f 5226/5226/5226 5231/5231/5231 5230/5230/5230
f 5225/5225/5225 5232/5232/5232 5231/5231/5231
f 5225/5225/5225 5162/5162/5162 5232/5232/5232
f 5232/5232/5232 5233/5233/5233 5231/5231/5231
f 5233/5233/5233 5232/5232/5232 5162/5162/5162
f 5230/5230/5230 5231/5231/5231 5233/5233/5233
f 5234/5234/5234 5229/5229/5229 5230/5230/5230
f 5229/5229/5229 5234/5234/5234 5137/5137/5137
f 5162/5162/5162 5235/5235/5235 5233/5233/5233
f 5162/5162/5162 5160/5160/5160 5235/5235/5235
f 5236/5236/5236 5235/5235/5235 5160/5160/5160
f 5237/5237/5237 5230/5230/5230 5233/5233/5233
f 5235/5235/5235 5237/5237/5237 5233/5233/5233
f 5237/5237/5237 5234/5234/5234 5230/5230/5230
f 5237/5237/5237 5235/5235/5235 5236/5236/5236
f 5234/5234/5234 5237/5237/5237 5238/5238/5238
f 5238/5238/5238 5237/5237/5237 5236/5236/5236
f 5137/5137/5137 5234/5234/5234 5239/5239/5239
f 5239/5239/5239 5234/5234/5234 5238/5238/5238
f 5240/5240/5240 5236/5236/5236 5160/5160/5160
f 5240/5240/5240 5241/5241/5241 5236/5236/5236
f 5240/5240/5240 5160/5160/5160 5165/5165/5165
f 5241/5241/5241 5240/5240/5240 5165/5165/5165
f 5242/5242/5242 5137/5137/5137 5239/5239/5239
f 5141/5141/5141 5137/5137/5137 5242/5242/5242
f 5243/5243/5243 5141/5141/5141 5242/5242/5242
f 5145/5145/5145 5141/5141/5141 5243/5243/5243
f 5244/5244/5244 5242/5242/5242 5239/5239/5239
f 5242/5242/5242 5244/5244/5244 5243/5243/5243
f 5245/5245/5245 5239/5239/5239 5238/5238/5238
f 5245/5245/5245 5244/5244/5244 5239/5239/5239
f 5246/5246/5246 5238/5238/5238 5236/5236/5236
f 5246/5246/5246 5245/5245/5245 5238/5238/5238
f 5247/5247/5247 5241/5241/5241 5165/5165/5165
f 5166/5166/5166 5247/5247/5247 5165/5165/5165
f 5248/5248/5248 5145/5145/5145 5243/5243/5243
f 5249/5249/5249 5248/5248/5248 5243/5243/5243
f 5248/5248/5248 5148/5148/5148 5145/5145/5145
f 5248/5248/5248 5249/5249/5249 5148/5148/5148
f 5244/5244/5244 5250/5250/5250 5243/5243/5243
f 5250/5250/5250 5249/5249/5249 5243/5243/5243
f 5251/5251/5251 5246/5246/5246 5236/5236/5236
f 5241/5241/5241 5251/5251/5251 5236/5236/5236
f 5246/5246/5246 5251/5251/5251 5252/5252/5252
f 5252/5252/5252 5251/5251/5251 5241/5241/5241
f 5253/5253/5253 5246/5246/5246 5252/5252/5252
f 5254/5254/5254 5252/5252/5252 5241/5241/5241
f 5245/5245/5245 5246/5246/5246 5253/5253/5253
f 5254/5254/5254 5241/5241/5241 5255/5255/5255
f 5256/5256/5256 5245/5245/5245 5253/5253/5253
f 5244/5244/5244 5245/5245/5245 5256/5256/5256
f 5241/5241/5241 5247/5247/5247 5255/5255/5255
f 5257/5257/5257 5244/5244/5244 5256/5256/5256
f 5250/5250/5250 5244/5244/5244 5257/5257/5257
f 5255/5255/5255 5247/5247/5247 5258/5258/5258
f 5259/5259/5259 5250/5250/5250 5257/5257/5257
f 5247/5247/5247 5166/5166/5166 5258/5258/5258
f 5258/5258/5258 5166/5166/5166 5260/5260/5260
f 5166/5166/5166 5167/5167/5167 5260/5260/5260
f 5260/5260/5260 5167/5167/5167 5261/5261/5261
f 5249/5249/5249 5250/5250/5250 5259/5259/5259
f 5167/5167/5167 5170/5170/5170 5261/5261/5261
f 5262/5262/5262 5249/5249/5249 5259/5259/5259
f 5261/5261/5261 5170/5170/5170 5263/5263/5263
f 5262/5262/5262 5263/5263/5263 5249/5249/5249
f 5170/5170/5170 5264/5264/5264 5263/5263/5263
f 5263/5263/5263 5264/5264/5264 5249/5249/5249
f 5264/5264/5264 5170/5170/5170 5148/5148/5148
f 5249/5249/5249 5264/5264/5264 5148/5148/5148
f 5267/5267/5267 5266/5266/5266 5265/5265/5265
f 5267/5267/5267 5268/5268/5268 5266/5266/5266
f 5269/5269/5269 5265/5265/5265 5266/5266/5266
f 5270/5270/5270 5266/5266/5266 5268/5268/5268
f 5269/5269/5269 5271/5271/5271 5265/5265/5265
f 5268/5268/5268 5272/5272/5272 5270/5270/5270
f 5273/5273/5273 5265/5265/5265 5271/5271/5271
f 5274/5274/5274 5270/5270/5270 5272/5272/5272
f 5271/5271/5271 5275/5275/5275 5273/5273/5273
f 5272/5272/5272 5276/5276/5276 5274/5274/5274
f 5277/5277/5277 5273/5273/5273 5275/5275/5275
f 5278/5278/5278 5274/5274/5274 5276/5276/5276
f 5275/5275/5275 5279/5279/5279 5277/5277/5277
f 5276/5276/5276 5280/5280/5280 5278/5278/5278
f 5281/5281/5281 5277/5277/5277 5279/5279/5279
f 5282/5282/5282 5278/5278/5278 5280/5280/5280
f 5279/5279/5279 5283/5283/5283 5281/5281/5281
f 5280/5280/5280 5284/5284/5284 5282/5282/5282
f 5285/5285/5285 5281/5281/5281 5283/5283/5283
f 5286/5286/5286 5282/5282/5282 5284/5284/5284
f 5283/5283/5283 5287/5287/5287 5285/5285/5285
f 5284/5284/5284 5288/5288/5288 5286/5286/5286
f 5289/5289/5289 5285/5285/5285 5287/5287/5287
f 5290/5290/5290 5286/5286/5286 5288/5288/5288
f 5287/5287/5287 5291/5291/5291 5289/5289/5289
f 5288/5288/5288 5292/5292/5292 5290/5290/5290
f 5293/5293/5293 5289/5289/5289 5291/5291/5291
f 5294/5294/5294 5290/5290/5290 5292/5292/5292
f 5291/5291/5291 5295/5295/5295 5293/5293/5293
f 5292/5292/5292 5296/5296/5296 5294/5294/5294
f 5297/5297/5297 5293/5293/5293 5295/5295/5295
f 5298/5298/5298 5294/5294/5294 5296/5296/5296
f 5295/5295/5295 5299/5299/5299 5297/5297/5297
f 5296/5296/5296 5300/5300/5300 5298/5298/5298
f 5300/5300/5300 5297/5297/5297 5299/5299/5299
f 5299/5299/5299 5298/5298/5298 5300/5300/5300
f 5303/5303/5303 5302/5302/5302 5301/5301/5301
f 5303/5303/5303 5304/5304/5304 5302/5302/5302
f 5305/5305/5305 5302/5302/5302 5304/5304/5304
f 5304/5304/5304 5306/5306/5306 5305/5305/5305
f 5307/5307/5307 5305/5305/5305 5306/5306/5306
f 5306/5306/5306 5308/5308/5308 5307/5307/5307
f 5305/5305/5305 5309/5309/5309 5302/5302/5302
f 5305/5305/5305 5307/5307/5307 5309/5309/5309
f 5310/5310/5310 5307/5307/5307 5308/5308/5308
f 5308/5308/5308 5311/5311/5311 5310/5310/5310
f 5312/5312/5312 5310/5310/5310 5311/5311/5311
f 5311/5311/5311 5313/5313/5313 5312/5312/5312
f 5310/5310/5310 5314/5314/5314 5307/5307/5307
f 5310/5310/5310 5312/5312/5312 5314/5314/5314
f 5315/5315/5315 5312/5312/5312 5313/5313/5313
f 5313/5313/5313 5316/5316/5316 5315/5315/5315
f 5317/5317/5317 5309/5309/5309 5307/5307/5307
f 5317/5317/5317 5307/5307/5307 5314/5314/5314
f 5318/5318/5318 5314/5314/5314 5312/5312/5312
f 5312/5312/5312 5315/5315/5315 5318/5318/5318
f 5319/5319/5319 5315/5315/5315 5316/5316/5316
f 5316/5316/5316 5320/5320/5320 5319/5319/5319
f 5321/5321/5321 5318/5318/5318 5315/5315/5315
f 5315/5315/5315 5319/5319/5319 5321/5321/5321
f 5322/5322/5322 5319/5319/5319 5320/5320/5320
f 5320/5320/5320 5323/5323/5323 5322/5322/5322
f 5319/5319/5319 5322/5322/5322 5324/5324/5324
f 5324/5324/5324 5321/5321/5321 5319/5319/5319
f 5325/5325/5325 5322/5322/5322 5323/5323/5323
f 5325/5325/5325 5324/5324/5324 5322/5322/5322
f 5323/5323/5323 5326/5326/5326 5325/5325/5325
f 5324/5324/5324 5325/5325/5325 5326/5326/5326
f 5326/5326/5326 5327/5327/5327 5324/5324/5324
f 5321/5321/5321 5324/5324/5324 5327/5327/5327
f 5327/5327/5327 5328/5328/5328 5321/5321/5321
f 5318/5318/5318 5321/5321/5321 5328/5328/5328
f 5328/5328/5328 5329/5329/5329 5318/5318/5318
f 5314/5314/5314 5318/5318/5318 5329/5329/5329
f 5329/5329/5329 5330/5330/5330 5314/5314/5314
f 5317/5317/5317 5314/5314/5314 5330/5330/5330
f 5330/5330/5330 5331/5331/5331 5317/5317/5317
f 5309/5309/5309 5317/5317/5317 5331/5331/5331
f 5331/5331/5331 5332/5332/5332 5309/5309/5309
f 5333/5333/5333 5309/5309/5309 5332/5332/5332
f 5332/5332/5332 5334/5334/5334 5333/5333/5333
f 5333/5333/5333 5302/5302/5302 5309/5309/5309
f 5335/5335/5335 5333/5333/5333 5334/5334/5334
f 5333/5333/5333 5335/5335/5335 5302/5302/5302
f 5334/5334/5334 5301/5301/5301 5335/5335/5335
f 5336/5336/5336 5301/5301/5301 5302/5302/5302
f 5336/5336/5336 5335/5335/5335 5301/5301/5301
f 5336/5336/5336 5302/5302/5302 5335/5335/5335
f 5339/5339/5339 5338/5338/5338 5337/5337/5337
f 5339/5339/5339 5340/5340/5340 5338/5338/5338
f 5338/5338/5338 5341/5341/5341 5337/5337/5337
f 5337/5337/5337 5341/5341/5341 5342/5342/5342
f 5343/5343/5343 5337/5337/5337 5342/5342/5342
f 5344/5344/5344 5343/5343/5343 5342/5342/5342
f 5345/5345/5345 5344/5344/5344 5342/5342/5342
f 5346/5346/5346 5344/5344/5344 5345/5345/5345
f 5347/5347/5347 5346/5346/5346 5345/5345/5345
f 5348/5348/5348 5347/5347/5347 5345/5345/5345
f 5349/5349/5349 5346/5346/5346 5347/5347/5347
f 5350/5350/5350 5349/5349/5349 5347/5347/5347
f 5350/5350/5350 5347/5347/5347 5348/5348/5348
f 5351/5351/5351 5349/5349/5349 5350/5350/5350
f 5352/5352/5352 5345/5345/5345 5342/5342/5342
f 5352/5352/5352 5348/5348/5348 5345/5345/5345
f 5353/5353/5353 5352/5352/5352 5342/5342/5342
f 5342/5342/5342 5341/5341/5341 5353/5353/5353
f 5354/5354/5354 5351/5351/5351 5350/5350/5350
f 5355/5355/5355 5351/5351/5351 5354/5354/5354
f 5348/5348/5348 5352/5352/5352 5356/5356/5356
f 5352/5352/5352 5353/5353/5353 5356/5356/5356
f 5357/5357/5357 5355/5355/5355 5354/5354/5354
f 5358/5358/5358 5355/5355/5355 5357/5357/5357
f 5359/5359/5359 5358/5358/5358 5357/5357/5357
f 5360/5360/5360 5358/5358/5358 5359/5359/5359
f 5361/5361/5361 5360/5360/5360 5359/5359/5359
f 5362/5362/5362 5360/5360/5360 5361/5361/5361
f 5341/5341/5341 5363/5363/5363 5353/5353/5353
f 5353/5353/5353 5364/5364/5364 5356/5356/5356
f 5353/5353/5353 5363/5363/5363 5364/5364/5364
f 5365/5365/5365 5363/5363/5363 5341/5341/5341
f 5338/5338/5338 5365/5365/5365 5341/5341/5341
f 5338/5338/5338 5366/5366/5366 5365/5365/5365
f 5340/5340/5340 5366/5366/5366 5338/5338/5338
f 5366/5366/5366 5340/5340/5340 5367/5367/5367
f 5340/5340/5340 5368/5368/5368 5367/5367/5367
f 5366/5366/5366 5369/5369/5369 5365/5365/5365
f 5369/5369/5369 5366/5366/5366 5367/5367/5367
f 5365/5365/5365 5370/5370/5370 5363/5363/5363
f 5365/5365/5365 5369/5369/5369 5370/5370/5370
f 5367/5367/5367 5368/5368/5368 5371/5371/5371
f 5368/5368/5368 5372/5372/5372 5371/5371/5371
f 5363/5363/5363 5373/5373/5373 5364/5364/5364
f 5370/5370/5370 5373/5373/5373 5363/5363/5363
f 5374/5374/5374 5369/5369/5369 5367/5367/5367
f 5374/5374/5374 5367/5367/5367 5371/5371/5371
f 5371/5371/5371 5372/5372/5372 5375/5375/5375
f 5372/5372/5372 5376/5376/5376 5375/5375/5375
f 5377/5377/5377 5374/5374/5374 5371/5371/5371
f 5377/5377/5377 5371/5371/5371 5375/5375/5375
f 5369/5369/5369 5374/5374/5374 5378/5378/5378
f 5374/5374/5374 5377/5377/5377 5378/5378/5378
f 5375/5375/5375 5376/5376/5376 5379/5379/5379
f 5376/5376/5376 5380/5380/5380 5379/5379/5379
f 5369/5369/5369 5381/5381/5381 5370/5370/5370
f 5381/5381/5381 5369/5369/5369 5378/5378/5378
f 5382/5382/5382 5377/5377/5377 5375/5375/5375
f 5382/5382/5382 5375/5375/5375 5379/5379/5379
f 5379/5379/5379 5380/5380/5380 5383/5383/5383
f 5380/5380/5380 5384/5384/5384 5383/5383/5383
f 5385/5385/5385 5382/5382/5382 5379/5379/5379
f 5385/5385/5385 5379/5379/5379 5383/5383/5383
f 5383/5383/5383 5384/5384/5384 5386/5386/5386
f 5383/5383/5383 5386/5386/5386 5387/5387/5387
f 5384/5384/5384 5388/5388/5388 5386/5386/5386
f 5386/5386/5386 5388/5388/5388 5389/5389/5389
f 5387/5387/5387 5386/5386/5386 5389/5389/5389
f 5388/5388/5388 5390/5390/5390 5389/5389/5389
f 5389/5389/5389 5390/5390/5390 5391/5391/5391
f 5390/5390/5390 5392/5392/5392 5391/5391/5391
f 5391/5391/5391 5392/5392/5392 5393/5393/5393
f 5394/5394/5394 5385/5385/5385 5383/5383/5383
f 5394/5394/5394 5383/5383/5383 5387/5387/5387
f 5385/5385/5385 5394/5394/5394 5395/5395/5395
f 5394/5394/5394 5387/5387/5387 5395/5395/5395
f 5382/5382/5382 5385/5385/5385 5396/5396/5396
f 5396/5396/5396 5385/5385/5385 5395/5395/5395
f 5397/5397/5397 5387/5387/5387 5389/5389/5389
f 5397/5397/5397 5389/5389/5389 5391/5391/5391
f 5398/5398/5398 5391/5391/5391 5393/5393/5393
f 5393/5393/5393 5362/5362/5362 5398/5398/5398
f 5362/5362/5362 5399/5399/5399 5398/5398/5398
f 5399/5399/5399 5362/5362/5362 5361/5361/5361
f 5398/5398/5398 5400/5400/5400 5391/5391/5391
f 5398/5398/5398 5399/5399/5399 5400/5400/5400
f 5401/5401/5401 5397/5397/5397 5391/5391/5391
f 5400/5400/5400 5401/5401/5401 5391/5391/5391
f 5387/5387/5387 5397/5397/5397 5402/5402/5402
f 5397/5397/5397 5401/5401/5401 5402/5402/5402
f 5403/5403/5403 5399/5399/5399 5361/5361/5361
f 5399/5399/5399 5403/5403/5403 5400/5400/5400
f 5404/5404/5404 5401/5401/5401 5400/5400/5400
f 5401/5401/5401 5404/5404/5404 5402/5402/5402
f 5405/5405/5405 5387/5387/5387 5402/5402/5402
f 5387/5387/5387 5405/5405/5405 5395/5395/5395
f 5406/5406/5406 5405/5405/5405 5402/5402/5402
f 5405/5405/5405 5406/5406/5406 5395/5395/5395
f 5407/5407/5407 5403/5403/5403 5361/5361/5361
f 5407/5407/5407 5361/5361/5361 5359/5359/5359
f 5408/5408/5408 5407/5407/5407 5359/5359/5359
f 5408/5408/5408 5359/5359/5359 5357/5357/5357
f 5409/5409/5409 5404/5404/5404 5400/5400/5400
f 5400/5400/5400 5403/5403/5403 5409/5409/5409
f 5410/5410/5410 5402/5402/5402 5404/5404/5404
f 5410/5410/5410 5406/5406/5406 5402/5402/5402
f 5403/5403/5403 5407/5407/5407 5411/5411/5411
f 5407/5407/5407 5408/5408/5408 5411/5411/5411
f 5412/5412/5412 5408/5408/5408 5357/5357/5357
f 5412/5412/5412 5357/5357/5357 5354/5354/5354
f 5403/5403/5403 5413/5413/5413 5409/5409/5409
f 5413/5413/5413 5403/5403/5403 5411/5411/5411
f 5414/5414/5414 5404/5404/5404 5409/5409/5409
f 5414/5414/5414 5410/5410/5410 5404/5404/5404
f 5409/5409/5409 5413/5413/5413 5415/5415/5415
f 5415/5415/5415 5414/5414/5414 5409/5409/5409
f 5415/5415/5415 5416/5416/5416 5414/5414/5414
f 5415/5415/5415 5417/5417/5417 5416/5416/5416
f 5413/5413/5413 5417/5417/5417 5415/5415/5415
f 5417/5417/5417 5413/5413/5413 5411/5411/5411
f 5418/5418/5418 5412/5412/5412 5354/5354/5354
f 5418/5418/5418 5354/5354/5354 5350/5350/5350
f 5419/5419/5419 5418/5418/5418 5350/5350/5350
f 5418/5418/5418 5419/5419/5419 5420/5420/5420
f 5419/5419/5419 5350/5350/5350 5348/5348/5348
f 5419/5419/5419 5348/5348/5348 5420/5420/5420
f 5412/5412/5412 5418/5418/5418 5421/5421/5421
f 5421/5421/5421 5418/5418/5418 5420/5420/5420
f 5348/5348/5348 5422/5422/5422 5420/5420/5420
f 5422/5422/5422 5348/5348/5348 5356/5356/5356
f 5423/5423/5423 5422/5422/5422 5356/5356/5356
f 5422/5422/5422 5423/5423/5423 5420/5420/5420
f 5424/5424/5424 5412/5412/5412 5421/5421/5421
f 5408/5408/5408 5412/5412/5412 5424/5424/5424
f 5408/5408/5408 5425/5425/5425 5411/5411/5411
f 5425/5425/5425 5408/5408/5408 5424/5424/5424
f 5426/5426/5426 5417/5417/5417 5411/5411/5411
f 5426/5426/5426 5411/5411/5411 5425/5425/5425
f 5427/5427/5427 5425/5425/5425 5424/5424/5424
f 5427/5427/5427 5426/5426/5426 5425/5425/5425
f 5428/5428/5428 5426/5426/5426 5427/5427/5427
f 5429/5429/5429 5417/5417/5417 5426/5426/5426
f 5428/5428/5428 5429/5429/5429 5426/5426/5426
f 5417/5417/5417 5429/5429/5429 5416/5416/5416
f 5430/5430/5430 5424/5424/5424 5421/5421/5421
f 5430/5430/5430 5427/5427/5427 5424/5424/5424
f 5431/5431/5431 5421/5421/5421 5420/5420/5420
f 5431/5431/5431 5430/5430/5430 5421/5421/5421
f 5432/5432/5432 5427/5427/5427 5430/5430/5430
f 5432/5432/5432 5428/5428/5428 5427/5427/5427
f 5433/5433/5433 5431/5431/5431 5420/5420/5420
f 5423/5423/5423 5433/5433/5433 5420/5420/5420
f 5434/5434/5434 5430/5430/5430 5431/5431/5431
f 5434/5434/5434 5432/5432/5432 5430/5430/5430
f 5435/5435/5435 5431/5431/5431 5433/5433/5433
f 5435/5435/5435 5434/5434/5434 5431/5431/5431
f 5434/5434/5434 5436/5436/5436 5432/5432/5432
f 5436/5436/5436 5437/5437/5437 5432/5432/5432
f 5432/5432/5432 5437/5437/5437 5428/5428/5428
f 5438/5438/5438 5436/5436/5436 5434/5434/5434
f 5435/5435/5435 5438/5438/5438 5434/5434/5434
f 5437/5437/5437 5439/5439/5439 5428/5428/5428
f 5440/5440/5440 5438/5438/5438 5435/5435/5435
f 5428/5428/5428 5439/5439/5439 5441/5441/5441
f 5442/5442/5442 5440/5440/5440 5435/5435/5435
f 5442/5442/5442 5435/5435/5435 5433/5433/5433
f 5443/5443/5443 5440/5440/5440 5442/5442/5442
f 5442/5442/5442 5433/5433/5433 5444/5444/5444
f 5444/5444/5444 5443/5443/5443 5442/5442/5442
f 5433/5433/5433 5423/5423/5423 5444/5444/5444
f 5445/5445/5445 5443/5443/5443 5444/5444/5444
f 5428/5428/5428 5441/5441/5441 5446/5446/5446
f 5429/5429/5429 5428/5428/5428 5446/5446/5446
f 5447/5447/5447 5446/5446/5446 5441/5441/5441
f 5446/5446/5446 5448/5448/5448 5429/5429/5429
f 5449/5449/5449 5447/5447/5447 5441/5441/5441
f 5429/5429/5429 5448/5448/5448 5416/5416/5416
f 5448/5448/5448 5450/5450/5450 5416/5416/5416
f 5416/5416/5416 5450/5450/5450 5451/5451/5451
f 5452/5452/5452 5447/5447/5447 5449/5449/5449
f 5444/5444/5444 5423/5423/5423 5453/5453/5453
f 5453/5453/5453 5423/5423/5423 5356/5356/5356
f 5453/5453/5453 5356/5356/5356 5364/5364/5364
f 5451/5451/5451 5452/5452/5452 5454/5454/5454
f 5416/5416/5416 5451/5451/5451 5454/5454/5454
f 5455/5455/5455 5452/5452/5452 5449/5449/5449
f 5452/5452/5452 5455/5455/5455 5454/5454/5454
f 5456/5456/5456 5444/5444/5444 5453/5453/5453
f 5456/5456/5456 5445/5445/5445 5444/5444/5444
f 5457/5457/5457 5445/5445/5445 5456/5456/5456
f 5456/5456/5456 5458/5458/5458 5457/5457/5457
f 5457/5457/5457 5458/5458/5458 5459/5459/5459
f 5460/5460/5460 5453/5453/5453 5364/5364/5364
f 5456/5456/5456 5453/5453/5453 5460/5460/5460
f 5364/5364/5364 5373/5373/5373 5460/5460/5460
f 5454/5454/5454 5461/5461/5461 5416/5416/5416
f 5416/5416/5416 5461/5461/5461 5414/5414/5414
f 5454/5454/5454 5455/5455/5455 5462/5462/5462
f 5461/5461/5461 5454/5454/5454 5462/5462/5462
f 5455/5455/5455 5463/5463/5463 5462/5462/5462
f 5462/5462/5462 5463/5463/5463 5461/5461/5461
f 5463/5463/5463 5455/5455/5455 5449/5449/5449
f 5449/5449/5449 5464/5464/5464 5463/5463/5463
f 5463/5463/5463 5464/5464/5464 5461/5461/5461
f 5461/5461/5461 5465/5465/5465 5414/5414/5414
f 5461/5461/5461 5464/5464/5464 5465/5465/5465
f 5465/5465/5465 5410/5410/5410 5414/5414/5414
f 5464/5464/5464 5466/5466/5466 5465/5465/5465
f 5465/5465/5465 5467/5467/5467 5410/5410/5410
f 5465/5465/5465 5466/5466/5466 5467/5467/5467
f 5467/5467/5467 5406/5406/5406 5410/5410/5410
f 5466/5466/5466 5468/5468/5468 5467/5467/5467
f 5469/5469/5469 5406/5406/5406 5467/5467/5467
f 5406/5406/5406 5469/5469/5469 5395/5395/5395
f 5467/5467/5467 5468/5468/5468 5470/5470/5470
f 5470/5470/5470 5469/5469/5469 5467/5467/5467
f 5468/5468/5468 5471/5471/5471 5470/5470/5470
f 5470/5470/5470 5471/5471/5471 5472/5472/5472
f 5470/5470/5470 5472/5472/5472 5469/5469/5469
f 5471/5471/5471 5473/5473/5473 5472/5472/5472
f 5469/5469/5469 5474/5474/5474 5395/5395/5395
f 5472/5472/5472 5474/5474/5474 5469/5469/5469
f 5474/5474/5474 5396/5396/5396 5395/5395/5395
f 5472/5472/5472 5473/5473/5473 5475/5475/5475
f 5472/5472/5472 5475/5475/5475 5474/5474/5474
f 5473/5473/5473 5476/5476/5476 5475/5475/5475
f 5474/5474/5474 5477/5477/5477 5396/5396/5396
f 5475/5475/5475 5477/5477/5477 5474/5474/5474
f 5475/5475/5475 5476/5476/5476 5478/5478/5478
f 5475/5475/5475 5478/5478/5478 5477/5477/5477
f 5476/5476/5476 5479/5479/5479 5478/5478/5478
f 5477/5477/5477 5480/5480/5480 5396/5396/5396
f 5480/5480/5480 5382/5382/5382 5396/5396/5396
f 5377/5377/5377 5382/5382/5382 5480/5480/5480
f 5478/5478/5478 5481/5481/5481 5477/5477/5477
f 5477/5477/5477 5481/5481/5481 5480/5480/5480
f 5478/5478/5478 5479/5479/5479 5482/5482/5482
f 5478/5478/5478 5482/5482/5482 5481/5481/5481
f 5479/5479/5479 5483/5483/5483 5482/5482/5482
f 5484/5484/5484 5377/5377/5377 5480/5480/5480
f 5481/5481/5481 5484/5484/5484 5480/5480/5480
f 5377/5377/5377 5484/5484/5484 5378/5378/5378
f 5481/5481/5481 5485/5485/5485 5484/5484/5484
f 5485/5485/5485 5378/5378/5378 5484/5484/5484
f 5482/5482/5482 5485/5485/5485 5481/5481/5481
f 5486/5486/5486 5482/5482/5482 5483/5483/5483
f 5483/5483/5483 5487/5487/5487 5486/5486/5486
f 5488/5488/5488 5486/5486/5486 5487/5487/5487
f 5489/5489/5489 5488/5488/5488 5487/5487/5487
f 5490/5490/5490 5488/5488/5488 5489/5489/5489
f 5486/5486/5486 5491/5491/5491 5482/5482/5482
f 5482/5482/5482 5491/5491/5491 5485/5485/5485
f 5486/5486/5486 5492/5492/5492 5491/5491/5491
f 5491/5491/5491 5492/5492/5492 5493/5493/5493
f 5492/5492/5492 5494/5494/5494 5493/5493/5493
f 5493/5493/5493 5494/5494/5494 5495/5495/5495
f 5485/5485/5485 5496/5496/5496 5378/5378/5378
f 5491/5491/5491 5496/5496/5496 5485/5485/5485
f 5496/5496/5496 5491/5491/5491 5493/5493/5493
f 5496/5496/5496 5381/5381/5381 5378/5378/5378
f 5381/5381/5381 5496/5496/5496 5497/5497/5497
f 5497/5497/5497 5496/5496/5496 5493/5493/5493
f 5370/5370/5370 5381/5381/5381 5497/5497/5497
f 5497/5497/5497 5498/5498/5498 5370/5370/5370
f 5497/5497/5497 5493/5493/5493 5498/5498/5498
f 5498/5498/5498 5373/5373/5373 5370/5370/5370
f 5373/5373/5373 5498/5498/5498 5460/5460/5460
f 5495/5495/5495 5499/5499/5499 5493/5493/5493
f 5495/5495/5495 5490/5490/5490 5499/5499/5499
f 5460/5460/5460 5498/5498/5498 5500/5500/5500
f 5500/5500/5500 5456/5456/5456 5460/5460/5460
f 5458/5458/5458 5456/5456/5456 5500/5500/5500
f 5493/5493/5493 5501/5501/5501 5498/5498/5498
f 5501/5501/5501 5493/5493/5493 5499/5499/5499
f 5498/5498/5498 5501/5501/5501 5500/5500/5500
f 5490/5490/5490 5502/5502/5502 5499/5499/5499
f 5489/5489/5489 5502/5502/5502 5490/5490/5490
f 5489/5489/5489 5459/5459/5459 5502/5502/5502
f 5501/5501/5501 5499/5499/5499 5503/5503/5503
f 5499/5499/5499 5502/5502/5502 5503/5503/5503
f 5501/5501/5501 5504/5504/5504 5500/5500/5500
f 5503/5503/5503 5504/5504/5504 5501/5501/5501
f 5502/5502/5502 5505/5505/5505 5503/5503/5503
f 5459/5459/5459 5505/5505/5505 5502/5502/5502
f 5504/5504/5504 5503/5503/5503 5505/5505/5505
f 5458/5458/5458 5504/5504/5504 5505/5505/5505
f 5504/5504/5504 5506/5506/5506 5500/5500/5500
f 5500/5500/5500 5506/5506/5506 5458/5458/5458
f 5458/5458/5458 5506/5506/5506 5504/5504/5504
f 5459/5459/5459 5507/5507/5507 5505/5505/5505
f 5505/5505/5505 5507/5507/5507 5458/5458/5458
f 5458/5458/5458 5507/5507/5507 5459/5459/5459
f 5510/5510/5510 5509/5509/5509 5508/5508/5508
f 5510/5510/5510 5508/5508/5508 5511/5511/5511
f 5509/5509/5509 5512/5512/5512 5508/5508/5508
f 5512/5512/5512 5509/5509/5509 5513/5513/5513
f 5509/5509/5509 5514/5514/5514 5513/5513/5513
f 5514/5514/5514 5515/5515/5515 5513/5513/5513
f 5512/5512/5512 5516/5516/5516 5508/5508/5508
f 5516/5516/5516 5517/5517/5517 5508/5508/5508
f 5508/5508/5508 5517/5517/5517 5511/5511/5511
f 5518/5518/5518 5516/5516/5516 5512/5512/5512
f 5513/5513/5513 5518/5518/5518 5512/5512/5512
f 5517/5517/5517 5519/5519/5519 5511/5511/5511
f 5520/5520/5520 5518/5518/5518 5513/5513/5513
f 5511/5511/5511 5519/5519/5519 5521/5521/5521
f 5522/5522/5522 5511/5511/5511 5521/5521/5521
f 5519/5519/5519 5523/5523/5523 5521/5521/5521
f 5524/5524/5524 5522/5522/5522 5521/5521/5521
f 5521/5521/5521 5523/5523/5523 5525/5525/5525
f 5515/5515/5515 5526/5526/5526 5513/5513/5513
f 5526/5526/5526 5520/5520/5520 5513/5513/5513
f 5526/5526/5526 5515/5515/5515 5527/5527/5527
f 5526/5526/5526 5527/5527/5527 5520/5520/5520
f 5515/5515/5515 5528/5528/5528 5527/5527/5527
f 5527/5527/5527 5529/5529/5529 5520/5520/5520
f 5530/5530/5530 5529/5529/5529 5527/5527/5527
f 5528/5528/5528 5531/5531/5531 5527/5527/5527
f 5531/5531/5531 5530/5530/5530 5527/5527/5527
f 5532/5532/5532 5530/5530/5530 5531/5531/5531
f 5533/5533/5533 5532/5532/5532 5531/5531/5531
f 5534/5534/5534 5533/5533/5533 5531/5531/5531
f 5535/5535/5535 5532/5532/5532 5533/5533/5533
f 5534/5534/5534 5536/5536/5536 5533/5533/5533
f 5537/5537/5537 5535/5535/5535 5533/5533/5533
f 5536/5536/5536 5537/5537/5537 5533/5533/5533
f 5538/5538/5538 5535/5535/5535 5537/5537/5537
f 5537/5537/5537 5536/5536/5536 5539/5539/5539
f 5539/5539/5539 5538/5538/5538 5537/5537/5537
f 5536/5536/5536 5540/5540/5540 5539/5539/5539
f 5525/5525/5525 5538/5538/5538 5539/5539/5539
f 5540/5540/5540 5524/5524/5524 5539/5539/5539
f 5541/5541/5541 5525/5525/5525 5539/5539/5539
f 5524/5524/5524 5541/5541/5541 5539/5539/5539
f 5541/5541/5541 5521/5521/5521 5525/5525/5525
f 5541/5541/5541 5524/5524/5524 5521/5521/5521
f 5544/5544/5544 5543/5543/5543 5542/5542/5542
f 5545/5545/5545 5544/5544/5544 5542/5542/5542
f 5543/5543/5543 5546/5546/5546 5542/5542/5542
f 5546/5546/5546 5547/5547/5547 5542/5542/5542
f 5548/5548/5548 5546/5546/5546 5543/5543/5543
f 5542/5542/5542 5547/5547/5547 5549/5549/5549
f 5550/5550/5550 5548/5548/5548 5543/5543/5543
f 5551/5551/5551 5550/5550/5550 5543/5543/5543
f 5552/5552/5552 5548/5548/5548 5550/5550/5550
f 5551/5551/5551 5553/5553/5553 5550/5550/5550
f 5554/5554/5554 5552/5552/5552 5550/5550/5550
f 5553/5553/5553 5554/5554/5554 5550/5550/5550
f 5555/5555/5555 5552/5552/5552 5554/5554/5554
f 5554/5554/5554 5553/5553/5553 5556/5556/5556
f 5556/5556/5556 5555/5555/5555 5554/5554/5554
f 5553/5553/5553 5557/5557/5557 5556/5556/5556
f 5558/5558/5558 5555/5555/5555 5556/5556/5556
f 5557/5557/5557 5559/5559/5559 5556/5556/5556
f 5560/5560/5560 5542/5542/5542 5549/5549/5549
f 5560/5560/5560 5545/5545/5545 5542/5542/5542
f 5560/5560/5560 5549/5549/5549 5561/5561/5561
f 5545/5545/5545 5560/5560/5560 5561/5561/5561
f 5562/5562/5562 5545/5545/5545 5561/5561/5561
f 5549/5549/5549 5563/5563/5563 5561/5561/5561
f 5564/5564/5564 5562/5562/5562 5561/5561/5561
f 5561/5561/5561 5563/5563/5563 5565/5565/5565
f 5565/5565/5565 5564/5564/5564 5561/5561/5561
f 5563/5563/5563 5566/5566/5566 5565/5565/5565
f 5564/5564/5564 5565/5565/5565 5567/5567/5567
f 5565/5565/5565 5566/5566/5566 5567/5567/5567
f 5568/5568/5568 5564/5564/5564 5567/5567/5567
f 5566/5566/5566 5569/5569/5569 5567/5567/5567
f 5568/5568/5568 5567/5567/5567 5570/5570/5570
f 5567/5567/5567 5569/5569/5569 5570/5570/5570
f 5569/5569/5569 5571/5571/5571 5570/5570/5570
f 5570/5570/5570 5571/5571/5571 5572/5572/5572
f 5573/5573/5573 5570/5570/5570 5572/5572/5572
f 5571/5571/5571 5574/5574/5574 5572/5572/5572
f 5559/5559/5559 5573/5573/5573 5572/5572/5572
f 5572/5572/5572 5574/5574/5574 5558/5558/5558
f 5575/5575/5575 5559/5559/5559 5572/5572/5572
f 5575/5575/5575 5572/5572/5572 5558/5558/5558
f 5559/5559/5559 5575/5575/5575 5556/5556/5556
f 5575/5575/5575 5558/5558/5558 5556/5556/5556
f 5578/5578/5578 5577/5577/5577 5576/5576/5576
f 5579/5579/5579 5578/5578/5578 5576/5576/5576
f 5578/5578/5578 5579/5579/5579 5580/5580/5580
f 5577/5577/5577 5578/5578/5578 5581/5581/5581
f 5581/5581/5581 5578/5578/5578 5580/5580/5580
f 5582/5582/5582 5577/5577/5577 5581/5581/5581
f 5581/5581/5581 5580/5580/5580 5583/5583/5583
f 5582/5582/5582 5581/5581/5581 5583/5583/5583
f 5586/5586/5586 5585/5585/5585 5584/5584/5584
f 5586/5586/5586 5587/5587/5587 5585/5585/5585
f 5585/5585/5585 5588/5588/5588 5584/5584/5584
f 5587/5587/5587 5589/5589/5589 5585/5585/5585
f 5588/5588/5588 5590/5590/5590 5584/5584/5584
f 5589/5589/5589 5587/5587/5587 5591/5591/5591
f 5590/5590/5590 5591/5591/5591 5584/5584/5584
f 5590/5590/5590 5589/5589/5589 5591/5591/5591
f 5594/5594/5594 5593/5593/5593 5592/5592/5592
f 5595/5595/5595 5594/5594/5594 5592/5592/5592
f 5594/5594/5594 5595/5595/5595 5596/5596/5596
f 5593/5593/5593 5594/5594/5594 5597/5597/5597
f 5597/5597/5597 5594/5594/5594 5596/5596/5596
f 5598/5598/5598 5593/5593/5593 5597/5597/5597
f 5597/5597/5597 5596/5596/5596 5599/5599/5599
f 5598/5598/5598 5597/5597/5597 5599/5599/5599
f 5602/5602/5602 5601/5601/5601 5600/5600/5600
f 5602/5602/5602 5603/5603/5603 5601/5601/5601
f 5601/5601/5601 5604/5604/5604 5600/5600/5600
f 5603/5603/5603 5605/5605/5605 5601/5601/5601
f 5604/5604/5604 5606/5606/5606 5600/5600/5600
f 5605/5605/5605 5603/5603/5603 5607/5607/5607
f 5606/5606/5606 5607/5607/5607 5600/5600/5600
f 5606/5606/5606 5605/5605/5605 5607/5607/5607
f 5610/5610/5610 5609/5609/5609 5608/5608/5608
f 5609/5609/5609 5611/5611/5611 5608/5608/5608
f 5612/5612/5612 5609/5609/5609 5610/5610/5610
f 5608/5608/5608 5611/5611/5611 5613/5613/5613
f 5614/5614/5614 5612/5612/5612 5610/5610/5610
f 5611/5611/5611 5615/5615/5615 5613/5613/5613
f 5616/5616/5616 5612/5612/5612 5614/5614/5614
f 5613/5613/5613 5615/5615/5615 5617/5617/5617
f 5618/5618/5618 5616/5616/5616 5614/5614/5614
f 5615/5615/5615 5619/5619/5619 5617/5617/5617
f 5620/5620/5620 5616/5616/5616 5618/5618/5618
f 5617/5617/5617 5619/5619/5619 5621/5621/5621
f 5622/5622/5622 5620/5620/5620 5618/5618/5618
f 5619/5619/5619 5623/5623/5623 5621/5621/5621
f 5624/5624/5624 5620/5620/5620 5622/5622/5622
f 5621/5621/5621 5623/5623/5623 5625/5625/5625
f 5626/5626/5626 5624/5624/5624 5622/5622/5622
f 5623/5623/5623 5627/5627/5627 5625/5625/5625
f 5627/5627/5627 5624/5624/5624 5626/5626/5626
f 5625/5625/5625 5627/5627/5627 5626/5626/5626
f 5630/5630/5630 5629/5629/5629 5628/5628/5628
f 5631/5631/5631 5630/5630/5630 5628/5628/5628
f 5628/5628/5628 5629/5629/5629 5632/5632/5632
f 5633/5633/5633 5630/5630/5630 5631/5631/5631
f 5629/5629/5629 5634/5634/5634 5632/5632/5632
f 5635/5635/5635 5633/5633/5633 5631/5631/5631
f 5632/5632/5632 5634/5634/5634 5636/5636/5636
f 5637/5637/5637 5633/5633/5633 5635/5635/5635
f 5634/5634/5634 5638/5638/5638 5636/5636/5636
f 5639/5639/5639 5637/5637/5637 5635/5635/5635
f 5636/5636/5636 5638/5638/5638 5640/5640/5640
f 5641/5641/5641 5637/5637/5637 5639/5639/5639
f 5638/5638/5638 5642/5642/5642 5640/5640/5640
f 5643/5643/5643 5641/5641/5641 5639/5639/5639
f 5640/5640/5640 5642/5642/5642 5644/5644/5644
f 5645/5645/5645 5641/5641/5641 5643/5643/5643
f 5642/5642/5642 5646/5646/5646 5644/5644/5644
f 5647/5647/5647 5645/5645/5645 5643/5643/5643
f 5644/5644/5644 5646/5646/5646 5647/5647/5647
f 5646/5646/5646 5645/5645/5645 5647/5647/5647
f 5650/5650/5650 5649/5649/5649 5648/5648/5648
f 5651/5651/5651 5650/5650/5650 5648/5648/5648
f 5648/5648/5648 5649/5649/5649 5652/5652/5652
f 5653/5653/5653 5650/5650/5650 5651/5651/5651
f 5649/5649/5649 5654/5654/5654 5652/5652/5652
f 5655/5655/5655 5653/5653/5653 5651/5651/5651
f 5652/5652/5652 5654/5654/5654 5656/5656/5656
f 5657/5657/5657 5653/5653/5653 5655/5655/5655
f 5654/5654/5654 5658/5658/5658 5656/5656/5656
f 5659/5659/5659 5657/5657/5657 5655/5655/5655
f 5656/5656/5656 5658/5658/5658 5660/5660/5660
f 5661/5661/5661 5657/5657/5657 5659/5659/5659
f 5658/5658/5658 5662/5662/5662 5660/5660/5660
f 5663/5663/5663 5661/5661/5661 5659/5659/5659
f 5660/5660/5660 5662/5662/5662 5664/5664/5664
f 5665/5665/5665 5661/5661/5661 5663/5663/5663
f 5662/5662/5662 5666/5666/5666 5664/5664/5664
f 5667/5667/5667 5665/5665/5665 5663/5663/5663
f 5664/5664/5664 5666/5666/5666 5667/5667/5667
f 5666/5666/5666 5665/5665/5665 5667/5667/5667
f 5670/5670/5670 5669/5669/5669 5668/5668/5668
f 5668/5668/5668 5669/5669/5669 5671/5671/5671
f 5672/5672/5672 5670/5670/5670 5668/5668/5668
f 5669/5669/5669 5673/5673/5673 5671/5671/5671
f 5674/5674/5674 5670/5670/5670 5672/5672/5672
f 5671/5671/5671 5673/5673/5673 5675/5675/5675
f 5676/5676/5676 5674/5674/5674 5672/5672/5672
f 5673/5673/5673 5677/5677/5677 5675/5675/5675
f 5678/5678/5678 5674/5674/5674 5676/5676/5676
f 5675/5675/5675 5677/5677/5677 5679/5679/5679
f 5680/5680/5680 5678/5678/5678 5676/5676/5676
f 5677/5677/5677 5681/5681/5681 5679/5679/5679
f 5682/5682/5682 5678/5678/5678 5680/5680/5680
f 5679/5679/5679 5681/5681/5681 5683/5683/5683
f 5684/5684/5684 5682/5682/5682 5680/5680/5680
f 5681/5681/5681 5685/5685/5685 5683/5683/5683
f 5686/5686/5686 5682/5682/5682 5684/5684/5684
f 5683/5683/5683 5685/5685/5685 5687/5687/5687
f 5687/5687/5687 5686/5686/5686 5684/5684/5684
f 5685/5685/5685 5686/5686/5686 5687/5687/5687
f 5690/5690/5690 5689/5689/5689 5688/5688/5688
f 5688/5688/5688 5689/5689/5689 5691/5691/5691
f 5692/5692/5692 5690/5690/5690 5688/5688/5688
f 5689/5689/5689 5693/5693/5693 5691/5691/5691
f 5694/5694/5694 5690/5690/5690 5692/5692/5692
f 5691/5691/5691 5693/5693/5693 5695/5695/5695
f 5696/5696/5696 5694/5694/5694 5692/5692/5692
f 5693/5693/5693 5697/5697/5697 5695/5695/5695
f 5698/5698/5698 5694/5694/5694 5696/5696/5696
f 5695/5695/5695 5697/5697/5697 5699/5699/5699
f 5700/5700/5700 5698/5698/5698 5696/5696/5696
f 5697/5697/5697 5701/5701/5701 5699/5699/5699
f 5702/5702/5702 5698/5698/5698 5700/5700/5700
f 5699/5699/5699 5701/5701/5701 5703/5703/5703
f 5704/5704/5704 5702/5702/5702 5700/5700/5700
f 5701/5701/5701 5705/5705/5705 5703/5703/5703
f 5706/5706/5706 5702/5702/5702 5704/5704/5704
f 5703/5703/5703 5705/5705/5705 5707/5707/5707
f 5708/5708/5708 5706/5706/5706 5704/5704/5704
f 5705/5705/5705 5709/5709/5709 5707/5707/5707
f 5710/5710/5710 5706/5706/5706 5708/5708/5708
f 5707/5707/5707 5709/5709/5709 5711/5711/5711
f 5712/5712/5712 5710/5710/5710 5708/5708/5708
f 5709/5709/5709 5713/5713/5713 5711/5711/5711
f 5714/5714/5714 5710/5710/5710 5712/5712/5712
f 5711/5711/5711 5713/5713/5713 5715/5715/5715
f 5716/5716/5716 5714/5714/5714 5712/5712/5712
f 5713/5713/5713 5717/5717/5717 5715/5715/5715
f 5718/5718/5718 5714/5714/5714 5716/5716/5716
f 5715/5715/5715 5717/5717/5717 5719/5719/5719
f 5720/5720/5720 5718/5718/5718 5716/5716/5716
f 5717/5717/5717 5721/5721/5721 5719/5719/5719
f 5722/5722/5722 5718/5718/5718 5720/5720/5720
f 5719/5719/5719 5721/5721/5721 5723/5723/5723
f 5724/5724/5724 5722/5722/5722 5720/5720/5720
f 5721/5721/5721 5725/5725/5725 5723/5723/5723
f 5726/5726/5726 5722/5722/5722 5724/5724/5724
f 5723/5723/5723 5725/5725/5725 5727/5727/5727
f 5727/5727/5727 5726/5726/5726 5724/5724/5724
f 5725/5725/5725 5726/5726/5726 5727/5727/5727
f 5730/5730/5730 5729/5729/5729 5728/5728/5728
f 5729/5729/5729 5731/5731/5731 5728/5728/5728
f 5732/5732/5732 5729/5729/5729 5730/5730/5730
f 5728/5728/5728 5731/5731/5731 5733/5733/5733
f 5734/5734/5734 5732/5732/5732 5730/5730/5730
f 5731/5731/5731 5735/5735/5735 5733/5733/5733
f 5736/5736/5736 5732/5732/5732 5734/5734/5734
f 5733/5733/5733 5735/5735/5735 5737/5737/5737
f 5738/5738/5738 5736/5736/5736 5734/5734/5734
f 5735/5735/5735 5739/5739/5739 5737/5737/5737
f 5740/5740/5740 5736/5736/5736 5738/5738/5738
f 5737/5737/5737 5739/5739/5739 5741/5741/5741
f 5742/5742/5742 5740/5740/5740 5738/5738/5738
f 5739/5739/5739 5743/5743/5743 5741/5741/5741
f 5744/5744/5744 5740/5740/5740 5742/5742/5742
f 5741/5741/5741 5743/5743/5743 5745/5745/5745
f 5746/5746/5746 5744/5744/5744 5742/5742/5742
f 5743/5743/5743 5747/5747/5747 5745/5745/5745
f 5748/5748/5748 5744/5744/5744 5746/5746/5746
f 5745/5745/5745 5747/5747/5747 5749/5749/5749
f 5750/5750/5750 5748/5748/5748 5746/5746/5746
f 5747/5747/5747 5751/5751/5751 5749/5749/5749
f 5751/5751/5751 5748/5748/5748 5750/5750/5750
f 5749/5749/5749 5751/5751/5751 5750/5750/5750
f 5754/5754/5754 5753/5753/5753 5752/5752/5752
f 5753/5753/5753 5755/5755/5755 5752/5752/5752
f 5756/5756/5756 5753/5753/5753 5754/5754/5754
f 5752/5752/5752 5755/5755/5755 5757/5757/5757
f 5758/5758/5758 5756/5756/5756 5754/5754/5754
f 5755/5755/5755 5759/5759/5759 5757/5757/5757
f 5760/5760/5760 5756/5756/5756 5758/5758/5758
f 5757/5757/5757 5759/5759/5759 5761/5761/5761
f 5762/5762/5762 5760/5760/5760 5758/5758/5758
f 5759/5759/5759 5763/5763/5763 5761/5761/5761
f 5764/5764/5764 5760/5760/5760 5762/5762/5762
f 5761/5761/5761 5763/5763/5763 5765/5765/5765
f 5766/5766/5766 5764/5764/5764 5762/5762/5762
f 5763/5763/5763 5767/5767/5767 5765/5765/5765
f 5768/5768/5768 5764/5764/5764 5766/5766/5766
f 5765/5765/5765 5767/5767/5767 5769/5769/5769
f 5770/5770/5770 5768/5768/5768 5766/5766/5766
f 5767/5767/5767 5771/5771/5771 5769/5769/5769
f 5772/5772/5772 5768/5768/5768 5770/5770/5770
f 5769/5769/5769 5771/5771/5771 5773/5773/5773
f 5774/5774/5774 5772/5772/5772 5770/5770/5770
f 5771/5771/5771 5775/5775/5775 5773/5773/5773
f 5775/5775/5775 5772/5772/5772 5774/5774/5774
f 5773/5773/5773 5775/5775/5775 5774/5774/5774
f 5778/5778/5778 5777/5777/5777 5776/5776/5776
f 5777/5777/5777 5779/5779/5779 5776/5776/5776
f 5780/5780/5780 5777/5777/5777 5778/5778/5778
f 5776/5776/5776 5779/5779/5779 5781/5781/5781
f 5782/5782/5782 5780/5780/5780 5778/5778/5778
f 5779/5779/5779 5783/5783/5783 5781/5781/5781
f 5784/5784/5784 5780/5780/5780 5782/5782/5782
f 5781/5781/5781 5783/5783/5783 5785/5785/5785
f 5786/5786/5786 5784/5784/5784 5782/5782/5782
f 5783/5783/5783 5787/5787/5787 5785/5785/5785
f 5788/5788/5788 5784/5784/5784 5786/5786/5786
f 5785/5785/5785 5787/5787/5787 5789/5789/5789
f 5790/5790/5790 5788/5788/5788 5786/5786/5786
f 5787/5787/5787 5791/5791/5791 5789/5789/5789
f 5792/5792/5792 5788/5788/5788 5790/5790/5790
f 5789/5789/5789 5791/5791/5791 5793/5793/5793
f 5794/5794/5794 5792/5792/5792 5790/5790/5790
f 5791/5791/5791 5795/5795/5795 5793/5793/5793
f 5796/5796/5796 5792/5792/5792 5794/5794/5794
f 5793/5793/5793 5795/5795/5795 5797/5797/5797
f 5798/5798/5798 5796/5796/5796 5794/5794/5794
f 5795/5795/5795 5799/5799/5799 5797/5797/5797
f 5799/5799/5799 5796/5796/5796 5798/5798/5798
f 5797/5797/5797 5799/5799/5799 5798/5798/5798
f 5802/5802/5802 5801/5801/5801 5800/5800/5800
f 5801/5801/5801 5803/5803/5803 5800/5800/5800
f 5804/5804/5804 5801/5801/5801 5802/5802/5802
f 5800/5800/5800 5803/5803/5803 5805/5805/5805
f 5806/5806/5806 5804/5804/5804 5802/5802/5802
f 5803/5803/5803 5807/5807/5807 5805/5805/5805
f 5808/5808/5808 5804/5804/5804 5806/5806/5806
f 5805/5805/5805 5807/5807/5807 5809/5809/5809
f 5810/5810/5810 5808/5808/5808 5806/5806/5806
f 5807/5807/5807 5811/5811/5811 5809/5809/5809
f 5812/5812/5812 5808/5808/5808 5810/5810/5810
f 5809/5809/5809 5811/5811/5811 5813/5813/5813
f 5814/5814/5814 5812/5812/5812 5810/5810/5810
f 5811/5811/5811 5815/5815/5815 5813/5813/5813
f 5816/5816/5816 5812/5812/5812 5814/5814/5814
f 5813/5813/5813 5815/5815/5815 5817/5817/5817
f 5818/5818/5818 5816/5816/5816 5814/5814/5814
f 5815/5815/5815 5819/5819/5819 5817/5817/5817
f 5820/5820/5820 5816/5816/5816 5818/5818/5818
f 5817/5817/5817 5819/5819/5819 5821/5821/5821
f 5822/5822/5822 5820/5820/5820 5818/5818/5818
f 5819/5819/5819 5823/5823/5823 5821/5821/5821
f 5823/5823/5823 5820/5820/5820 5822/5822/5822
f 5821/5821/5821 5823/5823/5823 5822/5822/5822
f 5826/5826/5826 5825/5825/5825 5824/5824/5824
f 5825/5825/5825 5827/5827/5827 5824/5824/5824
f 5828/5828/5828 5825/5825/5825 5826/5826/5826
f 5824/5824/5824 5827/5827/5827 5829/5829/5829
f 5830/5830/5830 5828/5828/5828 5826/5826/5826
f 5827/5827/5827 5831/5831/5831 5829/5829/5829
f 5832/5832/5832 5828/5828/5828 5830/5830/5830
f 5829/5829/5829 5831/5831/5831 5833/5833/5833
f 5834/5834/5834 5832/5832/5832 5830/5830/5830
f 5831/5831/5831 5835/5835/5835 5833/5833/5833
f 5836/5836/5836 5832/5832/5832 5834/5834/5834
f 5833/5833/5833 5835/5835/5835 5837/5837/5837
f 5838/5838/5838 5836/5836/5836 5834/5834/5834
f 5835/5835/5835 5839/5839/5839 5837/5837/5837
f 5840/5840/5840 5836/5836/5836 5838/5838/5838
f 5837/5837/5837 5839/5839/5839 5841/5841/5841
f 5842/5842/5842 5840/5840/5840 5838/5838/5838
f 5839/5839/5839 5843/5843/5843 5841/5841/5841
f 5844/5844/5844 5840/5840/5840 5842/5842/5842
f 5841/5841/5841 5843/5843/5843 5845/5845/5845
f 5846/5846/5846 5844/5844/5844 5842/5842/5842
f 5843/5843/5843 5847/5847/5847 5845/5845/5845
f 5847/5847/5847 5844/5844/5844 5846/5846/5846
f 5845/5845/5845 5847/5847/5847 5846/5846/5846
f 5850/5850/5850 5849/5849/5849 5848/5848/5848
f 5849/5849/5849 5851/5851/5851 5848/5848/5848
f 5852/5852/5852 5849/5849/5849 5850/5850/5850
f 5848/5848/5848 5851/5851/5851 5853/5853/5853
f 5854/5854/5854 5852/5852/5852 5850/5850/5850
f 5851/5851/5851 5855/5855/5855 5853/5853/5853
f 5856/5856/5856 5852/5852/5852 5854/5854/5854
f 5853/5853/5853 5855/5855/5855 5857/5857/5857
f 5858/5858/5858 5856/5856/5856 5854/5854/5854
f 5855/5855/5855 5859/5859/5859 5857/5857/5857
f 5860/5860/5860 5856/5856/5856 5858/5858/5858
f 5857/5857/5857 5859/5859/5859 5861/5861/5861
f 5862/5862/5862 5860/5860/5860 5858/5858/5858
f 5859/5859/5859 5863/5863/5863 5861/5861/5861
f 5864/5864/5864 5860/5860/5860 5862/5862/5862
f 5861/5861/5861 5863/5863/5863 5865/5865/5865
f 5866/5866/5866 5864/5864/5864 5862/5862/5862
f 5863/5863/5863 5867/5867/5867 5865/5865/5865
f 5868/5868/5868 5864/5864/5864 5866/5866/5866
f 5865/5865/5865 5867/5867/5867 5869/5869/5869
f 5870/5870/5870 5868/5868/5868 5866/5866/5866
f 5867/5867/5867 5871/5871/5871 5869/5869/5869
f 5871/5871/5871 5868/5868/5868 5870/5870/5870
f 5869/5869/5869 5871/5871/5871 5870/5870/5870
f 5874/5874/5874 5873/5873/5873 5872/5872/5872
f 5873/5873/5873 5875/5875/5875 5872/5872/5872
f 5876/5876/5876 5873/5873/5873 5874/5874/5874
f 5872/5872/5872 5875/5875/5875 5877/5877/5877
f 5878/5878/5878 5876/5876/5876 5874/5874/5874
f 5875/5875/5875 5879/5879/5879 5877/5877/5877
f 5880/5880/5880 5876/5876/5876 5878/5878/5878
f 5877/5877/5877 5879/5879/5879 5881/5881/5881
f 5882/5882/5882 5880/5880/5880 5878/5878/5878
f 5879/5879/5879 5883/5883/5883 5881/5881/5881
f 5884/5884/5884 5880/5880/5880 5882/5882/5882
f 5881/5881/5881 5883/5883/5883 5885/5885/5885
f 5886/5886/5886 5884/5884/5884 5882/5882/5882
f 5883/5883/5883 5887/5887/5887 5885/5885/5885
f 5888/5888/5888 5884/5884/5884 5886/5886/5886
f 5885/5885/5885 5887/5887/5887 5889/5889/5889
f 5890/5890/5890 5888/5888/5888 5886/5886/5886
f 5887/5887/5887 5891/5891/5891 5889/5889/5889
f 5892/5892/5892 5888/5888/5888 5890/5890/5890
f 5889/5889/5889 5891/5891/5891 5893/5893/5893
f 5894/5894/5894 5892/5892/5892 5890/5890/5890
f 5891/5891/5891 5895/5895/5895 5893/5893/5893
f 5895/5895/5895 5892/5892/5892 5894/5894/5894
f 5893/5893/5893 5895/5895/5895 5894/5894/5894
f 5898/5898/5898 5897/5897/5897 5896/5896/5896
f 5897/5897/5897 5899/5899/5899 5896/5896/5896
f 5900/5900/5900 5897/5897/5897 5898/5898/5898
f 5896/5896/5896 5899/5899/5899 5901/5901/5901
f 5902/5902/5902 5900/5900/5900 5898/5898/5898
f 5899/5899/5899 5903/5903/5903 5901/5901/5901
f 5904/5904/5904 5900/5900/5900 5902/5902/5902
f 5901/5901/5901 5903/5903/5903 5905/5905/5905
f 5906/5906/5906 5904/5904/5904 5902/5902/5902
f 5903/5903/5903 5907/5907/5907 5905/5905/5905
f 5908/5908/5908 5904/5904/5904 5906/5906/5906
f 5905/5905/5905 5907/5907/5907 5909/5909/5909
f 5910/5910/5910 5908/5908/5908 5906/5906/5906
f 5907/5907/5907 5911/5911/5911 5909/5909/5909
f 5912/5912/5912 5908/5908/5908 5910/5910/5910
f 5909/5909/5909 5911/5911/5911 5913/5913/5913
f 5914/5914/5914 5912/5912/5912 5910/5910/5910
f 5911/5911/5911 5915/5915/5915 5913/5913/5913
f 5916/5916/5916 5912/5912/5912 5914/5914/5914
f 5913/5913/5913 5915/5915/5915 5917/5917/5917
f 5918/5918/5918 5916/5916/5916 5914/5914/5914
f 5915/5915/5915 5919/5919/5919 5917/5917/5917
f 5919/5919/5919 5916/5916/5916 5918/5918/5918
f 5917/5917/5917 5919/5919/5919 5918/5918/5918
f 5922/5922/5922 5921/5921/5921 5920/5920/5920
f 5921/5921/5921 5923/5923/5923 5920/5920/5920
f 5924/5924/5924 5921/5921/5921 5922/5922/5922
f 5920/5920/5920 5923/5923/5923 5925/5925/5925
f 5926/5926/5926 5924/5924/5924 5922/5922/5922
f 5923/5923/5923 5927/5927/5927 5925/5925/5925
f 5928/5928/5928 5924/5924/5924 5926/5926/5926
f 5925/5925/5925 5927/5927/5927 5929/5929/5929
f 5930/5930/5930 5928/5928/5928 5926/5926/5926
f 5927/5927/5927 5931/5931/5931 5929/5929/5929
f 5932/5932/5932 5928/5928/5928 5930/5930/5930
f 5929/5929/5929 5931/5931/5931 5933/5933/5933
f 5934/5934/5934 5932/5932/5932 5930/5930/5930
f 5931/5931/5931 5935/5935/5935 5933/5933/5933
f 5936/5936/5936 5932/5932/5932 5934/5934/5934
f 5933/5933/5933 5935/5935/5935 5937/5937/5937
f 5938/5938/5938 5936/5936/5936 5934/5934/5934
f 5935/5935/5935 5939/5939/5939 5937/5937/5937
f 5940/5940/5940 5936/5936/5936 5938/5938/5938
f 5937/5937/5937 5939/5939/5939 5941/5941/5941
f 5942/5942/5942 5940/5940/5940 5938/5938/5938
f 5939/5939/5939 5943/5943/5943 5941/5941/5941
f 5943/5943/5943 5940/5940/5940 5942/5942/5942
f 5941/5941/5941 5943/5943/5943 5942/5942/5942
f 5946/5946/5946 5945/5945/5945 5944/5944/5944
f 5944/5944/5944 5945/5945/5945 5947/5947/5947
f 5948/5948/5948 5946/5946/5946 5944/5944/5944
f 5945/5945/5945 5949/5949/5949 5947/5947/5947
f 5950/5950/5950 5946/5946/5946 5948/5948/5948
f 5947/5947/5947 5949/5949/5949 5951/5951/5951
f 5952/5952/5952 5950/5950/5950 5948/5948/5948
f 5949/5949/5949 5953/5953/5953 5951/5951/5951
f 5954/5954/5954 5950/5950/5950 5952/5952/5952
f 5951/5951/5951 5953/5953/5953 5955/5955/5955
f 5956/5956/5956 5954/5954/5954 5952/5952/5952
f 5953/5953/5953 5957/5957/5957 5955/5955/5955
f 5958/5958/5958 5954/5954/5954 5956/5956/5956
f 5955/5955/5955 5957/5957/5957 5959/5959/5959
f 5959/5959/5959 5958/5958/5958 5956/5956/5956
f 5957/5957/5957 5958/5958/5958 5959/5959/5959
f 5962/5962/5962 5961/5961/5961 5960/5960/5960
f 5960/5960/5960 5961/5961/5961 5963/5963/5963
f 5961/5961/5961 5964/5964/5964 5963/5963/5963
f 5965/5965/5965 5962/5962/5962 5960/5960/5960
f 5966/5966/5966 5962/5962/5962 5965/5965/5965
f 5963/5963/5963 5964/5964/5964 5967/5967/5967
f 5964/5964/5964 5968/5968/5968 5967/5967/5967
f 5969/5969/5969 5966/5966/5966 5965/5965/5965
f 5970/5970/5970 5966/5966/5966 5969/5969/5969
f 5967/5967/5967 5968/5968/5968 5971/5971/5971
f 5968/5968/5968 5972/5972/5972 5971/5971/5971
f 5973/5973/5973 5970/5970/5970 5969/5969/5969
f 5974/5974/5974 5970/5970/5970 5973/5973/5973
f 5972/5972/5972 5974/5974/5974 5975/5975/5975
f 5971/5971/5971 5972/5972/5972 5975/5975/5975
f 5975/5975/5975 5974/5974/5974 5973/5973/5973
f 5965/5965/5965 5960/5960/5960 5976/5976/5976
f 5960/5960/5960 5963/5963/5963 5977/5977/5977
f 5976/5976/5976 5960/5960/5960 5977/5977/5977
f 5978/5978/5978 5965/5965/5965 5976/5976/5976
f 5969/5969/5969 5965/5965/5965 5978/5978/5978
f 5978/5978/5978 5976/5976/5976 5977/5977/5977
f 5979/5979/5979 5969/5969/5969 5978/5978/5978
f 5973/5973/5973 5969/5969/5969 5979/5979/5979
f 5977/5977/5977 5979/5979/5979 5978/5978/5978
f 5977/5977/5977 5963/5963/5963 5980/5980/5980
f 5977/5977/5977 5980/5980/5980 5979/5979/5979
f 5963/5963/5963 5967/5967/5967 5980/5980/5980
f 5981/5981/5981 5973/5973/5973 5979/5979/5979
f 5975/5975/5975 5973/5973/5973 5981/5981/5981
f 5980/5980/5980 5981/5981/5981 5979/5979/5979
f 5980/5980/5980 5967/5967/5967 5982/5982/5982
f 5967/5967/5967 5971/5971/5971 5982/5982/5982
f 5980/5980/5980 5982/5982/5982 5981/5981/5981
f 5983/5983/5983 5975/5975/5975 5981/5981/5981
f 5971/5971/5971 5975/5975/5975 5983/5983/5983
f 5982/5982/5982 5971/5971/5971 5983/5983/5983
f 5982/5982/5982 5983/5983/5983 5981/5981/5981
f 5986/5986/5986 5985/5985/5985 5984/5984/5984
f 5985/5985/5985 5987/5987/5987 5984/5984/5984
f 5984/5984/5984 5987/5987/5987 5988/5988/5988
f 5989/5989/5989 5985/5985/5985 5986/5986/5986
f 5990/5990/5990 5989/5989/5989 5986/5986/5986
f 5987/5987/5987 5991/5991/5991 5988/5988/5988
f 5988/5988/5988 5991/5991/5991 5992/5992/5992
f 5993/5993/5993 5989/5989/5989 5990/5990/5990
f 5994/5994/5994 5993/5993/5993 5990/5990/5990
f 5991/5991/5991 5995/5995/5995 5992/5992/5992
f 5992/5992/5992 5995/5995/5995 5996/5996/5996
f 5997/5997/5997 5993/5993/5993 5994/5994/5994
f 5998/5998/5998 5997/5997/5997 5994/5994/5994
f 5996/5996/5996 5999/5999/5999 5998/5998/5998
f 5995/5995/5995 5999/5999/5999 5996/5996/5996
f 5999/5999/5999 5997/5997/5997 5998/5998/5998
f 5987/5987/5987 5985/5985/5985 6000/6000/6000
f 5989/5989/5989 6001/6001/6001 5985/5985/5985
f 6001/6001/6001 6000/6000/6000 5985/5985/5985
f 5987/5987/5987 6002/6002/6002 5991/5991/5991
f 6002/6002/6002 5987/5987/5987 6000/6000/6000
f 5989/5989/5989 5993/5993/5993 6003/6003/6003
f 6001/6001/6001 5989/5989/5989 6003/6003/6003
f 5995/5995/5995 5991/5991/5991 6004/6004/6004
f 6002/6002/6002 6004/6004/6004 5991/5991/5991
f 5997/5997/5997 6005/6005/6005 5993/5993/5993
f 6005/6005/6005 6003/6003/6003 5993/5993/5993
f 5995/5995/5995 6006/6006/6006 5999/5999/5999
f 6006/6006/6006 5995/5995/5995 6004/6004/6004
f 5997/5997/5997 5999/5999/5999 6007/6007/6007
f 6005/6005/6005 5997/5997/5997 6007/6007/6007
f 6006/6006/6006 6007/6007/6007 5999/5999/5999
f 6000/6000/6000 6008/6008/6008 6002/6002/6002
f 6001/6001/6001 6009/6009/6009 6000/6000/6000
f 6009/6009/6009 6008/6008/6008 6000/6000/6000
f 6008/6008/6008 6010/6010/6010 6002/6002/6002
f 6002/6002/6002 6010/6010/6010 6004/6004/6004
f 6010/6010/6010 6008/6008/6008 6009/6009/6009
f 6011/6011/6011 6009/6009/6009 6001/6001/6001
f 6003/6003/6003 6011/6011/6011 6001/6001/6001
f 6009/6009/6009 6011/6011/6011 6010/6010/6010
f 6010/6010/6010 6012/6012/6012 6004/6004/6004
f 6004/6004/6004 6012/6012/6012 6006/6006/6006
f 6011/6011/6011 6012/6012/6012 6010/6010/6010
f 6013/6013/6013 6011/6011/6011 6003/6003/6003
f 6005/6005/6005 6013/6013/6013 6003/6003/6003
f 6011/6011/6011 6013/6013/6013 6012/6012/6012
f 6012/6012/6012 6014/6014/6014 6006/6006/6006
f 6006/6006/6006 6014/6014/6014 6007/6007/6007
f 6013/6013/6013 6014/6014/6014 6012/6012/6012
f 6015/6015/6015 6013/6013/6013 6005/6005/6005
f 6007/6007/6007 6015/6015/6015 6005/6005/6005
f 6014/6014/6014 6015/6015/6015 6007/6007/6007
f 6013/6013/6013 6015/6015/6015 6014/6014/6014
f 6018/6018/6018 6017/6017/6017 6016/6016/6016
f 6017/6017/6017 6019/6019/6019 6016/6016/6016
f 6016/6016/6016 6019/6019/6019 6020/6020/6020
f 6021/6021/6021 6017/6017/6017 6018/6018/6018
f 6022/6022/6022 6021/6021/6021 6018/6018/6018
f 6019/6019/6019 6023/6023/6023 6020/6020/6020
f 6020/6020/6020 6023/6023/6023 6024/6024/6024
f 6025/6025/6025 6021/6021/6021 6022/6022/6022
f 6026/6026/6026 6025/6025/6025 6022/6022/6022
f 6023/6023/6023 6027/6027/6027 6024/6024/6024
f 6024/6024/6024 6027/6027/6027 6028/6028/6028
f 6029/6029/6029 6025/6025/6025 6026/6026/6026
f 6030/6030/6030 6029/6029/6029 6026/6026/6026
f 6028/6028/6028 6031/6031/6031 6030/6030/6030
f 6027/6027/6027 6031/6031/6031 6028/6028/6028
f 6031/6031/6031 6029/6029/6029 6030/6030/6030
f 6019/6019/6019 6017/6017/6017 6032/6032/6032
f 6021/6021/6021 6033/6033/6033 6017/6017/6017
f 6033/6033/6033 6032/6032/6032 6017/6017/6017
f 6019/6019/6019 6034/6034/6034 6023/6023/6023
f 6034/6034/6034 6019/6019/6019 6032/6032/6032
f 6021/6021/6021 6025/6025/6025 6035/6035/6035
f 6033/6033/6033 6021/6021/6021 6035/6035/6035
f 6027/6027/6027 6023/6023/6023 6036/6036/6036
f 6034/6034/6034 6036/6036/6036 6023/6023/6023
f 6029/6029/6029 6037/6037/6037 6025/6025/6025
f 6037/6037/6037 6035/6035/6035 6025/6025/6025
f 6027/6027/6027 6038/6038/6038 6031/6031/6031
f 6038/6038/6038 6027/6027/6027 6036/6036/6036
f 6029/6029/6029 6031/6031/6031 6039/6039/6039
f 6037/6037/6037 6029/6029/6029 6039/6039/6039
f 6038/6038/6038 6039/6039/6039 6031/6031/6031
f 6032/6032/6032 6040/6040/6040 6034/6034/6034
f 6033/6033/6033 6041/6041/6041 6032/6032/6032
f 6041/6041/6041 6040/6040/6040 6032/6032/6032
f 6040/6040/6040 6042/6042/6042 6034/6034/6034
f 6034/6034/6034 6042/6042/6042 6036/6036/6036
f 6042/6042/6042 6040/6040/6040 6041/6041/6041
f 6043/6043/6043 6041/6041/6041 6033/6033/6033
f 6035/6035/6035 6043/6043/6043 6033/6033/6033
f 6041/6041/6041 6043/6043/6043 6042/6042/6042
f 6042/6042/6042 6044/6044/6044 6036/6036/6036
f 6036/6036/6036 6044/6044/6044 6038/6038/6038
f 6043/6043/6043 6044/6044/6044 6042/6042/6042
f 6045/6045/6045 6043/6043/6043 6035/6035/6035
f 6037/6037/6037 6045/6045/6045 6035/6035/6035
f 6043/6043/6043 6045/6045/6045 6044/6044/6044
f 6044/6044/6044 6046/6046/6046 6038/6038/6038
f 6038/6038/6038 6046/6046/6046 6039/6039/6039
f 6045/6045/6045 6046/6046/6046 6044/6044/6044
f 6047/6047/6047 6045/6045/6045 6037/6037/6037
f 6039/6039/6039 6047/6047/6047 6037/6037/6037
f 6046/6046/6046 6047/6047/6047 6039/6039/6039
f 6045/6045/6045 6047/6047/6047 6046/6046/6046
f 6050/6050/6050 6049/6049/6049 6048/6048/6048
f 6048/6048/6048 6049/6049/6049 6051/6051/6051
f 6049/6049/6049 6052/6052/6052 6051/6051/6051
f 6053/6053/6053 6050/6050/6050 6048/6048/6048
f 6054/6054/6054 6050/6050/6050 6053/6053/6053
f 6051/6051/6051 6052/6052/6052 6055/6055/6055
f 6052/6052/6052 6056/6056/6056 6055/6055/6055
f 6057/6057/6057 6054/6054/6054 6053/6053/6053
f 6058/6058/6058 6054/6054/6054 6057/6057/6057
f 6055/6055/6055 6056/6056/6056 6059/6059/6059
f 6056/6056/6056 6060/6060/6060 6059/6059/6059
f 6061/6061/6061 6058/6058/6058 6057/6057/6057
f 6062/6062/6062 6058/6058/6058 6061/6061/6061
f 6060/6060/6060 6062/6062/6062 6063/6063/6063
f 6059/6059/6059 6060/6060/6060 6063/6063/6063
f 6063/6063/6063 6062/6062/6062 6061/6061/6061
f 6053/6053/6053 6048/6048/6048 6064/6064/6064
f 6048/6048/6048 6051/6051/6051 6065/6065/6065
f 6064/6064/6064 6048/6048/6048 6065/6065/6065
f 6051/6051/6051 6055/6055/6055 6066/6066/6066
f 6065/6065/6065 6051/6051/6051 6066/6066/6066
f 6066/6066/6066 6055/6055/6055 6067/6067/6067
f 6065/6065/6065 6066/6066/6066 6067/6067/6067
f 6055/6055/6055 6059/6059/6059 6067/6067/6067
f 6064/6064/6064 6065/6065/6065 6067/6067/6067
f 6067/6067/6067 6059/6059/6059 6068/6068/6068
f 6059/6059/6059 6063/6063/6063 6068/6068/6068
f 6064/6064/6064 6067/6067/6067 6068/6068/6068
f 6069/6069/6069 6053/6053/6053 6064/6064/6064
f 6069/6069/6069 6064/6064/6064 6068/6068/6068
f 6057/6057/6057 6053/6053/6053 6069/6069/6069
f 6068/6068/6068 6063/6063/6063 6070/6070/6070
f 6063/6063/6063 6061/6061/6061 6070/6070/6070
f 6069/6069/6069 6068/6068/6068 6070/6070/6070
f 6071/6071/6071 6057/6057/6057 6069/6069/6069
f 6061/6061/6061 6057/6057/6057 6071/6071/6071
f 6070/6070/6070 6071/6071/6071 6069/6069/6069
f 6070/6070/6070 6061/6061/6061 6071/6071/6071
f 6074/6074/6074 6073/6073/6073 6072/6072/6072
f 6073/6073/6073 6075/6075/6075 6072/6072/6072
f 6076/6076/6076 6073/6073/6073 6074/6074/6074
f 6072/6072/6072 6075/6075/6075 6077/6077/6077
f 6078/6078/6078 6076/6076/6076 6074/6074/6074
f 6075/6075/6075 6079/6079/6079 6077/6077/6077
f 6080/6080/6080 6076/6076/6076 6078/6078/6078
f 6077/6077/6077 6079/6079/6079 6081/6081/6081
f 6082/6082/6082 6080/6080/6080 6078/6078/6078
f 6079/6079/6079 6083/6083/6083 6081/6081/6081
f 6084/6084/6084 6080/6080/6080 6082/6082/6082
f 6081/6081/6081 6083/6083/6083 6085/6085/6085
f 6086/6086/6086 6084/6084/6084 6082/6082/6082
f 6083/6083/6083 6087/6087/6087 6085/6085/6085
f 6088/6088/6088 6084/6084/6084 6086/6086/6086
f 6085/6085/6085 6087/6087/6087 6089/6089/6089
f 6090/6090/6090 6088/6088/6088 6086/6086/6086
f 6087/6087/6087 6091/6091/6091 6089/6089/6089
f 6092/6092/6092 6088/6088/6088 6090/6090/6090
f 6089/6089/6089 6091/6091/6091 6093/6093/6093
f 6094/6094/6094 6092/6092/6092 6090/6090/6090
f 6091/6091/6091 6095/6095/6095 6093/6093/6093
f 6095/6095/6095 6092/6092/6092 6094/6094/6094
f 6093/6093/6093 6095/6095/6095 6094/6094/6094
f 6098/6098/6098 6097/6097/6097 6096/6096/6096
f 6099/6099/6099 6098/6098/6098 6096/6096/6096
f 6096/6096/6096 6097/6097/6097 6100/6100/6100
f 6101/6101/6101 6098/6098/6098 6099/6099/6099
f 6097/6097/6097 6102/6102/6102 6100/6100/6100
f 6103/6103/6103 6101/6101/6101 6099/6099/6099
f 6100/6100/6100 6102/6102/6102 6104/6104/6104
f 6105/6105/6105 6101/6101/6101 6103/6103/6103
f 6102/6102/6102 6106/6106/6106 6104/6104/6104
f 6107/6107/6107 6105/6105/6105 6103/6103/6103
f 6104/6104/6104 6106/6106/6106 6108/6108/6108
f 6109/6109/6109 6105/6105/6105 6107/6107/6107
f 6106/6106/6106 6110/6110/6110 6108/6108/6108
f 6111/6111/6111 6109/6109/6109 6107/6107/6107
f 6108/6108/6108 6110/6110/6110 6112/6112/6112
f 6113/6113/6113 6109/6109/6109 6111/6111/6111
f 6110/6110/6110 6114/6114/6114 6112/6112/6112
f 6115/6115/6115 6113/6113/6113 6111/6111/6111
f 6112/6112/6112 6114/6114/6114 6116/6116/6116
f 6117/6117/6117 6113/6113/6113 6115/6115/6115
f 6114/6114/6114 6118/6118/6118 6116/6116/6116
f 6119/6119/6119 6117/6117/6117 6115/6115/6115
f 6116/6116/6116 6118/6118/6118 6119/6119/6119
f 6118/6118/6118 6117/6117/6117 6119/6119/6119
f 6122/6122/6122 6121/6121/6121 6120/6120/6120
f 6123/6123/6123 6122/6122/6122 6120/6120/6120
f 6120/6120/6120 6121/6121/6121 6124/6124/6124
f 6125/6125/6125 6122/6122/6122 6123/6123/6123
f 6121/6121/6121 6126/6126/6126 6124/6124/6124
f 6127/6127/6127 6125/6125/6125 6123/6123/6123
f 6124/6124/6124 6126/6126/6126 6128/6128/6128
f 6129/6129/6129 6125/6125/6125 6127/6127/6127
f 6126/6126/6126 6130/6130/6130 6128/6128/6128
f 6131/6131/6131 6129/6129/6129 6127/6127/6127
f 6128/6128/6128 6130/6130/6130 6132/6132/6132
f 6133/6133/6133 6129/6129/6129 6131/6131/6131
f 6130/6130/6130 6134/6134/6134 6132/6132/6132
f 6135/6135/6135 6133/6133/6133 6131/6131/6131
f 6132/6132/6132 6134/6134/6134 6136/6136/6136
f 6137/6137/6137 6133/6133/6133 6135/6135/6135
f 6134/6134/6134 6138/6138/6138 6136/6136/6136
f 6139/6139/6139 6137/6137/6137 6135/6135/6135
f 6136/6136/6136 6138/6138/6138 6140/6140/6140
f 6141/6141/6141 6137/6137/6137 6139/6139/6139
f 6138/6138/6138 6142/6142/6142 6140/6140/6140
f 6143/6143/6143 6141/6141/6141 6139/6139/6139
f 6140/6140/6140 6142/6142/6142 6143/6143/6143
f 6142/6142/6142 6141/6141/6141 6143/6143/6143
f 6146/6146/6146 6145/6145/6145 6144/6144/6144
f 6147/6147/6147 6146/6146/6146 6144/6144/6144
f 6144/6144/6144 6145/6145/6145 6148/6148/6148
f 6149/6149/6149 6146/6146/6146 6147/6147/6147
f 6145/6145/6145 6150/6150/6150 6148/6148/6148
f 6151/6151/6151 6149/6149/6149 6147/6147/6147
f 6148/6148/6148 6150/6150/6150 6152/6152/6152
f 6153/6153/6153 6149/6149/6149 6151/6151/6151
f 6150/6150/6150 6154/6154/6154 6152/6152/6152
f 6155/6155/6155 6153/6153/6153 6151/6151/6151
f 6152/6152/6152 6154/6154/6154 6156/6156/6156
f 6157/6157/6157 6153/6153/6153 6155/6155/6155
f 6154/6154/6154 6158/6158/6158 6156/6156/6156
f 6159/6159/6159 6157/6157/6157 6155/6155/6155
f 6156/6156/6156 6158/6158/6158 6160/6160/6160
f 6161/6161/6161 6157/6157/6157 6159/6159/6159
f 6158/6158/6158 6162/6162/6162 6160/6160/6160
f 6163/6163/6163 6161/6161/6161 6159/6159/6159
f 6160/6160/6160 6162/6162/6162 6164/6164/6164
f 6165/6165/6165 6161/6161/6161 6163/6163/6163
f 6162/6162/6162 6166/6166/6166 6164/6164/6164
f 6167/6167/6167 6165/6165/6165 6163/6163/6163
f 6164/6164/6164 6166/6166/6166 6167/6167/6167
f 6166/6166/6166 6165/6165/6165 6167/6167/6167
f 6170/6170/6170 6169/6169/6169 6168/6168/6168
f 6169/6169/6169 6171/6171/6171 6168/6168/6168
f 6172/6172/6172 6169/6169/6169 6170/6170/6170
f 6168/6168/6168 6171/6171/6171 6173/6173/6173
f 6174/6174/6174 6172/6172/6172 6170/6170/6170
f 6171/6171/6171 6175/6175/6175 6173/6173/6173
f 6176/6176/6176 6172/6172/6172 6174/6174/6174
f 6173/6173/6173 6175/6175/6175 6177/6177/6177
f 6178/6178/6178 6176/6176/6176 6174/6174/6174
f 6175/6175/6175 6179/6179/6179 6177/6177/6177
f 6180/6180/6180 6176/6176/6176 6178/6178/6178
f 6177/6177/6177 6179/6179/6179 6181/6181/6181
f 6182/6182/6182 6180/6180/6180 6178/6178/6178
f 6179/6179/6179 6183/6183/6183 6181/6181/6181
f 6184/6184/6184 6180/6180/6180 6182/6182/6182
f 6181/6181/6181 6183/6183/6183 6185/6185/6185
f 6186/6186/6186 6184/6184/6184 6182/6182/6182
f 6183/6183/6183 6187/6187/6187 6185/6185/6185
f 6188/6188/6188 6184/6184/6184 6186/6186/6186
f 6185/6185/6185 6187/6187/6187 6189/6189/6189
f 6190/6190/6190 6188/6188/6188 6186/6186/6186
f 6187/6187/6187 6191/6191/6191 6189/6189/6189
f 6191/6191/6191 6188/6188/6188 6190/6190/6190
f 6189/6189/6189 6191/6191/6191 6190/6190/6190
f 6194/6194/6194 6193/6193/6193 6192/6192/6192
f 6193/6193/6193 6195/6195/6195 6192/6192/6192
f 6196/6196/6196 6193/6193/6193 6194/6194/6194
f 6192/6192/6192 6195/6195/6195 6197/6197/6197
f 6198/6198/6198 6196/6196/6196 6194/6194/6194
f 6195/6195/6195 6199/6199/6199 6197/6197/6197
f 6200/6200/6200 6196/6196/6196 6198/6198/6198
f 6197/6197/6197 6199/6199/6199 6201/6201/6201
f 6202/6202/6202 6200/6200/6200 6198/6198/6198
f 6199/6199/6199 6203/6203/6203 6201/6201/6201
f 6204/6204/6204 6200/6200/6200 6202/6202/6202
f 6201/6201/6201 6203/6203/6203 6205/6205/6205
f 6206/6206/6206 6204/6204/6204 6202/6202/6202
f 6203/6203/6203 6207/6207/6207 6205/6205/6205
f 6208/6208/6208 6204/6204/6204 6206/6206/6206
f 6205/6205/6205 6207/6207/6207 6209/6209/6209
f 6210/6210/6210 6208/6208/6208 6206/6206/6206
f 6207/6207/6207 6211/6211/6211 6209/6209/6209
f 6212/6212/6212 6208/6208/6208 6210/6210/6210
f 6209/6209/6209 6211/6211/6211 6213/6213/6213
f 6214/6214/6214 6212/6212/6212 6210/6210/6210
f 6211/6211/6211 6215/6215/6215 6213/6213/6213
f 6215/6215/6215 6212/6212/6212 6214/6214/6214
f 6213/6213/6213 6215/6215/6215 6214/6214/6214
f 6218/6218/6218 6217/6217/6217 6216/6216/6216
f 6219/6219/6219 6218/6218/6218 6216/6216/6216
f 6216/6216/6216 6217/6217/6217 6220/6220/6220
f 6221/6221/6221 6218/6218/6218 6219/6219/6219
f 6217/6217/6217 6222/6222/6222 6220/6220/6220
f 6223/6223/6223 6221/6221/6221 6219/6219/6219
f 6220/6220/6220 6222/6222/6222 6224/6224/6224
f 6225/6225/6225 6221/6221/6221 6223/6223/6223
f 6222/6222/6222 6226/6226/6226 6224/6224/6224
f 6227/6227/6227 6225/6225/6225 6223/6223/6223
f 6224/6224/6224 6226/6226/6226 6228/6228/6228
f 6229/6229/6229 6225/6225/6225 6227/6227/6227
f 6226/6226/6226 6230/6230/6230 6228/6228/6228
f 6231/6231/6231 6229/6229/6229 6227/6227/6227
f 6228/6228/6228 6230/6230/6230 6232/6232/6232
f 6233/6233/6233 6229/6229/6229 6231/6231/6231
f 6230/6230/6230 6234/6234/6234 6232/6232/6232
f 6235/6235/6235 6233/6233/6233 6231/6231/6231
f 6232/6232/6232 6234/6234/6234 6236/6236/6236
f 6237/6237/6237 6233/6233/6233 6235/6235/6235
f 6234/6234/6234 6238/6238/6238 6236/6236/6236
f 6239/6239/6239 6237/6237/6237 6235/6235/6235
f 6236/6236/6236 6238/6238/6238 6239/6239/6239
f 6238/6238/6238 6237/6237/6237 6239/6239/6239
f 6242/6242/6242 6241/6241/6241 6240/6240/6240
f 6243/6243/6243 6242/6242/6242 6240/6240/6240
f 6240/6240/6240 6241/6241/6241 6244/6244/6244
f 6245/6245/6245 6242/6242/6242 6243/6243/6243
f 6241/6241/6241 6246/6246/6246 6244/6244/6244
f 6247/6247/6247 6245/6245/6245 6243/6243/6243
f 6244/6244/6244 6246/6246/6246 6248/6248/6248
f 6249/6249/6249 6245/6245/6245 6247/6247/6247
f 6246/6246/6246 6250/6250/6250 6248/6248/6248
f 6251/6251/6251 6249/6249/6249 6247/6247/6247
f 6248/6248/6248 6250/6250/6250 6252/6252/6252
f 6253/6253/6253 6249/6249/6249 6251/6251/6251
f 6250/6250/6250 6254/6254/6254 6252/6252/6252
f 6255/6255/6255 6253/6253/6253 6251/6251/6251
f 6252/6252/6252 6254/6254/6254 6256/6256/6256
f 6257/6257/6257 6253/6253/6253 6255/6255/6255
f 6254/6254/6254 6258/6258/6258 6256/6256/6256
f 6259/6259/6259 6257/6257/6257 6255/6255/6255
f 6256/6256/6256 6258/6258/6258 6260/6260/6260
f 6261/6261/6261 6257/6257/6257 6259/6259/6259
f 6258/6258/6258 6262/6262/6262 6260/6260/6260
f 6263/6263/6263 6261/6261/6261 6259/6259/6259
f 6260/6260/6260 6262/6262/6262 6263/6263/6263
f 6262/6262/6262 6261/6261/6261 6263/6263/6263
f 6266/6266/6266 6265/6265/6265 6264/6264/6264
f 6267/6267/6267 6266/6266/6266 6264/6264/6264
f 6264/6264/6264 6265/6265/6265 6268/6268/6268
f 6269/6269/6269 6266/6266/6266 6267/6267/6267
f 6265/6265/6265 6270/6270/6270 6268/6268/6268
f 6271/6271/6271 6269/6269/6269 6267/6267/6267
f 6268/6268/6268 6270/6270/6270 6272/6272/6272
f 6273/6273/6273 6269/6269/6269 6271/6271/6271
f 6270/6270/6270 6274/6274/6274 6272/6272/6272
f 6275/6275/6275 6273/6273/6273 6271/6271/6271
f 6272/6272/6272 6274/6274/6274 6276/6276/6276
f 6277/6277/6277 6273/6273/6273 6275/6275/6275
f 6274/6274/6274 6278/6278/6278 6276/6276/6276
f 6279/6279/6279 6277/6277/6277 6275/6275/6275
f 6276/6276/6276 6278/6278/6278 6280/6280/6280
f 6281/6281/6281 6277/6277/6277 6279/6279/6279
f 6278/6278/6278 6282/6282/6282 6280/6280/6280
f 6283/6283/6283 6281/6281/6281 6279/6279/6279
f 6280/6280/6280 6282/6282/6282 6284/6284/6284
f 6285/6285/6285 6281/6281/6281 6283/6283/6283
f 6282/6282/6282 6286/6286/6286 6284/6284/6284
f 6287/6287/6287 6285/6285/6285 6283/6283/6283
f 6284/6284/6284 6286/6286/6286 6287/6287/6287
f 6286/6286/6286 6285/6285/6285 6287/6287/6287
f 6290/6290/6290 6289/6289/6289 6288/6288/6288
f 6289/6289/6289 6291/6291/6291 6288/6288/6288
f 6292/6292/6292 6289/6289/6289 6290/6290/6290
f 6288/6288/6288 6291/6291/6291 6293/6293/6293
f 6294/6294/6294 6292/6292/6292 6290/6290/6290
f 6291/6291/6291 6295/6295/6295 6293/6293/6293
f 6296/6296/6296 6292/6292/6292 6294/6294/6294
f 6293/6293/6293 6295/6295/6295 6297/6297/6297
f 6298/6298/6298 6296/6296/6296 6294/6294/6294
f 6295/6295/6295 6299/6299/6299 6297/6297/6297
f 6300/6300/6300 6296/6296/6296 6298/6298/6298
f 6297/6297/6297 6299/6299/6299 6301/6301/6301
f 6302/6302/6302 6300/6300/6300 6298/6298/6298
f 6299/6299/6299 6303/6303/6303 6301/6301/6301
f 6304/6304/6304 6300/6300/6300 6302/6302/6302
f 6301/6301/6301 6303/6303/6303 6305/6305/6305
f 6306/6306/6306 6304/6304/6304 6302/6302/6302
f 6303/6303/6303 6307/6307/6307 6305/6305/6305
f 6308/6308/6308 6304/6304/6304 6306/6306/6306
f 6305/6305/6305 6307/6307/6307 6309/6309/6309
f 6310/6310/6310 6308/6308/6308 6306/6306/6306
f 6307/6307/6307 6311/6311/6311 6309/6309/6309
f 6311/6311/6311 6308/6308/6308 6310/6310/6310
f 6309/6309/6309 6311/6311/6311 6310/6310/6310
f 6314/6314/6314 6313/6313/6313 6312/6312/6312
f 6315/6315/6315 6314/6314/6314 6312/6312/6312
f 6312/6312/6312 6313/6313/6313 6316/6316/6316
f 6317/6317/6317 6314/6314/6314 6315/6315/6315
f 6313/6313/6313 6318/6318/6318 6316/6316/6316
f 6319/6319/6319 6317/6317/6317 6315/6315/6315
f 6316/6316/6316 6318/6318/6318 6320/6320/6320
f 6321/6321/6321 6317/6317/6317 6319/6319/6319
f 6318/6318/6318 6322/6322/6322 6320/6320/6320
f 6323/6323/6323 6321/6321/6321 6319/6319/6319
f 6320/6320/6320 6322/6322/6322 6324/6324/6324
f 6325/6325/6325 6321/6321/6321 6323/6323/6323
f 6322/6322/6322 6326/6326/6326 6324/6324/6324
f 6327/6327/6327 6325/6325/6325 6323/6323/6323
f 6324/6324/6324 6326/6326/6326 6328/6328/6328
f 6329/6329/6329 6325/6325/6325 6327/6327/6327
f 6326/6326/6326 6330/6330/6330 6328/6328/6328
f 6331/6331/6331 6329/6329/6329 6327/6327/6327
f 6328/6328/6328 6330/6330/6330 6331/6331/6331
f 6330/6330/6330 6329/6329/6329 6331/6331/6331
f 6334/6334/6334 6333/6333/6333 6332/6332/6332
f 6335/6335/6335 6334/6334/6334 6332/6332/6332
f 6332/6332/6332 6333/6333/6333 6336/6336/6336
f 6337/6337/6337 6334/6334/6334 6335/6335/6335
f 6333/6333/6333 6338/6338/6338 6336/6336/6336
f 6339/6339/6339 6337/6337/6337 6335/6335/6335
f 6336/6336/6336 6338/6338/6338 6340/6340/6340
f 6341/6341/6341 6337/6337/6337 6339/6339/6339
f 6338/6338/6338 6342/6342/6342 6340/6340/6340
f 6343/6343/6343 6341/6341/6341 6339/6339/6339
f 6340/6340/6340 6342/6342/6342 6344/6344/6344
f 6345/6345/6345 6341/6341/6341 6343/6343/6343
f 6342/6342/6342 6346/6346/6346 6344/6344/6344
f 6347/6347/6347 6345/6345/6345 6343/6343/6343
f 6344/6344/6344 6346/6346/6346 6347/6347/6347
f 6346/6346/6346 6345/6345/6345 6347/6347/6347
f 6350/6350/6350 6349/6349/6349 6348/6348/6348
f 6351/6351/6351 6350/6350/6350 6348/6348/6348
f 6348/6348/6348 6349/6349/6349 6352/6352/6352
f 6353/6353/6353 6350/6350/6350 6351/6351/6351
f 6349/6349/6349 6354/6354/6354 6352/6352/6352
f 6355/6355/6355 6353/6353/6353 6351/6351/6351
f 6352/6352/6352 6354/6354/6354 6356/6356/6356
f 6357/6357/6357 6353/6353/6353 6355/6355/6355
f 6354/6354/6354 6358/6358/6358 6356/6356/6356
f 6359/6359/6359 6357/6357/6357 6355/6355/6355
f 6356/6356/6356 6358/6358/6358 6360/6360/6360
f 6361/6361/6361 6357/6357/6357 6359/6359/6359
f 6358/6358/6358 6362/6362/6362 6360/6360/6360
f 6363/6363/6363 6361/6361/6361 6359/6359/6359
f 6360/6360/6360 6362/6362/6362 6363/6363/6363
f 6362/6362/6362 6361/6361/6361 6363/6363/6363
f 6366/6366/6366 6365/6365/6365 6364/6364/6364
f 6367/6367/6367 6366/6366/6366 6364/6364/6364
f 6364/6364/6364 6365/6365/6365 6368/6368/6368
f 6369/6369/6369 6366/6366/6366 6367/6367/6367
f 6365/6365/6365 6370/6370/6370 6368/6368/6368
f 6371/6371/6371 6369/6369/6369 6367/6367/6367
f 6368/6368/6368 6370/6370/6370 6372/6372/6372
f 6373/6373/6373 6369/6369/6369 6371/6371/6371
f 6370/6370/6370 6374/6374/6374 6372/6372/6372
f 6375/6375/6375 6373/6373/6373 6371/6371/6371
f 6372/6372/6372 6374/6374/6374 6376/6376/6376
f 6377/6377/6377 6373/6373/6373 6375/6375/6375
f 6374/6374/6374 6378/6378/6378 6376/6376/6376
f 6379/6379/6379 6377/6377/6377 6375/6375/6375
f 6376/6376/6376 6378/6378/6378 6380/6380/6380
f 6381/6381/6381 6377/6377/6377 6379/6379/6379
f 6378/6378/6378 6382/6382/6382 6380/6380/6380
f 6383/6383/6383 6381/6381/6381 6379/6379/6379
f 6380/6380/6380 6382/6382/6382 6384/6384/6384
f 6385/6385/6385 6381/6381/6381 6383/6383/6383
f 6382/6382/6382 6386/6386/6386 6384/6384/6384
f 6387/6387/6387 6385/6385/6385 6383/6383/6383
f 6384/6384/6384 6386/6386/6386 6387/6387/6387
f 6386/6386/6386 6385/6385/6385 6387/6387/6387
f 6390/6390/6390 6389/6389/6389 6388/6388/6388
f 6391/6391/6391 6390/6390/6390 6388/6388/6388
f 6388/6388/6388 6389/6389/6389 6392/6392/6392
f 6393/6393/6393 6390/6390/6390 6391/6391/6391
f 6389/6389/6389 6394/6394/6394 6392/6392/6392
f 6395/6395/6395 6393/6393/6393 6391/6391/6391
f 6392/6392/6392 6394/6394/6394 6396/6396/6396
f 6397/6397/6397 6393/6393/6393 6395/6395/6395
f 6394/6394/6394 6398/6398/6398 6396/6396/6396
f 6399/6399/6399 6397/6397/6397 6395/6395/6395
f 6396/6396/6396 6398/6398/6398 6400/6400/6400
f 6401/6401/6401 6397/6397/6397 6399/6399/6399
f 6398/6398/6398 6402/6402/6402 6400/6400/6400
f 6403/6403/6403 6401/6401/6401 6399/6399/6399
f 6400/6400/6400 6402/6402/6402 6404/6404/6404
f 6405/6405/6405 6401/6401/6401 6403/6403/6403
f 6402/6402/6402 6406/6406/6406 6404/6404/6404
f 6407/6407/6407 6405/6405/6405 6403/6403/6403
f 6404/6404/6404 6406/6406/6406 6408/6408/6408
f 6409/6409/6409 6405/6405/6405 6407/6407/6407
f 6406/6406/6406 6410/6410/6410 6408/6408/6408
f 6411/6411/6411 6409/6409/6409 6407/6407/6407
f 6408/6408/6408 6410/6410/6410 6411/6411/6411
f 6410/6410/6410 6409/6409/6409 6411/6411/6411
f 6414/6414/6414 6413/6413/6413 6412/6412/6412
f 6412/6412/6412 6413/6413/6413 6415/6415/6415
f 6416/6416/6416 6413/6413/6413 6414/6414/6414
f 6413/6413/6413 6417/6417/6417 6415/6415/6415
f 6414/6414/6414 6412/6412/6412 6418/6418/6418
f 6419/6419/6419 6416/6416/6416 6414/6414/6414
f 6412/6412/6412 6420/6420/6420 6418/6418/6418
f 6415/6415/6415 6417/6417/6417 6421/6421/6421
f 6422/6422/6422 6415/6415/6415 6421/6421/6421
f 6421/6421/6421 6417/6417/6417 6423/6423/6423
f 6424/6424/6424 6422/6422/6422 6421/6421/6421
f 6417/6417/6417 6425/6425/6425 6423/6423/6423
f 6416/6416/6416 6419/6419/6419 6426/6426/6426
f 6425/6425/6425 6416/6416/6416 6426/6426/6426
f 6423/6423/6423 6425/6425/6425 6427/6427/6427
f 6427/6427/6427 6425/6425/6425 6426/6426/6426
f 6428/6428/6428 6426/6426/6426 6419/6419/6419
f 6423/6423/6423 6427/6427/6427 6429/6429/6429
f 6430/6430/6430 6428/6428/6428 6419/6419/6419
f 6427/6427/6427 6431/6431/6431 6429/6429/6429
f 6432/6432/6432 6422/6422/6422 6424/6424/6424
f 6420/6420/6420 6422/6422/6422 6432/6432/6432
f 6424/6424/6424 6429/6429/6429 6433/6433/6433
f 6432/6432/6432 6424/6424/6424 6433/6433/6433
f 6433/6433/6433 6429/6429/6429 6431/6431/6431
f 6434/6434/6434 6420/6420/6420 6432/6432/6432
f 6434/6434/6434 6418/6418/6418 6420/6420/6420
f 6430/6430/6430 6418/6418/6418 6434/6434/6434
f 6433/6433/6433 6431/6431/6431 6435/6435/6435
f 6431/6431/6431 6428/6428/6428 6435/6435/6435
f 6435/6435/6435 6430/6430/6430 6434/6434/6434
f 6430/6430/6430 6435/6435/6435 6428/6428/6428
f 6438/6438/6438 6437/6437/6437 6436/6436/6436
f 6439/6439/6439 6438/6438/6438 6436/6436/6436
f 6439/6439/6439 6440/6440/6440 6438/6438/6438
f 6437/6437/6437 6438/6438/6438 6440/6440/6440
f 6439/6439/6439 6436/6436/6436 6441/6441/6441
f 6442/6442/6442 6436/6436/6436 6437/6437/6437
f 6436/6436/6436 6442/6442/6442 6441/6441/6441
f 6440/6440/6440 6443/6443/6443 6437/6437/6437
f 6437/6437/6437 6444/6444/6444 6442/6442/6442
f 6444/6444/6444 6437/6437/6437 6443/6443/6443
f 6445/6445/6445 6441/6441/6441 6442/6442/6442
f 6446/6446/6446 6442/6442/6442 6444/6444/6444
f 6442/6442/6442 6446/6446/6446 6445/6445/6445
f 6447/6447/6447 6441/6441/6441 6445/6445/6445
f 6439/6439/6439 6441/6441/6441 6447/6447/6447
f 6443/6443/6443 6448/6448/6448 6444/6444/6444
f 6444/6444/6444 6448/6448/6448 6446/6446/6446
f 6449/6449/6449 6448/6448/6448 6443/6443/6443
f 6450/6450/6450 6449/6449/6449 6443/6443/6443
f 6443/6443/6443 6440/6440/6440 6450/6450/6450
f 6449/6449/6449 6451/6451/6451 6448/6448/6448
f 6451/6451/6451 6446/6446/6446 6448/6448/6448
f 6452/6452/6452 6445/6445/6445 6446/6446/6446
f 6446/6446/6446 6451/6451/6451 6452/6452/6452
f 6445/6445/6445 6452/6452/6452 6447/6447/6447
f 6453/6453/6453 6450/6450/6450 6440/6440/6440
f 6440/6440/6440 6439/6439/6439 6453/6453/6453
f 6454/6454/6454 6452/6452/6452 6451/6451/6451
f 6449/6449/6449 6454/6454/6454 6451/6451/6451
f 6452/6452/6452 6454/6454/6454 6455/6455/6455
f 6455/6455/6455 6447/6447/6447 6452/6452/6452
f 6449/6449/6449 6455/6455/6455 6454/6454/6454
f 6450/6450/6450 6453/6453/6453 6456/6456/6456
f 6456/6456/6456 6449/6449/6449 6450/6450/6450
f 6447/6447/6447 6455/6455/6455 6457/6457/6457
f 6457/6457/6457 6439/6439/6439 6447/6447/6447
f 6458/6458/6458 6456/6456/6456 6453/6453/6453
f 6453/6453/6453 6439/6439/6439 6458/6458/6458
f 6459/6459/6459 6457/6457/6457 6455/6455/6455
f 6455/6455/6455 6449/6449/6449 6459/6459/6459
f 6456/6456/6456 6458/6458/6458 6460/6460/6460
f 6460/6460/6460 6449/6449/6449 6456/6456/6456
f 6461/6461/6461 6439/6439/6439 6457/6457/6457
f 6457/6457/6457 6459/6459/6459 6461/6461/6461
f 6458/6458/6458 6439/6439/6439 6462/6462/6462
f 6462/6462/6462 6460/6460/6460 6458/6458/6458
f 6463/6463/6463 6439/6439/6439 6461/6461/6461
f 6462/6462/6462 6439/6439/6439 6464/6464/6464
f 6465/6465/6465 6449/6449/6449 6460/6460/6460
f 6460/6460/6460 6462/6462/6462 6465/6465/6465
f 6464/6464/6464 6465/6465/6465 6462/6462/6462
f 6459/6459/6459 6449/6449/6449 6466/6466/6466
f 6466/6466/6466 6461/6461/6461 6459/6459/6459
f 6461/6461/6461 6466/6466/6466 6463/6463/6463
f 6467/6467/6467 6449/6449/6449 6465/6465/6465
f 6465/6465/6465 6464/6464/6464 6467/6467/6467
f 6468/6468/6468 6463/6463/6463 6466/6466/6466
f 6466/6466/6466 6449/6449/6449 6468/6468/6468
f 6463/6463/6463 6468/6468/6468 6469/6469/6469
f 6469/6469/6469 6439/6439/6439 6463/6463/6463
f 6470/6470/6470 6469/6469/6469 6468/6468/6468
f 6468/6468/6468 6449/6449/6449 6470/6470/6470
f 6469/6469/6469 6470/6470/6470 6471/6471/6471
f 6471/6471/6471 6439/6439/6439 6469/6469/6469
f 6472/6472/6472 6467/6467/6467 6464/6464/6464
f 6464/6464/6464 6439/6439/6439 6472/6472/6472
f 6470/6470/6470 6449/6449/6449 6473/6473/6473
f 6473/6473/6473 6471/6471/6471 6470/6470/6470
f 6467/6467/6467 6472/6472/6472 6474/6474/6474
f 6475/6475/6475 6449/6449/6449 6467/6467/6467
f 6474/6474/6474 6475/6475/6475 6467/6467/6467
f 6476/6476/6476 6474/6474/6474 6472/6472/6472
f 6474/6474/6474 6477/6477/6477 6475/6475/6475
f 6474/6474/6474 6476/6476/6476 6477/6477/6477
f 6449/6449/6449 6475/6475/6475 6478/6478/6478
f 6478/6478/6478 6475/6475/6475 6477/6477/6477
f 6449/6449/6449 6478/6478/6478 6479/6479/6479
f 6449/6449/6449 6479/6479/6479 6473/6473/6473
f 6479/6479/6479 6478/6478/6478 6480/6480/6480
f 6477/6477/6477 6480/6480/6480 6478/6478/6478
f 6480/6480/6480 6473/6473/6473 6479/6479/6479
f 6471/6471/6471 6473/6473/6473 6481/6481/6481
f 6480/6480/6480 6481/6481/6481 6473/6473/6473
f 6477/6477/6477 6482/6482/6482 6480/6480/6480
f 6481/6481/6481 6480/6480/6480 6482/6482/6482
f 6482/6482/6482 6477/6477/6477 6476/6476/6476
f 6481/6481/6481 6483/6483/6483 6471/6471/6471
f 6481/6481/6481 6482/6482/6482 6483/6483/6483
f 6483/6483/6483 6439/6439/6439 6471/6471/6471
f 6484/6484/6484 6483/6483/6483 6482/6482/6482
f 6482/6482/6482 6476/6476/6476 6484/6484/6484
f 6439/6439/6439 6483/6483/6483 6484/6484/6484
f 6439/6439/6439 6485/6485/6485 6472/6472/6472
f 6476/6476/6476 6472/6472/6472 6485/6485/6485
f 6439/6439/6439 6484/6484/6484 6485/6485/6485
f 6485/6485/6485 6484/6484/6484 6476/6476/6476
g ClothesShop_1
f 6488/6488/6488 6487/6487/6487 6486/6486/6486
f 6489/6489/6489 6488/6488/6488 6486/6486/6486
f 6490/6490/6490 6488/6488/6488 6489/6489/6489
f 6491/6491/6491 6489/6489/6489 6486/6486/6486
f 6492/6492/6492 6491/6491/6491 6486/6486/6486
f 6491/6491/6491 6492/6492/6492 6493/6493/6493
f 6491/6491/6491 6494/6494/6494 6489/6489/6489
f 6491/6491/6491 6493/6493/6493 6494/6494/6494
f 6492/6492/6492 6495/6495/6495 6493/6493/6493
f 6495/6495/6495 6496/6496/6496 6493/6493/6493
f 6497/6497/6497 6490/6490/6490 6489/6489/6489
f 6494/6494/6494 6497/6497/6497 6489/6489/6489
f 6490/6490/6490 6497/6497/6497 6498/6498/6498
f 6499/6499/6499 6490/6490/6490 6498/6498/6498
f 6498/6498/6498 6497/6497/6497 6500/6500/6500
f 6497/6497/6497 6494/6494/6494 6500/6500/6500
f 6499/6499/6499 6498/6498/6498 6501/6501/6501
f 6498/6498/6498 6500/6500/6500 6501/6501/6501
f 6502/6502/6502 6499/6499/6499 6501/6501/6501
f 6502/6502/6502 6501/6501/6501 6503/6503/6503
f 6503/6503/6503 6501/6501/6501 6504/6504/6504
f 6505/6505/6505 6502/6502/6502 6503/6503/6503
f 6505/6505/6505 6503/6503/6503 6506/6506/6506
f 6503/6503/6503 6504/6504/6504 6506/6506/6506
f 6507/6507/6507 6505/6505/6505 6506/6506/6506
f 6507/6507/6507 6506/6506/6506 6508/6508/6508
f 6509/6509/6509 6507/6507/6507 6508/6508/6508
f 6500/6500/6500 6510/6510/6510 6501/6501/6501
f 6501/6501/6501 6510/6510/6510 6504/6504/6504
f 6510/6510/6510 6500/6500/6500 6511/6511/6511
f 6510/6510/6510 6511/6511/6511 6504/6504/6504
f 6500/6500/6500 6494/6494/6494 6512/6512/6512
f 6500/6500/6500 6512/6512/6512 6511/6511/6511
f 6506/6506/6506 6513/6513/6513 6508/6508/6508
f 6504/6504/6504 6513/6513/6513 6506/6506/6506
f 6509/6509/6509 6508/6508/6508 6514/6514/6514
f 6515/6515/6515 6509/6509/6509 6514/6514/6514
f 6515/6515/6515 6514/6514/6514 6516/6516/6516
f 6517/6517/6517 6515/6515/6515 6516/6516/6516
f 6518/6518/6518 6517/6517/6517 6516/6516/6516
f 6519/6519/6519 6518/6518/6518 6516/6516/6516
f 6520/6520/6520 6519/6519/6519 6516/6516/6516
f 6521/6521/6521 6520/6520/6520 6516/6516/6516
f 6521/6521/6521 6516/6516/6516 6514/6514/6514
f 6520/6520/6520 6521/6521/6521 6522/6522/6522
f 6523/6523/6523 6514/6514/6514 6508/6508/6508
f 6523/6523/6523 6521/6521/6521 6514/6514/6514
f 6521/6521/6521 6524/6524/6524 6522/6522/6522
f 6521/6521/6521 6523/6523/6523 6524/6524/6524
f 6513/6513/6513 6525/6525/6525 6508/6508/6508
f 6525/6525/6525 6523/6523/6523 6508/6508/6508
f 6524/6524/6524 6526/6526/6526 6522/6522/6522
f 6526/6526/6526 6527/6527/6527 6522/6522/6522
f 6527/6527/6527 6526/6526/6526 6528/6528/6528
f 6526/6526/6526 6529/6529/6529 6528/6528/6528
f 6529/6529/6529 6530/6530/6530 6528/6528/6528
f 6531/6531/6531 6530/6530/6530 6529/6529/6529
f 6532/6532/6532 6526/6526/6526 6524/6524/6524
f 6526/6526/6526 6532/6532/6532 6529/6529/6529
f 6523/6523/6523 6533/6533/6533 6524/6524/6524
f 6533/6533/6533 6532/6532/6532 6524/6524/6524
f 6523/6523/6523 6525/6525/6525 6534/6534/6534
f 6523/6523/6523 6534/6534/6534 6533/6533/6533
f 6525/6525/6525 6513/6513/6513 6535/6535/6535
f 6525/6525/6525 6535/6535/6535 6534/6534/6534
f 6536/6536/6536 6534/6534/6534 6535/6535/6535
f 6534/6534/6534 6537/6537/6537 6533/6533/6533
f 6532/6532/6532 6533/6533/6533 6537/6537/6537
f 6534/6534/6534 6536/6536/6536 6537/6537/6537
f 6538/6538/6538 6531/6531/6531 6529/6529/6529
f 6532/6532/6532 6538/6538/6538 6529/6529/6529
f 6531/6531/6531 6538/6538/6538 6539/6539/6539
f 6540/6540/6540 6531/6531/6531 6539/6539/6539
f 6541/6541/6541 6540/6540/6540 6539/6539/6539
f 6532/6532/6532 6542/6542/6542 6538/6538/6538
f 6542/6542/6542 6532/6532/6532 6537/6537/6537
f 6542/6542/6542 6539/6539/6539 6538/6538/6538
f 6543/6543/6543 6542/6542/6542 6537/6537/6537
f 6542/6542/6542 6543/6543/6543 6539/6539/6539
f 6544/6544/6544 6541/6541/6541 6539/6539/6539
f 6543/6543/6543 6544/6544/6544 6539/6539/6539
f 6541/6541/6541 6544/6544/6544 6545/6545/6545
f 6545/6545/6545 6544/6544/6544 6543/6543/6543
f 6546/6546/6546 6541/6541/6541 6545/6545/6545
f 6547/6547/6547 6546/6546/6546 6545/6545/6545
f 6548/6548/6548 6547/6547/6547 6545/6545/6545
f 6549/6549/6549 6548/6548/6548 6545/6545/6545
f 6549/6549/6549 6545/6545/6545 6543/6543/6543
f 6548/6548/6548 6549/6549/6549 6550/6550/6550
f 6549/6549/6549 6543/6543/6543 6550/6550/6550
f 6551/6551/6551 6548/6548/6548 6550/6550/6550
f 6552/6552/6552 6551/6551/6551 6550/6550/6550
f 6553/6553/6553 6543/6543/6543 6537/6537/6537
f 6543/6543/6543 6553/6553/6553 6550/6550/6550
f 6536/6536/6536 6553/6553/6553 6537/6537/6537
f 6550/6550/6550 6553/6553/6553 6536/6536/6536
f 6554/6554/6554 6552/6552/6552 6550/6550/6550
f 6554/6554/6554 6550/6550/6550 6536/6536/6536
f 6552/6552/6552 6554/6554/6554 6555/6555/6555
f 6554/6554/6554 6536/6536/6536 6556/6556/6556
f 6554/6554/6554 6556/6556/6556 6555/6555/6555
f 6556/6556/6556 6557/6557/6557 6555/6555/6555
f 6557/6557/6557 6558/6558/6558 6555/6555/6555
f 6559/6559/6559 6557/6557/6557 6556/6556/6556
f 6536/6536/6536 6560/6560/6560 6556/6556/6556
f 6560/6560/6560 6559/6559/6559 6556/6556/6556
f 6560/6560/6560 6536/6536/6536 6535/6535/6535
f 6559/6559/6559 6560/6560/6560 6535/6535/6535
f 6561/6561/6561 6559/6559/6559 6535/6535/6535
f 6513/6513/6513 6561/6561/6561 6535/6535/6535
f 6562/6562/6562 6559/6559/6559 6561/6561/6561
f 6513/6513/6513 6504/6504/6504 6561/6561/6561
f 6563/6563/6563 6562/6562/6562 6561/6561/6561
f 6504/6504/6504 6563/6563/6563 6561/6561/6561
f 6562/6562/6562 6563/6563/6563 6564/6564/6564
f 6511/6511/6511 6563/6563/6563 6504/6504/6504
f 6563/6563/6563 6511/6511/6511 6564/6564/6564
f 6565/6565/6565 6564/6564/6564 6511/6511/6511
f 6512/6512/6512 6565/6565/6565 6511/6511/6511
f 6564/6564/6564 6565/6565/6565 6566/6566/6566
f 6567/6567/6567 6564/6564/6564 6566/6566/6566
f 6568/6568/6568 6565/6565/6565 6512/6512/6512
f 6565/6565/6565 6568/6568/6568 6566/6566/6566
f 6567/6567/6567 6566/6566/6566 6569/6569/6569
f 6570/6570/6570 6567/6567/6567 6569/6569/6569
f 6566/6566/6566 6571/6571/6571 6569/6569/6569
f 6568/6568/6568 6571/6571/6571 6566/6566/6566
f 6571/6571/6571 6572/6572/6572 6569/6569/6569
f 6572/6572/6572 6571/6571/6571 6573/6573/6573
f 6571/6571/6571 6574/6574/6574 6573/6573/6573
f 6571/6571/6571 6568/6568/6568 6574/6574/6574
f 6575/6575/6575 6568/6568/6568 6512/6512/6512
f 6494/6494/6494 6575/6575/6575 6512/6512/6512
f 6568/6568/6568 6575/6575/6575 6576/6576/6576
f 6568/6568/6568 6576/6576/6576 6574/6574/6574
f 6574/6574/6574 6577/6577/6577 6573/6573/6573
f 6577/6577/6577 6578/6578/6578 6573/6573/6573
f 6578/6578/6578 6577/6577/6577 6579/6579/6579
f 6575/6575/6575 6494/6494/6494 6580/6580/6580
f 6575/6575/6575 6580/6580/6580 6576/6576/6576
f 6576/6576/6576 6581/6581/6581 6574/6574/6574
f 6581/6581/6581 6577/6577/6577 6574/6574/6574
f 6581/6581/6581 6576/6576/6576 6580/6580/6580
f 6577/6577/6577 6582/6582/6582 6579/6579/6579
f 6577/6577/6577 6581/6581/6581 6582/6582/6582
f 6582/6582/6582 6583/6583/6583 6579/6579/6579
f 6584/6584/6584 6583/6583/6583 6582/6582/6582
f 6581/6581/6581 6585/6585/6585 6582/6582/6582
f 6585/6585/6585 6584/6584/6584 6582/6582/6582
f 6581/6581/6581 6586/6586/6586 6585/6585/6585
f 6586/6586/6586 6581/6581/6581 6580/6580/6580
f 6587/6587/6587 6586/6586/6586 6580/6580/6580
f 6494/6494/6494 6588/6588/6588 6580/6580/6580
f 6588/6588/6588 6587/6587/6587 6580/6580/6580
f 6493/6493/6493 6588/6588/6588 6494/6494/6494
f 6587/6587/6587 6588/6588/6588 6493/6493/6493
f 6584/6584/6584 6585/6585/6585 6589/6589/6589
f 6586/6586/6586 6589/6589/6589 6585/6585/6585
f 6586/6586/6586 6587/6587/6587 6589/6589/6589
f 6590/6590/6590 6584/6584/6584 6589/6589/6589
f 6591/6591/6591 6590/6590/6590 6589/6589/6589
f 6592/6592/6592 6591/6591/6591 6589/6589/6589
f 6587/6587/6587 6592/6592/6592 6589/6589/6589
f 6591/6591/6591 6592/6592/6592 6593/6593/6593
f 6593/6593/6593 6592/6592/6592 6587/6587/6587
f 6594/6594/6594 6591/6591/6591 6593/6593/6593
f 6595/6595/6595 6594/6594/6594 6593/6593/6593
f 6496/6496/6496 6595/6595/6595 6593/6593/6593
f 6496/6496/6496 6596/6596/6596 6493/6493/6493
f 6596/6596/6596 6587/6587/6587 6493/6493/6493
f 6596/6596/6596 6496/6496/6496 6593/6593/6593
f 6596/6596/6596 6593/6593/6593 6587/6587/6587
f 6599/6599/6599 6598/6598/6598 6597/6597/6597
f 6600/6600/6600 6599/6599/6599 6597/6597/6597
f 6601/6601/6601 6599/6599/6599 6600/6600/6600
f 6602/6602/6602 6600/6600/6600 6597/6597/6597
f 6603/6603/6603 6602/6602/6602 6597/6597/6597
f 6602/6602/6602 6603/6603/6603 6604/6604/6604
f 6602/6602/6602 6605/6605/6605 6600/6600/6600
f 6602/6602/6602 6604/6604/6604 6605/6605/6605
f 6603/6603/6603 6606/6606/6606 6604/6604/6604
f 6606/6606/6606 6607/6607/6607 6604/6604/6604
f 6608/6608/6608 6601/6601/6601 6600/6600/6600
f 6605/6605/6605 6608/6608/6608 6600/6600/6600
f 6601/6601/6601 6608/6608/6608 6609/6609/6609
f 6610/6610/6610 6601/6601/6601 6609/6609/6609
f 6611/6611/6611 6610/6610/6610 6609/6609/6609
f 6612/6612/6612 6611/6611/6611 6609/6609/6609
f 6613/6613/6613 6612/6612/6612 6609/6609/6609
f 6614/6614/6614 6609/6609/6609 6608/6608/6608
f 6614/6614/6614 6613/6613/6613 6609/6609/6609
f 6605/6605/6605 6614/6614/6614 6608/6608/6608
f 6613/6613/6613 6614/6614/6614 6615/6615/6615
f 6614/6614/6614 6605/6605/6605 6615/6615/6615
f 6616/6616/6616 6613/6613/6613 6615/6615/6615
f 6617/6617/6617 6616/6616/6616 6615/6615/6615
f 6618/6618/6618 6617/6617/6617 6615/6615/6615
f 6605/6605/6605 6619/6619/6619 6615/6615/6615
f 6618/6618/6618 6615/6615/6615 6619/6619/6619
f 6617/6617/6617 6618/6618/6618 6620/6620/6620
f 6621/6621/6621 6617/6617/6617 6620/6620/6620
f 6622/6622/6622 6621/6621/6621 6620/6620/6620
f 6623/6623/6623 6622/6622/6622 6620/6620/6620
f 6624/6624/6624 6623/6623/6623 6620/6620/6620
f 6625/6625/6625 6624/6624/6624 6620/6620/6620
f 6625/6625/6625 6620/6620/6620 6618/6618/6618
f 6624/6624/6624 6625/6625/6625 6626/6626/6626
f 6627/6627/6627 6625/6625/6625 6618/6618/6618
f 6627/6627/6627 6618/6618/6618 6619/6619/6619
f 6625/6625/6625 6628/6628/6628 6626/6626/6626
f 6625/6625/6625 6627/6627/6627 6628/6628/6628
f 6627/6627/6627 6619/6619/6619 6629/6629/6629
f 6627/6627/6627 6629/6629/6629 6628/6628/6628
f 6619/6619/6619 6605/6605/6605 6630/6630/6630
f 6619/6619/6619 6630/6630/6630 6629/6629/6629
f 6628/6628/6628 6631/6631/6631 6626/6626/6626
f 6631/6631/6631 6632/6632/6632 6626/6626/6626
f 6632/6632/6632 6631/6631/6631 6633/6633/6633
f 6629/6629/6629 6634/6634/6634 6628/6628/6628
f 6634/6634/6634 6631/6631/6631 6628/6628/6628
f 6634/6634/6634 6629/6629/6629 6630/6630/6630
f 6631/6631/6631 6635/6635/6635 6633/6633/6633
f 6631/6631/6631 6634/6634/6634 6635/6635/6635
f 6635/6635/6635 6636/6636/6636 6633/6633/6633
f 6637/6637/6637 6636/6636/6636 6635/6635/6635
f 6634/6634/6634 6638/6638/6638 6635/6635/6635
f 6638/6638/6638 6637/6637/6637 6635/6635/6635
f 6634/6634/6634 6639/6639/6639 6638/6638/6638
f 6639/6639/6639 6634/6634/6634 6630/6630/6630
f 6640/6640/6640 6639/6639/6639 6630/6630/6630
f 6605/6605/6605 6641/6641/6641 6630/6630/6630
f 6641/6641/6641 6640/6640/6640 6630/6630/6630
f 6604/6604/6604 6641/6641/6641 6605/6605/6605
f 6640/6640/6640 6641/6641/6641 6604/6604/6604
f 6637/6637/6637 6638/6638/6638 6642/6642/6642
f 6639/6639/6639 6642/6642/6642 6638/6638/6638
f 6639/6639/6639 6640/6640/6640 6642/6642/6642
f 6643/6643/6643 6637/6637/6637 6642/6642/6642
f 6644/6644/6644 6643/6643/6643 6642/6642/6642
f 6645/6645/6645 6644/6644/6644 6642/6642/6642
f 6640/6640/6640 6645/6645/6645 6642/6642/6642
f 6644/6644/6644 6645/6645/6645 6646/6646/6646
f 6646/6646/6646 6645/6645/6645 6640/6640/6640
f 6647/6647/6647 6644/6644/6644 6646/6646/6646
f 6648/6648/6648 6647/6647/6647 6646/6646/6646
f 6607/6607/6607 6648/6648/6648 6646/6646/6646
f 6607/6607/6607 6649/6649/6649 6604/6604/6604
f 6649/6649/6649 6640/6640/6640 6604/6604/6604
f 6649/6649/6649 6607/6607/6607 6646/6646/6646
f 6649/6649/6649 6646/6646/6646 6640/6640/6640
f 6652/6652/6652 6651/6651/6651 6650/6650/6650
f 6651/6651/6651 6653/6653/6653 6650/6650/6650
f 6654/6654/6654 6650/6650/6650 6653/6653/6653
f 6651/6651/6651 6655/6655/6655 6653/6653/6653
f 6656/6656/6656 6654/6654/6654 6653/6653/6653
f 6657/6657/6657 6656/6656/6656 6653/6653/6653
f 6654/6654/6654 6656/6656/6656 6658/6658/6658
f 6655/6655/6655 6659/6659/6659 6653/6653/6653
f 6659/6659/6659 6657/6657/6657 6653/6653/6653
f 6655/6655/6655 6660/6660/6660 6659/6659/6659
f 6660/6660/6660 6661/6661/6661 6659/6659/6659
f 6657/6657/6657 6659/6659/6659 6661/6661/6661
f 6661/6661/6661 6660/6660/6660 6662/6662/6662
f 6662/6662/6662 6663/6663/6663 6661/6661/6661
f 6663/6663/6663 6664/6664/6664 6661/6661/6661
f 6664/6664/6664 6657/6657/6657 6661/6661/6661
f 6664/6664/6664 6663/6663/6663 6665/6665/6665
f 6656/6656/6656 6666/6666/6666 6658/6658/6658
f 6656/6656/6656 6657/6657/6657 6666/6666/6666
f 6666/6666/6666 6667/6667/6667 6658/6658/6658
f 6667/6667/6667 6668/6668/6668 6658/6658/6658
f 6668/6668/6668 6667/6667/6667 6669/6669/6669
f 6667/6667/6667 6670/6670/6670 6669/6669/6669
f 6670/6670/6670 6671/6671/6671 6669/6669/6669
f 6672/6672/6672 6671/6671/6671 6670/6670/6670
f 6673/6673/6673 6667/6667/6667 6666/6666/6666
f 6667/6667/6667 6673/6673/6673 6670/6670/6670
f 6657/6657/6657 6674/6674/6674 6666/6666/6666
f 6674/6674/6674 6673/6673/6673 6666/6666/6666
f 6675/6675/6675 6657/6657/6657 6664/6664/6664
f 6657/6657/6657 6675/6675/6675 6674/6674/6674
f 6676/6676/6676 6664/6664/6664 6665/6665/6665
f 6676/6676/6676 6675/6675/6675 6664/6664/6664
f 6677/6677/6677 6675/6675/6675 6676/6676/6676
f 6675/6675/6675 6678/6678/6678 6674/6674/6674
f 6673/6673/6673 6674/6674/6674 6678/6678/6678
f 6675/6675/6675 6677/6677/6677 6678/6678/6678
f 6679/6679/6679 6676/6676/6676 6665/6665/6665
f 6679/6679/6679 6677/6677/6677 6676/6676/6676
f 6680/6680/6680 6679/6679/6679 6665/6665/6665
f 6680/6680/6680 6681/6681/6681 6679/6679/6679
f 6681/6681/6681 6682/6682/6682 6679/6679/6679
f 6677/6677/6677 6679/6679/6679 6682/6682/6682
f 6681/6681/6681 6683/6683/6683 6682/6682/6682
f 6683/6683/6683 6684/6684/6684 6682/6682/6682
f 6684/6684/6684 6685/6685/6685 6682/6682/6682
f 6685/6685/6685 6686/6686/6686 6682/6682/6682
f 6686/6686/6686 6677/6677/6677 6682/6682/6682
f 6686/6686/6686 6685/6685/6685 6687/6687/6687
f 6686/6686/6686 6687/6687/6687 6677/6677/6677
f 6685/6685/6685 6688/6688/6688 6687/6687/6687
f 6688/6688/6688 6689/6689/6689 6687/6687/6687
f 6677/6677/6677 6690/6690/6690 6678/6678/6678
f 6687/6687/6687 6690/6690/6690 6677/6677/6677
f 6690/6690/6690 6691/6691/6691 6678/6678/6678
f 6691/6691/6691 6690/6690/6690 6687/6687/6687
f 6689/6689/6689 6692/6692/6692 6687/6687/6687
f 6692/6692/6692 6691/6691/6691 6687/6687/6687
f 6692/6692/6692 6689/6689/6689 6693/6693/6693
f 6692/6692/6692 6693/6693/6693 6691/6691/6691
f 6689/6689/6689 6694/6694/6694 6693/6693/6693
f 6694/6694/6694 6695/6695/6695 6693/6693/6693
f 6695/6695/6695 6696/6696/6696 6693/6693/6693
f 6696/6696/6696 6697/6697/6697 6693/6693/6693
f 6693/6693/6693 6697/6697/6697 6691/6691/6691
f 6697/6697/6697 6696/6696/6696 6698/6698/6698
f 6691/6691/6691 6697/6697/6697 6698/6698/6698
f 6696/6696/6696 6699/6699/6699 6698/6698/6698
f 6699/6699/6699 6672/6672/6672 6698/6698/6698
f 6691/6691/6691 6700/6700/6700 6678/6678/6678
f 6700/6700/6700 6691/6691/6691 6698/6698/6698
f 6700/6700/6700 6673/6673/6673 6678/6678/6678
f 6672/6672/6672 6701/6701/6701 6698/6698/6698
f 6700/6700/6700 6698/6698/6698 6701/6701/6701
f 6673/6673/6673 6700/6700/6700 6701/6701/6701
f 6701/6701/6701 6672/6672/6672 6670/6670/6670
f 6673/6673/6673 6701/6701/6701 6670/6670/6670
f 6704/6704/6704 6703/6703/6703 6702/6702/6702
f 6705/6705/6705 6704/6704/6704 6702/6702/6702
f 6705/6705/6705 6702/6702/6702 6706/6706/6706
f 6707/6707/6707 6705/6705/6705 6706/6706/6706
f 6705/6705/6705 6707/6707/6707 6708/6708/6708
f 6709/6709/6709 6708/6708/6708 6707/6707/6707
f 6710/6710/6710 6705/6705/6705 6708/6708/6708
f 6705/6705/6705 6710/6710/6710 6704/6704/6704
f 6711/6711/6711 6710/6710/6710 6708/6708/6708
f 6712/6712/6712 6711/6711/6711 6708/6708/6708
f 6711/6711/6711 6712/6712/6712 6713/6713/6713
f 6712/6712/6712 6714/6714/6714 6713/6713/6713
f 6714/6714/6714 6715/6715/6715 6713/6713/6713
f 6713/6713/6713 6715/6715/6715 6716/6716/6716
f 6715/6715/6715 6717/6717/6717 6716/6716/6716
f 6716/6716/6716 6718/6718/6718 6713/6713/6713
f 6718/6718/6718 6719/6719/6719 6713/6713/6713
f 6719/6719/6719 6711/6711/6711 6713/6713/6713
f 6719/6719/6719 6718/6718/6718 6720/6720/6720
f 6721/6721/6721 6719/6719/6719 6720/6720/6720
f 6711/6711/6711 6719/6719/6719 6721/6721/6721
f 6722/6722/6722 6721/6721/6721 6720/6720/6720
f 6723/6723/6723 6722/6722/6722 6720/6720/6720
f 6722/6722/6722 6723/6723/6723 6724/6724/6724
f 6725/6725/6725 6722/6722/6722 6724/6724/6724
f 6726/6726/6726 6725/6725/6725 6724/6724/6724
f 6726/6726/6726 6727/6727/6727 6725/6725/6725
f 6722/6722/6722 6728/6728/6728 6721/6721/6721
f 6728/6728/6728 6722/6722/6722 6725/6725/6725
f 6729/6729/6729 6711/6711/6711 6721/6721/6721
f 6728/6728/6728 6729/6729/6729 6721/6721/6721
f 6727/6727/6727 6730/6730/6730 6725/6725/6725
f 6730/6730/6730 6728/6728/6728 6725/6725/6725
f 6731/6731/6731 6711/6711/6711 6729/6729/6729
f 6711/6711/6711 6731/6731/6731 6710/6710/6710
f 6730/6730/6730 6727/6727/6727 6732/6732/6732
f 6727/6727/6727 6733/6733/6733 6732/6732/6732
f 6733/6733/6733 6734/6734/6734 6732/6732/6732
f 6729/6729/6729 6728/6728/6728 6735/6735/6735
f 6735/6735/6735 6731/6731/6731 6729/6729/6729
f 6736/6736/6736 6731/6731/6731 6735/6735/6735
f 6731/6731/6731 6737/6737/6737 6710/6710/6710
f 6731/6731/6731 6736/6736/6736 6737/6737/6737
f 6710/6710/6710 6737/6737/6737 6704/6704/6704
f 6738/6738/6738 6728/6728/6728 6730/6730/6730
f 6732/6732/6732 6738/6738/6738 6730/6730/6730
f 6728/6728/6728 6738/6738/6738 6735/6735/6735
f 6739/6739/6739 6738/6738/6738 6732/6732/6732
f 6738/6738/6738 6739/6739/6739 6735/6735/6735
f 6737/6737/6737 6740/6740/6740 6704/6704/6704
f 6736/6736/6736 6740/6740/6740 6737/6737/6737
f 6740/6740/6740 6741/6741/6741 6704/6704/6704
f 6742/6742/6742 6741/6741/6741 6740/6740/6740
f 6743/6743/6743 6742/6742/6742 6740/6740/6740
f 6740/6740/6740 6736/6736/6736 6743/6743/6743
f 6744/6744/6744 6742/6742/6742 6743/6743/6743
f 6745/6745/6745 6744/6744/6744 6743/6743/6743
f 6746/6746/6746 6745/6745/6745 6743/6743/6743
f 6747/6747/6747 6746/6746/6746 6743/6743/6743
f 6736/6736/6736 6747/6747/6747 6743/6743/6743
f 6746/6746/6746 6747/6747/6747 6748/6748/6748
f 6748/6748/6748 6747/6747/6747 6736/6736/6736
f 6749/6749/6749 6746/6746/6746 6748/6748/6748
f 6750/6750/6750 6749/6749/6749 6748/6748/6748
f 6751/6751/6751 6748/6748/6748 6736/6736/6736
f 6751/6751/6751 6736/6736/6736 6735/6735/6735
f 6739/6739/6739 6751/6751/6751 6735/6735/6735
f 6751/6751/6751 6739/6739/6739 6748/6748/6748
f 6752/6752/6752 6750/6750/6750 6748/6748/6748
f 6739/6739/6739 6752/6752/6752 6748/6748/6748
f 6750/6750/6750 6752/6752/6752 6753/6753/6753
f 6753/6753/6753 6752/6752/6752 6739/6739/6739
f 6754/6754/6754 6750/6750/6750 6753/6753/6753
f 6755/6755/6755 6754/6754/6754 6753/6753/6753
f 6734/6734/6734 6755/6755/6755 6753/6753/6753
f 6756/6756/6756 6753/6753/6753 6739/6739/6739
f 6756/6756/6756 6734/6734/6734 6753/6753/6753
f 6756/6756/6756 6739/6739/6739 6732/6732/6732
f 6734/6734/6734 6756/6756/6756 6732/6732/6732
f 6759/6759/6759 6758/6758/6758 6757/6757/6757
f 6758/6758/6758 6760/6760/6760 6757/6757/6757
f 6758/6758/6758 6761/6761/6761 6760/6760/6760
f 6760/6760/6760 6762/6762/6762 6757/6757/6757
f 6762/6762/6762 6763/6763/6763 6757/6757/6757
f 6763/6763/6763 6762/6762/6762 6764/6764/6764
f 6765/6765/6765 6762/6762/6762 6760/6760/6760
f 6764/6764/6764 6762/6762/6762 6765/6765/6765
f 6766/6766/6766 6763/6763/6763 6764/6764/6764
f 6767/6767/6767 6766/6766/6766 6764/6764/6764
f 6761/6761/6761 6768/6768/6768 6760/6760/6760
f 6768/6768/6768 6765/6765/6765 6760/6760/6760
f 6768/6768/6768 6761/6761/6761 6769/6769/6769
f 6765/6765/6765 6768/6768/6768 6770/6770/6770
f 6768/6768/6768 6769/6769/6769 6770/6770/6770
f 6761/6761/6761 6771/6771/6771 6769/6769/6769
f 6771/6771/6771 6761/6761/6761 6772/6772/6772
f 6773/6773/6773 6771/6771/6771 6772/6772/6772
f 6769/6769/6769 6771/6771/6771 6774/6774/6774
f 6770/6770/6770 6769/6769/6769 6774/6774/6774
f 6775/6775/6775 6771/6771/6771 6773/6773/6773
f 6771/6771/6771 6775/6775/6775 6774/6774/6774
f 6776/6776/6776 6775/6775/6775 6773/6773/6773
f 6777/6777/6777 6775/6775/6775 6776/6776/6776
f 6778/6778/6778 6777/6777/6777 6776/6776/6776
f 6774/6774/6774 6775/6775/6775 6779/6779/6779
f 6775/6775/6775 6777/6777/6777 6779/6779/6779
f 6774/6774/6774 6779/6779/6779 6780/6780/6780
f 6781/6781/6781 6777/6777/6777 6778/6778/6778
f 6782/6782/6782 6781/6781/6781 6778/6778/6778
f 6779/6779/6779 6777/6777/6777 6783/6783/6783
f 6780/6780/6780 6779/6779/6779 6783/6783/6783
f 6777/6777/6777 6781/6781/6781 6783/6783/6783
f 6784/6784/6784 6781/6781/6781 6782/6782/6782
f 6785/6785/6785 6784/6784/6784 6782/6782/6782
f 6783/6783/6783 6781/6781/6781 6786/6786/6786
f 6781/6781/6781 6784/6784/6784 6786/6786/6786
f 6787/6787/6787 6784/6784/6784 6785/6785/6785
f 6788/6788/6788 6787/6787/6787 6785/6785/6785
f 6784/6784/6784 6787/6787/6787 6789/6789/6789
f 6786/6786/6786 6784/6784/6784 6789/6789/6789
f 6790/6790/6790 6774/6774/6774 6780/6780/6780
f 6790/6790/6790 6770/6770/6770 6774/6774/6774
f 6770/6770/6770 6790/6790/6790 6791/6791/6791
f 6791/6791/6791 6790/6790/6790 6780/6780/6780
f 6792/6792/6792 6783/6783/6783 6786/6786/6786
f 6792/6792/6792 6780/6780/6780 6783/6783/6783
f 6789/6789/6789 6787/6787/6787 6793/6793/6793
f 6787/6787/6787 6794/6794/6794 6793/6793/6793
f 6794/6794/6794 6795/6795/6795 6793/6793/6793
f 6795/6795/6795 6796/6796/6796 6793/6793/6793
f 6796/6796/6796 6797/6797/6797 6793/6793/6793
f 6797/6797/6797 6798/6798/6798 6793/6793/6793
f 6793/6793/6793 6798/6798/6798 6789/6789/6789
f 6798/6798/6798 6797/6797/6797 6799/6799/6799
f 6789/6789/6789 6800/6800/6800 6786/6786/6786
f 6798/6798/6798 6800/6800/6800 6789/6789/6789
f 6801/6801/6801 6798/6798/6798 6799/6799/6799
f 6800/6800/6800 6798/6798/6798 6801/6801/6801
f 6802/6802/6802 6792/6792/6792 6786/6786/6786
f 6800/6800/6800 6802/6802/6802 6786/6786/6786
f 6803/6803/6803 6801/6801/6801 6799/6799/6799
f 6804/6804/6804 6803/6803/6803 6799/6799/6799
f 6803/6803/6803 6804/6804/6804 6805/6805/6805
f 6806/6806/6806 6803/6803/6803 6805/6805/6805
f 6807/6807/6807 6806/6806/6806 6805/6805/6805
f 6807/6807/6807 6808/6808/6808 6806/6806/6806
f 6803/6803/6803 6809/6809/6809 6801/6801/6801
f 6809/6809/6809 6803/6803/6803 6806/6806/6806
f 6810/6810/6810 6800/6800/6800 6801/6801/6801
f 6809/6809/6809 6810/6810/6810 6801/6801/6801
f 6802/6802/6802 6800/6800/6800 6811/6811/6811
f 6811/6811/6811 6800/6800/6800 6810/6810/6810
f 6792/6792/6792 6802/6802/6802 6812/6812/6812
f 6812/6812/6812 6802/6802/6802 6811/6811/6811
f 6811/6811/6811 6813/6813/6813 6812/6812/6812
f 6814/6814/6814 6811/6811/6811 6810/6810/6810
f 6810/6810/6810 6809/6809/6809 6814/6814/6814
f 6813/6813/6813 6811/6811/6811 6814/6814/6814
f 6808/6808/6808 6815/6815/6815 6806/6806/6806
f 6815/6815/6815 6809/6809/6809 6806/6806/6806
f 6815/6815/6815 6808/6808/6808 6816/6816/6816
f 6808/6808/6808 6817/6817/6817 6816/6816/6816
f 6817/6817/6817 6818/6818/6818 6816/6816/6816
f 6819/6819/6819 6809/6809/6809 6815/6815/6815
f 6809/6809/6809 6819/6819/6819 6814/6814/6814
f 6816/6816/6816 6819/6819/6819 6815/6815/6815
f 6819/6819/6819 6820/6820/6820 6814/6814/6814
f 6820/6820/6820 6819/6819/6819 6816/6816/6816
f 6818/6818/6818 6821/6821/6821 6816/6816/6816
f 6821/6821/6821 6820/6820/6820 6816/6816/6816
f 6821/6821/6821 6818/6818/6818 6822/6822/6822
f 6821/6821/6821 6822/6822/6822 6820/6820/6820
f 6818/6818/6818 6823/6823/6823 6822/6822/6822
f 6823/6823/6823 6824/6824/6824 6822/6822/6822
f 6824/6824/6824 6825/6825/6825 6822/6822/6822
f 6825/6825/6825 6826/6826/6826 6822/6822/6822
f 6822/6822/6822 6826/6826/6826 6820/6820/6820
f 6826/6826/6826 6825/6825/6825 6827/6827/6827
f 6820/6820/6820 6826/6826/6826 6827/6827/6827
f 6825/6825/6825 6828/6828/6828 6827/6827/6827
f 6828/6828/6828 6829/6829/6829 6827/6827/6827
f 6820/6820/6820 6830/6830/6830 6814/6814/6814
f 6830/6830/6830 6820/6820/6820 6827/6827/6827
f 6830/6830/6830 6813/6813/6813 6814/6814/6814
f 6830/6830/6830 6827/6827/6827 6813/6813/6813
f 6829/6829/6829 6831/6831/6831 6827/6827/6827
f 6827/6827/6827 6831/6831/6831 6813/6813/6813
f 6831/6831/6831 6829/6829/6829 6832/6832/6832
f 6813/6813/6813 6831/6831/6831 6833/6833/6833
f 6833/6833/6833 6831/6831/6831 6832/6832/6832
f 6834/6834/6834 6833/6833/6833 6832/6832/6832
f 6835/6835/6835 6834/6834/6834 6832/6832/6832
f 6834/6834/6834 6836/6836/6836 6833/6833/6833
f 6837/6837/6837 6813/6813/6813 6833/6833/6833
f 6836/6836/6836 6837/6837/6837 6833/6833/6833
f 6813/6813/6813 6837/6837/6837 6812/6812/6812
f 6837/6837/6837 6836/6836/6836 6812/6812/6812
f 6836/6836/6836 6838/6838/6838 6812/6812/6812
f 6838/6838/6838 6792/6792/6792 6812/6812/6812
f 6836/6836/6836 6839/6839/6839 6838/6838/6838
f 6780/6780/6780 6792/6792/6792 6838/6838/6838
f 6839/6839/6839 6840/6840/6840 6838/6838/6838
f 6840/6840/6840 6780/6780/6780 6838/6838/6838
f 6840/6840/6840 6839/6839/6839 6841/6841/6841
f 6840/6840/6840 6791/6791/6791 6780/6780/6780
f 6791/6791/6791 6840/6840/6840 6841/6841/6841
f 6841/6841/6841 6842/6842/6842 6791/6791/6791
f 6842/6842/6842 6843/6843/6843 6791/6791/6791
f 6843/6843/6843 6770/6770/6770 6791/6791/6791
f 6765/6765/6765 6770/6770/6770 6843/6843/6843
f 6842/6842/6842 6841/6841/6841 6844/6844/6844
f 6841/6841/6841 6845/6845/6845 6844/6844/6844
f 6842/6842/6842 6846/6846/6846 6843/6843/6843
f 6846/6846/6846 6842/6842/6842 6844/6844/6844
f 6844/6844/6844 6845/6845/6845 6847/6847/6847
f 6845/6845/6845 6848/6848/6848 6847/6847/6847
f 6849/6849/6849 6844/6844/6844 6847/6847/6847
f 6849/6849/6849 6846/6846/6846 6844/6844/6844
f 6850/6850/6850 6849/6849/6849 6847/6847/6847
f 6849/6849/6849 6850/6850/6850 6851/6851/6851
f 6852/6852/6852 6849/6849/6849 6851/6851/6851
f 6846/6846/6846 6849/6849/6849 6852/6852/6852
f 6846/6846/6846 6853/6853/6853 6843/6843/6843
f 6853/6853/6853 6765/6765/6765 6843/6843/6843
f 6853/6853/6853 6846/6846/6846 6854/6854/6854
f 6854/6854/6854 6846/6846/6846 6852/6852/6852
f 6855/6855/6855 6852/6852/6852 6851/6851/6851
f 6856/6856/6856 6855/6855/6855 6851/6851/6851
f 6855/6855/6855 6856/6856/6856 6857/6857/6857
f 6765/6765/6765 6853/6853/6853 6858/6858/6858
f 6858/6858/6858 6853/6853/6853 6854/6854/6854
f 6859/6859/6859 6854/6854/6854 6852/6852/6852
f 6855/6855/6855 6859/6859/6859 6852/6852/6852
f 6854/6854/6854 6859/6859/6859 6858/6858/6858
f 6860/6860/6860 6855/6855/6855 6857/6857/6857
f 6859/6859/6859 6855/6855/6855 6860/6860/6860
f 6861/6861/6861 6860/6860/6860 6857/6857/6857
f 6861/6861/6861 6862/6862/6862 6860/6860/6860
f 6863/6863/6863 6859/6859/6859 6860/6860/6860
f 6862/6862/6862 6863/6863/6863 6860/6860/6860
f 6864/6864/6864 6859/6859/6859 6863/6863/6863
f 6859/6859/6859 6864/6864/6864 6858/6858/6858
f 6864/6864/6864 6865/6865/6865 6858/6858/6858
f 6866/6866/6866 6765/6765/6765 6858/6858/6858
f 6865/6865/6865 6866/6866/6866 6858/6858/6858
f 6866/6866/6866 6764/6764/6764 6765/6765/6765
f 6866/6866/6866 6865/6865/6865 6764/6764/6764
f 6863/6863/6863 6862/6862/6862 6867/6867/6867
f 6867/6867/6867 6864/6864/6864 6863/6863/6863
f 6865/6865/6865 6864/6864/6864 6867/6867/6867
f 6862/6862/6862 6868/6868/6868 6867/6867/6867
f 6868/6868/6868 6869/6869/6869 6867/6867/6867
f 6869/6869/6869 6870/6870/6870 6867/6867/6867
f 6870/6870/6870 6865/6865/6865 6867/6867/6867
f 6870/6870/6870 6869/6869/6869 6871/6871/6871
f 6870/6870/6870 6871/6871/6871 6865/6865/6865
f 6869/6869/6869 6872/6872/6872 6871/6871/6871
f 6872/6872/6872 6873/6873/6873 6871/6871/6871
f 6873/6873/6873 6767/6767/6767 6871/6871/6871
f 6874/6874/6874 6767/6767/6767 6764/6764/6764
f 6865/6865/6865 6874/6874/6874 6764/6764/6764
f 6767/6767/6767 6874/6874/6874 6871/6871/6871
f 6871/6871/6871 6874/6874/6874 6865/6865/6865
f 6877/6877/6877 6876/6876/6876 6875/6875/6875
f 6876/6876/6876 6878/6878/6878 6875/6875/6875
f 6876/6876/6876 6879/6879/6879 6878/6878/6878
f 6878/6878/6878 6880/6880/6880 6875/6875/6875
f 6880/6880/6880 6881/6881/6881 6875/6875/6875
f 6881/6881/6881 6880/6880/6880 6882/6882/6882
f 6883/6883/6883 6880/6880/6880 6878/6878/6878
f 6882/6882/6882 6880/6880/6880 6883/6883/6883
f 6884/6884/6884 6881/6881/6881 6882/6882/6882
f 6885/6885/6885 6884/6884/6884 6882/6882/6882
f 6879/6879/6879 6886/6886/6886 6878/6878/6878
f 6886/6886/6886 6883/6883/6883 6878/6878/6878
f 6886/6886/6886 6879/6879/6879 6887/6887/6887
f 6879/6879/6879 6888/6888/6888 6887/6887/6887
f 6888/6888/6888 6889/6889/6889 6887/6887/6887
f 6889/6889/6889 6890/6890/6890 6887/6887/6887
f 6890/6890/6890 6891/6891/6891 6887/6887/6887
f 6887/6887/6887 6892/6892/6892 6886/6886/6886
f 6891/6891/6891 6892/6892/6892 6887/6887/6887
f 6892/6892/6892 6883/6883/6883 6886/6886/6886
f 6892/6892/6892 6891/6891/6891 6893/6893/6893
f 6883/6883/6883 6892/6892/6892 6893/6893/6893
f 6891/6891/6891 6894/6894/6894 6893/6893/6893
f 6894/6894/6894 6895/6895/6895 6893/6893/6893
f 6895/6895/6895 6896/6896/6896 6893/6893/6893
f 6897/6897/6897 6883/6883/6883 6893/6893/6893
f 6893/6893/6893 6896/6896/6896 6897/6897/6897
f 6896/6896/6896 6895/6895/6895 6898/6898/6898
f 6895/6895/6895 6899/6899/6899 6898/6898/6898
f 6899/6899/6899 6900/6900/6900 6898/6898/6898
f 6900/6900/6900 6901/6901/6901 6898/6898/6898
f 6901/6901/6901 6902/6902/6902 6898/6898/6898
f 6902/6902/6902 6903/6903/6903 6898/6898/6898
f 6898/6898/6898 6903/6903/6903 6896/6896/6896
f 6903/6903/6903 6902/6902/6902 6904/6904/6904
f 6903/6903/6903 6905/6905/6905 6896/6896/6896
f 6896/6896/6896 6905/6905/6905 6897/6897/6897
f 6906/6906/6906 6903/6903/6903 6904/6904/6904
f 6905/6905/6905 6903/6903/6903 6906/6906/6906
f 6897/6897/6897 6905/6905/6905 6907/6907/6907
f 6907/6907/6907 6905/6905/6905 6906/6906/6906
f 6883/6883/6883 6897/6897/6897 6908/6908/6908
f 6908/6908/6908 6897/6897/6897 6907/6907/6907
f 6909/6909/6909 6906/6906/6906 6904/6904/6904
f 6910/6910/6910 6909/6909/6909 6904/6904/6904
f 6909/6909/6909 6910/6910/6910 6911/6911/6911
f 6912/6912/6912 6907/6907/6907 6906/6906/6906
f 6909/6909/6909 6912/6912/6912 6906/6906/6906
f 6907/6907/6907 6912/6912/6912 6908/6908/6908
f 6913/6913/6913 6909/6909/6909 6911/6911/6911
f 6912/6912/6912 6909/6909/6909 6913/6913/6913
f 6914/6914/6914 6913/6913/6913 6911/6911/6911
f 6914/6914/6914 6915/6915/6915 6913/6913/6913
f 6916/6916/6916 6912/6912/6912 6913/6913/6913
f 6915/6915/6915 6916/6916/6916 6913/6913/6913
f 6917/6917/6917 6912/6912/6912 6916/6916/6916
f 6912/6912/6912 6917/6917/6917 6908/6908/6908
f 6917/6917/6917 6918/6918/6918 6908/6908/6908
f 6919/6919/6919 6883/6883/6883 6908/6908/6908
f 6918/6918/6918 6919/6919/6919 6908/6908/6908
f 6919/6919/6919 6882/6882/6882 6883/6883/6883
f 6919/6919/6919 6918/6918/6918 6882/6882/6882
f 6916/6916/6916 6915/6915/6915 6920/6920/6920
f 6920/6920/6920 6917/6917/6917 6916/6916/6916
f 6918/6918/6918 6917/6917/6917 6920/6920/6920
f 6915/6915/6915 6921/6921/6921 6920/6920/6920
f 6921/6921/6921 6922/6922/6922 6920/6920/6920
f 6922/6922/6922 6923/6923/6923 6920/6920/6920
f 6923/6923/6923 6918/6918/6918 6920/6920/6920
f 6923/6923/6923 6922/6922/6922 6924/6924/6924
f 6923/6923/6923 6924/6924/6924 6918/6918/6918
f 6922/6922/6922 6925/6925/6925 6924/6924/6924
f 6925/6925/6925 6926/6926/6926 6924/6924/6924
f 6926/6926/6926 6885/6885/6885 6924/6924/6924
f 6927/6927/6927 6885/6885/6885 6882/6882/6882
f 6918/6918/6918 6927/6927/6927 6882/6882/6882
f 6885/6885/6885 6927/6927/6927 6924/6924/6924
f 6924/6924/6924 6927/6927/6927 6918/6918/6918
f 6930/6930/6930 6929/6929/6929 6928/6928/6928
f 6931/6931/6931 6930/6930/6930 6928/6928/6928
f 6934/6934/6934 6933/6933/6933 6932/6932/6932
f 6935/6935/6935 6934/6934/6934 6932/6932/6932
f 6936/6936/6936 6934/6934/6934 6935/6935/6935
f 6937/6937/6937 6936/6936/6936 6935/6935/6935
f 6940/6940/6940 6939/6939/6939 6938/6938/6938
f 6939/6939/6939 6941/6941/6941 6938/6938/6938
f 6941/6941/6941 6942/6942/6942 6938/6938/6938
f 6942/6942/6942 6943/6943/6943 6938/6938/6938
f 6943/6943/6943 6942/6942/6942 6944/6944/6944
f 6942/6942/6942 6945/6945/6945 6944/6944/6944
f 6944/6944/6944 6945/6945/6945 6946/6946/6946
f 6945/6945/6945 6947/6947/6947 6946/6946/6946
f 6946/6946/6946 6947/6947/6947 6948/6948/6948
f 6947/6947/6947 6949/6949/6949 6948/6948/6948
f 6948/6948/6948 6949/6949/6949 6950/6950/6950
f 6949/6949/6949 6951/6951/6951 6950/6950/6950
f 6950/6950/6950 6951/6951/6951 6952/6952/6952
f 6951/6951/6951 6953/6953/6953 6952/6952/6952
f 6952/6952/6952 6953/6953/6953 6954/6954/6954
f 6953/6953/6953 6955/6955/6955 6954/6954/6954
f 6958/6958/6958 6957/6957/6957 6956/6956/6956
f 6957/6957/6957 6959/6959/6959 6956/6956/6956
f 6956/6956/6956 6959/6959/6959 6960/6960/6960
f 6959/6959/6959 6961/6961/6961 6960/6960/6960
f 6960/6960/6960 6961/6961/6961 6962/6962/6962
f 6961/6961/6961 6963/6963/6963 6962/6962/6962
f 6963/6963/6963 6964/6964/6964 6962/6962/6962
f 6964/6964/6964 6965/6965/6965 6962/6962/6962
f 6968/6968/6968 6967/6967/6967 6966/6966/6966
f 6967/6967/6967 6969/6969/6969 6966/6966/6966
f 6966/6966/6966 6969/6969/6969 6970/6970/6970
f 6969/6969/6969 6971/6971/6971 6970/6970/6970
f 6974/6974/6974 6973/6973/6973 6972/6972/6972
f 6973/6973/6973 6975/6975/6975 6972/6972/6972
f 6972/6972/6972 6975/6975/6975 6976/6976/6976
f 6975/6975/6975 6977/6977/6977 6976/6976/6976
f 6976/6976/6976 6977/6977/6977 6978/6978/6978
f 6977/6977/6977 6979/6979/6979 6978/6978/6978
f 6978/6978/6978 6979/6979/6979 6980/6980/6980
f 6979/6979/6979 6981/6981/6981 6980/6980/6980
f 6980/6980/6980 6981/6981/6981 6982/6982/6982
f 6981/6981/6981 6983/6983/6983 6982/6982/6982
f 6982/6982/6982 6983/6983/6983 6984/6984/6984
f 6983/6983/6983 6985/6985/6985 6984/6984/6984
f 6988/6988/6988 6987/6987/6987 6986/6986/6986
f 6987/6987/6987 6989/6989/6989 6986/6986/6986
f 6986/6986/6986 6989/6989/6989 6990/6990/6990
f 6989/6989/6989 6991/6991/6991 6990/6990/6990
f 6990/6990/6990 6991/6991/6991 6992/6992/6992
f 6991/6991/6991 6993/6993/6993 6992/6992/6992
f 6992/6992/6992 6993/6993/6993 6994/6994/6994
f 6993/6993/6993 6995/6995/6995 6994/6994/6994
f 6994/6994/6994 6995/6995/6995 6996/6996/6996
f 6995/6995/6995 6997/6997/6997 6996/6996/6996
f 6996/6996/6996 6997/6997/6997 6998/6998/6998
f 6997/6997/6997 6999/6999/6999 6998/6998/6998
f 7002/7002/7002 7001/7001/7001 7000/7000/7000
f 7001/7001/7001 7003/7003/7003 7000/7000/7000
f 7000/7000/7000 7003/7003/7003 7004/7004/7004
f 7003/7003/7003 7005/7005/7005 7004/7004/7004
f 7004/7004/7004 7005/7005/7005 7006/7006/7006
f 7005/7005/7005 7007/7007/7007 7006/7006/7006
f 7006/7006/7006 7007/7007/7007 7008/7008/7008
f 7007/7007/7007 7009/7009/7009 7008/7008/7008
f 7008/7008/7008 7009/7009/7009 7010/7010/7010
f 7009/7009/7009 7011/7011/7011 7010/7010/7010
f 7010/7010/7010 7011/7011/7011 7012/7012/7012
f 7011/7011/7011 7013/7013/7013 7012/7012/7012
f 7016/7016/7016 7015/7015/7015 7014/7014/7014
f 7015/7015/7015 7017/7017/7017 7014/7014/7014
f 7014/7014/7014 7017/7017/7017 7018/7018/7018
f 7017/7017/7017 7019/7019/7019 7018/7018/7018
f 7018/7018/7018 7019/7019/7019 7020/7020/7020
f 7019/7019/7019 7021/7021/7021 7020/7020/7020
f 7020/7020/7020 7021/7021/7021 7022/7022/7022
f 7021/7021/7021 7023/7023/7023 7022/7022/7022
f 7022/7022/7022 7023/7023/7023 7024/7024/7024
f 7023/7023/7023 7025/7025/7025 7024/7024/7024
f 7024/7024/7024 7025/7025/7025 7026/7026/7026
f 7025/7025/7025 7027/7027/7027 7026/7026/7026
f 7030/7030/7030 7029/7029/7029 7028/7028/7028
f 7031/7031/7031 7030/7030/7030 7028/7028/7028
