g House_3
v -6.611881 15.451137 -5.347453
v 7.1317797 15.451137 -5.3471556
v 7.131262 26.588358 -5.3471465
v -6.6113653 26.588358 -5.3471994
v 3.5803542 10.4931965 5.964188
v 3.915873 0.9947437 6.546754
v 3.5803533 0.9947448 5.9641876
v 3.9158742 10.4931965 6.546755
v 3.580355 15.091152 5.964188
v 3.9158745 15.091152 6.546755
v 8.741291 2.126033 -5.9665494
v 8.741291 0.005124118 -5.9665494
v 8.7412815 0.005124118 6.708041
v 8.7412815 2.126033 6.708041
v -8.221324 2.126033 6.7121696
v -8.221324 0.005124118 6.7121696
v -8.221316 0.005124118 -5.9666166
v -8.221316 2.126033 -5.9666166
v -8.221316 2.126033 -5.9666166
v -7.720326 2.126033 -6.3914957
v 8.240299 2.126033 -6.3914323
v 8.741291 2.126033 -5.9665494
v -8.221324 2.126033 6.7121696
v 8.7412815 2.126033 6.708041
v 8.240292 2.126033 7.1330447
v -7.7203336 2.126033 7.1369286
v 8.240292 2.126033 7.1330447
v 8.240291 0.0051241177 7.1330442
v -7.7203345 0.0051234714 7.136928
v -7.7203336 2.126033 7.1369286
v -7.720326 2.126033 -6.3914957
v -7.720326 0.005124118 -6.3914957
v 8.240299 0.005124118 -6.3914323
v 8.240299 2.126033 -6.3914323
v 3.5161166 1.6269685 7.1330442
v 3.5161166 1.6269685 8.192007
v -2.8740315 1.6269685 8.192007
v -2.8740306 1.6269685 7.1330442
v 3.5161166 1.6269685 8.192007
v 3.5161166 0.8858234 8.192007
v -2.8740315 0.8858234 8.192007
v -2.8740315 1.6269685 8.192007
v 3.5161166 0.8858234 8.192007
v 3.5161166 0.8858234 9.011239
v -2.8740306 0.8858234 9.011239
v -2.8740315 0.8858234 8.192007
v 3.5161166 0.8858234 9.011239
v 3.5161166 0.0051234714 9.011239
v -2.8740306 0.0051234714 9.011239
v -2.8740306 0.8858234 9.011239
v -2.8740306 0.8858234 9.011239
v -2.8740306 0.0051234714 9.011239
v -2.8740306 0.0051234714 7.1330333
v -2.8740315 0.8858234 8.192007
v -2.8740306 1.6269685 7.1330442
v -2.8740315 1.6269685 8.192007
v 3.5161166 1.6269685 7.1330442
v 3.5161166 0.0051234714 7.1330333
v 3.5161166 0.0051234714 9.011239
v 3.5161166 0.8858234 8.192007
v 3.5161166 0.8858234 9.011239
v 3.5161166 1.6269685 8.192007
v -7.068751 10.4931965 -5.7817926
v -7.6122704 0.9947437 -5.3173466
v -7.069853 0.9947437 -5.7823334
v -7.6122704 10.4931965 -5.31598
v -7.068251 15.091151 -5.7815475
v -7.6122684 15.091151 -5.315361
v 7.135634 15.451137 5.665899
v 7.135634 15.451137 6.248466
v 7.642049 15.451137 5.221553
v 3.3717778 15.451137 5.6668725
v 3.686008 15.451137 6.249439
v 8.132241 10.4931965 -5.3153977
v 7.589737 0.9947437 -5.781234
v 8.132241 0.9947437 -5.3161974
v 7.588633 10.4931965 -5.781215
v 8.132241 15.091151 -5.3150315
v 7.5881324 15.091151 -5.7812066
v -7.7203345 0.0051234714 7.136928
v -8.221324 0.005124118 6.7121696
v -8.221324 2.126033 6.7121696
v -7.7203336 2.126033 7.1369286
v -7.720326 2.126033 -6.3914957
v -8.221316 2.126033 -5.9666166
v -8.221316 0.005124118 -5.9666166
v -7.720326 0.005124118 -6.3914957
v 8.741291 2.126033 -5.9665494
v 8.240299 2.126033 -6.3914323
v 8.240299 0.005124118 -6.3914323
v 8.741291 0.005124118 -5.9665494
v 8.7412815 0.005124118 6.708041
v 8.240291 0.0051241177 7.1330442
v 8.240292 2.126033 7.1330447
v 8.7412815 2.126033 6.708041
v 7.642043 24.641115 -3.7464283
v 7.642043 15.451135 -3.7466536
v 7.1281834 15.902549 -3.6106548
v 7.1281834 24.17353 -3.6104512
v 8.767181 10.685566 -5.9531784
v 8.767181 9.546016 -5.9531784
v 8.76717 9.546016 6.704691
v 8.76717 10.685566 6.704691
v -8.247214 10.685566 6.7089496
v -8.247214 9.546016 6.7089496
v -8.247206 9.546016 -5.953248
v -8.247206 10.685566 -5.953248
v -8.247206 10.685566 -5.953248
v -7.7446866 10.685566 -6.3914948
v 8.264659 10.685566 -6.3914285
v 8.767181 10.685566 -5.9531784
v -8.247214 10.685566 6.7089496
v 8.76717 10.685566 6.704691
v 8.264652 10.685566 7.1430664
v -7.744693 10.685566 7.147072
v 8.264652 10.685566 7.1430664
v 8.264652 9.546016 7.1430664
v -7.744693 9.546016 7.147072
v -7.744693 10.685566 7.147072
v -7.7446866 10.685566 -6.3914948
v -7.7446866 9.546016 -6.3914948
v 8.264659 9.546016 -6.3914285
v 8.264659 10.685566 -6.3914285
v -7.744693 9.546016 7.147072
v -8.247214 9.546016 6.7089496
v -8.247214 10.685566 6.7089496
v -7.744693 10.685566 7.147072
v -7.7446866 10.685566 -6.3914948
v -8.247206 10.685566 -5.953248
v -8.247206 9.546016 -5.953248
v -7.7446866 9.546016 -6.3914948
v 8.767181 10.685566 -5.9531784
v 8.264659 10.685566 -6.3914285
v 8.264659 9.546016 -6.3914285
v 8.767181 9.546016 -5.9531784
v 8.76717 9.546016 6.704691
v 8.264652 9.546016 7.1430664
v 8.264652 10.685566 7.1430664
v 8.76717 10.685566 6.704691
v 8.264659 9.546016 -6.3914285
v -7.7446866 9.546016 -6.3914948
v -8.247206 9.546016 -5.953248
v 8.767181 9.546016 -5.9531784
v -8.247214 9.546016 6.7089496
v 8.76717 9.546016 6.704691
v 8.264652 9.546016 7.1430664
v -7.744693 9.546016 7.147072
v 8.132235 15.091151 5.4893403
v 8.132241 15.091151 -5.3150315
v 8.132241 10.4931965 -5.3153977
v 8.132236 10.4931965 5.4897723
v 8.132242 8.901262 2.6672313
v 8.132242 8.551229 4.022017
v 8.132242 2.1260338 4.0217733
v 8.132244 0.9947437 5.4954123
v 8.132242 10.493196 0.07284611
v 8.132242 2.1260345 1.2953967
v 8.132242 8.551229 1.2956271
v 8.132242 0.9947456 0.07265459
v 8.132241 8.551229 -1.0220717
v 8.132241 8.901262 -2.4195812
v 8.132241 2.1260343 -1.0221435
v 8.132241 8.551228 -3.7421834
v 8.132241 2.126033 -3.742264
v 8.132241 0.9947437 -5.3161974
v -6.6150675 26.588358 5.6691537
v -6.6150675 26.588358 6.251721
v -7.1220775 26.588358 5.224428
v -2.9104521 26.588358 5.66818
v -3.2374566 26.588358 6.2507463
v -2.910452 0.9947448 5.9655786
v -3.237456 0.9947437 6.548145
v -3.2374556 10.4931965 6.5481467
v -2.9104512 10.4931965 5.9655805
v -3.2374578 15.091151 6.548148
v -2.9104533 15.091151 5.9655814
v -7.069853 0.9947437 -5.7823334
v 7.589737 0.9947437 -5.781234
v 7.588633 10.4931965 -5.781215
v -7.068751 10.4931965 -5.7817926
v 7.5881324 15.091151 -5.7812066
v -7.068251 15.091151 -5.7815475
v -7.1220775 26.588358 5.224428
v -6.6150675 26.588358 6.251721
v -6.615547 15.451137 6.25172
v -7.1220775 15.451137 5.224873
v 2.696883 2.126033 5.964308
v 2.382946 2.1260333 5.531156
v 2.382947 7.4730115 5.5311565
v 2.6968837 7.822371 5.9643083
v 3.5803533 0.9947448 5.9641876
v 2.696883 2.126033 5.964308
v 2.6968837 7.822371 5.9643083
v 3.5803542 10.4931965 5.964188
v -2.1768024 7.822371 5.965461
v -2.9104512 10.4931965 5.9655805
v -2.176803 2.126033 5.9654593
v -2.910452 0.9947448 5.9655786
v -2.9104533 15.091151 5.9655814
v 3.580355 15.091152 5.964188
v 1.1257867 24.915344 5.087679
v 2.8815396 24.32952 5.0873475
v 2.8815396 15.846229 5.0873475
v -2.4329872 15.846229 5.08835
v -0.67723364 24.915344 5.0880194
v -2.4329865 24.32952 5.088351
v -6.615547 15.451137 5.669153
v -3.2374578 15.451137 6.2507463
v -2.910453 15.451137 5.668179
v -6.615547 15.451137 6.25172
v -7.1220775 15.451137 5.224873
v -1.8628646 7.4730115 5.5322385
v 2.382947 7.4730115 5.5311565
v 2.382946 2.1260333 5.531156
v -1.8628652 2.1260333 5.5322375
v -2.1768024 7.822371 5.965461
v -1.8628646 7.4730115 5.5322385
v -1.8628652 2.1260333 5.5322375
v -2.176803 2.126033 5.9654593
v 3.3717778 15.451137 5.6668725
v 3.0582888 15.451138 5.6669927
v 3.0582888 24.641115 5.6669927
v 3.3717782 26.588358 5.666873
v 1.1857507 25.265907 5.667346
v -2.9104521 26.588358 5.66818
v -0.73719853 25.265907 5.6677094
v -2.6097367 24.641115 5.6680627
v -2.6097374 15.451138 5.6680627
v -2.910453 15.451137 5.668179
v -6.6113653 26.588358 -5.3471994
v -7.122071 26.588358 -4.909622
v -7.122072 15.451137 -4.9102635
v -6.611881 15.451137 -5.347453
v 7.6420574 26.588358 -4.9096026
v 7.131262 26.588358 -5.3471465
v 7.1317797 15.451137 -5.3471556
v 7.642055 15.451137 -4.9099755
v 8.132244 0.9947437 5.4954123
v 7.593726 0.9947437 6.5457163
v 7.5927024 10.4931965 6.5457163
v 8.132236 10.4931965 5.4897723
v 7.592238 15.091151 6.5457163
v 8.132235 15.091151 5.4893403
v 7.642047 15.451135 4.0175495
v 7.642047 24.641115 4.0175247
v 7.128187 24.17353 3.8812263
v 7.128187 15.902549 3.881249
v -2.6097367 24.641115 5.6680627
v -2.4329865 24.32952 5.088351
v -2.4329872 15.846229 5.08835
v -2.6097374 15.451138 5.6680627
v 2.6968837 7.822371 5.9643083
v 2.382947 7.4730115 5.5311565
v -1.8628646 7.4730115 5.5322385
v -2.1768024 7.822371 5.965461
v 3.0582888 15.451138 5.6669927
v 2.8815396 15.846229 5.0873475
v 2.8815396 24.32952 5.0873475
v 3.0582888 24.641115 5.6669927
v 8.401138 15.902549 -5.953178
v 8.401138 14.762998 -5.953178
v 8.401127 14.762998 6.539434
v 8.401127 15.902549 6.539434
v -7.8811717 15.902549 6.5436926
v -7.8811717 14.762998 6.5436926
v -7.881163 14.762998 -5.953248
v -7.881163 15.902549 -5.953248
v -7.881163 15.902549 -5.953248
v -7.400266 15.902549 -6.391494
v 7.920239 15.902549 -6.391428
v 8.401138 15.902549 -5.953178
v -7.8811717 15.902549 6.5436926
v 8.401127 15.902549 6.539434
v 7.9202313 15.902549 6.9778094
v -7.400272 15.902549 6.981815
v 7.9202313 15.902549 6.9778094
v 7.9202313 14.762998 6.9778094
v -7.400272 14.762998 6.981815
v -7.400272 15.902549 6.981815
v -7.400266 15.902549 -6.391494
v -7.400266 14.762998 -6.391494
v 7.920239 14.762998 -6.391428
v 7.920239 15.902549 -6.391428
v -7.400272 14.762998 6.981815
v -7.8811717 14.762998 6.5436926
v -7.8811717 15.902549 6.5436926
v -7.400272 15.902549 6.981815
v -7.400266 15.902549 -6.391494
v -7.881163 15.902549 -5.953248
v -7.881163 14.762998 -5.953248
v -7.400266 14.762998 -6.391494
v 8.401138 15.902549 -5.953178
v 7.920239 15.902549 -6.391428
v 7.920239 14.762998 -6.391428
v 8.401138 14.762998 -5.953178
v 8.401127 14.762998 6.539434
v 7.9202313 14.762998 6.9778094
v 7.9202313 15.902549 6.9778094
v 8.401127 15.902549 6.539434
v 7.920239 14.762998 -6.391428
v -7.400266 14.762998 -6.391494
v -7.881163 14.762998 -5.953248
v 8.401138 14.762998 -5.953178
v -7.8811717 14.762998 6.5436926
v 8.401127 14.762998 6.539434
v 7.9202313 14.762998 6.9778094
v -7.400272 14.762998 6.981815
v 7.593726 0.9947437 5.963149
v 7.593726 0.9947437 6.5457163
v 8.132244 0.9947437 5.4954123
v 3.5803533 0.9947448 5.9641876
v 3.915873 0.9947437 6.546754
v -2.910453 15.451137 5.668179
v -3.2374578 15.451137 6.2507463
v -3.2374566 26.588358 6.2507463
v -2.9104521 26.588358 5.66818
v -2.6097374 15.451138 5.6680627
v -2.4329872 15.846229 5.08835
v 2.8815396 15.846229 5.0873475
v 3.0582888 15.451138 5.6669927
v -7.281699 2.1260335 -1.1600436
v -7.2816978 2.1260326 -3.6081522
v -7.2816978 8.048555 -3.6080801
v -7.281699 8.048556 -1.1599791
v -7.281698 8.363586 -2.417737
v -7.1220727 24.641115 -3.7431095
v -6.608212 24.17353 -3.6071332
v -6.608212 15.902549 -3.6073363
v -7.1220727 15.451135 -3.7433352
v -7.1220756 15.451135 4.0208683
v -6.6082153 15.902549 3.8845677
v -6.6082153 24.17353 3.8845456
v -7.1220756 24.641115 4.020844
v -7.122075 25.073086 2.6579757
v -6.6082144 24.562304 2.6579638
v -6.608214 24.17353 1.4313821
v -7.1220746 24.641115 1.2951076
v -7.122073 25.073086 -2.3833954
v -6.608213 24.562304 -2.3833914
v -6.608212 24.17353 -3.6071332
v -7.1220727 24.641115 -3.7431095
v -7.289545 26.588358 7.0208206
v -7.289545 27.693481 7.0208206
v 8.105402 27.693481 7.0170536
v 8.105402 26.588358 7.0170536
v 8.672928 26.588358 6.502279
v 8.672928 27.693481 6.502279
v 8.6729355 27.693481 -5.5425825
v 8.6729355 26.588358 -5.5425825
v 8.101046 26.588358 -6.048973
v 8.101046 27.693481 -6.048973
v -7.2854004 27.693481 -6.049034
v -7.2854004 26.588358 -6.049034
v -7.8572006 26.588358 6.5061216
v -7.8571935 26.588358 -5.542608
v -7.8571935 27.693481 -5.542608
v -7.8572006 27.693481 6.5061216
v -7.2854004 26.588358 -6.049034
v -7.2854004 27.693481 -6.049034
v -7.8571935 27.693481 -5.542608
v -7.8571935 26.588358 -5.542608
v -7.8572006 26.588358 6.5061216
v -7.8572006 27.693481 6.5061216
v -7.289545 27.693481 7.0208206
v -7.289545 26.588358 7.0208206
v 8.105402 26.588358 7.0170536
v 8.105402 27.693481 7.0170536
v 8.672928 27.693481 6.502279
v 8.672928 26.588358 6.502279
v 8.6729355 26.588358 -5.5425825
v 8.6729355 27.693481 -5.5425825
v 8.101046 27.693481 -6.048973
v 8.101046 26.588358 -6.048973
v 0.02492868 2.126033 5.964308
v 0.02492868 2.126033 5.5311203
v 0.02492962 7.822371 5.5311203
v 0.02492962 7.822371 5.9643083
v 0.49737388 2.126033 5.964308
v 0.4973748 7.822371 5.9643083
v 0.4973748 7.822371 5.5311203
v 0.49737388 2.126033 5.5311203
v 0.02492868 2.126033 5.5311203
v 0.02492868 2.126033 5.964308
v 0.49737388 2.126033 5.964308
v 0.49737388 2.126033 5.5311203
v 0.02492962 7.822371 5.5311203
v 0.02492868 2.126033 5.5311203
v 0.49737388 2.126033 5.5311203
v 0.4973748 7.822371 5.5311203
v 0.02492962 7.822371 5.9643083
v 0.02492962 7.822371 5.5311203
v 0.4973748 7.822371 5.5311203
v 0.4973748 7.822371 5.9643083
v 0.02492868 2.126033 5.964308
v 0.02492962 7.822371 5.9643083
v 0.4973748 7.822371 5.9643083
v 0.49737388 2.126033 5.964308
v -0.07066777 15.4511385 5.666994
v -0.07066777 15.4511385 5.233807
v -0.0706666 25.265907 5.233807
v -0.0706666 25.265907 5.6669946
v 0.5219986 15.4511385 5.666994
v 0.5219998 25.265907 5.6669946
v 0.5219998 25.265907 5.233807
v 0.5219986 15.4511385 5.233807
v -0.0706666 25.265907 5.233807
v -0.07066777 15.4511385 5.233807
v 0.5219986 15.4511385 5.233807
v 0.5219998 25.265907 5.233807
v -0.07066777 15.4511385 5.666994
v -0.0706666 25.265907 5.6669946
v 0.5219998 25.265907 5.6669946
v 0.5219986 15.4511385 5.666994
v 3.058287 21.177309 5.494503
v 3.058287 21.177309 5.061316
v -2.609736 21.17731 5.061316
v -2.609736 21.17731 5.4945035
v 3.058287 21.769976 5.494503
v -2.609736 21.769976 5.494503
v -2.609736 21.769976 5.061316
v 3.058287 21.769976 5.0613155
v 3.058287 21.177309 5.061316
v 3.058287 21.177309 5.494503
v 3.058287 21.769976 5.494503
v 3.058287 21.769976 5.0613155
v -2.609736 21.17731 5.061316
v 3.058287 21.177309 5.061316
v 3.058287 21.769976 5.0613155
v -2.609736 21.769976 5.061316
v -2.609736 21.17731 5.4945035
v -2.609736 21.17731 5.061316
v -2.609736 21.769976 5.061316
v -2.609736 21.769976 5.494503
v 3.058287 21.177309 5.494503
v -2.609736 21.17731 5.4945035
v -2.609736 21.769976 5.494503
v 3.058287 21.769976 5.494503
v 3.058287 17.572674 5.494503
v 3.058287 17.572674 5.061316
v -2.609736 17.572676 5.061316
v -2.609736 17.572676 5.4945035
v 3.058287 18.16534 5.494503
v -2.609736 18.165342 5.494503
v -2.609736 18.165342 5.061316
v 3.058287 18.16534 5.0613155
v 3.058287 17.572674 5.061316
v 3.058287 17.572674 5.494503
v 3.058287 18.16534 5.494503
v 3.058287 18.16534 5.0613155
v -2.609736 17.572676 5.061316
v 3.058287 17.572674 5.061316
v 3.058287 18.16534 5.0613155
v -2.609736 18.165342 5.061316
v -2.609736 17.572676 5.4945035
v -2.609736 17.572676 5.061316
v -2.609736 18.165342 5.061316
v -2.609736 18.165342 5.494503
v 3.058287 17.572674 5.494503
v -2.609736 17.572676 5.4945035
v -2.609736 18.165342 5.494503
v 3.058287 18.16534 5.494503
v -7.7195334 27.693481 7.382844
v -7.7195334 28.945673 7.382844
v 8.723948 28.945673 7.3788204
v 8.723948 27.693481 7.3788204
v -8.325851 27.693481 6.83309
v -8.325843 27.693481 -5.926946
v -8.325843 28.945673 -5.926946
v -8.325851 28.945673 6.83309
v -7.715106 27.693481 -6.467865
v -7.715106 28.945673 -6.467865
v -8.325843 28.945673 -5.926946
v -8.325843 27.693481 -5.926946
v 9.330127 27.693481 6.828985
v 9.330127 28.945673 6.828985
v 9.330134 28.945673 -5.926919
v 9.330134 27.693481 -5.926919
v 9.330134 27.693481 -5.926919
v 9.330134 28.945673 -5.926919
v 8.719294 28.945673 -6.467798
v 8.719294 27.693481 -6.467798
v 8.719294 27.693481 -6.467798
v 8.719294 28.945673 -6.467798
v -7.715106 28.945673 -6.467865
v -7.715106 27.693481 -6.467865
v -8.325851 27.693481 6.83309
v -8.325851 28.945673 6.83309
v -7.7195334 28.945673 7.382844
v -7.7195334 27.693481 7.382844
v 8.723948 27.693481 7.3788204
v 8.723948 28.945673 7.3788204
v 9.330127 28.945673 6.828985
v 9.330127 27.693481 6.828985
v -6.8356934 28.945673 5.609376
v -5.949804 28.113625 4.9803686
v 6.680257 28.113625 4.977529
v 7.4525266 28.945673 5.606163
v 7.4525266 28.945673 5.606163
v 6.680257 28.113625 4.977529
v 7.1458564 28.113625 4.5894737
v 7.9792533 28.945673 5.167161
v -6.4155035 28.113625 -4.2490206
v -5.9464035 28.113625 -4.630783
v 6.6766825 28.113625 -4.6307364
v 7.145863 28.113625 -4.249001
v -6.41551 28.113625 4.592371
v 7.1458564 28.113625 4.5894737
v 6.680257 28.113625 4.977529
v -5.949804 28.113625 4.9803686
v -6.831846 28.945673 -5.2635922
v -5.9464035 28.113625 -4.630783
v -6.4155035 28.113625 -4.2490206
v -7.3625326 28.945673 -4.83171
v 7.9792533 28.945673 5.167161
v 7.1458564 28.113625 4.5894737
v 7.145863 28.113625 -4.249001
v 7.97926 28.945673 -4.831688
v 7.97926 28.945673 -4.831688
v 7.145863 28.113625 -4.249001
v 6.6766825 28.113625 -4.6307364
v 7.448483 28.945673 -5.26354
v 7.448483 28.945673 -5.26354
v 6.6766825 28.113625 -4.6307364
v -5.9464035 28.113625 -4.630783
v -6.831846 28.945673 -5.2635922
v -7.3625407 28.945673 5.1704383
v -6.41551 28.113625 4.592371
v -5.949804 28.113625 4.9803686
v -6.8356934 28.945673 5.609376
v -6.6082153 24.17353 3.8845456
v -6.6082153 15.902549 3.8845677
v -6.608214 15.902549 1.4308169
v -6.608214 24.17353 1.4313821
v -6.6082144 24.562304 2.6579638
v -6.6082134 24.17353 -1.1596496
v -6.6082134 15.902549 -1.1592362
v -6.608212 15.902549 -3.6073363
v -6.608212 24.17353 -3.6071332
v -6.608213 24.562304 -2.3833914
v -7.1220775 15.451137 5.224873
v -7.1220756 15.451135 4.0208683
v -7.1220756 24.641115 4.020844
v -7.1220775 26.588358 5.224428
v -7.122075 25.073086 2.6579757
v -7.122073 25.073086 -2.3833954
v -7.122071 26.588358 -4.909622
v -7.1220727 24.641115 -3.7431095
v -7.122072 15.451137 -4.9102635
v -7.1220727 15.451135 -3.7433352
v -7.1220756 24.641115 -1.0236832
v -7.1220746 24.641115 1.2951076
v -7.122077 15.451135 1.2944785
v -7.1220756 15.451135 -1.0232239
v -7.1220756 24.641115 -1.0236832
v -6.6082134 24.17353 -1.1596496
v -6.608214 24.17353 1.4313821
v -7.1220746 24.641115 1.2951076
v -6.6082134 15.902549 -1.1592362
v -7.1220756 15.451135 -1.0232239
v -7.122077 15.451135 1.2944785
v -6.608214 15.902549 1.4308169
v -7.1220756 15.451135 4.0208683
v -7.1220727 15.451135 -3.7433352
v -6.608212 15.902549 -3.6073363
v -6.6082134 15.902549 -1.1592362
v -6.608214 15.902549 1.4308169
v -6.6082153 15.902549 3.8845677
v -6.608214 15.902549 1.4308169
v -7.122077 15.451135 1.2944785
v -7.1220746 24.641115 1.2951076
v -6.608214 24.17353 1.4313821
v -6.6082134 24.17353 -1.1596496
v -7.1220756 24.641115 -1.0236832
v -7.1220756 15.451135 -1.0232239
v -6.6082134 15.902549 -1.1592362
v 3.0582888 24.641115 5.6669927
v 2.8815396 24.32952 5.0873475
v 1.1257867 24.915344 5.087679
v 1.1857507 25.265907 5.667346
v -0.73719853 25.265907 5.6677094
v 1.1857507 25.265907 5.667346
v 1.1257867 24.915344 5.087679
v -0.67723364 24.915344 5.0880194
v -0.73719853 25.265907 5.6677094
v -0.67723364 24.915344 5.0880194
v -2.4329865 24.32952 5.088351
v -2.6097367 24.641115 5.6680627
v -7.1220756 24.641115 4.020844
v -6.6082153 24.17353 3.8845456
v -6.6082144 24.562304 2.6579638
v -7.122075 25.073086 2.6579757
v -7.1220756 24.641115 -1.0236832
v -6.6082134 24.17353 -1.1596496
v -6.608213 24.562304 -2.3833914
v -7.122073 25.073086 -2.3833954
v -6.585723 21.177307 1.2951106
v -7.01891 21.177307 1.2951106
v -7.01891 21.177309 4.020847
v -6.5857224 21.177309 4.020847
v -6.585723 21.769972 1.2951106
v -6.585723 21.769976 4.020847
v -7.01891 21.769976 4.020847
v -7.01891 21.769972 1.2951106
v -7.01891 21.177307 1.2951106
v -6.585723 21.177307 1.2951106
v -6.585723 21.769972 1.2951106
v -7.01891 21.769972 1.2951106
v -7.01891 21.177309 4.020847
v -7.01891 21.177307 1.2951106
v -7.01891 21.769972 1.2951106
v -7.01891 21.769976 4.020847
v -6.5857224 21.177309 4.020847
v -7.01891 21.177309 4.020847
v -7.01891 21.769976 4.020847
v -6.585723 21.769976 4.020847
v -6.585723 21.177307 1.2951106
v -6.5857224 21.177309 4.020847
v -6.585723 21.769976 4.020847
v -6.585723 21.769972 1.2951106
v -6.585723 17.572672 1.2951106
v -7.01891 17.572672 1.2951106
v -7.01891 17.572674 4.020847
v -6.5857224 17.572674 4.020847
v -6.585723 18.165339 1.2951106
v -6.585723 18.16534 4.020847
v -7.01891 18.16534 4.020847
v -7.01891 18.165339 1.2951106
v -7.01891 17.572672 1.2951106
v -6.585723 17.572672 1.2951106
v -6.585723 18.165339 1.2951106
v -7.01891 18.165339 1.2951106
v -7.01891 17.572674 4.020847
v -7.01891 17.572672 1.2951106
v -7.01891 18.165339 1.2951106
v -7.01891 18.16534 4.020847
v -6.5857224 17.572674 4.020847
v -7.01891 17.572674 4.020847
v -7.01891 18.16534 4.020847
v -6.585723 18.16534 4.020847
v -6.585723 17.572672 1.2951106
v -6.5857224 17.572674 4.020847
v -6.585723 18.16534 4.020847
v -6.585723 18.165339 1.2951106
v -6.585723 21.177307 -3.7431076
v -7.01891 21.177307 -3.7431076
v -7.01891 21.177309 -1.023683
v -6.5857224 21.177309 -1.023683
v -6.585723 21.769972 -3.7431076
v -6.585723 21.769976 -1.023683
v -7.01891 21.769976 -1.023683
v -7.01891 21.769972 -3.7431076
v -7.01891 21.177307 -3.7431076
v -6.585723 21.177307 -3.7431076
v -6.585723 21.769972 -3.7431076
v -7.01891 21.769972 -3.7431076
v -7.01891 21.177309 -1.023683
v -7.01891 21.177307 -3.7431076
v -7.01891 21.769972 -3.7431076
v -7.01891 21.769976 -1.023683
v -6.5857224 21.177309 -1.023683
v -7.01891 21.177309 -1.023683
v -7.01891 21.769976 -1.023683
v -6.585723 21.769976 -1.023683
v -6.585723 21.177307 -3.7431076
v -6.5857224 21.177309 -1.023683
v -6.585723 21.769976 -1.023683
v -6.585723 21.769972 -3.7431076
v -6.585723 17.572672 -3.7431076
v -7.01891 17.572672 -3.7431076
v -7.01891 17.572674 -1.023683
v -6.5857224 17.572674 -1.023683
v -6.585723 18.165339 -3.7431076
v -6.585723 18.16534 -1.023683
v -7.01891 18.16534 -1.023683
v -7.01891 18.165339 -3.7431076
v -7.01891 17.572672 -3.7431076
v -6.585723 17.572672 -3.7431076
v -6.585723 18.165339 -3.7431076
v -7.01891 18.165339 -3.7431076
v -7.01891 17.572674 -1.023683
v -7.01891 17.572672 -3.7431076
v -7.01891 18.165339 -3.7431076
v -7.01891 18.16534 -1.023683
v -6.5857224 17.572674 -1.023683
v -7.01891 17.572674 -1.023683
v -7.01891 18.16534 -1.023683
v -6.585723 18.16534 -1.023683
v -6.585723 17.572672 -3.7431076
v -6.5857224 17.572674 -1.023683
v -6.585723 18.16534 -1.023683
v -6.585723 18.165339 -3.7431076
v -7.7203345 1.1011451 7.136928
v -7.7203336 1.1011451 8.618451
v -7.7203336 0.0051234714 8.618451
v -7.7203345 0.0051234714 7.136928
v -3.9440017 0.0051234714 8.618451
v -3.9440017 0.0051234714 7.136928
v -7.7203345 0.0051234714 7.136928
v -7.7203336 0.0051234714 8.618451
v -4.454255 0.0051234714 9.128704
v -7.2100806 0.0051234714 9.128704
v -3.9440017 1.1011451 8.618451
v -3.9440017 1.1011451 7.136928
v -3.9440017 0.0051234714 7.136928
v -3.9440017 0.0051234714 8.618451
v -7.7203336 1.1011451 8.618451
v -7.7203345 1.1011451 7.136928
v -3.9440017 1.1011451 7.136928
v -3.9440017 1.1011451 8.618451
v -7.2100806 1.1011451 9.128704
v -4.454255 1.1011451 9.128704
v -4.454255 0.0051234714 9.128704
v -4.454255 1.1011451 9.128704
v -3.9440017 1.1011451 8.618451
v -3.9440017 0.0051234714 8.618451
v -7.2100806 1.1011451 9.128704
v -7.2100806 0.0051234714 9.128704
v -7.7203336 0.0051234714 8.618451
v -7.7203336 1.1011451 8.618451
v -7.2100806 1.1011451 9.128704
v -4.454255 1.1011451 9.128704
v -4.454255 0.0051234714 9.128704
v -7.2100806 0.0051234714 9.128704
v 4.463958 1.1011457 7.1330442
v 4.4639583 1.1011457 8.614569
v 4.4639583 0.0051241177 8.614569
v 4.463958 0.0051241177 7.1330442
v 8.240291 0.0051241177 8.614569
v 8.240291 0.0051241177 7.1330442
v 4.463958 0.0051241177 7.1330442
v 4.4639583 0.0051241177 8.614569
v 7.730037 0.0051241177 9.124822
v 4.9742117 0.0051241177 9.124822
v 8.240291 1.1011457 8.614569
v 8.240291 1.1011457 7.1330442
v 8.240291 0.0051241177 7.1330442
v 8.240291 0.0051241177 8.614569
v 4.4639583 1.1011457 8.614569
v 4.463958 1.1011457 7.1330442
v 8.240291 1.1011457 7.1330442
v 8.240291 1.1011457 8.614569
v 4.9742117 1.1011457 9.124822
v 7.730037 1.1011457 9.124822
v 7.730037 0.0051241177 9.124822
v 7.730037 1.1011457 9.124822
v 8.240291 1.1011457 8.614569
v 8.240291 0.0051241177 8.614569
v 4.9742117 1.1011457 9.124822
v 4.9742117 0.0051241177 9.124822
v 4.4639583 0.0051241177 8.614569
v 4.4639583 1.1011457 8.614569
v 4.9742117 1.1011457 9.124822
v 7.730037 1.1011457 9.124822
v 7.730037 0.0051241177 9.124822
v 4.9742117 0.0051241177 9.124822
v -7.612272 8.901263 2.6660826
v -7.281698 8.363586 2.6654003
v -7.2816978 8.048556 1.4309559
v -7.612272 8.5512295 1.2944775
v -7.6122723 2.1260338 4.020624
v -7.281698 2.126033 3.8844879
v -7.281698 8.048556 3.8847072
v -7.6122723 8.5512295 4.020868
v -7.612272 8.5512295 1.2944775
v -7.2816978 8.048556 1.4309559
v -7.2816978 2.126034 1.4307486
v -7.612272 2.1260347 1.2942469
v -7.0988145 6.368472 1.2944789
v -7.532002 6.368472 1.2944789
v -7.532002 6.368474 4.0208726
v -7.0988145 6.368474 4.0208726
v -7.0988145 6.9611382 1.2944789
v -7.0988145 6.96114 4.0208726
v -7.532002 6.96114 4.0208726
v -7.532002 6.9611382 1.2944789
v -7.532002 6.368474 4.0208726
v -7.532002 6.368472 1.2944789
v -7.532002 6.9611382 1.2944789
v -7.532002 6.96114 4.0208726
v -7.0988145 6.368472 1.2944789
v -7.0988145 6.368474 4.0208726
v -7.0988145 6.96114 4.0208726
v -7.0988145 6.9611382 1.2944789
v -7.0988145 3.711871 1.2944789
v -7.532002 3.711871 1.2944789
v -7.532002 3.7118728 4.0208726
v -7.0988145 3.7118728 4.0208726
v -7.0988145 4.3045373 1.2944789
v -7.0988145 4.304539 4.0208726
v -7.532002 4.304539 4.0208726
v -7.532002 4.3045373 1.2944789
v -7.532002 3.7118728 4.0208726
v -7.532002 3.711871 1.2944789
v -7.532002 4.3045373 1.2944789
v -7.532002 4.304539 4.0208726
v -7.0988145 3.711871 1.2944789
v -7.0988145 3.7118728 4.0208726
v -7.0988145 4.304539 4.0208726
v -7.0988145 4.3045373 1.2944789
v -7.612271 8.901263 -2.4207306
v -7.281698 8.363586 -2.417737
v -7.2816978 8.048555 -3.6080801
v -7.6122704 8.551229 -3.743334
v -7.612271 2.1260343 -1.0232933
v -7.281699 2.1260335 -1.1600436
v -7.281699 8.048556 -1.1599791
v -7.612271 8.5512295 -1.0232216
v -7.6122704 8.551229 -3.743334
v -7.2816978 8.048555 -3.6080801
v -7.2816978 2.1260326 -3.6081522
v -7.6122704 2.126033 -3.743414
v -7.0988145 6.368472 -3.743333
v -7.532002 6.368472 -3.743333
v -7.532002 6.368474 -1.0232203
v -7.0988145 6.368474 -1.0232203
v -7.0988145 6.9611382 -3.743333
v -7.0988145 6.96114 -1.0232203
v -7.532002 6.96114 -1.0232203
v -7.532002 6.9611382 -3.743333
v -7.532002 6.368474 -1.0232203
v -7.532002 6.368472 -3.743333
v -7.532002 6.9611382 -3.743333
v -7.532002 6.96114 -1.0232203
v -7.0988145 6.368472 -3.743333
v -7.0988145 6.368474 -1.0232203
v -7.0988145 6.96114 -1.0232203
v -7.0988145 6.9611382 -3.743333
v -7.0988145 3.711871 -3.743333
v -7.532002 3.711871 -3.743333
v -7.532002 3.7118728 -1.0232203
v -7.0988145 3.7118728 -1.0232203
v -7.0988145 4.3045373 -3.743333
v -7.0988145 4.304539 -1.0232203
v -7.532002 4.304539 -1.0232203
v -7.532002 4.3045373 -3.743333
v -7.532002 3.7118728 -1.0232203
v -7.532002 3.711871 -3.743333
v -7.532002 4.3045373 -3.743333
v -7.532002 4.304539 -1.0232203
v -7.0988145 3.711871 -3.743333
v -7.0988145 3.7118728 -1.0232203
v -7.0988145 4.304539 -1.0232203
v -7.0988145 4.3045373 -3.743333
v -7.3625326 28.945673 -4.83171
v -6.4155035 28.113625 -4.2490206
v -6.41551 28.113625 4.592371
v -7.3625407 28.945673 5.1704383
v -7.612275 15.091151 5.492882
v -7.6122704 10.4931965 -5.31598
v -7.6122684 15.091151 -5.315361
v -7.612275 10.4931965 5.4933133
v -7.6122723 8.5512295 4.020868
v -7.612272 8.901263 2.6660826
v -7.6122723 2.1260338 4.020624
v -7.612275 0.9947437 5.4942627
v -7.612272 10.4931965 0.07169641
v -7.612272 2.1260347 1.2942469
v -7.612272 8.5512295 1.2944775
v -7.612272 0.9947457 0.07150488
v -7.612271 8.5512295 -1.0232216
v -7.612271 2.1260343 -1.0232933
v -7.612271 8.901263 -2.4207306
v -7.6122704 2.126033 -3.743414
v -7.6122704 8.551229 -3.743334
v -7.6122704 0.9947437 -5.3173466
v -7.6122723 8.5512295 4.020868
v -7.281698 8.048556 3.8847072
v -7.281698 8.363586 2.6654003
v -7.612272 8.901263 2.6660826
v -7.612271 8.5512295 -1.0232216
v -7.281699 8.048556 -1.1599791
v -7.281698 8.363586 -2.417737
v -7.612271 8.901263 -2.4207306
v -7.281698 8.048556 3.8847072
v -7.281698 2.126033 3.8844879
v -7.2816978 2.126034 1.4307486
v -7.2816978 8.048556 1.4309559
v -7.281698 8.363586 2.6654003
v 7.135634 15.451137 6.248466
v 3.686008 15.451137 6.249439
v 3.6860082 26.588358 6.2494397
v 7.135154 26.588358 6.248466
v -7.0726223 10.4931965 6.5491858
v -7.612275 15.091151 5.492882
v -7.0721574 15.091151 6.5491867
v -7.612275 10.4931965 5.4933133
v -7.0736475 0.9947437 6.5491834
v -7.612275 0.9947437 5.4942627
v -3.2374578 15.451137 6.2507463
v -6.615547 15.451137 6.25172
v -6.6150675 26.588358 6.251721
v -3.2374566 26.588358 6.2507463
v -3.237456 0.9947437 6.548145
v -7.0736475 0.9947437 6.5491834
v -7.0726223 10.4931965 6.5491858
v -3.2374556 10.4931965 6.5481467
v -7.0721574 15.091151 6.5491867
v -3.2374578 15.091151 6.548148
v 7.593726 0.9947437 6.5457163
v 3.915873 0.9947437 6.546754
v 3.9158742 10.4931965 6.546755
v 7.5927024 10.4931965 6.5457163
v 3.9158745 15.091152 6.546755
v 7.592238 15.091151 6.5457163
v 7.6420493 26.588358 5.2211094
v 7.135154 26.588358 6.248466
v 7.135154 26.588358 5.665899
v 3.6860082 26.588358 6.2494397
v 3.3717782 26.588358 5.666873
v 3.3717782 26.588358 5.666873
v 3.6860082 26.588358 6.2494397
v 3.686008 15.451137 6.249439
v 3.3717778 15.451137 5.6668725
v -7.612275 0.9947437 5.4942627
v -7.0736475 0.9947437 6.5491834
v -7.0736475 0.9947437 5.9666166
v -3.237456 0.9947437 6.548145
v -2.910452 0.9947448 5.9655786
v 7.135154 26.588358 6.248466
v 7.6420493 26.588358 5.2211094
v 7.642049 15.451137 5.221553
v 7.135634 15.451137 6.248466
v 4.9318027 13.72825 6.5909934
v 6.5416718 13.7282505 6.59035
v 6.5416718 11.6058655 6.59035
v 4.931803 11.6058655 6.5909934
v 4.795294 11.425897 6.8743873
v 4.931803 11.6058655 6.5909934
v 6.5416718 11.6058655 6.59035
v 6.6781816 11.425897 6.8736353
v 4.7952933 13.908217 6.8743877
v 4.9318027 13.72825 6.5909934
v 4.931803 11.6058655 6.5909934
v 4.795294 11.425897 6.8743873
v 6.6781816 13.908217 6.8736353
v 6.5416718 13.7282505 6.59035
v 4.9318027 13.72825 6.5909934
v 4.7952933 13.908217 6.8743877
v 6.6781816 11.425897 6.8736353
v 6.5416718 11.6058655 6.59035
v 6.5416718 13.7282505 6.59035
v 6.6781816 13.908217 6.8736353
v 4.486484 14.23044 6.8744845
v 4.486484 14.23044 6.345734
v 6.9869885 14.23044 6.3447866
v 6.9869885 14.23044 6.873538
v 6.9869885 14.23044 6.873538
v 6.9869885 14.23044 6.3447866
v 6.9869885 11.103675 6.3447866
v 6.9869885 11.103675 6.873538
v 6.9869885 11.103675 6.873538
v 6.9869885 11.103675 6.3447866
v 4.4864855 11.103675 6.3457336
v 4.4864855 11.103675 6.874484
v 4.4864855 11.103675 6.874484
v 4.4864855 11.103675 6.3457336
v 4.486484 14.23044 6.345734
v 4.486484 14.23044 6.8744845
v -5.9656205 13.72825 6.576567
v -4.355751 13.7282505 6.5759244
v -4.355751 11.6058655 6.5759244
v -5.96562 11.6058655 6.5765667
v -6.10213 11.425897 6.8599606
v -5.96562 11.6058655 6.5765667
v -4.355751 11.6058655 6.5759244
v -4.2192416 11.425897 6.8592095
v -6.10213 13.908217 6.8599615
v -5.9656205 13.72825 6.576567
v -5.96562 11.6058655 6.5765667
v -6.10213 11.425897 6.8599606
v -4.2192416 13.908217 6.8592095
v -4.355751 13.7282505 6.5759244
v -5.9656205 13.72825 6.576567
v -6.10213 13.908217 6.8599615
v -4.2192416 11.425897 6.8592095
v -4.355751 11.6058655 6.5759244
v -4.355751 13.7282505 6.5759244
v -4.2192416 13.908217 6.8592095
v -6.410939 14.23044 6.8600593
v -6.410939 14.23044 6.331308
v -3.9104352 14.23044 6.3303604
v -3.9104352 14.23044 6.859112
v -3.9104352 14.23044 6.859112
v -3.9104352 14.23044 6.3303604
v -3.9104352 11.103675 6.3303604
v -3.9104352 11.103675 6.859112
v -3.9104352 11.103675 6.859112
v -3.9104352 11.103675 6.3303604
v -6.410938 11.103675 6.3313074
v -6.410938 11.103675 6.8600583
v -6.410938 11.103675 6.8600583
v -6.410938 11.103675 6.3313074
v -6.410939 14.23044 6.331308
v -6.410939 14.23044 6.8600593
v 4.6414785 19.66002 6.299058
v 6.251348 19.66002 6.2984147
v 6.251348 17.537634 6.2984147
v 4.641479 17.537634 6.299058
v 4.5049696 17.357666 6.5824523
v 4.641479 17.537634 6.299058
v 6.251348 17.537634 6.2984147
v 6.3878574 17.357666 6.5817003
v 4.504969 19.839987 6.582453
v 4.6414785 19.66002 6.299058
v 4.641479 17.537634 6.299058
v 4.5049696 17.357666 6.5824523
v 6.3878574 19.839987 6.5817003
v 6.251348 19.66002 6.2984147
v 4.6414785 19.66002 6.299058
v 4.504969 19.839987 6.582453
v 6.3878574 17.357666 6.5817003
v 6.251348 17.537634 6.2984147
v 6.251348 19.66002 6.2984147
v 6.3878574 19.839987 6.5817003
v 4.1961603 20.162207 6.58255
v 4.1961603 20.162207 6.053799
v 6.6966643 20.16221 6.052852
v 6.6966643 20.16221 6.5816026
v 6.6966643 20.16221 6.5816026
v 6.6966643 20.16221 6.052852
v 6.6966643 17.035442 6.052852
v 6.6966643 17.035442 6.5816026
v 6.6966643 17.035442 6.5816026
v 6.6966643 17.035442 6.052852
v 4.1961613 17.035442 6.0537987
v 4.1961613 17.035442 6.582549
v 4.1961613 17.035442 6.582549
v 4.1961613 17.035442 6.0537987
v 4.1961603 20.162207 6.053799
v 4.1961603 20.162207 6.58255
v -5.789573 19.66002 6.299058
v -4.1797037 19.66002 6.2984147
v -4.1797037 17.537634 6.2984147
v -5.7895727 17.537634 6.299058
v -5.926083 17.357666 6.582452
v -5.7895727 17.537634 6.299058
v -4.1797037 17.537634 6.2984147
v -4.0431952 17.357666 6.5817
v -5.926084 19.839987 6.5824523
v -5.789573 19.66002 6.299058
v -5.7895727 17.537634 6.299058
v -5.926083 17.357666 6.582452
v -4.0431952 19.839987 6.5817
v -4.1797037 19.66002 6.2984147
v -5.789573 19.66002 6.299058
v -5.926084 19.839987 6.5824523
v -4.0431952 17.357666 6.5817
v -4.1797037 17.537634 6.2984147
v -4.1797037 19.66002 6.2984147
v -4.0431952 19.839987 6.5817
v -6.2348924 20.162207 6.582549
v -6.2348924 20.162207 6.0537987
v -3.7343886 20.16221 6.052851
v -3.7343886 20.16221 6.5816026
v -3.7343886 20.16221 6.5816026
v -3.7343886 20.16221 6.052851
v -3.7343886 17.035442 6.052851
v -3.7343886 17.035442 6.5816026
v -3.7343886 17.035442 6.5816026
v -3.7343886 17.035442 6.052851
v -6.2348914 17.035442 6.053798
v -6.2348914 17.035442 6.5825486
v -6.2348914 17.035442 6.5825486
v -6.2348914 17.035442 6.053798
v -6.2348924 20.162207 6.0537987
v -6.2348924 20.162207 6.582549
v 4.6414785 24.175123 6.299058
v 6.251348 24.175123 6.2984147
v 6.251348 22.052736 6.2984147
v 4.641479 22.052736 6.299058
v 4.5049696 21.87277 6.5824523
v 4.641479 22.052736 6.299058
v 6.251348 22.052736 6.2984147
v 6.3878574 21.87277 6.5817003
v 4.504969 24.35509 6.582453
v 4.6414785 24.175123 6.299058
v 4.641479 22.052736 6.299058
v 4.5049696 21.87277 6.5824523
v 6.3878574 24.35509 6.5817003
v 6.251348 24.175123 6.2984147
v 4.6414785 24.175123 6.299058
v 4.504969 24.35509 6.582453
v 6.3878574 21.87277 6.5817003
v 6.251348 22.052736 6.2984147
v 6.251348 24.175123 6.2984147
v 6.3878574 24.35509 6.5817003
v 4.1961603 24.67731 6.58255
v 4.1961603 24.67731 6.053799
v 6.6966643 24.677315 6.052852
v 6.6966643 24.677315 6.5816026
v 6.6966643 24.677315 6.5816026
v 6.6966643 24.677315 6.052852
v 6.6966643 21.550549 6.052852
v 6.6966643 21.550549 6.5816026
v 6.6966643 21.550549 6.5816026
v 6.6966643 21.550549 6.052852
v 4.1961613 21.550549 6.0537987
v 4.1961613 21.550549 6.582549
v 4.1961613 21.550549 6.582549
v 4.1961613 21.550549 6.0537987
v 4.1961603 24.67731 6.053799
v 4.1961603 24.67731 6.58255
v -5.789573 24.175123 6.299058
v -4.1797037 24.175123 6.2984147
v -4.1797037 22.052736 6.2984147
v -5.7895727 22.052736 6.299058
v -5.926083 21.87277 6.582452
v -5.7895727 22.052736 6.299058
v -4.1797037 22.052736 6.2984147
v -4.0431952 21.87277 6.5817
v -5.926084 24.35509 6.5824523
v -5.789573 24.175123 6.299058
v -5.7895727 22.052736 6.299058
v -5.926083 21.87277 6.582452
v -4.0431952 24.35509 6.5817
v -4.1797037 24.175123 6.2984147
v -5.789573 24.175123 6.299058
v -5.926084 24.35509 6.5824523
v -4.0431952 21.87277 6.5817
v -4.1797037 22.052736 6.2984147
v -4.1797037 24.175123 6.2984147
v -4.0431952 24.35509 6.5817
v -6.2348924 24.67731 6.582549
v -6.2348924 24.67731 6.0537987
v -3.7343886 24.677315 6.052851
v -3.7343886 24.677315 6.5816026
v -3.7343886 24.677315 6.5816026
v -3.7343886 24.677315 6.052851
v -3.7343886 21.550549 6.052851
v -3.7343886 21.550549 6.5816026
v -3.7343886 21.550549 6.5816026
v -3.7343886 21.550549 6.052851
v -6.2348914 21.550549 6.053798
v -6.2348914 21.550549 6.5825486
v -6.2348914 21.550549 6.5825486
v -6.2348914 21.550549 6.053798
v -6.2348924 24.67731 6.0537987
v -6.2348924 24.67731 6.582549
v 4.9318027 7.773711 6.54822
v 6.5416718 7.7737126 6.547577
v 6.5416718 5.6513276 6.547577
v 4.931803 5.6513276 6.5482197
v 4.795294 5.4713597 6.8316135
v 4.931803 5.6513276 6.5482197
v 6.5416718 5.6513276 6.547577
v 6.6781816 5.4713597 6.8308616
v 4.7952933 7.95368 6.8316135
v 4.9318027 7.773711 6.54822
v 4.931803 5.6513276 6.5482197
v 4.795294 5.4713597 6.8316135
v 6.6781816 7.9536815 6.8308616
v 6.5416718 7.7737126 6.547577
v 4.9318027 7.773711 6.54822
v 4.7952933 7.95368 6.8316135
v 6.6781816 5.4713597 6.8308616
v 6.5416718 5.6513276 6.547577
v 6.5416718 7.7737126 6.547577
v 6.6781816 7.9536815 6.8308616
v 4.486484 8.275903 6.8317113
v 4.486484 8.275903 6.30296
v 6.9869885 8.275904 6.3020134
v 6.9869885 8.275904 6.830764
v 6.9869885 8.275904 6.830764
v 6.9869885 8.275904 6.3020134
v 6.9869885 5.149138 6.3020134
v 6.9869885 5.149138 6.830764
v 6.9869885 5.149138 6.830764
v 6.9869885 5.149138 6.3020134
v 4.4864855 5.149138 6.30296
v 4.4864855 5.149138 6.831711
v 4.4864855 5.149138 6.831711
v 4.4864855 5.149138 6.30296
v 4.486484 8.275903 6.30296
v 4.486484 8.275903 6.8317113
v -5.9656205 7.773711 6.576567
v -4.355751 7.7737126 6.5759244
v -4.355751 5.6513276 6.5759244
v -5.96562 5.6513276 6.5765667
v -6.10213 5.4713597 6.8599606
v -5.96562 5.6513276 6.5765667
v -4.355751 5.6513276 6.5759244
v -4.2192416 5.4713597 6.8592095
v -6.10213 7.95368 6.8599615
v -5.9656205 7.773711 6.576567
v -5.96562 5.6513276 6.5765667
v -6.10213 5.4713597 6.8599606
v -4.2192416 7.9536815 6.8592095
v -4.355751 7.7737126 6.5759244
v -5.9656205 7.773711 6.576567
v -6.10213 7.95368 6.8599615
v -4.2192416 5.4713597 6.8592095
v -4.355751 5.6513276 6.5759244
v -4.355751 7.7737126 6.5759244
v -4.2192416 7.9536815 6.8592095
v -6.410939 8.275903 6.8600593
v -6.410939 8.275903 6.331308
v -3.9104352 8.275904 6.3303604
v -3.9104352 8.275904 6.859112
v -3.9104352 8.275904 6.859112
v -3.9104352 8.275904 6.3303604
v -3.9104352 5.149138 6.3303604
v -3.9104352 5.149138 6.859112
v -3.9104352 5.149138 6.859112
v -3.9104352 5.149138 6.3303604
v -6.410938 5.149138 6.3313074
v -6.410938 5.149138 6.8600583
v -6.410938 5.149138 6.8600583
v -6.410938 5.149138 6.3313074
v -6.410939 8.275903 6.331308
v -6.410939 8.275903 6.8600593
v -7.6652846 13.72825 1.8905058
v -7.6646433 13.7282505 3.5003753
v -7.6646433 11.6058655 3.5003753
v -7.6652846 11.6058655 1.8905058
v -7.948679 11.425897 1.7539957
v -7.6652846 11.6058655 1.8905058
v -7.6646433 11.6058655 3.5003753
v -7.9479284 11.425897 3.6368845
v -7.9486804 13.908217 1.7539957
v -7.6652846 13.72825 1.8905058
v -7.6652846 11.6058655 1.8905058
v -7.948679 11.425897 1.7539957
v -7.9479284 13.908217 3.6368845
v -7.6646433 13.7282505 3.5003753
v -7.6652846 13.72825 1.8905058
v -7.9486804 13.908217 1.7539957
v -7.9479284 11.425897 3.6368845
v -7.6646433 11.6058655 3.5003753
v -7.6646433 13.7282505 3.5003753
v -7.9479284 13.908217 3.6368845
v -7.948777 14.23044 1.4451877
v -7.420027 14.23044 1.4451877
v -7.4190803 14.23044 3.9456902
v -7.947831 14.23044 3.9456902
v -7.947831 14.23044 3.9456902
v -7.4190803 14.23044 3.9456902
v -7.4190803 11.103675 3.9456902
v -7.947831 11.103675 3.9456902
v -7.947831 11.103675 3.9456902
v -7.4190803 11.103675 3.9456902
v -7.420027 11.103675 1.4451877
v -7.948777 11.103675 1.4451877
v -7.948777 11.103675 1.4451877
v -7.420027 11.103675 1.4451877
v -7.420027 14.23044 1.4451877
v -7.948777 14.23044 1.4451877
v -7.665302 13.72825 -3.1798592
v -7.6646256 13.7282505 -1.5699893
v -7.6646256 11.6058655 -1.5699893
v -7.665302 11.6058655 -3.1798592
v -7.948679 11.425897 -3.3163693
v -7.665302 11.6058655 -3.1798592
v -7.6646256 11.6058655 -1.5699893
v -7.9479284 11.425897 -1.4334801
v -7.9486804 13.908217 -3.3163693
v -7.665302 13.72825 -3.1798592
v -7.665302 11.6058655 -3.1798592
v -7.948679 11.425897 -3.3163693
v -7.9479284 13.908217 -1.4334801
v -7.6646256 13.7282505 -1.5699893
v -7.665302 13.72825 -3.1798592
v -7.9486804 13.908217 -3.3163693
v -7.9479284 11.425897 -1.4334801
v -7.6646256 11.6058655 -1.5699893
v -7.6646256 13.7282505 -1.5699893
v -7.9479284 13.908217 -1.4334801
v -7.948777 14.23044 -3.625177
v -7.420027 14.23044 -3.625177
v -7.4190803 14.23044 -1.1246742
v -7.947831 14.23044 -1.1246742
v -7.947831 14.23044 -1.1246742
v -7.4190803 14.23044 -1.1246742
v -7.4190803 11.103675 -1.1246742
v -7.947831 11.103675 -1.1246742
v -7.947831 11.103675 -1.1246742
v -7.4190803 11.103675 -1.1246742
v -7.420027 11.103675 -3.625177
v -7.948777 11.103675 -3.625177
v -7.948777 11.103675 -3.625177
v -7.420027 11.103675 -3.625177
v -7.420027 14.23044 -3.625177
v -7.948777 14.23044 -3.625177
v 6.0442853 28.785545 4.1494865
v 3.2218142 28.785545 4.1494856
v 3.2218142 28.786406 2.0085912
v 6.0442853 28.786406 2.0085912
v 3.2218142 28.785545 4.1494856
v 3.2218142 27.78319 4.1494856
v 3.2218142 27.784048 2.0085912
v 3.2218142 28.786406 2.0085912
v 6.0442853 28.785545 4.1494865
v 6.0442853 27.78319 4.1494865
v 3.2218142 27.78319 4.1494856
v 3.2218142 28.785545 4.1494856
v 6.0442853 28.786406 2.0085912
v 6.0442853 27.784048 2.0085912
v 6.0442853 27.78319 4.1494865
v 6.0442853 28.785545 4.1494865
v 3.2218142 28.786406 2.0085912
v 3.2218142 27.784048 2.0085912
v 6.0442853 27.784048 2.0085912
v 6.0442853 28.786406 2.0085912
v 3.5797763 28.847067 2.656756
v 3.9921758 28.847143 2.4707236
v 4.404954 28.847067 2.6567702
v 3.4188433 28.846899 3.0784464
v 4.565893 28.846899 3.0787668
v 3.5798814 28.846727 3.5005293
v 4.405056 28.846727 3.5005167
v 3.9926574 28.846657 3.6863823
v 4.8458166 28.847067 2.656756
v 5.2582164 28.847143 2.4707236
v 5.6709948 28.847067 2.6567702
v 4.6848845 28.846899 3.0784464
v 5.831934 28.846899 3.0787668
v 4.8459225 28.846727 3.5005293
v 5.671097 28.846727 3.5005167
v 5.258698 28.846657 3.6863823
v -3.422998 28.785545 -3.7252142
v -3.422999 28.785545 -0.90274304
v -5.563893 28.786406 -0.9027431
v -5.563893 28.786406 -3.7252142
v -3.422999 28.785545 -0.90274304
v -3.422999 27.78319 -0.90274304
v -5.563893 27.784048 -0.9027431
v -5.563893 28.786406 -0.9027431
v -3.422998 28.785545 -3.7252142
v -3.422998 27.78319 -3.7252142
v -3.422999 27.78319 -0.90274304
v -3.422999 28.785545 -0.90274304
v -5.563893 28.786406 -3.7252142
v -5.563893 27.784048 -3.7252142
v -3.422998 27.78319 -3.7252142
v -3.422998 28.785545 -3.7252142
v -5.563893 28.786406 -0.9027431
v -5.563893 27.784048 -0.9027431
v -5.563893 27.784048 -3.7252142
v -5.563893 28.786406 -3.7252142
v -4.915714 28.847067 -2.0858827
v -4.4937167 28.846899 -2.2468216
v -4.0719676 28.846727 -2.085985
v -3.886102 28.846657 -1.6735859
v -5.10176 28.847143 -1.6731045
v -4.0719543 28.846727 -1.2608106
v -4.915728 28.847067 -1.2607051
v -4.494037 28.846899 -1.0997723
v -4.915714 28.847067 -3.3141887
v -4.4937167 28.846899 -3.4751277
v -4.0719676 28.846727 -3.3142912
v -3.886102 28.846657 -2.901892
v -5.10176 28.847143 -2.9014108
v -4.0719543 28.846727 -2.489117
v -4.915728 28.847067 -2.4890113
v -4.494037 28.846899 -2.3280787
v 7.642045 25.073086 2.6546566
v 7.642045 24.641115 1.2917886
v 7.1281853 24.17353 1.4280632
v 7.128187 24.562304 2.654645
v 7.642045 25.073086 -2.3867142
v 7.642043 24.641115 -3.7464283
v 7.1281834 24.17353 -3.6104512
v 7.1281834 24.562304 -2.38671
v 7.1281853 24.17353 1.4280632
v 7.1281853 15.902549 1.427498
v 7.128187 15.902549 3.881249
v 7.128187 24.17353 3.8812263
v 7.128187 24.562304 2.654645
v 7.1281834 24.17353 -3.6104512
v 7.1281834 15.902549 -3.6106548
v 7.1281853 15.902549 -1.162555
v 7.1281853 24.17353 -1.1629685
v 7.1281834 24.562304 -2.38671
v 7.642055 15.451137 -4.9099755
v 7.642043 15.451135 -3.7466536
v 7.642043 24.641115 -3.7464283
v 7.6420574 26.588358 -4.9096026
v 7.642045 25.073086 -2.3867142
v 7.642045 25.073086 2.6546566
v 7.6420493 26.588358 5.2211094
v 7.642045 24.641115 1.2917886
v 7.642047 24.641115 4.0175247
v 7.642049 15.451137 5.221553
v 7.642047 15.451135 4.0175495
v 7.642047 24.641115 -1.0270021
v 7.6420493 15.451135 1.2911594
v 7.642047 15.451135 -1.0265428
v 7.1281853 15.902549 1.427498
v 7.1281853 24.17353 1.4280632
v 7.642045 24.641115 1.2917886
v 7.6420493 15.451135 1.2911594
v 7.1281853 24.17353 -1.1629685
v 7.1281853 15.902549 -1.162555
v 7.642047 15.451135 -1.0265428
v 7.642047 24.641115 -1.0270021
v 7.642047 24.641115 4.0175247
v 7.642045 25.073086 2.6546566
v 7.128187 24.562304 2.654645
v 7.128187 24.17353 3.8812263
v 7.642047 24.641115 -1.0270021
v 7.642045 25.073086 -2.3867142
v 7.1281834 24.562304 -2.38671
v 7.1281853 24.17353 -1.1629685
v 7.1056943 21.177307 1.2917916
v 7.1056943 21.177309 4.0175276
v 7.5388803 21.177309 4.0175276
v 7.5388803 21.177307 1.2917916
v 7.1056943 21.769972 1.2917916
v 7.5388803 21.769972 1.2917916
v 7.5388803 21.769976 4.0175276
v 7.1056943 21.769976 4.0175276
v 7.5388803 21.177307 1.2917916
v 7.5388803 21.769972 1.2917916
v 7.1056943 21.769972 1.2917916
v 7.1056943 21.177307 1.2917916
v 7.5388803 21.177309 4.0175276
v 7.5388803 21.769976 4.0175276
v 7.5388803 21.769972 1.2917916
v 7.5388803 21.177307 1.2917916
v 7.1056943 21.177309 4.0175276
v 7.1056943 21.769976 4.0175276
v 7.5388803 21.769976 4.0175276
v 7.5388803 21.177309 4.0175276
v 7.1056943 21.177307 1.2917916
v 7.1056943 21.769972 1.2917916
v 7.1056943 21.769976 4.0175276
v 7.1056943 21.177309 4.0175276
v 7.1056943 17.572672 1.2917916
v 7.1056943 17.572674 4.0175276
v 7.5388803 17.572674 4.0175276
v 7.5388803 17.572672 1.2917916
v 7.1056943 18.165339 1.2917916
v 7.5388803 18.165339 1.2917916
v 7.5388803 18.16534 4.0175276
v 7.1056943 18.16534 4.0175276
v 7.5388803 17.572672 1.2917916
v 7.5388803 18.165339 1.2917916
v 7.1056943 18.165339 1.2917916
v 7.1056943 17.572672 1.2917916
v 7.5388803 17.572674 4.0175276
v 7.5388803 18.16534 4.0175276
v 7.5388803 18.165339 1.2917916
v 7.5388803 17.572672 1.2917916
v 7.1056943 17.572674 4.0175276
v 7.1056943 18.16534 4.0175276
v 7.5388803 18.16534 4.0175276
v 7.5388803 17.572674 4.0175276
v 7.1056943 17.572672 1.2917916
v 7.1056943 18.165339 1.2917916
v 7.1056943 18.16534 4.0175276
v 7.1056943 17.572674 4.0175276
v 7.1056943 21.177307 -3.7464263
v 7.1056943 21.177309 -1.0270019
v 7.5388803 21.177309 -1.0270019
v 7.5388803 21.177307 -3.7464263
v 7.1056943 21.769972 -3.7464263
v 7.5388803 21.769972 -3.7464263
v 7.5388803 21.769976 -1.0270019
v 7.1056943 21.769976 -1.0270019
v 7.5388803 21.177307 -3.7464263
v 7.5388803 21.769972 -3.7464263
v 7.1056943 21.769972 -3.7464263
v 7.1056943 21.177307 -3.7464263
v 7.5388803 21.177309 -1.0270019
v 7.5388803 21.769976 -1.0270019
v 7.5388803 21.769972 -3.7464263
v 7.5388803 21.177307 -3.7464263
v 7.1056943 21.177309 -1.0270019
v 7.1056943 21.769976 -1.0270019
v 7.5388803 21.769976 -1.0270019
v 7.5388803 21.177309 -1.0270019
v 7.1056943 21.177307 -3.7464263
v 7.1056943 21.769972 -3.7464263
v 7.1056943 21.769976 -1.0270019
v 7.1056943 21.177309 -1.0270019
v 7.1056943 17.572672 -3.7464263
v 7.1056943 17.572674 -1.0270019
v 7.5388803 17.572674 -1.0270019
v 7.5388803 17.572672 -3.7464263
v 7.1056943 18.165339 -3.7464263
v 7.5388803 18.165339 -3.7464263
v 7.5388803 18.16534 -1.0270019
v 7.1056943 18.16534 -1.0270019
v 7.5388803 17.572672 -3.7464263
v 7.5388803 18.165339 -3.7464263
v 7.1056943 18.165339 -3.7464263
v 7.1056943 17.572672 -3.7464263
v 7.5388803 17.572674 -1.0270019
v 7.5388803 18.16534 -1.0270019
v 7.5388803 18.165339 -3.7464263
v 7.5388803 17.572672 -3.7464263
v 7.1056943 17.572674 -1.0270019
v 7.1056943 18.16534 -1.0270019
v 7.5388803 18.16534 -1.0270019
v 7.5388803 17.572674 -1.0270019
v 7.1056943 17.572672 -3.7464263
v 7.1056943 18.165339 -3.7464263
v 7.1056943 18.16534 -1.0270019
v 7.1056943 17.572674 -1.0270019
v 7.801669 8.048554 -3.6069303
v 7.801669 2.1260326 -3.6070023
v 7.801669 2.1260333 -1.1588936
v 7.801669 8.048555 -1.1588291
v 7.801669 8.363585 -2.416587
v 8.132242 8.901262 2.6672313
v 8.132242 8.551229 1.2956271
v 7.801669 8.048555 1.4321057
v 7.801669 8.363585 2.6665497
v 8.132242 2.1260338 4.0217733
v 8.132242 8.551229 4.022017
v 7.801669 8.048555 3.8858562
v 7.801669 2.126033 3.8856366
v 8.132242 8.551229 1.2956271
v 8.132242 2.1260345 1.2953967
v 7.801669 2.1260338 1.4318984
v 7.801669 8.048555 1.4321057
v 7.618786 6.3684716 1.2956282
v 7.6187844 6.3684735 4.022021
v 8.051972 6.3684735 4.022021
v 8.051972 6.3684716 1.2956282
v 7.618786 6.961138 1.2956282
v 8.051972 6.961138 1.2956282
v 8.051972 6.961139 4.022021
v 7.618786 6.961139 4.022021
v 8.051972 6.3684735 4.022021
v 8.051972 6.961139 4.022021
v 8.051972 6.961138 1.2956282
v 8.051972 6.3684716 1.2956282
v 7.618786 6.3684716 1.2956282
v 7.618786 6.961138 1.2956282
v 7.618786 6.961139 4.022021
v 7.6187844 6.3684735 4.022021
v 7.618786 3.7118707 1.2956282
v 7.6187844 3.7118726 4.022021
v 8.051972 3.7118726 4.022021
v 8.051972 3.7118707 1.2956282
v 7.618786 4.304537 1.2956282
v 8.051972 4.304537 1.2956282
v 8.051972 4.3045382 4.022021
v 7.618786 4.3045382 4.022021
v 8.051972 3.7118726 4.022021
v 8.051972 4.3045382 4.022021
v 8.051972 4.304537 1.2956282
v 8.051972 3.7118707 1.2956282
v 7.618786 3.7118707 1.2956282
v 7.618786 4.304537 1.2956282
v 7.618786 4.3045382 4.022021
v 7.6187844 3.7118726 4.022021
v 8.132241 8.901262 -2.4195812
v 8.132241 8.551228 -3.7421834
v 7.801669 8.048554 -3.6069303
v 7.801669 8.363585 -2.416587
v 8.132241 2.1260343 -1.0221435
v 8.132241 8.551229 -1.0220717
v 7.801669 8.048555 -1.1588291
v 7.801669 2.1260333 -1.1588936
v 8.132241 8.551228 -3.7421834
v 8.132241 2.126033 -3.742264
v 7.801669 2.1260326 -3.6070023
v 7.801669 8.048554 -3.6069303
v 7.618786 6.3684716 -3.7421825
v 7.6187844 6.3684735 -1.0220705
v 8.051972 6.3684735 -1.0220705
v 8.051972 6.3684716 -3.7421825
v 7.618786 6.961138 -3.7421825
v 8.051972 6.961138 -3.7421825
v 8.051972 6.961139 -1.0220705
v 7.618786 6.961139 -1.0220705
v 8.051972 6.3684735 -1.0220705
v 8.051972 6.961139 -1.0220705
v 8.051972 6.961138 -3.7421825
v 8.051972 6.3684716 -3.7421825
v 7.618786 6.3684716 -3.7421825
v 7.618786 6.961138 -3.7421825
v 7.618786 6.961139 -1.0220705
v 7.6187844 6.3684735 -1.0220705
v 7.618786 3.7118707 -3.7421825
v 7.6187844 3.7118726 -1.0220705
v 8.051972 3.7118726 -1.0220705
v 8.051972 3.7118707 -3.7421825
v 7.618786 4.304537 -3.7421825
v 8.051972 4.304537 -3.7421825
v 8.051972 4.3045382 -1.0220705
v 7.618786 4.3045382 -1.0220705
v 8.051972 3.7118726 -1.0220705
v 8.051972 4.3045382 -1.0220705
v 8.051972 4.304537 -3.7421825
v 8.051972 3.7118707 -3.7421825
v 7.618786 3.7118707 -3.7421825
v 7.618786 4.304537 -3.7421825
v 7.618786 4.3045382 -1.0220705
v 7.6187844 3.7118726 -1.0220705
v 8.132242 8.551229 4.022017
v 8.132242 8.901262 2.6672313
v 7.801669 8.363585 2.6665497
v 7.801669 8.048555 3.8858562
v 8.132241 8.551229 -1.0220717
v 8.132241 8.901262 -2.4195812
v 7.801669 8.363585 -2.416587
v 7.801669 8.048555 -1.1588291
v 7.801669 2.1260338 1.4318984
v 7.801669 2.126033 3.8856366
v 7.801669 8.048555 3.8858562
v 7.801669 8.048555 1.4321057
v 7.801669 8.363585 2.6665497
v 8.205413 13.72825 1.8905064
v 8.205413 11.6058655 1.8905064
v 8.204771 11.6058655 3.500376
v 8.204771 13.7282505 3.500376
v 8.488807 11.425897 1.7539963
v 8.488056 11.425897 3.636885
v 8.204771 11.6058655 3.500376
v 8.205413 11.6058655 1.8905064
v 8.48881 13.908217 1.7539963
v 8.488807 11.425897 1.7539963
v 8.205413 11.6058655 1.8905064
v 8.205413 13.72825 1.8905064
v 8.488056 13.908217 3.636885
v 8.48881 13.908217 1.7539963
v 8.205413 13.72825 1.8905064
v 8.204771 13.7282505 3.500376
v 8.488056 11.425897 3.636885
v 8.488056 13.908217 3.636885
v 8.204771 13.7282505 3.500376
v 8.204771 11.6058655 3.500376
v 8.488906 14.23044 1.4451884
v 8.487959 14.23044 3.9456909
v 7.959208 14.23044 3.9456909
v 7.9601555 14.23044 1.4451884
v 8.487959 14.23044 3.9456909
v 8.487959 11.103675 3.9456909
v 7.959208 11.103675 3.9456909
v 7.959208 14.23044 3.9456909
v 8.487959 11.103675 3.9456909
v 8.488906 11.103675 1.4451884
v 7.9601555 11.103675 1.4451884
v 7.959208 11.103675 3.9456909
v 8.488906 11.103675 1.4451884
v 8.488906 14.23044 1.4451884
v 7.9601555 14.23044 1.4451884
v 7.9601555 11.103675 1.4451884
v 8.20543 13.72825 -3.1798587
v 8.20543 11.6058655 -3.1798587
v 8.204754 11.6058655 -1.5699885
v 8.204754 13.7282505 -1.5699885
v 8.488807 11.425897 -3.3163683
v 8.488056 11.425897 -1.4334794
v 8.204754 11.6058655 -1.5699885
v 8.20543 11.6058655 -3.1798587
v 8.48881 13.908217 -3.3163683
v 8.488807 11.425897 -3.3163683
v 8.20543 11.6058655 -3.1798587
v 8.20543 13.72825 -3.1798587
v 8.488056 13.908217 -1.4334794
v 8.48881 13.908217 -3.3163683
v 8.20543 13.72825 -3.1798587
v 8.204754 13.7282505 -1.5699885
v 8.488056 11.425897 -1.4334794
v 8.488056 13.908217 -1.4334794
v 8.204754 13.7282505 -1.5699885
v 8.204754 11.6058655 -1.5699885
v 8.488906 14.23044 -3.625176
v 8.487959 14.23044 -1.1246734
v 7.959208 14.23044 -1.1246734
v 7.9601555 14.23044 -3.625176
v 8.487959 14.23044 -1.1246734
v 8.487959 11.103675 -1.1246734
v 7.959208 11.103675 -1.1246734
v 7.959208 14.23044 -1.1246734
v 8.487959 11.103675 -1.1246734
v 8.488906 11.103675 -3.625176
v 7.9601555 11.103675 -3.625176
v 7.959208 11.103675 -1.1246734
v 8.488906 11.103675 -3.625176
v 8.488906 14.23044 -3.625176
v 7.9601555 14.23044 -3.625176
v 7.9601555 11.103675 -3.625176
v 3.3717782 26.588358 5.666873
v -2.9104521 26.588358 5.66818
v 8.105402 26.588358 7.0170536
v 7.135154 26.588358 5.665899
v -6.6150675 26.588358 5.6691537
v 8.672928 26.588358 6.502279
v -7.289545 26.588358 7.0208206
v 7.6420493 26.588358 5.2211094
v 8.6729355 26.588358 -5.5425825
v 7.6420574 26.588358 -4.9096026
v 8.101046 26.588358 -6.048973
v 7.131262 26.588358 -5.3471465
v -7.2854004 26.588358 -6.049034
v -6.6113653 26.588358 -5.3471994
v -7.1220775 26.588358 5.224428
v -7.8572006 26.588358 6.5061216
v -7.8571935 26.588358 -5.542608
v -7.122071 26.588358 -4.909622
v -7.2854004 27.693481 -6.049034
v -8.325843 27.693481 -5.926946
v -7.8571935 27.693481 -5.542608
v -7.8572006 27.693481 6.5061216
v -7.715106 27.693481 -6.467865
v -8.325851 27.693481 6.83309
v 8.101046 27.693481 -6.048973
v -7.7195334 27.693481 7.382844
v 8.719294 27.693481 -6.467798
v -7.289545 27.693481 7.0208206
v 8.6729355 27.693481 -5.5425825
v 8.723948 27.693481 7.3788204
v 9.330134 27.693481 -5.926919
v 8.105402 27.693481 7.0170536
v 8.672928 27.693481 6.502279
v 9.330127 27.693481 6.828985
v -8.325851 28.945673 6.83309
v -7.3625326 28.945673 -4.83171
v -7.3625407 28.945673 5.1704383
v -6.8356934 28.945673 5.609376
v -8.325843 28.945673 -5.926946
v -7.7195334 28.945673 7.382844
v -7.715106 28.945673 -6.467865
v 7.4525266 28.945673 5.606163
v -6.831846 28.945673 -5.2635922
v 8.723948 28.945673 7.3788204
v 8.719294 28.945673 -6.467798
v 7.9792533 28.945673 5.167161
v 7.448483 28.945673 -5.26354
v 9.330127 28.945673 6.828985
v 9.330134 28.945673 -5.926919
v 7.97926 28.945673 -4.831688
v 8.488906 11.103675 -3.625176
v 8.488056 11.425897 -1.4334794
v 8.488807 11.425897 -3.3163683
v 8.487959 11.103675 -1.1246734
v 8.488906 14.23044 -3.625176
v 8.488056 13.908217 -1.4334794
v 8.48881 13.908217 -3.3163683
v 8.487959 14.23044 -1.1246734
v 8.488906 11.103675 1.4451884
v 8.488056 11.425897 3.636885
v 8.488807 11.425897 1.7539963
v 8.487959 11.103675 3.9456909
v 8.488906 14.23044 1.4451884
v 8.488056 13.908217 3.636885
v 8.48881 13.908217 1.7539963
v 8.487959 14.23044 3.9456909
v -7.948777 11.103675 -3.625177
v -7.948679 11.425897 -3.3163693
v -7.9479284 11.425897 -1.4334801
v -7.947831 11.103675 -1.1246742
v -7.948777 14.23044 -3.625177
v -7.9479284 13.908217 -1.4334801
v -7.9486804 13.908217 -3.3163693
v -7.947831 14.23044 -1.1246742
v -7.948777 11.103675 1.4451877
v -7.948679 11.425897 1.7539957
v -7.9479284 11.425897 3.6368845
v -7.947831 11.103675 3.9456902
v -7.948777 14.23044 1.4451877
v -7.9479284 13.908217 3.6368845
v -7.9486804 13.908217 1.7539957
v -7.947831 14.23044 3.9456902
v -6.410938 5.149138 6.8600583
v -6.10213 5.4713597 6.8599606
v -4.2192416 5.4713597 6.8592095
v -3.9104352 5.149138 6.859112
v -6.410939 8.275903 6.8600593
v -4.2192416 7.9536815 6.8592095
v -6.10213 7.95368 6.8599615
v -3.9104352 8.275904 6.859112
v 4.4864855 5.149138 6.831711
v 4.795294 5.4713597 6.8316135
v 6.6781816 5.4713597 6.8308616
v 6.9869885 5.149138 6.830764
v 4.486484 8.275903 6.8317113
v 6.6781816 7.9536815 6.8308616
v 4.7952933 7.95368 6.8316135
v 6.9869885 8.275904 6.830764
v -6.2348914 21.550549 6.5825486
v -5.926083 21.87277 6.582452
v -4.0431952 21.87277 6.5817
v -3.7343886 21.550549 6.5816026
v -6.2348924 24.67731 6.582549
v -4.0431952 24.35509 6.5817
v -5.926084 24.35509 6.5824523
v -3.7343886 24.677315 6.5816026
v 4.1961613 21.550549 6.582549
v 4.5049696 21.87277 6.5824523
v 6.3878574 21.87277 6.5817003
v 6.6966643 21.550549 6.5816026
v 4.1961603 24.67731 6.58255
v 6.3878574 24.35509 6.5817003
v 4.504969 24.35509 6.582453
v 6.6966643 24.677315 6.5816026
v -6.2348914 17.035442 6.5825486
v -5.926083 17.357666 6.582452
v -4.0431952 17.357666 6.5817
v -3.7343886 17.035442 6.5816026
v -6.2348924 20.162207 6.582549
v -4.0431952 19.839987 6.5817
v -5.926084 19.839987 6.5824523
v -3.7343886 20.16221 6.5816026
v 4.1961613 17.035442 6.582549
v 4.5049696 17.357666 6.5824523
v 6.3878574 17.357666 6.5817003
v 6.6966643 17.035442 6.5816026
v 4.1961603 20.162207 6.58255
v 6.3878574 19.839987 6.5817003
v 4.504969 19.839987 6.582453
v 6.6966643 20.16221 6.5816026
v -6.410938 11.103675 6.8600583
v -6.10213 11.425897 6.8599606
v -4.2192416 11.425897 6.8592095
v -3.9104352 11.103675 6.859112
v -6.410939 14.23044 6.8600593
v -4.2192416 13.908217 6.8592095
v -6.10213 13.908217 6.8599615
v -3.9104352 14.23044 6.859112
v 4.4864855 11.103675 6.874484
v 4.795294 11.425897 6.8743873
v 6.6781816 11.425897 6.8736353
v 6.9869885 11.103675 6.873538
v 4.486484 14.23044 6.8744845
v 6.6781816 13.908217 6.8736353
v 4.7952933 13.908217 6.8743877
v 6.9869885 14.23044 6.873538
vt 0.7843993 0.85260785
vt 0.7843993 0.85260785
vt 0.7843993 0.85260785
vt 0.7843993 0.85260785
vt 0.8495075 0.84640706
vt 0.8495075 0.84640706
vt 0.8495075 0.84640706
vt 0.8495075 0.84640706
vt 0.8495075 0.84640706
vt 0.8495075 0.84640706
vt 0.5828738 0.024803162
vt 0.5828738 0.024803162
vt 0.5828738 0.024803162
vt 0.5828738 0.024803162
vt 0.5828738 0.024803162
vt 0.5828738 0.024803162
vt 0.5828738 0.024803162
vt 0.5828738 0.024803162
vt 0.5828738 0.024803162
vt 0.5828738 0.024803162
vt 0.5828738 0.024803162
vt 0.5828738 0.024803162
vt 0.5828738 0.024803162
vt 0.5828738 0.024803162
vt 0.5828738 0.024803162
vt 0.5828738 0.024803162
vt 0.5828738 0.024803162
vt 0.5828738 0.024803162
vt 0.5828738 0.024803162
vt 0.5828738 0.024803162
vt 0.5828738 0.024803162
vt 0.5828738 0.024803162
vt 0.5828738 0.024803162
vt 0.5828738 0.024803162
vt 0.7843993 0.8526079
vt 0.7843993 0.8526079
vt 0.7843993 0.8526079
vt 0.7843993 0.8526079
vt 0.90531456 0.8526079
vt 0.90531456 0.8526079
vt 0.90531456 0.8526079
vt 0.90531456 0.8526079
vt 0.7843993 0.8526079
vt 0.7843993 0.8526079
vt 0.7843993 0.8526079
vt 0.7843993 0.8526079
vt 0.90531456 0.8526079
vt 0.90531456 0.8526079
vt 0.90531456 0.8526079
vt 0.90531456 0.8526079
vt 0.90531456 0.8526079
vt 0.90531456 0.8526079
vt 0.90531456 0.8526079
vt 0.90531456 0.8526079
vt 0.90531456 0.8526079
vt 0.90531456 0.8526079
vt 0.90531456 0.8526079
vt 0.90531456 0.8526079
vt 0.90531456 0.8526079
vt 0.90531456 0.8526079
vt 0.90531456 0.8526079
vt 0.90531456 0.8526079
vt 0.027903557 0.84950745
vt 0.027903557 0.84950745
vt 0.027903557 0.84950745
vt 0.027903557 0.84950745
vt 0.027903557 0.84950745
vt 0.027903557 0.84950745
vt 0.7843993 0.85260785
vt 0.7843993 0.85260785
vt 0.7843993 0.85260785
vt 0.7843993 0.85260785
vt 0.7843993 0.85260785
vt 0.027903557 0.84950745
vt 0.027903557 0.84950745
vt 0.027903557 0.84950745
vt 0.027903557 0.84950745
vt 0.027903557 0.84950745
vt 0.027903557 0.84950745
vt 0.5828738 0.024803162
vt 0.5828738 0.024803162
vt 0.5828738 0.024803162
vt 0.5828738 0.024803162
vt 0.5828738 0.024803162
vt 0.5828738 0.024803162
vt 0.5828738 0.024803162
vt 0.5828738 0.024803162
vt 0.5828738 0.024803162
vt 0.5828738 0.024803162
vt 0.5828738 0.024803162
vt 0.5828738 0.024803162
vt 0.5828738 0.024803162
vt 0.5828738 0.024803162
vt 0.5828738 0.024803162
vt 0.5828738 0.024803162
vt 0.90841496 0.84950745
vt 0.90841496 0.84950745
vt 0.90841496 0.84950745
vt 0.90841496 0.84950745
vt 0.037612956 0.08776356
vt 0.037612956 0.08776356
vt 0.037612956 0.08776356
vt 0.037612956 0.08776356
vt 0.037612956 0.08776356
vt 0.037612956 0.08776356
vt 0.037612956 0.08776356
vt 0.037612956 0.08776356
vt 0.037612956 0.08776356
vt 0.037612956 0.08776356
vt 0.037612956 0.08776356
vt 0.037612956 0.08776356
vt 0.037612956 0.08776356
vt 0.037612956 0.08776356
vt 0.037612956 0.08776356
vt 0.037612956 0.08776356
vt 0.037612956 0.08776356
vt 0.037612956 0.08776356
vt 0.037612956 0.08776356
vt 0.037612956 0.08776356
vt 0.037612956 0.08776356
vt 0.037612956 0.08776356
vt 0.037612956 0.08776356
vt 0.037612956 0.08776356
vt 0.037612956 0.08776356
vt 0.037612956 0.08776356
vt 0.037612956 0.08776356
vt 0.037612956 0.08776356
vt 0.037612956 0.08776356
vt 0.037612956 0.08776356
vt 0.037612956 0.08776356
vt 0.037612956 0.08776356
vt 0.037612956 0.08776356
vt 0.037612956 0.08776356
vt 0.037612956 0.08776356
vt 0.037612956 0.08776356
vt 0.037612956 0.08776356
vt 0.037612956 0.08776356
vt 0.037612956 0.08776356
vt 0.037612956 0.08776356
vt 0.037612956 0.08776356
vt 0.037612956 0.08776356
vt 0.037612956 0.08776356
vt 0.037612956 0.08776356
vt 0.037612956 0.08776356
vt 0.037612956 0.08776356
vt 0.037612956 0.08776356
vt 0.037612956 0.08776356
vt 0.7843993 0.85260785
vt 0.7843993 0.85260785
vt 0.7843993 0.85260785
vt 0.7843993 0.85260785
vt 0.7843993 0.85260785
vt 0.7843993 0.85260785
vt 0.7843993 0.85260785
vt 0.7843993 0.85260785
vt 0.7843993 0.85260785
vt 0.7843993 0.85260785
vt 0.7843993 0.85260785
vt 0.7843993 0.85260785
vt 0.7843993 0.85260785
vt 0.7843993 0.85260785
vt 0.7843993 0.85260785
vt 0.7843993 0.85260785
vt 0.7843993 0.85260785
vt 0.7843993 0.85260785
vt 0.7843993 0.85260785
vt 0.7843993 0.85260785
vt 0.7843993 0.85260785
vt 0.7843993 0.85260785
vt 0.7843993 0.85260785
vt 0.8495075 0.84640706
vt 0.8495075 0.84640706
vt 0.8495075 0.84640706
vt 0.8495075 0.84640706
vt 0.8495075 0.84640706
vt 0.8495075 0.84640706
vt 0.7843993 0.85260785
vt 0.7843993 0.85260785
vt 0.7843993 0.85260785
vt 0.7843993 0.85260785
vt 0.7843993 0.85260785
vt 0.7843993 0.85260785
vt 0.027903557 0.84950745
vt 0.027903557 0.84950745
vt 0.027903557 0.84950745
vt 0.027903557 0.84950745
vt 0.90841496 0.84950745
vt 0.90841496 0.84950745
vt 0.90841496 0.84950745
vt 0.90841496 0.84950745
vt 0.7843993 0.85260785
vt 0.7843993 0.85260785
vt 0.7843993 0.85260785
vt 0.7843993 0.85260785
vt 0.7843993 0.85260785
vt 0.7843993 0.85260785
vt 0.7843993 0.85260785
vt 0.7843993 0.85260785
vt 0.7843993 0.85260785
vt 0.7843993 0.85260785
vt 0.34414354 0.15191919
vt 0.34414354 0.15191919
vt 0.34414354 0.15191919
vt 0.34414354 0.15191919
vt 0.34414354 0.15191919
vt 0.34414354 0.15191919
vt 0.7843993 0.85260785
vt 0.7843993 0.85260785
vt 0.7843993 0.85260785
vt 0.7843993 0.85260785
vt 0.7843993 0.85260785
vt 0.34414354 0.15191919
vt 0.34414354 0.15191919
vt 0.34414354 0.15191919
vt 0.34414354 0.15191919
vt 0.90841496 0.84950745
vt 0.90841496 0.84950745
vt 0.90841496 0.84950745
vt 0.90841496 0.84950745
vt 0.7843993 0.85260785
vt 0.7843993 0.85260785
vt 0.7843993 0.85260785
vt 0.7843993 0.85260785
vt 0.7843993 0.85260785
vt 0.7843993 0.85260785
vt 0.7843993 0.85260785
vt 0.7843993 0.85260785
vt 0.7843993 0.85260785
vt 0.7843993 0.85260785
vt 0.027903557 0.84950745
vt 0.027903557 0.84950745
vt 0.027903557 0.84950745
vt 0.027903557 0.84950745
vt 0.027903557 0.84950745
vt 0.027903557 0.84950745
vt 0.027903557 0.84950745
vt 0.027903557 0.84950745
vt 0.027903557 0.84950745
vt 0.027903557 0.84950745
vt 0.027903557 0.84950745
vt 0.027903557 0.84950745
vt 0.027903557 0.84950745
vt 0.027903557 0.84950745
vt 0.90841496 0.84950745
vt 0.90841496 0.84950745
vt 0.90841496 0.84950745
vt 0.90841496 0.84950745
vt 0.90841496 0.84950745
vt 0.90841496 0.84950745
vt 0.90841496 0.84950745
vt 0.90841496 0.84950745
vt 0.90841496 0.84950745
vt 0.90841496 0.84950745
vt 0.90841496 0.84950745
vt 0.90841496 0.84950745
vt 0.90841496 0.84950745
vt 0.90841496 0.84950745
vt 0.90841496 0.84950745
vt 0.90841496 0.84950745
vt 0.037612956 0.08776356
vt 0.037612956 0.08776356
vt 0.037612956 0.08776356
vt 0.037612956 0.08776356
vt 0.037612956 0.08776356
vt 0.037612956 0.08776356
vt 0.037612956 0.08776356
vt 0.037612956 0.08776356
vt 0.037612956 0.08776356
vt 0.037612956 0.08776356
vt 0.037612956 0.08776356
vt 0.037612956 0.08776356
vt 0.037612956 0.08776356
vt 0.037612956 0.08776356
vt 0.037612956 0.08776356
vt 0.037612956 0.08776356
vt 0.037612956 0.08776356
vt 0.037612956 0.08776356
vt 0.037612956 0.08776356
vt 0.037612956 0.08776356
vt 0.037612956 0.08776356
vt 0.037612956 0.08776356
vt 0.037612956 0.08776356
vt 0.037612956 0.08776356
vt 0.037612956 0.08776356
vt 0.037612956 0.08776356
vt 0.037612956 0.08776356
vt 0.037612956 0.08776356
vt 0.037612956 0.08776356
vt 0.037612956 0.08776356
vt 0.037612956 0.08776356
vt 0.037612956 0.08776356
vt 0.037612956 0.08776356
vt 0.037612956 0.08776356
vt 0.037612956 0.08776356
vt 0.037612956 0.08776356
vt 0.037612956 0.08776356
vt 0.037612956 0.08776356
vt 0.037612956 0.08776356
vt 0.037612956 0.08776356
vt 0.037612956 0.08776356
vt 0.037612956 0.08776356
vt 0.037612956 0.08776356
vt 0.037612956 0.08776356
vt 0.037612956 0.08776356
vt 0.037612956 0.08776356
vt 0.037612956 0.08776356
vt 0.037612956 0.08776356
vt 0.7843993 0.85260785
vt 0.7843993 0.85260785
vt 0.7843993 0.85260785
vt 0.7843993 0.85260785
vt 0.7843993 0.85260785
vt 0.8495075 0.84640706
vt 0.8495075 0.84640706
vt 0.8495075 0.84640706
vt 0.8495075 0.84640706
vt 0.90841496 0.84950745
vt 0.90841496 0.84950745
vt 0.90841496 0.84950745
vt 0.90841496 0.84950745
vt 0.34414354 0.15191919
vt 0.34414354 0.15191919
vt 0.34414354 0.15191919
vt 0.34414354 0.15191919
vt 0.34414354 0.15191919
vt 0.90841496 0.84950745
vt 0.90841496 0.84950745
vt 0.90841496 0.84950745
vt 0.90841496 0.84950745
vt 0.90841496 0.84950745
vt 0.90841496 0.84950745
vt 0.90841496 0.84950745
vt 0.90841496 0.84950745
vt 0.90841496 0.84950745
vt 0.90841496 0.84950745
vt 0.90841496 0.84950745
vt 0.90841496 0.84950745
vt 0.90841496 0.84950745
vt 0.90841496 0.84950745
vt 0.90841496 0.84950745
vt 0.90841496 0.84950745
vt 0.91771615 0.84950745
vt 0.91771615 0.84950745
vt 0.91771615 0.84950745
vt 0.91771615 0.84950745
vt 0.91771615 0.84950745
vt 0.91771615 0.84950745
vt 0.91771615 0.84950745
vt 0.91771615 0.84950745
vt 0.91771615 0.84950745
vt 0.91771615 0.84950745
vt 0.91771615 0.84950745
vt 0.91771615 0.84950745
vt 0.91771615 0.84950745
vt 0.91771615 0.84950745
vt 0.91771615 0.84950745
vt 0.91771615 0.84950745
vt 0.91771615 0.84950745
vt 0.91771615 0.84950745
vt 0.91771615 0.84950745
vt 0.91771615 0.84950745
vt 0.91771615 0.84950745
vt 0.91771615 0.84950745
vt 0.91771615 0.84950745
vt 0.91771615 0.84950745
vt 0.91771615 0.84950745
vt 0.91771615 0.84950745
vt 0.91771615 0.84950745
vt 0.91771615 0.84950745
vt 0.91771615 0.84950745
vt 0.91771615 0.84950745
vt 0.91771615 0.84950745
vt 0.91771615 0.84950745
vt 0.9053146 0.8402063
vt 0.9053146 0.8402063
vt 0.9053146 0.8402063
vt 0.9053146 0.8402063
vt 0.9053146 0.8402063
vt 0.9053146 0.8402063
vt 0.9053146 0.8402063
vt 0.9053146 0.8402063
vt 0.9053146 0.8402063
vt 0.9053146 0.8402063
vt 0.9053146 0.8402063
vt 0.9053146 0.8402063
vt 0.9053146 0.8402063
vt 0.9053146 0.8402063
vt 0.9053146 0.8402063
vt 0.9053146 0.8402063
vt 0.9053146 0.8402063
vt 0.9053146 0.8402063
vt 0.9053146 0.8402063
vt 0.9053146 0.8402063
vt 0.9053146 0.8402063
vt 0.9053146 0.8402063
vt 0.9053146 0.8402063
vt 0.9053146 0.8402063
vt 0.9053146 0.8402063
vt 0.9053146 0.8402063
vt 0.9053146 0.8402063
vt 0.9053146 0.8402063
vt 0.9053146 0.8402063
vt 0.9053146 0.8402063
vt 0.9053146 0.8402063
vt 0.9053146 0.8402063
vt 0.9053146 0.8402063
vt 0.9053146 0.8402063
vt 0.9053146 0.8402063
vt 0.9053146 0.8402063
vt 0.9053146 0.8402063
vt 0.9053146 0.8402063
vt 0.9053146 0.8402063
vt 0.9053146 0.8402063
vt 0.9053146 0.8402063
vt 0.9053146 0.8402063
vt 0.9053146 0.8402063
vt 0.9053146 0.8402063
vt 0.9053146 0.8402063
vt 0.9053146 0.8402063
vt 0.9053146 0.8402063
vt 0.9053146 0.8402063
vt 0.9053146 0.8402063
vt 0.9053146 0.8402063
vt 0.9053146 0.8402063
vt 0.9053146 0.8402063
vt 0.9053146 0.8402063
vt 0.9053146 0.8402063
vt 0.9053146 0.8402063
vt 0.9053146 0.8402063
vt 0.9053146 0.8402063
vt 0.9053146 0.8402063
vt 0.9053146 0.8402063
vt 0.9053146 0.8402063
vt 0.9053146 0.8402063
vt 0.9053146 0.8402063
vt 0.9053146 0.8402063
vt 0.9053146 0.8402063
vt 0.9053146 0.8402063
vt 0.9053146 0.8402063
vt 0.9053146 0.8402063
vt 0.9053146 0.8402063
vt 0.9053146 0.8402063
vt 0.9053146 0.8402063
vt 0.9053146 0.8402063
vt 0.9053146 0.8402063
vt 0.9053146 0.8402063
vt 0.9053146 0.8402063
vt 0.9053146 0.8402063
vt 0.9053146 0.8402063
vt 0.9053146 0.8402063
vt 0.9053146 0.8402063
vt 0.9053146 0.8402063
vt 0.9053146 0.8402063
vt 0.9053146 0.8402063
vt 0.9053146 0.8402063
vt 0.9053146 0.8402063
vt 0.9053146 0.8402063
vt 0.9053146 0.8402063
vt 0.9053146 0.8402063
vt 0.9053146 0.8402063
vt 0.9053146 0.8402063
vt 0.59837574 0.031003892
vt 0.59837574 0.031003892
vt 0.59837574 0.031003892
vt 0.59837574 0.031003892
vt 0.59837574 0.031003892
vt 0.59837574 0.031003892
vt 0.59837574 0.031003892
vt 0.59837574 0.031003892
vt 0.59837574 0.031003892
vt 0.59837574 0.031003892
vt 0.59837574 0.031003892
vt 0.59837574 0.031003892
vt 0.59837574 0.031003892
vt 0.59837574 0.031003892
vt 0.59837574 0.031003892
vt 0.59837574 0.031003892
vt 0.59837574 0.031003892
vt 0.59837574 0.031003892
vt 0.59837574 0.031003892
vt 0.59837574 0.031003892
vt 0.59837574 0.031003892
vt 0.59837574 0.031003892
vt 0.59837574 0.031003892
vt 0.59837574 0.031003892
vt 0.59837574 0.031003892
vt 0.59837574 0.031003892
vt 0.59837574 0.031003892
vt 0.59837574 0.031003892
vt 0.59837574 0.031003892
vt 0.59837574 0.031003892
vt 0.59837574 0.031003892
vt 0.59837574 0.031003892
vt 0.90841496 0.84950745
vt 0.90841496 0.84950745
vt 0.90841496 0.84950745
vt 0.90841496 0.84950745
vt 0.90841496 0.84950745
vt 0.90841496 0.84950745
vt 0.90841496 0.84950745
vt 0.90841496 0.84950745
vt 0.7843993 0.85260785
vt 0.7843993 0.85260785
vt 0.7843993 0.85260785
vt 0.7843993 0.85260785
vt 0.7843993 0.85260785
vt 0.7843993 0.85260785
vt 0.7843993 0.85260785
vt 0.7843993 0.85260785
vt 0.90841496 0.84950745
vt 0.90841496 0.84950745
vt 0.90841496 0.84950745
vt 0.90841496 0.84950745
vt 0.90841496 0.84950745
vt 0.90841496 0.84950745
vt 0.90841496 0.84950745
vt 0.90841496 0.84950745
vt 0.90841496 0.84950745
vt 0.90841496 0.84950745
vt 0.90841496 0.84950745
vt 0.90841496 0.84950745
vt 0.90841496 0.84950745
vt 0.90841496 0.84950745
vt 0.90841496 0.84950745
vt 0.90841496 0.84950745
vt 0.90841496 0.84950745
vt 0.90841496 0.84950745
vt 0.90841496 0.84950745
vt 0.90841496 0.84950745
vt 0.34414354 0.15191919
vt 0.34414354 0.15191919
vt 0.34414354 0.15191919
vt 0.34414354 0.15191919
vt 0.34414354 0.15191919
vt 0.34414354 0.15191919
vt 0.34414354 0.15191919
vt 0.34414354 0.15191919
vt 0.34414354 0.15191919
vt 0.34414354 0.15191919
vt 0.7843993 0.85260785
vt 0.7843993 0.85260785
vt 0.7843993 0.85260785
vt 0.7843993 0.85260785
vt 0.7843993 0.85260785
vt 0.7843993 0.85260785
vt 0.7843993 0.85260785
vt 0.7843993 0.85260785
vt 0.7843993 0.85260785
vt 0.7843993 0.85260785
vt 0.7843993 0.85260785
vt 0.7843993 0.85260785
vt 0.7843993 0.85260785
vt 0.7843993 0.85260785
vt 0.7843993 0.85260785
vt 0.7843993 0.85260785
vt 0.7843993 0.85260785
vt 0.7843993 0.85260785
vt 0.7843993 0.85260785
vt 0.7843993 0.85260785
vt 0.7843993 0.85260785
vt 0.7843993 0.85260785
vt 0.7843993 0.85260785
vt 0.7843993 0.85260785
vt 0.7843993 0.85260785
vt 0.7843993 0.85260785
vt 0.7843993 0.85260785
vt 0.7843993 0.85260785
vt 0.90841496 0.84950745
vt 0.90841496 0.84950745
vt 0.90841496 0.84950745
vt 0.90841496 0.84950745
vt 0.7843993 0.85260785
vt 0.7843993 0.85260785
vt 0.7843993 0.85260785
vt 0.7843993 0.85260785
vt 0.90841496 0.84950745
vt 0.90841496 0.84950745
vt 0.90841496 0.84950745
vt 0.90841496 0.84950745
vt 0.90841496 0.84950745
vt 0.90841496 0.84950745
vt 0.90841496 0.84950745
vt 0.90841496 0.84950745
vt 0.90841496 0.84950745
vt 0.90841496 0.84950745
vt 0.90841496 0.84950745
vt 0.90841496 0.84950745
vt 0.90841496 0.84950745
vt 0.90841496 0.84950745
vt 0.90841496 0.84950745
vt 0.90841496 0.84950745
vt 0.90841496 0.84950745
vt 0.90841496 0.84950745
vt 0.90841496 0.84950745
vt 0.90841496 0.84950745
vt 0.9053146 0.8402063
vt 0.9053146 0.8402063
vt 0.9053146 0.8402063
vt 0.9053146 0.8402063
vt 0.9053146 0.8402063
vt 0.9053146 0.8402063
vt 0.9053146 0.8402063
vt 0.9053146 0.8402063
vt 0.9053146 0.8402063
vt 0.9053146 0.8402063
vt 0.9053146 0.8402063
vt 0.9053146 0.8402063
vt 0.9053146 0.8402063
vt 0.9053146 0.8402063
vt 0.9053146 0.8402063
vt 0.9053146 0.8402063
vt 0.9053146 0.8402063
vt 0.9053146 0.8402063
vt 0.9053146 0.8402063
vt 0.9053146 0.8402063
vt 0.9053146 0.8402063
vt 0.9053146 0.8402063
vt 0.9053146 0.8402063
vt 0.9053146 0.8402063
vt 0.9053146 0.8402063
vt 0.9053146 0.8402063
vt 0.9053146 0.8402063
vt 0.9053146 0.8402063
vt 0.9053146 0.8402063
vt 0.9053146 0.8402063
vt 0.9053146 0.8402063
vt 0.9053146 0.8402063
vt 0.9053146 0.8402063
vt 0.9053146 0.8402063
vt 0.9053146 0.8402063
vt 0.9053146 0.8402063
vt 0.9053146 0.8402063
vt 0.9053146 0.8402063
vt 0.9053146 0.8402063
vt 0.9053146 0.8402063
vt 0.9053146 0.8402063
vt 0.9053146 0.8402063
vt 0.9053146 0.8402063
vt 0.9053146 0.8402063
vt 0.9053146 0.8402063
vt 0.9053146 0.8402063
vt 0.9053146 0.8402063
vt 0.9053146 0.8402063
vt 0.9053146 0.8402063
vt 0.9053146 0.8402063
vt 0.9053146 0.8402063
vt 0.9053146 0.8402063
vt 0.9053146 0.8402063
vt 0.9053146 0.8402063
vt 0.9053146 0.8402063
vt 0.9053146 0.8402063
vt 0.9053146 0.8402063
vt 0.9053146 0.8402063
vt 0.9053146 0.8402063
vt 0.9053146 0.8402063
vt 0.9053146 0.8402063
vt 0.9053146 0.8402063
vt 0.9053146 0.8402063
vt 0.9053146 0.8402063
vt 0.9053146 0.8402063
vt 0.9053146 0.8402063
vt 0.9053146 0.8402063
vt 0.9053146 0.8402063
vt 0.9053146 0.8402063
vt 0.9053146 0.8402063
vt 0.9053146 0.8402063
vt 0.9053146 0.8402063
vt 0.9053146 0.8402063
vt 0.9053146 0.8402063
vt 0.9053146 0.8402063
vt 0.9053146 0.8402063
vt 0.9053146 0.8402063
vt 0.9053146 0.8402063
vt 0.9053146 0.8402063
vt 0.9053146 0.8402063
vt 0.9053146 0.8402063
vt 0.9053146 0.8402063
vt 0.9053146 0.8402063
vt 0.9053146 0.8402063
vt 0.9053146 0.8402063
vt 0.9053146 0.8402063
vt 0.9053146 0.8402063
vt 0.9053146 0.8402063
vt 0.9053146 0.8402063
vt 0.9053146 0.8402063
vt 0.9053146 0.8402063
vt 0.9053146 0.8402063
vt 0.9053146 0.8402063
vt 0.9053146 0.8402063
vt 0.9053146 0.8402063
vt 0.9053146 0.8402063
vt 0.5828738 0.024803162
vt 0.5828738 0.024803162
vt 0.5828738 0.024803162
vt 0.5828738 0.024803162
vt 0.5828738 0.024803162
vt 0.5828738 0.024803162
vt 0.5828738 0.024803162
vt 0.5828738 0.024803162
vt 0.5828738 0.024803162
vt 0.5828738 0.024803162
vt 0.5828738 0.024803162
vt 0.5828738 0.024803162
vt 0.5828738 0.024803162
vt 0.5828738 0.024803162
vt 0.5828738 0.024803162
vt 0.5828738 0.024803162
vt 0.5828738 0.024803162
vt 0.5828738 0.024803162
vt 0.5828738 0.024803162
vt 0.5828738 0.024803162
vt 0.5828738 0.024803162
vt 0.5828738 0.024803162
vt 0.5828738 0.024803162
vt 0.5828738 0.024803162
vt 0.5828738 0.024803162
vt 0.5828738 0.024803162
vt 0.5828738 0.024803162
vt 0.5828738 0.024803162
vt 0.5828738 0.024803162
vt 0.5828738 0.024803162
vt 0.5828738 0.024803162
vt 0.5828738 0.024803162
vt 0.5828738 0.024803162
vt 0.5828738 0.024803162
vt 0.5828738 0.024803162
vt 0.5828738 0.024803162
vt 0.5828738 0.024803162
vt 0.5828738 0.024803162
vt 0.5828738 0.024803162
vt 0.5828738 0.024803162
vt 0.5828738 0.024803162
vt 0.5828738 0.024803162
vt 0.5828738 0.024803162
vt 0.5828738 0.024803162
vt 0.5828738 0.024803162
vt 0.5828738 0.024803162
vt 0.5828738 0.024803162
vt 0.5828738 0.024803162
vt 0.5828738 0.024803162
vt 0.5828738 0.024803162
vt 0.5828738 0.024803162
vt 0.5828738 0.024803162
vt 0.5828738 0.024803162
vt 0.5828738 0.024803162
vt 0.5828738 0.024803162
vt 0.5828738 0.024803162
vt 0.5828738 0.024803162
vt 0.5828738 0.024803162
vt 0.5828738 0.024803162
vt 0.5828738 0.024803162
vt 0.5828738 0.024803162
vt 0.5828738 0.024803162
vt 0.5828738 0.024803162
vt 0.5828738 0.024803162
vt 0.90841496 0.84950745
vt 0.90841496 0.84950745
vt 0.90841496 0.84950745
vt 0.90841496 0.84950745
vt 0.90841496 0.84950745
vt 0.90841496 0.84950745
vt 0.90841496 0.84950745
vt 0.90841496 0.84950745
vt 0.90841496 0.84950745
vt 0.90841496 0.84950745
vt 0.90841496 0.84950745
vt 0.90841496 0.84950745
vt 0.9053146 0.8402063
vt 0.9053146 0.8402063
vt 0.9053146 0.8402063
vt 0.9053146 0.8402063
vt 0.9053146 0.8402063
vt 0.9053146 0.8402063
vt 0.9053146 0.8402063
vt 0.9053146 0.8402063
vt 0.9053146 0.8402063
vt 0.9053146 0.8402063
vt 0.9053146 0.8402063
vt 0.9053146 0.8402063
vt 0.9053146 0.8402063
vt 0.9053146 0.8402063
vt 0.9053146 0.8402063
vt 0.9053146 0.8402063
vt 0.9053146 0.8402063
vt 0.9053146 0.8402063
vt 0.9053146 0.8402063
vt 0.9053146 0.8402063
vt 0.9053146 0.8402063
vt 0.9053146 0.8402063
vt 0.9053146 0.8402063
vt 0.9053146 0.8402063
vt 0.9053146 0.8402063
vt 0.9053146 0.8402063
vt 0.9053146 0.8402063
vt 0.9053146 0.8402063
vt 0.9053146 0.8402063
vt 0.9053146 0.8402063
vt 0.9053146 0.8402063
vt 0.9053146 0.8402063
vt 0.90841496 0.84950745
vt 0.90841496 0.84950745
vt 0.90841496 0.84950745
vt 0.90841496 0.84950745
vt 0.90841496 0.84950745
vt 0.90841496 0.84950745
vt 0.90841496 0.84950745
vt 0.90841496 0.84950745
vt 0.90841496 0.84950745
vt 0.90841496 0.84950745
vt 0.90841496 0.84950745
vt 0.90841496 0.84950745
vt 0.9053146 0.8402063
vt 0.9053146 0.8402063
vt 0.9053146 0.8402063
vt 0.9053146 0.8402063
vt 0.9053146 0.8402063
vt 0.9053146 0.8402063
vt 0.9053146 0.8402063
vt 0.9053146 0.8402063
vt 0.9053146 0.8402063
vt 0.9053146 0.8402063
vt 0.9053146 0.8402063
vt 0.9053146 0.8402063
vt 0.9053146 0.8402063
vt 0.9053146 0.8402063
vt 0.9053146 0.8402063
vt 0.9053146 0.8402063
vt 0.9053146 0.8402063
vt 0.9053146 0.8402063
vt 0.9053146 0.8402063
vt 0.9053146 0.8402063
vt 0.9053146 0.8402063
vt 0.9053146 0.8402063
vt 0.9053146 0.8402063
vt 0.9053146 0.8402063
vt 0.9053146 0.8402063
vt 0.9053146 0.8402063
vt 0.9053146 0.8402063
vt 0.9053146 0.8402063
vt 0.9053146 0.8402063
vt 0.9053146 0.8402063
vt 0.9053146 0.8402063
vt 0.9053146 0.8402063
vt 0.90841496 0.84950745
vt 0.90841496 0.84950745
vt 0.90841496 0.84950745
vt 0.90841496 0.84950745
vt 0.7843993 0.85260785
vt 0.7843993 0.85260785
vt 0.7843993 0.85260785
vt 0.7843993 0.85260785
vt 0.7843993 0.85260785
vt 0.7843993 0.85260785
vt 0.7843993 0.85260785
vt 0.7843993 0.85260785
vt 0.7843993 0.85260785
vt 0.7843993 0.85260785
vt 0.7843993 0.85260785
vt 0.7843993 0.85260785
vt 0.7843993 0.85260785
vt 0.7843993 0.85260785
vt 0.7843993 0.85260785
vt 0.7843993 0.85260785
vt 0.7843993 0.85260785
vt 0.7843993 0.85260785
vt 0.90841496 0.84950745
vt 0.90841496 0.84950745
vt 0.90841496 0.84950745
vt 0.90841496 0.84950745
vt 0.90841496 0.84950745
vt 0.90841496 0.84950745
vt 0.90841496 0.84950745
vt 0.90841496 0.84950745
vt 0.34414354 0.15191919
vt 0.34414354 0.15191919
vt 0.34414354 0.15191919
vt 0.34414354 0.15191919
vt 0.34414354 0.15191919
vt 0.7843993 0.85260785
vt 0.7843993 0.85260785
vt 0.7843993 0.85260785
vt 0.7843993 0.85260785
vt 0.027903557 0.84950745
vt 0.027903557 0.84950745
vt 0.027903557 0.84950745
vt 0.027903557 0.84950745
vt 0.027903557 0.84950745
vt 0.027903557 0.84950745
vt 0.7843993 0.85260785
vt 0.7843993 0.85260785
vt 0.7843993 0.85260785
vt 0.7843993 0.85260785
vt 0.7843993 0.85260785
vt 0.7843993 0.85260785
vt 0.7843993 0.85260785
vt 0.7843993 0.85260785
vt 0.7843993 0.85260785
vt 0.7843993 0.85260785
vt 0.7843993 0.85260785
vt 0.7843993 0.85260785
vt 0.7843993 0.85260785
vt 0.7843993 0.85260785
vt 0.7843993 0.85260785
vt 0.7843993 0.85260785
vt 0.7843993 0.85260785
vt 0.7843993 0.85260785
vt 0.7843993 0.85260785
vt 0.7843993 0.85260785
vt 0.7843993 0.85260785
vt 0.8495075 0.84640706
vt 0.8495075 0.84640706
vt 0.8495075 0.84640706
vt 0.8495075 0.84640706
vt 0.7843993 0.85260785
vt 0.7843993 0.85260785
vt 0.7843993 0.85260785
vt 0.7843993 0.85260785
vt 0.7843993 0.85260785
vt 0.027903557 0.84950745
vt 0.027903557 0.84950745
vt 0.027903557 0.84950745
vt 0.027903557 0.84950745
vt 0.34414366 0.15191919
vt 0.34414366 0.15191919
vt 0.34414366 0.15191919
vt 0.34414366 0.15191919
vt 0.8991139 0.8495075
vt 0.8991139 0.8495075
vt 0.8991139 0.8495075
vt 0.8991139 0.8495075
vt 0.8991139 0.8495075
vt 0.8991139 0.8495075
vt 0.8991139 0.8495075
vt 0.8991139 0.8495075
vt 0.8991139 0.8495075
vt 0.8991139 0.8495075
vt 0.8991139 0.8495075
vt 0.8991139 0.8495075
vt 0.8991139 0.8495075
vt 0.8991139 0.8495075
vt 0.8991139 0.8495075
vt 0.8991139 0.8495075
vt 0.8991139 0.8495075
vt 0.8991139 0.8495075
vt 0.8991139 0.8495075
vt 0.8991139 0.8495075
vt 0.8991139 0.8495075
vt 0.8991139 0.8495075
vt 0.8991139 0.8495075
vt 0.8991139 0.8495075
vt 0.8991139 0.8495075
vt 0.8991139 0.8495075
vt 0.8991139 0.8495075
vt 0.8991139 0.8495075
vt 0.8991139 0.8495075
vt 0.8991139 0.8495075
vt 0.8991139 0.8495075
vt 0.8991139 0.8495075
vt 0.34414366 0.15191919
vt 0.34414366 0.15191919
vt 0.34414366 0.15191919
vt 0.34414366 0.15191919
vt 0.8991139 0.8495075
vt 0.8991139 0.8495075
vt 0.8991139 0.8495075
vt 0.8991139 0.8495075
vt 0.8991139 0.8495075
vt 0.8991139 0.8495075
vt 0.8991139 0.8495075
vt 0.8991139 0.8495075
vt 0.8991139 0.8495075
vt 0.8991139 0.8495075
vt 0.8991139 0.8495075
vt 0.8991139 0.8495075
vt 0.8991139 0.8495075
vt 0.8991139 0.8495075
vt 0.8991139 0.8495075
vt 0.8991139 0.8495075
vt 0.8991139 0.8495075
vt 0.8991139 0.8495075
vt 0.8991139 0.8495075
vt 0.8991139 0.8495075
vt 0.8991139 0.8495075
vt 0.8991139 0.8495075
vt 0.8991139 0.8495075
vt 0.8991139 0.8495075
vt 0.8991139 0.8495075
vt 0.8991139 0.8495075
vt 0.8991139 0.8495075
vt 0.8991139 0.8495075
vt 0.8991139 0.8495075
vt 0.8991139 0.8495075
vt 0.8991139 0.8495075
vt 0.8991139 0.8495075
vt 0.34414366 0.15191919
vt 0.34414366 0.15191919
vt 0.34414366 0.15191919
vt 0.34414366 0.15191919
vt 0.8991139 0.8495075
vt 0.8991139 0.8495075
vt 0.8991139 0.8495075
vt 0.8991139 0.8495075
vt 0.8991139 0.8495075
vt 0.8991139 0.8495075
vt 0.8991139 0.8495075
vt 0.8991139 0.8495075
vt 0.8991139 0.8495075
vt 0.8991139 0.8495075
vt 0.8991139 0.8495075
vt 0.8991139 0.8495075
vt 0.8991139 0.8495075
vt 0.8991139 0.8495075
vt 0.8991139 0.8495075
vt 0.8991139 0.8495075
vt 0.8991139 0.8495075
vt 0.8991139 0.8495075
vt 0.8991139 0.8495075
vt 0.8991139 0.8495075
vt 0.8991139 0.8495075
vt 0.8991139 0.8495075
vt 0.8991139 0.8495075
vt 0.8991139 0.8495075
vt 0.8991139 0.8495075
vt 0.8991139 0.8495075
vt 0.8991139 0.8495075
vt 0.8991139 0.8495075
vt 0.8991139 0.8495075
vt 0.8991139 0.8495075
vt 0.8991139 0.8495075
vt 0.8991139 0.8495075
vt 0.34414366 0.15191919
vt 0.34414366 0.15191919
vt 0.34414366 0.15191919
vt 0.34414366 0.15191919
vt 0.8991139 0.8495075
vt 0.8991139 0.8495075
vt 0.8991139 0.8495075
vt 0.8991139 0.8495075
vt 0.8991139 0.8495075
vt 0.8991139 0.8495075
vt 0.8991139 0.8495075
vt 0.8991139 0.8495075
vt 0.8991139 0.8495075
vt 0.8991139 0.8495075
vt 0.8991139 0.8495075
vt 0.8991139 0.8495075
vt 0.8991139 0.8495075
vt 0.8991139 0.8495075
vt 0.8991139 0.8495075
vt 0.8991139 0.8495075
vt 0.8991139 0.8495075
vt 0.8991139 0.8495075
vt 0.8991139 0.8495075
vt 0.8991139 0.8495075
vt 0.8991139 0.8495075
vt 0.8991139 0.8495075
vt 0.8991139 0.8495075
vt 0.8991139 0.8495075
vt 0.8991139 0.8495075
vt 0.8991139 0.8495075
vt 0.8991139 0.8495075
vt 0.8991139 0.8495075
vt 0.8991139 0.8495075
vt 0.8991139 0.8495075
vt 0.8991139 0.8495075
vt 0.8991139 0.8495075
vt 0.34414366 0.15191919
vt 0.34414366 0.15191919
vt 0.34414366 0.15191919
vt 0.34414366 0.15191919
vt 0.8991139 0.8495075
vt 0.8991139 0.8495075
vt 0.8991139 0.8495075
vt 0.8991139 0.8495075
vt 0.8991139 0.8495075
vt 0.8991139 0.8495075
vt 0.8991139 0.8495075
vt 0.8991139 0.8495075
vt 0.8991139 0.8495075
vt 0.8991139 0.8495075
vt 0.8991139 0.8495075
vt 0.8991139 0.8495075
vt 0.8991139 0.8495075
vt 0.8991139 0.8495075
vt 0.8991139 0.8495075
vt 0.8991139 0.8495075
vt 0.8991139 0.8495075
vt 0.8991139 0.8495075
vt 0.8991139 0.8495075
vt 0.8991139 0.8495075
vt 0.8991139 0.8495075
vt 0.8991139 0.8495075
vt 0.8991139 0.8495075
vt 0.8991139 0.8495075
vt 0.8991139 0.8495075
vt 0.8991139 0.8495075
vt 0.8991139 0.8495075
vt 0.8991139 0.8495075
vt 0.8991139 0.8495075
vt 0.8991139 0.8495075
vt 0.8991139 0.8495075
vt 0.8991139 0.8495075
vt 0.34414366 0.15191919
vt 0.34414366 0.15191919
vt 0.34414366 0.15191919
vt 0.34414366 0.15191919
vt 0.8991139 0.8495075
vt 0.8991139 0.8495075
vt 0.8991139 0.8495075
vt 0.8991139 0.8495075
vt 0.8991139 0.8495075
vt 0.8991139 0.8495075
vt 0.8991139 0.8495075
vt 0.8991139 0.8495075
vt 0.8991139 0.8495075
vt 0.8991139 0.8495075
vt 0.8991139 0.8495075
vt 0.8991139 0.8495075
vt 0.8991139 0.8495075
vt 0.8991139 0.8495075
vt 0.8991139 0.8495075
vt 0.8991139 0.8495075
vt 0.8991139 0.8495075
vt 0.8991139 0.8495075
vt 0.8991139 0.8495075
vt 0.8991139 0.8495075
vt 0.8991139 0.8495075
vt 0.8991139 0.8495075
vt 0.8991139 0.8495075
vt 0.8991139 0.8495075
vt 0.8991139 0.8495075
vt 0.8991139 0.8495075
vt 0.8991139 0.8495075
vt 0.8991139 0.8495075
vt 0.8991139 0.8495075
vt 0.8991139 0.8495075
vt 0.8991139 0.8495075
vt 0.8991139 0.8495075
vt 0.34414366 0.15191919
vt 0.34414366 0.15191919
vt 0.34414366 0.15191919
vt 0.34414366 0.15191919
vt 0.8991139 0.8495075
vt 0.8991139 0.8495075
vt 0.8991139 0.8495075
vt 0.8991139 0.8495075
vt 0.8991139 0.8495075
vt 0.8991139 0.8495075
vt 0.8991139 0.8495075
vt 0.8991139 0.8495075
vt 0.8991139 0.8495075
vt 0.8991139 0.8495075
vt 0.8991139 0.8495075
vt 0.8991139 0.8495075
vt 0.8991139 0.8495075
vt 0.8991139 0.8495075
vt 0.8991139 0.8495075
vt 0.8991139 0.8495075
vt 0.8991139 0.8495075
vt 0.8991139 0.8495075
vt 0.8991139 0.8495075
vt 0.8991139 0.8495075
vt 0.8991139 0.8495075
vt 0.8991139 0.8495075
vt 0.8991139 0.8495075
vt 0.8991139 0.8495075
vt 0.8991139 0.8495075
vt 0.8991139 0.8495075
vt 0.8991139 0.8495075
vt 0.8991139 0.8495075
vt 0.8991139 0.8495075
vt 0.8991139 0.8495075
vt 0.8991139 0.8495075
vt 0.8991139 0.8495075
vt 0.34414366 0.15191919
vt 0.34414366 0.15191919
vt 0.34414366 0.15191919
vt 0.34414366 0.15191919
vt 0.8991139 0.8495075
vt 0.8991139 0.8495075
vt 0.8991139 0.8495075
vt 0.8991139 0.8495075
vt 0.8991139 0.8495075
vt 0.8991139 0.8495075
vt 0.8991139 0.8495075
vt 0.8991139 0.8495075
vt 0.8991139 0.8495075
vt 0.8991139 0.8495075
vt 0.8991139 0.8495075
vt 0.8991139 0.8495075
vt 0.8991139 0.8495075
vt 0.8991139 0.8495075
vt 0.8991139 0.8495075
vt 0.8991139 0.8495075
vt 0.8991139 0.8495075
vt 0.8991139 0.8495075
vt 0.8991139 0.8495075
vt 0.8991139 0.8495075
vt 0.8991139 0.8495075
vt 0.8991139 0.8495075
vt 0.8991139 0.8495075
vt 0.8991139 0.8495075
vt 0.8991139 0.8495075
vt 0.8991139 0.8495075
vt 0.8991139 0.8495075
vt 0.8991139 0.8495075
vt 0.8991139 0.8495075
vt 0.8991139 0.8495075
vt 0.8991139 0.8495075
vt 0.8991139 0.8495075
vt 0.34414366 0.15191919
vt 0.34414366 0.15191919
vt 0.34414366 0.15191919
vt 0.34414366 0.15191919
vt 0.8991139 0.8495075
vt 0.8991139 0.8495075
vt 0.8991139 0.8495075
vt 0.8991139 0.8495075
vt 0.8991139 0.8495075
vt 0.8991139 0.8495075
vt 0.8991139 0.8495075
vt 0.8991139 0.8495075
vt 0.8991139 0.8495075
vt 0.8991139 0.8495075
vt 0.8991139 0.8495075
vt 0.8991139 0.8495075
vt 0.8991139 0.8495075
vt 0.8991139 0.8495075
vt 0.8991139 0.8495075
vt 0.8991139 0.8495075
vt 0.8991139 0.8495075
vt 0.8991139 0.8495075
vt 0.8991139 0.8495075
vt 0.8991139 0.8495075
vt 0.8991139 0.8495075
vt 0.8991139 0.8495075
vt 0.8991139 0.8495075
vt 0.8991139 0.8495075
vt 0.8991139 0.8495075
vt 0.8991139 0.8495075
vt 0.8991139 0.8495075
vt 0.8991139 0.8495075
vt 0.8991139 0.8495075
vt 0.8991139 0.8495075
vt 0.8991139 0.8495075
vt 0.8991139 0.8495075
vt 0.34414366 0.15191919
vt 0.34414366 0.15191919
vt 0.34414366 0.15191919
vt 0.34414366 0.15191919
vt 0.8991139 0.8495075
vt 0.8991139 0.8495075
vt 0.8991139 0.8495075
vt 0.8991139 0.8495075
vt 0.8991139 0.8495075
vt 0.8991139 0.8495075
vt 0.8991139 0.8495075
vt 0.8991139 0.8495075
vt 0.8991139 0.8495075
vt 0.8991139 0.8495075
vt 0.8991139 0.8495075
vt 0.8991139 0.8495075
vt 0.8991139 0.8495075
vt 0.8991139 0.8495075
vt 0.8991139 0.8495075
vt 0.8991139 0.8495075
vt 0.8991139 0.8495075
vt 0.8991139 0.8495075
vt 0.8991139 0.8495075
vt 0.8991139 0.8495075
vt 0.8991139 0.8495075
vt 0.8991139 0.8495075
vt 0.8991139 0.8495075
vt 0.8991139 0.8495075
vt 0.8991139 0.8495075
vt 0.8991139 0.8495075
vt 0.8991139 0.8495075
vt 0.8991139 0.8495075
vt 0.8991139 0.8495075
vt 0.8991139 0.8495075
vt 0.8991139 0.8495075
vt 0.8991139 0.8495075
vt 0.59217507 0.08991134
vt 0.59217507 0.08991134
vt 0.59217507 0.08991134
vt 0.59217507 0.08991134
vt 0.59217507 0.08991134
vt 0.59217507 0.08991134
vt 0.59217507 0.08991134
vt 0.59217507 0.08991134
vt 0.59217507 0.08991134
vt 0.59217507 0.08991134
vt 0.59217507 0.08991134
vt 0.59217507 0.08991134
vt 0.59217507 0.08991134
vt 0.59217507 0.08991134
vt 0.59217507 0.08991134
vt 0.59217507 0.08991134
vt 0.59217507 0.08991134
vt 0.59217507 0.08991134
vt 0.59217507 0.08991134
vt 0.59217507 0.08991134
vt 0.7781986 0.031003885
vt 0.7781986 0.031003885
vt 0.7781986 0.031003885
vt 0.7781986 0.031003885
vt 0.7781986 0.031003885
vt 0.7781986 0.031003885
vt 0.7781986 0.031003885
vt 0.7781986 0.031003885
vt 0.7781986 0.031003885
vt 0.7781986 0.031003885
vt 0.7781986 0.031003885
vt 0.7781986 0.031003885
vt 0.7781986 0.031003885
vt 0.7781986 0.031003885
vt 0.7781986 0.031003885
vt 0.7781986 0.031003885
vt 0.59217507 0.08991134
vt 0.59217507 0.08991134
vt 0.59217507 0.08991134
vt 0.59217507 0.08991134
vt 0.59217507 0.08991134
vt 0.59217507 0.08991134
vt 0.59217507 0.08991134
vt 0.59217507 0.08991134
vt 0.59217507 0.08991134
vt 0.59217507 0.08991134
vt 0.59217507 0.08991134
vt 0.59217507 0.08991134
vt 0.59217507 0.08991134
vt 0.59217507 0.08991134
vt 0.59217507 0.08991134
vt 0.59217507 0.08991134
vt 0.59217507 0.08991134
vt 0.59217507 0.08991134
vt 0.59217507 0.08991134
vt 0.59217507 0.08991134
vt 0.7781986 0.031003885
vt 0.7781986 0.031003885
vt 0.7781986 0.031003885
vt 0.7781986 0.031003885
vt 0.7781986 0.031003885
vt 0.7781986 0.031003885
vt 0.7781986 0.031003885
vt 0.7781986 0.031003885
vt 0.7781986 0.031003885
vt 0.7781986 0.031003885
vt 0.7781986 0.031003885
vt 0.7781986 0.031003885
vt 0.7781986 0.031003885
vt 0.7781986 0.031003885
vt 0.7781986 0.031003885
vt 0.7781986 0.031003885
vt 0.90841496 0.84950745
vt 0.90841496 0.84950745
vt 0.90841496 0.84950745
vt 0.90841496 0.84950745
vt 0.90841496 0.84950745
vt 0.90841496 0.84950745
vt 0.90841496 0.84950745
vt 0.90841496 0.84950745
vt 0.34414354 0.15191919
vt 0.34414354 0.15191919
vt 0.34414354 0.15191919
vt 0.34414354 0.15191919
vt 0.34414354 0.15191919
vt 0.34414354 0.15191919
vt 0.34414354 0.15191919
vt 0.34414354 0.15191919
vt 0.34414354 0.15191919
vt 0.34414354 0.15191919
vt 0.7843993 0.85260785
vt 0.7843993 0.85260785
vt 0.7843993 0.85260785
vt 0.7843993 0.85260785
vt 0.7843993 0.85260785
vt 0.7843993 0.85260785
vt 0.7843993 0.85260785
vt 0.7843993 0.85260785
vt 0.7843993 0.85260785
vt 0.7843993 0.85260785
vt 0.7843993 0.85260785
vt 0.7843993 0.85260785
vt 0.7843993 0.85260785
vt 0.7843993 0.85260785
vt 0.90841496 0.84950745
vt 0.90841496 0.84950745
vt 0.90841496 0.84950745
vt 0.90841496 0.84950745
vt 0.7843993 0.85260785
vt 0.7843993 0.85260785
vt 0.7843993 0.85260785
vt 0.7843993 0.85260785
vt 0.90841496 0.84950745
vt 0.90841496 0.84950745
vt 0.90841496 0.84950745
vt 0.90841496 0.84950745
vt 0.90841496 0.84950745
vt 0.90841496 0.84950745
vt 0.90841496 0.84950745
vt 0.90841496 0.84950745
vt 0.9053146 0.8402063
vt 0.9053146 0.8402063
vt 0.9053146 0.8402063
vt 0.9053146 0.8402063
vt 0.9053146 0.8402063
vt 0.9053146 0.8402063
vt 0.9053146 0.8402063
vt 0.9053146 0.8402063
vt 0.9053146 0.8402063
vt 0.9053146 0.8402063
vt 0.9053146 0.8402063
vt 0.9053146 0.8402063
vt 0.9053146 0.8402063
vt 0.9053146 0.8402063
vt 0.9053146 0.8402063
vt 0.9053146 0.8402063
vt 0.9053146 0.8402063
vt 0.9053146 0.8402063
vt 0.9053146 0.8402063
vt 0.9053146 0.8402063
vt 0.9053146 0.8402063
vt 0.9053146 0.8402063
vt 0.9053146 0.8402063
vt 0.9053146 0.8402063
vt 0.9053146 0.8402063
vt 0.9053146 0.8402063
vt 0.9053146 0.8402063
vt 0.9053146 0.8402063
vt 0.9053146 0.8402063
vt 0.9053146 0.8402063
vt 0.9053146 0.8402063
vt 0.9053146 0.8402063
vt 0.9053146 0.8402063
vt 0.9053146 0.8402063
vt 0.9053146 0.8402063
vt 0.9053146 0.8402063
vt 0.9053146 0.8402063
vt 0.9053146 0.8402063
vt 0.9053146 0.8402063
vt 0.9053146 0.8402063
vt 0.9053146 0.8402063
vt 0.9053146 0.8402063
vt 0.9053146 0.8402063
vt 0.9053146 0.8402063
vt 0.9053146 0.8402063
vt 0.9053146 0.8402063
vt 0.9053146 0.8402063
vt 0.9053146 0.8402063
vt 0.9053146 0.8402063
vt 0.9053146 0.8402063
vt 0.9053146 0.8402063
vt 0.9053146 0.8402063
vt 0.9053146 0.8402063
vt 0.9053146 0.8402063
vt 0.9053146 0.8402063
vt 0.9053146 0.8402063
vt 0.9053146 0.8402063
vt 0.9053146 0.8402063
vt 0.9053146 0.8402063
vt 0.9053146 0.8402063
vt 0.9053146 0.8402063
vt 0.9053146 0.8402063
vt 0.9053146 0.8402063
vt 0.9053146 0.8402063
vt 0.9053146 0.8402063
vt 0.9053146 0.8402063
vt 0.9053146 0.8402063
vt 0.9053146 0.8402063
vt 0.9053146 0.8402063
vt 0.9053146 0.8402063
vt 0.9053146 0.8402063
vt 0.9053146 0.8402063
vt 0.9053146 0.8402063
vt 0.9053146 0.8402063
vt 0.9053146 0.8402063
vt 0.9053146 0.8402063
vt 0.9053146 0.8402063
vt 0.9053146 0.8402063
vt 0.9053146 0.8402063
vt 0.9053146 0.8402063
vt 0.9053146 0.8402063
vt 0.9053146 0.8402063
vt 0.9053146 0.8402063
vt 0.9053146 0.8402063
vt 0.9053146 0.8402063
vt 0.9053146 0.8402063
vt 0.9053146 0.8402063
vt 0.9053146 0.8402063
vt 0.9053146 0.8402063
vt 0.9053146 0.8402063
vt 0.9053146 0.8402063
vt 0.9053146 0.8402063
vt 0.9053146 0.8402063
vt 0.9053146 0.8402063
vt 0.9053146 0.8402063
vt 0.9053146 0.8402063
vt 0.34414354 0.15191919
vt 0.34414354 0.15191919
vt 0.34414354 0.15191919
vt 0.34414354 0.15191919
vt 0.34414354 0.15191919
vt 0.90841496 0.84950745
vt 0.90841496 0.84950745
vt 0.90841496 0.84950745
vt 0.90841496 0.84950745
vt 0.90841496 0.84950745
vt 0.90841496 0.84950745
vt 0.90841496 0.84950745
vt 0.90841496 0.84950745
vt 0.90841496 0.84950745
vt 0.90841496 0.84950745
vt 0.90841496 0.84950745
vt 0.90841496 0.84950745
vt 0.9053146 0.8402063
vt 0.9053146 0.8402063
vt 0.9053146 0.8402063
vt 0.9053146 0.8402063
vt 0.9053146 0.8402063
vt 0.9053146 0.8402063
vt 0.9053146 0.8402063
vt 0.9053146 0.8402063
vt 0.9053146 0.8402063
vt 0.9053146 0.8402063
vt 0.9053146 0.8402063
vt 0.9053146 0.8402063
vt 0.9053146 0.8402063
vt 0.9053146 0.8402063
vt 0.9053146 0.8402063
vt 0.9053146 0.8402063
vt 0.9053146 0.8402063
vt 0.9053146 0.8402063
vt 0.9053146 0.8402063
vt 0.9053146 0.8402063
vt 0.9053146 0.8402063
vt 0.9053146 0.8402063
vt 0.9053146 0.8402063
vt 0.9053146 0.8402063
vt 0.9053146 0.8402063
vt 0.9053146 0.8402063
vt 0.9053146 0.8402063
vt 0.9053146 0.8402063
vt 0.9053146 0.8402063
vt 0.9053146 0.8402063
vt 0.9053146 0.8402063
vt 0.9053146 0.8402063
vt 0.90841496 0.84950745
vt 0.90841496 0.84950745
vt 0.90841496 0.84950745
vt 0.90841496 0.84950745
vt 0.90841496 0.84950745
vt 0.90841496 0.84950745
vt 0.90841496 0.84950745
vt 0.90841496 0.84950745
vt 0.90841496 0.84950745
vt 0.90841496 0.84950745
vt 0.90841496 0.84950745
vt 0.90841496 0.84950745
vt 0.9053146 0.8402063
vt 0.9053146 0.8402063
vt 0.9053146 0.8402063
vt 0.9053146 0.8402063
vt 0.9053146 0.8402063
vt 0.9053146 0.8402063
vt 0.9053146 0.8402063
vt 0.9053146 0.8402063
vt 0.9053146 0.8402063
vt 0.9053146 0.8402063
vt 0.9053146 0.8402063
vt 0.9053146 0.8402063
vt 0.9053146 0.8402063
vt 0.9053146 0.8402063
vt 0.9053146 0.8402063
vt 0.9053146 0.8402063
vt 0.9053146 0.8402063
vt 0.9053146 0.8402063
vt 0.9053146 0.8402063
vt 0.9053146 0.8402063
vt 0.9053146 0.8402063
vt 0.9053146 0.8402063
vt 0.9053146 0.8402063
vt 0.9053146 0.8402063
vt 0.9053146 0.8402063
vt 0.9053146 0.8402063
vt 0.9053146 0.8402063
vt 0.9053146 0.8402063
vt 0.9053146 0.8402063
vt 0.9053146 0.8402063
vt 0.9053146 0.8402063
vt 0.9053146 0.8402063
vt 0.90841496 0.84950745
vt 0.90841496 0.84950745
vt 0.90841496 0.84950745
vt 0.90841496 0.84950745
vt 0.90841496 0.84950745
vt 0.90841496 0.84950745
vt 0.90841496 0.84950745
vt 0.90841496 0.84950745
vt 0.34414354 0.15191919
vt 0.34414354 0.15191919
vt 0.34414354 0.15191919
vt 0.34414354 0.15191919
vt 0.34414354 0.15191919
vt 0.34414366 0.15191919
vt 0.34414366 0.15191919
vt 0.34414366 0.15191919
vt 0.34414366 0.15191919
vt 0.8991139 0.8495075
vt 0.8991139 0.8495075
vt 0.8991139 0.8495075
vt 0.8991139 0.8495075
vt 0.8991139 0.8495075
vt 0.8991139 0.8495075
vt 0.8991139 0.8495075
vt 0.8991139 0.8495075
vt 0.8991139 0.8495075
vt 0.8991139 0.8495075
vt 0.8991139 0.8495075
vt 0.8991139 0.8495075
vt 0.8991139 0.8495075
vt 0.8991139 0.8495075
vt 0.8991139 0.8495075
vt 0.8991139 0.8495075
vt 0.8991139 0.8495075
vt 0.8991139 0.8495075
vt 0.8991139 0.8495075
vt 0.8991139 0.8495075
vt 0.8991139 0.8495075
vt 0.8991139 0.8495075
vt 0.8991139 0.8495075
vt 0.8991139 0.8495075
vt 0.8991139 0.8495075
vt 0.8991139 0.8495075
vt 0.8991139 0.8495075
vt 0.8991139 0.8495075
vt 0.8991139 0.8495075
vt 0.8991139 0.8495075
vt 0.8991139 0.8495075
vt 0.8991139 0.8495075
vt 0.34414366 0.15191919
vt 0.34414366 0.15191919
vt 0.34414366 0.15191919
vt 0.34414366 0.15191919
vt 0.8991139 0.8495075
vt 0.8991139 0.8495075
vt 0.8991139 0.8495075
vt 0.8991139 0.8495075
vt 0.8991139 0.8495075
vt 0.8991139 0.8495075
vt 0.8991139 0.8495075
vt 0.8991139 0.8495075
vt 0.8991139 0.8495075
vt 0.8991139 0.8495075
vt 0.8991139 0.8495075
vt 0.8991139 0.8495075
vt 0.8991139 0.8495075
vt 0.8991139 0.8495075
vt 0.8991139 0.8495075
vt 0.8991139 0.8495075
vt 0.8991139 0.8495075
vt 0.8991139 0.8495075
vt 0.8991139 0.8495075
vt 0.8991139 0.8495075
vt 0.8991139 0.8495075
vt 0.8991139 0.8495075
vt 0.8991139 0.8495075
vt 0.8991139 0.8495075
vt 0.8991139 0.8495075
vt 0.8991139 0.8495075
vt 0.8991139 0.8495075
vt 0.8991139 0.8495075
vt 0.8991139 0.8495075
vt 0.8991139 0.8495075
vt 0.8991139 0.8495075
vt 0.8991139 0.8495075
vt 0.91771615 0.84950745
vt 0.91771615 0.84950745
vt 0.91771615 0.84950745
vt 0.91771615 0.84950745
vt 0.91771615 0.84950745
vt 0.91771615 0.84950745
vt 0.91771615 0.84950745
vt 0.91771615 0.84950745
vt 0.91771615 0.84950745
vt 0.91771615 0.84950745
vt 0.91771615 0.84950745
vt 0.91771615 0.84950745
vt 0.91771615 0.84950745
vt 0.91771615 0.84950745
vt 0.91771615 0.84950745
vt 0.91771615 0.84950745
vt 0.91771615 0.84950745
vt 0.91771615 0.84950745
vt 0.7843993 0.85260785
vt 0.7843993 0.85260785
vt 0.7843993 0.85260785
vt 0.7843993 0.85260785
vt 0.7843993 0.85260785
vt 0.7843993 0.85260785
vt 0.7843993 0.85260785
vt 0.7843993 0.85260785
vt 0.7843993 0.85260785
vt 0.7843993 0.85260785
vt 0.7843993 0.85260785
vt 0.7843993 0.85260785
vt 0.7843993 0.85260785
vt 0.7843993 0.85260785
vt 0.7843993 0.85260785
vt 0.7843993 0.85260785
vt 0.59837574 0.031003892
vt 0.59837574 0.031003892
vt 0.59837574 0.031003892
vt 0.59837574 0.031003892
vt 0.59837574 0.031003892
vt 0.59837574 0.031003892
vt 0.59837574 0.031003892
vt 0.59837574 0.031003892
vt 0.59837574 0.031003892
vt 0.59837574 0.031003892
vt 0.59837574 0.031003892
vt 0.59837574 0.031003892
vt 0.59837574 0.031003892
vt 0.59837574 0.031003892
vt 0.59837574 0.031003892
vt 0.59837574 0.031003892
vt 0.8991139 0.8495075
vt 0.8991139 0.8495075
vt 0.8991139 0.8495075
vt 0.8991139 0.8495075
vt 0.8991139 0.8495075
vt 0.8991139 0.8495075
vt 0.8991139 0.8495075
vt 0.8991139 0.8495075
vt 0.8991139 0.8495075
vt 0.8991139 0.8495075
vt 0.8991139 0.8495075
vt 0.8991139 0.8495075
vt 0.8991139 0.8495075
vt 0.8991139 0.8495075
vt 0.8991139 0.8495075
vt 0.8991139 0.8495075
vt 0.8991139 0.8495075
vt 0.8991139 0.8495075
vt 0.8991139 0.8495075
vt 0.8991139 0.8495075
vt 0.8991139 0.8495075
vt 0.8991139 0.8495075
vt 0.8991139 0.8495075
vt 0.8991139 0.8495075
vt 0.8991139 0.8495075
vt 0.8991139 0.8495075
vt 0.8991139 0.8495075
vt 0.8991139 0.8495075
vt 0.8991139 0.8495075
vt 0.8991139 0.8495075
vt 0.8991139 0.8495075
vt 0.8991139 0.8495075
vt 0.8991139 0.8495075
vt 0.8991139 0.8495075
vt 0.8991139 0.8495075
vt 0.8991139 0.8495075
vt 0.8991139 0.8495075
vt 0.8991139 0.8495075
vt 0.8991139 0.8495075
vt 0.8991139 0.8495075
vt 0.8991139 0.8495075
vt 0.8991139 0.8495075
vt 0.8991139 0.8495075
vt 0.8991139 0.8495075
vt 0.8991139 0.8495075
vt 0.8991139 0.8495075
vt 0.8991139 0.8495075
vt 0.8991139 0.8495075
vt 0.8991139 0.8495075
vt 0.8991139 0.8495075
vt 0.8991139 0.8495075
vt 0.8991139 0.8495075
vt 0.8991139 0.8495075
vt 0.8991139 0.8495075
vt 0.8991139 0.8495075
vt 0.8991139 0.8495075
vt 0.8991139 0.8495075
vt 0.8991139 0.8495075
vt 0.8991139 0.8495075
vt 0.8991139 0.8495075
vt 0.8991139 0.8495075
vt 0.8991139 0.8495075
vt 0.8991139 0.8495075
vt 0.8991139 0.8495075
vt 0.8991139 0.8495075
vt 0.8991139 0.8495075
vt 0.8991139 0.8495075
vt 0.8991139 0.8495075
vt 0.8991139 0.8495075
vt 0.8991139 0.8495075
vt 0.8991139 0.8495075
vt 0.8991139 0.8495075
vt 0.8991139 0.8495075
vt 0.8991139 0.8495075
vt 0.8991139 0.8495075
vt 0.8991139 0.8495075
vt 0.8991139 0.8495075
vt 0.8991139 0.8495075
vt 0.8991139 0.8495075
vt 0.8991139 0.8495075
vt 0.8991139 0.8495075
vt 0.8991139 0.8495075
vt 0.8991139 0.8495075
vt 0.8991139 0.8495075
vt 0.8991139 0.8495075
vt 0.8991139 0.8495075
vt 0.8991139 0.8495075
vt 0.8991139 0.8495075
vt 0.8991139 0.8495075
vt 0.8991139 0.8495075
vt 0.8991139 0.8495075
vt 0.8991139 0.8495075
vt 0.8991139 0.8495075
vt 0.8991139 0.8495075
vt 0.8991139 0.8495075
vt 0.8991139 0.8495075
vn 1.2733566E-05 1.17833215E-05 -1
vn 1.2733566E-05 1.17833215E-05 -1
vn 1.2733566E-05 1.17833215E-05 -1
vn 1.2733566E-05 1.17833215E-05 -1
vn -0.86655635 0 0.4990792
vn -0.86655635 0 0.4990792
vn -0.86655635 0 0.4990792
vn -0.86655635 0 0.4990792
vn -0.86655647 0 0.49907917
vn -0.86655647 0 0.49907917
vn 1 0 7.095354E-07
vn 1 0 7.095354E-07
vn 1 0 7.095354E-07
vn 1 0 7.095354E-07
vn -1 0 -6.383705E-07
vn -1 0 -6.383705E-07
vn -1 0 -6.383705E-07
vn -1 0 -6.383705E-07
vn -0 1 0
vn -0 1 0
vn -0 1 0
vn -0 1 0
vn -0 1 0
vn -0 1 0
vn -0 1 0
vn -0 1 0
vn 0.0002433089 -2.2538141E-07 1
vn 0.0002433089 -2.2538141E-07 1
vn 0.0002433089 -2.2538141E-07 1
vn 0.0002433089 -2.2538141E-07 1
vn 4.0033624E-06 0 -1
vn 4.0033624E-06 0 -1
vn 4.0033624E-06 0 -1
vn 4.0033624E-06 0 -1
vn -0 1 0
vn -0 1 0
vn -0 1 0
vn -0 1 0
vn -0 0 1
vn -0 0 1
vn -0 0 1
vn -0 0 1
vn -0 1 0
vn -0 1 0
vn -0 1 0
vn -0 1 0
vn -0 0 1
vn -0 0 1
vn -0 0 1
vn -0 0 1
vn -1 -3.6719996E-07 -2.9326029E-07
vn -1 -3.6719996E-07 -2.9326029E-07
vn -1 -3.6719996E-07 -2.9326029E-07
vn -1 -3.6719996E-07 -2.9326029E-07
vn -1 -3.6719996E-07 -2.9326029E-07
vn -1 -3.6719996E-07 -2.9326029E-07
vn 1 0 0
vn 1 0 0
vn 1 0 0
vn 1 0 0
vn 1 0 0
vn 1 0 0
vn -0.65078986 0.000113968425 -0.75925785
vn -0.65078986 0.000113968425 -0.75925785
vn -0.65078986 0.000113968425 -0.75925785
vn -0.65078986 0.000113968425 -0.75925785
vn -0.65072066 0.00010683575 -0.7593172
vn -0.65072066 0.00010683575 -0.7593172
vn -0 -1 0
vn -0 -1 0
vn -0 -1 0
vn -0 -1 0
vn -0 -1 0
vn 0.65075123 7.052454E-05 -0.759291
vn 0.65075123 7.052454E-05 -0.759291
vn 0.65075123 7.052454E-05 -0.759291
vn 0.65075123 7.052454E-05 -0.759291
vn 0.65065575 6.632694E-05 -0.75937283
vn 0.65065575 6.632694E-05 -0.75937283
vn -0.6466911 1.7114832E-07 0.76275194
vn -0.6466911 1.7114832E-07 0.76275194
vn -0.6466911 1.7114832E-07 0.76275194
vn -0.6466911 1.7114832E-07 0.76275194
vn -0.6467977 0 -0.7626616
vn -0.6467977 0 -0.7626616
vn -0.6467977 0 -0.7626616
vn -0.6467977 0 -0.7626616
vn 0.64679974 0 -0.76265985
vn 0.64679974 0 -0.76265985
vn 0.64679974 0 -0.76265985
vn 0.64679974 0 -0.76265985
vn 0.646907 -2.6216676E-07 0.7625689
vn 0.646907 -2.6216676E-07 0.7625689
vn 0.646907 -2.6216676E-07 0.7625689
vn 0.646907 -2.6216676E-07 0.7625689
vn 0.25583303 -2.3735569E-05 0.96672094
vn 0.25583303 -2.3735569E-05 0.96672094
vn 0.25583303 -2.3735569E-05 0.96672094
vn 0.25583303 -2.3735569E-05 0.96672094
vn 1 0 9.256228E-07
vn 1 0 9.256228E-07
vn 1 0 9.256228E-07
vn 1 0 9.256228E-07
vn -1 0 -7.270266E-07
vn -1 0 -7.270266E-07
vn -1 0 -7.270266E-07
vn -1 0 -7.270266E-07
vn -0 1 0
vn -0 1 0
vn -0 1 0
vn -0 1 0
vn -0 1 0
vn -0 1 0
vn -0 1 0
vn -0 1 0
vn 0.00025022312 0 1
vn 0.00025022312 0 1
vn 0.00025022312 0 1
vn 0.00025022312 0 1
vn 4.11032E-06 0 -1
vn 4.11032E-06 0 -1
vn 4.11032E-06 0 -1
vn 4.11032E-06 0 -1
vn -0.65715796 0 0.75375295
vn -0.65715796 0 0.75375295
vn -0.65715796 0 0.75375295
vn -0.65715796 0 0.75375295
vn -0.6572656 0 -0.75365907
vn -0.6572656 0 -0.75365907
vn -0.6572656 0 -0.75365907
vn -0.6572656 0 -0.75365907
vn 0.6572663 0 -0.75365835
vn 0.6572663 0 -0.75365835
vn 0.6572663 0 -0.75365835
vn 0.6572663 0 -0.75365835
vn 0.657376 0 0.75356275
vn 0.657376 0 0.75356275
vn 0.657376 0 0.75356275
vn 0.657376 0 0.75356275
vn -0 -1 0
vn -0 -1 0
vn -0 -1 0
vn -0 -1 0
vn -0 -1 0
vn -0 -1 0
vn -0 -1 0
vn -0 -1 0
vn 1 1.0371049E-07 6.142848E-07
vn 1 1.0371049E-07 6.142848E-07
vn 1 1.0371049E-07 6.142848E-07
vn 1 1.0371049E-07 6.142848E-07
vn 1 1.7741619E-06 1.0268552E-06
vn 1 1.7741619E-06 1.0268552E-06
vn 1 5.3951305E-07 3.257494E-07
vn 1 5.3951305E-07 3.257494E-07
vn 1 0 0
vn 1 0 0
vn 1 0 0
vn 1 0 0
vn 1 0 0
vn 1 -2.7676253E-07 -3.8678058E-07
vn 1 0 0
vn 1 -2.7676253E-07 -3.8678058E-07
vn 1 4.464042E-07 -3.814657E-07
vn 1 4.464042E-07 -3.814657E-07
vn -1.2915141E-05 1 0
vn -1.2915141E-05 1 0
vn -1.2915141E-05 1 0
vn -0 1 0
vn -0 1 0
vn 0.8720162 -1.5390656E-07 0.48947716
vn 0.8720162 -1.5390656E-07 0.48947716
vn 0.8720162 -1.5390656E-07 0.48947716
vn 0.8720162 -1.5390656E-07 0.48947716
vn 0.8720162 3.4783656E-07 0.48947707
vn 0.8720162 3.4783656E-07 0.48947707
vn 5.718733E-05 2.9528985E-05 -1
vn 5.718733E-05 2.9528985E-05 -1
vn 5.718733E-05 2.9528985E-05 -1
vn 5.718733E-05 2.9528985E-05 -1
vn 3.1329586E-05 2.7537892E-05 -1
vn 3.1329586E-05 2.7537892E-05 -1
vn -1 -6.5258155E-06 9.030104E-06
vn -0.6594018 2.809913E-06 0.75179064
vn -0.65941685 3.945387E-05 0.75177747
vn -1 3.582454E-05 -6.169213E-06
vn -0.80969757 1.513705E-07 0.58684725
vn -0.80969757 1.513705E-07 0.58684725
vn -0.80969757 1.513705E-07 0.58684725
vn -0.80969757 1.513705E-07 0.58684725
vn 0.00013606714 0 1
vn 0.00013606714 0 1
vn 0.00013606714 0 1
vn 0.00013606714 0 1
vn 0.00016258271 -2.6108066E-07 1
vn 0.00016258271 -2.6108066E-07 1
vn 0.00016258271 -2.6108066E-07 1
vn 0.00016258271 -2.6108066E-07 1
vn 0.00021458679 -1.6034639E-07 1
vn 0.00021458679 -1.6034639E-07 1
vn 0.00018869281 0 1
vn 0.00018869281 0 1
vn 0.00018869281 0 1
vn 0.00018869281 0 1
vn 0.00018869281 0 1
vn 0.00018869281 0 1
vn -1.8012011E-07 -1 0
vn -1.8012011E-07 -1 0
vn -1.8012011E-07 -1 0
vn -1.8012011E-07 -1 0
vn -0 -1 0
vn 0.00025476996 0 1
vn 0.00025476996 0 1
vn 0.00025476996 0 1
vn 0.00025476996 0 1
vn 0.80974233 -2.746663E-07 0.5867857
vn 0.80974233 -2.746663E-07 0.5867857
vn 0.80974233 -2.746663E-07 0.5867857
vn 0.80974233 -2.746663E-07 0.5867857
vn 0.00038262035 0 1
vn 0.00038262035 0 1
vn 0.00038262035 0 1
vn 0.00038262035 0 1
vn 0.00020150842 3.2171266E-07 1
vn 0.00038920663 0 1
vn 0.00020150842 3.2171266E-07 1
vn 0.00038920663 0 1
vn 0.00038920663 0 1
vn 0.00038920663 0 1
vn -0.65066814 4.565311E-05 -0.7593621
vn -0.65066814 4.565311E-05 -0.7593621
vn -0.65066814 4.565311E-05 -0.7593621
vn -0.65066814 4.565311E-05 -0.7593621
vn 0.65058607 2.8064642E-05 -0.7594325
vn 0.65058607 2.8064642E-05 -0.7594325
vn 0.65058607 2.8064642E-05 -0.7594325
vn 0.65058607 2.8064642E-05 -0.7594325
vn 1 2.4841373E-05 -8.434057E-06
vn 0.65947074 0.00017631748 0.7517302
vn 0.65947175 8.791998E-05 0.75172937
vn 1 0.00017782625 -9.597543E-06
vn 0.6595452 8.578438E-05 0.7516649
vn 1 7.7280725E-05 8.940147E-06
vn 0.25638032 -2.6197688E-06 -0.9665759
vn 0.25638032 -2.6197688E-06 -0.9665759
vn 0.25638032 -2.6197688E-06 -0.9665759
vn 0.25638032 -2.6197688E-06 -0.9665759
vn 0.95652854 0 0.29163864
vn 0.95652854 0 0.29163864
vn 0.95652854 0 0.29163864
vn 0.95652854 0 0.29163864
vn 0.00015375702 -0.7784 0.6277687
vn 0.00015375702 -0.7784 0.6277687
vn 0.00015375702 -0.7784 0.6277687
vn 0.00015375702 -0.7784 0.6277687
vn -0.9565195 0 0.2916683
vn -0.9565195 0 0.2916683
vn -0.9565195 0 0.2916683
vn -0.9565195 0 0.2916683
vn 1 0 9.378671E-07
vn 1 0 9.378671E-07
vn 1 0 9.378671E-07
vn 1 0 9.378671E-07
vn -1 0 -6.6967254E-07
vn -1 0 -6.6967254E-07
vn -1 0 -6.6967254E-07
vn -1 0 -6.6967254E-07
vn -0 1 0
vn -0 1 0
vn -0 1 0
vn -0 1 0
vn -0 1 0
vn -0 1 0
vn -0 1 0
vn -0 1 0
vn 0.00026147367 0 1
vn 0.00026147367 0 1
vn 0.00026147367 0 1
vn 0.00026147367 0 1
vn 4.2951283E-06 0 -1
vn 4.2951283E-06 0 -1
vn 4.2951283E-06 0 -1
vn 4.2951283E-06 0 -1
vn -0.6734642 0 0.7392199
vn -0.6734642 0 0.7392199
vn -0.6734642 0 0.7392199
vn -0.6734642 0 0.7392199
vn -0.6735701 0 -0.73912334
vn -0.6735701 0 -0.73912334
vn -0.6735701 0 -0.73912334
vn -0.6735701 0 -0.73912334
vn 0.6735723 0 -0.73912126
vn 0.6735723 0 -0.73912126
vn 0.6735723 0 -0.73912126
vn 0.6735723 0 -0.73912126
vn 0.67367977 0 0.7390233
vn 0.67367977 0 0.7390233
vn 0.67367977 0 0.7390233
vn 0.67367977 0 0.7390233
vn -0 -1 0
vn -0 -1 0
vn -0 -1 0
vn -0 -1 0
vn -0 -1 0
vn -0 -1 0
vn -0 -1 0
vn -0 -1 0
vn -0 -1 0
vn -0 -1 0
vn -0 -1 0
vn -1.4746105E-07 -1 -8.316646E-07
vn -1.4746105E-07 -1 -8.316646E-07
vn 0.8720161 0 0.48947722
vn 0.8720161 0 0.48947722
vn 0.8720161 0 0.48947722
vn 0.8720161 0 0.48947722
vn 0.00010630103 0.8263227 0.56319696
vn 0.00010630103 0.8263227 0.56319696
vn 0.00010630103 0.8263227 0.56319696
vn 0.00010630103 0.8263227 0.56319696
vn -1 0 -2.5628535E-07
vn -1 0 -2.5628535E-07
vn -1 0 -2.5628535E-07
vn -1 0 -2.5628535E-07
vn -1 0 -2.5628535E-07
vn -0.25583252 -2.3761255E-05 0.96672106
vn -0.25583252 -2.3761255E-05 0.96672106
vn -0.25583252 -2.3761255E-05 0.96672106
vn -0.25583252 -2.3761255E-05 0.96672106
vn -0.2563808 -2.5684028E-06 -0.9665758
vn -0.2563808 -2.5684028E-06 -0.9665758
vn -0.2563808 -2.5684028E-06 -0.9665758
vn -0.2563808 -2.5684028E-06 -0.9665758
vn -0.6878135 -0.6919612 0.21932212
vn -0.6878135 -0.6919612 0.21932212
vn -0.6878135 -0.6919612 0.21932212
vn -0.6878135 -0.6919612 0.21932212
vn -0.6877405 -0.6918806 0.2198051
vn -0.6877405 -0.6918806 0.2198051
vn -0.6877405 -0.6918806 0.2198051
vn -0.6877405 -0.6918806 0.2198051
vn 0.00024472285 0 1
vn 0.00024472285 0 1
vn 0.00024472285 0 1
vn 0.00024472285 0 1
vn 1 0 6.448085E-07
vn 1 0 6.448085E-07
vn 1 0 6.448085E-07
vn 1 0 6.448085E-07
vn 3.966813E-06 0 -1
vn 3.966813E-06 0 -1
vn 3.966813E-06 0 -1
vn 3.966813E-06 0 -1
vn -1 0 -6.446017E-07
vn -1 0 -6.446017E-07
vn -1 0 -6.446017E-07
vn -1 0 -6.446017E-07
vn -0.66302145 0 -0.74860036
vn -0.66302145 0 -0.74860036
vn -0.66302145 0 -0.74860036
vn -0.66302145 0 -0.74860036
vn -0.67170733 0 0.7408166
vn -0.67170733 0 0.7408166
vn -0.67170733 0 0.7408166
vn -0.67170733 0 0.7408166
vn 0.6718451 0 0.74069166
vn 0.6718451 0 0.74069166
vn 0.6718451 0 0.74069166
vn 0.6718451 0 0.74069166
vn 0.6629321 0 -0.7486796
vn 0.6629321 0 -0.7486796
vn 0.6629321 0 -0.7486796
vn 0.6629321 0 -0.7486796
vn -1 1.6545691E-07 0
vn -1 1.6545691E-07 0
vn -1 1.6545691E-07 0
vn -1 1.6545691E-07 0
vn 1 -1.6218708E-07 0
vn 1 -1.6218708E-07 0
vn 1 -1.6218708E-07 0
vn 1 -1.6218708E-07 0
vn -0 -1 0
vn -0 -1 0
vn -0 -1 0
vn -0 -1 0
vn -0 1.7718335E-07 -1
vn -0 1.7718335E-07 -1
vn -0 1.7718335E-07 -1
vn -0 1.7718335E-07 -1
vn -0 1 0
vn -0 1 0
vn -0 1 0
vn -0 1 0
vn -0 -1.7718335E-07 1
vn -0 -1.7718335E-07 1
vn -0 -1.7718335E-07 1
vn -0 -1.7718335E-07 1
vn -1 1.1994075E-07 0
vn -1 1.1994075E-07 0
vn -1 1.1994075E-07 0
vn -1 1.1994075E-07 0
vn 1 -1.2145902E-07 0
vn 1 -1.2145902E-07 0
vn 1 -1.2145902E-07 0
vn 1 -1.2145902E-07 0
vn -0 0 -1
vn -0 0 -1
vn -0 0 -1
vn -0 0 -1
vn -0 0 1
vn -0 0 1
vn -0 0 1
vn -0 0 1
vn -3.8841227E-07 -1 0
vn -3.8841227E-07 -1 0
vn -3.8841227E-07 -1 0
vn -3.8841227E-07 -1 0
vn -0 1 0
vn -0 1 0
vn -0 1 0
vn -0 1 0
vn 1 0 0
vn 1 0 0
vn 1 0 0
vn 1 0 0
vn -0 -1.1355826E-06 -1
vn -0 -1.1355826E-06 -1
vn -0 -1.1355826E-06 -1
vn -0 -1.1355826E-06 -1
vn -1 0 0
vn -1 0 0
vn -1 0 0
vn -1 0 0
vn -0 0 1
vn -0 0 1
vn -0 0 1
vn -0 0 1
vn -1.9420614E-07 -1 0
vn -1.9420614E-07 -1 0
vn -1.9420614E-07 -1 0
vn -1.9420614E-07 -1 0
vn 3.8841165E-07 1 0
vn 3.8841165E-07 1 0
vn 3.8841165E-07 1 0
vn 3.8841165E-07 1 0
vn 1 0 0
vn 1 0 0
vn 1 0 0
vn 1 0 0
vn -0 -1.1355806E-06 -1
vn -0 -1.1355806E-06 -1
vn -0 -1.1355806E-06 -1
vn -0 -1.1355806E-06 -1
vn -1 0 0
vn -1 0 0
vn -1 0 0
vn -1 0 0
vn -0 0 1
vn -0 0 1
vn -0 0 1
vn -0 0 1
vn 0.00024469 0 1
vn 0.00024469 0 1
vn 0.00024469 0 1
vn 0.00024469 0 1
vn -1 0 -6.56554E-07
vn -1 0 -6.56554E-07
vn -1 0 -6.56554E-07
vn -1 0 -6.56554E-07
vn -0.66302145 0 -0.74860036
vn -0.66302145 0 -0.74860036
vn -0.66302145 0 -0.74860036
vn -0.66302145 0 -0.74860036
vn 1 0 5.9705997E-07
vn 1 0 5.9705997E-07
vn 1 0 5.9705997E-07
vn 1 0 5.9705997E-07
vn 0.66293186 0 -0.74867976
vn 0.66293186 0 -0.74867976
vn 0.66293186 0 -0.74867976
vn 0.66293186 0 -0.74867976
vn 4.033022E-06 0 -1
vn 4.033022E-06 0 -1
vn 4.033022E-06 0 -1
vn 4.033022E-06 0 -1
vn -0.67170596 0 0.7408179
vn -0.67170596 0 0.7408179
vn -0.67170596 0 0.7408179
vn -0.67170596 0 0.7408179
vn 0.6718448 0 0.74069196
vn 0.6718448 0 0.74069196
vn 0.6718448 0 0.74069196
vn 0.6718448 0 0.74069196
vn -0.00017947255 0.6029247 -0.79779816
vn -0.00017947255 0.6029247 -0.79779816
vn -0.00017947255 0.6029247 -0.79779816
vn -0.00017947255 0.6029247 -0.79779816
vn -0.41502735 0.7614361 -0.4979632
vn -0.41502735 0.7614361 -0.4979632
vn -0.41502735 0.7614361 -0.4979632
vn -0.41502735 0.7614361 -0.4979632
vn 2.201447E-07 1 0
vn 2.201447E-07 1 0
vn 2.201447E-07 1 0
vn 2.201447E-07 1 0
vn 2.201447E-07 1 0
vn 2.201447E-07 1 0
vn 2.201447E-07 1 0
vn 2.201447E-07 1 0
vn 0.3920909 0.7836736 0.48178887
vn 0.3920909 0.7836736 0.48178887
vn 0.3920909 0.7836736 0.48178887
vn 0.3920909 0.7836736 0.48178887
vn -0.7065342 0.70767885 -4.728873E-07
vn -0.7065342 0.70767885 -4.728873E-07
vn -0.7065342 0.70767885 -4.728873E-07
vn -0.7065342 0.70767885 -4.728873E-07
vn -0.40896514 0.76163745 0.5026489
vn -0.40896514 0.76163745 0.5026489
vn -0.40896514 0.76163745 0.5026489
vn -0.40896514 0.76163745 0.5026489
vn -3.013434E-06 0.6053561 0.7959547
vn -3.013434E-06 0.6053561 0.7959547
vn -3.013434E-06 0.6053561 0.7959547
vn -3.013434E-06 0.6053561 0.7959547
vn 0.3974703 0.7838473 -0.4770754
vn 0.3974703 0.7838473 -0.4770754
vn 0.3974703 0.7838473 -0.4770754
vn 0.3974703 0.7838473 -0.4770754
vn -1 0 -3.6733903E-07
vn -1 0 -3.6733903E-07
vn -1 0 -3.6733903E-07
vn -1 0 -3.6733903E-07
vn -1 0 -3.6733903E-07
vn -1 0 -3.681892E-07
vn -1 0 -3.681892E-07
vn -1 0 -3.681892E-07
vn -1 0 -3.681892E-07
vn -1 0 -3.681892E-07
vn -1 1.3172136E-07 -1.1346671E-06
vn -1 1.3172136E-07 -1.1346671E-06
vn -1 1.3172136E-07 -1.1346671E-06
vn -1 1.3172136E-07 -1.1346671E-06
vn -1 1.3172136E-07 -1.1346671E-06
vn -1 1.3172136E-07 -1.1346671E-06
vn -1 1.3172136E-07 -1.1346671E-06
vn -1 1.3172136E-07 -1.1346671E-06
vn -1 1.3172136E-07 -1.1346671E-06
vn -1 1.3172136E-07 -1.1346671E-06
vn -1 1.3172136E-07 -1.1346671E-06
vn -1 1.3172136E-07 -1.1346671E-06
vn -1 1.2971563E-07 0
vn -1 1.2971563E-07 0
vn 0.6730171 0.7396269 0
vn 0.6730171 0.7396269 0
vn 0.6730171 0.7396269 0
vn 0.6730171 0.7396269 0
vn 0.659981 -0.7512823 2.8410133E-07
vn 0.659981 -0.7512823 2.8410133E-07
vn 0.659981 -0.7512823 2.8410133E-07
vn 0.659981 -0.7512823 2.8410133E-07
vn -0.6599817 0.75128174 -2.741798E-07
vn -0.6599817 0.75128174 -2.741798E-07
vn -0.6599817 0.75128174 -2.741798E-07
vn -0.6599817 0.75128174 -2.741798E-07
vn -0.6599817 0.75128174 -2.741798E-07
vn -0.6599817 0.75128174 -2.741798E-07
vn -0.25639334 -6.608193E-05 0.96657246
vn -0.25639334 -6.608193E-05 0.96657246
vn -0.25639334 -6.608193E-05 0.96657246
vn -0.25639334 -6.608193E-05 0.96657246
vn -0.25583532 -4.831867E-05 -0.9667204
vn -0.25583532 -4.831867E-05 -0.9667204
vn -0.25583532 -4.831867E-05 -0.9667204
vn -0.25583532 -4.831867E-05 -0.9667204
vn -0.2705437 -0.81113034 0.51853025
vn -0.2705437 -0.81113034 0.51853025
vn -0.2705437 -0.81113034 0.51853025
vn -0.2705437 -0.81113034 0.51853025
vn 9.7478995E-05 -0.85569304 0.5174837
vn 9.7478995E-05 -0.85569304 0.5174837
vn 9.7478995E-05 -0.85569304 0.5174837
vn 9.7478995E-05 -0.85569304 0.5174837
vn 0.27072543 -0.8110869 0.5185033
vn 0.27072543 -0.8110869 0.5185033
vn 0.27072543 -0.8110869 0.5185033
vn 0.27072543 -0.8110869 0.5185033
vn -0.6878198 -0.69195545 -0.21932082
vn -0.6878198 -0.69195545 -0.21932082
vn -0.6878198 -0.69195545 -0.21932082
vn -0.6878198 -0.69195545 -0.21932082
vn -0.68773675 -0.6918837 -0.2198073
vn -0.68773675 -0.6918837 -0.2198073
vn -0.68773675 -0.6918837 -0.2198073
vn -0.68773675 -0.6918837 -0.2198073
vn -0 -1 6.997553E-07
vn -0 -1 6.997553E-07
vn -0 -1 6.997553E-07
vn -0 -1 6.997553E-07
vn -0 1 -6.9975516E-07
vn -0 1 -6.9975516E-07
vn -0 1 -6.9975516E-07
vn -0 1 -6.9975516E-07
vn -0 0 -1
vn -0 0 -1
vn -0 0 -1
vn -0 0 -1
vn -1 0 0
vn -1 0 0
vn -1 0 0
vn -1 0 0
vn -0 0 1
vn -0 0 1
vn -0 0 1
vn -0 0 1
vn 1 8.045629E-07 -1.4758632E-07
vn 1 8.045629E-07 -1.4758632E-07
vn 1 8.045629E-07 -1.4758632E-07
vn 1 8.045629E-07 -1.4758632E-07
vn -0 -1 6.997553E-07
vn -0 -1 6.997553E-07
vn -0 -1 6.997553E-07
vn -0 -1 6.997553E-07
vn -0 1 -6.9975516E-07
vn -0 1 -6.9975516E-07
vn -0 1 -6.9975516E-07
vn -0 1 -6.9975516E-07
vn -0 0 -1
vn -0 0 -1
vn -0 0 -1
vn -0 0 -1
vn -1 0 0
vn -1 0 0
vn -1 0 0
vn -1 0 0
vn -0 0 1
vn -0 0 1
vn -0 0 1
vn -0 0 1
vn 1 8.04561E-07 -1.4758596E-07
vn 1 8.04561E-07 -1.4758596E-07
vn 1 8.04561E-07 -1.4758596E-07
vn 1 8.04561E-07 -1.4758596E-07
vn -0 -1 7.0137946E-07
vn -0 -1 7.0137946E-07
vn -0 -1 7.0137946E-07
vn -0 -1 7.0137946E-07
vn -0 1 -7.013795E-07
vn -0 1 -7.013795E-07
vn -0 1 -7.013795E-07
vn -0 1 -7.013795E-07
vn -0 0 -1
vn -0 0 -1
vn -0 0 -1
vn -0 0 -1
vn -1 0 0
vn -1 0 0
vn -1 0 0
vn -1 0 0
vn -0 0 1
vn -0 0 1
vn -0 0 1
vn -0 0 1
vn 1 8.045616E-07 -1.4792865E-07
vn 1 8.045616E-07 -1.4792865E-07
vn 1 8.045616E-07 -1.4792865E-07
vn 1 8.045616E-07 -1.4792865E-07
vn -0 -1 7.0137946E-07
vn -0 -1 7.0137946E-07
vn -0 -1 7.0137946E-07
vn -0 -1 7.0137946E-07
vn -0 1 -7.013795E-07
vn -0 1 -7.013795E-07
vn -0 1 -7.013795E-07
vn -0 1 -7.013795E-07
vn -0 0 -1
vn -0 0 -1
vn -0 0 -1
vn -0 0 -1
vn -1 0 0
vn -1 0 0
vn -1 0 0
vn -1 0 0
vn -0 0 1
vn -0 0 1
vn -0 0 1
vn -0 0 1
vn 1 8.045616E-07 -1.4792865E-07
vn 1 8.045616E-07 -1.4792865E-07
vn 1 8.045616E-07 -1.4792865E-07
vn 1 8.045616E-07 -1.4792865E-07
vn -1 0 0
vn -1 0 0
vn -1 0 0
vn -1 0 0
vn -0 -1 0
vn -0 -1 0
vn -0 -1 0
vn -0 -1 0
vn -0 -1 0
vn -0 -1 0
vn 1 0 0
vn 1 0 0
vn 1 0 0
vn 1 0 0
vn -0 1 0
vn -0 1 0
vn -0 1 0
vn -0 1 0
vn -0 1 0
vn -0 1 0
vn 0.70710665 0 0.7071068
vn 0.70710665 0 0.7071068
vn 0.70710665 0 0.7071068
vn 0.70710665 0 0.7071068
vn -0.70710605 0 0.7071074
vn -0.70710605 0 0.7071074
vn -0.70710605 0 0.7071074
vn -0.70710605 0 0.7071074
vn -0 0 1
vn -0 0 1
vn -0 0 1
vn -0 0 1
vn -1 0 2.936583E-07
vn -1 0 2.936583E-07
vn -1 0 2.936583E-07
vn -1 0 2.936583E-07
vn -0 -1 0
vn -0 -1 0
vn -0 -1 0
vn -0 -1 0
vn -0 -1 0
vn -0 -1 0
vn 1 0 0
vn 1 0 0
vn 1 0 0
vn 1 0 0
vn -0 1 0
vn -0 1 0
vn -0 1 0
vn -0 1 0
vn -0 1 0
vn -0 1 0
vn 0.70710635 0 0.7071072
vn 0.70710635 0 0.7071072
vn 0.70710635 0 0.7071072
vn 0.70710635 0 0.7071072
vn -0.70710635 0 0.7071072
vn -0.70710635 0 0.7071072
vn -0.70710635 0 0.7071072
vn -0.70710635 0 0.7071072
vn -0 0 1
vn -0 0 1
vn -0 0 1
vn -0 0 1
vn -0.8442859 -0.5192509 0.13251318
vn -0.8442859 -0.5192509 0.13251318
vn -0.8442859 -0.5192509 0.13251318
vn -0.8442859 -0.5192509 0.13251318
vn -0.38079885 3.4673823E-05 -0.9246579
vn -0.38079885 3.4673823E-05 -0.9246579
vn -0.38079885 3.4673823E-05 -0.9246579
vn -0.38079885 3.4673823E-05 -0.9246579
vn -0.38166007 -3.2770986E-05 0.9243028
vn -0.38166007 -3.2770986E-05 0.9243028
vn -0.38166007 -3.2770986E-05 0.9243028
vn -0.38166007 -3.2770986E-05 0.9243028
vn -0 -1 6.995862E-07
vn -0 -1 6.995862E-07
vn -0 -1 6.995862E-07
vn -0 -1 6.995862E-07
vn -0 1 -6.995866E-07
vn -0 1 -6.995866E-07
vn -0 1 -6.995866E-07
vn -0 1 -6.995866E-07
vn -1 0 0
vn -1 0 0
vn -1 0 0
vn -1 0 0
vn 1 4.022815E-07 0
vn 1 4.022815E-07 0
vn 1 4.022815E-07 0
vn 1 4.022815E-07 0
vn -0 -1 6.995862E-07
vn -0 -1 6.995862E-07
vn -0 -1 6.995862E-07
vn -0 -1 6.995862E-07
vn -0 1 -6.995866E-07
vn -0 1 -6.995866E-07
vn -0 1 -6.995866E-07
vn -0 1 -6.995866E-07
vn -1 0 0
vn -1 0 0
vn -1 0 0
vn -1 0 0
vn 1 4.0228124E-07 0
vn 1 4.0228124E-07 0
vn 1 4.0228124E-07 0
vn 1 4.0228124E-07 0
vn -0.8441641 -0.51824266 0.13715543
vn -0.8441641 -0.51824266 0.13715543
vn -0.8441641 -0.51824266 0.13715543
vn -0.8441641 -0.51824266 0.13715543
vn -0.38226283 1.0174097E-05 -0.92405367
vn -0.38226283 1.0174097E-05 -0.92405367
vn -0.38226283 1.0174097E-05 -0.92405367
vn -0.38226283 1.0174097E-05 -0.92405367
vn -0.37869692 -1.14065715E-05 0.9255207
vn -0.37869692 -1.14065715E-05 0.9255207
vn -0.37869692 -1.14065715E-05 0.9255207
vn -0.37869692 -1.14065715E-05 0.9255207
vn -0 -1 7.0120154E-07
vn -0 -1 7.0120154E-07
vn -0 -1 7.0120154E-07
vn -0 -1 7.0120154E-07
vn -0 1 -7.0120205E-07
vn -0 1 -7.0120205E-07
vn -0 1 -7.0120205E-07
vn -0 1 -7.0120205E-07
vn -1 0 0
vn -1 0 0
vn -1 0 0
vn -1 0 0
vn 1 4.0228167E-07 0
vn 1 4.0228167E-07 0
vn 1 4.0228167E-07 0
vn 1 4.0228167E-07 0
vn -0 -1 7.0120154E-07
vn -0 -1 7.0120154E-07
vn -0 -1 7.0120154E-07
vn -0 -1 7.0120154E-07
vn -0 1 -7.0120205E-07
vn -0 1 -7.0120205E-07
vn -0 1 -7.0120205E-07
vn -0 1 -7.0120205E-07
vn -1 0 0
vn -1 0 0
vn -1 0 0
vn -1 0 0
vn 1 4.0228122E-07 0
vn 1 4.0228122E-07 0
vn 1 4.0228122E-07 0
vn 1 4.0228122E-07 0
vn 0.66002816 0.75124085 5.219109E-07
vn 0.66002816 0.75124085 5.219109E-07
vn 0.66002816 0.75124085 5.219109E-07
vn 0.66002816 0.75124085 5.219109E-07
vn -1 2.074235E-07 -5.373005E-07
vn -1 -1.6675718E-07 -1.6117062E-07
vn -1 2.074235E-07 -5.373005E-07
vn -1 -7.958695E-07 -5.131131E-07
vn -1 -7.958695E-07 -5.131131E-07
vn -1 -7.958695E-07 -5.131131E-07
vn -1 0 -2.4394299E-06
vn -1 0 -2.4394299E-06
vn -1 0 -2.0673053E-07
vn -1 0 -2.0673053E-07
vn -1 0 -2.0673053E-07
vn -1 0 -2.0673053E-07
vn -1 0 -2.0673053E-07
vn -1 0 -2.0673053E-07
vn -1 -1.6675718E-07 -1.6117062E-07
vn -1 2.7301223E-07 -2.0791732E-07
vn -1 -1.6675718E-07 -1.6117062E-07
vn -1 2.7301223E-07 -2.0791732E-07
vn -0.8442585 -0.5188967 -0.13406648
vn -0.8442585 -0.5188967 -0.13406648
vn -0.8442585 -0.5188967 -0.13406648
vn -0.8442585 -0.5188967 -0.13406648
vn -0.8442995 -0.5198143 -0.13019769
vn -0.8442995 -0.5198143 -0.13019769
vn -0.8442995 -0.5198143 -0.13019769
vn -0.8442995 -0.5198143 -0.13019769
vn -1 0 0
vn -1 0 0
vn -1 0 0
vn -1 0 0
vn -1 0 0
vn 0.00028221344 0 1
vn 0.00028221344 0 1
vn 0.00028221344 0 1
vn 0.00028221344 0 1
vn -0.6593994 6.803553E-05 0.7517928
vn -1 1.1992441E-05 -1.6599894E-05
vn -0.6593843 8.580697E-05 0.7518061
vn -1 5.5591066E-05 1.8090117E-05
vn -0.6593582 7.123465E-05 0.7518289
vn -1 5.7786798E-05 -1.9728972E-05
vn 0.00028833127 -1.17003665E-07 1
vn 0.00028833127 -1.17003665E-07 1
vn 0.00028833127 -1.17003665E-07 1
vn 0.00028833127 -1.17003665E-07 1
vn 0.0002706985 -2.381795E-07 1
vn 0.0002706985 -2.381795E-07 1
vn 0.0002706985 -2.381795E-07 1
vn 0.0002706985 -2.381795E-07 1
vn 0.00027081344 -2.1649886E-07 1
vn 0.00027081344 -2.1649886E-07 1
vn 0.00028235422 0 1
vn 0.00028235422 0 1
vn 0.00028235422 0 1
vn 0.00028235422 0 1
vn 0.00028247645 0 1
vn 0.00028247645 0 1
vn 6.458999E-06 1 0
vn 6.458999E-06 1 0
vn 6.458999E-06 1 0
vn 1.294341E-07 1 0
vn 1.294341E-07 1 0
vn -0.8801303 0 0.4747323
vn -0.8801303 0 0.4747323
vn -0.8801303 0 0.4747323
vn -0.8801303 0 0.4747323
vn -0 -1 0
vn -0 -1 0
vn -0 -1 0
vn 1.6518567E-07 -1 -8.341778E-07
vn 1.6518567E-07 -1 -8.341778E-07
vn 0.6595602 2.722107E-06 0.7516517
vn 1 -6.4965134E-06 -1.0042989E-05
vn 1 -2.7815186E-05 2.297759E-05
vn 0.65953904 3.9381976E-05 0.75167036
vn 0.00039942053 -5.5823295E-07 1
vn 0.00039942053 -5.5823295E-07 1
vn 0.00039942053 -5.5823295E-07 1
vn 0.00039942053 -5.5823295E-07 1
vn 0.00021410418 0.84411734 0.5361585
vn 0.00021410418 0.84411734 0.5361585
vn 0.00021410418 0.84411734 0.5361585
vn 0.00021410418 0.84411734 0.5361585
vn 0.9009275 1.0469148E-07 0.43396962
vn 0.9009275 1.0469148E-07 0.43396962
vn 0.9009275 1.0469148E-07 0.43396962
vn 0.9009275 1.0469148E-07 0.43396962
vn 0.00021441604 -0.84411746 0.5361582
vn 0.00021441604 -0.84411746 0.5361582
vn 0.00021441604 -0.84411746 0.5361582
vn 0.00021441604 -0.84411746 0.5361582
vn -0.9008601 0 0.43410966
vn -0.9008601 0 0.43410966
vn -0.9008601 0 0.43410966
vn -0.9008601 0 0.43410966
vn -4.853337E-07 1 0
vn -4.853337E-07 1 0
vn -4.853337E-07 1 0
vn -4.853337E-07 1 0
vn 1 0 0
vn 1 0 0
vn 1 0 0
vn 1 0 0
vn -0 -1 0
vn -0 -1 0
vn -0 -1 0
vn -0 -1 0
vn -1 -3.050039E-07 0
vn -1 -3.050039E-07 0
vn -1 -3.050039E-07 0
vn -1 -3.050039E-07 0
vn 0.00039912452 -5.5823307E-07 1
vn 0.00039912452 -5.5823307E-07 1
vn 0.00039912452 -5.5823307E-07 1
vn 0.00039912452 -5.5823307E-07 1
vn 0.00021401726 0.8441177 0.53615785
vn 0.00021401726 0.8441177 0.53615785
vn 0.00021401726 0.8441177 0.53615785
vn 0.00021401726 0.8441177 0.53615785
vn 0.9009267 0 0.43397117
vn 0.9009267 0 0.43397117
vn 0.9009267 0 0.43397117
vn 0.9009267 0 0.43397117
vn 0.00021460159 -0.84411794 0.53615755
vn 0.00021460159 -0.84411794 0.53615755
vn 0.00021460159 -0.84411794 0.53615755
vn 0.00021460159 -0.84411794 0.53615755
vn -0.90086144 0 0.43410695
vn -0.90086144 0 0.43410695
vn -0.90086144 0 0.43410695
vn -0.90086144 0 0.43410695
vn -1.2467925E-07 1 0
vn -1.2467925E-07 1 0
vn -1.2467925E-07 1 0
vn -1.2467925E-07 1 0
vn 1 0 0
vn 1 0 0
vn 1 0 0
vn 1 0 0
vn -0 -1 0
vn -0 -1 0
vn -0 -1 0
vn -0 -1 0
vn -1 -3.0500357E-07 0
vn -1 -3.0500357E-07 0
vn -1 -3.0500357E-07 0
vn -1 -3.0500357E-07 0
vn 0.00039942024 0 1
vn 0.00039942024 0 1
vn 0.00039942024 0 1
vn 0.00039942024 0 1
vn 0.00021371682 0.84411854 0.53615654
vn 0.00021371682 0.84411854 0.53615654
vn 0.00021371682 0.84411854 0.53615654
vn 0.00021371682 0.84411854 0.53615654
vn 0.9009272 0 0.4339702
vn 0.9009272 0 0.4339702
vn 0.9009272 0 0.4339702
vn 0.9009272 0 0.4339702
vn 0.00021363741 -0.84412193 0.53615105
vn 0.00021363741 -0.84412193 0.53615105
vn 0.00021363741 -0.84412193 0.53615105
vn 0.00021363741 -0.84412193 0.53615105
vn -0.9008612 0 0.43410712
vn -0.9008612 0 0.43410712
vn -0.9008612 0 0.43410712
vn -0.9008612 0 0.43410712
vn -1.3904915E-06 1 0
vn -1.3904915E-06 1 0
vn -1.3904915E-06 1 0
vn -1.3904915E-06 1 0
vn 1 0 0
vn 1 0 0
vn 1 0 0
vn 1 0 0
vn 2.3386214E-07 -1 0
vn 2.3386214E-07 -1 0
vn 2.3386214E-07 -1 0
vn 2.3386214E-07 -1 0
vn -1 -3.0500385E-07 0
vn -1 -3.0500385E-07 0
vn -1 -3.0500385E-07 0
vn -1 -3.0500385E-07 0
vn 0.00039956876 0 1
vn 0.00039956876 0 1
vn 0.00039956876 0 1
vn 0.00039956876 0 1
vn 0.00021415373 0.8441185 0.53615665
vn 0.00021415373 0.8441185 0.53615665
vn 0.00021415373 0.8441185 0.53615665
vn 0.00021415373 0.8441185 0.53615665
vn 0.9009244 2.1460325E-07 0.43397593
vn 0.9009244 2.1460325E-07 0.43397593
vn 0.9009244 2.1460325E-07 0.43397593
vn 0.9009244 2.1460325E-07 0.43397593
vn 0.00021363802 -0.84412104 0.53615266
vn 0.00021363802 -0.84412104 0.53615266
vn 0.00021363802 -0.84412104 0.53615266
vn 0.00021363802 -0.84412104 0.53615266
vn -0.9008623 0 0.434105
vn -0.9008623 0 0.434105
vn -0.9008623 0 0.434105
vn -0.9008623 0 0.434105
vn -1.3904926E-06 1 0
vn -1.3904926E-06 1 0
vn -1.3904926E-06 1 0
vn -1.3904926E-06 1 0
vn 1 0 0
vn 1 0 0
vn 1 0 0
vn 1 0 0
vn 2.3386181E-07 -1 0
vn 2.3386181E-07 -1 0
vn 2.3386181E-07 -1 0
vn 2.3386181E-07 -1 0
vn -1 -3.0500328E-07 0
vn -1 -3.0500328E-07 0
vn -1 -3.0500328E-07 0
vn -1 -3.0500328E-07 0
vn 0.00039942088 0 1
vn 0.00039942088 0 1
vn 0.00039942088 0 1
vn 0.00039942088 0 1
vn 0.00021482167 0.84412104 0.53615254
vn 0.00021482167 0.84412104 0.53615254
vn 0.00021482167 0.84412104 0.53615254
vn 0.00021482167 0.84412104 0.53615254
vn 0.9009267 0 0.43397117
vn 0.9009267 0 0.43397117
vn 0.9009267 0 0.43397117
vn 0.9009267 0 0.43397117
vn 0.00021455096 -0.84412193 0.53615105
vn 0.00021455096 -0.84412193 0.53615105
vn 0.00021455096 -0.84412193 0.53615105
vn 0.00021455096 -0.84412193 0.53615105
vn -0.9008615 0 0.43410665
vn -0.9008615 0 0.43410665
vn -0.9008615 0 0.43410665
vn -0.9008615 0 0.43410665
vn -1.0284284E-06 1 0
vn -1.0284284E-06 1 0
vn -1.0284284E-06 1 0
vn -1.0284284E-06 1 0
vn 1 0 0
vn 1 0 0
vn 1 0 0
vn 1 0 0
vn -0 -1 0
vn -0 -1 0
vn -0 -1 0
vn -0 -1 0
vn -1 -3.0500397E-07 0
vn -1 -3.0500397E-07 0
vn -1 -3.0500397E-07 0
vn -1 -3.0500397E-07 0
vn 0.00039956887 0 1
vn 0.00039956887 0 1
vn 0.00039956887 0 1
vn 0.00039956887 0 1
vn 0.00021486456 0.8441211 0.5361525
vn 0.00021486456 0.8441211 0.5361525
vn 0.00021486456 0.8441211 0.5361525
vn 0.00021486456 0.8441211 0.5361525
vn 0.9009246 2.1460313E-07 0.43397573
vn 0.9009246 2.1460313E-07 0.43397573
vn 0.9009246 2.1460313E-07 0.43397573
vn 0.9009246 2.1460313E-07 0.43397573
vn 0.00021455156 -0.84412104 0.53615266
vn 0.00021455156 -0.84412104 0.53615266
vn 0.00021455156 -0.84412104 0.53615266
vn 0.00021455156 -0.84412104 0.53615266
vn -0.90086305 0 0.43410343
vn -0.90086305 0 0.43410343
vn -0.90086305 0 0.43410343
vn -0.90086305 0 0.43410343
vn -1.0284292E-06 1 0
vn -1.0284292E-06 1 0
vn -1.0284292E-06 1 0
vn -1.0284292E-06 1 0
vn 1 0 0
vn 1 0 0
vn 1 0 0
vn 1 0 0
vn -0 -1 0
vn -0 -1 0
vn -0 -1 0
vn -0 -1 0
vn -1 -3.0500343E-07 0
vn -1 -3.0500343E-07 0
vn -1 -3.0500343E-07 0
vn -1 -3.0500343E-07 0
vn 0.0003994205 -2.7911648E-07 1
vn 0.0003994205 -2.7911648E-07 1
vn 0.0003994205 -2.7911648E-07 1
vn 0.0003994205 -2.7911648E-07 1
vn 0.0002141311 0.84411854 0.5361564
vn 0.0002141311 0.84411854 0.5361564
vn 0.0002141311 0.84411854 0.5361564
vn 0.0002141311 0.84411854 0.5361564
vn 0.9009275 1.3285452E-07 0.4339697
vn 0.9009275 1.3285452E-07 0.4339697
vn 0.9009275 1.3285452E-07 0.4339697
vn 0.9009275 1.3285452E-07 0.4339697
vn 0.00021455617 -0.84411734 0.5361585
vn 0.00021455617 -0.84411734 0.5361585
vn 0.00021455617 -0.84411734 0.5361585
vn 0.00021455617 -0.84411734 0.5361585
vn -0.9008601 0 0.43410975
vn -0.9008601 0 0.43410975
vn -0.9008601 0 0.43410975
vn -0.9008601 0 0.43410975
vn -3.8037788E-07 1 0
vn -3.8037788E-07 1 0
vn -3.8037788E-07 1 0
vn -3.8037788E-07 1 0
vn 1 0 0
vn 1 0 0
vn 1 0 0
vn 1 0 0
vn -0 -1 0
vn -0 -1 0
vn -0 -1 0
vn -0 -1 0
vn -1 -3.0500323E-07 0
vn -1 -3.0500323E-07 0
vn -1 -3.0500323E-07 0
vn -1 -3.0500323E-07 0
vn 0.00039912443 -5.5823307E-07 1
vn 0.00039912443 -5.5823307E-07 1
vn 0.00039912443 -5.5823307E-07 1
vn 0.00039912443 -5.5823307E-07 1
vn 0.00021400771 0.84411913 0.53615564
vn 0.00021400771 0.84411913 0.53615564
vn 0.00021400771 0.84411913 0.53615564
vn 0.00021400771 0.84411913 0.53615564
vn 0.9009267 0 0.43397132
vn 0.9009267 0 0.43397132
vn 0.9009267 0 0.43397132
vn 0.9009267 0 0.43397132
vn 0.00021477859 -0.8441172 0.5361586
vn 0.00021477859 -0.8441172 0.5361586
vn 0.00021477859 -0.8441172 0.5361586
vn 0.00021477859 -0.8441172 0.5361586
vn -0.9008613 0 0.43410695
vn -0.9008613 0 0.43410695
vn -0.9008613 0 0.43410695
vn -0.9008613 0 0.43410695
vn -3.8037737E-07 1 0
vn -3.8037737E-07 1 0
vn -3.8037737E-07 1 0
vn -3.8037737E-07 1 0
vn 1 0 0
vn 1 0 0
vn 1 0 0
vn 1 0 0
vn -0 -1 0
vn -0 -1 0
vn -0 -1 0
vn -0 -1 0
vn -1 -3.050035E-07 0
vn -1 -3.050035E-07 0
vn -1 -3.050035E-07 0
vn -1 -3.050035E-07 0
vn -1 0 0.00039857806
vn -1 0 0.00039857806
vn -1 0 0.00039857806
vn -1 0 0.00039857806
vn -0.53615916 0.84411687 0.0002137319
vn -0.53615916 0.84411687 0.0002137319
vn -0.53615916 0.84411687 0.0002137319
vn -0.53615916 0.84411687 0.0002137319
vn -0.4339733 0 0.90092564
vn -0.4339733 0 0.90092564
vn -0.4339733 0 0.90092564
vn -0.4339733 0 0.90092564
vn -0.5361539 -0.84412026 0.00021427748
vn -0.5361539 -0.84412026 0.00021427748
vn -0.5361539 -0.84412026 0.00021427748
vn -0.5361539 -0.84412026 0.00021427748
vn -0.43410635 0 -0.9008616
vn -0.43410635 0 -0.9008616
vn -0.43410635 0 -0.9008616
vn -0.43410635 0 -0.9008616
vn -0 1 -3.8139274E-07
vn -0 1 -3.8139274E-07
vn -0 1 -3.8139274E-07
vn -0 1 -3.8139274E-07
vn -0 0 1
vn -0 0 1
vn -0 0 1
vn -0 0 1
vn -0 -1 0
vn -0 -1 0
vn -0 -1 0
vn -0 -1 0
vn -0 0 -1
vn -0 0 -1
vn -0 0 -1
vn -0 0 -1
vn -1 0 0.0004197907
vn -1 0 0.0004197907
vn -1 0 0.0004197907
vn -1 0 0.0004197907
vn -0.5361568 0.8441184 0.00021901964
vn -0.5361568 0.8441184 0.00021901964
vn -0.5361568 0.8441184 0.00021901964
vn -0.5361568 0.8441184 0.00021901964
vn -0.43399325 0 0.9009161
vn -0.43399325 0 0.9009161
vn -0.43399325 0 0.9009161
vn -0.43399325 0 0.9009161
vn -0.5361538 -0.84412026 0.0002195648
vn -0.5361538 -0.84412026 0.0002195648
vn -0.5361538 -0.84412026 0.0002195648
vn -0.5361538 -0.84412026 0.0002195648
vn -0.4340848 0 -0.90087193
vn -0.4340848 0 -0.90087193
vn -0.4340848 0 -0.90087193
vn -0.4340848 0 -0.90087193
vn -0 1 -3.8139262E-07
vn -0 1 -3.8139262E-07
vn -0 1 -3.8139262E-07
vn -0 1 -3.8139262E-07
vn -0 0 1
vn -0 0 1
vn -0 0 1
vn -0 0 1
vn -0 -1 0
vn -0 -1 0
vn -0 -1 0
vn -0 -1 0
vn -0 0 -1
vn -0 0 -1
vn -0 0 -1
vn -0 0 -1
vn -0 1 0.00040091036
vn -0 1 0.00040091036
vn -0 1 0.00040091036
vn -0 1 0.00040091036
vn -1 0 1.381183E-07
vn -1 0 1.381183E-07
vn -1 0 1.381183E-07
vn -1 0 1.381183E-07
vn -3.378863E-07 0 1
vn -3.378863E-07 0 1
vn -3.378863E-07 0 1
vn -3.378863E-07 0 1
vn 1 0 -1.0307317E-07
vn 1 0 -1.0307317E-07
vn 1 0 -1.0307317E-07
vn 1 0 -1.0307317E-07
vn -0 0 -1
vn -0 0 -1
vn -0 0 -1
vn -0 0 -1
vn -1.4515833E-06 1 0.00040121246
vn -1.4515833E-06 1 0.00040121246
vn -1.4515833E-06 1 0.00040121246
vn -1.4515833E-06 1 0.00040121246
vn -1.4515833E-06 1 0.00040121246
vn -1.4515833E-06 1 0.00040121246
vn -1.4515833E-06 1 0.00040121246
vn -1.4515833E-06 1 0.00040121246
vn -1.4515838E-06 1 0.0004012124
vn -1.4515838E-06 1 0.0004012124
vn -1.4515838E-06 1 0.0004012124
vn -1.4515838E-06 1 0.0004012124
vn -1.4515838E-06 1 0.0004012124
vn -1.4515838E-06 1 0.0004012124
vn -1.4515838E-06 1 0.0004012124
vn -1.4515838E-06 1 0.0004012124
vn 0.00040207425 1 0
vn 0.00040207425 1 0
vn 0.00040207425 1 0
vn 0.00040207425 1 0
vn -0 0 1
vn -0 0 1
vn -0 0 1
vn -0 0 1
vn 1 0 2.5281943E-07
vn 1 0 2.5281943E-07
vn 1 0 2.5281943E-07
vn 1 0 2.5281943E-07
vn -0 0 -1
vn -0 0 -1
vn -0 0 -1
vn -0 0 -1
vn -1 0 0
vn -1 0 0
vn -1 0 0
vn -1 0 0
vn 0.000404508 1 0
vn 0.000404508 1 0
vn 0.000404508 1 0
vn 0.000404508 1 0
vn 0.000404508 1 0
vn 0.000404508 1 0
vn 0.000404508 1 0
vn 0.000404508 1 0
vn 0.00040257262 1 0
vn 0.00040257262 1 0
vn 0.00040257262 1 0
vn 0.00040257262 1 0
vn 0.00040257262 1 0
vn 0.00040257262 1 0
vn 0.00040257262 1 0
vn 0.00040257262 1 0
vn 0.6878134 -0.69196165 0.21932119
vn 0.6878134 -0.69196165 0.21932119
vn 0.6878134 -0.69196165 0.21932119
vn 0.6878134 -0.69196165 0.21932119
vn 0.6877405 -0.6918807 0.21980472
vn 0.6877405 -0.6918807 0.21980472
vn 0.6877405 -0.6918807 0.21980472
vn 0.6877405 -0.6918807 0.21980472
vn 1 0 -7.461574E-07
vn 1 0 -7.461574E-07
vn 1 0 -7.461574E-07
vn 1 0 -7.461574E-07
vn 1 0 -7.461574E-07
vn 1 0 -9.3197906E-07
vn 1 0 -9.3197906E-07
vn 1 0 -9.3197906E-07
vn 1 0 -9.3197906E-07
vn 1 0 -9.3197906E-07
vn 1 -1.7021821E-06 3.020211E-06
vn 1 -1.7021821E-06 3.020211E-06
vn 1 -1.7021821E-06 3.020211E-06
vn 1 -1.7021821E-06 3.020211E-06
vn 1 -1.7021821E-06 3.020211E-06
vn 1 -1.7021821E-06 3.020211E-06
vn 1 -1.7021821E-06 3.020211E-06
vn 1 -1.7021821E-06 3.020211E-06
vn 1 -1.7021821E-06 3.020211E-06
vn 1 -1.7021821E-06 3.020211E-06
vn 1 -1.7021821E-06 3.020211E-06
vn 1 -1.7021821E-06 3.020211E-06
vn 1 2.0754656E-07 0
vn 1 2.0754656E-07 0
vn 0.2563932 -6.6071654E-05 0.9665726
vn 0.2563932 -6.6071654E-05 0.9665726
vn 0.2563932 -6.6071654E-05 0.9665726
vn 0.2563932 -6.6071654E-05 0.9665726
vn 0.2558351 -4.8318656E-05 -0.9667204
vn 0.2558351 -4.8318656E-05 -0.9667204
vn 0.2558351 -4.8318656E-05 -0.9667204
vn 0.2558351 -4.8318656E-05 -0.9667204
vn 0.68781954 -0.6919558 -0.21932061
vn 0.68781954 -0.6919558 -0.21932061
vn 0.68781954 -0.6919558 -0.21932061
vn 0.68781954 -0.6919558 -0.21932061
vn 0.6877374 -0.6918829 -0.21980728
vn 0.6877374 -0.6918829 -0.21980728
vn 0.6877374 -0.6918829 -0.21980728
vn 0.6877374 -0.6918829 -0.21980728
vn -0 -1 6.9975545E-07
vn -0 -1 6.9975545E-07
vn -0 -1 6.9975545E-07
vn -0 -1 6.9975545E-07
vn -0 1 -6.9975545E-07
vn -0 1 -6.9975545E-07
vn -0 1 -6.9975545E-07
vn -0 1 -6.9975545E-07
vn -0 0 -1
vn -0 0 -1
vn -0 0 -1
vn -0 0 -1
vn 1 0 0
vn 1 0 0
vn 1 0 0
vn 1 0 0
vn -0 0 1
vn -0 0 1
vn -0 0 1
vn -0 0 1
vn -1 0 -1.2479225E-07
vn -1 0 -1.2479225E-07
vn -1 0 -1.2479225E-07
vn -1 0 -1.2479225E-07
vn -0 -1 6.9975545E-07
vn -0 -1 6.9975545E-07
vn -0 -1 6.9975545E-07
vn -0 -1 6.9975545E-07
vn -0 1 -6.9975545E-07
vn -0 1 -6.9975545E-07
vn -0 1 -6.9975545E-07
vn -0 1 -6.9975545E-07
vn -0 0 -1
vn -0 0 -1
vn -0 0 -1
vn -0 0 -1
vn 1 0 0
vn 1 0 0
vn 1 0 0
vn 1 0 0
vn -0 0 1
vn -0 0 1
vn -0 0 1
vn -0 0 1
vn -1 0 -1.2479225E-07
vn -1 0 -1.2479225E-07
vn -1 0 -1.2479225E-07
vn -1 0 -1.2479225E-07
vn -0 -1 7.013795E-07
vn -0 -1 7.013795E-07
vn -0 -1 7.013795E-07
vn -0 -1 7.013795E-07
vn -0 1 -7.013795E-07
vn -0 1 -7.013795E-07
vn -0 1 -7.013795E-07
vn -0 1 -7.013795E-07
vn -0 0 -1
vn -0 0 -1
vn -0 0 -1
vn -0 0 -1
vn 1 0 0
vn 1 0 0
vn 1 0 0
vn 1 0 0
vn -0 0 1
vn -0 0 1
vn -0 0 1
vn -0 0 1
vn -1 0 -1.2508171E-07
vn -1 0 -1.2508171E-07
vn -1 0 -1.2508171E-07
vn -1 0 -1.2508171E-07
vn -0 -1 7.013795E-07
vn -0 -1 7.013795E-07
vn -0 -1 7.013795E-07
vn -0 -1 7.013795E-07
vn -0 1 -7.013795E-07
vn -0 1 -7.013795E-07
vn -0 1 -7.013795E-07
vn -0 1 -7.013795E-07
vn -0 0 -1
vn -0 0 -1
vn -0 0 -1
vn -0 0 -1
vn 1 0 0
vn 1 0 0
vn 1 0 0
vn 1 0 0
vn -0 0 1
vn -0 0 1
vn -0 0 1
vn -0 0 1
vn -1 0 -1.2508171E-07
vn -1 0 -1.2508171E-07
vn -1 0 -1.2508171E-07
vn -1 0 -1.2508171E-07
vn 1 0 0
vn 1 0 0
vn 1 0 0
vn 1 0 0
vn 1 0 0
vn 0.8442869 -0.51924956 0.1325121
vn 0.8442869 -0.51924956 0.1325121
vn 0.8442869 -0.51924956 0.1325121
vn 0.8442869 -0.51924956 0.1325121
vn 0.38080072 3.472792E-05 -0.92465717
vn 0.38080072 3.472792E-05 -0.92465717
vn 0.38080072 3.472792E-05 -0.92465717
vn 0.38080072 3.472792E-05 -0.92465717
vn 0.38166043 -3.277101E-05 0.9243027
vn 0.38166043 -3.277101E-05 0.9243027
vn 0.38166043 -3.277101E-05 0.9243027
vn 0.38166043 -3.277101E-05 0.9243027
vn -0 -1 6.995869E-07
vn -0 -1 6.995869E-07
vn -0 -1 6.995869E-07
vn -0 -1 6.995869E-07
vn -0 1 -6.995869E-07
vn -0 1 -6.995869E-07
vn -0 1 -6.995869E-07
vn -0 1 -6.995869E-07
vn 1 0 0
vn 1 0 0
vn 1 0 0
vn 1 0 0
vn -1 8.0456283E-07 -4.3531713E-07
vn -1 8.0456283E-07 -4.3531713E-07
vn -1 8.0456283E-07 -4.3531713E-07
vn -1 8.0456283E-07 -4.3531713E-07
vn -0 -1 6.995869E-07
vn -0 -1 6.995869E-07
vn -0 -1 6.995869E-07
vn -0 -1 6.995869E-07
vn -0 1 -6.995869E-07
vn -0 1 -6.995869E-07
vn -0 1 -6.995869E-07
vn -0 1 -6.995869E-07
vn 1 0 0
vn 1 0 0
vn 1 0 0
vn 1 0 0
vn -1 8.0456283E-07 -4.3531713E-07
vn -1 8.0456283E-07 -4.3531713E-07
vn -1 8.0456283E-07 -4.3531713E-07
vn -1 8.0456283E-07 -4.3531713E-07
vn 0.84416425 -0.51824206 0.13715595
vn 0.84416425 -0.51824206 0.13715595
vn 0.84416425 -0.51824206 0.13715595
vn 0.84416425 -0.51824206 0.13715595
vn 0.38226283 1.0187603E-05 -0.92405367
vn 0.38226283 1.0187603E-05 -0.92405367
vn 0.38226283 1.0187603E-05 -0.92405367
vn 0.38226283 1.0187603E-05 -0.92405367
vn 0.37869656 -1.1406596E-05 0.92552096
vn 0.37869656 -1.1406596E-05 0.92552096
vn 0.37869656 -1.1406596E-05 0.92552096
vn 0.37869656 -1.1406596E-05 0.92552096
vn -0 -1 7.012022E-07
vn -0 -1 7.012022E-07
vn -0 -1 7.012022E-07
vn -0 -1 7.012022E-07
vn -0 1 -7.012022E-07
vn -0 1 -7.012022E-07
vn -0 1 -7.012022E-07
vn -0 1 -7.012022E-07
vn 1 0 0
vn 1 0 0
vn 1 0 0
vn 1 0 0
vn -1 8.045622E-07 -4.3632198E-07
vn -1 8.045622E-07 -4.3632198E-07
vn -1 8.045622E-07 -4.3632198E-07
vn -1 8.045622E-07 -4.3632198E-07
vn -0 -1 7.012022E-07
vn -0 -1 7.012022E-07
vn -0 -1 7.012022E-07
vn -0 -1 7.012022E-07
vn -0 1 -7.012022E-07
vn -0 1 -7.012022E-07
vn -0 1 -7.012022E-07
vn -0 1 -7.012022E-07
vn 1 0 0
vn 1 0 0
vn 1 0 0
vn 1 0 0
vn -1 8.0456266E-07 -4.3632224E-07
vn -1 8.0456266E-07 -4.3632224E-07
vn -1 8.0456266E-07 -4.3632224E-07
vn -1 8.0456266E-07 -4.3632224E-07
vn 0.84425986 -0.5188949 -0.13406499
vn 0.84425986 -0.5188949 -0.13406499
vn 0.84425986 -0.5188949 -0.13406499
vn 0.84425986 -0.5188949 -0.13406499
vn 0.84430027 -0.5198132 -0.13019738
vn 0.84430027 -0.5198132 -0.13019738
vn 0.84430027 -0.5198132 -0.13019738
vn 0.84430027 -0.5198132 -0.13019738
vn 1 0 -2.5569634E-07
vn 1 0 -2.5569634E-07
vn 1 0 -2.5569634E-07
vn 1 0 -2.5569634E-07
vn 1 0 -2.5569634E-07
vn 1 0 0.00039857806
vn 1 0 0.00039857806
vn 1 0 0.00039857806
vn 1 0 0.00039857806
vn 0.53615785 0.8441177 0.00021413866
vn 0.53615785 0.8441177 0.00021413866
vn 0.53615785 0.8441177 0.00021413866
vn 0.53615785 0.8441177 0.00021413866
vn 0.4339711 -2.4690237E-07 0.9009268
vn 0.4339711 -2.4690237E-07 0.9009268
vn 0.4339711 -2.4690237E-07 0.9009268
vn 0.4339711 -2.4690237E-07 0.9009268
vn 0.5361562 -0.84411883 0.00021413824
vn 0.5361562 -0.84411883 0.00021413824
vn 0.5361562 -0.84411883 0.00021413824
vn 0.5361562 -0.84411883 0.00021413824
vn 0.4341062 0 -0.9008617
vn 0.4341062 0 -0.9008617
vn 0.4341062 0 -0.9008617
vn 0.4341062 0 -0.9008617
vn -0 1 -3.8139274E-07
vn -0 1 -3.8139274E-07
vn -0 1 -3.8139274E-07
vn -0 1 -3.8139274E-07
vn -0 0 1
vn -0 0 1
vn -0 0 1
vn -0 0 1
vn -0 -1 0
vn -0 -1 0
vn -0 -1 0
vn -0 -1 0
vn -0 0 -1
vn -0 0 -1
vn -0 0 -1
vn -0 0 -1
vn 1 0 0.0004197907
vn 1 0 0.0004197907
vn 1 0 0.0004197907
vn 1 0 0.0004197907
vn 0.5361564 0.84411854 0.00021881613
vn 0.5361564 0.84411854 0.00021881613
vn 0.5361564 0.84411854 0.00021881613
vn 0.5361564 0.84411854 0.00021881613
vn 0.43399104 -1.6460977E-07 0.90091723
vn 0.43399104 -1.6460977E-07 0.90091723
vn 0.43399104 -1.6460977E-07 0.90091723
vn 0.43399104 -1.6460977E-07 0.90091723
vn 0.53615254 -0.84412104 0.00021962947
vn 0.53615254 -0.84412104 0.00021962947
vn 0.53615254 -0.84412104 0.00021962947
vn 0.53615254 -0.84412104 0.00021962947
vn 0.4340853 0 -0.90087175
vn 0.4340853 0 -0.90087175
vn 0.4340853 0 -0.90087175
vn 0.4340853 0 -0.90087175
vn -0 1 -3.8139268E-07
vn -0 1 -3.8139268E-07
vn -0 1 -3.8139268E-07
vn -0 1 -3.8139268E-07
vn -0 0 1
vn -0 0 1
vn -0 0 1
vn -0 0 1
vn -0 -1 0
vn -0 -1 0
vn -0 -1 0
vn -0 -1 0
vn -0 0 -1
vn -0 0 -1
vn -0 0 -1
vn -0 0 -1
vn -1.9369712E-07 -1 0
vn -1.9369712E-07 -1 0
vn 1.6067177E-06 -1 0
vn 1.6067177E-06 -1 0
vn -0 -1 0
vn 1.6067177E-06 -1 0
vn -0 -1 0
vn 1.6067177E-06 -1 0
vn -2.6699167E-06 -1 0
vn -2.6699167E-06 -1 0
vn -0 -1 0
vn -0 -1 0
vn -0 -1 0
vn -0 -1 0
vn -0 -1 0
vn -0 -1 0
vn 1.6375031E-06 -1 0
vn 1.6375031E-06 -1 0
vn -0 -1 0
vn -0 -1 0
vn -0 -1 0
vn 3.7731515E-06 -1 0
vn -0 -1 0
vn 3.7731515E-06 -1 0
vn -0 -1 0
vn -0 -1 0
vn -0 -1 0
vn -0 -1 0
vn -0 -1 0
vn -0 -1 0
vn -0 -1 0
vn -0 -1 0
vn 1.7609804E-06 -1 0
vn 1.7609804E-06 -1 0
vn -1.9136949E-06 1 0
vn -1.9136949E-06 1 0
vn -1.9136949E-06 1 0
vn -0 1 0
vn -1.9136949E-06 1 0
vn -0 1 0
vn 8.6284757E-07 1 0
vn -0 1 0
vn 8.6284757E-07 1 0
vn -0 1 0
vn -7.3709185E-07 1 0
vn -5.883275E-07 1 0
vn -7.3709185E-07 1 0
vn -5.883275E-07 1 0
vn -1.9856066E-06 1 0
vn -1.9856066E-06 1 0
vn 1 1.4787821E-06 0.00038790508
vn 1 0 0.00031438223
vn 1 1.4787821E-06 0.00038790508
vn 1 0 0.00031438223
vn 1 1.4807579E-06 0.0003879044
vn 1 1.4807579E-06 0.0003879044
vn 1 1.4807579E-06 0.0003879044
vn 1 1.4807579E-06 0.0003879044
vn 1 1.478748E-06 0.0003879069
vn 1 0 0.0003143824
vn 1 1.478748E-06 0.0003879069
vn 1 0 0.0003143824
vn 1 1.4809433E-06 0.0003879044
vn 1 1.4809433E-06 0.0003879044
vn 1 1.4809433E-06 0.0003879044
vn 1 1.4809433E-06 0.0003879044
vn -1 1.4786671E-06 0.00038723208
vn -1 1.4786671E-06 0.00038723208
vn -1 0 0.00031493278
vn -1 0 0.00031493278
vn -1 0 0.00038756552
vn -1 0 0.00038756552
vn -1 0 0.00038756552
vn -1 0 0.00038756552
vn -1 1.4786632E-06 0.00038723103
vn -1 1.4786632E-06 0.00038723103
vn -1 0 0.00031493296
vn -1 0 0.00031493296
vn -1 0 0.0003875676
vn -1 0 0.0003875676
vn -1 0 0.0003875676
vn -1 0 0.0003875676
vn 0.00038748368 1.3504078E-06 1
vn 0.00038748368 1.3504078E-06 1
vn 0.00031654615 0 1
vn 0.00031654615 0 1
vn 0.00038770228 -1.3504057E-06 1
vn 0.00038770228 -1.3504057E-06 1
vn 0.00038770228 -1.3504057E-06 1
vn 0.00038770228 -1.3504057E-06 1
vn 0.000387484 1.3504078E-06 1
vn 0.000387484 1.3504078E-06 1
vn 0.00031500208 0 1
vn 0.00031500208 0 1
vn 0.0003877023 0 1
vn 0.0003877023 0 1
vn 0.0003877023 0 1
vn 0.0003877023 0 1
vn 0.00038748543 0 1
vn 0.00038748543 0 1
vn 0.00031500243 0 1
vn 0.00031500243 0 1
vn 0.00038770563 0 1
vn 0.00038770563 0 1
vn 0.00038770563 0 1
vn 0.00038770563 0 1
vn 0.0003874853 1.3504078E-06 1
vn 0.0003874853 1.3504078E-06 1
vn 0.00031500173 0 1
vn 0.00031500173 0 1
vn 0.0003877057 -1.3504039E-06 1
vn 0.0003877057 -1.3504039E-06 1
vn 0.0003877057 -1.3504039E-06 1
vn 0.0003877057 -1.3504039E-06 1
vn 0.00038748572 0 1
vn 0.00038748572 0 1
vn 0.00031500173 0 1
vn 0.00031500173 0 1
vn 0.00038770144 0 1
vn 0.00038770144 0 1
vn 0.00038770144 0 1
vn 0.00038770144 0 1
vn 0.0003874857 1.3504E-06 1
vn 0.0003874857 1.3504E-06 1
vn 0.00031500173 0 1
vn 0.00031500173 0 1
vn 0.00038770153 -1.3504077E-06 1
vn 0.00038770153 -1.3504077E-06 1
vn 0.00038770153 -1.3504077E-06 1
vn 0.00038770153 -1.3504077E-06 1
vn 0.0003874838 1.3504118E-06 1
vn 0.0003874838 1.3504118E-06 1
vn 0.0003165463 0 1
vn 0.0003165463 0 1
vn 0.000387701 -1.3504059E-06 1
vn 0.000387701 -1.3504059E-06 1
vn 0.000387701 -1.3504059E-06 1
vn 0.000387701 -1.3504059E-06 1
vn 0.00038748255 0 1
vn 0.00038748255 0 1
vn 0.00031500278 0 1
vn 0.00031500278 0 1
vn 0.00038770228 0 1
vn 0.00038770228 0 1
vn 0.00038770228 0 1
vn 0.00038770228 0 1
g House_3_0
f 3/3/3 2/2/2 1/1/1
f 4/4/4 3/3/3 1/1/1
f 7/7/7 6/6/6 5/5/5
f 6/6/6 8/8/8 5/5/5
f 5/5/5 8/8/8 9/9/9
f 8/8/8 10/10/10 9/9/9
f 13/13/13 12/12/12 11/11/11
f 14/14/14 13/13/13 11/11/11
f 17/17/17 16/16/16 15/15/15
f 18/18/18 17/17/17 15/15/15
f 21/21/21 20/20/20 19/19/19
f 19/19/19 22/22/22 21/21/21
f 19/19/19 23/23/23 22/22/22
f 23/23/23 24/24/24 22/22/22
f 23/23/23 25/25/25 24/24/24
f 23/23/23 26/26/26 25/25/25
f 29/29/29 28/28/28 27/27/27
f 30/30/30 29/29/29 27/27/27
f 33/33/33 32/32/32 31/31/31
f 34/34/34 33/33/33 31/31/31
f 37/37/37 36/36/36 35/35/35
f 38/38/38 37/37/37 35/35/35
f 41/41/41 40/40/40 39/39/39
f 42/42/42 41/41/41 39/39/39
f 45/45/45 44/44/44 43/43/43
f 46/46/46 45/45/45 43/43/43
f 49/49/49 48/48/48 47/47/47
f 50/50/50 49/49/49 47/47/47
f 53/53/53 52/52/52 51/51/51
f 51/51/51 54/54/54 53/53/53
f 54/54/54 55/55/55 53/53/53
f 54/54/54 56/56/56 55/55/55
f 59/59/59 58/58/58 57/57/57
f 57/57/57 60/60/60 59/59/59
f 59/59/59 60/60/60 61/61/61
f 57/57/57 62/62/62 60/60/60
f 65/65/65 64/64/64 63/63/63
f 64/64/64 66/66/66 63/63/63
f 63/63/63 66/66/66 67/67/67
f 66/66/66 68/68/68 67/67/67
f 71/71/71 70/70/70 69/69/69
f 69/69/69 70/70/70 72/72/72
f 70/70/70 73/73/73 72/72/72
f 76/76/76 75/75/75 74/74/74
f 75/75/75 77/77/77 74/74/74
f 74/74/74 77/77/77 78/78/78
f 77/77/77 79/79/79 78/78/78
f 82/82/82 81/81/81 80/80/80
f 83/83/83 82/82/82 80/80/80
f 86/86/86 85/85/85 84/84/84
f 87/87/87 86/86/86 84/84/84
f 90/90/90 89/89/89 88/88/88
f 91/91/91 90/90/90 88/88/88
f 94/94/94 93/93/93 92/92/92
f 95/95/95 94/94/94 92/92/92
f 98/98/98 97/97/97 96/96/96
f 99/99/99 98/98/98 96/96/96
f 102/102/102 101/101/101 100/100/100
f 103/103/103 102/102/102 100/100/100
f 106/106/106 105/105/105 104/104/104
f 107/107/107 106/106/106 104/104/104
f 110/110/110 109/109/109 108/108/108
f 108/108/108 111/111/111 110/110/110
f 108/108/108 112/112/112 111/111/111
f 112/112/112 113/113/113 111/111/111
f 112/112/112 114/114/114 113/113/113
f 112/112/112 115/115/115 114/114/114
f 118/118/118 117/117/117 116/116/116
f 119/119/119 118/118/118 116/116/116
f 122/122/122 121/121/121 120/120/120
f 123/123/123 122/122/122 120/120/120
f 126/126/126 125/125/125 124/124/124
f 127/127/127 126/126/126 124/124/124
f 130/130/130 129/129/129 128/128/128
f 131/131/131 130/130/130 128/128/128
f 134/134/134 133/133/133 132/132/132
f 135/135/135 134/134/134 132/132/132
f 138/138/138 137/137/137 136/136/136
f 139/139/139 138/138/138 136/136/136
f 142/142/142 141/141/141 140/140/140
f 140/140/140 143/143/143 142/142/142
f 143/143/143 144/144/144 142/142/142
f 143/143/143 145/145/145 144/144/144
f 145/145/145 146/146/146 144/144/144
f 146/146/146 147/147/147 144/144/144
f 150/150/150 149/149/149 148/148/148
f 151/151/151 150/150/150 148/148/148
f 151/151/151 153/153/153 152/152/152
f 154/154/154 153/153/153 151/151/151
f 155/155/155 154/154/154 151/151/151
f 152/152/152 156/156/156 151/151/151
f 157/157/157 154/154/154 155/155/155
f 152/152/152 158/158/158 156/156/156
f 159/159/159 157/157/157 155/155/155
f 160/160/160 156/156/156 158/158/158
f 160/160/160 158/158/158 157/157/157
f 160/160/160 161/161/161 156/156/156
f 150/150/150 156/156/156 161/161/161
f 162/162/162 160/160/160 157/157/157
f 157/157/157 159/159/159 162/162/162
f 161/161/161 163/163/163 150/150/150
f 164/164/164 162/162/162 159/159/159
f 150/150/150 163/163/163 165/165/165
f 165/165/165 164/164/164 159/159/159
f 163/163/163 164/164/164 165/165/165
f 168/168/168 167/167/167 166/166/166
f 166/166/166 167/167/167 169/169/169
f 167/167/167 170/170/170 169/169/169
f 173/173/173 172/172/172 171/171/171
f 174/174/174 173/173/173 171/171/171
f 175/175/175 173/173/173 174/174/174
f 176/176/176 175/175/175 174/174/174
f 179/179/179 178/178/178 177/177/177
f 180/180/180 179/179/179 177/177/177
f 181/181/181 179/179/179 180/180/180
f 182/182/182 181/181/181 180/180/180
f 185/185/185 184/184/184 183/183/183
f 186/186/186 185/185/185 183/183/183
f 189/189/189 188/188/188 187/187/187
f 190/190/190 189/189/189 187/187/187
f 193/193/193 192/192/192 191/191/191
f 194/194/194 193/193/193 191/191/191
f 195/195/195 193/193/193 194/194/194
f 196/196/196 195/195/195 194/194/194
f 197/197/197 195/195/195 196/196/196
f 198/198/198 197/197/197 196/196/196
f 196/196/196 194/194/194 199/199/199
f 194/194/194 200/200/200 199/199/199
f 203/203/203 202/202/202 201/201/201
f 201/201/201 204/204/204 203/203/203
f 201/201/201 205/205/205 204/204/204
f 205/205/205 206/206/206 204/204/204
f 209/209/209 208/208/208 207/207/207
f 208/208/208 210/210/210 207/207/207
f 207/207/207 210/210/210 211/211/211
f 214/214/214 213/213/213 212/212/212
f 215/215/215 214/214/214 212/212/212
f 218/218/218 217/217/217 216/216/216
f 219/219/219 218/218/218 216/216/216
f 222/222/222 221/221/221 220/220/220
f 223/223/223 222/222/222 220/220/220
f 224/224/224 222/222/222 223/223/223
f 223/223/223 225/225/225 224/224/224
f 225/225/225 226/226/226 224/224/224
f 225/225/225 227/227/227 226/226/226
f 228/228/228 227/227/227 225/225/225
f 229/229/229 228/228/228 225/225/225
f 232/232/232 231/231/231 230/230/230
f 233/233/233 232/232/232 230/230/230
f 236/236/236 235/235/235 234/234/234
f 237/237/237 236/236/236 234/234/234
f 240/240/240 239/239/239 238/238/238
f 241/241/241 240/240/240 238/238/238
f 242/242/242 240/240/240 241/241/241
f 243/243/243 242/242/242 241/241/241
f 246/246/246 245/245/245 244/244/244
f 247/247/247 246/246/246 244/244/244
f 250/250/250 249/249/249 248/248/248
f 251/251/251 250/250/250 248/248/248
f 254/254/254 253/253/253 252/252/252
f 255/255/255 254/254/254 252/252/252
f 258/258/258 257/257/257 256/256/256
f 259/259/259 258/258/258 256/256/256
f 262/262/262 261/261/261 260/260/260
f 263/263/263 262/262/262 260/260/260
f 266/266/266 265/265/265 264/264/264
f 267/267/267 266/266/266 264/264/264
f 270/270/270 269/269/269 268/268/268
f 268/268/268 271/271/271 270/270/270
f 268/268/268 272/272/272 271/271/271
f 272/272/272 273/273/273 271/271/271
f 272/272/272 274/274/274 273/273/273
f 272/272/272 275/275/275 274/274/274
f 278/278/278 277/277/277 276/276/276
f 279/279/279 278/278/278 276/276/276
f 282/282/282 281/281/281 280/280/280
f 283/283/283 282/282/282 280/280/280
f 286/286/286 285/285/285 284/284/284
f 287/287/287 286/286/286 284/284/284
f 290/290/290 289/289/289 288/288/288
f 291/291/291 290/290/290 288/288/288
f 294/294/294 293/293/293 292/292/292
f 295/295/295 294/294/294 292/292/292
f 298/298/298 297/297/297 296/296/296
f 299/299/299 298/298/298 296/296/296
f 302/302/302 301/301/301 300/300/300
f 300/300/300 303/303/303 302/302/302
f 303/303/303 304/304/304 302/302/302
f 303/303/303 305/305/305 304/304/304
f 305/305/305 306/306/306 304/304/304
f 306/306/306 307/307/307 304/304/304
f 310/310/310 309/309/309 308/308/308
f 308/308/308 309/309/309 311/311/311
f 309/309/309 312/312/312 311/311/311
f 315/315/315 314/314/314 313/313/313
f 316/316/316 315/315/315 313/313/313
f 319/319/319 318/318/318 317/317/317
f 320/320/320 319/319/319 317/317/317
f 323/323/323 322/322/322 321/321/321
f 321/321/321 324/324/324 323/323/323
f 324/324/324 325/325/325 323/323/323
f 328/328/328 327/327/327 326/326/326
f 329/329/329 328/328/328 326/326/326
f 332/332/332 331/331/331 330/330/330
f 333/333/333 332/332/332 330/330/330
f 336/336/336 335/335/335 334/334/334
f 337/337/337 336/336/336 334/334/334
f 340/340/340 339/339/339 338/338/338
f 341/341/341 340/340/340 338/338/338
f 344/344/344 343/343/343 342/342/342
f 345/345/345 344/344/344 342/342/342
f 348/348/348 347/347/347 346/346/346
f 349/349/349 348/348/348 346/346/346
f 352/352/352 351/351/351 350/350/350
f 353/353/353 352/352/352 350/350/350
f 356/356/356 355/355/355 354/354/354
f 357/357/357 356/356/356 354/354/354
f 360/360/360 359/359/359 358/358/358
f 361/361/361 360/360/360 358/358/358
f 364/364/364 363/363/363 362/362/362
f 365/365/365 364/364/364 362/362/362
f 368/368/368 367/367/367 366/366/366
f 369/369/369 368/368/368 366/366/366
f 372/372/372 371/371/371 370/370/370
f 373/373/373 372/372/372 370/370/370
f 376/376/376 375/375/375 374/374/374
f 377/377/377 376/376/376 374/374/374
f 380/380/380 379/379/379 378/378/378
f 381/381/381 380/380/380 378/378/378
f 384/384/384 383/383/383 382/382/382
f 385/385/385 384/384/384 382/382/382
f 388/388/388 387/387/387 386/386/386
f 389/389/389 388/388/388 386/386/386
f 392/392/392 391/391/391 390/390/390
f 393/393/393 392/392/392 390/390/390
f 396/396/396 395/395/395 394/394/394
f 397/397/397 396/396/396 394/394/394
f 400/400/400 399/399/399 398/398/398
f 401/401/401 400/400/400 398/398/398
f 404/404/404 403/403/403 402/402/402
f 405/405/405 404/404/404 402/402/402
f 408/408/408 407/407/407 406/406/406
f 409/409/409 408/408/408 406/406/406
f 412/412/412 411/411/411 410/410/410
f 413/413/413 412/412/412 410/410/410
f 416/416/416 415/415/415 414/414/414
f 417/417/417 416/416/416 414/414/414
f 420/420/420 419/419/419 418/418/418
f 421/421/421 420/420/420 418/418/418
f 424/424/424 423/423/423 422/422/422
f 425/425/425 424/424/424 422/422/422
f 428/428/428 427/427/427 426/426/426
f 429/429/429 428/428/428 426/426/426
f 432/432/432 431/431/431 430/430/430
f 433/433/433 432/432/432 430/430/430
f 436/436/436 435/435/435 434/434/434
f 437/437/437 436/436/436 434/434/434
f 440/440/440 439/439/439 438/438/438
f 441/441/441 440/440/440 438/438/438
f 444/444/444 443/443/443 442/442/442
f 445/445/445 444/444/444 442/442/442
f 448/448/448 447/447/447 446/446/446
f 449/449/449 448/448/448 446/446/446
f 452/452/452 451/451/451 450/450/450
f 453/453/453 452/452/452 450/450/450
f 456/456/456 455/455/455 454/454/454
f 457/457/457 456/456/456 454/454/454
f 460/460/460 459/459/459 458/458/458
f 461/461/461 460/460/460 458/458/458
f 464/464/464 463/463/463 462/462/462
f 465/465/465 464/464/464 462/462/462
f 468/468/468 467/467/467 466/466/466
f 469/469/469 468/468/468 466/466/466
f 472/472/472 471/471/471 470/470/470
f 473/473/473 472/472/472 470/470/470
f 476/476/476 475/475/475 474/474/474
f 477/477/477 476/476/476 474/474/474
f 480/480/480 479/479/479 478/478/478
f 481/481/481 480/480/480 478/478/478
f 484/484/484 483/483/483 482/482/482
f 485/485/485 484/484/484 482/482/482
f 488/488/488 487/487/487 486/486/486
f 489/489/489 488/488/488 486/486/486
f 492/492/492 491/491/491 490/490/490
f 493/493/493 492/492/492 490/490/490
f 496/496/496 495/495/495 494/494/494
f 497/497/497 496/496/496 494/494/494
f 500/500/500 499/499/499 498/498/498
f 501/501/501 500/500/500 498/498/498
f 504/504/504 503/503/503 502/502/502
f 502/502/502 505/505/505 504/504/504
f 502/502/502 506/506/506 505/505/505
f 506/506/506 507/507/507 505/505/505
f 506/506/506 508/508/508 507/507/507
f 506/506/506 509/509/509 508/508/508
f 512/512/512 511/511/511 510/510/510
f 513/513/513 512/512/512 510/510/510
f 516/516/516 515/515/515 514/514/514
f 517/517/517 516/516/516 514/514/514
f 520/520/520 519/519/519 518/518/518
f 521/521/521 520/520/520 518/518/518
f 524/524/524 523/523/523 522/522/522
f 525/525/525 524/524/524 522/522/522
f 528/528/528 527/527/527 526/526/526
f 529/529/529 528/528/528 526/526/526
f 532/532/532 531/531/531 530/530/530
f 530/530/530 533/533/533 532/532/532
f 530/530/530 534/534/534 533/533/533
f 537/537/537 536/536/536 535/535/535
f 535/535/535 538/538/538 537/537/537
f 535/535/535 539/539/539 538/538/538
f 542/542/542 541/541/541 540/540/540
f 540/540/540 543/543/543 542/542/542
f 543/543/543 544/544/544 542/542/542
f 543/543/543 545/545/545 544/544/544
f 545/545/545 543/543/543 546/546/546
f 547/547/547 545/545/545 546/546/546
f 547/547/547 546/546/546 548/548/548
f 548/548/548 549/549/549 547/547/547
f 544/544/544 545/545/545 550/550/550
f 550/550/550 551/551/551 544/544/544
f 552/552/552 551/551/551 550/550/550
f 553/553/553 552/552/552 550/550/550
f 556/556/556 555/555/555 554/554/554
f 557/557/557 556/556/556 554/554/554
f 560/560/560 559/559/559 558/558/558
f 561/561/561 560/560/560 558/558/558
f 564/564/564 563/563/563 562/562/562
f 562/562/562 565/565/565 564/564/564
f 562/562/562 566/566/566 565/565/565
f 562/562/562 567/567/567 566/566/566
f 570/570/570 569/569/569 568/568/568
f 571/571/571 570/570/570 568/568/568
f 574/574/574 573/573/573 572/572/572
f 575/575/575 574/574/574 572/572/572
f 578/578/578 577/577/577 576/576/576
f 579/579/579 578/578/578 576/576/576
f 582/582/582 581/581/581 580/580/580
f 583/583/583 582/582/582 580/580/580
f 586/586/586 585/585/585 584/584/584
f 587/587/587 586/586/586 584/584/584
f 590/590/590 589/589/589 588/588/588
f 591/591/591 590/590/590 588/588/588
f 594/594/594 593/593/593 592/592/592
f 595/595/595 594/594/594 592/592/592
f 598/598/598 597/597/597 596/596/596
f 599/599/599 598/598/598 596/596/596
f 602/602/602 601/601/601 600/600/600
f 603/603/603 602/602/602 600/600/600
f 606/606/606 605/605/605 604/604/604
f 607/607/607 606/606/606 604/604/604
f 610/610/610 609/609/609 608/608/608
f 611/611/611 610/610/610 608/608/608
f 614/614/614 613/613/613 612/612/612
f 615/615/615 614/614/614 612/612/612
f 618/618/618 617/617/617 616/616/616
f 619/619/619 618/618/618 616/616/616
f 622/622/622 621/621/621 620/620/620
f 623/623/623 622/622/622 620/620/620
f 626/626/626 625/625/625 624/624/624
f 627/627/627 626/626/626 624/624/624
f 630/630/630 629/629/629 628/628/628
f 631/631/631 630/630/630 628/628/628
f 634/634/634 633/633/633 632/632/632
f 635/635/635 634/634/634 632/632/632
f 638/638/638 637/637/637 636/636/636
f 639/639/639 638/638/638 636/636/636
f 642/642/642 641/641/641 640/640/640
f 643/643/643 642/642/642 640/640/640
f 646/646/646 645/645/645 644/644/644
f 647/647/647 646/646/646 644/644/644
f 650/650/650 649/649/649 648/648/648
f 651/651/651 650/650/650 648/648/648
f 654/654/654 653/653/653 652/652/652
f 655/655/655 654/654/654 652/652/652
f 658/658/658 657/657/657 656/656/656
f 659/659/659 658/658/658 656/656/656
f 662/662/662 661/661/661 660/660/660
f 663/663/663 662/662/662 660/660/660
f 666/666/666 665/665/665 664/664/664
f 667/667/667 666/666/666 664/664/664
f 670/670/670 669/669/669 668/668/668
f 671/671/671 670/670/670 668/668/668
f 674/674/674 673/673/673 672/672/672
f 675/675/675 674/674/674 672/672/672
f 678/678/678 677/677/677 676/676/676
f 679/679/679 678/678/678 676/676/676
f 682/682/682 681/681/681 680/680/680
f 683/683/683 682/682/682 680/680/680
f 686/686/686 685/685/685 684/684/684
f 687/687/687 686/686/686 684/684/684
f 690/690/690 689/689/689 688/688/688
f 691/691/691 690/690/690 688/688/688
f 694/694/694 693/693/693 692/692/692
f 695/695/695 694/694/694 692/692/692
f 698/698/698 697/697/697 696/696/696
f 696/696/696 699/699/699 698/698/698
f 696/696/696 700/700/700 699/699/699
f 700/700/700 701/701/701 699/699/699
f 704/704/704 703/703/703 702/702/702
f 705/705/705 704/704/704 702/702/702
f 708/708/708 707/707/707 706/706/706
f 706/706/706 709/709/709 708/708/708
f 706/706/706 710/710/710 709/709/709
f 710/710/710 711/711/711 709/709/709
f 714/714/714 713/713/713 712/712/712
f 715/715/715 714/714/714 712/712/712
f 718/718/718 717/717/717 716/716/716
f 719/719/719 718/718/718 716/716/716
f 722/722/722 721/721/721 720/720/720
f 723/723/723 722/722/722 720/720/720
f 726/726/726 725/725/725 724/724/724
f 727/727/727 726/726/726 724/724/724
f 730/730/730 729/729/729 728/728/728
f 728/728/728 731/731/731 730/730/730
f 728/728/728 732/732/732 731/731/731
f 732/732/732 733/733/733 731/731/731
f 736/736/736 735/735/735 734/734/734
f 737/737/737 736/736/736 734/734/734
f 740/740/740 739/739/739 738/738/738
f 738/738/738 741/741/741 740/740/740
f 738/738/738 742/742/742 741/741/741
f 742/742/742 743/743/743 741/741/741
f 746/746/746 745/745/745 744/744/744
f 747/747/747 746/746/746 744/744/744
f 750/750/750 749/749/749 748/748/748
f 751/751/751 750/750/750 748/748/748
f 754/754/754 753/753/753 752/752/752
f 755/755/755 754/754/754 752/752/752
f 758/758/758 757/757/757 756/756/756
f 759/759/759 758/758/758 756/756/756
f 762/762/762 761/761/761 760/760/760
f 763/763/763 762/762/762 760/760/760
f 766/766/766 765/765/765 764/764/764
f 767/767/767 766/766/766 764/764/764
f 770/770/770 769/769/769 768/768/768
f 771/771/771 770/770/770 768/768/768
f 774/774/774 773/773/773 772/772/772
f 775/775/775 774/774/774 772/772/772
f 778/778/778 777/777/777 776/776/776
f 779/779/779 778/778/778 776/776/776
f 782/782/782 781/781/781 780/780/780
f 783/783/783 782/782/782 780/780/780
f 786/786/786 785/785/785 784/784/784
f 787/787/787 786/786/786 784/784/784
f 790/790/790 789/789/789 788/788/788
f 791/791/791 790/790/790 788/788/788
f 794/794/794 793/793/793 792/792/792
f 795/795/795 794/794/794 792/792/792
f 798/798/798 797/797/797 796/796/796
f 799/799/799 798/798/798 796/796/796
f 802/802/802 801/801/801 800/800/800
f 803/803/803 802/802/802 800/800/800
f 806/806/806 805/805/805 804/804/804
f 807/807/807 806/806/806 804/804/804
f 810/810/810 809/809/809 808/808/808
f 811/811/811 810/810/810 808/808/808
f 814/814/814 813/813/813 812/812/812
f 815/815/815 814/814/814 812/812/812
f 818/818/818 817/817/817 816/816/816
f 819/819/819 818/818/818 816/816/816
f 822/822/822 821/821/821 820/820/820
f 823/823/823 822/822/822 820/820/820
f 826/826/826 825/825/825 824/824/824
f 827/827/827 826/826/826 824/824/824
f 830/830/830 829/829/829 828/828/828
f 831/831/831 830/830/830 828/828/828
f 834/834/834 833/833/833 832/832/832
f 835/835/835 834/834/834 832/832/832
f 838/838/838 837/837/837 836/836/836
f 839/839/839 838/838/838 836/836/836
f 842/842/842 841/841/841 840/840/840
f 843/843/843 842/842/842 840/840/840
f 846/846/846 845/845/845 844/844/844
f 847/847/847 846/846/846 844/844/844
f 850/850/850 849/849/849 848/848/848
f 849/849/849 851/851/851 848/848/848
f 853/853/853 852/852/852 851/851/851
f 852/852/852 854/854/854 851/851/851
f 854/854/854 855/855/855 851/851/851
f 853/853/853 851/851/851 856/856/856
f 854/854/854 857/857/857 855/855/855
f 856/856/856 858/858/858 853/853/853
f 857/857/857 859/859/859 855/855/855
f 857/857/857 858/858/858 860/860/860
f 858/858/858 856/856/856 860/860/860
f 857/857/857 860/860/860 861/861/861
f 861/861/861 859/859/859 857/857/857
f 862/862/862 860/860/860 856/856/856
f 862/862/862 856/856/856 849/849/849
f 861/861/861 863/863/863 859/859/859
f 849/849/849 864/864/864 862/862/862
f 863/863/863 865/865/865 859/859/859
f 864/864/864 849/849/849 865/865/865
f 863/863/863 864/864/864 865/865/865
f 868/868/868 867/867/867 866/866/866
f 869/869/869 868/868/868 866/866/866
f 872/872/872 871/871/871 870/870/870
f 873/873/873 872/872/872 870/870/870
f 876/876/876 875/875/875 874/874/874
f 874/874/874 877/877/877 876/876/876
f 874/874/874 878/878/878 877/877/877
f 881/881/881 880/880/880 879/879/879
f 882/882/882 881/881/881 879/879/879
f 885/885/885 884/884/884 883/883/883
f 884/884/884 886/886/886 883/883/883
f 887/887/887 883/883/883 886/886/886
f 888/888/888 887/887/887 886/886/886
f 891/891/891 890/890/890 889/889/889
f 892/892/892 891/891/891 889/889/889
f 895/895/895 894/894/894 893/893/893
f 896/896/896 895/895/895 893/893/893
f 897/897/897 895/895/895 896/896/896
f 898/898/898 897/897/897 896/896/896
f 901/901/901 900/900/900 899/899/899
f 902/902/902 901/901/901 899/899/899
f 903/903/903 901/901/901 902/902/902
f 904/904/904 903/903/903 902/902/902
f 907/907/907 906/906/906 905/905/905
f 908/908/908 906/906/906 907/907/907
f 909/909/909 908/908/908 907/907/907
f 912/912/912 911/911/911 910/910/910
f 913/913/913 912/912/912 910/910/910
f 916/916/916 915/915/915 914/914/914
f 917/917/917 915/915/915 916/916/916
f 918/918/918 917/917/917 916/916/916
f 921/921/921 920/920/920 919/919/919
f 922/922/922 921/921/921 919/919/919
f 925/925/925 924/924/924 923/923/923
f 926/926/926 925/925/925 923/923/923
f 929/929/929 928/928/928 927/927/927
f 930/930/930 929/929/929 927/927/927
f 933/933/933 932/932/932 931/931/931
f 934/934/934 933/933/933 931/931/931
f 937/937/937 936/936/936 935/935/935
f 938/938/938 937/937/937 935/935/935
f 941/941/941 940/940/940 939/939/939
f 942/942/942 941/941/941 939/939/939
f 945/945/945 944/944/944 943/943/943
f 946/946/946 945/945/945 943/943/943
f 949/949/949 948/948/948 947/947/947
f 950/950/950 949/949/949 947/947/947
f 953/953/953 952/952/952 951/951/951
f 954/954/954 953/953/953 951/951/951
f 957/957/957 956/956/956 955/955/955
f 958/958/958 957/957/957 955/955/955
f 961/961/961 960/960/960 959/959/959
f 962/962/962 961/961/961 959/959/959
f 965/965/965 964/964/964 963/963/963
f 966/966/966 965/965/965 963/963/963
f 969/969/969 968/968/968 967/967/967
f 970/970/970 969/969/969 967/967/967
f 973/973/973 972/972/972 971/971/971
f 974/974/974 973/973/973 971/971/971
f 977/977/977 976/976/976 975/975/975
f 978/978/978 977/977/977 975/975/975
f 981/981/981 980/980/980 979/979/979
f 982/982/982 981/981/981 979/979/979
f 985/985/985 984/984/984 983/983/983
f 986/986/986 985/985/985 983/983/983
f 989/989/989 988/988/988 987/987/987
f 990/990/990 989/989/989 987/987/987
f 993/993/993 992/992/992 991/991/991
f 994/994/994 993/993/993 991/991/991
f 997/997/997 996/996/996 995/995/995
f 998/998/998 997/997/997 995/995/995
f 1001/1001/1001 1000/1000/1000 999/999/999
f 1002/1002/1002 1001/1001/1001 999/999/999
f 1005/1005/1005 1004/1004/1004 1003/1003/1003
f 1006/1006/1006 1005/1005/1005 1003/1003/1003
f 1009/1009/1009 1008/1008/1008 1007/1007/1007
f 1010/1010/1010 1009/1009/1009 1007/1007/1007
f 1013/1013/1013 1012/1012/1012 1011/1011/1011
f 1014/1014/1014 1013/1013/1013 1011/1011/1011
f 1017/1017/1017 1016/1016/1016 1015/1015/1015
f 1018/1018/1018 1017/1017/1017 1015/1015/1015
f 1021/1021/1021 1020/1020/1020 1019/1019/1019
f 1022/1022/1022 1021/1021/1021 1019/1019/1019
f 1025/1025/1025 1024/1024/1024 1023/1023/1023
f 1026/1026/1026 1025/1025/1025 1023/1023/1023
f 1029/1029/1029 1028/1028/1028 1027/1027/1027
f 1030/1030/1030 1029/1029/1029 1027/1027/1027
f 1033/1033/1033 1032/1032/1032 1031/1031/1031
f 1034/1034/1034 1033/1033/1033 1031/1031/1031
f 1037/1037/1037 1036/1036/1036 1035/1035/1035
f 1038/1038/1038 1037/1037/1037 1035/1035/1035
f 1041/1041/1041 1040/1040/1040 1039/1039/1039
f 1042/1042/1042 1041/1041/1041 1039/1039/1039
f 1045/1045/1045 1044/1044/1044 1043/1043/1043
f 1046/1046/1046 1045/1045/1045 1043/1043/1043
f 1049/1049/1049 1048/1048/1048 1047/1047/1047
f 1050/1050/1050 1049/1049/1049 1047/1047/1047
f 1053/1053/1053 1052/1052/1052 1051/1051/1051
f 1054/1054/1054 1053/1053/1053 1051/1051/1051
f 1057/1057/1057 1056/1056/1056 1055/1055/1055
f 1058/1058/1058 1057/1057/1057 1055/1055/1055
f 1061/1061/1061 1060/1060/1060 1059/1059/1059
f 1062/1062/1062 1061/1061/1061 1059/1059/1059
f 1065/1065/1065 1064/1064/1064 1063/1063/1063
f 1066/1066/1066 1065/1065/1065 1063/1063/1063
f 1069/1069/1069 1068/1068/1068 1067/1067/1067
f 1070/1070/1070 1069/1069/1069 1067/1067/1067
f 1073/1073/1073 1072/1072/1072 1071/1071/1071
f 1074/1074/1074 1073/1073/1073 1071/1071/1071
f 1077/1077/1077 1076/1076/1076 1075/1075/1075
f 1078/1078/1078 1077/1077/1077 1075/1075/1075
f 1081/1081/1081 1080/1080/1080 1079/1079/1079
f 1082/1082/1082 1081/1081/1081 1079/1079/1079
f 1085/1085/1085 1084/1084/1084 1083/1083/1083
f 1086/1086/1086 1085/1085/1085 1083/1083/1083
f 1089/1089/1089 1088/1088/1088 1087/1087/1087
f 1090/1090/1090 1089/1089/1089 1087/1087/1087
f 1093/1093/1093 1092/1092/1092 1091/1091/1091
f 1094/1094/1094 1093/1093/1093 1091/1091/1091
f 1097/1097/1097 1096/1096/1096 1095/1095/1095
f 1098/1098/1098 1097/1097/1097 1095/1095/1095
f 1101/1101/1101 1100/1100/1100 1099/1099/1099
f 1102/1102/1102 1101/1101/1101 1099/1099/1099
f 1105/1105/1105 1104/1104/1104 1103/1103/1103
f 1106/1106/1106 1105/1105/1105 1103/1103/1103
f 1109/1109/1109 1108/1108/1108 1107/1107/1107
f 1110/1110/1110 1109/1109/1109 1107/1107/1107
f 1113/1113/1113 1112/1112/1112 1111/1111/1111
f 1114/1114/1114 1113/1113/1113 1111/1111/1111
f 1117/1117/1117 1116/1116/1116 1115/1115/1115
f 1118/1118/1118 1117/1117/1117 1115/1115/1115
f 1121/1121/1121 1120/1120/1120 1119/1119/1119
f 1122/1122/1122 1121/1121/1121 1119/1119/1119
f 1125/1125/1125 1124/1124/1124 1123/1123/1123
f 1126/1126/1126 1125/1125/1125 1123/1123/1123
f 1129/1129/1129 1128/1128/1128 1127/1127/1127
f 1130/1130/1130 1129/1129/1129 1127/1127/1127
f 1133/1133/1133 1132/1132/1132 1131/1131/1131
f 1134/1134/1134 1133/1133/1133 1131/1131/1131
f 1137/1137/1137 1136/1136/1136 1135/1135/1135
f 1138/1138/1138 1137/1137/1137 1135/1135/1135
f 1141/1141/1141 1140/1140/1140 1139/1139/1139
f 1142/1142/1142 1141/1141/1141 1139/1139/1139
f 1145/1145/1145 1144/1144/1144 1143/1143/1143
f 1146/1146/1146 1145/1145/1145 1143/1143/1143
f 1149/1149/1149 1148/1148/1148 1147/1147/1147
f 1150/1150/1150 1149/1149/1149 1147/1147/1147
f 1153/1153/1153 1152/1152/1152 1151/1151/1151
f 1154/1154/1154 1153/1153/1153 1151/1151/1151
f 1157/1157/1157 1156/1156/1156 1155/1155/1155
f 1158/1158/1158 1157/1157/1157 1155/1155/1155
f 1161/1161/1161 1160/1160/1160 1159/1159/1159
f 1162/1162/1162 1161/1161/1161 1159/1159/1159
f 1165/1165/1165 1164/1164/1164 1163/1163/1163
f 1166/1166/1166 1165/1165/1165 1163/1163/1163
f 1169/1169/1169 1168/1168/1168 1167/1167/1167
f 1170/1170/1170 1169/1169/1169 1167/1167/1167
f 1173/1173/1173 1172/1172/1172 1171/1171/1171
f 1174/1174/1174 1173/1173/1173 1171/1171/1171
f 1177/1177/1177 1176/1176/1176 1175/1175/1175
f 1178/1178/1178 1177/1177/1177 1175/1175/1175
f 1181/1181/1181 1180/1180/1180 1179/1179/1179
f 1182/1182/1182 1181/1181/1181 1179/1179/1179
f 1185/1185/1185 1184/1184/1184 1183/1183/1183
f 1186/1186/1186 1185/1185/1185 1183/1183/1183
f 1189/1189/1189 1188/1188/1188 1187/1187/1187
f 1190/1190/1190 1189/1189/1189 1187/1187/1187
f 1193/1193/1193 1192/1192/1192 1191/1191/1191
f 1194/1194/1194 1193/1193/1193 1191/1191/1191
f 1197/1197/1197 1196/1196/1196 1195/1195/1195
f 1198/1198/1198 1197/1197/1197 1195/1195/1195
f 1201/1201/1201 1200/1200/1200 1199/1199/1199
f 1202/1202/1202 1201/1201/1201 1199/1199/1199
f 1205/1205/1205 1204/1204/1204 1203/1203/1203
f 1206/1206/1206 1205/1205/1205 1203/1203/1203
f 1209/1209/1209 1208/1208/1208 1207/1207/1207
f 1210/1210/1210 1209/1209/1209 1207/1207/1207
f 1213/1213/1213 1212/1212/1212 1211/1211/1211
f 1214/1214/1214 1213/1213/1213 1211/1211/1211
f 1217/1217/1217 1216/1216/1216 1215/1215/1215
f 1218/1218/1218 1217/1217/1217 1215/1215/1215
f 1221/1221/1221 1220/1220/1220 1219/1219/1219
f 1222/1222/1222 1221/1221/1221 1219/1219/1219
f 1225/1225/1225 1224/1224/1224 1223/1223/1223
f 1226/1226/1226 1225/1225/1225 1223/1223/1223
f 1229/1229/1229 1228/1228/1228 1227/1227/1227
f 1230/1230/1230 1229/1229/1229 1227/1227/1227
f 1233/1233/1233 1232/1232/1232 1231/1231/1231
f 1234/1234/1234 1233/1233/1233 1231/1231/1231
f 1237/1237/1237 1236/1236/1236 1235/1235/1235
f 1238/1238/1238 1237/1237/1237 1235/1235/1235
f 1241/1241/1241 1240/1240/1240 1239/1239/1239
f 1242/1242/1242 1241/1241/1241 1239/1239/1239
f 1245/1245/1245 1244/1244/1244 1243/1243/1243
f 1246/1246/1246 1245/1245/1245 1243/1243/1243
f 1249/1249/1249 1248/1248/1248 1247/1247/1247
f 1250/1250/1250 1249/1249/1249 1247/1247/1247
f 1253/1253/1253 1252/1252/1252 1251/1251/1251
f 1254/1254/1254 1253/1253/1253 1251/1251/1251
f 1257/1257/1257 1256/1256/1256 1255/1255/1255
f 1258/1258/1258 1257/1257/1257 1255/1255/1255
f 1261/1261/1261 1260/1260/1260 1259/1259/1259
f 1262/1262/1262 1261/1261/1261 1259/1259/1259
f 1265/1265/1265 1264/1264/1264 1263/1263/1263
f 1266/1266/1266 1265/1265/1265 1263/1263/1263
f 1269/1269/1269 1268/1268/1268 1267/1267/1267
f 1270/1270/1270 1269/1269/1269 1267/1267/1267
f 1273/1273/1273 1272/1272/1272 1271/1271/1271
f 1274/1274/1274 1273/1273/1273 1271/1271/1271
f 1277/1277/1277 1276/1276/1276 1275/1275/1275
f 1278/1278/1278 1277/1277/1277 1275/1275/1275
f 1281/1281/1281 1280/1280/1280 1279/1279/1279
f 1282/1282/1282 1281/1281/1281 1279/1279/1279
f 1285/1285/1285 1284/1284/1284 1283/1283/1283
f 1286/1286/1286 1285/1285/1285 1283/1283/1283
f 1289/1289/1289 1288/1288/1288 1287/1287/1287
f 1290/1290/1290 1289/1289/1289 1287/1287/1287
f 1293/1293/1293 1292/1292/1292 1291/1291/1291
f 1294/1294/1294 1293/1293/1293 1291/1291/1291
f 1297/1297/1297 1296/1296/1296 1295/1295/1295
f 1298/1298/1298 1297/1297/1297 1295/1295/1295
f 1301/1301/1301 1300/1300/1300 1299/1299/1299
f 1302/1302/1302 1301/1301/1301 1299/1299/1299
f 1305/1305/1305 1304/1304/1304 1303/1303/1303
f 1303/1303/1303 1306/1306/1306 1305/1305/1305
f 1306/1306/1306 1307/1307/1307 1305/1305/1305
f 1306/1306/1306 1308/1308/1308 1307/1307/1307
f 1308/1308/1308 1309/1309/1309 1307/1307/1307
f 1308/1308/1308 1310/1310/1310 1309/1309/1309
f 1313/1313/1313 1312/1312/1312 1311/1311/1311
f 1311/1311/1311 1314/1314/1314 1313/1313/1313
f 1314/1314/1314 1315/1315/1315 1313/1313/1313
f 1314/1314/1314 1316/1316/1316 1315/1315/1315
f 1316/1316/1316 1317/1317/1317 1315/1315/1315
f 1316/1316/1316 1318/1318/1318 1317/1317/1317
f 1321/1321/1321 1320/1320/1320 1319/1319/1319
f 1322/1322/1322 1321/1321/1321 1319/1319/1319
f 1325/1325/1325 1324/1324/1324 1323/1323/1323
f 1326/1326/1326 1325/1325/1325 1323/1323/1323
f 1329/1329/1329 1328/1328/1328 1327/1327/1327
f 1330/1330/1330 1329/1329/1329 1327/1327/1327
f 1333/1333/1333 1332/1332/1332 1331/1331/1331
f 1334/1334/1334 1333/1333/1333 1331/1331/1331
f 1337/1337/1337 1336/1336/1336 1335/1335/1335
f 1338/1338/1338 1337/1337/1337 1335/1335/1335
f 1341/1341/1341 1340/1340/1340 1339/1339/1339
f 1339/1339/1339 1342/1342/1342 1341/1341/1341
f 1339/1339/1339 1343/1343/1343 1342/1342/1342
f 1343/1343/1343 1344/1344/1344 1342/1342/1342
f 1343/1343/1343 1345/1345/1345 1344/1344/1344
f 1345/1345/1345 1346/1346/1346 1344/1344/1344
f 1349/1349/1349 1348/1348/1348 1347/1347/1347
f 1347/1347/1347 1350/1350/1350 1349/1349/1349
f 1347/1347/1347 1351/1351/1351 1350/1350/1350
f 1351/1351/1351 1352/1352/1352 1350/1350/1350
f 1351/1351/1351 1353/1353/1353 1352/1352/1352
f 1353/1353/1353 1354/1354/1354 1352/1352/1352
f 1357/1357/1357 1356/1356/1356 1355/1355/1355
f 1358/1358/1358 1357/1357/1357 1355/1355/1355
f 1361/1361/1361 1360/1360/1360 1359/1359/1359
f 1362/1362/1362 1361/1361/1361 1359/1359/1359
f 1365/1365/1365 1364/1364/1364 1363/1363/1363
f 1363/1363/1363 1366/1366/1366 1365/1365/1365
f 1363/1363/1363 1367/1367/1367 1366/1366/1366
f 1370/1370/1370 1369/1369/1369 1368/1368/1368
f 1368/1368/1368 1371/1371/1371 1370/1370/1370
f 1368/1368/1368 1372/1372/1372 1371/1371/1371
f 1375/1375/1375 1374/1374/1374 1373/1373/1373
f 1373/1373/1373 1376/1376/1376 1375/1375/1375
f 1376/1376/1376 1377/1377/1377 1375/1375/1375
f 1376/1376/1376 1378/1378/1378 1377/1377/1377
f 1378/1378/1378 1376/1376/1376 1379/1379/1379
f 1377/1377/1377 1378/1378/1378 1380/1380/1380
f 1381/1381/1381 1378/1378/1378 1379/1379/1379
f 1381/1381/1381 1379/1379/1379 1382/1382/1382
f 1382/1382/1382 1383/1383/1383 1381/1381/1381
f 1380/1380/1380 1384/1384/1384 1377/1377/1377
f 1380/1380/1380 1385/1385/1385 1384/1384/1384
f 1385/1385/1385 1386/1386/1386 1384/1384/1384
f 1389/1389/1389 1388/1388/1388 1387/1387/1387
f 1390/1390/1390 1389/1389/1389 1387/1387/1387
f 1393/1393/1393 1392/1392/1392 1391/1391/1391
f 1394/1394/1394 1393/1393/1393 1391/1391/1391
f 1397/1397/1397 1396/1396/1396 1395/1395/1395
f 1398/1398/1398 1397/1397/1397 1395/1395/1395
f 1401/1401/1401 1400/1400/1400 1399/1399/1399
f 1402/1402/1402 1401/1401/1401 1399/1399/1399
f 1405/1405/1405 1404/1404/1404 1403/1403/1403
f 1406/1406/1406 1405/1405/1405 1403/1403/1403
f 1409/1409/1409 1408/1408/1408 1407/1407/1407
f 1410/1410/1410 1409/1409/1409 1407/1407/1407
f 1413/1413/1413 1412/1412/1412 1411/1411/1411
f 1414/1414/1414 1413/1413/1413 1411/1411/1411
f 1417/1417/1417 1416/1416/1416 1415/1415/1415
f 1418/1418/1418 1417/1417/1417 1415/1415/1415
f 1421/1421/1421 1420/1420/1420 1419/1419/1419
f 1422/1422/1422 1421/1421/1421 1419/1419/1419
f 1425/1425/1425 1424/1424/1424 1423/1423/1423
f 1426/1426/1426 1425/1425/1425 1423/1423/1423
f 1429/1429/1429 1428/1428/1428 1427/1427/1427
f 1430/1430/1430 1429/1429/1429 1427/1427/1427
f 1433/1433/1433 1432/1432/1432 1431/1431/1431
f 1434/1434/1434 1433/1433/1433 1431/1431/1431
f 1437/1437/1437 1436/1436/1436 1435/1435/1435
f 1438/1438/1438 1437/1437/1437 1435/1435/1435
f 1441/1441/1441 1440/1440/1440 1439/1439/1439
f 1442/1442/1442 1441/1441/1441 1439/1439/1439
f 1445/1445/1445 1444/1444/1444 1443/1443/1443
f 1446/1446/1446 1445/1445/1445 1443/1443/1443
f 1449/1449/1449 1448/1448/1448 1447/1447/1447
f 1450/1450/1450 1449/1449/1449 1447/1447/1447
f 1453/1453/1453 1452/1452/1452 1451/1451/1451
f 1454/1454/1454 1453/1453/1453 1451/1451/1451
f 1457/1457/1457 1456/1456/1456 1455/1455/1455
f 1458/1458/1458 1457/1457/1457 1455/1455/1455
f 1461/1461/1461 1460/1460/1460 1459/1459/1459
f 1462/1462/1462 1461/1461/1461 1459/1459/1459
f 1465/1465/1465 1464/1464/1464 1463/1463/1463
f 1466/1466/1466 1465/1465/1465 1463/1463/1463
f 1469/1469/1469 1468/1468/1468 1467/1467/1467
f 1470/1470/1470 1469/1469/1469 1467/1467/1467
f 1473/1473/1473 1472/1472/1472 1471/1471/1471
f 1474/1474/1474 1473/1473/1473 1471/1471/1471
f 1477/1477/1477 1476/1476/1476 1475/1475/1475
f 1478/1478/1478 1477/1477/1477 1475/1475/1475
f 1481/1481/1481 1480/1480/1480 1479/1479/1479
f 1482/1482/1482 1481/1481/1481 1479/1479/1479
f 1485/1485/1485 1484/1484/1484 1483/1483/1483
f 1486/1486/1486 1485/1485/1485 1483/1483/1483
f 1489/1489/1489 1488/1488/1488 1487/1487/1487
f 1490/1490/1490 1489/1489/1489 1487/1487/1487
f 1493/1493/1493 1492/1492/1492 1491/1491/1491
f 1494/1494/1494 1493/1493/1493 1491/1491/1491
f 1497/1497/1497 1496/1496/1496 1495/1495/1495
f 1498/1498/1498 1497/1497/1497 1495/1495/1495
f 1501/1501/1501 1500/1500/1500 1499/1499/1499
f 1499/1499/1499 1502/1502/1502 1501/1501/1501
f 1499/1499/1499 1503/1503/1503 1502/1502/1502
f 1506/1506/1506 1505/1505/1505 1504/1504/1504
f 1507/1507/1507 1506/1506/1506 1504/1504/1504
f 1510/1510/1510 1509/1509/1509 1508/1508/1508
f 1511/1511/1511 1510/1510/1510 1508/1508/1508
f 1514/1514/1514 1513/1513/1513 1512/1512/1512
f 1515/1515/1515 1514/1514/1514 1512/1512/1512
f 1518/1518/1518 1517/1517/1517 1516/1516/1516
f 1519/1519/1519 1518/1518/1518 1516/1516/1516
f 1522/1522/1522 1521/1521/1521 1520/1520/1520
f 1523/1523/1523 1522/1522/1522 1520/1520/1520
f 1526/1526/1526 1525/1525/1525 1524/1524/1524
f 1527/1527/1527 1526/1526/1526 1524/1524/1524
f 1530/1530/1530 1529/1529/1529 1528/1528/1528
f 1531/1531/1531 1530/1530/1530 1528/1528/1528
f 1534/1534/1534 1533/1533/1533 1532/1532/1532
f 1535/1535/1535 1534/1534/1534 1532/1532/1532
f 1538/1538/1538 1537/1537/1537 1536/1536/1536
f 1539/1539/1539 1538/1538/1538 1536/1536/1536
f 1542/1542/1542 1541/1541/1541 1540/1540/1540
f 1543/1543/1543 1542/1542/1542 1540/1540/1540
f 1546/1546/1546 1545/1545/1545 1544/1544/1544
f 1547/1547/1547 1546/1546/1546 1544/1544/1544
f 1550/1550/1550 1549/1549/1549 1548/1548/1548
f 1551/1551/1551 1550/1550/1550 1548/1548/1548
f 1554/1554/1554 1553/1553/1553 1552/1552/1552
f 1555/1555/1555 1554/1554/1554 1552/1552/1552
f 1558/1558/1558 1557/1557/1557 1556/1556/1556
f 1559/1559/1559 1558/1558/1558 1556/1556/1556
f 1562/1562/1562 1561/1561/1561 1560/1560/1560
f 1563/1563/1563 1562/1562/1562 1560/1560/1560
f 1566/1566/1566 1565/1565/1565 1564/1564/1564
f 1567/1567/1567 1566/1566/1566 1564/1564/1564
f 1570/1570/1570 1569/1569/1569 1568/1568/1568
f 1571/1571/1571 1570/1570/1570 1568/1568/1568
f 1574/1574/1574 1573/1573/1573 1572/1572/1572
f 1575/1575/1575 1574/1574/1574 1572/1572/1572
f 1578/1578/1578 1577/1577/1577 1576/1576/1576
f 1579/1579/1579 1578/1578/1578 1576/1576/1576
f 1582/1582/1582 1581/1581/1581 1580/1580/1580
f 1583/1583/1583 1582/1582/1582 1580/1580/1580
f 1586/1586/1586 1585/1585/1585 1584/1584/1584
f 1587/1587/1587 1586/1586/1586 1584/1584/1584
f 1590/1590/1590 1589/1589/1589 1588/1588/1588
f 1591/1591/1591 1590/1590/1590 1588/1588/1588
f 1594/1594/1594 1593/1593/1593 1592/1592/1592
f 1595/1595/1595 1594/1594/1594 1592/1592/1592
f 1598/1598/1598 1597/1597/1597 1596/1596/1596
f 1599/1599/1599 1598/1598/1598 1596/1596/1596
f 1602/1602/1602 1601/1601/1601 1600/1600/1600
f 1600/1600/1600 1603/1603/1603 1602/1602/1602
f 1603/1603/1603 1604/1604/1604 1602/1602/1602
f 1607/1607/1607 1606/1606/1606 1605/1605/1605
f 1608/1608/1608 1607/1607/1607 1605/1605/1605
f 1611/1611/1611 1610/1610/1610 1609/1609/1609
f 1612/1612/1612 1611/1611/1611 1609/1609/1609
f 1615/1615/1615 1614/1614/1614 1613/1613/1613
f 1616/1616/1616 1615/1615/1615 1613/1613/1613
f 1619/1619/1619 1618/1618/1618 1617/1617/1617
f 1620/1620/1620 1619/1619/1619 1617/1617/1617
f 1623/1623/1623 1622/1622/1622 1621/1621/1621
f 1624/1624/1624 1623/1623/1623 1621/1621/1621
f 1627/1627/1627 1626/1626/1626 1625/1625/1625
f 1628/1628/1628 1627/1627/1627 1625/1625/1625
f 1631/1631/1631 1630/1630/1630 1629/1629/1629
f 1632/1632/1632 1631/1631/1631 1629/1629/1629
f 1635/1635/1635 1634/1634/1634 1633/1633/1633
f 1636/1636/1636 1635/1635/1635 1633/1633/1633
f 1639/1639/1639 1638/1638/1638 1637/1637/1637
f 1640/1640/1640 1639/1639/1639 1637/1637/1637
f 1643/1643/1643 1642/1642/1642 1641/1641/1641
f 1644/1644/1644 1643/1643/1643 1641/1641/1641
f 1647/1647/1647 1646/1646/1646 1645/1645/1645
f 1648/1648/1648 1647/1647/1647 1645/1645/1645
f 1651/1651/1651 1650/1650/1650 1649/1649/1649
f 1652/1652/1652 1651/1651/1651 1649/1649/1649
f 1655/1655/1655 1654/1654/1654 1653/1653/1653
f 1656/1656/1656 1655/1655/1655 1653/1653/1653
f 1659/1659/1659 1658/1658/1658 1657/1657/1657
f 1660/1660/1660 1659/1659/1659 1657/1657/1657
f 1663/1663/1663 1662/1662/1662 1661/1661/1661
f 1664/1664/1664 1663/1663/1663 1661/1661/1661
f 1667/1667/1667 1666/1666/1666 1665/1665/1665
f 1668/1668/1668 1667/1667/1667 1665/1665/1665
f 1671/1671/1671 1670/1670/1670 1669/1669/1669
f 1672/1672/1672 1671/1671/1671 1669/1669/1669
f 1675/1675/1675 1674/1674/1674 1673/1673/1673
f 1676/1676/1676 1675/1675/1675 1673/1673/1673
f 1679/1679/1679 1678/1678/1678 1677/1677/1677
f 1677/1677/1677 1680/1680/1680 1679/1679/1679
f 1679/1679/1679 1681/1681/1681 1678/1678/1678
f 1682/1682/1682 1679/1679/1679 1680/1680/1680
f 1679/1679/1679 1683/1683/1683 1681/1681/1681
f 1684/1684/1684 1682/1682/1682 1680/1680/1680
f 1685/1685/1685 1682/1682/1682 1684/1684/1684
f 1686/1686/1686 1685/1685/1685 1684/1684/1684
f 1687/1687/1687 1685/1685/1685 1686/1686/1686
f 1688/1688/1688 1687/1687/1687 1686/1686/1686
f 1689/1689/1689 1687/1687/1687 1688/1688/1688
f 1690/1690/1690 1689/1689/1689 1688/1688/1688
f 1681/1681/1681 1683/1683/1683 1691/1691/1691
f 1683/1683/1683 1692/1692/1692 1691/1691/1691
f 1693/1693/1693 1689/1689/1689 1690/1690/1690
f 1692/1692/1692 1693/1693/1693 1691/1691/1691
f 1694/1694/1694 1693/1693/1693 1690/1690/1690
f 1693/1693/1693 1694/1694/1694 1691/1691/1691
f 1697/1697/1697 1696/1696/1696 1695/1695/1695
f 1696/1696/1696 1697/1697/1697 1698/1698/1698
f 1696/1696/1696 1699/1699/1699 1695/1695/1695
f 1700/1700/1700 1696/1696/1696 1698/1698/1698
f 1695/1695/1695 1699/1699/1699 1701/1701/1701
f 1702/1702/1702 1700/1700/1700 1698/1698/1698
f 1699/1699/1699 1703/1703/1703 1701/1701/1701
f 1704/1704/1704 1702/1702/1702 1698/1698/1698
f 1701/1701/1701 1703/1703/1703 1705/1705/1705
f 1706/1706/1706 1702/1702/1702 1704/1704/1704
f 1703/1703/1703 1707/1707/1707 1705/1705/1705
f 1708/1708/1708 1706/1706/1706 1704/1704/1704
f 1705/1705/1705 1707/1707/1707 1709/1709/1709
f 1710/1710/1710 1706/1706/1706 1708/1708/1708
f 1709/1709/1709 1710/1710/1710 1708/1708/1708
f 1707/1707/1707 1710/1710/1710 1709/1709/1709
f 1713/1713/1713 1712/1712/1712 1711/1711/1711
f 1714/1714/1714 1713/1713/1713 1711/1711/1711
f 1712/1712/1712 1715/1715/1715 1711/1711/1711
f 1716/1716/1716 1714/1714/1714 1711/1711/1711
f 1715/1715/1715 1712/1712/1712 1717/1717/1717
f 1718/1718/1718 1714/1714/1714 1716/1716/1716
f 1712/1712/1712 1719/1719/1719 1717/1717/1717
f 1720/1720/1720 1718/1718/1718 1716/1716/1716
f 1717/1717/1717 1719/1719/1719 1721/1721/1721
f 1722/1722/1722 1718/1718/1718 1720/1720/1720
f 1719/1719/1719 1723/1723/1723 1721/1721/1721
f 1724/1724/1724 1722/1722/1722 1720/1720/1720
f 1721/1721/1721 1723/1723/1723 1725/1725/1725
f 1726/1726/1726 1722/1722/1722 1724/1724/1724
f 1725/1725/1725 1726/1726/1726 1724/1724/1724
f 1723/1723/1723 1726/1726/1726 1725/1725/1725
f 1729/1729/1729 1728/1728/1728 1727/1727/1727
f 1728/1728/1728 1730/1730/1730 1727/1727/1727
f 1729/1729/1729 1727/1727/1727 1731/1731/1731
f 1728/1728/1728 1732/1732/1732 1730/1730/1730
f 1733/1733/1733 1729/1729/1729 1731/1731/1731
f 1732/1732/1732 1734/1734/1734 1730/1730/1730
f 1733/1733/1733 1731/1731/1731 1734/1734/1734
f 1732/1732/1732 1733/1733/1733 1734/1734/1734
f 1737/1737/1737 1736/1736/1736 1735/1735/1735
f 1736/1736/1736 1738/1738/1738 1735/1735/1735
f 1737/1737/1737 1735/1735/1735 1739/1739/1739
f 1736/1736/1736 1740/1740/1740 1738/1738/1738
f 1741/1741/1741 1737/1737/1737 1739/1739/1739
f 1740/1740/1740 1742/1742/1742 1738/1738/1738
f 1741/1741/1741 1739/1739/1739 1742/1742/1742
f 1740/1740/1740 1741/1741/1741 1742/1742/1742
f 1745/1745/1745 1744/1744/1744 1743/1743/1743
f 1746/1746/1746 1745/1745/1745 1743/1743/1743
f 1743/1743/1743 1744/1744/1744 1747/1747/1747
f 1748/1748/1748 1745/1745/1745 1746/1746/1746
f 1744/1744/1744 1749/1749/1749 1747/1747/1747
f 1750/1750/1750 1748/1748/1748 1746/1746/1746
f 1747/1747/1747 1749/1749/1749 1750/1750/1750
f 1749/1749/1749 1748/1748/1748 1750/1750/1750
f 1753/1753/1753 1752/1752/1752 1751/1751/1751
f 1754/1754/1754 1753/1753/1753 1751/1751/1751
f 1751/1751/1751 1752/1752/1752 1755/1755/1755
f 1756/1756/1756 1753/1753/1753 1754/1754/1754
f 1752/1752/1752 1757/1757/1757 1755/1755/1755
f 1758/1758/1758 1756/1756/1756 1754/1754/1754
f 1755/1755/1755 1757/1757/1757 1758/1758/1758
f 1757/1757/1757 1756/1756/1756 1758/1758/1758
f 1761/1761/1761 1760/1760/1760 1759/1759/1759
f 1762/1762/1762 1761/1761/1761 1759/1759/1759
f 1759/1759/1759 1760/1760/1760 1763/1763/1763
f 1764/1764/1764 1761/1761/1761 1762/1762/1762
f 1760/1760/1760 1765/1765/1765 1763/1763/1763
f 1766/1766/1766 1764/1764/1764 1762/1762/1762
f 1763/1763/1763 1765/1765/1765 1766/1766/1766
f 1765/1765/1765 1764/1764/1764 1766/1766/1766
f 1769/1769/1769 1768/1768/1768 1767/1767/1767
f 1770/1770/1770 1769/1769/1769 1767/1767/1767
f 1767/1767/1767 1768/1768/1768 1771/1771/1771
f 1772/1772/1772 1769/1769/1769 1770/1770/1770
f 1768/1768/1768 1773/1773/1773 1771/1771/1771
f 1774/1774/1774 1772/1772/1772 1770/1770/1770
f 1771/1771/1771 1773/1773/1773 1774/1774/1774
f 1773/1773/1773 1772/1772/1772 1774/1774/1774
f 1777/1777/1777 1776/1776/1776 1775/1775/1775
f 1778/1778/1778 1777/1777/1777 1775/1775/1775
f 1775/1775/1775 1776/1776/1776 1779/1779/1779
f 1780/1780/1780 1777/1777/1777 1778/1778/1778
f 1776/1776/1776 1781/1781/1781 1779/1779/1779
f 1782/1782/1782 1780/1780/1780 1778/1778/1778
f 1779/1779/1779 1781/1781/1781 1782/1782/1782
f 1781/1781/1781 1780/1780/1780 1782/1782/1782
f 1785/1785/1785 1784/1784/1784 1783/1783/1783
f 1786/1786/1786 1785/1785/1785 1783/1783/1783
f 1783/1783/1783 1784/1784/1784 1787/1787/1787
f 1788/1788/1788 1785/1785/1785 1786/1786/1786
f 1784/1784/1784 1789/1789/1789 1787/1787/1787
f 1790/1790/1790 1788/1788/1788 1786/1786/1786
f 1787/1787/1787 1789/1789/1789 1790/1790/1790
f 1789/1789/1789 1788/1788/1788 1790/1790/1790
f 1793/1793/1793 1792/1792/1792 1791/1791/1791
f 1794/1794/1794 1793/1793/1793 1791/1791/1791
f 1791/1791/1791 1792/1792/1792 1795/1795/1795
f 1796/1796/1796 1793/1793/1793 1794/1794/1794
f 1792/1792/1792 1797/1797/1797 1795/1795/1795
f 1798/1798/1798 1796/1796/1796 1794/1794/1794
f 1795/1795/1795 1797/1797/1797 1798/1798/1798
f 1797/1797/1797 1796/1796/1796 1798/1798/1798
f 1801/1801/1801 1800/1800/1800 1799/1799/1799
f 1802/1802/1802 1801/1801/1801 1799/1799/1799
f 1799/1799/1799 1800/1800/1800 1803/1803/1803
f 1804/1804/1804 1801/1801/1801 1802/1802/1802
f 1800/1800/1800 1805/1805/1805 1803/1803/1803
f 1806/1806/1806 1804/1804/1804 1802/1802/1802
f 1803/1803/1803 1805/1805/1805 1806/1806/1806
f 1805/1805/1805 1804/1804/1804 1806/1806/1806
f 1809/1809/1809 1808/1808/1808 1807/1807/1807
f 1810/1810/1810 1809/1809/1809 1807/1807/1807
f 1807/1807/1807 1808/1808/1808 1811/1811/1811
f 1812/1812/1812 1809/1809/1809 1810/1810/1810
f 1808/1808/1808 1813/1813/1813 1811/1811/1811
f 1814/1814/1814 1812/1812/1812 1810/1810/1810
f 1811/1811/1811 1813/1813/1813 1814/1814/1814
f 1813/1813/1813 1812/1812/1812 1814/1814/1814
f 1817/1817/1817 1816/1816/1816 1815/1815/1815
f 1818/1818/1818 1817/1817/1817 1815/1815/1815
f 1815/1815/1815 1816/1816/1816 1819/1819/1819
f 1820/1820/1820 1817/1817/1817 1818/1818/1818
f 1816/1816/1816 1821/1821/1821 1819/1819/1819
f 1822/1822/1822 1820/1820/1820 1818/1818/1818
f 1819/1819/1819 1821/1821/1821 1822/1822/1822
f 1821/1821/1821 1820/1820/1820 1822/1822/1822
