g House
v -1.9690454 8.036969 6.9276505
v -1.5119222 8.240652 6.9276505
v -1.5119222 8.106012 3.5032816
v 2.0501668 8.106012 -0.05880782
v 5.474523 8.240652 -0.05880782
v 5.474523 8.036969 -0.51594436
v -1.0602218 9.192303 -3.6208563
v 2.7683327 5.846554 -4.339022
v -1.0612521 9.193411 -0.5094644
v -8.498366 8.240652 -0.058794267
v -5.073903 8.106012 -0.058794267
v -8.498366 8.036969 -0.5159309
v 2.2066627 9.19115 0.39397717
v 2.7683327 5.846554 4.221461
v -1.0612521 9.193411 0.39188945
v -5.7921233 5.846554 4.221461
v -1.9625925 9.193411 0.39188945
v -1.9636227 9.192303 3.5032816
v -5.0740113 9.192303 -0.51049465
v -5.792177 5.846554 -4.339022
v -1.9625925 9.193411 -0.5094644
v -5.0740113 9.192303 0.39291972
v -1.9625925 9.193411 0.39188945
v -5.7921233 5.846554 4.221461
v -1.0602218 9.192303 3.5032678
v -1.0612521 9.193411 0.39188945
v 2.7683327 5.846554 4.221461
v 2.0501668 8.106012 -0.05880782
v 5.474523 8.036969 0.39832872
v 5.474523 8.240652 -0.05880782
v 2.7683327 5.846554 -4.339022
v 2.2066627 9.191152 -0.5115793
v -1.0612521 9.193411 -0.5094644
v -1.9625925 9.193411 -0.5094644
v -5.792177 5.846554 -4.339022
v -1.9636227 9.192303 -3.6208563
v -1.5119222 8.106012 -3.620843
v -1.5119222 8.240652 -7.0452523
v -1.9690454 8.036969 -7.0452523
v 0.98154014 5.846554 -3.620843
v 2.7683327 5.846554 -4.339022
v 1.039128 5.788496 -5.4548388
v 2.0501668 5.846554 -2.5522566
v 2.7683327 5.846554 -4.339022
v 3.884136 5.788496 -2.6098442
v -5.073903 8.106012 -0.058794267
v -8.498366 8.240652 -0.058794267
v -8.498366 8.036966 0.3983423
v -1.5119222 8.240652 6.9276505
v -1.0547451 8.036969 6.9276505
v -1.5119222 8.106012 3.5032816
v -1.5119222 8.106012 -3.620843
v -1.0547451 8.036969 -7.0452523
v -1.5119222 8.240652 -7.0452523
v -7.3649945 0.8350471 2.7913375
v -7.3649945 6.3051972 2.7913375
v -4.362081 6.3051972 2.7913375
v -4.362081 0.8350471 2.7913375
v 1.3382372 0.8350471 5.7942777
v 1.3382372 6.3051972 5.7942777
v 1.3381829 6.3051972 2.7913375
v 1.3381829 0.8350471 2.7913375
v -1.5119222 0.8350471 -5.9118805
v -4.362081 6.3051972 -5.9118805
v -4.362081 0.8350471 -5.9118805
v -1.5119222 8.41542 -5.9118805
v 1.3382372 0.8350471 -5.9118805
v 1.3382372 6.3051972 -5.9118805
v -4.362081 0.8350471 -5.9118805
v -4.362081 6.3051972 -5.9118805
v -4.362081 6.3051972 -2.9089267
v -4.362081 0.8350471 -2.9089267
v 1.3381829 0.8350471 2.7913375
v 1.3381829 6.3051972 2.7913375
v 4.3411508 6.3051972 2.7913375
v 4.3411508 0.8350471 2.7913375
v -4.362081 0.8350471 -2.9089267
v -4.362081 6.3051972 -2.9089267
v -7.3649945 6.3051972 -2.90894
v -7.3649945 0.8350471 -2.90894
v -1.5119222 0.8350471 5.7942777
v 1.3382372 6.3051972 5.7942777
v 1.3382372 0.8350471 5.7942777
v -1.5119222 8.41542 5.7942777
v -4.362081 0.8350471 5.7942777
v -4.362081 6.3051972 5.7942777
v 4.3411508 1.1057068 -0.05880782
v 4.3411508 6.3051972 -2.90894
v 4.3411508 0.8350471 -2.90894
v 4.3411508 8.41542 -0.05880782
v 4.3411508 0.8350471 2.7913375
v 4.3411508 6.3051972 2.7913375
v 4.3411508 0.8350471 -2.90894
v 4.3411508 6.3051972 -2.90894
v 1.3382372 6.3051972 -2.9089267
v 1.3382372 0.8350471 -2.9089267
v -7.3649945 0.8350471 -0.058794267
v -7.3649945 6.3051972 2.7913375
v -7.3649945 0.8350471 2.7913375
v -7.3649945 8.41542 -0.058794267
v -7.3649945 0.8350471 -2.90894
v -7.3649945 6.3051972 -2.90894
v -4.362081 0.8350471 2.7913375
v -4.362081 6.3051972 2.7913375
v -4.362081 6.3051972 5.7942777
v -4.362081 0.8350471 5.7942777
v 1.3382372 0.8350471 -2.9089267
v 1.3382372 6.3051972 -2.9089267
v 1.3382372 6.3051972 -5.9118805
v 1.3382372 0.8350471 -5.9118805
v -8.498366 5.846554 3.5032816
v -8.49842 5.846554 2.4346411
v -8.498366 8.036966 0.3983423
v -8.498366 9.188889 0.39609194
v -8.498366 9.391565 -0.058794267
v -8.498366 8.240652 -0.058794267
v -8.498366 9.188889 -0.51368046
v -8.498366 8.036969 -0.5159309
v -8.498366 5.846554 -2.5522432
v -8.498366 5.846554 -3.6208696
v 2.0501668 5.846554 6.9276505
v 0.98154014 5.846554 6.9276505
v -1.0547451 8.036969 6.9276505
v -1.0570223 9.188889 6.9276505
v -1.5119222 9.391565 6.9276505
v -1.5119222 8.240652 6.9276505
v -1.9667678 9.188889 6.9276505
v -1.9690454 8.036969 6.9276505
v -4.0053844 5.846554 6.9276505
v -5.0740113 5.846554 6.9276505
v -5.792177 5.846554 -4.339022
v -5.0740113 5.846554 -7.045239
v -1.9667678 9.188889 -7.045239
v -1.9636227 9.192303 -3.6208563
v 5.474523 5.846554 -3.620883
v 5.474523 5.846554 -2.5522566
v 5.474523 8.036969 -0.51594436
v 5.474523 9.188889 -0.51368046
v 5.474523 9.391565 -0.05880782
v 5.474523 8.240652 -0.05880782
v 5.474523 9.188889 0.3960784
v 5.474523 8.036969 0.39832872
v 5.474523 5.846554 2.4346411
v 5.474523 5.846554 3.5032678
v -1.0570223 9.188889 -7.045239
v 0.98154014 5.846554 -7.0452523
v 2.0501668 5.846554 -7.045239
v -1.0547451 8.036969 -7.0452523
v -1.5119222 8.240652 -7.0452523
v -1.5119222 9.391565 -7.045239
v -1.9690454 8.036969 -7.0452523
v -1.9667678 9.188889 -7.045239
v -5.0740113 5.846554 -7.045239
v -4.0053844 5.846554 -7.0452523
v -8.498366 9.188889 -0.51368046
v -8.498366 5.846554 -3.6208696
v -5.792177 5.846554 -4.339022
v -5.0740113 9.192303 -0.51049465
v -8.498366 5.846554 -2.5522432
v -8.498366 8.036969 -0.5159309
v -5.073903 8.106012 -0.058794267
v -5.073903 5.846554 -2.5522432
v -1.0602218 9.192303 -3.6208563
v -1.0570223 9.188889 -7.045239
v 2.0501668 5.846554 -7.045239
v 2.7683327 5.846554 -4.339022
v -1.0602218 9.192303 -3.6208563
v -1.5119222 9.391565 -7.045239
v -1.0570223 9.188889 -7.045239
v -1.5119222 9.393566 -3.6208563
v -1.9667678 9.188889 -7.045239
v -1.9636227 9.192303 -3.6208563
v -1.0612521 9.193411 -0.5094644
v -1.5119222 9.393566 -3.6208563
v -1.0602218 9.192303 -3.6208563
v -1.5119222 9.394215 -0.5094644
v -1.5119222 9.446246 -0.058794267
v -1.9636227 9.192303 -3.6208563
v -1.9625925 9.193411 -0.5094644
v -1.0612521 9.394215 -0.058794267
v 2.2066627 9.191152 -0.5115793
v 2.2066627 9.392889 -0.058794267
v 5.474523 9.188889 -0.51368046
v 5.474523 9.391565 -0.05880782
v 2.2066627 9.19115 0.39397717
v 5.474523 9.188889 0.3960784
v -1.0612521 9.193411 0.39188945
v -1.5119222 9.394215 0.39188945
v -1.0602218 9.192303 3.5032678
v -1.5119222 9.393566 3.5032816
v -1.9625925 9.193411 0.39188945
v -1.9636227 9.192303 3.5032816
v -1.9625925 9.394215 -0.058780707
v -5.0740113 9.192303 0.39291972
v -5.0740113 9.393566 -0.058780707
v -5.0740113 9.192303 -0.51049465
v 5.474523 8.036969 0.39832872
v 2.0501668 8.106012 -0.05880782
v 2.0501668 5.846554 2.4346411
v 5.474523 5.846554 2.4346411
v 3.884136 5.788496 2.4922154
v 5.474523 5.846554 -2.5522566
v 3.884136 5.788496 -2.6098442
v 2.0501668 5.846554 -2.5522566
v 5.474523 8.036969 -0.51594436
v 2.0501668 8.106012 -0.05880782
v -1.5119222 8.106012 -3.620843
v -1.9690454 8.036969 -7.0452523
v -4.0053844 5.846554 -7.0452523
v -4.0629187 5.788496 -5.4548388
v -4.0053844 5.846554 -3.620843
v 1.039128 5.788496 -5.4548388
v 0.98154014 5.846554 -7.0452523
v -1.0547451 8.036969 -7.0452523
v -1.5119222 8.106012 -3.620843
v 0.98154014 5.846554 -3.620843
v -4.0053844 5.846554 6.9276505
v -1.9690454 8.036969 6.9276505
v -1.5119222 8.106012 3.5032816
v -4.0053844 5.846554 3.5032816
v -1.0547451 8.036969 6.9276505
v 0.98154014 5.846554 6.9276505
v 0.98154014 5.846554 3.5032816
v -1.5119222 8.106012 3.5032816
v -4.0053844 5.846554 6.9276505
v -5.7921233 5.846554 4.221461
v -5.0740113 5.846554 6.9276505
v -4.0053844 5.846554 3.5032816
v -5.073957 5.846554 2.4346411
v -8.49842 5.846554 2.4346411
v -8.498366 5.846554 3.5032816
v -4.0629187 5.788496 -5.4548388
v -5.792177 5.846554 -4.339022
v -4.0053844 5.846554 -3.620843
v -5.073903 5.846554 -2.5522432
v -8.498366 5.846554 -2.5522432
v -8.498366 5.846554 -3.6208696
v 2.7683327 5.846554 4.221461
v 0.98154014 5.846554 6.9276505
v 2.0501668 5.846554 6.9276505
v 0.98154014 5.846554 3.5032816
v 2.0501668 5.846554 2.4346411
v 3.884136 5.788496 2.4922154
v 3.884136 5.788496 2.4922154
v 5.474523 5.846554 3.5032678
v 5.474523 5.846554 2.4346411
v -1.9636227 9.192303 3.5032816
v -1.5119222 9.391565 6.9276505
v -1.9667678 9.188889 6.9276505
v -1.5119222 9.393566 3.5032816
v -1.0570223 9.188889 6.9276505
v -1.0602218 9.192303 3.5032678
v -1.0602218 9.192303 3.5032678
v 2.7683327 5.846554 4.221461
v 2.0501668 5.846554 6.9276505
v -1.0570223 9.188889 6.9276505
v -5.7921233 5.846554 4.221461
v -1.9636227 9.192303 3.5032816
v -1.9667678 9.188889 6.9276505
v -5.0740113 5.846554 6.9276505
v -5.0740113 9.192303 -0.51049465
v -8.498366 9.391565 -0.058794267
v -8.498366 9.188889 -0.51368046
v -5.0740113 9.393566 -0.058780707
v -8.498366 9.188889 0.39609194
v -5.0740113 9.192303 0.39291972
v -8.498366 5.846554 3.5032816
v -8.498366 9.188889 0.39609194
v -5.0740113 9.192303 0.39291972
v -5.7921233 5.846554 4.221461
v -8.498366 8.036966 0.3983423
v -8.49842 5.846554 2.4346411
v -5.073957 5.846554 2.4346411
v -5.073903 8.106012 -0.058794267
v 0.63172996 0.030209916 -5.263313
v 1.4569916 0.030209916 -5.263313
v 1.4569916 0.030209916 -6.0885887
v 0.63172996 0.030209916 -6.0885887
v 0.63172996 6.3884506 -5.263313
v 0.63172996 6.3884506 -6.0885887
v 1.4569916 6.3884506 -6.0885887
v 1.4569916 6.3884506 -5.263313
v 0.63172996 0.030209916 -5.263313
v 0.63172996 6.3884506 -5.263313
v 1.4569916 6.3884506 -5.263313
v 1.4569916 0.030209916 -5.263313
v 1.4569916 0.030209916 -5.263313
v 1.4569916 6.3884506 -5.263313
v 1.4569916 6.3884506 -6.0885887
v 1.4569916 0.030209916 -6.0885887
v 1.4569916 0.030209916 -6.0885887
v 1.4569916 6.3884506 -6.0885887
v 0.63172996 6.3884506 -6.0885887
v 0.63172996 0.030209916 -6.0885887
v 0.63172996 0.030209916 -6.0885887
v 0.63172996 6.3884506 -6.0885887
v 0.63172996 6.3884506 -5.263313
v 0.63172996 0.030209916 -5.263313
v -4.4928203 0.030209916 -5.263313
v -3.667558 0.030209916 -5.263313
v -3.667558 0.030209916 -6.0885887
v -4.4928203 0.030209916 -6.0885887
v -4.4928203 6.3884506 -5.263313
v -4.4928203 6.3884506 -6.0885887
v -3.667558 6.3884506 -6.0885887
v -3.667558 6.3884506 -5.263313
v -4.4928203 0.030209916 -5.263313
v -4.4928203 6.3884506 -5.263313
v -3.667558 6.3884506 -5.263313
v -3.667558 0.030209916 -5.263313
v -3.667558 0.030209916 -5.263313
v -3.667558 6.3884506 -5.263313
v -3.667558 6.3884506 -6.0885887
v -3.667558 0.030209916 -6.0885887
v -3.667558 0.030209916 -6.0885887
v -3.667558 6.3884506 -6.0885887
v -4.4928203 6.3884506 -6.0885887
v -4.4928203 0.030209916 -6.0885887
v -4.4928203 0.030209916 -6.0885887
v -4.4928203 6.3884506 -6.0885887
v -4.4928203 6.3884506 -5.263313
v -4.4928203 0.030209916 -5.263313
v -6.658488 0.030210659 -2.2081945
v -6.658488 0.030210659 -3.0334694
v -7.4838037 0.030210659 -3.0334694
v -7.4838037 0.030210659 -2.2081945
v -6.658488 6.3884506 -2.2081945
v -7.4838037 6.3884506 -2.2081945
v -7.4838037 6.3884506 -3.0334694
v -6.658488 6.3884506 -3.0334694
v -6.658488 0.030210659 -2.2081945
v -6.658488 6.3884506 -2.2081945
v -6.658488 6.3884506 -3.0334694
v -6.658488 0.030210659 -3.0334694
v -6.658488 0.030210659 -3.0334694
v -6.658488 6.3884506 -3.0334694
v -7.4838037 6.3884506 -3.0334694
v -7.4838037 0.030210659 -3.0334694
v -7.4838037 0.030210659 -3.0334694
v -7.4838037 6.3884506 -3.0334694
v -7.4838037 6.3884506 -2.2081945
v -7.4838037 0.030210659 -2.2081945
v -7.4838037 0.030210659 -2.2081945
v -7.4838037 6.3884506 -2.2081945
v -6.658488 6.3884506 -2.2081945
v -6.658488 0.030210659 -2.2081945
v -6.658488 0.030210659 2.9163692
v -6.658488 0.030210659 2.0911074
v -7.4838037 0.030210659 2.0911074
v -7.4838037 0.030210659 2.9163692
v -6.658488 6.3884506 2.9163692
v -7.4838037 6.3884506 2.9163692
v -7.4838037 6.3884506 2.0911074
v -6.658488 6.3884506 2.0911074
v -6.658488 0.030210659 2.9163692
v -6.658488 6.3884506 2.9163692
v -6.658488 6.3884506 2.0911074
v -6.658488 0.030210659 2.0911074
v -6.658488 0.030210659 2.0911074
v -6.658488 6.3884506 2.0911074
v -7.4838037 6.3884506 2.0911074
v -7.4838037 0.030210659 2.0911074
v -7.4838037 0.030210659 2.0911074
v -7.4838037 6.3884506 2.0911074
v -7.4838037 6.3884506 2.9163692
v -7.4838037 0.030210659 2.9163692
v -7.4838037 0.030210659 2.9163692
v -7.4838037 6.3884506 2.9163692
v -6.658488 6.3884506 2.9163692
v -6.658488 0.030210659 2.9163692
v -3.66745 0.030210659 5.0689144
v -4.492766 0.030210659 5.0689144
v -4.492766 0.030210659 5.8941894
v -3.66745 0.030210659 5.8941894
v -3.66745 6.3884506 5.0689144
v -3.66745 6.3884506 5.8941894
v -4.492766 6.3884506 5.8941894
v -4.492766 6.3884506 5.0689144
v -3.66745 0.030210659 5.0689144
v -3.66745 6.3884506 5.0689144
v -4.492766 6.3884506 5.0689144
v -4.492766 0.030210659 5.0689144
v -4.492766 0.030210659 5.0689144
v -4.492766 6.3884506 5.0689144
v -4.492766 6.3884506 5.8941894
v -4.492766 0.030210659 5.8941894
v -4.492766 0.030210659 5.8941894
v -4.492766 6.3884506 5.8941894
v -3.66745 6.3884506 5.8941894
v -3.66745 0.030210659 5.8941894
v -3.66745 0.030210659 5.8941894
v -3.66745 6.3884506 5.8941894
v -3.66745 6.3884506 5.0689144
v -3.66745 0.030210659 5.0689144
v 1.4571 0.030210659 5.0689144
v 0.63183826 0.030210659 5.0689144
v 0.63183826 0.030210659 5.8941894
v 1.4571 0.030210659 5.8941894
v 1.4571 6.3884506 5.0689144
v 1.4571 6.3884506 5.8941894
v 0.63183826 6.3884506 5.8941894
v 0.63183826 6.3884506 5.0689144
v 1.4571 0.030210659 5.0689144
v 1.4571 6.3884506 5.0689144
v 0.63183826 6.3884506 5.0689144
v 0.63183826 0.030210659 5.0689144
v 0.63183826 0.030210659 5.0689144
v 0.63183826 6.3884506 5.0689144
v 0.63183826 6.3884506 5.8941894
v 0.63183826 0.030210659 5.8941894
v 0.63183826 0.030210659 5.8941894
v 0.63183826 6.3884506 5.8941894
v 1.4571 6.3884506 5.8941894
v 1.4571 0.030210659 5.8941894
v 1.4571 0.030210659 5.8941894
v 1.4571 6.3884506 5.8941894
v 1.4571 6.3884506 5.0689144
v 1.4571 0.030210659 5.0689144
v 3.6813858 0.030211031 2.1125264
v 3.6813858 0.030211031 2.9378018
v 4.5066476 0.030211031 2.9378018
v 4.5066476 0.030211031 2.1125264
v 3.6813858 6.3884506 2.1125264
v 4.5066476 6.3884506 2.1125264
v 4.5066476 6.3884506 2.9378018
v 3.6813858 6.3884506 2.9378018
v 3.6813858 0.030211031 2.1125264
v 3.6813858 6.3884506 2.1125264
v 3.6813858 6.3884506 2.9378018
v 3.6813858 0.030211031 2.9378018
v 3.6813858 0.030211031 2.9378018
v 3.6813858 6.3884506 2.9378018
v 4.5066476 6.3884506 2.9378018
v 4.5066476 0.030211031 2.9378018
v 4.5066476 0.030211031 2.9378018
v 4.5066476 6.3884506 2.9378018
v 4.5066476 6.3884506 2.1125264
v 4.5066476 0.030211031 2.1125264
v 4.5066476 0.030211031 2.1125264
v 4.5066476 6.3884506 2.1125264
v 3.6813858 6.3884506 2.1125264
v 3.6813858 0.030211031 2.1125264
v 3.6813314 0.030211031 -3.0120366
v 3.6813314 0.030211031 -2.1867616
v 4.5066476 0.030211031 -2.1867616
v 4.5066476 0.030211031 -3.0120366
v 3.6813314 6.3884506 -3.0120366
v 4.5066476 6.3884506 -3.0120366
v 4.5066476 6.3884506 -2.1867616
v 3.6813314 6.3884506 -2.1867616
v 3.6813314 0.030211031 -3.0120366
v 3.6813314 6.3884506 -3.0120366
v 3.6813314 6.3884506 -2.1867616
v 3.6813314 0.030211031 -2.1867616
v 3.6813314 0.030211031 -2.1867616
v 3.6813314 6.3884506 -2.1867616
v 4.5066476 6.3884506 -2.1867616
v 4.5066476 0.030211031 -2.1867616
v 4.5066476 0.030211031 -2.1867616
v 4.5066476 6.3884506 -2.1867616
v 4.5066476 6.3884506 -3.0120366
v 4.5066476 0.030211031 -3.0120366
v 4.5066476 0.030211031 -3.0120366
v 4.5066476 6.3884506 -3.0120366
v 3.6813314 6.3884506 -3.0120366
v 3.6813314 0.030211031 -3.0120366
v 3.7412508 3.7481399 1.3753548
v 3.6312811 3.8211553 1.7401719
v 3.6312811 1.456688 1.5921763
v 3.7412508 1.456688 1.2579831
v 3.7412508 1.456688 -1.3036005
v 3.6312811 1.456688 -1.6378073
v 3.6312811 3.8211553 -1.7858028
v 3.7412508 3.7481399 -1.4209721
v 4.5842986 1.456688 1.1345652
v 4.792037 1.456688 1.2579831
v 4.792037 3.7481399 1.3753548
v 4.5842986 3.7457695 1.2406173
v 4.5842986 1.456688 -1.1801827
v 4.5842986 2.9434001 -0.77667534
v 4.5842986 3.895372 -0.83753014
v 4.5842986 3.7457695 -1.2862346
v 4.5842986 4.192657 -0.6836646
v 4.5842986 4.345104 -1.0591916
v 4.5842986 4.4157434 -0.38025802
v 4.5842986 4.7603054 -0.5749827
v 4.5842986 4.5052743 -0.022801926
v 4.5842986 4.911699 -0.022815483
v 4.5842986 4.4157443 0.33466777
v 4.5842986 4.7603054 0.5293653
v 4.5842986 4.192657 0.6380744
v 4.5842986 4.3451047 1.013574
v 4.5842986 3.895372 0.7919399
v 4.5842986 3.7457695 1.2406173
v 4.5842986 2.9434001 0.73108506
v 4.5842986 1.456688 1.1345652
v 4.792037 1.456688 1.2579831
v 4.5842986 1.456688 1.1345652
v 3.7412508 1.456688 1.2579831
v 4.792037 1.456688 1.5921763
v 3.6312811 1.456688 1.5921763
v 3.7412508 4.4113903 1.1240997
v 3.6312811 4.6574683 1.4233581
v 3.6312811 3.8211553 1.7401719
v 3.7412508 3.7481399 1.3753548
v 3.7412508 5.0384097 -0.022815483
v 3.6312811 5.448094 -0.022815483
v 3.6312811 5.2368393 0.74767804
v 3.7412508 4.870871 0.58824086
v 4.5842986 2.9434001 -0.77667534
v 4.5842986 1.456688 -1.1801827
v 4.5842986 1.456688 1.1345652
v 4.5842986 2.9434001 0.73108506
v 4.5842986 2.9434009 -0.38311842
v 4.5842986 2.9434009 0.33752814
v 4.5842986 2.9434009 -0.022801926
v 4.792037 4.6574683 1.4233581
v 3.6312811 4.6574683 1.4233581
v 3.6312811 5.2368393 0.74767804
v 4.792037 5.2368393 0.74767804
v 4.5842986 4.345104 -1.0591916
v 4.792037 4.4113903 -1.1697171
v 4.792037 3.7481399 -1.4209721
v 4.5842986 3.7457695 -1.2862346
v 4.5842986 4.192657 -0.6836646
v 4.3944545 4.0790462 -0.57806
v 4.3944545 4.305525 -0.32109776
v 4.5842986 4.4157434 -0.38025802
v 4.5842986 2.9434001 -0.77667534
v 4.3944545 3.0671673 -0.6469267
v 4.3944545 3.8552825 -0.6973024
v 4.5842986 3.895372 -0.83753014
v 4.5842986 2.9434001 0.73108506
v 4.3944545 3.0671673 0.6013228
v 4.3944545 3.0671673 0.27550745
v 4.5842986 2.9434009 0.33752814
v 4.3944545 3.0671673 -0.022801926
v 4.5842986 2.9434009 -0.022801926
v 4.3944545 3.0671673 -0.32109776
v 4.5842986 2.9434009 -0.38311842
v 4.3944545 3.0671673 -0.6469267
v 4.5842986 2.9434001 -0.77667534
v 4.5842986 4.4157434 -0.38025802
v 4.3944545 4.305525 -0.32109776
v 4.3944545 4.366111 -0.022801926
v 4.5842986 4.5052743 -0.022801926
v 4.3944545 3.8552825 -0.6973024
v 4.3944545 3.0671673 -0.6469267
v 4.3944545 3.0671673 -0.32109776
v 4.3944545 3.0671673 -0.022801926
v 4.3944545 3.0671673 0.27550745
v 4.3944545 3.0671673 0.6013228
v 4.3944545 3.8552825 0.6516985
v 4.3944545 4.0790462 -0.57806
v 4.3944545 4.0790462 0.5324561
v 4.3944545 4.305525 -0.32109776
v 4.3944545 4.305525 0.27550745
v 4.3944545 4.366111 -0.022801926
v 4.5842986 4.192657 0.6380744
v 4.3944545 4.0790462 0.5324561
v 4.3944545 3.8552825 0.6516985
v 4.5842986 3.895372 0.7919399
v 4.5842986 4.5052743 -0.022801926
v 4.3944545 4.366111 -0.022801926
v 4.3944545 4.305525 0.27550745
v 4.5842986 4.4157443 0.33466777
v 4.5842986 4.4157443 0.33466777
v 4.3944545 4.305525 0.27550745
v 4.3944545 4.0790462 0.5324561
v 4.5842986 4.192657 0.6380744
v 4.5842986 3.895372 -0.83753014
v 4.3944545 3.8552825 -0.6973024
v 4.3944545 4.0790462 -0.57806
v 4.5842986 4.192657 -0.6836646
v 4.5842986 3.895372 0.7919399
v 4.3944545 3.8552825 0.6516985
v 4.3944545 3.0671673 0.6013228
v 4.5842986 2.9434001 0.73108506
v 4.525301 2.9179916 0.11754786
v 4.525301 2.9179916 -0.1588001
v 4.371625 2.9179916 -0.1588001
v 4.371625 2.9179916 0.11754786
v 4.525301 4.549399 0.11754786
v 4.371625 4.549399 0.11754786
v 4.371625 4.549399 -0.1588001
v 4.525301 4.549399 -0.1588001
v 4.525301 2.9179916 -0.1588001
v 4.525301 4.549399 -0.1588001
v 4.371625 4.549399 -0.1588001
v 4.371625 2.9179916 -0.1588001
v 4.371625 2.9179916 0.11754786
v 4.371625 4.549399 0.11754786
v 4.525301 4.549399 0.11754786
v 4.525301 2.9179916 0.11754786
v 4.525301 2.9179916 0.11754786
v 4.525301 4.549399 0.11754786
v 4.525301 4.549399 -0.1588001
v 4.525301 2.9179916 -0.1588001
v -2.7047262 8.317736 -1.6773921
v -3.175785 8.317736 -1.6773921
v -3.175785 8.317736 -1.4530735
v -2.7047262 8.317736 -1.4530735
v -2.7047262 11.2565 -1.6773921
v -2.7047262 11.2565 -1.4530735
v -3.175785 11.2565 -1.4530735
v -3.175785 11.2565 -1.6773921
v -2.7047262 8.317736 -1.4530735
v -2.7047262 11.2565 -1.4530735
v -2.7047262 11.2565 -1.6773921
v -2.7047262 8.317736 -1.6773921
v -2.7047262 8.317736 -1.6773921
v -2.7047262 11.2565 -1.6773921
v -3.175785 11.2565 -1.6773921
v -3.175785 8.317736 -1.6773921
v -3.175785 8.317736 -1.6773921
v -3.175785 11.2565 -1.6773921
v -3.175785 11.2565 -1.4530735
v -3.175785 8.317736 -1.4530735
v -3.175785 8.317736 -1.4530735
v -3.175785 11.2565 -1.4530735
v -2.7047262 11.2565 -1.4530735
v -2.7047262 8.317736 -1.4530735
v -2.8045552 10.897893 -0.20929782
v -3.0759554 10.897893 -0.20929782
v -3.0759554 11.122212 -0.20929782
v -2.8045552 11.122212 -0.20929782
v -2.8045552 10.897893 -3.034554
v -2.8045552 11.122212 -3.034554
v -3.0759554 11.122212 -3.034554
v -3.0759554 10.897893 -3.034554
v -2.8045552 11.122212 -0.20929782
v -2.8045552 11.122212 -3.034554
v -2.8045552 10.897893 -3.034554
v -2.8045552 10.897893 -0.20929782
v -2.8045552 10.897893 -0.20929782
v -2.8045552 10.897893 -3.034554
v -3.0759554 10.897893 -3.034554
v -3.0759554 10.897893 -0.20929782
v -3.0759554 10.897893 -0.20929782
v -3.0759554 10.897893 -3.034554
v -3.0759554 11.122212 -3.034554
v -3.0759554 11.122212 -0.20929782
v -3.0759554 11.122212 -0.20929782
v -3.0759554 11.122212 -3.034554
v -2.8045552 11.122212 -3.034554
v -2.8045552 11.122212 -0.20929782
v -2.1717412 10.984358 -2.9173992
v -2.1717412 10.984358 -2.6459856
v -2.1717412 11.208679 -2.6459856
v -2.1717412 11.208679 -2.9173992
v -3.708878 10.984358 -2.9173992
v -3.708878 11.208679 -2.9173992
v -3.708878 11.208679 -2.6459856
v -3.708878 10.984358 -2.6459856
v -2.1717412 11.208679 -2.9173992
v -3.708878 11.208679 -2.9173992
v -3.708878 10.984358 -2.9173992
v -2.1717412 10.984358 -2.9173992
v -2.1717412 10.984358 -2.9173992
v -3.708878 10.984358 -2.9173992
v -3.708878 10.984358 -2.6459856
v -2.1717412 10.984358 -2.6459856
v -2.1717412 10.984358 -2.6459856
v -3.708878 10.984358 -2.6459856
v -3.708878 11.208679 -2.6459856
v -2.1717412 11.208679 -2.6459856
v -2.1717412 11.208679 -2.6459856
v -3.708878 11.208679 -2.6459856
v -3.708878 11.208679 -2.9173992
v -2.1717412 11.208679 -2.9173992
v -1.7793635 10.984358 -2.3440976
v -1.7793635 10.984358 -2.0726976
v -1.7793635 11.208679 -2.0726976
v -1.7793635 11.208679 -2.3440976
v -4.1012554 10.984358 -2.3440976
v -4.1012554 11.208679 -2.3440976
v -4.1012554 11.208679 -2.0726976
v -4.1012554 10.984358 -2.0726976
v -1.7793635 11.208679 -2.3440976
v -4.1012554 11.208679 -2.3440976
v -4.1012554 10.984358 -2.3440976
v -1.7793635 10.984358 -2.3440976
v -1.7793635 10.984358 -2.3440976
v -4.1012554 10.984358 -2.3440976
v -4.1012554 10.984358 -2.0726976
v -1.7793635 10.984358 -2.0726976
v -1.7793635 10.984358 -2.0726976
v -4.1012554 10.984358 -2.0726976
v -4.1012554 11.208679 -2.0726976
v -1.7793635 11.208679 -2.0726976
v -1.7793635 11.208679 -2.0726976
v -4.1012554 11.208679 -2.0726976
v -4.1012554 11.208679 -2.3440976
v -1.7793635 11.208679 -2.3440976
v -2.1717412 10.984358 -0.5777075
v -2.1717412 10.984358 -0.30630767
v -2.1717412 11.208679 -0.30630767
v -2.1717412 11.208679 -0.5777075
v -3.708878 10.984358 -0.5777075
v -3.708878 11.208679 -0.5777075
v -3.708878 11.208679 -0.30630767
v -3.708878 10.984358 -0.30630767
v -2.1717412 11.208679 -0.5777075
v -3.708878 11.208679 -0.5777075
v -3.708878 10.984358 -0.5777075
v -2.1717412 10.984358 -0.5777075
v -2.1717412 10.984358 -0.5777075
v -3.708878 10.984358 -0.5777075
v -3.708878 10.984358 -0.30630767
v -2.1717412 10.984358 -0.30630767
v -2.1717412 10.984358 -0.30630767
v -3.708878 10.984358 -0.30630767
v -3.708878 11.208679 -0.30630767
v -2.1717412 11.208679 -0.30630767
v -2.1717412 11.208679 -0.30630767
v -3.708878 11.208679 -0.30630767
v -3.708878 11.208679 -0.5777075
v -2.1717412 11.208679 -0.5777075
v -1.7793635 10.984358 -1.0926894
v -1.7793635 10.984358 -0.8212896
v -1.7793635 11.208679 -0.8212896
v -1.7793635 11.208679 -1.0926894
v -4.1012554 10.984358 -1.0926894
v -4.1012554 11.208679 -1.0926894
v -4.1012554 11.208679 -0.8212896
v -4.1012554 10.984358 -0.8212896
v -1.7793635 11.208679 -1.0926894
v -4.1012554 11.208679 -1.0926894
v -4.1012554 10.984358 -1.0926894
v -1.7793635 10.984358 -1.0926894
v -1.7793635 10.984358 -1.0926894
v -4.1012554 10.984358 -1.0926894
v -4.1012554 10.984358 -0.8212896
v -1.7793635 10.984358 -0.8212896
v -1.7793635 10.984358 -0.8212896
v -4.1012554 10.984358 -0.8212896
v -4.1012554 11.208679 -0.8212896
v -1.7793635 11.208679 -0.8212896
v -1.7793635 11.208679 -0.8212896
v -4.1012554 11.208679 -0.8212896
v -4.1012554 11.208679 -1.0926894
v -1.7793635 11.208679 -1.0926894
v 1.306298 8.82409 4.665624
v 1.3337905 9.69848 4.6897407
v 1.3337905 9.69848 3.3486974
v 1.306298 8.82409 3.3728142
v -0.19515845 9.69848 3.3486974
v -0.19515845 10.09239 3.3486974
v -0.19515845 10.09239 4.6897407
v -0.19515845 9.69848 4.6897407
v -0.16625614 8.777863 3.3740883
v -0.19515845 9.69848 3.3486974
v -0.19515845 9.69848 4.6897407
v -0.16625614 8.777863 4.6643496
v -0.16625614 8.777863 4.6643496
v -0.19515845 9.69848 4.6897407
v 1.3337905 9.69848 4.6897407
v 1.306298 8.82409 4.665624
v 0.29905498 7.111994 3.4200172
v -0.11387406 7.111994 3.4200172
v -0.11387406 7.111994 4.618407
v 0.29905498 7.111994 4.618407
v -0.19515845 9.69848 4.6897407
v -0.19515845 10.09239 4.6897407
v 1.3337905 10.09239 4.6897407
v 1.3337905 9.69848 4.6897407
v 1.3337905 9.69848 4.6897407
v 1.3337905 10.09239 4.6897407
v 1.3337905 10.09239 3.3486974
v 1.3337905 9.69848 3.3486974
v 1.3337905 9.69848 3.3486974
v 1.3337905 10.09239 3.3486974
v -0.19515845 10.09239 3.3486974
v -0.19515845 9.69848 3.3486974
v 1.0386399 10.09239 3.6075573
v 0.93626165 9.955923 3.6973686
v 0.20237046 9.955923 3.6973686
v 0.099992275 10.09239 3.6075573
v 0.93626165 9.955923 3.6973686
v 0.93626165 9.955923 4.341056
v 0.20237046 9.955923 4.341056
v 0.20237046 9.955923 3.6973686
v 0.099992275 10.09239 3.6075573
v 0.20237046 9.955923 3.6973686
v 0.20237046 9.955923 4.341056
v 0.099992275 10.09239 4.4308667
v 0.099992275 10.09239 4.4308667
v 0.20237046 9.955923 4.341056
v 0.93626165 9.955923 4.341056
v 1.0386399 10.09239 4.4308667
v 1.0386399 10.09239 4.4308667
v 0.93626165 9.955923 4.341056
v 0.93626165 9.955923 3.6973686
v 1.0386399 10.09239 3.6075573
v 1.2788056 7.949702 3.3969176
v 0.98094374 7.357353 3.413253
v 0.98094374 7.357353 4.625171
v 1.2788056 7.949702 4.641507
v 0.98094374 7.357353 3.413253
v 0.29905498 7.111994 3.4200172
v 0.29905498 7.111994 4.618407
v 0.98094374 7.357353 4.625171
v 1.306298 8.82409 3.3728142
v 1.3337905 9.69848 3.3486974
v -0.19515845 9.69848 3.3486974
v -0.16625614 8.777863 3.3740883
v 4.2981496 1.456688 -1.8196533
v 5.160013 1.456688 -1.8196533
v 5.160013 1.456688 1.6727014
v 4.2981496 1.456688 1.6727014
v 5.160013 1.456688 -1.8196533
v 5.160013 0.7974911 -1.8196533
v 5.160013 0.7974911 1.6727014
v 5.160013 1.456688 1.6727014
v 5.160013 0.7974911 -1.8196533
v 5.8267736 0.7974911 -1.8196533
v 5.8267736 0.7974911 1.6727014
v 5.160013 0.7974911 1.6727014
v 5.8267736 0.7974911 -1.8196533
v 5.8267736 0.030211031 -1.8196533
v 5.8267736 0.030211031 1.6727014
v 5.8267736 0.7974911 1.6727014
v 4.2981496 1.456688 1.6727014
v 5.160013 1.456688 1.6727014
v 5.160013 0.7974911 1.6727014
v 4.2981496 0.030211031 1.6727014
v 5.8267736 0.030211031 1.6727014
v 5.8267736 0.7974911 1.6727014
v 4.2981496 0.030211031 -1.8196533
v 5.8267736 0.030211031 -1.8196533
v 5.8267736 0.7974911 -1.8196533
v 5.160013 0.7974911 -1.8196533
v 5.160013 1.456688 -1.8196533
v 4.2981496 1.456688 -1.8196533
v 3.6312811 5.448094 -0.022815483
v 3.6312811 5.2368393 -0.79330915
v 4.792037 5.2368393 -0.79330915
v 4.792037 5.448094 -0.022815483
v 3.6312811 3.8211553 -1.7858028
v 4.792037 3.8211553 -1.7858028
v 4.792037 4.6574674 -1.4689889
v 3.6312811 4.6574683 -1.4689889
v 4.792037 3.8211553 1.7401719
v 3.6312811 3.8211553 1.7401719
v 3.6312811 4.6574683 1.4233581
v 4.792037 4.6574683 1.4233581
v 3.6312811 1.456688 1.5921763
v 3.6312811 3.8211553 1.7401719
v 4.792037 3.8211553 1.7401719
v 4.792037 1.456688 1.5921763
v 3.6312811 5.2368393 0.74767804
v 3.6312811 5.448094 -0.022815483
v 4.792037 5.448094 -0.022815483
v 4.792037 5.2368393 0.74767804
v 4.792037 1.456688 -1.3036005
v 4.792037 1.456688 -1.6378073
v 3.6312811 1.456688 -1.6378073
v 3.7412508 1.456688 -1.3036005
v 4.5842986 1.456688 -1.1801827
v 3.6312811 3.8211553 -1.7858028
v 3.6312811 1.456688 -1.6378073
v 4.792037 1.456688 -1.6378073
v 4.792037 3.8211553 -1.7858028
v 4.5842986 3.7457695 1.2406173
v 4.792037 3.7481399 1.3753548
v 4.792037 4.4113903 1.1240997
v 4.5842986 4.3451047 1.013574
v 3.7412508 3.7481399 -1.4209721
v 3.6312811 3.8211553 -1.7858028
v 3.6312811 4.6574683 -1.4689889
v 3.7412508 4.4113903 -1.1697171
v 4.5842986 4.911699 -0.022815483
v 4.792037 5.0384097 -0.022815483
v 4.792037 4.870871 -0.6338583
v 4.5842986 4.7603054 -0.5749827
v 3.7412508 4.870871 0.58824086
v 3.6312811 5.2368393 0.74767804
v 3.6312811 4.6574683 1.4233581
v 3.7412508 4.4113903 1.1240997
v 3.7412508 4.870871 -0.6338583
v 3.6312811 5.2368393 -0.79330915
v 3.6312811 5.448094 -0.022815483
v 3.7412508 5.0384097 -0.022815483
v 3.7412508 4.4113903 -1.1697171
v 3.6312811 4.6574683 -1.4689889
v 3.6312811 5.2368393 -0.79330915
v 3.7412508 4.870871 -0.6338583
v 4.792037 1.456688 1.2579831
v 4.792037 1.456688 1.5921763
v 4.792037 3.8211553 1.7401719
v 4.792037 3.7481399 1.3753548
v 4.792037 4.6574683 1.4233581
v 4.792037 4.4113903 1.1240997
v 4.792037 5.2368393 0.74767804
v 4.792037 4.870871 0.58824086
v 4.792037 5.448094 -0.022815483
v 4.792037 5.0384097 -0.022815483
v 4.792037 5.2368393 -0.79330915
v 4.792037 4.870871 -0.6338583
v 4.792037 4.6574674 -1.4689889
v 4.792037 4.4113903 -1.1697171
v 4.792037 3.8211553 -1.7858028
v 4.792037 3.7481399 -1.4209721
v 4.792037 1.456688 -1.6378073
v 4.792037 1.456688 -1.3036005
v 4.5842986 3.7457695 -1.2862346
v 4.792037 3.7481399 -1.4209721
v 4.792037 1.456688 -1.3036005
v 4.5842986 1.456688 -1.1801827
v 4.5842986 4.7603054 -0.5749827
v 4.792037 4.870871 -0.6338583
v 4.792037 4.4113903 -1.1697171
v 4.5842986 4.345104 -1.0591916
v 4.5842986 4.7603054 0.5293653
v 4.792037 4.870871 0.58824086
v 4.792037 5.0384097 -0.022815483
v 4.5842986 4.911699 -0.022815483
v 4.5842986 4.3451047 1.013574
v 4.792037 4.4113903 1.1240997
v 4.792037 4.870871 0.58824086
v 4.5842986 4.7603054 0.5293653
v 3.6312811 5.2368393 -0.79330915
v 3.6312811 4.6574683 -1.4689889
v 4.792037 4.6574674 -1.4689889
v 4.792037 5.2368393 -0.79330915
v 1.2788056 7.949702 4.641507
v 1.306298 8.82409 4.665624
v 1.306298 8.82409 3.3728142
v 1.2788056 7.949702 3.3969176
v -0.11387406 7.111994 3.4200172
v -0.16625614 8.777863 3.3740883
v -0.16625614 8.777863 4.6643496
v -0.11387406 7.111994 4.618407
v -0.16625614 8.777863 4.6643496
v 1.306298 8.82409 4.665624
v 1.2788056 7.949702 4.641507
v 0.98094374 7.357353 4.625171
v 0.29905498 7.111994 4.618407
v -0.11387406 7.111994 4.618407
v 1.2788056 7.949702 3.3969176
v 1.306298 8.82409 3.3728142
v -0.16625614 8.777863 3.3740883
v 0.98094374 7.357353 3.413253
v -0.16625614 8.777863 3.3740883
v 0.29905498 7.111994 3.4200172
v 0.98094374 7.357353 3.413253
v -0.11387406 7.111994 3.4200172
v 5.474523 5.846554 -3.620883
v 3.884136 5.788496 -2.6098442
v 5.474523 5.846554 -2.5522566
v 2.7683327 5.846554 -4.339022
v 2.0501668 5.846554 -7.045239
v 1.039128 5.788496 -5.4548388
v 0.98154014 5.846554 -7.0452523
v -5.792177 5.846554 -4.339022
v -4.0629187 5.788496 -5.4548388
v -5.0740113 5.846554 -7.045239
v -4.0053844 5.846554 -7.0452523
v -0.99797064 5.3518076 5.8074956
v -0.78291136 5.067334 5.807347
v -0.78291136 3.521183 5.807347
v -1.464312 3.521183 5.807618
v -1.464312 5.4729447 5.807618
v -1.9307618 5.3518076 5.8077397
v -2.1457667 3.521183 5.807903
v -2.1457667 5.067334 5.807903
v -0.78291136 5.067334 5.807347
v -0.6449068 5.1606846 6.075303
v -0.6449068 3.3676422 6.075303
v -0.78291136 3.521183 5.807347
v -0.94580543 5.9377127 5.793641
v -0.33506086 5.4332266 5.7933426
v -0.43771017 5.366358 6.0752487
v -0.94797444 5.811231 6.075507
v -2.2837715 3.9246907 6.075778
v -2.2837715 4.217722 6.075778
v -0.6449068 4.217722 6.0752897
v -0.6449068 3.9246907 6.0752897
v -1.464312 3.521183 5.807618
v -0.78291136 3.521183 5.807347
v -0.6449068 3.3676422 6.075303
v -1.464312 3.3676422 6.075615
v -2.1457667 3.521183 5.807903
v -2.2837715 3.3676422 6.075941
v -2.5936174 5.4332266 5.7941837
v -1.9828727 5.9377127 5.793885
v -1.9807038 5.81123 6.075751
v -2.4909682 5.366358 6.0760083
v -0.33506086 5.4332266 5.7933426
v -0.33506086 2.9977813 5.7933426
v -0.43771017 3.1177318 6.0752487
v -0.43771017 5.366358 6.0752487
v -2.5936174 5.4332266 5.7941837
v -2.4909682 5.366358 6.0760083
v -2.4909682 3.1177318 6.0760083
v -2.5936174 2.9977813 5.7941837
v -1.464312 2.9977813 5.793763
v -0.43771017 3.1177318 6.0752487
v -0.33506086 2.9977813 5.7933426
v -1.464312 3.1177318 6.0756288
v -2.5936174 2.9977813 5.7941837
v -2.4909682 3.1177318 6.0760083
v -2.1457667 5.067334 5.807903
v -2.1457667 3.521183 5.807903
v -2.2837715 3.3676422 6.075941
v -2.2837715 5.1606846 6.075941
v -2.2837715 3.9246907 6.075778
v -0.6449068 3.9246907 6.0752897
v -0.7178403 3.9246907 5.8095703
v -2.210838 3.9246907 5.810112
v -0.6449068 4.217722 6.0752897
v -2.2837715 4.217722 6.075778
v -2.210838 4.217722 5.810112
v -0.7178403 4.217722 5.8095703
v -0.04902007 2.8453927 6.8037176
v -2.8976068 2.8453927 6.804572
v -2.8976068 2.8453927 5.7942777
v -0.04902007 2.8453927 5.7933426
v -2.8976068 2.4833663 6.804572
v -0.04902007 2.4833663 6.8037176
v -0.04902007 2.4833663 5.7933426
v -2.8976068 2.4833663 5.7942777
v -2.8976068 2.4833663 6.804572
v -2.8976068 2.8453927 6.804572
v -0.04902007 2.8453927 6.8037176
v -0.04902007 2.4833663 6.8037176
v -0.04902007 2.8453927 5.7933426
v -0.04902007 2.4833663 5.7933426
v -0.04902007 2.4833663 6.8037176
v -0.04902007 2.8453927 6.8037176
v -2.8976068 2.8453927 6.804572
v -2.8976068 2.4833663 6.804572
v -2.8976068 2.4833663 5.7942777
v -2.8976068 2.8453927 5.7942777
v 5.474523 5.846554 -3.620883
v 5.474523 9.188889 -0.51368046
v 2.2066627 9.191152 -0.5115793
v 2.7683327 5.846554 -4.339022
v 5.474523 9.188889 0.3960784
v 5.474523 5.846554 3.5032678
v 2.7683327 5.846554 4.221461
v 2.2066627 9.19115 0.39397717
v -0.99797064 5.3518076 5.8074956
v -0.94840825 5.4805098 6.075493
v -0.6449068 5.1606846 6.075303
v -0.78291136 5.067334 5.807347
v -1.464312 5.8820086 6.0756288
v -1.9807038 5.81123 6.075751
v -1.9828727 5.9377127 5.793885
v -1.464312 6.008489 5.793763
v -1.464312 5.4729447 5.807618
v -1.9307618 5.3518076 5.8077397
v -1.98027 5.4805098 6.075751
v -1.464312 5.613217 6.075615
v -2.1457667 5.067334 5.807903
v -2.2837715 5.1606846 6.075941
v -1.98027 5.4805098 6.075751
v -1.9307618 5.3518076 5.8077397
v -0.99797064 5.3518076 5.8074956
v -1.464312 5.4729447 5.807618
v -1.464312 5.613217 6.075615
v -0.94840825 5.4805098 6.075493
v -0.94797444 5.811231 6.075507
v -1.464312 5.8820086 6.0756288
v -1.464312 6.008489 5.793763
v -0.94580543 5.9377127 5.793641
v -0.47165552 2.8453918 6.7197223
v -0.47165552 2.8453918 6.1764884
v -2.4749713 2.8453918 6.1769896
v -2.4749713 2.8453918 6.720183
v -2.4749713 2.8453918 6.1769896
v -2.4749713 3.254034 6.1769896
v -2.4749713 3.254034 6.720183
v -2.4749713 2.8453918 6.720183
v -0.47165552 2.8453918 6.1764884
v -0.47165552 3.254034 6.1764884
v -2.4749713 3.254034 6.1769896
v -2.4749713 2.8453918 6.1769896
v -2.4749713 2.8453918 6.720183
v -2.4749713 3.254034 6.720183
v -0.47165552 3.254034 6.7197223
v -0.47165552 2.8453918 6.7197223
v -0.47165552 2.8453918 6.7197223
v -0.47165552 3.254034 6.7197223
v -0.47165552 3.254034 6.1764884
v -0.47165552 2.8453918 6.1764884
v -2.3610976 3.254034 6.2829747
v -2.3176627 3.4240935 6.291068
v -2.3176627 3.4240935 6.6059017
v -2.3610976 3.254034 6.6140094
v -0.6289102 3.4240935 6.605644
v -2.3176627 3.4240935 6.6059017
v -2.3176627 3.4240935 6.291068
v -0.6289644 3.4240935 6.2907834
v -0.5854754 3.254034 6.282676
v -0.6289644 3.4240935 6.2907834
v -2.3176627 3.4240935 6.291068
v -2.3610976 3.254034 6.2829747
v -2.3610976 3.254034 6.6140094
v -2.3176627 3.4240935 6.6059017
v -0.6289102 3.4240935 6.605644
v -0.5854754 3.254034 6.6137376
v -0.5854754 3.254034 6.6137376
v -0.6289102 3.4240935 6.605644
v -0.6289644 3.4240935 6.2907834
v -0.5854754 3.254034 6.282676
v 4.3411508 0.030209916 2.7913375
v 4.3411508 0.8350471 2.7913375
v 4.3411508 1.1057068 -0.05880782
v 4.3411508 0.030209916 -0.05880782
v 4.3411508 0.8350471 -2.90894
v 4.3411508 0.030209916 -2.90894
v -7.3649945 0.030210659 -2.90894
v -7.3649945 0.8350471 -2.90894
v -7.3649945 0.8350471 -0.058794267
v -7.3649945 0.030209916 -0.058794267
v -7.3649945 0.8350471 2.7913375
v -7.3649945 0.030209916 2.7913375
v 1.3382372 0.030209916 -5.9118805
v 1.3382372 0.8350471 -5.9118805
v -1.5119222 0.8350471 -5.9118805
v -1.5119222 0.030209916 -5.9118805
v -4.362081 0.8350471 -5.9118805
v -4.362081 0.030209916 -5.9118805
v -4.362081 0.030209916 5.7942777
v -4.362081 0.8350471 5.7942777
v -1.5119222 0.8350471 5.7942777
v -1.5119222 0.030209916 5.7942777
v 1.3382372 0.8350471 5.7942777
v 1.3382372 0.030209916 5.7942777
v 1.3382372 0.030209916 -2.9089267
v 1.3382372 0.8350471 -2.9089267
v 1.3382372 0.8350471 -5.9118805
v 1.3382372 0.030209916 -5.9118805
v -4.362081 0.030209916 2.7913375
v -4.362081 0.8350471 2.7913375
v -4.362081 0.8350471 5.7942777
v -4.362081 0.030209916 5.7942777
v 4.3411508 0.030209916 -2.90894
v 4.3411508 0.8350471 -2.90894
v 1.3382372 0.8350471 -2.9089267
v 1.3382372 0.030209916 -2.9089267
v -4.362081 0.030209916 -2.9089267
v -4.362081 0.8350471 -2.9089267
v -7.3649945 0.8350471 -2.90894
v -7.3649945 0.030210659 -2.90894
v 1.3381829 0.030209916 2.7913375
v 1.3381829 0.8350471 2.7913375
v 4.3411508 0.8350471 2.7913375
v 4.3411508 0.030209916 2.7913375
v -4.362081 0.030209916 -5.9118805
v -4.362081 0.8350471 -5.9118805
v -4.362081 0.8350471 -2.9089267
v -4.362081 0.030209916 -2.9089267
v 1.3382372 0.030209916 5.7942777
v 1.3382372 0.8350471 5.7942777
v 1.3381829 0.8350471 2.7913375
v 1.3381829 0.030209916 2.7913375
v -7.3649945 0.030209916 2.7913375
v -7.3649945 0.8350471 2.7913375
v -4.362081 0.8350471 2.7913375
v -4.362081 0.030209916 2.7913375
v -1.4713072 3.4172478 -5.926264
v -0.7248355 3.4172478 -5.926575
v -0.7248355 5.1110783 -5.926575
v -0.9603379 5.4227247 -5.9263988
v -1.4713072 5.555432 -5.926264
v -2.2178328 3.4172478 -5.9259653
v -1.9822763 5.4227247 -5.9261284
v -2.2178328 5.1110783 -5.9259653
v -2.2178328 5.1110783 -5.9259653
v -2.2907665 5.1606846 -6.1939487
v -2.2907665 3.3676422 -6.1939487
v -2.2178328 3.4172478 -5.9259653
v -1.9898678 5.9377127 -5.9122868
v -2.6006124 5.4332266 -5.911989
v -2.4979632 5.366358 -6.1938953
v -1.9876448 5.811231 -6.194153
v -0.6519019 3.9246907 -6.1944237
v -0.6519019 4.217722 -6.1944237
v -2.2907665 4.217722 -6.193936
v -2.2907665 3.9246907 -6.193936
v -1.4713072 3.4172478 -5.926264
v -2.2178328 3.4172478 -5.9259653
v -2.2907665 3.3676422 -6.1939487
v -1.4713072 3.3676422 -6.1942616
v -0.7248355 3.4172478 -5.926575
v -0.6519019 3.3676422 -6.1945724
v -0.34205604 5.4332266 -5.9128294
v -0.95274633 5.9377127 -5.912531
v -0.9549696 5.81123 -6.194396
v -0.4447053 5.366358 -6.1946545
v -2.6006124 5.4332266 -5.911989
v -2.6006124 2.9977813 -5.911989
v -2.4979632 3.1177318 -6.1938953
v -2.4979632 5.366358 -6.1938953
v -0.34205604 5.4332266 -5.9128294
v -0.4447053 5.366358 -6.1946545
v -0.4447053 3.1177318 -6.1946545
v -0.34205604 2.9977813 -5.9128294
v -1.4713072 2.9977813 -5.912409
v -2.4979632 3.1177318 -6.1938953
v -2.6006124 2.9977813 -5.911989
v -1.4713072 3.1177318 -6.194274
v -0.34205604 2.9977813 -5.9128294
v -0.4447053 3.1177318 -6.1946545
v -0.7248355 5.1110783 -5.926575
v -0.7248355 3.4172478 -5.926575
v -0.6519019 3.3676422 -6.1945724
v -0.6519019 5.1606846 -6.1945724
v -0.6519019 3.9246907 -6.1944237
v -2.2907665 3.9246907 -6.193936
v -2.2178328 3.9246907 -5.928216
v -0.7248355 3.9246907 -5.9287586
v -2.2907665 4.217722 -6.193936
v -0.6519019 4.217722 -6.1944237
v -0.7248355 4.217722 -5.9287586
v -2.2178328 4.217722 -5.928216
v -2.8866532 2.8453927 -6.9222684
v -0.038012248 2.8453927 -6.9231095
v -0.038012248 2.8453927 -5.9128294
v -2.8866532 2.8453927 -5.9118805
v -0.038012248 2.4833665 -6.9231095
v -2.8866532 2.4833665 -6.9222684
v -2.8866532 2.4833665 -5.9118805
v -0.038012248 2.4833665 -5.9128294
v -0.038012248 2.4833665 -6.9231095
v -0.038012248 2.8453927 -6.9231095
v -2.8866532 2.8453927 -6.9222684
v -2.8866532 2.4833665 -6.9222684
v -2.8866532 2.8453927 -5.9118805
v -2.8866532 2.4833665 -5.9118805
v -2.8866532 2.4833665 -6.9222684
v -2.8866532 2.8453927 -6.9222684
v -0.038012248 2.8453927 -6.9231095
v -0.038012248 2.4833665 -6.9231095
v -0.038012248 2.4833665 -5.9128294
v -0.038012248 2.8453927 -5.9128294
v -1.9822763 5.4227247 -5.9261284
v -1.987265 5.4805098 -6.1941385
v -2.2907665 5.1606846 -6.1939487
v -2.2178328 5.1110783 -5.9259653
v -1.4713072 5.8820086 -6.194274
v -0.9549696 5.81123 -6.194396
v -0.95274633 5.9377127 -5.912531
v -1.4713072 6.008489 -5.912409
v -1.4713072 5.555432 -5.926264
v -0.9603379 5.4227247 -5.9263988
v -0.95534915 5.4805098 -6.194396
v -1.4713072 5.613217 -6.1942616
v -0.7248355 5.1110783 -5.926575
v -0.6519019 5.1606846 -6.1945724
v -0.95534915 5.4805098 -6.194396
v -0.9603379 5.4227247 -5.9263988
v -1.9822763 5.4227247 -5.9261284
v -1.4713072 5.555432 -5.926264
v -1.4713072 5.613217 -6.1942616
v -1.987265 5.4805098 -6.1941385
v -1.9876448 5.811231 -6.194153
v -1.4713072 5.8820086 -6.194274
v -1.4713072 6.008489 -5.912409
v -1.9898678 5.9377127 -5.9122868
v -2.4640179 2.8453918 -6.838273
v -2.4640179 2.8453918 -6.29504
v -0.46064767 2.8453918 -6.2955413
v -0.46064767 2.8453918 -6.838734
v -0.46064767 2.8453918 -6.2955413
v -0.46064767 3.254034 -6.2955413
v -0.46064767 3.254034 -6.838734
v -0.46064767 2.8453918 -6.838734
v -2.4640179 2.8453918 -6.29504
v -2.4640179 3.254034 -6.29504
v -0.46064767 3.254034 -6.2955413
v -0.46064767 2.8453918 -6.2955413
v -0.46064767 2.8453918 -6.838734
v -0.46064767 3.254034 -6.838734
v -2.4640179 3.254034 -6.838273
v -2.4640179 2.8453918 -6.838273
v -2.4640179 2.8453918 -6.838273
v -2.4640179 3.254034 -6.838273
v -2.4640179 3.254034 -6.29504
v -2.4640179 2.8453918 -6.29504
v -0.5745217 3.254034 -6.4015255
v -0.6179566 3.4240935 -6.409619
v -0.6179566 3.4240935 -6.7244534
v -0.5745217 3.254034 -6.73256
v -2.3067093 3.4240935 -6.724196
v -0.6179566 3.4240935 -6.7244534
v -0.6179566 3.4240935 -6.409619
v -2.3067093 3.4240935 -6.4093204
v -2.3501437 3.254034 -6.4012275
v -2.3067093 3.4240935 -6.4093204
v -0.6179566 3.4240935 -6.409619
v -0.5745217 3.254034 -6.4015255
v -0.5745217 3.254034 -6.73256
v -0.6179566 3.4240935 -6.7244534
v -2.3067093 3.4240935 -6.724196
v -2.3501437 3.254034 -6.732276
v -2.3501437 3.254034 -6.732276
v -2.3067093 3.4240935 -6.724196
v -2.3067093 3.4240935 -6.4093204
v -2.3501437 3.254034 -6.4012275
v 3.8452559 1.733259 3.3000433
v 3.8452559 0.030211031 3.3000433
v 3.264552 0.030211031 3.9030602
v 3.264552 1.733259 3.9030602
v 3.6349144 2.2668161 3.5184374
v 3.4748397 2.2668052 3.6846666
v 3.8452559 1.733259 3.3000433
v 3.6349144 2.2668161 3.5184374
v 3.369479 2.2668052 3.2628036
v 3.5797668 1.733259 3.0444095
v 3.5797668 1.733259 3.0444095
v 2.9991176 0.030211031 3.6474133
v 3.5797668 0.030211031 3.0444095
v 2.9991176 1.733259 3.6474133
v 3.369479 2.2668052 3.2628036
v 3.2094052 2.2668107 3.4290328
v 2.7648623 2.2668092 4.427885
v 2.5545208 1.733259 4.6462793
v 2.2890856 1.733259 4.390645
v 2.499373 2.2668054 4.172264
v 3.264552 1.733259 3.9030602
v 3.264552 0.030211031 3.9030602
v 2.9991176 0.030211031 3.6474133
v 2.9991176 1.733259 3.6474133
v 3.264552 0.030211031 3.9030602
v 3.8452559 0.030211031 3.3000433
v 3.5797668 0.030211031 3.0444095
v 2.9991176 0.030211031 3.6474133
v 3.8452559 0.030211031 3.3000433
v 3.8452559 1.733259 3.3000433
v 3.5797668 1.733259 3.0444095
v 3.5797668 0.030211031 3.0444095
v 3.1352239 1.733259 4.043261
v 3.1352239 0.030211031 4.043261
v 2.5545208 0.030211031 4.6462793
v 2.5545208 1.733259 4.6462793
v 2.9249368 2.2668054 4.2616415
v 2.7648623 2.2668092 4.427885
v 3.1352239 1.733259 4.043261
v 2.9249368 2.2668054 4.2616415
v 2.6594477 2.2668052 4.0060086
v 2.8697348 1.733259 3.7876275
v 2.8697348 1.733259 3.7876275
v 2.2890856 0.030211031 4.390645
v 2.8697348 0.030211031 3.7876275
v 2.2890856 1.733259 4.390645
v 2.6594477 2.2668052 4.0060086
v 2.499373 2.2668054 4.172264
v 2.0175774 2.2668083 5.186692
v 1.8072355 1.733259 5.405073
v 1.5418006 1.733259 5.149439
v 1.7520881 2.2668035 4.931072
v 2.5545208 1.733259 4.6462793
v 2.5545208 0.030211031 4.6462793
v 2.2890856 0.030211031 4.390645
v 2.2890856 1.733259 4.390645
v 2.5545208 0.030211031 4.6462793
v 3.1352239 0.030211031 4.043261
v 2.8697348 0.030211031 3.7876275
v 2.2890856 0.030211031 4.390645
v 3.1352239 0.030211031 4.043261
v 3.1352239 1.733259 4.043261
v 2.8697348 1.733259 3.7876275
v 2.8697348 0.030211031 3.7876275
v 2.387939 1.733259 4.8020697
v 2.387939 0.030211031 4.8020697
v 1.8072355 0.030211031 5.405073
v 1.8072355 1.733259 5.405073
v 2.1776516 2.2668054 5.0204496
v 2.0175774 2.2668083 5.186692
v 2.387939 1.733259 4.8020697
v 2.1776516 2.2668054 5.0204496
v 1.9121624 2.2668052 4.7648163
v 2.12245 1.733259 4.546436
v 2.12245 1.733259 4.546436
v 1.5418006 0.030211031 5.149439
v 2.12245 0.030211031 4.546436
v 1.5418006 1.733259 5.149439
v 1.9121624 2.2668052 4.7648163
v 1.7520881 2.2668035 4.931072
v 1.9246343 2.2668054 -4.834957
v 2.1901236 2.2668052 -5.0905914
v 2.4004111 1.733259 -4.87221
v 2.134922 1.733259 -4.616576
v 1.8072355 1.733259 5.405073
v 1.8072355 0.030211031 5.405073
v 1.5418006 0.030211031 5.149439
v 1.5418006 1.733259 5.149439
v 1.8072355 0.030211031 5.405073
v 2.387939 0.030211031 4.8020697
v 2.12245 0.030211031 4.546436
v 1.5418006 0.030211031 5.149439
v 2.387939 0.030211031 4.8020697
v 2.387939 1.733259 4.8020697
v 2.12245 1.733259 4.546436
v 2.12245 0.030211031 4.546436
v 1.5542724 1.733259 -5.219594
v 2.134922 0.030211406 -4.616576
v 1.5542724 0.030211406 -5.219594
v 2.134922 1.733259 -4.616576
v 1.7645599 2.2668052 -5.0012136
v 1.9246343 2.2668054 -4.834957
v 1.5542724 1.733259 -5.219594
v 1.8197618 1.733259 -5.4752274
v 2.0300493 2.2668054 -5.256847
v 1.7645599 2.2668052 -5.0012136
v 1.8197618 1.733259 -5.4752274
v 1.8197618 0.030211406 -5.4752274
v 2.4004111 0.030211406 -4.87221
v 2.4004111 1.733259 -4.87221
v 2.0300493 2.2668054 -5.256847
v 2.1901236 2.2668052 -5.0905914
v 2.6346664 2.2668054 -4.0917387
v 2.9001553 2.2668052 -4.3473735
v 3.1104426 1.733259 -4.1289926
v 2.8449535 1.733259 -3.8733585
v 2.134922 1.733259 -4.616576
v 2.4004111 1.733259 -4.87221
v 2.4004111 0.030211406 -4.87221
v 2.134922 0.030211406 -4.616576
v 2.134922 0.030211406 -4.616576
v 2.4004111 0.030211406 -4.87221
v 1.8197618 0.030211406 -5.4752274
v 1.5542724 0.030211406 -5.219594
v 1.5542724 0.030211406 -5.219594
v 1.8197618 0.030211406 -5.4752274
v 1.8197618 1.733259 -5.4752274
v 1.5542724 1.733259 -5.219594
v 2.2643044 1.733259 -4.4763756
v 2.8449535 0.030211406 -3.8733585
v 2.2643044 0.030211406 -4.4763756
v 2.8449535 1.733259 -3.8733585
v 2.474592 2.2668052 -4.2579956
v 2.6346664 2.2668054 -4.0917387
v 2.2643044 1.733259 -4.4763756
v 2.5297935 1.733259 -4.732009
v 2.740081 2.2668054 -4.513629
v 2.474592 2.2668052 -4.2579956
v 2.5297935 1.733259 -4.732009
v 2.5297935 0.030211406 -4.732009
v 3.1104426 0.030211406 -4.1289926
v 3.1104426 1.733259 -4.1289926
v 2.740081 2.2668054 -4.513629
v 2.9001553 2.2668052 -4.3473735
v 3.3819513 2.2668035 -3.332931
v 3.6474404 2.266804 -3.5885646
v 3.8577275 1.733259 -3.3701978
v 3.5922387 1.733259 -3.114564
v 2.8449535 1.733259 -3.8733585
v 3.1104426 1.733259 -4.1289926
v 3.1104426 0.030211406 -4.1289926
v 2.8449535 0.030211406 -3.8733585
v 2.8449535 0.030211406 -3.8733585
v 3.1104426 0.030211406 -4.1289926
v 2.5297935 0.030211406 -4.732009
v 2.2643044 0.030211406 -4.4763756
v 2.2643044 0.030211406 -4.4763756
v 2.5297935 0.030211406 -4.732009
v 2.5297935 1.733259 -4.732009
v 2.2643044 1.733259 -4.4763756
v 3.0115895 1.733259 -3.717568
v 3.5922387 0.030211406 -3.114564
v 3.0115895 0.030211406 -3.717568
v 3.5922387 1.733259 -3.114564
v 3.2218769 2.2668052 -3.4991872
v 3.3819513 2.2668035 -3.332931
v 3.0115895 1.733259 -3.717568
v 3.2770789 1.733259 -3.9732018
v 3.487366 2.2668054 -3.754821
v 3.2218769 2.2668052 -3.4991872
v 3.2770789 1.733259 -3.9732018
v 3.2770789 0.030211406 -3.9732018
v 3.8577275 0.030211406 -3.3701978
v 3.8577275 1.733259 -3.3701978
v 3.487366 2.2668054 -3.754821
v 3.6474404 2.266804 -3.5885646
v 3.5922387 1.733259 -3.114564
v 3.8577275 1.733259 -3.3701978
v 3.8577275 0.030211406 -3.3701978
v 3.5922387 0.030211406 -3.114564
v 3.5922387 0.030211406 -3.114564
v 3.8577275 0.030211406 -3.3701978
v 3.2770789 0.030211406 -3.9732018
v 3.0115895 0.030211406 -3.717568
v 3.0115895 0.030211406 -3.717568
v 3.2770789 0.030211406 -3.9732018
v 3.2770789 1.733259 -3.9732018
v 3.0115895 1.733259 -3.717568
v 3.6349144 2.2668161 3.5184374
v 3.4748397 2.2668052 3.6846666
v 3.2094052 2.2668107 3.4290328
v 3.369479 2.2668052 3.2628036
v 2.9249368 2.2668054 4.2616415
v 2.7648623 2.2668092 4.427885
v 2.499373 2.2668054 4.172264
v 2.6594477 2.2668052 4.0060086
v 2.1776516 2.2668054 5.0204496
v 2.0175774 2.2668083 5.186692
v 1.7520881 2.2668035 4.931072
v 1.9121624 2.2668052 4.7648163
v 1.9246343 2.2668054 -4.834957
v 1.7645599 2.2668052 -5.0012136
v 2.0300493 2.2668054 -5.256847
v 2.1901236 2.2668052 -5.0905914
v 2.6346664 2.2668054 -4.0917387
v 2.474592 2.2668052 -4.2579956
v 2.740081 2.2668054 -4.513629
v 2.9001553 2.2668052 -4.3473735
v 3.3819513 2.2668035 -3.332931
v 3.2218769 2.2668052 -3.4991872
v 3.487366 2.2668054 -3.754821
v 3.6474404 2.266804 -3.5885646
v 3.4748397 2.2668052 3.6846666
v 3.264552 1.733259 3.9030602
v 2.9991176 1.733259 3.6474133
v 3.2094052 2.2668107 3.4290328
v -1.4713072 3.1177318 -6.194274
v -2.2907665 3.3676422 -6.1939487
v -2.4979632 3.1177318 -6.1938953
v -2.4979632 5.366358 -6.1938953
v -1.4713072 3.3676422 -6.1942616
v -2.2907665 5.1606846 -6.1939487
v -0.4447053 3.1177318 -6.1946545
v -1.9876448 5.811231 -6.194153
v -0.6519019 3.3676422 -6.1945724
v -1.987265 5.4805098 -6.1941385
v -1.4713072 5.8820086 -6.194274
v -1.4713072 5.613217 -6.1942616
v -0.9549696 5.81123 -6.194396
v -0.95534915 5.4805098 -6.194396
v -0.4447053 5.366358 -6.1946545
v -0.6519019 5.1606846 -6.1945724
v -1.464312 3.1177318 6.0756288
v -0.6449068 3.3676422 6.075303
v -0.43771017 3.1177318 6.0752487
v -0.43771017 5.366358 6.0752487
v -1.464312 3.3676422 6.075615
v -0.6449068 5.1606846 6.075303
v -2.4909682 3.1177318 6.0760083
v -0.94797444 5.811231 6.075507
v -2.2837715 3.3676422 6.075941
v -0.94840825 5.4805098 6.075493
v -1.464312 5.8820086 6.0756288
v -1.464312 5.613217 6.075615
v -1.9807038 5.81123 6.075751
v -1.98027 5.4805098 6.075751
v -2.4909682 5.366358 6.0760083
v -2.2837715 5.1606846 6.075941
v -0.46064767 3.254034 -6.2955413
v -0.5745217 3.254034 -6.73256
v -0.46064767 3.254034 -6.838734
v -0.5745217 3.254034 -6.4015255
v -2.3501437 3.254034 -6.732276
v -2.4640179 3.254034 -6.29504
v -2.4640179 3.254034 -6.838273
v -2.3501437 3.254034 -6.4012275
v -2.4749713 3.254034 6.1769896
v -2.3610976 3.254034 6.6140094
v -2.4749713 3.254034 6.720183
v -2.3610976 3.254034 6.2829747
v -0.5854754 3.254034 6.6137376
v -0.47165552 3.254034 6.1764884
v -0.47165552 3.254034 6.7197223
v -0.5854754 3.254034 6.282676
v -0.19515845 10.09239 3.3486974
v 0.099992275 10.09239 4.4308667
v -0.19515845 10.09239 4.6897407
v 0.099992275 10.09239 3.6075573
v 1.0386399 10.09239 4.4308667
v 1.3337905 10.09239 3.3486974
v 1.3337905 10.09239 4.6897407
v 1.0386399 10.09239 3.6075573
vt 0.59710586 0.96674275
vt 0.59710586 0.96674275
vt 0.59710586 0.96674275
vt 0.59710586 0.96674275
vt 0.59710586 0.96674275
vt 0.59710586 0.96674275
vt 0.7866633 0.7803446
vt 0.7866633 0.7803446
vt 0.7866633 0.7803446
vt 0.59710586 0.96674275
vt 0.59710586 0.96674275
vt 0.59710586 0.96674275
vt 0.7866633 0.7803446
vt 0.7866633 0.7803446
vt 0.7866633 0.7803446
vt 0.7866633 0.7803446
vt 0.7866633 0.7803446
vt 0.7866633 0.7803446
vt 0.7866633 0.7803446
vt 0.7866633 0.7803446
vt 0.7866633 0.7803446
vt 0.7866633 0.7803446
vt 0.7866633 0.7803446
vt 0.7866633 0.7803446
vt 0.7866633 0.7803446
vt 0.7866633 0.7803446
vt 0.7866633 0.7803446
vt 0.59710586 0.96674275
vt 0.59710586 0.96674275
vt 0.59710586 0.96674275
vt 0.7866633 0.7803446
vt 0.7866633 0.7803446
vt 0.7866633 0.7803446
vt 0.7866633 0.7803446
vt 0.7866633 0.7803446
vt 0.7866633 0.7803446
vt 0.59710586 0.96674275
vt 0.59710586 0.96674275
vt 0.59710586 0.96674275
vt 0.59710586 0.96674275
vt 0.59710586 0.96674275
vt 0.59710586 0.96674275
vt 0.59710586 0.96674275
vt 0.59710586 0.96674275
vt 0.59710586 0.96674275
vt 0.59710586 0.96674275
vt 0.59710586 0.96674275
vt 0.59710586 0.96674275
vt 0.59710586 0.96674275
vt 0.59710586 0.96674275
vt 0.59710586 0.96674275
vt 0.59710586 0.96674275
vt 0.59710586 0.96674275
vt 0.59710586 0.96674275
vt 0.6093298 0.09277862
vt 0.6093298 0.09277862
vt 0.6093298 0.09277862
vt 0.6093298 0.09277862
vt 0.6093298 0.09277862
vt 0.6093298 0.09277862
vt 0.6093298 0.09277862
vt 0.6093298 0.09277862
vt 0.60932976 0.092778616
vt 0.6093298 0.09277862
vt 0.6093298 0.09277862
vt 0.6093298 0.09277862
vt 0.6093298 0.09277862
vt 0.6093298 0.09277862
vt 0.6093298 0.09277862
vt 0.6093298 0.09277862
vt 0.6093298 0.09277862
vt 0.6093299 0.09277862
vt 0.6093298 0.09277862
vt 0.6093298 0.09277862
vt 0.6093298 0.09277862
vt 0.6093298 0.09277862
vt 0.6093299 0.09277862
vt 0.6093298 0.09277862
vt 0.6093298 0.09277862
vt 0.6093298 0.09277862
vt 0.60932976 0.092778616
vt 0.6093298 0.09277862
vt 0.6093298 0.09277862
vt 0.6093298 0.09277862
vt 0.6093298 0.09277862
vt 0.6093298 0.09277862
vt 0.60932976 0.092778616
vt 0.6093298 0.09277862
vt 0.6093298 0.09277863
vt 0.6093298 0.09277862
vt 0.6093298 0.09277862
vt 0.6093298 0.09277862
vt 0.6093298 0.09277863
vt 0.6093298 0.09277862
vt 0.6093298 0.09277862
vt 0.6093298 0.09277862
vt 0.6093298 0.09277862
vt 0.6093298 0.09277862
vt 0.6093298 0.09277862
vt 0.6093298 0.09277862
vt 0.6093298 0.09277862
vt 0.6093298 0.09277862
vt 0.6093298 0.09277862
vt 0.6093298 0.09277862
vt 0.6093298 0.09277862
vt 0.6093298 0.09277862
vt 0.6093298 0.09277862
vt 0.6093298 0.09277862
vt 0.6093298 0.09277862
vt 0.6093298 0.09277862
vt 0.47643068 0.97292185
vt 0.47643068 0.97292185
vt 0.47643068 0.97292185
vt 0.47643068 0.97292185
vt 0.47643068 0.97292185
vt 0.47643068 0.97292185
vt 0.47643068 0.97292185
vt 0.47643068 0.97292185
vt 0.47643068 0.97292185
vt 0.47643068 0.97292185
vt 0.47643068 0.97292185
vt 0.47643068 0.97292185
vt 0.47643068 0.97292185
vt 0.47643068 0.97292185
vt 0.47643068 0.97292185
vt 0.47643068 0.97292185
vt 0.47643068 0.97292185
vt 0.47643068 0.97292185
vt 0.47643068 0.97292185
vt 0.47643068 0.97292185
vt 0.789872 0.7622893
vt 0.789872 0.7622893
vt 0.789872 0.7622893
vt 0.789872 0.7622893
vt 0.47643068 0.97292185
vt 0.47643068 0.97292185
vt 0.47643068 0.97292185
vt 0.47643068 0.97292185
vt 0.47643068 0.97292185
vt 0.47643068 0.97292185
vt 0.47643068 0.97292185
vt 0.47643068 0.97292185
vt 0.47643068 0.97292185
vt 0.47643068 0.97292185
vt 0.47643068 0.97292185
vt 0.47643068 0.97292185
vt 0.47643068 0.97292185
vt 0.47643068 0.97292185
vt 0.47643068 0.97292185
vt 0.47643068 0.97292185
vt 0.47643068 0.97292185
vt 0.47643068 0.97292185
vt 0.47643068 0.97292185
vt 0.47643068 0.97292185
vt 0.789872 0.7622893
vt 0.789872 0.7622893
vt 0.789872 0.7622893
vt 0.789872 0.7622893
vt 0.59710586 0.96674275
vt 0.59710586 0.96674275
vt 0.59710586 0.96674275
vt 0.59710586 0.96674275
vt 0.789872 0.7622893
vt 0.789872 0.7622893
vt 0.789872 0.7622893
vt 0.789872 0.7622893
vt 0.7221687 0.7898721
vt 0.7221687 0.7898721
vt 0.7221687 0.7898721
vt 0.7221687 0.7898721
vt 0.7221687 0.7898721
vt 0.7221687 0.7898721
vt 0.7171589 0.7835039
vt 0.7171589 0.7835039
vt 0.7171589 0.7835039
vt 0.7171589 0.7835039
vt 0.7171589 0.7835039
vt 0.7171589 0.7835039
vt 0.7171589 0.7835039
vt 0.7171589 0.7835039
vt 0.7171589 0.7835039
vt 0.7171589 0.7835039
vt 0.7171589 0.7835039
vt 0.7171589 0.7835039
vt 0.7171589 0.7835039
vt 0.7171589 0.7835039
vt 0.7171589 0.7835039
vt 0.7171589 0.7835039
vt 0.7171589 0.7835039
vt 0.7171589 0.7835039
vt 0.7171589 0.7835039
vt 0.7171589 0.7835039
vt 0.7171589 0.7835039
vt 0.7171589 0.7835039
vt 0.7171589 0.7835039
vt 0.7171589 0.7835039
vt 0.59710586 0.96674275
vt 0.59710586 0.96674275
vt 0.59710586 0.96674275
vt 0.59710586 0.96674275
vt 0.59710586 0.96674275
vt 0.59710586 0.96674275
vt 0.59710586 0.96674275
vt 0.59710586 0.96674275
vt 0.59710586 0.96674275
vt 0.59710586 0.96674275
vt 0.59710586 0.96674275
vt 0.59710586 0.96674275
vt 0.59710586 0.96674275
vt 0.59710586 0.96674275
vt 0.59710586 0.96674275
vt 0.59710586 0.96674275
vt 0.59710586 0.96674275
vt 0.59710586 0.96674275
vt 0.59710586 0.96674275
vt 0.59710586 0.96674275
vt 0.59710586 0.96674275
vt 0.59710586 0.96674275
vt 0.59710586 0.96674275
vt 0.59710586 0.96674275
vt 0.59710586 0.96674275
vt 0.59710586 0.96674275
vt 0.59710586 0.96674275
vt 0.59710586 0.96674275
vt 0.59710586 0.96674275
vt 0.59710586 0.96674275
vt 0.59710586 0.96674275
vt 0.59710586 0.96674275
vt 0.59710586 0.96674275
vt 0.59710586 0.96674275
vt 0.59710586 0.96674275
vt 0.59710586 0.96674275
vt 0.59710586 0.96674275
vt 0.59710586 0.96674275
vt 0.59710586 0.96674275
vt 0.59710586 0.96674275
vt 0.59710586 0.96674275
vt 0.59710586 0.96674275
vt 0.59710586 0.96674275
vt 0.59710586 0.96674275
vt 0.59710586 0.96674275
vt 0.59710586 0.96674275
vt 0.59710586 0.96674275
vt 0.59710586 0.96674275
vt 0.59710586 0.96674275
vt 0.59710586 0.96674275
vt 0.7221687 0.7898721
vt 0.7221687 0.7898721
vt 0.7221687 0.7898721
vt 0.7221687 0.7898721
vt 0.7221687 0.7898721
vt 0.7221687 0.7898721
vt 0.789872 0.7622893
vt 0.789872 0.7622893
vt 0.789872 0.7622893
vt 0.789872 0.7622893
vt 0.789872 0.7622893
vt 0.789872 0.7622893
vt 0.789872 0.7622893
vt 0.789872 0.7622893
vt 0.7221687 0.7898721
vt 0.7221687 0.7898721
vt 0.7221687 0.7898721
vt 0.7221687 0.7898721
vt 0.7221687 0.7898721
vt 0.7221687 0.7898721
vt 0.789872 0.7622893
vt 0.789872 0.7622893
vt 0.789872 0.7622893
vt 0.789872 0.7622893
vt 0.59710586 0.96674275
vt 0.59710586 0.96674275
vt 0.59710586 0.96674275
vt 0.59710586 0.96674275
vt 0.1552378 0.039804563
vt 0.1552378 0.039804563
vt 0.1552378 0.039804563
vt 0.1552378 0.039804563
vt 0.1552378 0.039804563
vt 0.1552378 0.039804563
vt 0.1552378 0.039804563
vt 0.1552378 0.039804563
vt 0.28061432 0.01974432
vt 0.28061432 0.01974432
vt 0.28061432 0.01974432
vt 0.28061432 0.01974432
vt 0.1552378 0.039804563
vt 0.1552378 0.039804563
vt 0.1552378 0.039804563
vt 0.1552378 0.039804563
vt 0.1552378 0.039804563
vt 0.1552378 0.039804563
vt 0.1552378 0.039804563
vt 0.1552378 0.039804563
vt 0.28061432 0.01974432
vt 0.28061432 0.01974432
vt 0.28061432 0.01974432
vt 0.28061432 0.01974432
vt 0.1552378 0.039804563
vt 0.1552378 0.039804563
vt 0.1552378 0.039804563
vt 0.1552378 0.039804563
vt 0.1552378 0.039804563
vt 0.1552378 0.039804563
vt 0.1552378 0.039804563
vt 0.1552378 0.039804563
vt 0.28061432 0.01974432
vt 0.28061432 0.01974432
vt 0.28061432 0.01974432
vt 0.28061432 0.01974432
vt 0.1552378 0.039804563
vt 0.1552378 0.039804563
vt 0.1552378 0.039804563
vt 0.1552378 0.039804563
vt 0.1552378 0.039804563
vt 0.1552378 0.039804563
vt 0.1552378 0.039804563
vt 0.1552378 0.039804563
vt 0.1552378 0.039804563
vt 0.1552378 0.039804563
vt 0.1552378 0.039804563
vt 0.1552378 0.039804563
vt 0.1552378 0.039804563
vt 0.1552378 0.039804563
vt 0.1552378 0.039804563
vt 0.1552378 0.039804563
vt 0.1552378 0.039804563
vt 0.1552378 0.039804563
vt 0.1552378 0.039804563
vt 0.1552378 0.039804563
vt 0.1552378 0.039804563
vt 0.1552378 0.039804563
vt 0.1552378 0.039804563
vt 0.1552378 0.039804563
vt 0.1552378 0.039804563
vt 0.1552378 0.039804563
vt 0.1552378 0.039804563
vt 0.1552378 0.039804563
vt 0.1552378 0.039804563
vt 0.1552378 0.039804563
vt 0.1552378 0.039804563
vt 0.1552378 0.039804563
vt 0.28061432 0.01974432
vt 0.28061432 0.01974432
vt 0.28061432 0.01974432
vt 0.28061432 0.01974432
vt 0.1552378 0.039804563
vt 0.1552378 0.039804563
vt 0.1552378 0.039804563
vt 0.1552378 0.039804563
vt 0.1552378 0.039804563
vt 0.1552378 0.039804563
vt 0.1552378 0.039804563
vt 0.1552378 0.039804563
vt 0.28061432 0.01974432
vt 0.28061432 0.01974432
vt 0.28061432 0.01974432
vt 0.28061432 0.01974432
vt 0.28061432 0.01974432
vt 0.28061432 0.01974432
vt 0.28061432 0.01974432
vt 0.28061432 0.01974432
vt 0.1552378 0.039804563
vt 0.1552378 0.039804563
vt 0.1552378 0.039804563
vt 0.1552378 0.039804563
vt 0.1552378 0.039804563
vt 0.1552378 0.039804563
vt 0.1552378 0.039804563
vt 0.1552378 0.039804563
vt 0.1552378 0.039804563
vt 0.1552378 0.039804563
vt 0.1552378 0.039804563
vt 0.1552378 0.039804563
vt 0.1552378 0.039804563
vt 0.1552378 0.039804563
vt 0.1552378 0.039804563
vt 0.1552378 0.039804563
vt 0.28061432 0.01974432
vt 0.28061432 0.01974432
vt 0.28061432 0.01974432
vt 0.28061432 0.01974432
vt 0.1552378 0.039804563
vt 0.1552378 0.039804563
vt 0.1552378 0.039804563
vt 0.1552378 0.039804563
vt 0.1552378 0.039804563
vt 0.1552378 0.039804563
vt 0.1552378 0.039804563
vt 0.1552378 0.039804563
vt 0.28061432 0.01974432
vt 0.28061432 0.01974432
vt 0.28061432 0.01974432
vt 0.28061432 0.01974432
vt 0.1552378 0.039804563
vt 0.1552378 0.039804563
vt 0.1552378 0.039804563
vt 0.1552378 0.039804563
vt 0.1552378 0.039804563
vt 0.1552378 0.039804563
vt 0.1552378 0.039804563
vt 0.1552378 0.039804563
vt 0.28061432 0.01974432
vt 0.28061432 0.01974432
vt 0.28061432 0.01974432
vt 0.28061432 0.01974432
vt 0.28061432 0.01974432
vt 0.28061432 0.01974432
vt 0.28061432 0.01974432
vt 0.28061432 0.01974432
vt 0.1552378 0.039804563
vt 0.1552378 0.039804563
vt 0.1552378 0.039804563
vt 0.1552378 0.039804563
vt 0.1552378 0.039804563
vt 0.1552378 0.039804563
vt 0.1552378 0.039804563
vt 0.1552378 0.039804563
vt 0.1552378 0.039804563
vt 0.1552378 0.039804563
vt 0.1552378 0.039804563
vt 0.1552378 0.039804563
vt 0.1552378 0.039804563
vt 0.1552378 0.039804563
vt 0.1552378 0.039804563
vt 0.1552378 0.039804563
vt 0.28061432 0.01974432
vt 0.28061432 0.01974432
vt 0.28061432 0.01974432
vt 0.28061432 0.01974432
vt 0.1552378 0.039804563
vt 0.1552378 0.039804563
vt 0.1552378 0.039804563
vt 0.1552378 0.039804563
vt 0.1552378 0.039804563
vt 0.1552378 0.039804563
vt 0.1552378 0.039804563
vt 0.1552378 0.039804563
vt 0.28061432 0.01974432
vt 0.28061432 0.01974432
vt 0.28061432 0.01974432
vt 0.28061432 0.01974432
vt 0.1552378 0.039804563
vt 0.1552378 0.039804563
vt 0.1552378 0.039804563
vt 0.1552378 0.039804563
vt 0.1552378 0.039804563
vt 0.1552378 0.039804563
vt 0.1552378 0.039804563
vt 0.1552378 0.039804563
vt 0.28061432 0.01974432
vt 0.28061432 0.01974432
vt 0.28061432 0.01974432
vt 0.28061432 0.01974432
vt 0.28061432 0.01974432
vt 0.28061432 0.01974432
vt 0.28061432 0.01974432
vt 0.28061432 0.01974432
vt 0.1552378 0.039804563
vt 0.1552378 0.039804563
vt 0.1552378 0.039804563
vt 0.1552378 0.039804563
vt 0.1552378 0.039804563
vt 0.1552378 0.039804563
vt 0.1552378 0.039804563
vt 0.1552378 0.039804563
vt 0 0
vt 0 0
vt 0 0
vt 0 0
vt 0 0
vt 0 0
vt 0 0
vt 0 0
vt 0.2906444 0.032281972
vt 0.2906444 0.032281972
vt 0.2906444 0.032281972
vt 0.2906444 0.032281972
vt 0.1552378 0.039804563
vt 0.1552378 0.039804563
vt 0.1552378 0.039804563
vt 0.1552378 0.039804563
vt 0.1552378 0.039804563
vt 0.1552378 0.039804563
vt 0.1552378 0.039804563
vt 0.1552378 0.039804563
vt 0.1552378 0.039804563
vt 0.1552378 0.039804563
vt 0.1552378 0.039804563
vt 0.1552378 0.039804563
vt 0.1552378 0.039804563
vt 0.1552378 0.039804563
vt 0.1552378 0.039804563
vt 0.1552378 0.039804563
vt 0.1552378 0.039804563
vt 0.1552378 0.039804563
vt 0 0
vt 0 0
vt 0 0
vt 0 0
vt 0 0
vt 0 0
vt 0 0
vt 0 0
vt 0 0
vt 0 0
vt 0 0
vt 0 0
vt 0 0
vt 0.15921827 0.023882747
vt 0.15921827 0.023882747
vt 0.15921827 0.023882747
vt 0.15921827 0.023882747
vt 0.15921827 0.023882747
vt 0.15921827 0.023882747
vt 0.15921827 0.023882747
vt 0.27465147 0.019902289
vt 0.27465147 0.019902289
vt 0.27465147 0.019902289
vt 0.27465147 0.019902289
vt 0.2906444 0.032281972
vt 0.2906444 0.032281972
vt 0.2906444 0.032281972
vt 0.2906444 0.032281972
vt 0.27465147 0.019902289
vt 0.27465147 0.019902289
vt 0.27465147 0.019902289
vt 0.27465147 0.019902289
vt 0.27465147 0.019902289
vt 0.27465147 0.019902289
vt 0.27465147 0.019902289
vt 0.27465147 0.019902289
vt 0.2746515 0.03184365
vt 0.2746515 0.03184365
vt 0.2746515 0.03184365
vt 0.2746515 0.03184365
vt 0.2746515 0.03184365
vt 0.2746515 0.03184365
vt 0.2746515 0.03184365
vt 0.2746515 0.03184365
vt 0.2746515 0.03184365
vt 0.2746515 0.03184365
vt 0.27465147 0.019902289
vt 0.27465147 0.019902289
vt 0.27465147 0.019902289
vt 0.27465147 0.019902289
vt 0.34980625 0.1598145
vt 0.34980625 0.1598145
vt 0.34980625 0.1598145
vt 0.34980625 0.15479945
vt 0.34980625 0.15479945
vt 0.34980625 0.1598145
vt 0.34980625 0.1598145
vt 0.34980625 0.1598145
vt 0.34980625 0.1598145
vt 0.34980625 0.15479945
vt 0.34980625 0.1598145
vt 0.34980625 0.15479945
vt 0.27465147 0.019902289
vt 0.27465147 0.019902289
vt 0.27465147 0.019902289
vt 0.27465147 0.019902289
vt 0.27465147 0.019902289
vt 0.27465147 0.019902289
vt 0.27465147 0.019902289
vt 0.27465147 0.019902289
vt 0.27465147 0.019902289
vt 0.27465147 0.019902289
vt 0.27465147 0.019902289
vt 0.27465147 0.019902289
vt 0.27465147 0.019902289
vt 0.27465147 0.019902289
vt 0.27465147 0.019902289
vt 0.27465147 0.019902289
vt 0.27465147 0.019902289
vt 0.27465147 0.019902289
vt 0.27465147 0.019902289
vt 0.27465147 0.019902289
vt 0.2905733 0.027863193
vt 0.2905733 0.027863193
vt 0.2905733 0.027863193
vt 0.2905733 0.027863193
vt 0.2905733 0.027863193
vt 0.2905733 0.027863193
vt 0.2905733 0.027863193
vt 0.2905733 0.027863193
vt 0.2905733 0.027863193
vt 0.2905733 0.027863193
vt 0.2905733 0.027863193
vt 0.2905733 0.027863193
vt 0.2905733 0.027863193
vt 0.2905733 0.027863193
vt 0.2905733 0.027863193
vt 0.2905733 0.027863193
vt 0.15921824 0.027863193
vt 0.15921824 0.027863193
vt 0.15921824 0.027863193
vt 0.15921824 0.027863193
vt 0.77618897 0.019902281
vt 0.77618897 0.019902281
vt 0.77618897 0.019902281
vt 0.77618897 0.019902281
vt 0.77618897 0.019902281
vt 0.77618897 0.019902281
vt 0.77618897 0.019902281
vt 0.77618897 0.019902281
vt 0.77618897 0.019902281
vt 0.77618897 0.019902281
vt 0.77618897 0.019902281
vt 0.77618897 0.019902281
vt 0.77618897 0.019902281
vt 0.77618897 0.019902281
vt 0.77618897 0.019902281
vt 0.77618897 0.019902281
vt 0.77618897 0.019902281
vt 0.77618897 0.019902281
vt 0.77618897 0.019902281
vt 0.77618897 0.019902281
vt 0.77618897 0.019902281
vt 0.77618897 0.019902281
vt 0.77618897 0.019902281
vt 0.77618897 0.019902281
vt 0.77618897 0.019902281
vt 0.77618897 0.019902281
vt 0.77618897 0.019902281
vt 0.77618897 0.019902281
vt 0.77618897 0.019902281
vt 0.77618897 0.019902281
vt 0.77618897 0.019902281
vt 0.77618897 0.019902281
vt 0.77618897 0.019902281
vt 0.77618897 0.019902281
vt 0.77618897 0.019902281
vt 0.77618897 0.019902281
vt 0.77618897 0.019902281
vt 0.77618897 0.019902281
vt 0.77618897 0.019902281
vt 0.77618897 0.019902281
vt 0.77618897 0.019902281
vt 0.77618897 0.019902281
vt 0.77618897 0.019902281
vt 0.77618897 0.019902281
vt 0.77618897 0.019902281
vt 0.77618897 0.019902281
vt 0.77618897 0.019902281
vt 0.77618897 0.019902281
vt 0.77618897 0.019902281
vt 0.77618897 0.019902281
vt 0.77618897 0.019902281
vt 0.77618897 0.019902281
vt 0.77618897 0.019902281
vt 0.77618897 0.019902281
vt 0.77618897 0.019902281
vt 0.77618897 0.019902281
vt 0.77618897 0.019902281
vt 0.77618897 0.019902281
vt 0.77618897 0.019902281
vt 0.77618897 0.019902281
vt 0.77618897 0.019902281
vt 0.77618897 0.019902281
vt 0.77618897 0.019902281
vt 0.77618897 0.019902281
vt 0.77618897 0.019902281
vt 0.77618897 0.019902281
vt 0.77618897 0.019902281
vt 0.77618897 0.019902281
vt 0.77618897 0.019902281
vt 0.77618897 0.019902281
vt 0.77618897 0.019902281
vt 0.77618897 0.019902281
vt 0.8597785 0.27863196
vt 0.8597785 0.27863196
vt 0.8597785 0.27863196
vt 0.8597785 0.27863196
vt 0.8597785 0.27863196
vt 0.8597785 0.27863196
vt 0.8597785 0.27863196
vt 0.8597785 0.27863196
vt 0.8597785 0.27863196
vt 0.8597785 0.27863196
vt 0.8597785 0.27863196
vt 0.8597785 0.27863196
vt 0.8597785 0.27863196
vt 0.8597785 0.27863196
vt 0.8597785 0.27863196
vt 0.8597785 0.27863196
vt 0.8597785 0.27863196
vt 0.8597785 0.27863196
vt 0.8597785 0.27863196
vt 0.8597785 0.27863196
vt 0.8597785 0.27863196
vt 0.8597785 0.27863196
vt 0.8597785 0.27863196
vt 0.8597785 0.27863196
vt 0.77618897 0.019902281
vt 0.77618897 0.019902281
vt 0.77618897 0.019902281
vt 0.77618897 0.019902281
vt 0.77618897 0.019902281
vt 0.77618897 0.019902281
vt 0.77618897 0.019902281
vt 0.77618897 0.019902281
vt 0.77618897 0.019902281
vt 0.77618897 0.019902281
vt 0.77618897 0.019902281
vt 0.77618897 0.019902281
vt 0.77618897 0.019902281
vt 0.77618897 0.019902281
vt 0.77618897 0.019902281
vt 0.77618897 0.019902281
vt 0.77618897 0.019902281
vt 0.77618897 0.019902281
vt 0.77618897 0.019902281
vt 0.77618897 0.019902281
vt 0.77618897 0.019902281
vt 0.77618897 0.019902281
vt 0.77618897 0.019902281
vt 0.77618897 0.019902281
vt 0.8597785 0.27863196
vt 0.8597785 0.27863196
vt 0.8597785 0.27863196
vt 0.8597785 0.27863196
vt 0.8597785 0.27863196
vt 0.8597785 0.27863196
vt 0.8597785 0.27863196
vt 0.8597785 0.27863196
vt 0.8597785 0.27863196
vt 0.8597785 0.27863196
vt 0.8597785 0.27863196
vt 0.8597785 0.27863196
vt 0.8597785 0.27863196
vt 0.8597785 0.27863196
vt 0.8597785 0.27863196
vt 0.8597785 0.27863196
vt 0.8597785 0.27863196
vt 0.8597785 0.27863196
vt 0.8597785 0.27863196
vt 0.8597785 0.27863196
vt 0.8597785 0.27863196
vt 0.8597785 0.27863196
vt 0.8597785 0.27863196
vt 0.8597785 0.27863196
vt 0.71616244 0.032539442
vt 0.71616244 0.032539442
vt 0.71616244 0.032539442
vt 0.71616244 0.032539442
vt 0.8597786 0.29455376
vt 0.8597786 0.29455376
vt 0.8597786 0.29455376
vt 0.8597786 0.29455376
vt 0.71616256 0.032539442
vt 0.71616244 0.032539442
vt 0.71616244 0.032539442
vt 0.71616244 0.032539442
vt 0.71616244 0.032539442
vt 0.71616244 0.032539442
vt 0.71616244 0.032539442
vt 0.71616244 0.032539442
vt 0.776189 0.019902281
vt 0.77618897 0.019902281
vt 0.77618897 0.019902281
vt 0.77618897 0.019902281
vt 0.8597786 0.29455376
vt 0.8597786 0.29455376
vt 0.8597786 0.29455376
vt 0.8597786 0.29455376
vt 0.8597786 0.29455376
vt 0.8597786 0.29455376
vt 0.8597786 0.29455376
vt 0.8597786 0.29455376
vt 0.8597786 0.29455376
vt 0.8597786 0.29455376
vt 0.8597786 0.29455376
vt 0.8597786 0.29455376
vt 0.8597786 0.29455376
vt 0.8597786 0.29455376
vt 0.8597786 0.29455376
vt 0.8597786 0.29455376
vt 0.8597786 0.023882715
vt 0.8597786 0.023882715
vt 0.8597786 0.023882715
vt 0.8597786 0.023882715
vt 0.8597786 0.29455376
vt 0.8597786 0.29455376
vt 0.8597786 0.29455376
vt 0.8597786 0.29455376
vt 0.8597786 0.29455376
vt 0.8597786 0.29455376
vt 0.8597786 0.29455376
vt 0.8597786 0.29455376
vt 0.8597786 0.29455376
vt 0.8597786 0.29455376
vt 0.8597786 0.29455376
vt 0.8597786 0.29455376
vt 0.8557981 0.2826124
vt 0.8557981 0.2826124
vt 0.8557981 0.2826124
vt 0.8557981 0.2826124
vt 0.776189 0.019902281
vt 0.776189 0.019902281
vt 0.77618897 0.019902281
vt 0.776189 0.019902281
vt 0.71616244 0.032539442
vt 0.71616244 0.032539442
vt 0.71616244 0.032539442
vt 0.71616256 0.032539442
vt 0.6519579 0.10280874
vt 0.6519579 0.10280874
vt 0.6519579 0.10280874
vt 0.6519579 0.10280874
vt 0.709631 0.10030121
vt 0.709631 0.10030121
vt 0.709631 0.10030121
vt 0.709631 0.10030121
vt 0.6519579 0.10280874
vt 0.6519579 0.10280874
vt 0.6519579 0.10280874
vt 0.6519579 0.10280874
vt 0.709631 0.10030121
vt 0.709631 0.10030121
vt 0.709631 0.10030121
vt 0.709631 0.10030121
vt 0.7246763 0.09027109
vt 0.7246763 0.09027109
vt 0.7246763 0.09027109
vt 0.7246763 0.09027109
vt 0.7246763 0.09027109
vt 0.7246763 0.09027109
vt 0.7246763 0.09027109
vt 0.7246763 0.09027109
vt 0.7246763 0.09027109
vt 0.7246763 0.09027109
vt 0.7246763 0.09027109
vt 0.7246763 0.09027109
vt 0.27465147 0.019902289
vt 0.27465147 0.019902289
vt 0.27465147 0.019902289
vt 0.27465147 0.019902289
vt 0.27465147 0.019902289
vt 0.27465147 0.019902289
vt 0.27465147 0.019902289
vt 0.27465147 0.019902289
vt 0.27465147 0.019902289
vt 0.27465147 0.019902289
vt 0.27465147 0.019902289
vt 0.27465147 0.019902289
vt 0.27465147 0.019902289
vt 0.27465147 0.019902289
vt 0.27465147 0.019902289
vt 0.27465147 0.019902289
vt 0.27465147 0.019902289
vt 0.27465147 0.019902289
vt 0.27465147 0.019902289
vt 0.27465147 0.019902289
vt 0 0
vt 0 0
vt 0 0
vt 0 0
vt 0 0
vt 0.27465147 0.019902289
vt 0.27465147 0.019902289
vt 0.27465147 0.019902289
vt 0.27465147 0.019902289
vt 0.2906444 0.032281972
vt 0.2906444 0.032281972
vt 0.2906444 0.032281972
vt 0.2906444 0.032281972
vt 0 0
vt 0 0
vt 0 0
vt 0 0
vt 0.2906444 0.032281972
vt 0.2906444 0.032281972
vt 0.2906444 0.032281972
vt 0.2906444 0.032281972
vt 0 0
vt 0 0
vt 0 0
vt 0 0
vt 0 0
vt 0 0
vt 0 0
vt 0 0
vt 0 0
vt 0 0
vt 0 0
vt 0 0
vt 0.1552378 0.039804563
vt 0.1552378 0.039804563
vt 0.1552378 0.039804563
vt 0.1552378 0.039804563
vt 0.1552378 0.039804563
vt 0.1552378 0.039804563
vt 0.1552378 0.039804563
vt 0.1552378 0.039804563
vt 0.1552378 0.039804563
vt 0.1552378 0.039804563
vt 0.1552378 0.039804563
vt 0.1552378 0.039804563
vt 0.1552378 0.039804563
vt 0.1552378 0.039804563
vt 0.1552378 0.039804563
vt 0.1552378 0.039804563
vt 0.1552378 0.039804563
vt 0.1552378 0.039804563
vt 0.2906444 0.032281972
vt 0.2906444 0.032281972
vt 0.2906444 0.032281972
vt 0.2906444 0.032281972
vt 0.2906444 0.032281972
vt 0.2906444 0.032281972
vt 0.2906444 0.032281972
vt 0.2906444 0.032281972
vt 0.2906444 0.032281972
vt 0.2906444 0.032281972
vt 0.2906444 0.032281972
vt 0.2906444 0.032281972
vt 0.2906444 0.032281972
vt 0.2906444 0.032281972
vt 0.2906444 0.032281972
vt 0.2906444 0.032281972
vt 0.27465147 0.019902289
vt 0.27465147 0.019902289
vt 0.27465147 0.019902289
vt 0.27465147 0.019902289
vt 0.77618897 0.019902281
vt 0.77618897 0.019902281
vt 0.77618897 0.019902281
vt 0.77618897 0.019902281
vt 0.77618897 0.019902281
vt 0.7761891 0.019902283
vt 0.77618897 0.019902281
vt 0.77618897 0.019902281
vt 0.77618897 0.019902281
vt 0.77618897 0.019902281
vt 0.77618897 0.019902281
vt 0.776189 0.019902281
vt 0.776189 0.019902281
vt 0.77618897 0.019902281
vt 0.77618897 0.019902281
vt 0.77618897 0.019902281
vt 0.7761891 0.019902283
vt 0.776189 0.019902281
vt 0.7761891 0.019902283
vt 0.77618897 0.019902281
vt 0.776189 0.019902281
vt 0.77618897 0.019902281
vt 0.59710586 0.96674275
vt 0.59710586 0.96674275
vt 0.59710586 0.96674275
vt 0.59710586 0.96674275
vt 0.59710586 0.96674275
vt 0.59710586 0.96674275
vt 0.59710586 0.96674275
vt 0.59710586 0.96674275
vt 0.59710586 0.96674275
vt 0.59710586 0.96674275
vt 0.59710586 0.96674275
vt 0.3538405 0.1642831
vt 0.3538405 0.1642831
vt 0.3538405 0.1642831
vt 0.3538405 0.1642831
vt 0.3538405 0.1642831
vt 0.3538405 0.1642831
vt 0.3538405 0.1642831
vt 0.3538405 0.1642831
vt 0.27801752 0.03475219
vt 0.27801752 0.03475219
vt 0.27801752 0.03475219
vt 0.27801752 0.03475219
vt 0.27801752 0.03475219
vt 0.27801752 0.03475219
vt 0.27801752 0.03475219
vt 0.27801752 0.03475219
vt 0.16744238 0.03791148
vt 0.16744238 0.03791148
vt 0.16744238 0.03791148
vt 0.16744238 0.03791148
vt 0.27801752 0.03475219
vt 0.27801752 0.03475219
vt 0.27801752 0.03475219
vt 0.27801752 0.03475219
vt 0.27801752 0.03475219
vt 0.27801752 0.03475219
vt 0.27801752 0.03475219
vt 0.27801752 0.03475219
vt 0.27801752 0.03475219
vt 0.27801752 0.03475219
vt 0.27801752 0.03475219
vt 0.27801752 0.03475219
vt 0.27801752 0.03475219
vt 0.27801752 0.03475219
vt 0.27801752 0.03475219
vt 0.27801752 0.03475219
vt 0.27801752 0.03475219
vt 0.27801752 0.03475219
vt 0.27801752 0.03475219
vt 0.27801752 0.03475219
vt 0.27801752 0.03475219
vt 0.27801752 0.03475219
vt 0.27801752 0.03475219
vt 0.27801752 0.03475219
vt 0.27801752 0.03475219
vt 0.27801752 0.03475219
vt 0.27801752 0.03475219
vt 0.27801752 0.03475219
vt 0.28433612 0.031592898
vt 0.28433612 0.031592898
vt 0.28433612 0.031592898
vt 0.28433612 0.031592898
vt 0.28433612 0.031592898
vt 0.28433612 0.031592898
vt 0.28433612 0.031592898
vt 0.28433612 0.031592898
vt 0.60342443 0.09793796
vt 0.60342443 0.09793796
vt 0.60342443 0.09793796
vt 0.60342443 0.09793796
vt 0.71399957 0.78666323
vt 0.71399957 0.78666323
vt 0.71399957 0.78666323
vt 0.71399957 0.78666323
vt 0.7203182 0.094778664
vt 0.7203182 0.094778664
vt 0.7203182 0.094778664
vt 0.7203182 0.094778664
vt 0.7203182 0.094778664
vt 0.7203182 0.094778664
vt 0.7203182 0.094778664
vt 0.7203182 0.094778664
vt 0.7203182 0.094778664
vt 0.7203182 0.094778664
vt 0.7203182 0.094778664
vt 0.7203182 0.094778664
vt 0.7866633 0.7803446
vt 0.7866633 0.7803446
vt 0.7866633 0.7803446
vt 0.7866633 0.7803446
vt 0.7866633 0.7803446
vt 0.7866633 0.7803446
vt 0.7866633 0.7803446
vt 0.7866633 0.7803446
vt 0.27801752 0.03475219
vt 0.27801752 0.03475219
vt 0.27801752 0.03475219
vt 0.27801752 0.03475219
vt 0.27801752 0.03475219
vt 0.27801752 0.03475219
vt 0.27801752 0.03475219
vt 0.27801752 0.03475219
vt 0.27801752 0.03475219
vt 0.27801752 0.03475219
vt 0.27801752 0.03475219
vt 0.27801752 0.03475219
vt 0.27801752 0.03475219
vt 0.27801752 0.03475219
vt 0.27801752 0.03475219
vt 0.27801752 0.03475219
vt 0.27801752 0.03475219
vt 0.27801752 0.03475219
vt 0.27801752 0.03475219
vt 0.27801752 0.03475219
vt 0.27801752 0.03475219
vt 0.27801752 0.03475219
vt 0.27801752 0.03475219
vt 0.27801752 0.03475219
vt 0.33488476 0.028433576
vt 0.33488476 0.028433576
vt 0.33488476 0.028433576
vt 0.33488476 0.028433576
vt 0.6539731 0.91303474
vt 0.6539731 0.91303474
vt 0.6539731 0.91303474
vt 0.6539731 0.91303474
vt 0.6539731 0.91303474
vt 0.6539731 0.91303474
vt 0.6539731 0.91303474
vt 0.6539731 0.91303474
vt 0.6539731 0.91303474
vt 0.6539731 0.91303474
vt 0.6539731 0.91303474
vt 0.6539731 0.91303474
vt 0.6539731 0.91303474
vt 0.6539731 0.91303474
vt 0.6539731 0.91303474
vt 0.6539731 0.91303474
vt 0.40122986 0.4675749
vt 0.40122986 0.4675749
vt 0.40122986 0.4675749
vt 0.40122986 0.4675749
vt 0.21483172 0.45493773
vt 0.21483172 0.45493773
vt 0.21483172 0.45493773
vt 0.21483172 0.45493773
vt 0.40122986 0.4675749
vt 0.40122986 0.4675749
vt 0.40122986 0.4675749
vt 0.40122986 0.4675749
vt 0.40122986 0.4675749
vt 0.40122986 0.4675749
vt 0.40122986 0.4675749
vt 0.40122986 0.4675749
vt 0.40122986 0.4675749
vt 0.40122986 0.4675749
vt 0.40122986 0.4675749
vt 0.40122986 0.4675749
vt 0.7293828 0.08961934
vt 0.7293828 0.08961934
vt 0.72938275 0.08961932
vt 0.7293828 0.08961934
vt 0.7293828 0.08961934
vt 0.7293828 0.08961934
vt 0.7293828 0.08961934
vt 0.7293828 0.08961934
vt 0.7293828 0.08961934
vt 0.7293828 0.08961934
vt 0.7293828 0.08961934
vt 0.7293828 0.08961934
vt 0.7293828 0.08961934
vt 0.7293828 0.08961934
vt 0.72938275 0.08961932
vt 0.7293828 0.08961934
vt 0.7293828 0.08961934
vt 0.7293828 0.08961934
vt 0.7293828 0.08961934
vt 0.7293828 0.08961934
vt 0.72938275 0.08961932
vt 0.7293828 0.08961934
vt 0.7293828 0.08961934
vt 0.7293828 0.08961934
vt 0.7293828 0.08961934
vt 0.7293828 0.08961934
vt 0.7293828 0.08961934
vt 0.7293828 0.08961934
vt 0.7293828 0.08961934
vt 0.7293828 0.08961934
vt 0.7293828 0.08961934
vt 0.7293828 0.08961934
vt 0.7293828 0.08961934
vt 0.7293828 0.08961934
vt 0.7293828 0.08961934
vt 0.7293828 0.08961934
vt 0.7293828 0.08961934
vt 0.7293829 0.08961934
vt 0.7293828 0.08961934
vt 0.7293828 0.08961934
vt 0.7293828 0.08961934
vt 0.7293828 0.08961934
vt 0.7293828 0.08961934
vt 0.7293828 0.08961934
vt 0.7293828 0.08961934
vt 0.7293828 0.08961934
vt 0.7293829 0.08961934
vt 0.7293828 0.08961934
vt 0.7293828 0.08961934
vt 0.7293828 0.08961934
vt 0.7293828 0.08961934
vt 0.7293828 0.08961934
vt 0.7293828 0.08961934
vt 0.7293828 0.08961934
vt 0.7293828 0.08961934
vt 0.7293828 0.08961934
vt 0.3538405 0.1642831
vt 0.3538405 0.1642831
vt 0.3538405 0.1642831
vt 0.3538405 0.1642831
vt 0.3538405 0.1642831
vt 0.3538405 0.1642831
vt 0.3538405 0.1642831
vt 0.3538405 0.1642831
vt 0.27801752 0.03475219
vt 0.27801752 0.03475219
vt 0.27801752 0.03475219
vt 0.27801752 0.03475219
vt 0.27801752 0.03475219
vt 0.27801752 0.03475219
vt 0.27801752 0.03475219
vt 0.27801752 0.03475219
vt 0.16744238 0.03791148
vt 0.16744238 0.03791148
vt 0.16744238 0.03791148
vt 0.16744238 0.03791148
vt 0.27801752 0.03475219
vt 0.27801752 0.03475219
vt 0.27801752 0.03475219
vt 0.27801752 0.03475219
vt 0.27801752 0.03475219
vt 0.27801752 0.03475219
vt 0.27801752 0.03475219
vt 0.27801752 0.03475219
vt 0.27801752 0.03475219
vt 0.27801752 0.03475219
vt 0.27801752 0.03475219
vt 0.27801752 0.03475219
vt 0.27801752 0.03475219
vt 0.27801752 0.03475219
vt 0.27801752 0.03475219
vt 0.27801752 0.03475219
vt 0.27801752 0.03475219
vt 0.27801752 0.03475219
vt 0.27801752 0.03475219
vt 0.27801752 0.03475219
vt 0.27801752 0.03475219
vt 0.27801752 0.03475219
vt 0.27801752 0.03475219
vt 0.27801752 0.03475219
vt 0.27801752 0.03475219
vt 0.27801752 0.03475219
vt 0.27801752 0.03475219
vt 0.27801752 0.03475219
vt 0.28433612 0.031592898
vt 0.28433612 0.031592898
vt 0.28433612 0.031592898
vt 0.28433612 0.031592898
vt 0.28433612 0.031592898
vt 0.28433612 0.031592898
vt 0.28433612 0.031592898
vt 0.28433612 0.031592898
vt 0.60342443 0.09793796
vt 0.60342443 0.09793796
vt 0.60342443 0.09793796
vt 0.60342443 0.09793796
vt 0.71399957 0.78666323
vt 0.71399957 0.78666323
vt 0.71399957 0.78666323
vt 0.71399957 0.78666323
vt 0.7203182 0.094778664
vt 0.7203182 0.094778664
vt 0.7203182 0.094778664
vt 0.7203182 0.094778664
vt 0.7203182 0.094778664
vt 0.7203182 0.094778664
vt 0.7203182 0.094778664
vt 0.7203182 0.094778664
vt 0.7203182 0.094778664
vt 0.7203182 0.094778664
vt 0.7203182 0.094778664
vt 0.7203182 0.094778664
vt 0.27801752 0.03475219
vt 0.27801752 0.03475219
vt 0.27801752 0.03475219
vt 0.27801752 0.03475219
vt 0.27801752 0.03475219
vt 0.27801752 0.03475219
vt 0.27801752 0.03475219
vt 0.27801752 0.03475219
vt 0.27801752 0.03475219
vt 0.27801752 0.03475219
vt 0.27801752 0.03475219
vt 0.27801752 0.03475219
vt 0.27801752 0.03475219
vt 0.27801752 0.03475219
vt 0.27801752 0.03475219
vt 0.27801752 0.03475219
vt 0.27801752 0.03475219
vt 0.27801752 0.03475219
vt 0.27801752 0.03475219
vt 0.27801752 0.03475219
vt 0.27801752 0.03475219
vt 0.27801752 0.03475219
vt 0.27801752 0.03475219
vt 0.27801752 0.03475219
vt 0.33488476 0.028433576
vt 0.33488476 0.028433576
vt 0.33488476 0.028433576
vt 0.33488476 0.028433576
vt 0.6539731 0.91303474
vt 0.6539731 0.91303474
vt 0.6539731 0.91303474
vt 0.6539731 0.91303474
vt 0.6539731 0.91303474
vt 0.6539731 0.91303474
vt 0.6539731 0.91303474
vt 0.6539731 0.91303474
vt 0.6539731 0.91303474
vt 0.6539731 0.91303474
vt 0.6539731 0.91303474
vt 0.6539731 0.91303474
vt 0.6539731 0.91303474
vt 0.6539731 0.91303474
vt 0.6539731 0.91303474
vt 0.6539731 0.91303474
vt 0.40122986 0.4675749
vt 0.40122986 0.4675749
vt 0.40122986 0.4675749
vt 0.40122986 0.4675749
vt 0.21483172 0.45493773
vt 0.21483172 0.45493773
vt 0.21483172 0.45493773
vt 0.21483172 0.45493773
vt 0.40122986 0.4675749
vt 0.40122986 0.4675749
vt 0.40122986 0.4675749
vt 0.40122986 0.4675749
vt 0.40122986 0.4675749
vt 0.40122986 0.4675749
vt 0.40122986 0.4675749
vt 0.40122986 0.4675749
vt 0.40122986 0.4675749
vt 0.40122986 0.4675749
vt 0.40122986 0.4675749
vt 0.40122986 0.4675749
vt 0.28433612 0.041070774
vt 0.28433612 0.041070774
vt 0.28433612 0.041070774
vt 0.28433612 0.041070774
vt 0.28433615 0.041070774
vt 0.28433612 0.041070774
vt 0.097937986 0.03475219
vt 0.097937986 0.03475219
vt 0.097937986 0.03475219
vt 0.097937986 0.03475219
vt 0.28433612 0.041070774
vt 0.28433612 0.041070774
vt 0.28433612 0.041070774
vt 0.28433612 0.041070774
vt 0.28433612 0.041070774
vt 0.28433612 0.04107077
vt 0.097937986 0.03475219
vt 0.097937986 0.03475219
vt 0.097937986 0.03475219
vt 0.097937986 0.03475219
vt 0.17376095 0.037911482
vt 0.17376095 0.037911482
vt 0.17376095 0.037911482
vt 0.17376095 0.037911482
vt 0.17376095 0.037911482
vt 0.17376095 0.037911482
vt 0.17376095 0.037911482
vt 0.17376095 0.037911482
vt 0.17376095 0.037911482
vt 0.17376095 0.037911482
vt 0.17376095 0.037911482
vt 0.17376095 0.037911482
vt 0.28433612 0.041070774
vt 0.28433612 0.041070774
vt 0.28433612 0.041070774
vt 0.28433612 0.041070774
vt 0.28433615 0.041070774
vt 0.2843361 0.041070774
vt 0.097937986 0.03475219
vt 0.09793797 0.03475219
vt 0.097937986 0.03475219
vt 0.097937986 0.03475219
vt 0.28433612 0.041070774
vt 0.28433612 0.041070774
vt 0.28433612 0.041070774
vt 0.28433612 0.041070774
vt 0.28433612 0.041070774
vt 0.28433615 0.041070774
vt 0.097937986 0.03475219
vt 0.097937986 0.03475219
vt 0.097937986 0.03475219
vt 0.09793797 0.03475219
vt 0.17376095 0.037911482
vt 0.17376095 0.037911482
vt 0.17376095 0.037911482
vt 0.17376095 0.037911482
vt 0.17376095 0.037911482
vt 0.17376095 0.037911482
vt 0.17376095 0.037911482
vt 0.17376095 0.037911482
vt 0.17376095 0.037911482
vt 0.17376095 0.037911482
vt 0.17376095 0.037911482
vt 0.17376095 0.037911482
vt 0.28433612 0.041070774
vt 0.28433612 0.041070774
vt 0.28433612 0.041070774
vt 0.28433612 0.041070774
vt 0.28433612 0.041070774
vt 0.28433615 0.041070778
vt 0.097937986 0.03475219
vt 0.09793797 0.03475219
vt 0.097937986 0.03475219
vt 0.097937986 0.03475219
vt 0.28433612 0.041070774
vt 0.28433612 0.041070774
vt 0.28433612 0.041070774
vt 0.28433612 0.041070774
vt 0.2843361 0.041070774
vt 0.2843361 0.041070774
vt 0.09793797 0.034752198
vt 0.097937986 0.03475219
vt 0.097937986 0.03475219
vt 0.097937986 0.03475219
vt 0.17376095 0.037911482
vt 0.17376095 0.037911482
vt 0.17376095 0.037911482
vt 0.17376095 0.037911482
vt 0.17376095 0.037911482
vt 0.17376095 0.037911482
vt 0.17376095 0.037911482
vt 0.17376095 0.037911482
vt 0.17376095 0.037911482
vt 0.17376095 0.037911482
vt 0.17376095 0.037911482
vt 0.17376095 0.037911482
vt 0.28433612 0.041070774
vt 0.28433612 0.041070774
vt 0.28433612 0.041070774
vt 0.28433612 0.041070774
vt 0.2843361 0.041070774
vt 0.28433615 0.041070774
vt 0.097937986 0.03475219
vt 0.097937986 0.03475219
vt 0.09793797 0.03475219
vt 0.097937986 0.03475219
vt 0.28433612 0.041070774
vt 0.28433612 0.041070774
vt 0.28433612 0.041070774
vt 0.28433612 0.041070774
vt 0.28433615 0.041070774
vt 0.28433612 0.041070774
vt 0.097937986 0.03475219
vt 0.097938 0.034752198
vt 0.097937986 0.03475219
vt 0.097937986 0.03475219
vt 0.17376095 0.037911482
vt 0.17376095 0.037911482
vt 0.17376095 0.037911482
vt 0.17376095 0.037911482
vt 0.17376095 0.037911482
vt 0.17376095 0.037911482
vt 0.17376095 0.037911482
vt 0.17376095 0.037911482
vt 0.17376095 0.037911482
vt 0.17376095 0.037911482
vt 0.17376095 0.037911482
vt 0.17376095 0.037911482
vt 0.28433612 0.041070774
vt 0.28433612 0.041070774
vt 0.28433612 0.041070774
vt 0.28433612 0.041070774
vt 0.2843361 0.041070774
vt 0.28433615 0.041070774
vt 0.097937986 0.03475219
vt 0.097937986 0.03475219
vt 0.09793797 0.03475219
vt 0.097938 0.03475219
vt 0.28433612 0.041070774
vt 0.28433612 0.041070774
vt 0.28433612 0.041070774
vt 0.28433612 0.041070774
vt 0.28433615 0.041070774
vt 0.28433612 0.041070774
vt 0.097937986 0.03475219
vt 0.097937986 0.03475219
vt 0.097937986 0.03475219
vt 0.097937986 0.03475219
vt 0.17376095 0.037911482
vt 0.17376095 0.037911482
vt 0.17376095 0.037911482
vt 0.17376095 0.037911482
vt 0.17376095 0.037911482
vt 0.17376095 0.037911482
vt 0.17376095 0.037911482
vt 0.17376095 0.037911482
vt 0.17376095 0.037911482
vt 0.17376095 0.037911482
vt 0.17376095 0.037911482
vt 0.17376095 0.037911482
vt 0.28433612 0.041070774
vt 0.28433612 0.041070774
vt 0.28433612 0.041070774
vt 0.28433612 0.041070774
vt 0.2843361 0.041070774
vt 0.2843361 0.041070774
vt 0.097937986 0.03475219
vt 0.097937986 0.03475219
vt 0.097938016 0.034752198
vt 0.097938 0.03475219
vt 0.28433612 0.041070774
vt 0.28433612 0.041070774
vt 0.28433612 0.041070774
vt 0.28433612 0.041070774
vt 0.28433612 0.041070774
vt 0.28433612 0.041070774
vt 0.17376095 0.037911482
vt 0.17376095 0.037911482
vt 0.17376095 0.037911482
vt 0.17376095 0.037911482
vt 0.17376095 0.037911482
vt 0.17376095 0.037911482
vt 0.17376095 0.037911482
vt 0.17376095 0.037911482
vt 0.17376095 0.037911482
vt 0.17376095 0.037911482
vt 0.17376095 0.037911482
vt 0.17376095 0.037911482
vt 0.17376095 0.037911482
vt 0.17376095 0.037911482
vt 0.17376097 0.037911482
vt 0.17376095 0.037911482
vt 0.17376094 0.037911482
vt 0.17376095 0.037911482
vt 0.17376095 0.037911482
vt 0.17376095 0.037911482
vt 0.17376094 0.037911482
vt 0.17376095 0.037911482
vt 0.17376094 0.037911482
vt 0.17376095 0.037911482
vt 0.17376094 0.037911486
vt 0.17376095 0.037911482
vt 0.17376094 0.037911482
vt 0.17376095 0.037911482
vt 0.17376095 0.037911482
vt 0.17376097 0.037911482
vt 0.17376094 0.037911482
vt 0.17376097 0.037911486
vt 0.17376095 0.037911482
vt 0.17376097 0.037911482
vt 0.17376098 0.037911486
vt 0.17376095 0.037911482
vt 0.097937986 0.03475219
vt 0.097937986 0.03475219
vt 0.097937986 0.03475219
vt 0.097938 0.03475219
vt 0.17692025 0.031592898
vt 0.17692025 0.031592898
vt 0.17692025 0.031592898
vt 0.17692025 0.031592898
vt 0.17692025 0.031592898
vt 0.17692025 0.031592898
vt 0.17692025 0.031592898
vt 0.17692025 0.031592898
vt 0.17692025 0.031592898
vt 0.17692025 0.031592898
vt 0.17692025 0.031592898
vt 0.17692025 0.031592898
vt 0.17692025 0.031592898
vt 0.17692025 0.031592898
vt 0.17692025 0.031592898
vt 0.17692025 0.031592898
vt 0.17692025 0.031592898
vt 0.17692025 0.031592898
vt 0.17692025 0.031592898
vt 0.17692025 0.031592898
vt 0.17692025 0.031592898
vt 0.17692025 0.031592898
vt 0.17692025 0.031592898
vt 0.17692025 0.031592898
vt 0.17692025 0.031592898
vt 0.17692025 0.031592898
vt 0.17692025 0.031592898
vt 0.17692025 0.031592898
vt 0.17692025 0.031592898
vt 0.17692025 0.031592898
vt 0.17692025 0.031592898
vt 0.17692025 0.031592898
vt 0.47389355 0.9667427
vt 0.47389355 0.9667427
vt 0.47389355 0.9667427
vt 0.47389355 0.9667427
vt 0.47389355 0.9667427
vt 0.47389355 0.9667427
vt 0.47389355 0.9667427
vt 0.47389355 0.9667427
vt 0.47389355 0.9667427
vt 0.47389355 0.9667427
vt 0.47389355 0.9667427
vt 0.47389355 0.9667427
vt 0.47389355 0.9667427
vt 0.47389355 0.9667427
vt 0.47389355 0.9667427
vt 0.47389355 0.9667427
vt 0.7801695 0.039804548
vt 0.7801695 0.039804548
vt 0.7801695 0.039804548
vt 0.7801695 0.039804548
vt 0.7801695 0.039804548
vt 0.7801695 0.039804548
vt 0.7801695 0.039804548
vt 0.7801695 0.039804548
vn 0.4070247 -0.9134073 -0.0042255847
vn 0.40715048 -0.91335136 -0.0042252024
vn 0.4070856 -0.9133802 -0.004225453
vn -0.0042251684 -0.9133841 0.40707707
vn -0.004224926 -0.91335523 0.40714177
vn -0.0042252806 -0.91341364 0.4070107
vn 0.6580272 0.75299424 -5.0279996E-05
vn 0.6580272 0.75299424 -5.0279996E-05
vn 0.6580272 0.75299424 -5.0279996E-05
vn 0.0042260555 -0.91335523 0.4071418
vn 0.004226298 -0.9133841 0.40707693
vn 0.004226407 -0.9134137 0.40701056
vn 0.000100369885 0.7530179 0.65800005
vn 0.000100369885 0.7530179 0.65800005
vn 0.000100369885 0.7530179 0.65800005
vn -0.6580324 0.7529896 5.038515E-05
vn -0.6580324 0.7529896 5.038515E-05
vn -0.6580324 0.7529896 5.038515E-05
vn -5.0400336E-05 0.7529918 -0.6580299
vn -5.0400336E-05 0.7529918 -0.6580299
vn -5.0400336E-05 0.7529918 -0.6580299
vn -5.0159077E-05 0.752993 0.65802854
vn -5.0159077E-05 0.752993 0.65802854
vn -5.0159077E-05 0.752993 0.65802854
vn 0.6580272 0.75299424 5.0280214E-05
vn 0.6580272 0.75299424 5.0280214E-05
vn 0.6580272 0.75299424 5.0280214E-05
vn -0.0042251707 -0.9133841 -0.407077
vn -0.0042252764 -0.91341364 -0.4070107
vn -0.0042249304 -0.91335523 -0.40714177
vn 9.496925E-05 0.75301385 -0.65800464
vn 9.496925E-05 0.75301385 -0.65800464
vn 9.496925E-05 0.75301385 -0.65800464
vn -0.6580271 0.75299424 -5.027999E-05
vn -0.6580271 0.75299424 -5.027999E-05
vn -0.6580271 0.75299424 -5.027999E-05
vn 0.40708545 -0.9133803 0.0042258664
vn 0.4071503 -0.91335136 0.004225608
vn 0.40701902 -0.9134098 0.004226003
vn 0.012879063 -0.9994035 0.03204194
vn 0.012879063 -0.9994035 0.03204194
vn 0.012879063 -0.9994035 0.03204194
vn -0.03204221 -0.9994035 -0.012879011
vn -0.03204221 -0.9994035 -0.012879011
vn -0.03204221 -0.9994035 -0.012879011
vn 0.004226099 -0.913382 -0.4070817
vn 0.0042258715 -0.913353 -0.4071465
vn 0.0042262194 -0.91341156 -0.40701535
vn -0.40711057 -0.9133692 -0.004224482
vn -0.40698522 -0.91342497 -0.0042248587
vn -0.40704593 -0.9133979 -0.0042247255
vn -0.40704557 -0.9133981 0.0042251647
vn -0.4069849 -0.91342515 0.0042252974
vn -0.4071102 -0.91336924 0.0042249076
vn -0 0 1
vn -0 0 1
vn -0 0 1
vn -0 0 1
vn 1 0 -1.8055707E-05
vn 1 0 -1.8055707E-05
vn 1 0 -1.8055707E-05
vn 1 0 -1.8055707E-05
vn -0 0 -1
vn -0 0 -1
vn -0 0 -1
vn -0 0 -1
vn -0 0 -1
vn -0 0 -1
vn -1 0 0
vn -1 0 0
vn -1 0 0
vn -1 0 0
vn -0 0 1
vn -0 0 1
vn -0 0 1
vn -0 0 1
vn 4.4461626E-06 0 -1
vn 4.4461626E-06 0 -1
vn 4.4461626E-06 0 -1
vn 4.4461626E-06 0 -1
vn -0 0 1
vn -0 0 1
vn -0 0 1
vn -0 0 1
vn -0 0 1
vn -0 0 1
vn 1 0 0
vn 1 0 0
vn 1 0 0
vn 1 0 0
vn 1 0 0
vn 1 0 0
vn -4.446162E-06 0 -1
vn -4.446162E-06 0 -1
vn -4.446162E-06 0 -1
vn -4.446162E-06 0 -1
vn -1 0 0
vn -1 0 0
vn -1 0 0
vn -1 0 0
vn -1 0 0
vn -1 0 0
vn -1 0 0
vn -1 0 0
vn -1 0 0
vn -1 0 0
vn 1 0 0
vn 1 0 0
vn 1 0 0
vn 1 0 0
vn -1 2.8546834E-05 2.0646194E-05
vn -1 2.8546834E-05 2.0646194E-05
vn -1 2.8546834E-05 2.0646194E-05
vn -1 2.8546834E-05 2.0646194E-05
vn -1 0 0
vn -1 0 0
vn -1 0 0
vn -1 0 0
vn -1 0 0
vn -1 0 0
vn -0 -3.2260377E-07 1
vn -0 -3.2260377E-07 1
vn -0 -3.2260377E-07 1
vn -0 -3.2260377E-07 1
vn -0 4.5430673E-07 1
vn -0 4.5430673E-07 1
vn -0 0 1
vn -0 0 1
vn -0 0 1
vn -0 0 1
vn -0.6875407 0.7216598 -0.08059081
vn -0.6875407 0.7216598 -0.08059081
vn -0.6875407 0.7216598 -0.08059081
vn -0.6875407 0.7216598 -0.08059081
vn 1 0 0
vn 1 0 0
vn 1 0 0
vn 1 0 0
vn 1 0 0
vn 1 0 0
vn 1 0 0
vn 1 0 0
vn 1 0 0
vn 1 0 0
vn 1.294042E-05 1.2258944E-05 -1
vn 1.294042E-05 1.2258944E-05 -1
vn 1.294042E-05 1.2258944E-05 -1
vn 1.294042E-05 1.2258944E-05 -1
vn 5.35312E-06 1.181057E-05 -1
vn 5.35312E-06 1.181057E-05 -1
vn -1.2940288E-05 1.1936218E-05 -1
vn -1.2940288E-05 1.1936218E-05 -1
vn -1.2940288E-05 1.1936218E-05 -1
vn -1.2940288E-05 1.1936218E-05 -1
vn -0.08058591 0.7216559 -0.6875454
vn -0.08058591 0.7216559 -0.6875454
vn -0.08058591 0.7216559 -0.6875454
vn -0.08058591 0.7216559 -0.6875454
vn 0.0024652109 -0.6812926 0.7320071
vn 0.0024014935 -0.68115956 0.732131
vn 0.0023896073 -0.68124515 0.73205143
vn 0.0025233552 -0.6812422 0.7320538
vn 0.68754417 0.7216571 -0.080585055
vn 0.68754417 0.7216571 -0.080585055
vn 0.68754417 0.7216571 -0.080585055
vn 0.68754417 0.7216571 -0.080585055
vn 0.4069898 0.9134326 -0.0003613536
vn -1.1131504E-05 0.9999999 -0.00058425707
vn 0.40698466 0.9134348 -0.00053206744
vn -5.5357077E-06 1 -0.00039637083
vn -0.407005 0.91342574 -0.00053528894
vn -0.40699998 0.9134281 -0.00036298155
vn 0.2280708 0.9465623 -0.22804318
vn -5.5357077E-06 1 -0.00039637083
vn 0.4069898 0.9134326 -0.0003613536
vn -1.265023E-06 0.9898409 -0.14217949
vn -0 1 -4.4151543E-06
vn -0.40699998 0.9134281 -0.00036298155
vn -0.22803284 0.9465755 -0.22802617
vn 0.14227745 0.9898268 -1.596352E-06
vn 0.0003694427 0.91343373 -0.40698746
vn 0.000405333 1 1.4435709E-06
vn 0.00036977394 0.9134336 -0.4069877
vn 0.00040528207 1 -1.8691767E-07
vn 0.0003710465 0.9134329 0.40698907
vn 0.00037062218 0.91343284 0.40698928
vn 0.22807203 0.94656247 0.22804111
vn 1.4507594E-06 0.98984116 0.14217749
vn 0.40698996 0.91343254 0.00036135127
vn -5.2760593E-06 1 0.00039637348
vn -0.22802983 0.94657516 0.2280301
vn -0.4069997 0.91342825 0.00036298265
vn -0.14218079 0.9898407 5.3512367E-06
vn -0.00036261344 0.91343135 0.4069928
vn -0.00039607202 1 4.673661E-06
vn -0.00036117795 0.9134347 -0.40698507
vn -0.002368968 -0.6814746 -0.7318379
vn -0.0023744677 -0.6815455 -0.7317719
vn -0.0025087262 -0.6815677 -0.7317507
vn -0.002379787 -0.6815356 -0.7317811
vn -0.002542361 -0.6816104 -0.73171085
vn -0.0023799986 -0.68153673 0.73178
vn -0.0025420839 -0.6816115 0.73170984
vn -0.0025087644 -0.68156874 0.73174983
vn -0.0023689289 -0.68147576 0.7318369
vn -0.0023744332 -0.68154657 0.7317709
vn 0.731776 -0.6815411 0.0023699927
vn 0.731838 -0.6814746 0.0023711831
vn 0.7317811 -0.6815356 0.0023810118
vn 0.73171103 -0.6816102 0.0025450934
vn 0.7317506 -0.68156797 0.0025105777
vn -0.73171103 -0.68161035 0.0025385572
vn -0.7317813 -0.6815354 0.0023765212
vn -0.7318381 -0.6814744 0.002365012
vn -0.7317763 -0.6815407 0.0023643405
vn -0.7317509 -0.6815676 0.0025051201
vn 0.73200274 -0.68129724 -0.002467815
vn 0.7321281 -0.6811627 -0.0024020225
vn 0.7320484 -0.68124837 -0.002390056
vn 0.7320509 -0.68124527 -0.0025238695
vn -0.7321323 -0.6811583 -0.0023956036
vn -0.73200685 -0.68129283 -0.0024621561
vn -0.7320548 -0.68124115 -0.0025178867
vn -0.73205274 -0.6812437 -0.0023841446
vn -0 -1 0
vn -0 -1 0
vn -0 -1 0
vn -0 -1 0
vn -0 -1 0
vn -0 -1 0
vn -0 -1 0
vn -0.012878915 -0.9994035 0.032041565
vn -0.012878915 -0.9994035 0.032041565
vn -0.012878915 -0.9994035 0.032041565
vn -0 -1 0
vn -0 -1 0
vn -3.2977354E-07 -1 0
vn -0 -1 0
vn -0 -1 0
vn -0 -1 0
vn -0 -1 0
vn -0 -1 0
vn -0.032042317 -0.9994035 0.01287858
vn 0.036480658 -0.9993343 0
vn 0.036480658 -0.9993343 0
vn 0.036480658 -0.9993343 0
vn -0.4069997 0.91342825 0.00036298265
vn -1.096536E-05 0.9999999 0.0005842588
vn -0.40700448 0.91342604 0.0005352912
vn -5.2760593E-06 1 0.00039637348
vn 0.4069844 0.9134349 0.0005320685
vn 0.40698996 0.91343254 0.00036135127
vn 0.687544 0.7216573 0.08058537
vn 0.687544 0.7216573 0.08058537
vn 0.687544 0.7216573 0.08058537
vn 0.687544 0.7216573 0.08058537
vn -0.687544 0.7216572 0.08058563
vn -0.687544 0.7216572 0.08058563
vn -0.687544 0.7216572 0.08058563
vn -0.687544 0.7216572 0.08058563
vn -0.00036117795 0.9134347 -0.40698507
vn -0.0005838168 0.9999999 1.7444834E-06
vn -0.0005319834 0.9134345 -0.4069853
vn -0.00039607202 1 4.673661E-06
vn -0.0005345721 0.9134323 0.4069904
vn -0.00036261344 0.91343135 0.4069928
vn -0.080589585 0.72165626 0.68754464
vn -0.080589585 0.72165626 0.68754464
vn -0.080589585 0.72165626 0.68754464
vn -0.080589585 0.72165626 0.68754464
vn 0.0024017747 -0.6811571 -0.7321333
vn 0.0024657995 -0.6812903 -0.7320091
vn 0.0025241263 -0.6812401 -0.7320558
vn 0.0023901165 -0.6812428 -0.7320536
vn -0 -1 0
vn -0 -1 0
vn -0 -1 0
vn -0 -1 0
vn -0 1 0
vn -0 1 0
vn -0 1 0
vn -0 1 0
vn -0 0 1
vn -0 0 1
vn -0 0 1
vn -0 0 1
vn 1 0 0
vn 1 0 0
vn 1 0 0
vn 1 0 0
vn -0 0 -1
vn -0 0 -1
vn -0 0 -1
vn -0 0 -1
vn -1 0 0
vn -1 0 0
vn -1 0 0
vn -1 0 0
vn -0 -1 0
vn -0 -1 0
vn -0 -1 0
vn -0 -1 0
vn -0 1 0
vn -0 1 0
vn -0 1 0
vn -0 1 0
vn -0 0 1
vn -0 0 1
vn -0 0 1
vn -0 0 1
vn 1 0 0
vn 1 0 0
vn 1 0 0
vn 1 0 0
vn -0 0 -1
vn -0 0 -1
vn -0 0 -1
vn -0 0 -1
vn -1 0 0
vn -1 0 0
vn -1 0 0
vn -1 0 0
vn -0 -1 0
vn -0 -1 0
vn -0 -1 0
vn -0 -1 0
vn -0 1 0
vn -0 1 0
vn -0 1 0
vn -0 1 0
vn 1 0 0
vn 1 0 0
vn 1 0 0
vn 1 0 0
vn -0 0 -1
vn -0 0 -1
vn -0 0 -1
vn -0 0 -1
vn -1 0 0
vn -1 0 0
vn -1 0 0
vn -1 0 0
vn -0 0 1
vn -0 0 1
vn -0 0 1
vn -0 0 1
vn -0 -1 0
vn -0 -1 0
vn -0 -1 0
vn -0 -1 0
vn -0 1 0
vn -0 1 0
vn -0 1 0
vn -0 1 0
vn 1 0 0
vn 1 0 0
vn 1 0 0
vn 1 0 0
vn -0 0 -1
vn -0 0 -1
vn -0 0 -1
vn -0 0 -1
vn -1 0 0
vn -1 0 0
vn -1 0 0
vn -1 0 0
vn -0 0 1
vn -0 0 1
vn -0 0 1
vn -0 0 1
vn -0 -1 0
vn -0 -1 0
vn -0 -1 0
vn -0 -1 0
vn -0 1 0
vn -0 1 0
vn -0 1 0
vn -0 1 0
vn -0 0 -1
vn -0 0 -1
vn -0 0 -1
vn -0 0 -1
vn -1 0 0
vn -1 0 0
vn -1 0 0
vn -1 0 0
vn -0 0 1
vn -0 0 1
vn -0 0 1
vn -0 0 1
vn 1 0 0
vn 1 0 0
vn 1 0 0
vn 1 0 0
vn -0 -1 0
vn -0 -1 0
vn -0 -1 0
vn -0 -1 0
vn -0 1 0
vn -0 1 0
vn -0 1 0
vn -0 1 0
vn -0 0 -1
vn -0 0 -1
vn -0 0 -1
vn -0 0 -1
vn -1 0 0
vn -1 0 0
vn -1 0 0
vn -1 0 0
vn -0 0 1
vn -0 0 1
vn -0 0 1
vn -0 0 1
vn 1 0 0
vn 1 0 0
vn 1 0 0
vn 1 0 0
vn -0 -1 0
vn -0 -1 0
vn -0 -1 0
vn -0 -1 0
vn -0 1 0
vn -0 1 0
vn -0 1 0
vn -0 1 0
vn -1 0 0
vn -1 0 0
vn -1 0 0
vn -1 0 0
vn -0 0 1
vn -0 0 1
vn -0 0 1
vn -0 0 1
vn 1 0 0
vn 1 0 0
vn 1 0 0
vn 1 0 0
vn -0 0 -1
vn -0 0 -1
vn -0 0 -1
vn -0 0 -1
vn -0 -1 0
vn -0 -1 0
vn -0 -1 0
vn -0 -1 0
vn -0 1 0
vn -0 1 0
vn -0 1 0
vn -0 1 0
vn -1 0 0
vn -1 0 0
vn -1 0 0
vn -1 0 0
vn -0 0 1
vn -0 0 1
vn -0 0 1
vn -0 0 1
vn 1 0 0
vn 1 0 0
vn 1 0 0
vn 1 0 0
vn -0 0 -1
vn -0 0 -1
vn -0 0 -1
vn -0 0 -1
vn -0.9532391 0.017197175 -0.30172753
vn -0.9532391 0.017197175 -0.30172753
vn -0.9532391 0.017197175 -0.30172753
vn -0.9532391 0.017197175 -0.30172753
vn -0.9532425 0.017196532 0.3017169
vn -0.9532425 0.017196532 0.3017169
vn -0.9532425 0.017196532 0.3017169
vn -0.9532425 0.017196532 0.3017169
vn 0.5271436 0.041400272 -0.8487671
vn 0.5271436 0.041400272 -0.8487671
vn 0.5271436 0.041400272 -0.8487671
vn 0.5271436 0.041400272 -0.8487671
vn 1 0 6.2841457E-07
vn 1 0 6.2841457E-07
vn 1 0 6.2841457E-07
vn 1 0 6.2841457E-07
vn 1 0 6.312079E-07
vn 1 0 6.312079E-07
vn 1 0 1.6329291E-07
vn 1 0 1.6329291E-07
vn 1 0 1.6329291E-07
vn 1 0 1.6329291E-07
vn 1 0 -6.531679E-07
vn 1 0 -6.531679E-07
vn 1 0 1.2886481E-06
vn 1 0 1.2886481E-06
vn 1 0 1.2886481E-06
vn 1 0 1.2886481E-06
vn 1 0 -1.2569018E-06
vn 1 0 -1.2569018E-06
vn -0 -1 0
vn -0 -1 0
vn -0 -1 0
vn -0 -1 0
vn -0 -1 0
vn -0.95792514 -0.10167794 -0.2684045
vn -0.95792514 -0.10167794 -0.2684045
vn -0.95792514 -0.10167794 -0.2684045
vn -0.95792514 -0.10167794 -0.2684045
vn -0.96337986 -0.25859636 -0.07090184
vn -0.96337986 -0.25859636 -0.07090184
vn -0.96337986 -0.25859636 -0.07090184
vn -0.96337986 -0.25859636 -0.07090184
vn 1 0 0
vn 1 0 0
vn 1 0 0
vn 1 0 0
vn 1 0 0
vn 1 0 0
vn 1 0 0
vn -0 0.75913596 0.6509321
vn -0 0.75913596 0.6509321
vn -0 0.75913596 0.6509321
vn -0 0.75913596 0.6509321
vn 0.52111495 -0.30235338 0.7981363
vn 0.52111495 -0.30235338 0.7981363
vn 0.52111495 -0.30235338 0.7981363
vn 0.52111495 -0.30235338 0.7981363
vn 0.5903345 -0.62958914 0.50509685
vn 0.5903345 -0.62958914 0.50509685
vn 0.5903345 -0.62958914 0.50509685
vn 0.5903345 -0.62958914 0.50509685
vn 0.586255 0.05167972 0.80847657
vn 0.586255 0.05167972 0.80847657
vn 0.586255 0.05167972 0.80847657
vn 0.586255 0.05167972 0.80847657
vn 0.54612935 0.8377009 7.3122004E-07
vn 0.54612935 0.8377009 7.3122004E-07
vn 0.54612935 0.8377009 7.3122004E-07
vn 0.54612935 0.8377009 7.3122004E-07
vn 0.54612863 0.83770144 0
vn 0.54612863 0.83770144 0
vn 0.5461286 0.8377013 0
vn 0.5461286 0.8377013 0
vn 0.5461298 0.8377005 -7.3120606E-07
vn 0.5461298 0.8377005 -7.3120606E-07
vn 0.55948275 -0.8079419 0.18495646
vn 0.55948275 -0.8079419 0.18495646
vn 0.55948275 -0.8079419 0.18495646
vn 0.55948275 -0.8079419 0.18495646
vn 1 0 1.5789021E-07
vn 1 0 1.5789021E-07
vn 1 0 1.5789021E-07
vn 1 0 1.5789021E-07
vn 1 0 1.5789021E-07
vn 1 0 1.5789021E-07
vn 1 0 1.5789021E-07
vn 1 0 1.5789021E-07
vn 1 0 1.5789021E-07
vn 1 0 1.5789021E-07
vn 1 0 1.5789021E-07
vn 1 0 1.5789021E-07
vn 0.605815 -0.3693546 -0.70467395
vn 0.605815 -0.3693546 -0.70467395
vn 0.605815 -0.3693546 -0.70467395
vn 0.605815 -0.3693546 -0.70467395
vn 0.5594826 -0.80794394 -0.18494809
vn 0.5594826 -0.80794394 -0.18494809
vn 0.5594826 -0.80794394 -0.18494809
vn 0.5594826 -0.80794394 -0.18494809
vn 0.5903456 -0.6295754 -0.5051008
vn 0.5903456 -0.6295754 -0.5051008
vn 0.5903456 -0.6295754 -0.5051008
vn 0.5903456 -0.6295754 -0.5051008
vn 0.6057822 -0.36936614 0.7046961
vn 0.6057822 -0.36936614 0.7046961
vn 0.6057822 -0.36936614 0.7046961
vn 0.6057822 -0.36936614 0.7046961
vn 0.58629346 0.05167808 -0.8084487
vn 0.58629346 0.05167808 -0.8084487
vn 0.58629346 0.05167808 -0.8084487
vn 0.58629346 0.05167808 -0.8084487
vn -0 -1 0
vn -0 -1 0
vn -0 -1 0
vn -0 -1 0
vn -0 1 0
vn -0 1 0
vn -0 1 0
vn -0 1 0
vn -0 0 -1
vn -0 0 -1
vn -0 0 -1
vn -0 0 -1
vn -0 0 1
vn -0 0 1
vn -0 0 1
vn -0 0 1
vn 1 0 0
vn 1 0 0
vn 1 0 0
vn 1 0 0
vn -0 -1 0
vn -0 -1 0
vn -0 -1 0
vn -0 -1 0
vn -0 1 0
vn -0 1 0
vn -0 1 0
vn -0 1 0
vn 1 0 0
vn 1 0 0
vn 1 0 0
vn 1 0 0
vn -0 0 -1
vn -0 0 -1
vn -0 0 -1
vn -0 0 -1
vn -1 0 0
vn -1 0 0
vn -1 0 0
vn -1 0 0
vn -0 0 1
vn -0 0 1
vn -0 0 1
vn -0 0 1
vn -0 0 1
vn -0 0 1
vn -0 0 1
vn -0 0 1
vn -0 0 -1
vn -0 0 -1
vn -0 0 -1
vn -0 0 -1
vn 1 0 0
vn 1 0 0
vn 1 0 0
vn 1 0 0
vn -0 -1 0
vn -0 -1 0
vn -0 -1 0
vn -0 -1 0
vn -1 0 0
vn -1 0 0
vn -1 0 0
vn -1 0 0
vn -0 1 0
vn -0 1 0
vn -0 1 0
vn -0 1 0
vn 1 0 0
vn 1 0 0
vn 1 0 0
vn 1 0 0
vn -1 0 0
vn -1 0 0
vn -1 0 0
vn -1 0 0
vn -0 0 -1
vn -0 0 -1
vn -0 0 -1
vn -0 0 -1
vn -0 -1 0
vn -0 -1 0
vn -0 -1 0
vn -0 -1 0
vn -0 0 1
vn -0 0 1
vn -0 0 1
vn -0 0 1
vn -0 1 0
vn -0 1 0
vn -0 1 0
vn -0 1 0
vn 1 0 0
vn 1 0 0
vn 1 0 0
vn 1 0 0
vn -1 0 0
vn -1 0 0
vn -1 0 0
vn -1 0 0
vn -0 0 -1
vn -0 0 -1
vn -0 0 -1
vn -0 0 -1
vn -0 -1 0
vn -0 -1 0
vn -0 -1 0
vn -0 -1 0
vn -0 0 1
vn -0 0 1
vn -0 0 1
vn -0 0 1
vn -0 1 0
vn -0 1 0
vn -0 1 0
vn -0 1 0
vn 1 0 0
vn 1 0 0
vn 1 0 0
vn 1 0 0
vn -1 0 0
vn -1 0 0
vn -1 0 0
vn -1 0 0
vn -0 0 -1
vn -0 0 -1
vn -0 0 -1
vn -0 0 -1
vn -0 -1 0
vn -0 -1 0
vn -0 -1 0
vn -0 -1 0
vn -0 0 1
vn -0 0 1
vn -0 0 1
vn -0 0 1
vn -0 1 0
vn -0 1 0
vn -0 1 0
vn -0 1 0
vn 1 0 0
vn 1 0 0
vn 1 0 0
vn 1 0 0
vn -1 0 0
vn -1 0 0
vn -1 0 0
vn -1 0 0
vn -0 0 -1
vn -0 0 -1
vn -0 0 -1
vn -0 0 -1
vn -0 -1 0
vn -0 -1 0
vn -0 -1 0
vn -0 -1 0
vn -0 0 1
vn -0 0 1
vn -0 0 1
vn -0 0 1
vn -0 1 0
vn -0 1 0
vn -0 1 0
vn -0 1 0
vn 0.9995061 -0.03142642 0
vn 0.9995061 -0.03142642 0
vn 0.9995061 -0.03142642 0
vn 0.9995061 -0.03142642 0
vn -1 0 0
vn -1 0 0
vn -1 0 0
vn -1 0 0
vn -0.99950755 -0.031379066 0
vn -0.99950755 -0.031379066 0
vn -0.99950755 -0.031379066 0
vn -0.99950755 -0.031379066 0
vn 1.4376336E-07 -0.027570358 0.99961984
vn 1.4376336E-07 -0.027570358 0.99961984
vn 1.4376336E-07 -0.027570358 0.99961984
vn 1.4376336E-07 -0.027570358 0.99961984
vn -0 -1 0
vn -0 -1 0
vn -0 -1 0
vn -0 -1 0
vn -0 0 1
vn -0 0 1
vn -0 0 1
vn -0 0 1
vn 1 0 0
vn 1 0 0
vn 1 0 0
vn 1 0 0
vn -0 0 -1
vn -0 0 -1
vn -0 0 -1
vn -0 0 -1
vn -0 0.5497485 0.83533025
vn -0 0.5497485 0.83533025
vn -0 0.5497485 0.83533025
vn -0 0.5497485 0.83533025
vn -0 1 0
vn -0 1 0
vn -0 1 0
vn -0 1 0
vn 0.7999221 0.6001038 0
vn 0.7999221 0.6001038 0
vn 0.7999221 0.6001038 0
vn 0.7999221 0.6001038 0
vn -0 0.54974365 -0.83533347
vn -0 0.54974365 -0.83533347
vn -0 0.54974365 -0.83533347
vn -0 0.54974365 -0.83533347
vn -0.7999219 0.6001041 0
vn -0.7999219 0.6001041 0
vn -0.7999219 0.6001041 0
vn -0.7999219 0.6001041 0
vn 0.89340675 -0.44924867 0
vn 0.89340675 -0.44924867 0
vn 0.89340675 -0.44924867 0
vn 0.89340675 -0.44924867 0
vn 0.3385726 -0.9409403 0
vn 0.3385726 -0.9409403 0
vn 0.3385726 -0.9409403 0
vn 0.3385726 -0.9409403 0
vn 3.0964415E-07 -0.027570713 -0.99961984
vn 3.0964415E-07 -0.027570713 -0.99961984
vn 3.0964415E-07 -0.027570713 -0.99961984
vn 3.0964415E-07 -0.027570713 -0.99961984
vn -0 1 0
vn -0 1 0
vn -0 1 0
vn -0 1 0
vn 1 0 0
vn 1 0 0
vn 1 0 0
vn 1 0 0
vn -0 1 0
vn -0 1 0
vn -0 1 0
vn -0 1 0
vn 1 0 0
vn 1 0 0
vn 1 0 0
vn 1 0 0
vn -0 0 1
vn -0 0 1
vn -0 0 1
vn -0 0 1
vn -0 0 1
vn -0 0 1
vn -0 -1.3694181E-07 -1
vn -0 -1.3694181E-07 -1
vn -0 -1.3694181E-07 -1
vn -0 -1.3694181E-07 -1
vn -0 -1.3694181E-07 -1
vn -0 -1.3694181E-07 -1
vn -0 0.96440727 -0.26442143
vn -0 0.96440727 -0.26442143
vn -0 0.96440727 -0.26442143
vn -0 0.96440727 -0.26442143
vn 1.1483681E-07 0.3542551 -0.9351489
vn 1.1483681E-07 0.3542551 -0.9351489
vn 1.1483681E-07 0.3542551 -0.9351489
vn 1.1483681E-07 0.3542551 -0.9351489
vn -0 0.35425502 0.9351489
vn -0 0.35425502 0.9351489
vn -0 0.35425502 0.9351489
vn -0 0.35425502 0.9351489
vn -0 -0.062469266 0.9980469
vn -0 -0.062469266 0.9980469
vn -0 -0.062469266 0.9980469
vn -0 -0.062469266 0.9980469
vn -0 0.96440727 0.2644214
vn -0 0.96440727 0.2644214
vn -0 0.96440727 0.2644214
vn -0 0.96440727 0.2644214
vn -0 -1 0
vn -0 -1 0
vn -0 -1 0
vn -0 -1 0
vn -0 -1 0
vn -0 -0.06246922 -0.9980469
vn -0 -0.06246922 -0.9980469
vn -0 -0.06246922 -0.9980469
vn -0 -0.06246922 -0.9980469
vn 0.52111524 -0.3023534 -0.7981361
vn 0.52111524 -0.3023534 -0.7981361
vn 0.52111524 -0.3023534 -0.7981361
vn 0.52111524 -0.3023534 -0.7981361
vn -0.9579279 -0.10167468 0.26839602
vn -0.9579279 -0.10167468 0.26839602
vn -0.9579279 -0.10167468 0.26839602
vn -0.9579279 -0.10167468 0.26839602
vn 0.50701964 -0.83125526 0.22791629
vn 0.50701964 -0.83125526 0.22791629
vn 0.50701964 -0.83125526 0.22791629
vn 0.50701964 -0.83125526 0.22791629
vn -0.96089596 -0.21021208 -0.18024972
vn -0.96089596 -0.21021208 -0.18024972
vn -0.96089596 -0.21021208 -0.18024972
vn -0.96089596 -0.21021208 -0.18024972
vn -0.9633802 -0.2585953 0.07090222
vn -0.9633802 -0.2585953 0.07090222
vn -0.9633802 -0.2585953 0.07090222
vn -0.9633802 -0.2585953 0.07090222
vn -0.9608978 -0.21020757 0.18024509
vn -0.9608978 -0.21020757 0.18024509
vn -0.9608978 -0.21020757 0.18024509
vn -0.9608978 -0.21020757 0.18024509
vn 1 0 0
vn 1 0 0
vn 1 0 0
vn 1 0 0
vn 1 0 -7.829616E-07
vn 1 0 -7.829616E-07
vn 1 0 -7.829616E-07
vn 1 0 -7.829616E-07
vn 1 0 -4.212353E-07
vn 1 0 -4.212353E-07
vn 1 0 0
vn 1 0 0
vn 1 0 0
vn 1 0 0
vn 1 0 0
vn 1 0 0
vn 1 0 0
vn 1 0 0
vn 0.52714384 0.041400213 0.84876704
vn 0.52714384 0.041400213 0.84876704
vn 0.52714384 0.041400213 0.84876704
vn 0.52714384 0.041400213 0.84876704
vn 0.5072118 -0.6542371 0.5609903
vn 0.5072118 -0.6542371 0.5609903
vn 0.5072118 -0.6542371 0.5609903
vn 0.5072118 -0.6542371 0.5609903
vn 0.50702 -0.83125645 -0.22791089
vn 0.50702 -0.83125645 -0.22791089
vn 0.50702 -0.83125645 -0.22791089
vn 0.50702 -0.83125645 -0.22791089
vn 0.50721246 -0.6542361 -0.5609908
vn 0.50721246 -0.6542361 -0.5609908
vn 0.50721246 -0.6542361 -0.5609908
vn 0.50721246 -0.6542361 -0.5609908
vn 2.3076898E-07 0.7591356 -0.65093243
vn 2.3076898E-07 0.7591356 -0.65093243
vn 2.3076898E-07 0.7591356 -0.65093243
vn 2.3076898E-07 0.7591356 -0.65093243
vn 0.9995061 -0.03142637 0
vn 0.9995061 -0.03142637 0
vn 0.9995061 -0.03142637 0
vn 0.9995061 -0.03142637 0
vn -0.999506 -0.031428777 0
vn -0.999506 -0.031428777 0
vn -0.999506 -0.031428777 0
vn -0.999506 -0.031428777 0
vn 1.4165821E-06 -0.027568953 0.99961984
vn 1.4165821E-06 -0.027568953 0.99961984
vn 1.4165821E-06 -0.027568953 0.99961984
vn 1.4165821E-06 -0.027568953 0.99961984
vn 1.4165821E-06 -0.027568953 0.99961984
vn 1.4165821E-06 -0.027568953 0.99961984
vn -1.0783587E-06 -0.027559932 -0.9996202
vn -1.0783587E-06 -0.027559932 -0.9996202
vn -1.0783587E-06 -0.027559932 -0.9996202
vn -1.0783587E-06 -0.027559932 -0.9996202
vn -1.0783587E-06 -0.027559932 -0.9996202
vn -1.0783587E-06 -0.027559932 -0.9996202
vn -1.0783587E-06 -0.027559932 -0.9996202
vn -1.0783587E-06 -0.027559932 -0.9996202
vn 0.010741648 -0.9991227 -0.040477104
vn 0.010741648 -0.9991227 -0.040477104
vn 0.036480997 -0.9993343 0
vn 0.010741648 -0.9991227 -0.040477104
vn -0 -0.9993343 -0.036480557
vn -0 -0.9993343 -0.036480557
vn -0 -0.9993343 -0.036480557
vn -0.04047539 -0.9991228 -0.010741134
vn -0.04047539 -0.9991228 -0.010741134
vn -0.04047539 -0.9991228 -0.010741134
vn -0 -0.9993343 -0.03648056
vn 0.0003968525 1.3403965E-06 1
vn 0.0003968525 1.3403965E-06 1
vn 0.0003968525 1.3403965E-06 1
vn 0.0003968525 1.3403965E-06 1
vn 0.0003968525 1.3403965E-06 1
vn 0.0003968525 1.3403965E-06 1
vn 0.0003968525 1.3403965E-06 1
vn 0.0003968525 1.3403965E-06 1
vn -0.8890202 0 0.457868
vn -0.8890202 0 0.457868
vn -0.8890202 0 0.457868
vn -0.8890202 0 0.457868
vn 0.6038468 0.71281654 0.35673755
vn 0.6038468 0.71281654 0.35673755
vn 0.6038468 0.71281654 0.35673755
vn 0.6038468 0.71281654 0.35673755
vn 0.0002979387 0 1
vn 0.0002979387 0 1
vn 0.0002979387 0 1
vn 0.0002979387 0 1
vn 0.00019312979 0.86769027 0.49710524
vn 0.00019312979 0.86769027 0.49710524
vn 0.00019312979 0.86769027 0.49710524
vn 0.00019312979 0.86769027 0.49710524
vn 0.00020212436 0.8676783 0.49712604
vn 0.00020212436 0.8676783 0.49712604
vn -0.6036245 0.7129727 0.3568015
vn -0.6036245 0.7129727 0.3568015
vn -0.6036245 0.7129727 0.3568015
vn -0.6036245 0.7129727 0.3568015
vn 0.9396456 0 0.3421493
vn 0.9396456 0 0.3421493
vn 0.9396456 0 0.3421493
vn 0.9396456 0 0.3421493
vn -0.939614 0 0.34223613
vn -0.939614 0 0.34223613
vn -0.939614 0 0.34223613
vn -0.939614 0 0.34223613
vn 0.0001454408 -0.9201458 0.39157584
vn 0.0001454408 -0.9201458 0.39157584
vn 0.0001454408 -0.9201458 0.39157584
vn 0.0001454408 -0.9201458 0.39157584
vn 0.00014525434 -0.9201442 0.39157963
vn 0.00014525434 -0.9201442 0.39157963
vn 0.88907665 0 0.45775837
vn 0.88907665 0 0.45775837
vn 0.88907665 0 0.45775837
vn 0.88907665 0 0.45775837
vn 2.8652082E-07 -1 0
vn 2.8652082E-07 -1 0
vn 2.8652082E-07 -1 0
vn 2.8652082E-07 -1 0
vn -2.865206E-07 1 0
vn -2.865206E-07 1 0
vn -2.865206E-07 1 0
vn -2.865206E-07 1 0
vn -0 1 0
vn -0 1 0
vn -0 1 0
vn -0 1 0
vn -0 -1 0
vn -0 -1 0
vn -0 -1 0
vn -0 -1 0
vn 0.00029997062 0 1
vn 0.00029997062 0 1
vn 0.00029997062 0 1
vn 0.00029997062 0 1
vn 1 0 0
vn 1 0 0
vn 1 0 0
vn 1 0 0
vn -1 0 0
vn -1 0 0
vn -1 0 0
vn -1 0 0
vn 0.08276772 0.720718 -0.6882696
vn 0.08276772 0.720718 -0.6882696
vn 0.08276772 0.720718 -0.6882696
vn 0.08276772 0.720718 -0.6882696
vn 0.082773365 0.72071946 0.6882674
vn 0.082773365 0.72071946 0.6882674
vn 0.082773365 0.72071946 0.6882674
vn 0.082773365 0.72071946 0.6882674
vn -0.66889805 -0.5742607 0.4720169
vn -0.66889805 -0.5742607 0.4720169
vn -0.66889805 -0.5742607 0.4720169
vn -0.66889805 -0.5742607 0.4720169
vn -0.1237071 0.90516883 0.40665212
vn -0.1237071 0.90516883 0.40665212
vn -0.1237071 0.90516883 0.40665212
vn -0.1237071 0.90516883 0.40665212
vn 0.22306912 -0.8628439 0.4535863
vn 0.22306912 -0.8628439 0.4535863
vn 0.22306912 -0.8628439 0.4535863
vn 0.22306912 -0.8628439 0.4535863
vn 0.6692551 -0.57396626 0.47186893
vn 0.6692551 -0.57396626 0.47186893
vn 0.6692551 -0.57396626 0.47186893
vn 0.6692551 -0.57396626 0.47186893
vn -0.22288348 -0.8628748 0.45361897
vn -0.22288348 -0.8628748 0.45361897
vn -0.22288348 -0.8628748 0.45361897
vn -0.22288348 -0.8628748 0.45361897
vn 0.12390746 0.9051459 0.40664217
vn 0.12390746 0.9051459 0.40664217
vn 0.12390746 0.9051459 0.40664217
vn 0.12390746 0.9051459 0.40664217
vn -0 -1 0
vn -0 -1 0
vn -0 -1 0
vn -0 -1 0
vn -1 0 0
vn -1 0 0
vn -1 0 0
vn -1 0 0
vn -0.0002504013 0 -1
vn -0.0002504013 0 -1
vn -0.0002504013 0 -1
vn -0.0002504013 0 -1
vn 0.00022993117 0 1
vn 0.00022993117 0 1
vn 0.00022993117 0 1
vn 0.00022993117 0 1
vn 1 0 0
vn 1 0 0
vn 1 0 0
vn 1 0 0
vn -0.9688969 0.24746476 0
vn -0.9688969 0.24746476 0
vn -0.9688969 0.24746476 0
vn -0.9688969 0.24746476 0
vn -0 1 0
vn -0 1 0
vn -0 1 0
vn -0 1 0
vn -0.0001681539 0.04758271 -0.9988673
vn -0.0001681539 0.04758271 -0.9988673
vn -0.0001681539 0.04758271 -0.9988673
vn -0.0001681539 0.04758271 -0.9988673
vn 0.00015247265 0.047575507 0.99886763
vn 0.00015247265 0.047575507 0.99886763
vn 0.00015247265 0.047575507 0.99886763
vn 0.00015247265 0.047575507 0.99886763
vn 0.9688597 0.24761027 -8.161872E-05
vn 0.9688597 0.24761027 -8.161872E-05
vn 0.9688597 0.24761027 -8.161872E-05
vn 0.9688597 0.24761027 -8.161872E-05
vn 1 0 0
vn 1 0 0
vn 1 0 0
vn 1 0 0
vn 1 0 0
vn 1 0 0
vn -1 0 -2.0787158E-07
vn -1 0 -2.0787158E-07
vn -1 0 -2.0787158E-07
vn -1 0 -2.0787158E-07
vn -1 0 0
vn -1 0 0
vn -0 0 -1
vn -0 0 -1
vn -0 0 -1
vn -0 0 -1
vn -0 0 -1
vn -0 0 -1
vn -0 0 1
vn -0 0 1
vn -0 0 1
vn -0 0 1
vn -0 0 1
vn -0 0 1
vn 1 0 0
vn 1 0 0
vn 1 0 0
vn 1 0 0
vn -1 0 0
vn -1 0 0
vn -1 0 0
vn -1 0 0
vn -4.446162E-06 0 -1
vn -4.446162E-06 0 -1
vn -4.446162E-06 0 -1
vn -4.446162E-06 0 -1
vn 4.4461626E-06 0 -1
vn 4.4461626E-06 0 -1
vn 4.4461626E-06 0 -1
vn 4.4461626E-06 0 -1
vn -0 0 1
vn -0 0 1
vn -0 0 1
vn -0 0 1
vn -1 0 0
vn -1 0 0
vn -1 0 0
vn -1 0 0
vn 1 0 -1.805246E-05
vn 1 0 -1.805246E-05
vn 1 0 -1.805246E-05
vn 1 0 -1.805246E-05
vn -0 0 1
vn -0 0 1
vn -0 0 1
vn -0 0 1
vn -0.0003972959 1.2764252E-06 -1
vn -0.0003972959 1.2764252E-06 -1
vn -0.0003972959 1.2764252E-06 -1
vn -0.0003972959 1.2764252E-06 -1
vn -0.0003972959 1.2764252E-06 -1
vn -0.0003972959 1.2764252E-06 -1
vn -0.0003972959 1.2764252E-06 -1
vn -0.0003972959 1.2764252E-06 -1
vn 0.9649033 0 -0.26260522
vn 0.9649033 0 -0.26260522
vn 0.9649033 0 -0.26260522
vn 0.9649033 0 -0.26260522
vn -0.6038161 0.71281683 -0.3567888
vn -0.6038161 0.71281683 -0.3567888
vn -0.6038161 0.71281683 -0.3567888
vn -0.6038161 0.71281683 -0.3567888
vn -0.00029764787 0 -1
vn -0.00029764787 0 -1
vn -0.00029764787 0 -1
vn -0.00029764787 0 -1
vn -7.122073E-05 0.9832982 -0.18200219
vn -7.122073E-05 0.9832982 -0.18200219
vn -7.122073E-05 0.9832982 -0.18200219
vn -7.122073E-05 0.9832982 -0.18200219
vn -7.234846E-05 0.9832955 -0.18201616
vn -7.234846E-05 0.9832955 -0.18201616
vn 0.60362905 0.71294427 -0.3568507
vn 0.60362905 0.71294427 -0.3568507
vn 0.60362905 0.71294427 -0.3568507
vn 0.60362905 0.71294427 -0.3568507
vn -0.9396456 0 -0.3421493
vn -0.9396456 0 -0.3421493
vn -0.9396456 0 -0.3421493
vn -0.9396456 0 -0.3421493
vn 0.939614 0 -0.34223595
vn 0.939614 0 -0.34223595
vn 0.939614 0 -0.34223595
vn 0.939614 0 -0.34223595
vn -0.00014526339 -0.92014605 -0.3915753
vn -0.00014526339 -0.92014605 -0.3915753
vn -0.00014526339 -0.92014605 -0.3915753
vn -0.00014526339 -0.92014605 -0.3915753
vn -0.00014543172 -0.9201445 -0.39157906
vn -0.00014543172 -0.9201445 -0.39157906
vn -0.964907 0 -0.26259193
vn -0.964907 0 -0.26259193
vn -0.964907 0 -0.26259193
vn -0.964907 0 -0.26259193
vn -2.8652303E-07 -1 0
vn -2.8652303E-07 -1 0
vn -2.8652303E-07 -1 0
vn -2.8652303E-07 -1 0
vn 2.865228E-07 1 0
vn 2.865228E-07 1 0
vn 2.865228E-07 1 0
vn 2.865228E-07 1 0
vn -0 1 0
vn -0 1 0
vn -0 1 0
vn -0 1 0
vn -0 -1 0
vn -0 -1 0
vn -0 -1 0
vn -0 -1 0
vn -0.0002952779 0 -1
vn -0.0002952779 0 -1
vn -0.0002952779 0 -1
vn -0.0002952779 0 -1
vn -1 0 0
vn -1 0 0
vn -1 0 0
vn -1 0 0
vn 1 0 0
vn 1 0 0
vn 1 0 0
vn 1 0 0
vn 0.7393894 -0.63131285 -0.23398146
vn 0.7393894 -0.63131285 -0.23398146
vn 0.7393894 -0.63131285 -0.23398146
vn 0.7393894 -0.63131285 -0.23398146
vn 0.12371303 0.90516347 -0.40666217
vn 0.12371303 0.90516347 -0.40666217
vn 0.12371303 0.90516347 -0.40666217
vn 0.12371303 0.90516347 -0.40666217
vn -0.24488737 -0.94729835 -0.20653361
vn -0.24488737 -0.94729835 -0.20653361
vn -0.24488737 -0.94729835 -0.20653361
vn -0.24488737 -0.94729835 -0.20653361
vn -0.73958355 -0.6310917 -0.23396458
vn -0.73958355 -0.6310917 -0.23396458
vn -0.73958355 -0.6310917 -0.23396458
vn -0.73958355 -0.6310917 -0.23396458
vn 0.24478878 -0.9473239 -0.20653275
vn 0.24478878 -0.9473239 -0.20653275
vn 0.24478878 -0.9473239 -0.20653275
vn 0.24478878 -0.9473239 -0.20653275
vn -0.12390031 0.9051425 -0.40665188
vn -0.12390031 0.9051425 -0.40665188
vn -0.12390031 0.9051425 -0.40665188
vn -0.12390031 0.9051425 -0.40665188
vn -0 -1 0
vn -0 -1 0
vn -0 -1 0
vn -0 -1 0
vn 1 0 0
vn 1 0 0
vn 1 0 0
vn 1 0 0
vn 0.00025015633 0 1
vn 0.00025015633 0 1
vn 0.00025015633 0 1
vn 0.00025015633 0 1
vn -0.00023016287 0 -1
vn -0.00023016287 0 -1
vn -0.00023016287 0 -1
vn -0.00023016287 0 -1
vn -1 0 0
vn -1 0 0
vn -1 0 0
vn -1 0 0
vn 0.96889675 0.24746527 0
vn 0.96889675 0.24746527 0
vn 0.96889675 0.24746527 0
vn 0.96889675 0.24746527 0
vn -0 1 0
vn -0 1 0
vn -0 1 0
vn -0 1 0
vn 0.00017199123 0.047533568 0.9988696
vn 0.00017199123 0.047533568 0.9988696
vn 0.00017199123 0.047533568 0.9988696
vn 0.00017199123 0.047533568 0.9988696
vn -0.00015618674 0.047540024 -0.99886924
vn -0.00015618674 0.047540024 -0.99886924
vn -0.00015618674 0.047540024 -0.99886924
vn -0.00015618674 0.047540024 -0.99886924
vn -0.9688974 0.2474629 0
vn -0.9688974 0.2474629 0
vn -0.9688974 0.2474629 0
vn -0.9688974 0.2474629 0
vn 0.72030795 0 0.69365436
vn 0.72030795 0 0.69365436
vn 0.72030795 0 0.69365436
vn 0.72030795 0 0.69365436
vn 0.7203095 3.640295E-05 0.69365275
vn 0.7203095 3.640295E-05 0.69365275
vn 0.6030694 0.49406183 -0.6262669
vn 0.6030694 0.49406183 -0.6262669
vn 0.6030694 0.49406183 -0.6262669
vn 0.6030694 0.49406183 -0.6262669
vn -0.7203328 0 -0.6936287
vn -0.7203328 0 -0.6936287
vn -0.7203328 0 -0.6936287
vn -0.7203328 0 -0.6936287
vn -0.7203296 8.368915E-06 -0.69363195
vn -0.7203296 8.368915E-06 -0.69363195
vn -0.6030705 0.49405777 0.6262689
vn -0.6030705 0.49405777 0.6262689
vn -0.6030705 0.49405777 0.6262689
vn -0.6030705 0.49405777 0.6262689
vn -0.6937026 0 0.7202616
vn -0.6937026 0 0.7202616
vn -0.6937026 0 0.7202616
vn -0.6937026 0 0.7202616
vn -0 -1 0
vn -0 -1 0
vn -0 -1 0
vn -0 -1 0
vn 0.6936101 0 -0.72035056
vn 0.6936101 0 -0.72035056
vn 0.6936101 0 -0.72035056
vn 0.6936101 0 -0.72035056
vn 0.72030884 0 0.6936535
vn 0.72030884 0 0.6936535
vn 0.72030884 0 0.6936535
vn 0.72030884 0 0.6936535
vn 0.720317 -2.677909E-05 0.69364494
vn 0.720317 -2.677909E-05 0.69364494
vn 0.6030545 0.4940306 -0.6263059
vn 0.6030545 0.4940306 -0.6263059
vn 0.6030545 0.4940306 -0.6263059
vn 0.6030545 0.4940306 -0.6263059
vn -0.72034055 0 -0.6936205
vn -0.72034055 0 -0.6936205
vn -0.72034055 0 -0.6936205
vn -0.72034055 0 -0.6936205
vn -0.72034687 4.1843634E-07 -0.693614
vn -0.72034687 4.1843634E-07 -0.693614
vn -0.6030748 0.49404716 0.6262733
vn -0.6030748 0.49404716 0.6262733
vn -0.6030748 0.49404716 0.6262733
vn -0.6030748 0.49404716 0.6262733
vn -0.693684 0 0.7202794
vn -0.693684 0 0.7202794
vn -0.693684 0 0.7202794
vn -0.693684 0 0.7202794
vn -0 -1 0
vn -0 -1 0
vn -0 -1 0
vn -0 -1 0
vn 0.6936094 0 -0.7203512
vn 0.6936094 0 -0.7203512
vn 0.6936094 0 -0.7203512
vn 0.6936094 0 -0.7203512
vn 0.7203002 0 0.69366246
vn 0.7203002 0 0.69366246
vn 0.7203002 0 0.69366246
vn 0.7203002 0 0.69366246
vn 0.72030956 -3.5984798E-05 0.69365275
vn 0.72030956 -3.5984798E-05 0.69365275
vn 0.6030555 0.49402952 -0.62630576
vn 0.6030555 0.49402952 -0.62630576
vn 0.6030555 0.49402952 -0.62630576
vn 0.6030555 0.49402952 -0.62630576
vn -0.72033244 0 -0.69362897
vn -0.72033244 0 -0.69362897
vn -0.72033244 0 -0.69362897
vn -0.72033244 0 -0.69362897
vn -0.7203409 8.36882E-06 -0.6936203
vn -0.7203409 8.36882E-06 -0.6936203
vn 0.6030564 0.49403 0.62630457
vn 0.6030564 0.49403 0.62630457
vn 0.6030564 0.49403 0.62630457
vn 0.6030564 0.49403 0.62630457
vn -0.6936837 0 0.7202797
vn -0.6936837 0 0.7202797
vn -0.6936837 0 0.7202797
vn -0.6936837 0 0.7202797
vn -0 -1 0
vn -0 -1 0
vn -0 -1 0
vn -0 -1 0
vn 0.6936105 0 -0.7203502
vn 0.6936105 0 -0.7203502
vn 0.6936105 0 -0.7203502
vn 0.6936105 0 -0.7203502
vn -0.7203407 0 0.69362026
vn -0.7203407 0 0.69362026
vn -0.7203407 0 0.69362026
vn -0.7203407 0 0.69362026
vn -0.72034746 8.3687183E-07 0.69361347
vn -0.72034746 8.3687183E-07 0.69361347
vn -0.6030552 0.49403012 -0.6263055
vn -0.6030552 0.49403012 -0.6263055
vn -0.6030552 0.49403012 -0.6263055
vn -0.6030552 0.49403012 -0.6263055
vn 0.7203407 0 -0.69362026
vn 0.7203407 0 -0.69362026
vn 0.7203407 0 -0.69362026
vn 0.7203407 0 -0.69362026
vn 0.7203472 2.0921816E-07 -0.6936135
vn 0.7203472 2.0921816E-07 -0.6936135
vn 0.60305685 0.49402952 0.6263045
vn 0.60305685 0.49402952 0.6263045
vn 0.60305685 0.49402952 0.6263045
vn 0.60305685 0.49402952 0.6263045
vn 0.69361013 0 0.7203505
vn 0.69361013 0 0.7203505
vn 0.69361013 0 0.7203505
vn 0.69361013 0 0.7203505
vn -0 -1 0
vn -0 -1 0
vn -0 -1 0
vn -0 -1 0
vn -0.69361013 0 -0.7203505
vn -0.69361013 0 -0.7203505
vn -0.69361013 0 -0.7203505
vn -0.69361013 0 -0.7203505
vn -0.7203405 0 0.6936206
vn -0.7203405 0 0.6936206
vn -0.7203405 0 0.6936206
vn -0.7203405 0 0.6936206
vn -0.72034776 2.0921804E-07 0.69361305
vn -0.72034776 2.0921804E-07 0.69361305
vn -0.60305554 0.49403018 -0.62630504
vn -0.60305554 0.49403018 -0.62630504
vn -0.60305554 0.49403018 -0.62630504
vn -0.60305554 0.49403018 -0.62630504
vn 0.7203402 0 -0.6936209
vn 0.7203402 0 -0.6936209
vn 0.7203402 0 -0.6936209
vn 0.7203402 0 -0.6936209
vn 0.72034675 2.0921827E-07 -0.69361407
vn 0.72034675 2.0921827E-07 -0.69361407
vn 0.6030601 0.49401957 0.6263092
vn 0.6030601 0.49401957 0.6263092
vn 0.6030601 0.49401957 0.6263092
vn 0.6030601 0.49401957 0.6263092
vn 0.69361 0 0.72035074
vn 0.69361 0 0.72035074
vn 0.69361 0 0.72035074
vn 0.69361 0 0.72035074
vn -0 -1 0
vn -0 -1 0
vn -0 -1 0
vn -0 -1 0
vn -0.6936101 0 -0.72035074
vn -0.6936101 0 -0.72035074
vn -0.6936101 0 -0.72035074
vn -0.6936101 0 -0.72035074
vn -0.720333 0 0.6936285
vn -0.720333 0 0.6936285
vn -0.720333 0 0.6936285
vn -0.720333 0 0.6936285
vn -0.720341 -9.205693E-06 0.69362
vn -0.720341 -9.205693E-06 0.69362
vn -0.6030558 0.49402988 -0.6263053
vn -0.6030558 0.49402988 -0.6263053
vn -0.6030558 0.49402988 -0.6263053
vn -0.6030558 0.49402988 -0.6263053
vn 0.72033304 0 -0.69362843
vn 0.72033304 0 -0.69362843
vn 0.72033304 0 -0.69362843
vn 0.72033304 0 -0.69362843
vn 0.7203416 9.205691E-06 -0.69361943
vn 0.7203416 9.205691E-06 -0.69361943
vn 0.6936104 0 0.72035027
vn 0.6936104 0 0.72035027
vn 0.6936104 0 0.72035027
vn 0.6936104 0 0.72035027
vn -0 -1 0
vn -0 -1 0
vn -0 -1 0
vn -0 -1 0
vn -0.6936097 0 -0.72035104
vn -0.6936097 0 -0.72035104
vn -0.6936097 0 -0.72035104
vn -0.6936097 0 -0.72035104
vn -1.3316587E-05 1 3.3968213E-06
vn -1.3316587E-05 1 3.3968213E-06
vn -1.3316587E-05 1 3.3968213E-06
vn -1.3316587E-05 1 3.3968213E-06
vn 1.401526E-06 1 -1.01394535E-05
vn 1.401526E-06 1 -1.01394535E-05
vn 1.401526E-06 1 -1.01394535E-05
vn 1.401526E-06 1 -1.01394535E-05
vn -2.803056E-06 1 -6.5717795E-06
vn -2.803056E-06 1 -6.5717795E-06
vn -2.803056E-06 1 -6.5717795E-06
vn -2.803056E-06 1 -6.5717795E-06
vn -0 1 0
vn -0 1 0
vn -0 1 0
vn -0 1 0
vn -0 1 0
vn -0 1 0
vn -0 1 0
vn -0 1 0
vn 2.8029597E-06 1 5.510031E-06
vn 2.8029597E-06 1 5.510031E-06
vn 2.8029597E-06 1 5.510031E-06
vn 2.8029597E-06 1 5.510031E-06
vn -0.60312366 0.49403414 0.6262363
vn -0.60312366 0.49403414 0.6262363
vn -0.60312366 0.49403414 0.6262363
vn -0.60312366 0.49403414 0.6262363
vn -0.0003745237 7.441492E-05 -1
vn -0.0003745237 7.441492E-05 -1
vn -0.0003745237 7.441492E-05 -1
vn -0.00026005504 0 -1
vn -0.0003745237 7.441492E-05 -1
vn -0.00026005504 0 -1
vn -0.00039353504 0 -1
vn -0.00045449656 -0.00010093288 -0.9999999
vn -0.00039353504 0 -1
vn -0.00045449656 -0.00010093288 -0.9999999
vn -0.00025317603 -2.083227E-05 -1
vn -0.00025317603 -2.083227E-05 -1
vn -0.00049623684 3.928843E-05 -0.9999999
vn -0.00049623684 3.928843E-05 -0.9999999
vn -0.00039353504 0 -1
vn -0.00039353504 0 -1
vn 0.00037428748 7.441927E-05 1
vn 0.00037428748 7.441927E-05 1
vn 0.00037428748 7.441927E-05 1
vn 0.00026235677 0 1
vn 0.00037428748 7.441927E-05 1
vn 0.00026235677 0 1
vn 0.00032449336 0 1
vn 0.00045448632 -0.000100129815 0.9999999
vn 0.00032449336 0 1
vn 0.00045448632 -0.000100129815 0.9999999
vn 0.0002543952 -2.3316348E-05 1
vn 0.0002543952 -2.3316348E-05 1
vn 0.0004898324 6.3496445E-05 0.9999999
vn 0.0004898324 6.3496445E-05 0.9999999
vn 0.00032449336 0 1
vn 0.00032449336 0 1
vn -2.3949199E-06 1 0
vn -2.3949199E-06 1 0
vn -2.3949199E-06 1 0
vn -2.3949199E-06 1 0
vn -0 1 0
vn -0 1 0
vn -0 1 0
vn -0 1 0
vn 2.3949228E-06 1 0
vn 2.3949228E-06 1 0
vn 2.3949228E-06 1 0
vn 2.3949228E-06 1 0
vn -0 1 0
vn -0 1 0
vn -0 1 0
vn -0 1 0
vn -0 1 0
vn -0 1 0
vn -0 1 0
vn -0 1 0
vn -0 1 0
vn -0 1 0
vn -0 1 0
vn -0 1 0
g House_0
f 3/3/3 2/2/2 1/1/1
f 6/6/6 5/5/5 4/4/4
f 9/9/9 8/8/8 7/7/7
f 12/12/12 11/11/11 10/10/10
f 15/15/15 14/14/14 13/13/13
f 18/18/18 17/17/17 16/16/16
f 21/21/21 20/20/20 19/19/19
f 24/24/24 23/23/23 22/22/22
f 27/27/27 26/26/26 25/25/25
f 30/30/30 29/29/29 28/28/28
f 33/33/33 32/32/32 31/31/31
f 36/36/36 35/35/35 34/34/34
f 39/39/39 38/38/38 37/37/37
f 42/42/42 41/41/41 40/40/40
f 40/40/40 44/44/44 43/43/43
f 43/43/43 44/44/44 45/45/45
f 48/48/48 47/47/47 46/46/46
f 51/51/51 50/50/50 49/49/49
f 54/54/54 53/53/53 52/52/52
f 57/57/57 56/56/56 55/55/55
f 58/58/58 57/57/57 55/55/55
f 61/61/61 60/60/60 59/59/59
f 62/62/62 61/61/61 59/59/59
f 65/65/65 64/64/64 63/63/63
f 64/64/64 66/66/66 63/63/63
f 63/63/63 66/66/66 67/67/67
f 66/66/66 68/68/68 67/67/67
f 71/71/71 70/70/70 69/69/69
f 72/72/72 71/71/71 69/69/69
f 75/75/75 74/74/74 73/73/73
f 76/76/76 75/75/75 73/73/73
f 79/79/79 78/78/78 77/77/77
f 80/80/80 79/79/79 77/77/77
f 83/83/83 82/82/82 81/81/81
f 82/82/82 84/84/84 81/81/81
f 81/81/81 84/84/84 85/85/85
f 84/84/84 86/86/86 85/85/85
f 89/89/89 88/88/88 87/87/87
f 88/88/88 90/90/90 87/87/87
f 87/87/87 90/90/90 91/91/91
f 90/90/90 92/92/92 91/91/91
f 95/95/95 94/94/94 93/93/93
f 96/96/96 95/95/95 93/93/93
f 99/99/99 98/98/98 97/97/97
f 98/98/98 100/100/100 97/97/97
f 97/97/97 100/100/100 101/101/101
f 100/100/100 102/102/102 101/101/101
f 105/105/105 104/104/104 103/103/103
f 106/106/106 105/105/105 103/103/103
f 109/109/109 108/108/108 107/107/107
f 110/110/110 109/109/109 107/107/107
f 113/113/113 112/112/112 111/111/111
f 114/114/114 113/113/113 111/111/111
f 113/113/113 114/114/114 115/115/115
f 116/116/116 113/113/113 115/115/115
f 116/116/116 115/115/115 117/117/117
f 118/118/118 116/116/116 117/117/117
f 119/119/119 118/118/118 117/117/117
f 120/120/120 119/119/119 117/117/117
f 123/123/123 122/122/122 121/121/121
f 124/124/124 123/123/123 121/121/121
f 123/123/123 124/124/124 125/125/125
f 126/126/126 123/123/123 125/125/125
f 126/126/126 125/125/125 127/127/127
f 128/128/128 126/126/126 127/127/127
f 129/129/129 128/128/128 127/127/127
f 130/130/130 129/129/129 127/127/127
f 133/133/133 132/132/132 131/131/131
f 134/134/134 133/133/133 131/131/131
f 137/137/137 136/136/136 135/135/135
f 138/138/138 137/137/137 135/135/135
f 137/137/137 138/138/138 139/139/139
f 140/140/140 137/137/137 139/139/139
f 140/140/140 139/139/139 141/141/141
f 142/142/142 140/140/140 141/141/141
f 143/143/143 142/142/142 141/141/141
f 144/144/144 143/143/143 141/141/141
f 147/147/147 146/146/146 145/145/145
f 146/146/146 148/148/148 145/145/145
f 148/148/148 149/149/149 145/145/145
f 149/149/149 150/150/150 145/145/145
f 149/149/149 151/151/151 150/150/150
f 151/151/151 152/152/152 150/150/150
f 152/152/152 151/151/151 153/153/153
f 151/151/151 154/154/154 153/153/153
f 157/157/157 156/156/156 155/155/155
f 158/158/158 157/157/157 155/155/155
f 161/161/161 160/160/160 159/159/159
f 162/162/162 161/161/161 159/159/159
f 165/165/165 164/164/164 163/163/163
f 166/166/166 165/165/165 163/163/163
f 169/169/169 168/168/168 167/167/167
f 168/168/168 170/170/170 167/167/167
f 170/170/170 168/168/168 171/171/171
f 172/172/172 170/170/170 171/171/171
f 175/175/175 174/174/174 173/173/173
f 174/174/174 176/176/176 173/173/173
f 176/176/176 177/177/177 173/173/173
f 174/174/174 178/178/178 176/176/176
f 178/178/178 179/179/179 176/176/176
f 177/177/177 176/176/176 179/179/179
f 177/177/177 180/180/180 173/173/173
f 173/173/173 180/180/180 181/181/181
f 180/180/180 182/182/182 181/181/181
f 181/181/181 182/182/182 183/183/183
f 182/182/182 184/184/184 183/183/183
f 184/184/184 182/182/182 185/185/185
f 186/186/186 184/184/184 185/185/185
f 185/185/185 182/182/182 187/187/187
f 182/182/182 180/180/180 187/187/187
f 180/180/180 177/177/177 187/187/187
f 177/177/177 188/188/188 187/187/187
f 187/187/187 188/188/188 189/189/189
f 188/188/188 190/190/190 189/189/189
f 188/188/188 191/191/191 190/190/190
f 188/188/188 177/177/177 191/191/191
f 191/191/191 192/192/192 190/190/190
f 177/177/177 193/193/193 191/191/191
f 194/194/194 191/191/191 193/193/193
f 193/193/193 177/177/177 179/179/179
f 195/195/195 194/194/194 193/193/193
f 195/195/195 193/193/193 179/179/179
f 196/196/196 195/195/195 179/179/179
f 199/199/199 198/198/198 197/197/197
f 197/197/197 200/200/200 199/199/199
f 200/200/200 201/201/201 199/199/199
f 204/204/204 203/203/203 202/202/202
f 202/202/202 205/205/205 204/204/204
f 205/205/205 206/206/206 204/204/204
f 209/209/209 208/208/208 207/207/207
f 207/207/207 210/210/210 209/209/209
f 207/207/207 211/211/211 210/210/210
f 214/214/214 213/213/213 212/212/212
f 212/212/212 215/215/215 214/214/214
f 212/212/212 216/216/216 215/215/215
f 219/219/219 218/218/218 217/217/217
f 220/220/220 219/219/219 217/217/217
f 223/223/223 222/222/222 221/221/221
f 224/224/224 223/223/223 221/221/221
f 227/227/227 226/226/226 225/225/225
f 225/225/225 226/226/226 228/228/228
f 228/228/228 226/226/226 229/229/229
f 229/229/229 226/226/226 230/230/230
f 231/231/231 230/230/230 226/226/226
f 234/234/234 233/233/233 232/232/232
f 235/235/235 233/233/233 234/234/234
f 236/236/236 233/233/233 235/235/235
f 237/237/237 233/233/233 236/236/236
f 240/240/240 239/239/239 238/238/238
f 241/241/241 238/238/238 239/239/239
f 242/242/242 238/238/238 241/241/241
f 243/243/243 238/238/238 242/242/242
f 245/245/245 238/238/238 244/244/244
f 246/246/246 245/245/245 244/244/244
f 249/249/249 248/248/248 247/247/247
f 248/248/248 250/250/250 247/247/247
f 250/250/250 248/248/248 251/251/251
f 252/252/252 250/250/250 251/251/251
f 255/255/255 254/254/254 253/253/253
f 256/256/256 255/255/255 253/253/253
f 259/259/259 258/258/258 257/257/257
f 260/260/260 259/259/259 257/257/257
f 263/263/263 262/262/262 261/261/261
f 262/262/262 264/264/264 261/261/261
f 264/264/264 262/262/262 265/265/265
f 266/266/266 264/264/264 265/265/265
f 269/269/269 268/268/268 267/267/267
f 270/270/270 269/269/269 267/267/267
f 273/273/273 272/272/272 271/271/271
f 274/274/274 273/273/273 271/271/271
f 277/277/277 276/276/276 275/275/275
f 278/278/278 277/277/277 275/275/275
f 281/281/281 280/280/280 279/279/279
f 282/282/282 281/281/281 279/279/279
f 285/285/285 284/284/284 283/283/283
f 286/286/286 285/285/285 283/283/283
f 289/289/289 288/288/288 287/287/287
f 290/290/290 289/289/289 287/287/287
f 293/293/293 292/292/292 291/291/291
f 294/294/294 293/293/293 291/291/291
f 297/297/297 296/296/296 295/295/295
f 298/298/298 297/297/297 295/295/295
f 301/301/301 300/300/300 299/299/299
f 302/302/302 301/301/301 299/299/299
f 305/305/305 304/304/304 303/303/303
f 306/306/306 305/305/305 303/303/303
f 309/309/309 308/308/308 307/307/307
f 310/310/310 309/309/309 307/307/307
f 313/313/313 312/312/312 311/311/311
f 314/314/314 313/313/313 311/311/311
f 317/317/317 316/316/316 315/315/315
f 318/318/318 317/317/317 315/315/315
f 321/321/321 320/320/320 319/319/319
f 322/322/322 321/321/321 319/319/319
f 325/325/325 324/324/324 323/323/323
f 326/326/326 325/325/325 323/323/323
f 329/329/329 328/328/328 327/327/327
f 330/330/330 329/329/329 327/327/327
f 333/333/333 332/332/332 331/331/331
f 334/334/334 333/333/333 331/331/331
f 337/337/337 336/336/336 335/335/335
f 338/338/338 337/337/337 335/335/335
f 341/341/341 340/340/340 339/339/339
f 342/342/342 341/341/341 339/339/339
f 345/345/345 344/344/344 343/343/343
f 346/346/346 345/345/345 343/343/343
f 349/349/349 348/348/348 347/347/347
f 350/350/350 349/349/349 347/347/347
f 353/353/353 352/352/352 351/351/351
f 354/354/354 353/353/353 351/351/351
f 357/357/357 356/356/356 355/355/355
f 358/358/358 357/357/357 355/355/355
f 361/361/361 360/360/360 359/359/359
f 362/362/362 361/361/361 359/359/359
f 365/365/365 364/364/364 363/363/363
f 366/366/366 365/365/365 363/363/363
f 369/369/369 368/368/368 367/367/367
f 370/370/370 369/369/369 367/367/367
f 373/373/373 372/372/372 371/371/371
f 374/374/374 373/373/373 371/371/371
f 377/377/377 376/376/376 375/375/375
f 378/378/378 377/377/377 375/375/375
f 381/381/381 380/380/380 379/379/379
f 382/382/382 381/381/381 379/379/379
f 385/385/385 384/384/384 383/383/383
f 386/386/386 385/385/385 383/383/383
f 389/389/389 388/388/388 387/387/387
f 390/390/390 389/389/389 387/387/387
f 393/393/393 392/392/392 391/391/391
f 394/394/394 393/393/393 391/391/391
f 397/397/397 396/396/396 395/395/395
f 398/398/398 397/397/397 395/395/395
f 401/401/401 400/400/400 399/399/399
f 402/402/402 401/401/401 399/399/399
f 405/405/405 404/404/404 403/403/403
f 406/406/406 405/405/405 403/403/403
f 409/409/409 408/408/408 407/407/407
f 410/410/410 409/409/409 407/407/407
f 413/413/413 412/412/412 411/411/411
f 414/414/414 413/413/413 411/411/411
f 417/417/417 416/416/416 415/415/415
f 418/418/418 417/417/417 415/415/415
f 421/421/421 420/420/420 419/419/419
f 422/422/422 421/421/421 419/419/419
f 425/425/425 424/424/424 423/423/423
f 426/426/426 425/425/425 423/423/423
f 429/429/429 428/428/428 427/427/427
f 430/430/430 429/429/429 427/427/427
f 433/433/433 432/432/432 431/431/431
f 434/434/434 433/433/433 431/431/431
f 437/437/437 436/436/436 435/435/435
f 438/438/438 437/437/437 435/435/435
f 441/441/441 440/440/440 439/439/439
f 442/442/442 441/441/441 439/439/439
f 445/445/445 444/444/444 443/443/443
f 446/446/446 445/445/445 443/443/443
f 449/449/449 448/448/448 447/447/447
f 450/450/450 449/449/449 447/447/447
f 453/453/453 452/452/452 451/451/451
f 454/454/454 453/453/453 451/451/451
f 457/457/457 456/456/456 455/455/455
f 458/458/458 457/457/457 455/455/455
f 461/461/461 460/460/460 459/459/459
f 462/462/462 461/461/461 459/459/459
f 465/465/465 464/464/464 463/463/463
f 466/466/466 465/465/465 463/463/463
f 469/469/469 468/468/468 467/467/467
f 470/470/470 469/469/469 467/467/467
f 473/473/473 472/472/472 471/471/471
f 474/474/474 473/473/473 471/471/471
f 477/477/477 476/476/476 475/475/475
f 478/478/478 477/477/477 475/475/475
f 481/481/481 480/480/480 479/479/479
f 482/482/482 481/481/481 479/479/479
f 483/483/483 481/481/481 482/482/482
f 484/484/484 483/483/483 482/482/482
f 485/485/485 483/483/483 484/484/484
f 486/486/486 485/485/485 484/484/484
f 487/487/487 485/485/485 486/486/486
f 488/488/488 487/487/487 486/486/486
f 489/489/489 487/487/487 488/488/488
f 490/490/490 489/489/489 488/488/488
f 491/491/491 489/489/489 490/490/490
f 492/492/492 491/491/491 490/490/490
f 493/493/493 491/491/491 492/492/492
f 494/494/494 493/493/493 492/492/492
f 495/495/495 493/493/493 494/494/494
f 496/496/496 495/495/495 494/494/494
f 499/499/499 498/498/498 497/497/497
f 497/497/497 500/500/500 499/499/499
f 500/500/500 501/501/501 499/499/499
f 504/504/504 503/503/503 502/502/502
f 505/505/505 504/504/504 502/502/502
f 508/508/508 507/507/507 506/506/506
f 509/509/509 508/508/508 506/506/506
f 512/512/512 511/511/511 510/510/510
f 510/510/510 513/513/513 512/512/512
f 510/510/510 514/514/514 513/513/513
f 514/514/514 515/515/515 513/513/513
f 514/514/514 516/516/516 515/515/515
f 519/519/519 518/518/518 517/517/517
f 520/520/520 519/519/519 517/517/517
f 523/523/523 522/522/522 521/521/521
f 524/524/524 523/523/523 521/521/521
f 527/527/527 526/526/526 525/525/525
f 528/528/528 527/527/527 525/525/525
f 531/531/531 530/530/530 529/529/529
f 532/532/532 531/531/531 529/529/529
f 535/535/535 534/534/534 533/533/533
f 536/536/536 535/535/535 533/533/533
f 537/537/537 535/535/535 536/536/536
f 538/538/538 537/537/537 536/536/536
f 539/539/539 537/537/537 538/538/538
f 540/540/540 539/539/539 538/538/538
f 541/541/541 539/539/539 540/540/540
f 542/542/542 541/541/541 540/540/540
f 545/545/545 544/544/544 543/543/543
f 546/546/546 545/545/545 543/543/543
f 549/549/549 548/548/548 547/547/547
f 547/547/547 550/550/550 549/549/549
f 547/547/547 551/551/551 550/550/550
f 547/547/547 552/552/552 551/551/551
f 547/547/547 553/553/553 552/552/552
f 547/547/547 554/554/554 553/553/553
f 554/554/554 555/555/555 553/553/553
f 554/554/554 556/556/556 555/555/555
f 556/556/556 557/557/557 555/555/555
f 556/556/556 558/558/558 557/557/557
f 561/561/561 560/560/560 559/559/559
f 562/562/562 561/561/561 559/559/559
f 565/565/565 564/564/564 563/563/563
f 566/566/566 565/565/565 563/563/563
f 569/569/569 568/568/568 567/567/567
f 570/570/570 569/569/569 567/567/567
f 573/573/573 572/572/572 571/571/571
f 574/574/574 573/573/573 571/571/571
f 577/577/577 576/576/576 575/575/575
f 578/578/578 577/577/577 575/575/575
f 581/581/581 580/580/580 579/579/579
f 582/582/582 581/581/581 579/579/579
f 585/585/585 584/584/584 583/583/583
f 586/586/586 585/585/585 583/583/583
f 589/589/589 588/588/588 587/587/587
f 590/590/590 589/589/589 587/587/587
f 593/593/593 592/592/592 591/591/591
f 594/594/594 593/593/593 591/591/591
f 597/597/597 596/596/596 595/595/595
f 598/598/598 597/597/597 595/595/595
f 601/601/601 600/600/600 599/599/599
f 602/602/602 601/601/601 599/599/599
f 605/605/605 604/604/604 603/603/603
f 606/606/606 605/605/605 603/603/603
f 609/609/609 608/608/608 607/607/607
f 610/610/610 609/609/609 607/607/607
f 613/613/613 612/612/612 611/611/611
f 614/614/614 613/613/613 611/611/611
f 617/617/617 616/616/616 615/615/615
f 618/618/618 617/617/617 615/615/615
f 621/621/621 620/620/620 619/619/619
f 622/622/622 621/621/621 619/619/619
f 625/625/625 624/624/624 623/623/623
f 626/626/626 625/625/625 623/623/623
f 629/629/629 628/628/628 627/627/627
f 630/630/630 629/629/629 627/627/627
f 633/633/633 632/632/632 631/631/631
f 634/634/634 633/633/633 631/631/631
f 637/637/637 636/636/636 635/635/635
f 638/638/638 637/637/637 635/635/635
f 641/641/641 640/640/640 639/639/639
f 642/642/642 641/641/641 639/639/639
f 645/645/645 644/644/644 643/643/643
f 646/646/646 645/645/645 643/643/643
f 649/649/649 648/648/648 647/647/647
f 650/650/650 649/649/649 647/647/647
f 653/653/653 652/652/652 651/651/651
f 654/654/654 653/653/653 651/651/651
f 657/657/657 656/656/656 655/655/655
f 658/658/658 657/657/657 655/655/655
f 661/661/661 660/660/660 659/659/659
f 662/662/662 661/661/661 659/659/659
f 665/665/665 664/664/664 663/663/663
f 666/666/666 665/665/665 663/663/663
f 669/669/669 668/668/668 667/667/667
f 670/670/670 669/669/669 667/667/667
f 673/673/673 672/672/672 671/671/671
f 674/674/674 673/673/673 671/671/671
f 677/677/677 676/676/676 675/675/675
f 678/678/678 677/677/677 675/675/675
f 681/681/681 680/680/680 679/679/679
f 682/682/682 681/681/681 679/679/679
f 685/685/685 684/684/684 683/683/683
f 686/686/686 685/685/685 683/683/683
f 689/689/689 688/688/688 687/687/687
f 690/690/690 689/689/689 687/687/687
f 693/693/693 692/692/692 691/691/691
f 694/694/694 693/693/693 691/691/691
f 697/697/697 696/696/696 695/695/695
f 698/698/698 697/697/697 695/695/695
f 701/701/701 700/700/700 699/699/699
f 702/702/702 701/701/701 699/699/699
f 705/705/705 704/704/704 703/703/703
f 706/706/706 705/705/705 703/703/703
f 709/709/709 708/708/708 707/707/707
f 710/710/710 709/709/709 707/707/707
f 713/713/713 712/712/712 711/711/711
f 714/714/714 713/713/713 711/711/711
f 717/717/717 716/716/716 715/715/715
f 718/718/718 717/717/717 715/715/715
f 721/721/721 720/720/720 719/719/719
f 722/722/722 721/721/721 719/719/719
f 725/725/725 724/724/724 723/723/723
f 726/726/726 725/725/725 723/723/723
f 729/729/729 728/728/728 727/727/727
f 730/730/730 729/729/729 727/727/727
f 733/733/733 732/732/732 731/731/731
f 734/734/734 733/733/733 731/731/731
f 737/737/737 736/736/736 735/735/735
f 738/738/738 737/737/737 735/735/735
f 741/741/741 740/740/740 739/739/739
f 742/742/742 741/741/741 739/739/739
f 745/745/745 744/744/744 743/743/743
f 746/746/746 745/745/745 743/743/743
f 749/749/749 748/748/748 747/747/747
f 750/750/750 749/749/749 747/747/747
f 753/753/753 752/752/752 751/751/751
f 754/754/754 753/753/753 751/751/751
f 757/757/757 756/756/756 755/755/755
f 758/758/758 757/757/757 755/755/755
f 761/761/761 760/760/760 759/759/759
f 762/762/762 761/761/761 759/759/759
f 765/765/765 764/764/764 763/763/763
f 766/766/766 765/765/765 763/763/763
f 769/769/769 768/768/768 767/767/767
f 770/770/770 769/769/769 767/767/767
f 773/773/773 772/772/772 771/771/771
f 774/774/774 773/773/773 771/771/771
f 777/777/777 776/776/776 775/775/775
f 778/778/778 777/777/777 775/775/775
f 781/781/781 780/780/780 779/779/779
f 782/782/782 781/781/781 779/779/779
f 785/785/785 784/784/784 783/783/783
f 786/786/786 785/785/785 783/783/783
f 789/789/789 788/788/788 787/787/787
f 790/790/790 789/789/789 787/787/787
f 793/793/793 792/792/792 791/791/791
f 794/794/794 793/793/793 791/791/791
f 797/797/797 796/796/796 795/795/795
f 798/798/798 797/797/797 795/795/795
f 801/801/801 800/800/800 799/799/799
f 802/802/802 801/801/801 799/799/799
f 805/805/805 804/804/804 803/803/803
f 806/806/806 805/805/805 803/803/803
f 809/809/809 808/808/808 807/807/807
f 810/810/810 809/809/809 807/807/807
f 813/813/813 812/812/812 811/811/811
f 814/814/814 813/813/813 811/811/811
f 817/817/817 816/816/816 815/815/815
f 818/818/818 817/817/817 815/815/815
f 821/821/821 820/820/820 819/819/819
f 822/822/822 821/821/821 819/819/819
f 825/825/825 824/824/824 823/823/823
f 825/825/825 823/823/823 826/826/826
f 825/825/825 826/826/826 827/827/827
f 827/827/827 828/828/828 825/825/825
f 831/831/831 830/830/830 829/829/829
f 829/829/829 832/832/832 831/831/831
f 829/829/829 833/833/833 832/832/832
f 829/829/829 834/834/834 833/833/833
f 837/837/837 836/836/836 835/835/835
f 838/838/838 837/837/837 835/835/835
f 841/841/841 840/840/840 839/839/839
f 842/842/842 841/841/841 839/839/839
f 845/845/845 844/844/844 843/843/843
f 846/846/846 845/845/845 843/843/843
f 849/849/849 848/848/848 847/847/847
f 850/850/850 849/849/849 847/847/847
f 853/853/853 852/852/852 851/851/851
f 854/854/854 853/853/853 851/851/851
f 857/857/857 856/856/856 855/855/855
f 855/855/855 858/858/858 857/857/857
f 855/855/855 859/859/859 858/858/858
f 862/862/862 861/861/861 860/860/860
f 863/863/863 862/862/862 860/860/860
f 866/866/866 865/865/865 864/864/864
f 867/867/867 866/866/866 864/864/864
f 870/870/870 869/869/869 868/868/868
f 871/871/871 870/870/870 868/868/868
f 874/874/874 873/873/873 872/872/872
f 875/875/875 874/874/874 872/872/872
f 878/878/878 877/877/877 876/876/876
f 879/879/879 878/878/878 876/876/876
f 882/882/882 881/881/881 880/880/880
f 883/883/883 882/882/882 880/880/880
f 886/886/886 885/885/885 884/884/884
f 887/887/887 886/886/886 884/884/884
f 890/890/890 889/889/889 888/888/888
f 891/891/891 890/890/890 888/888/888
f 892/892/892 890/890/890 891/891/891
f 893/893/893 892/892/892 891/891/891
f 894/894/894 892/892/892 893/893/893
f 895/895/895 894/894/894 893/893/893
f 896/896/896 894/894/894 895/895/895
f 897/897/897 896/896/896 895/895/895
f 898/898/898 896/896/896 897/897/897
f 899/899/899 898/898/898 897/897/897
f 900/900/900 898/898/898 899/899/899
f 901/901/901 900/900/900 899/899/899
f 902/902/902 900/900/900 901/901/901
f 903/903/903 902/902/902 901/901/901
f 904/904/904 902/902/902 903/903/903
f 905/905/905 904/904/904 903/903/903
f 908/908/908 907/907/907 906/906/906
f 909/909/909 908/908/908 906/906/906
f 912/912/912 911/911/911 910/910/910
f 913/913/913 912/912/912 910/910/910
f 916/916/916 915/915/915 914/914/914
f 917/917/917 916/916/916 914/914/914
f 920/920/920 919/919/919 918/918/918
f 921/921/921 920/920/920 918/918/918
f 924/924/924 923/923/923 922/922/922
f 925/925/925 924/924/924 922/922/922
f 928/928/928 927/927/927 926/926/926
f 929/929/929 928/928/928 926/926/926
f 932/932/932 931/931/931 930/930/930
f 933/933/933 932/932/932 930/930/930
f 936/936/936 935/935/935 934/934/934
f 934/934/934 937/937/937 936/936/936
f 934/934/934 938/938/938 937/937/937
f 934/934/934 939/939/939 938/938/938
f 942/942/942 941/941/941 940/940/940
f 940/940/940 943/943/943 942/942/942
f 946/946/946 945/945/945 944/944/944
f 945/945/945 947/947/947 944/944/944
f 950/950/950 949/949/949 948/948/948
f 948/948/948 949/949/949 951/951/951
f 951/951/951 953/953/953 952/952/952
f 952/952/952 953/953/953 954/954/954
f 957/957/957 956/956/956 955/955/955
f 958/958/958 956/956/956 957/957/957
f 961/961/961 960/960/960 959/959/959
f 959/959/959 962/962/962 961/961/961
f 959/959/959 963/963/963 962/962/962
f 963/963/963 964/964/964 962/962/962
f 964/964/964 965/965/965 962/962/962
f 964/964/964 966/966/966 965/965/965
f 969/969/969 968/968/968 967/967/967
f 970/970/970 969/969/969 967/967/967
f 973/973/973 972/972/972 971/971/971
f 974/974/974 973/973/973 971/971/971
f 977/977/977 976/976/976 975/975/975
f 978/978/978 977/977/977 975/975/975
f 981/981/981 980/980/980 979/979/979
f 982/982/982 981/981/981 979/979/979
f 982/982/982 979/979/979 983/983/983
f 984/984/984 982/982/982 983/983/983
f 987/987/987 986/986/986 985/985/985
f 988/988/988 987/987/987 985/985/985
f 991/991/991 990/990/990 989/989/989
f 992/992/992 991/991/991 989/989/989
f 995/995/995 994/994/994 993/993/993
f 996/996/996 995/995/995 993/993/993
f 999/999/999 998/998/998 997/997/997
f 998/998/998 1000/1000/1000 997/997/997
f 997/997/997 1000/1000/1000 1001/1001/1001
f 1000/1000/1000 1002/1002/1002 1001/1001/1001
f 1005/1005/1005 1004/1004/1004 1003/1003/1003
f 1006/1006/1006 1005/1005/1005 1003/1003/1003
f 1009/1009/1009 1008/1008/1008 1007/1007/1007
f 1010/1010/1010 1009/1009/1009 1007/1007/1007
f 1013/1013/1013 1012/1012/1012 1011/1011/1011
f 1014/1014/1014 1013/1013/1013 1011/1011/1011
f 1017/1017/1017 1016/1016/1016 1015/1015/1015
f 1018/1018/1018 1017/1017/1017 1015/1015/1015
f 1021/1021/1021 1020/1020/1020 1019/1019/1019
f 1022/1022/1022 1021/1021/1021 1019/1019/1019
f 1025/1025/1025 1024/1024/1024 1023/1023/1023
f 1026/1026/1026 1025/1025/1025 1023/1023/1023
f 1029/1029/1029 1028/1028/1028 1027/1027/1027
f 1030/1030/1030 1029/1029/1029 1027/1027/1027
f 1033/1033/1033 1032/1032/1032 1031/1031/1031
f 1034/1034/1034 1033/1033/1033 1031/1031/1031
f 1037/1037/1037 1036/1036/1036 1035/1035/1035
f 1038/1038/1038 1037/1037/1037 1035/1035/1035
f 1041/1041/1041 1040/1040/1040 1039/1039/1039
f 1042/1042/1042 1041/1041/1041 1039/1039/1039
f 1045/1045/1045 1044/1044/1044 1043/1043/1043
f 1046/1046/1046 1045/1045/1045 1043/1043/1043
f 1049/1049/1049 1048/1048/1048 1047/1047/1047
f 1050/1050/1050 1049/1049/1049 1047/1047/1047
f 1053/1053/1053 1052/1052/1052 1051/1051/1051
f 1054/1054/1054 1053/1053/1053 1051/1051/1051
f 1057/1057/1057 1056/1056/1056 1055/1055/1055
f 1058/1058/1058 1057/1057/1057 1055/1055/1055
f 1061/1061/1061 1060/1060/1060 1059/1059/1059
f 1062/1062/1062 1061/1061/1061 1059/1059/1059
f 1065/1065/1065 1064/1064/1064 1063/1063/1063
f 1066/1066/1066 1065/1065/1065 1063/1063/1063
f 1069/1069/1069 1068/1068/1068 1067/1067/1067
f 1070/1070/1070 1069/1069/1069 1067/1067/1067
f 1073/1073/1073 1072/1072/1072 1071/1071/1071
f 1074/1074/1074 1073/1073/1073 1071/1071/1071
f 1077/1077/1077 1076/1076/1076 1075/1075/1075
f 1078/1078/1078 1077/1077/1077 1075/1075/1075
f 1081/1081/1081 1080/1080/1080 1079/1079/1079
f 1082/1082/1082 1081/1081/1081 1079/1079/1079
f 1085/1085/1085 1084/1084/1084 1083/1083/1083
f 1086/1086/1086 1085/1085/1085 1083/1083/1083
f 1089/1089/1089 1088/1088/1088 1087/1087/1087
f 1090/1090/1090 1089/1089/1089 1087/1087/1087
f 1093/1093/1093 1092/1092/1092 1091/1091/1091
f 1094/1094/1094 1093/1093/1093 1091/1091/1091
f 1097/1097/1097 1096/1096/1096 1095/1095/1095
f 1098/1098/1098 1097/1097/1097 1095/1095/1095
f 1101/1101/1101 1100/1100/1100 1099/1099/1099
f 1102/1102/1102 1101/1101/1101 1099/1099/1099
f 1105/1105/1105 1104/1104/1104 1103/1103/1103
f 1106/1106/1106 1105/1105/1105 1103/1103/1103
f 1109/1109/1109 1108/1108/1108 1107/1107/1107
f 1110/1110/1110 1109/1109/1109 1107/1107/1107
f 1111/1111/1111 1109/1109/1109 1110/1110/1110
f 1112/1112/1112 1111/1111/1111 1110/1110/1110
f 1115/1115/1115 1114/1114/1114 1113/1113/1113
f 1116/1116/1116 1115/1115/1115 1113/1113/1113
f 1117/1117/1117 1115/1115/1115 1116/1116/1116
f 1118/1118/1118 1117/1117/1117 1116/1116/1116
f 1121/1121/1121 1120/1120/1120 1119/1119/1119
f 1122/1122/1122 1121/1121/1121 1119/1119/1119
f 1123/1123/1123 1121/1121/1121 1122/1122/1122
f 1124/1124/1124 1123/1123/1123 1122/1122/1122
f 1127/1127/1127 1126/1126/1126 1125/1125/1125
f 1128/1128/1128 1127/1127/1127 1125/1125/1125
f 1129/1129/1129 1127/1127/1127 1128/1128/1128
f 1130/1130/1130 1129/1129/1129 1128/1128/1128
f 1133/1133/1133 1132/1132/1132 1131/1131/1131
f 1134/1134/1134 1133/1133/1133 1131/1131/1131
f 1137/1137/1137 1136/1136/1136 1135/1135/1135
f 1138/1138/1138 1137/1137/1137 1135/1135/1135
f 1141/1141/1141 1140/1140/1140 1139/1139/1139
f 1142/1142/1142 1141/1141/1141 1139/1139/1139
f 1145/1145/1145 1144/1144/1144 1143/1143/1143
f 1146/1146/1146 1145/1145/1145 1143/1143/1143
f 1149/1149/1149 1148/1148/1148 1147/1147/1147
f 1150/1150/1150 1149/1149/1149 1147/1147/1147
f 1153/1153/1153 1152/1152/1152 1151/1151/1151
f 1154/1154/1154 1153/1153/1153 1151/1151/1151
f 1157/1157/1157 1156/1156/1156 1155/1155/1155
f 1158/1158/1158 1157/1157/1157 1155/1155/1155
f 1161/1161/1161 1160/1160/1160 1159/1159/1159
f 1162/1162/1162 1161/1161/1161 1159/1159/1159
f 1165/1165/1165 1164/1164/1164 1163/1163/1163
f 1163/1163/1163 1166/1166/1166 1165/1165/1165
f 1163/1163/1163 1167/1167/1167 1166/1166/1166
f 1163/1163/1163 1168/1168/1168 1167/1167/1167
f 1168/1168/1168 1169/1169/1169 1167/1167/1167
f 1168/1168/1168 1170/1170/1170 1169/1169/1169
f 1173/1173/1173 1172/1172/1172 1171/1171/1171
f 1174/1174/1174 1173/1173/1173 1171/1171/1171
f 1177/1177/1177 1176/1176/1176 1175/1175/1175
f 1178/1178/1178 1177/1177/1177 1175/1175/1175
f 1181/1181/1181 1180/1180/1180 1179/1179/1179
f 1182/1182/1182 1181/1181/1181 1179/1179/1179
f 1185/1185/1185 1184/1184/1184 1183/1183/1183
f 1186/1186/1186 1185/1185/1185 1183/1183/1183
f 1186/1186/1186 1183/1183/1183 1187/1187/1187
f 1188/1188/1188 1186/1186/1186 1187/1187/1187
f 1191/1191/1191 1190/1190/1190 1189/1189/1189
f 1192/1192/1192 1191/1191/1191 1189/1189/1189
f 1195/1195/1195 1194/1194/1194 1193/1193/1193
f 1196/1196/1196 1195/1195/1195 1193/1193/1193
f 1199/1199/1199 1198/1198/1198 1197/1197/1197
f 1200/1200/1200 1199/1199/1199 1197/1197/1197
f 1203/1203/1203 1202/1202/1202 1201/1201/1201
f 1202/1202/1202 1204/1204/1204 1201/1201/1201
f 1201/1201/1201 1204/1204/1204 1205/1205/1205
f 1204/1204/1204 1206/1206/1206 1205/1205/1205
f 1209/1209/1209 1208/1208/1208 1207/1207/1207
f 1210/1210/1210 1209/1209/1209 1207/1207/1207
f 1213/1213/1213 1212/1212/1212 1211/1211/1211
f 1214/1214/1214 1213/1213/1213 1211/1211/1211
f 1217/1217/1217 1216/1216/1216 1215/1215/1215
f 1218/1218/1218 1217/1217/1217 1215/1215/1215
f 1221/1221/1221 1220/1220/1220 1219/1219/1219
f 1222/1222/1222 1221/1221/1221 1219/1219/1219
f 1225/1225/1225 1224/1224/1224 1223/1223/1223
f 1226/1226/1226 1225/1225/1225 1223/1223/1223
f 1229/1229/1229 1228/1228/1228 1227/1227/1227
f 1230/1230/1230 1229/1229/1229 1227/1227/1227
f 1233/1233/1233 1232/1232/1232 1231/1231/1231
f 1234/1234/1234 1233/1233/1233 1231/1231/1231
f 1237/1237/1237 1236/1236/1236 1235/1235/1235
f 1238/1238/1238 1237/1237/1237 1235/1235/1235
f 1241/1241/1241 1240/1240/1240 1239/1239/1239
f 1242/1242/1242 1241/1241/1241 1239/1239/1239
f 1245/1245/1245 1244/1244/1244 1243/1243/1243
f 1246/1246/1246 1245/1245/1245 1243/1243/1243
f 1249/1249/1249 1248/1248/1248 1247/1247/1247
f 1250/1250/1250 1249/1249/1249 1247/1247/1247
f 1253/1253/1253 1252/1252/1252 1251/1251/1251
f 1254/1254/1254 1253/1253/1253 1251/1251/1251
f 1257/1257/1257 1256/1256/1256 1255/1255/1255
f 1258/1258/1258 1257/1257/1257 1255/1255/1255
f 1261/1261/1261 1260/1260/1260 1259/1259/1259
f 1262/1262/1262 1261/1261/1261 1259/1259/1259
f 1265/1265/1265 1264/1264/1264 1263/1263/1263
f 1266/1266/1266 1265/1265/1265 1263/1263/1263
f 1269/1269/1269 1268/1268/1268 1267/1267/1267
f 1270/1270/1270 1269/1269/1269 1267/1267/1267
f 1273/1273/1273 1272/1272/1272 1271/1271/1271
f 1274/1274/1274 1273/1273/1273 1271/1271/1271
f 1277/1277/1277 1276/1276/1276 1275/1275/1275
f 1278/1278/1278 1277/1277/1277 1275/1275/1275
f 1281/1281/1281 1280/1280/1280 1279/1279/1279
f 1282/1282/1282 1281/1281/1281 1279/1279/1279
f 1285/1285/1285 1284/1284/1284 1283/1283/1283
f 1286/1286/1286 1285/1285/1285 1283/1283/1283
f 1289/1289/1289 1288/1288/1288 1287/1287/1287
f 1290/1290/1290 1289/1289/1289 1287/1287/1287
f 1293/1293/1293 1292/1292/1292 1291/1291/1291
f 1294/1294/1294 1293/1293/1293 1291/1291/1291
f 1297/1297/1297 1296/1296/1296 1295/1295/1295
f 1298/1298/1298 1297/1297/1297 1295/1295/1295
f 1301/1301/1301 1300/1300/1300 1299/1299/1299
f 1302/1302/1302 1301/1301/1301 1299/1299/1299
f 1305/1305/1305 1304/1304/1304 1303/1303/1303
f 1306/1306/1306 1305/1305/1305 1303/1303/1303
f 1303/1303/1303 1307/1307/1307 1306/1306/1306
f 1307/1307/1307 1308/1308/1308 1306/1306/1306
f 1311/1311/1311 1310/1310/1310 1309/1309/1309
f 1312/1312/1312 1311/1311/1311 1309/1309/1309
f 1315/1315/1315 1314/1314/1314 1313/1313/1313
f 1314/1314/1314 1316/1316/1316 1313/1313/1313
f 1317/1317/1317 1313/1313/1313 1316/1316/1316
f 1318/1318/1318 1317/1317/1317 1316/1316/1316
f 1321/1321/1321 1320/1320/1320 1319/1319/1319
f 1322/1322/1322 1321/1321/1321 1319/1319/1319
f 1325/1325/1325 1324/1324/1324 1323/1323/1323
f 1326/1326/1326 1325/1325/1325 1323/1323/1323
f 1329/1329/1329 1328/1328/1328 1327/1327/1327
f 1330/1330/1330 1329/1329/1329 1327/1327/1327
f 1333/1333/1333 1332/1332/1332 1331/1331/1331
f 1334/1334/1334 1333/1333/1333 1331/1331/1331
f 1337/1337/1337 1336/1336/1336 1335/1335/1335
f 1338/1338/1338 1337/1337/1337 1335/1335/1335
f 1335/1335/1335 1339/1339/1339 1338/1338/1338
f 1339/1339/1339 1340/1340/1340 1338/1338/1338
f 1343/1343/1343 1342/1342/1342 1341/1341/1341
f 1344/1344/1344 1343/1343/1343 1341/1341/1341
f 1347/1347/1347 1346/1346/1346 1345/1345/1345
f 1346/1346/1346 1348/1348/1348 1345/1345/1345
f 1349/1349/1349 1345/1345/1345 1348/1348/1348
f 1350/1350/1350 1349/1349/1349 1348/1348/1348
f 1353/1353/1353 1352/1352/1352 1351/1351/1351
f 1354/1354/1354 1353/1353/1353 1351/1351/1351
f 1357/1357/1357 1356/1356/1356 1355/1355/1355
f 1358/1358/1358 1357/1357/1357 1355/1355/1355
f 1361/1361/1361 1360/1360/1360 1359/1359/1359
f 1362/1362/1362 1361/1361/1361 1359/1359/1359
f 1365/1365/1365 1364/1364/1364 1363/1363/1363
f 1366/1366/1366 1365/1365/1365 1363/1363/1363
f 1369/1369/1369 1368/1368/1368 1367/1367/1367
f 1370/1370/1370 1369/1369/1369 1367/1367/1367
f 1367/1367/1367 1371/1371/1371 1370/1370/1370
f 1371/1371/1371 1372/1372/1372 1370/1370/1370
f 1375/1375/1375 1374/1374/1374 1373/1373/1373
f 1376/1376/1376 1375/1375/1375 1373/1373/1373
f 1379/1379/1379 1378/1378/1378 1377/1377/1377
f 1378/1378/1378 1380/1380/1380 1377/1377/1377
f 1381/1381/1381 1377/1377/1377 1380/1380/1380
f 1382/1382/1382 1381/1381/1381 1380/1380/1380
f 1385/1385/1385 1384/1384/1384 1383/1383/1383
f 1386/1386/1386 1385/1385/1385 1383/1383/1383
f 1389/1389/1389 1388/1388/1388 1387/1387/1387
f 1390/1390/1390 1389/1389/1389 1387/1387/1387
f 1393/1393/1393 1392/1392/1392 1391/1391/1391
f 1394/1394/1394 1393/1393/1393 1391/1391/1391
f 1397/1397/1397 1396/1396/1396 1395/1395/1395
f 1398/1398/1398 1397/1397/1397 1395/1395/1395
f 1401/1401/1401 1400/1400/1400 1399/1399/1399
f 1400/1400/1400 1402/1402/1402 1399/1399/1399
f 1403/1403/1403 1399/1399/1399 1402/1402/1402
f 1404/1404/1404 1403/1403/1403 1402/1402/1402
f 1407/1407/1407 1406/1406/1406 1405/1405/1405
f 1408/1408/1408 1407/1407/1407 1405/1405/1405
f 1411/1411/1411 1410/1410/1410 1409/1409/1409
f 1412/1412/1412 1411/1411/1411 1409/1409/1409
f 1409/1409/1409 1413/1413/1413 1412/1412/1412
f 1413/1413/1413 1414/1414/1414 1412/1412/1412
f 1417/1417/1417 1416/1416/1416 1415/1415/1415
f 1418/1418/1418 1417/1417/1417 1415/1415/1415
f 1421/1421/1421 1420/1420/1420 1419/1419/1419
f 1422/1422/1422 1421/1421/1421 1419/1419/1419
f 1425/1425/1425 1424/1424/1424 1423/1423/1423
f 1426/1426/1426 1425/1425/1425 1423/1423/1423
f 1429/1429/1429 1428/1428/1428 1427/1427/1427
f 1430/1430/1430 1429/1429/1429 1427/1427/1427
f 1433/1433/1433 1432/1432/1432 1431/1431/1431
f 1432/1432/1432 1434/1434/1434 1431/1431/1431
f 1435/1435/1435 1431/1431/1431 1434/1434/1434
f 1436/1436/1436 1435/1435/1435 1434/1434/1434
f 1439/1439/1439 1438/1438/1438 1437/1437/1437
f 1440/1440/1440 1439/1439/1439 1437/1437/1437
f 1443/1443/1443 1442/1442/1442 1441/1441/1441
f 1444/1444/1444 1443/1443/1443 1441/1441/1441
f 1441/1441/1441 1445/1445/1445 1444/1444/1444
f 1445/1445/1445 1446/1446/1446 1444/1444/1444
f 1449/1449/1449 1448/1448/1448 1447/1447/1447
f 1450/1450/1450 1449/1449/1449 1447/1447/1447
f 1453/1453/1453 1452/1452/1452 1451/1451/1451
f 1454/1454/1454 1453/1453/1453 1451/1451/1451
f 1457/1457/1457 1456/1456/1456 1455/1455/1455
f 1458/1458/1458 1457/1457/1457 1455/1455/1455
f 1461/1461/1461 1460/1460/1460 1459/1459/1459
f 1462/1462/1462 1461/1461/1461 1459/1459/1459
f 1465/1465/1465 1464/1464/1464 1463/1463/1463
f 1464/1464/1464 1466/1466/1466 1463/1463/1463
f 1467/1467/1467 1463/1463/1463 1466/1466/1466
f 1468/1468/1468 1467/1467/1467 1466/1466/1466
f 1471/1471/1471 1470/1470/1470 1469/1469/1469
f 1472/1472/1472 1471/1471/1471 1469/1469/1469
f 1475/1475/1475 1474/1474/1474 1473/1473/1473
f 1476/1476/1476 1475/1475/1475 1473/1473/1473
f 1473/1473/1473 1477/1477/1477 1476/1476/1476
f 1477/1477/1477 1478/1478/1478 1476/1476/1476
f 1481/1481/1481 1480/1480/1480 1479/1479/1479
f 1482/1482/1482 1481/1481/1481 1479/1479/1479
f 1485/1485/1485 1484/1484/1484 1483/1483/1483
f 1486/1486/1486 1485/1485/1485 1483/1483/1483
f 1489/1489/1489 1488/1488/1488 1487/1487/1487
f 1490/1490/1490 1489/1489/1489 1487/1487/1487
f 1493/1493/1493 1492/1492/1492 1491/1491/1491
f 1494/1494/1494 1493/1493/1493 1491/1491/1491
f 1497/1497/1497 1496/1496/1496 1495/1495/1495
f 1498/1498/1498 1497/1497/1497 1495/1495/1495
f 1501/1501/1501 1500/1500/1500 1499/1499/1499
f 1502/1502/1502 1501/1501/1501 1499/1499/1499
f 1505/1505/1505 1504/1504/1504 1503/1503/1503
f 1506/1506/1506 1505/1505/1505 1503/1503/1503
f 1509/1509/1509 1508/1508/1508 1507/1507/1507
f 1510/1510/1510 1509/1509/1509 1507/1507/1507
f 1513/1513/1513 1512/1512/1512 1511/1511/1511
f 1514/1514/1514 1513/1513/1513 1511/1511/1511
f 1517/1517/1517 1516/1516/1516 1515/1515/1515
f 1518/1518/1518 1517/1517/1517 1515/1515/1515
f 1521/1521/1521 1520/1520/1520 1519/1519/1519
f 1520/1520/1520 1521/1521/1521 1522/1522/1522
f 1520/1520/1520 1523/1523/1523 1519/1519/1519
f 1524/1524/1524 1520/1520/1520 1522/1522/1522
f 1519/1519/1519 1523/1523/1523 1525/1525/1525
f 1524/1524/1524 1522/1522/1522 1526/1526/1526
f 1523/1523/1523 1527/1527/1527 1525/1525/1525
f 1528/1528/1528 1524/1524/1524 1526/1526/1526
f 1526/1526/1526 1529/1529/1529 1528/1528/1528
f 1529/1529/1529 1530/1530/1530 1528/1528/1528
f 1529/1529/1529 1531/1531/1531 1530/1530/1530
f 1531/1531/1531 1532/1532/1532 1530/1530/1530
f 1525/1525/1525 1527/1527/1527 1533/1533/1533
f 1532/1532/1532 1531/1531/1531 1533/1533/1533
f 1527/1527/1527 1534/1534/1534 1533/1533/1533
f 1534/1534/1534 1532/1532/1532 1533/1533/1533
f 1537/1537/1537 1536/1536/1536 1535/1535/1535
f 1536/1536/1536 1537/1537/1537 1538/1538/1538
f 1536/1536/1536 1539/1539/1539 1535/1535/1535
f 1540/1540/1540 1536/1536/1536 1538/1538/1538
f 1535/1535/1535 1539/1539/1539 1541/1541/1541
f 1540/1540/1540 1538/1538/1538 1542/1542/1542
f 1539/1539/1539 1543/1543/1543 1541/1541/1541
f 1544/1544/1544 1540/1540/1540 1542/1542/1542
f 1542/1542/1542 1545/1545/1545 1544/1544/1544
f 1545/1545/1545 1546/1546/1546 1544/1544/1544
f 1545/1545/1545 1547/1547/1547 1546/1546/1546
f 1547/1547/1547 1548/1548/1548 1546/1546/1546
f 1541/1541/1541 1543/1543/1543 1549/1549/1549
f 1548/1548/1548 1547/1547/1547 1549/1549/1549
f 1543/1543/1543 1550/1550/1550 1549/1549/1549
f 1550/1550/1550 1548/1548/1548 1549/1549/1549
f 1553/1553/1553 1552/1552/1552 1551/1551/1551
f 1552/1552/1552 1554/1554/1554 1551/1551/1551
f 1555/1555/1555 1552/1552/1552 1553/1553/1553
f 1551/1551/1551 1554/1554/1554 1556/1556/1556
f 1557/1557/1557 1555/1555/1555 1553/1553/1553
f 1554/1554/1554 1558/1558/1558 1556/1556/1556
f 1558/1558/1558 1555/1555/1555 1557/1557/1557
f 1556/1556/1556 1558/1558/1558 1557/1557/1557
f 1561/1561/1561 1560/1560/1560 1559/1559/1559
f 1560/1560/1560 1562/1562/1562 1559/1559/1559
f 1563/1563/1563 1560/1560/1560 1561/1561/1561
f 1559/1559/1559 1562/1562/1562 1564/1564/1564
f 1565/1565/1565 1563/1563/1563 1561/1561/1561
f 1562/1562/1562 1566/1566/1566 1564/1564/1564
f 1566/1566/1566 1563/1563/1563 1565/1565/1565
f 1564/1564/1564 1566/1566/1566 1565/1565/1565
f 1569/1569/1569 1568/1568/1568 1567/1567/1567
f 1568/1568/1568 1570/1570/1570 1567/1567/1567
f 1571/1571/1571 1568/1568/1568 1569/1569/1569
f 1567/1567/1567 1570/1570/1570 1572/1572/1572
f 1573/1573/1573 1571/1571/1571 1569/1569/1569
f 1570/1570/1570 1574/1574/1574 1572/1572/1572
f 1574/1574/1574 1571/1571/1571 1573/1573/1573
f 1572/1572/1572 1574/1574/1574 1573/1573/1573
