g House_4
v -11.757778 1.7226995 -4.261232
v -11.757778 8.796374 -4.261232
v -11.747495 8.796374 7.723738
v -11.747495 1.7226995 7.723738
v -6.07157 20.155165 -7.4142094
v -6.0608563 20.155165 5.0725355
v -6.0608563 18.621126 5.0725355
v -6.07157 18.621126 -7.4142094
v -0.45272547 1.7226995 -5.0281205
v -0.45272547 8.796374 -5.0281205
v -11.001236 8.796374 -5.01907
v -11.001236 1.7226995 -5.01907
v -10.989656 1.7226995 8.480278
v -10.989656 8.796374 8.480278
v -1.198336 8.796374 8.471879
v -1.198336 1.7226995 8.471879
v -0.4417947 1.7226995 7.7140393
v -0.4417947 8.796374 7.7140393
v -0.45272547 8.796374 -5.0281205
v -0.45272547 1.7226995 -5.0281205
v -5.2866516 20.155165 5.845415
v 7.2000937 20.155165 5.834702
v 7.2000937 18.621126 5.834702
v -5.2866516 18.621126 5.845415
v 7.9622607 18.621126 -7.4262466
v 7.1880546 18.621126 -8.199129
v -5.29869 18.621126 -8.188416
v -6.07157 18.621126 -7.4142094
v 7.9729733 18.621126 5.060496
v -6.0608563 18.621126 5.0725355
v 7.2000937 18.621126 5.834702
v -5.2866516 18.621126 5.845415
v 7.9729733 20.155165 5.060496
v 7.9622607 20.155165 -7.4262466
v 7.9622607 18.621126 -7.4262466
v 7.9729733 18.621126 5.060496
v 7.1880546 20.155165 -8.199129
v -5.29869 20.155165 -8.188416
v -5.29869 18.621126 -8.188416
v 7.1880546 18.621126 -8.199129
v 6.3465533 0 -7.35618
v 7.12076 0 -6.5833006
v 7.12076 19.16505 -6.5833006
v 6.3465533 19.16505 -7.35618
v 6.357147 19.16505 4.9932013
v 7.130026 19.16505 4.2189937
v 7.130026 0 4.2189937
v 6.357147 0 4.9932013
v -4.445148 0 5.0024686
v -5.219356 0 4.229588
v -5.219356 19.16505 4.229588
v -4.445148 19.16505 5.0024686
v -4.455743 19.16505 -7.3469157
v -5.228623 19.16505 -6.572707
v -5.228623 0 -6.572707
v -4.455743 0 -7.3469157
v -1.198336 1.7226995 8.471879
v -0.4417947 1.7226995 7.7140393
v -0.4417947 0 7.7140393
v -1.198336 0 8.471879
v -10.989656 1.7226995 8.480278
v -11.747495 1.7226995 7.723738
v -11.747495 8.796374 7.723738
v -10.989656 8.796374 8.480278
v -11.001236 1.7226995 -5.01907
v -11.757778 1.7226995 -4.261232
v -11.757778 0 -4.261232
v -11.001236 0 -5.01907
v -6.07157 20.155165 -7.4142094
v -6.07157 18.621126 -7.4142094
v -5.29869 18.621126 -8.188416
v -5.29869 20.155165 -8.188416
v 7.9622607 18.621126 -7.4262466
v 7.9622607 20.155165 -7.4262466
v 7.1880546 20.155165 -8.199129
v 7.1880546 18.621126 -8.199129
v 7.9729733 20.155165 5.060496
v 7.9729733 18.621126 5.060496
v 7.2000937 18.621126 5.834702
v 7.2000937 20.155165 5.834702
v -6.0608563 18.621126 5.0725355
v -6.0608563 20.155165 5.0725355
v -5.2866516 20.155165 5.845415
v -5.2866516 18.621126 5.845415
v -5.228623 0 -6.572707
v -5.228623 19.16505 -6.572707
v -5.219356 19.16505 4.229588
v -5.219356 0 4.229588
v 6.7332807 20.155165 3.9593704
v 6.0968432 20.155165 4.5969005
v 5.6415434 19.172132 4.086073
v 6.221672 19.172132 3.5049467
v -3.740138 19.172132 -6.4397864
v 5.6325064 19.172132 -6.447827
v 6.2136316 19.172132 -5.8676972
v -4.3202686 19.172132 -5.85866
v 6.221672 19.172132 3.5049467
v -4.3122263 19.172132 3.5139837
v 5.6415434 19.172132 4.086073
v -3.7311013 19.172132 4.0941143
v -4.8318763 20.155165 -6.313084
v -4.195438 20.155165 -6.950613
v -3.740138 19.172132 -6.4397864
v -4.3202686 19.172132 -5.85866
v 6.0968432 20.155165 4.5969005
v -4.185525 20.155165 4.6057215
v -3.7311013 19.172132 4.0941143
v 5.6415434 19.172132 4.086073
v -4.195438 20.155165 -6.950613
v 6.0869293 20.155165 -6.9594345
v 5.6325064 19.172132 -6.447827
v -3.740138 19.172132 -6.4397864
v -4.185525 20.155165 4.6057215
v -4.8230553 20.155165 3.969284
v -4.3122263 19.172132 3.5139837
v -3.7311013 19.172132 4.0941143
v 6.0869293 20.155165 -6.9594345
v 6.724459 20.155165 -6.322997
v 6.2136316 19.172132 -5.8676972
v 5.6325064 19.172132 -6.447827
v 6.724459 20.155165 -6.322997
v 6.7332807 20.155165 3.9593704
v 6.221672 19.172132 3.5049467
v 6.2136316 19.172132 -5.8676972
v -4.8230553 20.155165 3.969284
v -4.8318763 20.155165 -6.313084
v -4.3202686 19.172132 -5.85866
v -4.3122263 19.172132 3.5139837
v 0.15984005 8.796374 -5.47676
v 0.15959436 10.298702 -5.7625523
v -11.406781 10.298702 -5.752629
v -11.406781 8.796374 -5.752629
v -11.394083 8.796374 9.049323
v -11.394083 10.298702 9.049323
v -0.6579617 10.298702 9.040112
v -0.6579617 8.796374 9.040112
v -11.406781 8.796374 -5.752629
v -11.406781 10.298702 -5.752629
v -12.236321 10.298702 -4.9216638
v -12.236321 8.796374 -4.9216638
v -0.6579617 8.796374 9.040112
v -0.6579617 10.298702 9.040112
v 0.17158058 10.298702 8.209144
v 0.17158058 8.796374 8.209144
v 0.17158058 8.796374 8.209144
v 0.17158058 10.298702 8.209144
v 0.15959436 10.298702 -5.7625523
v 0.15984005 8.796374 -5.47676
v -12.236321 8.796374 -4.9216638
v -12.236321 10.298702 -4.9216638
v -12.225047 10.298702 8.21978
v -12.225047 8.796374 8.21978
v -12.225047 8.796374 8.21978
v -12.225047 10.298702 8.21978
v -11.394083 10.298702 9.049323
v -11.394083 8.796374 9.049323
v -10.612105 10.298702 -4.3151946
v -10.406246 9.518345 -3.9428363
v -11.055683 9.518345 -3.2922835
v -11.298594 10.298702 -3.627522
v -10.406246 9.518345 -3.9428363
v -1.3510867 9.518345 -3.9506047
v -1.3417033 9.518345 6.987649
v -11.055683 9.518345 -3.2922835
v -11.046859 9.518345 6.9959745
v -1.9911401 9.518345 7.638202
v -10.396306 9.518345 7.645413
v -1.7168422 10.298702 7.9266415
v -1.9911401 9.518345 7.638202
v -1.3417033 9.518345 6.987649
v -1.0303496 10.298702 7.238968
v -1.0303496 10.298702 7.238968
v -1.3417033 9.518345 6.987649
v -1.3510867 9.518345 -3.9506047
v -1.040269 10.298702 -4.3234086
v -11.298594 10.298702 -3.627522
v -11.055683 9.518345 -3.2922835
v -11.046859 9.518345 6.9959745
v -11.289266 10.298702 7.247769
v -11.289266 10.298702 7.247769
v -11.046859 9.518345 6.9959745
v -10.396306 9.518345 7.645413
v -10.601595 10.298702 7.9342637
v -1.040269 10.298702 -4.3234086
v -1.3510867 9.518345 -3.9506047
v -10.406246 9.518345 -3.9428363
v -10.612105 10.298702 -4.3151946
v -10.601595 10.298702 7.9342637
v -10.396306 9.518345 7.645413
v -1.9911401 9.518345 7.638202
v -1.7168422 10.298702 7.9266415
v -8.360744 11.466436 -0.26374388
v -8.3639345 11.466436 -3.981931
v -5.2709966 11.466436 -3.9845853
v -5.267807 11.466436 -0.26639795
v -8.3639345 11.466436 -3.981931
v -8.3639345 9.63542 -3.981931
v -5.2709966 9.63542 -3.9845853
v -5.2709966 11.466436 -3.9845853
v -8.360744 11.466436 -0.26374388
v -5.267807 11.466436 -0.26639795
v -5.267807 10.856097 -0.26639795
v -8.360744 10.856097 -0.26374388
v -8.3599205 10.856097 0.69732475
v -5.2669816 10.856097 0.69467163
v -5.2669816 10.245758 0.69467163
v -8.3599205 10.245759 0.69732475
v -8.3591 10.245759 1.652632
v -8.3591 9.63542 1.652632
v -8.3639345 9.63542 -3.981931
v -8.3599205 10.245759 0.69732475
v -8.3639345 11.466436 -3.981931
v -8.360744 10.856097 -0.26374388
v -8.360744 11.466436 -0.26374388
v -8.3599205 10.856097 0.69732475
v -8.360744 10.856097 -0.26374388
v -5.267807 10.856097 -0.26639795
v -5.2669816 10.856097 0.69467163
v -8.3599205 10.856097 0.69732475
v -8.3591 10.245759 1.652632
v -5.2661624 10.245758 1.6499786
v -5.2661624 9.63542 1.6499786
v -8.3591 9.63542 1.652632
v -5.2709966 11.466436 -3.9845853
v -5.2709966 9.63542 -3.9845853
v -5.2661624 9.63542 1.6499786
v -5.2669816 10.245758 0.69467163
v -5.2661624 10.245758 1.6499786
v -5.267807 10.856097 -0.26639795
v -5.2669816 10.856097 0.69467163
v -5.267807 11.466436 -0.26639795
v -8.3599205 10.245759 0.69732475
v -5.2669816 10.245758 0.69467163
v -5.2661624 10.245758 1.6499786
v -8.3591 10.245759 1.652632
v -5.290468 15.014306 -3.3998723
v -5.290468 12.196364 -3.3998723
v -5.288283 12.196364 -0.8532233
v -5.288283 15.014306 -0.8532233
v -5.290134 15.666021 -3.0116186
v -5.2886157 15.666021 -1.241477
v -5.2896237 16.015343 -2.4167604
v -5.2891245 16.015343 -1.8363355
v -5.288283 12.196364 -0.8532233
v -5.236124 11.466436 -0.48541212
v -5.236124 15.09846 -0.48541212
v -5.288283 15.014306 -0.8532233
v -5.647557 15.4093075 -1.2838273
v -5.698714 15.09846 -0.48501587
v -5.6472397 14.757592 -0.91428417
v -5.6991434 15.938449 -0.9854336
v -5.6480427 15.758628 -1.8500146
v -5.6998014 16.388685 -1.7521434
v -5.6485157 15.758628 -2.4024649
v -5.700443 16.388685 -2.500248
v -5.649002 15.4093075 -2.9686542
v -5.701101 15.938449 -3.2669568
v -5.649319 14.757592 -3.3381941
v -5.7015295 15.09846 -3.7673755
v -5.288283 15.014306 -0.8532233
v -5.236124 15.09846 -0.48541212
v -5.2365537 15.938449 -0.98583126
v -5.2886157 15.666021 -1.241477
v -5.2886157 15.666021 -1.241477
v -5.2365537 15.938449 -0.98583126
v -5.237212 16.388685 -1.7525387
v -5.2891245 16.015343 -1.8363355
v -5.2891245 16.015343 -1.8363355
v -5.237212 16.388685 -1.7525387
v -5.237853 16.388685 -2.5006447
v -5.2896237 16.015343 -2.4167604
v -5.2389402 15.09846 -3.7677712
v -5.7015295 11.466436 -3.7673755
v -5.2389402 11.466436 -3.7677712
v -5.7015295 15.09846 -3.7673755
v -5.238511 15.938449 -3.2673526
v -5.701101 15.938449 -3.2669568
v -5.237853 16.388685 -2.5006447
v -5.700443 16.388685 -2.500248
v -5.237212 16.388685 -1.7525387
v -5.6998014 16.388685 -1.7521434
v -5.2365537 15.938449 -0.98583126
v -5.6991434 15.938449 -0.9854336
v -5.236124 15.09846 -0.48541212
v -5.698714 15.09846 -0.48501587
v -5.236124 11.466436 -0.48541212
v -5.698714 11.466436 -0.48501587
v -5.2389402 11.466436 -3.7677712
v -5.7015295 11.466436 -3.7673755
v -5.698714 11.466436 -0.48501587
v -5.236124 11.466436 -0.48541212
v -5.6472397 14.757592 -0.91428417
v -5.698714 15.09846 -0.48501587
v -5.698714 11.466436 -0.48501587
v -5.6472397 11.939651 -0.91428417
v -5.290468 12.196364 -3.3998723
v -5.2389402 11.466436 -3.7677712
v -5.236124 11.466436 -0.48541212
v -5.288283 12.196364 -0.8532233
v -5.6472397 11.939651 -0.91428417
v -5.698714 11.466436 -0.48501587
v -5.7015295 11.466436 -3.7673755
v -5.649319 11.939651 -3.3381941
v -5.290468 15.014306 -3.3998723
v -5.2389402 15.09846 -3.7677712
v -5.2389402 11.466436 -3.7677712
v -5.290468 12.196364 -3.3998723
v -5.649319 11.939651 -3.3381941
v -5.7015295 11.466436 -3.7673755
v -5.7015295 15.09846 -3.7673755
v -5.649319 14.757592 -3.3381941
v -5.290134 15.666021 -3.0116186
v -5.238511 15.938449 -3.2673526
v -5.2389402 15.09846 -3.7677712
v -5.290468 15.014306 -3.3998723
v -5.2896237 16.015343 -2.4167604
v -5.237853 16.388685 -2.5006447
v -5.238511 15.938449 -3.2673526
v -5.290134 15.666021 -3.0116186
v -5.412145 14.732411 -1.019246
v -5.412145 12.158048 -1.019246
v -5.4140453 12.158048 -3.2336373
v -5.4140453 14.732411 -3.2336373
v -5.412435 15.327794 -1.3568449
v -5.4137564 15.327794 -2.8960385
v -5.4128795 15.646918 -1.8740939
v -5.4133115 15.646918 -2.3787904
v -5.649319 11.939651 -3.3381941
v -5.4140453 12.158048 -3.2336373
v -5.412145 12.158048 -1.019246
v -5.6472397 11.939651 -0.91428417
v -5.649319 14.757592 -3.3381941
v -5.4140453 12.158048 -3.2336373
v -5.649319 11.939651 -3.3381941
v -5.4140453 14.732411 -3.2336373
v -5.649002 15.4093075 -2.9686542
v -5.4137564 15.327794 -2.8960385
v -5.6485157 15.758628 -2.4024649
v -5.4133115 15.646918 -2.3787904
v -5.6480427 15.758628 -1.8500146
v -5.4128795 15.646918 -1.8740939
v -5.647557 15.4093075 -1.2838273
v -5.412435 15.327794 -1.3568449
v -5.6472397 14.757592 -0.91428417
v -5.412145 14.732411 -1.019246
v -5.6472397 11.939651 -0.91428417
v -5.412145 12.158048 -1.019246
v -5.5234895 15.758628 -2.2928114
v -5.523122 15.758628 -1.8635868
v -5.523122 11.939651 -1.8635868
v -5.5234895 11.939651 -2.2928114
v -5.5234895 15.758628 -2.2928114
v -5.5234895 11.939651 -2.2928114
v -5.373717 11.939651 -2.2929397
v -5.373717 15.758628 -2.2929397
v -5.5234895 11.939651 -2.2928114
v -5.523122 11.939651 -1.8635868
v -5.373348 11.939651 -1.8637156
v -5.373717 11.939651 -2.2929397
v -5.523122 11.939651 -1.8635868
v -5.523122 15.758628 -1.8635868
v -5.373348 15.758628 -1.8637156
v -5.373348 11.939651 -1.8637156
v -5.523122 15.758628 -1.8635868
v -5.5234895 15.758628 -2.2928114
v -5.373717 15.758628 -2.2929397
v -5.373348 15.758628 -1.8637156
v -3.367667 1.9116296 5.001544
v -3.094402 2.3972654 4.4629765
v 5.0054784 2.3972654 4.4560275
v 5.2796655 1.9116296 4.9941254
v -3.094402 2.3972654 4.4629765
v -3.094402 16.767784 4.4629765
v 5.0054784 16.767784 4.4560275
v 5.0054784 2.3972654 4.4560275
v 5.2796655 1.9116296 4.9941254
v 5.0054784 2.3972654 4.4560275
v 5.0054784 16.767784 4.4560275
v 5.2796655 17.25342 4.9941254
v 5.2796655 17.25342 4.9941254
v 5.0054784 16.767784 4.4560275
v -3.094402 16.767784 4.4629765
v -3.367667 17.25342 5.001544
v -3.367667 17.25342 5.001544
v -3.094402 16.767784 4.4629765
v -3.094402 2.3972654 4.4629765
v -3.367667 1.9116296 5.001544
v 7.12916 17.253422 3.2083144
v 6.2882752 16.767786 2.906323
v 6.2882752 2.3972654 2.906323
v 7.12916 1.9116296 3.2083144
v 6.2882752 2.3972654 2.906323
v 6.2882752 16.767786 2.906323
v 6.281262 16.767786 -5.269188
v 6.281262 2.3972654 -5.269188
v 7.12916 1.9116296 3.2083144
v 6.2882752 2.3972654 2.906323
v 6.281262 2.3972654 -5.269188
v 7.1216264 1.9116296 -5.572622
v 7.1216264 1.9116296 -5.572622
v 6.281262 2.3972654 -5.269188
v 6.281262 16.767786 -5.269188
v 7.1216264 17.253422 -5.572622
v 7.1216264 17.253422 -5.572622
v 6.281262 16.767786 -5.269188
v 6.2882752 16.767786 2.906323
v 7.12916 17.253422 3.2083144
v -9.0447035 0.76126903 8.494038
v -6.3887095 0.76126903 8.491758
v -6.3887095 3.700202 8.491758
v -6.7936344 4.379899 8.492105
v -7.4140325 4.7442183 8.492638
v -8.01938 4.7442183 8.493157
v -8.639777 4.379899 8.493689
v -9.0447035 3.700202 8.494038
v -6.8377995 4.1121626 8.866459
v -6.004693 3.7879696 8.919813
v -6.4523907 3.4324656 8.866126
v -6.526595 4.6640253 8.920259
v -7.4282994 4.4764814 8.866966
v -7.3262234 5.1335926 8.920946
v -8.004469 4.4764814 8.86746
v -8.106449 5.1335926 8.921616
v -8.594969 4.1121626 8.867966
v -8.90608 4.6640253 8.922302
v -8.980376 3.4324656 8.868298
v -9.427984 3.7879696 8.92275
v -9.428398 3.7879696 8.440297
v -9.427984 0 8.92275
v -9.428398 0 8.440297
v -9.427984 3.7879696 8.92275
v -8.906494 4.6640253 8.43985
v -8.90608 4.6640253 8.922302
v -8.106864 5.1335926 8.439163
v -8.106449 5.1335926 8.921616
v -7.326637 5.1335926 8.438494
v -7.3262234 5.1335926 8.920946
v -6.52701 4.6640253 8.437809
v -6.526595 4.6640253 8.920259
v -6.005106 3.7879696 8.43736
v -6.004693 3.7879696 8.919813
v -6.005106 0 8.43736
v -6.004693 0 8.919813
v -9.428398 0 8.440297
v -9.427984 0 8.92275
v -6.004693 0 8.919813
v -6.005106 0 8.43736
v -6.4523907 3.4324656 8.866126
v -6.004693 3.7879696 8.919813
v -6.004693 0 8.919813
v -6.4523907 0.49353263 8.866126
v -6.4523907 0.49353263 8.866126
v -6.004693 0 8.919813
v -9.427984 0 8.92275
v -8.980376 0.49353263 8.868298
v -8.980376 0.49353263 8.868298
v -9.427984 0 8.92275
v -9.427984 3.7879696 8.92275
v -8.980376 3.4324656 8.868298
v -6.913956 4.02715 8.621242
v -6.561859 3.4062052 8.620939
v -6.561859 0.7213082 8.620939
v -8.871327 0.7213082 8.622921
v -7.4534106 4.3599772 8.621704
v -7.979779 4.3599772 8.622156
v -8.519235 4.02715 8.622619
v -8.871327 3.4062052 8.622921
v -8.980376 0.49353263 8.868298
v -8.871327 0.7213082 8.622921
v -6.561859 0.7213082 8.620939
v -6.4523907 0.49353263 8.866126
v -8.980376 3.4324656 8.868298
v -8.871327 0.7213082 8.622921
v -8.980376 0.49353263 8.868298
v -8.871327 3.4062052 8.622921
v -8.594969 4.1121626 8.867966
v -8.519235 4.02715 8.622619
v -8.004469 4.4764814 8.86746
v -7.979779 4.3599772 8.622156
v -7.4282994 4.4764814 8.866966
v -7.4534106 4.3599772 8.621704
v -6.8377995 4.1121626 8.866459
v -6.913956 4.02715 8.621242
v -6.4523907 3.4324656 8.866126
v -6.561859 3.4062052 8.620939
v -6.4523907 0.49353263 8.866126
v -6.561859 0.7213082 8.620939
v -7.8901076 4.4764814 8.737066
v -7.4424534 4.4764814 8.736681
v -7.4424534 0.49353263 8.736681
v -7.8901076 0.49353263 8.737066
v -7.8901076 4.4764814 8.737066
v -7.8901076 0.49353263 8.737066
v -7.8902416 0.49353263 8.580862
v -7.8902416 4.4764814 8.580862
v -7.8901076 0.49353263 8.737066
v -7.4424534 0.49353263 8.736681
v -7.4425864 0.49353263 8.580476
v -7.8902416 0.49353263 8.580862
v -7.4424534 0.49353263 8.736681
v -7.4424534 4.4764814 8.736681
v -7.4425864 4.4764814 8.580476
v -7.4425864 0.49353263 8.580476
v -7.4424534 4.4764814 8.736681
v -7.8901076 4.4764814 8.737066
v -7.8902416 4.4764814 8.580862
v -7.4425864 4.4764814 8.580476
v -11.001236 8.796374 -5.01907
v -11.757778 8.796374 -4.261232
v -11.757778 1.7226995 -4.261232
v -11.001236 1.7226995 -5.01907
v -10.989656 0 8.480278
v -11.747495 0 7.723738
v -11.747495 1.7226995 7.723738
v -10.989656 1.7226995 8.480278
v -1.198336 8.796374 8.471879
v -0.4417947 8.796374 7.7140393
v -0.4417947 1.7226995 7.7140393
v -1.198336 1.7226995 8.471879
v -0.4417947 0 7.7140393
v -0.4417947 1.7226995 7.7140393
v -0.45272547 1.7226995 -5.0281205
v -0.45272547 0 -5.0281205
v -10.989656 0 8.480278
v -10.989656 1.7226995 8.480278
v -1.198336 1.7226995 8.471879
v -1.198336 0 8.471879
v -0.45272547 0 -5.0281205
v -0.45272547 1.7226995 -5.0281205
v -11.001236 1.7226995 -5.01907
v -11.001236 0 -5.01907
v -11.757778 0 -4.261232
v -11.757778 1.7226995 -4.261232
v -11.747495 1.7226995 7.723738
v -11.747495 0 7.723738
v -2.1382957 3.1930432 8.474451
v -2.1379545 3.1930432 8.871998
v -2.1379545 6.229406 8.871998
v -2.1382957 6.229406 8.474451
v -2.1382957 6.229406 8.474451
v -2.1379545 6.229406 8.871998
v -4.64043 6.229406 8.874144
v -4.640771 6.229406 8.476599
v -4.640771 6.229406 8.476599
v -4.64043 6.229406 8.874144
v -4.64043 3.1930432 8.874144
v -4.640771 3.1930432 8.476599
v -2.5970016 5.8323483 8.827838
v -2.5970016 3.5900981 8.827838
v -2.7946439 3.753907 8.625891
v -2.7946439 5.6685405 8.625891
v -2.5970016 5.8323483 8.827838
v -2.1379545 6.229406 8.871998
v -2.1379545 3.1930432 8.871998
v -2.5970016 3.5900981 8.827838
v -2.5970016 3.5900981 8.827838
v -2.1379545 3.1930432 8.871998
v -4.64043 3.1930432 8.874144
v -4.198752 3.5900981 8.829212
v -4.198752 3.5900981 8.829212
v -4.64043 3.1930432 8.874144
v -4.64043 6.229406 8.874144
v -4.198752 5.8323483 8.829212
v -4.198752 5.8323483 8.829212
v -4.64043 6.229406 8.874144
v -2.1379545 6.229406 8.871998
v -2.5970016 5.8323483 8.827838
v -2.7946439 3.753907 8.625891
v -3.9950652 3.753907 8.626923
v -3.9950652 5.6685405 8.626923
v -2.7946439 5.6685405 8.625891
v -4.198752 5.8323483 8.829212
v -3.9950652 5.6685405 8.626923
v -3.9950652 3.753907 8.626923
v -4.198752 3.5900981 8.829212
v -2.5970016 5.8323483 8.827838
v -2.7946439 5.6685405 8.625891
v -3.9950652 5.6685405 8.626923
v -4.198752 5.8323483 8.829212
v -4.198752 3.5900981 8.829212
v -3.9950652 3.753907 8.626923
v -2.7946439 3.753907 8.625891
v -2.5970016 3.5900981 8.827838
v -1.8778971 3.5900981 9.058447
v -1.877843 3.0279489 9.121527
v -4.917403 3.0279489 9.124136
v -4.9174604 3.5900981 9.061055
v -4.9174604 3.5900981 9.061055
v -4.917403 3.0279489 9.124136
v -4.91796 3.0279489 8.476836
v -4.918016 3.5900981 8.413754
v -4.917403 3.0279489 9.124136
v -1.877843 3.0279489 9.121527
v -1.8783987 3.0279489 8.474228
v -4.91796 3.0279489 8.476836
v -1.877843 3.0279489 9.121527
v -1.8778971 3.5900981 9.058447
v -1.8784523 3.5900981 8.411148
v -1.8783987 3.0279489 8.474228
v -1.8778971 3.5900981 9.058447
v -4.9174604 3.5900981 9.061055
v -4.918016 3.5900981 8.413754
v -1.8784523 3.5900981 8.411148
v -3.8924153 7.150574 9.568022
v -4.9730716 7.103011 9.974163
v -4.9735413 7.150574 9.425627
v -3.891945 7.103011 10.11656
v -2.8114116 7.150574 9.567096
v -2.810942 7.103011 10.115633
v -1.7305317 7.150574 9.422844
v -1.7300613 7.103011 9.97138
v -3.893654 7.5021935 8.124421
v -4.9741 7.289229 8.775488
v -4.974658 7.5021935 8.125348
v -3.8929732 7.289229 8.917884
v -2.8126507 7.5021935 8.123493
v -2.8119695 7.289229 8.916958
v -1.7316473 7.5021935 8.122565
v -1.7310891 7.289229 8.772704
v -3.8929732 7.289229 8.917884
v -4.9735413 7.150574 9.425627
v -4.9741 7.289229 8.775488
v -3.8924153 7.150574 9.568022
v -2.8119695 7.289229 8.916958
v -2.8114116 7.150574 9.567096
v -1.7310891 7.289229 8.772704
v -1.7305317 7.150574 9.422844
v -4.799407 7.1849327 10.1232395
v -4.800014 6.7426157 9.416517
v -4.7994347 6.6581063 10.090805
v -4.799985 7.269441 9.448951
v -4.8005877 6.90916 8.74728
v -4.8005605 7.4359837 8.779715
v -4.801158 7.1426244 8.082163
v -4.801131 7.6694493 8.114598
v -5.2305818 7.1849327 10.12361
v -5.2306085 6.6581063 10.091175
v -5.231188 6.7426157 9.416887
v -5.2311606 7.269441 9.449322
v -5.2317624 6.90916 8.74765
v -5.231734 7.4359837 8.780085
v -5.2323327 7.1426244 8.082533
v -5.232305 7.6694493 8.114966
v -4.8005877 6.90916 8.74728
v -5.2317624 6.90916 8.74765
v -5.231188 6.7426157 9.416887
v -4.800014 6.7426157 9.416517
v -4.799985 7.269441 9.448951
v -5.2311606 7.269441 9.449322
v -5.231734 7.4359837 8.780085
v -4.8005605 7.4359837 8.779715
v -4.800014 6.7426157 9.416517
v -5.231188 6.7426157 9.416887
v -5.2306085 6.6581063 10.091175
v -4.7994347 6.6581063 10.090805
v -4.7994347 6.6581063 10.090805
v -5.2306085 6.6581063 10.091175
v -5.2305818 7.1849327 10.12361
v -4.799407 7.1849327 10.1232395
v -4.801131 7.6694493 8.114598
v -5.232305 7.6694493 8.114966
v -5.2323327 7.1426244 8.082533
v -4.801158 7.1426244 8.082163
v -4.8005605 7.4359837 8.779715
v -5.231734 7.4359837 8.780085
v -5.232305 7.6694493 8.114966
v -4.801131 7.6694493 8.114598
v -4.799407 7.1849327 10.1232395
v -5.2305818 7.1849327 10.12361
v -5.2311606 7.269441 9.449322
v -4.799985 7.269441 9.448951
v -4.801158 7.1426244 8.082163
v -5.2323327 7.1426244 8.082533
v -5.2317624 6.90916 8.74765
v -4.8005877 6.90916 8.74728
v -1.3834763 7.1849327 10.120307
v -1.3840818 6.7426157 9.413587
v -1.3835043 6.6581063 10.087873
v -1.3840547 7.269441 9.446021
v -1.3846568 6.90916 8.744349
v -1.3846284 7.4359837 8.776784
v -1.385227 7.1426244 8.079232
v -1.3852 7.6694493 8.111668
v -1.81465 7.1849327 10.120678
v -1.8146784 6.6581063 10.0882435
v -1.815256 6.7426157 9.413957
v -1.8152286 7.269441 9.446392
v -1.8158305 6.90916 8.744719
v -1.8158021 7.4359837 8.777153
v -1.8164014 7.1426244 8.079602
v -1.8163738 7.6694493 8.112037
v -1.3846568 6.90916 8.744349
v -1.8158305 6.90916 8.744719
v -1.815256 6.7426157 9.413957
v -1.3840818 6.7426157 9.413587
v -1.3840547 7.269441 9.446021
v -1.8152286 7.269441 9.446392
v -1.8158021 7.4359837 8.777153
v -1.3846284 7.4359837 8.776784
v -1.3840818 6.7426157 9.413587
v -1.815256 6.7426157 9.413957
v -1.8146784 6.6581063 10.0882435
v -1.3835043 6.6581063 10.087873
v -1.3835043 6.6581063 10.087873
v -1.8146784 6.6581063 10.0882435
v -1.81465 7.1849327 10.120678
v -1.3834763 7.1849327 10.120307
v -1.3852 7.6694493 8.111668
v -1.8163738 7.6694493 8.112037
v -1.8164014 7.1426244 8.079602
v -1.385227 7.1426244 8.079232
v -1.3846284 7.4359837 8.776784
v -1.8158021 7.4359837 8.777153
v -1.8163738 7.6694493 8.112037
v -1.3852 7.6694493 8.111668
v -1.3834763 7.1849327 10.120307
v -1.81465 7.1849327 10.120678
v -1.8152286 7.269441 9.446392
v -1.3840547 7.269441 9.446021
v -1.385227 7.1426244 8.079232
v -1.8164014 7.1426244 8.079602
v -1.8158305 6.90916 8.744719
v -1.3846568 6.90916 8.744349
v -2.810942 7.103011 10.115633
v -1.7300613 7.103011 9.97138
v -1.7299743 6.798206 10.072983
v -2.8108537 6.798206 10.217236
v -3.891945 7.103011 10.11656
v -3.891858 6.798206 10.218163
v -4.9730716 7.103011 9.974163
v -4.9729843 6.798206 10.075766
v 4.0486636 11.101491 4.4568486
v 4.049006 11.101491 4.8543944
v 4.049006 14.137854 4.8543944
v 4.0486636 14.137854 4.4568486
v 4.0486636 14.137854 4.4568486
v 4.049006 14.137854 4.8543944
v 1.5465308 14.137854 4.856541
v 1.5461897 14.137854 4.458995
v 1.5461897 14.137854 4.458995
v 1.5465308 14.137854 4.856541
v 1.5465308 11.101491 4.856541
v 1.5461897 11.101491 4.458995
v 3.5899596 13.740795 4.8102345
v 3.5899596 11.498548 4.8102345
v 3.392317 11.662355 4.6082892
v 3.392317 13.576989 4.6082892
v 3.5899596 13.740795 4.8102345
v 4.049006 14.137854 4.8543944
v 4.049006 11.101491 4.8543944
v 3.5899596 11.498548 4.8102345
v 3.5899596 11.498548 4.8102345
v 4.049006 11.101491 4.8543944
v 1.5465308 11.101491 4.856541
v 1.9882088 11.498548 4.811609
v 1.9882088 11.498548 4.811609
v 1.5465308 11.101491 4.856541
v 1.5465308 14.137854 4.856541
v 1.9882088 13.740795 4.811609
v 1.9882088 13.740795 4.811609
v 1.5465308 14.137854 4.856541
v 4.049006 14.137854 4.8543944
v 3.5899596 13.740795 4.8102345
v 3.392317 11.662355 4.6082892
v 2.1918962 11.662355 4.609319
v 2.1918962 13.576989 4.609319
v 3.392317 13.576989 4.6082892
v 1.9882088 13.740795 4.811609
v 2.1918962 13.576989 4.609319
v 2.1918962 11.662355 4.609319
v 1.9882088 11.498548 4.811609
v 3.5899596 13.740795 4.8102345
v 3.392317 13.576989 4.6082892
v 2.1918962 13.576989 4.609319
v 1.9882088 13.740795 4.811609
v 1.9882088 11.498548 4.811609
v 2.1918962 11.662355 4.609319
v 3.392317 11.662355 4.6082892
v 3.5899596 11.498548 4.8102345
v 4.3090644 11.498548 5.040844
v 4.309118 10.936398 5.1039248
v 1.2695566 10.936398 5.1065326
v 1.2694999 11.498548 5.043452
v 1.2694999 11.498548 5.043452
v 1.2695566 10.936398 5.1065326
v 1.2690011 10.936398 4.4592333
v 1.2689445 11.498548 4.396152
v 1.2695566 10.936398 5.1065326
v 4.309118 10.936398 5.1039248
v 4.3085628 10.936398 4.4566255
v 1.2690011 10.936398 4.4592333
v 4.309118 10.936398 5.1039248
v 4.3090644 11.498548 5.040844
v 4.3085084 11.498548 4.393544
v 4.3085628 10.936398 4.4566255
v 4.3090644 11.498548 5.040844
v 1.2694999 11.498548 5.043452
v 1.2689445 11.498548 4.396152
v 4.3085084 11.498548 4.393544
v 4.4557643 15.182916 4.6297197
v 2.6783419 15.395879 3.9811063
v 4.4552064 15.395879 3.9795818
v 2.6791446 15.182916 4.9170346
v 0.8965117 15.395879 3.9826345
v 0.897415 15.182916 5.035807
v -0.8853185 15.395879 3.984163
v -0.88451535 15.182916 4.9200916
v -2.6621828 15.395879 3.9856873
v -2.6616244 15.182916 4.635825
v -2.6605964 14.996697 5.8345017
v -0.88339955 14.691892 6.2203717
v -2.6605093 14.691892 5.936104
v -0.88348675 14.996697 6.1187687
v 0.8985313 14.691892 6.336086
v 0.89844406 14.996697 6.234483
v 2.6802611 14.691892 6.2173142
v 2.6801739 14.996697 6.1157107
v 4.45688 14.691892 5.929999
v 4.456793 14.996697 5.8283963
v 4.8033776 15.078619 5.977324
v 4.8027716 14.636302 5.2706003
v 4.803349 14.551791 5.944888
v 4.8027987 15.163127 5.303036
v 4.8021975 14.802845 4.601363
v 4.8022256 15.32967 4.6337976
v 4.8016267 15.036309 3.9362466
v 4.8016543 15.563134 3.9686813
v 4.3722034 15.078619 5.9776945
v 4.372176 14.551791 5.9452586
v 4.3715973 14.636302 5.2709703
v 4.371625 15.163127 5.3034062
v 4.371023 14.802845 4.6017337
v 4.3710513 15.32967 4.634168
v 4.370453 15.036309 3.9366167
v 4.37048 15.563134 3.9690518
v 4.8021975 14.802845 4.601363
v 4.371023 14.802845 4.6017337
v 4.3715973 14.636302 5.2709703
v 4.8027716 14.636302 5.2706003
v 4.8027987 15.163127 5.303036
v 4.371625 15.163127 5.3034062
v 4.3710513 15.32967 4.634168
v 4.8022256 15.32967 4.6337976
v 4.8027716 14.636302 5.2706003
v 4.3715973 14.636302 5.2709703
v 4.372176 14.551791 5.9452586
v 4.803349 14.551791 5.944888
v 4.803349 14.551791 5.944888
v 4.372176 14.551791 5.9452586
v 4.3722034 15.078619 5.9776945
v 4.8033776 15.078619 5.977324
v 4.8016543 15.563134 3.9686813
v 4.37048 15.563134 3.9690518
v 4.370453 15.036309 3.9366167
v 4.8016267 15.036309 3.9362466
v 4.8022256 15.32967 4.6337976
v 4.3710513 15.32967 4.634168
v 4.37048 15.563134 3.9690518
v 4.8016543 15.563134 3.9686813
v 4.8033776 15.078619 5.977324
v 4.3722034 15.078619 5.9776945
v 4.371625 15.163127 5.3034062
v 4.8027987 15.163127 5.303036
v 4.8016267 15.036309 3.9362466
v 4.370453 15.036309 3.9366167
v 4.371023 14.802845 4.6017337
v 4.8021975 14.802845 4.601363
v 0.17428637 11.101491 4.4601717
v 0.17462726 11.101491 4.857718
v 0.17462726 14.137854 4.857718
v 0.17428637 14.137854 4.4601717
v 0.17428637 14.137854 4.4601717
v 0.17462726 14.137854 4.857718
v -2.3278482 14.137854 4.859865
v -2.3281887 14.137854 4.462319
v -2.3281887 14.137854 4.462319
v -2.3278482 14.137854 4.859865
v -2.3278482 11.101491 4.859865
v -2.3281887 11.101491 4.462319
v -0.28441918 13.740795 4.8135586
v -0.28441918 11.498548 4.8135586
v -0.48206198 11.662355 4.611613
v -0.48206198 13.576989 4.611613
v -0.28441918 13.740795 4.8135586
v 0.17462726 14.137854 4.857718
v 0.17462726 11.101491 4.857718
v -0.28441918 11.498548 4.8135586
v -0.28441918 11.498548 4.8135586
v 0.17462726 11.101491 4.857718
v -2.3278482 11.101491 4.859865
v -1.8861707 11.498548 4.8149323
v -1.8861707 11.498548 4.8149323
v -2.3278482 11.101491 4.859865
v -2.3278482 14.137854 4.859865
v -1.8861707 13.740795 4.8149323
v -1.8861707 13.740795 4.8149323
v -2.3278482 14.137854 4.859865
v 0.17462726 14.137854 4.857718
v -0.28441918 13.740795 4.8135586
v -0.48206198 11.662355 4.611613
v -1.6824827 11.662355 4.6126423
v -1.6824827 13.576989 4.6126423
v -0.48206198 13.576989 4.611613
v -1.8861707 13.740795 4.8149323
v -1.6824827 13.576989 4.6126423
v -1.6824827 11.662355 4.6126423
v -1.8861707 11.498548 4.8149323
v -0.28441918 13.740795 4.8135586
v -0.48206198 13.576989 4.611613
v -1.6824827 13.576989 4.6126423
v -1.8861707 13.740795 4.8149323
v -1.8861707 11.498548 4.8149323
v -1.6824827 11.662355 4.6126423
v -0.48206198 11.662355 4.611613
v -0.28441918 11.498548 4.8135586
v 0.4346852 11.498548 5.044167
v 0.43473947 10.936398 5.107248
v -2.604822 10.936398 5.109856
v -2.6048784 11.498548 5.046775
v -2.6048784 11.498548 5.046775
v -2.604822 10.936398 5.109856
v -2.6053777 10.936398 4.4625564
v -2.6054342 11.498548 4.399476
v -2.604822 10.936398 5.109856
v 0.43473947 10.936398 5.107248
v 0.43418413 10.936398 4.459949
v -2.6053777 10.936398 4.4625564
v 0.43473947 10.936398 5.107248
v 0.4346852 11.498548 5.044167
v 0.43412986 11.498548 4.396868
v 0.43418413 10.936398 4.459949
v 0.4346852 11.498548 5.044167
v -2.6048784 11.498548 5.046775
v -2.6054342 11.498548 4.399476
v 0.43412986 11.498548 4.396868
v -2.4869325 15.078619 5.983579
v -2.4875383 14.636302 5.276854
v -2.4869602 14.551791 5.9511433
v -2.4875107 15.163127 5.30929
v -2.488113 14.802845 4.6076174
v -2.488085 15.32967 4.640052
v -2.4886835 15.036309 3.942501
v -2.4886556 15.563134 3.9749358
v -2.9181066 15.078619 5.9839487
v -2.9181345 14.551791 5.951513
v -2.9187124 14.636302 5.277224
v -2.9186842 15.163127 5.30966
v -2.9192867 14.802845 4.607988
v -2.9192584 15.32967 4.6404223
v -2.919857 15.036309 3.942871
v -2.9198296 15.563134 3.975306
v -2.488113 14.802845 4.6076174
v -2.9192867 14.802845 4.607988
v -2.9187124 14.636302 5.277224
v -2.4875383 14.636302 5.276854
v -2.4875107 15.163127 5.30929
v -2.9186842 15.163127 5.30966
v -2.9192584 15.32967 4.6404223
v -2.488085 15.32967 4.640052
v -2.4875383 14.636302 5.276854
v -2.9187124 14.636302 5.277224
v -2.9181345 14.551791 5.951513
v -2.4869602 14.551791 5.9511433
v -2.4869602 14.551791 5.9511433
v -2.9181345 14.551791 5.951513
v -2.9181066 15.078619 5.9839487
v -2.4869325 15.078619 5.983579
v -2.4886556 15.563134 3.9749358
v -2.9198296 15.563134 3.975306
v -2.919857 15.036309 3.942871
v -2.4886835 15.036309 3.942501
v -2.488085 15.32967 4.640052
v -2.9192584 15.32967 4.6404223
v -2.9198296 15.563134 3.975306
v -2.4886556 15.563134 3.9749358
v -2.4869325 15.078619 5.983579
v -2.9181066 15.078619 5.9839487
v -2.9186842 15.163127 5.30966
v -2.4875107 15.163127 5.30929
v -2.4886835 15.036309 3.942501
v -2.919857 15.036309 3.942871
v -2.9192867 14.802845 4.607988
v -2.488113 14.802845 4.6076174
v 4.456322 15.04426 5.279858
v 2.6791446 15.182916 4.9170346
v 4.4557643 15.182916 4.6297197
v 2.679702 15.04426 5.5671725
v 0.897415 15.182916 5.035807
v 0.89797294 15.04426 5.685946
v -0.88451535 15.182916 4.9200916
v -0.883958 15.04426 5.5702305
v -2.6616244 15.182916 4.635825
v -2.6610672 15.04426 5.285964
v 4.0486636 4.6604548 4.4568486
v 4.049006 4.6604548 4.8543944
v 4.049006 7.696817 4.8543944
v 4.0486636 7.696817 4.4568486
v 4.0486636 7.696817 4.4568486
v 4.049006 7.696817 4.8543944
v 1.5465308 7.696817 4.856541
v 1.5461897 7.696817 4.458995
v 1.5461897 7.696817 4.458995
v 1.5465308 7.696817 4.856541
v 1.5465308 4.6604548 4.856541
v 1.5461897 4.6604548 4.458995
v 3.5899596 7.299758 4.8102345
v 3.5899596 5.0575094 4.8102345
v 3.392317 5.2213187 4.6082892
v 3.392317 7.1359506 4.6082892
v 3.5899596 7.299758 4.8102345
v 4.049006 7.696817 4.8543944
v 4.049006 4.6604548 4.8543944
v 3.5899596 5.0575094 4.8102345
v 3.5899596 5.0575094 4.8102345
v 4.049006 4.6604548 4.8543944
v 1.5465308 4.6604548 4.856541
v 1.9882088 5.0575094 4.811609
v 1.9882088 5.0575094 4.811609
v 1.5465308 4.6604548 4.856541
v 1.5465308 7.696817 4.856541
v 1.9882088 7.299758 4.811609
v 1.9882088 7.299758 4.811609
v 1.5465308 7.696817 4.856541
v 4.049006 7.696817 4.8543944
v 3.5899596 7.299758 4.8102345
v 3.392317 5.2213187 4.6082892
v 2.1918962 5.2213187 4.609319
v 2.1918962 7.1359506 4.609319
v 3.392317 7.1359506 4.6082892
v 1.9882088 7.299758 4.811609
v 2.1918962 7.1359506 4.609319
v 2.1918962 5.2213187 4.609319
v 1.9882088 5.0575094 4.811609
v 3.5899596 7.299758 4.8102345
v 3.392317 7.1359506 4.6082892
v 2.1918962 7.1359506 4.609319
v 1.9882088 7.299758 4.811609
v 1.9882088 5.0575094 4.811609
v 2.1918962 5.2213187 4.609319
v 3.392317 5.2213187 4.6082892
v 3.5899596 5.0575094 4.8102345
v 4.3090644 5.0575094 5.040844
v 4.309118 4.49536 5.1039248
v 1.2695566 4.49536 5.1065326
v 1.2694999 5.0575094 5.043452
v 1.2694999 5.0575094 5.043452
v 1.2695566 4.49536 5.1065326
v 1.2690011 4.49536 4.4592333
v 1.2689445 5.0575094 4.396152
v 1.2695566 4.49536 5.1065326
v 4.309118 4.49536 5.1039248
v 4.3085628 4.49536 4.4566255
v 1.2690011 4.49536 4.4592333
v 4.309118 4.49536 5.1039248
v 4.3090644 5.0575094 5.040844
v 4.3085084 5.0575094 4.393544
v 4.3085628 4.49536 4.4566255
v 4.3090644 5.0575094 5.040844
v 1.2694999 5.0575094 5.043452
v 1.2689445 5.0575094 4.396152
v 4.3085084 5.0575094 4.393544
v 3.300577 9.10034 4.173228
v 4.4362206 9.10034 4.1722536
v 4.437807 8.7011595 6.0210686
v 3.3023398 8.7011595 6.227697
v 1.3684608 8.783081 6.1729264
v 1.3678542 8.340764 5.4662023
v 1.3684329 8.256254 6.1404905
v 1.3678824 8.867589 5.498638
v 1.3672804 8.507308 4.7969656
v 1.3673081 9.034131 4.8294
v 1.3667098 8.740772 4.1318502
v 1.3667376 9.267597 4.1642847
v 0.93728673 8.783081 6.1732965
v 0.93725884 8.256254 6.14086
v 0.93668044 8.340764 5.4665713
v 0.9367083 8.867589 5.499008
v 0.93610615 8.507308 4.7973356
v 0.9361341 9.034131 4.82977
v 0.9355358 8.740772 4.1322193
v 0.93556356 9.267597 4.1646543
v 1.3672804 8.507308 4.7969656
v 0.93610615 8.507308 4.7973356
v 0.93668044 8.340764 5.4665713
v 1.3678542 8.340764 5.4662023
v 1.3678824 8.867589 5.498638
v 0.9367083 8.867589 5.499008
v 0.9361341 9.034131 4.82977
v 1.3673081 9.034131 4.8294
v 1.3678542 8.340764 5.4662023
v 0.93668044 8.340764 5.4665713
v 0.93725884 8.256254 6.14086
v 1.3684329 8.256254 6.1404905
v 1.3684329 8.256254 6.1404905
v 0.93725884 8.256254 6.14086
v 0.93728673 8.783081 6.1732965
v 1.3684608 8.783081 6.1729264
v 1.3667376 9.267597 4.1642847
v 0.93556356 9.267597 4.1646543
v 0.9355358 8.740772 4.1322193
v 1.3667098 8.740772 4.1318502
v 1.3673081 9.034131 4.8294
v 0.9361341 9.034131 4.82977
v 0.93556356 9.267597 4.1646543
v 1.3667376 9.267597 4.1642847
v 1.3684608 8.783081 6.1729264
v 0.93728673 8.783081 6.1732965
v 0.9367083 8.867589 5.499008
v 1.3678824 8.867589 5.498638
v 1.3667098 8.740772 4.1318502
v 0.9355358 8.740772 4.1322193
v 0.93610615 8.507308 4.7973356
v 1.3672804 8.507308 4.7969656
v 4.784392 8.783081 6.1699963
v 4.783785 8.340764 5.463271
v 4.7843637 8.256254 6.13756
v 4.7838135 8.867589 5.4957075
v 4.7832117 8.507308 4.7940345
v 4.783239 9.034131 4.8264694
v 4.7826405 8.740772 4.1289186
v 4.7826676 9.267597 4.161354
v 4.353217 8.783081 6.1703653
v 4.35319 8.256254 6.1379294
v 4.352611 8.340764 5.463641
v 4.352639 8.867589 5.496077
v 4.3520374 8.507308 4.794405
v 4.352065 9.034131 4.8268394
v 4.351466 8.740772 4.1292896
v 4.351494 9.267597 4.161724
v 4.7832117 8.507308 4.7940345
v 4.3520374 8.507308 4.794405
v 4.352611 8.340764 5.463641
v 4.783785 8.340764 5.463271
v 4.7838135 8.867589 5.4957075
v 4.352639 8.867589 5.496077
v 4.352065 9.034131 4.8268394
v 4.783239 9.034131 4.8264694
v 4.783785 8.340764 5.463271
v 4.352611 8.340764 5.463641
v 4.35319 8.256254 6.1379294
v 4.7843637 8.256254 6.13756
v 4.7843637 8.256254 6.13756
v 4.35319 8.256254 6.1379294
v 4.353217 8.783081 6.1703653
v 4.784392 8.783081 6.1699963
v 4.7826676 9.267597 4.161354
v 4.351494 9.267597 4.161724
v 4.351466 8.740772 4.1292896
v 4.7826405 8.740772 4.1289186
v 4.783239 9.034131 4.8264694
v 4.352065 9.034131 4.8268394
v 4.351494 9.267597 4.161724
v 4.7826676 9.267597 4.161354
v 4.784392 8.783081 6.1699963
v 4.353217 8.783081 6.1703653
v 4.352639 8.867589 5.496077
v 4.7838135 8.867589 5.4957075
v 4.7826405 8.740772 4.1289186
v 4.351466 8.740772 4.1292896
v 4.3520374 8.507308 4.794405
v 4.7832117 8.507308 4.7940345
v 3.3023398 8.7011595 6.227697
v 4.437807 8.7011595 6.0210686
v 4.4378943 8.396354 6.1226707
v 3.3024273 8.396354 6.329299
v -6.5426073 4.658668 9.566076
v -5.430159 4.2550235 9.632442
v -6.027968 3.8123949 9.565634
v -6.1270585 5.345778 9.633039
v -7.3311033 5.112272 9.566753
v -7.1948056 5.9304233 9.633955
v -8.100465 5.112272 9.567413
v -8.236645 5.9304233 9.63485
v -8.88896 4.658668 9.5680895
v -9.304393 5.345778 9.635765
v -9.403596 3.8123949 9.568529
v -10.001292 4.2550235 9.636364
v -6.027968 3.8123949 9.565634
v -5.430159 4.2550235 9.632442
v -5.430159 0 9.632442
v -6.027968 0 9.565634
v -9.403596 0 9.568529
v -10.001292 0 9.636364
v -10.001292 4.2550235 9.636364
v -9.403596 3.8123949 9.568529
v -5.430159 0 9.632442
v -5.4311337 4.2550235 8.495747
v -5.431184 0 8.436869
v -5.430159 4.2550235 9.632442
v -6.128033 5.345778 8.496345
v -6.1270585 5.345778 9.633039
v -7.1957803 5.9304233 8.49726
v -7.1948056 5.9304233 9.633955
v -8.237619 5.9304233 8.498155
v -8.236645 5.9304233 9.63485
v -9.305368 5.345778 8.499072
v -9.304393 5.345778 9.635765
v -10.00227 4.2550235 8.49967
v -10.001292 4.2550235 9.636364
v -10.002317 0 8.44079
v -10.001292 0 9.636364
v -6.027968 3.8123949 9.565634
v -6.027968 0 9.565634
v -6.028504 0 8.942101
v -6.0289445 3.8123949 8.428942
v -6.5426073 4.658668 9.566076
v -6.5435824 4.658668 8.429382
v -7.3311033 5.112272 9.566753
v -7.332078 5.112272 8.430059
v -8.100465 5.112272 9.567413
v -8.101439 5.112272 8.430719
v -8.88896 4.658668 9.5680895
v -8.889935 4.658668 8.431395
v -9.403596 3.8123949 9.568529
v -9.404572 3.8123949 8.431837
v -9.403596 0 9.568529
v -9.40413 0 8.944998
v -13.149777 0.6406088 1.3538885
v -13.151324 0.6406088 -0.4444151
v -13.585891 0.74181557 -0.44404316
v -13.584348 0.74181557 1.3542619
v -13.067353 0.9945454 1.3538182
v -13.50192 1.0957518 1.3541908
v -13.503467 1.0957518 -0.44411322
v -13.068895 0.9945454 -0.44448516
v -13.585891 0.74181557 -0.44404316
v -13.503467 1.0957518 -0.44411322
v -13.50192 1.0957518 1.3541908
v -13.584348 0.74181557 1.3542619
v -13.149777 0.6406088 1.3538885
v -13.067353 0.9945454 1.3538182
v -13.068895 0.9945454 -0.44448516
v -13.151324 0.6406088 -0.4444151
v -13.151324 0.6406088 -0.4444151
v -13.068895 0.9945454 -0.44448516
v -13.503467 1.0957518 -0.44411322
v -13.585891 0.74181557 -0.44404316
v -13.584348 0.74181557 1.3542619
v -13.50192 1.0957518 1.3541908
v -13.067353 0.9945454 1.3538182
v -13.149777 0.6406088 1.3538885
v -12.892431 1.7456454 1.3536685
v -12.893973 1.7456454 -0.44463584
v -13.328544 1.8468517 -0.4442625
v -13.327002 1.8468517 1.3540411
v -12.810002 2.0995822 1.3535969
v -13.244574 2.2007885 1.3539708
v -13.246118 2.2007885 -0.44433403
v -12.8115425 2.0995822 -0.44470787
v -13.328544 1.8468517 -0.4442625
v -13.246118 2.2007885 -0.44433403
v -13.244574 2.2007885 1.3539708
v -13.327002 1.8468517 1.3540411
v -12.892431 1.7456454 1.3536685
v -12.810002 2.0995822 1.3535969
v -12.8115425 2.0995822 -0.44470787
v -12.893973 1.7456454 -0.44463584
v -12.893973 1.7456454 -0.44463584
v -12.8115425 2.0995822 -0.44470787
v -13.246118 2.2007885 -0.44433403
v -13.328544 1.8468517 -0.4442625
v -13.327002 1.8468517 1.3540411
v -13.244574 2.2007885 1.3539708
v -12.810002 2.0995822 1.3535969
v -12.892431 1.7456454 1.3536685
v -12.615257 2.935792 1.35343
v -12.616799 2.935792 -0.44487333
v -13.051373 3.0369976 -0.44450042
v -13.049829 3.0369976 1.3538026
v -12.53283 3.2897277 1.3533597
v -12.967402 3.3909338 1.3537322
v -12.968946 3.3909338 -0.444571
v -12.534373 3.2897277 -0.44494438
v -13.051373 3.0369976 -0.44450042
v -12.968946 3.3909338 -0.444571
v -12.967402 3.3909338 1.3537322
v -13.049829 3.0369976 1.3538026
v -12.615257 2.935792 1.35343
v -12.53283 3.2897277 1.3533597
v -12.534373 3.2897277 -0.44494438
v -12.616799 2.935792 -0.44487333
v -12.616799 2.935792 -0.44487333
v -12.534373 3.2897277 -0.44494438
v -12.968946 3.3909338 -0.444571
v -13.051373 3.0369976 -0.44450042
v -13.049829 3.0369976 1.3538026
v -12.967402 3.3909338 1.3537322
v -12.53283 3.2897277 1.3533597
v -12.615257 2.935792 1.35343
v -11.7814 5.9656754 -0.42688322
v -13.1707325 0 -0.42569113
v -13.851473 0.15853643 -0.42510748
v -12.46214 6.124212 -0.42629957
v -11.78171 5.9656754 -0.7902917
v -12.462452 6.124212 -0.7897081
v -13.851786 0.15853643 -0.7885155
v -13.171042 0 -0.78910065
v -13.851473 0.15853643 -0.42510748
v -13.851786 0.15853643 -0.7885155
v -12.462452 6.124212 -0.7897081
v -12.46214 6.124212 -0.42629957
v -11.7814 5.9656754 -0.42688322
v -11.78171 5.9656754 -0.7902917
v -13.171042 0 -0.78910065
v -13.1707325 0 -0.42569113
v -13.1707325 0 -0.42569113
v -13.171042 0 -0.78910065
v -13.851786 0.15853643 -0.7885155
v -13.851473 0.15853643 -0.42510748
v -12.46214 6.124212 -0.42629957
v -12.462452 6.124212 -0.7897081
v -11.78171 5.9656754 -0.7902917
v -11.7814 5.9656754 -0.42688322
v -11.779565 5.9656754 1.7114928
v -13.168899 0 1.7126851
v -13.849641 0.15853643 1.7132683
v -12.460306 6.124212 1.712076
v -11.779878 5.9656754 1.3480853
v -12.460617 6.124212 1.348669
v -13.849951 0.15853643 1.3498608
v -13.169209 0 1.3492771
v -13.849641 0.15853643 1.7132683
v -13.849951 0.15853643 1.3498608
v -12.460617 6.124212 1.348669
v -12.460306 6.124212 1.712076
v -11.779565 5.9656754 1.7114928
v -11.779878 5.9656754 1.3480853
v -13.169209 0 1.3492771
v -13.168899 0 1.7126851
v -13.168899 0 1.7126851
v -13.169209 0 1.3492771
v -13.849951 0.15853643 1.3498608
v -13.849641 0.15853643 1.7132683
v -12.460306 6.124212 1.712076
v -12.460617 6.124212 1.348669
v -11.779878 5.9656754 1.3480853
v -11.779565 5.9656754 1.7114928
v -12.368823 3.9939659 1.3532188
v -12.370365 3.9939659 -0.44508457
v -12.804936 4.095172 -0.4447117
v -12.803393 4.095172 1.3535916
v -12.286396 4.3479023 1.3531494
v -12.720966 4.4491086 1.3535218
v -12.722509 4.4491086 -0.4447832
v -12.287938 4.3479023 -0.44515654
v -12.804936 4.095172 -0.4447117
v -12.722509 4.4491086 -0.4447832
v -12.720966 4.4491086 1.3535218
v -12.803393 4.095172 1.3535916
v -12.368823 3.9939659 1.3532188
v -12.286396 4.3479023 1.3531494
v -12.287938 4.3479023 -0.44515654
v -12.370365 3.9939659 -0.44508457
v -12.370365 3.9939659 -0.44508457
v -12.287938 4.3479023 -0.44515654
v -12.722509 4.4491086 -0.4447832
v -12.804936 4.095172 -0.4447117
v -12.803393 4.095172 1.3535916
v -12.720966 4.4491086 1.3535218
v -12.286396 4.3479023 1.3531494
v -12.368823 3.9939659 1.3532188
v -12.082437 5.2236795 1.3529735
v -12.083981 5.2236795 -0.44533062
v -12.518553 5.324886 -0.44495773
v -12.517009 5.324886 1.3533456
v -12.0000105 5.5776157 1.3529034
v -12.43458 5.678822 1.3532753
v -12.436123 5.678822 -0.44502783
v -12.001553 5.5776157 -0.4454012
v -12.518553 5.324886 -0.44495773
v -12.436123 5.678822 -0.44502783
v -12.43458 5.678822 1.3532753
v -12.517009 5.324886 1.3533456
v -12.082437 5.2236795 1.3529735
v -12.0000105 5.5776157 1.3529034
v -12.001553 5.5776157 -0.4454012
v -12.083981 5.2236795 -0.44533062
v -12.083981 5.2236795 -0.44533062
v -12.001553 5.5776157 -0.4454012
v -12.436123 5.678822 -0.44502783
v -12.518553 5.324886 -0.44495773
v -12.517009 5.324886 1.3533456
v -12.43458 5.678822 1.3532753
v -12.0000105 5.5776157 1.3529034
v -12.082437 5.2236795 1.3529735
v -10.703378 9.498882 7.233745
v -10.704145 9.498882 6.3377056
v -10.825052 10.369805 6.2170053
v -10.824076 10.369805 7.3546515
v -10.704145 9.498882 6.3377056
v -9.808104 9.498882 6.336937
v -9.687405 10.369805 6.2160296
v -10.825052 10.369805 6.2170053
v -9.808104 9.498882 6.336937
v -9.807336 9.498882 7.232976
v -9.686429 10.369805 7.3536754
v -9.687405 10.369805 6.2160296
v -9.807336 9.498882 7.232976
v -10.703378 9.498882 7.233745
v -10.824076 10.369805 7.3546515
v -9.686429 10.369805 7.3536754
v -10.704145 9.498882 6.3377056
v -10.703378 9.498882 7.233745
v -9.807336 9.498882 7.232976
v -9.808104 9.498882 6.336937
v -9.687405 10.369805 6.2160296
v -9.561981 10.515832 6.090391
v -10.950689 10.515832 6.0915823
v -10.825052 10.369805 6.2170053
v -9.560791 10.515832 7.4790983
v -9.560791 10.88212 7.4790983
v -9.561981 10.88212 6.090391
v -9.561981 10.515832 6.090391
v -9.686429 10.369805 7.3536754
v -9.560791 10.515832 7.4790983
v -9.561981 10.515832 6.090391
v -9.687405 10.369805 6.2160296
v -10.825052 10.369805 6.2170053
v -10.950689 10.515832 6.0915823
v -10.949498 10.515832 7.480289
v -10.824076 10.369805 7.3546515
v -10.824076 10.369805 7.3546515
v -10.949498 10.515832 7.480289
v -9.560791 10.515832 7.4790983
v -9.686429 10.369805 7.3536754
v -9.561981 10.88212 6.090391
v -9.560791 10.88212 7.4790983
v -10.949498 10.88212 7.480289
v -10.950689 10.88212 6.0915823
v -10.950689 10.515832 6.0915823
v -10.950689 10.88212 6.0915823
v -10.949498 10.88212 7.480289
v -10.949498 10.515832 7.480289
v -10.949498 10.515832 7.480289
v -10.949498 10.88212 7.480289
v -9.560791 10.88212 7.4790983
v -9.560791 10.515832 7.4790983
v -9.561981 10.515832 6.090391
v -9.561981 10.88212 6.090391
v -10.950689 10.88212 6.0915823
v -10.950689 10.515832 6.0915823
v -9.85528 12.020622 7.226415
v -10.185804 12.017565 7.1449213
v -10.186125 12.167409 6.7718687
v -9.689058 11.767382 7.454786
v -10.185645 11.765884 7.3323503
v -9.611853 11.299615 7.5608616
v -10.18557 11.301005 7.4194074
v -10.185676 10.886084 7.2961884
v -9.721128 10.88212 7.4107256
v -10.540821 12.017565 6.887453
v -10.72096 12.020622 6.5985956
v -10.186125 12.167409 6.7718687
v -10.719028 11.765884 6.9455237
v -10.98967 11.767382 6.5115414
v -10.801799 11.301005 6.972496
v -11.11448 11.299615 6.471107
v -10.937824 10.88212 6.528339
v -10.684644 10.886084 6.9343195
v -10.186607 12.020622 6.2096653
v -9.967108 12.017565 6.469873
v -10.186125 12.167409 6.7718687
v -10.18685 11.767382 5.9272075
v -9.857069 11.765884 6.318145
v -10.186964 11.299615 5.7960105
v -9.805962 11.301005 6.2476716
v -9.878302 10.886084 6.3474207
v -10.186803 10.88212 5.9817033
v -9.831232 12.017565 6.8868437
v -9.85528 12.020622 7.226415
v -10.186125 12.167409 6.7718687
v -9.6529255 11.765884 6.944609
v -9.689058 11.767382 7.454786
v -9.570106 11.301005 6.9714403
v -9.611853 11.299615 7.5608616
v -9.721128 10.88212 7.4107256
v -9.687326 10.886084 6.9334636
v -10.516189 12.020622 7.226982
v -10.540821 12.017565 6.887453
v -10.186125 12.167409 6.7718687
v -10.682019 11.767382 7.4556375
v -10.719028 11.765884 6.9455237
v -10.759039 11.299615 7.561845
v -10.801799 11.301005 6.972496
v -10.684644 10.886084 6.9343195
v -10.650022 10.88212 7.411522
v -10.405659 12.017565 6.4702487
v -10.186607 12.020622 6.2096653
v -10.186125 12.167409 6.7718687
v -10.515958 11.765884 6.3187113
v -10.18685 11.767382 5.9272075
v -10.567188 11.301005 6.2483244
v -10.186964 11.299615 5.7960105
v -10.186803 10.88212 5.9817033
v -10.494677 10.886084 6.347949
v -9.651589 12.020622 6.597678
v -9.831232 12.017565 6.8868437
v -10.186125 12.167409 6.7718687
v -9.383027 11.767382 6.510163
v -9.6529255 11.765884 6.944609
v -9.258287 11.299615 6.4695153
v -9.570106 11.301005 6.9714403
v -9.687326 10.886084 6.9334636
v -9.434842 10.88212 6.5270486
v -10.185804 12.017565 7.1449213
v -10.516189 12.020622 7.226982
v -10.186125 12.167409 6.7718687
v -10.185645 11.765884 7.3323503
v -10.682019 11.767382 7.4556375
v -10.18557 11.301005 7.4194074
v -10.759039 11.299615 7.561845
v -10.650022 10.88212 7.411522
v -10.185676 10.886084 7.2961884
v -10.72096 12.020622 6.5985956
v -10.405659 12.017565 6.4702487
v -10.186125 12.167409 6.7718687
v -10.98967 11.767382 6.5115414
v -10.515958 11.765884 6.3187113
v -11.11448 11.299615 6.471107
v -10.567188 11.301005 6.2483244
v -10.494677 10.886084 6.347949
v -10.937824 10.88212 6.528339
v -9.967108 12.017565 6.469873
v -9.651589 12.020622 6.597678
v -10.186125 12.167409 6.7718687
v -9.857069 11.765884 6.318145
v -9.383027 11.767382 6.510163
v -9.805962 11.301005 6.2476716
v -9.258287 11.299615 6.4695153
v -9.434842 10.88212 6.5270486
v -9.878302 10.886084 6.3474207
v -9.822498 12.169727 7.271454
v -10.0201 12.312524 6.9999704
v -10.011261 12.348927 6.82852
v -9.803138 12.167774 6.8959436
v -10.186607 12.048756 6.2096653
v -10.186655 12.169727 6.153958
v -10.423039 12.167774 6.446373
v -10.401678 12.014306 6.4757175
v -9.8376665 12.014306 6.884758
v -9.803138 12.167774 6.8959436
v -9.598623 12.169727 6.580417
v -9.651589 12.048756 6.597678
v -10.516189 12.048756 7.226982
v -10.548894 12.169727 7.2720776
v -10.185779 12.167774 7.1744523
v -10.185811 12.014306 7.138158
v -10.401678 12.014306 6.4757175
v -10.423039 12.167774 6.446373
v -10.773953 12.169727 6.5814257
v -10.72096 12.048756 6.5985956
v -9.651589 12.048756 6.597678
v -9.598623 12.169727 6.580417
v -9.949772 12.167774 6.4459667
v -9.971079 12.014306 6.4753485
v -10.185811 12.014306 7.138158
v -10.185779 12.167774 7.1744523
v -9.822498 12.169727 7.271454
v -9.85528 12.048756 7.226415
v -10.72096 12.048756 6.5985956
v -10.773953 12.169727 6.5814257
v -10.568899 12.167774 6.8966007
v -10.53439 12.014306 6.8853564
v -9.971079 12.014306 6.4753485
v -9.949772 12.167774 6.4459667
v -10.186655 12.169727 6.153958
v -10.186607 12.048756 6.2096653
v -9.85528 12.048756 7.226415
v -9.822498 12.169727 7.271454
v -9.803138 12.167774 6.8959436
v -9.8376665 12.014306 6.884758
v -10.53439 12.014306 6.8853564
v -10.568899 12.167774 6.8966007
v -10.548894 12.169727 7.2720776
v -10.516189 12.048756 7.226982
v -10.351758 12.312524 7.0002556
v -10.360894 12.348927 6.8288193
v -10.185967 12.348927 6.955682
v -10.0201 12.312524 6.9999704
v -10.011261 12.348927 6.82852
v -10.454519 12.312524 6.6849146
v -9.917883 12.312524 6.684455
v -10.294296 12.348927 6.6232505
v -10.078211 12.348927 6.623065
v -10.186366 12.312524 6.4897404
v -10.568899 12.167774 6.8966007
v -10.360894 12.348927 6.8288193
v -10.351758 12.312524 7.0002556
v -10.548894 12.169727 7.2720776
v -10.186655 12.169727 6.153958
v -10.186366 12.312524 6.4897404
v -10.294296 12.348927 6.6232505
v -10.423039 12.167774 6.446373
v -9.803138 12.167774 6.8959436
v -10.011261 12.348927 6.82852
v -9.917883 12.312524 6.684455
v -9.598623 12.169727 6.580417
v -10.548894 12.169727 7.2720776
v -10.351758 12.312524 7.0002556
v -10.185967 12.348927 6.955682
v -10.185779 12.167774 7.1744523
v -10.423039 12.167774 6.446373
v -10.294296 12.348927 6.6232505
v -10.454519 12.312524 6.6849146
v -10.773953 12.169727 6.5814257
v -9.598623 12.169727 6.580417
v -9.917883 12.312524 6.684455
v -10.078211 12.348927 6.623065
v -9.949772 12.167774 6.4459667
v -10.185779 12.167774 7.1744523
v -10.185967 12.348927 6.955682
v -10.0201 12.312524 6.9999704
v -9.822498 12.169727 7.271454
v -10.773953 12.169727 6.5814257
v -10.454519 12.312524 6.6849146
v -10.360894 12.348927 6.8288193
v -10.568899 12.167774 6.8966007
v -9.949772 12.167774 6.4459667
v -10.078211 12.348927 6.623065
v -10.186366 12.312524 6.4897404
v -10.186655 12.169727 6.153958
v 5.08467 1.9116296 -7.3551
v 4.755054 2.397266 -6.6465178
v -2.86303 2.397266 -6.6399817
v -3.1938603 1.9116296 -7.3479977
v 4.755054 2.397266 -6.6465178
v 4.755054 16.767784 -6.6465178
v -2.86303 16.767784 -6.6399817
v -2.86303 2.397266 -6.6399817
v 5.08467 17.25342 -7.3551
v 4.755054 16.767784 -6.6465178
v 4.755054 2.397266 -6.6465178
v 5.08467 1.9116296 -7.3551
v -3.1938603 17.25342 -7.3479977
v -2.86303 16.767784 -6.6399817
v 4.755054 16.767784 -6.6465178
v 5.08467 17.25342 -7.3551
v -3.1938603 1.9116296 -7.3479977
v -2.86303 2.397266 -6.6399817
v -2.86303 16.767784 -6.6399817
v -3.1938603 17.25342 -7.3479977
v 4.456793 14.996697 5.8283963
v 2.679702 15.04426 5.5671725
v 4.456322 15.04426 5.279858
v 2.6801739 14.996697 6.1157107
v 0.89797294 15.04426 5.685946
v 0.89844406 14.996697 6.234483
v -0.883958 15.04426 5.5702305
v -0.88348675 14.996697 6.1187687
v -2.6610672 15.04426 5.285964
v -2.6605964 14.996697 5.8345017
v 1.1947963 8.7011595 6.02385
v 2.3306162 8.7011595 6.22853
v 2.3307037 8.396354 6.330133
v 1.1948837 8.396354 6.125452
v 2.3306162 8.7011595 6.22853
v 3.3023398 8.7011595 6.227697
v 3.3024273 8.396354 6.329299
v 2.3307037 8.396354 6.330133
v 1.1932104 9.10034 4.175035
v 2.3288538 9.10034 4.1740613
v 2.3306162 8.7011595 6.22853
v 1.1947963 8.7011595 6.02385
v 2.3288538 9.10034 4.1740613
v 3.300577 9.10034 4.173228
v 3.3023398 8.7011595 6.227697
v 2.3306162 8.7011595 6.22853
v 6.285277 4.6604548 -0.5863509
v 6.682823 4.6604548 -0.5866913
v 6.682823 7.696817 -0.5866913
v 6.285277 7.696817 -0.5863509
v 6.285277 7.696817 -0.5863509
v 6.682823 7.696817 -0.5866913
v 6.68497 7.696817 1.9157833
v 6.287424 7.696817 1.9161246
v 6.287424 7.696817 1.9161246
v 6.68497 7.696817 1.9157833
v 6.68497 4.6604548 1.9157833
v 6.287424 4.6604548 1.9161246
v 6.6386633 7.299758 -0.12764454
v 6.6386633 5.0575094 -0.12764454
v 6.436716 5.2213187 0.06999779
v 6.436716 7.1359506 0.06999779
v 6.6386633 7.299758 -0.12764454
v 6.682823 7.696817 -0.5866913
v 6.682823 4.6604548 -0.5866913
v 6.6386633 5.0575094 -0.12764454
v 6.6386633 5.0575094 -0.12764454
v 6.682823 4.6604548 -0.5866913
v 6.68497 4.6604548 1.9157833
v 6.6400375 5.0575094 1.4741066
v 6.6400375 5.0575094 1.4741066
v 6.68497 4.6604548 1.9157833
v 6.68497 7.696817 1.9157833
v 6.6400375 7.299758 1.4741066
v 6.6400375 7.299758 1.4741066
v 6.68497 7.696817 1.9157833
v 6.682823 7.696817 -0.5866913
v 6.6386633 7.299758 -0.12764454
v 6.436716 5.2213187 0.06999779
v 6.437747 5.2213187 1.2704189
v 6.437747 7.1359506 1.2704189
v 6.436716 7.1359506 0.06999779
v 6.6400375 7.299758 1.4741066
v 6.437747 7.1359506 1.2704189
v 6.437747 5.2213187 1.2704189
v 6.6400375 5.0575094 1.4741066
v 6.6386633 7.299758 -0.12764454
v 6.436716 7.1359506 0.06999779
v 6.437747 7.1359506 1.2704189
v 6.6400375 7.299758 1.4741066
v 6.6400375 5.0575094 1.4741066
v 6.437747 5.2213187 1.2704189
v 6.436716 5.2213187 0.06999779
v 6.6386633 5.0575094 -0.12764454
v 6.869272 5.0575094 -0.84674925
v 6.932354 4.49536 -0.84680367
v 6.934961 4.49536 2.1927578
v 6.8718805 5.0575094 2.1928144
v 6.8718805 5.0575094 2.1928144
v 6.934961 4.49536 2.1927578
v 6.2876616 4.49536 2.1933136
v 6.2245817 5.0575094 2.1933696
v 6.934961 4.49536 2.1927578
v 6.932354 4.49536 -0.84680367
v 6.285053 4.49536 -0.8462477
v 6.2876616 4.49536 2.1933136
v 6.932354 4.49536 -0.84680367
v 6.869272 5.0575094 -0.84674925
v 6.2219725 5.0575094 -0.84619427
v 6.285053 4.49536 -0.8462477
v 6.869272 5.0575094 -0.84674925
v 6.8718805 5.0575094 2.1928144
v 6.2245817 5.0575094 2.1933696
v 6.2219725 5.0575094 -0.84619427
v 6.281869 4.6604548 -4.5585637
v 6.679415 4.6604548 -4.558905
v 6.679415 7.696817 -4.558905
v 6.281869 7.696817 -4.5585637
v 6.281869 7.696817 -4.5585637
v 6.679415 7.696817 -4.558905
v 6.6815624 7.696817 -2.0564284
v 6.2840166 7.696817 -2.0560875
v 6.2840166 7.696817 -2.0560875
v 6.6815624 7.696817 -2.0564284
v 6.6815624 4.6604548 -2.0564284
v 6.2840166 4.6604548 -2.0560875
v 6.635254 7.299758 -4.099857
v 6.635254 5.0575094 -4.099857
v 6.4333105 5.2213187 -3.9022155
v 6.4333105 7.1359506 -3.9022155
v 6.635254 7.299758 -4.099857
v 6.679415 7.696817 -4.558905
v 6.679415 4.6604548 -4.558905
v 6.635254 5.0575094 -4.099857
v 6.635254 5.0575094 -4.099857
v 6.679415 4.6604548 -4.558905
v 6.6815624 4.6604548 -2.0564284
v 6.6366305 5.0575094 -2.4981046
v 6.6366305 5.0575094 -2.4981046
v 6.6815624 4.6604548 -2.0564284
v 6.6815624 7.696817 -2.0564284
v 6.6366305 7.299758 -2.4981046
v 6.6366305 7.299758 -2.4981046
v 6.6815624 7.696817 -2.0564284
v 6.679415 7.696817 -4.558905
v 6.635254 7.299758 -4.099857
v 6.4333105 5.2213187 -3.9022155
v 6.43434 5.2213187 -2.7017932
v 6.43434 7.1359506 -2.7017932
v 6.4333105 7.1359506 -3.9022155
v 6.6366305 7.299758 -2.4981046
v 6.43434 7.1359506 -2.7017932
v 6.43434 5.2213187 -2.7017932
v 6.6366305 5.0575094 -2.4981046
v 6.635254 7.299758 -4.099857
v 6.4333105 7.1359506 -3.9022155
v 6.43434 7.1359506 -2.7017932
v 6.6366305 7.299758 -2.4981046
v 6.6366305 5.0575094 -2.4981046
v 6.43434 5.2213187 -2.7017932
v 6.4333105 5.2213187 -3.9022155
v 6.635254 5.0575094 -4.099857
v 6.865865 5.0575094 -4.8189607
v 6.928945 4.49536 -4.819013
v 6.9315534 4.49536 -1.7794538
v 6.8684716 5.0575094 -1.7793978
v 6.8684716 5.0575094 -1.7793978
v 6.9315534 4.49536 -1.7794538
v 6.2842536 4.49536 -1.7788982
v 6.2211742 5.0575094 -1.7788424
v 6.9315534 4.49536 -1.7794538
v 6.928945 4.49536 -4.819013
v 6.2816453 4.49536 -4.81846
v 6.2842536 4.49536 -1.7788982
v 6.928945 4.49536 -4.819013
v 6.865865 5.0575094 -4.8189607
v 6.218565 5.0575094 -4.8184056
v 6.2816453 4.49536 -4.81846
v 6.865865 5.0575094 -4.8189607
v 6.8684716 5.0575094 -1.7793978
v 6.2211742 5.0575094 -1.7788424
v 6.218565 5.0575094 -4.8184056
v 6.281869 11.101491 -4.5585637
v 6.679415 11.101491 -4.558905
v 6.679415 14.137854 -4.558905
v 6.281869 14.137854 -4.5585637
v 6.281869 14.137854 -4.5585637
v 6.679415 14.137854 -4.558905
v 6.6815624 14.137854 -2.0564284
v 6.2840166 14.137854 -2.0560875
v 6.2840166 14.137854 -2.0560875
v 6.6815624 14.137854 -2.0564284
v 6.6815624 11.101491 -2.0564284
v 6.2840166 11.101491 -2.0560875
v 6.635254 13.740795 -4.099857
v 6.635254 11.498548 -4.099857
v 6.4333105 11.662355 -3.9022155
v 6.4333105 13.576989 -3.9022155
v 6.635254 13.740795 -4.099857
v 6.679415 14.137854 -4.558905
v 6.679415 11.101491 -4.558905
v 6.635254 11.498548 -4.099857
v 6.635254 11.498548 -4.099857
v 6.679415 11.101491 -4.558905
v 6.6815624 11.101491 -2.0564284
v 6.6366305 11.498548 -2.4981046
v 6.6366305 11.498548 -2.4981046
v 6.6815624 11.101491 -2.0564284
v 6.6815624 14.137854 -2.0564284
v 6.6366305 13.740795 -2.4981046
v 6.6366305 13.740795 -2.4981046
v 6.6815624 14.137854 -2.0564284
v 6.679415 14.137854 -4.558905
v 6.635254 13.740795 -4.099857
v 6.4333105 11.662355 -3.9022155
v 6.43434 11.662355 -2.7017932
v 6.43434 13.576989 -2.7017932
v 6.4333105 13.576989 -3.9022155
v 6.6366305 13.740795 -2.4981046
v 6.43434 13.576989 -2.7017932
v 6.43434 11.662355 -2.7017932
v 6.6366305 11.498548 -2.4981046
v 6.635254 13.740795 -4.099857
v 6.4333105 13.576989 -3.9022155
v 6.43434 13.576989 -2.7017932
v 6.6366305 13.740795 -2.4981046
v 6.6366305 11.498548 -2.4981046
v 6.43434 11.662355 -2.7017932
v 6.4333105 11.662355 -3.9022155
v 6.635254 11.498548 -4.099857
v 6.865865 11.498548 -4.8189607
v 6.928945 10.936398 -4.819013
v 6.9315534 10.936398 -1.7794538
v 6.8684716 11.498548 -1.7793978
v 6.8684716 11.498548 -1.7793978
v 6.9315534 10.936398 -1.7794538
v 6.2842536 10.936398 -1.7788982
v 6.2211742 11.498548 -1.7788424
v 6.9315534 10.936398 -1.7794538
v 6.928945 10.936398 -4.819013
v 6.2816453 10.936398 -4.81846
v 6.2842536 10.936398 -1.7788982
v 6.928945 10.936398 -4.819013
v 6.865865 11.498548 -4.8189607
v 6.218565 11.498548 -4.8184056
v 6.2816453 10.936398 -4.81846
v 6.865865 11.498548 -4.8189607
v 6.8684716 11.498548 -1.7793978
v 6.2211742 11.498548 -1.7788424
v 6.218565 11.498548 -4.8184056
v 8.953362 4.560809 11.24867
v 9.014558 3.837743 11.085745
v 8.85017 4.0201735 10.92114
v 9.141576 4.4023447 11.45899
v 9.02582 5.0753818 11.332214
v 9.0033865 5.1174183 11.048368
v 9.212332 5.0333467 11.547355
v 8.94254 4.7196827 10.963698
v 8.85017 4.0201735 10.92114
v 9.153598 5.143399 10.804236
v 8.851694 4.202309 10.687829
v 9.1080265 4.81341 10.715027
v 9.419078 5.143399 10.6930685
v 9.016503 4.314479 10.476005
v 9.387485 4.81341 10.598006
v 9.698423 5.1174183 10.757328
v 9.281386 4.314479 10.365088
v 9.680783 4.7196827 10.654565
v 9.884936 5.0753818 10.972468
v 9.5479555 4.202309 10.396276
v 9.876245 4.560809 10.862219
v 9.907371 5.0333467 11.256313
v 9.715268 4.020173 10.5588875
v 9.89405 4.4023447 11.143896
v 9.757158 5.007367 11.500444
v 9.717215 3.837743 10.791511
v 9.725679 4.3058605 11.393032
v 9.491678 5.007367 11.611609
v 9.551783 3.7248363 11.00514
v 9.437227 4.30586 11.513821
v 9.28285 3.7248363 11.117754
v 9.014558 3.837743 11.085745
v 9.211001 5.289129 8.297495
v 9.653549 5.289129 8.811622
v 9.560657 6.306183 8.850519
v 9.158714 6.306183 8.383566
v 9.240289 6.800537 8.984671
v 8.978383 6.800537 8.680406
v 9.560657 6.306183 8.850519
v 9.273331 6.800537 9.384771
v 9.611367 6.306183 9.464548
v 9.06489 6.800537 9.727884
v 9.653549 5.289129 8.811622
v 9.291474 6.306183 9.991115
v 8.694582 6.800537 9.882946
v 9.709381 5.289129 9.487678
v 9.357172 5.289129 10.06744
v 9.709381 5.289129 9.487678
v 8.723167 6.306183 10.229088
v 8.303853 6.800537 9.790733
v 8.731457 5.289129 10.329454
v 8.12352 6.306183 10.08757
v 8.041947 6.800537 9.486467
v 7.721577 6.306183 9.620618
v 8.008905 6.800537 9.086366
v 8.071235 5.289129 10.17364
v 8.071235 5.289129 10.17364
v 8.723807 4.0752983 10.236837
v 8.119483 4.0752983 10.094214
v 7.670869 6.306183 9.006588
v 8.217347 6.800537 8.743256
v 7.628686 5.289129 9.659513
v 7.9907603 6.306183 8.4800205
v 8.587653 6.800537 8.588192
v 8.559069 6.306183 8.242048
v 9.158714 6.306183 8.383566
v 7.92506 5.289129 8.403695
v 8.550777 5.289129 8.141682
v 9.211001 5.289129 8.297495
v 7.572855 5.289129 8.983457
v 7.7144065 4.0752983 9.623621
v 7.6633005 4.0752983 9.004801
v 7.985688 4.0752983 8.474128
v 7.8377776 1.7928014 9.045979
v 8.102641 1.7928014 8.609997
v 8.558428 4.0752983 8.234301
v 9.162751 4.0752983 8.376921
v 9.567828 4.0752983 8.847517
v 9.069674 1.7928014 8.530132
v 9.40247 1.7928014 8.916758
v 9.618933 4.0752983 9.466333
v 8.102641 1.7928014 8.609997
v 7.985688 4.0752983 8.474128
v 8.573182 1.7928014 8.412961
v 9.069674 1.7928014 8.530132
v 8.558428 4.0752983 8.234301
v 9.40247 1.7928014 8.916758
v 9.444456 1.7928014 9.425158
v 9.567828 4.0752983 8.847517
v 9.618933 4.0752983 9.466333
v 9.357172 5.289129 10.06744
v 9.296546 4.0752983 9.997007
v 7.572855 5.289129 8.983457
v 7.92506 5.289129 8.403695
v 7.9907603 6.306183 8.4800205
v 7.8377776 1.7928014 9.045979
v 7.8473654 0.9942216 9.567945
v 7.803593 0.9942216 9.0379095
v 7.879765 1.7928014 9.554379
v 8.194324 0.9942216 9.971022
v 8.212562 1.7928014 9.941003
v 8.711943 0.9942216 10.09318
v 8.709052 1.7928014 10.058176
v 9.20251 0.9942216 9.88776
v 9.179594 1.7928014 9.86114
v 9.478641 0.9942216 9.433226
v 9.444456 1.7928014 9.425158
v 9.434869 0.9942216 8.903192
v 9.40247 1.7928014 8.916758
v 9.08791 0.9942216 8.500115
v 9.069674 1.7928014 8.530132
v 8.570291 0.9942216 8.377956
v 8.573182 1.7928014 8.412961
v 8.079727 0.9942216 8.583375
v 8.102641 1.7928014 8.609997
v 8.102641 1.7928014 8.609997
v 7.803593 0.9942216 9.0379095
v 8.079727 0.9942216 8.583375
v 9.444456 1.7928014 9.425158
v 9.179594 1.7928014 9.86114
v 9.296546 4.0752983 9.997007
v 9.618933 4.0752983 9.466333
v 8.212562 1.7928014 9.941003
v 8.119483 4.0752983 10.094214
v 7.879765 1.7928014 9.554379
v 7.8377776 1.7928014 9.045979
v 7.7144065 4.0752983 9.623621
v 8.709052 1.7928014 10.058176
v 8.212562 1.7928014 9.941003
v 8.723807 4.0752983 10.236837
v 9.179594 1.7928014 9.86114
v 8.723807 4.0752983 10.236837
v 9.296546 4.0752983 9.997007
v 9.357172 5.289129 10.06744
v 5.951988 1.8910828 9.162893
v 5.4602017 1.8861032 8.906986
v 5.602968 2.1301312 8.316471
v 6.127342 1.478672 9.588152
v 5.3884745 1.4762362 9.203672
v 6.2087936 0.71690273 9.785679
v 5.3551574 0.7191667 9.3414755
v 5.4023123 0.04345417 9.146433
v 6.093511 0.036997795 9.506105
v 4.997234 1.8861032 8.363173
v 4.8230863 1.8910828 7.8368444
v 5.602968 2.1301312 8.316471
v 4.692904 1.4762362 8.386634
v 4.431257 1.478672 7.595874
v 4.5515523 0.7191667 8.3975315
v 4.249263 0.71690273 7.483951
v 4.5068574 0.036997795 7.642368
v 4.7516217 0.04345417 8.382108
v 5.8181205 1.8910828 7.426547
v 6.0655656 1.8861032 7.9226475
v 5.602968 2.1301312 8.316471
v 5.9262176 1.478672 6.979432
v 6.297981 1.4762362 7.724786
v 5.9764237 0.71690273 6.771759
v 6.4059315 0.7191667 7.632882
v 6.2531357 0.04345417 7.7629604
v 5.9053593 0.036997795 7.0656986
v 6.120463 1.8861032 8.634729
v 5.951988 1.8910828 9.162893
v 5.602968 2.1301312 8.316471
v 6.3804617 1.4762362 8.794626
v 6.127342 1.478672 9.588152
v 6.5012283 0.7191667 8.868895
v 6.2087936 0.71690273 9.785679
v 6.093511 0.036997795 9.506105
v 6.330298 0.04345417 8.763775
v 4.9058204 1.8910828 8.9099655
v 4.997234 1.8861032 8.363173
v 5.602968 2.1301312 8.316471
v 4.5555625 1.478672 9.208151
v 4.692904 1.4762362 8.386634
v 4.392876 0.71690273 9.346653
v 4.5515523 0.7191667 8.3975315
v 4.7516217 0.04345417 8.382108
v 4.6231437 0.036997795 9.150622
v 5.3713713 1.8861032 7.754816
v 5.8181205 1.8910828 7.426547
v 5.602968 2.1301312 8.316471
v 5.2550097 1.4762362 7.472631
v 5.9262176 1.478672 6.979432
v 5.200965 0.7191667 7.3415637
v 5.9764237 0.71690273 6.771759
v 5.9053593 0.036997795 7.0656986
v 5.2774615 0.04345417 7.527076
v 6.515817 1.8910828 8.246088
v 6.120463 1.8861032 8.634729
v 5.602968 2.1301312 8.316471
v 6.9744534 1.478672 8.21073
v 6.3804617 1.4762362 8.794626
v 7.1874766 0.71690273 8.194309
v 6.5012283 0.7191667 8.868895
v 6.330298 0.04345417 8.763775
v 6.8859653 0.036997795 8.217553
v 5.4602017 1.8861032 8.906986
v 4.9058204 1.8910828 8.9099655
v 5.602968 2.1301312 8.316471
v 5.3884745 1.4762362 9.203672
v 4.5555625 1.478672 9.208151
v 5.3551574 0.7191667 9.3414755
v 4.392876 0.71690273 9.346653
v 4.6231437 0.036997795 9.150622
v 5.4023123 0.04345417 9.146433
v 4.8230863 1.8910828 7.8368444
v 5.3713713 1.8861032 7.754816
v 5.602968 2.1301312 8.316471
v 4.431257 1.478672 7.595874
v 5.2550097 1.4762362 7.472631
v 4.249263 0.71690273 7.483951
v 5.200965 0.7191667 7.3415637
v 5.2774615 0.04345417 7.527076
v 4.5068574 0.036997795 7.642368
v 6.0655656 1.8861032 7.9226475
v 6.515817 1.8910828 8.246088
v 5.602968 2.1301312 8.316471
v 6.297981 1.4762362 7.724786
v 6.9744534 1.478672 8.21073
v 6.4059315 0.7191667 7.632882
v 7.1874766 0.71690273 8.194309
v 6.8859653 0.036997795 8.217553
v 6.2531357 0.04345417 7.7629604
v 5.9865723 2.1339045 9.246765
v 5.7781157 2.3664532 8.74123
v 5.8579516 2.4257371 8.473284
v 6.161429 2.130723 8.659919
v 5.8181205 1.9368981 7.426547
v 5.8394403 2.1339045 7.338365
v 5.353035 2.130723 7.710352
v 5.375569 1.8807979 7.7649984
v 6.1110787 1.8807979 8.628957
v 6.161429 2.130723 8.659919
v 6.6062694 2.1339045 8.239114
v 6.515817 1.9368981 8.246088
v 4.9058204 1.9368981 8.9099655
v 4.8367405 2.1339045 8.968777
v 5.4489 2.130723 8.953732
v 5.4627905 1.8807979 8.89628
v 5.375569 1.8807979 7.7649984
v 5.353035 2.130723 7.710352
v 4.7458105 2.1339045 7.7893186
v 4.8230863 1.9368981 7.8368444
v 6.515817 1.9368981 8.246088
v 6.6062694 2.1339045 8.239114
v 6.102183 2.130723 7.891472
v 6.057178 1.8807979 7.9297886
v 5.4627905 1.8807979 8.89628
v 5.4489 2.130723 8.953732
v 5.9865723 2.1339045 9.246765
v 5.951988 1.9368981 9.162893
v 4.8230863 1.9368981 7.8368444
v 4.7458105 2.1339045 7.7893186
v 4.949283 2.130723 8.366863
v 5.008218 1.8807979 8.362323
v 6.057178 1.8807979 7.9297886
v 6.102183 2.130723 7.891472
v 5.8394403 2.1339045 7.338365
v 5.8181205 1.9368981 7.426547
v 5.951988 1.9368981 9.162893
v 5.9865723 2.1339045 9.246765
v 6.161429 2.130723 8.659919
v 6.1110787 1.8807979 8.628957
v 5.008218 1.8807979 8.362323
v 4.949283 2.130723 8.366863
v 4.8367405 2.1339045 8.968777
v 4.9058204 1.9368981 8.9099655
v 5.488851 2.4257371 8.039724
v 5.710936 2.3664532 7.8698807
v 5.8309007 2.4257371 8.122421
v 5.211599 2.3664532 8.075779
v 5.3045044 2.4257371 8.339479
v 6.0610566 2.3664532 8.281148
v 5.8579516 2.4257371 8.473284
v 5.2531223 2.3664532 8.614304
v 5.5326223 2.4257371 8.607432
v 5.7781157 2.3664532 8.74123
v 4.949283 2.130723 8.366863
v 5.3045044 2.4257371 8.339479
v 5.2531223 2.3664532 8.614304
v 4.8367405 2.1339045 8.968777
v 5.8394403 2.1339045 7.338365
v 5.710936 2.3664532 7.8698807
v 5.488851 2.4257371 8.039724
v 5.353035 2.130723 7.710352
v 6.161429 2.130723 8.659919
v 5.8579516 2.4257371 8.473284
v 6.0610566 2.3664532 8.281148
v 6.6062694 2.1339045 8.239114
v 4.8367405 2.1339045 8.968777
v 5.2531223 2.3664532 8.614304
v 5.5326223 2.4257371 8.607432
v 5.4489 2.130723 8.953732
v 5.353035 2.130723 7.710352
v 5.488851 2.4257371 8.039724
v 5.211599 2.3664532 8.075779
v 4.7458105 2.1339045 7.7893186
v 6.6062694 2.1339045 8.239114
v 6.0610566 2.3664532 8.281148
v 5.8309007 2.4257371 8.122421
v 6.102183 2.130723 7.891472
v 5.4489 2.130723 8.953732
v 5.5326223 2.4257371 8.607432
v 5.7781157 2.3664532 8.74123
v 5.9865723 2.1339045 9.246765
v 4.7458105 2.1339045 7.7893186
v 5.211599 2.3664532 8.075779
v 5.3045044 2.4257371 8.339479
v 4.949283 2.130723 8.366863
v 6.102183 2.130723 7.891472
v 5.8309007 2.4257371 8.122421
v 5.710936 2.3664532 7.8698807
v 5.8394403 2.1339045 7.338365
v 9.258555 5.4117417 10.946657
v 9.446917 5.4117417 10.8677845
v 9.486179 5.5885086 11.225897
v 9.151978 5.393309 11.11987
v 9.645116 5.393309 10.913374
v 9.167896 5.363485 11.321262
v 9.777446 5.363485 11.066019
v 9.300228 5.33366 11.473905
v 9.793364 5.33366 11.267408
v 9.498428 5.3152266 11.519498
v 9.686789 5.3152266 11.440622
v 9.06489 6.800537 9.727884
v 8.694582 6.800537 9.882946
v 8.641119 7.1930118 9.235569
v 9.273331 6.800537 9.384771
v 8.303853 6.800537 9.790733
v 9.240289 6.800537 8.984671
v 8.041947 6.800537 9.486467
v 8.978383 6.800537 8.680406
v 8.008905 6.800537 9.086366
v 8.587653 6.800537 8.588192
v 8.217347 6.800537 8.743256
v 4.267483 23.645947 -2.257691
v 4.269332 23.645947 -0.101715565
v 0.9507022 24.581512 -1.1768565
v 2.9987357 23.645947 -4.0008235
v 3.0035775 23.645947 1.6435924
v 0.94771016 23.645947 -4.665298
v 0.9536949 23.645947 2.311585
v -1.1021737 23.645947 -3.9973052
v -1.0973313 23.645947 1.6471102
v -2.3679276 23.645947 -2.251998
v -2.3660781 23.645947 -0.096022606
v 9.578489 3.5172467 10.48931
v 9.551783 3.7248363 11.00514
v 9.717215 3.837743 10.791511
v 9.417841 3.407802 10.696501
v 9.577094 3.6937153 10.263808
v 9.28285 3.7248363 11.117754
v 9.715268 4.020173 10.5588875
v 9.156909 3.407802 10.805764
v 9.415502 3.869734 10.106589
v 9.014558 3.837743 11.085745
v 9.5479555 4.202309 10.396276
v 8.896561 3.5172467 10.774862
v 9.156802 3.978576 10.077141
v 8.85017 4.0201735 10.92114
v 9.281386 4.314479 10.365088
v 8.736861 3.6937153 10.615648
v 8.898742 3.978576 10.185201
v 8.851694 4.202309 10.687829
v 9.016503 4.314479 10.476005
v 8.7382145 3.869734 10.390195
v 9.698423 5.1174183 10.757328
v 9.884936 5.0753818 10.972468
v 9.777446 5.363485 11.066019
v 9.645116 5.393309 10.913374
v 9.793364 5.33366 11.267408
v 9.419078 5.143399 10.6930685
v 9.907371 5.0333467 11.256313
v 9.446917 5.4117417 10.8677845
v 9.686789 5.3152266 11.440622
v 9.153598 5.143399 10.804236
v 9.757158 5.007367 11.500444
v 9.258555 5.4117417 10.946657
v 9.498428 5.3152266 11.519498
v 9.0033865 5.1174183 11.048368
v 9.491678 5.007367 11.611609
v 9.151978 5.393309 11.11987
v 9.300228 5.33366 11.473905
v 9.02582 5.0753818 11.332214
v 9.212332 5.0333467 11.547355
v 9.167896 5.363485 11.321262
v 7.3658414 2.95557 6.943421
v 7.1488285 3.1213927 7.204931
v 7.3624144 2.4719148 7.7294292
v 7.5844564 2.3078322 7.4699826
v 7.3521824 2.7365968 8.002672
v 7.711228 2.95557 6.798792
v 7.144913 3.3924315 7.4819407
v 7.93304 2.3078322 7.324015
v 7.5562577 3.0003405 8.184912
v 8.049831 3.1213923 6.827646
v 7.353658 3.6640556 7.670177
v 8.273699 2.4719148 7.347836
v 7.895112 3.1629772 8.207251
v 8.249959 3.3924315 7.019214
v 7.6897855 3.8269355 7.701918
v 8.475575 2.7365968 7.53226
v 8.240411 3.1629772 8.062659
v 8.237623 3.6640556 7.3000236
v 8.024404 3.8269355 7.561799
v 8.462245 3.0003405 7.805538
v -4.455743 19.16505 -7.3469157
v 5.08467 17.25342 -7.3551
v 6.3465533 19.16505 -7.35618
v -3.1938603 17.25342 -7.3479977
v 5.08467 1.9116296 -7.3551
v -4.455743 0 -7.3469157
v 6.3465533 0 -7.35618
v -3.1938603 1.9116296 -7.3479977
v -2.1262991 22.074614 3.0659215
v -4.032487 22.074614 0.44700718
v -2.3660781 23.645947 -0.096022606
v -1.0973313 23.645947 1.6471102
v -2.3679276 23.645947 -2.251998
v 0.95519847 22.074614 4.06424
v -4.0352654 22.074614 -2.7921681
v 0.9536949 23.645947 2.311585
v -1.1021737 23.645947 -3.9973052
v 4.0349784 22.074614 3.0606356
v -2.1335735 22.074614 -5.414349
v 3.0035775 23.645947 1.6435924
v 0.94771016 23.645947 -4.665298
v 5.93667 22.074614 0.4384551
v 0.94620574 22.074614 -6.417952
v 4.269332 23.645947 -0.101715565
v 2.9987357 23.645947 -4.0008235
v 5.9338913 22.074614 -2.8007202
v 4.027703 22.074614 -5.4196362
v 4.267483 23.645947 -2.257691
v 7.12076 0 -6.5833006
v 7.1216264 1.9116296 -5.572622
v 7.1216264 17.253422 -5.572622
v 7.12076 19.16505 -6.5833006
v 7.130026 0 4.2189937
v 7.12916 17.253422 3.2083144
v 7.12916 1.9116296 3.2083144
v 7.130026 19.16505 4.2189937
v 6.357147 0 4.9932013
v 5.2796655 17.25342 4.9941254
v 6.357147 19.16505 4.9932013
v 5.2796655 1.9116296 4.9941254
v -3.367667 17.25342 5.001544
v -4.445148 0 5.0024686
v -4.445148 19.16505 5.0024686
v -3.367667 1.9116296 5.001544
v -11.394083 10.298702 9.049323
v -1.7168422 10.298702 7.9266415
v -0.6579617 10.298702 9.040112
v -10.601595 10.298702 7.9342637
v -1.0303496 10.298702 7.238968
v -12.225047 10.298702 8.21978
v 0.17158058 10.298702 8.209144
v -11.289266 10.298702 7.247769
v -1.040269 10.298702 -4.3234086
v -12.236321 10.298702 -4.9216638
v 0.15959436 10.298702 -5.7625523
v -11.298594 10.298702 -3.627522
v -10.612105 10.298702 -4.3151946
v -11.406781 10.298702 -5.752629
v -10.989656 8.796374 8.480278
v -11.394083 8.796374 9.049323
v -0.6579617 8.796374 9.040112
v -1.198336 8.796374 8.471879
v -11.747495 8.796374 7.723738
v 0.17158058 8.796374 8.209144
v -12.225047 8.796374 8.21978
v -0.4417947 8.796374 7.7140393
v -11.757778 8.796374 -4.261232
v 0.15984005 8.796374 -5.47676
v -12.236321 8.796374 -4.9216638
v -0.45272547 8.796374 -5.0281205
v -11.001236 8.796374 -5.01907
v -11.406781 8.796374 -5.752629
v 7.1880546 20.155165 -8.199129
v 7.9622607 20.155165 -7.4262466
v 6.724459 20.155165 -6.322997
v 6.0869293 20.155165 -6.9594345
v 6.7332807 20.155165 3.9593704
v -5.29869 20.155165 -8.188416
v 7.9729733 20.155165 5.060496
v -4.195438 20.155165 -6.950613
v 6.0968432 20.155165 4.5969005
v -6.07157 20.155165 -7.4142094
v 7.2000937 20.155165 5.834702
v -4.8318763 20.155165 -6.313084
v -4.185525 20.155165 4.6057215
v -6.0608563 20.155165 5.0725355
v -5.2866516 20.155165 5.845415
v -4.8230553 20.155165 3.969284
v 8.556039 0.027825832 8.2053795
v 9.177817 0.027825832 8.352121
v 9.08791 0.9942216 8.500115
v 8.570291 0.9942216 8.377956
v 9.434869 0.9942216 8.903192
v 7.9667587 0.027825832 8.452136
v 9.594594 0.027825832 8.836307
v 8.079727 0.9942216 8.583375
v 9.478641 0.9942216 9.433226
v 7.6350603 0.027825832 8.998137
v 9.647175 0.027825832 9.472999
v 7.803593 0.9942216 9.0379095
v 9.20251 0.9942216 9.88776
v 7.6876407 0.027825832 9.634829
v 9.315476 0.027825832 10.018999
v 7.8473654 0.9942216 9.567945
v 8.711943 0.9942216 10.09318
v 8.104417 0.027825832 10.119015
v 8.726195 0.027825832 10.265754
v 8.194324 0.9942216 9.971022
v 9.417841 3.407802 10.696501
v 9.578489 3.5172467 10.48931
v 9.347162 2.988117 9.788799
v 9.138583 2.818884 9.973688
v 9.383876 3.2619426 9.615591
v 9.156909 3.407802 10.805764
v 9.577094 3.6937153 10.263808
v 8.837809 2.818884 10.099634
v 9.2347 3.535767 9.520224
v 8.896561 3.5172467 10.774862
v 9.415502 3.869734 10.106589
v 8.55972 2.988117 10.118534
v 8.956614 3.7050002 9.539122
v 8.736861 3.6937153 10.615648
v 9.156802 3.978576 10.077141
v 8.410545 3.2619426 10.023165
v 8.655837 3.7050002 9.66507
v 8.7382145 3.869734 10.390195
v 8.898742 3.978576 10.185201
v 8.447258 3.535767 9.849958
v 7.3624144 2.4719148 7.7294292
v 7.3521824 2.7365968 8.002672
v 7.7947702 1.9898318 9.202612
v 7.856727 1.6263804 9.022158
v 7.9668217 2.3532834 9.285075
v 7.5844564 2.3078322 7.4699826
v 7.5562577 3.0003405 8.184912
v 8.129025 1.4017553 8.812646
v 8.30716 2.5779095 9.238051
v 7.93304 2.3078322 7.324015
v 7.895112 3.1629772 8.207251
v 8.507655 1.4017553 8.6540985
v 8.685791 2.5779095 9.079504
v 8.273699 2.4719148 7.347836
v 8.240411 3.1629772 8.062659
v 8.847996 1.6263804 8.607075
v 8.958088 2.3532834 8.869989
v 8.475575 2.7365968 7.53226
v 8.462245 3.0003405 7.805538
v 9.020045 1.9898318 8.689539
v 7.1488285 3.1213927 7.204931
v 7.3658414 2.95557 6.943421
v 7.2654934 3.8491268 6.6651793
v 7.083745 3.9029906 6.9529877
v 7.144913 3.3924315 7.4819407
v 7.583377 3.8491268 6.532068
v 7.711228 2.95557 6.798792
v 7.1075516 3.9901452 7.285562
v 7.353658 3.6640556 7.670177
v 7.915972 3.9029906 6.6044993
v 8.049831 3.1213923 6.827646
v 7.3278227 4.0773005 7.535868
v 7.6897855 3.8269355 7.701918
v 8.136243 3.9901452 6.854807
v 8.249959 3.3924315 7.019214
v 7.660417 4.1311655 7.6083
v 8.024404 3.8269355 7.561799
v 8.160049 4.0773005 7.1873803
v 8.237623 3.6640556 7.3000236
v 7.9782996 4.1311655 7.475189
v 7.7946916 4.26485 6.6541495
v 7.9509726 4.326687 6.831744
v 7.558037 4.5895457 6.9176774
v 7.5587115 4.2266326 6.602758
v 7.9678655 4.388524 7.0677085
v 7.838912 4.426741 7.2719126
v 7.333172 4.2266326 6.6972013
v 7.6133714 4.426741 7.366355
v 7.2042193 4.26485 6.901405
v 7.3773923 4.388524 7.3149643
v 7.2211094 4.326687 7.1373696
v 4.5056396 19.172132 -6.078643
v 5.9338913 22.074614 -2.8007202
v 4.027703 22.074614 -5.4196362
v 6.7079062 19.172132 -3.052948
v 0.9455079 19.172132 -7.232024
v 5.93667 22.074614 0.4384551
v 0.94620574 22.074614 -6.417952
v 6.7111154 19.172132 0.68935347
v -2.6126387 19.172132 -6.072537
v 4.0349784 22.074614 3.0606356
v -2.1335735 22.074614 -5.414349
v 4.5140433 19.172132 3.7188234
v -4.809711 19.172132 -3.0430663
v 0.95519847 22.074614 4.06424
v -4.0352654 22.074614 -2.7921681
v 0.95589656 19.172132 4.8783126
v -4.8065004 19.172132 0.699234
v -2.1262991 22.074614 3.0659215
v -4.032487 22.074614 0.44700718
v -2.6042342 19.172132 3.7249303
vt 0.17968749 0.097656235
vt 0.17968749 0.097656235
vt 0.17968749 0.097656235
vt 0.17968749 0.097656235
vt 0.1640625 0.66406244
vt 0.1640625 0.66406244
vt 0.1640625 0.66406244
vt 0.1640625 0.66406244
vt 0.17968749 0.097656235
vt 0.17968749 0.097656235
vt 0.17968749 0.097656235
vt 0.17968749 0.097656235
vt 0.17968749 0.097656235
vt 0.17968749 0.097656235
vt 0.17968749 0.097656235
vt 0.17968749 0.097656235
vt 0.17968749 0.097656235
vt 0.17968749 0.097656235
vt 0.17968749 0.097656235
vt 0.17968749 0.097656235
vt 0.1640625 0.66406244
vt 0.1640625 0.66406244
vt 0.1640625 0.66406244
vt 0.1640625 0.66406244
vt 0.1640625 0.66406244
vt 0.1640625 0.66406244
vt 0.1640625 0.66406244
vt 0.1640625 0.66406244
vt 0.1640625 0.66406244
vt 0.1640625 0.66406244
vt 0.1640625 0.66406244
vt 0.1640625 0.66406244
vt 0.1640625 0.66406244
vt 0.1640625 0.66406244
vt 0.1640625 0.66406244
vt 0.1640625 0.66406244
vt 0.1640625 0.66406244
vt 0.1640625 0.66406244
vt 0.1640625 0.66406244
vt 0.1640625 0.66406244
vt 0.7929687 0.8984374
vt 0.7929687 0.8984374
vt 0.7929687 0.8984374
vt 0.7929687 0.8984374
vt 0.7929687 0.8984374
vt 0.7929687 0.8984374
vt 0.7929687 0.8984374
vt 0.7929687 0.8984374
vt 0.7929687 0.8984374
vt 0.7929687 0.8984374
vt 0.7929687 0.8984374
vt 0.7929687 0.8984374
vt 0.7929687 0.8984374
vt 0.7929687 0.8984374
vt 0.7929687 0.8984374
vt 0.7929687 0.8984374
vt 0.07421866 0.6640625
vt 0.07421866 0.6640625
vt 0.07421866 0.6640625
vt 0.07421866 0.6640625
vt 0.7929687 0.8984374
vt 0.7929687 0.8984374
vt 0.7929687 0.8984374
vt 0.7929687 0.8984374
vt 0.07421866 0.6640625
vt 0.07421866 0.6640625
vt 0.07421866 0.6640625
vt 0.07421866 0.6640625
vt 0.1640625 0.66406244
vt 0.1640625 0.66406244
vt 0.1640625 0.66406244
vt 0.1640625 0.66406244
vt 0.1640625 0.66406244
vt 0.1640625 0.66406244
vt 0.1640625 0.66406244
vt 0.1640625 0.66406244
vt 0.1640625 0.66406244
vt 0.1640625 0.66406244
vt 0.1640625 0.66406244
vt 0.1640625 0.66406244
vt 0.1640625 0.66406244
vt 0.1640625 0.66406244
vt 0.1640625 0.66406244
vt 0.1640625 0.66406244
vt 0.17968749 0.097656235
vt 0.17968749 0.097656235
vt 0.17968749 0.097656235
vt 0.17968749 0.097656235
vt 0.1640625 0.66406244
vt 0.1640625 0.66406244
vt 0.1640625 0.66406244
vt 0.1640625 0.66406244
vt 0.21875 0.6601562
vt 0.21875 0.6601562
vt 0.21875 0.6601562
vt 0.21875 0.6601562
vt 0.21875 0.6601562
vt 0.21875 0.6601562
vt 0.21875 0.6601562
vt 0.21875 0.6601562
vt 0.1640625 0.66406244
vt 0.1640625 0.66406244
vt 0.1640625 0.66406244
vt 0.1640625 0.66406244
vt 0.1640625 0.66406244
vt 0.1640625 0.66406244
vt 0.1640625 0.66406244
vt 0.1640625 0.66406244
vt 0.1640625 0.66406244
vt 0.1640625 0.66406244
vt 0.1640625 0.66406244
vt 0.1640625 0.66406244
vt 0.1640625 0.66406244
vt 0.1640625 0.66406244
vt 0.1640625 0.66406244
vt 0.1640625 0.66406244
vt 0.1640625 0.66406244
vt 0.1640625 0.66406244
vt 0.1640625 0.66406244
vt 0.1640625 0.66406244
vt 0.1640625 0.66406244
vt 0.1640625 0.66406244
vt 0.1640625 0.66406244
vt 0.1640625 0.66406244
vt 0.1640625 0.66406244
vt 0.1640625 0.66406244
vt 0.1640625 0.66406244
vt 0.1640625 0.66406244
vt 0.15624999 0.6601562
vt 0.15624999 0.6601562
vt 0.15624999 0.6601562
vt 0.15624999 0.6601562
vt 0.15624999 0.6601562
vt 0.15624999 0.6601562
vt 0.15624999 0.6601562
vt 0.15624999 0.6601562
vt 0.15624999 0.6601562
vt 0.15624999 0.6601562
vt 0.15624999 0.6601562
vt 0.15624999 0.6601562
vt 0.15624999 0.6601562
vt 0.15624999 0.6601562
vt 0.15624999 0.6601562
vt 0.15624999 0.6601562
vt 0.15624999 0.6601562
vt 0.15624999 0.6601562
vt 0.15624999 0.6601562
vt 0.15624999 0.6601562
vt 0.15624999 0.6601562
vt 0.15624999 0.6601562
vt 0.15624999 0.6601562
vt 0.15624999 0.6601562
vt 0.15624999 0.6601562
vt 0.15624999 0.6601562
vt 0.15624999 0.6601562
vt 0.15624999 0.6601562
vt 0.15624999 0.6601562
vt 0.15624999 0.6601562
vt 0.15624999 0.6601562
vt 0.15624999 0.6601562
vt 0.17968749 0.097656235
vt 0.17968749 0.097656235
vt 0.17968749 0.097656235
vt 0.17968749 0.097656235
vt 0.17968749 0.097656235
vt 0.17968749 0.097656235
vt 0.17968749 0.097656235
vt 0.15624999 0.6601562
vt 0.15624999 0.6601562
vt 0.15624999 0.6601562
vt 0.15624999 0.6601562
vt 0.15624999 0.6601562
vt 0.15624999 0.6601562
vt 0.15624999 0.6601562
vt 0.15624999 0.6601562
vt 0.15624999 0.6601562
vt 0.15624999 0.6601562
vt 0.15624999 0.6601562
vt 0.15624999 0.6601562
vt 0.15624999 0.6601562
vt 0.15624999 0.6601562
vt 0.15624999 0.6601562
vt 0.15624999 0.6601562
vt 0.15624999 0.6601562
vt 0.15624999 0.6601562
vt 0.15624999 0.6601562
vt 0.15624999 0.6601562
vt 0.15624999 0.6601562
vt 0.15624999 0.6601562
vt 0.15624999 0.6601562
vt 0.15624999 0.6601562
vt 0.10156249 0.031249998
vt 0.10156249 0.031249998
vt 0.10156249 0.031249998
vt 0.10156249 0.031249998
vt 0.16406249 0.042968746
vt 0.16406249 0.042968746
vt 0.16406249 0.042968746
vt 0.16406249 0.042968746
vt 0.16406249 0.042968746
vt 0.16406249 0.042968746
vt 0.16406249 0.042968743
vt 0.16406249 0.042968743
vt 0.16406249 0.042968743
vt 0.16406249 0.042968743
vt 0.16406249 0.042968743
vt 0.16406249 0.042968743
vt 0.16406249 0.042968743
vt 0.16406249 0.042968746
vt 0.16406249 0.042968746
vt 0.16406249 0.042968743
vt 0.16406249 0.042968746
vt 0.16406249 0.042968743
vt 0.16406249 0.042968746
vt 0.16406249 0.042968743
vt 0.10156249 0.031249994
vt 0.10156249 0.031249994
vt 0.10156249 0.031249994
vt 0.10156249 0.031249994
vt 0.16406249 0.042968743
vt 0.16406249 0.042968743
vt 0.16406249 0.042968746
vt 0.16406249 0.042968746
vt 0.16406249 0.042968746
vt 0.16406249 0.042968746
vt 0.16406249 0.042968746
vt 0.16406249 0.042968743
vt 0.16406249 0.042968743
vt 0.16406249 0.042968743
vt 0.16406249 0.042968743
vt 0.16406249 0.042968746
vt 0.10156249 0.031249994
vt 0.10156249 0.031249994
vt 0.10156249 0.031249994
vt 0.10156249 0.031249994
vt 0.15624999 0.035156246
vt 0.15624999 0.035156246
vt 0.15624999 0.035156246
vt 0.15624999 0.035156246
vt 0.15625 0.035156246
vt 0.15624999 0.035156246
vt 0.15625 0.035156246
vt 0.15624999 0.035156246
vt 0.15624999 0.035156246
vt 0.15624999 0.035156246
vt 0.15624999 0.035156246
vt 0.15624999 0.035156246
vt 0.10156249 0.031249996
vt 0.10156249 0.031249996
vt 0.10156249 0.031249996
vt 0.10156249 0.031249996
vt 0.10156249 0.031249996
vt 0.10156249 0.031249996
vt 0.10156251 0.031249996
vt 0.10156251 0.031249996
vt 0.10156251 0.031249996
vt 0.10156251 0.031249996
vt 0.10156249 0.031249996
vt 0.10156249 0.031249996
vt 0.15624999 0.035156246
vt 0.15624999 0.035156246
vt 0.15624999 0.035156246
vt 0.15624999 0.035156246
vt 0.15624999 0.035156246
vt 0.15624999 0.035156246
vt 0.15624999 0.035156246
vt 0.15624999 0.035156246
vt 0.15624999 0.035156246
vt 0.15624999 0.035156246
vt 0.15625 0.035156246
vt 0.15625 0.035156246
vt 0.15624999 0.035156246
vt 0.15624999 0.035156246
vt 0.15624999 0.035156246
vt 0.15624999 0.035156246
vt 0.15625 0.035156246
vt 0.15625 0.035156246
vt 0.15625 0.035156246
vt 0.15625 0.035156246
vt 0.15624999 0.035156246
vt 0.15624999 0.035156246
vt 0.15624999 0.035156246
vt 0.15624999 0.035156246
vt 0.15624999 0.035156246
vt 0.15624999 0.035156246
vt 0.15624999 0.035156246
vt 0.15624999 0.035156246
vt 0.15624999 0.035156246
vt 0.15624999 0.035156246
vt 0.15624999 0.035156246
vt 0.15624999 0.035156246
vt 0.10156249 0.031249996
vt 0.10156249 0.031249996
vt 0.10156249 0.031249996
vt 0.10156249 0.031249996
vt 0.15624999 0.035156246
vt 0.15624999 0.035156246
vt 0.15624999 0.035156246
vt 0.15624999 0.035156246
vt 0.10156249 0.031249996
vt 0.10156249 0.031249996
vt 0.10156249 0.031249996
vt 0.10156249 0.031249996
vt 0.15624999 0.035156246
vt 0.15624999 0.035156246
vt 0.15624999 0.035156246
vt 0.15624999 0.035156246
vt 0.10156249 0.031249996
vt 0.10156249 0.031249996
vt 0.10156249 0.031249996
vt 0.10156249 0.031249996
vt 0.15625 0.035156246
vt 0.15625 0.035156246
vt 0.15624999 0.035156246
vt 0.15624999 0.035156246
vt 0.15625 0.035156246
vt 0.15625 0.035156246
vt 0.15625 0.035156246
vt 0.15625 0.035156246
vt 0.15624999 0.035156246
vt 0.15624999 0.035156246
vt 0.15624999 0.035156246
vt 0.15624999 0.035156246
vt 0.15624999 0.035156246
vt 0.15625 0.035156246
vt 0.15624999 0.035156246
vt 0.15625 0.035156246
vt 0.15624999 0.035156246
vt 0.15624999 0.035156246
vt 0.15624999 0.035156246
vt 0.15624999 0.035156246
vt 0.15624999 0.035156246
vt 0.15624999 0.035156246
vt 0.15624999 0.035156246
vt 0.15624999 0.035156246
vt 0.15625 0.035156246
vt 0.15625 0.035156246
vt 0.15625 0.035156246
vt 0.15625 0.035156246
vt 0.15624999 0.035156246
vt 0.15624999 0.035156246
vt 0.15624999 0.035156246
vt 0.15624999 0.035156246
vt 0.15624999 0.035156246
vt 0.15624999 0.035156246
vt 0.15624999 0.035156246
vt 0.15624999 0.035156246
vt 0.10156249 0.031249996
vt 0.10156249 0.031249996
vt 0.10156249 0.031249996
vt 0.10156249 0.031249996
vt 0.10156249 0.031249996
vt 0.10156249 0.031249996
vt 0.10156249 0.031249996
vt 0.10156249 0.031249996
vt 0.10156249 0.031249996
vt 0.10156249 0.031249996
vt 0.10156249 0.031249996
vt 0.10156249 0.031249996
vt 0.10156249 0.031249996
vt 0.10156249 0.031249996
vt 0.10156249 0.031249996
vt 0.10156249 0.031249996
vt 0.10156249 0.031249996
vt 0.10156249 0.031249996
vt 0.10156249 0.031249996
vt 0.10156249 0.031249996
vt 0.78124994 0.9687499
vt 0.78124994 0.9687499
vt 0.78124994 0.9687499
vt 0.78124994 0.9687499
vt 0.17968749 0.097656235
vt 0.17968749 0.097656235
vt 0.17968749 0.097656235
vt 0.17968749 0.097656235
vt 0.78124994 0.9687499
vt 0.78124994 0.9687499
vt 0.78124994 0.9687499
vt 0.78124994 0.9687499
vt 0.78124994 0.9687499
vt 0.78124994 0.9687499
vt 0.78124994 0.9687499
vt 0.78124994 0.9687499
vt 0.78124994 0.9687499
vt 0.78124994 0.9687499
vt 0.78124994 0.9687499
vt 0.78124994 0.9687499
vt 0.78124994 0.9609374
vt 0.78124994 0.9609374
vt 0.78124994 0.9609374
vt 0.78124994 0.9609374
vt 0.17968749 0.097656235
vt 0.17968749 0.097656235
vt 0.17968749 0.097656235
vt 0.17968749 0.097656235
vt 0.78124994 0.9609374
vt 0.78124994 0.9609374
vt 0.78124994 0.9609374
vt 0.78124994 0.9609374
vt 0.78124994 0.9609374
vt 0.78124994 0.9609374
vt 0.78124994 0.9609374
vt 0.78124994 0.9609374
vt 0.78124994 0.9609374
vt 0.78124994 0.9609374
vt 0.78124994 0.9609374
vt 0.78124994 0.9609374
vt 0.15624999 0.035156246
vt 0.15624999 0.035156246
vt 0.15624999 0.035156246
vt 0.15624999 0.035156246
vt 0.15624999 0.035156246
vt 0.15625 0.035156246
vt 0.15625 0.035156246
vt 0.15624999 0.035156246
vt 0.10156249 0.031249996
vt 0.10156249 0.031249996
vt 0.10156249 0.031249996
vt 0.10156249 0.031249996
vt 0.10156249 0.031249996
vt 0.10156249 0.031249996
vt 0.10156251 0.031249996
vt 0.10156251 0.031249996
vt 0.10156251 0.031249996
vt 0.10156251 0.031249996
vt 0.10156249 0.031249996
vt 0.10156249 0.031249996
vt 0.15624999 0.035156246
vt 0.15624999 0.035156246
vt 0.15624999 0.035156246
vt 0.15624999 0.035156246
vt 0.15625 0.035156246
vt 0.15625 0.035156246
vt 0.15625 0.035156246
vt 0.15625 0.035156246
vt 0.15624999 0.035156246
vt 0.15624999 0.035156246
vt 0.15624999 0.035156246
vt 0.15624999 0.035156246
vt 0.15624999 0.035156246
vt 0.15624999 0.035156246
vt 0.15624999 0.035156246
vt 0.15624999 0.035156246
vt 0.15624999 0.035156246
vt 0.15624999 0.035156246
vt 0.15624999 0.035156246
vt 0.15624999 0.035156246
vt 0.10156249 0.031249996
vt 0.10156249 0.031249996
vt 0.10156249 0.031249996
vt 0.10156249 0.031249996
vt 0.10156249 0.031249996
vt 0.10156249 0.031249996
vt 0.10156249 0.031249996
vt 0.10156249 0.031249996
vt 0.10156249 0.031249996
vt 0.10156249 0.031249996
vt 0.10156249 0.031249996
vt 0.10156249 0.031249996
vt 0.15624999 0.035156246
vt 0.15624999 0.035156246
vt 0.15624999 0.035156246
vt 0.15624999 0.035156246
vt 0.15624999 0.035156246
vt 0.15625 0.035156246
vt 0.15625 0.035156246
vt 0.15624999 0.035156246
vt 0.15624999 0.035156246
vt 0.15624999 0.035156246
vt 0.15624999 0.035156246
vt 0.15624999 0.035156246
vt 0.15624999 0.035156246
vt 0.15624999 0.035156246
vt 0.15624999 0.035156246
vt 0.15624999 0.035156246
vt 0.15625 0.035156246
vt 0.15625 0.035156246
vt 0.15625 0.035156246
vt 0.15625 0.035156246
vt 0.15624999 0.035156246
vt 0.15624999 0.035156246
vt 0.15624999 0.035156246
vt 0.15624999 0.035156246
vt 0.15624999 0.035156246
vt 0.15624999 0.035156246
vt 0.15624999 0.035156246
vt 0.15624999 0.035156246
vt 0.10156249 0.031249996
vt 0.10156249 0.031249996
vt 0.10156249 0.031249996
vt 0.10156249 0.031249996
vt 0.10156249 0.031249996
vt 0.10156249 0.031249996
vt 0.10156249 0.031249996
vt 0.10156249 0.031249996
vt 0.10156249 0.031249996
vt 0.10156249 0.031249996
vt 0.10156249 0.031249996
vt 0.10156249 0.031249996
vt 0.10156249 0.031249996
vt 0.10156249 0.031249996
vt 0.10156249 0.031249996
vt 0.10156249 0.031249996
vt 0.10156249 0.031249996
vt 0.10156249 0.031249996
vt 0.10156249 0.031249996
vt 0.10156249 0.031249996
vt 0.7929687 0.8984374
vt 0.7929687 0.8984374
vt 0.7929687 0.8984374
vt 0.7929687 0.8984374
vt 0.07421866 0.6640625
vt 0.07421866 0.6640625
vt 0.07421866 0.6640625
vt 0.07421866 0.6640625
vt 0.7929687 0.8984374
vt 0.7929687 0.8984374
vt 0.7929687 0.8984374
vt 0.7929687 0.8984374
vt 0.15234366 0.67187494
vt 0.15234366 0.67187494
vt 0.15234366 0.67187494
vt 0.15234366 0.67187494
vt 0.15234366 0.67187494
vt 0.15234366 0.67187494
vt 0.15234366 0.67187494
vt 0.15234366 0.67187494
vt 0.15234366 0.67187494
vt 0.15234366 0.67187494
vt 0.15234366 0.67187494
vt 0.15234366 0.67187494
vt 0.15234366 0.67187494
vt 0.15234366 0.67187494
vt 0.15234366 0.67187494
vt 0.15234366 0.67187494
vt 0.15624999 0.035156246
vt 0.15624999 0.035156246
vt 0.15624999 0.035156246
vt 0.15624999 0.035156246
vt 0.15624999 0.035156246
vt 0.15624999 0.035156246
vt 0.15624999 0.035156246
vt 0.15624999 0.035156246
vt 0.15624999 0.035156246
vt 0.15624999 0.035156246
vt 0.15624999 0.035156246
vt 0.15624999 0.035156246
vt 0.15624999 0.035156246
vt 0.15624999 0.035156246
vt 0.15624999 0.035156246
vt 0.15624999 0.035156246
vt 0.10156249 0.031249996
vt 0.10156249 0.031249996
vt 0.10156249 0.031249996
vt 0.10156249 0.031249996
vt 0.10156249 0.031249996
vt 0.10156249 0.031249996
vt 0.10156249 0.031249996
vt 0.10156249 0.031249996
vt 0.10156249 0.031249996
vt 0.10156249 0.031249996
vt 0.10156249 0.031249996
vt 0.10156249 0.031249996
vt 0.10156249 0.031249996
vt 0.10156249 0.031249996
vt 0.10156249 0.031249996
vt 0.10156249 0.031249996
vt 0.02734375 0.16015624
vt 0.02734375 0.16015624
vt 0.02734375 0.16015624
vt 0.02734375 0.16015624
vt 0.15624999 0.035156246
vt 0.15624999 0.035156246
vt 0.15624999 0.035156246
vt 0.15624999 0.035156246
vt 0.15624999 0.035156246
vt 0.15624999 0.035156246
vt 0.15624999 0.035156246
vt 0.15624999 0.035156246
vt 0.15624999 0.035156246
vt 0.15624999 0.035156246
vt 0.15624999 0.035156246
vt 0.15624999 0.035156246
vt 0.15234374 0.023437496
vt 0.15234374 0.023437496
vt 0.15234374 0.023437496
vt 0.15234374 0.023437496
vt 0.15234374 0.023437496
vt 0.15234374 0.023437496
vt 0.15234374 0.023437496
vt 0.15234374 0.023437496
vt 0.15234374 0.023437496
vt 0.15234374 0.023437496
vt 0.15234374 0.023437496
vt 0.15234374 0.023437496
vt 0.15234374 0.023437496
vt 0.15234374 0.023437496
vt 0.15234374 0.023437496
vt 0.15234374 0.023437496
vt 0.09374999 0.023437496
vt 0.09374999 0.023437496
vt 0.09374999 0.023437496
vt 0.09374999 0.023437496
vt 0.19531247 0.84765613
vt 0.19531247 0.84765613
vt 0.19531247 0.84765613
vt 0.19531246 0.84765613
vt 0.19531246 0.84765613
vt 0.19531247 0.84765613
vt 0.19531247 0.84765613
vt 0.19531247 0.84765613
vt 0.19531247 0.84765613
vt 0.19531247 0.84765613
vt 0.19531247 0.84765613
vt 0.19531247 0.84765613
vt 0.19531246 0.84765613
vt 0.19531246 0.84765613
vt 0.19531247 0.84765613
vt 0.19531247 0.84765613
vt 0.16015622 0.8515624
vt 0.16015622 0.8515624
vt 0.16015622 0.8515624
vt 0.16015622 0.8515624
vt 0.16015622 0.8515623
vt 0.16015622 0.8515623
vt 0.16015622 0.8515624
vt 0.16015622 0.8515624
vt 0.15624999 0.031249996
vt 0.15624999 0.031249996
vt 0.15624999 0.031249996
vt 0.15624999 0.031249996
vt 0.15624999 0.031249996
vt 0.15624999 0.031249996
vt 0.15624999 0.031249996
vt 0.15624999 0.031249996
vt 0.15624999 0.031249996
vt 0.15624999 0.031249996
vt 0.15624999 0.031249996
vt 0.15624999 0.031249996
vt 0.15624999 0.031249996
vt 0.15624999 0.031249996
vt 0.15624999 0.031249996
vt 0.15624999 0.031249996
vt 0.10937499 0.031249996
vt 0.10937499 0.031249996
vt 0.10937499 0.031249996
vt 0.10937499 0.031249996
vt 0.10937499 0.031249996
vt 0.10937499 0.031249996
vt 0.10937499 0.031249996
vt 0.10937499 0.031249996
vt 0.10937499 0.031249996
vt 0.10937499 0.031249996
vt 0.10937499 0.031249996
vt 0.10937499 0.031249996
vt 0.10937499 0.031249996
vt 0.10937499 0.031249996
vt 0.10937499 0.031249996
vt 0.10937499 0.031249996
vt 0.10937499 0.031249996
vt 0.10937499 0.031249996
vt 0.10937499 0.031249996
vt 0.10937499 0.031249996
vt 0.10937499 0.031249996
vt 0.10937499 0.031249996
vt 0.10937499 0.031249996
vt 0.10937499 0.031249996
vt 0.10937499 0.031249996
vt 0.10937499 0.031249996
vt 0.10937499 0.031249996
vt 0.10937499 0.031249996
vt 0.10937499 0.031249996
vt 0.10937499 0.031249996
vt 0.10937499 0.031249996
vt 0.10937499 0.031249996
vt 0.15624999 0.031249996
vt 0.15624999 0.031249996
vt 0.15624999 0.031249996
vt 0.15624999 0.031249996
vt 0.15624999 0.031249996
vt 0.15624999 0.031249996
vt 0.15624999 0.031249996
vt 0.15624999 0.031249996
vt 0.15624999 0.031249996
vt 0.15624999 0.031249996
vt 0.15624999 0.031249996
vt 0.15624999 0.031249996
vt 0.15624999 0.031249996
vt 0.15624999 0.031249996
vt 0.15624999 0.031249996
vt 0.15624999 0.031249996
vt 0.10937499 0.031249996
vt 0.10937499 0.031249996
vt 0.10937499 0.031249996
vt 0.10937499 0.031249996
vt 0.10937499 0.031249996
vt 0.10937499 0.031249996
vt 0.10937499 0.031249996
vt 0.10937499 0.031249996
vt 0.10937499 0.031249996
vt 0.10937499 0.031249996
vt 0.10937499 0.031249996
vt 0.10937499 0.031249996
vt 0.10937499 0.031249996
vt 0.10937499 0.031249996
vt 0.10937499 0.031249996
vt 0.10937499 0.031249996
vt 0.10937499 0.031249996
vt 0.10937499 0.031249996
vt 0.10937499 0.031249996
vt 0.10937499 0.031249996
vt 0.10937499 0.031249996
vt 0.10937499 0.031249996
vt 0.10937499 0.031249996
vt 0.10937499 0.031249996
vt 0.10937499 0.031249996
vt 0.10937499 0.031249996
vt 0.10937499 0.031249996
vt 0.10937499 0.031249996
vt 0.10937499 0.031249996
vt 0.10937499 0.031249996
vt 0.10937499 0.031249996
vt 0.10937499 0.031249996
vt 0.27343747 0.83984363
vt 0.27343747 0.83984363
vt 0.27343747 0.83984363
vt 0.27343747 0.83984363
vt 0.27343747 0.8398436
vt 0.27343747 0.8398436
vt 0.27343747 0.83984363
vt 0.27343747 0.83984363
vt 0.15624999 0.035156246
vt 0.15624999 0.035156246
vt 0.15624999 0.035156246
vt 0.15624999 0.035156246
vt 0.15624999 0.035156246
vt 0.15624999 0.035156246
vt 0.15624999 0.035156246
vt 0.15624999 0.035156246
vt 0.15624999 0.035156246
vt 0.15624999 0.035156246
vt 0.15624999 0.035156246
vt 0.15624999 0.035156246
vt 0.15624999 0.035156246
vt 0.15624999 0.035156246
vt 0.15624999 0.035156246
vt 0.15624999 0.035156246
vt 0.10156249 0.031249996
vt 0.10156249 0.031249996
vt 0.10156249 0.031249996
vt 0.10156249 0.031249996
vt 0.10156249 0.031249996
vt 0.10156249 0.031249996
vt 0.10156249 0.031249996
vt 0.10156249 0.031249996
vt 0.10156249 0.031249996
vt 0.10156249 0.031249996
vt 0.10156249 0.031249996
vt 0.10156249 0.031249996
vt 0.10156249 0.031249996
vt 0.10156249 0.031249996
vt 0.10156249 0.031249996
vt 0.10156249 0.031249996
vt 0.02734375 0.16015624
vt 0.02734375 0.16015624
vt 0.02734375 0.16015624
vt 0.02734375 0.16015624
vt 0.15624999 0.035156246
vt 0.15624999 0.035156246
vt 0.15624999 0.035156246
vt 0.15624999 0.035156246
vt 0.15624999 0.035156246
vt 0.15624999 0.035156246
vt 0.15624999 0.035156246
vt 0.15624999 0.035156246
vt 0.15624999 0.035156246
vt 0.15624999 0.035156246
vt 0.15624999 0.035156246
vt 0.15624999 0.035156246
vt 0.15234374 0.023437496
vt 0.15234374 0.023437496
vt 0.15234374 0.023437496
vt 0.15234374 0.023437496
vt 0.15234374 0.023437496
vt 0.15234374 0.023437496
vt 0.15234374 0.023437496
vt 0.15234374 0.023437496
vt 0.15234374 0.023437496
vt 0.15234374 0.023437496
vt 0.15234374 0.023437496
vt 0.15234374 0.023437496
vt 0.15234374 0.023437496
vt 0.15234374 0.023437496
vt 0.15234374 0.023437496
vt 0.15234374 0.023437496
vt 0.09374999 0.023437496
vt 0.09374999 0.023437496
vt 0.09374999 0.023437496
vt 0.09374999 0.023437496
vt 0.40104568 0.97265613
vt 0.40104568 0.97265613
vt 0.40104568 0.97265613
vt 0.40104568 0.97265613
vt 0.40104568 0.97265613
vt 0.40104568 0.97265613
vt 0.40104568 0.97265613
vt 0.40104568 0.97265613
vt 0.40104568 0.97265613
vt 0.40104568 0.97265613
vt 0.47917068 0.96484363
vt 0.47917068 0.96484363
vt 0.47917068 0.96484363
vt 0.47917068 0.96484363
vt 0.47917068 0.96484363
vt 0.47917068 0.96484363
vt 0.47917068 0.96484363
vt 0.47917068 0.96484363
vt 0.47917068 0.96484363
vt 0.47917068 0.96484363
vt 0.15624999 0.031249996
vt 0.15624999 0.031249996
vt 0.15624999 0.031249996
vt 0.15624999 0.031249996
vt 0.15624999 0.031249996
vt 0.15624999 0.031249996
vt 0.15624999 0.031249996
vt 0.15624999 0.031249996
vt 0.15624999 0.031249996
vt 0.15624999 0.031249996
vt 0.15624999 0.031249996
vt 0.15624999 0.031249996
vt 0.15624999 0.031249996
vt 0.15624999 0.031249996
vt 0.15624999 0.031249996
vt 0.15624999 0.031249996
vt 0.10937499 0.031249996
vt 0.10937499 0.031249996
vt 0.10937499 0.031249996
vt 0.10937499 0.031249996
vt 0.10937499 0.031249996
vt 0.10937499 0.031249996
vt 0.10937499 0.031249996
vt 0.10937499 0.031249996
vt 0.10937499 0.031249996
vt 0.10937499 0.031249996
vt 0.10937499 0.031249996
vt 0.10937499 0.031249996
vt 0.10937499 0.031249996
vt 0.10937499 0.031249996
vt 0.10937499 0.031249996
vt 0.10937499 0.031249996
vt 0.10937499 0.031249996
vt 0.10937499 0.031249996
vt 0.10937499 0.031249996
vt 0.10937499 0.031249996
vt 0.10937499 0.031249996
vt 0.10937499 0.031249996
vt 0.10937499 0.031249996
vt 0.10937499 0.031249996
vt 0.10937499 0.031249996
vt 0.10937499 0.031249996
vt 0.10937499 0.031249996
vt 0.10937499 0.031249996
vt 0.10937499 0.031249996
vt 0.10937499 0.031249996
vt 0.10937499 0.031249996
vt 0.10937499 0.031249996
vt 0.15624999 0.035156246
vt 0.15624999 0.035156246
vt 0.15624999 0.035156246
vt 0.15624999 0.035156246
vt 0.15624999 0.035156246
vt 0.15624999 0.035156246
vt 0.15624999 0.035156246
vt 0.15624999 0.035156246
vt 0.15624999 0.035156246
vt 0.15624999 0.035156246
vt 0.15624999 0.035156246
vt 0.15624999 0.035156246
vt 0.15624999 0.035156246
vt 0.15624999 0.035156246
vt 0.15624999 0.035156246
vt 0.15624999 0.035156246
vt 0.10156249 0.031249996
vt 0.10156249 0.031249996
vt 0.10156249 0.031249996
vt 0.10156249 0.031249996
vt 0.10156249 0.031249996
vt 0.10156249 0.031249996
vt 0.10156249 0.031249996
vt 0.10156249 0.031249996
vt 0.10156249 0.031249996
vt 0.10156249 0.031249996
vt 0.10156249 0.031249996
vt 0.10156249 0.031249996
vt 0.10156249 0.031249996
vt 0.10156249 0.031249996
vt 0.10156249 0.031249996
vt 0.10156249 0.031249996
vt 0.02734375 0.16015624
vt 0.02734375 0.16015624
vt 0.02734375 0.16015624
vt 0.02734375 0.16015624
vt 0.15624999 0.035156246
vt 0.15624999 0.035156246
vt 0.15624999 0.035156246
vt 0.15624999 0.035156246
vt 0.15624999 0.035156246
vt 0.15624999 0.035156246
vt 0.15624999 0.035156246
vt 0.15624999 0.035156246
vt 0.15624999 0.035156246
vt 0.15624999 0.035156246
vt 0.15624999 0.035156246
vt 0.15624999 0.035156246
vt 0.15234374 0.023437496
vt 0.15234374 0.023437496
vt 0.15234374 0.023437496
vt 0.15234374 0.023437496
vt 0.15234374 0.023437496
vt 0.15234374 0.023437496
vt 0.15234374 0.023437496
vt 0.15234374 0.023437496
vt 0.15234374 0.023437496
vt 0.15234374 0.023437496
vt 0.15234374 0.023437496
vt 0.15234374 0.023437496
vt 0.15234374 0.023437496
vt 0.15234374 0.023437496
vt 0.15234374 0.023437496
vt 0.15234374 0.023437496
vt 0.09374999 0.023437496
vt 0.09374999 0.023437496
vt 0.09374999 0.023437496
vt 0.09374999 0.023437496
vt 0.15624999 0.031249996
vt 0.15624999 0.031249996
vt 0.15624999 0.031249996
vt 0.15624999 0.031249996
vt 0.15624999 0.031249996
vt 0.15624999 0.031249996
vt 0.15624999 0.031249996
vt 0.15624999 0.031249996
vt 0.15624999 0.031249996
vt 0.15624999 0.031249996
vt 0.15624999 0.031249996
vt 0.15624999 0.031249996
vt 0.15624999 0.031249996
vt 0.15624999 0.031249996
vt 0.15624999 0.031249996
vt 0.15624999 0.031249996
vt 0.10937499 0.031249996
vt 0.10937499 0.031249996
vt 0.10937499 0.031249996
vt 0.10937499 0.031249996
vt 0.10937499 0.031249996
vt 0.10937499 0.031249996
vt 0.10937499 0.031249996
vt 0.10937499 0.031249996
vt 0.10937499 0.031249996
vt 0.10937499 0.031249996
vt 0.10937499 0.031249996
vt 0.10937499 0.031249996
vt 0.10937499 0.031249996
vt 0.10937499 0.031249996
vt 0.10937499 0.031249996
vt 0.10937499 0.031249996
vt 0.10937499 0.031249996
vt 0.10937499 0.031249996
vt 0.10937499 0.031249996
vt 0.10937499 0.031249996
vt 0.10937499 0.031249996
vt 0.10937499 0.031249996
vt 0.10937499 0.031249996
vt 0.10937499 0.031249996
vt 0.10937499 0.031249996
vt 0.10937499 0.031249996
vt 0.10937499 0.031249996
vt 0.10937499 0.031249996
vt 0.10937499 0.031249996
vt 0.10937499 0.031249996
vt 0.10937499 0.031249996
vt 0.10937499 0.031249996
vt 0.36588943 0.9765624
vt 0.36588943 0.9765624
vt 0.36588943 0.9765624
vt 0.36588943 0.9765624
vt 0.36588943 0.9765624
vt 0.36588943 0.9765624
vt 0.36588943 0.9765624
vt 0.36588943 0.9765624
vt 0.36588943 0.9765624
vt 0.36588943 0.9765624
vt 0.15624999 0.035156246
vt 0.15624999 0.035156246
vt 0.15624999 0.035156246
vt 0.15624999 0.035156246
vt 0.15624999 0.035156246
vt 0.15624999 0.035156246
vt 0.15624999 0.035156246
vt 0.15624999 0.035156246
vt 0.15624999 0.035156246
vt 0.15624999 0.035156246
vt 0.15624999 0.035156246
vt 0.15624999 0.035156246
vt 0.15624999 0.035156246
vt 0.15624999 0.035156246
vt 0.15624999 0.035156246
vt 0.15624999 0.035156246
vt 0.10156249 0.031249996
vt 0.10156249 0.031249996
vt 0.10156249 0.031249996
vt 0.10156249 0.031249996
vt 0.10156249 0.031249996
vt 0.10156249 0.031249996
vt 0.10156249 0.031249996
vt 0.10156249 0.031249996
vt 0.10156249 0.031249996
vt 0.10156249 0.031249996
vt 0.10156249 0.031249996
vt 0.10156249 0.031249996
vt 0.10156249 0.031249996
vt 0.10156249 0.031249996
vt 0.10156249 0.031249996
vt 0.10156249 0.031249996
vt 0.02734375 0.16015624
vt 0.02734375 0.16015624
vt 0.02734375 0.16015624
vt 0.02734375 0.16015624
vt 0.15624999 0.035156246
vt 0.15624999 0.035156246
vt 0.15624999 0.035156246
vt 0.15624999 0.035156246
vt 0.15624999 0.035156246
vt 0.15624999 0.035156246
vt 0.15624999 0.035156246
vt 0.15624999 0.035156246
vt 0.15624999 0.035156246
vt 0.15624999 0.035156246
vt 0.15624999 0.035156246
vt 0.15624999 0.035156246
vt 0.15234374 0.023437496
vt 0.15234374 0.023437496
vt 0.15234374 0.023437496
vt 0.15234374 0.023437496
vt 0.15234374 0.023437496
vt 0.15234374 0.023437496
vt 0.15234374 0.023437496
vt 0.15234374 0.023437496
vt 0.15234374 0.023437496
vt 0.15234374 0.023437496
vt 0.15234374 0.023437496
vt 0.15234374 0.023437496
vt 0.15234374 0.023437496
vt 0.15234374 0.023437496
vt 0.15234374 0.023437496
vt 0.15234374 0.023437496
vt 0.09374999 0.023437496
vt 0.09374999 0.023437496
vt 0.09374999 0.023437496
vt 0.09374999 0.023437496
vt 0.2914369 0.4774604
vt 0.2914369 0.4774604
vt 0.2914369 0.4774604
vt 0.2914369 0.4774604
vt 0.15624999 0.031249996
vt 0.15624999 0.031249996
vt 0.15624999 0.031249996
vt 0.15624999 0.031249996
vt 0.15624999 0.031249996
vt 0.15624999 0.031249996
vt 0.15624999 0.031249996
vt 0.15624999 0.031249996
vt 0.15624999 0.031249996
vt 0.15624999 0.031249996
vt 0.15624999 0.031249996
vt 0.15624999 0.031249996
vt 0.15624999 0.031249996
vt 0.15624999 0.031249996
vt 0.15624999 0.031249996
vt 0.15624999 0.031249996
vt 0.10937499 0.031249996
vt 0.10937499 0.031249996
vt 0.10937499 0.031249996
vt 0.10937499 0.031249996
vt 0.10937499 0.031249996
vt 0.10937499 0.031249996
vt 0.10937499 0.031249996
vt 0.10937499 0.031249996
vt 0.10937499 0.031249996
vt 0.10937499 0.031249996
vt 0.10937499 0.031249996
vt 0.10937499 0.031249996
vt 0.10937499 0.031249996
vt 0.10937499 0.031249996
vt 0.10937499 0.031249996
vt 0.10937499 0.031249996
vt 0.10937499 0.031249996
vt 0.10937499 0.031249996
vt 0.10937499 0.031249996
vt 0.10937499 0.031249996
vt 0.10937499 0.031249996
vt 0.10937499 0.031249996
vt 0.10937499 0.031249996
vt 0.10937499 0.031249996
vt 0.10937499 0.031249996
vt 0.10937499 0.031249996
vt 0.10937499 0.031249996
vt 0.10937499 0.031249996
vt 0.10937499 0.031249996
vt 0.10937499 0.031249996
vt 0.10937499 0.031249996
vt 0.10937499 0.031249996
vt 0.15624999 0.031249996
vt 0.15624999 0.031249996
vt 0.15624999 0.031249996
vt 0.15624999 0.031249996
vt 0.15624999 0.031249996
vt 0.15624999 0.031249996
vt 0.15624999 0.031249996
vt 0.15624999 0.031249996
vt 0.15624999 0.031249996
vt 0.15624999 0.031249996
vt 0.15624999 0.031249996
vt 0.15624999 0.031249996
vt 0.15624999 0.031249996
vt 0.15624999 0.031249996
vt 0.15624999 0.031249996
vt 0.15624999 0.031249996
vt 0.10937499 0.031249996
vt 0.10937499 0.031249996
vt 0.10937499 0.031249996
vt 0.10937499 0.031249996
vt 0.10937499 0.031249996
vt 0.10937499 0.031249996
vt 0.10937499 0.031249996
vt 0.10937499 0.031249996
vt 0.10937499 0.031249996
vt 0.10937499 0.031249996
vt 0.10937499 0.031249996
vt 0.10937499 0.031249996
vt 0.10937499 0.031249996
vt 0.10937499 0.031249996
vt 0.10937499 0.031249996
vt 0.10937499 0.031249996
vt 0.10937499 0.031249996
vt 0.10937499 0.031249996
vt 0.10937499 0.031249996
vt 0.10937499 0.031249996
vt 0.10937499 0.031249996
vt 0.10937499 0.031249996
vt 0.10937499 0.031249996
vt 0.10937499 0.031249996
vt 0.10937499 0.031249996
vt 0.10937499 0.031249996
vt 0.10937499 0.031249996
vt 0.10937499 0.031249996
vt 0.10937499 0.031249996
vt 0.10937499 0.031249996
vt 0.10937499 0.031249996
vt 0.10937499 0.031249996
vt 0.33484238 0.46815923
vt 0.33484238 0.46815923
vt 0.33484238 0.46815923
vt 0.33484238 0.46815923
vt 0.104662895 0.6699308
vt 0.104662895 0.6699308
vt 0.104662895 0.6699308
vt 0.104662895 0.6699308
vt 0.104662895 0.6699308
vt 0.104662895 0.6699308
vt 0.104662895 0.6699308
vt 0.104662895 0.6699308
vt 0.104662895 0.6699308
vt 0.104662895 0.6699308
vt 0.104662895 0.6699308
vt 0.104662895 0.6699308
vt 0.104662895 0.6699308
vt 0.104662895 0.6699308
vt 0.104662895 0.6699308
vt 0.104662895 0.6699308
vt 0.104662895 0.6699308
vt 0.104662895 0.6699308
vt 0.104662895 0.6699308
vt 0.104662895 0.6699308
vt 0.16046995 0.65752923
vt 0.16046995 0.65752923
vt 0.16046995 0.65752923
vt 0.16046995 0.65752923
vt 0.16046995 0.65752923
vt 0.16046995 0.65752923
vt 0.16046995 0.65752923
vt 0.16046995 0.65752923
vt 0.16046995 0.65752923
vt 0.16046995 0.65752923
vt 0.16046995 0.65752923
vt 0.16046995 0.65752923
vt 0.16046995 0.65752923
vt 0.16046995 0.65752923
vt 0.16046995 0.65752923
vt 0.16046995 0.65752923
vt 0.16046995 0.65752923
vt 0.16046995 0.65752923
vt 0.16046995 0.65752923
vt 0.16046995 0.65752923
vt 0.16046995 0.65752923
vt 0.16046995 0.65752923
vt 0.16046995 0.65752923
vt 0.16046995 0.65752923
vt 0.16046995 0.65752923
vt 0.16046995 0.65752923
vt 0.16046995 0.65752923
vt 0.16046995 0.65752923
vt 0.16046995 0.65752923
vt 0.16046995 0.65752923
vt 0.16046995 0.65752923
vt 0.16046995 0.65752923
vt 0.15812 0.03720471
vt 0.15812 0.03720471
vt 0.15812 0.03720471
vt 0.15812 0.03720471
vt 0.09611216 0.02480314
vt 0.09611216 0.02480314
vt 0.09611216 0.02480314
vt 0.09611216 0.02480314
vt 0.15812 0.03720471
vt 0.15812 0.03720471
vt 0.15812 0.03720471
vt 0.15812 0.03720471
vt 0.15812 0.03720471
vt 0.15812 0.03720471
vt 0.15812 0.03720471
vt 0.15812 0.03720471
vt 0.15812 0.03720471
vt 0.15812 0.03720471
vt 0.15812 0.03720471
vt 0.15812 0.03720471
vt 0.15812 0.03720471
vt 0.15812 0.03720471
vt 0.15812 0.03720471
vt 0.15812 0.03720471
vt 0.15812 0.03720471
vt 0.15812 0.03720471
vt 0.15812 0.03720471
vt 0.15812 0.03720471
vt 0.09611216 0.02480314
vt 0.09611216 0.02480314
vt 0.09611216 0.02480314
vt 0.09611216 0.02480314
vt 0.15812 0.03720471
vt 0.15812 0.03720471
vt 0.15812 0.03720471
vt 0.15812 0.03720471
vt 0.15812 0.03720471
vt 0.15812 0.03720471
vt 0.15812 0.03720471
vt 0.15812 0.03720471
vt 0.15812 0.03720471
vt 0.15812 0.03720471
vt 0.15812 0.03720471
vt 0.15812 0.03720471
vt 0.15812 0.03720471
vt 0.15812 0.03720471
vt 0.15812 0.03720471
vt 0.15812 0.03720471
vt 0.15812 0.03720471
vt 0.15812 0.03720471
vt 0.15812 0.03720471
vt 0.15812 0.03720471
vt 0.09611216 0.02480314
vt 0.09611216 0.02480314
vt 0.09611216 0.02480314
vt 0.09611216 0.02480314
vt 0.15812 0.03720471
vt 0.15812 0.03720471
vt 0.15812 0.03720471
vt 0.15812 0.03720471
vt 0.15812 0.03720471
vt 0.15812 0.03720471
vt 0.15812 0.03720471
vt 0.15812 0.03720471
vt 0.15812 0.03720471
vt 0.15812 0.03720471
vt 0.15812 0.03720471
vt 0.15812 0.03720471
vt 0.15812 0.03720471
vt 0.15812 0.03720471
vt 0.15812 0.03720471
vt 0.15812 0.03720471
vt 0.15812 0.03720471
vt 0.15812 0.03720471
vt 0.15812 0.03720471
vt 0.15812 0.03720471
vt 0.15812 0.03720471
vt 0.15812 0.03720471
vt 0.15812 0.03720471
vt 0.15812 0.03720471
vt 0.15812 0.03720471
vt 0.15812 0.03720471
vt 0.15812 0.03720471
vt 0.15812 0.03720471
vt 0.15812 0.03720471
vt 0.15812 0.03720471
vt 0.15812 0.03720471
vt 0.15812 0.03720471
vt 0.15812 0.03720471
vt 0.15812 0.03720471
vt 0.15812 0.03720471
vt 0.15812 0.03720471
vt 0.09611216 0.02480314
vt 0.09611216 0.02480314
vt 0.09611216 0.02480314
vt 0.09611216 0.02480314
vt 0.15812 0.03720471
vt 0.15812 0.03720471
vt 0.15812 0.03720471
vt 0.15812 0.03720471
vt 0.15812 0.03720471
vt 0.15812 0.03720471
vt 0.15812 0.03720471
vt 0.15812 0.03720471
vt 0.15812 0.03720471
vt 0.15812 0.03720471
vt 0.15812 0.03720471
vt 0.15812 0.03720471
vt 0.15812 0.03720471
vt 0.15812 0.03720471
vt 0.15812 0.03720471
vt 0.15812 0.03720471
vt 0.15812 0.03720471
vt 0.15812 0.03720471
vt 0.15812 0.03720471
vt 0.15812 0.03720471
vt 0.09611216 0.02480314
vt 0.09611216 0.02480314
vt 0.09611216 0.02480314
vt 0.09611216 0.02480314
vt 0.15812 0.03720471
vt 0.15812 0.03720471
vt 0.15812 0.03720471
vt 0.15812 0.03720471
vt 0.09611216 0.02480314
vt 0.09611216 0.02480314
vt 0.09611216 0.02480314
vt 0.09611216 0.02480314
vt 0.15812 0.03720471
vt 0.15812 0.03720471
vt 0.15812 0.03720471
vt 0.15812 0.03720471
vt 0.15812 0.03720471
vt 0.15812 0.03720471
vt 0.15812 0.03720471
vt 0.15812 0.03720471
vt 0.15812 0.03720471
vt 0.15812 0.03720471
vt 0.15812 0.03720471
vt 0.15812 0.03720471
vt 0.15812 0.03720471
vt 0.15812 0.03720471
vt 0.15812 0.03720471
vt 0.15812 0.03720471
vt 0.15812 0.03720471
vt 0.15812 0.03720471
vt 0.15812 0.03720471
vt 0.15812 0.03720471
vt 0.09611216 0.02480314
vt 0.09611216 0.02480314
vt 0.09611216 0.02480314
vt 0.09611216 0.02480314
vt 0.15812 0.03720471
vt 0.15812 0.03720471
vt 0.15812 0.03720471
vt 0.15812 0.03720471
vt 0.15812 0.03720471
vt 0.15812 0.03720471
vt 0.15812 0.03720471
vt 0.15812 0.03720471
vt 0.15812 0.03720471
vt 0.15812 0.03720471
vt 0.15812 0.03720471
vt 0.15812 0.03720471
vt 0.15812 0.03720471
vt 0.15812 0.03720471
vt 0.15812 0.03720471
vt 0.15812 0.03720471
vt 0.2852361 0.037204705
vt 0.2852361 0.037204705
vt 0.2852361 0.037204705
vt 0.2852361 0.037204705
vt 0.2852361 0.037204705
vt 0.2852361 0.037204705
vt 0.2852361 0.037204705
vt 0.2852361 0.037204705
vt 0.2852361 0.037204705
vt 0.2852361 0.037204705
vt 0.2852361 0.037204705
vt 0.2852361 0.037204705
vt 0.2852361 0.037204705
vt 0.2852361 0.037204705
vt 0.2852361 0.037204705
vt 0.2852361 0.037204705
vt 0.2852361 0.037204705
vt 0.2852361 0.037204705
vt 0.2852361 0.037204705
vt 0.2852361 0.037204705
vt 0.2852361 0.037204705
vt 0.2852361 0.037204705
vt 0.2852361 0.037204705
vt 0.2852361 0.037204705
vt 0.2852361 0.037204705
vt 0.2852361 0.037204705
vt 0.2852361 0.037204705
vt 0.2852361 0.037204705
vt 0.2852361 0.037204705
vt 0.2852361 0.037204705
vt 0.2852361 0.037204705
vt 0.2852361 0.037204705
vt 0.2852361 0.037204705
vt 0.2852361 0.037204705
vt 0.2852361 0.037204705
vt 0.2852361 0.037204705
vt 0.2852361 0.037204705
vt 0.2852361 0.037204705
vt 0.2852361 0.037204705
vt 0.2852361 0.037204705
vt 0.2852361 0.037204705
vt 0.2852361 0.037204705
vt 0.2852361 0.037204705
vt 0.2852361 0.037204705
vt 0.2852361 0.037204705
vt 0.2852361 0.037204705
vt 0.2852361 0.037204705
vt 0.2852361 0.037204705
vt 0.2852361 0.037204705
vt 0.2852361 0.037204705
vt 0.2852361 0.037204705
vt 0.2852361 0.037204705
vt 0.2852361 0.037204705
vt 0.2852361 0.037204705
vt 0.2852361 0.037204705
vt 0.2852361 0.037204705
vt 0.2791461 0.4780389
vt 0.2791461 0.4780389
vt 0.2791461 0.4780389
vt 0.2791461 0.4780389
vt 0.2791461 0.4780389
vt 0.2791461 0.4780389
vt 0.2791461 0.4780389
vt 0.2791461 0.4780389
vt 0.2791461 0.4780389
vt 0.33185276 0.4749385
vt 0.33185276 0.4749385
vt 0.33185276 0.4749385
vt 0.33185276 0.4749385
vt 0.33185276 0.4749385
vt 0.33185276 0.4749385
vt 0.33185276 0.4749385
vt 0.33185276 0.4749385
vt 0.33185276 0.4749385
vt 0.2791461 0.4780389
vt 0.2791461 0.4780389
vt 0.2791461 0.4780389
vt 0.2791461 0.4780389
vt 0.2791461 0.4780389
vt 0.2791461 0.4780389
vt 0.2791461 0.4780389
vt 0.2791461 0.4780389
vt 0.2791461 0.4780389
vt 0.33185276 0.4749385
vt 0.33185276 0.4749385
vt 0.33185276 0.4749385
vt 0.33185276 0.4749385
vt 0.33185276 0.4749385
vt 0.33185276 0.4749385
vt 0.33185276 0.4749385
vt 0.33185276 0.4749385
vt 0.33185276 0.4749385
vt 0.2791461 0.4780389
vt 0.2791461 0.4780389
vt 0.2791461 0.4780389
vt 0.2791461 0.4780389
vt 0.2791461 0.4780389
vt 0.2791461 0.4780389
vt 0.2791461 0.4780389
vt 0.2791461 0.4780389
vt 0.2791461 0.4780389
vt 0.33185276 0.4749385
vt 0.33185276 0.4749385
vt 0.33185276 0.4749385
vt 0.33185276 0.4749385
vt 0.33185276 0.4749385
vt 0.33185276 0.4749385
vt 0.33185276 0.4749385
vt 0.33185276 0.4749385
vt 0.33185276 0.4749385
vt 0.2791461 0.4780389
vt 0.2791461 0.4780389
vt 0.2791461 0.4780389
vt 0.2791461 0.4780389
vt 0.2791461 0.4780389
vt 0.2791461 0.4780389
vt 0.2791461 0.4780389
vt 0.2791461 0.4780389
vt 0.2791461 0.4780389
vt 0.33185276 0.4749385
vt 0.33185276 0.4749385
vt 0.33185276 0.4749385
vt 0.33185276 0.4749385
vt 0.33185276 0.4749385
vt 0.33185276 0.4749385
vt 0.33185276 0.4749385
vt 0.33185276 0.4749385
vt 0.33185276 0.4749385
vt 0.2791461 0.4780389
vt 0.2791461 0.4780389
vt 0.2791461 0.4780389
vt 0.2791461 0.4780389
vt 0.2791461 0.4780389
vt 0.2791461 0.4780389
vt 0.2791461 0.4780389
vt 0.2791461 0.4780389
vt 0.2791461 0.4780389
vt 0.33185276 0.4749385
vt 0.33185276 0.4749385
vt 0.33185276 0.4749385
vt 0.33185276 0.4749385
vt 0.33185276 0.4749385
vt 0.33185276 0.4749385
vt 0.33185276 0.4749385
vt 0.33185276 0.4749385
vt 0.33185276 0.4749385
vt 0.52706665 0.85570824
vt 0.52706665 0.85570824
vt 0.52706665 0.85570824
vt 0.52706665 0.85570824
vt 0.52706665 0.85570824
vt 0.52706665 0.85570824
vt 0.52706665 0.85570824
vt 0.52706665 0.85570824
vt 0.52706665 0.85570824
vt 0.52706665 0.85570824
vt 0.52706665 0.85570824
vt 0.52706665 0.85570824
vt 0.52706665 0.85570824
vt 0.52706665 0.85570824
vt 0.52706665 0.85570824
vt 0.52706665 0.85570824
vt 0.52706665 0.85570824
vt 0.52706665 0.85570824
vt 0.52706665 0.85570824
vt 0.52706665 0.85570824
vt 0.52706665 0.85570824
vt 0.52706665 0.85570824
vt 0.52706665 0.85570824
vt 0.52706665 0.85570824
vt 0.52706665 0.85570824
vt 0.52706665 0.85570824
vt 0.52706665 0.85570824
vt 0.52706665 0.85570824
vt 0.52706665 0.85570824
vt 0.52706665 0.85570824
vt 0.52706665 0.85570824
vt 0.52706665 0.85570824
vt 0.52706665 0.85570824
vt 0.52706665 0.85570824
vt 0.52706665 0.85570824
vt 0.52706665 0.85570824
vt 0.52706665 0.85570824
vt 0.52706665 0.85570824
vt 0.52706665 0.85570824
vt 0.52706665 0.85570824
vt 0.52706665 0.85570824
vt 0.52706665 0.85570824
vt 0.52706665 0.85570824
vt 0.52706665 0.85570824
vt 0.52706665 0.85570824
vt 0.52706665 0.85570824
vt 0.52706665 0.85570824
vt 0.52706665 0.85570824
vt 0.52706665 0.85570824
vt 0.52706665 0.85570824
vt 0.52706665 0.85570824
vt 0.52706665 0.85570824
vt 0.52706665 0.85570824
vt 0.52706665 0.85570824
vt 0.52706665 0.85570824
vt 0.52706665 0.85570824
vt 0.52706665 0.85570824
vt 0.52706665 0.85570824
vt 0.52706665 0.85570824
vt 0.52706665 0.85570824
vt 0.52706665 0.85570824
vt 0.52706665 0.85570824
vt 0.52706665 0.85570824
vt 0.52706665 0.85570824
vt 0.52706665 0.85570824
vt 0.52706665 0.85570824
vt 0.52706665 0.85570824
vt 0.52706665 0.85570824
vt 0.52706665 0.85570824
vt 0.52706665 0.85570824
vt 0.52706665 0.85570824
vt 0.52706665 0.85570824
vt 0.52706665 0.85570824
vt 0.52706665 0.85570824
vt 0.52706665 0.85570824
vt 0.52706665 0.85570824
vt 0.52706665 0.85570824
vt 0.52706665 0.85570824
vt 0.52706665 0.85570824
vt 0.52706665 0.85570824
vt 0.52706665 0.85570824
vt 0.52706665 0.85570824
vt 0.52706665 0.85570824
vt 0.52706665 0.85570824
vt 0.52706665 0.85570824
vt 0.52706665 0.85570824
vt 0.52706665 0.85570824
vt 0.52706665 0.85570824
vt 0.52706665 0.85570824
vt 0.52706665 0.85570824
vt 0.7812989 0.9828243
vt 0.7812989 0.9828243
vt 0.7812989 0.9828243
vt 0.7812989 0.9828243
vt 0.17968749 0.097656235
vt 0.17968749 0.097656235
vt 0.17968749 0.097656235
vt 0.17968749 0.097656235
vt 0.7812989 0.9828243
vt 0.7812989 0.9828243
vt 0.7812989 0.9828243
vt 0.7812989 0.9828243
vt 0.7812989 0.9828243
vt 0.7812989 0.9828243
vt 0.7812989 0.9828243
vt 0.7812989 0.9828243
vt 0.7812989 0.9828243
vt 0.7812989 0.9828243
vt 0.7812989 0.9828243
vt 0.7812989 0.9828243
vt 0.40104568 0.97265613
vt 0.40104568 0.97265613
vt 0.40104568 0.97265613
vt 0.40104568 0.97265613
vt 0.40104568 0.97265613
vt 0.40104568 0.97265613
vt 0.40104568 0.97265613
vt 0.40104568 0.97265613
vt 0.40104568 0.97265613
vt 0.40104568 0.97265613
vt 0.33484238 0.46815923
vt 0.33484238 0.46815923
vt 0.33484238 0.46815923
vt 0.33484238 0.46815923
vt 0.26973414 0.45885804
vt 0.26973414 0.45885804
vt 0.26973414 0.45885804
vt 0.26973414 0.45885804
vt 0.2914369 0.4774604
vt 0.2914369 0.4774604
vt 0.2914369 0.4774604
vt 0.2914369 0.4774604
vt 0.22632867 0.46815923
vt 0.22632867 0.46815923
vt 0.22632867 0.46815923
vt 0.22632867 0.46815923
vt 0.15624999 0.035156246
vt 0.15624999 0.035156246
vt 0.15624999 0.035156246
vt 0.15624999 0.035156246
vt 0.15624999 0.035156246
vt 0.15624999 0.035156246
vt 0.15624999 0.035156246
vt 0.15624999 0.035156246
vt 0.15624999 0.035156246
vt 0.15624999 0.035156246
vt 0.15624999 0.035156246
vt 0.15624999 0.035156246
vt 0.15624999 0.035156246
vt 0.15624999 0.035156246
vt 0.15624999 0.035156246
vt 0.15624999 0.035156246
vt 0.10156249 0.031249996
vt 0.10156249 0.031249996
vt 0.10156249 0.031249996
vt 0.10156249 0.031249996
vt 0.10156249 0.031249996
vt 0.10156249 0.031249996
vt 0.10156249 0.031249996
vt 0.10156249 0.031249996
vt 0.10156249 0.031249996
vt 0.10156249 0.031249996
vt 0.10156249 0.031249996
vt 0.10156249 0.031249996
vt 0.10156249 0.031249996
vt 0.10156249 0.031249996
vt 0.10156249 0.031249996
vt 0.10156249 0.031249996
vt 0.02734375 0.16015624
vt 0.02734375 0.16015624
vt 0.02734375 0.16015624
vt 0.02734375 0.16015624
vt 0.15624999 0.035156246
vt 0.15624999 0.035156246
vt 0.15624999 0.035156246
vt 0.15624999 0.035156246
vt 0.15624999 0.035156246
vt 0.15624999 0.035156246
vt 0.15624999 0.035156246
vt 0.15624999 0.035156246
vt 0.15624999 0.035156246
vt 0.15624999 0.035156246
vt 0.15624999 0.035156246
vt 0.15624999 0.035156246
vt 0.15234374 0.023437496
vt 0.15234374 0.023437496
vt 0.15234374 0.023437496
vt 0.15234374 0.023437496
vt 0.15234374 0.023437496
vt 0.15234374 0.023437496
vt 0.15234374 0.023437496
vt 0.15234374 0.023437496
vt 0.15234374 0.023437496
vt 0.15234374 0.023437496
vt 0.15234374 0.023437496
vt 0.15234374 0.023437496
vt 0.15234374 0.023437496
vt 0.15234374 0.023437496
vt 0.15234374 0.023437496
vt 0.15234374 0.023437496
vt 0.09374999 0.023437496
vt 0.09374999 0.023437496
vt 0.09374999 0.023437496
vt 0.09374999 0.023437496
vt 0.15624999 0.035156246
vt 0.15624999 0.035156246
vt 0.15624999 0.035156246
vt 0.15624999 0.035156246
vt 0.15624999 0.035156246
vt 0.15624999 0.035156246
vt 0.15624999 0.035156246
vt 0.15624999 0.035156246
vt 0.15624999 0.035156246
vt 0.15624999 0.035156246
vt 0.15624999 0.035156246
vt 0.15624999 0.035156246
vt 0.15624999 0.035156246
vt 0.15624999 0.035156246
vt 0.15624999 0.035156246
vt 0.15624999 0.035156246
vt 0.10156249 0.031249996
vt 0.10156249 0.031249996
vt 0.10156249 0.031249996
vt 0.10156249 0.031249996
vt 0.10156249 0.031249996
vt 0.10156249 0.031249996
vt 0.10156249 0.031249996
vt 0.10156249 0.031249996
vt 0.10156249 0.031249996
vt 0.10156249 0.031249996
vt 0.10156249 0.031249996
vt 0.10156249 0.031249996
vt 0.10156249 0.031249996
vt 0.10156249 0.031249996
vt 0.10156249 0.031249996
vt 0.10156249 0.031249996
vt 0.02734375 0.16015624
vt 0.02734375 0.16015624
vt 0.02734375 0.16015624
vt 0.02734375 0.16015624
vt 0.15624999 0.035156246
vt 0.15624999 0.035156246
vt 0.15624999 0.035156246
vt 0.15624999 0.035156246
vt 0.15624999 0.035156246
vt 0.15624999 0.035156246
vt 0.15624999 0.035156246
vt 0.15624999 0.035156246
vt 0.15624999 0.035156246
vt 0.15624999 0.035156246
vt 0.15624999 0.035156246
vt 0.15624999 0.035156246
vt 0.15234374 0.023437496
vt 0.15234374 0.023437496
vt 0.15234374 0.023437496
vt 0.15234374 0.023437496
vt 0.15234374 0.023437496
vt 0.15234374 0.023437496
vt 0.15234374 0.023437496
vt 0.15234374 0.023437496
vt 0.15234374 0.023437496
vt 0.15234374 0.023437496
vt 0.15234374 0.023437496
vt 0.15234374 0.023437496
vt 0.15234374 0.023437496
vt 0.15234374 0.023437496
vt 0.15234374 0.023437496
vt 0.15234374 0.023437496
vt 0.09374999 0.023437496
vt 0.09374999 0.023437496
vt 0.09374999 0.023437496
vt 0.09374999 0.023437496
vt 0.15624999 0.035156246
vt 0.15624999 0.035156246
vt 0.15624999 0.035156246
vt 0.15624999 0.035156246
vt 0.15624999 0.035156246
vt 0.15624999 0.035156246
vt 0.15624999 0.035156246
vt 0.15624999 0.035156246
vt 0.15624999 0.035156246
vt 0.15624999 0.035156246
vt 0.15624999 0.035156246
vt 0.15624999 0.035156246
vt 0.15624999 0.035156246
vt 0.15624999 0.035156246
vt 0.15624999 0.035156246
vt 0.15624999 0.035156246
vt 0.10156249 0.031249996
vt 0.10156249 0.031249996
vt 0.10156249 0.031249996
vt 0.10156249 0.031249996
vt 0.10156249 0.031249996
vt 0.10156249 0.031249996
vt 0.10156249 0.031249996
vt 0.10156249 0.031249996
vt 0.10156249 0.031249996
vt 0.10156249 0.031249996
vt 0.10156249 0.031249996
vt 0.10156249 0.031249996
vt 0.10156249 0.031249996
vt 0.10156249 0.031249996
vt 0.10156249 0.031249996
vt 0.10156249 0.031249996
vt 0.02734375 0.16015624
vt 0.02734375 0.16015624
vt 0.02734375 0.16015624
vt 0.02734375 0.16015624
vt 0.15624999 0.035156246
vt 0.15624999 0.035156246
vt 0.15624999 0.035156246
vt 0.15624999 0.035156246
vt 0.15624999 0.035156246
vt 0.15624999 0.035156246
vt 0.15624999 0.035156246
vt 0.15624999 0.035156246
vt 0.15624999 0.035156246
vt 0.15624999 0.035156246
vt 0.15624999 0.035156246
vt 0.15624999 0.035156246
vt 0.15234374 0.023437496
vt 0.15234374 0.023437496
vt 0.15234374 0.023437496
vt 0.15234374 0.023437496
vt 0.15234374 0.023437496
vt 0.15234374 0.023437496
vt 0.15234374 0.023437496
vt 0.15234374 0.023437496
vt 0.15234374 0.023437496
vt 0.15234374 0.023437496
vt 0.15234374 0.023437496
vt 0.15234374 0.023437496
vt 0.15234374 0.023437496
vt 0.15234374 0.023437496
vt 0.15234374 0.023437496
vt 0.15234374 0.023437496
vt 0.09374999 0.023437496
vt 0.09374999 0.023437496
vt 0.09374999 0.023437496
vt 0.09374999 0.023437496
vt 0.29763767 0.4805608
vt 0.29763767 0.48056084
vt 0.29763764 0.4805608
vt 0.29763767 0.4805608
vt 0.29763767 0.4805608
vt 0.29763767 0.4805608
vt 0.29763767 0.4805608
vt 0.29763767 0.4805608
vt 0.29763767 0.48056084
vt 0.29763767 0.4805608
vt 0.29763767 0.48056084
vt 0.29763767 0.4805608
vt 0.29763767 0.4805608
vt 0.29763767 0.4805608
vt 0.29763767 0.4805608
vt 0.29763767 0.4805608
vt 0.29763767 0.48056084
vt 0.29763767 0.4805608
vt 0.29763767 0.4805608
vt 0.29763767 0.48056078
vt 0.29763767 0.4805608
vt 0.29763767 0.4805608
vt 0.29763767 0.4805608
vt 0.29763767 0.4805608
vt 0.29763767 0.4805608
vt 0.29763767 0.48056084
vt 0.29763767 0.4805608
vt 0.29763767 0.4805608
vt 0.29763767 0.48056078
vt 0.29763767 0.4805608
vt 0.29763767 0.48056078
vt 0.29763767 0.4805608
vt 0.29763764 0.48056078
vt 0.29763764 0.48056084
vt 0.29763767 0.4805608
vt 0.29763767 0.4805608
vt 0.29763767 0.4805608
vt 0.29763767 0.4805608
vt 0.29763767 0.4805608
vt 0.29763767 0.4805608
vt 0.29763767 0.4805608
vt 0.29763767 0.4805608
vt 0.29763764 0.48056084
vt 0.29763767 0.4805608
vt 0.29763767 0.4805608
vt 0.29763764 0.4805608
vt 0.2976377 0.48056084
vt 0.29763764 0.4805608
vt 0.29763767 0.4805608
vt 0.29763767 0.4805608
vt 0.29763764 0.48056078
vt 0.29763767 0.4805608
vt 0.29763767 0.4805608
vt 0.29763767 0.4805608
vt 0.29763767 0.4805608
vt 0.29763764 0.48056084
vt 0.29763764 0.48056084
vt 0.29763764 0.48056078
vt 0.29763764 0.48056084
vt 0.29763767 0.4805608
vt 0.29763767 0.4805608
vt 0.29763764 0.48056084
vt 0.29763767 0.4805608
vt 0.29763767 0.4805608
vt 0.29763767 0.4805608
vt 0.29763767 0.4805608
vt 0.29763764 0.48056084
vt 0.29763764 0.48056084
vt 0.29763764 0.48056078
vt 0.29763764 0.48056078
vt 0.29763764 0.48056084
vt 0.29763764 0.48056078
vt 0.29763764 0.48056084
vt 0.29763767 0.48056084
vt 0.29763767 0.48056084
vt 0.29763764 0.48056084
vt 0.29763764 0.48056078
vt 0.29763764 0.48056084
vt 0.29763767 0.4805608
vt 0.29763764 0.4805608
vt 0.29763764 0.4805608
vt 0.29763767 0.4805608
vt 0.29763764 0.48056084
vt 0.29763764 0.4805608
vt 0.29763764 0.4805608
vt 0.29763764 0.48056084
vt 0.29763767 0.4805608
vt 0.29763764 0.4805608
vt 0.29763764 0.48056084
vt 0.29763764 0.4805608
vt 0.2976377 0.48056084
vt 0.2976377 0.48056087
vt 0.29763764 0.48056078
vt 0.29763764 0.48056084
vt 0.29763767 0.4805608
vt 0.19842508 0.45885807
vt 0.19842511 0.45885807
vt 0.19842511 0.45885807
vt 0.19842511 0.45885807
vt 0.19842511 0.45885807
vt 0.19842508 0.45885807
vt 0.19842511 0.45885807
vt 0.19842508 0.45885807
vt 0.19842511 0.45885807
vt 0.19842511 0.45885807
vt 0.19842511 0.45885807
vt 0.19842508 0.45885807
vt 0.19842511 0.45885807
vt 0.19842508 0.45885807
vt 0.19842511 0.45885807
vt 0.19842508 0.45885807
vt 0.19842511 0.45885807
vt 0.19842511 0.45885807
vt 0.19842514 0.4588581
vt 0.19842511 0.45885807
vt 0.19842511 0.4588581
vt 0.19842514 0.4588581
vt 0.19842511 0.45885807
vt 0.29763767 0.4805608
vt 0.29763767 0.48056084
vt 0.2976377 0.48056087
vt 0.29763764 0.4805608
vt 0.29763767 0.4805608
vt 0.29763764 0.48056084
vt 0.29763764 0.4805608
vt 0.29763764 0.4805608
vt 0.29763764 0.48056084
vt 0.29763764 0.4805608
vt 0.29763764 0.4805608
vt 0.29763764 0.48056078
vt 0.29763767 0.4805608
vt 0.29763764 0.48056078
vt 0.2976377 0.48056087
vt 0.2976377 0.48056084
vt 0.2791461 0.4780389
vt 0.2791461 0.4780389
vt 0.2791461 0.4780389
vt 0.2791461 0.4780389
vt 0.2791461 0.4780389
vt 0.2791461 0.4780389
vt 0.2791461 0.4780389
vt 0.2791461 0.4780389
vt 0.2791461 0.4780389
vt 0.33185276 0.4749385
vt 0.33185276 0.4749385
vt 0.33185276 0.4749385
vt 0.33185276 0.4749385
vt 0.33185276 0.4749385
vt 0.33185276 0.4749385
vt 0.33185276 0.4749385
vt 0.33185276 0.4749385
vt 0.33185276 0.4749385
vt 0.2791461 0.4780389
vt 0.2791461 0.4780389
vt 0.2791461 0.4780389
vt 0.2791461 0.4780389
vt 0.2791461 0.4780389
vt 0.2791461 0.4780389
vt 0.2791461 0.4780389
vt 0.2791461 0.4780389
vt 0.2791461 0.4780389
vt 0.33185276 0.4749385
vt 0.33185276 0.4749385
vt 0.33185276 0.4749385
vt 0.33185276 0.4749385
vt 0.33185276 0.4749385
vt 0.33185276 0.4749385
vt 0.33185276 0.4749385
vt 0.33185276 0.4749385
vt 0.33185276 0.4749385
vt 0.2791461 0.4780389
vt 0.2791461 0.4780389
vt 0.2791461 0.4780389
vt 0.2791461 0.4780389
vt 0.2791461 0.4780389
vt 0.2791461 0.4780389
vt 0.2791461 0.4780389
vt 0.2791461 0.4780389
vt 0.2791461 0.4780389
vt 0.33185276 0.4749385
vt 0.33185276 0.4749385
vt 0.33185276 0.4749385
vt 0.33185276 0.4749385
vt 0.33185276 0.4749385
vt 0.33185276 0.4749385
vt 0.33185276 0.4749385
vt 0.33185276 0.4749385
vt 0.33185276 0.4749385
vt 0.2791461 0.4780389
vt 0.2791461 0.4780389
vt 0.2791461 0.4780389
vt 0.2791461 0.4780389
vt 0.2791461 0.4780389
vt 0.2791461 0.4780389
vt 0.2791461 0.4780389
vt 0.2791461 0.4780389
vt 0.2791461 0.4780389
vt 0.33185276 0.4749385
vt 0.33185276 0.4749385
vt 0.33185276 0.4749385
vt 0.33185276 0.4749385
vt 0.33185276 0.4749385
vt 0.33185276 0.4749385
vt 0.33185276 0.4749385
vt 0.33185276 0.4749385
vt 0.33185276 0.4749385
vt 0.2791461 0.4780389
vt 0.2791461 0.4780389
vt 0.2791461 0.4780389
vt 0.2791461 0.4780389
vt 0.2791461 0.4780389
vt 0.2791461 0.4780389
vt 0.2791461 0.4780389
vt 0.2791461 0.4780389
vt 0.2791461 0.4780389
vt 0.33185276 0.4749385
vt 0.33185276 0.4749385
vt 0.33185276 0.4749385
vt 0.33185276 0.4749385
vt 0.33185276 0.4749385
vt 0.33185276 0.4749385
vt 0.33185276 0.4749385
vt 0.33185276 0.4749385
vt 0.33185276 0.4749385
vt 0.52706665 0.85570824
vt 0.52706665 0.85570824
vt 0.52706665 0.85570824
vt 0.52706665 0.85570824
vt 0.52706665 0.85570824
vt 0.52706665 0.85570824
vt 0.52706665 0.85570824
vt 0.52706665 0.85570824
vt 0.52706665 0.85570824
vt 0.52706665 0.85570824
vt 0.52706665 0.85570824
vt 0.52706665 0.85570824
vt 0.52706665 0.85570824
vt 0.52706665 0.85570824
vt 0.52706665 0.85570824
vt 0.52706665 0.85570824
vt 0.52706665 0.85570824
vt 0.52706665 0.85570824
vt 0.52706665 0.85570824
vt 0.52706665 0.85570824
vt 0.52706665 0.85570824
vt 0.52706665 0.85570824
vt 0.52706665 0.85570824
vt 0.52706665 0.85570824
vt 0.52706665 0.85570824
vt 0.52706665 0.85570824
vt 0.52706665 0.85570824
vt 0.52706665 0.85570824
vt 0.52706665 0.85570824
vt 0.52706665 0.85570824
vt 0.52706665 0.85570824
vt 0.52706665 0.85570824
vt 0.52706665 0.85570824
vt 0.52706665 0.85570824
vt 0.52706665 0.85570824
vt 0.52706665 0.85570824
vt 0.52706665 0.85570824
vt 0.52706665 0.85570824
vt 0.52706665 0.85570824
vt 0.52706665 0.85570824
vt 0.52706665 0.85570824
vt 0.52706665 0.85570824
vt 0.52706665 0.85570824
vt 0.52706665 0.85570824
vt 0.52706665 0.85570824
vt 0.52706665 0.85570824
vt 0.52706665 0.85570824
vt 0.52706665 0.85570824
vt 0.52706665 0.85570824
vt 0.52706665 0.85570824
vt 0.52706665 0.85570824
vt 0.52706665 0.85570824
vt 0.52706665 0.85570824
vt 0.52706665 0.85570824
vt 0.52706665 0.85570824
vt 0.52706665 0.85570824
vt 0.52706665 0.85570824
vt 0.52706665 0.85570824
vt 0.52706665 0.85570824
vt 0.52706665 0.85570824
vt 0.52706665 0.85570824
vt 0.52706665 0.85570824
vt 0.52706665 0.85570824
vt 0.52706665 0.85570824
vt 0.52706665 0.85570824
vt 0.52706665 0.85570824
vt 0.52706665 0.85570824
vt 0.52706665 0.85570824
vt 0.52706665 0.85570824
vt 0.52706665 0.85570824
vt 0.52706665 0.85570824
vt 0.52706665 0.85570824
vt 0.52706665 0.85570824
vt 0.52706665 0.85570824
vt 0.52706665 0.85570824
vt 0.52706665 0.85570824
vt 0.52706665 0.85570824
vt 0.52706665 0.85570824
vt 0.52706665 0.85570824
vt 0.52706665 0.85570824
vt 0.52706665 0.85570824
vt 0.52706665 0.85570824
vt 0.52706665 0.85570824
vt 0.52706665 0.85570824
vt 0.52706665 0.85570824
vt 0.52706665 0.85570824
vt 0.52706665 0.85570824
vt 0.52706665 0.85570824
vt 0.52706665 0.85570824
vt 0.52706665 0.85570824
vt 0.21392708 0.47125962
vt 0.21392708 0.47125962
vt 0.21392708 0.47125962
vt 0.21392708 0.47125962
vt 0.21392708 0.47125962
vt 0.21392708 0.47125962
vt 0.21392708 0.47125962
vt 0.21392708 0.47125962
vt 0.21392708 0.47125962
vt 0.21392708 0.47125962
vt 0.21392708 0.47125962
vt 0.21702747 0.4774604
vt 0.21702747 0.4774604
vt 0.21702747 0.4774604
vt 0.21702747 0.4774604
vt 0.21702747 0.4774604
vt 0.21702747 0.4774604
vt 0.21702747 0.4774604
vt 0.21702747 0.4774604
vt 0.21702747 0.4774604
vt 0.21702747 0.4774604
vt 0.21702747 0.4774604
vt 0.21093747 0.66406244
vt 0.21093747 0.66406244
vt 0.21093747 0.66406244
vt 0.21093747 0.66406244
vt 0.21093747 0.66406244
vt 0.21093747 0.66406244
vt 0.21093747 0.66406244
vt 0.21093747 0.66406244
vt 0.21093747 0.66406244
vt 0.21093747 0.66406244
vt 0.21093747 0.66406244
vt 0.22632864 0.46505886
vt 0.22632864 0.4650588
vt 0.22632864 0.46505886
vt 0.22632864 0.46505886
vt 0.22632864 0.4650588
vt 0.22632864 0.4650588
vt 0.22632864 0.46505886
vt 0.22632864 0.46505886
vt 0.22632864 0.46505886
vt 0.22632864 0.46505886
vt 0.22632864 0.4650588
vt 0.22632864 0.46505886
vt 0.22632864 0.46505886
vt 0.22632864 0.46505886
vt 0.22632864 0.46505886
vt 0.22632864 0.46505886
vt 0.22632864 0.46505886
vt 0.22632864 0.46505886
vt 0.22632864 0.46505886
vt 0.22632864 0.46505886
vt 0.21702747 0.4774604
vt 0.21702747 0.4774604
vt 0.21702747 0.4774604
vt 0.21702747 0.4774604
vt 0.21702747 0.4774604
vt 0.21702747 0.4774604
vt 0.21702747 0.4774604
vt 0.21702747 0.4774604
vt 0.21702747 0.4774604
vt 0.21702747 0.4774604
vt 0.21702747 0.4774604
vt 0.21702747 0.4774604
vt 0.21702747 0.4774604
vt 0.21702747 0.4774604
vt 0.21702747 0.4774604
vt 0.21702747 0.4774604
vt 0.21702747 0.4774604
vt 0.21702747 0.4774604
vt 0.21702747 0.4774604
vt 0.21702747 0.4774604
vt 0.21702747 0.4774604
vt 0.21702747 0.4774604
vt 0.21702747 0.4774604
vt 0.21702747 0.4774604
vt 0.21702747 0.4774604
vt 0.21702747 0.4774604
vt 0.21702747 0.4774604
vt 0.21702747 0.4774604
vt 0.21702747 0.4774604
vt 0.21702747 0.4774604
vt 0.21702747 0.4774604
vt 0.21702747 0.4774604
vt 0.21702747 0.4774604
vt 0.21702747 0.4774604
vt 0.21702747 0.4774604
vt 0.21702747 0.4774604
vt 0.21702747 0.4774604
vt 0.21702747 0.4774604
vt 0.21702747 0.4774604
vt 0.21702747 0.4774604
vt 0.16742119 0.09611216
vt 0.16742119 0.09611216
vt 0.16742119 0.09611216
vt 0.16742119 0.09611216
vt 0.16742119 0.09611216
vt 0.16742119 0.09611216
vt 0.16742119 0.09611216
vt 0.16742119 0.09611216
vt 0.15823081 0.67026323
vt 0.15823081 0.67026323
vt 0.15823081 0.67026323
vt 0.15823081 0.67026323
vt 0.15823081 0.67026323
vt 0.15823081 0.67026323
vt 0.15823081 0.67026323
vt 0.15823081 0.67026323
vt 0.15823081 0.67026323
vt 0.15823081 0.67026323
vt 0.15823081 0.67026323
vt 0.15823081 0.67026323
vt 0.15823081 0.67026323
vt 0.15823081 0.67026323
vt 0.15823081 0.67026323
vt 0.15823081 0.67026323
vt 0.15823081 0.67026323
vt 0.15823081 0.67026323
vt 0.15823081 0.67026323
vt 0.15823081 0.67026323
vt 0.16015624 0.08593749
vt 0.16015624 0.08593749
vt 0.16015624 0.08593749
vt 0.16015624 0.08593749
vt 0.16015624 0.08593749
vt 0.16015624 0.08593749
vt 0.16015624 0.08593749
vt 0.16015624 0.08593749
vt 0.16015624 0.093749985
vt 0.16015624 0.093749985
vt 0.16015624 0.093749985
vt 0.16015624 0.093749985
vt 0.16015624 0.093749985
vt 0.16015624 0.093749985
vt 0.16015624 0.093749985
vt 0.16015624 0.093749985
vt 0.09765624 0.65624994
vt 0.09765624 0.65624994
vt 0.09765624 0.65624994
vt 0.09765624 0.65624994
vt 0.09765624 0.65624994
vt 0.09765624 0.65624994
vt 0.09765624 0.65624994
vt 0.09765624 0.65624994
vt 0.09765624 0.65624994
vt 0.09765624 0.65624994
vt 0.09765624 0.65624994
vt 0.09765624 0.65624994
vt 0.09765624 0.65624994
vt 0.09765624 0.65624994
vt 0.15624999 0.6601562
vt 0.15624999 0.6601562
vt 0.15624999 0.6601562
vt 0.15624999 0.6601562
vt 0.15624999 0.6601562
vt 0.15624999 0.6601562
vt 0.15624999 0.6601562
vt 0.15624999 0.6601562
vt 0.15624999 0.6601562
vt 0.15624999 0.6601562
vt 0.15624999 0.6601562
vt 0.15624999 0.6601562
vt 0.15624999 0.6601562
vt 0.15624999 0.6601562
vt 0.11328126 0.65624994
vt 0.11328126 0.65624994
vt 0.11328126 0.65624994
vt 0.11328126 0.65624994
vt 0.11328126 0.65624994
vt 0.11328126 0.65624994
vt 0.11328126 0.65624994
vt 0.11328126 0.65624994
vt 0.11328126 0.65624994
vt 0.11328126 0.65624994
vt 0.11328126 0.65624994
vt 0.11328126 0.65624994
vt 0.11328126 0.65624994
vt 0.11328126 0.65624994
vt 0.11328126 0.65624994
vt 0.11328126 0.65624994
vt 0.29763767 0.4805608
vt 0.29763767 0.4805608
vt 0.29763767 0.4805608
vt 0.29763767 0.4805608
vt 0.29763767 0.4805608
vt 0.29763767 0.4805608
vt 0.29763767 0.4805608
vt 0.2976377 0.48056084
vt 0.29763764 0.48056078
vt 0.29763767 0.4805608
vt 0.29763767 0.4805608
vt 0.29763767 0.4805608
vt 0.29763767 0.4805608
vt 0.29763767 0.4805608
vt 0.29763767 0.4805608
vt 0.29763767 0.4805608
vt 0.29763767 0.4805608
vt 0.29763767 0.4805608
vt 0.29763767 0.4805608
vt 0.29763764 0.48056078
vt 0.29763767 0.4805608
vt 0.29763767 0.4805608
vt 0.29763767 0.4805608
vt 0.29763767 0.4805608
vt 0.29763767 0.4805608
vt 0.29763767 0.4805608
vt 0.29763767 0.48056078
vt 0.29763767 0.4805608
vt 0.29763767 0.4805608
vt 0.29763767 0.4805608
vt 0.29763767 0.4805608
vt 0.29763767 0.4805608
vt 0.29763767 0.4805608
vt 0.29763767 0.4805608
vt 0.29763767 0.4805608
vt 0.29763767 0.4805608
vt 0.29763767 0.4805608
vt 0.29763767 0.4805608
vt 0.29763767 0.48056084
vt 0.29763767 0.4805608
vt 0.29763767 0.4805608
vt 0.29763767 0.4805608
vt 0.29763767 0.4805608
vt 0.29763767 0.4805608
vt 0.29763767 0.4805608
vt 0.29763767 0.4805608
vt 0.29763767 0.4805608
vt 0.29763767 0.4805608
vt 0.29763767 0.4805608
vt 0.29763767 0.4805608
vt 0.29763767 0.4805608
vt 0.29763767 0.4805608
vt 0.29763767 0.4805608
vt 0.29763767 0.4805608
vt 0.29763767 0.4805608
vt 0.29763767 0.4805608
vt 0.29763767 0.4805608
vt 0.29763767 0.4805608
vt 0.29763767 0.4805608
vt 0.29763767 0.4805608
vt 0.29763767 0.4805608
vt 0.29763767 0.4805608
vt 0.29763767 0.4805608
vt 0.29763767 0.4805608
vt 0.29763767 0.4805608
vt 0.29763767 0.4805608
vt 0.29763767 0.4805608
vt 0.29763767 0.4805608
vt 0.29763767 0.4805608
vt 0.29763767 0.4805608
vt 0.29763767 0.4805608
vt 0.29763767 0.4805608
vt 0.29763767 0.4805608
vt 0.29763767 0.4805608
vt 0.29763767 0.4805608
vt 0.29763767 0.4805608
vt 0.29763767 0.4805608
vt 0.29763767 0.4805608
vt 0.29763767 0.4805608
vt 0.29763767 0.4805608
vt 0.29763767 0.4805608
vt 0.29763767 0.4805608
vt 0.29763767 0.4805608
vt 0.29763767 0.4805608
vt 0.29763767 0.4805608
vt 0.29763767 0.4805608
vt 0.29763767 0.4805608
vt 0.29763767 0.4805608
vt 0.29763767 0.4805608
vt 0.29763767 0.4805608
vt 0.29763767 0.4805608
vt 0.21093747 0.66406244
vt 0.21093747 0.66406244
vt 0.21093747 0.66406244
vt 0.21093747 0.66406244
vt 0.21093747 0.66406244
vt 0.21093747 0.66406244
vt 0.21093747 0.66406244
vt 0.21093747 0.66406244
vt 0.21093747 0.66406244
vt 0.21093747 0.66406244
vt 0.21093747 0.66406244
vt 0.21093747 0.66406244
vt 0.21093747 0.66406244
vt 0.21093747 0.66406244
vt 0.21093747 0.66406244
vt 0.21093747 0.66406244
vt 0.21093747 0.66406244
vt 0.21093747 0.66406244
vt 0.21093747 0.66406244
vt 0.21093747 0.66406244
vn -0.99999964 0 0.0008579915
vn -0.99999964 0 0.0008579915
vn -0.99999964 0 0.0008579915
vn -0.99999964 0 0.0008579915
vn -0.99999964 0 0.0008579762
vn -0.99999964 0 0.0008579762
vn -0.99999964 0 0.0008579762
vn -0.99999964 0 0.0008579762
vn -0.0008579757 0 -0.99999964
vn -0.0008579757 0 -0.99999964
vn -0.0008579757 0 -0.99999964
vn -0.0008579757 0 -0.99999964
vn 0.00085780135 0 0.99999964
vn 0.00085780135 0 0.99999964
vn 0.00085780135 0 0.99999964
vn 0.00085780135 0 0.99999964
vn 0.99999964 0 -0.00085784367
vn 0.99999964 0 -0.00085784367
vn 0.99999964 0 -0.00085784367
vn 0.99999964 0 -0.00085784367
vn 0.00085795764 0 0.99999964
vn 0.00085795764 0 0.99999964
vn 0.00085795764 0 0.99999964
vn 0.00085795764 0 0.99999964
vn -0 -1 0
vn -0 -1 0
vn -0 -1 0
vn -0 -1 0
vn -0 -1 0
vn -0 -1 0
vn -0 -1 0
vn -0 -1 0
vn 0.99999964 0 -0.00085792644
vn 0.99999964 0 -0.00085792644
vn 0.99999964 0 -0.00085792644
vn 0.99999964 0 -0.00085792644
vn -0.00085799576 0 -0.99999964
vn -0.00085799576 0 -0.99999964
vn -0.00085799576 0 -0.99999964
vn -0.00085799576 0 -0.99999964
vn 0.7064998 0 -0.7077132
vn 0.7064998 0 -0.7077132
vn 0.7064998 0 -0.7077132
vn 0.7064998 0 -0.7077132
vn 0.707714 0 0.706499
vn 0.707714 0 0.706499
vn 0.707714 0 0.706499
vn 0.707714 0 0.706499
vn -0.7064998 0 0.7077133
vn -0.7064998 0 0.7077133
vn -0.7064998 0 0.7077133
vn -0.7064998 0 0.7077133
vn -0.7077135 0 -0.7064996
vn -0.7077135 0 -0.7064996
vn -0.7077135 0 -0.7064996
vn -0.7077135 0 -0.7064996
vn 0.70771277 0 0.70650023
vn 0.70771277 0 0.70650023
vn 0.70771277 0 0.70650023
vn 0.70771277 0 0.70650023
vn -0.70649946 0 0.7077136
vn -0.70649946 0 0.7077136
vn -0.70649946 0 0.7077136
vn -0.70649946 0 0.7077136
vn -0.7077122 0 -0.7065008
vn -0.7077122 0 -0.7065008
vn -0.7077122 0 -0.7065008
vn -0.7077122 0 -0.7065008
vn -0.7077126 0 -0.7065004
vn -0.7077126 0 -0.7065004
vn -0.7077126 0 -0.7065004
vn -0.7077126 0 -0.7065004
vn 0.70650154 0 -0.70771146
vn 0.70650154 0 -0.70771146
vn 0.70650154 0 -0.70771146
vn 0.70650154 0 -0.70771146
vn 0.7077129 0 0.7065001
vn 0.7077129 0 0.7065001
vn 0.7077129 0 0.7065001
vn 0.7077129 0 0.7065001
vn -0.70650077 0 0.7077123
vn -0.70650077 0 0.7077123
vn -0.70650077 0 0.7077123
vn -0.70650077 0 0.7077123
vn -0.99999964 0 0.0008578834
vn -0.99999964 0 0.0008578834
vn -0.99999964 0 0.0008578834
vn -0.99999964 0 0.0008578834
vn -0.5811661 0.57065594 -0.58017045
vn -0.5811661 0.57065594 -0.58017045
vn -0.5811661 0.57065594 -0.58017045
vn -0.5811661 0.57065594 -0.58017045
vn 1.3200277E-07 1 0
vn 1.3200277E-07 1 0
vn 1.3200277E-07 1 0
vn 1.3200277E-07 1 0
vn 1.3200277E-07 1 0
vn 1.3200277E-07 1 0
vn 1.3200277E-07 1 0
vn 1.3200277E-07 1 0
vn 0.5811652 0.5706561 0.58017117
vn 0.5811652 0.5706561 0.58017117
vn 0.5811652 0.5706561 0.58017117
vn 0.5811652 0.5706561 0.58017117
vn -0.00076117006 0.46138254 -0.887201
vn -0.00076117006 0.46138254 -0.887201
vn -0.00076117006 0.46138254 -0.887201
vn -0.00076117006 0.46138254 -0.887201
vn 0.00076108234 0.4613822 0.88720113
vn 0.00076108234 0.4613822 0.88720113
vn 0.00076108234 0.4613822 0.88720113
vn 0.00076108234 0.4613822 0.88720113
vn 0.5801708 0.57065594 -0.58116573
vn 0.5801708 0.57065594 -0.58116573
vn 0.5801708 0.57065594 -0.58116573
vn 0.5801708 0.57065594 -0.58116573
vn -0.58017045 0.5706558 0.5811661
vn -0.58017045 0.5706558 0.5811661
vn -0.58017045 0.5706558 0.5811661
vn -0.58017045 0.5706558 0.5811661
vn -0.88720053 0.46138334 0.00076112687
vn -0.88720053 0.46138334 0.00076112687
vn -0.88720053 0.46138334 0.00076112687
vn -0.88720053 0.46138334 0.00076112687
vn 0.8872002 0.46138406 -0.00076121505
vn 0.8872002 0.46138406 -0.00076121505
vn 0.8872002 0.46138406 -0.00076121505
vn 0.8872002 0.46138406 -0.00076121505
vn 0.01144393 -0.0946821 -0.9954418
vn 0.01144393 -0.0946821 -0.9954418
vn 0.01144393 -0.0946821 -0.9954418
vn 0.01144393 -0.0946821 -0.9954418
vn 0.00085799483 0 0.99999964
vn 0.00085799483 0 0.99999964
vn 0.00085799483 0 0.99999964
vn 0.00085799483 0 0.99999964
vn -0.70771337 0 -0.7064997
vn -0.70771337 0 -0.7064997
vn -0.70771337 0 -0.7064997
vn -0.70771337 0 -0.7064997
vn 0.70771325 0 0.7064998
vn 0.70771325 0 0.7064998
vn 0.70771325 0 0.7064998
vn 0.70771325 0 0.7064998
vn 0.99999964 1.7187112E-07 -0.0008578744
vn 0.99999964 1.7187112E-07 -0.0008578744
vn 0.99999964 1.7187112E-07 -0.0008578744
vn 0.99999964 1.7187112E-07 -0.0008578744
vn -0.99999964 0 0.0008578001
vn -0.99999964 0 0.0008578001
vn -0.99999964 0 0.0008578001
vn -0.99999964 0 0.0008578001
vn -0.7065008 0 0.7077122
vn -0.7065008 0 0.7077122
vn -0.7065008 0 0.7077122
vn -0.7065008 0 0.7077122
vn 0.6269157 0.46400765 0.6258383
vn 0.6269157 0.46400765 0.6258383
vn 0.6269157 0.46400765 0.6258383
vn 0.6269157 0.46400765 0.6258383
vn -0 1 0
vn -0 1 0
vn -0 1 0
vn -0 1 0
vn -0 1 0
vn -0 1 0
vn -0 1 0
vn -0.6304821 0.45425674 -0.62939906
vn -0.6304821 0.45425674 -0.62939906
vn -0.6304821 0.45425674 -0.62939906
vn -0.6304821 0.45425674 -0.62939906
vn -0.9288885 0.37035865 0.00079687696
vn -0.9288885 0.37035865 0.00079687696
vn -0.9288885 0.37035865 0.00079687696
vn -0.9288885 0.37035865 0.00079687696
vn 0.95491004 0.29689422 -0.00081918476
vn 0.95491004 0.29689422 -0.00081918476
vn 0.95491004 0.29689422 -0.00081918476
vn 0.95491004 0.29689422 -0.00081918476
vn 0.6447986 0.40871054 -0.64590275
vn 0.6447986 0.40871054 -0.64590275
vn 0.6447986 0.40871054 -0.64590275
vn 0.6447986 0.40871054 -0.64590275
vn 0.0007743318 0.43081665 0.9024392
vn 0.0007743318 0.43081665 0.9024392
vn 0.0007743318 0.43081665 0.9024392
vn 0.0007743318 0.43081665 0.9024392
vn -0.0008046279 0.34694904 -0.9378837
vn -0.0008046279 0.34694904 -0.9378837
vn -0.0008046279 0.34694904 -0.9378837
vn -0.0008046279 0.34694904 -0.9378837
vn -0 1 0
vn -0 1 0
vn -0 1 0
vn -0 1 0
vn -0.000858108 0 -0.99999964
vn -0.000858108 0 -0.99999964
vn -0.000858108 0 -0.99999964
vn -0.000858108 0 -0.99999964
vn 0.00085810723 0 0.99999964
vn 0.00085810723 0 0.99999964
vn 0.00085810723 0 0.99999964
vn 0.00085810723 0 0.99999964
vn 0.0008577998 0 0.99999964
vn 0.0008577998 0 0.99999964
vn 0.0008577998 0 0.99999964
vn 0.0008577998 0 0.99999964
vn -0.99999964 0 0.0008578783
vn -0.99999964 0 0.0008578783
vn -0.99999964 0 0.0008578783
vn -0.99999964 0 0.0008578783
vn -0.99999964 0 0.0008578783
vn -0.99999964 0 0.0008578783
vn -0.99999964 0 0.0008578783
vn -0.99999964 0 0.0008578783
vn -0 1 0
vn -0 1 0
vn -0 1 0
vn -0 1 0
vn 0.0008578762 0 0.99999964
vn 0.0008578762 0 0.99999964
vn 0.0008578762 0 0.99999964
vn 0.0008578762 0 0.99999964
vn 0.99999964 0 -0.0008579893
vn 0.99999964 0 -0.0008579893
vn 0.99999964 0 -0.0008579893
vn 0.99999964 0 -0.0008579893
vn 0.99999964 0 -0.0008579893
vn 0.99999964 0 -0.0008579893
vn 0.99999964 0 -0.0008579893
vn 0.99999964 0 -0.0008579893
vn 3.2276432E-07 1 0
vn 3.2276432E-07 1 0
vn 3.2276432E-07 1 0
vn 3.2276432E-07 1 0
vn 0.99999964 -1.76781E-07 -0.00085802365
vn 0.99999964 -1.76781E-07 -0.00085802365
vn 0.99999964 -1.76781E-07 -0.00085802365
vn 0.99999964 -1.76781E-07 -0.00085802365
vn 0.99999964 -1.76781E-07 -0.00085802365
vn 0.99999964 -1.76781E-07 -0.00085802365
vn 0.99999964 -1.76781E-07 -0.00085802365
vn 0.99999964 -1.76781E-07 -0.00085802365
vn 0.99009436 0 -0.1404037
vn 0.99009436 0 -0.1404037
vn 0.99009436 0 -0.1404037
vn 0.99009436 0 -0.1404037
vn -0.99538136 -0.048734743 -0.08270963
vn -0.99538136 -0.048734743 -0.08270963
vn -0.99538136 -0.048734743 -0.08270963
vn -0.99538136 -0.048734743 -0.08270963
vn -0.9963123 -0.07395165 -0.043506786
vn -0.9963123 -0.07395165 -0.043506786
vn -0.99663144 -0.082006164 0.0008548573
vn -0.99663144 -0.082006164 0.0008548573
vn -0.99623615 -0.07395224 0.045216378
vn -0.99623615 -0.07395224 0.045216378
vn -0.99523795 -0.048734765 0.08441837
vn -0.99523795 -0.048734765 0.08441837
vn 0.9896332 -0.07313092 -0.12360462
vn 0.9896332 -0.07313092 -0.12360462
vn 0.9896332 -0.07313092 -0.12360462
vn 0.9896332 -0.07313092 -0.12360462
vn 0.98996943 -0.121456504 -0.07217235
vn 0.98996943 -0.121456504 -0.07217235
vn 0.98996943 -0.121456504 -0.07217235
vn 0.98996943 -0.121456504 -0.07217235
vn 0.99049616 -0.13753776 -0.00084986683
vn 0.99049616 -0.13753776 -0.00084986683
vn 0.99049616 -0.13753776 -0.00084986683
vn 0.99049616 -0.13753776 -0.00084986683
vn -0.0008247722 0.26542252 -0.9641319
vn -0.0008555645 0 -0.99999964
vn -0.0008555645 0 -0.99999964
vn -0.0008247722 0.26542234 -0.9641319
vn -0.00060433906 0.70933294 -0.70487344
vn -0.0006043394 0.70933264 -0.70487374
vn -0.00022586805 0.9649643 -0.26238117
vn -0.00022586799 0.9649643 -0.2623811
vn 0.00022466715 0.96496415 0.2623815
vn 0.00022466632 0.9649645 0.2623805
vn 0.0006042308 0.70933306 0.70487326
vn 0.0006042309 0.70933276 0.70487356
vn 0.0008263994 0.26542252 0.9641319
vn 0.0008263993 0.26542267 0.9641318
vn 0.0008565936 0 0.99999964
vn 0.0008565936 0 0.99999964
vn -0 -1 0
vn -0 -1 0
vn -0 -1 0
vn -0 -1 0
vn -0.9928873 0 -0.11905775
vn -0.9928873 0 -0.11905775
vn -0.9928873 0 -0.11905775
vn -0.9928873 0 -0.11905775
vn 0.9974868 0.07084633 -0.00085597596
vn 0.9974868 0.07084633 -0.00085597596
vn 0.9974868 0.07084633 -0.00085597596
vn 0.9974868 0.07084633 -0.00085597596
vn -0.9940521 0.10890188 0.00085258443
vn -0.9940521 0.10890188 0.00085258443
vn -0.9940521 0.10890188 0.00085258443
vn -0.9940521 0.10890188 0.00085258443
vn 0.99033374 0 0.13870542
vn 0.99033374 0 0.13870542
vn 0.99033374 0 0.13870542
vn 0.99033374 0 0.13870542
vn -0.99268144 0 0.12076174
vn -0.99268144 0 0.12076174
vn -0.99268144 0 0.12076174
vn -0.99268144 0 0.12076174
vn 0.9898435 -0.07313217 0.12190799
vn 0.9898435 -0.07313217 0.12190799
vn 0.9898435 -0.07313217 0.12190799
vn 0.9898435 -0.07313217 0.12190799
vn 0.99009144 -0.12145923 0.07047538
vn 0.99009144 -0.12145923 0.07047538
vn 0.99009144 -0.12145923 0.07047538
vn 0.99009144 -0.12145923 0.07047538
vn -0.99999964 -1.5376058E-07 0.00085807045
vn -0.99999964 -1.5376058E-07 0.00085807045
vn -0.99999964 -1.5376058E-07 0.00085807045
vn -0.99999964 -1.5376058E-07 0.00085807045
vn -0.99999964 -1.5376058E-07 0.00085807045
vn -0.99999964 -1.5376058E-07 0.00085807045
vn -0.99999964 -1.5376058E-07 0.00085807045
vn -0.99999964 -1.5376058E-07 0.00085807045
vn -0.6804719 0.7327739 0.0005836072
vn -0.6804719 0.7327739 0.0005836072
vn -0.6804719 0.7327739 0.0005836072
vn -0.6804719 0.7327739 0.0005836072
vn -0.4156678 -0.2307032 0.87977064
vn -0.40610933 0 0.9138245
vn -0.40610933 0 0.9138245
vn -0.41564548 -0.23335157 0.87908244
vn -0.42004332 -0.63250774 0.6507669
vn -0.41977522 -0.626016 0.65718544
vn -0.43603224 -0.86677146 0.24203923
vn -0.43578705 -0.8643927 0.2508283
vn -0.4364453 -0.8667719 -0.2412924
vn -0.4362151 -0.86439353 -0.25008023
vn -0.42115673 -0.63250947 -0.6500452
vn -0.42089954 -0.6260168 -0.6564652
vn -0.41717675 -0.23070312 -0.8790561
vn -0.41715318 -0.23335207 -0.87836784
vn -0.40767875 0 -0.9131254
vn -0.40767875 0 -0.9131254
vn -0.99999964 0 0.0008563989
vn -0.99999964 0 0.0008563989
vn -0.99999964 0 0.0008563989
vn -0.99999964 0 0.0008563989
vn -0.0008564267 0 -0.99999964
vn -0.0008564267 0 -0.99999964
vn -0.0008564267 0 -0.99999964
vn -0.0008564267 0 -0.99999964
vn 5.233476E-06 -1 0
vn 5.233476E-06 -1 0
vn 5.233476E-06 -1 0
vn 5.233476E-06 -1 0
vn 0.0008596021 0 0.99999964
vn 0.0008596021 0 0.99999964
vn 0.0008596021 0 0.99999964
vn 0.0008596021 0 0.99999964
vn 5.2515844E-07 1 0
vn 5.2515844E-07 1 0
vn 5.2515844E-07 1 0
vn 5.2515844E-07 1 0
vn 0.000574622 0.74251443 0.6698298
vn 0.000574622 0.74251443 0.6698298
vn 0.000574622 0.74251443 0.6698298
vn 0.000574622 0.74251443 0.6698298
vn 0.0008578483 0 0.99999964
vn 0.0008578483 0 0.99999964
vn 0.0008578483 0 0.99999964
vn 0.0008578483 0 0.99999964
vn -0.8909976 0 0.4540079
vn -0.8909976 0 0.4540079
vn -0.8909976 0 0.4540079
vn -0.8909976 0 0.4540079
vn 0.00057445635 -0.74251443 0.6698298
vn 0.00057445635 -0.74251443 0.6698298
vn 0.00057445635 -0.74251443 0.6698298
vn 0.00057445635 -0.74251443 0.6698298
vn 0.89177495 0 0.45247915
vn 0.89177495 0 0.45247915
vn 0.89177495 0 0.45247915
vn 0.89177495 0 0.45247915
vn 0.3379991 0 -0.9411464
vn 0.3379991 0 -0.9411464
vn 0.3379991 0 -0.9411464
vn 0.3379991 0 -0.9411464
vn 0.99999964 0 -0.0008578381
vn 0.99999964 0 -0.0008578381
vn 0.99999964 0 -0.0008578381
vn 0.99999964 0 -0.0008578381
vn 0.50023234 0.86589116 -0.0004291099
vn 0.50023234 0.86589116 -0.0004291099
vn 0.50023234 0.86589116 -0.0004291099
vn 0.50023234 0.86589116 -0.0004291099
vn 0.3396134 0 0.94056517
vn 0.3396134 0 0.94056517
vn 0.3396134 0 0.94056517
vn 0.3396134 0 0.94056517
vn 0.50023186 -0.8658914 -0.00042911002
vn 0.50023186 -0.8658914 -0.00042911002
vn 0.50023186 -0.8658914 -0.00042911002
vn 0.50023186 -0.8658914 -0.00042911002
vn -0.000858157 -1.4623322E-07 -0.99999964
vn -0.000858157 -1.4623322E-07 -0.99999964
vn -0.000858157 -1.4623322E-07 -0.99999964
vn -0.000858157 -1.4623322E-07 -0.99999964
vn -0.000858157 -1.4623322E-07 -0.99999964
vn -0.000858157 -1.4623322E-07 -0.99999964
vn -0.000858157 -1.4623322E-07 -0.99999964
vn -0.000858157 -1.4623322E-07 -0.99999964
vn -0.08271137 -0.04873472 0.99538124
vn -0.08271137 -0.04873472 0.99538124
vn -0.08271137 -0.04873472 0.99538124
vn -0.08271137 -0.04873472 0.99538124
vn -0.04350416 -0.07394902 0.9963127
vn -0.04350416 -0.07394902 0.9963127
vn 0.00085490075 -0.082004204 0.99663156
vn 0.00085490075 -0.082004204 0.99663156
vn 0.0452151 -0.0739518 0.99623626
vn 0.0452151 -0.0739518 0.99623626
vn 0.084420055 -0.048734527 0.9952378
vn 0.084420055 -0.048734527 0.9952378
vn -0.9641318 0.26542255 0.0008269213
vn -0.99999964 0 0.0008579065
vn -0.99999964 0 0.0008579065
vn -0.9641318 0.26542255 0.0008269213
vn -0.704873 0.70933324 0.0006050038
vn -0.7048731 0.7093332 0.0006050039
vn -0.26238096 0.9649644 0.00022560163
vn -0.26238045 0.9649645 0.00022560121
vn 0.2623817 0.96496415 -0.00022532648
vn 0.26238146 0.9649643 -0.00022532625
vn 0.704874 0.70933235 -0.000605231
vn 0.70487416 0.7093321 -0.00060523115
vn 0.964132 0.26542208 -0.0008268837
vn 0.9641319 0.26542222 -0.00082688365
vn 0.99999964 0 -0.00085686275
vn 0.99999964 0 -0.00085686275
vn -0 -1 0
vn -0 -1 0
vn -0 -1 0
vn -0 -1 0
vn -0.119063035 0 0.9928867
vn -0.119063035 0 0.9928867
vn -0.119063035 0 0.9928867
vn -0.119063035 0 0.9928867
vn 0.0008531779 0.10890523 0.99405175
vn 0.0008531779 0.10890523 0.99405175
vn 0.0008531779 0.10890523 0.99405175
vn 0.0008531779 0.10890523 0.99405175
vn 0.1207627 0 0.9926813
vn 0.1207627 0 0.9926813
vn 0.1207627 0 0.9926813
vn 0.1207627 0 0.9926813
vn 0.0008580766 0 0.99999964
vn 0.0008580766 0 0.99999964
vn 0.0008580766 0 0.99999964
vn 0.0008580766 0 0.99999964
vn 0.0008580766 0 0.99999964
vn 0.0008580766 0 0.99999964
vn 0.0008580766 0 0.99999964
vn 0.0008580766 0 0.99999964
vn 0.00058408786 0.73277354 0.6804724
vn 0.00058408786 0.73277354 0.6804724
vn 0.00058408786 0.73277354 0.6804724
vn 0.00058408786 0.73277354 0.6804724
vn 0.8797694 -0.23070107 0.41567156
vn 0.9138214 0 0.4061162
vn 0.9138214 0 0.4061162
vn 0.87908083 -0.2333509 0.41564915
vn 0.65076745 -0.6325078 0.42004243
vn 0.6571853 -0.62601674 0.41977438
vn 0.24203879 -0.8667749 0.43602562
vn 0.25082856 -0.86439604 0.43578056
vn -0.24129106 -0.8667743 0.43644115
vn -0.25008103 -0.8643953 0.43621117
vn -0.6500444 -0.6325079 0.42116034
vn -0.6564618 -0.6260178 0.42090333
vn -0.8790535 -0.2307038 0.41718188
vn -0.8783651 -0.23335329 0.41715828
vn -0.9131238 0 0.40768233
vn -0.9131238 0 0.40768233
vn 0.0008606729 0 0.99999964
vn 0.0008606729 0 0.99999964
vn 0.0008606729 0 0.99999964
vn 0.0008606729 0 0.99999964
vn -0.99999964 0 0.0008553357
vn -0.99999964 0 0.0008553357
vn -0.99999964 0 0.0008553357
vn -0.99999964 0 0.0008553357
vn -0 -1 0
vn -0 -1 0
vn -0 -1 0
vn -0 -1 0
vn 0.99999964 0 -0.00085533055
vn 0.99999964 0 -0.00085533055
vn 0.99999964 0 -0.00085533055
vn 0.99999964 0 -0.00085533055
vn 8.524014E-07 1 0
vn 8.524014E-07 1 0
vn 8.524014E-07 1 0
vn 8.524014E-07 1 0
vn -0.7077118 0 -0.70650125
vn -0.7077118 0 -0.70650125
vn -0.7077118 0 -0.70650125
vn -0.7077118 0 -0.70650125
vn -0.7064998 0 0.7077133
vn -0.7064998 0 0.7077133
vn -0.7064998 0 0.7077133
vn -0.7064998 0 0.7077133
vn 0.70771277 0 0.70650023
vn 0.70771277 0 0.70650023
vn 0.70771277 0 0.70650023
vn 0.70771277 0 0.70650023
vn 0.99999964 0 -0.0008578446
vn 0.99999964 0 -0.0008578446
vn 0.99999964 0 -0.0008578446
vn 0.99999964 0 -0.0008578446
vn 0.00085780123 0 0.99999964
vn 0.00085780123 0 0.99999964
vn 0.00085780123 0 0.99999964
vn 0.00085780123 0 0.99999964
vn -0.0008579757 0 -0.99999964
vn -0.0008579757 0 -0.99999964
vn -0.0008579757 0 -0.99999964
vn -0.0008579757 0 -0.99999964
vn -0.99999964 0 0.00085794384
vn -0.99999964 0 0.00085794384
vn -0.99999964 0 0.00085794384
vn -0.99999964 0 0.00085794384
vn 0.99999964 0 -0.0008580012
vn 0.99999964 0 -0.0008580012
vn 0.99999964 0 -0.0008580012
vn 0.99999964 0 -0.0008580012
vn -0 1 0
vn -0 1 0
vn -0 1 0
vn -0 1 0
vn -0.99999964 0 0.000856425
vn -0.99999964 0 0.000856425
vn -0.99999964 0 0.000856425
vn -0.99999964 0 0.000856425
vn -0.714683 0 0.6994486
vn -0.714683 0 0.6994486
vn -0.714683 0 0.6994486
vn -0.714683 0 0.6994486
vn -0.09575699 0 0.9954047
vn -0.09575699 0 0.9954047
vn -0.09575699 0 0.9954047
vn -0.09575699 0 0.9954047
vn 0.0008523027 0.11150994 0.993763
vn 0.0008523027 0.11150994 0.993763
vn 0.0008523027 0.11150994 0.993763
vn 0.0008523027 0.11150994 0.993763
vn 0.10120656 0 0.9948655
vn 0.10120656 0 0.9948655
vn 0.10120656 0 0.9948655
vn 0.10120656 0 0.9948655
vn 0.00085225655 -0.11150931 0.993763
vn 0.00085225655 -0.11150931 0.993763
vn 0.00085225655 -0.11150931 0.993763
vn 0.00085225655 -0.11150931 0.993763
vn 0.0008595943 0 0.99999964
vn 0.0008595943 0 0.99999964
vn 0.0008595943 0 0.99999964
vn 0.0008595943 0 0.99999964
vn 0.70466924 0 0.70953596
vn 0.70466924 0 0.70953596
vn 0.70466924 0 0.70953596
vn 0.70466924 0 0.70953596
vn 0.0005406353 -0.7768865 0.6296403
vn 0.0005406353 -0.7768865 0.6296403
vn 0.0005406353 -0.7768865 0.6296403
vn 0.0005406353 -0.7768865 0.6296403
vn 0.0005407014 0.7768867 0.6296402
vn 0.0005407014 0.7768867 0.6296402
vn 0.0005407014 0.7768867 0.6296402
vn 0.0005407014 0.7768867 0.6296402
vn 0.00085292396 0.11151371 0.99376255
vn 0.00085292396 0.11151371 0.99376255
vn 0.00085292396 0.11151371 0.99376255
vn 0.00085292396 0.11151371 0.99376255
vn -0.99999964 -3.706049E-06 0.0008589843
vn -0.99999964 -3.706049E-06 0.0008589843
vn -0.99999964 -3.706049E-06 0.0008589843
vn -0.99999964 -3.706049E-06 0.0008589843
vn -0 -1 0
vn -0 -1 0
vn -0 -1 0
vn -0 -1 0
vn 0.99999964 -5.4387897E-07 -0.0008580029
vn 0.99999964 -5.4387897E-07 -0.0008580029
vn 0.99999964 -5.4387897E-07 -0.0008580029
vn 0.99999964 -5.4387897E-07 -0.0008580029
vn -0 1 0
vn -0 1 0
vn -0 1 0
vn -0 1 0
vn -0.009336772 0.9893545 0.14522591
vn -0.011378496 0.9961966 0.086388074
vn -0.02012706 0.9880503 0.15281208
vn -0.005402585 0.996247 0.08638731
vn 0.009585829 0.9893545 0.14520968
vn 0.0055506798 0.996247 0.08637796
vn 0.020389484 0.9880503 0.15277745
vn 0.011526915 0.9961966 0.086368516
vn -0.009146845 0.962502 0.27112046
vn -0.022643719 0.9682552 0.24893577
vn -0.018514173 0.9589554 0.28295204
vn -0.011586932 0.9710852 0.23845178
vn 0.009612118 0.96250206 0.27110416
vn 0.011996058 0.9710852 0.23843141
vn 0.018999245 0.95895547 0.28291947
vn 0.02307073 0.96825534 0.24889636
vn -0.011586932 0.9710852 0.23845178
vn -0.02012706 0.9880503 0.15281208
vn -0.022643719 0.9682552 0.24893577
vn -0.009336772 0.9893545 0.14522591
vn 0.011996058 0.9710852 0.23843141
vn 0.009585829 0.9893545 0.14520968
vn 0.02307073 0.96825534 0.24889636
vn 0.020389484 0.9880503 0.15277745
vn 0.99999964 -5.8748594E-07 -0.0008571721
vn 0.99999964 -5.8748594E-07 -0.0008571721
vn 0.99999964 -5.8748594E-07 -0.0008571721
vn 0.99999964 -5.8748594E-07 -0.0008571721
vn 0.99999964 -5.3618584E-07 -0.00085917214
vn 0.99999964 -5.3618584E-07 -0.00085917214
vn 0.99999964 1.173755E-06 -0.000856508
vn 0.99999964 1.173755E-06 -0.000856508
vn -0.99999964 -1.7248968E-06 0.00085825456
vn -0.99999964 -1.7248968E-06 0.00085825456
vn -0.99999964 1.5349801E-07 0.0008575076
vn -0.99999964 1.5349801E-07 0.0008575076
vn -0.99999964 1.5349801E-07 0.0008575076
vn -0.99999964 1.5349801E-07 0.0008575076
vn -0.99999964 0 0.0008581724
vn -0.99999964 0 0.0008581724
vn -0.00020686089 -0.97040313 -0.24149065
vn -0.00020686089 -0.97040313 -0.24149065
vn -0.00020686089 -0.97040313 -0.24149065
vn -0.00020686089 -0.97040313 -0.24149065
vn 0.0002068611 0.9704037 0.2414887
vn 0.0002068611 0.9704037 0.2414887
vn 0.0002068611 0.9704037 0.2414887
vn 0.0002068611 0.9704037 0.2414887
vn -0.00010740683 -0.9922374 -0.12435828
vn -0.00010740683 -0.9922374 -0.12435828
vn -0.00010740683 -0.9922374 -0.12435828
vn -0.00010740683 -0.9922374 -0.12435828
vn 0.00085655076 -0.061448548 0.99810994
vn 0.00085655076 -0.061448548 0.99810994
vn 0.00085655076 -0.061448548 0.99810994
vn 0.00085655076 -0.061448548 0.99810994
vn -0.0008554376 0.06144983 -0.9981098
vn -0.0008554376 0.06144983 -0.9981098
vn -0.0008554376 0.06144983 -0.9981098
vn -0.0008554376 0.06144983 -0.9981098
vn 0.0002839664 0.94356 0.3312017
vn 0.0002839664 0.94356 0.3312017
vn 0.0002839664 0.94356 0.3312017
vn 0.0002839664 0.94356 0.3312017
vn 0.00010577917 0.9922375 0.12435775
vn 0.00010577917 0.9922375 0.12435775
vn 0.00010577917 0.9922375 0.12435775
vn 0.00010577917 0.9922375 0.12435775
vn -0.00028396607 -0.94356024 -0.33120093
vn -0.00028396607 -0.94356024 -0.33120093
vn -0.00028396607 -0.94356024 -0.33120093
vn -0.00028396607 -0.94356024 -0.33120093
vn 0.99999964 5.043964E-07 -0.0008570068
vn 0.99999964 5.043964E-07 -0.0008570068
vn 0.99999964 5.043964E-07 -0.0008570068
vn 0.99999964 5.043964E-07 -0.0008570068
vn 0.99999964 2.1829545E-07 -0.0008583393
vn 0.99999964 2.1829545E-07 -0.0008583393
vn 0.99999964 2.3382447E-07 -0.0008586737
vn 0.99999964 2.3382447E-07 -0.0008586737
vn -0.99999964 2.7577576E-07 0.00085746485
vn -0.99999964 2.7577576E-07 0.00085746485
vn -0.99999964 2.5105965E-07 0.0008579215
vn -0.99999964 2.5105965E-07 0.0008579215
vn -0.99999964 2.5105965E-07 0.0008579215
vn -0.99999964 2.5105965E-07 0.0008579215
vn -0.99999964 1.8601902E-07 0.000859257
vn -0.99999964 1.8601902E-07 0.000859257
vn -0.00020846458 -0.97040313 -0.24149057
vn -0.00020846458 -0.97040313 -0.24149057
vn -0.00020846458 -0.97040313 -0.24149057
vn -0.00020846458 -0.97040313 -0.24149057
vn 0.00020686074 0.9704037 0.24148817
vn 0.00020686074 0.9704037 0.24148817
vn 0.00020686074 0.9704037 0.24148817
vn 0.00020686074 0.9704037 0.24148817
vn -0.00010577956 -0.9922374 -0.124358654
vn -0.00010577956 -0.9922374 -0.124358654
vn -0.00010577956 -0.9922374 -0.124358654
vn -0.00010577956 -0.9922374 -0.124358654
vn 0.0008565506 -0.061448954 0.99810994
vn 0.0008565506 -0.061448954 0.99810994
vn 0.0008565506 -0.061448954 0.99810994
vn 0.0008565506 -0.061448954 0.99810994
vn -0.00085655175 0.061451796 -0.9981097
vn -0.00085655175 0.061451796 -0.9981097
vn -0.00085655175 0.061451796 -0.9981097
vn -0.00085655175 0.061451796 -0.9981097
vn 0.00028396744 0.94355935 0.3312031
vn 0.00028396744 0.94355935 0.3312031
vn 0.00028396744 0.94355935 0.3312031
vn 0.00028396744 0.94355935 0.3312031
vn 0.00010740704 0.9922374 0.12435794
vn 0.00010740704 0.9922374 0.12435794
vn 0.00010740704 0.9922374 0.12435794
vn 0.00010740704 0.9922374 0.12435794
vn -0.00028396674 -0.9435601 -0.33120114
vn -0.00028396674 -0.9435601 -0.33120114
vn -0.00028396674 -0.9435601 -0.33120114
vn -0.00028396674 -0.9435601 -0.33120114
vn 0.064149916 0.31559464 0.94672316
vn 0.1256057 0.31375667 0.94115883
vn 0.1256057 0.31375667 0.94115883
vn 0.062495098 0.31562746 0.94682294
vn -0.06252551 0.3155949 0.9468318
vn -0.060870435 0.3156277 0.9469287
vn -0.1239899 0.3137572 0.94137293
vn -0.1239899 0.3137572 0.94137293
vn 0.99999964 0 -0.0008595834
vn 0.99999964 0 -0.0008595834
vn 0.99999964 0 -0.0008595834
vn 0.99999964 0 -0.0008595834
vn -2.9769367E-07 1 0
vn -2.9769367E-07 1 0
vn -2.9769367E-07 1 0
vn -2.9769367E-07 1 0
vn -0.99999964 0 0.0008580023
vn -0.99999964 0 0.0008580023
vn -0.99999964 0 0.0008580023
vn -0.99999964 0 0.0008580023
vn -0.7146796 0 0.699452
vn -0.7146796 0 0.699452
vn -0.7146796 0 0.699452
vn -0.7146796 0 0.699452
vn -0.09575705 0 0.9954047
vn -0.09575705 0 0.9954047
vn -0.09575705 0 0.9954047
vn -0.09575705 0 0.9954047
vn 0.00085251685 0.111510955 0.9937629
vn 0.00085251685 0.111510955 0.9937629
vn 0.00085251685 0.111510955 0.9937629
vn 0.00085251685 0.111510955 0.9937629
vn 0.101208664 0 0.99486524
vn 0.101208664 0 0.99486524
vn 0.101208664 0 0.99486524
vn 0.101208664 0 0.99486524
vn 0.0008524969 -0.11151128 0.9937628
vn 0.0008524969 -0.11151128 0.9937628
vn 0.0008524969 -0.11151128 0.9937628
vn 0.0008524969 -0.11151128 0.9937628
vn 0.00085800583 0 0.99999964
vn 0.00085800583 0 0.99999964
vn 0.00085800583 0 0.99999964
vn 0.00085800583 0 0.99999964
vn 0.70466787 0 0.70953727
vn 0.70466787 0 0.70953727
vn 0.70466787 0 0.70953727
vn 0.70466787 0 0.70953727
vn 0.0005398865 -0.7768878 0.6296389
vn 0.0005398865 -0.7768878 0.6296389
vn 0.0005398865 -0.7768878 0.6296389
vn 0.0005398865 -0.7768878 0.6296389
vn 0.0005405202 0.77688414 0.6296433
vn 0.0005405202 0.77688414 0.6296433
vn 0.0005405202 0.77688414 0.6296433
vn 0.0005405202 0.77688414 0.6296433
vn 0.0008525919 0.11151357 0.99376255
vn 0.0008525919 0.11151357 0.99376255
vn 0.0008525919 0.11151357 0.99376255
vn 0.0008525919 0.11151357 0.99376255
vn -0.99999964 -4.542989E-06 0.0008580029
vn -0.99999964 -4.542989E-06 0.0008580029
vn -0.99999964 -4.542989E-06 0.0008580029
vn -0.99999964 -4.542989E-06 0.0008580029
vn -0 -1 0
vn -0 -1 0
vn -0 -1 0
vn -0 -1 0
vn 0.99999964 -4.5173942E-07 -0.0008583305
vn 0.99999964 -4.5173942E-07 -0.0008583305
vn 0.99999964 -4.5173942E-07 -0.0008583305
vn 0.99999964 -4.5173942E-07 -0.0008583305
vn -0 1 0
vn -0 1 0
vn -0 1 0
vn -0 1 0
vn 0.0267821 0.97127885 0.23643236
vn 0.0140759675 0.9720362 0.23440887
vn 0.02107439 0.9655725 0.25927904
vn 0.01918782 0.9752611 0.22022165
vn 0.00017970437 0.9778336 0.20938341
vn 0.00017920451 0.97792304 0.20896524
vn -0.013673615 0.9720362 0.23443274
vn -0.01880956 0.9752611 0.22025411
vn -0.020629367 0.9655725 0.25931484
vn -0.026375664 0.97127885 0.23647779
vn -0.15003607 0.31261152 0.93795687
vn -0.10485629 0.3144598 0.94346184
vn -0.15003607 0.31261152 0.93795687
vn -0.10685969 0.31439185 0.94325966
vn 0.0008139782 0.31623074 0.94868195
vn 0.00081395614 0.31623074 0.94868195
vn 0.10647462 0.31445998 0.9432805
vn 0.10847764 0.31439197 0.94307494
vn 0.1516444 0.3126113 0.9376983
vn 0.1516444 0.3126113 0.9376983
vn 0.99999964 -6.260643E-07 -0.0008565071
vn 0.99999964 -6.260643E-07 -0.0008565071
vn 0.99999964 -6.260643E-07 -0.0008565071
vn 0.99999964 -6.260643E-07 -0.0008565071
vn 0.99999964 -1.5187182E-07 -0.0008571737
vn 0.99999964 -1.5187182E-07 -0.0008571737
vn 0.99999964 0 -0.000859174
vn 0.99999964 0 -0.000859174
vn -0.99999964 -7.856996E-07 0.00085783825
vn -0.99999964 -7.856996E-07 0.00085783825
vn -0.99999964 1.5284719E-07 0.0008575053
vn -0.99999964 1.5284719E-07 0.0008575053
vn -0.99999964 1.5284719E-07 0.0008575053
vn -0.99999964 1.5284719E-07 0.0008575053
vn -0.99999964 -3.29111E-07 0.00085917494
vn -0.99999964 -3.29111E-07 0.00085917494
vn -0.00020525766 -0.970403 -0.24149103
vn -0.00020525766 -0.970403 -0.24149103
vn -0.00020525766 -0.970403 -0.24149103
vn -0.00020525766 -0.970403 -0.24149103
vn 0.0002116715 0.97040355 0.24148913
vn 0.0002116715 0.97040355 0.24148913
vn 0.0002116715 0.97040355 0.24148913
vn 0.0002116715 0.97040355 0.24148913
vn -0.000107406784 -0.99223727 -0.12435905
vn -0.000107406784 -0.99223727 -0.12435905
vn -0.000107406784 -0.99223727 -0.12435905
vn -0.000107406784 -0.99223727 -0.12435905
vn 0.00085654977 -0.061452225 0.9981097
vn 0.00085654977 -0.061452225 0.9981097
vn 0.00085654977 -0.061452225 0.9981097
vn 0.00085654977 -0.061452225 0.9981097
vn -0.00085746835 0.061450277 -0.9981098
vn -0.00085746835 0.061450277 -0.9981098
vn -0.00085746835 0.061450277 -0.9981098
vn -0.00085746835 0.061450277 -0.9981098
vn 0.0002823978 0.94355947 0.33120286
vn 0.0002823978 0.94355947 0.33120286
vn 0.0002823978 0.94355947 0.33120286
vn 0.0002823978 0.94355947 0.33120286
vn 0.000104151855 0.9922376 0.124356195
vn 0.000104151855 0.9922376 0.124356195
vn 0.000104151855 0.9922376 0.124356195
vn 0.000104151855 0.9922376 0.124356195
vn -0.00028553547 -0.9435601 -0.33120114
vn -0.00028553547 -0.9435601 -0.33120114
vn -0.00028553547 -0.9435601 -0.33120114
vn -0.00028553547 -0.9435601 -0.33120114
vn 0.99999964 0 -0.0008575085
vn 0.99999964 0 -0.0008575085
vn 0.99999964 0 -0.0008575085
vn 0.99999964 0 -0.0008575085
vn 1.1608192E-07 1 0
vn 1.1608192E-07 1 0
vn 1.1608192E-07 1 0
vn 1.1608192E-07 1 0
vn -0.99999964 0 0.0008564221
vn -0.99999964 0 0.0008564221
vn -0.99999964 0 0.0008564221
vn -0.99999964 0 0.0008564221
vn -0.71467984 0 0.69945174
vn -0.71467984 0 0.69945174
vn -0.71467984 0 0.69945174
vn -0.71467984 0 0.69945174
vn -0.09575609 0 0.99540484
vn -0.09575609 0 0.99540484
vn -0.09575609 0 0.99540484
vn -0.09575609 0 0.99540484
vn 0.0008525668 0.11150978 0.993763
vn 0.0008525668 0.11150978 0.993763
vn 0.0008525668 0.11150978 0.993763
vn 0.0008525668 0.11150978 0.993763
vn 0.10120985 0 0.9948651
vn 0.10120985 0 0.9948651
vn 0.10120985 0 0.9948651
vn 0.10120985 0 0.9948651
vn 0.0008525037 -0.111508965 0.993763
vn 0.0008525037 -0.111508965 0.993763
vn 0.0008525037 -0.111508965 0.993763
vn 0.0008525037 -0.111508965 0.993763
vn 0.0008576083 0 0.99999964
vn 0.0008576083 0 0.99999964
vn 0.0008576083 0 0.99999964
vn 0.0008576083 0 0.99999964
vn 0.70466745 0 0.7095377
vn 0.70466745 0 0.7095377
vn 0.70466745 0 0.7095377
vn 0.70466745 0 0.7095377
vn 0.0005399881 -0.7768882 0.6296384
vn 0.0005399881 -0.7768882 0.6296384
vn 0.0005399881 -0.7768882 0.6296384
vn 0.0005399881 -0.7768882 0.6296384
vn 0.00053965347 0.77688456 0.62964284
vn 0.00053965347 0.77688456 0.62964284
vn 0.00053965347 0.77688456 0.62964284
vn 0.00053965347 0.77688456 0.62964284
vn 0.00085274904 0.11151413 0.99376243
vn 0.00085274904 0.11151413 0.99376243
vn 0.00085274904 0.11151413 0.99376243
vn 0.00085274904 0.11151413 0.99376243
vn -0.99999964 -4.214091E-06 0.00085832836
vn -0.99999964 -4.214091E-06 0.00085832836
vn -0.99999964 -4.214091E-06 0.00085832836
vn -0.99999964 -4.214091E-06 0.00085832836
vn -0 -1 0
vn -0 -1 0
vn -0 -1 0
vn -0 -1 0
vn 0.99999964 3.2184835E-07 -0.0008579211
vn 0.99999964 3.2184835E-07 -0.0008579211
vn 0.99999964 3.2184835E-07 -0.0008579211
vn 0.99999964 3.2184835E-07 -0.0008579211
vn 2.4235607E-07 1 0
vn 2.4235607E-07 1 0
vn 2.4235607E-07 1 0
vn 2.4235607E-07 1 0
vn 0.99999964 5.0626477E-07 -0.0008575038
vn 0.99999964 5.0626477E-07 -0.0008575038
vn 0.99999964 5.0626477E-07 -0.0008575038
vn 0.99999964 5.0626477E-07 -0.0008575038
vn 0.99999964 1.2447309E-07 -0.0008585057
vn 0.99999964 1.2447309E-07 -0.0008585057
vn 0.99999964 -1.3388384E-07 -0.000857174
vn 0.99999964 -1.3388384E-07 -0.000857174
vn -0.99999964 1.7821286E-07 0.00085708674
vn -0.99999964 1.7821286E-07 0.00085708674
vn -0.99999964 5.7626795E-07 0.0008577573
vn -0.99999964 5.7626795E-07 0.0008577573
vn -0.99999964 5.7626795E-07 0.0008577573
vn -0.99999964 5.7626795E-07 0.0008577573
vn -0.99999964 0 0.0008590084
vn -0.99999964 0 0.0008590084
vn -0.00020525773 -0.970403 -0.24149102
vn -0.00020525773 -0.970403 -0.24149102
vn -0.00020525773 -0.970403 -0.24149102
vn -0.00020525773 -0.970403 -0.24149102
vn 0.00020846477 0.97040343 0.2414893
vn 0.00020846477 0.97040343 0.2414893
vn 0.00020846477 0.97040343 0.2414893
vn 0.00020846477 0.97040343 0.2414893
vn -0.000107406544 -0.99223727 -0.124358825
vn -0.000107406544 -0.99223727 -0.124358825
vn -0.000107406544 -0.99223727 -0.124358825
vn -0.000107406544 -0.99223727 -0.124358825
vn 0.0008555013 -0.06145175 0.9981097
vn 0.0008555013 -0.06145175 0.9981097
vn 0.0008555013 -0.06145175 0.9981097
vn 0.0008555013 -0.06145175 0.9981097
vn -0.00085642026 0.061450426 -0.9981098
vn -0.00085642026 0.061450426 -0.9981098
vn -0.00085642026 0.061450426 -0.9981098
vn -0.00085642026 0.061450426 -0.9981098
vn 0.00027926054 0.94355947 0.33120283
vn 0.00027926054 0.94355947 0.33120283
vn 0.00027926054 0.94355947 0.33120283
vn 0.00027926054 0.94355947 0.33120283
vn 0.00010740662 0.9922376 0.12435605
vn 0.00010740662 0.9922376 0.12435605
vn 0.00010740662 0.9922376 0.12435605
vn 0.00010740662 0.9922376 0.12435605
vn -0.0002855359 -0.9435601 -0.33120126
vn -0.0002855359 -0.9435601 -0.33120126
vn -0.0002855359 -0.9435601 -0.33120126
vn -0.0002855359 -0.9435601 -0.33120126
vn 0.024875881 0.98778594 0.15381864
vn 0.01918782 0.9752611 0.22022165
vn 0.0267821 0.97127885 0.23643236
vn 0.016460264 0.9891594 0.14591986
vn 0.00017920451 0.97792304 0.20896524
vn 0.00012463632 0.9893973 0.1452346
vn -0.01880956 0.9752611 0.22025411
vn -0.01620982 0.9891595 0.14594783
vn -0.026375664 0.97127885 0.23647779
vn -0.024611598 0.98778594 0.15386096
vn 0.99999964 0 -0.00086037355
vn 0.99999964 0 -0.00086037355
vn 0.99999964 0 -0.00086037355
vn 0.99999964 0 -0.00086037355
vn -0 1 0
vn -0 1 0
vn -0 1 0
vn -0 1 0
vn -0.99999964 0 0.0008580024
vn -0.99999964 0 0.0008580024
vn -0.99999964 0 0.0008580024
vn -0.99999964 0 0.0008580024
vn -0.71467954 0 0.6994521
vn -0.71467954 0 0.6994521
vn -0.71467954 0 0.6994521
vn -0.71467954 0 0.6994521
vn -0.09575709 0 0.9954047
vn -0.09575709 0 0.9954047
vn -0.09575709 0 0.9954047
vn -0.09575709 0 0.9954047
vn 0.00085252913 0.111511074 0.9937628
vn 0.00085252913 0.111511074 0.9937628
vn 0.00085252913 0.111511074 0.9937628
vn 0.00085252913 0.111511074 0.9937628
vn 0.1012087 0 0.99486524
vn 0.1012087 0 0.99486524
vn 0.1012087 0 0.99486524
vn 0.1012087 0 0.99486524
vn 0.00085257646 -0.11151128 0.9937628
vn 0.00085257646 -0.11151128 0.9937628
vn 0.00085257646 -0.11151128 0.9937628
vn 0.00085257646 -0.11151128 0.9937628
vn 0.00085800554 0 0.99999964
vn 0.00085800554 0 0.99999964
vn 0.00085800554 0 0.99999964
vn 0.00085800554 0 0.99999964
vn 0.7046678 0 0.7095374
vn 0.7046678 0 0.7095374
vn 0.7046678 0 0.7095374
vn 0.7046678 0 0.7095374
vn 0.0005403994 -0.7768868 0.62964
vn 0.0005403994 -0.7768868 0.62964
vn 0.0005403994 -0.7768868 0.62964
vn 0.0005403994 -0.7768868 0.62964
vn 0.0005403362 0.77688414 0.6296433
vn 0.0005403362 0.77688414 0.6296433
vn 0.0005403362 0.77688414 0.6296433
vn 0.0005403362 0.77688414 0.6296433
vn 0.0008526022 0.11151357 0.99376255
vn 0.0008526022 0.11151357 0.99376255
vn 0.0008526022 0.11151357 0.99376255
vn 0.0008526022 0.11151357 0.99376255
vn -0.99999964 -4.5429797E-06 0.00085800124
vn -0.99999964 -4.5429797E-06 0.00085800124
vn -0.99999964 -4.5429797E-06 0.00085800124
vn -0.99999964 -4.5429797E-06 0.00085800124
vn -0 -1 0
vn -0 -1 0
vn -0 -1 0
vn -0 -1 0
vn 0.99999964 -4.5173857E-07 -0.0008583289
vn 0.99999964 -4.5173857E-07 -0.0008583289
vn 0.99999964 -4.5173857E-07 -0.0008583289
vn 0.99999964 -4.5173857E-07 -0.0008583289
vn -0 1 0
vn -0 1 0
vn -0 1 0
vn -0 1 0
vn 0.009238566 0.9806512 0.19554533
vn 0.018312028 0.97955567 0.20033832
vn 0.018312028 0.97955567 0.20033832
vn 0.00870059 0.9807129 0.19526052
vn 0.99999964 -2.3105946E-07 -0.0008581714
vn 0.99999964 -2.3105946E-07 -0.0008581714
vn 0.99999964 -2.3105946E-07 -0.0008581714
vn 0.99999964 -2.3105946E-07 -0.0008581714
vn 0.99999964 -2.4858082E-07 -0.0008578414
vn 0.99999964 -2.4858082E-07 -0.0008578414
vn 0.99999964 0 -0.00085767795
vn 0.99999964 0 -0.00085767795
vn -0.99999964 1.3398521E-07 0.0008577551
vn -0.99999964 1.3398521E-07 0.0008577551
vn -0.99999964 1.1967641E-07 0.0008580487
vn -0.99999964 1.1967641E-07 0.0008580487
vn -0.99999964 1.1967641E-07 0.0008580487
vn -0.99999964 1.1967641E-07 0.0008580487
vn -0.99999964 0 0.0008577596
vn -0.99999964 0 0.0008577596
vn -0.0002068614 -0.970403 -0.24149108
vn -0.0002068614 -0.970403 -0.24149108
vn -0.0002068614 -0.970403 -0.24149108
vn -0.0002068614 -0.970403 -0.24149108
vn 0.00020686102 0.9704038 0.24148794
vn 0.00020686102 0.9704038 0.24148794
vn 0.00020686102 0.9704038 0.24148794
vn 0.00020686102 0.9704038 0.24148794
vn -0.000105779196 -0.99223727 -0.124358885
vn -0.000105779196 -0.99223727 -0.124358885
vn -0.000105779196 -0.99223727 -0.124358885
vn -0.000105779196 -0.99223727 -0.124358885
vn 0.00085536955 -0.06145396 0.9981096
vn 0.00085536955 -0.06145396 0.9981096
vn 0.00085536955 -0.06145396 0.9981096
vn 0.00085536955 -0.06145396 0.9981096
vn -0.0008548494 0.061450984 -0.9981097
vn -0.0008548494 0.061450984 -0.9981097
vn -0.0008548494 0.061450984 -0.9981097
vn -0.0008548494 0.061450984 -0.9981097
vn 0.00028396698 0.94355905 0.33120427
vn 0.00028396698 0.94355905 0.33120427
vn 0.00028396698 0.94355905 0.33120427
vn 0.00028396698 0.94355905 0.33120427
vn 0.000105779174 0.9922376 0.12435606
vn 0.000105779174 0.9922376 0.12435606
vn 0.000105779174 0.9922376 0.12435606
vn 0.000105779174 0.9922376 0.12435606
vn -0.00028239822 -0.94356 -0.33120164
vn -0.00028239822 -0.94356 -0.33120164
vn -0.00028239822 -0.94356 -0.33120164
vn -0.00028239822 -0.94356 -0.33120164
vn 0.99999964 -1.0109867E-06 -0.0008585045
vn 0.99999964 -1.0109867E-06 -0.0008585045
vn 0.99999964 -1.0109867E-06 -0.0008585045
vn 0.99999964 -1.0109867E-06 -0.0008585045
vn 0.99999964 -1.5244105E-07 -0.00085784047
vn 0.99999964 -1.5244105E-07 -0.00085784047
vn 0.99999964 1.2596145E-06 -0.0008585093
vn 0.99999964 1.2596145E-06 -0.0008585093
vn -0.99999964 -3.1349933E-07 0.0008577551
vn -0.99999964 -3.1349933E-07 0.0008577551
vn -0.99999964 1.5219717E-07 0.00085767405
vn -0.99999964 1.5219717E-07 0.00085767405
vn -0.99999964 1.5219717E-07 0.00085767405
vn -0.99999964 1.5219717E-07 0.00085767405
vn -0.99999964 -3.7268944E-07 0.00085817697
vn -0.99999964 -3.7268944E-07 0.00085817697
vn -0.00020686153 -0.970403 -0.24149121
vn -0.00020686153 -0.970403 -0.24149121
vn -0.00020686153 -0.970403 -0.24149121
vn -0.00020686153 -0.970403 -0.24149121
vn 0.00020686095 0.9704038 0.24148811
vn 0.00020686095 0.9704038 0.24148811
vn 0.00020686095 0.9704038 0.24148811
vn 0.00020686095 0.9704038 0.24148811
vn -0.00010577917 -0.99223727 -0.124358766
vn -0.00010577917 -0.99223727 -0.124358766
vn -0.00010577917 -0.99223727 -0.124358766
vn -0.00010577917 -0.99223727 -0.124358766
vn 0.00085589295 -0.06145309 0.9981096
vn 0.00085589295 -0.06145309 0.9981096
vn 0.00085589295 -0.06145309 0.9981096
vn 0.00085589295 -0.06145309 0.9981096
vn -0.00085760007 0.061450608 -0.9981098
vn -0.00085760007 0.061450608 -0.9981098
vn -0.00085760007 0.061450608 -0.9981098
vn -0.00085760007 0.061450608 -0.9981098
vn 0.00028553593 0.94355917 0.33120406
vn 0.00028553593 0.94355917 0.33120406
vn 0.00028553593 0.94355917 0.33120406
vn 0.00028553593 0.94355917 0.33120406
vn 0.00010577908 0.99223775 0.12435591
vn 0.00010577908 0.99223775 0.12435591
vn 0.00010577908 0.99223775 0.12435591
vn 0.00010577908 0.99223775 0.12435591
vn -0.0002855356 -0.94356 -0.33120134
vn -0.0002855356 -0.94356 -0.33120134
vn -0.0002855356 -0.94356 -0.33120134
vn -0.0002855356 -0.94356 -0.33120134
vn 0.08727428 0.3150442 0.9450558
vn 0.1701192 0.31166175 0.9348403
vn 0.1701192 0.31166175 0.9348403
vn 0.08422401 0.31512645 0.9453051
vn -0.077100515 -0.04875763 0.9958305
vn -0.077100515 -0.04875763 0.9958305
vn -0.077100515 -0.04875763 0.9958305
vn -0.077100515 -0.04875763 0.9958305
vn -0.040513273 -0.07396001 0.996438
vn -0.040513273 -0.07396001 0.996438
vn 0.0008553817 -0.08200532 0.99663156
vn 0.0008553817 -0.08200532 0.99663156
vn 0.042222742 -0.07396232 0.99636674
vn 0.042222742 -0.07396232 0.99636674
vn 0.07880871 -0.048757553 0.99569666
vn 0.07880871 -0.048757553 0.99569666
vn -0.11106459 0 0.99381316
vn -0.11106459 0 0.99381316
vn -0.11106459 0 0.99381316
vn -0.11106459 0 0.99381316
vn 0.11276999 0 0.99362105
vn 0.11276999 0 0.99362105
vn 0.11276999 0 0.99362105
vn 0.11276999 0 0.99362105
vn 0.99999964 0 -0.000857588
vn 0.96022433 0.27922854 -0.000823331
vn 0.99999964 0 -0.000857588
vn 0.9598658 0.28045863 -0.00082302303
vn 0.6828134 0.73059255 -0.0005853894
vn 0.68281335 0.7305926 -0.00058538944
vn 0.24786969 0.96879333 -0.00021253203
vn 0.24786961 0.96879345 -0.00021253197
vn -0.24786848 0.9687937 0.00021253157
vn -0.24786869 0.9687936 0.00021253173
vn -0.68281263 0.7305934 0.00058622577
vn -0.6828127 0.7305933 0.00058622577
vn -0.96022433 0.27922863 0.00082517794
vn -0.9598657 0.2804588 0.000824869
vn -0.99999964 -2.2879854E-07 0.0008595108
vn -0.99999964 -2.2879854E-07 0.0008595108
vn -0.96291584 -0.26980036 0.0008272034
vn -0.99999964 0 0.0008594994
vn -0.99999964 0 0.0008594994
vn -0.95947856 -0.2817804 0.0008242302
vn -0.6984528 -0.71565586 0.00059957016
vn -0.6984529 -0.71565586 0.0005995701
vn -0.25806722 -0.966127 0.00022147801
vn -0.2580673 -0.96612686 0.00022147808
vn 0.25806773 -0.96612674 -0.00022123956
vn 0.25806773 -0.96612674 -0.00022123958
vn 0.69845355 -0.715655 -0.0005988952
vn 0.6984536 -0.71565497 -0.0005988953
vn 0.9629161 -0.26979974 -0.0008255835
vn 0.9594788 -0.28177953 -0.0008226435
vn 0.99999964 1.8818892E-07 -0.0008572266
vn 0.99999964 1.8818892E-07 -0.0008572266
vn -0.22682002 -0.9739367 0.00019491828
vn -0.22682002 -0.9739367 0.00019491828
vn -0.22682002 -0.9739367 0.00019491828
vn -0.22682002 -0.9739367 0.00019491828
vn 0.22681879 0.973937 -0.00019462104
vn 0.22681879 0.973937 -0.00019462104
vn 0.22681879 0.973937 -0.00019462104
vn 0.22681879 0.973937 -0.00019462104
vn -0.97393733 0.22681586 0.00083690527
vn -0.97393733 0.22681586 0.00083690527
vn -0.97393733 0.22681586 0.00083690527
vn -0.97393733 0.22681586 0.00083690527
vn 0.9739371 -0.22681685 -0.0008361749
vn 0.9739371 -0.22681685 -0.0008361749
vn 0.9739371 -0.22681685 -0.0008361749
vn 0.9739371 -0.22681685 -0.0008361749
vn -0.0008555814 1.194647E-06 -0.99999964
vn -0.0008555814 1.194647E-06 -0.99999964
vn -0.0008555814 1.194647E-06 -0.99999964
vn -0.0008555814 1.194647E-06 -0.99999964
vn 0.00085829897 0 0.99999964
vn 0.00085829897 0 0.99999964
vn 0.00085829897 0 0.99999964
vn 0.00085829897 0 0.99999964
vn -0.22681825 -0.9739371 0.00019447203
vn -0.22681825 -0.9739371 0.00019447203
vn -0.22681825 -0.9739371 0.00019447203
vn -0.22681825 -0.9739371 0.00019447203
vn 0.22681728 0.97393733 -0.00019461948
vn 0.22681728 0.97393733 -0.00019461948
vn 0.22681728 0.97393733 -0.00019461948
vn 0.22681728 0.97393733 -0.00019461948
vn -0.9739371 0.22681683 0.00083617435
vn -0.9739371 0.22681683 0.00083617435
vn -0.9739371 0.22681683 0.00083617435
vn -0.9739371 0.22681683 0.00083617435
vn 0.97393566 -0.22682309 -0.0008347139
vn 0.97393566 -0.22682309 -0.0008347139
vn 0.97393566 -0.22682309 -0.0008347139
vn 0.97393566 -0.22682309 -0.0008347139
vn -0.0008602629 -2.389285E-06 -0.99999964
vn -0.0008602629 -2.389285E-06 -0.99999964
vn -0.0008602629 -2.389285E-06 -0.99999964
vn -0.0008602629 -2.389285E-06 -0.99999964
vn 0.0008589654 3.6758394E-07 0.99999964
vn 0.0008589654 3.6758394E-07 0.99999964
vn 0.0008589654 3.6758394E-07 0.99999964
vn 0.0008589654 3.6758394E-07 0.99999964
vn -0.22681573 -0.9739377 0.00019461973
vn -0.22681573 -0.9739377 0.00019461973
vn -0.22681573 -0.9739377 0.00019461973
vn -0.22681573 -0.9739377 0.00019461973
vn 0.22681737 0.97393733 -0.00019461985
vn 0.22681737 0.97393733 -0.00019461985
vn 0.22681737 0.97393733 -0.00019461985
vn 0.22681737 0.97393733 -0.00019461985
vn -0.97393733 0.22681588 0.00083690585
vn -0.97393733 0.22681588 0.00083690585
vn -0.97393733 0.22681588 0.00083690585
vn -0.97393733 0.22681588 0.00083690585
vn 0.9739376 -0.22681504 -0.00083544804
vn 0.9739376 -0.22681504 -0.00083544804
vn 0.9739376 -0.22681504 -0.00083544804
vn 0.9739376 -0.22681504 -0.00083544804
vn -0.00085862185 0 -0.99999964
vn -0.00085862185 0 -0.99999964
vn -0.00085862185 0 -0.99999964
vn -0.00085862185 0 -0.99999964
vn 0.0008572892 -7.3516736E-07 0.99999964
vn 0.0008572892 -7.3516736E-07 0.99999964
vn 0.0008572892 -7.3516736E-07 0.99999964
vn 0.0008572892 -7.3516736E-07 0.99999964
vn 0.0008574082 1.4618087E-07 0.99999964
vn 0.0008574082 1.4618087E-07 0.99999964
vn 0.0008574082 1.4618087E-07 0.99999964
vn 0.0008574082 1.4618087E-07 0.99999964
vn -0.00085839216 1.1137539E-07 -0.99999964
vn -0.00085839216 1.1137539E-07 -0.99999964
vn -0.00085839216 1.1137539E-07 -0.99999964
vn -0.00085839216 1.1137539E-07 -0.99999964
vn -0.9739368 0.22681826 0.0008362885
vn -0.9739368 0.22681826 0.0008362885
vn -0.9739368 0.22681826 0.0008362885
vn -0.9739368 0.22681826 0.0008362885
vn 0.9739368 -0.22681797 -0.00082943204
vn 0.9739368 -0.22681797 -0.00082943204
vn 0.9739368 -0.22681797 -0.00082943204
vn 0.9739368 -0.22681797 -0.00082943204
vn -0.22681779 -0.9739372 0.00019335697
vn -0.22681779 -0.9739372 0.00019335697
vn -0.22681779 -0.9739372 0.00019335697
vn -0.22681779 -0.9739372 0.00019335697
vn 0.22681792 0.9739372 -0.00019429628
vn 0.22681792 0.9739372 -0.00019429628
vn 0.22681792 0.9739372 -0.00019429628
vn 0.22681792 0.9739372 -0.00019429628
vn 0.00085674826 3.3412599E-07 0.99999964
vn 0.00085674826 3.3412599E-07 0.99999964
vn 0.00085674826 3.3412599E-07 0.99999964
vn 0.00085674826 3.3412599E-07 0.99999964
vn -0.00085739704 -1.1137559E-07 -0.99999964
vn -0.00085739704 -1.1137559E-07 -0.99999964
vn -0.00085739704 -1.1137559E-07 -0.99999964
vn -0.00085739704 -1.1137559E-07 -0.99999964
vn -0.9739368 0.22681832 0.0008328639
vn -0.9739368 0.22681832 0.0008328639
vn -0.9739368 0.22681832 0.0008328639
vn -0.9739368 0.22681832 0.0008328639
vn 0.9739368 -0.22681805 -0.00083629024
vn 0.9739368 -0.22681805 -0.00083629024
vn 0.9739368 -0.22681805 -0.00083629024
vn 0.9739368 -0.22681805 -0.00083629024
vn -0.22681795 -0.9739372 0.0001942964
vn -0.22681795 -0.9739372 0.0001942964
vn -0.22681795 -0.9739372 0.0001942964
vn -0.22681795 -0.9739372 0.0001942964
vn 0.22681789 0.9739372 -0.00019476637
vn 0.22681789 0.9739372 -0.00019476637
vn 0.22681789 0.9739372 -0.00019476637
vn 0.22681789 0.9739372 -0.00019476637
vn -0.22681691 -0.97393745 0.00019447196
vn -0.22681691 -0.97393745 0.00019447196
vn -0.22681691 -0.97393745 0.00019447196
vn -0.22681691 -0.97393745 0.00019447196
vn 0.2268182 0.9739371 -0.00019462005
vn 0.2268182 0.9739371 -0.00019462005
vn 0.2268182 0.9739371 -0.00019462005
vn 0.2268182 0.9739371 -0.00019462005
vn -0.97393745 0.2268155 0.0008361744
vn -0.97393745 0.2268155 0.0008361744
vn -0.97393745 0.2268155 0.0008361744
vn -0.97393745 0.2268155 0.0008361744
vn 0.973937 -0.22681713 -0.0008347159
vn 0.973937 -0.22681713 -0.0008347159
vn 0.973937 -0.22681713 -0.0008347159
vn 0.973937 -0.22681713 -0.0008347159
vn -0.0008592208 -2.6649718E-06 -0.99999964
vn -0.0008592208 -2.6649718E-06 -0.99999964
vn -0.0008592208 -2.6649718E-06 -0.99999964
vn -0.0008592208 -2.6649718E-06 -0.99999964
vn 0.0008568454 -2.9406715E-06 0.99999964
vn 0.0008568454 -2.9406715E-06 0.99999964
vn 0.0008568454 -2.9406715E-06 0.99999964
vn 0.0008568454 -2.9406715E-06 0.99999964
vn -0.22681661 -0.97393745 0.000194768
vn -0.22681661 -0.97393745 0.000194768
vn -0.22681661 -0.97393745 0.000194768
vn -0.22681661 -0.97393745 0.000194768
vn 0.22681797 0.9739371 -0.00019462084
vn 0.22681797 0.9739371 -0.00019462084
vn 0.22681797 0.9739371 -0.00019462084
vn 0.22681797 0.9739371 -0.00019462084
vn -0.97393507 0.22682568 0.0008369033
vn -0.97393507 0.22682568 0.0008369033
vn -0.97393507 0.22682568 0.0008369033
vn -0.97393507 0.22682568 0.0008369033
vn 0.973937 -0.22681738 -0.0008361765
vn 0.973937 -0.22681738 -0.0008361765
vn 0.973937 -0.22681738 -0.0008361765
vn 0.973937 -0.22681738 -0.0008361765
vn -0.00085832644 1.1946407E-06 -0.99999964
vn -0.00085832644 1.1946407E-06 -0.99999964
vn -0.00085832644 1.1946407E-06 -0.99999964
vn -0.00085832644 1.1946407E-06 -0.99999964
vn 0.0008559138 -7.351657E-07 0.99999964
vn 0.0008559138 -7.351657E-07 0.99999964
vn 0.0008559138 -7.351657E-07 0.99999964
vn 0.0008559138 -7.351657E-07 0.99999964
vn -0.9905165 -0.13739064 0.0008490645
vn -0.9905165 -0.13739064 0.0008490645
vn -0.9905165 -0.13739064 0.0008490645
vn -0.9905165 -0.13739064 0.0008490645
vn -0.00084972975 -0.13739203 -0.99051636
vn -0.00084972975 -0.13739203 -0.99051636
vn -0.00084972975 -0.13739203 -0.99051636
vn -0.00084972975 -0.13739203 -0.99051636
vn 0.99051636 -0.13739175 -0.000850131
vn 0.99051636 -0.13739175 -0.000850131
vn 0.99051636 -0.13739175 -0.000850131
vn 0.99051636 -0.13739175 -0.000850131
vn 0.00084959564 -0.1373913 0.9905165
vn 0.00084959564 -0.1373913 0.9905165
vn 0.00084959564 -0.1373913 0.9905165
vn 0.00084959564 -0.1373913 0.9905165
vn -1.797945E-07 -1 0
vn -1.797945E-07 -1 0
vn -1.797945E-07 -1 0
vn -1.797945E-07 -1 0
vn -0.0006504631 -0.6518854 -0.7583172
vn -0.0006504631 -0.6518854 -0.7583172
vn -0.0006504631 -0.6518854 -0.7583172
vn -0.0006504631 -0.6518854 -0.7583172
vn 0.99999964 0 -0.0008568062
vn 0.99999964 0 -0.0008568062
vn 0.99999964 0 -0.0008568062
vn 0.99999964 0 -0.0008568062
vn 0.7583161 -0.6518867 -0.00065033755
vn 0.7583161 -0.6518867 -0.00065033755
vn 0.7583161 -0.6518867 -0.00065033755
vn 0.7583161 -0.6518867 -0.00065033755
vn -0.7583169 -0.65188587 0.00065034156
vn -0.7583169 -0.65188587 0.00065034156
vn -0.7583169 -0.65188587 0.00065034156
vn -0.7583169 -0.65188587 0.00065034156
vn 0.00065043423 -0.6518832 0.7583192
vn 0.00065043423 -0.6518832 0.7583192
vn 0.00065043423 -0.6518832 0.7583192
vn 0.00065043423 -0.6518832 0.7583192
vn 1.1493578E-07 1 0
vn 1.1493578E-07 1 0
vn 1.1493578E-07 1 0
vn 1.1493578E-07 1 0
vn -0.99999964 0 0.0008577436
vn -0.99999964 0 0.0008577436
vn -0.99999964 0 0.0008577436
vn -0.99999964 0 0.0008577436
vn 0.0008577312 0 0.99999964
vn 0.0008577312 0 0.99999964
vn 0.0008577312 0 0.99999964
vn 0.0008577312 0 0.99999964
vn -0.0008580745 0 -0.99999964
vn -0.0008580745 0 -0.99999964
vn -0.0008580745 0 -0.99999964
vn -0.0008580745 0 -0.99999964
vn 0.32782465 0.8304652 0.4503981
vn -0.14889646 0.802418 0.5778884
vn 0.14866166 0.9675648 0.20424996
vn -0.2271993 0.32856536 0.91674715
vn -0.22081524 0.40222678 0.8885124
vn -0.23985775 -0.040904608 0.9699459
vn -0.2397711 -0.051531836 0.96946084
vn -0.23143536 -0.27593908 0.9328962
vn -0.23143536 -0.27593908 0.9328962
vn -0.5030401 0.80242133 0.32104614
vn -0.52994996 0.8304665 -0.17169292
vn -0.2403244 0.9675648 -0.077861525
vn -0.7759559 0.4022285 0.485906
vn -0.8008111 0.32856566 0.50074565
vn -0.84701127 -0.05153254 0.5290713
vn -0.8474454 -0.040904734 0.5293043
vn -0.81484526 -0.2759372 0.5097899
vn -0.81484526 -0.2759372 0.5097899
vn -0.00047954035 0.8304648 -0.5570709
vn 0.46013185 0.8024194 -0.38000235
vn -0.00021706418 0.9675643 -0.2526248
vn 0.7226604 0.3285638 -0.60811836
vn 0.700899 0.40222675 -0.5890282
vn 0.76416945 -0.04090565 -0.6437172
vn 0.7638141 -0.051532887 -0.64337575
vn 0.73557746 -0.27593684 -0.6186959
vn 0.73557746 -0.27593684 -0.6186959
vn 0.59567595 0.8024202 0.035943687
vn 0.32782465 0.8304652 0.4503981
vn 0.14866166 0.9675648 0.20424996
vn 0.91337043 0.40222782 0.06298609
vn 0.942201 0.32856518 0.065590926
vn 0.99622667 -0.051532507 0.069833875
vn 0.99671495 -0.04090524 0.069900475
vn 0.9588704 -0.27593774 0.06652764
vn 0.9588704 -0.27593774 0.06652764
vn -0.32705083 0.83046466 0.45096144
vn -0.5956162 0.8024179 0.036970377
vn -0.14831422 0.9675637 0.20450786
vn -0.9420878 0.3285623 0.0672111
vn -0.9132616 0.40222576 0.06455724
vn -0.9965933 -0.040908054 0.07161292
vn -0.9961052 -0.05153509 0.071545474
vn -0.9587546 -0.275938 0.06817472
vn -0.9587546 -0.275938 0.06817472
vn -0.4607856 0.8024182 -0.37921208
vn -0.00047954035 0.8304648 -0.5570709
vn -0.00021706418 0.9675643 -0.2526248
vn -0.7019084 0.4022263 -0.58782524
vn -0.72370136 0.32856506 -0.6068783
vn -0.7649172 -0.051532865 -0.64206386
vn -0.7652729 -0.04090568 -0.64240485
vn -0.73663986 -0.2759401 -0.6174291
vn -0.73663986 -0.2759401 -0.6174291
vn 0.52965504 0.83046645 -0.17260048
vn 0.50359136 0.80241996 0.32018426
vn 0.24019368 0.9675644 -0.07826993
vn 0.80166984 0.32856616 0.49936947
vn 0.77678865 0.4022291 0.48457325
vn 0.84835386 -0.04090442 0.52784705
vn 0.8479193 -0.05153174 0.52761483
vn 0.81571996 -0.27593747 0.5083891
vn 0.81571996 -0.27593747 0.5083891
vn 0.14988784 0.802418 0.5776321
vn -0.32705083 0.83046466 0.45096144
vn -0.14831422 0.9675637 0.20450786
vn 0.22234015 0.40222844 0.8881312
vn 0.22877263 0.32856733 0.91635513
vn 0.24143511 -0.0515324 0.9690477
vn 0.24152263 -0.040904325 0.96953267
vn 0.23303673 -0.2759417 0.9324966
vn 0.23303673 -0.2759417 0.9324966
vn -0.52994996 0.8304665 -0.17169292
vn -0.21921113 0.8024191 -0.55504066
vn -0.2403244 0.9675648 -0.077861525
vn -0.35503963 0.32856405 -0.87521005
vn -0.34360754 0.40222722 -0.84861475
vn -0.37606972 -0.04090687 -0.9256879
vn -0.37585473 -0.051534466 -0.9252445
vn -0.36110666 -0.27594113 -0.89076287
vn -0.36110666 -0.27594113 -0.89076287
vn 0.21825983 0.8024195 -0.5554148
vn 0.52965504 0.83046645 -0.17260048
vn 0.24019368 0.9675644 -0.07826993
vn 0.34215045 0.40222606 -0.84920394
vn 0.3535367 0.32856268 -0.87581867
vn 0.37426507 -0.051534586 -0.9258887
vn 0.37447926 -0.040907305 -0.9263324
vn 0.35957596 -0.2759397 -0.8913823
vn 0.35957596 -0.2759397 -0.8913823
vn 0.5797338 0.81077445 0.08095432
vn 0.5797338 0.81077445 0.08095432
vn 0.5797338 0.81077445 0.08095432
vn 0.5797338 0.81077445 0.08095432
vn -0.7449957 -0.24980725 -0.61852866
vn -0.7449957 -0.24980725 -0.61852866
vn -0.7449957 -0.24980725 -0.61852866
vn -0.7449957 -0.24980725 -0.61852866
vn 0.81936026 -0.24979651 0.51599455
vn 0.81936026 -0.24979651 0.51599455
vn 0.81936026 -0.24979651 0.51599455
vn 0.81936026 -0.24979651 0.51599455
vn 0.23915617 -0.24979682 0.93829954
vn 0.23915617 -0.24979682 0.93829954
vn 0.23915617 -0.24979682 0.93829954
vn 0.23915617 -0.24979682 0.93829954
vn -0.35957637 -0.24980149 -0.8990574
vn -0.35957637 -0.24980149 -0.8990574
vn -0.35957637 -0.24980149 -0.8990574
vn -0.35957637 -0.24980149 -0.8990574
vn 0.3580339 -0.24980143 -0.89967275
vn 0.3580339 -0.24980143 -0.89967275
vn 0.3580339 -0.24980143 -0.89967275
vn 0.3580339 -0.24980143 -0.89967275
vn -0.23754254 -0.24979179 0.93871063
vn -0.23754254 -0.24979179 0.93871063
vn -0.23754254 -0.24979179 0.93871063
vn -0.23754254 -0.24979179 0.93871063
vn -0.8184731 -0.24979487 0.51740146
vn -0.8184731 -0.24979487 0.51740146
vn -0.8184731 -0.24979487 0.51740146
vn -0.8184731 -0.24979487 0.51740146
vn 0.74393654 -0.24979961 -0.6198053
vn 0.74393654 -0.24979961 -0.6198053
vn 0.74393654 -0.24979961 -0.6198053
vn 0.74393654 -0.24979961 -0.6198053
vn 0.96628076 -0.24979138 0.062496226
vn 0.96628076 -0.24979138 0.062496226
vn 0.96628076 -0.24979138 0.062496226
vn 0.96628076 -0.24979138 0.062496226
vn -0.966171 -0.249794 0.06415994
vn -0.966171 -0.249794 0.06415994
vn -0.966171 -0.249794 0.06415994
vn -0.966171 -0.249794 0.06415994
vn -4.6929963E-06 1 -5.8662454E-07
vn -4.6929963E-06 1 -5.8662454E-07
vn -4.6929963E-06 1 -5.8662454E-07
vn -4.6929963E-06 1 -5.8662454E-07
vn -4.6929963E-06 1 -5.8662454E-07
vn -4.6929963E-06 1 -5.8662454E-07
vn -4.6929963E-06 1 -5.8662454E-07
vn -4.6929963E-06 1 -5.8662454E-07
vn -4.6929963E-06 1 -5.8662454E-07
vn -4.6929963E-06 1 -5.8662454E-07
vn -0.57959414 0.81077355 0.081956066
vn -0.57959414 0.81077355 0.081956066
vn -0.57959414 0.81077355 0.081956066
vn -0.57959414 0.81077355 0.081956066
vn -0.42142648 0.8107744 -0.40625697
vn -0.42142648 0.8107744 -0.40625697
vn -0.42142648 0.8107744 -0.40625697
vn -0.42142648 0.8107744 -0.40625697
vn 0.51707345 0.81077206 0.2743786
vn 0.51707345 0.81077206 0.2743786
vn 0.51707345 0.81077206 0.2743786
vn 0.51707345 0.81077206 0.2743786
vn 0.10215422 0.8107717 0.57637984
vn 0.10215422 0.8107717 0.57637984
vn 0.10215422 0.8107717 0.57637984
vn 0.10215422 0.8107717 0.57637984
vn -0.2570469 0.81077 -0.5259077
vn -0.2570469 0.81077 -0.5259077
vn -0.2570469 0.81077 -0.5259077
vn -0.2570469 0.81077 -0.5259077
vn 0.25614047 0.810772 -0.5263466
vn 0.25614047 0.810772 -0.5263466
vn 0.25614047 0.810772 -0.5263466
vn 0.25614047 0.810772 -0.5263466
vn -0.10116534 0.81077254 0.5765529
vn -0.10116534 0.81077254 0.5765529
vn -0.10116534 0.81077254 0.5765529
vn -0.10116534 0.81077254 0.5765529
vn -0.5166051 0.81077105 0.27526262
vn -0.5166051 0.81077105 0.27526262
vn -0.5166051 0.81077105 0.27526262
vn -0.5166051 0.81077105 0.27526262
vn 0.42074093 0.810769 -0.40697747
vn 0.42074093 0.810769 -0.40697747
vn 0.42074093 0.810769 -0.40697747
vn 0.42074093 0.810769 -0.40697747
vn -0.00048516746 0.8247585 -0.565485
vn -0.00048516746 0.8247585 -0.565485
vn -0.00048516746 0.8247585 -0.565485
vn -0.00048516746 0.8247585 -0.565485
vn -0.0008580217 0 -0.99999964
vn -0.0008580217 0 -0.99999964
vn -0.0008580217 0 -0.99999964
vn -0.0008580217 0 -0.99999964
vn -0.9067 0 -0.42177612
vn -0.9067 0 -0.42177612
vn -0.9067 0 -0.42177612
vn -0.9067 0 -0.42177612
vn -0.00048502756 -0.82475865 -0.5654846
vn -0.00048502756 -0.82475865 -0.5654846
vn -0.00048502756 -0.82475865 -0.5654846
vn -0.00048502756 -0.82475865 -0.5654846
vn 0.90597564 0 -0.42332992
vn 0.90597564 0 -0.42332992
vn 0.90597564 0 -0.42332992
vn 0.90597564 0 -0.42332992
vn 0.013966443 0.9961659 0.086363405
vn 0.016460264 0.9891594 0.14591986
vn 0.024875881 0.98778594 0.15381864
vn 0.009560513 0.9962171 0.08637163
vn 0.00012463632 0.9893973 0.1452346
vn 7.436718E-05 0.9962619 0.08638367
vn -0.01620982 0.9891595 0.14594783
vn -0.009412507 0.9962171 0.086388
vn -0.024611598 0.98778594 0.15386096
vn -0.01381929 0.99616575 0.08638741
vn -0.16851525 0.311664 0.93513
vn -0.08565309 0.3150453 0.94520366
vn -0.08260216 0.3151275 0.94544774
vn -0.16851525 0.311664 0.93513
vn -0.08565309 0.3150453 0.94520366
vn 0.08727428 0.3150442 0.9450558
vn 0.08422401 0.31512645 0.9453051
vn -0.08260216 0.3151275 0.94544774
vn -0.017968101 0.97955567 0.20036952
vn -0.008902462 0.9806511 0.19556093
vn -0.008364945 0.9807128 0.19527522
vn -0.017968101 0.97955567 0.20036952
vn -0.008902462 0.9806511 0.19556093
vn 0.009238566 0.9806512 0.19554533
vn 0.00870059 0.9807129 0.19526052
vn -0.008364945 0.9807128 0.19527522
vn -0.000856409 0 -0.99999964
vn -0.000856409 0 -0.99999964
vn -0.000856409 0 -0.99999964
vn -0.000856409 0 -0.99999964
vn -0 1 0
vn -0 1 0
vn -0 1 0
vn -0 1 0
vn 0.0008582067 0 0.99999964
vn 0.0008582067 0 0.99999964
vn 0.0008582067 0 0.99999964
vn 0.0008582067 0 0.99999964
vn 0.6994493 0 0.7146822
vn 0.6994493 0 0.7146822
vn 0.6994493 0 0.7146822
vn 0.6994493 0 0.7146822
vn 0.9954046 0 0.09575777
vn 0.9954046 0 0.09575777
vn 0.9954046 0 0.09575777
vn 0.9954046 0 0.09575777
vn 0.9937629 0.111510165 -0.0008528698
vn 0.9937629 0.111510165 -0.0008528698
vn 0.9937629 0.111510165 -0.0008528698
vn 0.9937629 0.111510165 -0.0008528698
vn 0.99486524 0 -0.10120825
vn 0.99486524 0 -0.10120825
vn 0.99486524 0 -0.10120825
vn 0.99486524 0 -0.10120825
vn 0.993763 -0.111509405 -0.000852864
vn 0.993763 -0.111509405 -0.000852864
vn 0.993763 -0.111509405 -0.000852864
vn 0.993763 -0.111509405 -0.000852864
vn 0.99999964 0 -0.00085850235
vn 0.99999964 0 -0.00085850235
vn 0.99999964 0 -0.00085850235
vn 0.99999964 0 -0.00085850235
vn 0.7095356 0 -0.7046696
vn 0.7095356 0 -0.7046696
vn 0.7095356 0 -0.7046696
vn 0.7095356 0 -0.7046696
vn 0.6296386 -0.77688795 -0.0005402726
vn 0.6296386 -0.77688795 -0.0005402726
vn 0.6296386 -0.77688795 -0.0005402726
vn 0.6296386 -0.77688795 -0.0005402726
vn 0.62964183 0.7768854 -0.0005405979
vn 0.62964183 0.7768854 -0.0005405979
vn 0.62964183 0.7768854 -0.0005405979
vn 0.62964183 0.7768854 -0.0005405979
vn 0.99376255 0.11151364 -0.00085249793
vn 0.99376255 0.11151364 -0.00085249793
vn 0.99376255 0.11151364 -0.00085249793
vn 0.99376255 0.11151364 -0.00085249793
vn 0.00085820514 -3.6036754E-06 0.99999964
vn 0.00085820514 -3.6036754E-06 0.99999964
vn 0.00085820514 -3.6036754E-06 0.99999964
vn 0.00085820514 -3.6036754E-06 0.99999964
vn -0 -1 0
vn -0 -1 0
vn -0 -1 0
vn -0 -1 0
vn -0.00085820345 -4.914097E-07 -0.99999964
vn -0.00085820345 -4.914097E-07 -0.99999964
vn -0.00085820345 -4.914097E-07 -0.99999964
vn -0.00085820345 -4.914097E-07 -0.99999964
vn -3.563151E-07 1 0
vn -3.563151E-07 1 0
vn -3.563151E-07 1 0
vn -3.563151E-07 1 0
vn -0.00085880666 0 -0.99999964
vn -0.00085880666 0 -0.99999964
vn -0.00085880666 0 -0.99999964
vn -0.00085880666 0 -0.99999964
vn -0 1 0
vn -0 1 0
vn -0 1 0
vn -0 1 0
vn 0.0008576085 0 0.99999964
vn 0.0008576085 0 0.99999964
vn 0.0008576085 0 0.99999964
vn 0.0008576085 0 0.99999964
vn 0.69945294 0 0.71467865
vn 0.69945294 0 0.71467865
vn 0.69945294 0 0.71467865
vn 0.69945294 0 0.71467865
vn 0.9954045 0 0.09575903
vn 0.9954045 0 0.09575903
vn 0.9954045 0 0.09575903
vn 0.9954045 0 0.09575903
vn 0.9937629 0.11151099 -0.0008534525
vn 0.9937629 0.11151099 -0.0008534525
vn 0.9937629 0.11151099 -0.0008534525
vn 0.9937629 0.11151099 -0.0008534525
vn 0.9948655 0 -0.10120679
vn 0.9948655 0 -0.10120679
vn 0.9948655 0 -0.10120679
vn 0.9948655 0 -0.10120679
vn 0.993763 -0.111509845 -0.0008534436
vn 0.993763 -0.111509845 -0.0008534436
vn 0.993763 -0.111509845 -0.0008534436
vn 0.993763 -0.111509845 -0.0008534436
vn 0.99999964 0 -0.0008580865
vn 0.99999964 0 -0.0008580865
vn 0.99999964 0 -0.0008580865
vn 0.99999964 0 -0.0008580865
vn 0.70953727 0 -0.70466787
vn 0.70953727 0 -0.70466787
vn 0.70953727 0 -0.70466787
vn 0.70953727 0 -0.70466787
vn 0.6296414 -0.7768857 -0.00054092903
vn 0.6296414 -0.7768857 -0.00054092903
vn 0.6296414 -0.7768857 -0.00054092903
vn 0.6296414 -0.7768857 -0.00054092903
vn 0.6296454 0.7768825 -0.0005409268
vn 0.6296454 0.7768825 -0.0005409268
vn 0.6296454 0.7768825 -0.0005409268
vn 0.6296454 0.7768825 -0.0005409268
vn 0.99376255 0.11151397 -0.0008523593
vn 0.99376255 0.11151397 -0.0008523593
vn 0.99376255 0.11151397 -0.0008523593
vn 0.99376255 0.11151397 -0.0008523593
vn 0.0008582057 -2.9484636E-06 0.99999964
vn 0.0008582057 -2.9484636E-06 0.99999964
vn 0.0008582057 -2.9484636E-06 0.99999964
vn 0.0008582057 -2.9484636E-06 0.99999964
vn 3.3501428E-07 -1 0
vn 3.3501428E-07 -1 0
vn 3.3501428E-07 -1 0
vn 3.3501428E-07 -1 0
vn -0.00085599173 -1.3104233E-06 -0.99999964
vn -0.00085599173 -1.3104233E-06 -0.99999964
vn -0.00085599173 -1.3104233E-06 -0.99999964
vn -0.00085599173 -1.3104233E-06 -0.99999964
vn -4.844754E-07 1 0
vn -4.844754E-07 1 0
vn -4.844754E-07 1 0
vn -4.844754E-07 1 0
vn -0.0008588067 0 -0.99999964
vn -0.0008588067 0 -0.99999964
vn -0.0008588067 0 -0.99999964
vn -0.0008588067 0 -0.99999964
vn -0 1 0
vn -0 1 0
vn -0 1 0
vn -0 1 0
vn 0.0008576073 0 0.99999964
vn 0.0008576073 0 0.99999964
vn 0.0008576073 0 0.99999964
vn 0.0008576073 0 0.99999964
vn 0.69945383 0 0.71467775
vn 0.69945383 0 0.71467775
vn 0.69945383 0 0.71467775
vn 0.69945383 0 0.71467775
vn 0.9954045 0 0.09575904
vn 0.9954045 0 0.09575904
vn 0.9954045 0 0.09575904
vn 0.9954045 0 0.09575904
vn 0.9937629 0.1115106 -0.0008534494
vn 0.9937629 0.1115106 -0.0008534494
vn 0.9937629 0.1115106 -0.0008534494
vn 0.9937629 0.1115106 -0.0008534494
vn 0.99486524 0 -0.1012084
vn 0.99486524 0 -0.1012084
vn 0.99486524 0 -0.1012084
vn 0.99486524 0 -0.1012084
vn 0.9937629 -0.11151009 -0.00085344544
vn 0.9937629 -0.11151009 -0.00085344544
vn 0.9937629 -0.11151009 -0.00085344544
vn 0.9937629 -0.11151009 -0.00085344544
vn 0.99999964 0 -0.000857671
vn 0.99999964 0 -0.000857671
vn 0.99999964 0 -0.000857671
vn 0.99999964 0 -0.000857671
vn 0.70953727 0 -0.70466787
vn 0.70953727 0 -0.70466787
vn 0.70953727 0 -0.70466787
vn 0.70953727 0 -0.70466787
vn 0.62963986 -0.776887 -0.0005406029
vn 0.62963986 -0.776887 -0.0005406029
vn 0.62963986 -0.776887 -0.0005406029
vn 0.62963986 -0.776887 -0.0005406029
vn 0.62964296 0.77688444 -0.00054092816
vn 0.62964296 0.77688444 -0.00054092816
vn 0.62964296 0.77688444 -0.00054092816
vn 0.62964296 0.77688444 -0.00054092816
vn 0.99376255 0.11151392 -0.0008523589
vn 0.99376255 0.11151392 -0.0008523589
vn 0.99376255 0.11151392 -0.0008523589
vn 0.99376255 0.11151392 -0.0008523589
vn 0.00085820514 -2.9484636E-06 0.99999964
vn 0.00085820514 -2.9484636E-06 0.99999964
vn 0.00085820514 -2.9484636E-06 0.99999964
vn 0.00085820514 -2.9484636E-06 0.99999964
vn 4.3122287E-07 -1 0
vn 4.3122287E-07 -1 0
vn 4.3122287E-07 -1 0
vn 4.3122287E-07 -1 0
vn -0.00085599296 -1.3104233E-06 -0.99999964
vn -0.00085599296 -1.3104233E-06 -0.99999964
vn -0.00085599296 -1.3104233E-06 -0.99999964
vn -0.00085599296 -1.3104233E-06 -0.99999964
vn -9.22799E-07 1 0
vn -9.22799E-07 1 0
vn -9.22799E-07 1 0
vn -9.22799E-07 1 0
vn -0.9126066 0.0041606715 0.40881762
vn -0.5769288 -0.40235558 0.71081865
vn -0.926699 -0.04079599 0.37358367
vn -0.52792335 -0.22117902 0.81998587
vn -0.87839234 0.23457739 0.41641366
vn -0.9245284 0.34068763 -0.1708186
vn -0.48868415 0.1293008 0.8628262
vn -0.96232265 0.21848069 -0.16186853
vn -0.926699 -0.04079599 0.37358367
vn -0.61091965 0.41046527 -0.67697513
vn -0.94184613 0.3155046 -0.11568367
vn -0.63624525 0.35388103 -0.68553644
vn -0.053735025 0.41046646 -0.9102911
vn -0.5981045 0.54125553 -0.59102744
vn -0.042065654 0.35387993 -0.93434435
vn 0.5269598 0.3406894 -0.7786168
vn -0.001483272 0.5412544 -0.84085757
vn 0.55985326 0.21848018 -0.79926884
vn 0.91301745 0.23457721 -0.33372542
vn 0.5783959 0.31550488 -0.752273
vn 0.9316102 0.00416006 -0.36343494
vn 0.95767593 0.12930022 0.25717354
vn 0.9163942 -0.040796235 -0.39819273
vn 0.9546807 -0.22118165 0.19915709
vn 0.6430507 0.06348095 0.76318794
vn 0.9112782 -0.4023558 0.08764588
vn 0.62214875 -0.3687517 0.6906179
vn 0.09262071 0.063481666 0.99367565
vn 0.5596938 -0.63158447 0.53651077
vn 0.055578295 -0.36875063 0.9278654
vn -0.010407045 -0.6315847 0.775237
vn -0.5769288 -0.40235558 0.71081865
vn 0.519173 0.010955153 -0.85459894
vn 0.9223409 0.010955049 -0.3862215
vn 0.86981785 0.33279726 -0.36422902
vn 0.48960915 0.33279777 -0.80593336
vn 0.6484365 0.7111981 -0.2715278
vn 0.36499637 0.71119833 -0.60081154
vn 0.86981785 0.33279726 -0.36422902
vn 0.68419635 0.71119803 0.1614705
vn 0.9177863 0.33279642 0.21659847
vn 0.45861578 0.7111979 0.5327936
vn 0.9223409 0.010955049 -0.3862215
vn 0.6151914 0.33279613 0.7146931
vn 0.057859115 0.71119773 0.70060694
vn 0.97320503 0.010955033 0.2296781
vn 0.65233856 0.010955169 0.75784856
vn 0.97320503 0.010955033 0.2296781
vn 0.07761317 0.33279574 0.9397995
vn -0.36499566 0.71119833 0.60081196
vn 0.08230047 0.010955346 0.9965474
vn -0.48960954 0.33279613 0.8059337
vn -0.6484354 0.7111992 0.27152723
vn -0.86981815 0.3327971 0.36422858
vn -0.68419486 0.71119916 -0.16147146
vn -0.51917285 0.010955308 0.854599
vn -0.51917285 0.010955308 0.854599
vn 0.08205898 -0.0773037 0.9936249
vn -0.51765114 -0.07730348 0.8520923
vn -0.9177857 0.33279777 -0.2165989
vn -0.45861518 0.7111989 -0.5327927
vn -0.92234087 0.010955185 0.386222
vn -0.6151906 0.3327982 -0.71469283
vn -0.05785924 0.711199 -0.7006057
vn -0.07761231 0.3327984 -0.93979865
vn 0.48960915 0.33279777 -0.80593336
vn -0.6523385 0.010955128 -0.7578486
vn -0.08230032 0.010954947 -0.9965474
vn 0.519173 0.010955153 -0.85459894
vn -0.97320503 0.010955336 -0.22967763
vn -0.9196357 -0.07730361 0.38509
vn -0.9703509 -0.07730384 -0.22900495
vn -0.6504244 -0.07730448 -0.755627
vn -0.9731154 -0.01742251 -0.22965792
vn -0.65227723 -0.017422171 -0.7577802
vn -0.08205906 -0.077304415 -0.9936248
vn 0.51765066 -0.07730411 -0.8520926
vn 0.9196363 -0.07730426 -0.38508844
vn 0.51912564 -0.017423034 -0.8545203
vn 0.9222563 -0.017422836 -0.3861861
vn 0.9703509 -0.07730399 0.2290048
vn -0.65227723 -0.017422171 -0.7577802
vn -0.6504244 -0.07730448 -0.755627
vn -0.08229354 -0.017422507 -0.99645585
vn 0.51912564 -0.017423034 -0.8545203
vn -0.08205906 -0.077304415 -0.9936248
vn 0.9222563 -0.017422836 -0.3861861
vn 0.97311574 -0.017422525 0.22965689
vn 0.9196363 -0.07730426 -0.38508844
vn 0.9703509 -0.07730399 0.2290048
vn 0.65233856 0.010955169 0.75784856
vn 0.65042585 -0.07730376 0.7556257
vn -0.97320503 0.010955336 -0.22967763
vn -0.6523385 0.010955128 -0.7578486
vn -0.6151906 0.3327982 -0.71469283
vn -0.9731154 -0.01742251 -0.22965792
vn -0.9166064 0.11186962 0.3838201
vn -0.96715397 0.11186958 -0.228251
vn -0.92225575 -0.017422238 0.38618734
vn -0.51594585 0.11186934 0.849285
vn -0.5191257 -0.017422635 0.8545203
vn 0.0817884 0.11186931 0.9903514
vn 0.08229293 -0.017422717 0.99645585
vn 0.64828175 0.11186984 0.7531374
vn 0.6522783 -0.017422153 0.7577794
vn 0.9671541 0.111869864 0.22825035
vn 0.97311574 -0.017422525 0.22965689
vn 0.9166061 0.111870006 -0.3838207
vn 0.9222563 -0.017422836 -0.3861861
vn 0.5159455 0.11186924 -0.84928524
vn 0.51912564 -0.017423034 -0.8545203
vn -0.081789024 0.11186928 -0.9903514
vn -0.08229354 -0.017422507 -0.99645585
vn -0.6482815 0.11186982 -0.7531375
vn -0.65227723 -0.017422171 -0.7577802
vn -0.65227723 -0.017422171 -0.7577802
vn -0.96715397 0.11186958 -0.228251
vn -0.6482815 0.11186982 -0.7531375
vn 0.97311574 -0.017422525 0.22965689
vn 0.6522783 -0.017422153 0.7577794
vn 0.65042585 -0.07730376 0.7556257
vn 0.9703509 -0.07730399 0.2290048
vn -0.5191257 -0.017422635 0.8545203
vn -0.51765114 -0.07730348 0.8520923
vn -0.92225575 -0.017422238 0.38618734
vn -0.9731154 -0.01742251 -0.22965792
vn -0.9196357 -0.07730361 0.38509
vn 0.08229293 -0.017422717 0.99645585
vn -0.5191257 -0.017422635 0.8545203
vn 0.08205898 -0.0773037 0.9936249
vn 0.6522783 -0.017422153 0.7577794
vn 0.08205898 -0.0773037 0.9936249
vn 0.65042585 -0.07730376 0.7556257
vn 0.65233856 0.010955169 0.75784856
vn 0.21236283 0.83046454 0.5150055
vn -0.2809783 0.80241793 0.5264757
vn 0.09630395 0.9675637 0.23355095
vn -0.43698683 0.32856584 0.8373094
vn -0.42412418 0.4022282 0.8113761
vn -0.46183306 -0.04090398 0.8860232
vn -0.46163437 -0.05153112 0.88557225
vn -0.4449103 -0.2759372 0.85200554
vn -0.4449103 -0.2759372 0.85200554
vn -0.5645669 0.8024187 0.19336098
vn -0.47451395 0.83046573 -0.29182738
vn -0.21518852 0.96756405 -0.13233958
vn -0.8686599 0.40222806 0.28921017
vn -0.8963136 0.32856473 0.29777026
vn -0.9478904 -0.05153349 0.31440112
vn -0.94836724 -0.04090563 0.31452528
vn -0.9120849 -0.27593842 0.30324775
vn -0.9120849 -0.27593842 0.30324775
vn 0.1309107 0.83046573 -0.5414694
vn 0.5367721 0.80241793 -0.2607702
vn 0.059365764 0.96756417 -0.24555103
vn 0.8456906 0.3285622 -0.42054054
vn 0.8200412 0.40222582 -0.4071202
vn 0.89442396 -0.040906414 -0.44534534
vn 0.89399815 -0.05153376 -0.44509727
vn 0.86073834 -0.27593854 -0.4277703
vn 0.86073834 -0.27593854 -0.4277703
vn 0.57040155 0.8024169 0.1754115
vn 0.21236283 0.83046454 0.5150055
vn 0.09630395 0.9675637 0.23355095
vn 0.87275404 0.4022275 0.2766108
vn 0.900157 0.32856596 0.2859404
vn 0.9516594 -0.051531937 0.30280158
vn 0.9521182 -0.040904433 0.30298156
vn 0.91613615 -0.27594054 0.29077715
vn 0.91613615 -0.27594054 0.29077715
vn -0.42417765 0.83046544 0.36111012
vn -0.5875339 0.80241865 -0.10453818
vn -0.19235802 0.96756417 0.16376226
vn -0.9313655 0.32856286 -0.15685888
vn -0.9027267 0.40222597 -0.1526396
vn -0.9853719 -0.04090671 -0.16543517
vn -0.98488164 -0.051533815 -0.16538556
vn -0.9477896 -0.27593863 -0.15985219
vn -0.9477896 -0.27593863 -0.15985219
vn -0.3583588 0.8024186 -0.47718272
vn 0.1309107 0.83046573 -0.5414694
vn 0.059365764 0.96756417 -0.24555103
vn -0.5434844 0.40222797 -0.73677504
vn -0.5601703 0.32856527 -0.76043016
vn -0.59192497 -0.051532824 -0.80434394
vn -0.5921905 -0.040905282 -0.80475914
vn -0.5702535 -0.2759386 -0.77373695
vn -0.5702535 -0.2759386 -0.77373695
vn 0.5554222 0.83046514 -0.042825043
vn 0.41388163 0.8024179 0.42991567
vn 0.25187922 0.9675638 -0.019417897
vn 0.66129094 0.32856593 0.6743432
vn 0.6406018 0.40222877 0.6540958
vn 0.6999415 -0.040905096 0.71302783
vn 0.699574 -0.051532663 0.71269953
vn 0.6728173 -0.27593976 0.6864212
vn 0.6728173 -0.27593976 0.6864212
vn 0.009434565 0.8024187 0.59668696
vn -0.42417765 0.83046544 0.36111012
vn -0.19235802 0.96756417 0.16376226
vn 0.0066203936 0.40222907 0.9155151
vn 0.0062155672 0.32856694 0.9444602
vn 0.00609402 -0.051531196 0.9986528
vn 0.006064712 -0.040903423 0.9991447
vn 0.006551651 -0.27593768 0.9611532
vn 0.006551651 -0.27593768 0.9611532
vn -0.47451395 0.83046573 -0.29182738
vn -0.08213524 0.80241877 -0.59108186
vn -0.21518852 0.96756405 -0.13233958
vn -0.1386264 0.32856187 -0.93425363
vn -0.13378872 0.4022261 -0.90571225
vn -0.14715941 -0.040905897 -0.9882665
vn -0.14705506 -0.051533643 -0.98778486
vn -0.14085539 -0.27593705 -0.9507988
vn -0.14085539 -0.27593705 -0.9507988
vn 0.34308842 0.8024176 -0.48827899
vn 0.5554222 0.83046514 -0.042825043
vn 0.25187922 0.9675638 -0.019417897
vn 0.5327682 0.40222478 -0.7445625
vn 0.55010974 0.32856148 -0.76774126
vn 0.5820614 -0.05153317 -0.8115103
vn 0.5823742 -0.04090568 -0.811891
vn 0.5596494 -0.2759364 -0.781442
vn 0.5596494 -0.2759364 -0.781442
vn 0.5442968 0.8107698 0.21539086
vn 0.5442968 0.8107698 0.21539086
vn 0.5442968 0.8107698 0.21539086
vn 0.5442968 0.8107698 0.21539086
vn -0.57811296 -0.24980724 -0.77677655
vn -0.57811296 -0.24980724 -0.77677655
vn -0.57811296 -0.24980724 -0.77677655
vn -0.57811296 -0.24980724 -0.77677655
vn 0.6745646 -0.2497996 0.69466746
vn 0.6745646 -0.2497996 0.69466746
vn 0.6745646 -0.2497996 0.69466746
vn 0.6745646 -0.2497996 0.69466746
vn 0.0111269755 -0.24980015 0.96823347
vn 0.0111269755 -0.24980015 0.96823347
vn 0.0111269755 -0.24980015 0.96823347
vn 0.0111269755 -0.24980015 0.96823347
vn -0.13741562 -0.24980573 -0.95849574
vn -0.13741562 -0.24980573 -0.95849574
vn -0.13741562 -0.24980573 -0.95849574
vn -0.13741562 -0.24980573 -0.95849574
vn 0.56010664 -0.24980624 -0.7898591
vn 0.56010664 -0.24980624 -0.7898591
vn 0.56010664 -0.24980624 -0.7898591
vn 0.56010664 -0.24980624 -0.7898591
vn -0.45221642 -0.24980225 0.85621214
vn -0.45221642 -0.24980225 0.85621214
vn -0.45221642 -0.24980225 0.85621214
vn -0.45221642 -0.24980225 0.85621214
vn -0.9174062 -0.24980006 0.3097836
vn -0.9174062 -0.24980006 0.3097836
vn -0.9174062 -0.24980006 0.3097836
vn -0.9174062 -0.24980006 0.3097836
vn 0.86912173 -0.24980173 -0.42688003
vn 0.86912173 -0.24980173 -0.42688003
vn 0.86912173 -0.24980173 -0.42688003
vn 0.86912173 -0.24980173 -0.42688003
vn 0.92428404 -0.24980332 0.28861254
vn 0.92428404 -0.24980332 0.28861254
vn 0.92428404 -0.24980332 0.28861254
vn 0.92428404 -0.24980332 0.28861254
vn -0.9540468 -0.2498075 -0.16550174
vn -0.9540468 -0.2498075 -0.16550174
vn -0.9540468 -0.2498075 -0.16550174
vn -0.9540468 -0.2498075 -0.16550174
vn -0 1 0
vn -0 1 0
vn -0 1 0
vn -0 1 0
vn -0 1 0
vn -0 1 0
vn -0 1 0
vn -0 1 0
vn -0 1 0
vn -0 1 0
vn -0.58257383 0.81077355 -0.057043277
vn -0.58257383 0.81077355 -0.057043277
vn -0.58257383 0.81077355 -0.057043277
vn -0.58257383 0.81077355 -0.057043277
vn -0.3137355 0.8107713 -0.4941861
vn -0.3137355 0.8107713 -0.4941861
vn -0.3137355 0.8107713 -0.4941861
vn -0.3137355 0.8107713 -0.4941861
vn 0.43778616 0.8107722 0.38857675
vn 0.43778616 0.8107722 0.38857675
vn 0.43778616 0.8107722 0.38857675
vn 0.43778616 0.8107722 0.38857675
vn -0.036653876 0.8107695 0.5842168
vn -0.036653876 0.8107695 0.5842168
vn -0.036653876 0.8107695 0.5842168
vn -0.036653876 0.8107695 0.5842168
vn -0.12577315 0.81076974 -0.5716936
vn -0.12577315 0.81076974 -0.5716936
vn -0.12577315 0.81076974 -0.5716936
vn -0.12577315 0.81076974 -0.5716936
vn 0.37304676 0.8107712 -0.45109442
vn 0.37304676 0.8107712 -0.45109442
vn 0.37304676 0.8107712 -0.45109442
vn 0.37304676 0.8107712 -0.45109442
vn -0.234282 0.8107697 0.53643686
vn -0.234282 0.8107697 0.53643686
vn -0.234282 0.8107697 0.53643686
vn -0.234282 0.8107697 0.53643686
vn -0.5669514 0.8107687 0.14567201
vn -0.5669514 0.8107687 0.14567201
vn -0.5669514 0.8107687 0.14567201
vn -0.5669514 0.8107687 0.14567201
vn 0.50484705 0.8107705 -0.2962778
vn 0.50484705 0.8107705 -0.2962778
vn 0.50484705 0.8107705 -0.2962778
vn 0.50484705 0.8107705 -0.2962778
vn -0.47148052 0.727515 -0.49842557
vn -0.02434399 0.7275171 -0.6856575
vn 0.0593149 0.9881384 0.14164865
vn -0.72447485 0.68375725 -0.08724836
vn 0.446144 0.68375707 -0.57743555
vn -0.686686 0.6129625 0.39081883
vn 0.76027477 0.61296 -0.21508679
vn -0.37255427 0.5421624 0.7531688
vn 0.7980603 0.54216254 0.26298192
vn 0.09793367 0.49840286 0.8613963
vn 0.54506856 0.49840423 0.67416143
vn 0.45861578 0.7111979 0.5327936
vn 0.057859115 0.71119773 0.70060694
vn 7.122934E-07 1 -4.171533E-07
vn 0.68419635 0.71119803 0.1614705
vn -0.36499566 0.71119833 0.60081196
vn 0.6484365 0.7111981 -0.2715278
vn -0.6484354 0.7111992 0.27152723
vn 0.36499637 0.71119833 -0.60081154
vn -0.68419486 0.71119916 -0.16147146
vn -0.05785924 0.711199 -0.7006057
vn -0.45861518 0.7111989 -0.5327927
vn 0.4854215 0.8598511 -0.15818328
vn 0.48569196 0.85985124 0.1573503
vn -0 1 0
vn 0.29973617 0.8598514 -0.41329616
vn 0.3004447 0.8598514 0.41278136
vn -0.0004382176 0.8598514 -0.5105442
vn 0.00043790258 0.8598514 0.5105441
vn -0.3004449 0.8598513 -0.41278142
vn -0.2997361 0.8598514 0.41329634
vn -0.4856919 0.8598513 -0.15735029
vn -0.48542118 0.8598513 0.15818338
vn 0.89057165 -0.45154724 0.054655615
vn 0.5596938 -0.63158447 0.53651077
vn 0.9112782 -0.4023558 0.08764588
vn 0.519386 -0.7247276 0.45277813
vn 0.93511885 0.00061346113 -0.3543336
vn -0.010407045 -0.6315847 0.775237
vn 0.9163942 -0.040796235 -0.39819273
vn -0.041791115 -0.72472787 0.68776655
vn 0.6310303 0.46926653 -0.61772937
vn -0.5769288 -0.40235558 0.71081865
vn 0.5783959 0.31550488 -0.752273
vn -0.5859072 -0.4515473 0.67291737
vn 0.079637125 0.77085143 -0.6320173
vn -0.926699 -0.04079599 0.37358367
vn -0.001483272 0.5412544 -0.84085757
vn -0.9085855 0.0006165442 0.41769862
vn -0.50621426 0.7708517 -0.3866975
vn -0.94184613 0.3155046 -0.11568367
vn -0.5981045 0.54125553 -0.59102744
vn -0.8829078 0.46926612 0.01622011
vn 0.5269598 0.3406894 -0.7786168
vn 0.91301745 0.23457721 -0.33372542
vn 0.76027477 0.61296 -0.21508679
vn 0.446144 0.68375707 -0.57743555
vn 0.7980603 0.54216254 0.26298192
vn -0.053735025 0.41046646 -0.9102911
vn 0.95767593 0.12930022 0.25717354
vn -0.02434399 0.7275171 -0.6856575
vn 0.54506856 0.49840423 0.67416143
vn -0.61091965 0.41046527 -0.67697513
vn 0.6430507 0.06348095 0.76318794
vn -0.47148052 0.727515 -0.49842557
vn 0.09793367 0.49840286 0.8613963
vn -0.9245284 0.34068763 -0.1708186
vn 0.09262071 0.063481666 0.99367565
vn -0.72447485 0.68375725 -0.08724836
vn -0.37255427 0.5421624 0.7531688
vn -0.87839234 0.23457739 0.41641366
vn -0.48868415 0.1293008 0.8628262
vn -0.686686 0.6129625 0.39081883
vn -0.5974697 -0.47750983 -0.64421606
vn -0.94140196 -0.2796905 -0.18850891
vn -0.89010364 -0.45215398 -0.05720428
vn -0.51958305 -0.7239866 -0.4537365
vn -0.9352964 -0.009800038 0.3537296
vn -0.039831832 -0.4775094 -0.87772334
vn -0.9413967 0.022727564 0.33653492
vn 0.04124684 -0.7239867 -0.68857974
vn -0.6335036 0.4431165 0.63428766
vn 0.5261952 -0.27968943 -0.803052
vn -0.58266515 0.2992426 0.75561565
vn 0.5837621 -0.45215413 -0.6743725
vn -0.07170051 0.7371697 0.6718928
vn 0.90030646 0.022728926 -0.43466285
vn 0.020750314 0.45449495 0.8905076
vn 0.90827864 -0.009801442 -0.41825092
vn 0.52905935 0.73716915 0.42033067
vn 0.9472229 0.2992437 0.11498733
vn 0.6199664 0.4544951 0.6395904
vn 0.8964422 0.443115 -0.006362722
vn -0.0008577821 0 -0.99999964
vn -0.00085776957 6.274946E-07 -0.99999964
vn -0.00085776957 6.274946E-07 -0.99999964
vn -0.0008577821 0 -0.99999964
vn -0.00085776974 -4.1833002E-07 -0.99999964
vn -0.00085776974 -4.1833002E-07 -0.99999964
vn -0.00085776974 -4.1833002E-07 -0.99999964
vn -0.00085776974 -4.1833002E-07 -0.99999964
vn -0.5067267 0.50500846 0.69870913
vn -0.8206415 0.5050085 0.26742113
vn -0.48542118 0.8598513 0.15818338
vn -0.2997361 0.8598514 0.41329634
vn -0.4856919 0.8598513 -0.15735029
vn 0.0007403712 0.5050085 0.86311406
vn -0.8210992 0.50500834 -0.26601267
vn 0.00043790258 0.8598514 0.5105441
vn -0.3004449 0.8598513 -0.41278142
vn 0.50792485 0.5050085 0.69783866
vn -0.50792485 0.50500846 -0.6978387
vn 0.3004447 0.8598514 0.41278136
vn -0.0004382176 0.8598514 -0.5105442
vn 0.82109904 0.50500846 0.26601276
vn -0.00074065034 0.50500846 -0.86311406
vn 0.48569196 0.85985124 0.1573503
vn 0.29973617 0.8598514 -0.41329616
vn 0.8206415 0.5050085 -0.26742098
vn 0.5067266 0.5050086 -0.69870925
vn 0.4854215 0.8598511 -0.15818328
vn 0.99999964 0 -0.0008571085
vn 0.99999964 0 -0.0008571085
vn 0.99999964 0 -0.0008578413
vn 0.99999964 0 -0.0008578413
vn 0.99999964 0 -0.0008566709
vn 0.99999964 0 -0.0008566709
vn 0.99999964 0 -0.0008566709
vn 0.99999964 0 -0.0008566709
vn 0.00085788185 4.103977E-07 0.99999964
vn 0.0008572147 0 0.99999964
vn 0.0008572147 0 0.99999964
vn 0.00085788185 4.103977E-07 0.99999964
vn 0.00085810036 0 0.99999964
vn 0.00085788185 4.103977E-07 0.99999964
vn 0.00085810036 0 0.99999964
vn 0.00085788185 4.103977E-07 0.99999964
vn -3.294428E-07 1 0
vn -0 1 0
vn -0 1 0
vn -3.294428E-07 1 0
vn -0 1 0
vn -0 1 0
vn -0 1 0
vn -0 1 0
vn -0 1 0
vn -0 1 0
vn -0 1 0
vn -0 1 0
vn -0 1 0
vn -0 1 0
vn -0 -1 0
vn -0 -1 0
vn 5.419182E-07 -1 0
vn 5.419182E-07 -1 0
vn -0 -1 0
vn 5.419182E-07 -1 0
vn -0 -1 0
vn 5.419182E-07 -1 0
vn -0 -1 0
vn -0 -1 0
vn -0 -1 0
vn -0 -1 0
vn -0 -1 0
vn -0 -1 0
vn -0 1 0
vn -0 1 0
vn -0 1 0
vn -0 1 0
vn -1.1552847E-06 1 0
vn -0 1 0
vn -1.1552847E-06 1 0
vn -0 1 0
vn -0 1 0
vn 1.3524801E-06 1 0
vn -0 1 0
vn 1.3524801E-06 1 0
vn -0 1 0
vn 1.1552844E-06 1 0
vn -0 1 0
vn 1.1552844E-06 1 0
vn -0.08101436 0.17637508 -0.98098344
vn 0.5110652 0.1763759 -0.8412514
vn 0.5159455 0.11186924 -0.84928524
vn -0.081789024 0.11186928 -0.9903514
vn 0.9166061 0.111870006 -0.3838207
vn -0.6421501 0.1763751 -0.7460128
vn 0.90793526 0.17637672 -0.38019064
vn -0.6482815 0.11186982 -0.7531375
vn 0.9671541 0.111869864 0.22825035
vn -0.95800567 0.17637481 -0.22609086
vn 0.9580054 0.1763756 0.22609122
vn -0.96715397 0.11186958 -0.228251
vn 0.64828175 0.11186984 0.7531374
vn -0.90793616 0.17637461 0.38018933
vn 0.64214903 0.17637476 0.74601376
vn -0.9166064 0.11186962 0.3838201
vn 0.0817884 0.11186931 0.9903514
vn -0.5110654 0.17637482 0.84125155
vn 0.08101505 0.17637476 0.98098344
vn -0.51594585 0.11186934 0.849285
vn 0.519386 -0.7247276 0.45277813
vn 0.89057165 -0.45154724 0.054655615
vn 0.8881409 -0.4564456 0.05350774
vn 0.5033419 -0.7545213 0.42112297
vn 0.94960314 0.043791793 -0.31038058
vn -0.041791115 -0.72472787 0.68776655
vn 0.93511885 0.00061346113 -0.3543336
vn -0.053091146 -0.7545213 0.6541245
vn 0.6538372 0.55197096 -0.51751804
vn -0.5859072 -0.4515473 0.67291737
vn 0.6310303 0.46926653 -0.61772937
vn -0.5850195 -0.4564428 0.67038214
vn 0.12444854 0.8625187 -0.49048337
vn -0.9085855 0.0006165442 0.41769862
vn 0.079637125 0.77085143 -0.6320173
vn -0.88742775 0.04379822 0.4588612
vn -0.4368082 0.8625183 -0.2554621
vn -0.8829078 0.46926612 0.01622011
vn -0.50621426 0.7708517 -0.3866975
vn -0.8275043 0.5519713 0.10278284
vn -0.89010364 -0.45215398 -0.05720428
vn -0.9352964 -0.009800038 0.3537296
vn -0.939311 -0.0055271694 0.34302214
vn -0.8602028 -0.5099265 -0.0051150704
vn -0.6570091 0.5160803 0.5495454
vn -0.51958305 -0.7239866 -0.4537365
vn -0.6335036 0.4431165 0.63428766
vn -0.47077352 -0.8077977 -0.35473263
vn -0.11957752 0.8415875 0.5267179
vn 0.04124684 -0.7239867 -0.68857974
vn -0.07170051 0.7371697 0.6718928
vn 0.077546194 -0.8077982 -0.58433604
vn 0.4592073 0.84158695 0.2843591
vn 0.5837621 -0.45215413 -0.6743725
vn 0.52905935 0.73716915 0.42033067
vn 0.59989834 -0.50992805 -0.61651874
vn 0.8525529 0.516078 -0.08256666
vn 0.90827864 -0.009801442 -0.41825092
vn 0.8964422 0.443115 -0.006362722
vn 0.9034662 -0.005531076 -0.42862365
vn -0.94140196 -0.2796905 -0.18850891
vn -0.5974697 -0.47750983 -0.64421606
vn -0.6401862 -0.06816526 -0.7651896
vn -0.9605828 0.04510714 -0.2743103
vn -0.9413967 0.022727564 0.33653492
vn -0.09605762 -0.06816615 -0.99303895
vn -0.039831832 -0.4775094 -0.87772334
vn -0.92438966 0.22458205 0.3083289
vn -0.58266515 0.2992426 0.75561565
vn 0.47851545 0.045105617 -0.8769199
vn 0.5261952 -0.27968943 -0.803052
vn -0.5331569 0.38688377 0.7523727
vn 0.020750314 0.45449495 0.8905076
vn 0.86827517 0.2245816 -0.44233608
vn 0.90030646 0.022728926 -0.43466285
vn 0.047888942 0.4717955 0.8804065
vn 0.6199664 0.4544951 0.6395904
vn 0.9101755 0.38688475 0.14798906
vn 0.9472229 0.2992437 0.11498733
vn 0.59372586 0.47179574 0.6518423
vn 0.34994075 0.47539413 -0.80718154
vn 0.65977025 0.597985 -0.45510116
vn -0.10270592 0.96399826 -0.24527274
vn -0.11789279 0.3996286 -0.9090645
vn 0.69325817 0.7205774 0.01269955
vn 0.43760797 0.7963434 0.41753626
vn -0.56502956 0.3996295 -0.7218295
vn -0.009528857 0.7963439 0.60476905
vn -0.82067823 0.47539565 -0.31699568
vn -0.47736079 0.7205776 0.5028862
vn -0.78719175 0.597986 0.1508044
vn 0.56527764 0.27005416 -0.77944326
vn 0.8206415 0.5050085 -0.26742098
vn 0.5067266 0.5050086 -0.69870925
vn 0.9154644 0.27005458 -0.298321
vn -0.0008260682 0.27005398 -0.9628448
vn 0.82109904 0.50500846 0.26601276
vn -0.00074065034 0.50500846 -0.86311406
vn 0.9159749 0.2700544 0.29674998
vn -0.5666144 0.27005413 -0.77847224
vn 0.50792485 0.5050085 0.69783866
vn -0.50792485 0.50500846 -0.6978387
vn 0.5666144 0.27005404 0.77847224
vn -0.9159751 0.2700542 -0.29674986
vn 0.0007403712 0.5050085 0.86311406
vn -0.8210992 0.50500834 -0.26601267
vn 0.00082615233 0.270054 0.9628448
vn -0.9154646 0.27005422 0.298321
vn -0.5067267 0.50500846 0.69870913
vn -0.8206415 0.5050085 0.26742113
vn -0.5652778 0.27005404 0.77944326
g House_4_0
f 3/3/3 2/2/2 1/1/1
f 4/4/4 3/3/3 1/1/1
f 7/7/7 6/6/6 5/5/5
f 8/8/8 7/7/7 5/5/5
f 11/11/11 10/10/10 9/9/9
f 12/12/12 11/11/11 9/9/9
f 15/15/15 14/14/14 13/13/13
f 16/16/16 15/15/15 13/13/13
f 19/19/19 18/18/18 17/17/17
f 20/20/20 19/19/19 17/17/17
f 23/23/23 22/22/22 21/21/21
f 24/24/24 23/23/23 21/21/21
f 27/27/27 26/26/26 25/25/25
f 25/25/25 28/28/28 27/27/27
f 25/25/25 29/29/29 28/28/28
f 29/29/29 30/30/30 28/28/28
f 29/29/29 31/31/31 30/30/30
f 31/31/31 32/32/32 30/30/30
f 35/35/35 34/34/34 33/33/33
f 36/36/36 35/35/35 33/33/33
f 39/39/39 38/38/38 37/37/37
f 40/40/40 39/39/39 37/37/37
f 43/43/43 42/42/42 41/41/41
f 44/44/44 43/43/43 41/41/41
f 47/47/47 46/46/46 45/45/45
f 48/48/48 47/47/47 45/45/45
f 51/51/51 50/50/50 49/49/49
f 52/52/52 51/51/51 49/49/49
f 55/55/55 54/54/54 53/53/53
f 56/56/56 55/55/55 53/53/53
f 59/59/59 58/58/58 57/57/57
f 60/60/60 59/59/59 57/57/57
f 63/63/63 62/62/62 61/61/61
f 64/64/64 63/63/63 61/61/61
f 67/67/67 66/66/66 65/65/65
f 68/68/68 67/67/67 65/65/65
f 71/71/71 70/70/70 69/69/69
f 72/72/72 71/71/71 69/69/69
f 75/75/75 74/74/74 73/73/73
f 76/76/76 75/75/75 73/73/73
f 79/79/79 78/78/78 77/77/77
f 80/80/80 79/79/79 77/77/77
f 83/83/83 82/82/82 81/81/81
f 84/84/84 83/83/83 81/81/81
f 87/87/87 86/86/86 85/85/85
f 88/88/88 87/87/87 85/85/85
f 91/91/91 90/90/90 89/89/89
f 92/92/92 91/91/91 89/89/89
f 95/95/95 94/94/94 93/93/93
f 93/93/93 96/96/96 95/95/95
f 96/96/96 97/97/97 95/95/95
f 96/96/96 98/98/98 97/97/97
f 98/98/98 99/99/99 97/97/97
f 98/98/98 100/100/100 99/99/99
f 103/103/103 102/102/102 101/101/101
f 104/104/104 103/103/103 101/101/101
f 107/107/107 106/106/106 105/105/105
f 108/108/108 107/107/107 105/105/105
f 111/111/111 110/110/110 109/109/109
f 112/112/112 111/111/111 109/109/109
f 115/115/115 114/114/114 113/113/113
f 116/116/116 115/115/115 113/113/113
f 119/119/119 118/118/118 117/117/117
f 120/120/120 119/119/119 117/117/117
f 123/123/123 122/122/122 121/121/121
f 124/124/124 123/123/123 121/121/121
f 127/127/127 126/126/126 125/125/125
f 128/128/128 127/127/127 125/125/125
f 131/131/131 130/130/130 129/129/129
f 132/132/132 131/131/131 129/129/129
f 135/135/135 134/134/134 133/133/133
f 136/136/136 135/135/135 133/133/133
f 139/139/139 138/138/138 137/137/137
f 140/140/140 139/139/139 137/137/137
f 143/143/143 142/142/142 141/141/141
f 144/144/144 143/143/143 141/141/141
f 147/147/147 146/146/146 145/145/145
f 148/148/148 147/147/147 145/145/145
f 151/151/151 150/150/150 149/149/149
f 152/152/152 151/151/151 149/149/149
f 155/155/155 154/154/154 153/153/153
f 156/156/156 155/155/155 153/153/153
f 159/159/159 158/158/158 157/157/157
f 160/160/160 159/159/159 157/157/157
f 163/163/163 162/162/162 161/161/161
f 161/161/161 164/164/164 163/163/163
f 164/164/164 165/165/165 163/163/163
f 165/165/165 166/166/166 163/163/163
f 165/165/165 167/167/167 166/166/166
f 170/170/170 169/169/169 168/168/168
f 171/171/171 170/170/170 168/168/168
f 174/174/174 173/173/173 172/172/172
f 175/175/175 174/174/174 172/172/172
f 178/178/178 177/177/177 176/176/176
f 179/179/179 178/178/178 176/176/176
f 182/182/182 181/181/181 180/180/180
f 183/183/183 182/182/182 180/180/180
f 186/186/186 185/185/185 184/184/184
f 187/187/187 186/186/186 184/184/184
f 190/190/190 189/189/189 188/188/188
f 191/191/191 190/190/190 188/188/188
f 194/194/194 193/193/193 192/192/192
f 195/195/195 194/194/194 192/192/192
f 198/198/198 197/197/197 196/196/196
f 199/199/199 198/198/198 196/196/196
f 202/202/202 201/201/201 200/200/200
f 203/203/203 202/202/202 200/200/200
f 206/206/206 205/205/205 204/204/204
f 207/207/207 206/206/206 204/204/204
f 210/210/210 209/209/209 208/208/208
f 208/208/208 211/211/211 210/210/210
f 211/211/211 212/212/212 210/210/210
f 211/211/211 213/213/213 212/212/212
f 213/213/213 214/214/214 212/212/212
f 211/211/211 215/215/215 213/213/213
f 218/218/218 217/217/217 216/216/216
f 219/219/219 218/218/218 216/216/216
f 222/222/222 221/221/221 220/220/220
f 223/223/223 222/222/222 220/220/220
f 226/226/226 225/225/225 224/224/224
f 224/224/224 227/227/227 226/226/226
f 226/226/226 227/227/227 228/228/228
f 224/224/224 229/229/229 227/227/227
f 227/227/227 229/229/229 230/230/230
f 224/224/224 231/231/231 229/229/229
f 234/234/234 233/233/233 232/232/232
f 235/235/235 234/234/234 232/232/232
f 238/238/238 237/237/237 236/236/236
f 236/236/236 239/239/239 238/238/238
f 236/236/236 240/240/240 239/239/239
f 240/240/240 241/241/241 239/239/239
f 240/240/240 242/242/242 241/241/241
f 242/242/242 243/243/243 241/241/241
f 246/246/246 245/245/245 244/244/244
f 247/247/247 246/246/246 244/244/244
f 250/250/250 249/249/249 248/248/248
f 249/249/249 251/251/251 248/248/248
f 248/248/248 251/251/251 252/252/252
f 251/251/251 253/253/253 252/252/252
f 252/252/252 253/253/253 254/254/254
f 253/253/253 255/255/255 254/254/254
f 254/254/254 255/255/255 256/256/256
f 255/255/255 257/257/257 256/256/256
f 256/256/256 257/257/257 258/258/258
f 257/257/257 259/259/259 258/258/258
f 262/262/262 261/261/261 260/260/260
f 263/263/263 262/262/262 260/260/260
f 266/266/266 265/265/265 264/264/264
f 267/267/267 266/266/266 264/264/264
f 270/270/270 269/269/269 268/268/268
f 271/271/271 270/270/270 268/268/268
f 274/274/274 273/273/273 272/272/272
f 273/273/273 275/275/275 272/272/272
f 272/272/272 275/275/275 276/276/276
f 275/275/275 277/277/277 276/276/276
f 276/276/276 277/277/277 278/278/278
f 277/277/277 279/279/279 278/278/278
f 278/278/278 279/279/279 280/280/280
f 279/279/279 281/281/281 280/280/280
f 280/280/280 281/281/281 282/282/282
f 281/281/281 283/283/283 282/282/282
f 282/282/282 283/283/283 284/284/284
f 283/283/283 285/285/285 284/284/284
f 284/284/284 285/285/285 286/286/286
f 285/285/285 287/287/287 286/286/286
f 290/290/290 289/289/289 288/288/288
f 291/291/291 290/290/290 288/288/288
f 294/294/294 293/293/293 292/292/292
f 295/295/295 294/294/294 292/292/292
f 298/298/298 297/297/297 296/296/296
f 299/299/299 298/298/298 296/296/296
f 302/302/302 301/301/301 300/300/300
f 303/303/303 302/302/302 300/300/300
f 306/306/306 305/305/305 304/304/304
f 307/307/307 306/306/306 304/304/304
f 310/310/310 309/309/309 308/308/308
f 311/311/311 310/310/310 308/308/308
f 314/314/314 313/313/313 312/312/312
f 315/315/315 314/314/314 312/312/312
f 318/318/318 317/317/317 316/316/316
f 319/319/319 318/318/318 316/316/316
f 322/322/322 321/321/321 320/320/320
f 320/320/320 323/323/323 322/322/322
f 320/320/320 324/324/324 323/323/323
f 324/324/324 325/325/325 323/323/323
f 324/324/324 326/326/326 325/325/325
f 326/326/326 327/327/327 325/325/325
f 330/330/330 329/329/329 328/328/328
f 331/331/331 330/330/330 328/328/328
f 334/334/334 333/333/333 332/332/332
f 333/333/333 335/335/335 332/332/332
f 332/332/332 335/335/335 336/336/336
f 335/335/335 337/337/337 336/336/336
f 336/336/336 337/337/337 338/338/338
f 337/337/337 339/339/339 338/338/338
f 338/338/338 339/339/339 340/340/340
f 339/339/339 341/341/341 340/340/340
f 340/340/340 341/341/341 342/342/342
f 341/341/341 343/343/343 342/342/342
f 342/342/342 343/343/343 344/344/344
f 343/343/343 345/345/345 344/344/344
f 344/344/344 345/345/345 346/346/346
f 345/345/345 347/347/347 346/346/346
f 350/350/350 349/349/349 348/348/348
f 351/351/351 350/350/350 348/348/348
f 354/354/354 353/353/353 352/352/352
f 355/355/355 354/354/354 352/352/352
f 358/358/358 357/357/357 356/356/356
f 359/359/359 358/358/358 356/356/356
f 362/362/362 361/361/361 360/360/360
f 363/363/363 362/362/362 360/360/360
f 366/366/366 365/365/365 364/364/364
f 367/367/367 366/366/366 364/364/364
f 370/370/370 369/369/369 368/368/368
f 371/371/371 370/370/370 368/368/368
f 374/374/374 373/373/373 372/372/372
f 375/375/375 374/374/374 372/372/372
f 378/378/378 377/377/377 376/376/376
f 379/379/379 378/378/378 376/376/376
f 382/382/382 381/381/381 380/380/380
f 383/383/383 382/382/382 380/380/380
f 386/386/386 385/385/385 384/384/384
f 387/387/387 386/386/386 384/384/384
f 390/390/390 389/389/389 388/388/388
f 391/391/391 390/390/390 388/388/388
f 394/394/394 393/393/393 392/392/392
f 395/395/395 394/394/394 392/392/392
f 398/398/398 397/397/397 396/396/396
f 399/399/399 398/398/398 396/396/396
f 402/402/402 401/401/401 400/400/400
f 403/403/403 402/402/402 400/400/400
f 406/406/406 405/405/405 404/404/404
f 407/407/407 406/406/406 404/404/404
f 410/410/410 409/409/409 408/408/408
f 408/408/408 411/411/411 410/410/410
f 408/408/408 412/412/412 411/411/411
f 408/408/408 413/413/413 412/412/412
f 408/408/408 414/414/414 413/413/413
f 408/408/408 415/415/415 414/414/414
f 418/418/418 417/417/417 416/416/416
f 417/417/417 419/419/419 416/416/416
f 416/416/416 419/419/419 420/420/420
f 419/419/419 421/421/421 420/420/420
f 420/420/420 421/421/421 422/422/422
f 421/421/421 423/423/423 422/422/422
f 422/422/422 423/423/423 424/424/424
f 423/423/423 425/425/425 424/424/424
f 424/424/424 425/425/425 426/426/426
f 425/425/425 427/427/427 426/426/426
f 430/430/430 429/429/429 428/428/428
f 429/429/429 431/431/431 428/428/428
f 428/428/428 431/431/431 432/432/432
f 431/431/431 433/433/433 432/432/432
f 432/432/432 433/433/433 434/434/434
f 433/433/433 435/435/435 434/434/434
f 434/434/434 435/435/435 436/436/436
f 435/435/435 437/437/437 436/436/436
f 436/436/436 437/437/437 438/438/438
f 437/437/437 439/439/439 438/438/438
f 438/438/438 439/439/439 440/440/440
f 439/439/439 441/441/441 440/440/440
f 440/440/440 441/441/441 442/442/442
f 441/441/441 443/443/443 442/442/442
f 446/446/446 445/445/445 444/444/444
f 447/447/447 446/446/446 444/444/444
f 450/450/450 449/449/449 448/448/448
f 451/451/451 450/450/450 448/448/448
f 454/454/454 453/453/453 452/452/452
f 455/455/455 454/454/454 452/452/452
f 458/458/458 457/457/457 456/456/456
f 459/459/459 458/458/458 456/456/456
f 462/462/462 461/461/461 460/460/460
f 460/460/460 463/463/463 462/462/462
f 460/460/460 464/464/464 463/463/463
f 464/464/464 465/465/465 463/463/463
f 465/465/465 466/466/466 463/463/463
f 466/466/466 467/467/467 463/463/463
f 470/470/470 469/469/469 468/468/468
f 471/471/471 470/470/470 468/468/468
f 474/474/474 473/473/473 472/472/472
f 473/473/473 475/475/475 472/472/472
f 472/472/472 475/475/475 476/476/476
f 475/475/475 477/477/477 476/476/476
f 476/476/476 477/477/477 478/478/478
f 477/477/477 479/479/479 478/478/478
f 478/478/478 479/479/479 480/480/480
f 479/479/479 481/481/481 480/480/480
f 480/480/480 481/481/481 482/482/482
f 481/481/481 483/483/483 482/482/482
f 482/482/482 483/483/483 484/484/484
f 483/483/483 485/485/485 484/484/484
f 484/484/484 485/485/485 486/486/486
f 485/485/485 487/487/487 486/486/486
f 490/490/490 489/489/489 488/488/488
f 491/491/491 490/490/490 488/488/488
f 494/494/494 493/493/493 492/492/492
f 495/495/495 494/494/494 492/492/492
f 498/498/498 497/497/497 496/496/496
f 499/499/499 498/498/498 496/496/496
f 502/502/502 501/501/501 500/500/500
f 503/503/503 502/502/502 500/500/500
f 506/506/506 505/505/505 504/504/504
f 507/507/507 506/506/506 504/504/504
f 510/510/510 509/509/509 508/508/508
f 511/511/511 510/510/510 508/508/508
f 514/514/514 513/513/513 512/512/512
f 515/515/515 514/514/514 512/512/512
f 518/518/518 517/517/517 516/516/516
f 519/519/519 518/518/518 516/516/516
f 522/522/522 521/521/521 520/520/520
f 523/523/523 522/522/522 520/520/520
f 526/526/526 525/525/525 524/524/524
f 527/527/527 526/526/526 524/524/524
f 530/530/530 529/529/529 528/528/528
f 531/531/531 530/530/530 528/528/528
f 534/534/534 533/533/533 532/532/532
f 535/535/535 534/534/534 532/532/532
f 538/538/538 537/537/537 536/536/536
f 539/539/539 538/538/538 536/536/536
f 542/542/542 541/541/541 540/540/540
f 543/543/543 542/542/542 540/540/540
f 546/546/546 545/545/545 544/544/544
f 547/547/547 546/546/546 544/544/544
f 550/550/550 549/549/549 548/548/548
f 551/551/551 550/550/550 548/548/548
f 554/554/554 553/553/553 552/552/552
f 555/555/555 554/554/554 552/552/552
f 558/558/558 557/557/557 556/556/556
f 559/559/559 558/558/558 556/556/556
f 562/562/562 561/561/561 560/560/560
f 563/563/563 562/562/562 560/560/560
f 566/566/566 565/565/565 564/564/564
f 567/567/567 566/566/566 564/564/564
f 570/570/570 569/569/569 568/568/568
f 571/571/571 570/570/570 568/568/568
f 574/574/574 573/573/573 572/572/572
f 575/575/575 574/574/574 572/572/572
f 578/578/578 577/577/577 576/576/576
f 579/579/579 578/578/578 576/576/576
f 582/582/582 581/581/581 580/580/580
f 583/583/583 582/582/582 580/580/580
f 586/586/586 585/585/585 584/584/584
f 587/587/587 586/586/586 584/584/584
f 590/590/590 589/589/589 588/588/588
f 591/591/591 590/590/590 588/588/588
f 594/594/594 593/593/593 592/592/592
f 595/595/595 594/594/594 592/592/592
f 598/598/598 597/597/597 596/596/596
f 599/599/599 598/598/598 596/596/596
f 602/602/602 601/601/601 600/600/600
f 603/603/603 602/602/602 600/600/600
f 606/606/606 605/605/605 604/604/604
f 605/605/605 607/607/607 604/604/604
f 604/604/604 607/607/607 608/608/608
f 607/607/607 609/609/609 608/608/608
f 608/608/608 609/609/609 610/610/610
f 609/609/609 611/611/611 610/610/610
f 614/614/614 613/613/613 612/612/612
f 613/613/613 615/615/615 612/612/612
f 612/612/612 615/615/615 616/616/616
f 615/615/615 617/617/617 616/616/616
f 616/616/616 617/617/617 618/618/618
f 617/617/617 619/619/619 618/618/618
f 622/622/622 621/621/621 620/620/620
f 621/621/621 623/623/623 620/620/620
f 620/620/620 623/623/623 624/624/624
f 623/623/623 625/625/625 624/624/624
f 624/624/624 625/625/625 626/626/626
f 625/625/625 627/627/627 626/626/626
f 630/630/630 629/629/629 628/628/628
f 629/629/629 631/631/631 628/628/628
f 629/629/629 632/632/632 631/631/631
f 632/632/632 633/633/633 631/631/631
f 632/632/632 634/634/634 633/633/633
f 634/634/634 635/635/635 633/633/633
f 638/638/638 637/637/637 636/636/636
f 639/639/639 638/638/638 636/636/636
f 640/640/640 638/638/638 639/639/639
f 641/641/641 640/640/640 639/639/639
f 642/642/642 640/640/640 641/641/641
f 643/643/643 642/642/642 641/641/641
f 646/646/646 645/645/645 644/644/644
f 647/647/647 646/646/646 644/644/644
f 650/650/650 649/649/649 648/648/648
f 651/651/651 650/650/650 648/648/648
f 654/654/654 653/653/653 652/652/652
f 655/655/655 654/654/654 652/652/652
f 658/658/658 657/657/657 656/656/656
f 659/659/659 658/658/658 656/656/656
f 662/662/662 661/661/661 660/660/660
f 663/663/663 662/662/662 660/660/660
f 666/666/666 665/665/665 664/664/664
f 667/667/667 666/666/666 664/664/664
f 670/670/670 669/669/669 668/668/668
f 671/671/671 670/670/670 668/668/668
f 674/674/674 673/673/673 672/672/672
f 675/675/675 674/674/674 672/672/672
f 678/678/678 677/677/677 676/676/676
f 677/677/677 679/679/679 676/676/676
f 677/677/677 680/680/680 679/679/679
f 680/680/680 681/681/681 679/679/679
f 680/680/680 682/682/682 681/681/681
f 682/682/682 683/683/683 681/681/681
f 686/686/686 685/685/685 684/684/684
f 687/687/687 686/686/686 684/684/684
f 688/688/688 686/686/686 687/687/687
f 689/689/689 688/688/688 687/687/687
f 690/690/690 688/688/688 689/689/689
f 691/691/691 690/690/690 689/689/689
f 694/694/694 693/693/693 692/692/692
f 695/695/695 694/694/694 692/692/692
f 698/698/698 697/697/697 696/696/696
f 699/699/699 698/698/698 696/696/696
f 702/702/702 701/701/701 700/700/700
f 703/703/703 702/702/702 700/700/700
f 706/706/706 705/705/705 704/704/704
f 707/707/707 706/706/706 704/704/704
f 710/710/710 709/709/709 708/708/708
f 711/711/711 710/710/710 708/708/708
f 714/714/714 713/713/713 712/712/712
f 715/715/715 714/714/714 712/712/712
f 718/718/718 717/717/717 716/716/716
f 719/719/719 718/718/718 716/716/716
f 722/722/722 721/721/721 720/720/720
f 723/723/723 722/722/722 720/720/720
f 726/726/726 725/725/725 724/724/724
f 727/727/727 726/726/726 724/724/724
f 727/727/727 724/724/724 728/728/728
f 729/729/729 727/727/727 728/728/728
f 729/729/729 728/728/728 730/730/730
f 731/731/731 729/729/729 730/730/730
f 734/734/734 733/733/733 732/732/732
f 735/735/735 734/734/734 732/732/732
f 738/738/738 737/737/737 736/736/736
f 739/739/739 738/738/738 736/736/736
f 742/742/742 741/741/741 740/740/740
f 743/743/743 742/742/742 740/740/740
f 746/746/746 745/745/745 744/744/744
f 747/747/747 746/746/746 744/744/744
f 750/750/750 749/749/749 748/748/748
f 751/751/751 750/750/750 748/748/748
f 754/754/754 753/753/753 752/752/752
f 755/755/755 754/754/754 752/752/752
f 758/758/758 757/757/757 756/756/756
f 759/759/759 758/758/758 756/756/756
f 762/762/762 761/761/761 760/760/760
f 763/763/763 762/762/762 760/760/760
f 766/766/766 765/765/765 764/764/764
f 767/767/767 766/766/766 764/764/764
f 770/770/770 769/769/769 768/768/768
f 771/771/771 770/770/770 768/768/768
f 774/774/774 773/773/773 772/772/772
f 775/775/775 774/774/774 772/772/772
f 778/778/778 777/777/777 776/776/776
f 779/779/779 778/778/778 776/776/776
f 782/782/782 781/781/781 780/780/780
f 783/783/783 782/782/782 780/780/780
f 786/786/786 785/785/785 784/784/784
f 787/787/787 786/786/786 784/784/784
f 790/790/790 789/789/789 788/788/788
f 791/791/791 790/790/790 788/788/788
f 794/794/794 793/793/793 792/792/792
f 795/795/795 794/794/794 792/792/792
f 798/798/798 797/797/797 796/796/796
f 799/799/799 798/798/798 796/796/796
f 802/802/802 801/801/801 800/800/800
f 801/801/801 803/803/803 800/800/800
f 803/803/803 801/801/801 804/804/804
f 805/805/805 803/803/803 804/804/804
f 805/805/805 804/804/804 806/806/806
f 807/807/807 805/805/805 806/806/806
f 806/806/806 808/808/808 807/807/807
f 808/808/808 809/809/809 807/807/807
f 812/812/812 811/811/811 810/810/810
f 811/811/811 813/813/813 810/810/810
f 813/813/813 811/811/811 814/814/814
f 815/815/815 813/813/813 814/814/814
f 815/815/815 814/814/814 816/816/816
f 817/817/817 815/815/815 816/816/816
f 816/816/816 818/818/818 817/817/817
f 818/818/818 819/819/819 817/817/817
f 822/822/822 821/821/821 820/820/820
f 821/821/821 823/823/823 820/820/820
f 821/821/821 824/824/824 823/823/823
f 824/824/824 825/825/825 823/823/823
f 824/824/824 826/826/826 825/825/825
f 826/826/826 827/827/827 825/825/825
f 830/830/830 829/829/829 828/828/828
f 831/831/831 830/830/830 828/828/828
f 832/832/832 830/830/830 831/831/831
f 833/833/833 832/832/832 831/831/831
f 834/834/834 832/832/832 833/833/833
f 835/835/835 834/834/834 833/833/833
f 838/838/838 837/837/837 836/836/836
f 839/839/839 838/838/838 836/836/836
f 842/842/842 841/841/841 840/840/840
f 843/843/843 842/842/842 840/840/840
f 846/846/846 845/845/845 844/844/844
f 847/847/847 846/846/846 844/844/844
f 850/850/850 849/849/849 848/848/848
f 851/851/851 850/850/850 848/848/848
f 854/854/854 853/853/853 852/852/852
f 855/855/855 854/854/854 852/852/852
f 858/858/858 857/857/857 856/856/856
f 859/859/859 858/858/858 856/856/856
f 862/862/862 861/861/861 860/860/860
f 863/863/863 862/862/862 860/860/860
f 866/866/866 865/865/865 864/864/864
f 867/867/867 866/866/866 864/864/864
f 870/870/870 869/869/869 868/868/868
f 871/871/871 870/870/870 868/868/868
f 874/874/874 873/873/873 872/872/872
f 875/875/875 874/874/874 872/872/872
f 878/878/878 877/877/877 876/876/876
f 879/879/879 878/878/878 876/876/876
f 882/882/882 881/881/881 880/880/880
f 883/883/883 882/882/882 880/880/880
f 886/886/886 885/885/885 884/884/884
f 887/887/887 886/886/886 884/884/884
f 890/890/890 889/889/889 888/888/888
f 891/891/891 890/890/890 888/888/888
f 894/894/894 893/893/893 892/892/892
f 895/895/895 894/894/894 892/892/892
f 898/898/898 897/897/897 896/896/896
f 899/899/899 898/898/898 896/896/896
f 902/902/902 901/901/901 900/900/900
f 903/903/903 902/902/902 900/900/900
f 906/906/906 905/905/905 904/904/904
f 907/907/907 906/906/906 904/904/904
f 910/910/910 909/909/909 908/908/908
f 911/911/911 910/910/910 908/908/908
f 914/914/914 913/913/913 912/912/912
f 915/915/915 914/914/914 912/912/912
f 918/918/918 917/917/917 916/916/916
f 919/919/919 918/918/918 916/916/916
f 922/922/922 921/921/921 920/920/920
f 923/923/923 922/922/922 920/920/920
f 926/926/926 925/925/925 924/924/924
f 927/927/927 926/926/926 924/924/924
f 930/930/930 929/929/929 928/928/928
f 931/931/931 930/930/930 928/928/928
f 934/934/934 933/933/933 932/932/932
f 935/935/935 934/934/934 932/932/932
f 938/938/938 937/937/937 936/936/936
f 937/937/937 939/939/939 936/936/936
f 937/937/937 940/940/940 939/939/939
f 940/940/940 941/941/941 939/939/939
f 940/940/940 942/942/942 941/941/941
f 942/942/942 943/943/943 941/941/941
f 946/946/946 945/945/945 944/944/944
f 947/947/947 946/946/946 944/944/944
f 948/948/948 946/946/946 947/947/947
f 949/949/949 948/948/948 947/947/947
f 950/950/950 948/948/948 949/949/949
f 951/951/951 950/950/950 949/949/949
f 954/954/954 953/953/953 952/952/952
f 955/955/955 954/954/954 952/952/952
f 958/958/958 957/957/957 956/956/956
f 959/959/959 958/958/958 956/956/956
f 962/962/962 961/961/961 960/960/960
f 963/963/963 962/962/962 960/960/960
f 966/966/966 965/965/965 964/964/964
f 967/967/967 966/966/966 964/964/964
f 970/970/970 969/969/969 968/968/968
f 971/971/971 970/970/970 968/968/968
f 974/974/974 973/973/973 972/972/972
f 975/975/975 974/974/974 972/972/972
f 978/978/978 977/977/977 976/976/976
f 979/979/979 978/978/978 976/976/976
f 982/982/982 981/981/981 980/980/980
f 983/983/983 982/982/982 980/980/980
f 986/986/986 985/985/985 984/984/984
f 985/985/985 987/987/987 984/984/984
f 987/987/987 985/985/985 988/988/988
f 989/989/989 987/987/987 988/988/988
f 989/989/989 988/988/988 990/990/990
f 991/991/991 989/989/989 990/990/990
f 990/990/990 992/992/992 991/991/991
f 992/992/992 993/993/993 991/991/991
f 996/996/996 995/995/995 994/994/994
f 997/997/997 996/996/996 994/994/994
f 1000/1000/1000 999/999/999 998/998/998
f 1001/1001/1001 1000/1000/1000 998/998/998
f 1004/1004/1004 1003/1003/1003 1002/1002/1002
f 1005/1005/1005 1004/1004/1004 1002/1002/1002
f 1008/1008/1008 1007/1007/1007 1006/1006/1006
f 1009/1009/1009 1008/1008/1008 1006/1006/1006
f 1012/1012/1012 1011/1011/1011 1010/1010/1010
f 1013/1013/1013 1012/1012/1012 1010/1010/1010
f 1016/1016/1016 1015/1015/1015 1014/1014/1014
f 1017/1017/1017 1016/1016/1016 1014/1014/1014
f 1020/1020/1020 1019/1019/1019 1018/1018/1018
f 1021/1021/1021 1020/1020/1020 1018/1018/1018
f 1024/1024/1024 1023/1023/1023 1022/1022/1022
f 1025/1025/1025 1024/1024/1024 1022/1022/1022
f 1028/1028/1028 1027/1027/1027 1026/1026/1026
f 1029/1029/1029 1028/1028/1028 1026/1026/1026
f 1032/1032/1032 1031/1031/1031 1030/1030/1030
f 1033/1033/1033 1032/1032/1032 1030/1030/1030
f 1036/1036/1036 1035/1035/1035 1034/1034/1034
f 1037/1037/1037 1036/1036/1036 1034/1034/1034
f 1040/1040/1040 1039/1039/1039 1038/1038/1038
f 1041/1041/1041 1040/1040/1040 1038/1038/1038
f 1044/1044/1044 1043/1043/1043 1042/1042/1042
f 1045/1045/1045 1044/1044/1044 1042/1042/1042
f 1048/1048/1048 1047/1047/1047 1046/1046/1046
f 1049/1049/1049 1048/1048/1048 1046/1046/1046
f 1052/1052/1052 1051/1051/1051 1050/1050/1050
f 1053/1053/1053 1052/1052/1052 1050/1050/1050
f 1056/1056/1056 1055/1055/1055 1054/1054/1054
f 1057/1057/1057 1056/1056/1056 1054/1054/1054
f 1060/1060/1060 1059/1059/1059 1058/1058/1058
f 1061/1061/1061 1060/1060/1060 1058/1058/1058
f 1064/1064/1064 1063/1063/1063 1062/1062/1062
f 1065/1065/1065 1064/1064/1064 1062/1062/1062
f 1068/1068/1068 1067/1067/1067 1066/1066/1066
f 1067/1067/1067 1069/1069/1069 1066/1066/1066
f 1067/1067/1067 1070/1070/1070 1069/1069/1069
f 1070/1070/1070 1071/1071/1071 1069/1069/1069
f 1070/1070/1070 1072/1072/1072 1071/1071/1071
f 1072/1072/1072 1073/1073/1073 1071/1071/1071
f 1076/1076/1076 1075/1075/1075 1074/1074/1074
f 1077/1077/1077 1076/1076/1076 1074/1074/1074
f 1078/1078/1078 1076/1076/1076 1077/1077/1077
f 1079/1079/1079 1078/1078/1078 1077/1077/1077
f 1080/1080/1080 1078/1078/1078 1079/1079/1079
f 1081/1081/1081 1080/1080/1080 1079/1079/1079
f 1084/1084/1084 1083/1083/1083 1082/1082/1082
f 1085/1085/1085 1084/1084/1084 1082/1082/1082
f 1088/1088/1088 1087/1087/1087 1086/1086/1086
f 1089/1089/1089 1088/1088/1088 1086/1086/1086
f 1092/1092/1092 1091/1091/1091 1090/1090/1090
f 1093/1093/1093 1092/1092/1092 1090/1090/1090
f 1096/1096/1096 1095/1095/1095 1094/1094/1094
f 1097/1097/1097 1096/1096/1096 1094/1094/1094
f 1100/1100/1100 1099/1099/1099 1098/1098/1098
f 1101/1101/1101 1100/1100/1100 1098/1098/1098
f 1104/1104/1104 1103/1103/1103 1102/1102/1102
f 1105/1105/1105 1104/1104/1104 1102/1102/1102
f 1108/1108/1108 1107/1107/1107 1106/1106/1106
f 1109/1109/1109 1108/1108/1108 1106/1106/1106
f 1112/1112/1112 1111/1111/1111 1110/1110/1110
f 1113/1113/1113 1112/1112/1112 1110/1110/1110
f 1116/1116/1116 1115/1115/1115 1114/1114/1114
f 1115/1115/1115 1117/1117/1117 1114/1114/1114
f 1115/1115/1115 1118/1118/1118 1117/1117/1117
f 1118/1118/1118 1119/1119/1119 1117/1117/1117
f 1118/1118/1118 1120/1120/1120 1119/1119/1119
f 1120/1120/1120 1121/1121/1121 1119/1119/1119
f 1124/1124/1124 1123/1123/1123 1122/1122/1122
f 1125/1125/1125 1124/1124/1124 1122/1122/1122
f 1126/1126/1126 1124/1124/1124 1125/1125/1125
f 1127/1127/1127 1126/1126/1126 1125/1125/1125
f 1128/1128/1128 1126/1126/1126 1127/1127/1127
f 1129/1129/1129 1128/1128/1128 1127/1127/1127
f 1132/1132/1132 1131/1131/1131 1130/1130/1130
f 1133/1133/1133 1132/1132/1132 1130/1130/1130
f 1136/1136/1136 1135/1135/1135 1134/1134/1134
f 1137/1137/1137 1136/1136/1136 1134/1134/1134
f 1140/1140/1140 1139/1139/1139 1138/1138/1138
f 1141/1141/1141 1140/1140/1140 1138/1138/1138
f 1144/1144/1144 1143/1143/1143 1142/1142/1142
f 1145/1145/1145 1144/1144/1144 1142/1142/1142
f 1148/1148/1148 1147/1147/1147 1146/1146/1146
f 1149/1149/1149 1148/1148/1148 1146/1146/1146
f 1152/1152/1152 1151/1151/1151 1150/1150/1150
f 1153/1153/1153 1152/1152/1152 1150/1150/1150
f 1156/1156/1156 1155/1155/1155 1154/1154/1154
f 1157/1157/1157 1156/1156/1156 1154/1154/1154
f 1160/1160/1160 1159/1159/1159 1158/1158/1158
f 1161/1161/1161 1160/1160/1160 1158/1158/1158
f 1164/1164/1164 1163/1163/1163 1162/1162/1162
f 1165/1165/1165 1164/1164/1164 1162/1162/1162
f 1168/1168/1168 1167/1167/1167 1166/1166/1166
f 1167/1167/1167 1169/1169/1169 1166/1166/1166
f 1166/1166/1166 1169/1169/1169 1170/1170/1170
f 1169/1169/1169 1171/1171/1171 1170/1170/1170
f 1170/1170/1170 1171/1171/1171 1172/1172/1172
f 1171/1171/1171 1173/1173/1173 1172/1172/1172
f 1172/1172/1172 1173/1173/1173 1174/1174/1174
f 1173/1173/1173 1175/1175/1175 1174/1174/1174
f 1174/1174/1174 1175/1175/1175 1176/1176/1176
f 1175/1175/1175 1177/1177/1177 1176/1176/1176
f 1180/1180/1180 1179/1179/1179 1178/1178/1178
f 1181/1181/1181 1180/1180/1180 1178/1178/1178
f 1184/1184/1184 1183/1183/1183 1182/1182/1182
f 1185/1185/1185 1184/1184/1184 1182/1182/1182
f 1188/1188/1188 1187/1187/1187 1186/1186/1186
f 1187/1187/1187 1189/1189/1189 1186/1186/1186
f 1187/1187/1187 1190/1190/1190 1189/1189/1189
f 1190/1190/1190 1191/1191/1191 1189/1189/1189
f 1190/1190/1190 1192/1192/1192 1191/1191/1191
f 1192/1192/1192 1193/1193/1193 1191/1191/1191
f 1192/1192/1192 1194/1194/1194 1193/1193/1193
f 1194/1194/1194 1195/1195/1195 1193/1193/1193
f 1194/1194/1194 1196/1196/1196 1195/1195/1195
f 1196/1196/1196 1197/1197/1197 1195/1195/1195
f 1196/1196/1196 1198/1198/1198 1197/1197/1197
f 1198/1198/1198 1199/1199/1199 1197/1197/1197
f 1198/1198/1198 1200/1200/1200 1199/1199/1199
f 1200/1200/1200 1201/1201/1201 1199/1199/1199
f 1204/1204/1204 1203/1203/1203 1202/1202/1202
f 1205/1205/1205 1204/1204/1204 1202/1202/1202
f 1205/1205/1205 1202/1202/1202 1206/1206/1206
f 1207/1207/1207 1205/1205/1205 1206/1206/1206
f 1207/1207/1207 1206/1206/1206 1208/1208/1208
f 1209/1209/1209 1207/1207/1207 1208/1208/1208
f 1209/1209/1209 1208/1208/1208 1210/1210/1210
f 1211/1211/1211 1209/1209/1209 1210/1210/1210
f 1211/1211/1211 1210/1210/1210 1212/1212/1212
f 1213/1213/1213 1211/1211/1211 1212/1212/1212
f 1213/1213/1213 1212/1212/1212 1214/1214/1214
f 1215/1215/1215 1213/1213/1213 1214/1214/1214
f 1215/1215/1215 1214/1214/1214 1216/1216/1216
f 1217/1217/1217 1215/1215/1215 1216/1216/1216
f 1220/1220/1220 1219/1219/1219 1218/1218/1218
f 1221/1221/1221 1220/1220/1220 1218/1218/1218
f 1224/1224/1224 1223/1223/1223 1222/1222/1222
f 1225/1225/1225 1224/1224/1224 1222/1222/1222
f 1228/1228/1228 1227/1227/1227 1226/1226/1226
f 1229/1229/1229 1228/1228/1228 1226/1226/1226
f 1232/1232/1232 1231/1231/1231 1230/1230/1230
f 1233/1233/1233 1232/1232/1232 1230/1230/1230
f 1236/1236/1236 1235/1235/1235 1234/1234/1234
f 1237/1237/1237 1236/1236/1236 1234/1234/1234
f 1240/1240/1240 1239/1239/1239 1238/1238/1238
f 1241/1241/1241 1240/1240/1240 1238/1238/1238
f 1244/1244/1244 1243/1243/1243 1242/1242/1242
f 1245/1245/1245 1244/1244/1244 1242/1242/1242
f 1248/1248/1248 1247/1247/1247 1246/1246/1246
f 1249/1249/1249 1248/1248/1248 1246/1246/1246
f 1252/1252/1252 1251/1251/1251 1250/1250/1250
f 1253/1253/1253 1252/1252/1252 1250/1250/1250
f 1256/1256/1256 1255/1255/1255 1254/1254/1254
f 1257/1257/1257 1256/1256/1256 1254/1254/1254
f 1260/1260/1260 1259/1259/1259 1258/1258/1258
f 1261/1261/1261 1260/1260/1260 1258/1258/1258
f 1264/1264/1264 1263/1263/1263 1262/1262/1262
f 1265/1265/1265 1264/1264/1264 1262/1262/1262
f 1268/1268/1268 1267/1267/1267 1266/1266/1266
f 1269/1269/1269 1268/1268/1268 1266/1266/1266
f 1272/1272/1272 1271/1271/1271 1270/1270/1270
f 1273/1273/1273 1272/1272/1272 1270/1270/1270
f 1276/1276/1276 1275/1275/1275 1274/1274/1274
f 1277/1277/1277 1276/1276/1276 1274/1274/1274
f 1280/1280/1280 1279/1279/1279 1278/1278/1278
f 1281/1281/1281 1280/1280/1280 1278/1278/1278
f 1284/1284/1284 1283/1283/1283 1282/1282/1282
f 1285/1285/1285 1284/1284/1284 1282/1282/1282
f 1288/1288/1288 1287/1287/1287 1286/1286/1286
f 1289/1289/1289 1288/1288/1288 1286/1286/1286
f 1292/1292/1292 1291/1291/1291 1290/1290/1290
f 1293/1293/1293 1292/1292/1292 1290/1290/1290
f 1296/1296/1296 1295/1295/1295 1294/1294/1294
f 1297/1297/1297 1296/1296/1296 1294/1294/1294
f 1300/1300/1300 1299/1299/1299 1298/1298/1298
f 1301/1301/1301 1300/1300/1300 1298/1298/1298
f 1304/1304/1304 1303/1303/1303 1302/1302/1302
f 1305/1305/1305 1304/1304/1304 1302/1302/1302
f 1308/1308/1308 1307/1307/1307 1306/1306/1306
f 1309/1309/1309 1308/1308/1308 1306/1306/1306
f 1312/1312/1312 1311/1311/1311 1310/1310/1310
f 1313/1313/1313 1312/1312/1312 1310/1310/1310
f 1316/1316/1316 1315/1315/1315 1314/1314/1314
f 1317/1317/1317 1316/1316/1316 1314/1314/1314
f 1320/1320/1320 1319/1319/1319 1318/1318/1318
f 1321/1321/1321 1320/1320/1320 1318/1318/1318
f 1324/1324/1324 1323/1323/1323 1322/1322/1322
f 1325/1325/1325 1324/1324/1324 1322/1322/1322
f 1328/1328/1328 1327/1327/1327 1326/1326/1326
f 1329/1329/1329 1328/1328/1328 1326/1326/1326
f 1332/1332/1332 1331/1331/1331 1330/1330/1330
f 1333/1333/1333 1332/1332/1332 1330/1330/1330
f 1336/1336/1336 1335/1335/1335 1334/1334/1334
f 1337/1337/1337 1336/1336/1336 1334/1334/1334
f 1340/1340/1340 1339/1339/1339 1338/1338/1338
f 1341/1341/1341 1340/1340/1340 1338/1338/1338
f 1344/1344/1344 1343/1343/1343 1342/1342/1342
f 1345/1345/1345 1344/1344/1344 1342/1342/1342
f 1348/1348/1348 1347/1347/1347 1346/1346/1346
f 1349/1349/1349 1348/1348/1348 1346/1346/1346
f 1352/1352/1352 1351/1351/1351 1350/1350/1350
f 1353/1353/1353 1352/1352/1352 1350/1350/1350
f 1356/1356/1356 1355/1355/1355 1354/1354/1354
f 1357/1357/1357 1356/1356/1356 1354/1354/1354
f 1360/1360/1360 1359/1359/1359 1358/1358/1358
f 1361/1361/1361 1360/1360/1360 1358/1358/1358
f 1364/1364/1364 1363/1363/1363 1362/1362/1362
f 1365/1365/1365 1364/1364/1364 1362/1362/1362
f 1368/1368/1368 1367/1367/1367 1366/1366/1366
f 1369/1369/1369 1368/1368/1368 1366/1366/1366
f 1372/1372/1372 1371/1371/1371 1370/1370/1370
f 1373/1373/1373 1372/1372/1372 1370/1370/1370
f 1376/1376/1376 1375/1375/1375 1374/1374/1374
f 1377/1377/1377 1376/1376/1376 1374/1374/1374
f 1380/1380/1380 1379/1379/1379 1378/1378/1378
f 1381/1381/1381 1380/1380/1380 1378/1378/1378
f 1384/1384/1384 1383/1383/1383 1382/1382/1382
f 1385/1385/1385 1384/1384/1384 1382/1382/1382
f 1388/1388/1388 1387/1387/1387 1386/1386/1386
f 1389/1389/1389 1388/1388/1388 1386/1386/1386
f 1392/1392/1392 1391/1391/1391 1390/1390/1390
f 1393/1393/1393 1392/1392/1392 1390/1390/1390
f 1396/1396/1396 1395/1395/1395 1394/1394/1394
f 1397/1397/1397 1396/1396/1396 1394/1394/1394
f 1400/1400/1400 1399/1399/1399 1398/1398/1398
f 1401/1401/1401 1400/1400/1400 1398/1398/1398
f 1404/1404/1404 1403/1403/1403 1402/1402/1402
f 1405/1405/1405 1404/1404/1404 1402/1402/1402
f 1408/1408/1408 1407/1407/1407 1406/1406/1406
f 1409/1409/1409 1408/1408/1408 1406/1406/1406
f 1412/1412/1412 1411/1411/1411 1410/1410/1410
f 1413/1413/1413 1412/1412/1412 1410/1410/1410
f 1416/1416/1416 1415/1415/1415 1414/1414/1414
f 1417/1417/1417 1416/1416/1416 1414/1414/1414
f 1420/1420/1420 1419/1419/1419 1418/1418/1418
f 1421/1421/1421 1420/1420/1420 1418/1418/1418
f 1424/1424/1424 1423/1423/1423 1422/1422/1422
f 1425/1425/1425 1424/1424/1424 1422/1422/1422
f 1428/1428/1428 1427/1427/1427 1426/1426/1426
f 1429/1429/1429 1428/1428/1428 1426/1426/1426
f 1432/1432/1432 1431/1431/1431 1430/1430/1430
f 1433/1433/1433 1432/1432/1432 1430/1430/1430
f 1436/1436/1436 1435/1435/1435 1434/1434/1434
f 1437/1437/1437 1436/1436/1436 1434/1434/1434
f 1440/1440/1440 1439/1439/1439 1438/1438/1438
f 1441/1441/1441 1440/1440/1440 1438/1438/1438
f 1444/1444/1444 1443/1443/1443 1442/1442/1442
f 1442/1442/1442 1443/1443/1443 1445/1445/1445
f 1443/1443/1443 1446/1446/1446 1445/1445/1445
f 1445/1445/1445 1446/1446/1446 1447/1447/1447
f 1446/1446/1446 1448/1448/1448 1447/1447/1447
f 1448/1448/1448 1449/1449/1449 1447/1447/1447
f 1449/1449/1449 1450/1450/1450 1447/1447/1447
f 1453/1453/1453 1452/1452/1452 1451/1451/1451
f 1451/1451/1451 1452/1452/1452 1454/1454/1454
f 1452/1452/1452 1455/1455/1455 1454/1454/1454
f 1454/1454/1454 1455/1455/1455 1456/1456/1456
f 1455/1455/1455 1457/1457/1457 1456/1456/1456
f 1457/1457/1457 1458/1458/1458 1456/1456/1456
f 1458/1458/1458 1459/1459/1459 1456/1456/1456
f 1462/1462/1462 1461/1461/1461 1460/1460/1460
f 1460/1460/1460 1461/1461/1461 1463/1463/1463
f 1461/1461/1461 1464/1464/1464 1463/1463/1463
f 1463/1463/1463 1464/1464/1464 1465/1465/1465
f 1464/1464/1464 1466/1466/1466 1465/1465/1465
f 1466/1466/1466 1467/1467/1467 1465/1465/1465
f 1467/1467/1467 1468/1468/1468 1465/1465/1465
f 1471/1471/1471 1470/1470/1470 1469/1469/1469
f 1469/1469/1469 1470/1470/1470 1472/1472/1472
f 1470/1470/1470 1473/1473/1473 1472/1472/1472
f 1472/1472/1472 1473/1473/1473 1474/1474/1474
f 1473/1473/1473 1475/1475/1475 1474/1474/1474
f 1475/1475/1475 1476/1476/1476 1474/1474/1474
f 1476/1476/1476 1477/1477/1477 1474/1474/1474
f 1480/1480/1480 1479/1479/1479 1478/1478/1478
f 1478/1478/1478 1479/1479/1479 1481/1481/1481
f 1479/1479/1479 1482/1482/1482 1481/1481/1481
f 1481/1481/1481 1482/1482/1482 1483/1483/1483
f 1482/1482/1482 1484/1484/1484 1483/1483/1483
f 1484/1484/1484 1485/1485/1485 1483/1483/1483
f 1485/1485/1485 1486/1486/1486 1483/1483/1483
f 1489/1489/1489 1488/1488/1488 1487/1487/1487
f 1487/1487/1487 1488/1488/1488 1490/1490/1490
f 1488/1488/1488 1491/1491/1491 1490/1490/1490
f 1490/1490/1490 1491/1491/1491 1492/1492/1492
f 1491/1491/1491 1493/1493/1493 1492/1492/1492
f 1493/1493/1493 1494/1494/1494 1492/1492/1492
f 1494/1494/1494 1495/1495/1495 1492/1492/1492
f 1498/1498/1498 1497/1497/1497 1496/1496/1496
f 1496/1496/1496 1497/1497/1497 1499/1499/1499
f 1497/1497/1497 1500/1500/1500 1499/1499/1499
f 1499/1499/1499 1500/1500/1500 1501/1501/1501
f 1500/1500/1500 1502/1502/1502 1501/1501/1501
f 1502/1502/1502 1503/1503/1503 1501/1501/1501
f 1503/1503/1503 1504/1504/1504 1501/1501/1501
f 1507/1507/1507 1506/1506/1506 1505/1505/1505
f 1505/1505/1505 1506/1506/1506 1508/1508/1508
f 1506/1506/1506 1509/1509/1509 1508/1508/1508
f 1508/1508/1508 1509/1509/1509 1510/1510/1510
f 1509/1509/1509 1511/1511/1511 1510/1510/1510
f 1511/1511/1511 1512/1512/1512 1510/1510/1510
f 1512/1512/1512 1513/1513/1513 1510/1510/1510
f 1516/1516/1516 1515/1515/1515 1514/1514/1514
f 1514/1514/1514 1515/1515/1515 1517/1517/1517
f 1515/1515/1515 1518/1518/1518 1517/1517/1517
f 1517/1517/1517 1518/1518/1518 1519/1519/1519
f 1518/1518/1518 1520/1520/1520 1519/1519/1519
f 1520/1520/1520 1521/1521/1521 1519/1519/1519
f 1521/1521/1521 1522/1522/1522 1519/1519/1519
f 1525/1525/1525 1524/1524/1524 1523/1523/1523
f 1523/1523/1523 1524/1524/1524 1526/1526/1526
f 1524/1524/1524 1527/1527/1527 1526/1526/1526
f 1526/1526/1526 1527/1527/1527 1528/1528/1528
f 1527/1527/1527 1529/1529/1529 1528/1528/1528
f 1529/1529/1529 1530/1530/1530 1528/1528/1528
f 1530/1530/1530 1531/1531/1531 1528/1528/1528
f 1534/1534/1534 1533/1533/1533 1532/1532/1532
f 1535/1535/1535 1534/1534/1534 1532/1532/1532
f 1538/1538/1538 1537/1537/1537 1536/1536/1536
f 1539/1539/1539 1538/1538/1538 1536/1536/1536
f 1542/1542/1542 1541/1541/1541 1540/1540/1540
f 1543/1543/1543 1542/1542/1542 1540/1540/1540
f 1546/1546/1546 1545/1545/1545 1544/1544/1544
f 1547/1547/1547 1546/1546/1546 1544/1544/1544
f 1550/1550/1550 1549/1549/1549 1548/1548/1548
f 1551/1551/1551 1550/1550/1550 1548/1548/1548
f 1554/1554/1554 1553/1553/1553 1552/1552/1552
f 1555/1555/1555 1554/1554/1554 1552/1552/1552
f 1558/1558/1558 1557/1557/1557 1556/1556/1556
f 1559/1559/1559 1558/1558/1558 1556/1556/1556
f 1562/1562/1562 1561/1561/1561 1560/1560/1560
f 1563/1563/1563 1562/1562/1562 1560/1560/1560
f 1566/1566/1566 1565/1565/1565 1564/1564/1564
f 1567/1567/1567 1566/1566/1566 1564/1564/1564
f 1570/1570/1570 1569/1569/1569 1568/1568/1568
f 1571/1571/1571 1570/1570/1570 1568/1568/1568
f 1574/1574/1574 1573/1573/1573 1572/1572/1572
f 1575/1575/1575 1574/1574/1574 1572/1572/1572
f 1578/1578/1578 1577/1577/1577 1576/1576/1576
f 1577/1577/1577 1578/1578/1578 1579/1579/1579
f 1577/1577/1577 1579/1579/1579 1580/1580/1580
f 1581/1581/1581 1577/1577/1577 1580/1580/1580
f 1581/1581/1581 1580/1580/1580 1582/1582/1582
f 1583/1583/1583 1581/1581/1581 1582/1582/1582
f 1583/1583/1583 1582/1582/1582 1584/1584/1584
f 1584/1584/1584 1585/1585/1585 1583/1583/1583
f 1588/1588/1588 1587/1587/1587 1586/1586/1586
f 1589/1589/1589 1588/1588/1588 1586/1586/1586
f 1592/1592/1592 1591/1591/1591 1590/1590/1590
f 1593/1593/1593 1592/1592/1592 1590/1590/1590
f 1596/1596/1596 1595/1595/1595 1594/1594/1594
f 1597/1597/1597 1596/1596/1596 1594/1594/1594
f 1600/1600/1600 1599/1599/1599 1598/1598/1598
f 1601/1601/1601 1600/1600/1600 1598/1598/1598
f 1604/1604/1604 1603/1603/1603 1602/1602/1602
f 1605/1605/1605 1604/1604/1604 1602/1602/1602
f 1608/1608/1608 1607/1607/1607 1606/1606/1606
f 1609/1609/1609 1608/1608/1608 1606/1606/1606
f 1612/1612/1612 1611/1611/1611 1610/1610/1610
f 1613/1613/1613 1612/1612/1612 1610/1610/1610
f 1616/1616/1616 1615/1615/1615 1614/1614/1614
f 1617/1617/1617 1616/1616/1616 1614/1614/1614
f 1620/1620/1620 1619/1619/1619 1618/1618/1618
f 1621/1621/1621 1620/1620/1620 1618/1618/1618
f 1624/1624/1624 1623/1623/1623 1622/1622/1622
f 1625/1625/1625 1624/1624/1624 1622/1622/1622
f 1628/1628/1628 1627/1627/1627 1626/1626/1626
f 1629/1629/1629 1628/1628/1628 1626/1626/1626
f 1632/1632/1632 1631/1631/1631 1630/1630/1630
f 1633/1633/1633 1632/1632/1632 1630/1630/1630
f 1636/1636/1636 1635/1635/1635 1634/1634/1634
f 1637/1637/1637 1636/1636/1636 1634/1634/1634
f 1640/1640/1640 1639/1639/1639 1638/1638/1638
f 1641/1641/1641 1640/1640/1640 1638/1638/1638
f 1644/1644/1644 1643/1643/1643 1642/1642/1642
f 1643/1643/1643 1645/1645/1645 1642/1642/1642
f 1645/1645/1645 1643/1643/1643 1646/1646/1646
f 1647/1647/1647 1645/1645/1645 1646/1646/1646
f 1647/1647/1647 1646/1646/1646 1648/1648/1648
f 1649/1649/1649 1647/1647/1647 1648/1648/1648
f 1648/1648/1648 1650/1650/1650 1649/1649/1649
f 1650/1650/1650 1651/1651/1651 1649/1649/1649
f 1654/1654/1654 1653/1653/1653 1652/1652/1652
f 1655/1655/1655 1654/1654/1654 1652/1652/1652
f 1658/1658/1658 1657/1657/1657 1656/1656/1656
f 1659/1659/1659 1658/1658/1658 1656/1656/1656
f 1662/1662/1662 1661/1661/1661 1660/1660/1660
f 1663/1663/1663 1662/1662/1662 1660/1660/1660
f 1666/1666/1666 1665/1665/1665 1664/1664/1664
f 1667/1667/1667 1666/1666/1666 1664/1664/1664
f 1670/1670/1670 1669/1669/1669 1668/1668/1668
f 1671/1671/1671 1670/1670/1670 1668/1668/1668
f 1674/1674/1674 1673/1673/1673 1672/1672/1672
f 1675/1675/1675 1674/1674/1674 1672/1672/1672
f 1678/1678/1678 1677/1677/1677 1676/1676/1676
f 1679/1679/1679 1678/1678/1678 1676/1676/1676
f 1682/1682/1682 1681/1681/1681 1680/1680/1680
f 1683/1683/1683 1682/1682/1682 1680/1680/1680
f 1686/1686/1686 1685/1685/1685 1684/1684/1684
f 1687/1687/1687 1686/1686/1686 1684/1684/1684
f 1690/1690/1690 1689/1689/1689 1688/1688/1688
f 1691/1691/1691 1690/1690/1690 1688/1688/1688
f 1694/1694/1694 1693/1693/1693 1692/1692/1692
f 1695/1695/1695 1694/1694/1694 1692/1692/1692
f 1698/1698/1698 1697/1697/1697 1696/1696/1696
f 1699/1699/1699 1698/1698/1698 1696/1696/1696
f 1702/1702/1702 1701/1701/1701 1700/1700/1700
f 1703/1703/1703 1702/1702/1702 1700/1700/1700
f 1706/1706/1706 1705/1705/1705 1704/1704/1704
f 1707/1707/1707 1706/1706/1706 1704/1704/1704
f 1710/1710/1710 1709/1709/1709 1708/1708/1708
f 1711/1711/1711 1710/1710/1710 1708/1708/1708
f 1714/1714/1714 1713/1713/1713 1712/1712/1712
f 1715/1715/1715 1714/1714/1714 1712/1712/1712
f 1718/1718/1718 1717/1717/1717 1716/1716/1716
f 1719/1719/1719 1718/1718/1718 1716/1716/1716
f 1722/1722/1722 1721/1721/1721 1720/1720/1720
f 1723/1723/1723 1722/1722/1722 1720/1720/1720
f 1726/1726/1726 1725/1725/1725 1724/1724/1724
f 1727/1727/1727 1726/1726/1726 1724/1724/1724
f 1730/1730/1730 1729/1729/1729 1728/1728/1728
f 1731/1731/1731 1730/1730/1730 1728/1728/1728
f 1734/1734/1734 1733/1733/1733 1732/1732/1732
f 1735/1735/1735 1734/1734/1734 1732/1732/1732
f 1738/1738/1738 1737/1737/1737 1736/1736/1736
f 1739/1739/1739 1738/1738/1738 1736/1736/1736
f 1742/1742/1742 1741/1741/1741 1740/1740/1740
f 1743/1743/1743 1742/1742/1742 1740/1740/1740
f 1746/1746/1746 1745/1745/1745 1744/1744/1744
f 1747/1747/1747 1746/1746/1746 1744/1744/1744
f 1750/1750/1750 1749/1749/1749 1748/1748/1748
f 1751/1751/1751 1750/1750/1750 1748/1748/1748
f 1754/1754/1754 1753/1753/1753 1752/1752/1752
f 1755/1755/1755 1754/1754/1754 1752/1752/1752
f 1758/1758/1758 1757/1757/1757 1756/1756/1756
f 1759/1759/1759 1758/1758/1758 1756/1756/1756
f 1762/1762/1762 1761/1761/1761 1760/1760/1760
f 1763/1763/1763 1762/1762/1762 1760/1760/1760
f 1766/1766/1766 1765/1765/1765 1764/1764/1764
f 1767/1767/1767 1766/1766/1766 1764/1764/1764
f 1770/1770/1770 1769/1769/1769 1768/1768/1768
f 1771/1771/1771 1770/1770/1770 1768/1768/1768
f 1774/1774/1774 1773/1773/1773 1772/1772/1772
f 1775/1775/1775 1774/1774/1774 1772/1772/1772
f 1778/1778/1778 1777/1777/1777 1776/1776/1776
f 1779/1779/1779 1778/1778/1778 1776/1776/1776
f 1782/1782/1782 1781/1781/1781 1780/1780/1780
f 1783/1783/1783 1782/1782/1782 1780/1780/1780
f 1786/1786/1786 1785/1785/1785 1784/1784/1784
f 1787/1787/1787 1786/1786/1786 1784/1784/1784
f 1790/1790/1790 1789/1789/1789 1788/1788/1788
f 1791/1791/1791 1790/1790/1790 1788/1788/1788
f 1794/1794/1794 1793/1793/1793 1792/1792/1792
f 1795/1795/1795 1794/1794/1794 1792/1792/1792
f 1798/1798/1798 1797/1797/1797 1796/1796/1796
f 1799/1799/1799 1798/1798/1798 1796/1796/1796
f 1802/1802/1802 1801/1801/1801 1800/1800/1800
f 1803/1803/1803 1802/1802/1802 1800/1800/1800
f 1806/1806/1806 1805/1805/1805 1804/1804/1804
f 1807/1807/1807 1806/1806/1806 1804/1804/1804
f 1810/1810/1810 1809/1809/1809 1808/1808/1808
f 1811/1811/1811 1810/1810/1810 1808/1808/1808
f 1814/1814/1814 1813/1813/1813 1812/1812/1812
f 1815/1815/1815 1814/1814/1814 1812/1812/1812
f 1818/1818/1818 1817/1817/1817 1816/1816/1816
f 1819/1819/1819 1818/1818/1818 1816/1816/1816
f 1822/1822/1822 1821/1821/1821 1820/1820/1820
f 1823/1823/1823 1822/1822/1822 1820/1820/1820
f 1826/1826/1826 1825/1825/1825 1824/1824/1824
f 1827/1827/1827 1826/1826/1826 1824/1824/1824
f 1830/1830/1830 1829/1829/1829 1828/1828/1828
f 1831/1831/1831 1830/1830/1830 1828/1828/1828
f 1834/1834/1834 1833/1833/1833 1832/1832/1832
f 1835/1835/1835 1834/1834/1834 1832/1832/1832
f 1838/1838/1838 1837/1837/1837 1836/1836/1836
f 1839/1839/1839 1838/1838/1838 1836/1836/1836
f 1842/1842/1842 1841/1841/1841 1840/1840/1840
f 1843/1843/1843 1842/1842/1842 1840/1840/1840
f 1846/1846/1846 1845/1845/1845 1844/1844/1844
f 1847/1847/1847 1846/1846/1846 1844/1844/1844
f 1850/1850/1850 1849/1849/1849 1848/1848/1848
f 1851/1851/1851 1850/1850/1850 1848/1848/1848
f 1854/1854/1854 1853/1853/1853 1852/1852/1852
f 1855/1855/1855 1854/1854/1854 1852/1852/1852
f 1858/1858/1858 1857/1857/1857 1856/1856/1856
f 1859/1859/1859 1858/1858/1858 1856/1856/1856
f 1862/1862/1862 1861/1861/1861 1860/1860/1860
f 1863/1863/1863 1862/1862/1862 1860/1860/1860
f 1866/1866/1866 1865/1865/1865 1864/1864/1864
f 1867/1867/1867 1866/1866/1866 1864/1864/1864
f 1870/1870/1870 1869/1869/1869 1868/1868/1868
f 1871/1871/1871 1870/1870/1870 1868/1868/1868
f 1874/1874/1874 1873/1873/1873 1872/1872/1872
f 1873/1873/1873 1875/1875/1875 1872/1872/1872
f 1876/1876/1876 1872/1872/1872 1875/1875/1875
f 1876/1876/1876 1877/1877/1877 1872/1872/1872
f 1878/1878/1878 1876/1876/1876 1875/1875/1875
f 1877/1877/1877 1879/1879/1879 1872/1872/1872
f 1880/1880/1880 1872/1872/1872 1879/1879/1879
f 1877/1877/1877 1881/1881/1881 1879/1879/1879
f 1882/1882/1882 1880/1880/1880 1879/1879/1879
f 1881/1881/1881 1883/1883/1883 1879/1879/1879
f 1882/1882/1882 1879/1879/1879 1883/1883/1883
f 1881/1881/1881 1884/1884/1884 1883/1883/1883
f 1885/1885/1885 1882/1882/1882 1883/1883/1883
f 1884/1884/1884 1886/1886/1886 1883/1883/1883
f 1885/1885/1885 1883/1883/1883 1886/1886/1886
f 1884/1884/1884 1887/1887/1887 1886/1886/1886
f 1888/1888/1888 1885/1885/1885 1886/1886/1886
f 1887/1887/1887 1889/1889/1889 1886/1886/1886
f 1888/1888/1888 1886/1886/1886 1889/1889/1889
f 1887/1887/1887 1890/1890/1890 1889/1889/1889
f 1891/1891/1891 1888/1888/1888 1889/1889/1889
f 1890/1890/1890 1892/1892/1892 1889/1889/1889
f 1891/1891/1891 1889/1889/1889 1892/1892/1892
f 1890/1890/1890 1893/1893/1893 1892/1892/1892
f 1894/1894/1894 1891/1891/1891 1892/1892/1892
f 1893/1893/1893 1895/1895/1895 1892/1892/1892
f 1894/1894/1894 1892/1892/1892 1895/1895/1895
f 1893/1893/1893 1896/1896/1896 1895/1895/1895
f 1897/1897/1897 1894/1894/1894 1895/1895/1895
f 1896/1896/1896 1898/1898/1898 1895/1895/1895
f 1897/1897/1897 1895/1895/1895 1898/1898/1898
f 1896/1896/1896 1899/1899/1899 1898/1898/1898
f 1900/1900/1900 1897/1897/1897 1898/1898/1898
f 1899/1899/1899 1901/1901/1901 1898/1898/1898
f 1900/1900/1900 1898/1898/1898 1901/1901/1901
f 1899/1899/1899 1878/1878/1878 1901/1901/1901
f 1902/1902/1902 1900/1900/1900 1901/1901/1901
f 1878/1878/1878 1875/1875/1875 1901/1901/1901
f 1902/1902/1902 1901/1901/1901 1875/1875/1875
f 1903/1903/1903 1902/1902/1902 1875/1875/1875
f 1906/1906/1906 1905/1905/1905 1904/1904/1904
f 1907/1907/1907 1906/1906/1906 1904/1904/1904
f 1909/1909/1909 1908/1908/1908 1907/1907/1907
f 1908/1908/1908 1910/1910/1910 1907/1907/1907
f 1908/1908/1908 1911/1911/1911 1910/1910/1910
f 1911/1911/1911 1912/1912/1912 1910/1910/1910
f 1911/1911/1911 1913/1913/1913 1912/1912/1912
f 1910/1910/1910 1912/1912/1912 1914/1914/1914
f 1913/1913/1913 1915/1915/1915 1912/1912/1912
f 1913/1913/1913 1916/1916/1916 1915/1915/1915
f 1912/1912/1912 1915/1915/1915 1917/1917/1917
f 1915/1915/1915 1918/1918/1918 1917/1917/1917
f 1912/1912/1912 1919/1919/1919 1914/1914/1914
f 1916/1916/1916 1920/1920/1920 1915/1915/1915
f 1915/1915/1915 1920/1920/1920 1918/1918/1918
f 1916/1916/1916 1921/1921/1921 1920/1920/1920
f 1920/1920/1920 1922/1922/1922 1918/1918/1918
f 1921/1921/1921 1923/1923/1923 1920/1920/1920
f 1920/1920/1920 1923/1923/1923 1922/1922/1922
f 1921/1921/1921 1924/1924/1924 1923/1923/1923
f 1924/1924/1924 1925/1925/1925 1923/1923/1923
f 1924/1924/1924 1926/1926/1926 1925/1925/1925
f 1923/1923/1923 1927/1927/1927 1922/1922/1922
f 1923/1923/1923 1925/1925/1925 1928/1928/1928
f 1922/1922/1922 1927/1927/1927 1929/1929/1929
f 1927/1927/1927 1930/1930/1930 1929/1929/1929
f 1926/1926/1926 1931/1931/1931 1925/1925/1925
f 1926/1926/1926 1932/1932/1932 1931/1931/1931
f 1925/1925/1925 1933/1933/1933 1928/1928/1928
f 1928/1928/1928 1933/1933/1933 1930/1930/1930
f 1925/1925/1925 1931/1931/1931 1933/1933/1933
f 1932/1932/1932 1934/1934/1934 1931/1931/1931
f 1932/1932/1932 1935/1935/1935 1934/1934/1934
f 1935/1935/1935 1936/1936/1936 1934/1934/1934
f 1935/1935/1935 1909/1909/1909 1936/1936/1936
f 1909/1909/1909 1937/1937/1937 1936/1936/1936
f 1934/1934/1934 1936/1936/1936 1938/1938/1938
f 1936/1936/1936 1937/1937/1937 1939/1939/1939
f 1936/1936/1936 1939/1939/1939 1938/1938/1938
f 1937/1937/1937 1940/1940/1940 1939/1939/1939
f 1931/1931/1931 1941/1941/1941 1933/1933/1933
f 1933/1933/1933 1942/1942/1942 1930/1930/1930
f 1933/1933/1933 1941/1941/1941 1942/1942/1942
f 1941/1941/1941 1938/1938/1938 1943/1943/1943
f 1941/1941/1941 1943/1943/1943 1942/1942/1942
f 1938/1938/1938 1939/1939/1939 1944/1944/1944
f 1938/1938/1938 1944/1944/1944 1943/1943/1943
f 1943/1943/1943 1944/1944/1944 1945/1945/1945
f 1944/1944/1944 1946/1946/1946 1945/1945/1945
f 1939/1939/1939 1947/1947/1947 1944/1944/1944
f 1939/1939/1939 1940/1940/1940 1947/1947/1947
f 1940/1940/1940 1948/1948/1948 1947/1947/1947
f 1940/1940/1940 1914/1914/1914 1948/1948/1948
f 1914/1914/1914 1949/1949/1949 1948/1948/1948
f 1914/1914/1914 1919/1919/1919 1949/1949/1949
f 1948/1948/1948 1949/1949/1949 1950/1950/1950
f 1949/1949/1949 1951/1951/1951 1950/1950/1950
f 1919/1919/1919 1952/1952/1952 1949/1949/1949
f 1954/1954/1954 1947/1947/1947 1953/1953/1953
f 1947/1947/1947 1955/1955/1955 1953/1953/1953
f 1948/1948/1948 1956/1956/1956 1955/1955/1955
f 1957/1957/1957 1948/1948/1948 1955/1955/1955
f 1952/1952/1952 1959/1959/1959 1958/1958/1958
f 1960/1960/1960 1952/1952/1952 1958/1958/1958
f 1919/1919/1919 1962/1962/1962 1961/1961/1961
f 1962/1962/1962 1963/1963/1963 1961/1961/1961
f 1966/1966/1966 1965/1965/1965 1964/1964/1964
f 1931/1931/1931 1966/1966/1966 1964/1964/1964
f 1969/1969/1969 1968/1968/1968 1967/1967/1967
f 1968/1968/1968 1970/1970/1970 1967/1967/1967
f 1968/1968/1968 1971/1971/1971 1970/1970/1970
f 1971/1971/1971 1972/1972/1972 1970/1970/1970
f 1971/1971/1971 1973/1973/1973 1972/1972/1972
f 1973/1973/1973 1974/1974/1974 1972/1972/1972
f 1973/1973/1973 1975/1975/1975 1974/1974/1974
f 1975/1975/1975 1976/1976/1976 1974/1974/1974
f 1975/1975/1975 1977/1977/1977 1976/1976/1976
f 1977/1977/1977 1978/1978/1978 1976/1976/1976
f 1977/1977/1977 1979/1979/1979 1978/1978/1978
f 1979/1979/1979 1980/1980/1980 1978/1978/1978
f 1979/1979/1979 1981/1981/1981 1980/1980/1980
f 1981/1981/1981 1982/1982/1982 1980/1980/1980
f 1981/1981/1981 1983/1983/1983 1982/1982/1982
f 1983/1983/1983 1984/1984/1984 1982/1982/1982
f 1983/1983/1983 1985/1985/1985 1984/1984/1984
f 1985/1985/1985 1986/1986/1986 1984/1984/1984
f 1989/1989/1989 1988/1988/1988 1987/1987/1987
f 1988/1988/1988 1967/1967/1967 1987/1987/1987
f 1992/1992/1992 1991/1991/1991 1990/1990/1990
f 1993/1993/1993 1992/1992/1992 1990/1990/1990
f 1995/1995/1995 1942/1942/1942 1994/1994/1994
f 1942/1942/1942 1996/1996/1996 1994/1994/1994
f 1943/1943/1943 1997/1997/1997 1996/1996/1996
f 1998/1998/1998 1943/1943/1943 1996/1996/1996
f 1930/1930/1930 2000/2000/2000 1999/1999/1999
f 2001/2001/2001 1930/1930/1930 1999/1999/1999
f 2003/2003/2003 1999/1999/1999 2002/2002/2002
f 2004/2004/2004 2003/2003/2003 2002/2002/2002
f 1922/1922/1922 2003/2003/2003 2004/2004/2004
f 2005/2005/2005 1922/1922/1922 2004/2004/2004
f 2008/2008/2008 2007/2007/2007 2006/2006/2006
f 2006/2006/2006 2007/2007/2007 2009/2009/2009
f 2007/2007/2007 2010/2010/2010 2009/2009/2009
f 2009/2009/2009 2010/2010/2010 2011/2011/2011
f 2010/2010/2010 2012/2012/2012 2011/2011/2011
f 2012/2012/2012 2013/2013/2013 2011/2011/2011
f 2013/2013/2013 2014/2014/2014 2011/2011/2011
f 2017/2017/2017 2016/2016/2016 2015/2015/2015
f 2015/2015/2015 2016/2016/2016 2018/2018/2018
f 2016/2016/2016 2019/2019/2019 2018/2018/2018
f 2018/2018/2018 2019/2019/2019 2020/2020/2020
f 2019/2019/2019 2021/2021/2021 2020/2020/2020
f 2021/2021/2021 2022/2022/2022 2020/2020/2020
f 2022/2022/2022 2023/2023/2023 2020/2020/2020
f 2026/2026/2026 2025/2025/2025 2024/2024/2024
f 2024/2024/2024 2025/2025/2025 2027/2027/2027
f 2025/2025/2025 2028/2028/2028 2027/2027/2027
f 2027/2027/2027 2028/2028/2028 2029/2029/2029
f 2028/2028/2028 2030/2030/2030 2029/2029/2029
f 2030/2030/2030 2031/2031/2031 2029/2029/2029
f 2031/2031/2031 2032/2032/2032 2029/2029/2029
f 2035/2035/2035 2034/2034/2034 2033/2033/2033
f 2033/2033/2033 2034/2034/2034 2036/2036/2036
f 2034/2034/2034 2037/2037/2037 2036/2036/2036
f 2036/2036/2036 2037/2037/2037 2038/2038/2038
f 2037/2037/2037 2039/2039/2039 2038/2038/2038
f 2039/2039/2039 2040/2040/2040 2038/2038/2038
f 2040/2040/2040 2041/2041/2041 2038/2038/2038
f 2044/2044/2044 2043/2043/2043 2042/2042/2042
f 2042/2042/2042 2043/2043/2043 2045/2045/2045
f 2043/2043/2043 2046/2046/2046 2045/2045/2045
f 2045/2045/2045 2046/2046/2046 2047/2047/2047
f 2046/2046/2046 2048/2048/2048 2047/2047/2047
f 2048/2048/2048 2049/2049/2049 2047/2047/2047
f 2049/2049/2049 2050/2050/2050 2047/2047/2047
f 2053/2053/2053 2052/2052/2052 2051/2051/2051
f 2051/2051/2051 2052/2052/2052 2054/2054/2054
f 2052/2052/2052 2055/2055/2055 2054/2054/2054
f 2054/2054/2054 2055/2055/2055 2056/2056/2056
f 2055/2055/2055 2057/2057/2057 2056/2056/2056
f 2057/2057/2057 2058/2058/2058 2056/2056/2056
f 2058/2058/2058 2059/2059/2059 2056/2056/2056
f 2062/2062/2062 2061/2061/2061 2060/2060/2060
f 2060/2060/2060 2061/2061/2061 2063/2063/2063
f 2061/2061/2061 2064/2064/2064 2063/2063/2063
f 2063/2063/2063 2064/2064/2064 2065/2065/2065
f 2064/2064/2064 2066/2066/2066 2065/2065/2065
f 2066/2066/2066 2067/2067/2067 2065/2065/2065
f 2067/2067/2067 2068/2068/2068 2065/2065/2065
f 2071/2071/2071 2070/2070/2070 2069/2069/2069
f 2069/2069/2069 2070/2070/2070 2072/2072/2072
f 2070/2070/2070 2073/2073/2073 2072/2072/2072
f 2072/2072/2072 2073/2073/2073 2074/2074/2074
f 2073/2073/2073 2075/2075/2075 2074/2074/2074
f 2075/2075/2075 2076/2076/2076 2074/2074/2074
f 2076/2076/2076 2077/2077/2077 2074/2074/2074
f 2080/2080/2080 2079/2079/2079 2078/2078/2078
f 2078/2078/2078 2079/2079/2079 2081/2081/2081
f 2079/2079/2079 2082/2082/2082 2081/2081/2081
f 2081/2081/2081 2082/2082/2082 2083/2083/2083
f 2082/2082/2082 2084/2084/2084 2083/2083/2083
f 2084/2084/2084 2085/2085/2085 2083/2083/2083
f 2085/2085/2085 2086/2086/2086 2083/2083/2083
f 2089/2089/2089 2088/2088/2088 2087/2087/2087
f 2087/2087/2087 2088/2088/2088 2090/2090/2090
f 2088/2088/2088 2091/2091/2091 2090/2090/2090
f 2090/2090/2090 2091/2091/2091 2092/2092/2092
f 2091/2091/2091 2093/2093/2093 2092/2092/2092
f 2093/2093/2093 2094/2094/2094 2092/2092/2092
f 2094/2094/2094 2095/2095/2095 2092/2092/2092
f 2098/2098/2098 2097/2097/2097 2096/2096/2096
f 2099/2099/2099 2098/2098/2098 2096/2096/2096
f 2102/2102/2102 2101/2101/2101 2100/2100/2100
f 2103/2103/2103 2102/2102/2102 2100/2100/2100
f 2106/2106/2106 2105/2105/2105 2104/2104/2104
f 2107/2107/2107 2106/2106/2106 2104/2104/2104
f 2110/2110/2110 2109/2109/2109 2108/2108/2108
f 2111/2111/2111 2110/2110/2110 2108/2108/2108
f 2114/2114/2114 2113/2113/2113 2112/2112/2112
f 2115/2115/2115 2114/2114/2114 2112/2112/2112
f 2118/2118/2118 2117/2117/2117 2116/2116/2116
f 2119/2119/2119 2118/2118/2118 2116/2116/2116
f 2122/2122/2122 2121/2121/2121 2120/2120/2120
f 2123/2123/2123 2122/2122/2122 2120/2120/2120
f 2126/2126/2126 2125/2125/2125 2124/2124/2124
f 2127/2127/2127 2126/2126/2126 2124/2124/2124
f 2130/2130/2130 2129/2129/2129 2128/2128/2128
f 2131/2131/2131 2130/2130/2130 2128/2128/2128
f 2134/2134/2134 2133/2133/2133 2132/2132/2132
f 2135/2135/2135 2134/2134/2134 2132/2132/2132
f 2138/2138/2138 2137/2137/2137 2136/2136/2136
f 2139/2139/2139 2138/2138/2138 2136/2136/2136
f 2142/2142/2142 2141/2141/2141 2140/2140/2140
f 2140/2140/2140 2143/2143/2143 2142/2142/2142
f 2143/2143/2143 2144/2144/2144 2142/2142/2142
f 2144/2144/2144 2145/2145/2145 2142/2142/2142
f 2144/2144/2144 2146/2146/2146 2145/2145/2145
f 2144/2144/2144 2147/2147/2147 2146/2146/2146
f 2147/2147/2147 2148/2148/2148 2146/2146/2146
f 2146/2146/2146 2148/2148/2148 2149/2149/2149
f 2152/2152/2152 2151/2151/2151 2150/2150/2150
f 2153/2153/2153 2152/2152/2152 2150/2150/2150
f 2156/2156/2156 2155/2155/2155 2154/2154/2154
f 2157/2157/2157 2156/2156/2156 2154/2154/2154
f 2160/2160/2160 2159/2159/2159 2158/2158/2158
f 2161/2161/2161 2160/2160/2160 2158/2158/2158
f 2164/2164/2164 2163/2163/2163 2162/2162/2162
f 2165/2165/2165 2164/2164/2164 2162/2162/2162
f 2168/2168/2168 2167/2167/2167 2166/2166/2166
f 2169/2169/2169 2168/2168/2168 2166/2166/2166
f 2172/2172/2172 2171/2171/2171 2170/2170/2170
f 2173/2173/2173 2172/2172/2172 2170/2170/2170
f 2176/2176/2176 2175/2175/2175 2174/2174/2174
f 2177/2177/2177 2176/2176/2176 2174/2174/2174
f 2180/2180/2180 2179/2179/2179 2178/2178/2178
f 2181/2181/2181 2180/2180/2180 2178/2178/2178
f 2184/2184/2184 2183/2183/2183 2182/2182/2182
f 2185/2185/2185 2184/2184/2184 2182/2182/2182
f 2188/2188/2188 2187/2187/2187 2186/2186/2186
f 2188/2188/2188 2186/2186/2186 2189/2189/2189
f 2188/2188/2188 2190/2190/2190 2187/2187/2187
f 2188/2188/2188 2189/2189/2189 2191/2191/2191
f 2188/2188/2188 2192/2192/2192 2190/2190/2190
f 2188/2188/2188 2191/2191/2191 2193/2193/2193
f 2188/2188/2188 2194/2194/2194 2192/2192/2192
f 2188/2188/2188 2193/2193/2193 2195/2195/2195
f 2188/2188/2188 2196/2196/2196 2194/2194/2194
f 2188/2188/2188 2195/2195/2195 2196/2196/2196
f 2199/2199/2199 2198/2198/2198 2197/2197/2197
f 2199/2199/2199 2197/2197/2197 2200/2200/2200
f 2199/2199/2199 2201/2201/2201 2198/2198/2198
f 2199/2199/2199 2200/2200/2200 2202/2202/2202
f 2199/2199/2199 2203/2203/2203 2201/2201/2201
f 2199/2199/2199 2202/2202/2202 2204/2204/2204
f 2199/2199/2199 2205/2205/2205 2203/2203/2203
f 2199/2199/2199 2204/2204/2204 2206/2206/2206
f 2199/2199/2199 2207/2207/2207 2205/2205/2205
f 2199/2199/2199 2206/2206/2206 2207/2207/2207
f 2210/2210/2210 2209/2209/2209 2208/2208/2208
f 2210/2210/2210 2208/2208/2208 2211/2211/2211
f 2210/2210/2210 2212/2212/2212 2209/2209/2209
f 2210/2210/2210 2211/2211/2211 2213/2213/2213
f 2210/2210/2210 2214/2214/2214 2212/2212/2212
f 2210/2210/2210 2213/2213/2213 2215/2215/2215
f 2210/2210/2210 2216/2216/2216 2214/2214/2214
f 2210/2210/2210 2215/2215/2215 2217/2217/2217
f 2210/2210/2210 2218/2218/2218 2216/2216/2216
f 2210/2210/2210 2217/2217/2217 2218/2218/2218
f 2221/2221/2221 2220/2220/2220 2219/2219/2219
f 2220/2220/2220 2222/2222/2222 2219/2219/2219
f 2221/2221/2221 2219/2219/2219 2223/2223/2223
f 2220/2220/2220 2224/2224/2224 2222/2222/2222
f 2225/2225/2225 2221/2221/2221 2223/2223/2223
f 2224/2224/2224 2226/2226/2226 2222/2222/2222
f 2225/2225/2225 2223/2223/2223 2227/2227/2227
f 2224/2224/2224 2228/2228/2228 2226/2226/2226
f 2229/2229/2229 2225/2225/2225 2227/2227/2227
f 2228/2228/2228 2230/2230/2230 2226/2226/2226
f 2229/2229/2229 2227/2227/2227 2231/2231/2231
f 2228/2228/2228 2232/2232/2232 2230/2230/2230
f 2233/2233/2233 2229/2229/2229 2231/2231/2231
f 2232/2232/2232 2234/2234/2234 2230/2230/2230
f 2233/2233/2233 2231/2231/2231 2235/2235/2235
f 2232/2232/2232 2236/2236/2236 2234/2234/2234
f 2237/2237/2237 2233/2233/2233 2235/2235/2235
f 2236/2236/2236 2238/2238/2238 2234/2234/2234
f 2237/2237/2237 2235/2235/2235 2238/2238/2238
f 2236/2236/2236 2237/2237/2237 2238/2238/2238
f 2241/2241/2241 2240/2240/2240 2239/2239/2239
f 2242/2242/2242 2241/2241/2241 2239/2239/2239
f 2241/2241/2241 2243/2243/2243 2240/2240/2240
f 2242/2242/2242 2239/2239/2239 2244/2244/2244
f 2243/2243/2243 2245/2245/2245 2240/2240/2240
f 2246/2246/2246 2242/2242/2242 2244/2244/2244
f 2243/2243/2243 2247/2247/2247 2245/2245/2245
f 2246/2246/2246 2244/2244/2244 2248/2248/2248
f 2247/2247/2247 2249/2249/2249 2245/2245/2245
f 2250/2250/2250 2246/2246/2246 2248/2248/2248
f 2247/2247/2247 2251/2251/2251 2249/2249/2249
f 2250/2250/2250 2248/2248/2248 2252/2252/2252
f 2251/2251/2251 2253/2253/2253 2249/2249/2249
f 2254/2254/2254 2250/2250/2250 2252/2252/2252
f 2251/2251/2251 2255/2255/2255 2253/2253/2253
f 2254/2254/2254 2252/2252/2252 2256/2256/2256
f 2255/2255/2255 2257/2257/2257 2253/2253/2253
f 2258/2258/2258 2254/2254/2254 2256/2256/2256
f 2258/2258/2258 2256/2256/2256 2257/2257/2257
f 2255/2255/2255 2258/2258/2258 2257/2257/2257
f 2261/2261/2261 2260/2260/2260 2259/2259/2259
f 2262/2262/2262 2261/2261/2261 2259/2259/2259
f 2261/2261/2261 2263/2263/2263 2260/2260/2260
f 2262/2262/2262 2259/2259/2259 2264/2264/2264
f 2263/2263/2263 2265/2265/2265 2260/2260/2260
f 2266/2266/2266 2262/2262/2262 2264/2264/2264
f 2263/2263/2263 2267/2267/2267 2265/2265/2265
f 2266/2266/2266 2264/2264/2264 2268/2268/2268
f 2267/2267/2267 2269/2269/2269 2265/2265/2265
f 2270/2270/2270 2266/2266/2266 2268/2268/2268
f 2267/2267/2267 2271/2271/2271 2269/2269/2269
f 2270/2270/2270 2268/2268/2268 2272/2272/2272
f 2271/2271/2271 2273/2273/2273 2269/2269/2269
f 2274/2274/2274 2270/2270/2270 2272/2272/2272
f 2271/2271/2271 2275/2275/2275 2273/2273/2273
f 2274/2274/2274 2272/2272/2272 2276/2276/2276
f 2275/2275/2275 2277/2277/2277 2273/2273/2273
f 2278/2278/2278 2274/2274/2274 2276/2276/2276
f 2278/2278/2278 2276/2276/2276 2277/2277/2277
f 2275/2275/2275 2278/2278/2278 2277/2277/2277
f 2281/2281/2281 2280/2280/2280 2279/2279/2279
f 2280/2280/2280 2282/2282/2282 2279/2279/2279
f 2283/2283/2283 2280/2280/2280 2281/2281/2281
f 2279/2279/2279 2282/2282/2282 2284/2284/2284
f 2285/2285/2285 2283/2283/2283 2281/2281/2281
f 2282/2282/2282 2286/2286/2286 2284/2284/2284
f 2286/2286/2286 2283/2283/2283 2285/2285/2285
f 2284/2284/2284 2286/2286/2286 2285/2285/2285
f 2289/2289/2289 2288/2288/2288 2287/2287/2287
f 2290/2290/2290 2289/2289/2289 2287/2287/2287
f 2289/2289/2289 2291/2291/2291 2288/2288/2288
f 2290/2290/2290 2287/2287/2287 2292/2292/2292
f 2291/2291/2291 2293/2293/2293 2288/2288/2288
f 2294/2294/2294 2290/2290/2290 2292/2292/2292
f 2291/2291/2291 2295/2295/2295 2293/2293/2293
f 2294/2294/2294 2292/2292/2292 2296/2296/2296
f 2295/2295/2295 2297/2297/2297 2293/2293/2293
f 2298/2298/2298 2294/2294/2294 2296/2296/2296
f 2295/2295/2295 2299/2299/2299 2297/2297/2297
f 2298/2298/2298 2296/2296/2296 2300/2300/2300
f 2299/2299/2299 2301/2301/2301 2297/2297/2297
f 2302/2302/2302 2298/2298/2298 2300/2300/2300
f 2299/2299/2299 2303/2303/2303 2301/2301/2301
f 2302/2302/2302 2300/2300/2300 2304/2304/2304
f 2303/2303/2303 2305/2305/2305 2301/2301/2301
f 2306/2306/2306 2302/2302/2302 2304/2304/2304
f 2306/2306/2306 2304/2304/2304 2305/2305/2305
f 2303/2303/2303 2306/2306/2306 2305/2305/2305
f 2309/2309/2309 2308/2308/2308 2307/2307/2307
f 2310/2310/2310 2309/2309/2309 2307/2307/2307
f 2307/2307/2307 2308/2308/2308 2311/2311/2311
f 2312/2312/2312 2309/2309/2309 2310/2310/2310
f 2308/2308/2308 2313/2313/2313 2311/2311/2311
f 2314/2314/2314 2312/2312/2312 2310/2310/2310
f 2311/2311/2311 2313/2313/2313 2314/2314/2314
f 2313/2313/2313 2312/2312/2312 2314/2314/2314
f 2317/2317/2317 2316/2316/2316 2315/2315/2315
f 2316/2316/2316 2318/2318/2318 2315/2315/2315
f 2319/2319/2319 2316/2316/2316 2317/2317/2317
f 2315/2315/2315 2318/2318/2318 2320/2320/2320
f 2321/2321/2321 2319/2319/2319 2317/2317/2317
f 2318/2318/2318 2322/2322/2322 2320/2320/2320
f 2322/2322/2322 2319/2319/2319 2321/2321/2321
f 2320/2320/2320 2322/2322/2322 2321/2321/2321
f 2325/2325/2325 2324/2324/2324 2323/2323/2323
f 2324/2324/2324 2326/2326/2326 2323/2323/2323
f 2327/2327/2327 2324/2324/2324 2325/2325/2325
f 2323/2323/2323 2326/2326/2326 2328/2328/2328
f 2329/2329/2329 2327/2327/2327 2325/2325/2325
f 2326/2326/2326 2330/2330/2330 2328/2328/2328
f 2331/2331/2331 2327/2327/2327 2329/2329/2329
f 2328/2328/2328 2330/2330/2330 2332/2332/2332
f 2333/2333/2333 2331/2331/2331 2329/2329/2329
f 2330/2330/2330 2334/2334/2334 2332/2332/2332
f 2335/2335/2335 2331/2331/2331 2333/2333/2333
f 2332/2332/2332 2334/2334/2334 2336/2336/2336
f 2336/2336/2336 2335/2335/2335 2333/2333/2333
f 2334/2334/2334 2335/2335/2335 2336/2336/2336
f 2339/2339/2339 2338/2338/2338 2337/2337/2337
f 2340/2340/2340 2339/2339/2339 2337/2337/2337
f 2337/2337/2337 2338/2338/2338 2341/2341/2341
f 2342/2342/2342 2339/2339/2339 2340/2340/2340
f 2338/2338/2338 2343/2343/2343 2341/2341/2341
f 2344/2344/2344 2342/2342/2342 2340/2340/2340
f 2341/2341/2341 2343/2343/2343 2345/2345/2345
f 2346/2346/2346 2342/2342/2342 2344/2344/2344
f 2343/2343/2343 2347/2347/2347 2345/2345/2345
f 2348/2348/2348 2346/2346/2346 2344/2344/2344
f 2345/2345/2345 2347/2347/2347 2349/2349/2349
f 2350/2350/2350 2346/2346/2346 2348/2348/2348
f 2349/2349/2349 2350/2350/2350 2348/2348/2348
f 2347/2347/2347 2350/2350/2350 2349/2349/2349
f 2353/2353/2353 2352/2352/2352 2351/2351/2351
f 2354/2354/2354 2353/2353/2353 2351/2351/2351
f 2353/2353/2353 2355/2355/2355 2352/2352/2352
f 2354/2354/2354 2351/2351/2351 2356/2356/2356
f 2355/2355/2355 2357/2357/2357 2352/2352/2352
f 2358/2358/2358 2354/2354/2354 2356/2356/2356
f 2355/2355/2355 2359/2359/2359 2357/2357/2357
f 2358/2358/2358 2356/2356/2356 2360/2360/2360
f 2359/2359/2359 2361/2361/2361 2357/2357/2357
f 2362/2362/2362 2358/2358/2358 2360/2360/2360
f 2359/2359/2359 2363/2363/2363 2361/2361/2361
f 2362/2362/2362 2360/2360/2360 2364/2364/2364
f 2363/2363/2363 2365/2365/2365 2361/2361/2361
f 2366/2366/2366 2362/2362/2362 2364/2364/2364
f 2366/2366/2366 2364/2364/2364 2365/2365/2365
f 2363/2363/2363 2366/2366/2366 2365/2365/2365
f 2369/2369/2369 2368/2368/2368 2367/2367/2367
f 2370/2370/2370 2369/2369/2369 2367/2367/2367
f 2369/2369/2369 2371/2371/2371 2368/2368/2368
f 2370/2370/2370 2367/2367/2367 2372/2372/2372
f 2371/2371/2371 2373/2373/2373 2368/2368/2368
f 2374/2374/2374 2370/2370/2370 2372/2372/2372
f 2371/2371/2371 2375/2375/2375 2373/2373/2373
f 2374/2374/2374 2372/2372/2372 2376/2376/2376
f 2375/2375/2375 2377/2377/2377 2373/2373/2373
f 2378/2378/2378 2374/2374/2374 2376/2376/2376
f 2375/2375/2375 2379/2379/2379 2377/2377/2377
f 2378/2378/2378 2376/2376/2376 2380/2380/2380
f 2379/2379/2379 2381/2381/2381 2377/2377/2377
f 2382/2382/2382 2378/2378/2378 2380/2380/2380
f 2379/2379/2379 2383/2383/2383 2381/2381/2381
f 2382/2382/2382 2380/2380/2380 2384/2384/2384
f 2383/2383/2383 2385/2385/2385 2381/2381/2381
f 2386/2386/2386 2382/2382/2382 2384/2384/2384
f 2386/2386/2386 2384/2384/2384 2385/2385/2385
f 2383/2383/2383 2386/2386/2386 2385/2385/2385
f 2389/2389/2389 2388/2388/2388 2387/2387/2387
f 2390/2390/2390 2389/2389/2389 2387/2387/2387
f 2389/2389/2389 2391/2391/2391 2388/2388/2388
f 2390/2390/2390 2387/2387/2387 2392/2392/2392
f 2391/2391/2391 2393/2393/2393 2388/2388/2388
f 2394/2394/2394 2390/2390/2390 2392/2392/2392
f 2391/2391/2391 2395/2395/2395 2393/2393/2393
f 2394/2394/2394 2392/2392/2392 2396/2396/2396
f 2395/2395/2395 2397/2397/2397 2393/2393/2393
f 2398/2398/2398 2394/2394/2394 2396/2396/2396
f 2395/2395/2395 2399/2399/2399 2397/2397/2397
f 2398/2398/2398 2396/2396/2396 2400/2400/2400
f 2399/2399/2399 2401/2401/2401 2397/2397/2397
f 2402/2402/2402 2398/2398/2398 2400/2400/2400
f 2399/2399/2399 2403/2403/2403 2401/2401/2401
f 2402/2402/2402 2400/2400/2400 2404/2404/2404
f 2403/2403/2403 2405/2405/2405 2401/2401/2401
f 2406/2406/2406 2402/2402/2402 2404/2404/2404
f 2406/2406/2406 2404/2404/2404 2405/2405/2405
f 2403/2403/2403 2406/2406/2406 2405/2405/2405
f 2409/2409/2409 2408/2408/2408 2407/2407/2407
f 2410/2410/2410 2409/2409/2409 2407/2407/2407
f 2409/2409/2409 2411/2411/2411 2408/2408/2408
f 2410/2410/2410 2407/2407/2407 2412/2412/2412
f 2411/2411/2411 2413/2413/2413 2408/2408/2408
f 2414/2414/2414 2410/2410/2410 2412/2412/2412
f 2411/2411/2411 2415/2415/2415 2413/2413/2413
f 2414/2414/2414 2412/2412/2412 2416/2416/2416
f 2415/2415/2415 2417/2417/2417 2413/2413/2413
f 2418/2418/2418 2414/2414/2414 2416/2416/2416
f 2415/2415/2415 2419/2419/2419 2417/2417/2417
f 2418/2418/2418 2416/2416/2416 2420/2420/2420
f 2419/2419/2419 2421/2421/2421 2417/2417/2417
f 2422/2422/2422 2418/2418/2418 2420/2420/2420
f 2419/2419/2419 2423/2423/2423 2421/2421/2421
f 2422/2422/2422 2420/2420/2420 2424/2424/2424
f 2423/2423/2423 2425/2425/2425 2421/2421/2421
f 2426/2426/2426 2422/2422/2422 2424/2424/2424
f 2426/2426/2426 2424/2424/2424 2425/2425/2425
f 2423/2423/2423 2426/2426/2426 2425/2425/2425
f 2429/2429/2429 2428/2428/2428 2427/2427/2427
f 2430/2430/2430 2429/2429/2429 2427/2427/2427
f 2430/2430/2430 2427/2427/2427 2431/2431/2431
f 2429/2429/2429 2432/2432/2432 2428/2428/2428
f 2432/2432/2432 2433/2433/2433 2428/2428/2428
f 2434/2434/2434 2430/2430/2430 2431/2431/2431
f 2434/2434/2434 2431/2431/2431 2435/2435/2435
f 2432/2432/2432 2436/2436/2436 2433/2433/2433
f 2436/2436/2436 2437/2437/2437 2433/2433/2433
f 2438/2438/2438 2434/2434/2434 2435/2435/2435
f 2438/2438/2438 2435/2435/2435 2439/2439/2439
f 2436/2436/2436 2440/2440/2440 2437/2437/2437
f 2440/2440/2440 2441/2441/2441 2437/2437/2437
f 2442/2442/2442 2438/2438/2438 2439/2439/2439
f 2442/2442/2442 2439/2439/2439 2443/2443/2443
f 2440/2440/2440 2444/2444/2444 2441/2441/2441
f 2444/2444/2444 2445/2445/2445 2441/2441/2441
f 2446/2446/2446 2443/2443/2443 2445/2445/2445
f 2446/2446/2446 2442/2442/2442 2443/2443/2443
f 2444/2444/2444 2446/2446/2446 2445/2445/2445
f 2447/2447/2447 2436/2436/2436 2432/2432/2432
f 2448/2448/2448 2440/2440/2440 2436/2436/2436
f 2447/2447/2447 2448/2448/2448 2436/2436/2436
f 2449/2449/2449 2448/2448/2448 2447/2447/2447
f 2449/2449/2449 2447/2447/2447 2450/2450/2450
f 2450/2450/2450 2447/2447/2447 2432/2432/2432
f 2449/2449/2449 2451/2451/2451 2448/2448/2448
f 2448/2448/2448 2451/2451/2451 2440/2440/2440
f 2451/2451/2451 2444/2444/2444 2440/2440/2440
f 2450/2450/2450 2432/2432/2432 2429/2429/2429
f 2451/2451/2451 2452/2452/2452 2444/2444/2444
f 2452/2452/2452 2446/2446/2446 2444/2444/2444
f 2449/2449/2449 2452/2452/2452 2451/2451/2451
f 2453/2453/2453 2450/2450/2450 2429/2429/2429
f 2449/2449/2449 2450/2450/2450 2453/2453/2453
f 2453/2453/2453 2429/2429/2429 2430/2430/2430
f 2452/2452/2452 2454/2454/2454 2446/2446/2446
f 2449/2449/2449 2454/2454/2454 2452/2452/2452
f 2454/2454/2454 2442/2442/2442 2446/2446/2446
f 2455/2455/2455 2453/2453/2453 2430/2430/2430
f 2449/2449/2449 2453/2453/2453 2455/2455/2455
f 2455/2455/2455 2430/2430/2430 2434/2434/2434
f 2454/2454/2454 2456/2456/2456 2442/2442/2442
f 2449/2449/2449 2456/2456/2456 2454/2454/2454
f 2456/2456/2456 2438/2438/2438 2442/2442/2442
f 2457/2457/2457 2434/2434/2434 2438/2438/2438
f 2457/2457/2457 2455/2455/2455 2434/2434/2434
f 2449/2449/2449 2455/2455/2455 2457/2457/2457
f 2456/2456/2456 2457/2457/2457 2438/2438/2438
f 2449/2449/2449 2457/2457/2457 2456/2456/2456
f 2460/2460/2460 2459/2459/2459 2458/2458/2458
f 2459/2459/2459 2461/2461/2461 2458/2458/2458
f 2460/2460/2460 2458/2458/2458 2462/2462/2462
f 2459/2459/2459 2463/2463/2463 2461/2461/2461
f 2464/2464/2464 2460/2460/2460 2462/2462/2462
f 2463/2463/2463 2465/2465/2465 2461/2461/2461
f 2464/2464/2464 2462/2462/2462 2466/2466/2466
f 2463/2463/2463 2467/2467/2467 2465/2465/2465
f 2468/2468/2468 2464/2464/2464 2466/2466/2466
f 2467/2467/2467 2469/2469/2469 2465/2465/2465
f 2468/2468/2468 2466/2466/2466 2470/2470/2470
f 2467/2467/2467 2471/2471/2471 2469/2469/2469
f 2472/2472/2472 2468/2468/2468 2470/2470/2470
f 2471/2471/2471 2473/2473/2473 2469/2469/2469
f 2472/2472/2472 2470/2470/2470 2474/2474/2474
f 2471/2471/2471 2475/2475/2475 2473/2473/2473
f 2476/2476/2476 2472/2472/2472 2474/2474/2474
f 2475/2475/2475 2477/2477/2477 2473/2473/2473
f 2476/2476/2476 2474/2474/2474 2477/2477/2477
f 2475/2475/2475 2476/2476/2476 2477/2477/2477
