g IceCream
v -4.934424 14.775698 -1.1431577
v -4.546247 15.331282 -1.1579046
v -4.969622 15.454215 -1.2793403
v -4.546247 15.331282 -1.1579046
v -4.6150684 15.575145 -1.861069
v -5.397044 15.284023 -1.6917869
v -5.506764 14.737502 -2.4033225
v -4.66025 15.669535 -2.5165849
v -5.535336 15.676987 -2.9375405
v -4.496558 15.911287 -2.7688735
v -4.4194636 17.012016 -2.5699446
v -5.2297807 16.893026 -2.0386407
v -6.6334176 14.86487 -2.1937454
v -6.006827 16.03159 -2.386359
v -5.535336 15.676987 -2.9375405
v -6.773194 14.815907 -2.0487576
v -6.8343105 15.379478 -1.8137398
v -5.8778663 15.437012 -1.5857332
v -6.8343105 15.379478 -1.8137398
v -6.773194 14.815907 -2.0487576
v -4.982883 16.5225 -1.178437
v -4.957612 15.525201 0.44493315
v -4.934424 14.775698 -1.1431577
v -4.4268465 16.70545 -0.047640204
v -3.8013823 15.551804 0.37697124
v -3.482744 16.590471 -0.012983203
v -3.4823825 17.123314 -0.9021375
v -4.4194636 17.012016 -2.5699446
v -3.482744 16.590471 -0.012983203
v -3.4823825 17.123314 -0.9021375
v -3.2808545 16.231892 -0.36228308
v -3.3510487 16.281195 -1.338341
v -4.4194636 17.012016 -2.5699446
v -4.046168 16.435173 -2.5049164
v -3.3510487 16.281195 -1.338341
v 5.120742 1.7266493 -4.4493704
v 5.1378303 1.7266488 2.7508123
v 5.1378303 8.8003235 2.7508123
v 5.120742 8.8003235 -4.4493704
v -5.81826 8.8003235 3.272447
v -5.838007 8.8003235 -5.048323
v -5.838672 10.302651 -5.32884
v -5.81826 10.302651 3.272447
v 4.382438 1.7266488 3.5097976
v -4.447502 1.7266488 3.5307531
v -4.447502 8.8003235 3.5307531
v 4.382438 8.8003235 3.5097976
v -4.447502 1.7266488 3.5307531
v -4.447502 0.003950119 3.5307531
v -5.206489 0.003950119 2.7753618
v -5.206489 1.7266488 2.7753618
v 4.382438 1.7266488 3.5097976
v 4.382438 8.8003235 3.5097976
v 5.1378303 8.8003235 2.7508123
v 5.1378303 1.7266488 2.7508123
v 4.4758744 1.7266493 -5.304251
v 4.4758744 0.003950596 -5.304251
v 5.120742 0.003950596 -4.4493704
v 5.120742 1.7266493 -4.4493704
v -4.595366 1.7266488 -5.237333
v 4.4758744 1.7266493 -5.304251
v 4.4758744 8.8003235 -5.304251
v -4.5888247 8.8003235 -5.2373486
v 4.8771186 8.8003235 4.077321
v -4.986037 8.8003235 4.100729
v -4.986037 10.302651 4.100729
v 4.8771186 10.302651 4.077321
v 4.9786544 8.8003235 -5.974913
v 5.6857457 8.8003235 -5.0375423
v 5.6857457 10.3026495 -5.0375423
v 4.9786544 10.3026495 -5.974913
v -4.986037 8.8003235 4.100729
v -5.81826 8.8003235 3.272447
v -5.81826 10.302651 3.272447
v -4.986037 10.302651 4.100729
v -5.211718 8.8003235 -5.6994987
v 4.9786544 8.8003235 -5.974913
v 4.9786544 10.3026495 -5.974913
v -5.210278 10.302651 -5.969782
v 5.6857457 8.8003235 -5.0375423
v 5.705399 8.8003235 3.2450986
v 5.705399 10.302651 3.2450986
v 5.6857457 10.3026495 -5.0375423
v 5.705399 8.8003235 3.2450986
v 4.8771186 8.8003235 4.077321
v 4.8771186 10.302651 4.077321
v 5.705399 10.302651 3.2450986
v 3.9934413 10.3026495 -4.660729
v 4.5785985 10.3026495 -3.8849995
v 4.291799 9.522294 -3.5864403
v 3.7382267 9.522294 -4.3202963
v -4.6194696 10.302651 2.2983918
v -4.63448 10.302651 -4.0263214
v -4.322461 9.522294 -3.6552072
v -4.3089304 9.522294 2.0460677
v -3.9307592 10.302651 2.9838436
v -4.6194696 10.302651 2.2983918
v -4.3089304 9.522294 2.0460677
v -3.657395 9.522294 2.6945195
v -4.003913 10.302651 -4.674451
v 3.9934413 10.3026495 -4.660729
v 3.7382267 9.522294 -4.3202963
v -3.6927037 9.522294 -4.302653
v 4.5785985 10.3026495 -3.8849995
v 4.5483346 10.302651 2.2766347
v 4.3051143 9.522294 2.025624
v 4.291799 9.522294 -3.5864403
v 4.5483346 10.302651 2.2766347
v 3.862886 10.302651 2.9653473
v 3.6566641 9.522294 2.6771615
v 4.3051143 9.522294 2.025624
v -3.6927037 9.522294 -4.302653
v 3.7382267 9.522294 -4.3202963
v 4.291799 9.522294 -3.5864403
v -4.322461 9.522294 -3.6552072
v -4.3089304 9.522294 2.0460677
v 4.3051143 9.522294 2.025624
v 3.6566641 9.522294 2.6771615
v -3.657395 9.522294 2.6945195
v 3.862886 10.302651 2.9653473
v -3.9307592 10.302651 2.9838436
v -3.657395 9.522294 2.6945195
v 3.6566641 9.522294 2.6771615
v -0.27027828 4.4804306 3.9105823
v 0.30589014 4.4804306 3.909215
v 0.28040725 4.3639264 3.6639926
v -0.2459588 4.3639264 3.665242
v -0.8607761 4.1161118 3.9119835
v -1.2461841 3.436415 3.9128978
v -1.6937072 3.7919185 3.9680295
v -1.1718044 4.6679745 3.9667907
v -0.27027828 4.4804306 3.9105823
v -0.37217855 5.1375413 3.964893
v 0.30589014 4.4804306 3.909215
v 0.40804568 5.1375413 3.9630415
v 0.89638805 4.1161118 3.9078133
v 1.2076733 4.6679745 3.961144
v 1.2817941 3.436415 3.906899
v 1.7295761 3.7919185 3.959905
v 1.7284312 3.7919185 3.4774544
v 1.7284312 0.003950119 3.4774544
v 1.7295761 0.003950119 3.959905
v 1.7295761 3.7919185 3.959905
v -1.6948522 0.003950119 3.4855785
v -1.6948522 3.7919185 3.4855785
v -1.6937072 3.7919185 3.9680295
v -1.6937072 0.003950119 3.9680295
v -0.37332362 5.1375413 3.482442
v 0.40690082 5.1375413 3.4805903
v 0.40804568 5.1375413 3.9630415
v -0.37217855 5.1375413 3.964893
v 1.2065282 4.6679745 3.4786925
v 1.7284312 3.7919185 3.4774544
v 1.7295761 3.7919185 3.959905
v 1.2076733 4.6679745 3.961144
v 1.7284312 0.003950119 3.4774544
v -1.6948522 0.003950119 3.4855785
v -1.6937072 0.003950119 3.9680295
v 1.7295761 0.003950119 3.959905
v -1.6948522 3.7919185 3.4855785
v -1.1729494 4.6679745 3.4843395
v -1.1718044 4.6679745 3.9667907
v -1.6937072 3.7919185 3.9680295
v -1.1729494 4.6679745 3.4843395
v -0.37332362 5.1375413 3.482442
v -0.37217855 5.1375413 3.964893
v -1.1718044 4.6679745 3.9667907
v 0.40690082 5.1375413 3.4805903
v 1.2065282 4.6679745 3.4786925
v 1.2076733 4.6679745 3.961144
v 0.40804568 5.1375413 3.9630415
v -1.2461841 3.436415 3.9128978
v -1.2461841 0.49748275 3.9128978
v -1.6937072 0.003950119 3.9680295
v -1.6937072 3.7919185 3.9680295
v -1.2461841 0.49748275 3.9128978
v 1.2817941 0.49748275 3.906899
v 1.7295761 0.003950119 3.959905
v -1.6937072 0.003950119 3.9680295
v 1.2817941 0.49748275 3.906899
v 1.2817941 3.436415 3.906899
v 1.7295761 3.7919185 3.959905
v 1.7295761 0.003950119 3.959905
v 0.8198618 4.0311 3.6627123
v 1.1719542 3.4101543 3.6618767
v 1.1719542 0.7252579 3.6618767
v -1.1375085 0.7252579 3.6673577
v 0.28040725 4.3639264 3.6639926
v -0.2459588 4.3639264 3.665242
v -0.785414 4.0311 3.666522
v -1.1375085 3.4101543 3.6673577
v 0.89638805 4.1161118 3.9078133
v 1.2817941 3.436415 3.906899
v 1.1719542 3.4101543 3.6618767
v 0.8198618 4.0311 3.6627123
v 1.2817941 0.49748275 3.906899
v -1.2461841 0.49748275 3.9128978
v -1.1375085 0.7252579 3.6673577
v 1.1719542 0.7252579 3.6618767
v -1.2461841 3.436415 3.9128978
v -0.8607761 4.1161118 3.9119835
v -0.785414 4.0311 3.666522
v -1.1375085 3.4101543 3.6673577
v -0.8607761 4.1161118 3.9119835
v -0.27027828 4.4804306 3.9105823
v -0.2459588 4.3639264 3.665242
v -0.785414 4.0311 3.666522
v 0.30589014 4.4804306 3.909215
v 0.89638805 4.1161118 3.9078133
v 0.8198618 4.0311 3.6627123
v 0.28040725 4.3639264 3.6639926
v 1.2817941 3.436415 3.906899
v 1.2817941 0.49748275 3.906899
v 1.1719542 0.7252579 3.6618767
v 1.1719542 3.4101543 3.6618767
v -1.2461841 0.49748275 3.9128978
v -1.2461841 3.436415 3.9128978
v -1.1375085 3.4101543 3.6673577
v -1.1375085 0.7252579 3.6673577
v 0.19110829 4.4804306 3.7791915
v 0.19110829 0.49748275 3.7791915
v -0.25654453 0.49748275 3.780253
v -0.25654453 4.4804306 3.780253
v 0.19110829 4.4804306 3.7791915
v 0.19073766 4.4804306 3.622988
v 0.19073766 0.49748275 3.622988
v 0.19110829 0.49748275 3.7791915
v 0.19110829 0.49748275 3.7791915
v 0.19073766 0.49748275 3.622988
v -0.25691527 0.49748275 3.6240487
v -0.25654453 0.49748275 3.780253
v -0.25654453 0.49748275 3.780253
v -0.25691527 0.49748275 3.6240487
v -0.25691527 4.4804306 3.6240487
v -0.25654453 4.4804306 3.780253
v -0.25654453 4.4804306 3.780253
v -0.25691527 4.4804306 3.6240487
v 0.19073766 4.4804306 3.622988
v 0.19110829 4.4804306 3.7791915
v 4.4758744 8.8003235 -5.304251
v 4.4758744 1.7266493 -5.304251
v 5.120742 1.7266493 -4.4493704
v 5.120742 8.8003235 -4.4493704
v 4.382438 0.003950119 3.5097976
v 4.382438 1.7266488 3.5097976
v 5.1378303 1.7266488 2.7508123
v 5.1378303 0.003950119 2.7508123
v -4.447502 8.8003235 3.5307531
v -4.447502 1.7266488 3.5307531
v -5.206489 1.7266488 2.7753618
v -5.206489 8.8003235 2.7753618
v -4.597489 0.003950119 -5.2373276
v 4.4758744 0.003950596 -5.304251
v 4.4758744 1.7266493 -5.304251
v -4.595366 1.7266488 -5.237333
v 4.382438 0.003950119 3.5097976
v -4.447502 0.003950119 3.5307531
v -4.447502 1.7266488 3.5307531
v 4.382438 1.7266488 3.5097976
v -5.206489 1.7266488 2.7753618
v -5.2243605 1.7266488 -4.755042
v -5.2243476 8.8003235 -4.749615
v -5.206489 8.8003235 2.7753618
v 5.120742 0.003950596 -4.4493704
v 5.1378303 0.003950119 2.7508123
v 5.1378303 1.7266488 2.7508123
v 5.120742 1.7266493 -4.4493704
v -1.1537063 4.662617 4.6125507
v -1.6683438 3.8163445 4.6137724
v -2.265935 4.258973 4.6825104
v -1.5690358 5.349727 4.6808567
v -0.36521292 5.116221 4.6106796
v -0.5012926 5.934373 4.678323
v 0.40414682 5.116221 4.6088543
v 0.54054374 5.934373 4.67585
v 1.1926405 4.662617 4.6069827
v 1.6082895 5.349727 4.673316
v 1.7072744 3.8163445 4.6057615
v 2.3051884 4.258973 4.671662
v -1.6683438 3.8163445 4.6137724
v -1.6683438 0.003950119 4.6137724
v -2.265935 0.003950119 4.6825104
v -2.265935 4.258973 4.6825104
v 1.7072744 0.003950119 4.6057615
v 1.7072744 3.8163445 4.6057615
v 2.3051884 4.258973 4.671662
v 2.3051884 0.003950119 4.671662
v 1.1926405 4.662617 4.6069827
v 1.1899428 4.662617 3.4702926
v 0.40144926 5.116221 3.4721637
v 0.40414682 5.116221 4.6088543
v -2.265935 0.003950119 4.6825104
v -2.2687721 0.003950119 3.4869401
v -2.2686324 4.258973 3.54582
v -2.265935 4.258973 4.6825104
v -1.5717334 5.349727 3.5441658
v -1.5690358 5.349727 4.6808567
v -0.5039902 5.934373 3.541632
v -0.5012926 5.934373 4.678323
v 0.53784615 5.934373 3.5391598
v 0.54054374 5.934373 4.67585
v 1.6055917 5.349727 3.5366259
v 1.6082895 5.349727 4.673316
v 2.3024907 4.258973 3.5349715
v 2.3051884 4.258973 4.671662
v 2.302351 0.003950119 3.476092
v 2.3051884 0.003950119 4.671662
v 0.40414682 5.116221 4.6088543
v 0.40144926 5.116221 3.4721637
v -0.36791056 5.116221 3.4739895
v -0.36521292 5.116221 4.6106796
v -0.36521292 5.116221 4.6106796
v -0.36791056 5.116221 3.4739895
v -1.156404 4.662617 3.4758606
v -1.1537063 4.662617 4.6125507
v -1.1537063 4.662617 4.6125507
v -1.156404 4.662617 3.4758606
v -1.6710417 3.8163445 3.4770823
v -1.6683438 3.8163445 4.6137724
v -1.6683438 3.8163445 4.6137724
v -1.6710417 3.8163445 3.4770823
v -1.6698238 0.003950119 3.9902413
v -1.6683438 0.003950119 4.6137724
v 1.7072744 0.003950119 4.6057615
v 1.7057948 0.003950119 3.9822304
v 1.704577 3.8163445 3.469071
v 1.7072744 3.8163445 4.6057615
v 1.7072744 3.8163445 4.6057615
v 1.704577 3.8163445 3.469071
v 1.1899428 4.662617 3.4702926
v 1.1926405 4.662617 4.6069827
v -4.595366 1.7266488 -5.237333
v -4.5888247 8.8003235 -5.2373486
v -5.2243476 8.8003235 -4.749615
v -5.2243605 1.7266488 -4.755042
v -5.838672 10.302651 -5.32884
v -5.838007 8.8003235 -5.048323
v -5.211718 8.8003235 -5.6994987
v -5.210278 10.302651 -5.969782
v -4.003913 10.302651 -4.674451
v -3.6927037 9.522294 -4.302653
v -4.322461 9.522294 -3.6552072
v -4.63448 10.302651 -4.0263214
v -4.597489 0.003950119 -5.2373276
v -4.595366 1.7266488 -5.237333
v -5.2243605 1.7266488 -4.755042
v -5.2243643 0.003950119 -4.7568035
v -5.206489 0.003950119 2.7753618
v -5.2243643 0.003950119 -4.7568035
v -5.2243605 1.7266488 -4.755042
v -5.206489 1.7266488 2.7753618
v -4.1879663 8.8003235 3.8229582
v -3.007303 8.8003235 3.8201566
v -2.9976375 8.410867 4.536107
v -4.1756682 8.410865 4.5389023
v -3.1025121 7.324418 4.8748674
v -4.3230753 7.324418 4.8777647
v -4.1756682 8.410865 4.5389023
v -4.3230753 7.324418 4.8777647
v -5.3716464 7.324418 4.8802524
v -5.0993333 8.410865 4.5410943
v -4.1879663 8.8003235 3.8229582
v -4.439969 8.8003235 3.8235562
v -6.2695103 7.324418 3.986643
v -5.179841 8.8003235 3.0871892
v -5.950996 8.410865 3.6934652
v -6.2908154 7.324418 -4.9904075
v -5.197397 8.8003235 -4.310227
v -5.971205 8.410865 -4.821663
v -5.615128 7.324418 -5.692943
v -4.640607 8.8003235 -4.889142
v -5.3302855 8.410865 -5.48805
v 5.378985 7.324418 -5.9900784
v 4.418942 8.8003235 -5.1339927
v 5.0981164 8.410865 -5.7698965
v 6.141844 7.324418 -4.9787765
v 5.047567 8.8003235 -4.3006425
v 5.8217225 8.410865 -4.8106313
v 6.163049 7.324418 3.9571373
v 5.0650396 8.8003235 3.0628755
v 5.8418345 8.410865 3.6654782
v 5.2694383 7.324418 4.8549986
v 4.328673 8.8003235 3.8027465
v 4.9942074 8.410865 4.5171404
v 4.220867 7.324418 4.8574877
v 4.070542 8.410865 4.519332
v 4.0766683 8.8003235 3.803344
v -2.9976375 8.410867 4.536107
v -1.8819495 7.324418 4.871971
v -3.1025121 7.324418 4.8748674
v -1.8196076 8.410867 4.533311
v -3.007303 8.8003235 3.8201566
v -1.8266413 8.8003235 3.817354
v -1.8196076 8.410867 4.533311
v -0.6613862 7.324418 4.8690743
v -1.8819495 7.324418 4.871971
v -0.64157796 8.410865 4.5305157
v -1.8266413 8.8003235 3.817354
v -0.6459792 8.8003235 3.8145523
v -0.64157796 8.410865 4.5305157
v 0.5591772 7.324418 4.8661776
v -0.6613862 7.324418 4.8690743
v 0.5364525 8.410865 4.5277195
v -0.6459792 8.8003235 3.8145523
v 0.53468305 8.8003235 3.8117504
v 0.5364525 8.410865 4.5277195
v 1.779741 7.324418 4.8632812
v 0.5591772 7.324418 4.8661776
v 1.7144822 8.410867 4.5249243
v 0.53468305 8.8003235 3.8117504
v 1.7153451 8.8003235 3.8089483
v 1.7144822 8.410867 4.5249243
v 3.0003042 7.324418 4.8603854
v 1.779741 7.324418 4.8632812
v 2.8925126 8.410867 4.522128
v 1.7153451 8.8003235 3.8089483
v 2.896007 8.8003235 3.8061461
v 2.8925126 8.410867 4.522128
v 4.220867 7.324418 4.8574877
v 3.0003042 7.324418 4.8603854
v 4.070542 8.410865 4.519332
v 2.896007 8.8003235 3.8061461
v 4.0766683 8.8003235 3.803344
v -3.5808434 11.030973 0.7744959
v -3.8025985 10.575584 -1.1080482
v -3.5897815 11.030973 -2.9916246
v -2.9839385 12.275109 2.1515822
v -2.9994197 12.275109 -4.3715334
v -2.1718287 13.97462 2.654232
v -2.1897044 13.97462 -4.8780265
v -1.3621119 15.674135 2.1477334
v -1.3775932 15.674135 -4.375383
v -0.7717469 16.91827 0.76782924
v -0.7806847 16.91827 -2.998291
v -0.55893403 17.373657 -1.1157463
v -4.4156528 16.152414 -2.5875463
v -4.3733497 16.565487 -0.44319403
v -4.7091427 15.303041 -1.5194693
v -3.6835687 16.5257 -2.1064553
v -3.6997857 16.737202 0.12963712
v -5.228062 15.180021 0.9971928
v -5.183209 15.038879 -0.6038277
v -4.7091427 15.303041 -1.5194693
v -3.1296258 16.36155 -0.63144803
v -3.262725 15.981918 0.48613632
v -3.3092742 16.011106 -1.9597692
v -3.955115 14.783854 1.0802323
v -3.605837 15.557475 -2.721232
v -4.332561 15.678887 -3.1379647
v -4.0698485 14.947481 -2.9625363
v -4.6886954 13.934422 -2.881892
v -6.398289 13.547661 -0.5408566
v -5.192922 13.126894 0.17094612
v -5.245621 13.102017 -1.1488419
v -5.982155 13.753259 -2.6274319
v -4.9365697 13.500959 -2.5941095
v -6.571935 14.0153675 -0.79586834
v -5.183209 15.038879 -0.6038277
v -6.06667 14.45156 -1.7969385
v -4.7091427 15.303041 -1.5194693
v -6.06667 14.45156 -1.7969385
v -5.477659 14.418191 -3.2447731
v -5.8584385 14.900213 -2.8867202
v -4.7091427 15.303041 -1.5194693
v -3.077202 11.283236 -2.7084115
v -4.8432713 11.216592 -1.6041167
v -3.2787328 10.851929 -0.56257176
v -4.233296 12.126749 -3.4393609
v -2.6099026 12.2639265 -3.767067
v -3.418541 13.641319 -4.4285564
v -1.9309862 13.683814 -4.3137345
v -2.4707859 15.3803425 -4.2781663
v -1.1317303 15.348952 -3.6599536
v -1.7193971 16.739473 -3.0404472
v -0.82353073 15.9882555 -2.8453097
v -3.0764842 15.521576 -3.8149602
v -4.2002873 13.47962 -3.7958865
v -1.425497 17.24638 -1.1455374
v -0.5217783 16.60973 -1.1480255
v -4.8984475 12.13468 -1.6029049
v -2.252501 17.02486 -2.0335279
v -1.6912249 16.724903 0.74803936
v -0.7585442 16.106586 0.6515071
v -1.3931129 14.776171 1.8242729
v -2.4192638 16.655128 0.42245638
v -2.4242342 15.356264 1.982223
v -2.204957 13.0808325 1.9627082
v -2.5307536 16.48143 -1.7772967
v -3.3697844 13.616099 2.1281087
v -2.911943 11.609738 1.0187049
v -3.3459368 14.948475 1.7167047
v -4.342985 11.857479 0.85650146
v -3.2787328 10.851929 -0.56257176
v -3.48149 14.751353 -3.4222155
v -2.8942401 15.772824 0.59326184
v -3.884038 13.923551 1.2899818
v -2.5548785 15.7792015 -1.1655996
v -2.8029592 15.309527 0.081947915
v -3.2275832 14.540917 0.42479527
v -3.6771677 13.738423 0.21435153
v -4.6778827 12.669215 0.44270575
v -4.0316405 13.120518 -0.7036929
v -2.8242779 15.320448 -2.414334
v -2.5548785 15.7792015 -1.1655996
v -3.2547743 14.554847 -2.759141
v -3.7007818 13.750523 -2.5507507
v -4.007302 13.186993 -1.8615824
v -4.7995353 12.493995 -0.87300134
v -3.2787328 10.851929 -0.56257176
v -4.0316405 13.120518 -0.7036929
v -4.007302 13.186993 -1.8615824
v -4.746457 14.1475115 -1.1175458
v -4.6264987 14.628524 -0.3827449
v -5.5269628 13.731417 -0.8415654
v -4.305197 15.953959 0.7428078
v -4.3318763 15.130807 -0.23249541
v -3.9770725 15.580127 -0.4305581
v -3.7437038 15.8310175 -0.91855764
v -5.03287 14.708529 1.059271
v -5.737802 13.541678 -0.24585544
v -3.293933 17.052748 -0.48272452
v -3.6549785 15.845422 -2.4248726
v -3.6396837 15.441174 -1.9983491
v -3.794727 15.727639 1.6037598
v -2.9406667 16.754028 0.5893245
v -5.376611 12.847347 0.5617422
v -4.67835 14.337616 1.6776321
v -3.3840222 13.723378 1.2565483
v -2.598778 14.892653 1.1971647
v -4.0096936 12.701534 0.5137805
v -1.9268485 15.803007 0.35626826
v -4.189141 12.356559 -0.07710993
v -2.4129758 17.060087 -1.013134
v -1.6017469 16.138073 -0.9739132
v -1.7364509 15.781404 -2.3311079
v -5.227156 12.244526 -1.5194206
v -4.2079787 12.176514 -1.4840324
v -3.271716 16.34465 -2.974175
v -2.3950374 16.539454 -2.6467268
v -2.2841496 14.856954 -3.2436638
v -2.8930855 15.373061 -3.7437444
v -3.054504 13.685988 -3.3944457
v -5.649062 12.872503 -0.4465772
v -5.3975596 13.093089 -2.3230436
v -5.5269628 13.731417 -0.8415654
v -4.6615396 14.393483 -2.6268315
v -5.3975596 13.093089 -2.3230436
v -4.625645 12.807937 -3.1220584
v -4.3422775 14.4426 -3.544434
v -4.2527766 14.474609 -2.1193678
v -3.6396837 15.441174 -1.9983491
v -3.7340376 13.966258 -3.9229474
v -3.7797997 12.675447 -2.7310545
v -5.227156 12.244526 -1.5194206
v -4.746457 14.1475115 -1.1175458
v -4.2527766 14.474609 -2.1193678
v -5.7603087 1.7266482 -3.8337502
v -5.7468076 1.7266482 1.8548684
v -6.4578123 1.7266482 1.8565556
v -6.4713125 1.7266482 -3.8320622
v -5.7603087 1.2041631 -3.8337502
v -6.471314 1.2041631 -3.8320625
v -6.4578123 1.2041631 1.8565555
v -5.7468076 1.2041631 1.8548684
v -5.7468076 1.7266482 1.8548684
v -5.7468076 1.2041631 1.8548684
v -6.4578123 1.2041631 1.8565555
v -6.4578123 1.7266482 1.8565556
v -6.4578123 1.7266482 1.8565556
v -6.4578123 1.2041631 1.8565555
v -6.471314 1.2041631 -3.8320625
v -6.4713125 1.7266482 -3.8320622
v -6.4713125 1.7266482 -3.8320622
v -6.471314 1.2041631 -3.8320625
v -5.7603087 1.2041631 -3.8337502
v -5.7603087 1.7266482 -3.8337502
v -5.7603087 1.7266482 -3.8337502
v -5.7603087 1.2041631 -3.8337502
v -5.7468076 1.2041631 1.8548684
v -5.7468076 1.7266482 1.8548684
v -5.576755 2.2309256 -3.8341842
v -5.5632553 2.2309256 1.8544323
v -5.563255 3.338775 1.8544323
v -5.5767546 3.338775 -3.8341842
v -6.099239 2.2309256 -3.8329442
v -6.099239 3.3387756 -3.8329442
v -6.0857377 3.3387756 1.8556721
v -6.0857377 2.2309256 1.8556721
v -5.5632553 2.2309256 1.8544323
v -6.0857377 2.2309256 1.8556721
v -6.0857377 3.3387756 1.8556721
v -5.563255 3.338775 1.8544323
v -5.563255 3.338775 1.8544323
v -6.0857377 3.3387756 1.8556721
v -6.099239 3.3387756 -3.8329442
v -5.5767546 3.338775 -3.8341842
v -5.5767546 3.338775 -3.8341842
v -6.099239 3.3387756 -3.8329442
v -6.099239 2.2309256 -3.8329442
v -5.576755 2.2309256 -3.8341842
v -5.576755 2.2309256 -3.8341842
v -6.099239 2.2309256 -3.8329442
v -6.0857377 2.2309256 1.8556721
v -5.5632553 2.2309256 1.8544323
v -6.5837216 1.7266482 -3.8317955
v -6.57022 1.7266482 1.8568225
v -7.2812243 1.7266482 1.8585098
v -7.294725 1.7266482 -3.8301086
v -6.5837216 1.2041631 -3.8317955
v -7.294726 1.2041631 -3.830108
v -7.2812247 1.2041631 1.8585098
v -6.57022 1.2041631 1.8568225
v -6.57022 1.7266482 1.8568225
v -6.57022 1.2041631 1.8568225
v -7.2812247 1.2041631 1.8585098
v -7.2812243 1.7266482 1.8585098
v -7.2812243 1.7266482 1.8585098
v -7.2812247 1.2041631 1.8585098
v -7.294726 1.2041631 -3.830108
v -7.294725 1.7266482 -3.8301086
v -7.294725 1.7266482 -3.8301086
v -7.294726 1.2041631 -3.830108
v -6.5837216 1.2041631 -3.8317955
v -6.5837216 1.7266482 -3.8317955
v -6.5837216 1.7266482 -3.8317955
v -6.5837216 1.2041631 -3.8317955
v -6.57022 1.2041631 1.8568225
v -6.57022 1.7266482 1.8568225
v -5.659561 1.8230352 1.8546563
v -7.3784957 1.8230352 1.8587359
v -7.378497 1.1077766 1.8587358
v -5.659561 1.1077766 1.8546563
v -5.65859 1.8230352 2.263607
v -5.65859 1.1077766 2.263607
v -7.3775268 1.1077766 2.2676866
v -7.3775253 1.8230352 2.2676866
v -5.659561 1.1077766 1.8546563
v -5.65859 1.1077766 2.263607
v -5.65859 1.8230352 2.263607
v -5.659561 1.8230352 1.8546563
v -7.378497 1.1077766 1.8587358
v -7.3775268 1.1077766 2.2676866
v -5.65859 1.1077766 2.263607
v -5.659561 1.1077766 1.8546563
v -7.3784957 1.8230352 1.8587359
v -7.3775253 1.8230352 2.2676866
v -7.3775268 1.1077766 2.2676866
v -7.378497 1.1077766 1.8587358
v -5.659561 1.8230352 1.8546563
v -5.65859 1.8230352 2.263607
v -7.3775253 1.8230352 2.2676866
v -7.3784957 1.8230352 1.8587359
v -5.673769 1.8230352 -4.1320024
v -7.3927045 1.8230352 -4.1279225
v -7.3927054 1.1077766 -4.127922
v -5.673769 1.1077766 -4.1320024
v -5.6727977 1.8230352 -3.7230513
v -5.6727977 1.1077766 -3.7230513
v -7.3917346 1.1077766 -3.7189717
v -7.391733 1.8230352 -3.7189717
v -5.673769 1.1077766 -4.1320024
v -5.6727977 1.1077766 -3.7230513
v -5.6727977 1.8230352 -3.7230513
v -5.673769 1.8230352 -4.1320024
v -7.3927054 1.1077766 -4.127922
v -7.3917346 1.1077766 -3.7189717
v -5.6727977 1.1077766 -3.7230513
v -5.673769 1.1077766 -4.1320024
v -7.3927045 1.8230352 -4.1279225
v -7.391733 1.8230352 -3.7189717
v -7.3917346 1.1077766 -3.7189717
v -7.3927054 1.1077766 -4.127922
v -5.673769 1.8230352 -4.1320024
v -5.6727977 1.8230352 -3.7230513
v -7.391733 1.8230352 -3.7189717
v -7.3927045 1.8230352 -4.1279225
v -5.489248 2.1182327 1.8542538
v -5.489248 3.4514675 1.8542536
v -6.159747 3.4514685 1.8558449
v -6.159747 2.1182327 1.8558449
v -5.488278 2.1182327 2.2632036
v -6.1587768 2.1182327 2.2647948
v -6.1587768 3.4514685 2.2647948
v -5.4882774 3.4514675 2.2632031
v -6.159747 2.1182327 1.8558449
v -6.1587768 2.1182327 2.2647948
v -5.488278 2.1182327 2.2632036
v -5.489248 2.1182327 1.8542538
v -6.159747 3.4514685 1.8558449
v -6.1587768 3.4514685 2.2647948
v -6.1587768 2.1182327 2.2647948
v -6.159747 2.1182327 1.8558449
v -5.489248 3.4514675 1.8542536
v -5.4882774 3.4514675 2.2632031
v -6.1587768 3.4514685 2.2647948
v -6.159747 3.4514685 1.8558449
v -5.489248 2.1182327 1.8542538
v -5.488278 2.1182327 2.2632036
v -5.4882774 3.4514675 2.2632031
v -5.489248 3.4514675 1.8542536
v -5.5034556 2.1182327 -4.1324005
v -5.5034556 3.4514675 -4.1324005
v -6.173955 3.4514685 -4.1308093
v -6.173955 2.1182327 -4.1308093
v -5.5024858 2.1182327 -3.7234511
v -6.1729846 2.1182327 -3.7218595
v -6.1729846 3.4514685 -3.7218595
v -5.502485 3.4514675 -3.7234504
v -6.173955 2.1182327 -4.1308093
v -6.1729846 2.1182327 -3.7218595
v -5.5024858 2.1182327 -3.7234511
v -5.5034556 2.1182327 -4.1324005
v -6.173955 3.4514685 -4.1308093
v -6.1729846 3.4514685 -3.7218595
v -6.1729846 2.1182327 -3.7218595
v -6.173955 2.1182327 -4.1308093
v -5.5034556 3.4514675 -4.1324005
v -5.502485 3.4514675 -3.7234504
v -6.1729846 3.4514685 -3.7218595
v -6.173955 3.4514685 -4.1308093
v -5.5034556 2.1182327 -4.1324005
v -5.5024858 2.1182327 -3.7234511
v -5.502485 3.4514675 -3.7234504
v -5.5034556 3.4514675 -4.1324005
v -6.0789566 0.003950119 1.590414
v -6.0789566 1.1077766 1.590414
v -6.5124474 1.1077771 1.5914426
v -6.5124474 0.003950119 1.5914426
v -6.0779862 0.003950119 1.9993632
v -6.511477 0.003950119 2.0003924
v -6.511477 1.1077771 2.0003924
v -6.0779862 1.1077766 1.9993633
v -6.5124474 1.1077771 1.5914426
v -6.511477 1.1077771 2.0003924
v -6.511477 0.003950119 2.0003924
v -6.5124474 0.003950119 1.5914426
v -6.0789566 0.003950119 1.590414
v -6.0779862 0.003950119 1.9993632
v -6.0779862 1.1077766 1.9993633
v -6.0789566 1.1077766 1.590414
v -6.0922914 0.003950119 -4.028399
v -6.0922914 1.1077766 -4.0283985
v -6.5257816 1.1077771 -4.0273705
v -6.5257816 0.003950119 -4.0273705
v -6.0913215 0.003950119 -3.6194494
v -6.5248117 0.003950119 -3.6184206
v -6.5248117 1.1077771 -3.6184206
v -6.0913215 1.1077766 -3.6194494
v -6.5257816 1.1077771 -4.0273705
v -6.5248117 1.1077771 -3.6184206
v -6.5248117 0.003950119 -3.6184206
v -6.5257816 0.003950119 -4.0273705
v -6.0922914 0.003950119 -4.028399
v -6.0913215 0.003950119 -3.6194494
v -6.0913215 1.1077766 -3.6194494
v -6.0922914 1.1077766 -4.0283985
v 8.452005 2.7378125 2.177546
v 8.19508 4.3497586 2.1094627
v 8.251631 4.34773 2.1770062
v 8.508552 2.7358084 2.245089
v 8.626017 2.7366323 2.124174
v 8.369088 4.348603 2.056089
v 8.2705145 4.3501945 2.0382047
v 8.52744 2.738254 2.1062894
v 8.63369 1.8553119 2.1334882
v 8.5337715 1.8568996 2.1153607
v 8.370301 0.0018033981 2.0943327
v 8.26474 0.0035066605 2.075181
v 8.52744 2.738254 2.1062894
v 8.2705145 4.3501945 2.0382047
v 8.19508 4.3497586 2.1094627
v 8.452005 2.7378125 2.177546
v 8.788848 2.004972 3.0755239
v 9.406232 3.087015 3.769125
v 9.303938 3.12229 3.8037682
v 8.686551 2.040244 3.1101658
v 8.244518 0.0008687973 2.2238207
v 8.514631 1.8544183 2.2560518
v 8.624775 1.8537005 2.2224188
v 8.360881 9.2983246E-05 2.1882882
v 8.617225 2.73501 2.2119112
v 8.3602915 4.347006 2.143825
v 8.369088 4.348603 2.056089
v 8.626017 2.7366323 2.124174
v 8.183958 0.0030403137 2.1514893
v 8.457313 1.8564843 2.1875887
v 8.514631 1.8544183 2.2560518
v 8.244518 0.0008687973 2.2238207
v 8.26474 0.0035066605 2.075181
v 8.5337715 1.8568996 2.1153607
v 8.457313 1.8564843 2.1875887
v 8.183958 0.0030403137 2.1514893
v 8.360881 9.2983246E-05 2.1882882
v 8.624775 1.8537005 2.2224188
v 8.63369 1.8553119 2.1334882
v 8.370301 0.0018033981 2.0943327
v 8.841392 1.981213 3.1421456
v 9.458777 3.063262 3.8357484
v 9.406232 3.087015 3.769125
v 8.788848 2.004972 3.0755239
v 8.677587 2.0377026 3.1978707
v 9.294964 3.1197362 3.8914642
v 9.387371 3.0846834 3.907931
v 8.769811 2.0023293 3.2141314
v 8.399944 1.2748618 2.7814407
v 8.493989 1.2392869 2.798238
v 8.165636 0.023479462 2.2001219
v 8.264594 -0.014059067 2.2177563
v 8.769811 2.0023293 3.2141314
v 9.387371 3.0846834 3.907931
v 9.458777 3.063262 3.8357484
v 8.841392 1.981213 3.1421456
v 8.711665 3.5221448 2.8503544
v 9.568277 6.464231 2.143589
v 9.469705 6.465822 2.1257062
v 8.61315 3.5239022 2.8324337
v 8.284791 -0.011560917 2.0691109
v 8.513206 1.2418084 2.657069
v 8.409052 1.2773433 2.692152
v 8.175245 0.026215076 2.1062098
v 8.686551 2.040244 3.1101658
v 9.303938 3.12229 3.8037682
v 9.294964 3.1197362 3.8914642
v 8.677587 2.0377026 3.1978707
v 8.341064 -0.036998272 2.1404576
v 8.566654 1.2175225 2.7248068
v 8.513206 1.2418084 2.657069
v 8.284791 -0.011560917 2.0691109
v 8.264594 -0.014059067 2.2177563
v 8.493989 1.2392869 2.798238
v 8.566654 1.2175225 2.7248068
v 8.341064 -0.036998272 2.1404576
v 8.175245 0.026215076 2.1062098
v 8.409052 1.2773433 2.692152
v 8.399944 1.2748618 2.7814407
v 8.165636 0.023479462 2.2001219
v 8.5297 -0.012716293 2.1045256
v 8.505719 2.7989416 2.8448546
v 8.4071455 2.8006127 2.826992
v 8.431127 -0.011125088 2.0866423
v 8.355691 -0.011560917 2.157899
v 8.33171 2.8001285 2.8982363
v 8.38826 2.798133 2.9657888
v 8.412242 -0.013589382 2.2254434
v 8.537625 3.5232036 2.903751
v 9.394269 6.4653864 2.196962
v 9.450819 6.4633584 2.2645073
v 8.5941515 3.5211034 2.9713116
v 8.520904 -0.014313698 2.1922624
v 8.496924 2.7973056 2.9325814
v 8.505719 2.7989416 2.8448546
v 8.5297 -0.012716293 2.1045256
v 8.412242 -0.013589382 2.2254434
v 8.38826 2.798133 2.9657888
v 8.496924 2.7973056 2.9325814
v 8.520904 -0.014313698 2.1922624
v 8.61315 3.5239022 2.8324337
v 9.469705 6.465822 2.1257062
v 9.394269 6.4653864 2.196962
v 8.537625 3.5232036 2.903751
v 8.5941515 3.5211034 2.9713116
v 9.450819 6.4633584 2.2645073
v 9.559484 6.4626336 2.231325
v 8.702896 3.5206232 2.9380739
v 8.431127 -0.011125088 2.0866423
v 8.33171 2.8001285 2.8982363
v 8.355691 -0.011560917 2.157899
v 8.4071455 2.8006127 2.826992
v 8.537625 3.5232036 2.903751
v 8.61315 3.5239022 2.8324337
v 8.702896 3.5206232 2.9380739
v 9.559484 6.4626336 2.231325
v 9.568277 6.464231 2.143589
v 8.711665 3.5221448 2.8503544
v 8.496924 2.7973056 2.9325814
v 8.505719 2.7989416 2.8448546
v 8.514631 1.8544183 2.2560518
v 8.508552 2.7358084 2.245089
v 8.617225 2.73501 2.2119112
v 8.624775 1.8537005 2.2224188
v 8.624775 1.8537005 2.2224188
v 8.617225 2.73501 2.2119112
v 8.626017 2.7366323 2.124174
v 8.63369 1.8553119 2.1334882
v 8.457313 1.8564843 2.1875887
v 8.452005 2.7378125 2.177546
v 8.508552 2.7358084 2.245089
v 8.514631 1.8544183 2.2560518
v 8.5337715 1.8568996 2.1153607
v 8.52744 2.738254 2.1062894
v 8.452005 2.7378125 2.177546
v 8.457313 1.8564843 2.1875887
v 8.513206 1.2418084 2.657069
v 8.788848 2.004972 3.0755239
v 8.686551 2.040244 3.1101658
v 8.409052 1.2773433 2.692152
v 8.409052 1.2773433 2.692152
v 8.686551 2.040244 3.1101658
v 8.677587 2.0377026 3.1978707
v 8.399944 1.2748618 2.7814407
v 8.566654 1.2175225 2.7248068
v 8.841392 1.981213 3.1421456
v 8.788848 2.004972 3.0755239
v 8.513206 1.2418084 2.657069
v 8.493989 1.2392869 2.798238
v 8.769811 2.0023293 3.2141314
v 8.841392 1.981213 3.1421456
v 8.566654 1.2175225 2.7248068
v 8.61315 3.5239022 2.8324337
v 8.4071455 2.8006127 2.826992
v 8.505719 2.7989416 2.8448546
v 8.711665 3.5221448 2.8503544
v 8.702896 3.5206232 2.9380739
v 8.496924 2.7973056 2.9325814
v 8.38826 2.798133 2.9657888
v 8.5941515 3.5211034 2.9713116
v 8.5941515 3.5211034 2.9713116
v 8.38826 2.798133 2.9657888
v 8.33171 2.8001285 2.8982363
v 8.537625 3.5232036 2.903751
v 8.508552 2.7358084 2.245089
v 8.251631 4.34773 2.1770062
v 8.3602915 4.347006 2.143825
v 8.617225 2.73501 2.2119112
v -5.81826 10.302651 3.272447
v -5.838672 10.302651 -5.32884
v -4.63448 10.302651 -4.0263214
v -5.210278 10.302651 -5.969782
v -4.6194696 10.302651 2.2983918
v -4.003913 10.302651 -4.674451
v -4.986037 10.302651 4.100729
v 3.9934413 10.3026495 -4.660729
v -3.9307592 10.302651 2.9838436
v 4.9786544 10.3026495 -5.974913
v 4.8771186 10.302651 4.077321
v 4.5785985 10.3026495 -3.8849995
v 3.862886 10.302651 2.9653473
v 5.6857457 10.3026495 -5.0375423
v 5.705399 10.302651 3.2450986
v 4.5483346 10.302651 2.2766347
v -4.5888247 8.8003235 -5.2373486
v 4.9786544 8.8003235 -5.974913
v -5.211718 8.8003235 -5.6994987
v -5.838007 8.8003235 -5.048323
v 4.4758744 8.8003235 -5.304251
v -5.2243476 8.8003235 -4.749615
v 5.6857457 8.8003235 -5.0375423
v -5.206489 8.8003235 2.7753618
v 5.120742 8.8003235 -4.4493704
v -5.81826 8.8003235 3.272447
v 5.705399 8.8003235 3.2450986
v -4.447502 8.8003235 3.5307531
v 5.1378303 8.8003235 2.7508123
v -4.986037 8.8003235 4.100729
v 4.8771186 8.8003235 4.077321
v 4.382438 8.8003235 3.5097976
v 4.3166385 10.240106 -2.175152
v 3.9480758 10.210862 -2.4943345
v 3.700478 9.689072 -1.9156022
v 4.126973 9.840403 -1.7318285
v 3.6112235 9.498083 -1.1256328
v 4.058602 9.694102 -1.1266946
v 3.7042272 9.689072 -0.33609518
v 4.129845 9.840404 -0.52189064
v 3.9545681 10.210862 0.24145328
v 4.3216124 10.240106 -0.079473734
v 4.295167 10.9236355 0.45226264
v 4.5767756 10.786108 -2.3378732
v 4.28767 10.9236355 -2.706757
v 4.5825186 10.786108 0.08201038
v 4.634761 11.63641 0.23983896
v 4.8376827 11.332109 -2.1763885
v 4.6282682 11.63641 -2.4959483
v 4.8426566 11.332109 -0.080709934
v 4.882359 12.158199 -0.33889115
v 5.0294495 11.731813 -1.7339709
v 4.87861 12.158199 -1.9183978
v 5.032321 11.7318125 -0.52403235
v 4.9716125 12.349188 -1.1288612
v 5.100692 11.878113 -1.1291676
v 1.2185774 15.494831 -2.7388506
v -0.7806847 16.91827 -2.998291
v -1.3775932 15.674135 -4.375383
v 0.7054118 14.425239 -3.9227452
v 1.4092183 15.886329 -1.120414
v -2.1897044 13.97462 -4.8780265
v -0.55893403 17.373657 -1.1157463
v 0.0072337985 12.964157 -4.3548717
v 1.2262609 15.494831 0.49890858
v -2.9994197 12.275109 -4.3715334
v -0.7717469 16.91827 0.76782924
v -0.6888843 11.503075 -3.919436
v 0.71872085 14.425239 1.6852216
v -3.5897815 11.030973 -2.9916246
v -1.3621119 15.674135 2.1477334
v -1.1964214 10.433482 -2.7331195
v 0.022601902 12.964157 2.120661
v -3.8025985 10.575584 -1.1080482
v -2.1718287 13.97462 2.654232
v -1.3793821 10.041983 -1.1137962
v -0.675575 11.503075 1.6885306
v -3.5808434 11.030973 0.7744959
v -2.9839385 12.275109 2.1515822
v -1.1887376 10.433482 0.50463986
v -0.58410114 10.37072 -1.1156805
v -1.3793821 10.041983 -1.1137962
v -1.1887376 10.433482 0.50463986
v -0.43109226 10.684934 0.18325889
v -0.43725935 10.684934 -2.4153316
v -0.675575 11.503075 1.6885306
v -1.1964214 10.433482 -2.7331195
v -0.019233108 11.543376 1.1334373
v -0.029915154 11.543376 -3.3674562
v 0.022601902 12.964157 2.120661
v -0.6888843 11.503075 -3.919436
v 0.54111606 12.716025 1.4802598
v 0.52878207 12.716025 -3.7169325
v 0.71872085 14.425239 1.6852216
v 0.0072337985 12.964157 -4.3548717
v 1.0998135 13.888674 1.1307817
v 1.0891323 13.888674 -3.3701122
v 1.2262609 15.494831 0.49890858
v 0.7054118 14.425239 -3.9227452
v 1.5071594 14.747118 0.17865896
v 1.5009927 14.747118 -2.4199317
v 1.4092183 15.886329 -1.120414
v 1.2185774 15.494831 -2.7388506
v 1.6539989 15.061329 -1.1209922
v 1.8327115 9.489153 -1.1214147
v -0.58410114 10.37072 -1.1156805
v -0.43109226 10.684934 0.18325889
v 1.9712864 9.7737255 0.05499232
v 1.9657016 9.7737255 -2.2984655
v -0.019233108 11.543376 1.1334373
v -0.43725935 10.684934 -2.4153316
v 2.3442934 10.551188 0.91553724
v 2.33462 10.551188 -3.1607735
v 0.54111606 12.716025 1.4802598
v -0.029915154 11.543376 -3.3674562
v 2.8517842 11.613217 1.229643
v 2.8406131 11.613217 -3.477283
v 1.0998135 13.888674 1.1307817
v 0.52878207 12.716025 -3.7169325
v 3.3577776 12.675247 0.9131319
v 3.3481033 12.675247 -3.163179
v 1.5071594 14.747118 0.17865896
v 1.0891323 13.888674 -3.3701122
v 3.726697 13.452712 0.050826192
v 3.7211123 13.452712 -2.302632
v 1.6539989 15.061329 -1.1209922
v 1.5009927 14.747118 -2.4199317
v 3.859685 13.737284 -1.1262254
v 3.1969795 11.447791 0.59547424
v 2.8517842 11.613217 1.229643
v 3.3577776 12.675247 0.9131319
v 3.5668042 12.224016 0.364141
v 2.8260622 10.671567 0.36589897
v 3.726697 13.452712 0.050826192
v 2.3442934 10.551188 0.91553724
v 3.8364432 12.7922535 -0.26610732
v 2.5534358 10.103331 -0.26306236
v 3.859685 13.737284 -1.1262254
v 1.9712864 9.7737255 0.05499232
v 3.9336417 13.000242 -1.1263993
v 2.4521534 9.89534 -1.1228836
v 3.7211123 13.452712 -2.302632
v 1.8327115 9.489153 -1.1214147
v 3.8323605 12.7922535 -1.9862196
v 2.5493538 10.103331 -1.983175
v 3.3481033 12.675247 -3.163179
v 1.9657016 9.7737255 -2.2984655
v 3.5597334 12.224016 -2.6151824
v 2.8189917 10.671567 -2.6134245
v 2.8406131 11.613217 -3.477283
v 2.33462 10.551188 -3.1607735
v 3.1888154 11.447791 -2.8447576
v 3.9480758 10.210862 -2.4943345
v 2.8189917 10.671567 -2.6134245
v 2.5493538 10.103331 -1.983175
v 3.700478 9.689072 -1.9156022
v 4.28767 10.9236355 -2.706757
v 2.4521534 9.89534 -1.1228836
v 3.1888154 11.447791 -2.8447576
v 3.6112235 9.498083 -1.1256328
v 4.6282682 11.63641 -2.4959483
v 2.5534358 10.103331 -0.26306236
v 3.5597334 12.224016 -2.6151824
v 3.7042272 9.689072 -0.33609518
v 4.87861 12.158199 -1.9183978
v 2.8260622 10.671567 0.36589897
v 3.8323605 12.7922535 -1.9862196
v 3.9545681 10.210862 0.24145328
v 4.9716125 12.349188 -1.1288612
v 3.1969795 11.447791 0.59547424
v 3.9336417 13.000242 -1.1263993
v 4.295167 10.9236355 0.45226264
v 4.882359 12.158199 -0.33889115
v 3.5668042 12.224016 0.364141
v 3.8364432 12.7922535 -0.26610732
v 4.634761 11.63641 0.23983896
v 9.568279 6.4642315 2.1435761
v 8.927768 6.9367766 1.3847822
v 8.576495 6.937341 2.1005282
v 8.8301935 6.867685 2.8522518
v 8.2166815 7.941457 2.124147
v 8.585214 7.8402696 3.2161238
v 9.538963 6.7687144 3.200333
v 9.614795 7.6965036 3.7217553
v 9.677565 6.8663225 1.1256623
v 8.726951 7.9406366 1.0844336
v 8.749627 8.751008 3.2118225
v 9.723451 8.615027 3.690071
v 8.401056 8.846714 2.1789842
v 10.704077 7.5941653 3.3450181
v 10.288834 6.698263 2.9409847
v 10.753738 8.518231 3.3337364
v 10.386455 6.7673526 1.473495
v 9.816128 7.838292 0.7080292
v 10.640017 6.6976986 2.2254171
v 11.214216 7.5933456 2.3055654
v 10.845883 7.694525 1.2133012
v 8.88369 8.84594 1.1955795
v 11.236252 8.517456 2.3505774
v 9.9138775 8.749137 0.83955956
v 10.88787 8.613155 1.3174676
v 8.880944 9.518015 2.2422724
v 9.227758 9.517457 1.5356126
v 9.949376 9.841892 2.3279452
v 9.131423 9.449242 2.9844546
v 9.968039 9.447897 1.2797822
v 9.831199 9.351528 3.3281164
v 10.66793 9.3501835 1.6231999
v 10.5715475 9.281973 3.07206
v 10.918272 9.281415 2.3655782
v 9.169527 3.0094392 3.9479513
v 8.615911 3.6332142 3.231196
v 8.264791 3.634557 3.9470153
v 8.499835 3.4688573 4.689715
v 8.067273 4.678026 4.04915
v 8.408706 4.4373236 5.1280174
v 9.182099 3.233428 5.024973
v 9.399785 4.095331 5.6150236
v 9.346839 3.465617 2.9629483
v 8.577321 4.6760755 3.00933
v 8.714359 5.3085127 5.192044
v 9.651765 4.9850416 5.652676
v 8.391419 5.536179 4.171607
v 10.4616585 3.8518896 5.225026
v 9.913099 3.06584 4.756495
v 10.656133 4.7547836 5.283801
v 10.029227 3.230188 3.2979577
v 9.639091 4.4326177 2.619667
v 10.264133 3.0644972 4.0408554
v 10.971581 3.849939 4.185466
v 10.630346 4.0906253 3.1063128
v 8.873843 5.534333 3.188101
v 11.138437 4.752939 4.300542
v 9.878109 5.304061 2.81954
v 10.815683 4.98059 3.2798302
v 8.970541 6.1168456 4.2829027
v 9.317204 6.115519 3.576171
v 10.076083 6.2611504 4.386529
v 9.202601 5.9532475 5.0161743
v 10.038856 5.9500494 3.3113284
v 9.876207 5.7208066 5.347177
v 10.712579 5.717608 3.642086
v 10.597928 5.5553465 5.0821095
v 10.944507 5.5540214 4.3755527
v 8.297992 4.318293 2.1158433
v 7.554607 4.264156 1.307282
v 7.2036405 4.262353 2.0231752
v 7.419753 4.4848733 2.7567165
v 6.423546 4.9676394 1.8434672
v 6.7374825 5.2908773 2.9090319
v 8.075129 4.80103 3.0789635
v 7.6894956 5.750138 3.377138
v 8.266392 4.489224 1.0297713
v 6.93337 4.970259 0.8035397
v 6.466885 6.149453 2.6942775
v 7.367339 6.583841 3.1370325
v 6.169951 5.8437204 1.6864218
v 8.723562 6.0770555 2.9736872
v 8.786986 5.026082 2.8012254
v 8.345405 6.893054 2.7554326
v 8.921884 4.805381 1.3517703
v 7.9673295 5.297198 0.4004216
v 9.137864 5.0278845 2.0855112
v 9.233261 6.0796747 1.9340196
v 8.91952 5.756458 0.8681669
v 6.652166 5.846199 0.7028145
v 8.8274975 6.8955307 1.7720699
v 7.630126 6.155431 0.32152674
v 8.530749 6.589819 0.76394176
v 6.285222 6.655424 1.5733132
v 6.6317344 6.657205 0.86650825
v 7.080582 7.4422092 1.5268779
v 6.4985948 6.8751187 2.2975435
v 7.3344817 6.8794146 0.59252095
v 7.1456475 7.187263 2.6156998
v 7.981653 7.191559 0.9104326
v 7.8484693 7.4094586 2.341488
v 8.194894 7.4112396 1.6348596
v -4.496674 1.3869034 6.0543714
v -4.5275035 1.1845485 6.8795195
v -4.8531103 1.1940504 6.425997
v -5.4867015 0.86343634 4.7335086
v -5.8407855 0.61810553 5.1016455
v -6.123885 0.33756793 4.738242
v -6.198409 0.34397566 4.8188906
v -5.9377356 0.6210042 5.185188
v -6.369073 0.8802167 5.4561424
v -4.5521145 1.5007211 3.4100554
v -3.7278154 1.4180061 3.6324914
v -4.236618 1.3252903 3.8428655
v -5.9508014 0.68419605 4.0230536
v -5.6294065 0.45692834 4.4487386
v -5.9937077 0.09687149 4.6178484
v -5.9326944 0.10656034 4.7125645
v -5.5697765 0.46108922 4.5661945
v -5.442911 0.707151 5.08189
v -7.4835453 1.3262696 5.9107604
v -8.201988 1.2788697 5.6142454
v -7.713756 1.2110134 5.477916
v -6.134156 0.6317221 5.4498053
v -6.3703527 0.4686209 5.017403
v -6.0169473 0.15444146 4.8744235
v -6.0602937 0.17293607 4.7853765
v -6.4095306 0.48427927 4.908011
v -6.4604216 0.75941044 4.465583
v -7.380439 1.4826951 3.3247032
v -7.2083097 1.3599979 2.5012481
v -6.968424 1.3118081 3.00317
v -6.6542735 0.792523 4.7372103
v -6.246475 0.56921256 4.41329
v -6.03949 0.24311934 4.7897615
v -5.9516745 0.25414336 4.724445
v -6.1361685 0.5760795 4.348695
v -5.6572967 0.8418256 4.1852465
v -5.661151 1.8657142 3.6193602
v -5.0079947 1.8211476 3.2917814
v -5.2463555 1.6429683 3.6694324
v -6.351118 0.9092828 4.5319138
v -5.940907 0.6466676 4.5609035
v -6.129544 0.2750193 4.76583
v -6.039605 0.2646886 4.793675
v -5.8407464 0.625909 4.6019745
v -5.469208 0.70742947 4.914256
v -6.543664 1.6584802 6.425899
v -7.221182 1.5524117 6.697116
v -6.9696665 1.4948403 6.287195
v -5.850798 1.0137826 5.259375
v -6.2756553 0.8049489 5.1271396
v -6.094984 0.5093833 4.812665
v -6.184241 0.51557267 4.779517
v -6.3749857 0.8065048 5.0775285
v -6.7252154 1.0164787 4.796386
v -5.9782095 1.1439329 6.2018704
v -5.4613757 1.029533 5.8238645
v -4.950057 1.1969491 6.509537
v -5.2912474 1.3354936 6.6356125
v -5.4486737 1.3774105 6.7255445
v -4.8531103 1.1940504 6.425997
v -4.5275035 1.1845485 6.8795195
v -4.602028 1.1909567 6.9601684
v -4.950057 1.1969491 6.509537
v -5.364431 1.0266343 5.7403207
v -4.8531103 1.1940504 6.425997
v -4.950057 1.1969491 6.509537
v -5.4613757 1.029533 5.8238645
v -5.4867015 0.86343634 4.7335086
v -5.4608054 0.6233293 4.591392
v -4.8188124 0.9041591 5.2175055
v -4.9575434 1.095236 5.250864
v -4.602028 1.1909567 6.9601684
v -4.4417653 1.172949 7.192004
v -5.2411127 1.2293159 6.987736
v -5.2529974 1.3630263 6.7982554
v -5.8407855 0.61810553 5.1016455
v -5.364431 1.0266343 5.7403207
v -5.4613757 1.029533 5.8238645
v -5.9377356 0.6210042 5.185188
v -6.369073 0.8802167 5.4561424
v -5.9377356 0.6210042 5.185188
v -5.4613757 1.029533 5.8238645
v -5.9782095 1.1439329 6.2018704
v -6.123885 0.33756793 4.738242
v -5.8407855 0.61810553 5.1016455
v -5.9377356 0.6210042 5.185188
v -6.198409 0.34397566 4.8188906
v -5.0771627 1.106701 5.462867
v -4.852182 1.1507365 5.3906116
v -4.496674 1.3869034 6.0543714
v -5.364431 1.0266343 5.7403207
v -4.8531103 1.1940504 6.425997
v -5.9782095 1.1439329 6.2018704
v -6.0439005 0.9560943 6.3333764
v -6.5075974 0.64323676 5.4486833
v -6.369073 0.8802167 5.4561424
v -6.123885 0.33756793 4.738242
v -6.2472143 0.1605364 4.5560303
v -5.4608054 0.6233293 4.591392
v -5.4867015 0.86343634 4.7335086
v -4.496674 1.3869034 6.0543714
v -4.2862935 1.244341 6.1583896
v -4.353356 1.1653472 7.096321
v -4.5275035 1.1845485 6.8795195
v -4.950057 1.1969491 6.509537
v -4.602028 1.1909567 6.9601684
v -5.2529974 1.3630263 6.7982554
v -5.2912474 1.3354936 6.6356125
v -6.198409 0.34397566 4.8188906
v -6.335629 0.16813813 4.651706
v -6.2472143 0.1605364 4.5560303
v -6.123885 0.33756793 4.738242
v -5.8407855 0.61810553 5.1016455
v -5.4867015 0.86343634 4.7335086
v -4.9575434 1.095236 5.250864
v -5.364431 1.0266343 5.7403207
v -5.0771627 1.106701 5.462867
v -6.0439005 0.9560943 6.3333764
v -5.4349427 1.2208558 6.9209123
v -5.281408 1.1986195 6.8118854
v -4.8786745 1.1016155 6.5545163
v -5.2411127 1.2293159 6.987736
v -4.4417653 1.172949 7.192004
v -5.4106255 0.88914883 5.84045
v -6.5075974 0.64323676 5.4486833
v -5.925793 0.5084473 5.148929
v -6.335629 0.16813813 4.651706
v -6.369073 0.8802167 5.4561424
v -6.5075974 0.64323676 5.4486833
v -6.335629 0.16813813 4.651706
v -6.198409 0.34397566 4.8188906
v -4.2862935 1.244341 6.1583896
v -4.7134504 0.9596602 5.357259
v -4.9422536 0.92534316 5.4258127
v -5.3621225 0.88677555 5.7950273
v -4.8188124 0.9041591 5.2175055
v -4.831453 1.0985628 6.507377
v -4.353356 1.1653472 7.096321
v -5.8785725 0.5053941 5.1017866
v -5.4608054 0.6233293 4.591392
v -6.2472143 0.1605364 4.5560303
v -4.5275035 1.1845485 6.8795195
v -4.353356 1.1653472 7.096321
v -4.4417653 1.172949 7.192004
v -4.602028 1.1909567 6.9601684
v -4.8786745 1.1016155 6.5545163
v -4.4417653 1.172949 7.192004
v -4.353356 1.1653472 7.096321
v -4.831453 1.0985628 6.507377
v -5.4106255 0.88914883 5.84045
v -5.3621225 0.88677555 5.7950273
v -5.925793 0.5084473 5.148929
v -5.8785725 0.5053941 5.1017866
v -6.2472143 0.1605364 4.5560303
v -6.335629 0.16813813 4.651706
v -4.9422536 0.92534316 5.4258127
v -5.0771627 1.106701 5.462867
v -4.9575434 1.095236 5.250864
v -4.8188124 0.9041591 5.2175055
v -4.852182 1.1507365 5.3906116
v -4.7134504 0.9596602 5.357259
v -4.2862935 1.244341 6.1583896
v -4.496674 1.3869034 6.0543714
v -4.852182 1.1507365 5.3906116
v -5.0771627 1.106701 5.462867
v -4.9422536 0.92534316 5.4258127
v -4.7134504 0.9596602 5.357259
v -5.4486737 1.3774105 6.7255445
v -5.4349427 1.2208558 6.9209123
v -6.0439005 0.9560943 6.3333764
v -5.9782095 1.1439329 6.2018704
v -5.2529974 1.3630263 6.7982554
v -5.2411127 1.2293159 6.987736
v -5.281408 1.1986195 6.8118854
v -5.2912474 1.3354936 6.6356125
v -5.2912474 1.3354936 6.6356125
v -5.281408 1.1986195 6.8118854
v -5.4349427 1.2208558 6.9209123
v -5.4486737 1.3774105 6.7255445
v -4.9199224 1.0084368 4.283718
v -4.1769843 1.3294502 3.960319
v -4.150771 1.4459171 4.341143
v -4.6836104 1.118126 4.900366
v -4.104325 1.4826242 4.523176
v -4.236618 1.3252903 3.8428655
v -3.7278154 1.4180061 3.6324914
v -3.666802 1.4276963 3.727207
v -4.1769843 1.3294502 3.960319
v -4.9795566 1.004275 4.1662664
v -4.236618 1.3252903 3.8428655
v -4.1769843 1.3294502 3.960319
v -4.9199224 1.0084368 4.283718
v -5.9508014 0.68419605 4.0230536
v -6.0424933 0.4304148 3.943774
v -5.3482804 0.868856 3.484118
v -5.377416 1.046086 3.6445284
v -3.666802 1.4276963 3.727207
v -3.4058297 1.4614735 3.6248314
v -3.782262 1.3981825 4.371724
v -3.9901462 1.5008351 4.3459864
v -5.6294065 0.45692834 4.4487386
v -4.9795566 1.004275 4.1662664
v -4.9199224 1.0084368 4.283718
v -5.5697765 0.46108922 4.5661945
v -5.442911 0.707151 5.08189
v -5.5697765 0.46108922 4.5661945
v -4.9199224 1.0084368 4.283718
v -4.6836104 1.118126 4.900366
v -5.9937077 0.09687149 4.6178484
v -5.6294065 0.45692834 4.4487386
v -5.5697765 0.46108922 4.5661945
v -5.9326944 0.10656034 4.7125645
v -5.229322 1.1326596 3.57907
v -4.5521145 1.5007211 3.4100554
v -4.236618 1.3252903 3.8428655
v -5.199943 1.074771 3.8173559
v -4.9795566 1.004275 4.1662664
v -4.6836104 1.118126 4.900366
v -4.5391674 0.9452053 4.9845695
v -5.439955 0.45764792 5.1999183
v -5.442911 0.707151 5.08189
v -5.9937077 0.09687149 4.6178484
v -6.1663423 -0.11734378 4.681436
v -6.0424933 0.4304148 3.943774
v -5.9508014 0.68419605 4.0230536
v -4.5521145 1.5007211 3.4100554
v -4.3831687 1.3990947 3.2165477
v -3.4782119 1.4499775 3.5124621
v -3.7278154 1.4180061 3.6324914
v -4.1769843 1.3294502 3.960319
v -3.666802 1.4276963 3.727207
v -3.9901462 1.5008351 4.3459864
v -4.150771 1.4459171 4.341143
v -5.9326944 0.10656034 4.7125645
v -6.0939603 -0.10584819 4.793807
v -6.1663423 -0.11734378 4.681436
v -5.9937077 0.09687149 4.6178484
v -5.9508014 0.68419605 4.0230536
v -5.377416 1.046086 3.6445284
v -5.199943 1.074771 3.8173559
v -4.9795566 1.004275 4.1662664
v -5.6294065 0.45692834 4.4487386
v -4.5391674 0.9452053 4.9845695
v -3.8865533 1.3585716 4.5468493
v -3.955557 1.3380108 4.3653564
v -4.8696856 0.8784815 4.2269945
v -5.439955 0.45764792 5.1999183
v -5.59801 0.4086777 4.543335
v -6.0939603 -0.10584819 4.793807
v -4.102463 1.2502033 3.893583
v -3.782262 1.3981825 4.371724
v -3.4058297 1.4614735 3.6248314
v -5.442911 0.707151 5.08189
v -5.439955 0.45764792 5.1999183
v -6.0939603 -0.10584819 4.793807
v -5.9326944 0.10656034 4.7125645
v -3.7278154 1.4180061 3.6324914
v -3.4782119 1.4499775 3.5124621
v -3.4058297 1.4614735 3.6248314
v -3.666802 1.4276963 3.727207
v -5.176813 0.9061338 3.6605358
v -5.3482804 0.868856 3.484118
v -6.0424933 0.4304148 3.943774
v -4.9028716 0.87496674 4.1672573
v -5.6330137 0.40410244 4.4843884
v -6.1663423 -0.11734378 4.681436
v -4.1374636 1.245629 3.834635
v -5.200183 0.9554297 3.418659
v -4.3831687 1.3990947 3.2165477
v -3.4782119 1.4499775 3.5124621
v -4.102463 1.2502033 3.893583
v -3.4058297 1.4614735 3.6248314
v -3.4782119 1.4499775 3.5124621
v -4.1374636 1.245629 3.834635
v -4.8696856 0.8784815 4.2269945
v -4.9028716 0.87496674 4.1672573
v -5.59801 0.4086777 4.543335
v -5.6330137 0.40410244 4.4843884
v -6.1663423 -0.11734378 4.681436
v -6.0939603 -0.10584819 4.793807
v -5.176813 0.9061338 3.6605358
v -5.199943 1.074771 3.8173559
v -5.377416 1.046086 3.6445284
v -5.3482804 0.868856 3.484118
v -5.229322 1.1326596 3.57907
v -5.200183 0.9554297 3.418659
v -4.3831687 1.3990947 3.2165477
v -4.5521145 1.5007211 3.4100554
v -5.229322 1.1326596 3.57907
v -5.199943 1.074771 3.8173559
v -5.176813 0.9061338 3.6605358
v -5.200183 0.9554297 3.418659
v -4.104325 1.4826242 4.523176
v -3.8865533 1.3585716 4.5468493
v -4.5391674 0.9452053 4.9845695
v -4.6836104 1.118126 4.900366
v -3.9901462 1.5008351 4.3459864
v -3.782262 1.3981825 4.371724
v -3.955557 1.3380108 4.3653564
v -4.150771 1.4459171 4.341143
v -4.150771 1.4459171 4.341143
v -3.955557 1.3380108 4.3653564
v -3.8865533 1.3585716 4.5468493
v -4.104325 1.4826242 4.523176
v -7.748257 1.4213978 4.881608
v -7.1736326 1.1217581 4.5798826
v -7.0370364 0.96014845 5.1368017
v -7.729036 1.3699288 5.04295
v -7.752937 1.2266723 5.3685265
v -7.713756 1.2110134 5.477916
v -8.201988 1.2788697 5.6142454
v -8.245328 1.2973639 5.5252028
v -7.752937 1.2266723 5.3685265
v -6.9978504 0.9444891 5.24619
v -7.713756 1.2110134 5.477916
v -7.752937 1.2266723 5.3685265
v -7.0370364 0.96014845 5.1368017
v -6.134156 0.6317221 5.4498053
v -6.059824 0.39224827 5.5045404
v -6.7494183 0.7520748 5.872988
v -6.7035885 0.92881215 5.753112
v -8.245328 1.2973639 5.5252028
v -8.494987 1.3201605 5.5889072
v -8.058892 1.3322511 4.9697475
v -7.874273 1.421629 5.026001
v -6.3703527 0.4686209 5.017403
v -6.9978504 0.9444891 5.24619
v -7.0370364 0.96014845 5.1368017
v -6.4095306 0.48427927 4.908011
v -6.4604216 0.75941044 4.465583
v -6.4095306 0.48427927 4.908011
v -7.0370364 0.96014845 5.1368017
v -7.1736326 1.1217581 4.5798826
v -6.0169473 0.15444146 4.8744235
v -6.3703527 0.4686209 5.017403
v -6.4095306 0.48427927 4.908011
v -6.0602937 0.17293607 4.7853765
v -7.713756 1.2110134 5.477916
v -6.9978504 0.9444891 5.24619
v -6.8426795 0.9730812 5.584253
v -7.4835453 1.3262696 5.9107604
v -6.846537 1.0024058 5.802413
v -7.1736326 1.1217581 4.5798826
v -7.292995 0.97359955 4.472517
v -6.4468827 0.5437304 4.33691
v -6.4604216 0.75941044 4.465583
v -6.0169473 0.15444146 4.8744235
v -5.851354 -0.035739303 4.816865
v -6.059824 0.39224827 5.5045404
v -6.134156 0.6317221 5.4498053
v -7.4835453 1.3262696 5.9107604
v -7.6606607 1.2162215 6.0513897
v -8.4435625 1.2982188 5.6945453
v -8.201988 1.2788697 5.6142454
v -7.752937 1.2266723 5.3685265
v -8.245328 1.2973639 5.5252028
v -7.874273 1.421629 5.026001
v -7.729036 1.3699288 5.04295
v -6.0602937 0.17293607 4.7853765
v -5.902777 -0.0137985945 4.711224
v -5.851354 -0.035739303 4.816865
v -6.0169473 0.15444146 4.8744235
v -6.9978504 0.9444891 5.24619
v -6.3703527 0.4686209 5.017403
v -6.134156 0.6317221 5.4498053
v -6.8426795 0.9730812 5.584253
v -6.7035885 0.92881215 5.753112
v -6.4604216 0.75941044 4.465583
v -6.4468827 0.5437304 4.33691
v -5.902777 -0.0137985945 4.711224
v -6.0602937 0.17293607 4.7853765
v -7.6606607 1.2162215 6.0513897
v -6.892372 0.82566893 5.9222946
v -6.8826566 0.80447155 5.702515
v -7.8042483 1.1384383 5.466032
v -8.4435625 1.2982188 5.6945453
v -7.0665708 0.82743466 5.2238245
v -6.059824 0.39224827 5.5045404
v -6.7494183 0.7520748 5.872988
v -6.3759785 0.36682808 4.9791684
v -5.851354 -0.035739303 4.816865
v -8.201988 1.2788697 5.6142454
v -8.4435625 1.2982188 5.6945453
v -8.494987 1.3201605 5.5889072
v -8.245328 1.2973639 5.5252028
v -5.902777 -0.0137985945 4.711224
v -6.4468827 0.5437304 4.33691
v -6.4002585 0.37699044 4.92394
v -7.0890946 0.8366943 5.168002
v -7.292995 0.97359955 4.472517
v -7.9419894 1.31241 4.823926
v -7.902344 1.2755238 4.9889383
v -7.8285294 1.1486002 5.4108005
v -8.058892 1.3322511 4.9697475
v -8.494987 1.3201605 5.5889072
v -7.8285294 1.1486002 5.4108005
v -8.494987 1.3201605 5.5889072
v -8.4435625 1.2982188 5.6945453
v -7.8042483 1.1384383 5.466032
v -7.0890946 0.8366943 5.168002
v -7.0665708 0.82743466 5.2238245
v -6.4002585 0.37699044 4.92394
v -6.3759785 0.36682808 4.9791684
v -5.851354 -0.035739303 4.816865
v -5.902777 -0.0137985945 4.711224
v -6.8826566 0.80447155 5.702515
v -6.8426795 0.9730812 5.584253
v -6.7035885 0.92881215 5.753112
v -6.7494183 0.7520748 5.872988
v -6.846537 1.0024058 5.802413
v -6.892372 0.82566893 5.9222946
v -7.6606607 1.2162215 6.0513897
v -7.4835453 1.3262696 5.9107604
v -6.846537 1.0024058 5.802413
v -6.8426795 0.9730812 5.584253
v -6.8826566 0.80447155 5.702515
v -6.892372 0.82566893 5.9222946
v -7.748257 1.4213978 4.881608
v -7.9419894 1.31241 4.823926
v -7.292995 0.97359955 4.472517
v -7.1736326 1.1217581 4.5798826
v -7.874273 1.421629 5.026001
v -8.058892 1.3322511 4.9697475
v -7.902344 1.2755238 4.9889383
v -7.729036 1.3699288 5.04295
v -7.729036 1.3699288 5.04295
v -7.902344 1.2755238 4.9889383
v -7.9419894 1.31241 4.823926
v -7.748257 1.4213978 4.881608
v -6.496657 1.4542217 2.8888762
v -6.3247657 1.4979511 2.8325818
v -5.9027057 1.1927339 3.4138384
v -6.8581214 1.3186752 2.9385748
v -6.481175 1.0642477 3.6820803
v -6.968424 1.3118081 3.00317
v -7.2083097 1.3599979 2.5012481
v -7.1204944 1.3710219 2.4359283
v -6.8581214 1.3186752 2.9385748
v -6.591479 1.0573798 3.746676
v -6.968424 1.3118081 3.00317
v -6.8581214 1.3186752 2.9385748
v -6.481175 1.0642477 3.6820803
v -6.6542735 0.792523 4.7372103
v -6.7109146 0.5411025 4.847209
v -7.2242217 0.90807164 4.150872
v -7.0771255 1.0954438 4.1620364
v -7.1204944 1.3710219 2.4359283
v -7.2373514 1.3823177 2.1790805
v -6.4859514 1.384822 2.5243924
v -6.504682 1.498952 2.7257526
v -6.246475 0.56921256 4.41329
v -6.591479 1.0573798 3.746676
v -6.481175 1.0642477 3.6820803
v -6.1361685 0.5760795 4.348695
v -5.6572967 0.8418256 4.1852465
v -6.1361685 0.5760795 4.348695
v -6.481175 1.0642477 3.6820803
v -5.9027057 1.1927339 3.4138384
v -6.03949 0.24311934 4.7897615
v -6.246475 0.56921256 4.41329
v -6.1361685 0.5760795 4.348695
v -5.9516745 0.25414336 4.724445
v -7.380439 1.4826951 3.3247032
v -6.968424 1.3118081 3.00317
v -6.591479 1.0573798 3.746676
v -7.154557 1.1686074 4.012493
v -6.9214635 1.1222988 3.9764779
v -5.9027057 1.1927339 3.4138384
v -5.8192964 1.0158912 3.2772307
v -5.5281587 0.5995933 4.1923914
v -5.6572967 0.8418256 4.1852465
v -6.03949 0.24311934 4.7897615
v -5.9549093 0.044237256 4.9715414
v -6.7109146 0.5411025 4.847209
v -6.6542735 0.792523 4.7372103
v -7.380439 1.4826951 3.3247032
v -7.572393 1.3598853 3.1714852
v -7.341532 1.3692379 2.256575
v -7.2083097 1.3599979 2.5012481
v -6.8581214 1.3186752 2.9385748
v -7.1204944 1.3710219 2.4359283
v -6.504682 1.498952 2.7257526
v -6.496657 1.4542217 2.8888762
v -5.9516745 0.25414336 4.724445
v -5.850732 0.057314992 4.894057
v -5.9549093 0.044237256 4.9715414
v -6.03949 0.24311934 4.7897615
v -6.9214635 1.1222988 3.9764779
v -6.591479 1.0573798 3.746676
v -6.246475 0.56921256 4.41329
v -7.0771255 1.0954438 4.1620364
v -6.6542735 0.792523 4.7372103
v -5.8192964 1.0158912 3.2772307
v -6.307362 1.3617517 2.622788
v -6.4783397 1.3355813 2.700481
v -6.9226823 1.2312428 2.8722773
v -6.4859514 1.384822 2.5243924
v -7.2373514 1.3823177 2.1790805
v -6.5315967 0.9283977 3.6425636
v -5.5281587 0.5995933 4.1923914
v -6.157125 0.4611479 4.370565
v -5.850732 0.057314992 4.894057
v -5.6572967 0.8418256 4.1852465
v -5.5281587 0.5995933 4.1923914
v -5.850732 0.057314992 4.894057
v -5.9516745 0.25414336 4.724445
v -7.2083097 1.3599979 2.5012481
v -7.341532 1.3692379 2.256575
v -7.2373514 1.3823177 2.1790805
v -7.1204944 1.3710219 2.4359283
v -6.9226823 1.2312428 2.8722773
v -7.2373514 1.3823177 2.1790805
v -7.341532 1.3692379 2.256575
v -6.977599 1.2256423 2.9098873
v -6.5315967 0.9283977 3.6425636
v -6.587445 0.9236933 3.6783385
v -6.157125 0.4611479 4.370565
v -6.212039 0.45554698 4.4081793
v -5.9549093 0.044237256 4.9715414
v -5.850732 0.057314992 4.894057
v -6.7109146 0.5411025 4.847209
v -5.9549093 0.044237256 4.9715414
v -6.212039 0.45554698 4.4081793
v -7.2242217 0.90807164 4.150872
v -7.065217 0.9440719 3.9706008
v -6.587445 0.9236933 3.6783385
v -7.3016562 0.9812356 4.001331
v -7.572393 1.3598853 3.1714852
v -6.977599 1.2256423 2.9098873
v -7.341532 1.3692379 2.256575
v -7.065217 0.9440719 3.9706008
v -6.9214635 1.1222988 3.9764779
v -7.0771255 1.0954438 4.1620364
v -7.2242217 0.90807164 4.150872
v -7.154557 1.1686074 4.012493
v -7.3016562 0.9812356 4.001331
v -7.572393 1.3598853 3.1714852
v -7.380439 1.4826951 3.3247032
v -7.154557 1.1686074 4.012493
v -6.9214635 1.1222988 3.9764779
v -7.065217 0.9440719 3.9706008
v -7.3016562 0.9812356 4.001331
v -6.3247657 1.4979511 2.8325818
v -6.307362 1.3617517 2.622788
v -5.8192964 1.0158912 3.2772307
v -5.9027057 1.1927339 3.4138384
v -6.504682 1.498952 2.7257526
v -6.4859514 1.384822 2.5243924
v -6.4783397 1.3355813 2.700481
v -6.496657 1.4542217 2.8888762
v -6.496657 1.4542217 2.8888762
v -6.4783397 1.3355813 2.700481
v -6.307362 1.3617517 2.622788
v -6.3247657 1.4979511 2.8325818
v -5.503279 1.2066032 4.2233458
v -5.146195 1.6222095 3.710502
v -4.922686 1.6227261 3.960259
v -4.7951245 1.610785 4.0564814
v -5.020125 1.161822 4.5031085
v -5.2463555 1.6429683 3.6694324
v -5.0079947 1.8211476 3.2917814
v -4.918056 1.8108169 3.319622
v -5.146195 1.6222095 3.710502
v -5.603442 1.2273604 4.182274
v -5.2463555 1.6429683 3.6694324
v -5.146195 1.6222095 3.710502
v -5.503279 1.2066032 4.2233458
v -6.351118 0.9092828 4.5319138
v -6.476308 0.71377194 4.4661636
v -6.210426 1.255077 3.9266798
v -6.1309543 1.3558913 4.086958
v -4.918056 1.8108169 3.319622
v -4.7942476 1.8895689 3.1257
v -4.6669955 1.6115638 3.7688022
v -4.8085036 1.6817417 3.891407
v -5.940907 0.6466676 4.5609035
v -5.603442 1.2273604 4.182274
v -5.503279 1.2066032 4.2233458
v -5.8407464 0.625909 4.6019745
v -5.469208 0.70742947 4.914256
v -5.8407464 0.625909 4.6019745
v -5.503279 1.2066032 4.2233458
v -5.020125 1.161822 4.5031085
v -6.129544 0.2750193 4.76583
v -5.940907 0.6466676 4.5609035
v -5.8407464 0.625909 4.6019745
v -6.039605 0.2646886 4.793675
v -6.0581765 1.4573976 3.9900224
v -5.661151 1.8657142 3.6193602
v -5.2463555 1.6429683 3.6694324
v -5.603442 1.2273604 4.182274
v -5.921938 1.3523889 4.1051416
v -5.020125 1.161822 4.5031085
v -4.897291 1.0133697 4.4319916
v -5.430059 0.47430333 4.919756
v -5.469208 0.70742947 4.914256
v -6.129544 0.2750193 4.76583
v -6.231494 0.067586064 4.841405
v -6.476308 0.71377194 4.4661636
v -6.351118 0.9092828 4.5319138
v -5.661151 1.8657142 3.6193602
v -5.6577706 1.8484279 3.3835602
v -4.9009523 1.9018251 3.0926733
v -5.0079947 1.8211476 3.2917814
v -5.146195 1.6222095 3.710502
v -4.918056 1.8108169 3.319622
v -4.8085036 1.6817417 3.891407
v -4.922686 1.6227261 3.960259
v -6.039605 0.2646886 4.793675
v -6.124793 0.05532992 4.8744354
v -6.231494 0.067586064 4.841405
v -6.129544 0.2750193 4.76583
v -5.921938 1.3523889 4.1051416
v -5.603442 1.2273604 4.182274
v -5.940907 0.6466676 4.5609035
v -6.1309543 1.3558913 4.086958
v -6.351118 0.9092828 4.5319138
v -5.469208 0.70742947 4.914256
v -5.430059 0.47430333 4.919756
v -6.124793 0.05532992 4.8744354
v -6.039605 0.2646886 4.793675
v -5.0079947 1.8211476 3.2917814
v -4.9009523 1.9018251 3.0926733
v -4.7942476 1.8895689 3.1257
v -4.918056 1.8108169 3.319622
v -6.002744 1.2570864 3.952539
v -6.210426 1.255077 3.9266798
v -6.476308 0.71377194 4.4661636
v -5.5641446 1.1291047 4.1079235
v -6.1376452 1.3565845 3.8297496
v -5.9294577 0.54656374 4.5428305
v -6.231494 0.067586064 4.841405
v -5.192244 1.5896927 3.5903606
v -5.6577706 1.8484279 3.3835602
v -4.9009523 1.9018251 3.0926733
v -6.124793 0.05532992 4.8744354
v -5.430059 0.47430333 4.919756
v -5.8755918 0.5386621 4.56137
v -5.511176 1.1199628 4.127643
v -4.897291 1.0133697 4.4319916
v -4.650106 1.5246421 3.921714
v -4.790851 1.5474311 3.8421419
v -5.1383777 1.5817895 3.6089044
v -4.6669955 1.6115638 3.7688022
v -4.7942476 1.8895689 3.1257
v -5.1383777 1.5817895 3.6089044
v -4.7942476 1.8895689 3.1257
v -4.9009523 1.9018251 3.0926733
v -5.192244 1.5896927 3.5903606
v -5.511176 1.1199628 4.127643
v -5.5641446 1.1291047 4.1079235
v -5.8755918 0.5386621 4.56137
v -5.9294577 0.54656374 4.5428305
v -6.231494 0.067586064 4.841405
v -6.124793 0.05532992 4.8744354
v -6.002744 1.2570864 3.952539
v -5.921938 1.3523889 4.1051416
v -6.1309543 1.3558913 4.086958
v -6.210426 1.255077 3.9266798
v -6.0581765 1.4573976 3.9900224
v -6.1376452 1.3565845 3.8297496
v -5.6577706 1.8484279 3.3835602
v -5.661151 1.8657142 3.6193602
v -6.0581765 1.4573976 3.9900224
v -5.921938 1.3523889 4.1051416
v -6.002744 1.2570864 3.952539
v -6.1376452 1.3565845 3.8297496
v -4.7951245 1.610785 4.0564814
v -4.650106 1.5246421 3.921714
v -4.897291 1.0133697 4.4319916
v -5.020125 1.161822 4.5031085
v -4.8085036 1.6817417 3.891407
v -4.6669955 1.6115638 3.7688022
v -4.790851 1.5474311 3.8421419
v -4.922686 1.6227261 3.960259
v -4.922686 1.6227261 3.960259
v -4.790851 1.5474311 3.8421419
v -4.650106 1.5246421 3.921714
v -4.7951245 1.610785 4.0564814
v -7.401893 1.628427 5.893448
v -7.1748614 1.339148 5.3250036
v -6.7036033 1.2515785 5.622661
v -7.2787657 1.5978285 5.9932456
v -7.0689936 1.4963952 6.2375865
v -6.9696665 1.4948403 6.287195
v -7.221182 1.5524117 6.697116
v -7.3104386 1.5585995 6.663972
v -7.0689936 1.4963952 6.2375865
v -6.6042743 1.2500216 5.6722727
v -6.9696665 1.4948403 6.287195
v -7.0689936 1.4963952 6.2375865
v -6.7036033 1.2515785 5.622661
v -5.850798 1.0137826 5.259375
v -5.7398496 0.79751074 5.2591777
v -6.008211 1.145558 5.945679
v -6.0729947 1.3010507 5.8256073
v -7.3104386 1.5585995 6.663972
v -7.441714 1.5762162 6.870045
v -7.547349 1.5407902 6.1614213
v -7.3941617 1.6385331 6.074509
v -6.2756553 0.8049489 5.1271396
v -6.6042743 1.2500216 5.6722727
v -6.7036033 1.2515785 5.622661
v -6.3749857 0.8065048 5.0775285
v -6.7252154 1.0164787 4.796386
v -6.3749857 0.8065048 5.0775285
v -6.7036033 1.2515785 5.622661
v -7.1748614 1.339148 5.3250036
v -6.094984 0.5093833 4.812665
v -6.2756553 0.8049489 5.1271396
v -6.3749857 0.8065048 5.0775285
v -6.184241 0.51557267 4.779517
v -6.9696665 1.4948403 6.287195
v -6.6042743 1.2500216 5.6722727
v -6.282003 1.3190356 5.7996335
v -6.1460867 1.3694116 5.9495096
v -6.543664 1.6584802 6.425899
v -7.1748614 1.339148 5.3250036
v -7.310655 1.1835061 5.3370347
v -6.7772174 0.80070937 4.7099133
v -6.7252154 1.0164787 4.796386
v -6.094984 0.5093833 4.812665
v -5.9997697 0.33148587 4.673764
v -5.7398496 0.79751074 5.2591777
v -5.850798 1.0137826 5.259375
v -6.543664 1.6584802 6.425899
v -6.5618305 1.5623447 6.6430774
v -7.335825 1.568875 6.9093657
v -7.221182 1.5524117 6.697116
v -7.0689936 1.4963952 6.2375865
v -7.3104386 1.5585995 6.663972
v -7.3941617 1.6385331 6.074509
v -7.2787657 1.5978285 5.9932456
v -6.184241 0.51557267 4.779517
v -6.105659 0.33882725 4.6344376
v -5.9997697 0.33148587 4.673764
v -6.094984 0.5093833 4.812665
v -6.6042743 1.2500216 5.6722727
v -6.2756553 0.8049489 5.1271396
v -5.850798 1.0137826 5.259375
v -6.0729947 1.3010507 5.8256073
v -6.282003 1.3190356 5.7996335
v -6.7252154 1.0164787 4.796386
v -6.7772174 0.80070937 4.7099133
v -6.105659 0.33882725 4.6344376
v -6.184241 0.51557267 4.779517
v -7.221182 1.5524117 6.697116
v -7.335825 1.568875 6.9093657
v -7.441714 1.5762162 6.870045
v -7.3104386 1.5585995 6.663972
v -6.105659 0.33882725 4.6344376
v -6.7772174 0.80070937 4.7099133
v -6.3472443 0.7076927 5.0873394
v -6.706112 1.1365896 5.683865
v -7.310655 1.1835061 5.3370347
v -7.5602045 1.5117112 5.986281
v -7.422268 1.4960705 6.074502
v -7.085051 1.4242512 6.3196445
v -7.547349 1.5407902 6.1614213
v -7.441714 1.5762162 6.870045
v -7.085051 1.4242512 6.3196445
v -7.441714 1.5762162 6.870045
v -7.335825 1.568875 6.9093657
v -7.031606 1.4215332 6.3418474
v -6.706112 1.1365896 5.683865
v -6.653572 1.1347085 5.707578
v -6.3472443 0.7076927 5.0873394
v -6.2937994 0.7049747 5.1095457
v -5.9997697 0.33148587 4.673764
v -6.105659 0.33882725 4.6344376
v -5.7398496 0.79751074 5.2591777
v -5.9997697 0.33148587 4.673764
v -6.2937994 0.7049747 5.1095457
v -6.653572 1.1347085 5.707578
v -6.008211 1.145558 5.945679
v -6.215119 1.1712638 5.914377
v -7.031606 1.4215332 6.3418474
v -6.081301 1.2139217 6.0695767
v -6.5618305 1.5623447 6.6430774
v -7.335825 1.568875 6.9093657
v -6.215119 1.1712638 5.914377
v -6.282003 1.3190356 5.7996335
v -6.0729947 1.3010507 5.8256073
v -6.008211 1.145558 5.945679
v -6.1460867 1.3694116 5.9495096
v -6.081301 1.2139217 6.0695767
v -6.5618305 1.5623447 6.6430774
v -6.543664 1.6584802 6.425899
v -6.1460867 1.3694116 5.9495096
v -6.282003 1.3190356 5.7996335
v -6.215119 1.1712638 5.914377
v -6.081301 1.2139217 6.0695767
v -7.401893 1.628427 5.893448
v -7.5602045 1.5117112 5.986281
v -7.310655 1.1835061 5.3370347
v -7.1748614 1.339148 5.3250036
v -7.3941617 1.6385331 6.074509
v -7.547349 1.5407902 6.1614213
v -7.422268 1.4960705 6.074502
v -7.2787657 1.5978285 5.9932456
v -7.2787657 1.5978285 5.9932456
v -7.422268 1.4960705 6.074502
v -7.5602045 1.5117112 5.986281
v -7.401893 1.628427 5.893448
vt 0.5329094 0.8420604
vt 0.5329094 0.8420604
vt 0.5329094 0.8420604
vt 0.5329094 0.8420604
vt 0.5329094 0.8420604
vt 0.5329094 0.8420604
vt 0.5329094 0.8420604
vt 0.5329094 0.8420604
vt 0.5329094 0.8420604
vt 0.5329094 0.8420604
vt 0.5329094 0.8420604
vt 0.5329094 0.8420604
vt 0.5329094 0.8420604
vt 0.5329094 0.8420604
vt 0.5329094 0.8420604
vt 0.5329094 0.8420604
vt 0.5329094 0.8420604
vt 0.5329094 0.8420604
vt 0.5329094 0.8420604
vt 0.5329094 0.8420604
vt 0.5329094 0.8420604
vt 0.5329094 0.8420604
vt 0.5329094 0.8420604
vt 0.5329094 0.8420604
vt 0.5329094 0.8420604
vt 0.5329094 0.8420604
vt 0.5329094 0.8420604
vt 0.5329094 0.8420604
vt 0.5329094 0.8420604
vt 0.5329094 0.8420604
vt 0.5329094 0.8420604
vt 0.5329094 0.8420604
vt 0.5329094 0.8420604
vt 0.5329094 0.8420604
vt 0.5329094 0.8420604
vt 0.17968749 0.097656235
vt 0.17968749 0.097656235
vt 0.17968749 0.097656235
vt 0.17968749 0.097656235
vt 0.15624999 0.6601562
vt 0.15624999 0.6601562
vt 0.15624999 0.6601562
vt 0.15624999 0.6601562
vt 0.17968749 0.097656235
vt 0.17968749 0.097656235
vt 0.17968749 0.097656235
vt 0.17968749 0.097656235
vt 0.07421866 0.6640625
vt 0.07421866 0.6640625
vt 0.07421866 0.6640625
vt 0.07421866 0.6640625
vt 0.7929687 0.8984374
vt 0.7929687 0.8984374
vt 0.7929687 0.8984374
vt 0.7929687 0.8984374
vt 0.07421866 0.6640625
vt 0.07421866 0.6640625
vt 0.07421866 0.6640625
vt 0.07421866 0.6640625
vt 0.17968747 0.097656235
vt 0.17968749 0.097656235
vt 0.17968749 0.097656235
vt 0.17968749 0.097656235
vt 0.15624999 0.6601562
vt 0.15624999 0.6601562
vt 0.15624999 0.6601562
vt 0.15624999 0.6601562
vt 0.15624999 0.6601562
vt 0.15624999 0.6601562
vt 0.15624999 0.6601562
vt 0.15624999 0.6601562
vt 0.15624999 0.6601562
vt 0.15624999 0.6601562
vt 0.15624999 0.6601562
vt 0.15624999 0.6601562
vt 0.15624999 0.6601562
vt 0.15624999 0.6601562
vt 0.15624999 0.6601562
vt 0.15624999 0.6601562
vt 0.15624999 0.6601562
vt 0.15624999 0.6601562
vt 0.15624999 0.6601562
vt 0.15624999 0.6601562
vt 0.15624999 0.6601562
vt 0.15624999 0.6601562
vt 0.15624999 0.6601562
vt 0.15624999 0.6601562
vt 0.15624999 0.6601562
vt 0.15624999 0.6601562
vt 0.15624999 0.6601562
vt 0.15624999 0.6601562
vt 0.15624999 0.6601562
vt 0.15624999 0.6601562
vt 0.15624999 0.6601562
vt 0.15624999 0.6601562
vt 0.15624999 0.6601562
vt 0.15624999 0.6601562
vt 0.15624999 0.6601562
vt 0.15624999 0.6601562
vt 0.15624999 0.6601562
vt 0.15624999 0.6601562
vt 0.15624999 0.6601562
vt 0.15624999 0.6601562
vt 0.15624999 0.6601562
vt 0.15624999 0.6601562
vt 0.15624999 0.6601562
vt 0.15624999 0.6601562
vt 0.15624999 0.6601562
vt 0.15624999 0.6601562
vt 0.15624999 0.6601562
vt 0.15624999 0.6601562
vt 0.17968749 0.097656235
vt 0.17968749 0.097656235
vt 0.17968749 0.097656235
vt 0.17968749 0.097656235
vt 0.17968749 0.097656235
vt 0.17968749 0.097656235
vt 0.17968749 0.097656235
vt 0.17968749 0.097656235
vt 0.15624999 0.6601562
vt 0.15624999 0.6601562
vt 0.15624999 0.6601562
vt 0.15624999 0.6601562
vt 0.15624999 0.035156246
vt 0.15625 0.035156246
vt 0.15625 0.035156246
vt 0.15624999 0.035156246
vt 0.10156249 0.031249996
vt 0.10156249 0.031249996
vt 0.10156249 0.031249996
vt 0.10156249 0.031249996
vt 0.10156249 0.031249996
vt 0.10156249 0.031249996
vt 0.10156251 0.031249996
vt 0.10156251 0.031249996
vt 0.10156251 0.031249996
vt 0.10156251 0.031249996
vt 0.10156249 0.031249996
vt 0.10156249 0.031249996
vt 0.15624999 0.035156246
vt 0.15624999 0.035156246
vt 0.15624999 0.035156246
vt 0.15624999 0.035156246
vt 0.15624999 0.035156246
vt 0.15624999 0.035156246
vt 0.15624999 0.035156246
vt 0.15624999 0.035156246
vt 0.15624999 0.035156246
vt 0.15625 0.035156246
vt 0.15625 0.035156246
vt 0.15624999 0.035156246
vt 0.15625 0.035156246
vt 0.15624999 0.035156246
vt 0.15624999 0.035156246
vt 0.15625 0.035156246
vt 0.15624999 0.035156246
vt 0.15624999 0.035156246
vt 0.15624999 0.035156246
vt 0.15624999 0.035156246
vt 0.15624999 0.035156246
vt 0.15624999 0.035156246
vt 0.15624999 0.035156246
vt 0.15624999 0.035156246
vt 0.15624999 0.035156246
vt 0.15624999 0.035156246
vt 0.15624999 0.035156246
vt 0.15624999 0.035156246
vt 0.15625 0.035156246
vt 0.15625 0.035156246
vt 0.15625 0.035156246
vt 0.15625 0.035156246
vt 0.10156249 0.031249996
vt 0.10156249 0.031249996
vt 0.10156249 0.031249996
vt 0.10156249 0.031249996
vt 0.10156249 0.031249996
vt 0.10156249 0.031249996
vt 0.10156249 0.031249996
vt 0.10156249 0.031249996
vt 0.10156249 0.031249996
vt 0.10156249 0.031249996
vt 0.10156249 0.031249996
vt 0.10156249 0.031249996
vt 0.15625 0.035156246
vt 0.15624999 0.035156246
vt 0.15624999 0.035156246
vt 0.15624999 0.035156246
vt 0.15625 0.035156246
vt 0.15624999 0.035156246
vt 0.15624999 0.035156246
vt 0.15624999 0.035156246
vt 0.15625 0.035156246
vt 0.15624999 0.035156246
vt 0.15624999 0.035156246
vt 0.15625 0.035156246
vt 0.15624999 0.035156246
vt 0.15624999 0.035156246
vt 0.15624999 0.035156246
vt 0.15624999 0.035156246
vt 0.15624999 0.035156246
vt 0.15624999 0.035156246
vt 0.15624999 0.035156246
vt 0.15624999 0.035156246
vt 0.15624999 0.035156246
vt 0.15624999 0.035156246
vt 0.15624999 0.035156246
vt 0.15624999 0.035156246
vt 0.15625 0.035156246
vt 0.15625 0.035156246
vt 0.15625 0.035156246
vt 0.15625 0.035156246
vt 0.15624999 0.035156246
vt 0.15624999 0.035156246
vt 0.15624999 0.035156246
vt 0.15624999 0.035156246
vt 0.15624999 0.035156246
vt 0.15624999 0.035156246
vt 0.15624999 0.035156246
vt 0.15624999 0.035156246
vt 0.10156249 0.031249996
vt 0.10156249 0.031249996
vt 0.10156249 0.031249996
vt 0.10156249 0.031249996
vt 0.10156249 0.031249996
vt 0.10156249 0.031249996
vt 0.10156249 0.031249996
vt 0.10156249 0.031249996
vt 0.10156249 0.031249996
vt 0.10156249 0.031249996
vt 0.10156249 0.031249996
vt 0.10156249 0.031249996
vt 0.10156249 0.031249996
vt 0.10156249 0.031249996
vt 0.10156249 0.031249996
vt 0.10156249 0.031249996
vt 0.10156249 0.031249996
vt 0.10156249 0.031249996
vt 0.10156249 0.031249996
vt 0.10156249 0.031249996
vt 0.7929687 0.8984374
vt 0.7929687 0.8984374
vt 0.7929687 0.8984374
vt 0.7929687 0.8984374
vt 0.07421866 0.6640625
vt 0.07421866 0.6640625
vt 0.07421866 0.6640625
vt 0.07421866 0.6640625
vt 0.7929687 0.8984374
vt 0.7929687 0.8984374
vt 0.7929687 0.8984374
vt 0.7929687 0.8984374
vt 0.15234366 0.67187494
vt 0.15234366 0.67187494
vt 0.15234366 0.67187494
vt 0.15234366 0.67187494
vt 0.15234366 0.67187494
vt 0.15234366 0.67187494
vt 0.15234366 0.67187494
vt 0.15234366 0.67187494
vt 0.17968749 0.097656235
vt 0.17968749 0.097656235
vt 0.17968749 0.097656235
vt 0.17968749 0.097656235
vt 0.15234366 0.67187494
vt 0.15234366 0.67187494
vt 0.15234366 0.67187494
vt 0.15234366 0.67187494
vt 0.104662895 0.6699308
vt 0.104662895 0.6699308
vt 0.104662895 0.6699308
vt 0.104662895 0.6699308
vt 0.104662895 0.6699308
vt 0.104662895 0.6699308
vt 0.104662895 0.6699308
vt 0.104662895 0.6699308
vt 0.104662895 0.6699308
vt 0.104662895 0.6699308
vt 0.104662895 0.6699308
vt 0.104662895 0.6699308
vt 0.104662895 0.6699308
vt 0.104662895 0.6699308
vt 0.104662895 0.6699308
vt 0.104662895 0.6699308
vt 0.104662895 0.6699308
vt 0.104662895 0.6699308
vt 0.104662895 0.6699308
vt 0.104662895 0.6699308
vt 0.16046995 0.65752923
vt 0.16046995 0.65752923
vt 0.16046995 0.65752923
vt 0.16046995 0.65752923
vt 0.16046995 0.65752923
vt 0.16046995 0.65752923
vt 0.16046995 0.65752923
vt 0.16046995 0.65752923
vt 0.16046995 0.65752923
vt 0.16046995 0.65752923
vt 0.16046995 0.65752923
vt 0.16046995 0.65752923
vt 0.16046995 0.65752923
vt 0.16046995 0.65752923
vt 0.16046995 0.65752923
vt 0.16046995 0.65752923
vt 0.16046995 0.65752923
vt 0.16046995 0.65752923
vt 0.16046995 0.65752923
vt 0.16046995 0.65752923
vt 0.16046995 0.65752923
vt 0.16046995 0.65752923
vt 0.16046995 0.65752923
vt 0.16046995 0.65752923
vt 0.16046995 0.65752923
vt 0.16046995 0.65752923
vt 0.16046995 0.65752923
vt 0.16046995 0.65752923
vt 0.16046995 0.65752923
vt 0.16046995 0.65752923
vt 0.16046995 0.65752923
vt 0.16046995 0.65752923
vt 0.16046995 0.65752923
vt 0.16046995 0.65752923
vt 0.16046995 0.65752923
vt 0.16046995 0.65752923
vt 0.16046995 0.65752923
vt 0.16046995 0.65752923
vt 0.16046995 0.65752923
vt 0.16046995 0.65752923
vt 0.16046995 0.65752923
vt 0.16046995 0.65752923
vt 0.16046995 0.65752923
vt 0.16046995 0.65752923
vt 0.7751969 0.9146362
vt 0.77519697 0.9146362
vt 0.77519697 0.9146362
vt 0.77519697 0.9146362
vt 0.15624999 0.6601562
vt 0.15624999 0.6601562
vt 0.15624999 0.6601562
vt 0.15624999 0.6601562
vt 0.15624999 0.6601562
vt 0.15624999 0.6601562
vt 0.15624999 0.6601562
vt 0.15624999 0.6601562
vt 0.07113782 0.65464944
vt 0.07113782 0.65464944
vt 0.07113782 0.65464944
vt 0.07113782 0.65464944
vt 0.15234366 0.67187494
vt 0.15234366 0.67187494
vt 0.15234366 0.67187494
vt 0.15234366 0.67187494
vt 0.041833326 0.10827446
vt 0.041833326 0.10827446
vt 0.041833326 0.10827446
vt 0.041833326 0.10827446
vt 0.041833326 0.1082744
vt 0.041833326 0.10827452
vt 0.21408817 0.8489701
vt 0.21408817 0.8489702
vt 0.21408817 0.8489701
vt 0.21408817 0.8489701
vt 0.21408817 0.8489701
vt 0.21408817 0.8489701
vt 0.21408817 0.8489701
vt 0.21408817 0.8489701
vt 0.21408817 0.8489701
vt 0.21408817 0.8489701
vt 0.21408817 0.8489701
vt 0.21408817 0.8489701
vt 0.21408817 0.8489701
vt 0.21408817 0.8489701
vt 0.21408817 0.8489701
vt 0.21408817 0.8489701
vt 0.21408817 0.8489701
vt 0.21408817 0.8489701
vt 0.21408817 0.8489701
vt 0.21408817 0.8489701
vt 0.21408817 0.8489701
vt 0.21408817 0.8489701
vt 0.21408817 0.8489701
vt 0.21408817 0.8489701
vt 0.21408817 0.8489701
vt 0.21408817 0.8489701
vt 0.21408817 0.8489701
vt 0.21408817 0.84897006
vt 0.21408817 0.8489701
vt 0.21408817 0.8489701
vt 0.21408817 0.8489701
vt 0.21408817 0.8489701
vt 0.21408817 0.84897006
vt 0.21408817 0.8489701
vt 0.21408817 0.8489701
vt 0.21408817 0.8489701
vt 0.041833326 0.10827446
vt 0.041833326 0.10827446
vt 0.041833326 0.10827446
vt 0.041833326 0.10827446
vt 0.041833326 0.10827446
vt 0.041833326 0.10827446
vt 0.21408817 0.8489701
vt 0.21408817 0.8489701
vt 0.21408817 0.8489701
vt 0.21408817 0.8489701
vt 0.21408817 0.8489701
vt 0.21408817 0.8489701
vt 0.041833326 0.10827446
vt 0.041833326 0.10827446
vt 0.041833326 0.10827446
vt 0.041833326 0.10827446
vt 0.041833326 0.10827446
vt 0.041833326 0.10827446
vt 0.21408817 0.8489701
vt 0.21408817 0.8489701
vt 0.21408817 0.8489701
vt 0.21408817 0.8489702
vt 0.21408817 0.8489701
vt 0.21408817 0.8489701
vt 0.041833326 0.10827452
vt 0.041833326 0.1082744
vt 0.041833326 0.10827446
vt 0.041833326 0.10827446
vt 0.041833326 0.10827446
vt 0.04183331 0.10827446
vt 0.72100943 0.7874506
vt 0.72100943 0.7874506
vt 0.72100943 0.7874506
vt 0.72100943 0.7874506
vt 0.72100943 0.7874506
vt 0.72100943 0.7874506
vt 0.72100943 0.7874506
vt 0.72100943 0.7874506
vt 0.72100943 0.7874506
vt 0.72100943 0.7874506
vt 0.72100943 0.7874506
vt 0.72100943 0.7874506
vt 0.5329094 0.8420604
vt 0.5329094 0.8420604
vt 0.5329094 0.8420604
vt 0.5329094 0.8420604
vt 0.5329094 0.8420604
vt 0.5329094 0.8420604
vt 0.5329094 0.8420604
vt 0.5329094 0.8420604
vt 0.5329094 0.8420604
vt 0.5329094 0.8420604
vt 0.5329094 0.8420604
vt 0.5329094 0.8420604
vt 0.5329094 0.8420604
vt 0.5329094 0.8420604
vt 0.5329094 0.8420604
vt 0.5329094 0.8420604
vt 0.5329094 0.8420604
vt 0.5329094 0.8420604
vt 0.5329094 0.8420604
vt 0.5329094 0.8420604
vt 0.5329094 0.8420604
vt 0.5329094 0.8420604
vt 0.5329094 0.8420604
vt 0.5329094 0.8420604
vt 0.5329094 0.8420604
vt 0.5329094 0.8420604
vt 0.5329094 0.8420604
vt 0.5329094 0.8420604
vt 0.5329094 0.8420604
vt 0.15764779 0.15625721
vt 0.15764779 0.15625721
vt 0.15764779 0.15625721
vt 0.15764779 0.15625721
vt 0.15764779 0.15625721
vt 0.15764779 0.15625721
vt 0.15764779 0.15625721
vt 0.15764779 0.15625721
vt 0.15764779 0.15625721
vt 0.15764779 0.15625721
vt 0.15764779 0.15625721
vt 0.15764779 0.15625721
vt 0.15764779 0.15625721
vt 0.15764779 0.15625721
vt 0.15764779 0.15625721
vt 0.15764779 0.15625721
vt 0.15764779 0.15625721
vt 0.15764779 0.15625721
vt 0.15764779 0.15625721
vt 0.15764779 0.15625721
vt 0.15764779 0.15625721
vt 0.15764779 0.15625721
vt 0.15764779 0.15625721
vt 0.15764779 0.15625721
vt 0.15764779 0.15625721
vt 0.15764779 0.15625721
vt 0.15764779 0.15625721
vt 0.15764779 0.15625721
vt 0.15764779 0.15625721
vt 0.15764779 0.15625721
vt 0.15764779 0.15625721
vt 0.15764779 0.15625721
vt 0.15764779 0.15625721
vt 0.15764779 0.15625721
vt 0.15764779 0.15625721
vt 0.15764779 0.15625721
vt 0.15764779 0.15625721
vt 0.15764779 0.15625721
vt 0.15764779 0.15625721
vt 0.15764779 0.15625721
vt 0.15764779 0.15625721
vt 0.15764779 0.15625721
vt 0.15764779 0.15625721
vt 0.15764779 0.15625721
vt 0.15764779 0.15625721
vt 0.15764779 0.15625721
vt 0.15764779 0.15625721
vt 0.094033204 0.47107658
vt 0.094033204 0.47107658
vt 0.094033204 0.47107658
vt 0.094033204 0.47107658
vt 0.094033204 0.47107658
vt 0.094033204 0.47107658
vt 0.094033204 0.47107658
vt 0.094033204 0.47107658
vt 0.094033204 0.47107658
vt 0.094033204 0.47107658
vt 0.094033204 0.47107658
vt 0.094033204 0.47107658
vt 0.094033204 0.47107658
vt 0.094033204 0.47107658
vt 0.094033204 0.47107658
vt 0.094033204 0.47107658
vt 0.094033204 0.47107658
vt 0.094033204 0.47107658
vt 0.094033204 0.47107658
vt 0.094033204 0.47107658
vt 0.094033204 0.47107658
vt 0.094033204 0.47107658
vt 0.094033204 0.47107658
vt 0.094033204 0.47107658
vt 0.094033204 0.47107658
vt 0.094033204 0.47107658
vt 0.094033204 0.47107658
vt 0.094033204 0.47107658
vt 0.094033204 0.47107658
vt 0.094033204 0.47107658
vt 0.094033204 0.47107658
vt 0.094033204 0.47107658
vt 0.094033204 0.47107658
vt 0.094033204 0.47107658
vt 0.094033204 0.47107658
vt 0.094033204 0.47107658
vt 0.094033204 0.47107658
vt 0.094033204 0.47107658
vt 0.094033204 0.47107658
vt 0.094033204 0.47107658
vt 0.094033204 0.47107658
vt 0.094033204 0.47107658
vt 0.094033204 0.47107658
vt 0.094033204 0.47107658
vt 0.094033204 0.47107658
vt 0.15256853 0.03199017
vt 0.15256853 0.03199017
vt 0.15256853 0.03199017
vt 0.15256853 0.03199017
vt 0.23869593 0.1008921
vt 0.23869593 0.1008921
vt 0.23869593 0.1008921
vt 0.23869593 0.1008921
vt 0.23869593 0.1008921
vt 0.23869593 0.1008921
vt 0.23869593 0.1008921
vt 0.23869593 0.1008921
vt 0.23869593 0.1008921
vt 0.23869593 0.1008921
vt 0.23869593 0.1008921
vt 0.23869593 0.1008921
vt 0.23869593 0.1008921
vt 0.23869593 0.1008921
vt 0.23869593 0.1008921
vt 0.23869593 0.1008921
vt 0.23869593 0.1008921
vt 0.23869593 0.1008921
vt 0.23869593 0.1008921
vt 0.23869593 0.1008921
vt 0.23869593 0.1008921
vt 0.23869593 0.1008921
vt 0.23869593 0.1008921
vt 0.23869593 0.1008921
vt 0.23869593 0.1008921
vt 0.23869593 0.1008921
vt 0.23869593 0.1008921
vt 0.23869593 0.1008921
vt 0.23869593 0.1008921
vt 0.23869593 0.1008921
vt 0.23869593 0.1008921
vt 0.23869593 0.1008921
vt 0.15256853 0.03199017
vt 0.15256853 0.03199017
vt 0.15256853 0.03199017
vt 0.15256853 0.03199017
vt 0.23869593 0.1008921
vt 0.23869593 0.1008921
vt 0.23869593 0.1008921
vt 0.23869593 0.1008921
vt 0.23869593 0.1008921
vt 0.23869593 0.1008921
vt 0.23869593 0.1008921
vt 0.23869593 0.1008921
vt 0.15256853 0.03199017
vt 0.15256853 0.03199017
vt 0.15256853 0.03199017
vt 0.15256853 0.03199017
vt 0.23869593 0.1008921
vt 0.23869593 0.1008921
vt 0.23869593 0.1008921
vt 0.23869593 0.1008921
vt 0.23869593 0.1008921
vt 0.23869593 0.1008921
vt 0.23869593 0.1008921
vt 0.23869593 0.1008921
vt 0.23869593 0.1008921
vt 0.23869593 0.1008921
vt 0.23869593 0.1008921
vt 0.23869593 0.1008921
vt 0.23869593 0.1008921
vt 0.23869593 0.1008921
vt 0.23869593 0.1008921
vt 0.23869593 0.1008921
vt 0.23869593 0.1008921
vt 0.23869593 0.1008921
vt 0.23869593 0.1008921
vt 0.23869593 0.1008921
vt 0.27806848 0.03199018
vt 0.27806848 0.03199018
vt 0.27806848 0.03199018
vt 0.27806848 0.03199018
vt 0.27806848 0.03199018
vt 0.27806848 0.03199018
vt 0.27806848 0.03199018
vt 0.27806848 0.03199018
vt 0.27806848 0.03199018
vt 0.27806848 0.03199018
vt 0.27806848 0.03199018
vt 0.27806848 0.03199018
vt 0.27806848 0.03199018
vt 0.27806848 0.03199018
vt 0.27806848 0.03199018
vt 0.27806848 0.03199018
vt 0.27806848 0.03199018
vt 0.27806848 0.03199018
vt 0.27806848 0.03199018
vt 0.27806848 0.03199018
vt 0.27806848 0.03199018
vt 0.27806848 0.03199018
vt 0.27806848 0.03199018
vt 0.27806848 0.03199018
vt 0.27806848 0.03199018
vt 0.27806848 0.03199018
vt 0.27806848 0.03199018
vt 0.27806848 0.03199018
vt 0.27806848 0.03199018
vt 0.27806848 0.03199018
vt 0.27806848 0.03199018
vt 0.27806848 0.03199018
vt 0.27806848 0.03199018
vt 0.27806848 0.03199018
vt 0.27806848 0.03199018
vt 0.27806848 0.03199018
vt 0.27806848 0.03199018
vt 0.27806848 0.03199018
vt 0.27806848 0.03199018
vt 0.27806848 0.03199018
vt 0.27806848 0.03199018
vt 0.27806848 0.03199018
vt 0.27806848 0.03199018
vt 0.27806848 0.03199018
vt 0.27806848 0.03199018
vt 0.27806848 0.03199018
vt 0.27806848 0.03199018
vt 0.27806848 0.03199018
vt 0.27806848 0.03199018
vt 0.27806848 0.03199018
vt 0.27806848 0.03199018
vt 0.27806848 0.03199018
vt 0.27806848 0.03199018
vt 0.27806848 0.03199018
vt 0.27806848 0.03199018
vt 0.27806848 0.03199018
vt 0.27806848 0.03199018
vt 0.27806848 0.03199018
vt 0.27806848 0.03199018
vt 0.27806848 0.03199018
vt 0.27806848 0.03199018
vt 0.27806848 0.03199018
vt 0.27806848 0.03199018
vt 0.27806848 0.03199018
vt 0.27806848 0.03199018
vt 0.27806848 0.03199018
vt 0.27806848 0.03199018
vt 0.27806848 0.03199018
vt 0.27806848 0.03199018
vt 0.27806848 0.03199018
vt 0.27806848 0.03199018
vt 0.27806848 0.03199018
vt 0.27806848 0.03199018
vt 0.27806848 0.03199018
vt 0.27806848 0.03199018
vt 0.27806848 0.03199018
vt 0.27806848 0.03199018
vt 0.27806848 0.03199018
vt 0.27806848 0.03199018
vt 0.27806848 0.03199018
vt 0.27806848 0.03199018
vt 0.27806848 0.03199018
vt 0.27806848 0.03199018
vt 0.27806848 0.03199018
vt 0.27806848 0.03199018
vt 0.27806848 0.03199018
vt 0.27806848 0.03199018
vt 0.27806848 0.03199018
vt 0.27806848 0.03199018
vt 0.27806848 0.03199018
vt 0.27806848 0.03199018
vt 0.27806848 0.03199018
vt 0.27806848 0.03199018
vt 0.27806848 0.03199018
vt 0.27806848 0.03199018
vt 0.27806848 0.03199018
vt 0.22147048 0.10089211
vt 0.22147048 0.10089211
vt 0.22147048 0.10089211
vt 0.22147048 0.10089211
vt 0.22147048 0.10089211
vt 0.22147048 0.10089211
vt 0.22147048 0.10089211
vt 0.22147048 0.10089211
vt 0.22147048 0.10089211
vt 0.22147048 0.10089211
vt 0.22147048 0.10089211
vt 0.22147048 0.10089211
vt 0.22147048 0.10089211
vt 0.22147048 0.10089211
vt 0.22147048 0.10089211
vt 0.22147048 0.10089211
vt 0.22147048 0.10089211
vt 0.22147048 0.10089211
vt 0.22147048 0.10089211
vt 0.22147048 0.10089211
vt 0.22147048 0.10089211
vt 0.22147048 0.10089211
vt 0.22147048 0.10089211
vt 0.22147048 0.10089211
vt 0.22147048 0.10089211
vt 0.22147048 0.10089211
vt 0.22147048 0.10089211
vt 0.22147048 0.10089211
vt 0.22147048 0.10089211
vt 0.22147048 0.10089211
vt 0.22147048 0.10089211
vt 0.22147048 0.10089211
vt 0.15256855 0.09104897
vt 0.15256855 0.09104897
vt 0.15256855 0.09104897
vt 0.15256855 0.09104897
vt 0.15256855 0.09104897
vt 0.15256855 0.09104897
vt 0.15256855 0.09104897
vt 0.15256855 0.09104897
vt 0.15256855 0.09104897
vt 0.15256855 0.09104897
vt 0.15256855 0.09104897
vt 0.15256855 0.09104897
vt 0.15256855 0.09104897
vt 0.15256855 0.09104897
vt 0.15256855 0.09104897
vt 0.15256855 0.09104897
vt 0.15256855 0.09104897
vt 0.15256855 0.09104897
vt 0.15256855 0.09104897
vt 0.15256855 0.09104897
vt 0.15256855 0.09104897
vt 0.15256855 0.09104897
vt 0.15256855 0.09104897
vt 0.15256855 0.09104897
vt 0.15256855 0.09104897
vt 0.15256855 0.09104897
vt 0.15256855 0.09104897
vt 0.15256855 0.09104897
vt 0.15256855 0.09104897
vt 0.15256855 0.09104897
vt 0.15256855 0.09104897
vt 0.15256855 0.09104897
vt 0.15256855 0.09104897
vt 0.15256855 0.09104897
vt 0.15256855 0.09104897
vt 0.15256855 0.09104897
vt 0.15256855 0.09104897
vt 0.15256855 0.09104897
vt 0.15256855 0.09104897
vt 0.15256855 0.09104897
vt 0.15256855 0.09104897
vt 0.15256855 0.09104897
vt 0.15256855 0.09104897
vt 0.15256855 0.09104897
vt 0.15256855 0.09104897
vt 0.15256855 0.09104897
vt 0.15256855 0.09104897
vt 0.15256855 0.09104897
vt 0.15256855 0.09104897
vt 0.15256855 0.09104897
vt 0.15256855 0.09104897
vt 0.15256855 0.09104897
vt 0.15256855 0.09104897
vt 0.15256855 0.09104897
vt 0.15256855 0.09104897
vt 0.15256855 0.09104897
vt 0.15256855 0.09104897
vt 0.15256855 0.09104897
vt 0.15256855 0.09104897
vt 0.15256855 0.09104897
vt 0.15256855 0.09104897
vt 0.15256855 0.09104897
vt 0.15256855 0.09104897
vt 0.15256855 0.09104897
vt 0.15256855 0.09104897
vt 0.15256855 0.09104897
vt 0.15256855 0.09104897
vt 0.15256855 0.09104897
vt 0.15256855 0.09104897
vt 0.15256855 0.09104897
vt 0.15256855 0.09104897
vt 0.15256855 0.09104897
vt 0.15256855 0.09104897
vt 0.15256855 0.09104897
vt 0.15256855 0.09104897
vt 0.15256855 0.09104897
vt 0.15256855 0.09104897
vt 0.15256855 0.09104897
vt 0.15256855 0.09104897
vt 0.15256855 0.09104897
vt 0.15256855 0.09104897
vt 0.15256855 0.09104897
vt 0.15256855 0.09104897
vt 0.15256855 0.09104897
vt 0.15256855 0.09104897
vt 0.15256855 0.09104897
vt 0.15256855 0.09104897
vt 0.15256855 0.09104897
vt 0.15256855 0.09104897
vt 0.15256855 0.09104897
vt 0.15256855 0.09104897
vt 0.15256855 0.09104897
vt 0.15256855 0.09104897
vt 0.15256855 0.09104897
vt 0.15256855 0.09104897
vt 0.15256855 0.09104897
vt 0.15256855 0.09104897
vt 0.15256855 0.09104897
vt 0.15256855 0.09104897
vt 0.15256855 0.09104897
vt 0.15256855 0.09104897
vt 0.15256855 0.09104897
vt 0.15256855 0.09104897
vt 0.15256855 0.09104897
vt 0.15256855 0.09104897
vt 0.15256855 0.09104897
vt 0.15256855 0.09104897
vt 0.15256855 0.09104897
vt 0.15256855 0.09104897
vt 0.15256855 0.09104897
vt 0.15256855 0.09104897
vt 0.15256855 0.09104897
vt 0.15256855 0.09104897
vt 0.15256855 0.09104897
vt 0.15256855 0.09104897
vt 0.15256855 0.09104897
vt 0.15256855 0.09104897
vt 0.15256855 0.09104897
vt 0.15256855 0.09104897
vt 0.15256855 0.09104897
vt 0.15256855 0.09104897
vt 0.15256855 0.09104897
vt 0.15256855 0.09104897
vt 0.15256855 0.09104897
vt 0.15256855 0.09104897
vt 0.15256855 0.09104897
vt 0.15256855 0.09104897
vt 0.15256855 0.09104897
vt 0.15256855 0.09104897
vt 0.15256855 0.09104897
vt 0.15256855 0.09104897
vt 0.15256855 0.09104897
vt 0.15256855 0.09104897
vt 0.15256855 0.09104897
vt 0.15256855 0.09104897
vt 0.15256855 0.09104897
vt 0.15256855 0.09104897
vt 0.15256855 0.09104897
vt 0.15256855 0.09104897
vt 0.15256855 0.09104897
vt 0.15256855 0.09104897
vt 0.15256855 0.09104897
vt 0.15256855 0.09104897
vt 0.15256855 0.09104897
vt 0.15256855 0.09104897
vt 0.15256855 0.09104897
vt 0.15256855 0.09104897
vt 0.15256855 0.09104897
vt 0.15256855 0.09104897
vt 0.15256855 0.09104897
vt 0.15256855 0.09104897
vt 0.15256855 0.09104897
vt 0.15256855 0.09104897
vt 0.15256855 0.09104897
vt 0.15256855 0.09104897
vt 0.15256855 0.09104897
vt 0.15256855 0.09104897
vt 0.15256855 0.09104897
vt 0.15256855 0.09104897
vt 0.15256855 0.09104897
vt 0.15256855 0.09104897
vt 0.15256855 0.09104897
vt 0.15256855 0.09104897
vt 0.15256855 0.09104897
vt 0.15256855 0.09104897
vt 0.15256855 0.09104897
vt 0.15256855 0.09104897
vt 0.15256855 0.09104897
vt 0.09765624 0.65624994
vt 0.09765624 0.65624994
vt 0.09765624 0.65624994
vt 0.09765624 0.65624994
vt 0.09765624 0.65624994
vt 0.09765624 0.65624994
vt 0.09765624 0.65624994
vt 0.09765624 0.65624994
vt 0.09765624 0.65624994
vt 0.09765624 0.65624994
vt 0.09765624 0.65624994
vt 0.09765624 0.65624994
vt 0.09765624 0.65624994
vt 0.09765624 0.65624994
vt 0.09765624 0.65624994
vt 0.09765624 0.65624994
vt 0.15624999 0.6601562
vt 0.15624999 0.6601562
vt 0.15624999 0.6601562
vt 0.15625 0.6601562
vt 0.15624999 0.6601562
vt 0.15624999 0.6601562
vt 0.15624999 0.6601562
vt 0.15624999 0.6601562
vt 0.15624999 0.6601562
vt 0.15624999 0.6601562
vt 0.15624999 0.6601562
vt 0.15624999 0.6601562
vt 0.15624999 0.6601562
vt 0.15624999 0.6601562
vt 0.15624999 0.6601562
vt 0.15624999 0.6601562
vt 0.72100943 0.7874506
vt 0.72100943 0.7874506
vt 0.72100943 0.7874506
vt 0.72100943 0.7874506
vt 0.72100943 0.7874506
vt 0.72100943 0.7874506
vt 0.72100943 0.7874506
vt 0.72100943 0.7874506
vt 0.72100943 0.7874506
vt 0.72100943 0.7874506
vt 0.72100943 0.7874506
vt 0.72100943 0.7874506
vt 0.72100943 0.7874506
vt 0.72100943 0.7874506
vt 0.72100943 0.7874506
vt 0.72100943 0.7874506
vt 0.72100943 0.7874506
vt 0.72100943 0.7874506
vt 0.72100943 0.7874506
vt 0.72100943 0.7874506
vt 0.72100943 0.7874506
vt 0.72100943 0.7874506
vt 0.72100943 0.7874506
vt 0.72100943 0.7874506
vt 0.72100943 0.7874506
vt 0.72100943 0.7874506
vt 0.72100943 0.7874506
vt 0.72100943 0.7874506
vt 0.72100943 0.7874506
vt 0.72100943 0.7874506
vt 0.72100943 0.7874506
vt 0.72100943 0.7874506
vt 0.72100943 0.7874506
vt 0.72100943 0.7874506
vt 0.72100943 0.7874506
vt 0.72100943 0.7874506
vt 0.72100943 0.7874506
vt 0.72100943 0.7874506
vt 0.72100943 0.7874506
vt 0.72100943 0.7874506
vt 0.72100943 0.7874506
vt 0.72100943 0.7874506
vt 0.72100943 0.7874506
vt 0.72100943 0.7874506
vt 0.72100943 0.7874506
vt 0.72100943 0.7874506
vt 0.72100943 0.7874506
vt 0.72100943 0.7874506
vt 0.77514666 0.7899114
vt 0.77514666 0.7899114
vt 0.77514666 0.7899114
vt 0.77514666 0.7899114
vt 0.77514666 0.7899114
vt 0.77514666 0.7899114
vt 0.77514666 0.7899114
vt 0.77514666 0.7899114
vt 0.77514666 0.7899114
vt 0.77514666 0.7899114
vt 0.77514666 0.7899114
vt 0.77514666 0.7899114
vt 0.77514666 0.7899114
vt 0.77514666 0.7899114
vt 0.77514666 0.7899114
vt 0.77514666 0.7899114
vt 0.77514666 0.7899114
vt 0.77514666 0.7899114
vt 0.77514666 0.7899114
vt 0.77514666 0.7899114
vt 0.77514666 0.7899114
vt 0.77514666 0.7899114
vt 0.77514666 0.7899114
vt 0.77514666 0.7899114
vt 0.72100943 0.7874506
vt 0.72100943 0.7874506
vt 0.72100943 0.7874506
vt 0.72100943 0.7874506
vt 0.72100943 0.7874506
vt 0.72100943 0.7874506
vt 0.72100943 0.7874506
vt 0.72100943 0.7874506
vt 0.72100943 0.7874506
vt 0.72100943 0.7874506
vt 0.72100943 0.7874506
vt 0.72100943 0.7874506
vt 0.72100943 0.7874506
vt 0.72100943 0.7874506
vt 0.72100943 0.7874506
vt 0.72100943 0.7874506
vt 0.72100943 0.7874506
vt 0.72100943 0.7874506
vt 0.72100943 0.7874506
vt 0.72100943 0.7874506
vt 0.72100943 0.7874506
vt 0.72100943 0.7874506
vt 0.72100943 0.7874506
vt 0.72100943 0.7874506
vt 0.77514666 0.7899114
vt 0.77514666 0.7899114
vt 0.77514666 0.7899114
vt 0.77514666 0.7899114
vt 0.77514666 0.7899114
vt 0.77514666 0.7899114
vt 0.77514666 0.7899114
vt 0.77514666 0.7899114
vt 0.77514666 0.7899114
vt 0.77514666 0.7899114
vt 0.77514666 0.7899114
vt 0.77514666 0.7899114
vt 0.77514666 0.7899114
vt 0.77514666 0.7899114
vt 0.77514666 0.7899114
vt 0.77514666 0.7899114
vt 0.77514666 0.7899114
vt 0.77514666 0.7899114
vt 0.77514666 0.7899114
vt 0.77514666 0.7899114
vt 0.77514666 0.7899114
vt 0.77514666 0.7899114
vt 0.77514666 0.7899114
vt 0.77514666 0.7899114
vt 0.72100943 0.7874506
vt 0.72100943 0.7874506
vt 0.72100943 0.7874506
vt 0.72100943 0.7874506
vt 0.72100943 0.7874506
vt 0.72100943 0.7874506
vt 0.72100943 0.7874506
vt 0.72100943 0.7874506
vt 0.72100943 0.7874506
vt 0.72100943 0.7874506
vt 0.72100943 0.7874506
vt 0.72100943 0.7874506
vt 0.72100943 0.7874506
vt 0.72100943 0.7874506
vt 0.72100943 0.7874506
vt 0.72100943 0.7874506
vt 0.72100943 0.7874506
vt 0.72100943 0.7874506
vt 0.72100943 0.7874506
vt 0.72100943 0.7874506
vt 0.72100943 0.7874506
vt 0.72100943 0.7874506
vt 0.72100943 0.7874506
vt 0.72100943 0.7874506
vt 0.5512154 0.97447014
vt 0.5512154 0.97447014
vt 0.5512154 0.97447014
vt 0.5512154 0.97447014
vt 0.5512154 0.97447014
vt 0.5512154 0.97447014
vt 0.5512154 0.97447014
vt 0.5512154 0.97447014
vt 0.5512154 0.97447014
vt 0.5512154 0.97447014
vt 0.5512154 0.97447014
vt 0.5512154 0.97447014
vt 0.5512154 0.97447014
vt 0.5512154 0.97447014
vt 0.5512154 0.97447014
vt 0.5512154 0.97447014
vt 0.5512154 0.97447014
vt 0.5512154 0.97447014
vt 0.5512154 0.97447014
vt 0.5512154 0.97447014
vt 0.5512154 0.97447014
vt 0.5512154 0.97447014
vt 0.5512154 0.97447014
vt 0.5512154 0.97447014
vt 0.5512154 0.97447014
vt 0.5512154 0.97447014
vt 0.5512154 0.97447014
vt 0.5512154 0.97447014
vt 0.5512154 0.97447014
vt 0.5512154 0.97447014
vt 0.5512154 0.97447014
vt 0.5512154 0.97447014
vt 0.5512154 0.97447014
vt 0.5512154 0.97447014
vt 0.27806848 0.8440486
vt 0.27806848 0.8440486
vt 0.27806848 0.8440486
vt 0.27806848 0.8440486
vt 0.27806848 0.8440486
vt 0.27806848 0.8440486
vt 0.27806848 0.8440486
vt 0.27806848 0.8440486
vt 0.27806848 0.8440486
vt 0.27806848 0.8440486
vt 0.27806848 0.8440486
vt 0.27806848 0.8440486
vt 0.27806848 0.8440486
vt 0.27806848 0.8440486
vt 0.27806848 0.8440486
vt 0.27806848 0.8440486
vt 0.27806848 0.8440486
vt 0.27806848 0.8440486
vt 0.27806848 0.8440486
vt 0.27806848 0.8440486
vt 0.27806848 0.8440486
vt 0.27806848 0.8440486
vt 0.27806848 0.8440486
vt 0.27806848 0.8440486
vt 0.27806848 0.8440486
vt 0.27806848 0.8440486
vt 0.27806848 0.8440486
vt 0.27806848 0.8440486
vt 0.27806848 0.8440486
vt 0.27806848 0.8440486
vt 0.27806848 0.8440486
vt 0.27806848 0.8440486
vt 0.27806848 0.8440486
vt 0.27806848 0.8440486
vt 0.2190097 0.6545683
vt 0.2190097 0.6545683
vt 0.2190097 0.6545683
vt 0.2190097 0.6545683
vt 0.2190097 0.6545683
vt 0.2190097 0.6545683
vt 0.2190097 0.6545683
vt 0.2190097 0.6545683
vt 0.2190097 0.6545683
vt 0.2190097 0.6545683
vt 0.2190097 0.6545683
vt 0.2190097 0.6545683
vt 0.2190097 0.6545683
vt 0.2190097 0.6545683
vt 0.2190097 0.6545683
vt 0.2190097 0.6545683
vt 0.2190097 0.6545683
vt 0.2190097 0.6545683
vt 0.2190097 0.6545683
vt 0.2190097 0.6545683
vt 0.2190097 0.6545683
vt 0.2190097 0.6545683
vt 0.2190097 0.6545683
vt 0.2190097 0.6545683
vt 0.2190097 0.6545683
vt 0.2190097 0.6545683
vt 0.2190097 0.6545683
vt 0.2190097 0.6545683
vt 0.2190097 0.6545683
vt 0.2190097 0.6545683
vt 0.2190097 0.6545683
vt 0.2190097 0.6545683
vt 0.2190097 0.6545683
vt 0.2190097 0.6545683
vt 0.35189196 0.47000957
vt 0.35189196 0.47000957
vt 0.35189196 0.47000957
vt 0.35189196 0.47000957
vt 0.35189196 0.47000957
vt 0.35189196 0.47000957
vt 0.35189196 0.47000957
vt 0.35189196 0.47000957
vt 0.35189196 0.47000957
vt 0.35189196 0.47000957
vt 0.35189196 0.47000957
vt 0.35189196 0.47000957
vt 0.35189196 0.47000957
vt 0.35189196 0.47000957
vt 0.35189196 0.47000957
vt 0.35189196 0.47000957
vt 0.35189196 0.47000957
vt 0.35189196 0.47000957
vt 0.35189196 0.47000957
vt 0.35189196 0.47000957
vt 0.35189196 0.47000957
vt 0.35189196 0.47000957
vt 0.35189196 0.47000957
vt 0.35189196 0.47000957
vt 0.35189196 0.47000957
vt 0.35189196 0.47000957
vt 0.35189196 0.47000957
vt 0.35189196 0.47000957
vt 0.35189196 0.47000957
vt 0.35189196 0.47000957
vt 0.35189196 0.47000957
vt 0.35189196 0.47000957
vt 0.35189196 0.47000957
vt 0.35189196 0.47000957
vt 0.35189196 0.47000957
vt 0.35189196 0.47000957
vt 0.35189196 0.47000957
vt 0.35189196 0.47000957
vt 0.35189196 0.47000957
vt 0.35189196 0.47000957
vt 0.35189196 0.47000957
vt 0.35189196 0.47000957
vt 0.35189196 0.47000957
vt 0.35189196 0.47000957
vt 0.35189196 0.47000957
vt 0.35189196 0.47000957
vt 0.35189196 0.47000957
vt 0.35189196 0.47000957
vt 0.35189196 0.47000957
vt 0.35189196 0.47000957
vt 0.35189196 0.47000957
vt 0.35189196 0.47000957
vt 0.35189196 0.47000957
vt 0.35189196 0.47000957
vt 0.35189196 0.47000957
vt 0.35189196 0.47000957
vt 0.35189196 0.47000957
vt 0.35189196 0.47000954
vt 0.35189196 0.47000957
vt 0.29283318 0.4798527
vt 0.29283318 0.4798527
vt 0.29283318 0.4798527
vt 0.29283318 0.4798527
vt 0.29283318 0.4798527
vt 0.29283318 0.4798527
vt 0.29283318 0.4798527
vt 0.29283318 0.4798527
vt 0.35189196 0.47000957
vt 0.35189196 0.47000957
vt 0.351892 0.47000957
vt 0.35189196 0.47000957
vt 0.35189196 0.47000957
vt 0.35189196 0.47000957
vt 0.35189196 0.47000957
vt 0.35189196 0.47000957
vt 0.29283318 0.4798527
vt 0.29283318 0.4798527
vt 0.29283318 0.4798527
vt 0.29283318 0.4798527
vt 0.35189196 0.47000957
vt 0.35189196 0.47000957
vt 0.35189196 0.47000957
vt 0.35189196 0.47000957
vt 0.29283318 0.4798527
vt 0.29283318 0.4798527
vt 0.29283318 0.4798527
vt 0.29283318 0.4798527
vt 0.35189196 0.47000957
vt 0.35189196 0.47000957
vt 0.35189196 0.47000957
vt 0.35189196 0.47000957
vt 0.35189196 0.47000957
vt 0.35189196 0.47000957
vt 0.35189196 0.47000957
vt 0.35189196 0.47000957
vt 0.35189196 0.47000957
vt 0.35189196 0.47000957
vt 0.35189196 0.47000957
vt 0.35189196 0.47000957
vt 0.35189196 0.47000957
vt 0.35189196 0.47000957
vt 0.35189196 0.47000957
vt 0.35189196 0.47000957
vt 0.35189196 0.47000957
vt 0.35189196 0.47000957
vt 0.35189196 0.47000957
vt 0.35189193 0.47000957
vt 0.35189196 0.47000957
vt 0.29283318 0.4798527
vt 0.29283318 0.4798527
vt 0.29283318 0.4798527
vt 0.29283318 0.4798527
vt 0.35189196 0.47000957
vt 0.35189196 0.47000957
vt 0.35189196 0.47000957
vt 0.35189196 0.47000957
vt 0.35189196 0.47000957
vt 0.35189196 0.47000957
vt 0.35189196 0.47000954
vt 0.35189196 0.47000957
vt 0.35189196 0.47000957
vt 0.35189196 0.47000957
vt 0.35189196 0.47000957
vt 0.35189196 0.47000957
vt 0.35189196 0.47000957
vt 0.35189196 0.47000957
vt 0.35189196 0.47000957
vt 0.35189196 0.47000957
vt 0.35189196 0.47000957
vt 0.35189196 0.47000957
vt 0.35189196 0.47000957
vt 0.35189196 0.47000957
vt 0.35189196 0.47000957
vt 0.35189196 0.47000957
vt 0.35189196 0.47000957
vt 0.35189196 0.47000957
vt 0.35189196 0.47000957
vt 0.35189196 0.47000957
vt 0.35189196 0.47000957
vt 0.35189196 0.47000957
vt 0.35189196 0.47000957
vt 0.29283318 0.4798527
vt 0.29283318 0.4798527
vt 0.29283318 0.4798527
vt 0.29283318 0.4798527
vt 0.29283318 0.4798527
vt 0.29283318 0.4798527
vt 0.29283318 0.4798527
vt 0.29283318 0.4798527
vt 0.29283318 0.4798527
vt 0.29283318 0.4798527
vt 0.29283318 0.4798527
vt 0.29283318 0.4798527
vt 0.29283318 0.4798527
vt 0.29283318 0.4798527
vt 0.35189196 0.47000957
vt 0.35189196 0.47000957
vt 0.35189196 0.47000957
vt 0.351892 0.47000957
vt 0.35189196 0.47000957
vt 0.35189196 0.47000957
vt 0.35189196 0.47000957
vt 0.35189196 0.47000957
vt 0.35189196 0.47000957
vt 0.35189196 0.47000957
vt 0.35189196 0.47000957
vt 0.35189196 0.47000957
vt 0.351892 0.47000957
vt 0.35189196 0.47000957
vt 0.35189196 0.47000957
vt 0.35189196 0.47000957
vt 0.35189196 0.47000957
vt 0.35189196 0.47000957
vt 0.35189196 0.47000957
vt 0.35189196 0.47000954
vt 0.35189196 0.47000954
vt 0.35189196 0.47000957
vt 0.35189196 0.47000954
vt 0.351892 0.47000957
vt 0.35189196 0.47000957
vt 0.35189196 0.47000957
vt 0.35189196 0.47000954
vt 0.35189196 0.47000957
vt 0.35189196 0.47000957
vt 0.29283318 0.4798527
vt 0.29283318 0.4798527
vt 0.29283318 0.4798527
vt 0.29283318 0.4798527
vt 0.29283318 0.4798527
vt 0.29283318 0.4798527
vt 0.29283318 0.4798527
vt 0.29283318 0.4798527
vt 0.35189196 0.47000957
vt 0.35189196 0.47000957
vt 0.351892 0.47000957
vt 0.35189196 0.47000957
vt 0.35189196 0.47000957
vt 0.35189196 0.47000957
vt 0.35189196 0.47000957
vt 0.35189196 0.47000957
vt 0.29283318 0.4798527
vt 0.29283318 0.4798527
vt 0.29283318 0.4798527
vt 0.29283318 0.4798527
vt 0.35189196 0.47000957
vt 0.35189196 0.47000957
vt 0.35189196 0.47000957
vt 0.35189196 0.47000957
vt 0.29283318 0.4798527
vt 0.29283318 0.4798527
vt 0.29283318 0.4798527
vt 0.29283318 0.4798527
vt 0.35189196 0.47000957
vt 0.35189196 0.47000957
vt 0.35189196 0.47000957
vt 0.35189196 0.47000957
vt 0.35189196 0.47000957
vt 0.35189196 0.47000957
vt 0.35189196 0.47000957
vt 0.35189196 0.47000957
vt 0.35189196 0.47000957
vt 0.35189196 0.47000957
vt 0.35189196 0.47000957
vt 0.35189196 0.47000957
vt 0.35189196 0.47000957
vt 0.35189196 0.47000957
vt 0.35189196 0.47000957
vt 0.35189196 0.47000957
vt 0.35189196 0.47000957
vt 0.35189196 0.47000957
vt 0.35189196 0.47000957
vt 0.35189193 0.47000957
vt 0.35189196 0.47000957
vt 0.29283318 0.4798527
vt 0.29283318 0.4798527
vt 0.29283318 0.4798527
vt 0.29283318 0.4798527
vt 0.35189196 0.47000957
vt 0.35189196 0.47000957
vt 0.35189196 0.47000957
vt 0.35189196 0.47000957
vt 0.35189196 0.47000957
vt 0.35189196 0.47000957
vt 0.35189196 0.47000954
vt 0.35189196 0.47000957
vt 0.35189196 0.47000957
vt 0.35189196 0.47000957
vt 0.35189196 0.47000957
vt 0.35189196 0.47000957
vt 0.35189196 0.47000957
vt 0.35189196 0.47000957
vt 0.35189196 0.47000957
vt 0.35189196 0.47000957
vt 0.35189196 0.47000957
vt 0.35189196 0.47000957
vt 0.35189196 0.47000957
vt 0.29283318 0.4798527
vt 0.29283318 0.4798527
vt 0.29283318 0.4798527
vt 0.29283318 0.4798527
vt 0.35189196 0.47000957
vt 0.35189196 0.47000957
vt 0.35189196 0.47000957
vt 0.35189196 0.47000957
vt 0.35189196 0.47000957
vt 0.35189196 0.47000957
vt 0.35189196 0.47000957
vt 0.35189196 0.47000957
vt 0.35189196 0.47000957
vt 0.35189196 0.47000957
vt 0.29283318 0.4798527
vt 0.29283318 0.4798527
vt 0.29283318 0.4798527
vt 0.29283318 0.4798527
vt 0.29283318 0.4798527
vt 0.29283318 0.4798527
vt 0.29283318 0.4798527
vt 0.29283318 0.4798527
vt 0.29283318 0.4798527
vt 0.29283318 0.4798527
vt 0.35189196 0.47000957
vt 0.35189196 0.47000957
vt 0.35189196 0.47000957
vt 0.351892 0.47000957
vt 0.35189196 0.47000957
vt 0.35189196 0.47000957
vt 0.35189196 0.47000957
vt 0.35189196 0.47000957
vt 0.35189196 0.47000957
vt 0.35189196 0.47000957
vt 0.35189196 0.47000957
vt 0.35189196 0.47000957
vt 0.351892 0.47000957
vt 0.35189196 0.47000957
vt 0.35189196 0.47000957
vt 0.35189196 0.47000957
vt 0.35189196 0.47000957
vt 0.35189196 0.47000957
vt 0.35189196 0.47000957
vt 0.35189196 0.47000954
vt 0.35189196 0.47000954
vt 0.35189196 0.47000957
vt 0.35189196 0.47000954
vt 0.351892 0.47000957
vt 0.35189196 0.47000957
vt 0.35189196 0.47000957
vt 0.35189196 0.47000957
vt 0.35189196 0.47000954
vt 0.35189196 0.47000957
vt 0.29283318 0.4798527
vt 0.29283318 0.4798527
vt 0.29283318 0.4798527
vt 0.29283318 0.4798527
vt 0.29283318 0.4798527
vt 0.29283318 0.4798527
vt 0.29283318 0.4798527
vt 0.29283318 0.4798527
vt 0.35189196 0.47000957
vt 0.35189196 0.47000957
vt 0.351892 0.47000957
vt 0.35189196 0.47000957
vt 0.35189196 0.47000957
vt 0.35189196 0.47000957
vt 0.35189196 0.47000957
vt 0.35189196 0.47000957
vt 0.29283318 0.4798527
vt 0.29283318 0.4798527
vt 0.29283318 0.4798527
vt 0.29283318 0.4798527
vt 0.35189196 0.47000957
vt 0.35189196 0.47000957
vt 0.35189196 0.47000957
vt 0.35189196 0.47000957
vt 0.29283318 0.4798527
vt 0.29283318 0.4798527
vt 0.29283318 0.4798527
vt 0.29283318 0.4798527
vt 0.35189196 0.47000957
vt 0.35189196 0.47000957
vt 0.35189196 0.47000957
vt 0.35189196 0.47000957
vt 0.35189196 0.47000957
vt 0.35189196 0.47000957
vt 0.35189196 0.47000957
vt 0.35189196 0.47000957
vt 0.35189196 0.47000957
vt 0.35189196 0.47000957
vt 0.35189196 0.47000957
vt 0.35189196 0.47000957
vt 0.35189196 0.47000957
vt 0.35189196 0.47000957
vt 0.35189196 0.47000957
vt 0.35189196 0.47000957
vt 0.35189196 0.47000957
vt 0.35189196 0.47000957
vt 0.35189196 0.47000957
vt 0.35189193 0.47000957
vt 0.35189196 0.47000957
vt 0.29283318 0.4798527
vt 0.29283318 0.4798527
vt 0.29283318 0.4798527
vt 0.29283318 0.4798527
vt 0.35189196 0.47000957
vt 0.35189196 0.47000957
vt 0.35189196 0.47000957
vt 0.35189196 0.47000957
vt 0.35189196 0.47000957
vt 0.35189196 0.47000957
vt 0.35189196 0.47000957
vt 0.35189196 0.47000957
vt 0.35189196 0.47000957
vt 0.35189196 0.47000957
vt 0.35189196 0.47000957
vt 0.35189196 0.47000957
vt 0.35189196 0.47000957
vt 0.35189196 0.47000957
vt 0.35189196 0.47000957
vt 0.35189196 0.47000957
vt 0.35189196 0.47000957
vt 0.35189196 0.47000957
vt 0.35189196 0.47000957
vt 0.29283318 0.4798527
vt 0.29283318 0.4798527
vt 0.29283318 0.4798527
vt 0.29283318 0.4798527
vt 0.35189196 0.47000957
vt 0.35189196 0.47000957
vt 0.35189196 0.47000957
vt 0.35189196 0.47000957
vt 0.35189196 0.47000957
vt 0.35189196 0.47000954
vt 0.35189196 0.47000957
vt 0.35189196 0.47000957
vt 0.35189196 0.47000957
vt 0.35189196 0.47000957
vt 0.29283318 0.4798527
vt 0.29283318 0.4798527
vt 0.29283318 0.4798527
vt 0.29283318 0.4798527
vt 0.29283318 0.4798527
vt 0.29283318 0.4798527
vt 0.29283318 0.4798527
vt 0.29283318 0.4798527
vt 0.29283318 0.4798527
vt 0.29283318 0.4798527
vt 0.35189196 0.47000957
vt 0.35189196 0.47000957
vt 0.35189196 0.47000957
vt 0.351892 0.47000957
vt 0.35189196 0.47000957
vt 0.35189196 0.47000957
vt 0.35189196 0.47000957
vt 0.35189196 0.47000957
vt 0.35189196 0.47000957
vt 0.35189196 0.47000957
vt 0.35189196 0.47000957
vt 0.35189196 0.47000957
vt 0.351892 0.47000957
vt 0.35189196 0.47000957
vt 0.35189196 0.47000957
vt 0.35189196 0.47000957
vt 0.35189196 0.47000957
vt 0.35189196 0.47000957
vt 0.35189196 0.47000957
vt 0.35189196 0.47000954
vt 0.35189196 0.47000954
vt 0.35189196 0.47000957
vt 0.35189196 0.47000954
vt 0.351892 0.47000957
vt 0.35189196 0.47000954
vt 0.35189196 0.47000957
vt 0.35189196 0.47000957
vt 0.35189196 0.47000957
vt 0.35189196 0.47000957
vt 0.29283318 0.4798527
vt 0.29283318 0.4798527
vt 0.29283318 0.4798527
vt 0.29283318 0.4798527
vt 0.29283318 0.4798527
vt 0.29283318 0.4798527
vt 0.29283318 0.4798527
vt 0.29283318 0.4798527
vt 0.35189196 0.47000957
vt 0.35189196 0.47000957
vt 0.351892 0.47000957
vt 0.35189196 0.47000957
vt 0.35189196 0.47000957
vt 0.35189196 0.47000957
vt 0.35189196 0.47000957
vt 0.35189196 0.47000957
vt 0.29283318 0.4798527
vt 0.29283318 0.4798527
vt 0.29283318 0.4798527
vt 0.29283318 0.4798527
vt 0.35189196 0.47000957
vt 0.35189196 0.47000957
vt 0.35189196 0.47000957
vt 0.35189196 0.47000957
vt 0.29283318 0.4798527
vt 0.29283318 0.4798527
vt 0.29283318 0.4798527
vt 0.29283318 0.4798527
vt 0.35189196 0.47000957
vt 0.35189196 0.47000957
vt 0.35189196 0.47000957
vt 0.35189196 0.47000957
vt 0.35189196 0.47000957
vt 0.35189196 0.47000957
vt 0.35189196 0.47000957
vt 0.35189196 0.47000957
vt 0.35189196 0.47000957
vt 0.35189196 0.47000957
vt 0.35189196 0.47000957
vt 0.35189196 0.47000957
vt 0.35189196 0.47000957
vt 0.35189196 0.47000957
vt 0.35189196 0.47000957
vt 0.35189196 0.47000957
vt 0.35189196 0.47000957
vt 0.35189196 0.47000957
vt 0.35189196 0.47000957
vt 0.35189193 0.47000957
vt 0.35189196 0.47000957
vt 0.29283318 0.4798527
vt 0.29283318 0.4798527
vt 0.29283318 0.4798527
vt 0.29283318 0.4798527
vt 0.35189196 0.47000957
vt 0.35189196 0.47000957
vt 0.35189196 0.47000957
vt 0.35189196 0.47000957
vt 0.35189196 0.47000957
vt 0.35189196 0.47000957
vt 0.35189196 0.47000954
vt 0.35189196 0.47000957
vt 0.35189196 0.47000957
vt 0.35189196 0.47000957
vt 0.35189196 0.47000957
vt 0.35189196 0.47000957
vt 0.35189196 0.47000957
vt 0.35189196 0.47000957
vt 0.35189196 0.47000957
vt 0.35189196 0.47000957
vt 0.35189196 0.47000957
vt 0.35189196 0.47000957
vt 0.35189196 0.47000957
vt 0.29283318 0.4798527
vt 0.29283318 0.4798527
vt 0.29283318 0.4798527
vt 0.29283318 0.4798527
vt 0.29283318 0.4798527
vt 0.29283318 0.4798527
vt 0.29283318 0.4798527
vt 0.29283318 0.4798527
vt 0.29283318 0.4798527
vt 0.29283318 0.4798527
vt 0.29283318 0.4798527
vt 0.29283318 0.4798527
vt 0.29283318 0.4798527
vt 0.29283318 0.4798527
vt 0.35189196 0.47000957
vt 0.35189196 0.47000957
vt 0.35189196 0.47000957
vt 0.35189196 0.47000957
vt 0.35189196 0.47000957
vt 0.35189196 0.47000957
vt 0.35189196 0.47000957
vt 0.35189196 0.47000957
vt 0.35189196 0.47000957
vt 0.35189196 0.47000957
vt 0.35189196 0.47000957
vt 0.35189196 0.47000957
vt 0.35189196 0.47000957
vt 0.351892 0.47000957
vt 0.35189196 0.47000957
vt 0.35189196 0.47000957
vt 0.35189196 0.47000957
vt 0.35189196 0.47000957
vt 0.35189196 0.47000957
vt 0.35189196 0.47000957
vt 0.35189196 0.47000957
vt 0.35189196 0.47000957
vt 0.351892 0.47000957
vt 0.35189196 0.47000957
vt 0.35189196 0.47000957
vt 0.35189196 0.47000957
vt 0.35189196 0.47000957
vt 0.35189196 0.47000957
vt 0.35189196 0.47000957
vt 0.35189196 0.47000954
vt 0.35189196 0.47000954
vt 0.35189196 0.47000957
vt 0.35189196 0.47000954
vt 0.351892 0.47000957
vt 0.35189196 0.47000957
vt 0.35189196 0.47000957
vt 0.35189196 0.47000954
vt 0.35189196 0.47000957
vt 0.35189196 0.47000957
vt 0.29283318 0.4798527
vt 0.29283318 0.4798527
vt 0.29283318 0.4798527
vt 0.29283318 0.4798527
vt 0.29283318 0.4798527
vt 0.29283318 0.4798527
vt 0.29283318 0.4798527
vt 0.29283318 0.4798527
vt 0.35189196 0.47000957
vt 0.35189196 0.47000957
vt 0.351892 0.47000957
vt 0.35189196 0.47000957
vt 0.35189196 0.47000957
vt 0.35189196 0.47000957
vt 0.35189196 0.47000957
vt 0.35189196 0.47000957
vt 0.29283318 0.4798527
vt 0.29283318 0.4798527
vt 0.29283318 0.4798527
vt 0.29283318 0.4798527
vt 0.35189196 0.47000957
vt 0.35189196 0.47000957
vt 0.35189196 0.47000957
vt 0.35189196 0.47000957
vt 0.29283318 0.4798527
vt 0.29283318 0.4798527
vt 0.29283318 0.4798527
vt 0.29283318 0.4798527
vt 0.35189196 0.47000957
vt 0.35189196 0.47000957
vt 0.35189196 0.47000957
vt 0.35189196 0.47000957
vt 0.35189196 0.47000957
vt 0.35189196 0.47000957
vt 0.35189196 0.47000957
vt 0.35189196 0.47000957
vt 0.35189196 0.47000957
vt 0.35189196 0.47000957
vt 0.35189196 0.47000957
vt 0.35189196 0.47000957
vt 0.35189196 0.47000957
vt 0.35189196 0.47000957
vt 0.35189196 0.47000957
vt 0.35189196 0.47000957
vt 0.35189196 0.47000957
vt 0.35189196 0.47000957
vt 0.35189196 0.47000957
vt 0.35189193 0.47000957
vt 0.35189196 0.47000957
vt 0.29283318 0.4798527
vt 0.29283318 0.4798527
vt 0.29283318 0.4798527
vt 0.29283318 0.4798527
vt 0.35189196 0.47000957
vt 0.35189196 0.47000957
vt 0.35189196 0.47000957
vt 0.35189196 0.47000957
vt 0.35189196 0.47000957
vt 0.35189196 0.47000957
vt 0.35189196 0.47000957
vt 0.35189196 0.47000957
vt 0.35189196 0.47000957
vt 0.29283318 0.4798527
vt 0.29283318 0.4798527
vt 0.29283318 0.4798527
vt 0.29283318 0.4798527
vt 0.35189196 0.47000957
vt 0.35189196 0.47000957
vt 0.35189196 0.47000957
vt 0.35189196 0.47000957
vt 0.35189196 0.47000957
vt 0.35189196 0.47000957
vt 0.35189196 0.47000957
vt 0.35189196 0.47000957
vt 0.35189196 0.47000957
vt 0.35189196 0.47000957
vt 0.35189196 0.47000957
vt 0.35189196 0.47000957
vt 0.35189196 0.47000957
vt 0.35189196 0.47000957
vt 0.35189196 0.47000957
vt 0.35189196 0.47000954
vt 0.35189196 0.47000957
vt 0.35189196 0.47000957
vt 0.35189196 0.47000957
vt 0.35189196 0.47000957
vt 0.29283318 0.4798527
vt 0.29283318 0.4798527
vt 0.29283318 0.4798527
vt 0.29283318 0.4798527
vt 0.29283318 0.4798527
vt 0.29283318 0.4798527
vt 0.29283318 0.4798527
vt 0.29283318 0.4798527
vt 0.29283318 0.4798527
vt 0.29283318 0.4798527
vt 0.35189196 0.47000957
vt 0.35189196 0.47000957
vt 0.35189196 0.47000957
vt 0.351892 0.47000957
vt 0.35189196 0.47000957
vt 0.35189196 0.47000957
vt 0.35189196 0.47000957
vt 0.35189196 0.47000957
vt 0.35189196 0.47000957
vt 0.35189196 0.47000957
vt 0.35189196 0.47000957
vt 0.35189196 0.47000957
vt 0.351892 0.47000957
vt 0.35189196 0.47000957
vt 0.35189196 0.47000957
vt 0.35189196 0.47000957
vt 0.35189196 0.47000957
vt 0.35189196 0.47000957
vt 0.35189196 0.47000957
vt 0.35189196 0.47000954
vt 0.35189196 0.47000954
vt 0.35189196 0.47000957
vt 0.35189196 0.47000954
vt 0.351892 0.47000957
vt 0.35189196 0.47000957
vt 0.35189196 0.47000957
vt 0.35189196 0.47000957
vt 0.35189196 0.47000954
vt 0.35189196 0.47000957
vt 0.29283318 0.4798527
vt 0.29283318 0.4798527
vt 0.29283318 0.4798527
vt 0.29283318 0.4798527
vt 0.29283318 0.4798527
vt 0.29283318 0.4798527
vt 0.29283318 0.4798527
vt 0.29283318 0.4798527
vt 0.35189196 0.47000957
vt 0.35189196 0.47000957
vt 0.351892 0.47000957
vt 0.35189196 0.47000957
vt 0.35189196 0.47000957
vt 0.35189196 0.47000957
vt 0.35189196 0.47000957
vt 0.35189196 0.47000957
vt 0.29283318 0.4798527
vt 0.29283318 0.4798527
vt 0.29283318 0.4798527
vt 0.29283318 0.4798527
vt 0.35189196 0.47000957
vt 0.35189196 0.47000957
vt 0.35189196 0.47000957
vt 0.35189196 0.47000957
vt 0.29283318 0.4798527
vt 0.29283318 0.4798527
vt 0.29283318 0.4798527
vt 0.29283318 0.4798527
vt 0.35189196 0.47000957
vt 0.35189196 0.47000957
vt 0.35189196 0.47000957
vt 0.35189196 0.47000957
vt 0.35189196 0.47000957
vt 0.35189196 0.47000957
vt 0.35189196 0.47000957
vt 0.35189196 0.47000957
vt 0.35189196 0.47000957
vt 0.35189196 0.47000957
vt 0.35189196 0.47000957
vt 0.35189196 0.47000957
vt 0.35189196 0.47000957
vt 0.35189196 0.47000957
vt 0.35189196 0.47000957
vt 0.35189196 0.47000957
vt 0.35189196 0.47000957
vt 0.35189196 0.47000957
vt 0.35189196 0.47000957
vt 0.35189193 0.47000957
vt 0.35189196 0.47000957
vt 0.29283318 0.4798527
vt 0.29283318 0.4798527
vt 0.29283318 0.4798527
vt 0.29283318 0.4798527
vt 0.35189196 0.47000957
vt 0.35189196 0.47000957
vt 0.35189196 0.47000957
vt 0.35189196 0.47000957
vt 0.35189196 0.47000957
vt 0.35189196 0.47000957
vt 0.35189196 0.47000957
vt 0.35189196 0.47000957
vt 0.35189196 0.47000957
vt 0.29283318 0.4798527
vt 0.29283318 0.4798527
vt 0.29283318 0.4798527
vt 0.29283318 0.4798527
vt 0.35189196 0.47000957
vt 0.35189196 0.47000957
vt 0.35189196 0.47000957
vt 0.35189196 0.47000957
vt 0.35189196 0.47000957
vt 0.35189196 0.47000954
vt 0.35189196 0.47000957
vt 0.35189196 0.47000957
vt 0.35189196 0.47000957
vt 0.35189196 0.47000957
vt 0.29283318 0.4798527
vt 0.29283318 0.4798527
vt 0.29283318 0.4798527
vt 0.29283318 0.4798527
vt 0.29283318 0.4798527
vt 0.29283318 0.4798527
vt 0.29283318 0.4798527
vt 0.29283318 0.4798527
vt 0.29283318 0.4798527
vt 0.29283318 0.4798527
vt 0.35189196 0.47000957
vt 0.35189196 0.47000957
vt 0.35189196 0.47000957
vt 0.35189196 0.47000957
vt 0.35189196 0.47000957
vt 0.35189196 0.47000957
vt 0.35189196 0.47000957
vt 0.35189196 0.47000957
vt 0.35189196 0.47000957
vt 0.35189196 0.47000957
vt 0.35189196 0.47000957
vt 0.35189196 0.47000957
vt 0.35189196 0.47000957
vt 0.351892 0.47000957
vt 0.35189196 0.47000957
vt 0.35189196 0.47000957
vt 0.35189196 0.47000957
vt 0.35189196 0.47000957
vt 0.35189196 0.47000957
vt 0.35189196 0.47000957
vt 0.35189196 0.47000957
vt 0.35189196 0.47000957
vt 0.351892 0.47000957
vt 0.35189196 0.47000957
vt 0.35189196 0.47000957
vt 0.35189196 0.47000957
vt 0.35189196 0.47000957
vt 0.35189196 0.47000957
vt 0.35189196 0.47000957
vt 0.35189196 0.47000954
vt 0.35189196 0.47000954
vt 0.35189196 0.47000957
vt 0.35189196 0.47000954
vt 0.351892 0.47000957
vn 0.19594744 0.12890263 -0.9721053
vn -0.19342604 -0.642374 -0.7415808
vn -0.94590724 -0.124487095 -0.29960382
vn -0.19342604 -0.642374 -0.7415808
vn -0.41355264 0.87242216 -0.2604875
vn -0.8213931 0.50511163 -0.2649071
vn -0.67465186 0.7045945 -0.21998096
vn -0.46853894 0.824013 -0.3185496
vn -0.20773707 -0.051023822 -0.976853
vn -0.5511551 0.8339809 -0.026528636
vn -0.565707 0.7935546 -0.22415742
vn -0.59515953 0.8015366 -0.0576547
vn -0.5167057 -0.4409355 -0.7338876
vn -0.73637056 0.62946343 -0.24806084
vn -0.20773707 -0.051023822 -0.976853
vn -0.745407 -0.023221403 -0.6662051
vn -0.6788531 0.23254155 -0.6964789
vn -0.28046486 -0.046671115 0.95872897
vn -0.23405278 0.04144829 0.9713399
vn -0.14807034 -0.44498122 0.88321394
vn -0.8720418 0.33356932 0.3581545
vn -0.62201697 0.3177167 0.71564716
vn -0.98619616 0.16202906 0.034113765
vn -0.73829746 0.67435193 -0.012900507
vn -0.9054504 0.18029372 -0.38425726
vn -0.5446829 0.8313167 -0.11060349
vn -0.52506876 0.81907994 0.23110814
vn -0.565707 0.7935546 -0.22415742
vn -0.5446829 0.8313167 -0.11060349
vn -0.52506876 0.81907994 0.23110814
vn 0.66022706 0.74176556 -0.11783105
vn 0.9309538 0.18405235 -0.31535634
vn -0.565707 0.7935546 -0.22415742
vn -0.7380096 0.67188823 -0.06251496
vn 0.9309538 0.18405235 -0.31535634
vn 0.99999726 0 -0.0023732185
vn 0.99999726 0 -0.0023732185
vn 0.99999726 0 -0.0023732185
vn 0.99999726 0 -0.0023732185
vn -0.99999726 0 0.002373219
vn -0.99999726 0 0.002373219
vn -0.99999726 0 0.002373219
vn -0.99999726 0 0.002373219
vn 0.002373206 0 0.99999726
vn 0.002373206 0 0.99999726
vn 0.002373206 0 0.99999726
vn 0.002373206 0 0.99999726
vn -0.70542586 0 0.70878375
vn -0.70542586 0 0.70878375
vn -0.70542586 0 0.70878375
vn -0.70542586 0 0.70878375
vn 0.7087828 0 0.7054268
vn 0.7087828 0 0.7054268
vn 0.7087828 0 0.7054268
vn 0.7087828 0 0.7054268
vn 0.79833525 0 -0.6022134
vn 0.79833525 0 -0.6022134
vn 0.79833525 0 -0.6022134
vn 0.79833525 0 -0.6022134
vn -0.0073785735 2.3787738E-06 -0.9999728
vn -0.0073785735 2.3787738E-06 -0.9999728
vn -0.0073785735 2.3787738E-06 -0.9999728
vn -0.0073785735 2.3787738E-06 -0.9999728
vn 0.0023732642 0 0.99999726
vn 0.0023732642 0 0.99999726
vn 0.0023732642 0 0.99999726
vn 0.0023732642 0 0.99999726
vn 0.7983356 0 -0.6022128
vn 0.7983356 0 -0.6022128
vn 0.7983356 0 -0.6022128
vn 0.7983356 0 -0.6022128
vn -0.7054265 0 0.7087831
vn -0.7054265 0 0.7087831
vn -0.7054265 0 0.7087831
vn -0.7054265 0 0.7087831
vn -0.01370956 -0.08957791 -0.99588543
vn -0.01370956 -0.08957791 -0.99588543
vn -0.01370956 -0.08957791 -0.99588543
vn -0.01370956 -0.08957791 -0.99588543
vn 0.99999726 0 -0.0023728292
vn 0.99999726 0 -0.0023728292
vn 0.99999726 0 -0.0023728292
vn 0.99999726 0 -0.0023728292
vn 0.7087834 0 0.7054262
vn 0.7087834 0 0.7054262
vn 0.7087834 0 0.7054262
vn 0.7087834 0 0.7054262
vn -0.70719147 0.46400777 0.53345764
vn -0.70719147 0.46400777 0.53345764
vn -0.70719147 0.46400777 0.53345764
vn -0.70719147 0.46400777 0.53345764
vn 0.92888635 0.3703584 -0.0022045446
vn 0.92888635 0.3703584 -0.0022045446
vn 0.92888635 0.3703584 -0.0022045446
vn 0.92888635 0.3703584 -0.0022045446
vn 0.62844485 0.45425716 -0.63143283
vn 0.62844485 0.45425716 -0.63143283
vn 0.62844485 0.45425716 -0.63143283
vn 0.62844485 0.45425716 -0.63143283
vn 0.0002312841 0.41516978 0.90974396
vn 0.0002312841 0.41516978 0.90974396
vn 0.0002312841 0.41516978 0.90974396
vn 0.0002312841 0.41516978 0.90974396
vn -0.9468996 0.32152656 -0.0013630992
vn -0.9468996 0.32152656 -0.0013630992
vn -0.9468996 0.32152656 -0.0013630992
vn -0.9468996 0.32152656 -0.0013630992
vn -0.6468823 0.40870997 -0.6438163
vn -0.6468823 0.40870997 -0.6438163
vn -0.6468823 0.40870997 -0.6438163
vn -0.6468823 0.40870997 -0.6438163
vn -0 1 0
vn -0 1 0
vn -0 1 0
vn -0 1 0
vn -0 1 0
vn -0 1 0
vn -0 1 0
vn -0 1 0
vn -0.0022258405 0.3469478 -0.93788177
vn -0.0022258405 0.3469478 -0.93788177
vn -0.0022258405 0.3469478 -0.93788177
vn -0.0022258405 0.3469478 -0.93788177
vn 0.0010185342 -0.9032844 0.42904097
vn 0.0010185342 -0.9032844 0.42904097
vn 0.0010185342 -0.9032844 0.42904097
vn 0.0010185342 -0.9032844 0.42904097
vn 0.085927 -0.048735376 0.99510866
vn 0.085927 -0.048735376 0.99510866
vn 0.085927 -0.048735376 0.99510866
vn 0.085927 -0.048735376 0.99510866
vn 0.04672512 -0.073951885 0.9961665
vn 0.04672512 -0.073951885 0.9961665
vn 0.002365283 -0.08200512 0.99662906
vn 0.002365283 -0.08200512 0.99662906
vn -0.041996427 -0.073951714 0.99637717
vn -0.041996427 -0.073951714 0.99637717
vn -0.08120252 -0.04873508 0.99550533
vn -0.08120252 -0.04873508 0.99550533
vn 0.99999726 0 -0.0023730795
vn 0.99999726 0 -0.0023730795
vn 0.99999726 0 -0.0023730795
vn 0.99999726 0 -0.0023730795
vn -0.99999726 0 0.0023733394
vn -0.99999726 0 0.0023733394
vn -0.99999726 0 0.0023733394
vn -0.99999726 0 0.0023733394
vn -0 1 0
vn -0 1 0
vn -0 1 0
vn -0 1 0
vn 0.8590994 0.51180464 -0.002039026
vn 0.8590994 0.51180464 -0.002039026
vn 0.8590994 0.51180464 -0.002039026
vn 0.8590994 0.51180464 -0.002039026
vn -0 -1 0
vn -0 -1 0
vn -0 -1 0
vn -0 -1 0
vn -0.8590996 0.5118042 0.002039026
vn -0.8590996 0.5118042 0.002039026
vn -0.8590996 0.5118042 0.002039026
vn -0.8590996 0.5118042 0.002039026
vn -0.50637555 0.86231214 0.0012018007
vn -0.50637555 0.86231214 0.0012018007
vn -0.50637555 0.86231214 0.0012018007
vn -0.50637555 0.86231214 0.0012018007
vn 0.50637525 0.86231244 -0.0012017987
vn 0.50637525 0.86231244 -0.0012017987
vn 0.50637525 0.86231244 -0.0012017987
vn 0.50637525 0.86231244 -0.0012017987
vn 0.12226807 0 0.9924971
vn 0.12226807 0 0.9924971
vn 0.12226807 0 0.9924971
vn 0.12226807 0 0.9924971
vn 0.0023590638 0.108903326 0.99404955
vn 0.0023590638 0.108903326 0.99404955
vn 0.0023590638 0.108903326 0.99404955
vn 0.0023590638 0.108903326 0.99404955
vn -0.117554195 0 0.99306643
vn -0.117554195 0 0.99306643
vn -0.117554195 0 0.99306643
vn -0.117554195 0 0.99306643
vn 0.0023732868 -1.3806529E-07 0.99999726
vn 0.0023732868 -1.3806529E-07 0.99999726
vn 0.0023732868 -1.3806529E-07 0.99999726
vn 0.0023732868 -1.3806529E-07 0.99999726
vn 0.0023732868 -1.3806529E-07 0.99999726
vn 0.0023732868 -1.3806529E-07 0.99999726
vn 0.0023732868 -1.3806529E-07 0.99999726
vn 0.0023732868 -1.3806529E-07 0.99999726
vn -0.79517716 -0.45143157 0.40484902
vn -0.79517716 -0.45143157 0.40484902
vn -0.79517716 -0.45143157 0.40484902
vn -0.79517716 -0.45143157 0.40484902
vn 0.0016148601 0.732774 0.68047017
vn 0.0016148601 0.732774 0.68047017
vn 0.0016148601 0.732774 0.68047017
vn 0.0016148601 0.732774 0.68047017
vn 0.79708856 -0.45143294 0.40107116
vn 0.79708856 -0.45143294 0.40107116
vn 0.79708856 -0.45143294 0.40107116
vn 0.79708856 -0.45143294 0.40107116
vn 0.47845566 -0.77389723 0.41492558
vn 0.47845566 -0.77389723 0.41492558
vn 0.47845566 -0.77389723 0.41492558
vn 0.47845566 -0.77389723 0.41492558
vn -0.47648036 -0.77389836 0.4171902
vn -0.47648036 -0.77389836 0.4171902
vn -0.47648036 -0.77389836 0.4171902
vn -0.47648036 -0.77389836 0.4171902
vn -0.91250616 0 0.40906295
vn -0.91250616 0 0.40906295
vn -0.91250616 0 0.40906295
vn -0.91250616 0 0.40906295
vn 0.9144373 0 0.40472758
vn 0.9144373 0 0.40472758
vn 0.9144373 0 0.40472758
vn 0.9144373 0 0.40472758
vn 0.002370583 0 0.99999726
vn 0.002370583 0 0.99999726
vn 0.002370583 0 0.99999726
vn 0.002370583 0 0.99999726
vn 0.99999726 0 -0.0023726777
vn 0.99999726 0 -0.0023726777
vn 0.99999726 0 -0.0023726777
vn 0.99999726 0 -0.0023726777
vn -0 -1 0
vn -0 -1 0
vn -0 -1 0
vn -0 -1 0
vn -0.99999726 0 0.0023734367
vn -0.99999726 0 0.0023734367
vn -0.99999726 0 0.0023734367
vn -0.99999726 0 0.0023734367
vn -2.1976015E-07 1 0
vn -2.1976015E-07 1 0
vn -2.1976015E-07 1 0
vn -2.1976015E-07 1 0
vn 0.79833525 0 -0.6022134
vn 0.79833525 0 -0.6022134
vn 0.79833525 0 -0.6022134
vn 0.79833525 0 -0.6022134
vn 0.7087827 0 0.705427
vn 0.7087827 0 0.705427
vn 0.7087827 0 0.705427
vn 0.7087827 0 0.705427
vn -0.70542586 0 0.70878375
vn -0.70542586 0 0.70878375
vn -0.70542586 0 0.70878375
vn -0.70542586 0 0.70878375
vn -0.007376206 2.6848134E-06 -0.9999728
vn -0.007376206 2.6848134E-06 -0.9999728
vn -0.007376206 2.6848134E-06 -0.9999728
vn -0.007376206 2.6848134E-06 -0.9999728
vn 0.002373206 0 0.99999726
vn 0.002373206 0 0.99999726
vn 0.002373206 0 0.99999726
vn 0.002373206 0 0.99999726
vn -0.99999726 0 0.002373199
vn -0.99999726 0 0.002373199
vn -0.99999726 0 0.002373199
vn -0.99999726 0 0.002373199
vn 0.99999726 0 -0.0023732334
vn 0.99999726 0 -0.0023732334
vn 0.99999726 0 -0.0023732334
vn 0.99999726 0 -0.0023732334
vn 0.08031694 -0.048757326 0.99557614
vn 0.08031694 -0.048757326 0.99557614
vn 0.08031694 -0.048757326 0.99557614
vn 0.08031694 -0.048757326 0.99557614
vn 0.043733306 -0.073961616 0.99630165
vn 0.043733306 -0.073961616 0.99630165
vn 0.0023651507 -0.08200486 0.99662906
vn 0.0023651507 -0.08200486 0.99662906
vn -0.03900343 -0.07396037 0.9964981
vn -0.03900343 -0.07396037 0.9964981
vn -0.07558988 -0.048756726 0.9959462
vn -0.07558988 -0.048756726 0.9959462
vn 0.11427162 0 0.9934495
vn 0.11427162 0 0.9934495
vn 0.11427162 0 0.9934495
vn 0.11427162 0 0.9934495
vn -0.10955363 0 0.9939809
vn -0.10955363 0 0.9939809
vn -0.10955363 0 0.9939809
vn -0.10955363 0 0.9939809
vn -0.4986502 -0.8668025 0.001183469
vn -0.4986502 -0.8668025 0.001183469
vn -0.4986502 -0.8668025 0.001183469
vn -0.4986502 -0.8668025 0.001183469
vn -0.99999726 0 0.0023730746
vn -0.99999726 0 0.0023730746
vn -0.9602219 0.2792289 0.0022787896
vn -0.9598633 0.280459 0.0022779393
vn -0.68281144 0.73059285 0.0016205239
vn -0.6828114 0.7305929 0.0016205241
vn -0.24786888 0.96879345 0.00058826525
vn -0.24786888 0.96879345 0.0005882653
vn 0.24786839 0.9687936 -0.00058828713
vn 0.24786836 0.9687936 -0.0005882871
vn 0.68281114 0.7305931 -0.0016205461
vn 0.6828111 0.73059314 -0.001620546
vn 0.9602219 0.2792288 -0.002278891
vn 0.95986336 0.2804589 -0.00227804
vn 0.99999726 0 -0.0023732677
vn 0.99999726 0 -0.0023732677
vn -0 -1 0
vn -0 -1 0
vn -0 -1 0
vn -0 -1 0
vn 0.49865034 -0.86680233 -0.0011834407
vn 0.49865034 -0.86680233 -0.0011834407
vn 0.49865034 -0.86680233 -0.0011834407
vn 0.49865034 -0.86680233 -0.0011834407
vn 0.854413 -0.51959056 -0.0020278674
vn 0.854413 -0.51959056 -0.0020278674
vn 0.854413 -0.51959056 -0.0020278674
vn 0.854413 -0.51959056 -0.0020278674
vn 0.99999726 0 -0.0023735715
vn 0.99999726 0 -0.0023735715
vn 0.99999726 0 -0.0023735715
vn 0.99999726 0 -0.0023735715
vn -0.99999726 0 0.002373002
vn -0.99999726 0 0.002373002
vn -0.99999726 0 0.002373002
vn -0.99999726 0 0.002373002
vn -0.8544146 -0.519588 0.0020276594
vn -0.8544146 -0.519588 0.0020276594
vn -0.8544146 -0.519588 0.0020276594
vn -0.8544146 -0.519588 0.0020276594
vn -0.6086533 0.0005853944 -0.7934361
vn -0.6086533 0.0005853944 -0.7934361
vn -0.6086533 0.0005853944 -0.7934361
vn -0.6086533 0.0005853944 -0.7934361
vn -0.7116597 -0.12649545 -0.69104224
vn -0.7116597 -0.12649545 -0.69104224
vn -0.7116597 -0.12649545 -0.69104224
vn -0.7116597 -0.12649545 -0.69104224
vn 0.6097086 0.52579945 0.59311926
vn 0.6097086 0.52579945 0.59311926
vn 0.6097086 0.52579945 0.59311926
vn 0.6097086 0.52579945 0.59311926
vn -0.608424 0.00078011607 -0.79361176
vn -0.608424 0.00078011607 -0.79361176
vn -0.608424 0.00078011607 -0.79361176
vn -0.608424 0.00078011607 -0.79361176
vn -0.99999726 0 0.0023732025
vn -0.99999726 0 0.0023732025
vn -0.99999726 0 0.0023732025
vn -0.99999726 0 0.0023732025
vn 0.0011341826 0.87844795 0.47783664
vn 0.0011345254 0.87844837 0.47783598
vn 0.0018347132 0.63447106 0.7729445
vn 0.0018343673 0.6344709 0.7729446
vn 0.0022658957 0.29747108 0.9547281
vn 0.0022655642 0.2974716 0.954728
vn 0.0018343673 0.6344709 0.7729446
vn 0.0022655642 0.2974716 0.954728
vn -0.37439337 0.36053213 0.85431033
vn -0.28309527 0.6508 0.70449746
vn 0.0011341826 0.87844795 0.47783664
vn -0.1100425 0.91244453 0.39412653
vn -0.8531185 0.35362044 0.38359022
vn -0.37301573 0.92044234 0.116812654
vn -0.7065556 0.6494244 0.281118
vn -0.878457 0.31432 -0.35988364
vn -0.37944576 0.9168561 -0.12407966
vn -0.7192806 0.6313249 -0.28993836
vn -0.41877845 0.27312112 -0.86604244
vn -0.123181134 0.89078593 -0.43740922
vn -0.31363177 0.60072637 -0.73536587
vn 0.44631612 0.28714865 -0.8475539
vn 0.12383713 0.8996344 -0.4187149
vn 0.33286533 0.60298866 -0.7249864
vn 0.89753056 0.3125909 -0.31100765
vn 0.39167237 0.914251 -0.10362351
vn 0.73127 0.6359183 -0.24668205
vn 0.85466343 0.3545104 0.37930557
vn 0.37253028 0.92087483 0.11493822
vn 0.7073467 0.6500995 0.2775454
vn 0.37856352 0.36094546 0.8522957
vn 0.111582525 0.91252047 0.39351717
vn 0.28623438 0.65109354 0.70295596
vn 0.0022661956 0.29747134 0.954728
vn 0.0018346881 0.63447094 0.77294457
vn 0.0011341417 0.87844807 0.47783646
vn 0.0018347132 0.63447106 0.7729445
vn 0.0022658193 0.29747075 0.95472825
vn 0.0022658957 0.29747108 0.9547281
vn 0.0018345261 0.63447106 0.7729445
vn 0.0011345254 0.87844837 0.47783598
vn 0.0011342784 0.8784484 0.47783586
vn 0.0018345261 0.63447106 0.7729445
vn 0.002265812 0.29747078 0.95472825
vn 0.0022658193 0.29747075 0.95472825
vn 0.001834531 0.6344707 0.7729447
vn 0.0011342784 0.8784484 0.47783586
vn 0.0011342759 0.87844825 0.47783607
vn 0.001834531 0.6344707 0.7729447
vn 0.0022656345 0.29747134 0.954728
vn 0.002265812 0.29747078 0.95472825
vn 0.0018344375 0.634471 0.77294457
vn 0.0011342759 0.87844825 0.47783607
vn 0.0011342771 0.8784481 0.47783634
vn 0.0018344375 0.634471 0.77294457
vn 0.00226556 0.29747152 0.954728
vn 0.0022656345 0.29747134 0.954728
vn 0.0018343824 0.6344713 0.7729443
vn 0.0011342771 0.8784481 0.47783634
vn 0.0011342783 0.87844837 0.47783604
vn 0.0018343824 0.6344713 0.7729443
vn 0.0022661837 0.2974714 0.954728
vn 0.00226556 0.29747152 0.954728
vn 0.0018347075 0.6344713 0.7729442
vn 0.0011342783 0.87844837 0.47783604
vn 0.0011342769 0.8784484 0.47783586
vn 0.0018347075 0.6344713 0.7729442
vn 0.0022661956 0.29747134 0.954728
vn 0.0022661837 0.2974714 0.954728
vn 0.0018346881 0.63447094 0.77294457
vn 0.0011342769 0.8784484 0.47783586
vn 0.0011341417 0.87844807 0.47783646
vn -0.90252286 0.43063673 0.0021419085
vn -0.90252286 0.43063673 0.0021419085
vn -0.90252286 0.43063673 0.0021419085
vn -0.90252286 0.43063673 0.0021419085
vn -0.90252286 0.43063673 0.0021419085
vn -0.90252286 0.43063673 0.0021419085
vn -0.90252286 0.43063673 0.0021419085
vn -0.90252286 0.43063673 0.0021419085
vn -0.90252286 0.43063673 0.0021419085
vn -0.90252286 0.43063673 0.0021419085
vn -0.90252286 0.43063673 0.0021419085
vn -0.90252286 0.43063673 0.0021419085
vn -0.45454654 0.80075073 -0.39010975
vn -0.61993825 0.7844916 0.015795076
vn -0.7957424 0.60545176 0.014905398
vn 0.32231203 0.86180663 -0.39166865
vn 0.08324813 0.9203303 0.3821807
vn -0.5754674 0.31488687 0.7547738
vn -0.7057727 0.7035156 -0.0833707
vn -0.7957424 0.60545176 0.014905398
vn 0.64644814 0.76260024 0.023360502
vn 0.2593524 0.62709236 0.73450094
vn 0.73034877 0.506786 -0.45799413
vn -0.0350164 0.09594774 0.9947702
vn 0.5445133 0.30048856 -0.78307843
vn 0.09185265 0.35308883 -0.9310701
vn 0.3177449 -0.13687876 -0.93824434
vn 0.14970829 -0.42537302 -0.89254993
vn -0.76431257 -0.58119035 0.27936342
vn -0.47611943 -0.6120645 0.6314168
vn -0.3500846 -0.9266623 -0.13688605
vn -0.69377196 -0.5009165 -0.5174582
vn -0.19540322 -0.78912216 -0.5823262
vn -0.9823961 0.174976 0.065430015
vn -0.7057727 0.7035156 -0.0833707
vn -0.7736311 0.62297744 -0.115732975
vn -0.7957424 0.60545176 0.014905398
vn -0.7736311 0.62297744 -0.115732975
vn -0.27987176 -0.10861765 -0.9538732
vn -0.74979573 0.5346482 -0.38981763
vn -0.7957424 0.60545176 0.014905398
vn -0.20181873 -0.8282031 -0.5228278
vn -0.73660386 -0.6665473 -0.11458402
vn -0.2215132 -0.934848 0.2774727
vn -0.5963916 -0.5072243 -0.6221257
vn -0.06189442 -0.53183556 -0.84458274
vn -0.27818963 -0.055890404 -0.9588987
vn 0.05160752 0.95872116 -0.27962556
vn -0.083482586 0.44227916 -0.8929837
vn 0.39970103 0.38426763 -0.83221245
vn 0.14905222 0.8087414 -0.5689646
vn 0.5492782 0.6419821 -0.5349321
vn -0.7049724 0.57727784 -0.41202453
vn -0.8649742 0.18227895 -0.46754023
vn 0.22353731 0.97432137 0.026996877
vn 0.60480773 0.79610056 -0.020769324
vn -0.9674289 0.24088424 -0.07782046
vn -0.49039805 0.8572441 -0.15697902
vn 0.09357977 0.83774173 0.53798854
vn 0.49603975 0.6641209 0.55936384
vn 0.28532478 0.25691342 0.9233555
vn -0.61143214 0.75190693 0.24654989
vn -0.053837202 0.46194693 0.8852721
vn -0.0025269976 -0.26374316 0.96458954
vn -0.9497916 0.31038588 0.03945167
vn -0.395346 -0.07691626 0.91530615
vn -0.1734386 -0.6828312 0.7096905
vn -0.7253635 0.46029097 0.51183987
vn -0.62650245 -0.49875608 0.5989466
vn -0.2215132 -0.934848 0.2774727
vn -0.8732376 0.44492865 0.19873205
vn -0.9175538 0.3728233 -0.13819477
vn -0.92106605 0.31235915 0.23252745
vn -0.97994274 -0.17895816 -0.08767035
vn -0.8990513 0.19148806 -0.39375
vn -0.8015399 0.3668111 -0.47221115
vn -0.6955953 0.6284959 -0.348052
vn -0.9395939 0.22065917 0.26167303
vn -0.59614086 0.79738826 -0.09374438
vn -0.8706873 0.058513798 0.4883439
vn -0.97994274 -0.17895816 -0.08767035
vn -0.78637403 0.32480082 0.5254715
vn -0.694389 0.5864732 0.41698074
vn -0.74977386 0.64998317 0.123939686
vn -0.90940166 0.4155176 0.018272078
vn -0.2215132 -0.934848 0.2774727
vn -0.59614086 0.79738826 -0.09374438
vn -0.74977386 0.64998317 0.123939686
vn -0.47723925 0.87369776 -0.09431303
vn -0.4545625 0.6677792 -0.5894438
vn -0.81586885 0.5424521 -0.20025887
vn -0.725133 0.6714651 0.15269858
vn -0.57755214 0.5970553 -0.5567392
vn -0.88489944 0.31116778 -0.34659418
vn -0.9108799 0.36121058 -0.19956136
vn -0.8591628 0.3789169 0.3438914
vn -0.98136616 0.163964 0.10018077
vn -0.4379435 0.89890593 0.0131798
vn -0.900948 0.43306002 -0.027414678
vn -0.95231026 0.18788686 0.24042363
vn -0.09690662 0.45064622 0.8874272
vn 0.18851632 0.79221535 0.5803934
vn -0.5964155 -0.55870545 0.57631314
vn -0.40375155 -0.062236328 0.9127493
vn 0.12279419 -0.35868505 0.9253468
vn 0.40440142 0.13541423 0.9045012
vn -0.04574392 -0.7116469 0.7010464
vn 0.6303382 0.522208 0.57443243
vn -0.15362291 -0.9297139 0.33471173
vn 0.3919396 0.91936016 -0.0340618
vn 0.75416523 0.6535667 0.06391628
vn 0.76137745 0.47416905 -0.44211775
vn -0.53391385 -0.8332099 -0.14386573
vn -0.044602774 -0.99013406 -0.13283439
vn -0.42041314 0.73232746 -0.53567654
vn 0.40612775 0.7626603 -0.50339776
vn 0.6422151 0.04493585 -0.76520616
vn 0.2209933 0.2816082 -0.93373376
vn 0.40323824 -0.450786 -0.796361
vn -0.9090842 -0.41181117 0.06306735
vn -0.89954007 -0.092976585 -0.42682886
vn -0.81586885 0.5424521 -0.20025887
vn -0.80825526 0.58504844 -0.0666464
vn -0.89954007 -0.092976585 -0.42682886
vn -0.33776885 -0.60465354 -0.72132266
vn -0.7077764 0.3268097 -0.626297
vn -0.62305033 0.7057454 0.3372413
vn -0.95231026 0.18788686 0.24042363
vn -0.08012436 -0.18286647 -0.97986734
vn 0.118971065 -0.8257042 -0.5514149
vn -0.53391385 -0.8332099 -0.14386573
vn -0.47723925 0.87369776 -0.09431303
vn -0.62305033 0.7057454 0.3372413
vn -0 1 0
vn -0 1 0
vn -0 1 0
vn -0 1 0
vn -0 -1 0
vn -0 -1 0
vn -0 -1 0
vn -0 -1 0
vn 0.0023729296 -3.2089454E-07 0.99999726
vn 0.0023729296 -3.2089454E-07 0.99999726
vn 0.0023729296 -3.2089454E-07 0.99999726
vn 0.0023729296 -3.2089454E-07 0.99999726
vn -0.99999726 1.3674226E-06 0.0023734143
vn -0.99999726 1.3674226E-06 0.0023734143
vn -0.99999726 1.3674226E-06 0.0023734143
vn -0.99999726 1.3674226E-06 0.0023734143
vn -0.0023737678 6.417891E-07 -0.99999726
vn -0.0023737678 6.417891E-07 -0.99999726
vn -0.0023737678 6.417891E-07 -0.99999726
vn -0.0023737678 6.417891E-07 -0.99999726
vn 0.99999726 0 -0.0023734153
vn 0.99999726 0 -0.0023734153
vn 0.99999726 0 -0.0023734153
vn 0.99999726 0 -0.0023734153
vn 0.99999726 -4.3040063E-07 -0.0023732346
vn 0.99999726 -4.3040063E-07 -0.0023732346
vn 0.99999726 -4.3040063E-07 -0.0023732346
vn 0.99999726 -4.3040063E-07 -0.0023732346
vn -0.99999726 0 0.0023733086
vn -0.99999726 0 0.0023733086
vn -0.99999726 0 0.0023733086
vn -0.99999726 0 0.0023733086
vn 0.0023728497 0 0.99999726
vn 0.0023728497 0 0.99999726
vn 0.0023728497 0 0.99999726
vn 0.0023728497 0 0.99999726
vn 1.2834482E-06 1 0
vn 1.2834482E-06 1 0
vn 1.2834482E-06 1 0
vn 1.2834482E-06 1 0
vn -0.0023728476 4.1189406E-07 -0.99999726
vn -0.0023728476 4.1189406E-07 -0.99999726
vn -0.0023728476 4.1189406E-07 -0.99999726
vn -0.0023728476 4.1189406E-07 -0.99999726
vn -0 -1 0
vn -0 -1 0
vn -0 -1 0
vn -0 -1 0
vn -0 1 0
vn -0 1 0
vn -0 1 0
vn -0 1 0
vn -0 -1 0
vn -0 -1 0
vn -0 -1 0
vn -0 -1 0
vn 0.0023731005 0 0.99999726
vn 0.0023731005 0 0.99999726
vn 0.0023731005 0 0.99999726
vn 0.0023731005 0 0.99999726
vn -0.99999726 9.140175E-07 0.002373415
vn -0.99999726 9.140175E-07 0.002373415
vn -0.99999726 9.140175E-07 0.002373415
vn -0.99999726 9.140175E-07 0.002373415
vn -0.0023731005 -6.4178994E-07 -0.99999726
vn -0.0023731005 -6.4178994E-07 -0.99999726
vn -0.0023731005 -6.4178994E-07 -0.99999726
vn -0.0023731005 -6.4178994E-07 -0.99999726
vn 0.99999726 0 -0.0023734153
vn 0.99999726 0 -0.0023734153
vn 0.99999726 0 -0.0023734153
vn 0.99999726 0 -0.0023734153
vn -0.002373312 0 -0.99999726
vn -0.002373312 0 -0.99999726
vn -0.002373312 0 -0.99999726
vn -0.002373312 0 -0.99999726
vn 0.00237338 0 0.99999726
vn 0.00237338 0 0.99999726
vn 0.00237338 0 0.99999726
vn 0.00237338 0 0.99999726
vn 0.99999726 0 -0.0023751687
vn 0.99999726 0 -0.0023751687
vn 0.99999726 0 -0.0023751687
vn 0.99999726 0 -0.0023751687
vn -0 -1 0
vn -0 -1 0
vn -0 -1 0
vn -0 -1 0
vn -0.99999726 1.3328331E-06 0.0023719072
vn -0.99999726 1.3328331E-06 0.0023719072
vn -0.99999726 1.3328331E-06 0.0023719072
vn -0.99999726 1.3328331E-06 0.0023719072
vn -0 1 0
vn -0 1 0
vn -0 1 0
vn -0 1 0
vn -0.0023735883 -8.7489366E-07 -0.99999726
vn -0.0023735883 -8.7489366E-07 -0.99999726
vn -0.0023735883 -8.7489366E-07 -0.99999726
vn -0.0023735883 -8.7489366E-07 -0.99999726
vn 0.002373449 0 0.99999726
vn 0.002373449 0 0.99999726
vn 0.002373449 0 0.99999726
vn 0.002373449 0 0.99999726
vn 0.99999726 0 -0.002375168
vn 0.99999726 0 -0.002375168
vn 0.99999726 0 -0.002375168
vn 0.99999726 0 -0.002375168
vn -0 -1 0
vn -0 -1 0
vn -0 -1 0
vn -0 -1 0
vn -0.99999726 1.3341445E-06 0.0023735387
vn -0.99999726 1.3341445E-06 0.0023735387
vn -0.99999726 1.3341445E-06 0.0023735387
vn -0.99999726 1.3341445E-06 0.0023735387
vn -0 1 0
vn -0 1 0
vn -0 1 0
vn -0 1 0
vn -0.0023730707 -1.3335335E-07 -0.99999726
vn -0.0023730707 -1.3335335E-07 -0.99999726
vn -0.0023730707 -1.3335335E-07 -0.99999726
vn -0.0023730707 -1.3335335E-07 -0.99999726
vn 0.0023735145 1.3335331E-07 0.99999726
vn 0.0023735145 1.3335331E-07 0.99999726
vn 0.0023735145 1.3335331E-07 0.99999726
vn 0.0023735145 1.3335331E-07 0.99999726
vn -1.4350144E-07 -1 0
vn -1.4350144E-07 -1 0
vn -1.4350144E-07 -1 0
vn -1.4350144E-07 -1 0
vn -0.99999726 0 0.0023718185
vn -0.99999726 0 0.0023718185
vn -0.99999726 0 0.0023718185
vn -0.99999726 0 0.0023718185
vn 1.3042492E-06 1 0
vn 1.3042492E-06 1 0
vn 1.3042492E-06 1 0
vn 1.3042492E-06 1 0
vn 0.99999726 -1.7937157E-07 -0.0023726965
vn 0.99999726 -1.7937157E-07 -0.0023726965
vn 0.99999726 -1.7937157E-07 -0.0023726965
vn 0.99999726 -1.7937157E-07 -0.0023726965
vn -0.0023731585 0 -0.99999726
vn -0.0023731585 0 -0.99999726
vn -0.0023731585 0 -0.99999726
vn -0.0023731585 0 -0.99999726
vn 0.0023735156 -2.6670676E-07 0.99999726
vn 0.0023735156 -2.6670676E-07 0.99999726
vn 0.0023735156 -2.6670676E-07 0.99999726
vn 0.0023735156 -2.6670676E-07 0.99999726
vn 2.7936065E-07 -1 0
vn 2.7936065E-07 -1 0
vn 2.7936065E-07 -1 0
vn 2.7936065E-07 -1 0
vn -0.99999726 0 0.002373568
vn -0.99999726 0 0.002373568
vn -0.99999726 0 0.002373568
vn -0.99999726 0 0.002373568
vn 1.6540839E-06 1 0
vn 1.6540839E-06 1 0
vn 1.6540839E-06 1 0
vn 1.6540839E-06 1 0
vn 0.99999726 -3.568917E-07 -0.002372697
vn 0.99999726 -3.568917E-07 -0.002372697
vn 0.99999726 -3.568917E-07 -0.002372697
vn 0.99999726 -3.568917E-07 -0.002372697
vn -0.0023726819 0 -0.99999726
vn -0.0023726819 0 -0.99999726
vn -0.0023726819 0 -0.99999726
vn -0.0023726819 0 -0.99999726
vn 0.0023740542 -1.2456555E-07 0.99999726
vn 0.0023740542 -1.2456555E-07 0.99999726
vn 0.0023740542 -1.2456555E-07 0.99999726
vn 0.0023740542 -1.2456555E-07 0.99999726
vn -0.99999726 0 0.0023725077
vn -0.99999726 0 0.0023725077
vn -0.99999726 0 0.0023725077
vn -0.99999726 0 0.0023725077
vn 0.99999726 0 -0.0023735682
vn 0.99999726 0 -0.0023735682
vn 0.99999726 0 -0.0023735682
vn 0.99999726 0 -0.0023735682
vn -0.0023721321 0 -0.99999726
vn -0.0023721321 0 -0.99999726
vn -0.0023721321 0 -0.99999726
vn -0.0023721321 0 -0.99999726
vn 0.0023737815 0 0.99999726
vn 0.0023737815 0 0.99999726
vn 0.0023737815 0 0.99999726
vn 0.0023737815 0 0.99999726
vn -0.99999726 0 0.0023725077
vn -0.99999726 0 0.0023725077
vn -0.99999726 0 0.0023725077
vn -0.99999726 0 0.0023725077
vn 0.99999726 0 -0.0023725126
vn 0.99999726 0 -0.0023725126
vn 0.99999726 0 -0.0023725126
vn 0.99999726 0 -0.0023725126
vn -0.7646826 -0.0949604 0.63737196
vn -0.7646826 -0.0949604 0.63737196
vn -0.7646826 -0.0949604 0.63737196
vn -0.7646826 -0.0949604 0.63737196
vn 0.1782928 -0.013138884 -0.9838898
vn 0.1782928 -0.013138884 -0.9838898
vn 0.1782928 -0.013138884 -0.9838898
vn 0.1782928 -0.013138884 -0.9838898
vn 0.1784387 -0.004570387 -0.9839405
vn 0.1784387 -0.004570387 -0.9839405
vn 0.1784387 -0.004570387 -0.9839405
vn 0.1784387 -0.004570387 -0.9839405
vn -0.6796228 -0.13874863 -0.72032046
vn -0.6796228 -0.13874863 -0.72032046
vn -0.6796228 -0.13874863 -0.72032046
vn -0.6796228 -0.13874863 -0.72032046
vn -0.0803662 0.57000816 -0.81769925
vn -0.0803662 0.57000816 -0.81769925
vn -0.0803662 0.57000816 -0.81769925
vn -0.0803662 0.57000816 -0.81769925
vn 0.29118007 -0.05903637 0.95484495
vn 0.29118007 -0.05903637 0.95484495
vn 0.29118007 -0.05903637 0.95484495
vn 0.29118007 -0.05903637 0.95484495
vn 0.9817747 0.16076435 0.10135641
vn 0.9817747 0.16076435 0.10135641
vn 0.9817747 0.16076435 0.10135641
vn 0.9817747 0.16076435 0.10135641
vn -0.7614317 0.09982423 0.6405129
vn -0.7614317 0.09982423 0.6405129
vn -0.7614317 0.09982423 0.6405129
vn -0.7614317 0.09982423 0.6405129
vn -0.6825017 0.114717156 -0.72182506
vn -0.6825017 0.114717156 -0.72182506
vn -0.6825017 0.114717156 -0.72182506
vn -0.6825017 0.114717156 -0.72182506
vn 0.9851784 -0.14202875 0.09618328
vn 0.9851784 -0.14202875 0.09618328
vn 0.9851784 -0.14202875 0.09618328
vn 0.9851784 -0.14202875 0.09618328
vn 0.77733034 -0.041133728 -0.62774634
vn 0.77733034 -0.041133728 -0.62774634
vn 0.77733034 -0.041133728 -0.62774634
vn 0.77733034 -0.041133728 -0.62774634
vn -0.3018803 -0.38641152 0.87152416
vn -0.3018803 -0.38641152 0.87152416
vn -0.3018803 -0.38641152 0.87152416
vn -0.3018803 -0.38641152 0.87152416
vn -0.293451 -0.35701227 0.8868082
vn -0.293451 -0.35701227 0.8868082
vn -0.293451 -0.35701227 0.8868082
vn -0.293451 -0.35701227 0.8868082
vn 0.43600312 -0.6486463 0.6238263
vn 0.43600312 -0.6486463 0.6238263
vn 0.43600312 -0.6486463 0.6238263
vn 0.43600312 -0.6486463 0.6238263
vn 0.16725066 -0.2760671 -0.94647455
vn 0.16725066 -0.2760671 -0.94647455
vn 0.16725066 -0.2760671 -0.94647455
vn 0.16725066 -0.2760671 -0.94647455
vn -0.14727671 0.44193593 -0.88487405
vn -0.14727671 0.44193593 -0.88487405
vn -0.14727671 0.44193593 -0.88487405
vn -0.14727671 0.44193593 -0.88487405
vn -0.8460369 0.5283507 -0.07118403
vn -0.8460369 0.5283507 -0.07118403
vn -0.8460369 0.5283507 -0.07118403
vn -0.8460369 0.5283507 -0.07118403
vn 0.80043876 0.12875299 -0.58542323
vn 0.80043876 0.12875299 -0.58542323
vn 0.80043876 0.12875299 -0.58542323
vn 0.80043876 0.12875299 -0.58542323
vn 0.57577336 -0.42801994 0.69662327
vn 0.57577336 -0.42801994 0.69662327
vn 0.57577336 -0.42801994 0.69662327
vn 0.57577336 -0.42801994 0.69662327
vn -0.9700108 0.22468817 -0.092704214
vn -0.9700108 0.22468817 -0.092704214
vn -0.9700108 0.22468817 -0.092704214
vn -0.9700108 0.22468817 -0.092704214
vn 0.17668605 0.2520325 -0.9514523
vn 0.17668605 0.2520325 -0.9514523
vn 0.17668605 0.2520325 -0.9514523
vn 0.17668605 0.2520325 -0.9514523
vn -0.75783455 -0.17216754 0.6293211
vn -0.75783455 -0.17216754 0.6293211
vn -0.75783455 -0.17216754 0.6293211
vn -0.75783455 -0.17216754 0.6293211
vn -0.71211594 0.3531074 0.6068
vn -0.71211594 0.3531074 0.6068
vn -0.71211594 0.3531074 0.6068
vn -0.71211594 0.3531074 0.6068
vn 0.9948886 -0.017692307 0.09941701
vn 0.9948886 -0.017692307 0.09941701
vn 0.9948886 -0.017692307 0.09941701
vn 0.9948886 -0.017692307 0.09941701
vn 0.28188127 -0.24205397 0.92841417
vn 0.28188127 -0.24205397 0.92841417
vn 0.28188127 -0.24205397 0.92841417
vn 0.28188127 -0.24205397 0.92841417
vn -0.6865012 0.025311952 -0.726688
vn -0.6865012 0.025311952 -0.726688
vn -0.6865012 0.025311952 -0.726688
vn -0.6865012 0.025311952 -0.726688
vn 0.28990164 0.14292535 0.9463241
vn 0.28990164 0.14292535 0.9463241
vn 0.28990164 0.14292535 0.9463241
vn 0.28990164 0.14292535 0.9463241
vn -0.6757329 0.18230297 -0.7142483
vn -0.6757329 0.18230297 -0.7142483
vn -0.6757329 0.18230297 -0.7142483
vn -0.6757329 0.18230297 -0.7142483
vn -0.67391086 0.19732037 -0.7119753
vn -0.67391086 0.19732037 -0.7119753
vn 0.9617836 -0.25800526 0.09168269
vn 0.9617836 -0.25800526 0.09168269
vn 0.9617836 -0.25800526 0.09168269
vn 0.9617836 -0.25800526 0.09168269
vn 0.95759773 -0.27338147 0.09093497
vn 0.95759773 -0.27338147 0.09093497
vn 0.29207632 0.013906248 0.9562939
vn 0.29207632 0.013906248 0.9562939
vn 0.29207632 0.013906248 0.9562939
vn 0.29207632 0.013906248 0.9562939
vn 0.99495137 0.009716611 0.099887036
vn 0.99495137 0.009716611 0.099887036
vn 0.99495137 0.009716611 0.099887036
vn 0.99495137 0.009716611 0.099887036
vn -0.7667201 0.0026971314 0.6419759
vn -0.7667201 0.0026971314 0.6419759
vn -0.7667201 0.0026971314 0.6419759
vn -0.7667201 0.0026971314 0.6419759
vn -0.6866075 -0.012416111 -0.7269223
vn -0.6866075 -0.012416111 -0.7269223
vn -0.6866075 -0.012416111 -0.7269223
vn -0.6866075 -0.012416111 -0.7269223
vn -0.11364545 0.5088999 -0.85329103
vn -0.11364545 0.5088999 -0.85329103
vn -0.11364545 0.5088999 -0.85329103
vn -0.11364545 0.5088999 -0.85329103
vn -0.9209765 0.38062024 -0.083249286
vn -0.9209765 0.38062024 -0.083249286
vn -0.9209765 0.38062024 -0.083249286
vn -0.9209765 0.38062024 -0.083249286
vn 0.7923859 0.047287736 -0.6081847
vn 0.7923859 0.047287736 -0.6081847
vn 0.7923859 0.047287736 -0.6081847
vn 0.7923859 0.047287736 -0.6081847
vn 0.5083991 -0.54651845 0.6654683
vn 0.5083991 -0.54651845 0.6654683
vn 0.5083991 -0.54651845 0.6654683
vn 0.5083991 -0.54651845 0.6654683
vn 0.17774639 -0.043183908 -0.9831284
vn 0.17774639 -0.043183908 -0.9831284
vn 0.17774639 -0.043183908 -0.9831284
vn 0.17774639 -0.043183908 -0.9831284
vn 0.29059207 -0.09000729 0.95260435
vn 0.29059207 -0.09000729 0.95260435
vn 0.29059207 -0.09000729 0.95260435
vn 0.29059207 -0.09000729 0.95260435
vn -0.74700505 0.20791282 0.6314711
vn -0.74700505 0.20791282 0.6314711
vn -0.74700505 0.20791282 0.6314711
vn -0.74700505 0.20791282 0.6314711
vn 0.2914778 0.0866946 0.9526409
vn 0.2914778 0.0866946 0.9526409
vn 0.2914778 0.0866946 0.9526409
vn 0.2914778 0.0866946 0.9526409
vn -5.319573E-07 1 0
vn -5.319573E-07 1 0
vn -5.319573E-07 1 0
vn -0 1 0
vn -5.319573E-07 1 0
vn -0 1 0
vn -0 1 0
vn -0 1 0
vn -0 1 0
vn -0 1 0
vn -0 1 0
vn 5.832345E-07 1 -1.3205664E-07
vn -0 1 0
vn 5.832345E-07 1 -1.3205664E-07
vn 5.832345E-07 1 -1.3205664E-07
vn 5.832345E-07 1 -1.3205664E-07
vn -0 -1 0
vn -0 -1 0
vn -0 -1 0
vn 7.364158E-07 -1 0
vn -0 -1 0
vn 7.364158E-07 -1 0
vn -2.1749968E-07 -1 0
vn -0 -1 0
vn -2.1749968E-07 -1 0
vn -0 -1 0
vn -2.1749968E-07 -1 0
vn -0 -1 0
vn -2.1749968E-07 -1 0
vn -0 -1 0
vn -0 -1 0
vn -0 -1 0
vn 0.74161536 -0.57458955 -0.34619865
vn 0.5407531 -0.62088776 -0.56752485
vn 0.43826127 -0.83688056 -0.32796034
vn 0.6792705 -0.70597565 -0.20047425
vn 0.40131614 -0.9159391 -0.00095249404
vn 0.6567967 -0.75406605 -0.0015588339
vn 0.43981436 -0.83687955 0.32587695
vn 0.68021524 -0.7059747 0.19724834
vn 0.54343945 -0.6208873 0.56495357
vn 0.74324965 -0.57458943 0.3426759
vn 0.6844309 -0.32583445 0.6522164
vn 0.8271257 -0.3951116 -0.3996873
vn 0.6813288 -0.3258349 -0.655456
vn 0.8290131 -0.3951115 0.3957577
vn 0.82500607 -0.030780964 0.5642849
vn 0.91288936 -0.21563376 -0.34660512
vn 0.82231927 -0.030781241 -0.56819314
vn 0.91452384 -0.21563368 0.34226933
vn 0.927499 0.1852109 0.3247191
vn 0.97592497 -0.08424709 -0.20117845
vn 0.92594725 0.18521148 -0.32911754
vn 0.9768688 -0.08424767 0.19654413
vn 0.96444607 0.2642698 -0.0022892118
vn 0.99934334 -0.036157236 -0.0023718986
vn 0.5469074 0.6788452 -0.4899606
vn 0.5464412 0.67784345 -0.49186417
vn 0.39488128 0.35087788 -0.84908986
vn 0.39626706 0.3538747 -0.8471984
vn 0.6029026 0.79781353 -0.0014305566
vn 0.18956983 -0.093860835 -0.9773706
vn 0.6029026 0.79781353 -0.0014309341
vn 0.19140394 -0.089881726 -0.97738725
vn 0.5492257 0.6788453 0.48736045
vn -0.014101678 -0.53636616 -0.84386754
vn 0.5487686 0.6778438 0.48926562
vn -0.012736471 -0.53339475 -0.8457706
vn 0.40028194 0.35387582 0.84530836
vn -0.16192597 -0.85886496 -0.485933
vn 0.39890537 0.35087937 0.84720606
vn -0.16147527 -0.8578776 -0.48782337
vn 0.19603881 -0.08988072 0.9764682
vn -0.21505089 -0.9766027 0.0005102484
vn 0.19420463 -0.09385989 0.9764604
vn -0.21505089 -0.9766027 0.0005106133
vn -0.008724194 -0.5333941 0.8458219
vn -0.15961893 -0.8588644 0.48669666
vn -0.010098568 -0.5363658 0.8439252
vn -0.15915914 -0.8578768 0.48858556
vn 0.38200858 -0.9241583 -0.0009060506
vn 0.38200858 -0.9241583 -0.00090689276
vn 0.4214313 -0.84319746 0.33378705
vn 0.42143163 -0.84319687 0.3337882
vn 0.41984466 -0.8431967 -0.3357825
vn 0.52755123 -0.6220078 0.5786155
vn 0.41984475 -0.84319645 -0.33578286
vn 0.52755135 -0.62200767 0.5786156
vn 0.5248028 -0.62200767 -0.58110976
vn 0.6719357 -0.31985432 0.6679788
vn 0.52480304 -0.6220071 -0.5811101
vn 0.6719357 -0.31985438 0.6679788
vn 0.6687609 -0.31985566 -0.67115664
vn 0.8158932 -0.017700957 0.5779316
vn 0.6687609 -0.31985563 -0.67115664
vn 0.81589305 -0.017701259 0.57793176
vn 0.8131429 -0.017703837 -0.5817949
vn 0.9208523 0.2034882 0.33260137
vn 0.81314254 -0.017704384 -0.5817952
vn 0.92085207 0.20348768 0.33260232
vn 0.91926396 0.20348617 -0.33696756
vn 0.9586885 0.2844489 -0.0022753188
vn 0.91926396 0.203486 -0.33696792
vn 0.9586885 0.28444892 -0.002274596
vn -0.34267712 -0.9394529 0.00081332854
vn -0.34267712 -0.9394529 0.0008131641
vn -0.28406417 -0.8190865 0.49840233
vn -0.28406414 -0.81908643 0.49840257
vn -0.286426 -0.819087 -0.49704784
vn -0.12629443 -0.49024427 0.86238647
vn -0.28642598 -0.81908697 -0.49704802
vn -0.12629437 -0.49024418 0.86238647
vn -0.13038512 -0.49024472 -0.86177707
vn 0.0883606 -0.041033927 0.995243
vn -0.13038509 -0.4902447 -0.8617772
vn 0.08836064 -0.04103388 0.995243
vn 0.08363685 -0.0410345 -0.99565107
vn 0.30238214 0.40817606 0.86136943
vn 0.08363685 -0.041034516 -0.99565107
vn 0.3023822 0.40817618 0.8613693
vn 0.29829144 0.40817556 -0.8627948
vn 0.45842353 0.737019 0.49663952
vn 0.2982913 0.40817523 -0.862795
vn 0.4584235 0.73701894 0.4966398
vn 0.45606193 0.7370188 -0.4988094
vn 0.5146747 0.8573847 -0.0012214569
vn 0.45606193 0.7370188 -0.49880952
vn 0.5146747 0.8573847 -0.0012213497
vn 0.7729058 -0.3682029 0.5167624
vn 0.7729058 -0.3682029 0.5167623
vn 0.88440335 -0.1341795 0.44701958
vn 0.88440335 -0.13417944 0.44701958
vn 0.66107666 -0.6022265 0.44754988
vn 0.96569586 0.037136044 0.25700665
vn 0.6610767 -0.6022265 0.44754997
vn 0.9656957 0.037135694 0.25700736
vn 0.57888454 -0.7735416 0.25792617
vn 0.99500054 0.0998415 -0.0023615526
vn 0.57888454 -0.7735419 0.2579256
vn 0.99500054 0.09984149 -0.0023611502
vn 0.54835016 -0.83624786 -0.0013013114
vn 0.9644653 0.03713449 -0.26158687
vn 0.5483501 -0.83624786 -0.0013015659
vn 0.9644653 0.03713447 -0.2615869
vn 0.5776538 -0.77354205 -0.26066992
vn 0.882272 -0.134181 -0.45121112
vn 0.5776538 -0.77354205 -0.2606699
vn 0.8822723 -0.1341805 -0.45121083
vn 0.6589462 -0.6022264 -0.45068097
vn 0.77044517 -0.368203 -0.52042365
vn 0.6589464 -0.60222584 -0.4506812
vn 0.77044517 -0.368203 -0.52042365
vn -0.11236664 -0.49770057 -0.86003953
vn -0.11236659 -0.49770048 -0.86003953
vn -0.2680863 -0.82586366 -0.49606338
vn -0.26808643 -0.82586384 -0.49606305
vn 0.10121369 -0.04941852 -0.9936366
vn -0.3242214 -0.94598097 0.00076922425
vn 0.10121373 -0.049418446 -0.9936366
vn -0.32422143 -0.94598097 0.0007696609
vn 0.31542447 0.3988639 -0.86105454
vn -0.26572934 -0.82586336 0.49733046
vn 0.31542438 0.39886367 -0.8610547
vn -0.2657293 -0.8258632 0.4973307
vn 0.47286806 0.72702825 -0.49782103
vn -0.10828502 -0.49769974 0.86056334
vn 0.47286797 0.727028 -0.49782136
vn -0.10828499 -0.49769968 0.86056334
vn 0.53135955 0.84714544 -0.00126098
vn 0.10592685 -0.04941771 0.9931452
vn 0.5313595 0.84714544 -0.0012614357
vn 0.1059268 -0.04941779 0.9931452
vn 0.4752247 0.7270282 0.49557203
vn 0.31950578 0.39886436 0.85954833
vn 0.47522473 0.7270283 0.49557176
vn 0.31950584 0.39886442 0.85954833
vn -0.11199981 -0.9922299 -0.05418414
vn -0.54211944 -0.61984265 -0.56736374
vn -0.78084534 -0.61945885 -0.080940455
vn -0.6083625 -0.66690356 0.43027282
vn -0.9959693 -0.057669323 -0.06869809
vn -0.7559549 -0.12362167 0.64284515
vn -0.12599371 -0.734273 0.6670597
vn -0.08461374 -0.21737811 0.97241306
vn -0.032244362 -0.6678302 -0.7436149
vn -0.6636941 -0.05820337 -0.74573624
vn -0.68645895 0.324547 0.65072525
vn -0.032231692 0.23323132 0.97188693
vn -0.92035866 0.38874102 -0.04266534
vn 0.6251683 -0.28403237 0.72697335
vn 0.3839707 -0.7821354 0.49074513
vn 0.6594299 0.16818766 0.7327107
vn 0.45012277 -0.7351995 -0.5068246
vn 0.045949824 -0.12491058 -0.9911034
vn 0.6226105 -0.78251904 0.004495346
vn 0.95734423 -0.284567 0.050136033
vn 0.71730244 -0.21866761 -0.66156006
vn -0.59656554 0.38822138 -0.7024199
vn 0.9831256 0.1676676 0.07315387
vn 0.09497901 0.32329184 -0.94152075
vn 0.74921465 0.23197554 -0.6203747
vn -0.62598234 0.77982277 -0.0047606383
vn -0.38624305 0.7794377 -0.49324754
vn 0.111894116 0.99224466 0.054132026
vn -0.4527497 0.7323337 0.5086305
vn 0.1258136 0.73140424 -0.6702378
vn 0.031674843 0.6647284 0.7464134
vn 0.61022455 0.6637991 -0.4324312
vn 0.54378515 0.6165514 0.5693523
vn 0.7834351 0.6161664 0.0810451
vn -0.26635838 -0.9552216 -0.12886037
vn -0.6294417 -0.48185074 -0.609609
vn -0.8680648 -0.48093772 -0.123135366
vn -0.70827955 -0.59368885 0.38193405
vn -0.9922086 0.10511654 -0.06687809
vn -0.7698537 -0.051725633 0.63612086
vn -0.24395014 -0.7539208 0.60999334
vn -0.12361897 -0.274726 0.9535428
vn -0.13240914 -0.59589255 -0.79207313
vn -0.66007614 0.103845865 -0.74398625
vn -0.63077223 0.3780158 0.6776655
vn -0.0010043995 0.16075082 0.98699445
vn -0.8474751 0.53078353 -0.007404269
vn 0.56830823 -0.43332902 0.6994654
vn 0.25318918 -0.8678487 0.4274739
vn 0.67324513 0.0061077597 0.7393941
vn 0.33191794 -0.75612366 -0.56401026
vn 0.03170706 -0.054792475 -0.9979942
vn 0.4917258 -0.8687609 -0.0588237
vn 0.90034145 -0.434599 0.022559136
vn 0.6779525 -0.2777923 -0.6805967
vn -0.5238216 0.52954566 -0.66722745
vn 0.9968014 0.0048709405 0.07977087
vn 0.1503302 0.37502775 -0.9147431
vn 0.7801062 0.15776333 -0.60542977
vn -0.4954787 0.8666563 0.0583761
vn -0.25584322 0.8657399 -0.43016142
vn 0.2662576 0.9552563 0.12881105
vn -0.334973 0.7535776 0.56560934
vn 0.24334112 0.7513658 -0.6133797
vn 0.13134116 0.59271485 0.79463106
vn 0.709643 0.59050316 -0.3843341
vn 0.63055617 0.4781967 0.61133194
vn 0.8701037 0.47728074 0.12297381
vn 0.35758868 -0.917716 0.17299592
vn -0.16661024 -0.9074571 -0.38569754
vn -0.40512952 -0.9086826 0.10082679
vn -0.25816712 -0.75744206 0.5996927
vn -0.8537885 -0.52062 8.7601526E-05
vn -0.6493263 -0.31006724 0.6944305
vn 0.18787445 -0.5423103 0.8189034
vn -0.028550632 -0.010646217 0.9995357
vn 0.31745273 -0.75448406 -0.5744368
vn -0.5218013 -0.51891404 -0.67709047
vn -0.793157 0.10942387 0.5991063
vn -0.18823008 0.4012547 0.8964173
vn -0.992376 -0.095826365 -0.07750564
vn 0.64523643 0.20241065 0.73668164
vn 0.67196125 -0.38920355 0.6300704
vn 0.4683975 0.6087942 0.6402916
vn 0.7634898 -0.5393525 -0.35522136
vn 0.15188323 -0.3059496 -0.9398543
vn 0.91039354 -0.387979 0.143722
vn 0.9771243 0.20411594 0.05970535
vn 0.77267057 -0.006528778 -0.63477355
vn -0.668864 -0.09416315 -0.73739696
vn 0.7918118 0.6104569 -0.019401403
vn -0.01239661 0.11343767 -0.99346775
vn 0.5925382 0.40526855 -0.6961723
vn -0.91213834 0.38405463 -0.14319797
vn -0.67260784 0.385286 -0.6317859
vn -0.35768533 0.9176694 -0.17304368
vn -0.7646079 0.536082 0.35775816
vn -0.18654782 0.5390534 -0.82135344
vn -0.31669137 0.7521719 0.57787895
vn 0.26135713 0.75514257 -0.60120887
vn 0.16948654 0.9058249 0.38827246
vn 0.40892893 0.9070556 -0.10013612
vn -0.27774584 0.9353578 0.21900451
vn -0.27774584 0.9353578 0.21900451
vn -0.27774584 0.9353578 0.21900451
vn -0.63386506 0.76715535 -0.09842638
vn -0.63386506 0.76715535 -0.09842638
vn -0.63386506 0.76715535 -0.09842638
vn 0.06716917 0.77220494 -0.63181317
vn 0.06716917 0.77220494 -0.63181317
vn 0.06716917 0.77220494 -0.63181317
vn -0.010389572 0.92405397 0.38212088
vn -0.010389572 0.92405397 0.38212088
vn -0.010389572 0.92405397 0.38212088
vn -0.36975908 0.67432797 0.6391871
vn -0.36975908 0.67432797 0.6391871
vn -0.36975908 0.67432797 0.6391871
vn -0.72080535 0.67758936 -0.14598721
vn -0.72080535 0.67758936 -0.14598721
vn -0.72080535 0.67758936 -0.14598721
vn 0.053877715 0.95742935 -0.28359544
vn 0.053877715 0.95742935 -0.28359544
vn 0.053877715 0.95742935 -0.28359544
vn 0.44185767 0.7326267 -0.5177063
vn 0.44185767 0.7326267 -0.5177063
vn 0.44185767 0.7326267 -0.5177063
vn 0.69044816 0.6472306 0.3230695
vn 0.69044816 0.6472306 0.3230695
vn 0.69044816 0.6472306 0.3230695
vn 0.33510968 0.9395789 -0.06995108
vn 0.33510968 0.9395789 -0.06995108
vn 0.33510968 0.9395789 -0.06995108
vn 0.62485963 0.7265537 0.28578
vn 0.62485963 0.7265537 0.28578
vn 0.62485963 0.7265537 0.28578
vn -0.1595376 0.7096003 0.6863053
vn -0.1595376 0.7096003 0.6863053
vn -0.1595376 0.7096003 0.6863053
vn 0.33561248 0.75238836 0.56681216
vn 0.33561248 0.75238836 0.56681216
vn 0.33561248 0.75238836 0.56681216
vn 0.19121726 0.39774302 0.8973497
vn 0.19121726 0.39774302 0.8973497
vn 0.19121726 0.39774302 0.8973497
vn -0.58502555 0.60732156 0.5374996
vn -0.58502555 0.60732156 0.5374996
vn -0.58502555 0.60732156 0.5374996
vn -0.2598898 0.921418 -0.28887072
vn -0.2598898 0.921418 -0.28887072
vn -0.2598898 0.921418 -0.28887072
vn -0.1163978 0.68947834 -0.71489245
vn -0.1163978 0.68947834 -0.71489245
vn -0.1163978 0.68947834 -0.71489245
vn 0.64803296 0.7092218 -0.2775926
vn 0.64803296 0.7092218 -0.2775926
vn 0.64803296 0.7092218 -0.2775926
vn 0.0529078 0.9273239 -0.37050134
vn 0.0529078 0.9273239 -0.37050134
vn 0.0529078 0.9273239 -0.37050134
vn 0.0529078 0.9273239 -0.37050134
vn 0.0529078 0.9273239 -0.37050134
vn 0.041216206 0.9990578 -0.013586944
vn 0.041216206 0.9990578 -0.013586944
vn 0.041216206 0.9990578 -0.013586944
vn 0.041216206 0.9990578 -0.013586944
vn -0.10783847 0.98134065 -0.1591896
vn -0.10783847 0.98134065 -0.1591896
vn -0.10783847 0.98134065 -0.1591896
vn -0.10783847 0.98134065 -0.1591896
vn 0.49434346 0.4828947 -0.7227982
vn 0.49434346 0.4828947 -0.7227982
vn 0.49434346 0.4828947 -0.7227982
vn 0.49434346 0.4828947 -0.7227982
vn 0.07033707 0.9473423 0.31240228
vn 0.07033707 0.9473423 0.31240228
vn 0.07033707 0.9473423 0.31240228
vn 0.07033707 0.9473423 0.31240228
vn -0.28236812 0.8897826 -0.35854578
vn -0.28236812 0.8897826 -0.35854578
vn -0.28236812 0.8897826 -0.35854578
vn -0.28236812 0.8897826 -0.35854578
vn 0.038391385 0.8892307 -0.45584524
vn 0.038391385 0.8892307 -0.45584524
vn 0.038391385 0.8892307 -0.45584524
vn 0.038391385 0.8892307 -0.45584524
vn -0.3369073 0.8522724 -0.4001565
vn -0.3369073 0.8522724 -0.4001565
vn -0.3369073 0.8522724 -0.4001565
vn -0.3369073 0.8522724 -0.4001565
vn -0.36236796 0.9314771 -0.03224776
vn -0.36236796 0.9314771 -0.03224776
vn -0.36236796 0.9314771 -0.03224776
vn -0.36236796 0.9314771 -0.03224776
vn -0.36236796 0.9314771 -0.03224776
vn -0.8353605 0.4798663 0.26814374
vn -0.8353605 0.4798663 0.26814374
vn -0.8353605 0.4798663 0.26814374
vn -0.8353605 0.4798663 0.26814374
vn -0.41411185 0.6170167 -0.6691799
vn -0.41411185 0.6170167 -0.6691799
vn -0.41411185 0.6170167 -0.6691799
vn -0.41411185 0.6170167 -0.6691799
vn 0.26130012 0.9508346 0.16624045
vn 0.26130012 0.9508346 0.16624045
vn 0.26130012 0.9508346 0.16624045
vn 0.26130012 0.9508346 0.16624045
vn 0.2986531 0.9284869 -0.22072238
vn 0.2986531 0.9284869 -0.22072238
vn 0.2986531 0.9284869 -0.22072238
vn 0.2986531 0.9284869 -0.22072238
vn -0.43200913 0.7752561 -0.46081036
vn -0.43200913 0.7752561 -0.46081036
vn -0.43200913 0.7752561 -0.46081036
vn -0.43200913 0.7752561 -0.46081036
vn -0.46599716 0.879501 -0.09656476
vn -0.46599716 0.879501 -0.09656476
vn -0.46599716 0.879501 -0.09656476
vn -0.46599716 0.879501 -0.09656476
vn -0.46599716 0.879501 -0.09656476
vn 0.073399566 -0.9416355 0.32853472
vn 0.06703129 -0.9518479 0.29915282
vn -0.0041437307 -0.9660682 0.2582538
vn 0.023092525 -0.9810647 0.19229898
vn -0.11597069 -0.9748458 0.19033243
vn -0.026764194 -0.99122155 0.1294736
vn 0.13094917 -0.9477098 0.2910298
vn 0.07758924 -0.9051126 0.41803238
vn 0.17891186 -0.9042348 0.38774994
vn 0.23326814 -0.88148516 0.41057247
vn -0.55687267 0.6103106 -0.56339484
vn -0.55687267 0.6103106 -0.56339484
vn -0.55687267 0.6103106 -0.56339484
vn -0.55687267 0.6103106 -0.56339484
vn 0.24873897 -0.96642303 0.06446342
vn 0.26478618 -0.9539681 0.14082992
vn 0.29821005 -0.9408635 0.1607688
vn 0.24766548 -0.94585264 0.20982051
vn 0.33015794 -0.9266325 0.17985485
vn 0.16271837 -0.9818122 0.097813524
vn 0.083495975 -0.9954651 0.04558195
vn 0.34311217 -0.9007017 0.2664778
vn 0.3916796 -0.9002706 0.18999965
vn 0.37621588 -0.8765658 0.30015647
vn 0.09681234 0.9952486 0.010381173
vn 0.09681234 0.9952486 0.010381173
vn 0.09681234 0.9952486 0.010381173
vn 0.09681234 0.9952486 0.010381173
vn 0.023092525 -0.9810647 0.19229898
vn -0.026764194 -0.99122155 0.1294736
vn 0.083495975 -0.9954651 0.04558195
vn 0.16271837 -0.9818122 0.097813524
vn 0.13094917 -0.9477098 0.2910298
vn 0.24766548 -0.94585264 0.20982051
vn 0.17891186 -0.9042348 0.38774994
vn 0.34311217 -0.9007017 0.2664778
vn 0.37621588 -0.8765658 0.30015647
vn 0.23326814 -0.88148516 0.41057247
vn 0.77089757 0.48930702 0.40779355
vn 0.77089757 0.48930702 0.40779355
vn 0.77089757 0.48930702 0.40779355
vn 0.77089757 0.48930702 0.40779355
vn 0.63711375 0.5529248 -0.5369917
vn 0.63711375 0.5529248 -0.5369917
vn 0.63711375 0.5529248 -0.5369917
vn 0.63711375 0.5529248 -0.5369917
vn -0.29098886 -0.03304468 -0.95615554
vn -0.29098886 -0.03304468 -0.95615554
vn -0.29098886 -0.03304468 -0.95615554
vn -0.29098886 -0.03304468 -0.95615554
vn -0.6948013 0.5474843 0.466382
vn -0.6948013 0.5474843 0.466382
vn -0.6948013 0.5474843 0.466382
vn -0.6948013 0.5474843 0.466382
vn -0.96419895 0.18256274 0.19233122
vn -0.96419895 0.18256274 0.19233122
vn -0.96419895 0.18256274 0.19233122
vn -0.96419895 0.18256274 0.19233122
vn 0.48056203 0.7028539 0.52445835
vn 0.48056203 0.7028539 0.52445835
vn 0.48056203 0.7028539 0.52445835
vn 0.48056203 0.7028539 0.52445835
vn -0.49778867 0.8650288 -0.06270304
vn -0.49778867 0.8650288 -0.06270304
vn -0.49778867 0.8650288 -0.06270304
vn -0.49778867 0.8650288 -0.06270304
vn -0.49778867 0.8650288 -0.06270304
vn -0.17037708 0.98483974 0.032593813
vn -0.17037708 0.98483974 0.032593813
vn -0.17037708 0.98483974 0.032593813
vn -0.17037708 0.98483974 0.032593813
vn -0.34072945 0.9296695 0.1400642
vn -0.34072945 0.9296695 0.1400642
vn -0.34072945 0.9296695 0.1400642
vn -0.34072945 0.9296695 0.1400642
vn -0.67115456 0.43230823 -0.60221344
vn -0.67115456 0.43230823 -0.60221344
vn -0.67115456 0.43230823 -0.60221344
vn -0.67115456 0.43230823 -0.60221344
vn 0.156648 0.9849407 0.07316472
vn 0.156648 0.9849407 0.07316472
vn 0.156648 0.9849407 0.07316472
vn 0.156648 0.9849407 0.07316472
vn -0.5560029 0.79133916 0.25425014
vn -0.5560029 0.79133916 0.25425014
vn -0.5560029 0.79133916 0.25425014
vn -0.5560029 0.79133916 0.25425014
vn -0.57675594 0.8138508 -0.07070571
vn -0.57675594 0.8138508 -0.07070571
vn -0.57675594 0.8138508 -0.07070571
vn -0.57675594 0.8138508 -0.07070571
vn -0.6020426 0.7424226 0.29385954
vn -0.6020426 0.7424226 0.29385954
vn -0.6020426 0.7424226 0.29385954
vn -0.6020426 0.7424226 0.29385954
vn -0.26994333 0.87309366 0.4060024
vn -0.26994333 0.87309366 0.4060024
vn -0.26994333 0.87309366 0.4060024
vn -0.26994333 0.87309366 0.4060024
vn -0.26994333 0.87309366 0.4060024
vn -0.015247767 0.42742527 0.903922
vn -0.015247767 0.42742527 0.903922
vn -0.015247767 0.42742527 0.903922
vn -0.015247767 0.42742527 0.903922
vn -0.83746684 0.46328622 0.28985378
vn -0.83746684 0.46328622 0.28985378
vn -0.83746684 0.46328622 0.28985378
vn -0.83746684 0.46328622 0.28985378
vn 0.06000459 0.988405 -0.13948102
vn 0.06000459 0.988405 -0.13948102
vn 0.06000459 0.988405 -0.13948102
vn 0.06000459 0.988405 -0.13948102
vn -0.29890737 0.91736627 -0.26285663
vn -0.29890737 0.91736627 -0.26285663
vn -0.29890737 0.91736627 -0.26285663
vn -0.29890737 0.91736627 -0.26285663
vn -0.66909665 0.6475032 0.36475912
vn -0.66909665 0.6475032 0.36475912
vn -0.66909665 0.6475032 0.36475912
vn -0.66909665 0.6475032 0.36475912
vn -0.34699634 0.8017689 0.48658013
vn -0.34699634 0.8017689 0.48658013
vn -0.34699634 0.8017689 0.48658013
vn -0.34699634 0.8017689 0.48658013
vn -0.34699634 0.8017689 0.48658013
vn 0.47059095 -0.87859464 -0.081336886
vn 0.46041584 -0.88506407 -0.06840233
vn 0.40735686 -0.9132024 -0.011031874
vn 0.4452402 -0.88580847 -0.13078462
vn 0.56004757 -0.8221703 -0.10189507
vn 0.55850834 -0.80938065 -0.1815801
vn 0.63359696 -0.7325277 -0.24891399
vn 0.35307553 -0.93411255 -0.052644506
vn 0.31857064 -0.94460106 0.07900369
vn 0.28339773 -0.958801 -0.019658558
vn -0.7685572 0.45669502 0.4480509
vn -0.7685572 0.45669502 0.4480509
vn -0.7685572 0.45669502 0.4480509
vn -0.7685572 0.45669502 0.4480509
vn -0.13412033 0.99085194 -0.014977341
vn -0.13412033 0.99085194 -0.014977341
vn -0.13412033 0.99085194 -0.014977341
vn -0.13412033 0.99085194 -0.014977341
vn 0.37807482 -0.87860215 -0.29174933
vn 0.4005045 -0.86830807 -0.2926382
vn 0.4568357 -0.81655663 -0.3528973
vn 0.40119222 -0.88453805 -0.2379857
vn 0.50596535 -0.8034245 -0.31386027
vn 0.58105737 -0.72982776 -0.36017203
vn 0.294638 -0.93326205 -0.20545174
vn 0.35475042 -0.8886368 -0.2906486
vn 0.2809654 -0.91379523 -0.29332027
vn 0.22819115 -0.9628143 -0.1446284
vn 0.35307553 -0.93411255 -0.052644506
vn 0.28339773 -0.958801 -0.019658558
vn 0.22819115 -0.9628143 -0.1446284
vn 0.294638 -0.93326205 -0.20545174
vn 0.4452402 -0.88580847 -0.13078462
vn 0.40119222 -0.88453805 -0.2379857
vn 0.55850834 -0.80938065 -0.1815801
vn 0.50596535 -0.8034245 -0.31386027
vn 0.58105737 -0.72982776 -0.36017203
vn 0.63359696 -0.7325277 -0.24891399
vn 0.48724008 0.62912416 -0.60563993
vn 0.48724008 0.62912416 -0.60563993
vn 0.48724008 0.62912416 -0.60563993
vn 0.48724008 0.62912416 -0.60563993
vn -0.46925515 0.54675984 -0.69343585
vn -0.46925515 0.54675984 -0.69343585
vn -0.46925515 0.54675984 -0.69343585
vn -0.46925515 0.54675984 -0.69343585
vn -0.97696835 -0.20426 0.06173066
vn -0.97696835 -0.20426 0.06173066
vn -0.97696835 -0.20426 0.06173066
vn -0.97696835 -0.20426 0.06173066
vn 0.19955668 0.540337 0.81744295
vn 0.19955668 0.540337 0.81744295
vn 0.19955668 0.540337 0.81744295
vn 0.19955668 0.540337 0.81744295
vn -0.06894917 0.10339156 0.99224806
vn -0.06894917 0.10339156 0.99224806
vn -0.06894917 0.10339156 0.99224806
vn -0.06894917 0.10339156 0.99224806
vn 0.49423105 0.8208434 -0.2862725
vn 0.49423105 0.8208434 -0.2862725
vn 0.49423105 0.8208434 -0.2862725
vn 0.49423105 0.8208434 -0.2862725
vn 0.48089007 0.8464773 0.22851889
vn 0.48089007 0.8464773 0.22851889
vn 0.48089007 0.8464773 0.22851889
vn 0.48089007 0.8464773 0.22851889
vn 0.48089007 0.8464773 0.22851889
vn 0.16812089 0.98079324 0.09889288
vn 0.16812089 0.98079324 0.09889288
vn 0.16812089 0.98079324 0.09889288
vn 0.16812089 0.98079324 0.09889288
vn 0.35121927 0.9362572 0.00821761
vn 0.35121927 0.9362572 0.00821761
vn 0.35121927 0.9362572 0.00821761
vn 0.35121927 0.9362572 0.00821761
vn 0.5764243 0.34937903 0.73869437
vn 0.5764243 0.34937903 0.73869437
vn 0.5764243 0.34937903 0.73869437
vn 0.5764243 0.34937903 0.73869437
vn -0.15134555 0.9884165 0.011283362
vn -0.15134555 0.9884165 0.011283362
vn -0.15134555 0.9884165 0.011283362
vn -0.15134555 0.9884165 0.011283362
vn 0.5801854 0.8092753 -0.09197019
vn 0.5801854 0.8092753 -0.09197019
vn 0.5801854 0.8092753 -0.09197019
vn 0.5801854 0.8092753 -0.09197019
vn 0.5581401 0.79363406 0.24212523
vn 0.5581401 0.79363406 0.24212523
vn 0.5581401 0.79363406 0.24212523
vn 0.5581401 0.79363406 0.24212523
vn 0.6311499 0.764538 -0.13088726
vn 0.6311499 0.764538 -0.13088726
vn 0.6311499 0.764538 -0.13088726
vn 0.6311499 0.764538 -0.13088726
vn 0.31430227 0.908075 -0.27679226
vn 0.31430227 0.908075 -0.27679226
vn 0.31430227 0.908075 -0.27679226
vn 0.31430227 0.908075 -0.27679226
vn 0.31430227 0.908075 -0.27679226
vn 0.12518719 0.51408434 -0.84855497
vn 0.12518719 0.51408434 -0.84855497
vn 0.12518719 0.51408434 -0.84855497
vn 0.12518719 0.51408434 -0.84855497
vn 0.8660221 0.48441365 -0.123891175
vn 0.8660221 0.48441365 -0.123891175
vn 0.8660221 0.48441365 -0.123891175
vn 0.8660221 0.48441365 -0.123891175
vn -0.08247332 0.96708316 0.2407243
vn -0.08247332 0.96708316 0.2407243
vn -0.08247332 0.96708316 0.2407243
vn -0.08247332 0.96708316 0.2407243
vn 0.25747272 0.87616545 0.4074823
vn 0.25747272 0.87616545 0.4074823
vn 0.25747272 0.87616545 0.4074823
vn 0.25747272 0.87616545 0.4074823
vn 0.7070572 0.67723846 -0.20351426
vn 0.7070572 0.67723846 -0.20351426
vn 0.7070572 0.67723846 -0.20351426
vn 0.7070572 0.67723846 -0.20351426
vn 0.40082592 0.8446929 -0.35472876
vn 0.40082592 0.8446929 -0.35472876
vn 0.40082592 0.8446929 -0.35472876
vn 0.40082592 0.8446929 -0.35472876
vn 0.40082592 0.8446929 -0.35472876
vn 0.81704575 0.49571592 -0.29445177
vn 0.81704575 0.49571592 -0.29445177
vn 0.81704575 0.49571592 -0.29445177
vn 0.81704575 0.49571592 -0.29445177
vn -0.31039733 -0.93751 0.15725322
vn -0.38426766 -0.9114849 0.14674346
vn -0.41205397 -0.89478666 0.17195424
vn -0.31381723 -0.94730294 0.06431045
vn -0.2404105 -0.9706444 0.0072283223
vn -0.44052616 -0.8912859 0.10745274
vn -0.46463168 -0.8489523 0.25178856
vn -0.43834862 -0.87714344 0.19613703
vn -0.5183006 -0.83604777 0.17996861
vn -0.5567635 -0.80604184 0.20077594
vn 0.1260209 0.98173 0.14256571
vn 0.1260209 0.98173 0.14256571
vn 0.1260209 0.98173 0.14256571
vn 0.1260209 0.98173 0.14256571
vn -0.6096393 -0.7921645 0.028552841
vn -0.56635386 -0.8151882 -0.121291
vn -0.5735505 -0.8190172 -0.015834857
vn -0.47508326 -0.87943023 -0.029974673
vn -0.48859856 -0.8671568 -0.09649161
vn -0.4610313 -0.88250446 -0.09293117
vn -0.40097174 -0.9043185 -0.14638837
vn -0.35219443 -0.9306747 -0.0990137
vn -0.30092487 -0.92590165 -0.22836465
vn -0.27865097 -0.9522585 -0.124728896
vn -0.35219443 -0.9306747 -0.0990137
vn -0.27865097 -0.9522585 -0.124728896
vn -0.2404105 -0.9706444 0.0072283223
vn -0.31381723 -0.94730294 0.06431045
vn -0.47508326 -0.87943023 -0.029974673
vn -0.44052616 -0.8912859 0.10745274
vn -0.5735505 -0.8190172 -0.015834857
vn -0.5183006 -0.83604777 0.17996861
vn -0.5567635 -0.80604184 0.20077594
vn -0.6096393 -0.7921645 0.028552841
vn -0.5610406 0.5598566 0.60974926
vn -0.5610406 0.5598566 0.60974926
vn -0.5610406 0.5598566 0.60974926
vn -0.5610406 0.5598566 0.60974926
vn 0.36735144 0.45253676 0.8125659
vn 0.36735144 0.45253676 0.8125659
vn 0.36735144 0.45253676 0.8125659
vn 0.36735144 0.45253676 0.8125659
vn 0.9771524 -0.20556538 0.054001924
vn 0.9771524 -0.20556538 0.054001924
vn 0.9771524 -0.20556538 0.054001924
vn 0.9771524 -0.20556538 0.054001924
vn -0.095001444 0.61705506 -0.7811644
vn -0.095001444 0.61705506 -0.7811644
vn -0.095001444 0.61705506 -0.7811644
vn -0.095001444 0.61705506 -0.7811644
vn 0.18935092 0.20709436 -0.9598219
vn 0.18935092 0.20709436 -0.9598219
vn 0.18935092 0.20709436 -0.9598219
vn 0.18935092 0.20709436 -0.9598219
vn -0.53121376 0.7887403 0.3093552
vn -0.53121376 0.7887403 0.3093552
vn -0.53121376 0.7887403 0.3093552
vn -0.53121376 0.7887403 0.3093552
vn -0.09522011 0.88853383 0.44882154
vn -0.09522011 0.88853383 0.44882154
vn -0.09522011 0.88853383 0.44882154
vn -0.09522011 0.88853383 0.44882154
vn -0.09522011 0.88853383 0.44882154
vn -0.018470874 0.99390256 0.10870396
vn -0.018470874 0.99390256 0.10870396
vn -0.018470874 0.99390256 0.10870396
vn -0.018470874 0.99390256 0.10870396
vn 0.10181674 0.9558972 0.27548844
vn 0.10181674 0.9558972 0.27548844
vn 0.10181674 0.9558972 0.27548844
vn 0.10181674 0.9558972 0.27548844
vn -0.6030369 0.43116644 0.6711498
vn -0.6030369 0.43116644 0.6711498
vn -0.6030369 0.43116644 0.6711498
vn -0.6030369 0.43116644 0.6711498
vn 0.00959008 0.9752436 -0.22092499
vn 0.00959008 0.9752436 -0.22092499
vn 0.00959008 0.9752436 -0.22092499
vn 0.00959008 0.9752436 -0.22092499
vn 0.23580185 0.83818656 0.49177298
vn 0.23580185 0.83818656 0.49177298
vn 0.23580185 0.83818656 0.49177298
vn 0.23580185 0.83818656 0.49177298
vn -0.097054854 0.84178126 0.53102225
vn -0.097054854 0.84178126 0.53102225
vn -0.097054854 0.84178126 0.53102225
vn -0.097054854 0.84178126 0.53102225
vn 0.28114438 0.7945557 0.53818125
vn 0.28114438 0.7945557 0.53818125
vn 0.28114438 0.7945557 0.53818125
vn 0.28114438 0.7945557 0.53818125
vn 0.37357506 0.90783465 0.19046767
vn 0.37357506 0.90783465 0.19046767
vn 0.37357506 0.90783465 0.19046767
vn 0.37357506 0.90783465 0.19046767
vn 0.37357506 0.90783465 0.19046767
vn 0.88124144 0.46781552 -0.06754315
vn 0.88124144 0.46781552 -0.06754315
vn 0.88124144 0.46781552 -0.06754315
vn 0.88124144 0.46781552 -0.06754315
vn 0.303481 0.53132963 0.79094124
vn 0.303481 0.53132963 0.79094124
vn 0.303481 0.53132963 0.79094124
vn 0.303481 0.53132963 0.79094124
vn -0.20418382 0.97264737 -0.11075244
vn -0.20418382 0.97264737 -0.11075244
vn -0.20418382 0.97264737 -0.11075244
vn -0.20418382 0.97264737 -0.11075244
vn -0.31030288 0.9145671 0.25938204
vn -0.31030288 0.9145671 0.25938204
vn -0.31030288 0.9145671 0.25938204
vn -0.31030288 0.9145671 0.25938204
vn 0.36203054 0.7080882 0.6062549
vn 0.36203054 0.7080882 0.6062549
vn 0.36203054 0.7080882 0.6062549
vn 0.36203054 0.7080882 0.6062549
vn 0.46280694 0.8455463 0.26619777
vn 0.46280694 0.8455463 0.26619777
vn 0.46280694 0.8455463 0.26619777
vn 0.46280694 0.8455463 0.26619777
vn 0.46280694 0.8455463 0.26619777
vn -0.036847856 -0.9014867 -0.43123534
vn -0.03605986 -0.9147538 -0.40239936
vn 0.026334953 -0.93585944 -0.35138795
vn -0.012558066 -0.9560017 -0.29309237
vn 0.124048434 -0.9558856 -0.2662609
vn 0.025065321 -0.9742872 -0.22391114
vn -0.10028543 -0.90872306 -0.40517315
vn -0.024154762 -0.85633177 -0.5158608
vn -0.1292024 -0.85410655 -0.5037944
vn -0.17806157 -0.82698065 -0.53328896
vn 0.46256146 0.52886254 0.7115766
vn 0.46256146 0.52886254 0.7115766
vn 0.46256146 0.52886254 0.7115766
vn 0.46256146 0.52886254 0.7115766
vn -0.06899662 0.9947832 0.075137995
vn -0.06899662 0.9947832 0.075137995
vn -0.06899662 0.9947832 0.075137995
vn -0.06899662 0.9947832 0.075137995
vn -0.012558066 -0.9560017 -0.29309237
vn 0.025065321 -0.9742872 -0.22391114
vn -0.09842979 -0.98196274 -0.16143344
vn -0.16674048 -0.95998466 -0.22500473
vn -0.10028543 -0.90872306 -0.40517315
vn -0.22950609 -0.90979815 -0.34582418
vn -0.1292024 -0.85410655 -0.5037944
vn -0.31221843 -0.8553846 -0.4133241
vn -0.33820271 -0.8267279 -0.44959968
vn -0.17806157 -0.82698065 -0.53328896
vn -0.3735815 -0.86030334 -0.3468646
vn -0.33820271 -0.8267279 -0.44959968
vn -0.31221843 -0.8553846 -0.4133241
vn -0.3155123 -0.890099 -0.32890093
vn -0.28782788 -0.9074473 -0.30609542
vn -0.22950609 -0.90979815 -0.34582418
vn -0.25881553 -0.92382073 -0.2820813
vn -0.25691843 -0.94427174 -0.20577596
vn -0.16674048 -0.95998466 -0.22500473
vn -0.09842979 -0.98196274 -0.16143344
vn -0.6738425 0.5586104 -0.48362243
vn -0.6738425 0.5586104 -0.48362243
vn -0.6738425 0.5586104 -0.48362243
vn -0.6738425 0.5586104 -0.48362243
vn -0.70871216 0.52482367 0.4714734
vn -0.70871216 0.52482367 0.4714734
vn -0.70871216 0.52482367 0.4714734
vn -0.70871216 0.52482367 0.4714734
vn 0.11537425 -0.13763082 0.98374104
vn 0.11537425 -0.13763082 0.98374104
vn 0.11537425 -0.13763082 0.98374104
vn 0.11537425 -0.13763082 0.98374104
vn 0.7798862 0.5601721 -0.2792574
vn 0.7798862 0.5601721 -0.2792574
vn 0.7798862 0.5601721 -0.2792574
vn 0.7798862 0.5601721 -0.2792574
vn 0.98721516 0.15938774 -0.0013501018
vn 0.98721516 0.15938774 -0.0013501018
vn 0.98721516 0.15938774 -0.0013501018
vn 0.98721516 0.15938774 -0.0013501018
vn -0.3622417 0.76997626 -0.52527845
vn -0.3622417 0.76997626 -0.52527845
vn -0.3622417 0.76997626 -0.52527845
vn -0.3622417 0.76997626 -0.52527845
vn -0.3380069 0.7840883 0.5205352
vn -0.3380069 0.7840883 0.5205352
vn -0.3380069 0.7840883 0.5205352
vn -0.3380069 0.7840883 0.5205352
vn -0.3380069 0.7840883 0.5205352
vn -0.007010824 0.9041118 0.42723843
vn -0.007010824 0.9041118 0.42723843
vn -0.007010824 0.9041118 0.42723843
vn -0.007010824 0.9041118 0.42723843
vn -0.07786176 0.80038166 0.594413
vn -0.07786176 0.80038166 0.594413
vn -0.07786176 0.80038166 0.594413
vn -0.07786176 0.80038166 0.594413
vn -0.8518116 0.5149404 0.09619459
vn -0.8518116 0.5149404 0.09619459
vn -0.8518116 0.5149404 0.09619459
vn -0.8518116 0.5149404 0.09619459
vn 0.27612737 0.9262501 0.25654328
vn 0.27612737 0.9262501 0.25654328
vn 0.27612737 0.9262501 0.25654328
vn 0.27612737 0.9262501 0.25654328
vn -0.18865457 0.61095434 0.768859
vn -0.18865457 0.61095434 0.768859
vn -0.18865457 0.61095434 0.768859
vn -0.18865457 0.61095434 0.768859
vn -0.41043022 0.7294309 0.5472455
vn -0.41043022 0.7294309 0.5472455
vn -0.41043022 0.7294309 0.5472455
vn -0.41043022 0.7294309 0.5472455
vn -0.20466022 0.5473792 0.81147414
vn -0.20466022 0.5473792 0.81147414
vn -0.20466022 0.5473792 0.81147414
vn -0.20466022 0.5473792 0.81147414
vn 0.1422447 0.67011476 0.72850025
vn 0.1422447 0.67011476 0.72850025
vn 0.1422447 0.67011476 0.72850025
vn 0.1422447 0.67011476 0.72850025
vn 0.1422447 0.67011476 0.72850025
vn 0.6018137 0.11969016 0.78961676
vn 0.6018137 0.11969016 0.78961676
vn 0.6018137 0.11969016 0.78961676
vn 0.6018137 0.11969016 0.78961676
vn -0.42244413 0.2593085 0.8685044
vn -0.42244413 0.2593085 0.8685044
vn -0.42244413 0.2593085 0.8685044
vn -0.42244413 0.2593085 0.8685044
vn 0.06393089 0.98507476 0.15981409
vn 0.06393089 0.98507476 0.15981409
vn 0.06393089 0.98507476 0.15981409
vn 0.06393089 0.98507476 0.15981409
vn -0.3039446 0.91469723 0.26635805
vn -0.3039446 0.91469723 0.26635805
vn -0.3039446 0.91469723 0.26635805
vn -0.3039446 0.91469723 0.26635805
vn -0.22199138 0.42824185 0.87597305
vn -0.22199138 0.42824185 0.87597305
vn -0.22199138 0.42824185 0.87597305
vn -0.22199138 0.42824185 0.87597305
vn 0.12567101 0.56902283 0.8126622
vn 0.12567101 0.56902283 0.8126622
vn 0.12567101 0.56902283 0.8126622
vn 0.12567101 0.56902283 0.8126622
vn 0.12567101 0.56902283 0.8126622
vn -0.2670808 0.21108915 0.9402708
vn -0.2670808 0.21108915 0.9402708
vn -0.2670808 0.21108915 0.9402708
vn -0.2670808 0.21108915 0.9402708
vn -0.008401641 0.92833936 0.37163892
vn -0.008401641 0.92833936 0.37163892
vn -0.008401641 0.92833936 0.37163892
vn -0.008401641 0.92833936 0.37163892
vn 0.0010684782 -0.68358326 -0.72987175
vn 0.0054651084 -0.65413785 -0.75635564
vn -0.010289324 -0.60292745 -0.7977297
vn 0.0665609 -0.7009911 -0.71005714
vn -0.0034648555 -0.7127964 -0.70136243
vn 0.07941871 -0.61074746 -0.78783256
vn 0.09682209 -0.5695038 -0.8162665
vn -0.0007813579 -0.78810096 -0.6155456
vn -0.0665097 -0.7437452 -0.6651462
vn -0.01565211 -0.84269744 -0.53815997
vn 0.2565235 -0.6154162 -0.7452909
vn 0.32748964 -0.70099664 -0.63352525
vn 0.2578547 -0.6625547 -0.70322984
vn 0.18887036 -0.7380921 -0.6477253
vn 0.24703331 -0.7505989 -0.6128423
vn 0.22273538 -0.7674114 -0.6012226
vn 0.21481094 -0.8171705 -0.53487265
vn 0.14318086 -0.8302943 -0.53861916
vn 0.19933501 -0.8839059 -0.42305562
vn 0.10655002 -0.87117857 -0.479265
vn 0.14318086 -0.8302943 -0.53861916
vn 0.10655002 -0.87117857 -0.479265
vn -0.01565211 -0.84269744 -0.53815997
vn -0.0007813579 -0.78810096 -0.6155456
vn 0.18887036 -0.7380921 -0.6477253
vn 0.0665609 -0.7009911 -0.71005714
vn 0.2578547 -0.6625547 -0.70322984
vn 0.07941871 -0.61074746 -0.78783256
vn 0.09682209 -0.5695038 -0.8162665
vn 0.2565235 -0.6154162 -0.7452909
vn 0.061372865 0.8312616 -0.5524831
vn 0.061372865 0.8312616 -0.5524831
vn 0.061372865 0.8312616 -0.5524831
vn 0.061372865 0.8312616 -0.5524831
vn -0.7406304 0.6694618 -0.057336845
vn -0.7406304 0.6694618 -0.057336845
vn -0.7406304 0.6694618 -0.057336845
vn -0.7406304 0.6694618 -0.057336845
vn -0.74918455 -0.3162312 0.5819969
vn -0.74918455 -0.3162312 0.5819969
vn -0.74918455 -0.3162312 0.5819969
vn -0.74918455 -0.3162312 0.5819969
vn 0.72515404 0.27326503 0.6320426
vn 0.72515404 0.27326503 0.6320426
vn 0.72515404 0.27326503 0.6320426
vn 0.72515404 0.27326503 0.6320426
vn 0.57975054 -0.21234624 0.78663737
vn 0.57975054 -0.21234624 0.78663737
vn 0.57975054 -0.21234624 0.78663737
vn 0.57975054 -0.21234624 0.78663737
vn 0.29294005 0.9184873 -0.26564497
vn 0.29294005 0.9184873 -0.26564497
vn 0.29294005 0.9184873 -0.26564497
vn 0.29294005 0.9184873 -0.26564497
vn 0.41062135 0.8871935 -0.21042323
vn 0.41062135 0.8871935 -0.21042323
vn 0.41062135 0.8871935 -0.21042323
vn 0.41062135 0.8871935 -0.21042323
vn 0.41062135 0.8871935 -0.21042323
vn 0.081908524 0.99221367 -0.093823805
vn 0.081908524 0.99221367 -0.093823805
vn 0.081908524 0.99221367 -0.093823805
vn 0.081908524 0.99221367 -0.093823805
vn 0.15649766 0.9460678 -0.28366247
vn 0.15649766 0.9460678 -0.28366247
vn 0.15649766 0.9460678 -0.28366247
vn 0.15649766 0.9460678 -0.28366247
vn 0.88318104 0.45464644 0.115273066
vn 0.88318104 0.45464644 0.115273066
vn 0.88318104 0.45464644 0.115273066
vn 0.88318104 0.45464644 0.115273066
vn -0.2090023 0.9758222 0.06394607
vn -0.2090023 0.9758222 0.06394607
vn -0.2090023 0.9758222 0.06394607
vn -0.2090023 0.9758222 0.06394607
vn 0.2665729 0.8190579 -0.5080188
vn 0.2665729 0.8190579 -0.5080188
vn 0.2665729 0.8190579 -0.5080188
vn 0.2665729 0.8190579 -0.5080188
vn 0.48133615 0.8396795 -0.25150305
vn 0.48133615 0.8396795 -0.25150305
vn 0.48133615 0.8396795 -0.25150305
vn 0.48133615 0.8396795 -0.25150305
vn 0.28147686 0.77258104 -0.5691127
vn 0.28147686 0.77258104 -0.5691127
vn 0.28147686 0.77258104 -0.5691127
vn 0.28147686 0.77258104 -0.5691127
vn -0.062306076 0.8847658 -0.4618523
vn -0.062306076 0.8847658 -0.4618523
vn -0.062306076 0.8847658 -0.4618523
vn -0.062306076 0.8847658 -0.4618523
vn -0.062306076 0.8847658 -0.4618523
vn -0.5473329 0.42164385 -0.7229406
vn -0.5473329 0.42164385 -0.7229406
vn -0.5473329 0.42164385 -0.7229406
vn -0.5473329 0.42164385 -0.7229406
vn 0.48594242 0.5057107 -0.7128229
vn 0.48594242 0.5057107 -0.7128229
vn 0.48594242 0.5057107 -0.7128229
vn 0.48594242 0.5057107 -0.7128229
vn 0.0001422802 0.9832131 0.18246081
vn 0.0001422802 0.9832131 0.18246081
vn 0.0001422802 0.9832131 0.18246081
vn 0.0001422802 0.9832131 0.18246081
vn 0.36912313 0.9266164 0.07162543
vn 0.36912313 0.9266164 0.07162543
vn 0.36912313 0.9266164 0.07162543
vn 0.36912313 0.9266164 0.07162543
vn 0.29591644 0.68121153 -0.6696149
vn 0.29591644 0.68121153 -0.6696149
vn 0.29591644 0.68121153 -0.6696149
vn 0.29591644 0.68121153 -0.6696149
vn -0.04649712 0.81702787 -0.5747203
vn -0.04649712 0.81702787 -0.5747203
vn -0.04649712 0.81702787 -0.5747203
vn -0.04649712 0.81702787 -0.5747203
vn -0.04649712 0.81702787 -0.5747203
vn 0.33256823 0.49577966 -0.80224735
vn 0.33256823 0.49577966 -0.80224735
vn 0.33256823 0.49577966 -0.80224735
vn 0.33256823 0.49577966 -0.80224735
vn 0.081421904 0.99612373 -0.033287004
vn 0.081421904 0.99612373 -0.033287004
vn 0.081421904 0.99612373 -0.033287004
vn 0.081421904 0.99612373 -0.033287004
vn -0.33312175 -0.8104256 0.48191318
vn -0.40209815 -0.8480144 0.34523696
vn -0.3346128 -0.84041256 0.426311
vn -0.26680258 -0.8975827 0.35094395
vn -0.32344776 -0.89339185 0.3118214
vn -0.29948473 -0.90700567 0.29605657
vn -0.2904861 -0.9319321 0.21707228
vn -0.22002724 -0.95066196 0.21870044
vn -0.2722581 -0.95801926 0.08985924
vn -0.18233547 -0.9716746 0.15034033
vn -0.22002724 -0.95066196 0.21870044
vn -0.18233547 -0.9716746 0.15034033
vn -0.062373016 -0.97355855 0.21975745
vn -0.078664124 -0.9473086 0.31051287
vn -0.26680258 -0.8975827 0.35094395
vn -0.14645776 -0.8925387 0.4265264
vn -0.3346128 -0.84041256 0.426311
vn -0.15880232 -0.83309966 0.5298365
vn -0.17551954 -0.8027094 0.5699566
vn -0.33312175 -0.8104256 0.48191318
vn -0.069525406 -0.83553755 0.5450167
vn -0.17551954 -0.8027094 0.5699566
vn -0.15880232 -0.83309966 0.5298365
vn -0.14645776 -0.8925387 0.4265264
vn -0.08565977 -0.8685424 0.48815626
vn -0.081368774 -0.887577 0.45341614
vn -0.078664124 -0.9473086 0.31051287
vn -0.07681092 -0.905721 0.41685656
vn -0.013578363 -0.92710197 0.37456304
vn -0.062373016 -0.97355855 0.21975745
vn -0.047230467 0.59864026 0.7996243
vn -0.047230467 0.59864026 0.7996243
vn -0.047230467 0.59864026 0.7996243
vn -0.047230467 0.59864026 0.7996243
vn 0.7719957 0.5559658 0.30809858
vn 0.7719957 0.5559658 0.30809858
vn 0.7719957 0.5559658 0.30809858
vn 0.7719957 0.5559658 0.30809858
vn 0.76308346 -0.15458179 -0.6275412
vn 0.76308346 -0.15458179 -0.6275412
vn 0.76308346 -0.15458179 -0.6275412
vn 0.76308346 -0.15458179 -0.6275412
vn -0.67093515 0.5215708 -0.52707666
vn -0.67093515 0.5215708 -0.52707666
vn -0.67093515 0.5215708 -0.52707666
vn -0.67093515 0.5215708 -0.52707666
vn -0.5439162 0.10734648 -0.8322451
vn -0.5439162 0.10734648 -0.8322451
vn -0.5439162 0.10734648 -0.8322451
vn -0.5439162 0.10734648 -0.8322451
vn -0.2565396 0.7937999 0.5514247
vn -0.2565396 0.7937999 0.5514247
vn -0.2565396 0.7937999 0.5514247
vn -0.2565396 0.7937999 0.5514247
g IceCream_0
f 3/3/3 2/2/2 1/1/1
f 5/5/5 4/4/4 3/3/3
f 6/6/6 5/5/5 3/3/3
f 5/5/5 6/6/6 7/7/7
f 8/8/8 5/5/5 7/7/7
f 7/7/7 9/9/9 8/8/8
f 9/9/9 10/10/10 8/8/8
f 11/11/11 10/10/10 9/9/9
f 12/12/12 11/11/11 9/9/9
f 13/13/13 9/9/9 7/7/7
f 14/14/14 12/12/12 9/9/9
f 14/14/14 15/15/15 13/13/13
f 13/13/13 7/7/7 16/16/16
f 7/7/7 6/6/6 16/16/16
f 16/16/16 17/17/17 13/13/13
f 17/17/17 14/14/14 13/13/13
f 12/12/12 14/14/14 18/18/18
f 18/18/18 14/14/14 19/19/19
f 20/20/20 18/18/18 19/19/19
f 20/20/20 6/6/6 18/18/18
f 6/6/6 21/21/21 18/18/18
f 21/21/21 12/12/12 18/18/18
f 6/6/6 3/3/3 21/21/21
f 22/22/22 21/21/21 3/3/3
f 23/23/23 22/22/22 3/3/3
f 24/24/24 21/21/21 22/22/22
f 24/24/24 12/12/12 21/21/21
f 24/24/24 22/22/22 25/25/25
f 26/26/26 24/24/24 25/25/25
f 24/24/24 27/27/27 12/12/12
f 27/27/27 28/28/28 12/12/12
f 30/30/30 24/24/24 29/29/29
f 29/29/29 31/31/31 30/30/30
f 31/31/31 32/32/32 30/30/30
f 32/32/32 33/33/33 27/27/27
f 34/34/34 10/10/10 33/33/33
f 35/35/35 34/34/34 33/33/33
f 38/38/38 37/37/37 36/36/36
f 39/39/39 38/38/38 36/36/36
f 42/42/42 41/41/41 40/40/40
f 43/43/43 42/42/42 40/40/40
f 46/46/46 45/45/45 44/44/44
f 47/47/47 46/46/46 44/44/44
f 50/50/50 49/49/49 48/48/48
f 51/51/51 50/50/50 48/48/48
f 54/54/54 53/53/53 52/52/52
f 55/55/55 54/54/54 52/52/52
f 58/58/58 57/57/57 56/56/56
f 59/59/59 58/58/58 56/56/56
f 62/62/62 61/61/61 60/60/60
f 63/63/63 62/62/62 60/60/60
f 66/66/66 65/65/65 64/64/64
f 67/67/67 66/66/66 64/64/64
f 70/70/70 69/69/69 68/68/68
f 71/71/71 70/70/70 68/68/68
f 74/74/74 73/73/73 72/72/72
f 75/75/75 74/74/74 72/72/72
f 78/78/78 77/77/77 76/76/76
f 79/79/79 78/78/78 76/76/76
f 82/82/82 81/81/81 80/80/80
f 83/83/83 82/82/82 80/80/80
f 86/86/86 85/85/85 84/84/84
f 87/87/87 86/86/86 84/84/84
f 90/90/90 89/89/89 88/88/88
f 91/91/91 90/90/90 88/88/88
f 94/94/94 93/93/93 92/92/92
f 95/95/95 94/94/94 92/92/92
f 98/98/98 97/97/97 96/96/96
f 99/99/99 98/98/98 96/96/96
f 102/102/102 101/101/101 100/100/100
f 103/103/103 102/102/102 100/100/100
f 106/106/106 105/105/105 104/104/104
f 107/107/107 106/106/106 104/104/104
f 110/110/110 109/109/109 108/108/108
f 111/111/111 110/110/110 108/108/108
f 114/114/114 113/113/113 112/112/112
f 112/112/112 115/115/115 114/114/114
f 115/115/115 116/116/116 114/114/114
f 116/116/116 117/117/117 114/114/114
f 116/116/116 118/118/118 117/117/117
f 116/116/116 119/119/119 118/118/118
f 122/122/122 121/121/121 120/120/120
f 123/123/123 122/122/122 120/120/120
f 126/126/126 125/125/125 124/124/124
f 127/127/127 126/126/126 124/124/124
f 130/130/130 129/129/129 128/128/128
f 131/131/131 130/130/130 128/128/128
f 131/131/131 128/128/128 132/132/132
f 133/133/133 131/131/131 132/132/132
f 133/133/133 132/132/132 134/134/134
f 135/135/135 133/133/133 134/134/134
f 135/135/135 134/134/134 136/136/136
f 137/137/137 135/135/135 136/136/136
f 137/137/137 136/136/136 138/138/138
f 139/139/139 137/137/137 138/138/138
f 142/142/142 141/141/141 140/140/140
f 143/143/143 142/142/142 140/140/140
f 146/146/146 145/145/145 144/144/144
f 147/147/147 146/146/146 144/144/144
f 150/150/150 149/149/149 148/148/148
f 151/151/151 150/150/150 148/148/148
f 154/154/154 153/153/153 152/152/152
f 155/155/155 154/154/154 152/152/152
f 158/158/158 157/157/157 156/156/156
f 159/159/159 158/158/158 156/156/156
f 162/162/162 161/161/161 160/160/160
f 163/163/163 162/162/162 160/160/160
f 166/166/166 165/165/165 164/164/164
f 167/167/167 166/166/166 164/164/164
f 170/170/170 169/169/169 168/168/168
f 171/171/171 170/170/170 168/168/168
f 174/174/174 173/173/173 172/172/172
f 175/175/175 174/174/174 172/172/172
f 178/178/178 177/177/177 176/176/176
f 179/179/179 178/178/178 176/176/176
f 182/182/182 181/181/181 180/180/180
f 183/183/183 182/182/182 180/180/180
f 186/186/186 185/185/185 184/184/184
f 184/184/184 187/187/187 186/186/186
f 184/184/184 188/188/188 187/187/187
f 188/188/188 189/189/189 187/187/187
f 189/189/189 190/190/190 187/187/187
f 190/190/190 191/191/191 187/187/187
f 194/194/194 193/193/193 192/192/192
f 195/195/195 194/194/194 192/192/192
f 198/198/198 197/197/197 196/196/196
f 199/199/199 198/198/198 196/196/196
f 202/202/202 201/201/201 200/200/200
f 203/203/203 202/202/202 200/200/200
f 206/206/206 205/205/205 204/204/204
f 207/207/207 206/206/206 204/204/204
f 210/210/210 209/209/209 208/208/208
f 211/211/211 210/210/210 208/208/208
f 214/214/214 213/213/213 212/212/212
f 215/215/215 214/214/214 212/212/212
f 218/218/218 217/217/217 216/216/216
f 219/219/219 218/218/218 216/216/216
f 222/222/222 221/221/221 220/220/220
f 223/223/223 222/222/222 220/220/220
f 226/226/226 225/225/225 224/224/224
f 227/227/227 226/226/226 224/224/224
f 230/230/230 229/229/229 228/228/228
f 231/231/231 230/230/230 228/228/228
f 234/234/234 233/233/233 232/232/232
f 235/235/235 234/234/234 232/232/232
f 238/238/238 237/237/237 236/236/236
f 239/239/239 238/238/238 236/236/236
f 242/242/242 241/241/241 240/240/240
f 243/243/243 242/242/242 240/240/240
f 246/246/246 245/245/245 244/244/244
f 247/247/247 246/246/246 244/244/244
f 250/250/250 249/249/249 248/248/248
f 251/251/251 250/250/250 248/248/248
f 254/254/254 253/253/253 252/252/252
f 255/255/255 254/254/254 252/252/252
f 258/258/258 257/257/257 256/256/256
f 259/259/259 258/258/258 256/256/256
f 262/262/262 261/261/261 260/260/260
f 263/263/263 262/262/262 260/260/260
f 266/266/266 265/265/265 264/264/264
f 267/267/267 266/266/266 264/264/264
f 270/270/270 269/269/269 268/268/268
f 271/271/271 270/270/270 268/268/268
f 271/271/271 268/268/268 272/272/272
f 273/273/273 271/271/271 272/272/272
f 273/273/273 272/272/272 274/274/274
f 275/275/275 273/273/273 274/274/274
f 275/275/275 274/274/274 276/276/276
f 277/277/277 275/275/275 276/276/276
f 277/277/277 276/276/276 278/278/278
f 279/279/279 277/277/277 278/278/278
f 282/282/282 281/281/281 280/280/280
f 283/283/283 282/282/282 280/280/280
f 286/286/286 285/285/285 284/284/284
f 287/287/287 286/286/286 284/284/284
f 290/290/290 289/289/289 288/288/288
f 291/291/291 290/290/290 288/288/288
f 294/294/294 293/293/293 292/292/292
f 295/295/295 294/294/294 292/292/292
f 296/296/296 294/294/294 295/295/295
f 297/297/297 296/296/296 295/295/295
f 298/298/298 296/296/296 297/297/297
f 299/299/299 298/298/298 297/297/297
f 300/300/300 298/298/298 299/299/299
f 301/301/301 300/300/300 299/299/299
f 302/302/302 300/300/300 301/301/301
f 303/303/303 302/302/302 301/301/301
f 304/304/304 302/302/302 303/303/303
f 305/305/305 304/304/304 303/303/303
f 306/306/306 304/304/304 305/305/305
f 307/307/307 306/306/306 305/305/305
f 310/310/310 309/309/309 308/308/308
f 311/311/311 310/310/310 308/308/308
f 314/314/314 313/313/313 312/312/312
f 315/315/315 314/314/314 312/312/312
f 318/318/318 317/317/317 316/316/316
f 319/319/319 318/318/318 316/316/316
f 322/322/322 321/321/321 320/320/320
f 323/323/323 322/322/322 320/320/320
f 326/326/326 325/325/325 324/324/324
f 327/327/327 326/326/326 324/324/324
f 330/330/330 329/329/329 328/328/328
f 331/331/331 330/330/330 328/328/328
f 334/334/334 333/333/333 332/332/332
f 335/335/335 334/334/334 332/332/332
f 338/338/338 337/337/337 336/336/336
f 339/339/339 338/338/338 336/336/336
f 342/342/342 341/341/341 340/340/340
f 343/343/343 342/342/342 340/340/340
f 346/346/346 345/345/345 344/344/344
f 347/347/347 346/346/346 344/344/344
f 350/350/350 349/349/349 348/348/348
f 351/351/351 350/350/350 348/348/348
f 354/354/354 353/353/353 352/352/352
f 355/355/355 354/354/354 352/352/352
f 356/356/356 354/354/354 355/355/355
f 357/357/357 356/356/356 355/355/355
f 360/360/360 359/359/359 358/358/358
f 361/361/361 360/360/360 358/358/358
f 361/361/361 358/358/358 362/362/362
f 363/363/363 361/361/361 362/362/362
f 364/364/364 360/360/360 361/361/361
f 361/361/361 363/363/363 365/365/365
f 366/366/366 364/364/364 361/361/361
f 366/366/366 361/361/361 365/365/365
f 367/367/367 364/364/364 366/366/366
f 366/366/366 365/365/365 368/368/368
f 369/369/369 367/367/367 366/366/366
f 369/369/369 366/366/366 368/368/368
f 370/370/370 367/367/367 369/369/369
f 369/369/369 368/368/368 371/371/371
f 372/372/372 370/370/370 369/369/369
f 372/372/372 369/369/369 371/371/371
f 373/373/373 370/370/370 372/372/372
f 372/372/372 371/371/371 374/374/374
f 375/375/375 373/373/373 372/372/372
f 375/375/375 372/372/372 374/374/374
f 376/376/376 373/373/373 375/375/375
f 375/375/375 374/374/374 377/377/377
f 378/378/378 376/376/376 375/375/375
f 378/378/378 375/375/375 377/377/377
f 379/379/379 376/376/376 378/378/378
f 378/378/378 377/377/377 380/380/380
f 381/381/381 379/379/379 378/378/378
f 381/381/381 378/378/378 380/380/380
f 382/382/382 379/379/379 381/381/381
f 381/381/381 380/380/380 383/383/383
f 384/384/384 382/382/382 381/381/381
f 384/384/384 381/381/381 383/383/383
f 385/385/385 382/382/382 384/384/384
f 386/386/386 385/385/385 384/384/384
f 386/386/386 384/384/384 383/383/383
f 387/387/387 386/386/386 383/383/383
f 390/390/390 389/389/389 388/388/388
f 389/389/389 391/391/391 388/388/388
f 388/388/388 391/391/391 392/392/392
f 391/391/391 393/393/393 392/392/392
f 396/396/396 395/395/395 394/394/394
f 395/395/395 397/397/397 394/394/394
f 394/394/394 397/397/397 398/398/398
f 397/397/397 399/399/399 398/398/398
f 402/402/402 401/401/401 400/400/400
f 401/401/401 403/403/403 400/400/400
f 400/400/400 403/403/403 404/404/404
f 403/403/403 405/405/405 404/404/404
f 408/408/408 407/407/407 406/406/406
f 407/407/407 409/409/409 406/406/406
f 406/406/406 409/409/409 410/410/410
f 409/409/409 411/411/411 410/410/410
f 414/414/414 413/413/413 412/412/412
f 413/413/413 415/415/415 412/412/412
f 412/412/412 415/415/415 416/416/416
f 415/415/415 417/417/417 416/416/416
f 420/420/420 419/419/419 418/418/418
f 419/419/419 421/421/421 418/418/418
f 418/418/418 421/421/421 422/422/422
f 421/421/421 423/423/423 422/422/422
f 426/426/426 425/425/425 424/424/424
f 424/424/424 427/427/427 426/426/426
f 427/427/427 428/428/428 426/426/426
f 427/427/427 429/429/429 428/428/428
f 429/429/429 430/430/430 428/428/428
f 429/429/429 431/431/431 430/430/430
f 431/431/431 432/432/432 430/430/430
f 431/431/431 433/433/433 432/432/432
f 433/433/433 434/434/434 432/432/432
f 433/433/433 435/435/435 434/434/434
f 438/438/438 437/437/437 436/436/436
f 439/439/439 436/436/436 437/437/437
f 440/440/440 439/439/439 437/437/437
f 441/441/441 440/440/440 437/437/437
f 442/442/442 441/441/441 437/437/437
f 443/443/443 442/442/442 437/437/437
f 444/444/444 439/439/439 440/440/440
f 445/445/445 444/444/444 440/440/440
f 439/439/439 444/444/444 446/446/446
f 445/445/445 440/440/440 447/447/447
f 440/440/440 441/441/441 447/447/447
f 439/439/439 446/446/446 448/448/448
f 449/449/449 439/439/439 448/448/448
f 436/436/436 439/439/439 449/449/449
f 448/448/448 450/450/450 449/449/449
f 450/450/450 451/451/451 449/449/449
f 441/441/441 452/452/452 447/447/447
f 452/452/452 453/453/453 447/447/447
f 452/452/452 454/454/454 453/453/453
f 452/452/452 455/455/455 454/454/454
f 455/455/455 456/456/456 454/454/454
f 451/451/451 456/456/456 455/455/455
f 457/457/457 452/452/452 441/441/441
f 457/457/457 455/455/455 452/452/452
f 441/441/441 458/458/458 457/457/457
f 458/458/458 459/459/459 457/457/457
f 459/459/459 458/458/458 460/460/460
f 457/457/457 461/461/461 455/455/455
f 451/451/451 462/462/462 449/449/449
f 462/462/462 451/451/451 455/455/455
f 449/449/449 462/462/462 463/463/463
f 463/463/463 462/462/462 455/455/455
f 461/461/461 463/463/463 455/455/455
f 436/436/436 449/449/449 463/463/463
f 436/436/436 463/463/463 461/461/461
f 464/464/464 436/436/436 461/461/461
f 467/467/467 466/466/466 465/465/465
f 465/465/465 466/466/466 468/468/468
f 469/469/469 465/465/465 468/468/468
f 469/469/469 468/468/468 470/470/470
f 471/471/471 469/469/469 470/470/470
f 470/470/470 472/472/472 471/471/471
f 472/472/472 473/473/473 471/471/471
f 472/472/472 474/474/474 473/473/473
f 474/474/474 475/475/475 473/473/473
f 476/476/476 472/472/472 470/470/470
f 472/472/472 476/476/476 474/474/474
f 468/468/468 477/477/477 470/470/470
f 477/477/477 476/476/476 470/470/470
f 475/475/475 474/474/474 478/478/478
f 479/479/479 475/475/475 478/478/478
f 466/466/466 480/480/480 468/468/468
f 480/480/480 477/477/477 468/468/468
f 476/476/476 481/481/481 474/474/474
f 478/478/478 474/474/474 481/481/481
f 478/478/478 482/482/482 479/479/479
f 482/482/482 483/483/483 479/479/479
f 483/483/483 482/482/482 484/484/484
f 478/478/478 481/481/481 485/485/485
f 482/482/482 478/478/478 485/485/485
f 482/482/482 486/486/486 484/484/484
f 482/482/482 485/485/485 486/486/486
f 484/484/484 486/486/486 487/487/487
f 481/481/481 476/476/476 488/488/488
f 481/481/481 488/488/488 485/485/485
f 486/486/486 489/489/489 487/487/487
f 487/487/487 489/489/489 490/490/490
f 485/485/485 491/491/491 486/486/486
f 491/491/491 489/489/489 486/486/486
f 489/489/489 492/492/492 490/490/490
f 492/492/492 493/493/493 490/490/490
f 476/476/476 494/494/494 488/488/488
f 476/476/476 477/477/477 494/494/494
f 491/491/491 485/485/485 495/495/495
f 488/488/488 495/495/495 485/485/485
f 491/491/491 496/496/496 489/489/489
f 492/492/492 489/489/489 496/496/496
f 497/497/497 495/495/495 488/488/488
f 495/495/495 497/497/497 498/498/498
f 495/495/495 498/498/498 499/499/499
f 491/491/491 495/495/495 499/499/499
f 491/491/491 499/499/499 496/496/496
f 499/499/499 500/500/500 496/496/496
f 501/501/501 496/496/496 500/500/500
f 501/501/501 492/492/492 496/496/496
f 502/502/502 501/501/501 500/500/500
f 503/503/503 488/488/488 494/494/494
f 488/488/488 503/503/503 504/504/504
f 505/505/505 503/503/503 494/494/494
f 506/506/506 505/505/505 494/494/494
f 477/477/477 506/506/506 494/494/494
f 477/477/477 507/507/507 506/506/506
f 507/507/507 477/477/477 480/480/480
f 508/508/508 507/507/507 480/480/480
f 508/508/508 480/480/480 466/466/466
f 492/492/492 501/501/501 466/466/466
f 501/501/501 508/508/508 466/466/466
f 509/509/509 492/492/492 466/466/466
f 501/501/501 510/510/510 508/508/508
f 511/511/511 508/508/508 510/510/510
f 514/514/514 513/513/513 512/512/512
f 513/513/513 514/514/514 515/515/515
f 516/516/516 513/513/513 515/515/515
f 515/515/515 517/517/517 516/516/516
f 515/515/515 518/518/518 517/517/517
f 519/519/519 515/515/515 514/514/514
f 520/520/520 519/519/519 514/514/514
f 518/518/518 515/515/515 521/521/521
f 518/518/518 521/521/521 522/522/522
f 518/518/518 522/522/522 523/523/523
f 515/515/515 519/519/519 524/524/524
f 521/521/521 515/515/515 525/525/525
f 515/515/515 524/524/524 525/525/525
f 520/520/520 526/526/526 519/519/519
f 519/519/519 527/527/527 524/524/524
f 526/526/526 527/527/527 519/519/519
f 527/527/527 528/528/528 524/524/524
f 528/528/528 529/529/529 524/524/524
f 524/524/524 529/529/529 525/525/525
f 530/530/530 528/528/528 527/527/527
f 526/526/526 530/530/530 527/527/527
f 529/529/529 531/531/531 525/525/525
f 532/532/532 530/530/530 526/526/526
f 525/525/525 531/531/531 533/533/533
f 521/521/521 525/525/525 533/533/533
f 531/531/531 534/534/534 533/533/533
f 533/533/533 534/534/534 535/535/535
f 526/526/526 536/536/536 532/532/532
f 536/536/536 537/537/537 532/532/532
f 521/521/521 533/533/533 538/538/538
f 521/521/521 538/538/538 522/522/522
f 539/539/539 533/533/533 535/535/535
f 533/533/533 539/539/539 538/538/538
f 539/539/539 535/535/535 540/540/540
f 541/541/541 539/539/539 540/540/540
f 539/539/539 541/541/541 538/538/538
f 541/541/541 540/540/540 542/542/542
f 536/536/536 526/526/526 543/543/543
f 526/526/526 520/520/520 543/543/543
f 544/544/544 543/543/543 520/520/520
f 545/545/545 544/544/544 520/520/520
f 545/545/545 546/546/546 544/544/544
f 547/547/547 536/536/536 543/543/543
f 547/547/547 548/548/548 536/536/536
f 549/549/549 538/538/538 541/541/541
f 549/549/549 547/547/547 546/546/546
f 547/547/547 549/549/549 548/548/548
f 522/522/522 538/538/538 549/549/549
f 546/546/546 522/522/522 549/549/549
f 546/546/546 550/550/550 522/522/522
f 550/550/550 551/551/551 522/522/522
f 552/552/552 549/549/549 541/541/541
f 549/549/549 552/552/552 548/548/548
f 552/552/552 541/541/541 542/542/542
f 552/552/552 542/542/542 548/548/548
f 542/542/542 553/553/553 548/548/548
f 553/553/553 537/537/537 548/548/548
f 537/537/537 554/554/554 548/548/548
f 546/546/546 514/514/514 555/555/555
f 556/556/556 546/546/546 555/555/555
f 559/559/559 558/558/558 557/557/557
f 560/560/560 559/559/559 557/557/557
f 563/563/563 562/562/562 561/561/561
f 564/564/564 563/563/563 561/561/561
f 567/567/567 566/566/566 565/565/565
f 568/568/568 567/567/567 565/565/565
f 571/571/571 570/570/570 569/569/569
f 572/572/572 571/571/571 569/569/569
f 575/575/575 574/574/574 573/573/573
f 576/576/576 575/575/575 573/573/573
f 579/579/579 578/578/578 577/577/577
f 580/580/580 579/579/579 577/577/577
f 583/583/583 582/582/582 581/581/581
f 584/584/584 583/583/583 581/581/581
f 587/587/587 586/586/586 585/585/585
f 588/588/588 587/587/587 585/585/585
f 591/591/591 590/590/590 589/589/589
f 592/592/592 591/591/591 589/589/589
f 595/595/595 594/594/594 593/593/593
f 596/596/596 595/595/595 593/593/593
f 599/599/599 598/598/598 597/597/597
f 600/600/600 599/599/599 597/597/597
f 603/603/603 602/602/602 601/601/601
f 604/604/604 603/603/603 601/601/601
f 607/607/607 606/606/606 605/605/605
f 608/608/608 607/607/607 605/605/605
f 611/611/611 610/610/610 609/609/609
f 612/612/612 611/611/611 609/609/609
f 615/615/615 614/614/614 613/613/613
f 616/616/616 615/615/615 613/613/613
f 619/619/619 618/618/618 617/617/617
f 620/620/620 619/619/619 617/617/617
f 623/623/623 622/622/622 621/621/621
f 624/624/624 623/623/623 621/621/621
f 627/627/627 626/626/626 625/625/625
f 628/628/628 627/627/627 625/625/625
f 631/631/631 630/630/630 629/629/629
f 632/632/632 631/631/631 629/629/629
f 635/635/635 634/634/634 633/633/633
f 636/636/636 635/635/635 633/633/633
f 639/639/639 638/638/638 637/637/637
f 640/640/640 639/639/639 637/637/637
f 643/643/643 642/642/642 641/641/641
f 644/644/644 643/643/643 641/641/641
f 647/647/647 646/646/646 645/645/645
f 648/648/648 647/647/647 645/645/645
f 651/651/651 650/650/650 649/649/649
f 652/652/652 651/651/651 649/649/649
f 655/655/655 654/654/654 653/653/653
f 656/656/656 655/655/655 653/653/653
f 659/659/659 658/658/658 657/657/657
f 660/660/660 659/659/659 657/657/657
f 663/663/663 662/662/662 661/661/661
f 664/664/664 663/663/663 661/661/661
f 667/667/667 666/666/666 665/665/665
f 668/668/668 667/667/667 665/665/665
f 671/671/671 670/670/670 669/669/669
f 672/672/672 671/671/671 669/669/669
f 675/675/675 674/674/674 673/673/673
f 676/676/676 675/675/675 673/673/673
f 679/679/679 678/678/678 677/677/677
f 680/680/680 679/679/679 677/677/677
f 683/683/683 682/682/682 681/681/681
f 684/684/684 683/683/683 681/681/681
f 687/687/687 686/686/686 685/685/685
f 688/688/688 687/687/687 685/685/685
f 691/691/691 690/690/690 689/689/689
f 692/692/692 691/691/691 689/689/689
f 695/695/695 694/694/694 693/693/693
f 696/696/696 695/695/695 693/693/693
f 699/699/699 698/698/698 697/697/697
f 700/700/700 699/699/699 697/697/697
f 703/703/703 702/702/702 701/701/701
f 704/704/704 703/703/703 701/701/701
f 707/707/707 706/706/706 705/705/705
f 708/708/708 707/707/707 705/705/705
f 711/711/711 710/710/710 709/709/709
f 712/712/712 711/711/711 709/709/709
f 715/715/715 714/714/714 713/713/713
f 716/716/716 715/715/715 713/713/713
f 719/719/719 718/718/718 717/717/717
f 720/720/720 719/719/719 717/717/717
f 723/723/723 722/722/722 721/721/721
f 724/724/724 723/723/723 721/721/721
f 727/727/727 726/726/726 725/725/725
f 728/728/728 727/727/727 725/725/725
f 731/731/731 730/730/730 729/729/729
f 732/732/732 731/731/731 729/729/729
f 735/735/735 734/734/734 733/733/733
f 736/736/736 735/735/735 733/733/733
f 739/739/739 738/738/738 737/737/737
f 740/740/740 739/739/739 737/737/737
f 743/743/743 742/742/742 741/741/741
f 744/744/744 743/743/743 741/741/741
f 747/747/747 746/746/746 745/745/745
f 748/748/748 747/747/747 745/745/745
f 751/751/751 750/750/750 749/749/749
f 752/752/752 751/751/751 749/749/749
f 755/755/755 754/754/754 753/753/753
f 756/756/756 755/755/755 753/753/753
f 759/759/759 758/758/758 757/757/757
f 760/760/760 759/759/759 757/757/757
f 763/763/763 762/762/762 761/761/761
f 764/764/764 763/763/763 761/761/761
f 764/764/764 761/761/761 765/765/765
f 766/766/766 764/764/764 765/765/765
f 766/766/766 765/765/765 767/767/767
f 768/768/768 766/766/766 767/767/767
f 771/771/771 770/770/770 769/769/769
f 772/772/772 771/771/771 769/769/769
f 775/775/775 774/774/774 773/773/773
f 776/776/776 775/775/775 773/773/773
f 779/779/779 778/778/778 777/777/777
f 780/780/780 779/779/779 777/777/777
f 783/783/783 782/782/782 781/781/781
f 784/784/784 783/783/783 781/781/781
f 787/787/787 786/786/786 785/785/785
f 788/788/788 787/787/787 785/785/785
f 791/791/791 790/790/790 789/789/789
f 792/792/792 791/791/791 789/789/789
f 795/795/795 794/794/794 793/793/793
f 796/796/796 795/795/795 793/793/793
f 799/799/799 798/798/798 797/797/797
f 800/800/800 799/799/799 797/797/797
f 803/803/803 802/802/802 801/801/801
f 804/804/804 803/803/803 801/801/801
f 804/804/804 801/801/801 805/805/805
f 806/806/806 804/804/804 805/805/805
f 806/806/806 805/805/805 807/807/807
f 808/808/808 806/806/806 807/807/807
f 811/811/811 810/810/810 809/809/809
f 812/812/812 811/811/811 809/809/809
f 815/815/815 814/814/814 813/813/813
f 816/816/816 815/815/815 813/813/813
f 819/819/819 818/818/818 817/817/817
f 820/820/820 819/819/819 817/817/817
f 823/823/823 822/822/822 821/821/821
f 824/824/824 823/823/823 821/821/821
f 827/827/827 826/826/826 825/825/825
f 828/828/828 827/827/827 825/825/825
f 831/831/831 830/830/830 829/829/829
f 832/832/832 831/831/831 829/829/829
f 835/835/835 834/834/834 833/833/833
f 836/836/836 835/835/835 833/833/833
f 839/839/839 838/838/838 837/837/837
f 840/840/840 839/839/839 837/837/837
f 843/843/843 842/842/842 841/841/841
f 844/844/844 843/843/843 841/841/841
f 847/847/847 846/846/846 845/845/845
f 848/848/848 847/847/847 845/845/845
f 851/851/851 850/850/850 849/849/849
f 852/852/852 851/851/851 849/849/849
f 855/855/855 854/854/854 853/853/853
f 856/856/856 855/855/855 853/853/853
f 859/859/859 858/858/858 857/857/857
f 860/860/860 859/859/859 857/857/857
f 863/863/863 862/862/862 861/861/861
f 864/864/864 863/863/863 861/861/861
f 867/867/867 866/866/866 865/865/865
f 866/866/866 868/868/868 865/865/865
f 868/868/868 866/866/866 869/869/869
f 870/870/870 868/868/868 869/869/869
f 873/873/873 872/872/872 871/871/871
f 874/874/874 873/873/873 871/871/871
f 871/871/871 875/875/875 874/874/874
f 875/875/875 876/876/876 874/874/874
f 879/879/879 878/878/878 877/877/877
f 880/880/880 879/879/879 877/877/877
f 883/883/883 882/882/882 881/881/881
f 884/884/884 883/883/883 881/881/881
f 887/887/887 886/886/886 885/885/885
f 888/888/888 887/887/887 885/885/885
f 891/891/891 890/890/890 889/889/889
f 892/892/892 891/891/891 889/889/889
f 895/895/895 894/894/894 893/893/893
f 896/896/896 895/895/895 893/893/893
f 899/899/899 898/898/898 897/897/897
f 900/900/900 899/899/899 897/897/897
f 903/903/903 902/902/902 901/901/901
f 904/904/904 903/903/903 901/901/901
f 907/907/907 906/906/906 905/905/905
f 908/908/908 907/907/907 905/905/905
f 911/911/911 910/910/910 909/909/909
f 912/912/912 911/911/911 909/909/909
f 915/915/915 914/914/914 913/913/913
f 916/916/916 915/915/915 913/913/913
f 919/919/919 918/918/918 917/917/917
f 920/920/920 919/919/919 917/917/917
f 923/923/923 922/922/922 921/921/921
f 924/924/924 923/923/923 921/921/921
f 927/927/927 926/926/926 925/925/925
f 926/926/926 927/927/927 928/928/928
f 929/929/929 927/927/927 925/925/925
f 927/927/927 930/930/930 928/928/928
f 929/929/929 925/925/925 931/931/931
f 930/930/930 932/932/932 928/928/928
f 933/933/933 929/929/929 931/931/931
f 932/932/932 934/934/934 928/928/928
f 933/933/933 931/931/931 935/935/935
f 932/932/932 936/936/936 934/934/934
f 937/937/937 933/933/933 935/935/935
f 936/936/936 938/938/938 934/934/934
f 937/937/937 935/935/935 939/939/939
f 936/936/936 940/940/940 938/938/938
f 940/940/940 939/939/939 938/938/938
f 940/940/940 937/937/937 939/939/939
f 943/943/943 942/942/942 941/941/941
f 943/943/943 941/941/941 944/944/944
f 942/942/942 945/945/945 941/941/941
f 941/941/941 946/946/946 944/944/944
f 942/942/942 947/947/947 945/945/945
f 944/944/944 946/946/946 948/948/948
f 947/947/947 949/949/949 945/945/945
f 950/950/950 944/944/944 948/948/948
f 947/947/947 951/951/951 949/949/949
f 950/950/950 948/948/948 952/952/952
f 951/951/951 953/953/953 949/949/949
f 954/954/954 950/950/950 952/952/952
f 951/951/951 955/955/955 953/953/953
f 954/954/954 952/952/952 956/956/956
f 955/955/955 956/956/956 953/953/953
f 955/955/955 954/954/954 956/956/956
f 959/959/959 958/958/958 957/957/957
f 960/960/960 959/959/959 957/957/957
f 961/961/961 959/959/959 960/960/960
f 962/962/962 961/961/961 960/960/960
f 963/963/963 961/961/961 962/962/962
f 964/964/964 962/962/962 960/960/960
f 964/964/964 963/963/963 962/962/962
f 960/960/960 957/957/957 964/964/964
f 965/965/965 963/963/963 964/964/964
f 966/966/966 965/965/965 964/964/964
f 957/957/957 966/966/966 964/964/964
f 967/967/967 965/965/965 966/966/966
f 957/957/957 958/958/958 968/968/968
f 957/957/957 968/968/968 966/966/966
f 958/958/958 969/969/969 968/968/968
f 970/970/970 967/967/967 966/966/966
f 968/968/968 970/970/970 966/966/966
f 971/971/971 967/967/967 970/970/970
f 968/968/968 969/969/969 972/972/972
f 968/968/968 972/972/972 970/970/970
f 969/969/969 973/973/973 972/972/972
f 974/974/974 971/971/971 970/970/970
f 972/972/972 974/974/974 970/970/970
f 975/975/975 971/971/971 974/974/974
f 972/972/972 973/973/973 976/976/976
f 972/972/972 976/976/976 974/974/974
f 973/973/973 977/977/977 976/976/976
f 978/978/978 975/975/975 974/974/974
f 976/976/976 978/978/978 974/974/974
f 979/979/979 975/975/975 978/978/978
f 977/977/977 979/979/979 980/980/980
f 976/976/976 977/977/977 980/980/980
f 980/980/980 979/979/979 978/978/978
f 976/976/976 980/980/980 978/978/978
f 983/983/983 982/982/982 981/981/981
f 984/984/984 983/983/983 981/981/981
f 981/981/981 982/982/982 985/985/985
f 986/986/986 983/983/983 984/984/984
f 982/982/982 987/987/987 985/985/985
f 988/988/988 986/986/986 984/984/984
f 985/985/985 987/987/987 989/989/989
f 990/990/990 986/986/986 988/988/988
f 987/987/987 991/991/991 989/989/989
f 992/992/992 990/990/990 988/988/988
f 989/989/989 991/991/991 993/993/993
f 994/994/994 990/990/990 992/992/992
f 991/991/991 995/995/995 993/993/993
f 996/996/996 994/994/994 992/992/992
f 993/993/993 995/995/995 997/997/997
f 998/998/998 994/994/994 996/996/996
f 995/995/995 999/999/999 997/997/997
f 1000/1000/1000 998/998/998 996/996/996
f 997/997/997 999/999/999 1001/1001/1001
f 1002/1002/1002 998/998/998 1000/1000/1000
f 999/999/999 1003/1003/1003 1001/1001/1001
f 1004/1004/1004 1002/1002/1002 1000/1000/1000
f 1001/1001/1001 1003/1003/1003 1004/1004/1004
f 1003/1003/1003 1002/1002/1002 1004/1004/1004
f 1007/1007/1007 1006/1006/1006 1005/1005/1005
f 1008/1008/1008 1007/1007/1007 1005/1005/1005
f 1005/1005/1005 1006/1006/1006 1009/1009/1009
f 1010/1010/1010 1007/1007/1007 1008/1008/1008
f 1006/1006/1006 1011/1011/1011 1009/1009/1009
f 1012/1012/1012 1010/1010/1010 1008/1008/1008
f 1009/1009/1009 1011/1011/1011 1013/1013/1013
f 1014/1014/1014 1010/1010/1010 1012/1012/1012
f 1011/1011/1011 1015/1015/1015 1013/1013/1013
f 1016/1016/1016 1014/1014/1014 1012/1012/1012
f 1013/1013/1013 1015/1015/1015 1017/1017/1017
f 1018/1018/1018 1014/1014/1014 1016/1016/1016
f 1015/1015/1015 1019/1019/1019 1017/1017/1017
f 1020/1020/1020 1018/1018/1018 1016/1016/1016
f 1017/1017/1017 1019/1019/1019 1021/1021/1021
f 1022/1022/1022 1018/1018/1018 1020/1020/1020
f 1019/1019/1019 1023/1023/1023 1021/1021/1021
f 1024/1024/1024 1022/1022/1022 1020/1020/1020
f 1021/1021/1021 1023/1023/1023 1025/1025/1025
f 1026/1026/1026 1022/1022/1022 1024/1024/1024
f 1023/1023/1023 1027/1027/1027 1025/1025/1025
f 1028/1028/1028 1026/1026/1026 1024/1024/1024
f 1025/1025/1025 1027/1027/1027 1028/1028/1028
f 1027/1027/1027 1026/1026/1026 1028/1028/1028
f 1031/1031/1031 1030/1030/1030 1029/1029/1029
f 1032/1032/1032 1031/1031/1031 1029/1029/1029
f 1029/1029/1029 1030/1030/1030 1033/1033/1033
f 1034/1034/1034 1031/1031/1031 1032/1032/1032
f 1030/1030/1030 1035/1035/1035 1033/1033/1033
f 1036/1036/1036 1034/1034/1034 1032/1032/1032
f 1033/1033/1033 1035/1035/1035 1037/1037/1037
f 1038/1038/1038 1034/1034/1034 1036/1036/1036
f 1035/1035/1035 1039/1039/1039 1037/1037/1037
f 1040/1040/1040 1038/1038/1038 1036/1036/1036
f 1037/1037/1037 1039/1039/1039 1041/1041/1041
f 1042/1042/1042 1038/1038/1038 1040/1040/1040
f 1039/1039/1039 1043/1043/1043 1041/1041/1041
f 1044/1044/1044 1042/1042/1042 1040/1040/1040
f 1041/1041/1041 1043/1043/1043 1045/1045/1045
f 1046/1046/1046 1042/1042/1042 1044/1044/1044
f 1043/1043/1043 1047/1047/1047 1045/1045/1045
f 1048/1048/1048 1046/1046/1046 1044/1044/1044
f 1045/1045/1045 1047/1047/1047 1049/1049/1049
f 1050/1050/1050 1046/1046/1046 1048/1048/1048
f 1047/1047/1047 1051/1051/1051 1049/1049/1049
f 1052/1052/1052 1050/1050/1050 1048/1048/1048
f 1049/1049/1049 1051/1051/1051 1052/1052/1052
f 1051/1051/1051 1050/1050/1050 1052/1052/1052
f 1055/1055/1055 1054/1054/1054 1053/1053/1053
f 1056/1056/1056 1055/1055/1055 1053/1053/1053
f 1053/1053/1053 1054/1054/1054 1057/1057/1057
f 1058/1058/1058 1055/1055/1055 1056/1056/1056
f 1054/1054/1054 1059/1059/1059 1057/1057/1057
f 1060/1060/1060 1058/1058/1058 1056/1056/1056
f 1057/1057/1057 1059/1059/1059 1061/1061/1061
f 1062/1062/1062 1058/1058/1058 1060/1060/1060
f 1059/1059/1059 1063/1063/1063 1061/1061/1061
f 1064/1064/1064 1062/1062/1062 1060/1060/1060
f 1061/1061/1061 1063/1063/1063 1065/1065/1065
f 1066/1066/1066 1062/1062/1062 1064/1064/1064
f 1063/1063/1063 1067/1067/1067 1065/1065/1065
f 1068/1068/1068 1066/1066/1066 1064/1064/1064
f 1065/1065/1065 1067/1067/1067 1069/1069/1069
f 1070/1070/1070 1066/1066/1066 1068/1068/1068
f 1067/1067/1067 1071/1071/1071 1069/1069/1069
f 1072/1072/1072 1070/1070/1070 1068/1068/1068
f 1069/1069/1069 1071/1071/1071 1073/1073/1073
f 1074/1074/1074 1070/1070/1070 1072/1072/1072
f 1071/1071/1071 1075/1075/1075 1073/1073/1073
f 1076/1076/1076 1074/1074/1074 1072/1072/1072
f 1073/1073/1073 1075/1075/1075 1076/1076/1076
f 1075/1075/1075 1074/1074/1074 1076/1076/1076
f 1079/1079/1079 1078/1078/1078 1077/1077/1077
f 1080/1080/1080 1079/1079/1079 1077/1077/1077
f 1077/1077/1077 1078/1078/1078 1081/1081/1081
f 1082/1082/1082 1079/1079/1079 1080/1080/1080
f 1078/1078/1078 1083/1083/1083 1081/1081/1081
f 1084/1084/1084 1082/1082/1082 1080/1080/1080
f 1081/1081/1081 1083/1083/1083 1085/1085/1085
f 1086/1086/1086 1082/1082/1082 1084/1084/1084
f 1083/1083/1083 1087/1087/1087 1085/1085/1085
f 1088/1088/1088 1086/1086/1086 1084/1084/1084
f 1085/1085/1085 1087/1087/1087 1089/1089/1089
f 1090/1090/1090 1086/1086/1086 1088/1088/1088
f 1087/1087/1087 1091/1091/1091 1089/1089/1089
f 1092/1092/1092 1090/1090/1090 1088/1088/1088
f 1089/1089/1089 1091/1091/1091 1093/1093/1093
f 1094/1094/1094 1090/1090/1090 1092/1092/1092
f 1091/1091/1091 1095/1095/1095 1093/1093/1093
f 1096/1096/1096 1094/1094/1094 1092/1092/1092
f 1093/1093/1093 1095/1095/1095 1097/1097/1097
f 1098/1098/1098 1094/1094/1094 1096/1096/1096
f 1095/1095/1095 1099/1099/1099 1097/1097/1097
f 1100/1100/1100 1098/1098/1098 1096/1096/1096
f 1097/1097/1097 1099/1099/1099 1100/1100/1100
f 1099/1099/1099 1098/1098/1098 1100/1100/1100
f 1103/1103/1103 1102/1102/1102 1101/1101/1101
f 1104/1104/1104 1103/1103/1103 1101/1101/1101
f 1102/1102/1102 1103/1103/1103 1105/1105/1105
f 1103/1103/1103 1104/1104/1104 1106/1106/1106
f 1105/1105/1105 1103/1103/1103 1106/1106/1106
f 1107/1107/1107 1104/1104/1104 1101/1101/1101
f 1106/1106/1106 1104/1104/1104 1108/1108/1108
f 1104/1104/1104 1107/1107/1107 1108/1108/1108
f 1102/1102/1102 1109/1109/1109 1101/1101/1101
f 1110/1110/1110 1102/1102/1102 1105/1105/1105
f 1109/1109/1109 1102/1102/1102 1110/1110/1110
f 1106/1106/1106 1111/1111/1111 1105/1105/1105
f 1108/1108/1108 1112/1112/1112 1106/1106/1106
f 1112/1112/1112 1111/1111/1111 1106/1106/1106
f 1105/1105/1105 1113/1113/1113 1110/1110/1110
f 1111/1111/1111 1113/1113/1113 1105/1105/1105
f 1108/1108/1108 1107/1107/1107 1114/1114/1114
f 1115/1115/1115 1107/1107/1107 1101/1101/1101
f 1107/1107/1107 1115/1115/1115 1114/1114/1114
f 1116/1116/1116 1112/1112/1112 1108/1108/1108
f 1114/1114/1114 1116/1116/1116 1108/1108/1108
f 1109/1109/1109 1117/1117/1117 1101/1101/1101
f 1118/1118/1118 1109/1109/1109 1110/1110/1110
f 1117/1117/1117 1109/1109/1109 1118/1118/1118
f 1119/1119/1119 1115/1115/1115 1101/1101/1101
f 1117/1117/1117 1119/1119/1119 1101/1101/1101
f 1114/1114/1114 1115/1115/1115 1120/1120/1120
f 1115/1115/1115 1119/1119/1119 1120/1120/1120
f 1119/1119/1119 1117/1117/1117 1121/1121/1121
f 1121/1121/1121 1117/1117/1117 1118/1118/1118
f 1120/1120/1120 1119/1119/1119 1121/1121/1121
f 1110/1110/1110 1122/1122/1122 1118/1118/1118
f 1113/1113/1113 1122/1122/1122 1110/1110/1110
f 1120/1120/1120 1123/1123/1123 1114/1114/1114
f 1123/1123/1123 1116/1116/1116 1114/1114/1114
f 1118/1118/1118 1124/1124/1124 1121/1121/1121
f 1122/1122/1122 1124/1124/1124 1118/1118/1118
f 1121/1121/1121 1125/1125/1125 1120/1120/1120
f 1125/1125/1125 1123/1123/1123 1120/1120/1120
f 1124/1124/1124 1125/1125/1125 1121/1121/1121
f 1113/1113/1113 1126/1126/1126 1122/1122/1122
f 1122/1122/1122 1127/1127/1127 1124/1124/1124
f 1126/1126/1126 1127/1127/1127 1122/1122/1122
f 1126/1126/1126 1128/1128/1128 1127/1127/1127
f 1129/1129/1129 1126/1126/1126 1113/1113/1113
f 1129/1129/1129 1128/1128/1128 1126/1126/1126
f 1111/1111/1111 1129/1129/1129 1113/1113/1113
f 1127/1127/1127 1130/1130/1130 1124/1124/1124
f 1124/1124/1124 1130/1130/1130 1125/1125/1125
f 1127/1127/1127 1128/1128/1128 1130/1130/1130
f 1131/1131/1131 1129/1129/1129 1111/1111/1111
f 1131/1131/1131 1128/1128/1128 1129/1129/1129
f 1112/1112/1112 1131/1131/1131 1111/1111/1111
f 1130/1130/1130 1132/1132/1132 1125/1125/1125
f 1125/1125/1125 1132/1132/1132 1123/1123/1123
f 1130/1130/1130 1128/1128/1128 1132/1132/1132
f 1133/1133/1133 1131/1131/1131 1112/1112/1112
f 1133/1133/1133 1128/1128/1128 1131/1131/1131
f 1116/1116/1116 1133/1133/1133 1112/1112/1112
f 1123/1123/1123 1134/1134/1134 1116/1116/1116
f 1132/1132/1132 1134/1134/1134 1123/1123/1123
f 1132/1132/1132 1128/1128/1128 1134/1134/1134
f 1134/1134/1134 1133/1133/1133 1116/1116/1116
f 1134/1134/1134 1128/1128/1128 1133/1133/1133
f 1137/1137/1137 1136/1136/1136 1135/1135/1135
f 1138/1138/1138 1137/1137/1137 1135/1135/1135
f 1136/1136/1136 1137/1137/1137 1139/1139/1139
f 1137/1137/1137 1138/1138/1138 1140/1140/1140
f 1139/1139/1139 1137/1137/1137 1140/1140/1140
f 1141/1141/1141 1138/1138/1138 1135/1135/1135
f 1140/1140/1140 1138/1138/1138 1142/1142/1142
f 1138/1138/1138 1141/1141/1141 1142/1142/1142
f 1136/1136/1136 1143/1143/1143 1135/1135/1135
f 1144/1144/1144 1136/1136/1136 1139/1139/1139
f 1143/1143/1143 1136/1136/1136 1144/1144/1144
f 1140/1140/1140 1145/1145/1145 1139/1139/1139
f 1142/1142/1142 1146/1146/1146 1140/1140/1140
f 1146/1146/1146 1145/1145/1145 1140/1140/1140
f 1139/1139/1139 1147/1147/1147 1144/1144/1144
f 1145/1145/1145 1147/1147/1147 1139/1139/1139
f 1142/1142/1142 1141/1141/1141 1148/1148/1148
f 1149/1149/1149 1141/1141/1141 1135/1135/1135
f 1141/1141/1141 1149/1149/1149 1148/1148/1148
f 1150/1150/1150 1146/1146/1146 1142/1142/1142
f 1148/1148/1148 1150/1150/1150 1142/1142/1142
f 1143/1143/1143 1151/1151/1151 1135/1135/1135
f 1152/1152/1152 1143/1143/1143 1144/1144/1144
f 1151/1151/1151 1143/1143/1143 1152/1152/1152
f 1153/1153/1153 1149/1149/1149 1135/1135/1135
f 1151/1151/1151 1153/1153/1153 1135/1135/1135
f 1148/1148/1148 1149/1149/1149 1154/1154/1154
f 1149/1149/1149 1153/1153/1153 1154/1154/1154
f 1153/1153/1153 1151/1151/1151 1155/1155/1155
f 1155/1155/1155 1151/1151/1151 1152/1152/1152
f 1154/1154/1154 1153/1153/1153 1155/1155/1155
f 1144/1144/1144 1156/1156/1156 1152/1152/1152
f 1147/1147/1147 1156/1156/1156 1144/1144/1144
f 1154/1154/1154 1157/1157/1157 1148/1148/1148
f 1157/1157/1157 1150/1150/1150 1148/1148/1148
f 1152/1152/1152 1158/1158/1158 1155/1155/1155
f 1156/1156/1156 1158/1158/1158 1152/1152/1152
f 1155/1155/1155 1159/1159/1159 1154/1154/1154
f 1159/1159/1159 1157/1157/1157 1154/1154/1154
f 1158/1158/1158 1159/1159/1159 1155/1155/1155
f 1147/1147/1147 1160/1160/1160 1156/1156/1156
f 1156/1156/1156 1161/1161/1161 1158/1158/1158
f 1160/1160/1160 1161/1161/1161 1156/1156/1156
f 1160/1160/1160 1162/1162/1162 1161/1161/1161
f 1163/1163/1163 1160/1160/1160 1147/1147/1147
f 1163/1163/1163 1162/1162/1162 1160/1160/1160
f 1145/1145/1145 1163/1163/1163 1147/1147/1147
f 1161/1161/1161 1164/1164/1164 1158/1158/1158
f 1158/1158/1158 1164/1164/1164 1159/1159/1159
f 1161/1161/1161 1162/1162/1162 1164/1164/1164
f 1165/1165/1165 1163/1163/1163 1145/1145/1145
f 1165/1165/1165 1162/1162/1162 1163/1163/1163
f 1146/1146/1146 1165/1165/1165 1145/1145/1145
f 1164/1164/1164 1166/1166/1166 1159/1159/1159
f 1159/1159/1159 1166/1166/1166 1157/1157/1157
f 1164/1164/1164 1162/1162/1162 1166/1166/1166
f 1167/1167/1167 1165/1165/1165 1146/1146/1146
f 1167/1167/1167 1162/1162/1162 1165/1165/1165
f 1150/1150/1150 1167/1167/1167 1146/1146/1146
f 1157/1157/1157 1168/1168/1168 1150/1150/1150
f 1166/1166/1166 1168/1168/1168 1157/1157/1157
f 1166/1166/1166 1162/1162/1162 1168/1168/1168
f 1168/1168/1168 1167/1167/1167 1150/1150/1150
f 1168/1168/1168 1162/1162/1162 1167/1167/1167
f 1171/1171/1171 1170/1170/1170 1169/1169/1169
f 1172/1172/1172 1171/1171/1171 1169/1169/1169
f 1170/1170/1170 1171/1171/1171 1173/1173/1173
f 1171/1171/1171 1172/1172/1172 1174/1174/1174
f 1173/1173/1173 1171/1171/1171 1174/1174/1174
f 1175/1175/1175 1172/1172/1172 1169/1169/1169
f 1174/1174/1174 1172/1172/1172 1176/1176/1176
f 1172/1172/1172 1175/1175/1175 1176/1176/1176
f 1170/1170/1170 1177/1177/1177 1169/1169/1169
f 1178/1178/1178 1170/1170/1170 1173/1173/1173
f 1177/1177/1177 1170/1170/1170 1178/1178/1178
f 1174/1174/1174 1179/1179/1179 1173/1173/1173
f 1176/1176/1176 1180/1180/1180 1174/1174/1174
f 1180/1180/1180 1179/1179/1179 1174/1174/1174
f 1173/1173/1173 1181/1181/1181 1178/1178/1178
f 1179/1179/1179 1181/1181/1181 1173/1173/1173
f 1176/1176/1176 1175/1175/1175 1182/1182/1182
f 1183/1183/1183 1175/1175/1175 1169/1169/1169
f 1175/1175/1175 1183/1183/1183 1182/1182/1182
f 1184/1184/1184 1180/1180/1180 1176/1176/1176
f 1182/1182/1182 1184/1184/1184 1176/1176/1176
f 1177/1177/1177 1185/1185/1185 1169/1169/1169
f 1186/1186/1186 1177/1177/1177 1178/1178/1178
f 1185/1185/1185 1177/1177/1177 1186/1186/1186
f 1187/1187/1187 1183/1183/1183 1169/1169/1169
f 1185/1185/1185 1187/1187/1187 1169/1169/1169
f 1182/1182/1182 1183/1183/1183 1188/1188/1188
f 1183/1183/1183 1187/1187/1187 1188/1188/1188
f 1187/1187/1187 1185/1185/1185 1189/1189/1189
f 1189/1189/1189 1185/1185/1185 1186/1186/1186
f 1188/1188/1188 1187/1187/1187 1189/1189/1189
f 1178/1178/1178 1190/1190/1190 1186/1186/1186
f 1181/1181/1181 1190/1190/1190 1178/1178/1178
f 1188/1188/1188 1191/1191/1191 1182/1182/1182
f 1191/1191/1191 1184/1184/1184 1182/1182/1182
f 1186/1186/1186 1192/1192/1192 1189/1189/1189
f 1190/1190/1190 1192/1192/1192 1186/1186/1186
f 1189/1189/1189 1193/1193/1193 1188/1188/1188
f 1193/1193/1193 1191/1191/1191 1188/1188/1188
f 1192/1192/1192 1193/1193/1193 1189/1189/1189
f 1181/1181/1181 1194/1194/1194 1190/1190/1190
f 1190/1190/1190 1195/1195/1195 1192/1192/1192
f 1194/1194/1194 1195/1195/1195 1190/1190/1190
f 1194/1194/1194 1196/1196/1196 1195/1195/1195
f 1197/1197/1197 1194/1194/1194 1181/1181/1181
f 1197/1197/1197 1196/1196/1196 1194/1194/1194
f 1179/1179/1179 1197/1197/1197 1181/1181/1181
f 1195/1195/1195 1198/1198/1198 1192/1192/1192
f 1192/1192/1192 1198/1198/1198 1193/1193/1193
f 1195/1195/1195 1196/1196/1196 1198/1198/1198
f 1199/1199/1199 1197/1197/1197 1179/1179/1179
f 1199/1199/1199 1196/1196/1196 1197/1197/1197
f 1180/1180/1180 1199/1199/1199 1179/1179/1179
f 1198/1198/1198 1200/1200/1200 1193/1193/1193
f 1193/1193/1193 1200/1200/1200 1191/1191/1191
f 1198/1198/1198 1196/1196/1196 1200/1200/1200
f 1201/1201/1201 1199/1199/1199 1180/1180/1180
f 1201/1201/1201 1196/1196/1196 1199/1199/1199
f 1184/1184/1184 1201/1201/1201 1180/1180/1180
f 1191/1191/1191 1202/1202/1202 1184/1184/1184
f 1200/1200/1200 1202/1202/1202 1191/1191/1191
f 1200/1200/1200 1196/1196/1196 1202/1202/1202
f 1202/1202/1202 1201/1201/1201 1184/1184/1184
f 1202/1202/1202 1196/1196/1196 1201/1201/1201
g IceCream_1
f 1205/1205/1205 1204/1204/1204 1203/1203/1203
f 1208/1208/1208 1207/1207/1207 1206/1206/1206
f 1211/1211/1211 1210/1210/1210 1209/1209/1209
f 1214/1214/1214 1213/1213/1213 1212/1212/1212
f 1217/1217/1217 1216/1216/1216 1215/1215/1215
f 1220/1220/1220 1219/1219/1219 1218/1218/1218
f 1223/1223/1223 1222/1222/1222 1221/1221/1221
f 1226/1226/1226 1225/1225/1225 1224/1224/1224
f 1229/1229/1229 1228/1228/1228 1227/1227/1227
f 1232/1232/1232 1231/1231/1231 1230/1230/1230
f 1235/1235/1235 1234/1234/1234 1233/1233/1233
f 1238/1238/1238 1237/1237/1237 1236/1236/1236
f 1241/1241/1241 1240/1240/1240 1239/1239/1239
f 1244/1244/1244 1243/1243/1243 1242/1242/1242
f 1247/1247/1247 1246/1246/1246 1245/1245/1245
f 1250/1250/1250 1249/1249/1249 1248/1248/1248
f 1253/1253/1253 1252/1252/1252 1251/1251/1251
f 1256/1256/1256 1255/1255/1255 1254/1254/1254
f 1259/1259/1259 1258/1258/1258 1257/1257/1257
f 1257/1257/1257 1260/1260/1260 1259/1259/1259
f 1257/1257/1257 1261/1261/1261 1260/1260/1260
f 1264/1264/1264 1263/1263/1263 1262/1262/1262
f 1265/1265/1265 1264/1264/1264 1262/1262/1262
f 1268/1268/1268 1267/1267/1267 1266/1266/1266
f 1269/1269/1269 1268/1268/1268 1266/1266/1266
f 1272/1272/1272 1271/1271/1271 1270/1270/1270
f 1273/1273/1273 1272/1272/1272 1270/1270/1270
f 1276/1276/1276 1275/1275/1275 1274/1274/1274
f 1277/1277/1277 1276/1276/1276 1274/1274/1274
f 1280/1280/1280 1279/1279/1279 1278/1278/1278
f 1281/1281/1281 1280/1280/1280 1278/1278/1278
f 1284/1284/1284 1283/1283/1283 1282/1282/1282
f 1285/1285/1285 1284/1284/1284 1282/1282/1282
f 1288/1288/1288 1287/1287/1287 1286/1286/1286
f 1289/1289/1289 1288/1288/1288 1286/1286/1286
f 1292/1292/1292 1291/1291/1291 1290/1290/1290
f 1290/1290/1290 1293/1293/1293 1292/1292/1292
f 1293/1293/1293 1294/1294/1294 1292/1292/1292
f 1297/1297/1297 1296/1296/1296 1295/1295/1295
f 1298/1298/1298 1297/1297/1297 1295/1295/1295
f 1301/1301/1301 1300/1300/1300 1299/1299/1299
f 1302/1302/1302 1301/1301/1301 1299/1299/1299
f 1305/1305/1305 1304/1304/1304 1303/1303/1303
f 1306/1306/1306 1305/1305/1305 1303/1303/1303
f 1309/1309/1309 1308/1308/1308 1307/1307/1307
f 1310/1310/1310 1309/1309/1309 1307/1307/1307
f 1313/1313/1313 1312/1312/1312 1311/1311/1311
f 1314/1314/1314 1313/1313/1313 1311/1311/1311
f 1317/1317/1317 1316/1316/1316 1315/1315/1315
f 1315/1315/1315 1318/1318/1318 1317/1317/1317
f 1318/1318/1318 1319/1319/1319 1317/1317/1317
f 1322/1322/1322 1321/1321/1321 1320/1320/1320
f 1323/1323/1323 1322/1322/1322 1320/1320/1320
f 1322/1322/1322 1323/1323/1323 1324/1324/1324
f 1323/1323/1323 1325/1325/1325 1324/1324/1324
f 1320/1320/1320 1326/1326/1326 1323/1323/1323
f 1326/1326/1326 1320/1320/1320 1327/1327/1327
f 1328/1328/1328 1326/1326/1326 1327/1327/1327
f 1328/1328/1328 1327/1327/1327 1329/1329/1329
f 1332/1332/1332 1331/1331/1331 1330/1330/1330
f 1333/1333/1333 1332/1332/1332 1330/1330/1330
f 1336/1336/1336 1335/1335/1335 1334/1334/1334
f 1334/1334/1334 1337/1337/1337 1336/1336/1336
f 1338/1338/1338 1336/1336/1336 1337/1337/1337
f 1334/1334/1334 1339/1339/1339 1337/1337/1337
f 1334/1334/1334 1340/1340/1340 1339/1339/1339
f 1338/1338/1338 1337/1337/1337 1341/1341/1341
f 1341/1341/1341 1342/1342/1342 1338/1338/1338
f 1341/1341/1341 1343/1343/1343 1342/1342/1342
f 1346/1346/1346 1345/1345/1345 1344/1344/1344
f 1347/1347/1347 1346/1346/1346 1344/1344/1344
f 1350/1350/1350 1349/1349/1349 1348/1348/1348
f 1351/1351/1351 1350/1350/1350 1348/1348/1348
f 1351/1351/1351 1348/1348/1348 1352/1352/1352
f 1353/1353/1353 1351/1351/1351 1352/1352/1352
f 1353/1353/1353 1352/1352/1352 1354/1354/1354
f 1355/1355/1355 1353/1353/1353 1354/1354/1354
f 1355/1355/1355 1354/1354/1354 1356/1356/1356
f 1354/1354/1354 1357/1357/1357 1356/1356/1356
f 1360/1360/1360 1359/1359/1359 1358/1358/1358
f 1361/1361/1361 1360/1360/1360 1358/1358/1358
f 1364/1364/1364 1363/1363/1363 1362/1362/1362
f 1365/1365/1365 1364/1364/1364 1362/1362/1362
f 1368/1368/1368 1367/1367/1367 1366/1366/1366
f 1369/1369/1369 1368/1368/1368 1366/1366/1366
f 1372/1372/1372 1371/1371/1371 1370/1370/1370
f 1373/1373/1373 1372/1372/1372 1370/1370/1370
f 1376/1376/1376 1375/1375/1375 1374/1374/1374
f 1377/1377/1377 1376/1376/1376 1374/1374/1374
f 1380/1380/1380 1379/1379/1379 1378/1378/1378
f 1381/1381/1381 1380/1380/1380 1378/1378/1378
f 1384/1384/1384 1383/1383/1383 1382/1382/1382
f 1382/1382/1382 1385/1385/1385 1384/1384/1384
f 1385/1385/1385 1386/1386/1386 1384/1384/1384
f 1389/1389/1389 1388/1388/1388 1387/1387/1387
f 1390/1390/1390 1389/1389/1389 1387/1387/1387
f 1393/1393/1393 1392/1392/1392 1391/1391/1391
f 1394/1394/1394 1393/1393/1393 1391/1391/1391
f 1397/1397/1397 1396/1396/1396 1395/1395/1395
f 1398/1398/1398 1397/1397/1397 1395/1395/1395
f 1401/1401/1401 1400/1400/1400 1399/1399/1399
f 1402/1402/1402 1401/1401/1401 1399/1399/1399
f 1405/1405/1405 1404/1404/1404 1403/1403/1403
f 1406/1406/1406 1405/1405/1405 1403/1403/1403
f 1409/1409/1409 1408/1408/1408 1407/1407/1407
f 1410/1410/1410 1409/1409/1409 1407/1407/1407
f 1413/1413/1413 1412/1412/1412 1411/1411/1411
f 1414/1414/1414 1413/1413/1413 1411/1411/1411
f 1417/1417/1417 1416/1416/1416 1415/1415/1415
f 1415/1415/1415 1418/1418/1418 1417/1417/1417
f 1418/1418/1418 1419/1419/1419 1417/1417/1417
f 1422/1422/1422 1421/1421/1421 1420/1420/1420
f 1423/1423/1423 1422/1422/1422 1420/1420/1420
f 1426/1426/1426 1425/1425/1425 1424/1424/1424
f 1427/1427/1427 1426/1426/1426 1424/1424/1424
f 1430/1430/1430 1429/1429/1429 1428/1428/1428
f 1431/1431/1431 1430/1430/1430 1428/1428/1428
f 1434/1434/1434 1433/1433/1433 1432/1432/1432
f 1435/1435/1435 1434/1434/1434 1432/1432/1432
f 1438/1438/1438 1437/1437/1437 1436/1436/1436
f 1439/1439/1439 1438/1438/1438 1436/1436/1436
f 1442/1442/1442 1441/1441/1441 1440/1440/1440
f 1440/1440/1440 1443/1443/1443 1442/1442/1442
f 1440/1440/1440 1444/1444/1444 1443/1443/1443
f 1447/1447/1447 1446/1446/1446 1445/1445/1445
f 1447/1447/1447 1445/1445/1445 1448/1448/1448
f 1448/1448/1448 1445/1445/1445 1449/1449/1449
f 1450/1450/1450 1448/1448/1448 1449/1449/1449
f 1450/1450/1450 1449/1449/1449 1451/1451/1451
f 1448/1448/1448 1452/1452/1452 1447/1447/1447
f 1447/1447/1447 1452/1452/1452 1453/1453/1453
f 1452/1452/1452 1454/1454/1454 1453/1453/1453
f 1457/1457/1457 1456/1456/1456 1455/1455/1455
f 1458/1458/1458 1457/1457/1457 1455/1455/1455
f 1461/1461/1461 1460/1460/1460 1459/1459/1459
f 1462/1462/1462 1461/1461/1461 1459/1459/1459
f 1465/1465/1465 1464/1464/1464 1463/1463/1463
f 1463/1463/1463 1466/1466/1466 1465/1465/1465
f 1466/1466/1466 1467/1467/1467 1465/1465/1465
f 1467/1467/1467 1468/1468/1468 1465/1465/1465
f 1469/1469/1469 1466/1466/1466 1463/1463/1463
f 1469/1469/1469 1463/1463/1463 1470/1470/1470
f 1470/1470/1470 1471/1471/1471 1469/1469/1469
f 1471/1471/1471 1472/1472/1472 1469/1469/1469
f 1475/1475/1475 1474/1474/1474 1473/1473/1473
f 1476/1476/1476 1475/1475/1475 1473/1473/1473
f 1476/1476/1476 1473/1473/1473 1477/1477/1477
f 1478/1478/1478 1476/1476/1476 1477/1477/1477
f 1478/1478/1478 1477/1477/1477 1479/1479/1479
f 1480/1480/1480 1478/1478/1478 1479/1479/1479
f 1480/1480/1480 1479/1479/1479 1481/1481/1481
f 1479/1479/1479 1482/1482/1482 1481/1481/1481
f 1485/1485/1485 1484/1484/1484 1483/1483/1483
f 1486/1486/1486 1485/1485/1485 1483/1483/1483
f 1489/1489/1489 1488/1488/1488 1487/1487/1487
f 1490/1490/1490 1489/1489/1489 1487/1487/1487
f 1493/1493/1493 1492/1492/1492 1491/1491/1491
f 1494/1494/1494 1493/1493/1493 1491/1491/1491
f 1497/1497/1497 1496/1496/1496 1495/1495/1495
f 1498/1498/1498 1497/1497/1497 1495/1495/1495
f 1501/1501/1501 1500/1500/1500 1499/1499/1499
f 1502/1502/1502 1501/1501/1501 1499/1499/1499
f 1505/1505/1505 1504/1504/1504 1503/1503/1503
f 1506/1506/1506 1505/1505/1505 1503/1503/1503
f 1509/1509/1509 1508/1508/1508 1507/1507/1507
f 1507/1507/1507 1510/1510/1510 1509/1509/1509
f 1510/1510/1510 1511/1511/1511 1509/1509/1509
f 1514/1514/1514 1513/1513/1513 1512/1512/1512
f 1515/1515/1515 1514/1514/1514 1512/1512/1512
f 1518/1518/1518 1517/1517/1517 1516/1516/1516
f 1519/1519/1519 1518/1518/1518 1516/1516/1516
f 1522/1522/1522 1521/1521/1521 1520/1520/1520
f 1523/1523/1523 1522/1522/1522 1520/1520/1520
f 1526/1526/1526 1525/1525/1525 1524/1524/1524
f 1527/1527/1527 1526/1526/1526 1524/1524/1524
f 1530/1530/1530 1529/1529/1529 1528/1528/1528
f 1531/1531/1531 1530/1530/1530 1528/1528/1528
f 1534/1534/1534 1533/1533/1533 1532/1532/1532
f 1535/1535/1535 1534/1534/1534 1532/1532/1532
f 1538/1538/1538 1537/1537/1537 1536/1536/1536
f 1539/1539/1539 1538/1538/1538 1536/1536/1536
f 1542/1542/1542 1541/1541/1541 1540/1540/1540
f 1540/1540/1540 1543/1543/1543 1542/1542/1542
f 1543/1543/1543 1544/1544/1544 1542/1542/1542
f 1547/1547/1547 1546/1546/1546 1545/1545/1545
f 1548/1548/1548 1547/1547/1547 1545/1545/1545
f 1551/1551/1551 1550/1550/1550 1549/1549/1549
f 1552/1552/1552 1551/1551/1551 1549/1549/1549
f 1555/1555/1555 1554/1554/1554 1553/1553/1553
f 1556/1556/1556 1555/1555/1555 1553/1553/1553
f 1559/1559/1559 1558/1558/1558 1557/1557/1557
f 1560/1560/1560 1559/1559/1559 1557/1557/1557
f 1563/1563/1563 1562/1562/1562 1561/1561/1561
f 1564/1564/1564 1563/1563/1563 1561/1561/1561
f 1567/1567/1567 1566/1566/1566 1565/1565/1565
f 1565/1565/1565 1568/1568/1568 1567/1567/1567
f 1568/1568/1568 1569/1569/1569 1567/1567/1567
f 1572/1572/1572 1571/1571/1571 1570/1570/1570
f 1573/1573/1573 1572/1572/1572 1570/1570/1570
f 1576/1576/1576 1575/1575/1575 1574/1574/1574
f 1576/1576/1576 1574/1574/1574 1577/1577/1577
f 1574/1574/1574 1578/1578/1578 1577/1577/1577
f 1577/1577/1577 1579/1579/1579 1576/1576/1576
f 1580/1580/1580 1576/1576/1576 1579/1579/1579
f 1580/1580/1580 1581/1581/1581 1576/1576/1576
f 1579/1579/1579 1582/1582/1582 1580/1580/1580
f 1582/1582/1582 1583/1583/1583 1580/1580/1580
f 1586/1586/1586 1585/1585/1585 1584/1584/1584
f 1587/1587/1587 1586/1586/1586 1584/1584/1584
f 1590/1590/1590 1589/1589/1589 1588/1588/1588
f 1590/1590/1590 1591/1591/1591 1589/1589/1589
f 1591/1591/1591 1592/1592/1592 1589/1589/1589
f 1593/1593/1593 1592/1592/1592 1591/1591/1591
f 1591/1591/1591 1594/1594/1594 1593/1593/1593
f 1591/1591/1591 1595/1595/1595 1594/1594/1594
f 1594/1594/1594 1595/1595/1595 1596/1596/1596
f 1595/1595/1595 1597/1597/1597 1596/1596/1596
f 1600/1600/1600 1599/1599/1599 1598/1598/1598
f 1601/1601/1601 1600/1600/1600 1598/1598/1598
f 1601/1601/1601 1598/1598/1598 1602/1602/1602
f 1603/1603/1603 1601/1601/1601 1602/1602/1602
f 1603/1603/1603 1602/1602/1602 1604/1604/1604
f 1605/1605/1605 1603/1603/1603 1604/1604/1604
f 1605/1605/1605 1604/1604/1604 1606/1606/1606
f 1604/1604/1604 1607/1607/1607 1606/1606/1606
f 1610/1610/1610 1609/1609/1609 1608/1608/1608
f 1611/1611/1611 1610/1610/1610 1608/1608/1608
f 1614/1614/1614 1613/1613/1613 1612/1612/1612
f 1615/1615/1615 1614/1614/1614 1612/1612/1612
f 1618/1618/1618 1617/1617/1617 1616/1616/1616
f 1619/1619/1619 1618/1618/1618 1616/1616/1616
f 1622/1622/1622 1621/1621/1621 1620/1620/1620
f 1623/1623/1623 1622/1622/1622 1620/1620/1620
f 1626/1626/1626 1625/1625/1625 1624/1624/1624
f 1627/1627/1627 1626/1626/1626 1624/1624/1624
f 1630/1630/1630 1629/1629/1629 1628/1628/1628
f 1631/1631/1631 1630/1630/1630 1628/1628/1628
f 1634/1634/1634 1633/1633/1633 1632/1632/1632
f 1632/1632/1632 1635/1635/1635 1634/1634/1634
f 1635/1635/1635 1636/1636/1636 1634/1634/1634
f 1639/1639/1639 1638/1638/1638 1637/1637/1637
f 1640/1640/1640 1639/1639/1639 1637/1637/1637
f 1643/1643/1643 1642/1642/1642 1641/1641/1641
f 1644/1644/1644 1643/1643/1643 1641/1641/1641
f 1647/1647/1647 1646/1646/1646 1645/1645/1645
f 1648/1648/1648 1647/1647/1647 1645/1645/1645
f 1651/1651/1651 1650/1650/1650 1649/1649/1649
f 1652/1652/1652 1651/1651/1651 1649/1649/1649
f 1655/1655/1655 1654/1654/1654 1653/1653/1653
f 1656/1656/1656 1655/1655/1655 1653/1653/1653
f 1659/1659/1659 1658/1658/1658 1657/1657/1657
f 1660/1660/1660 1659/1659/1659 1657/1657/1657
f 1663/1663/1663 1662/1662/1662 1661/1661/1661
f 1664/1664/1664 1663/1663/1663 1661/1661/1661
f 1667/1667/1667 1666/1666/1666 1665/1665/1665
f 1665/1665/1665 1668/1668/1668 1667/1667/1667
f 1668/1668/1668 1669/1669/1669 1667/1667/1667
f 1672/1672/1672 1671/1671/1671 1670/1670/1670
f 1673/1673/1673 1672/1672/1672 1670/1670/1670
f 1676/1676/1676 1675/1675/1675 1674/1674/1674
f 1677/1677/1677 1676/1676/1676 1674/1674/1674
f 1680/1680/1680 1679/1679/1679 1678/1678/1678
f 1681/1681/1681 1680/1680/1680 1678/1678/1678
f 1684/1684/1684 1683/1683/1683 1682/1682/1682
f 1685/1685/1685 1684/1684/1684 1682/1682/1682
f 1688/1688/1688 1687/1687/1687 1686/1686/1686
f 1689/1689/1689 1688/1688/1688 1686/1686/1686
f 1692/1692/1692 1691/1691/1691 1690/1690/1690
f 1690/1690/1690 1693/1693/1693 1692/1692/1692
f 1693/1693/1693 1694/1694/1694 1692/1692/1692
f 1697/1697/1697 1696/1696/1696 1695/1695/1695
f 1695/1695/1695 1698/1698/1698 1697/1697/1697
f 1697/1697/1697 1698/1698/1698 1699/1699/1699
f 1698/1698/1698 1700/1700/1700 1699/1699/1699
f 1695/1695/1695 1701/1701/1701 1698/1698/1698
f 1701/1701/1701 1695/1695/1695 1702/1702/1702
f 1703/1703/1703 1701/1701/1701 1702/1702/1702
f 1703/1703/1703 1702/1702/1702 1704/1704/1704
f 1707/1707/1707 1706/1706/1706 1705/1705/1705
f 1708/1708/1708 1707/1707/1707 1705/1705/1705
f 1711/1711/1711 1710/1710/1710 1709/1709/1709
f 1712/1712/1712 1711/1711/1711 1709/1709/1709
f 1715/1715/1715 1714/1714/1714 1713/1713/1713
f 1716/1716/1716 1715/1715/1715 1713/1713/1713
f 1716/1716/1716 1713/1713/1713 1717/1717/1717
f 1718/1718/1718 1716/1716/1716 1717/1717/1717
f 1718/1718/1718 1717/1717/1717 1719/1719/1719
f 1720/1720/1720 1718/1718/1718 1719/1719/1719
f 1720/1720/1720 1719/1719/1719 1721/1721/1721
f 1719/1719/1719 1722/1722/1722 1721/1721/1721
f 1725/1725/1725 1724/1724/1724 1723/1723/1723
f 1725/1725/1725 1723/1723/1723 1726/1726/1726
f 1725/1725/1725 1726/1726/1726 1727/1727/1727
f 1727/1727/1727 1728/1728/1728 1725/1725/1725
f 1728/1728/1728 1727/1727/1727 1729/1729/1729
f 1728/1728/1728 1729/1729/1729 1730/1730/1730
f 1730/1730/1730 1731/1731/1731 1728/1728/1728
f 1730/1730/1730 1732/1732/1732 1731/1731/1731
f 1735/1735/1735 1734/1734/1734 1733/1733/1733
f 1736/1736/1736 1735/1735/1735 1733/1733/1733
f 1739/1739/1739 1738/1738/1738 1737/1737/1737
f 1740/1740/1740 1739/1739/1739 1737/1737/1737
f 1743/1743/1743 1742/1742/1742 1741/1741/1741
f 1744/1744/1744 1743/1743/1743 1741/1741/1741
f 1747/1747/1747 1746/1746/1746 1745/1745/1745
f 1748/1748/1748 1747/1747/1747 1745/1745/1745
f 1751/1751/1751 1750/1750/1750 1749/1749/1749
f 1752/1752/1752 1751/1751/1751 1749/1749/1749
f 1755/1755/1755 1754/1754/1754 1753/1753/1753
f 1756/1756/1756 1755/1755/1755 1753/1753/1753
f 1759/1759/1759 1758/1758/1758 1757/1757/1757
f 1757/1757/1757 1760/1760/1760 1759/1759/1759
f 1757/1757/1757 1761/1761/1761 1760/1760/1760
f 1764/1764/1764 1763/1763/1763 1762/1762/1762
f 1765/1765/1765 1764/1764/1764 1762/1762/1762
f 1768/1768/1768 1767/1767/1767 1766/1766/1766
f 1769/1769/1769 1768/1768/1768 1766/1766/1766
f 1772/1772/1772 1771/1771/1771 1770/1770/1770
f 1773/1773/1773 1772/1772/1772 1770/1770/1770
f 1776/1776/1776 1775/1775/1775 1774/1774/1774
f 1777/1777/1777 1776/1776/1776 1774/1774/1774
f 1780/1780/1780 1779/1779/1779 1778/1778/1778
f 1781/1781/1781 1780/1780/1780 1778/1778/1778
f 1784/1784/1784 1783/1783/1783 1782/1782/1782
f 1785/1785/1785 1784/1784/1784 1782/1782/1782
f 1788/1788/1788 1787/1787/1787 1786/1786/1786
f 1789/1789/1789 1788/1788/1788 1786/1786/1786
f 1792/1792/1792 1791/1791/1791 1790/1790/1790
f 1790/1790/1790 1793/1793/1793 1792/1792/1792
f 1790/1790/1790 1794/1794/1794 1793/1793/1793
f 1797/1797/1797 1796/1796/1796 1795/1795/1795
f 1798/1798/1798 1797/1797/1797 1795/1795/1795
f 1801/1801/1801 1800/1800/1800 1799/1799/1799
f 1802/1802/1802 1801/1801/1801 1799/1799/1799
f 1805/1805/1805 1804/1804/1804 1803/1803/1803
f 1806/1806/1806 1805/1805/1805 1803/1803/1803
f 1809/1809/1809 1808/1808/1808 1807/1807/1807
f 1810/1810/1810 1809/1809/1809 1807/1807/1807
f 1813/1813/1813 1812/1812/1812 1811/1811/1811
f 1814/1814/1814 1813/1813/1813 1811/1811/1811
f 1817/1817/1817 1816/1816/1816 1815/1815/1815
f 1815/1815/1815 1818/1818/1818 1817/1817/1817
f 1818/1818/1818 1819/1819/1819 1817/1817/1817
f 1822/1822/1822 1821/1821/1821 1820/1820/1820
f 1823/1823/1823 1822/1822/1822 1820/1820/1820
f 1826/1826/1826 1825/1825/1825 1824/1824/1824
f 1827/1827/1827 1826/1826/1826 1824/1824/1824
f 1830/1830/1830 1829/1829/1829 1828/1828/1828
f 1828/1828/1828 1831/1831/1831 1830/1830/1830
f 1831/1831/1831 1828/1828/1828 1832/1832/1832
f 1831/1831/1831 1833/1833/1833 1830/1830/1830
f 1833/1833/1833 1834/1834/1834 1830/1830/1830
f 1835/1835/1835 1831/1831/1831 1832/1832/1832
f 1832/1832/1832 1836/1836/1836 1835/1835/1835
f 1836/1836/1836 1837/1837/1837 1835/1835/1835
f 1840/1840/1840 1839/1839/1839 1838/1838/1838
f 1840/1840/1840 1841/1841/1841 1839/1839/1839
f 1841/1841/1841 1842/1842/1842 1839/1839/1839
f 1843/1843/1843 1842/1842/1842 1841/1841/1841
f 1844/1844/1844 1843/1843/1843 1841/1841/1841
f 1841/1841/1841 1845/1845/1845 1844/1844/1844
f 1844/1844/1844 1845/1845/1845 1846/1846/1846
f 1845/1845/1845 1847/1847/1847 1846/1846/1846
f 1850/1850/1850 1849/1849/1849 1848/1848/1848
f 1851/1851/1851 1850/1850/1850 1848/1848/1848
f 1851/1851/1851 1848/1848/1848 1852/1852/1852
f 1853/1853/1853 1851/1851/1851 1852/1852/1852
f 1853/1853/1853 1852/1852/1852 1854/1854/1854
f 1855/1855/1855 1853/1853/1853 1854/1854/1854
f 1855/1855/1855 1854/1854/1854 1856/1856/1856
f 1854/1854/1854 1857/1857/1857 1856/1856/1856
f 1860/1860/1860 1859/1859/1859 1858/1858/1858
f 1861/1861/1861 1860/1860/1860 1858/1858/1858
f 1864/1864/1864 1863/1863/1863 1862/1862/1862
f 1865/1865/1865 1864/1864/1864 1862/1862/1862
f 1868/1868/1868 1867/1867/1867 1866/1866/1866
f 1869/1869/1869 1868/1868/1868 1866/1866/1866
f 1872/1872/1872 1871/1871/1871 1870/1870/1870
f 1873/1873/1873 1872/1872/1872 1870/1870/1870
f 1876/1876/1876 1875/1875/1875 1874/1874/1874
f 1877/1877/1877 1876/1876/1876 1874/1874/1874
f 1880/1880/1880 1879/1879/1879 1878/1878/1878
f 1881/1881/1881 1880/1880/1880 1878/1878/1878
f 1884/1884/1884 1883/1883/1883 1882/1882/1882
f 1882/1882/1882 1885/1885/1885 1884/1884/1884
f 1885/1885/1885 1886/1886/1886 1884/1884/1884
f 1889/1889/1889 1888/1888/1888 1887/1887/1887
f 1890/1890/1890 1889/1889/1889 1887/1887/1887
f 1893/1893/1893 1892/1892/1892 1891/1891/1891
f 1894/1894/1894 1893/1893/1893 1891/1891/1891
f 1897/1897/1897 1896/1896/1896 1895/1895/1895
f 1898/1898/1898 1897/1897/1897 1895/1895/1895
f 1901/1901/1901 1900/1900/1900 1899/1899/1899
f 1902/1902/1902 1901/1901/1901 1899/1899/1899
f 1905/1905/1905 1904/1904/1904 1903/1903/1903
f 1906/1906/1906 1905/1905/1905 1903/1903/1903
f 1909/1909/1909 1908/1908/1908 1907/1907/1907
f 1910/1910/1910 1909/1909/1909 1907/1907/1907
f 1913/1913/1913 1912/1912/1912 1911/1911/1911
f 1914/1914/1914 1913/1913/1913 1911/1911/1911
f 1917/1917/1917 1916/1916/1916 1915/1915/1915
f 1915/1915/1915 1918/1918/1918 1917/1917/1917
f 1915/1915/1915 1919/1919/1919 1918/1918/1918
f 1922/1922/1922 1921/1921/1921 1920/1920/1920
f 1923/1923/1923 1922/1922/1922 1920/1920/1920
f 1926/1926/1926 1925/1925/1925 1924/1924/1924
f 1927/1927/1927 1926/1926/1926 1924/1924/1924
f 1930/1930/1930 1929/1929/1929 1928/1928/1928
f 1931/1931/1931 1930/1930/1930 1928/1928/1928
f 1934/1934/1934 1933/1933/1933 1932/1932/1932
f 1935/1935/1935 1934/1934/1934 1932/1932/1932
f 1938/1938/1938 1937/1937/1937 1936/1936/1936
f 1939/1939/1939 1938/1938/1938 1936/1936/1936
f 1942/1942/1942 1941/1941/1941 1940/1940/1940
f 1940/1940/1940 1943/1943/1943 1942/1942/1942
f 1940/1940/1940 1944/1944/1944 1943/1943/1943
f 1947/1947/1947 1946/1946/1946 1945/1945/1945
f 1948/1948/1948 1947/1947/1947 1945/1945/1945
f 1951/1951/1951 1950/1950/1950 1949/1949/1949
f 1952/1952/1952 1951/1951/1951 1949/1949/1949
f 1955/1955/1955 1954/1954/1954 1953/1953/1953
f 1955/1955/1955 1956/1956/1956 1954/1954/1954
f 1956/1956/1956 1957/1957/1957 1954/1954/1954
f 1958/1958/1958 1957/1957/1957 1956/1956/1956
f 1956/1956/1956 1959/1959/1959 1958/1958/1958
f 1956/1956/1956 1960/1960/1960 1959/1959/1959
f 1959/1959/1959 1960/1960/1960 1961/1961/1961
f 1960/1960/1960 1962/1962/1962 1961/1961/1961
f 1965/1965/1965 1964/1964/1964 1963/1963/1963
f 1966/1966/1966 1965/1965/1965 1963/1963/1963
f 1966/1966/1966 1963/1963/1963 1967/1967/1967
f 1968/1968/1968 1966/1966/1966 1967/1967/1967
f 1968/1968/1968 1967/1967/1967 1969/1969/1969
f 1970/1970/1970 1968/1968/1968 1969/1969/1969
f 1970/1970/1970 1969/1969/1969 1971/1971/1971
f 1969/1969/1969 1972/1972/1972 1971/1971/1971
f 1975/1975/1975 1974/1974/1974 1973/1973/1973
f 1976/1976/1976 1975/1975/1975 1973/1973/1973
f 1973/1973/1973 1977/1977/1977 1976/1976/1976
f 1977/1977/1977 1978/1978/1978 1976/1976/1976
f 1979/1979/1979 1976/1976/1976 1978/1978/1978
f 1978/1978/1978 1980/1980/1980 1979/1979/1979
f 1980/1980/1980 1981/1981/1981 1979/1979/1979
f 1981/1981/1981 1982/1982/1982 1979/1979/1979
f 1985/1985/1985 1984/1984/1984 1983/1983/1983
f 1986/1986/1986 1985/1985/1985 1983/1983/1983
f 1989/1989/1989 1988/1988/1988 1987/1987/1987
f 1990/1990/1990 1989/1989/1989 1987/1987/1987
f 1993/1993/1993 1992/1992/1992 1991/1991/1991
f 1994/1994/1994 1993/1993/1993 1991/1991/1991
f 1997/1997/1997 1996/1996/1996 1995/1995/1995
f 1998/1998/1998 1997/1997/1997 1995/1995/1995
f 2001/2001/2001 2000/2000/2000 1999/1999/1999
f 2002/2002/2002 2001/2001/2001 1999/1999/1999
f 2005/2005/2005 2004/2004/2004 2003/2003/2003
f 2006/2006/2006 2005/2005/2005 2003/2003/2003
