g Mart14
v 0.92631507 -0.015000001 -1.0887816
v 0.22537339 0.020044893 -0.74486876
v 0.57773423 -0.015000001 -1.4601593
v 0.42701364 0.019490186 -0.6067171
v 1.1976297 -0.015000001 -0.69428945
v 0.05389455 0.020316478 -0.7992339
v 0.22668064 -0.015000001 -1.6348331
v -0.50136065 0.019581102 -0.6747843
v -0.17398861 0.019674748 -0.80489135
v -0.2555449 -0.015000001 -1.5117269
v -0.9020989 -0.015000001 -1.2359631
v -0.7165892 0.019996822 -0.42953885
v -1.4023466 -0.015000001 -0.78939986
v 0.5718057 0.019415468 -0.4084317
v 1.3341432 -0.015000001 -0.3178861
v -0.79570615 0.020309433 -0.18928817
v -1.637125 -0.015000001 -0.29536998
v 0.6361444 0.019480288 -0.21331516
v 1.3871918 -0.015000001 0.2696712
v 0.6283953 0.019841038 0.07889569
v 1.1013122 -0.015000001 1.006458
v -0.7761767 0.019768551 0.10967457
v -1.4820228 -0.015000001 0.32890725
v 0.4548365 0.020283032 0.40612733
v 0.73736405 -0.015000001 1.2445328
v -0.60343385 0.01957535 0.41367948
v -1.1036451 -0.015000001 0.92092204
v 0.29939663 0.020074323 0.5333636
v 0.41791606 -0.015000001 1.383744
v -0.43828714 0.01929012 0.5432756
v -0.75061154 -0.015000001 1.132375
v 0.14990455 0.020038236 0.602509
v 0.023908876 -0.015000001 1.4532182
v -0.2512259 0.019366894 0.6181592
v -0.39680088 -0.015000001 1.2885809
v -0.03670568 0.020012721 0.6380285
v -1.7072684 -0.08413762 0.14940667
v -1.4708807 0.05602549 0.1905737
v -1.4293905 -0.084137656 0.25835338
v -1.5009058 0.14064746 -0.07830852
v -1.4708807 0.05602549 0.1905737
v -1.7072684 -0.08413762 0.14940667
v -1.4892215 0.18665208 -0.61132526
v -1.2890911 0.16420881 -0.65911776
v -1.1821084 0.17356075 -0.53147465
v -1.3372895 0.14887942 -0.030394012
v -1.4708807 0.05602549 0.1905737
v -1.5009058 0.14064746 -0.07830852
v 1.5169781 0.16549109 0.06831492
v 1.3869705 0.1244622 0.117248744
v 1.2699112 0.13830604 0.010314316
v 1.5169781 0.16549109 0.06831492
v 1.2903796 -0.08413711 0.29188862
v 1.3869705 0.1244622 0.117248744
v 1.6246929 -0.08413715 0.18968034
v 1.2903796 -0.08413711 0.29188862
v 1.5169781 0.16549109 0.06831492
v 0.97437793 -0.08413715 1.2731855
v 1.1469657 0.16957657 1.1138566
v 1.3785429 -0.08413715 1.2086213
v 1.033219 -0.08413703 0.47691318
v 1.3556631 0.15940408 0.62962145
v 1.0877397 0.16111426 0.6825269
v 1.5373389 -0.08413704 0.33746886
v 1.3556631 0.15940408 0.62962145
v 1.033219 -0.08413703 0.47691318
v 1.5373389 -0.08413704 0.33746886
v 1.3900685 0.1989118 0.8763321
v 1.3556631 0.15940408 0.62962145
v 1.648145 -0.08413715 0.849012
v 1.3900685 0.1989118 0.8763321
v 1.5373389 -0.08413704 0.33746886
v 1.3900685 0.1989118 0.8763321
v 1.0877397 0.16111426 0.6825269
v 1.3556631 0.15940408 0.62962145
v -1.134829 0.15933211 0.5370633
v -1.3582662 0.14282377 0.5622968
v -1.2348477 0.15828992 0.47213432
v -1.2596378 0.087295726 0.8503878
v -1.2767948 -0.08413655 1.1778682
v -1.3983359 -0.08413655 0.9682622
v -1.2282163 0.08437203 1.0544826
v -1.2767948 -0.08413655 1.1778682
v -1.2596378 0.087295726 0.8503878
v 0.471765 0.19337122 1.325771
v 0.56102145 0.18178733 1.4507698
v 0.4659523 0.17946 1.6093763
v 0.07503404 0.077188864 1.6207604
v -0.23776686 -0.08413698 1.653667
v -0.17162496 0.07579382 1.5228049
v -0.001920627 -0.08413703 1.7818341
v -0.23776686 -0.08413698 1.653667
v 0.07503404 0.077188864 1.6207604
v -0.057031024 -0.08413698 1.2561691
v -0.26743847 0.077870384 1.4004235
v -0.35218593 -0.08413693 1.3342459
v 0.061022006 0.08182563 1.4222254
v -0.26743847 0.077870384 1.4004235
v -0.057031024 -0.08413698 1.2561691
v -0.23776686 -0.08413698 1.653667
v -0.26743847 0.077870384 1.4004235
v -0.17162496 0.07579382 1.5228049
v -0.35218593 -0.08413693 1.3342459
v -0.26743847 0.077870384 1.4004235
v -0.23776686 -0.08413698 1.653667
v -0.35150227 -0.084136985 1.322734
v -0.5739898 0.027914181 1.3651749
v -0.3776012 0.03592436 1.2110263
v -0.5562506 -0.08413696 1.4039755
v -0.5739898 0.027914181 1.3651749
v -0.35150227 -0.084136985 1.322734
v 1.2024972 -0.084137045 -0.5643744
v 1.3501794 0.045519352 -0.6556654
v 1.4051929 -0.08413705 -0.6389238
v 1.2057164 0.11680977 -0.7826588
v 1.3501794 0.045519352 -0.6556654
v 1.2024972 -0.084137045 -0.5643744
v 0.9511822 0.15655069 -1.0823097
v 1.0381433 0.1371632 -1.2066526
v 1.1596351 0.14524184 -1.1886461
v 1.3194014 0.12392099 -0.83634686
v 1.3501794 0.045519352 -0.6556654
v 1.2057164 0.11680977 -0.7826588
v -1.2111338 -0.084136896 -0.75927466
v -1.2249254 0.10872184 -1.0065908
v -1.1748844 0.07689716 -0.8302779
v -1.2857127 -0.08413698 -1.0089219
v -1.2249254 0.10872184 -1.0065908
v -1.2111338 -0.084136896 -0.75927466
v -2.1927772 -0.13160029 3.0658095
v -2.0687394 0.30405635 3.2190883
v -1.9458733 0.27441072 3.012221
v -5.382887 -0.13160007 1.0514088
v -5.575809 0.30418754 1.0120702
v -5.3708134 0.33876932 1.1367588
v -5.382887 -0.13160007 1.0514088
v -5.4472 0.27533525 0.8086157
v -5.575809 0.30418754 1.0120702
v -2.1927772 -0.13160029 3.0658095
v -2.14988 0.30944693 2.8860333
v -2.2727394 0.3390926 3.0929043
v -6.960761 -0.13160029 3.697682
v -7.0823045 0.29759187 3.525343
v -7.2077994 0.27643603 3.7316747
v -2.1927772 -0.13160029 3.0658095
v -2.2727394 0.3390926 3.0929043
v -2.0687394 0.30405635 3.2190883
v -5.2422004 0.30991662 0.93329763
v -5.4472 0.27533525 0.8086157
v -5.382887 -0.13160007 1.0514088
v -3.5217044 0.30095333 5.65108
v -3.7266083 0.3363694 5.5264535
v -3.7239091 -0.13160075 5.624821
v -3.7239091 -0.13160075 5.624821
v -3.6498075 0.28047097 5.8558707
v -3.5217044 0.30095333 5.65108
v -3.7239091 -0.13160075 5.624821
v -3.7266083 0.3363694 5.5264535
v -3.8546991 0.31588697 5.731247
v -3.7239091 -0.13160075 5.624821
v -3.8546991 0.31588697 5.731247
v -3.6498075 0.28047097 5.8558707
v -6.960761 -0.13160029 3.697682
v -7.2077994 0.27643603 3.7316747
v -7.005354 0.31639212 3.8589034
v -1.9458733 0.27441072 3.012221
v -2.14988 0.30944693 2.8860333
v -2.1927772 -0.13160029 3.0658095
v -5.382887 -0.13160007 1.0514088
v -5.3708134 0.33876932 1.1367588
v -5.2422004 0.30991662 0.93329763
v -6.960761 -0.13160029 3.697682
v -7.005354 0.31639212 3.8589034
v -6.8798523 0.33754814 3.6525757
v -6.8798523 0.33754814 3.6525757
v -7.0823045 0.29759187 3.525343
v -6.960761 -0.13160029 3.697682
v -3.814639 0.1967119 1.9502823
v -3.6826727 0.1967119 2.0305476
v -3.796669 1.5322006 2.0693643
v -5.332259 0.1967116 4.752049
v -5.4491167 0.1967116 4.680969
v -5.3746805 1.5322003 4.690195
v 4.9269977 -0.13160057 -4.864053
v 5.100937 0.30405605 -4.95693
v 4.9209785 0.27441043 -5.1166334
v 2.3466358 -0.13160035 -2.1115315
v 2.2715917 0.30418724 -1.9294951
v 2.432733 0.33876908 -2.1072803
v 2.3466358 -0.13160035 -2.1115315
v 2.09607 0.27533495 -2.0942073
v 2.2715917 0.30418724 -1.9294951
v 4.9269977 -0.13160057 -4.864053
v 4.758553 0.3094467 -4.9401164
v 4.9385147 0.33909237 -4.7804055
v 4.647499 -0.13160057 -0.06250739
v 4.4553156 0.29759157 0.024320126
v 4.634247 0.27643573 0.18650413
v 4.9269977 -0.13160057 -4.864053
v 4.9385147 0.33909237 -4.7804055
v 5.100937 0.30405605 -4.95693
v 2.2572122 0.30991638 -2.271987
v 2.09607 0.27533495 -2.0942073
v 2.3466358 -0.13160035 -2.1115315
v 7.21494 0.30095303 -3.0710132
v 7.0538797 0.33636904 -2.8933222
v 7.1509876 -0.13160104 -2.8773978
v 7.1509876 -0.13160104 -2.8773978
v 7.3918724 0.28047073 -2.9065557
v 7.21494 0.30095303 -3.0710132
v 7.1509876 -0.13160104 -2.8773978
v 7.0538797 0.33636904 -2.8933222
v 7.2308106 0.31588668 -2.7288685
v 7.1509876 -0.13160104 -2.8773978
v 7.2308106 0.31588668 -2.7288685
v 7.3918724 0.28047073 -2.9065557
v 4.647499 -0.13160057 -0.06250739
v 4.634247 0.27643573 0.18650413
v 4.7974076 0.31639183 0.011713505
v 4.9209785 0.27441043 -5.1166334
v 4.758553 0.3094467 -4.9401164
v 4.9269977 -0.13160057 -4.864053
v 2.3466358 -0.13160035 -2.1115315
v 2.432733 0.33876908 -2.1072803
v 2.2572122 0.30991638 -2.271987
v 4.647499 -0.13160057 -0.06250739
v 4.7974076 0.31639183 0.011713505
v 4.618474 0.33754778 -0.15047288
v 4.618474 0.33754778 -0.15047288
v 4.4553156 0.29759157 0.024320126
v 4.647499 -0.13160057 -0.06250739
v 3.5253785 0.19671164 -3.4819162
v 3.629115 0.19671158 -3.5963583
v 3.6457121 1.5322003 -3.4770799
v 5.990306 0.19671129 -1.4627086
v 5.898451 0.19671129 -1.3613693
v 5.9215565 1.5322001 -1.4327254
v -1.2683133 -0.08413763 0.041661713
v -1.4293905 -0.084137656 0.25835338
v -1.4708807 0.05602549 0.1905737
v -1.3372895 0.14887942 -0.030394012
v -0.9116257 -0.08413664 0.7057554
v -1.1106391 0.15139644 0.68992746
v -1.134829 0.15933211 0.5370633
v -1.0166104 -0.08413664 0.43267396
v 0.2780755 -0.084137075 1.8284725
v -0.001920627 -0.08413703 1.7818341
v 0.07503404 0.077188864 1.6207604
v 0.24201086 0.113040164 1.6189741
v -1.2315745 -0.0841375 -0.9451305
v -1.2890911 0.16420881 -0.65911776
v -1.4892215 0.18665208 -0.61132526
v -1.6271657 -0.0841375 -0.76416224
v 1.3767505 0.16211013 -0.29629895
v 1.2699112 0.13830604 0.010314316
v 1.0895337 -0.08413706 0.026899498
v 1.2777389 -0.08413705 -0.41041934
v -0.9923032 -0.012922078 0.86644495
v -1.0343103 -0.084136605 1.1240615
v -1.1374959 0.081576005 1.0352639
v -1.106826 0.0815355 0.81632775
v -1.1106391 0.15139644 0.68992746
v -0.9116257 -0.08413664 0.7057554
v 1.033219 -0.08413703 0.47691318
v 1.0877397 0.16111426 0.6825269
v 0.9882778 0.15758638 0.9010702
v 0.8397263 -0.084137075 0.8490066
v 0.6396737 -0.08413713 1.7620704
v 0.4659523 0.17946 1.6093763
v 0.56102145 0.18178733 1.4507698
v 0.82773423 -0.08413713 1.4273243
v -1.4892215 0.18665208 -0.61132526
v -1.553598 0.19440891 -0.35780782
v -1.7675052 -0.08413754 -0.34937263
v -1.6271657 -0.0841375 -0.76416224
v -0.35150227 -0.084136985 1.322734
v -0.3776012 0.03592436 1.2110263
v -0.42221186 0.07390405 1.1363052
v -0.33874527 -0.08413697 1.0523614
v -1.5435785 -0.084136575 0.4966655
v -1.3582662 0.14282377 0.5622968
v -1.354729 0.14492221 0.7343621
v -1.5115602 -0.08413655 0.7843114
v -0.7133645 -0.08413692 0.95567435
v -0.6498704 0.090003744 1.1290063
v -0.856724 0.10011275 1.1658404
v -1.0353734 -0.084136896 1.1008229
v 0.8397263 -0.084137075 0.8490066
v 0.9882778 0.15758638 0.9010702
v 1.1469657 0.16957657 1.1138566
v 0.97437793 -0.08413715 1.2731855
v 1.7700906 -0.08413715 -0.120667055
v 1.6511321 0.17328142 -0.14462191
v 1.69315 0.18107174 -0.33483988
v 1.829771 -0.084137134 -0.49700153
v -0.42221186 0.07390405 1.1363052
v -0.3776012 0.03592436 1.2110263
v -0.5739898 0.027914181 1.3651749
v -0.6498704 0.090003744 1.1290063
v -1.2683133 -0.08413763 0.041661713
v -1.3372895 0.14887942 -0.030394012
v -1.2438601 0.18249781 -0.23845631
v -1.0567868 -0.084137626 -0.14455196
v -0.6498704 0.090003744 1.1290063
v -0.5739898 0.027914181 1.3651749
v -0.8016656 0.025486618 1.322625
v -0.856724 0.10011275 1.1658404
v -1.0567868 -0.084137626 -0.14455196
v -1.2438601 0.18249781 -0.23845631
v -1.1821084 0.17356075 -0.53147465
v -1.0667665 -0.08413756 -0.63010824
v 1.413238 -0.08413704 -1.0359367
v 1.269051 0.15296213 -0.9968269
v 1.1596351 0.14524184 -1.1886461
v 1.2146446 -0.08413698 -1.334926
v 0.93404734 -0.08413693 -1.3851451
v 1.0381433 0.1371632 -1.2066526
v 0.9511822 0.15655069 -1.0823097
v 0.80694133 -0.08413694 -1.0971751
v 1.5169781 0.16549109 0.06831492
v 1.2699112 0.13830604 0.010314316
v 1.3767505 0.16211013 -0.29629895
v 1.6511321 0.17328142 -0.14462191
v 1.69315 0.18107174 -0.33483988
v 1.5311233 0.17390154 -0.41070214
v -0.7133645 -0.08413692 0.95567435
v -0.33874527 -0.08413697 1.0523614
v -0.42221186 0.07390405 1.1363052
v -0.6498704 0.090003744 1.1290063
v 0.07503404 0.077188864 1.6207604
v 0.061022006 0.08182563 1.4222254
v 0.22797747 0.1831991 1.3144273
v 0.24201086 0.113040164 1.6189741
v -0.057031024 -0.08413698 1.2561691
v 0.20040567 -0.08413701 1.0913563
v 0.22797747 0.1831991 1.3144273
v 0.061022006 0.08182563 1.4222254
v -0.9583233 -0.084136926 1.3074675
v -0.8016656 0.025486618 1.322625
v -0.5739898 0.027914181 1.3651749
v -0.5562506 -0.08413696 1.4039755
v -1.106826 0.0815355 0.81632775
v -1.2596378 0.087295726 0.8503878
v -1.354729 0.14492221 0.7343621
v -1.1106391 0.15139644 0.68992746
v 1.2903796 -0.08413711 0.29188862
v 1.0895337 -0.08413706 0.026899498
v 1.2699112 0.13830604 0.010314316
v 1.3869705 0.1244622 0.117248744
v -1.1106391 0.15139644 0.68992746
v -1.354729 0.14492221 0.7343621
v -1.3582662 0.14282377 0.5622968
v -1.134829 0.15933211 0.5370633
v -1.0166104 -0.08413664 0.43267396
v -1.134829 0.15933211 0.5370633
v -1.2348477 0.15828992 0.47213432
v -1.3021005 -0.08413661 0.29657912
v -1.553598 0.19440891 -0.35780782
v -1.5009058 0.14064746 -0.07830852
v -1.7072684 -0.08413762 0.14940667
v -1.7675052 -0.08413754 -0.34937263
v 1.3900685 0.1989118 0.8763321
v 1.648145 -0.08413715 0.849012
v 1.3785429 -0.08413715 1.2086213
v 1.1469657 0.16957657 1.1138566
v 1.2057164 0.11680977 -0.7826588
v 1.0398103 0.16325144 -0.9109883
v 1.269051 0.15296213 -0.9968269
v 1.3194014 0.12392099 -0.83634686
v 1.0398103 0.16325144 -0.9109883
v 1.2057164 0.11680977 -0.7826588
v 1.2024972 -0.084137045 -0.5643744
v 0.93027943 -0.08413698 -0.8053172
v -1.5009058 0.14064746 -0.07830852
v -1.553598 0.19440891 -0.35780782
v -1.2438601 0.18249781 -0.23845631
v -1.3372895 0.14887942 -0.030394012
v 0.2780755 -0.084137075 1.8284725
v 0.24201086 0.113040164 1.6189741
v 0.4659523 0.17946 1.6093763
v 0.6396737 -0.08413713 1.7620704
v 1.69315 0.18107174 -0.33483988
v 1.5311233 0.17390154 -0.41070214
v 1.5163146 -0.08413708 -0.6169116
v 1.829771 -0.084137134 -0.49700153
v -0.856724 0.10011275 1.1658404
v -0.8016656 0.025486618 1.322625
v -0.9583233 -0.084136926 1.3074675
v -1.0353734 -0.084136896 1.1008229
v -1.2767948 -0.08413655 1.1778682
v -1.2282163 0.08437203 1.0544826
v -1.1374959 0.081576005 1.0352639
v -1.0343103 -0.084136605 1.1240615
v 0.9511822 0.15655069 -1.0823097
v 1.0398103 0.16325144 -0.9109883
v 0.93027943 -0.08413698 -0.8053172
v 0.80694133 -0.08413694 -1.0971751
v 0.58857197 -0.08413706 1.1037989
v 0.471765 0.19337122 1.325771
v 0.22797747 0.1831991 1.3144273
v 0.20040567 -0.08413701 1.0913563
v 1.0398103 0.16325144 -0.9109883
v 0.9511822 0.15655069 -1.0823097
v 1.1596351 0.14524184 -1.1886461
v 1.269051 0.15296213 -0.9968269
v 1.1469657 0.16957657 1.1138566
v 0.9882778 0.15758638 0.9010702
v 1.0877397 0.16111426 0.6825269
v 1.3900685 0.1989118 0.8763321
v -1.553598 0.19440891 -0.35780782
v -1.4892215 0.18665208 -0.61132526
v -1.1821084 0.17356075 -0.53147465
v -1.2438601 0.18249781 -0.23845631
v 1.3882453 -0.084137045 -0.8335573
v 1.3194014 0.12392099 -0.83634686
v 1.269051 0.15296213 -0.9968269
v 1.413238 -0.08413704 -1.0359367
v 0.22797747 0.1831991 1.3144273
v 0.471765 0.19337122 1.325771
v 0.4659523 0.17946 1.6093763
v 0.24201086 0.113040164 1.6189741
v -1.3021005 -0.08413661 0.29657912
v -1.2348477 0.15828992 0.47213432
v -1.3582662 0.14282377 0.5622968
v -1.5435785 -0.084136575 0.4966655
v 1.3882453 -0.084137045 -0.8335573
v 1.4051929 -0.08413705 -0.6389238
v 1.3501794 0.045519352 -0.6556654
v 1.3194014 0.12392099 -0.83634686
v -1.3983359 -0.08413655 0.9682622
v -1.5115602 -0.08413655 0.7843114
v -1.354729 0.14492221 0.7343621
v -1.2596378 0.087295726 0.8503878
v 1.6246929 -0.08413715 0.18968034
v 1.5169781 0.16549109 0.06831492
v 1.6511321 0.17328142 -0.14462191
v 1.7700906 -0.08413715 -0.120667055
v 0.061022006 0.08182563 1.4222254
v 0.07503404 0.077188864 1.6207604
v -0.17162496 0.07579382 1.5228049
v -0.26743847 0.077870384 1.4004235
v -1.0667665 -0.08413756 -0.63010824
v -1.1821084 0.17356075 -0.53147465
v -1.2890911 0.16420881 -0.65911776
v -1.2315745 -0.0841375 -0.9451305
v 1.5163146 -0.08413708 -0.6169116
v 1.5311233 0.17390154 -0.41070214
v 1.3767505 0.16211013 -0.29629895
v 1.2777389 -0.08413705 -0.41041934
v -1.2596378 0.087295726 0.8503878
v -1.106826 0.0815355 0.81632775
v -1.1374959 0.081576005 1.0352639
v -1.2282163 0.08437203 1.0544826
v 0.82773423 -0.08413713 1.4273243
v 0.56102145 0.18178733 1.4507698
v 0.471765 0.19337122 1.325771
v 0.58857197 -0.08413706 1.1037989
v 1.2146446 -0.08413698 -1.334926
v 1.1596351 0.14524184 -1.1886461
v 1.0381433 0.1371632 -1.2066526
v 0.93404734 -0.08413693 -1.3851451
v -1.2111338 -0.084136896 -0.75927466
v -1.1748844 0.07689716 -0.8302779
v -1.1030114 0.07390411 -0.81504554
v -1.0499053 -0.08413689 -0.7233182
v -0.9149236 -0.08413693 -0.9519338
v -1.0146855 0.090003714 -0.97066486
v -1.0516835 0.091343984 -1.0647442
v -0.9768492 -0.084137 -1.1389439
v -1.1030114 0.07390411 -0.81504554
v -1.1748844 0.07689716 -0.8302779
v -1.2249254 0.10872184 -1.0065908
v -1.0146855 0.090003714 -0.97066486
v -1.0146855 0.090003714 -0.97066486
v -1.2249254 0.10872184 -1.0065908
v -1.1784593 0.09590118 -1.0840318
v -1.0516835 0.091343984 -1.0647442
v -0.9149236 -0.08413693 -0.9519338
v -1.0499053 -0.08413689 -0.7233182
v -1.1030114 0.07390411 -0.81504554
v -1.0146855 0.090003714 -0.97066486
v -1.1897987 -0.08413702 -1.1643836
v -1.1784593 0.09590118 -1.0840318
v -1.2249254 0.10872184 -1.0065908
v -1.2857127 -0.08413698 -1.0089219
v -1.0516835 0.091343984 -1.0647442
v -1.1784593 0.09590118 -1.0840318
v -1.1897987 -0.08413702 -1.1643836
v -0.9768492 -0.084137 -1.1389439
v 0.29027766 0.018329252 0.39518523
v 0.2903325 0.10810462 0.3962361
v 0.30422243 0.06463383 0.37466332
v 0.2485517 0.063667215 0.4588778
v 0.26244214 0.018329246 0.43729234
v 0.26249605 0.10762136 0.43834287
v 0.7424408 0.07073283 0.25398824
v 0.73290944 0.11668004 0.2803293
v 0.2256696 0.2186752 0.008195385
v 0.23607922 0.16849294 -0.020572893
v -0.10948233 0.29619372 -0.2311432
v -0.096339494 0.23283052 -0.26746908
v 0.45670152 0.070518866 0.6333576
v 0.5076852 0.12587029 0.59959686
v 0.558205 0.069358245 0.56708384
v 0.5072238 0.014473872 0.6008354
v 0.6879032 0.069259614 0.34676072
v 0.6972281 0.020821303 0.3202441
v 0.18701029 0.11794174 0.05207579
v 0.17651457 0.16688395 0.080750585
v -0.15837833 0.16765037 -0.17584503
v -0.17154887 0.23079884 -0.13953152
v 0.57664 0.08770305 -0.81774104
v 0.49997032 0.054236323 -0.92622924
v 0.54179233 0.014237579 -0.8569526
v 0.55394983 0.13657749 -0.86003137
v 0.5156152 0.11984421 -0.9142753
v -0.81316614 0.117579 0.25024107
v -0.52066207 0.14728971 0.20762289
v -0.80271715 0.11742097 0.3056776
v -0.52893823 0.14741473 0.1637182
v -0.073574096 0.21056254 0.101800606
v -0.07966 0.21065477 0.069506675
v 0.50856 0.12908918 -0.3613613
v -0.15109822 0.26250875 -0.36464104
v -0.15662819 0.2201036 -0.34161732
v 0.5017241 0.07523699 -0.32970175
v 1.0188932 0.07871413 -0.3895639
v 1.0110247 0.01733737 -0.35428467
v 0.008022483 0.11563797 -0.6089938
v -0.39639777 0.23165624 -0.25743687
v -0.40646517 0.1894403 -0.26512873
v 0.021191955 0.17086373 -0.5989315
v 0.5156152 0.11984421 -0.9142753
v 0.49997032 0.054236323 -0.92622924
v -0.14960307 0.14191031 -0.24745356
v -0.13512641 0.0851063 -0.30366826
v -0.14999306 0.02447434 -0.24860226
v -0.1644657 0.08390321 -0.192374
v -0.8614206 0.0750508 -0.346899
v -0.1644657 0.08390321 -0.192374
v -0.14999306 0.02447434 -0.24860226
v -0.8442161 0.0140310135 -0.41361654
v 0.7245371 0.022070251 0.27389503
v 0.7424408 0.07073283 0.25398824
v 0.23607922 0.16849294 -0.020572893
v 0.21683612 0.119305745 0.0014544278
v -0.096339494 0.23283052 -0.26746908
v -0.120718926 0.16937286 -0.2397634
v 0.064851895 0.1960075 0.106551975
v 0.09070571 0.1950634 0.13414754
v -0.58680433 0.13986818 0.7880281
v -0.6312673 0.14149208 0.74056745
v 0.8721959 0.05422946 -0.2904758
v 0.62364185 0.08160573 -0.1217708
v 0.63871 0.11717866 -0.10562809
v 0.89077896 0.09588213 -0.26996106
v 0.19588704 0.21787058 0.05885811
v -0.17154887 0.23079884 -0.13953152
v -0.14708701 0.29517794 -0.16717413
v 0.17651457 0.16688395 0.080750585
v 0.7056411 0.11594331 0.3267163
v 0.6879032 0.069259614 0.34676072
v -0.22356318 0.0180466 -0.0071211085
v -0.18832634 0.06174813 0.034251392
v 0.6035844 0.07774123 -0.6582179
v 0.54947263 0.0152173815 -0.72941214
v -0.37943268 0.16159697 -0.21999678
v -0.35713083 0.2109748 -0.19532081
v 0.07256014 0.14380878 -0.5176731
v 0.043316245 0.08041693 -0.55027056
v 0.57664 0.08770305 -0.81774104
v 0.54179233 0.014237579 -0.8569526
v 0.15457702 0.15557373 0.2776528
v 0.1580221 0.13312107 0.28928512
v -0.17070827 0.13766016 0.37365192
v -0.1751001 0.16628553 0.3588222
v -0.47278786 0.17097388 -0.6349071
v -0.23210447 0.3288567 -0.09949499
v -0.21042463 0.2898672 -0.10029911
v -0.44350392 0.12184669 -0.6368769
v -0.73857844 0.085124716 -1.0486214
v -0.7015514 0.021775385 -1.0507883
v 0.73290944 0.11668004 0.2803293
v 0.7056411 0.11594331 0.3267163
v 0.19588704 0.21787058 0.05885811
v 0.2256696 0.2186752 0.008195385
v -0.10948233 0.29619372 -0.2311432
v -0.14708701 0.29517794 -0.16717413
v 0.45670152 0.070518866 0.6333576
v 0.004220575 0.06347363 -0.14490333
v 0.04835599 0.109620005 -0.17411375
v 0.5076852 0.12587029 0.59959686
v -0.07966 0.21065477 0.069506675
v -0.06588011 0.18245585 0.11699149
v -0.073574096 0.21056254 0.101800606
v -0.07010104 0.15302579 0.067549884
v -0.07805413 0.18263993 0.052404046
v -0.064068496 0.15324354 0.09985089
v 0.7424408 0.07073283 0.25398824
v 0.7245371 0.022070251 0.27389503
v 0.6972281 0.020821303 0.3202441
v 0.73290944 0.11668004 0.2803293
v 0.7056411 0.11594331 0.3267163
v 0.6879032 0.069259614 0.34676072
v -0.78950936 0.06917158 0.33175376
v -0.81316614 0.117579 0.25024107
v -0.80271715 0.11742097 0.3056776
v -0.7972207 0.021401383 0.24696666
v -0.786865 0.021775166 0.3024175
v -0.8104071 0.06948758 0.2208811
v -0.120718926 0.16937286 -0.2397634
v -0.096339494 0.23283052 -0.26746908
v -0.15837833 0.16765037 -0.17584503
v -0.14708701 0.29517794 -0.16717413
v -0.10948233 0.29619372 -0.2311432
v -0.17154887 0.23079884 -0.13953152
v -0.5267532 0.10932754 0.14046587
v -0.07805413 0.18263993 0.052404046
v -0.07966 0.21065477 0.069506675
v -0.52893823 0.14741473 0.1637182
v -0.8104071 0.06948758 0.2208811
v -0.81316614 0.117579 0.25024107
v 1.0153422 0.015152615 -0.282443
v 0.5165115 0.12639005 -0.2325544
v 1.0277652 0.07570267 -0.24585442
v 0.50559294 0.07327897 -0.26530996
v -0.14530073 0.26054078 -0.27072808
v -0.15380648 0.2186759 -0.29466963
v -0.4487963 0.21946193 -0.65787685
v -0.21445748 0.36452162 -0.11639029
v -0.23210447 0.3288567 -0.09949499
v -0.47278786 0.17097388 -0.6349071
v -0.70828617 0.146349 -1.0776241
v -0.73857844 0.085124716 -1.0486214
v -0.52066207 0.14728971 0.20762289
v -0.073574096 0.21056254 0.101800606
v -0.06588011 0.18245585 0.11699149
v -0.51020193 0.109077364 0.22827524
v -0.80271715 0.11742097 0.3056776
v -0.78950936 0.06917158 0.33175376
v -0.6875443 0.1027578 -0.2438019
v 0.2903325 0.10810462 0.3962361
v 0.26249605 0.10762136 0.43834287
v -0.7153654 0.102274776 -0.20171666
v -0.7153654 0.102274776 -0.20171666
v -0.729303 0.05834343 -0.18119332
v -0.6875443 0.1027578 -0.2438019
v -0.673661 0.059309486 -0.26536363
v -0.6875972 0.015525448 -0.24483266
v -0.71541893 0.015525442 -0.20274723
v -0.729303 0.05834343 -0.18119332
v 0.2485517 0.063667215 0.4588778
v 0.26244214 0.018329246 0.43729234
v -0.71541893 0.015525442 -0.20274723
v -0.6038417 0.079064086 -1.1105721
v -0.3954417 0.21706182 -0.6824097
v -0.64091766 0.14331871 -1.1085994
v -0.36607862 0.16617385 -0.6839715
v -0.17521232 0.3627566 -0.1344333
v -0.15361546 0.3253261 -0.13558367
v 1.0277652 0.07570267 -0.24585442
v 0.5236944 0.18219776 -0.26416695
v 1.0357805 0.137967 -0.28112417
v 0.5165115 0.12639005 -0.2325544
v -0.14006278 0.3012301 -0.29377627
v -0.14530073 0.26054078 -0.27072808
v 0.5156152 0.11984421 -0.9142753
v 0.55394983 0.13657749 -0.86003137
v 0.053460658 0.18494916 -0.55327094
v 0.021191955 0.17086373 -0.5989315
v -0.3717309 0.2424235 -0.22253276
v -0.39639777 0.23165624 -0.25743687
v -0.21042463 0.2898672 -0.10029911
v -0.23210447 0.3288567 -0.09949499
v -0.17116143 0.28769878 -0.11825162
v -0.17521232 0.3627566 -0.1344333
v -0.15361546 0.3253261 -0.13558367
v -0.21445748 0.36452162 -0.11639029
v -0.6038417 0.079064086 -1.1105721
v -0.64091766 0.14331871 -1.1085994
v -0.6341484 0.018052984 -1.0816064
v -0.73857844 0.085124716 -1.0486214
v -0.7015514 0.021775385 -1.0507883
v -0.70828617 0.146349 -1.0776241
v -0.2648963 0.08248136 -0.047819402
v -0.22356318 0.0180466 -0.0071211085
v 0.54947263 0.0152173815 -0.72941214
v 0.48665828 0.11661117 -0.77918255
v 0.8821549 0.13992734 -0.29062593
v 0.6319445 0.15172629 -0.12183743
v 0.6106663 0.15414223 -0.15413982
v 0.8550251 0.14300781 -0.3318082
v -0.7015514 0.021775385 -1.0507883
v -0.390123 0.11889842 -0.66128516
v -0.6341484 0.018052984 -1.0816064
v -0.44350392 0.12184669 -0.6368769
v -0.17116143 0.28769878 -0.11825162
v -0.21042463 0.2898672 -0.10029911
v 0.14984208 0.11111711 0.25118327
v 0.14636035 0.13460726 0.23961657
v -0.18557678 0.13955481 0.31032902
v -0.18117394 0.110474184 0.32514268
v -0.7153654 0.102274776 -0.20171666
v 0.26249605 0.10762136 0.43834287
v 0.2485517 0.063667215 0.4588778
v -0.729303 0.05834343 -0.18119332
v 1.0110247 0.01733737 -0.35428467
v 0.50559294 0.07327897 -0.26530996
v 1.0153422 0.015152615 -0.282443
v 0.5017241 0.07523699 -0.32970175
v -0.15380648 0.2186759 -0.29466963
v -0.15662819 0.2201036 -0.34161732
v 1.0313449 0.13947268 -0.35297945
v 0.50856 0.12908918 -0.3613613
v 1.0188932 0.07871413 -0.3895639
v 0.5197196 0.18354714 -0.3285706
v -0.15109822 0.26250875 -0.36464104
v -0.14296052 0.3022139 -0.34073293
v 0.5236944 0.18219776 -0.26416695
v -0.14006278 0.3012301 -0.29377627
v -0.14296052 0.3022139 -0.34073293
v 0.5197196 0.18354714 -0.3285706
v 1.0357805 0.137967 -0.28112417
v 1.0313449 0.13947268 -0.35297945
v 0.83652186 0.102042556 -0.35232517
v 0.5961522 0.12201075 -0.17023154
v 0.60269123 0.08589992 -0.15403625
v 0.8450673 0.057309683 -0.33165866
v -0.3954417 0.21706182 -0.6824097
v -0.17521232 0.3627566 -0.1344333
v -0.21445748 0.36452162 -0.11639029
v -0.4487963 0.21946193 -0.65787685
v -0.64091766 0.14331871 -1.1085994
v -0.70828617 0.146349 -1.0776241
v 0.5076852 0.12587029 0.59959686
v 0.04835599 0.109620005 -0.17411375
v 0.09210482 0.062468782 -0.20228496
v 0.558205 0.069358245 0.56708384
v -0.78950936 0.06917158 0.33175376
v -0.50825894 0.07234369 0.20505199
v -0.786865 0.021775166 0.3024175
v -0.51020193 0.109077364 0.22827524
v -0.064068496 0.15324354 0.09985089
v -0.06588011 0.18245585 0.11699149
v 0.18701029 0.11794174 0.05207579
v -0.120718926 0.16937286 -0.2397634
v -0.15837833 0.16765037 -0.17584503
v 0.21683612 0.119305745 0.0014544278
v 0.6972281 0.020821303 0.3202441
v 0.7245371 0.022070251 0.27389503
v 0.8450673 0.057309683 -0.33165866
v 0.60269123 0.08589992 -0.15403625
v 0.62364185 0.08160573 -0.1217708
v 0.8721959 0.05422946 -0.2904758
v 0.55394983 0.13657749 -0.86003137
v 0.57664 0.08770305 -0.81774104
v 0.07256014 0.14380878 -0.5176731
v 0.053460658 0.18494916 -0.55327094
v -0.35713083 0.2109748 -0.19532081
v -0.3717309 0.2424235 -0.22253276
v -0.673661 0.059309486 -0.26536363
v 0.30422243 0.06463383 0.37466332
v 0.2903325 0.10810462 0.3962361
v -0.6875443 0.1027578 -0.2438019
v -0.2648963 0.08248136 -0.047819402
v -0.22843026 0.12577477 -0.0048964545
v -0.18832634 0.06174813 0.034251392
v -0.22356318 0.0180466 -0.0071211085
v -0.786865 0.021775166 0.3024175
v -0.5164611 0.07204749 0.16113654
v -0.7972207 0.021401383 0.24696666
v -0.50825894 0.07234369 0.20505199
v -0.07010104 0.15302579 0.067549884
v -0.064068496 0.15324354 0.09985089
v 0.1580221 0.13312107 0.28928512
v 0.15573272 0.10912508 0.2759024
v -0.1737395 0.10952686 0.35680443
v -0.17070827 0.13766016 0.37365192
v 0.10522553 0.16197573 0.14533678
v 0.093976915 0.12807949 0.12877789
v -0.5813328 0.027871896 0.77906203
v -0.56183285 0.08296318 0.8072716
v -0.8437806 0.14399865 -0.4123332
v -0.14960307 0.14191031 -0.24745356
v -0.1644657 0.08390321 -0.192374
v -0.8614206 0.0750508 -0.346899
v 1.0357805 0.137967 -0.28112417
v 1.0153422 0.015152615 -0.282443
v 1.0277652 0.07570267 -0.24585442
v 1.0188932 0.07871413 -0.3895639
v 1.0313449 0.13947268 -0.35297945
v 1.0110247 0.01733737 -0.35428467
v -0.5164611 0.07204749 0.16113654
v -0.07010104 0.15302579 0.067549884
v -0.07805413 0.18263993 0.052404046
v -0.5267532 0.10932754 0.14046587
v -0.7972207 0.021401383 0.24696666
v -0.8104071 0.06948758 0.2208811
v 0.5072238 0.014473872 0.6008354
v 0.04796423 0.014129873 -0.1730622
v 0.004220575 0.06347363 -0.14490333
v 0.45670152 0.070518866 0.6333576
v 0.63871 0.11717866 -0.10562809
v 0.62364185 0.08160573 -0.1217708
v 0.6319445 0.15172629 -0.12183743
v 0.6106663 0.15414223 -0.15413982
v 0.5961522 0.12201075 -0.17023154
v 0.60269123 0.08589992 -0.15403625
v 0.54947263 0.0152173815 -0.72941214
v 0.6035844 0.07774123 -0.6582179
v 0.54150283 0.17851149 -0.7178479
v 0.48665828 0.11661117 -0.77918255
v -0.15380648 0.2186759 -0.29466963
v -0.15662819 0.2201036 -0.34161732
v -0.15109822 0.26250875 -0.36464104
v -0.14296052 0.3022139 -0.34073293
v -0.14006278 0.3012301 -0.29377627
v -0.14530073 0.26054078 -0.27072808
v -0.22843026 0.12577477 -0.0048964545
v -0.2648963 0.08248136 -0.047819402
v 0.48665828 0.11661117 -0.77918255
v 0.54150283 0.17851149 -0.7178479
v -0.6875972 0.015525448 -0.24483266
v 0.29027766 0.018329252 0.39518523
v 0.30422243 0.06463383 0.37466332
v -0.673661 0.059309486 -0.26536363
v 0.558205 0.069358245 0.56708384
v 0.09210482 0.062468782 -0.20228496
v 0.04796423 0.014129873 -0.1730622
v 0.5072238 0.014473872 0.6008354
v 0.14874579 0.15631676 0.25281915
v 0.15457702 0.15557373 0.2776528
v -0.1751001 0.16628553 0.3588222
v -0.18253419 0.16723289 0.32716015
v 0.14636035 0.13460726 0.23961657
v 0.14874579 0.15631676 0.25281915
v -0.18253419 0.16723289 0.32716015
v -0.18557678 0.13955481 0.31032902
v -0.8442161 0.0140310135 -0.41361654
v -0.14999306 0.02447434 -0.24860226
v -0.13512641 0.0851063 -0.30366826
v -0.8265801 0.0764794 -0.47905982
v -0.18832634 0.06174813 0.034251392
v -0.22843026 0.12577477 -0.0048964545
v 0.54150283 0.17851149 -0.7178479
v 0.6035844 0.07774123 -0.6582179
v -0.37943268 0.16159697 -0.21999678
v -0.3717309 0.2424235 -0.22253276
v -0.35713083 0.2109748 -0.19532081
v -0.39639777 0.23165624 -0.25743687
v -0.40646517 0.1894403 -0.26512873
v -0.390123 0.11889842 -0.66128516
v -0.17116143 0.28769878 -0.11825162
v -0.15361546 0.3253261 -0.13558367
v -0.36607862 0.16617385 -0.6839715
v -0.6341484 0.018052984 -1.0816064
v -0.6038417 0.079064086 -1.1105721
v 0.04796423 0.014129873 -0.1730622
v 0.09210482 0.062468782 -0.20228496
v 0.04835599 0.109620005 -0.17411375
v 0.004220575 0.06347363 -0.14490333
v 0.89077896 0.09588213 -0.26996106
v 0.63871 0.11717866 -0.10562809
v 0.6319445 0.15172629 -0.12183743
v 0.8821549 0.13992734 -0.29062593
v 0.15573272 0.10912508 0.2759024
v 0.14984208 0.11111711 0.25118327
v -0.18117394 0.110474184 0.32514268
v -0.1737395 0.10952686 0.35680443
v 0.54179233 0.014237579 -0.8569526
v 0.49997032 0.054236323 -0.92622924
v 0.008022483 0.11563797 -0.6089938
v 0.043316245 0.08041693 -0.55027056
v -0.40646517 0.1894403 -0.26512873
v -0.37943268 0.16159697 -0.21999678
v -0.8265801 0.0764794 -0.47905982
v -0.13512641 0.0851063 -0.30366826
v -0.14960307 0.14191031 -0.24745356
v -0.8437806 0.14399865 -0.4123332
v 0.15457702 0.15557373 0.2776528
v 0.15573272 0.10912508 0.2759024
v 0.1580221 0.13312107 0.28928512
v 0.14874579 0.15631676 0.25281915
v 0.14636035 0.13460726 0.23961657
v 0.14984208 0.11111711 0.25118327
v 0.09070571 0.1950634 0.13414754
v 0.10522553 0.16197573 0.14533678
v -0.56183285 0.08296318 0.8072716
v -0.58680433 0.13986818 0.7880281
v 0.8550251 0.14300781 -0.3318082
v 0.6106663 0.15414223 -0.15413982
v 0.5961522 0.12201075 -0.17023154
v 0.83652186 0.102042556 -0.35232517
v 0.053519197 0.16386415 0.09014428
v 0.064851895 0.1960075 0.106551975
v -0.6312673 0.14149208 0.74056745
v -0.6507578 0.086211026 0.7123506
v 0.068107076 0.12938394 0.10121468
v 0.053519197 0.16386415 0.09014428
v -0.6507578 0.086211026 0.7123506
v -0.62582535 0.030115265 0.7316583
v 0.093976915 0.12807949 0.12877789
v 0.068107076 0.12938394 0.10121468
v -0.62582535 0.030115265 0.7316583
v -0.5813328 0.027871896 0.77906203
v 0.09070571 0.1950634 0.13414754
v 0.093976915 0.12807949 0.12877789
v 0.10522553 0.16197573 0.14533678
v 0.064851895 0.1960075 0.106551975
v 0.053519197 0.16386415 0.09014428
v 0.068107076 0.12938394 0.10121468
v -0.5813328 0.027871896 0.77906203
v -0.58680433 0.13986818 0.7880281
v -0.56183285 0.08296318 0.8072716
v -0.6312673 0.14149208 0.74056745
v -0.6507578 0.086211026 0.7123506
v -0.62582535 0.030115265 0.7316583
v -0.71541893 0.015525442 -0.20274723
v 0.26244214 0.018329246 0.43729234
v 0.29027766 0.018329252 0.39518523
v -0.6875972 0.015525448 -0.24483266
v -0.8265801 0.0764794 -0.47905982
v -0.8437806 0.14399865 -0.4123332
v -0.8614206 0.0750508 -0.346899
v -0.8442161 0.0140310135 -0.41361654
v 1.3808441 -0.03642185 -0.3032776
v 1.2805374 -0.035214797 -0.22814345
v 1.1419361 0.816097 -0.070911676
v 1.1917224 0.8161464 -0.12081978
v 1.1764686 1.3752127 -0.093334645
v 1.1465936 1.3810096 -0.039184496
v 1.1954644 1.8638892 -0.15094036
v 1.2172458 1.8503456 -0.19455129
v 1.0075262 1.6078658 0.057455495
v 1.0577929 1.3450987 -0.10034424
v 1.0792706 1.4117401 -0.12275025
v 0.97485995 1.5791578 0.084412634
v 0.96287155 1.8715558 0.23504472
v 0.92887187 1.8538032 0.25849485
v 0.188638 1.691915 0.01940757
v 0.18120557 1.6893764 0.05417289
v 0.06781043 1.5987973 0.017847974
v 0.07581659 1.6011724 -0.025787134
v 1.1522734 -0.03363707 -0.40282905
v 1.2532978 -0.034852967 -0.47700322
v 1.1070111 0.818316 -0.20677477
v 1.0569904 0.8182688 -0.15757757
v 1.0814238 1.3761811 -0.14707533
v 1.0510294 1.3819792 -0.09321529
v 1.137649 1.8509231 -0.23547316
v 1.1154361 1.8644676 -0.19208315
v 1.0824156 -0.032807097 -0.2682197
v 1.1906309 0.33681285 -0.34577775
v 1.1308074 0.33835173 -0.29565412
v 1.001154 -0.031829394 -0.20612776
v 0.93521357 1.8410549 0.3011402
v 0.9768176 1.8458748 0.3219968
v 1.0384452 1.5663333 0.14780301
v 0.9895909 1.5585277 0.12886053
v 1.1468077 1.3436875 -0.051553704
v 1.0939586 1.3180346 -0.06428376
v 1.0384452 1.5663333 0.14780301
v 1.1590674 1.4104328 -0.079042405
v 1.1468077 1.3436875 -0.051553704
v 1.0707695 1.5951061 0.12050328
v 0.9768176 1.8458748 0.3219968
v 1.0105591 1.863668 0.29820466
v 1.0105591 1.863668 0.29820466
v 1.0032177 1.8765697 0.25423902
v 1.0549273 1.6159511 0.074947506
v 1.0707695 1.5951061 0.12050328
v 1.1258924 1.4414797 -0.11340815
v 1.1590674 1.4104328 -0.079042405
v 1.1897511 -0.034126654 -0.12769717
v 1.1079018 -0.033141717 -0.06638825
v 1.2169628 0.3359561 -0.1931284
v 1.2773087 0.33441174 -0.24270946
v 1.3680472 -0.036251076 -0.42659557
v 1.3808441 -0.03642185 -0.3032776
v 1.1917224 0.8161464 -0.12081978
v 1.1746893 0.81725883 -0.18800047
v 1.1434467 1.3728051 -0.14752972
v 1.1764686 1.3752127 -0.093334645
v 1.2172458 1.8503456 -0.19455129
v 1.1877213 1.8438659 -0.23713458
v 0.08362587 1.5645056 0.041504428
v 0.06781043 1.5987973 0.017847974
v 0.18120557 1.6893764 0.05417289
v 0.19344091 1.66149 0.07302776
v -1.1496124 1.0475938 0.29060012
v -1.0653174 1.8803978 0.30642092
v -1.0154476 1.8771615 0.3329351
v -1.2118316 1.0468669 0.2583282
v -1.2442617 0.30415714 0.1847952
v -1.3409607 0.30283588 0.14420858
v -1.225483 -0.032737203 0.21985286
v -1.343256 -0.034505032 0.17699876
v 0.11630374 1.5335526 -0.02202927
v 0.22125405 1.6375003 0.022418693
v 0.20830351 1.6665659 0.0034925044
v 0.099635184 1.5692537 -0.045771167
v -1.4810336 1.676568 0.23665237
v -0.8026459 1.5634184 0.1778847
v -1.4718757 1.6121833 0.26750553
v -0.80972743 1.6197727 0.15076983
v 0.09188776 1.6000915 0.028735101
v 0.095981896 1.5496583 0.053204067
v 0.7136409 1.6214507 -0.0068407767
v 0.7147472 1.5777223 0.014464974
v 1.2775855 1.5794811 0.012983896
v 1.2795799 1.6266418 -0.010229731
v 1.2532978 -0.034852967 -0.47700322
v 1.3680472 -0.036251076 -0.42659557
v 1.1746893 0.81725883 -0.18800047
v 1.1070111 0.818316 -0.20677477
v 1.0814238 1.3761811 -0.14707533
v 1.1434467 1.3728051 -0.14752972
v 1.1877213 1.8438659 -0.23713458
v 1.137649 1.8509231 -0.23547316
v 0.97485995 1.5791578 0.084412634
v 1.0939586 1.3180346 -0.06428376
v 1.0577929 1.3450987 -0.10034424
v 0.9895909 1.5585277 0.12886053
v 0.92887187 1.8538032 0.25849485
v 0.93521357 1.8410549 0.3011402
v 1.0549273 1.6159511 0.074947506
v 1.0792706 1.4117401 -0.12275025
v 1.1258924 1.4414797 -0.11340815
v 1.0075262 1.6078658 0.057455495
v 1.0032177 1.8765697 0.25423902
v 0.96287155 1.8715558 0.23504472
v -1.1516716 -0.029320858 0.0159349
v -1.1310534 -0.030173011 0.13955647
v -1.162492 0.3057015 0.12154454
v -1.1747072 0.30598766 0.017382286
v -1.0908697 1.0480535 0.25284803
v -1.0933576 1.0478225 0.18279606
v -0.96529436 1.8815742 0.30336118
v -0.96655965 1.8892016 0.24732041
v -1.4983194 1.5567088 0.15916514
v -0.8322301 1.5711226 0.05600539
v -1.5074782 1.6208835 0.12829256
v -0.8251612 1.5147274 0.08310765
v 0.07816206 1.5569191 -0.05720994
v 0.08225292 1.5044091 -0.03287092
v 0.70969856 1.5840645 -0.081763536
v 0.71080923 1.5384045 -0.060578078
v 1.2871742 1.5862911 -0.09156448
v 1.285218 1.536686 -0.06849676
v -1.5050194 1.6936021 -0.010420274
v -1.4852324 1.7253551 0.011831474
v -1.1386352 1.3430433 0.28456235
v -1.162607 1.2998767 0.25866365
v 1.1465936 1.3810096 -0.039184496
v 1.1432912 1.8709502 -0.15034562
v 1.1954644 1.8638892 -0.15094036
v 1.0826542 1.3843951 -0.039805204
v 1.0744505 0.8171638 -0.08940253
v 1.1419361 0.816097 -0.070911676
v 1.2805374 -0.035214797 -0.22814345
v 1.1659973 -0.03381928 -0.2782489
v -1.4852324 1.7253551 0.011831474
v -1.4483347 1.7453537 -0.004209852
v -1.0941081 1.3738711 0.26424652
v -1.1386352 1.3430433 0.28456235
v -1.5074782 1.6208835 0.12829256
v -0.82451797 1.623625 0.08982846
v -1.4988353 1.680918 0.16704598
v -0.8322301 1.5711226 0.05600539
v 0.08298066 1.6037216 -0.026469566
v 0.07816206 1.5569191 -0.05720994
v 0.70969856 1.5840645 -0.081763536
v 0.71111965 1.6246209 -0.054952815
v 1.2871742 1.5862911 -0.09156448
v 1.284378 1.6300468 -0.06250055
v -1.4890914 1.6807628 -0.04884152
v -1.5050194 1.6936021 -0.010420274
v -1.162607 1.2998767 0.25866365
v -1.1402843 1.2864518 0.20844418
v -1.3650575 -0.033676907 0.053575665
v -1.2690859 -0.031081103 -0.026993252
v -1.2706857 0.30468792 -0.02328837
v -1.3541732 0.30310154 0.040165044
v -1.1559293 1.0471008 0.1505509
v -1.2149901 1.046624 0.18830281
v -1.0190611 1.8923898 0.22087425
v -1.0671237 1.8880153 0.25039458
v 0.22125405 1.6375003 0.022418693
v 0.188638 1.691915 0.01940757
v 0.20830351 1.6665659 0.0034925044
v 0.19344091 1.66149 0.07302776
v 0.21364379 1.6352549 0.057165757
v 0.18120557 1.6893764 0.05417289
v 0.10807651 1.5315423 0.021582805
v 0.21364379 1.6352549 0.057165757
v 0.22125405 1.6375003 0.022418693
v 0.11630374 1.5335526 -0.02202927
v -0.96529436 1.8815742 0.30336118
v -1.0154476 1.8771615 0.3329351
v -0.96655965 1.8892016 0.24732041
v -1.0671237 1.8880153 0.25039458
v -1.0190611 1.8923898 0.22087425
v -1.0653174 1.8803978 0.30642092
v 1.0510294 1.3819792 -0.09321529
v 1.1154361 1.8644676 -0.19208315
v 1.1432912 1.8709502 -0.15034562
v 1.0826542 1.3843951 -0.039805204
v 1.0569904 0.8182688 -0.15757757
v 1.0744505 0.8171638 -0.08940253
v 1.1659973 -0.03381928 -0.2782489
v 1.1522734 -0.03363707 -0.40282905
v -1.0908697 1.0480535 0.25284803
v -1.0154476 1.8771615 0.3329351
v -0.96529436 1.8815742 0.30336118
v -1.1496124 1.0475938 0.29060012
v -1.162492 0.3057015 0.12154454
v -1.2442617 0.30415714 0.1847952
v -1.1310534 -0.030173011 0.13955647
v -1.225483 -0.032737203 0.21985286
v -1.4483347 1.7453537 -0.004209852
v -1.4852324 1.7253551 0.011831474
v -1.4321015 1.7327967 -0.042598203
v -1.4890914 1.6807628 -0.04884152
v -1.4533701 1.6996698 -0.06501374
v -1.5050194 1.6936021 -0.010420274
v -1.4483347 1.7453537 -0.004209852
v -1.4321015 1.7327967 -0.042598203
v -1.0714307 1.3608522 0.21407884
v -1.0941081 1.3738711 0.26424652
v -1.4718757 1.6121833 0.26750553
v -0.8103728 1.5114768 0.14408386
v -1.4805226 1.5530467 0.2288099
v -0.8026459 1.5634184 0.1778847
v 0.09115924 1.5013165 0.022366613
v 0.095981896 1.5496583 0.053204067
v 0.7147472 1.5777223 0.014464974
v 0.7133291 1.5356994 -0.012437798
v 1.2804127 1.5337839 -0.016195752
v 1.2775855 1.5794811 0.012983896
v 1.2804127 1.5337839 -0.016195752
v 1.2775855 1.5794811 0.012983896
v 1.285218 1.536686 -0.06849676
v 1.2871742 1.5862911 -0.09156448
v 1.284378 1.6300468 -0.06250055
v 1.2795799 1.6266418 -0.010229731
v -1.4890914 1.6807628 -0.04884152
v -1.1402843 1.2864518 0.20844418
v -1.0967166 1.3161886 0.18799037
v -1.4533701 1.6996698 -0.06501374
v -1.4321015 1.7327967 -0.042598203
v -1.4533701 1.6996698 -0.06501374
v -1.0967166 1.3161886 0.18799037
v -1.0714307 1.3608522 0.21407884
v 0.71111965 1.6246209 -0.054952815
v 1.284378 1.6300468 -0.06250055
v 1.2795799 1.6266418 -0.010229731
v 0.7136409 1.6214507 -0.0068407767
v 0.08298066 1.6037216 -0.026469566
v 0.09188776 1.6000915 0.028735101
v -0.80972743 1.6197727 0.15076983
v -0.82451797 1.623625 0.08982846
v -1.4988353 1.680918 0.16704598
v -1.4810336 1.676568 0.23665237
v -1.4810336 1.676568 0.23665237
v -1.4718757 1.6121833 0.26750553
v -1.4988353 1.680918 0.16704598
v -1.5074782 1.6208835 0.12829256
v -1.4983194 1.5567088 0.15916514
v -1.4805226 1.5530467 0.2288099
v 0.08362587 1.5645056 0.041504428
v 0.19344091 1.66149 0.07302776
v 0.21364379 1.6352549 0.057165757
v 0.10807651 1.5315423 0.021582805
v 0.7133291 1.5356994 -0.012437798
v 1.2804127 1.5337839 -0.016195752
v 1.285218 1.536686 -0.06849676
v 0.71080923 1.5384045 -0.060578078
v 0.09115924 1.5013165 0.022366613
v 0.08225292 1.5044091 -0.03287092
v -0.8103728 1.5114768 0.14408386
v -0.8251612 1.5147274 0.08310765
v -1.4805226 1.5530467 0.2288099
v -1.4983194 1.5567088 0.15916514
v -1.0653174 1.8803978 0.30642092
v -1.2149901 1.046624 0.18830281
v -1.0671237 1.8880153 0.25039458
v -1.2118316 1.0468669 0.2583282
v -1.3541732 0.30310154 0.040165044
v -1.3409607 0.30283588 0.14420858
v -1.343256 -0.034505032 0.17699876
v -1.3650575 -0.033676907 0.053575665
v 1.1079018 -0.033141717 -0.06638825
v 1.0142851 -0.032001473 -0.104704216
v 1.1444829 0.33792484 -0.21861047
v 1.2169628 0.3359561 -0.1931284
v 0.099635184 1.5692537 -0.045771167
v 0.20830351 1.6665659 0.0034925044
v 0.188638 1.691915 0.01940757
v 0.07581659 1.6011724 -0.025787134
v -1.2690859 -0.031081103 -0.026993252
v -1.1516716 -0.029320858 0.0159349
v -1.1747072 0.30598766 0.017382286
v -1.2706857 0.30468792 -0.02328837
v -1.0933576 1.0478225 0.18279606
v -1.1559293 1.0471008 0.1505509
v -0.96655965 1.8892016 0.24732041
v -1.0190611 1.8923898 0.22087425
v 1.1154361 1.8644676 -0.19208315
v 1.1954644 1.8638892 -0.15094036
v 1.1432912 1.8709502 -0.15034562
v 1.137649 1.8509231 -0.23547316
v 1.1877213 1.8438659 -0.23713458
v 1.2172458 1.8503456 -0.19455129
v 1.0824156 -0.032807097 -0.2682197
v 1.1768084 -0.033956885 -0.22888851
v 1.2642169 0.3348446 -0.31892824
v 1.1906309 0.33681285 -0.34577775
v 1.1768084 -0.033956885 -0.22888851
v 1.1897511 -0.034126654 -0.12769717
v 1.2773087 0.33441174 -0.24270946
v 1.2642169 0.3348446 -0.31892824
v 1.0142851 -0.032001473 -0.104704216
v 1.001154 -0.031829394 -0.20612776
v 1.1308074 0.33835173 -0.29565412
v 1.1444829 0.33792484 -0.21861047
v 1.0032177 1.8765697 0.25423902
v 1.0105591 1.863668 0.29820466
v 0.9768176 1.8458748 0.3219968
v 0.96287155 1.8715558 0.23504472
v 0.92887187 1.8538032 0.25849485
v 0.93521357 1.8410549 0.3011402
v -3.9370832 0.19671154 5.6006246
v -3.6773171 -0.070000306 5.918526
v -5.3580203 -0.07000016 4.8962784
v -5.332259 0.1967116 4.752049
v -4.6726136 2.429123 3.5368927
v -4.3735538 1.5322008 1.7184911
v -3.8061166 2.503152 2.0990646
v -5.1214695 1.5322003 2.9613376
v -5.320104 2.503152 4.6146326
v -5.951564 1.5322003 4.3393183
v -6.8442907 0.19671166 3.8323903
v -5.202256 0.19671214 1.1062999
v -7.2460527 -0.07 3.7479286
v -5.462034 -0.069999546 0.7883959
v -4.797796 1.5322003 5.0410686
v -5.320104 2.503152 4.6146326
v -4.6726136 2.429123 3.5368927
v -3.967702 1.5322003 3.6630874
v -3.8061166 2.503152 2.0990646
v -3.219786 1.5322003 2.4202409
v -2.2950473 0.19671166 2.8745308
v -3.9370832 0.19671154 5.6006246
v -1.8932934 -0.07 2.958992
v -3.6773171 -0.070000306 5.918526
v -2.0687394 0.30405635 3.2190883
v -2.2727394 0.3390926 3.0929043
v -2.14988 0.30944693 2.8860333
v -1.9458733 0.27441072 3.012221
v -3.6498075 0.28047097 5.8558707
v -3.8546991 0.31588697 5.731247
v -3.7266083 0.3363694 5.5264535
v -3.5217044 0.30095333 5.65108
v -7.005354 0.31639212 3.8589034
v -7.2077994 0.27643603 3.7316747
v -7.0823045 0.29759187 3.525343
v -6.8798523 0.33754814 3.6525757
v -5.3708134 0.33876932 1.1367588
v -5.575809 0.30418754 1.0120702
v -5.4472 0.27533525 0.8086157
v -5.2422004 0.30991662 0.93329763
v -3.796669 1.5322006 2.0693643
v -5.202256 0.19671214 1.1062999
v -3.814639 0.1967119 1.9502823
v -4.3735538 1.5322008 1.7184911
v -3.8061166 2.503152 2.0990646
v -3.219786 1.5322003 2.4202409
v -3.6826727 0.1967119 2.0305476
v -2.2950473 0.19671166 2.8745308
v -3.6826727 0.1967119 2.0305476
v -1.8932934 -0.07 2.958992
v -3.5740018 -0.0699998 1.9367455
v -5.3746805 1.5322003 4.690195
v -3.9370832 0.19671154 5.6006246
v -5.332259 0.1967116 4.752049
v -4.797796 1.5322003 5.0410686
v -5.320104 2.503152 4.6146326
v -5.951564 1.5322003 4.3393183
v -5.4491167 0.1967116 4.680969
v -6.8442907 0.19671166 3.8323903
v -5.4491167 0.1967116 4.680969
v -7.2460527 -0.07 3.7479286
v -5.565338 -0.07000015 4.770179
v -3.6826727 0.1967119 2.0305476
v -3.814639 0.1967119 1.9502823
v -3.7813296 -0.069999754 1.8106489
v -3.5740018 -0.0699998 1.9367455
v -5.4491167 0.1967116 4.680969
v -5.332259 0.1967116 4.752049
v -5.3580203 -0.07000016 4.8962784
v -5.565338 -0.07000015 4.770179
v -5.202256 0.19671214 1.1062999
v -5.462034 -0.069999546 0.7883959
v -3.7813296 -0.069999754 1.8106489
v -3.814639 0.1967119 1.9502823
v 7.0869884 0.19671123 -2.6726193
v 7.4482136 -0.07000059 -2.8677192
v 6.127082 -0.07000045 -1.4101883
v 5.990306 0.19671129 -1.4627086
v 4.921512 2.4291224 -2.3398674
v 3.1922498 1.5322003 -2.9768
v 3.6730921 2.503152 -3.4621983
v 4.271583 1.5322003 -2.0077305
v 5.8576565 2.503152 -1.5005871
v 5.468094 1.5322003 -0.9324453
v 4.801771 0.1967114 -0.15145588
v 2.4346418 0.19671182 -2.2785537
v 4.6429906 -0.07000028 0.22714043
v 2.0734136 -0.06999983 -2.0834565
v 6.3750176 1.5321999 -1.9330039
v 5.8576565 2.503152 -1.5005871
v 4.921512 2.4291224 -2.3398674
v 5.178504 1.5322003 -3.0082915
v 3.6730921 2.503152 -3.4621983
v 4.0991745 1.5322003 -3.9773598
v 4.7198563 0.1967114 -4.7997193
v 7.0869884 0.19671123 -2.6726193
v 4.878637 -0.07000028 -5.178316
v 7.4482136 -0.07000059 -2.8677192
v 5.100937 0.30405605 -4.95693
v 4.9385147 0.33909237 -4.7804055
v 4.758553 0.3094467 -4.9401164
v 4.9209785 0.27441043 -5.1166334
v 7.3918724 0.28047073 -2.9065557
v 7.2308106 0.31588668 -2.7288685
v 7.0538797 0.33636904 -2.8933222
v 7.21494 0.30095303 -3.0710132
v 4.7974076 0.31639183 0.011713505
v 4.634247 0.27643573 0.18650413
v 4.4553156 0.29759157 0.024320126
v 4.618474 0.33754778 -0.15047288
v 2.432733 0.33876908 -2.1072803
v 2.2715917 0.30418724 -1.9294951
v 2.09607 0.27533495 -2.0942073
v 2.2572122 0.30991638 -2.271987
v 3.6457121 1.5322003 -3.4770799
v 2.4346418 0.19671182 -2.2785537
v 3.5253785 0.19671164 -3.4819162
v 3.1922498 1.5322003 -2.9768
v 3.6730921 2.503152 -3.4621983
v 4.0991745 1.5322003 -3.9773598
v 3.629115 0.19671158 -3.5963583
v 4.7198563 0.1967114 -4.7997193
v 3.629115 0.19671158 -3.5963583
v 4.878637 -0.07000028 -5.178316
v 3.557508 -0.07000009 -3.7207828
v 5.9215565 1.5322001 -1.4327254
v 7.0869884 0.19671123 -2.6726193
v 5.990306 0.19671129 -1.4627086
v 6.3750176 1.5321999 -1.9330039
v 5.8576565 2.503152 -1.5005871
v 5.468094 1.5322003 -0.9324453
v 5.898451 0.19671129 -1.3613693
v 4.801771 0.1967114 -0.15145588
v 5.898451 0.19671129 -1.3613693
v 4.6429906 -0.07000028 0.22714043
v 5.9641194 -0.07000044 -1.2303928
v 3.629115 0.19671158 -3.5963583
v 3.5253785 0.19671164 -3.4819162
v 3.3945453 -0.070000045 -3.5409873
v 3.557508 -0.07000009 -3.7207828
v 5.898451 0.19671129 -1.3613693
v 5.990306 0.19671129 -1.4627086
v 6.127082 -0.07000045 -1.4101883
v 5.9641194 -0.07000044 -1.2303928
v 2.4346418 0.19671182 -2.2785537
v 2.0734136 -0.06999983 -2.0834565
v 3.3945453 -0.070000045 -3.5409873
v 3.5253785 0.19671164 -3.4819162
vt 0.65672255 0.844169
vt 0.65672255 0.844169
vt 0.65672255 0.844169
vt 0.65672255 0.8441691
vt 0.65672255 0.844169
vt 0.65672255 0.8441691
vt 0.65672255 0.844169
vt 0.65672255 0.8441691
vt 0.65672255 0.84416914
vt 0.65672255 0.844169
vt 0.65672255 0.844169
vt 0.65672255 0.844169
vt 0.65672255 0.844169
vt 0.65672255 0.844169
vt 0.65672255 0.844169
vt 0.65672255 0.8441691
vt 0.65672255 0.844169
vt 0.65672255 0.844169
vt 0.65672255 0.844169
vt 0.65672255 0.8441691
vt 0.65672255 0.844169
vt 0.65672255 0.8441691
vt 0.65672255 0.844169
vt 0.65672255 0.8441691
vt 0.65672255 0.844169
vt 0.65672255 0.8441691
vt 0.65672255 0.844169
vt 0.65672255 0.844169
vt 0.65672255 0.844169
vt 0.65672255 0.844169
vt 0.65672255 0.844169
vt 0.65672255 0.844169
vt 0.65672255 0.844169
vt 0.65672255 0.844169
vt 0.65672255 0.844169
vt 0.65672255 0.844169
vt 0.8435147 0.15343644
vt 0.8435147 0.15343644
vt 0.8435147 0.15343644
vt 0.7810147 0.15343644
vt 0.7810147 0.15343644
vt 0.7810147 0.15343644
vt 0.7185147 0.15343644
vt 0.7185147 0.15343644
vt 0.7185147 0.15343644
vt 0.7185147 0.15343644
vt 0.7185147 0.15343644
vt 0.7185147 0.15343644
vt 0.7185147 0.15343644
vt 0.7185147 0.15343644
vt 0.7185147 0.15343644
vt 0.8435147 0.15343644
vt 0.8435147 0.15343644
vt 0.8435147 0.15343644
vt 0.8435147 0.15343644
vt 0.8435147 0.15343644
vt 0.8435147 0.15343644
vt 0.8435147 0.15343644
vt 0.8435147 0.15343644
vt 0.8435147 0.15343644
vt 0.7818207 0.15395272
vt 0.7818207 0.15395272
vt 0.7818207 0.15395272
vt 0.7818207 0.15395272
vt 0.7818207 0.15395272
vt 0.7818207 0.15395272
vt 0.8435147 0.15343644
vt 0.8435147 0.15343644
vt 0.8435147 0.15343644
vt 0.8435147 0.15343644
vt 0.8435147 0.15343644
vt 0.8435147 0.15343644
vt 0.7185147 0.15343644
vt 0.7185147 0.15343644
vt 0.7185147 0.15343644
vt 0.7185147 0.15343644
vt 0.7185147 0.15343644
vt 0.7185147 0.15343644
vt 0.7818207 0.15395272
vt 0.7818207 0.15395272
vt 0.7818207 0.15395272
vt 0.7818207 0.15395272
vt 0.7818207 0.15395272
vt 0.7818207 0.15395272
vt 0.7185147 0.15343644
vt 0.7185147 0.15343644
vt 0.7185147 0.15343644
vt 0.8435147 0.15343644
vt 0.8435147 0.15343644
vt 0.8435147 0.15343644
vt 0.8435147 0.15343644
vt 0.8435147 0.15343644
vt 0.8435147 0.15343644
vt 0.7818207 0.15395272
vt 0.7818207 0.15395272
vt 0.7818207 0.15395272
vt 0.7818207 0.15395272
vt 0.7818207 0.15395272
vt 0.7818207 0.15395272
vt 0.7818207 0.15395272
vt 0.7818207 0.15395272
vt 0.7818207 0.15395272
vt 0.7818207 0.15395272
vt 0.7818207 0.15395272
vt 0.7818207 0.15395272
vt 0.8435147 0.15343644
vt 0.8435147 0.15343644
vt 0.8435147 0.15343644
vt 0.8435147 0.15343644
vt 0.8435147 0.15343644
vt 0.8435147 0.15343644
vt 0.8435147 0.15343644
vt 0.8435147 0.15343644
vt 0.8435147 0.15343644
vt 0.8435147 0.15343644
vt 0.8435147 0.15343644
vt 0.8435147 0.15343644
vt 0.7185147 0.15343644
vt 0.7185147 0.15343644
vt 0.7185147 0.15343644
vt 0.7185147 0.15343644
vt 0.7185147 0.15343644
vt 0.7185147 0.15343644
vt 0.7818207 0.15395272
vt 0.7818207 0.15395272
vt 0.7818207 0.15395272
vt 0.7818207 0.15395272
vt 0.7818207 0.15395272
vt 0.7818207 0.15395272
vt 0.34168828 0.029794365
vt 0.34168828 0.029794365
vt 0.34168828 0.029794365
vt 0.34168828 0.029794365
vt 0.34168828 0.029794365
vt 0.34168828 0.029794365
vt 0.34168828 0.029794365
vt 0.34168828 0.029794365
vt 0.34168828 0.029794365
vt 0.34168828 0.029794365
vt 0.34168828 0.029794365
vt 0.34168828 0.029794365
vt 0.34168828 0.029794365
vt 0.34168828 0.029794365
vt 0.34168828 0.029794365
vt 0.34168828 0.029794365
vt 0.34168828 0.029794365
vt 0.34168828 0.029794365
vt 0.34168828 0.029794365
vt 0.34168828 0.029794365
vt 0.34168828 0.029794365
vt 0.34168828 0.029794365
vt 0.34168828 0.029794365
vt 0.34168828 0.029794365
vt 0.34168828 0.029794365
vt 0.34168828 0.029794365
vt 0.34168828 0.029794365
vt 0.34168828 0.029794365
vt 0.34168828 0.029794365
vt 0.34168828 0.029794365
vt 0.34168828 0.029794365
vt 0.34168828 0.029794365
vt 0.34168828 0.029794365
vt 0.34168828 0.029794365
vt 0.34168828 0.029794365
vt 0.34168828 0.029794365
vt 0.34168828 0.029794365
vt 0.34168828 0.029794365
vt 0.34168828 0.029794365
vt 0.34168828 0.029794365
vt 0.34168828 0.029794365
vt 0.34168828 0.029794365
vt 0.34168828 0.029794365
vt 0.34168828 0.029794365
vt 0.34168828 0.029794365
vt 0.34168828 0.029794365
vt 0.34168828 0.029794365
vt 0.34168828 0.029794365
vt 0.9740462 0.84167093
vt 0.9740462 0.84167093
vt 0.9740462 0.84167093
vt 0.9740462 0.84167093
vt 0.9740462 0.84167093
vt 0.9740462 0.84167093
vt 0.34168828 0.029794365
vt 0.34168828 0.029794365
vt 0.34168828 0.029794365
vt 0.34168828 0.029794365
vt 0.34168828 0.029794365
vt 0.34168828 0.029794365
vt 0.34168828 0.029794365
vt 0.34168828 0.029794365
vt 0.34168828 0.029794365
vt 0.34168828 0.029794365
vt 0.34168828 0.029794365
vt 0.34168828 0.029794365
vt 0.34168828 0.029794365
vt 0.34168828 0.029794365
vt 0.34168828 0.029794365
vt 0.34168828 0.029794365
vt 0.34168828 0.029794365
vt 0.34168828 0.029794365
vt 0.34168828 0.029794365
vt 0.34168828 0.029794365
vt 0.34168828 0.029794365
vt 0.34168828 0.029794365
vt 0.34168828 0.029794365
vt 0.34168828 0.029794365
vt 0.34168828 0.029794365
vt 0.34168828 0.029794365
vt 0.34168828 0.029794365
vt 0.34168828 0.029794365
vt 0.34168828 0.029794365
vt 0.34168828 0.029794365
vt 0.34168828 0.029794365
vt 0.34168828 0.029794365
vt 0.34168828 0.029794365
vt 0.34168828 0.029794365
vt 0.34168828 0.029794365
vt 0.34168828 0.029794365
vt 0.34168828 0.029794365
vt 0.34168828 0.029794365
vt 0.34168828 0.029794365
vt 0.34168828 0.029794365
vt 0.34168828 0.029794365
vt 0.34168828 0.029794365
vt 0.34168828 0.029794365
vt 0.34168828 0.029794365
vt 0.34168828 0.029794365
vt 0.34168828 0.029794365
vt 0.34168828 0.029794365
vt 0.34168828 0.029794365
vt 0.9740462 0.84167093
vt 0.9740462 0.84167093
vt 0.9740462 0.84167093
vt 0.9740462 0.84167093
vt 0.9740462 0.84167093
vt 0.9740462 0.84167093
vt 0.8435147 0.15343644
vt 0.8435147 0.15343644
vt 0.8435147 0.15343644
vt 0.8435147 0.15343644
vt 0.8435147 0.15343644
vt 0.8435147 0.15343644
vt 0.8435147 0.15343644
vt 0.8435147 0.15343644
vt 0.8435147 0.15343644
vt 0.8435147 0.15343644
vt 0.8435147 0.15343644
vt 0.8435147 0.15343644
vt 0.8435147 0.15343644
vt 0.8435147 0.15343644
vt 0.8435147 0.15343644
vt 0.8435147 0.15343644
vt 0.7818207 0.15395272
vt 0.7818207 0.15395272
vt 0.7818207 0.15395272
vt 0.7818207 0.15395272
vt 0.8435147 0.15343644
vt 0.8435147 0.15343644
vt 0.8435147 0.15343644
vt 0.8435147 0.15343644
vt 0.8435147 0.15343644
vt 0.8435147 0.15343644
vt 0.7818207 0.15395272
vt 0.7818207 0.15395272
vt 0.7818207 0.15395272
vt 0.7818207 0.15395272
vt 0.8435147 0.15343644
vt 0.8435147 0.15343644
vt 0.8435147 0.15343644
vt 0.8435147 0.15343644
vt 0.7810147 0.15343644
vt 0.7810147 0.15343644
vt 0.7810147 0.15343644
vt 0.7810147 0.15343644
vt 0.8435147 0.15343644
vt 0.8435147 0.15343644
vt 0.8435147 0.15343644
vt 0.8435147 0.15343644
vt 0.7818207 0.15395272
vt 0.7818207 0.15395272
vt 0.7818207 0.15395272
vt 0.7818207 0.15395272
vt 0.7818207 0.15395272
vt 0.7818207 0.15395272
vt 0.7818207 0.15395272
vt 0.7818207 0.15395272
vt 0.7818207 0.15395272
vt 0.7818207 0.15395272
vt 0.7818207 0.15395272
vt 0.7818207 0.15395272
vt 0.84586954 0.15546215
vt 0.84586954 0.15546215
vt 0.84586954 0.15546215
vt 0.84586954 0.15546215
vt 0.7185147 0.15343644
vt 0.7185147 0.15343644
vt 0.7185147 0.15343644
vt 0.7185147 0.15343644
vt 0.8435147 0.15343644
vt 0.8435147 0.15343644
vt 0.8435147 0.15343644
vt 0.8435147 0.15343644
vt 0.7185147 0.15343644
vt 0.7185147 0.15343644
vt 0.7185147 0.15343644
vt 0.7185147 0.15343644
vt 0.8435147 0.15343644
vt 0.8435147 0.15343644
vt 0.8435147 0.15343644
vt 0.8435147 0.15343644
vt 0.8435147 0.15343644
vt 0.8435147 0.15343644
vt 0.8435147 0.15343644
vt 0.8435147 0.15343644
vt 0.7818207 0.15395272
vt 0.7818207 0.15395272
vt 0.7818207 0.15395272
vt 0.7818207 0.15395272
vt 0.7185147 0.15343644
vt 0.7185147 0.15343644
vt 0.7185147 0.15343644
vt 0.7185147 0.15343644
vt 0.7185147 0.15343644
vt 0.7185147 0.15343644
vt 0.7818207 0.15395272
vt 0.7818207 0.15395272
vt 0.7818207 0.15395272
vt 0.7818207 0.15395272
vt 0.7185147 0.15343644
vt 0.7185147 0.15343644
vt 0.7185147 0.15343644
vt 0.7185147 0.15343644
vt 0.7818207 0.15395272
vt 0.7818207 0.15395272
vt 0.7818207 0.15395272
vt 0.7818207 0.15395272
vt 0.8435147 0.15343644
vt 0.8435147 0.15343644
vt 0.8435147 0.15343644
vt 0.8435147 0.15343644
vt 0.7185147 0.15343644
vt 0.7185147 0.15343644
vt 0.7185147 0.15343644
vt 0.7185147 0.15343644
vt 0.7818207 0.15395272
vt 0.7818207 0.15395272
vt 0.7818207 0.15395272
vt 0.7818207 0.15395272
vt 0.7185147 0.15343644
vt 0.7185147 0.15343644
vt 0.7185147 0.15343644
vt 0.7185147 0.15343644
vt 0.8435147 0.15343644
vt 0.8435147 0.15343644
vt 0.8435147 0.15343644
vt 0.8435147 0.15343644
vt 0.7810147 0.15343644
vt 0.7810147 0.15343644
vt 0.7810147 0.15343644
vt 0.7810147 0.15343644
vt 0.8435147 0.15343644
vt 0.8435147 0.15343644
vt 0.8435147 0.15343644
vt 0.8435147 0.15343644
vt 0.7185147 0.15343644
vt 0.7185147 0.15343644
vt 0.7185147 0.15343644
vt 0.7185147 0.15343644
vt 0.7818207 0.15395272
vt 0.7818207 0.15395272
vt 0.7818207 0.15395272
vt 0.7818207 0.15395272
vt 0.7185147 0.15343644
vt 0.7185147 0.15343644
vt 0.7185147 0.15343644
vt 0.7185147 0.15343644
vt 0.8435147 0.15343644
vt 0.8435147 0.15343644
vt 0.8435147 0.15343644
vt 0.8435147 0.15343644
vt 0.8435147 0.15343644
vt 0.8435147 0.15343644
vt 0.8435147 0.15343644
vt 0.8435147 0.15343644
vt 0.7818207 0.15395272
vt 0.7818207 0.15395272
vt 0.7818207 0.15395272
vt 0.7818207 0.15395272
vt 0.8435147 0.15343644
vt 0.8435147 0.15343644
vt 0.8435147 0.15343644
vt 0.8435147 0.15343644
vt 0.7818207 0.15395272
vt 0.7818207 0.15395272
vt 0.7818207 0.15395272
vt 0.7818207 0.15395272
vt 0.7818207 0.15395272
vt 0.7818207 0.15395272
vt 0.7818207 0.15395272
vt 0.7818207 0.15395272
vt 0.7185147 0.15343644
vt 0.7185147 0.15343644
vt 0.7185147 0.15343644
vt 0.7185147 0.15343644
vt 0.7185147 0.15343644
vt 0.7185147 0.15343644
vt 0.7185147 0.15343644
vt 0.7185147 0.15343644
vt 0.7185147 0.15343644
vt 0.7185147 0.15343644
vt 0.7185147 0.15343644
vt 0.7185147 0.15343644
vt 0.8435147 0.15343644
vt 0.8435147 0.15343644
vt 0.8435147 0.15343644
vt 0.8435147 0.15343644
vt 0.7185147 0.15343644
vt 0.7185147 0.15343644
vt 0.7185147 0.15343644
vt 0.7185147 0.15343644
vt 0.7818207 0.15395272
vt 0.7818207 0.15395272
vt 0.7818207 0.15395272
vt 0.7818207 0.15395272
vt 0.84586954 0.15546215
vt 0.84586954 0.15546215
vt 0.84586954 0.15546215
vt 0.84586954 0.15546215
vt 0.7818207 0.15395272
vt 0.7818207 0.15395272
vt 0.7818207 0.15395272
vt 0.7818207 0.15395272
vt 0.8435147 0.15343644
vt 0.8435147 0.15343644
vt 0.8435147 0.15343644
vt 0.8435147 0.15343644
vt 0.7185147 0.15343644
vt 0.7185147 0.15343644
vt 0.7185147 0.15343644
vt 0.7185147 0.15343644
vt 0.8435147 0.15343644
vt 0.8435147 0.15343644
vt 0.8435147 0.15343644
vt 0.8435147 0.15343644
vt 0.7818207 0.15395272
vt 0.7818207 0.15395272
vt 0.7818207 0.15395272
vt 0.7818207 0.15395272
vt 0.7185147 0.15343644
vt 0.7185147 0.15343644
vt 0.7185147 0.15343644
vt 0.7185147 0.15343644
vt 0.8435147 0.15343644
vt 0.8435147 0.15343644
vt 0.8435147 0.15343644
vt 0.8435147 0.15343644
vt 0.7818207 0.15395272
vt 0.7818207 0.15395272
vt 0.7818207 0.15395272
vt 0.7818207 0.15395272
vt 0.8435147 0.15343644
vt 0.8435147 0.15343644
vt 0.8435147 0.15343644
vt 0.8435147 0.15343644
vt 0.8435147 0.15343644
vt 0.8435147 0.15343644
vt 0.8435147 0.15343644
vt 0.8435147 0.15343644
vt 0.7185147 0.15343644
vt 0.7185147 0.15343644
vt 0.7185147 0.15343644
vt 0.7185147 0.15343644
vt 0.7185147 0.15343644
vt 0.7185147 0.15343644
vt 0.7185147 0.15343644
vt 0.7185147 0.15343644
vt 0.8435147 0.15343644
vt 0.8435147 0.15343644
vt 0.8435147 0.15343644
vt 0.8435147 0.15343644
vt 0.7818207 0.15395272
vt 0.7818207 0.15395272
vt 0.7818207 0.15395272
vt 0.7818207 0.15395272
vt 0.7818207 0.15395272
vt 0.7818207 0.15395272
vt 0.7818207 0.15395272
vt 0.7818207 0.15395272
vt 0.21891189 0.10040398
vt 0.21891189 0.10040398
vt 0.21891189 0.10040398
vt 0.21891189 0.10040398
vt 0.21891189 0.10040398
vt 0.21891189 0.10040398
vt 0.21891189 0.10040398
vt 0.21891189 0.10040398
vt 0.21891189 0.10040398
vt 0.21891189 0.10040398
vt 0.21891189 0.10040398
vt 0.21891189 0.10040398
vt 0.21891189 0.10040398
vt 0.21891189 0.10040398
vt 0.21891189 0.10040398
vt 0.21891189 0.10040398
vt 0.21891189 0.10040398
vt 0.21891189 0.10040398
vt 0.21891189 0.10040398
vt 0.21891189 0.10040398
vt 0.21891189 0.10040398
vt 0.21891189 0.10040398
vt 0.21891189 0.10040398
vt 0.21891189 0.10040398
vt 0.21891189 0.10040398
vt 0.21891189 0.10040398
vt 0.21891189 0.10040398
vt 0.21891189 0.10040398
vt 0.21891189 0.10040398
vt 0.21891189 0.10040398
vt 0.21891189 0.10040398
vt 0.21891189 0.10040398
vt 0.21891189 0.10040398
vt 0.21891189 0.10040398
vt 0.21891189 0.10040398
vt 0.21891189 0.10040398
vt 0.21891189 0.10040398
vt 0.21891189 0.10040398
vt 0.21891189 0.10040398
vt 0.21891189 0.10040398
vt 0.21891189 0.10040398
vt 0.21891189 0.10040398
vt 0.21891189 0.10040398
vt 0.21891189 0.10040398
vt 0.21891189 0.10040398
vt 0.21891189 0.10040398
vt 0.21891189 0.10040398
vt 0.21891189 0.10040398
vt 0.21891189 0.10040398
vt 0.21891189 0.10040398
vt 0.21891189 0.10040398
vt 0.21891189 0.10040398
vt 0.21891189 0.10040398
vt 0.21891189 0.10040398
vt 0.21891189 0.10040398
vt 0.21891189 0.10040398
vt 0.21891189 0.10040398
vt 0.21891189 0.10040398
vt 0.21891189 0.10040398
vt 0.21891189 0.10040398
vt 0.21891189 0.10040398
vt 0.21891189 0.10040398
vt 0.21891189 0.10040398
vt 0.21891189 0.10040398
vt 0.21891189 0.10040398
vt 0.21891189 0.10040398
vt 0.21891189 0.10040398
vt 0.21891189 0.10040398
vt 0.21891189 0.10040398
vt 0.21891189 0.10040398
vt 0.21891189 0.10040398
vt 0.21891189 0.10040398
vt 0.21891189 0.10040398
vt 0.21891189 0.10040398
vt 0.21891189 0.10040398
vt 0.21891189 0.10040398
vt 0.21891189 0.10040398
vt 0.21891189 0.10040398
vt 0.21891189 0.10040398
vt 0.21891189 0.10040398
vt 0.21891189 0.10040398
vt 0.21891189 0.10040398
vt 0.21891189 0.10040398
vt 0.21891189 0.10040398
vt 0.21891189 0.10040398
vt 0.21891189 0.10040398
vt 0.21891189 0.10040398
vt 0.21891189 0.10040398
vt 0.21891189 0.10040398
vt 0.21891189 0.10040398
vt 0.21891189 0.10040398
vt 0.21891189 0.10040398
vt 0.21891189 0.10040398
vt 0.21891189 0.10040398
vt 0.21891189 0.10040398
vt 0.21891189 0.10040398
vt 0.21891189 0.10040398
vt 0.21891189 0.10040398
vt 0.21891189 0.10040398
vt 0.21891189 0.10040398
vt 0.21891189 0.10040398
vt 0.21891189 0.10040398
vt 0.21891189 0.10040398
vt 0.21891189 0.10040398
vt 0.21891189 0.10040398
vt 0.21891189 0.10040398
vt 0.21891189 0.10040398
vt 0.21891189 0.10040398
vt 0.21891189 0.10040398
vt 0.21891189 0.10040398
vt 0.21891189 0.10040398
vt 0.21891189 0.10040398
vt 0.21891189 0.10040398
vt 0.21891189 0.10040398
vt 0.21891189 0.10040398
vt 0.21891189 0.10040398
vt 0.21891189 0.10040398
vt 0.21891189 0.10040398
vt 0.21891189 0.10040398
vt 0.21891189 0.10040398
vt 0.21891189 0.10040398
vt 0.21891189 0.10040398
vt 0.21891189 0.10040398
vt 0.21891189 0.10040398
vt 0.21891189 0.10040398
vt 0.21891189 0.10040398
vt 0.21891189 0.10040398
vt 0.21891189 0.10040398
vt 0.21891189 0.10040398
vt 0.21891189 0.10040398
vt 0.21891189 0.10040398
vt 0.21891189 0.10040398
vt 0.21891189 0.10040398
vt 0.21891189 0.10040398
vt 0.21891189 0.10040398
vt 0.21891189 0.10040398
vt 0.21891189 0.10040398
vt 0.21891189 0.10040398
vt 0.21891189 0.10040398
vt 0.21891189 0.10040398
vt 0.21891189 0.10040398
vt 0.21891189 0.10040398
vt 0.21891189 0.10040398
vt 0.21891189 0.10040398
vt 0.21891189 0.10040398
vt 0.21891189 0.10040398
vt 0.21891189 0.10040398
vt 0.21891189 0.10040398
vt 0.21891189 0.10040398
vt 0.21891189 0.10040398
vt 0.21891189 0.10040398
vt 0.21891189 0.10040398
vt 0.21891189 0.10040398
vt 0.21891189 0.10040398
vt 0.21891189 0.10040398
vt 0.21891189 0.10040398
vt 0.21891189 0.10040398
vt 0.21891189 0.10040398
vt 0.21891189 0.10040398
vt 0.21891189 0.10040398
vt 0.21891189 0.10040398
vt 0.21891189 0.10040398
vt 0.21891189 0.10040398
vt 0.21891189 0.10040398
vt 0.21891189 0.10040398
vt 0.21891189 0.10040398
vt 0.21891189 0.10040398
vt 0.21891189 0.10040398
vt 0.21891189 0.10040398
vt 0.21891189 0.10040398
vt 0.21891189 0.10040398
vt 0.21891189 0.10040398
vt 0.21891189 0.10040398
vt 0.21891189 0.10040398
vt 0.21891189 0.10040398
vt 0.21891189 0.10040398
vt 0.21891189 0.10040398
vt 0.21891189 0.10040398
vt 0.21891189 0.10040398
vt 0.21891189 0.10040398
vt 0.21891189 0.10040398
vt 0.21891189 0.10040398
vt 0.21891189 0.10040398
vt 0.21891189 0.10040398
vt 0.21891189 0.10040398
vt 0.21891189 0.10040398
vt 0.21891189 0.10040398
vt 0.21891189 0.10040398
vt 0.21891189 0.10040398
vt 0.21891189 0.10040398
vt 0.21891189 0.10040398
vt 0.21891189 0.10040398
vt 0.21891189 0.10040398
vt 0.21891189 0.10040398
vt 0.21891189 0.10040398
vt 0.21891189 0.10040398
vt 0.21891189 0.10040398
vt 0.21891189 0.10040398
vt 0.21891189 0.10040398
vt 0.21891189 0.10040398
vt 0.21891189 0.10040398
vt 0.21891189 0.10040398
vt 0.21891189 0.10040398
vt 0.21891189 0.10040398
vt 0.21891189 0.10040398
vt 0.21891189 0.10040398
vt 0.21891189 0.10040398
vt 0.21891189 0.10040398
vt 0.21891189 0.10040398
vt 0.21891189 0.10040398
vt 0.21891189 0.10040398
vt 0.21891189 0.10040398
vt 0.21891189 0.10040398
vt 0.21891189 0.10040398
vt 0.21891189 0.10040398
vt 0.21891189 0.10040398
vt 0.21891189 0.10040398
vt 0.21891189 0.10040398
vt 0.21891189 0.10040398
vt 0.21891189 0.10040398
vt 0.21891189 0.10040398
vt 0.21891189 0.10040398
vt 0.21891189 0.10040398
vt 0.21891189 0.10040398
vt 0.21891189 0.10040398
vt 0.21891189 0.10040398
vt 0.21891189 0.10040398
vt 0.21891189 0.10040398
vt 0.21891189 0.10040398
vt 0.21891189 0.10040398
vt 0.21891189 0.10040398
vt 0.21891189 0.10040398
vt 0.21891189 0.10040398
vt 0.21891189 0.10040398
vt 0.21891189 0.10040398
vt 0.21891189 0.10040398
vt 0.21891189 0.10040398
vt 0.21891189 0.10040398
vt 0.21891189 0.10040398
vt 0.21891189 0.10040398
vt 0.21891189 0.10040398
vt 0.21891189 0.10040398
vt 0.21891189 0.10040398
vt 0.21891189 0.10040398
vt 0.21891189 0.10040398
vt 0.21891189 0.10040398
vt 0.21891189 0.10040398
vt 0.21891189 0.10040398
vt 0.21891189 0.10040398
vt 0.21891189 0.10040398
vt 0.21891189 0.10040398
vt 0.21891189 0.10040398
vt 0.21891189 0.10040398
vt 0.21891189 0.10040398
vt 0.21891189 0.10040398
vt 0.21891189 0.10040398
vt 0.21891189 0.10040398
vt 0.21891189 0.10040398
vt 0.21891189 0.10040398
vt 0.21891189 0.10040398
vt 0.21891189 0.10040398
vt 0.21891189 0.10040398
vt 0.21891189 0.10040398
vt 0.21891189 0.10040398
vt 0.21891189 0.10040398
vt 0.21891189 0.10040398
vt 0.21891189 0.10040398
vt 0.21891189 0.10040398
vt 0.21891189 0.10040398
vt 0.21891189 0.10040398
vt 0.21891189 0.10040398
vt 0.21891189 0.10040398
vt 0.21891189 0.10040398
vt 0.21891189 0.10040398
vt 0.21891189 0.10040398
vt 0.21891189 0.10040398
vt 0.21891189 0.10040398
vt 0.21891189 0.10040398
vt 0.21891189 0.10040398
vt 0.21891189 0.10040398
vt 0.21891189 0.10040398
vt 0.21891189 0.10040398
vt 0.21891189 0.10040398
vt 0.21891189 0.10040398
vt 0.21891189 0.10040398
vt 0.21891189 0.10040398
vt 0.21891189 0.10040398
vt 0.21891189 0.10040398
vt 0.21891189 0.10040398
vt 0.21891189 0.10040398
vt 0.21891189 0.10040398
vt 0.21891189 0.10040398
vt 0.21891189 0.10040398
vt 0.21891189 0.10040398
vt 0.21891189 0.10040398
vt 0.21891189 0.10040398
vt 0.21891189 0.10040398
vt 0.21891189 0.10040398
vt 0.21891189 0.10040398
vt 0.21891189 0.10040398
vt 0.21891189 0.10040398
vt 0.21891189 0.10040398
vt 0.21891189 0.10040398
vt 0.21891189 0.10040398
vt 0.21891189 0.10040398
vt 0.21891189 0.10040398
vt 0.21891189 0.10040398
vt 0.21891189 0.10040398
vt 0.21891189 0.10040398
vt 0.21891189 0.10040398
vt 0.21891189 0.10040398
vt 0.21891189 0.10040398
vt 0.21891189 0.10040398
vt 0.21891189 0.10040398
vt 0.21891189 0.10040398
vt 0.21891189 0.10040398
vt 0.21891189 0.10040398
vt 0.21891189 0.10040398
vt 0.21891189 0.10040398
vt 0.21891189 0.10040398
vt 0.21891189 0.10040398
vt 0.21891189 0.10040398
vt 0.21891189 0.10040398
vt 0.21891189 0.10040398
vt 0.21891189 0.10040398
vt 0.21891189 0.10040398
vt 0.21891189 0.10040398
vt 0.21891189 0.10040398
vt 0.21891189 0.10040398
vt 0.21891189 0.10040398
vt 0.21891189 0.10040398
vt 0.21891189 0.10040398
vt 0.21891189 0.10040398
vt 0.21891189 0.10040398
vt 0.21891189 0.10040398
vt 0.21891189 0.10040398
vt 0.21891189 0.10040398
vt 0.21891189 0.10040398
vt 0.21891189 0.10040398
vt 0.21891189 0.10040398
vt 0.21891189 0.10040398
vt 0.21891189 0.10040398
vt 0.21891189 0.10040398
vt 0.21891189 0.10040398
vt 0.21891189 0.10040398
vt 0.21891189 0.10040398
vt 0.21891189 0.10040398
vt 0.21891189 0.10040398
vt 0.21891189 0.10040398
vt 0.21891189 0.10040398
vt 0.21891189 0.10040398
vt 0.21891189 0.10040398
vt 0.21891189 0.10040398
vt 0.21891189 0.10040398
vt 0.21891189 0.10040398
vt 0.21891189 0.10040398
vt 0.21891189 0.10040398
vt 0.21891189 0.10040398
vt 0.21891189 0.10040398
vt 0.21891189 0.10040398
vt 0.21891189 0.10040398
vt 0.21891189 0.10040398
vt 0.21891189 0.10040398
vt 0.21891189 0.10040398
vt 0.21891189 0.10040398
vt 0.21891189 0.10040398
vt 0.21891189 0.10040398
vt 0.21891189 0.10040398
vt 0.21891189 0.10040398
vt 0.21891189 0.10040398
vt 0.21891189 0.10040398
vt 0.21891189 0.10040398
vt 0.21891189 0.10040398
vt 0.21891189 0.10040398
vt 0.21891189 0.10040398
vt 0.21891189 0.10040398
vt 0.21891189 0.10040398
vt 0.21891189 0.10040398
vt 0.21891189 0.10040398
vt 0.21891189 0.10040398
vt 0.21891189 0.10040398
vt 0.21891189 0.10040398
vt 0.21891189 0.10040398
vt 0.21891189 0.10040398
vt 0.21891189 0.10040398
vt 0.21891189 0.10040398
vt 0.21891189 0.10040398
vt 0.21891189 0.10040398
vt 0.21891189 0.10040398
vt 0.21891189 0.10040398
vt 0.21891189 0.10040398
vt 0.21891189 0.10040398
vt 0.21891189 0.10040398
vt 0.21891189 0.10040398
vt 0.21891189 0.10040398
vt 0.21891189 0.10040398
vt 0.21891189 0.10040398
vt 0.21891189 0.10040398
vt 0.21891189 0.10040398
vt 0.21891189 0.10040398
vt 0.21891189 0.10040398
vt 0.21891189 0.10040398
vt 0.21891189 0.10040398
vt 0.21891189 0.10040398
vt 0.21891189 0.10040398
vt 0.21891189 0.10040398
vt 0.21891189 0.10040398
vt 0.21891189 0.10040398
vt 0.21891189 0.10040398
vt 0.21891189 0.10040398
vt 0.21891189 0.10040398
vt 0.21891189 0.10040398
vt 0.21891189 0.10040398
vt 0.21891189 0.10040398
vt 0.21891189 0.10040398
vt 0.21891189 0.10040398
vt 0.21891189 0.10040398
vt 0.21891189 0.10040398
vt 0.21891189 0.10040398
vt 0.21891189 0.10040398
vt 0.21891189 0.10040398
vt 0.21891189 0.10040398
vt 0.21891189 0.10040398
vt 0.21891189 0.10040398
vt 0.21891189 0.10040398
vt 0.21891189 0.10040398
vt 0.21891189 0.10040398
vt 0.21891189 0.10040398
vt 0.21891189 0.10040398
vt 0.21891189 0.10040398
vt 0.21891189 0.10040398
vt 0.21891189 0.10040398
vt 0.21891189 0.10040398
vt 0.21891189 0.10040398
vt 0.21891189 0.10040398
vt 0.21891189 0.10040398
vt 0.21891189 0.10040398
vt 0.21891189 0.10040398
vt 0.21891189 0.10040398
vt 0.21891189 0.10040398
vt 0.21891189 0.10040398
vt 0.21891189 0.10040398
vt 0.21891189 0.10040398
vt 0.21891189 0.10040398
vt 0.21891189 0.10040398
vt 0.21891189 0.10040398
vt 0.21891189 0.10040398
vt 0.21891189 0.10040398
vt 0.21891189 0.10040398
vt 0.21891189 0.10040398
vt 0.21891189 0.10040398
vt 0.21891189 0.10040398
vt 0.21891189 0.10040398
vt 0.21891189 0.10040398
vt 0.21891189 0.10040398
vt 0.21891189 0.10040398
vt 0.21891189 0.10040398
vt 0.21891189 0.10040398
vt 0.21891189 0.10040398
vt 0.21891189 0.10040398
vt 0.21891189 0.10040398
vt 0.21891189 0.10040398
vt 0.21891189 0.10040398
vt 0.21891189 0.10040398
vt 0.21891189 0.10040398
vt 0.21891189 0.10040398
vt 0.21891189 0.10040398
vt 0.21891189 0.10040398
vt 0.21891189 0.10040398
vt 0.21891189 0.10040398
vt 0.21891189 0.10040398
vt 0.21891189 0.10040398
vt 0.21891189 0.10040398
vt 0.21891189 0.10040398
vt 0.21891189 0.10040398
vt 0.21891189 0.10040398
vt 0.21891189 0.10040398
vt 0.21891189 0.10040398
vt 0.21891189 0.10040398
vt 0.21891189 0.10040398
vt 0.21891189 0.10040398
vt 0.21891189 0.10040398
vt 0.21891189 0.10040398
vt 0.21891189 0.10040398
vt 0.21891189 0.10040398
vt 0.21891189 0.10040398
vt 0.21891189 0.10040398
vt 0.21891189 0.10040398
vt 0.21891189 0.10040398
vt 0.21891189 0.10040398
vt 0.21891189 0.10040398
vt 0.21891189 0.10040398
vt 0.21891189 0.10040398
vt 0.21891189 0.10040398
vt 0.21891189 0.10040398
vt 0.21891189 0.10040398
vt 0.21891189 0.10040398
vt 0.21891189 0.10040398
vt 0.21891189 0.10040398
vt 0.21891189 0.10040398
vt 0.21891189 0.10040398
vt 0.21891189 0.10040398
vt 0.21891189 0.10040398
vt 0.21891189 0.10040398
vt 0.21891189 0.10040398
vt 0.21891189 0.10040398
vt 0.21891189 0.10040398
vt 0.21891189 0.10040398
vt 0.21891189 0.10040398
vt 0.21891189 0.10040398
vt 0.21891189 0.10040398
vt 0.21891189 0.10040398
vt 0.21891189 0.10040398
vt 0.21891189 0.10040398
vt 0.21891189 0.10040398
vt 0.21891189 0.10040398
vt 0.21891189 0.10040398
vt 0.21891189 0.10040398
vt 0.21891189 0.10040398
vt 0.21891189 0.10040398
vt 0.21891189 0.10040398
vt 0.21891189 0.10040398
vt 0.21891189 0.10040398
vt 0.21891189 0.10040398
vt 0.21891189 0.10040398
vt 0.21891189 0.10040398
vt 0.21891189 0.10040398
vt 0.21891189 0.10040398
vt 0.21891189 0.10040398
vt 0.21891189 0.10040398
vt 0.21891189 0.10040398
vt 0.21891189 0.10040398
vt 0.21891189 0.10040398
vt 0.21891189 0.10040398
vt 0.21891189 0.10040398
vt 0.21891189 0.10040398
vt 0.21891189 0.10040398
vt 0.21891189 0.10040398
vt 0.21891189 0.10040398
vt 0.21891189 0.10040398
vt 0.21891189 0.10040398
vt 0.21891189 0.10040398
vt 0.21891189 0.10040398
vt 0.21891189 0.10040398
vt 0.21891189 0.10040398
vt 0.21891189 0.10040398
vt 0.21891189 0.10040398
vt 0.21891189 0.10040398
vt 0.21891189 0.10040398
vt 0.21891189 0.10040398
vt 0.21891189 0.10040398
vt 0.21891189 0.10040398
vt 0.21891189 0.10040398
vt 0.21891189 0.10040398
vt 0.21891189 0.10040398
vt 0.21891189 0.10040398
vt 0.21891189 0.10040398
vt 0.21891189 0.10040398
vt 0.21891189 0.10040398
vt 0.21891189 0.10040398
vt 0.21891189 0.10040398
vt 0.21891189 0.10040398
vt 0.21891189 0.10040398
vt 0.21891189 0.10040398
vt 0.21891189 0.10040398
vt 0.21891189 0.10040398
vt 0.21891189 0.10040398
vt 0.21891189 0.10040398
vt 0.21891189 0.10040398
vt 0.21891189 0.10040398
vt 0.21891189 0.10040398
vt 0.21891189 0.10040398
vt 0.21891189 0.10040398
vt 0.21891189 0.10040398
vt 0.21891189 0.10040398
vt 0.21891189 0.10040398
vt 0.21891189 0.10040398
vt 0.21891189 0.10040398
vt 0.21891189 0.10040398
vt 0.21891189 0.10040398
vt 0.21891189 0.10040398
vt 0.21891189 0.10040398
vt 0.21891189 0.10040398
vt 0.21891189 0.10040398
vt 0.21891189 0.10040398
vt 0.21891189 0.10040398
vt 0.21891189 0.10040398
vt 0.21891189 0.10040398
vt 0.21891189 0.10040398
vt 0.21891189 0.10040398
vt 0.21891189 0.10040398
vt 0.21891189 0.10040398
vt 0.21891189 0.10040398
vt 0.21891189 0.10040398
vt 0.21891189 0.10040398
vt 0.21891189 0.10040398
vt 0.21891189 0.10040398
vt 0.21891189 0.10040398
vt 0.21891189 0.10040398
vt 0.21891189 0.10040398
vt 0.21891189 0.10040398
vt 0.21891189 0.10040398
vt 0.21891189 0.10040398
vt 0.21891189 0.10040398
vt 0.21891189 0.10040398
vt 0.21891189 0.10040398
vt 0.21891189 0.10040398
vt 0.21891189 0.10040398
vt 0.21891189 0.10040398
vt 0.21891189 0.10040398
vt 0.21891189 0.10040398
vt 0.21891189 0.10040398
vt 0.21891189 0.10040398
vt 0.21891189 0.10040398
vt 0.21891189 0.10040398
vt 0.21891189 0.10040398
vt 0.21891189 0.10040398
vt 0.21891189 0.10040398
vt 0.21891189 0.10040398
vt 0.21891189 0.10040398
vt 0.21891189 0.10040398
vt 0.21891189 0.10040398
vt 0.21891189 0.10040398
vt 0.21891189 0.10040398
vt 0.21891189 0.10040398
vt 0.21891189 0.10040398
vt 0.21891189 0.10040398
vt 0.21891189 0.10040398
vt 0.21891189 0.10040398
vt 0.21891189 0.10040398
vt 0.21891189 0.10040398
vt 0.21891189 0.10040398
vt 0.21891189 0.10040398
vt 0.21891189 0.10040398
vt 0.21891189 0.10040398
vt 0.21891189 0.10040398
vt 0.21891189 0.10040398
vt 0.21891189 0.10040398
vt 0.21891189 0.10040398
vt 0.21891189 0.10040398
vt 0.21891189 0.10040398
vt 0.21891189 0.10040398
vt 0.21891189 0.10040398
vt 0.21891189 0.10040398
vt 0.21891189 0.10040398
vt 0.21891189 0.10040398
vt 0.21891189 0.10040398
vt 0.21891189 0.10040398
vt 0.21891189 0.10040398
vt 0.21891189 0.10040398
vt 0.21891189 0.10040398
vt 0.21891189 0.10040398
vt 0.21891189 0.10040398
vt 0.21891189 0.10040398
vt 0.21891189 0.10040398
vt 0.21891189 0.10040398
vt 0.21891189 0.10040398
vt 0.21891189 0.10040398
vt 0.21891189 0.10040398
vt 0.21891189 0.10040398
vt 0.21891189 0.10040398
vt 0.21891189 0.10040398
vt 0.21891189 0.10040398
vt 0.21891189 0.10040398
vt 0.21891189 0.10040398
vt 0.21891189 0.10040398
vt 0.21891189 0.10040398
vt 0.21891189 0.10040398
vt 0.21891189 0.10040398
vt 0.21891189 0.10040398
vt 0.21891189 0.10040398
vt 0.21891189 0.10040398
vt 0.21891189 0.10040398
vt 0.21891189 0.10040398
vt 0.21891189 0.10040398
vt 0.21891189 0.10040398
vt 0.21891189 0.10040398
vt 0.21891189 0.10040398
vt 0.21891189 0.10040398
vt 0.21891189 0.10040398
vt 0.21891189 0.10040398
vt 0.21891189 0.10040398
vt 0.21891189 0.10040398
vt 0.21891189 0.10040398
vt 0.21891189 0.10040398
vt 0.21891189 0.10040398
vt 0.21891189 0.10040398
vt 0.21891189 0.10040398
vt 0.21891189 0.10040398
vt 0.21891189 0.10040398
vt 0.21891189 0.10040398
vt 0.21891189 0.10040398
vt 0.21891189 0.10040398
vt 0.21891189 0.10040398
vt 0.21891189 0.10040398
vt 0.21891189 0.10040398
vt 0.21891189 0.10040398
vt 0.21891189 0.10040398
vt 0.21891189 0.10040398
vt 0.21891189 0.10040398
vt 0.21891189 0.10040398
vt 0.21891189 0.10040398
vt 0.21891189 0.10040398
vt 0.21891189 0.10040398
vt 0.21891189 0.10040398
vt 0.21891189 0.10040398
vt 0.21891189 0.10040398
vt 0.21891189 0.10040398
vt 0.21891189 0.10040398
vt 0.21891189 0.10040398
vt 0.21891189 0.10040398
vt 0.21891189 0.10040398
vt 0.21891189 0.10040398
vt 0.21891189 0.10040398
vt 0.21891189 0.10040398
vt 0.21891189 0.10040398
vt 0.21891189 0.10040398
vt 0.21891189 0.10040398
vt 0.21891189 0.10040398
vt 0.21891189 0.10040398
vt 0.21891189 0.10040398
vt 0.21891189 0.10040398
vt 0.21891189 0.10040398
vt 0.21891189 0.10040398
vt 0.21891189 0.10040398
vt 0.21891189 0.10040398
vt 0.21891189 0.10040398
vt 0.21891189 0.10040398
vt 0.21891189 0.10040398
vt 0.21891189 0.10040398
vt 0.21891189 0.10040398
vt 0.21891189 0.10040398
vt 0.21891189 0.10040398
vt 0.21891189 0.10040398
vt 0.21891189 0.10040398
vt 0.21891189 0.10040398
vt 0.21891189 0.10040398
vt 0.21891189 0.10040398
vt 0.21891189 0.10040398
vt 0.21891189 0.10040398
vt 0.21891189 0.10040398
vt 0.21891189 0.10040398
vt 0.27861428 0.27885607
vt 0.27861428 0.27885607
vt 0.27861428 0.27885607
vt 0.27861428 0.27885607
vt 0.27861428 0.27885607
vt 0.27861428 0.27885607
vt 0.27861428 0.27885607
vt 0.27861428 0.27885607
vt 0.27861428 0.27885607
vt 0.27861428 0.27885607
vt 0.27861428 0.27885607
vt 0.27861428 0.27885607
vt 0.27861428 0.27885607
vt 0.27861428 0.27885607
vt 0.27861428 0.27885607
vt 0.27861428 0.27885607
vt 0.27861428 0.27885607
vt 0.27861428 0.27885607
vt 0.27861428 0.27885607
vt 0.27861428 0.27885607
vt 0.27861428 0.27885607
vt 0.27861428 0.27885607
vt 0.27861428 0.27885607
vt 0.27861428 0.27885607
vt 0.22010341 0.03259994
vt 0.22010341 0.03259994
vt 0.22010341 0.03259994
vt 0.22010341 0.03259994
vt 0.22010341 0.03259994
vt 0.22010341 0.03259994
vt 0.22010341 0.03259994
vt 0.22010341 0.03259994
vt 0.22010341 0.03259994
vt 0.22010341 0.03259994
vt 0.22010341 0.03259994
vt 0.22010341 0.03259994
vt 0.22010341 0.03259994
vt 0.22010341 0.03259994
vt 0.22010341 0.03259994
vt 0.22010341 0.03259994
vt 0.27861428 0.27885607
vt 0.27861428 0.27885607
vt 0.27861428 0.27885607
vt 0.27861428 0.27885607
vt 0.27861428 0.27885607
vt 0.27861428 0.27885607
vt 0.27861428 0.27885607
vt 0.27861428 0.27885607
vt 0.27861428 0.27885607
vt 0.27861428 0.27885607
vt 0.27861428 0.27885607
vt 0.27861428 0.27885607
vt 0.27861428 0.27885607
vt 0.27861428 0.27885607
vt 0.27861428 0.27885607
vt 0.27861428 0.27885607
vt 0.27861428 0.27885607
vt 0.27861428 0.27885607
vt 0.27861428 0.27885607
vt 0.27861428 0.27885607
vt 0.27861428 0.27885607
vt 0.27861428 0.27885607
vt 0.9740462 0.84167093
vt 0.9740462 0.84167093
vt 0.9740462 0.84167093
vt 0.9740462 0.84167093
vt 0.9740462 0.84167093
vt 0.9740462 0.84167093
vt 0.9740462 0.84167093
vt 0.9740462 0.84167093
vt 0.27861428 0.27885607
vt 0.27861428 0.27885607
vt 0.27861428 0.27885607
vt 0.27861428 0.27885607
vt 0.15731797 0.27885607
vt 0.15731797 0.27885607
vt 0.15731797 0.27885607
vt 0.15731797 0.27885607
vt 0.15731797 0.27885607
vt 0.15731797 0.27885607
vt 0.15731797 0.27885607
vt 0.15731797 0.27885607
vt 0.15731797 0.27885607
vt 0.15731797 0.27885607
vt 0.15731797 0.27885607
vt 0.15731797 0.27885607
vt 0.15731797 0.27885607
vt 0.15731797 0.27885607
vt 0.15731797 0.27885607
vt 0.15731797 0.27885607
vt 0.15731797 0.27885607
vt 0.15731797 0.27885607
vt 0.15731797 0.27885607
vt 0.15731797 0.27885607
vt 0.15731797 0.27885607
vt 0.15731797 0.27885607
vt 0.15731797 0.27885607
vt 0.15731797 0.27885607
vt 0.22010341 0.03259994
vt 0.22010341 0.03259994
vt 0.22010341 0.03259994
vt 0.22010341 0.03259994
vt 0.22010341 0.03259994
vt 0.22010341 0.03259994
vt 0.22010341 0.03259994
vt 0.22010341 0.03259994
vt 0.22010341 0.03259994
vt 0.22010341 0.03259994
vt 0.22010341 0.03259994
vt 0.22010341 0.03259994
vt 0.22010341 0.03259994
vt 0.22010341 0.03259994
vt 0.22010341 0.03259994
vt 0.22010341 0.03259994
vt 0.15731797 0.27885607
vt 0.15731797 0.27885607
vt 0.15731797 0.27885607
vt 0.15731797 0.27885607
vt 0.15731797 0.27885607
vt 0.15731797 0.27885607
vt 0.15731797 0.27885607
vt 0.15731797 0.27885607
vt 0.15731797 0.27885607
vt 0.15731797 0.27885607
vt 0.15731797 0.27885607
vt 0.15731797 0.27885607
vt 0.15731797 0.27885607
vt 0.15731797 0.27885607
vt 0.15731797 0.27885607
vt 0.15731797 0.27885607
vt 0.15731797 0.27885607
vt 0.15731797 0.27885607
vt 0.15731797 0.27885607
vt 0.15731797 0.27885607
vt 0.15731797 0.27885607
vt 0.15731797 0.27885607
vt 0.9740462 0.84167093
vt 0.9740462 0.84167093
vt 0.9740462 0.84167093
vt 0.9740462 0.84167093
vt 0.9740462 0.84167093
vt 0.9740462 0.84167093
vt 0.9740462 0.84167093
vt 0.9740462 0.84167093
vt 0.15731797 0.27885607
vt 0.15731797 0.27885607
vt 0.15731797 0.27885607
vt 0.15731797 0.27885607
vn 0.036949854 0.99880755 -0.03190961
vn 0.013868003 0.99969983 -0.020195682
vn 0.024380678 0.9990089 -0.037239827
vn 0.02057435 0.9996331 -0.017617298
vn 0.044330865 0.9987612 -0.022600269
vn 0.0023700243 0.9997271 -0.02324111
vn 0.0056922603 0.99908817 -0.04231369
vn -0.015378577 0.99959904 -0.02377443
vn -0.008060939 0.9996238 -0.02621696
vn -0.013299862 0.99883646 -0.04635494
vn -0.027029516 0.9987897 -0.041090745
vn -0.020939743 0.999666 -0.015144509
vn -0.037584897 0.99896455 -0.025635079
vn 0.024284856 0.9996253 -0.01262394
vn 0.04739977 0.99883157 -0.009424523
vn -0.023888987 0.9997116 -0.0024578369
vn -0.042540222 0.999084 -0.0046518315
vn 0.026302902 0.9996394 -0.005409613
vn 0.043705367 0.99901366 0.007844805
vn 0.02522214 0.9996735 0.0040840367
vn 0.031492237 0.9991658 0.026002053
vn -0.024710206 0.999645 0.009969264
vn -0.043301295 0.9989201 0.01684554
vn 0.01815871 0.999734 0.014220611
vn 0.020498816 0.9991283 0.03636803
vn -0.019627137 0.99962676 0.019000353
vn -0.03463769 0.9988166 0.0341405
vn 0.011019984 0.9997453 0.01969514
vn 0.012509309 0.99910116 0.040500715
vn -0.013029838 0.9996176 0.024388278
vn -0.023841973 0.99871397 0.044742737
vn 0.0066493126 0.99973863 0.021871388
vn -0.0018985599 0.99903774 0.04381669
vn -0.0094606355 0.9996333 0.025371263
vn -0.016945735 0.9987802 0.046379138
vn -0.0019212626 0.9997098 0.02401388
vn -0.3453581 0.3237355 0.8808649
vn -0.3453581 0.3237355 0.8808649
vn -0.3453581 0.3237355 0.8808649
vn -0.52432877 0.79372543 0.3083493
vn -0.52432877 0.79372543 0.3083493
vn -0.52432877 0.79372543 0.3083493
vn 0.07787017 0.9874206 -0.13761067
vn 0.07787017 0.9874206 -0.13761067
vn 0.07787017 0.9874206 -0.13761067
vn -0.13847837 0.94015306 0.3113454
vn -0.13847837 0.94015306 0.3113454
vn -0.13847837 0.94015306 0.3113454
vn -0.1763232 0.9329731 0.3138017
vn -0.1763232 0.9329731 0.3138017
vn -0.1763232 0.9329731 0.3138017
vn 0.10322113 0.60997117 0.78567207
vn 0.10322113 0.60997117 0.78567207
vn 0.10322113 0.60997117 0.78567207
vn 0.2516862 0.50884986 0.8232411
vn 0.2516862 0.50884986 0.8232411
vn 0.2516862 0.50884986 0.8232411
vn 0.14036624 0.4563147 0.8786774
vn 0.14036624 0.4563147 0.8786774
vn 0.14036624 0.4563147 0.8786774
vn -0.14247589 0.65431815 -0.74267656
vn -0.14247589 0.65431815 -0.74267656
vn -0.14247589 0.65431815 -0.74267656
vn -0.19257921 0.6915199 -0.69621366
vn -0.19257921 0.6915199 -0.69621366
vn -0.19257921 0.6915199 -0.69621366
vn 0.6481265 0.7326584 -0.20771062
vn 0.6481265 0.7326584 -0.20771062
vn 0.6481265 0.7326584 -0.20771062
vn 0.7222873 0.6736635 -0.15645596
vn 0.7222873 0.6736635 -0.15645596
vn 0.7222873 0.6736635 -0.15645596
vn -0.024258904 0.98765147 -0.15477736
vn -0.024258904 0.98765147 -0.15477736
vn -0.024258904 0.98765147 -0.15477736
vn -0.06412436 0.99449956 0.0828163
vn -0.06412436 0.99449956 0.0828163
vn -0.06412436 0.99449956 0.0828163
vn -0.59815884 0.7224295 0.34684518
vn -0.59815884 0.7224295 0.34684518
vn -0.59815884 0.7224295 0.34684518
vn -0.91678935 0.37154338 0.1464676
vn -0.91678935 0.37154338 0.1464676
vn -0.91678935 0.37154338 0.1464676
vn 0.059205033 0.99698704 0.05011703
vn 0.059205033 0.99698704 0.05011703
vn 0.059205033 0.99698704 0.05011703
vn -0.27579764 0.674452 0.6848724
vn -0.27579764 0.674452 0.6848724
vn -0.27579764 0.674452 0.6848724
vn -0.320387 0.7414664 0.5895591
vn -0.320387 0.7414664 0.5895591
vn -0.320387 0.7414664 0.5895591
vn -0.22608148 0.46738124 -0.8546589
vn -0.22608148 0.46738124 -0.8546589
vn -0.22608148 0.46738124 -0.8546589
vn 0.039467458 0.6925872 -0.72025377
vn 0.039467458 0.6925872 -0.72025377
vn 0.039467458 0.6925872 -0.72025377
vn -0.59927773 0.64063835 0.4800505
vn -0.59927773 0.64063835 0.4800505
vn -0.59927773 0.64063835 0.4800505
vn -0.8872585 0.33430666 0.3178229
vn -0.8872585 0.33430666 0.3178229
vn -0.8872585 0.33430666 0.3178229
vn 0.4473517 0.6594069 0.60420114
vn 0.4473517 0.6594069 0.60420114
vn 0.4473517 0.6594069 0.60420114
vn 0.344733 0.35542443 0.86881095
vn 0.344733 0.35542443 0.86881095
vn 0.344733 0.35542443 0.86881095
vn 0.3334474 0.25854802 0.9066233
vn 0.3334474 0.25854802 0.9066233
vn 0.3334474 0.25854802 0.9066233
vn -0.22402479 0.71866506 0.6582806
vn -0.22402479 0.71866506 0.6582806
vn -0.22402479 0.71866506 0.6582806
vn -0.03863731 0.9828583 -0.18026829
vn -0.03863731 0.9828583 -0.18026829
vn -0.03863731 0.9828583 -0.18026829
vn 0.12096123 0.91798156 0.37772772
vn 0.12096123 0.91798156 0.37772772
vn 0.12096123 0.91798156 0.37772772
vn -0.8876837 0.33779082 0.31291375
vn -0.8876837 0.33779082 0.31291375
vn -0.8876837 0.33779082 0.31291375
vn -0.91811675 0.28606683 0.27427614
vn -0.91811675 0.28606683 0.27427614
vn -0.91811675 0.28606683 0.27427614
vn 0.7631351 -0.39675075 0.51011145
vn 0.7631351 -0.39675075 0.51011145
vn 0.7631351 -0.39675075 0.51011145
vn -0.49668598 -0.14259882 0.85613585
vn -0.49668598 -0.14259882 0.85613585
vn -0.49668598 -0.14259882 0.85613585
vn -0.8007682 -0.3951334 -0.45015553
vn -0.8007682 -0.3951334 -0.45015553
vn -0.8007682 -0.3951334 -0.45015553
vn -0.86113304 -0.1178238 -0.49453756
vn -0.86113304 -0.1178238 -0.49453756
vn -0.86113304 -0.1178238 -0.49453756
vn -0.75716716 -0.41649067 -0.5032231
vn -0.75716716 -0.41649067 -0.5032231
vn -0.75716716 -0.41649067 -0.5032231
vn -0.5381112 -0.13926806 0.8312887
vn -0.5381112 -0.13926806 0.8312887
vn -0.5381112 -0.13926806 0.8312887
vn 0.52732027 -0.37233666 -0.76374
vn 0.52732027 -0.37233666 -0.76374
vn 0.52732027 -0.37233666 -0.76374
vn 0.48899186 -0.17673303 -0.85419697
vn 0.48899186 -0.17673303 -0.85419697
vn 0.48899186 -0.17673303 -0.85419697
vn 0.79471636 -0.39925578 0.45718774
vn 0.79471636 -0.39925578 0.45718774
vn 0.79471636 -0.39925578 0.45718774
vn -0.83665323 -0.11728822 -0.5350279
vn -0.83665323 -0.11728822 -0.5350279
vn -0.83665323 -0.11728822 -0.5350279
vn -0.5309186 -0.33980528 0.7763104
vn -0.5309186 -0.33980528 0.7763104
vn -0.5309186 -0.33980528 0.7763104
vn -0.45082504 -0.34164363 0.8246433
vn -0.45082504 -0.34164363 0.8246433
vn -0.45082504 -0.34164363 0.8246433
vn 0.44011876 -0.37531337 -0.81574225
vn 0.44011876 -0.37531337 -0.81574225
vn 0.44011876 -0.37531337 -0.81574225
vn 0.8314346 -0.11979027 0.5425558
vn 0.8314346 -0.11979027 0.5425558
vn 0.8314346 -0.11979027 0.5425558
vn 0.8546649 -0.0983829 0.5097732
vn 0.8546649 -0.0983829 0.5097732
vn 0.8546649 -0.0983829 0.5097732
vn 0.5483387 -0.17322396 -0.8181187
vn 0.5483387 -0.17322396 -0.8181187
vn 0.5483387 -0.17322396 -0.8181187
vn 0.50065476 0.26791015 -0.8231458
vn 0.50065416 0.26791006 -0.8231462
vn 0.5190001 0.050109986 -0.8533041
vn -0.5037353 0.2456768 0.828187
vn -0.5037366 0.24567385 0.82818705
vn -0.5187419 0.059199814 0.8528788
vn 0.6449804 -0.3967545 -0.6531356
vn 0.6449804 -0.3967545 -0.6531356
vn 0.6449804 -0.3967545 -0.6531356
vn 0.74701023 -0.14260288 0.6493382
vn 0.74701023 -0.14260288 0.6493382
vn 0.74701023 -0.14260288 0.6493382
vn -0.5932358 -0.3951371 0.70138294
vn -0.5932358 -0.3951371 0.70138294
vn -0.5932358 -0.3951371 0.70138294
vn -0.64821905 -0.11782663 0.7522825
vn -0.64821905 -0.11782663 0.7522825
vn -0.64821905 -0.11782663 0.7522825
vn -0.6371039 -0.41648945 0.64856386
vn -0.6371039 -0.41648945 0.64856386
vn -0.6371039 -0.41648945 0.64856386
vn 0.71478915 -0.13928175 0.68533
vn 0.71478915 -0.13928175 0.68533
vn 0.71478915 -0.13928175 0.68533
vn -0.6504647 -0.3723319 -0.66201556
vn -0.6504647 -0.3723319 -0.66201556
vn -0.6504647 -0.3723319 -0.66201556
vn -0.7465369 -0.17674018 -0.64144033
vn -0.7465369 -0.17674018 -0.64144033
vn -0.7465369 -0.17674018 -0.64144033
vn 0.5989738 -0.39925742 -0.69413537
vn 0.5989738 -0.39925742 -0.69413537
vn 0.5989738 -0.39925742 -0.69413537
vn -0.68336004 -0.11728271 0.72059965
vn -0.68336004 -0.11728271 0.72059965
vn -0.68336004 -0.11728271 0.72059965
vn 0.66213703 -0.33980542 0.6679122
vn 0.66213703 -0.33980542 0.6679122
vn 0.66213703 -0.33980542 0.6679122
vn 0.7247112 -0.34164363 0.5983923
vn 0.7247112 -0.34164363 0.5983923
vn 0.7247112 -0.34164363 0.5983923
vn -0.7180016 -0.3753139 -0.58618534
vn -0.7180016 -0.3753139 -0.58618534
vn -0.7180016 -0.3753139 -0.58618534
vn 0.6897585 -0.119801186 -0.71405935
vn 0.6897585 -0.119801186 -0.71405935
vn 0.6897585 -0.119801186 -0.71405935
vn 0.66191584 -0.09837994 -0.743094
vn 0.66191584 -0.09837994 -0.743094
vn 0.66191584 -0.09837994 -0.743094
vn -0.6999026 -0.17322272 -0.69291425
vn -0.6999026 -0.17322272 -0.69291425
vn -0.6999026 -0.17322272 -0.69291425
vn -0.7138368 0.26791373 -0.6470389
vn -0.7138363 0.2679146 -0.64703906
vn -0.73999536 0.050108004 -0.670743
vn 0.7182204 0.2456755 0.65100163
vn 0.7182206 0.24567781 0.65100056
vn 0.7396262 0.059200387 0.6704091
vn 0.7081241 0.4217978 0.56625694
vn 0.7081241 0.4217978 0.56625694
vn 0.7081241 0.4217978 0.56625694
vn 0.7081241 0.4217978 0.56625694
vn 0.79142445 0.566566 -0.22945648
vn 0.79142445 0.566566 -0.22945648
vn 0.79142445 0.566566 -0.22945648
vn 0.79142445 0.566566 -0.22945648
vn -0.12622929 0.7198889 0.6825145
vn -0.12622929 0.7198889 0.6825145
vn -0.12622929 0.7198889 0.6825145
vn -0.12622929 0.7198889 0.6825145
vn -0.2518983 0.6472296 -0.7194727
vn -0.2518983 0.6472296 -0.7194727
vn -0.2518983 0.6472296 -0.7194727
vn -0.2518983 0.6472296 -0.7194727
vn -0.79177624 0.53377616 -0.2969399
vn -0.79177624 0.53377616 -0.2969399
vn -0.79177624 0.53377616 -0.2969399
vn -0.79177624 0.53377616 -0.2969399
vn 0.692294 0.69076335 0.20874625
vn 0.692294 0.69076335 0.20874625
vn 0.692294 0.69076335 0.20874625
vn 0.692294 0.69076335 0.20874625
vn 0.6942818 0.6961532 0.1826018
vn 0.6942818 0.6961532 0.1826018
vn -0.7667896 0.51936096 -0.37722394
vn -0.7667896 0.51936096 -0.37722394
vn -0.7667896 0.51936096 -0.37722394
vn -0.7667896 0.51936096 -0.37722394
vn 0.66208017 0.64417493 0.38299936
vn 0.66208017 0.64417493 0.38299936
vn 0.66208017 0.64417493 0.38299936
vn 0.66208017 0.64417493 0.38299936
vn -0.78516346 0.5678544 -0.24710272
vn -0.78516346 0.5678544 -0.24710272
vn -0.78516346 0.5678544 -0.24710272
vn -0.78516346 0.5678544 -0.24710272
vn 0.9309691 0.36217937 -0.046072487
vn 0.9309691 0.36217937 -0.046072487
vn 0.9309691 0.36217937 -0.046072487
vn 0.9309691 0.36217937 -0.046072487
vn -0.7994675 0.5977946 0.05910442
vn -0.7994675 0.5977946 0.05910442
vn -0.7994675 0.5977946 0.05910442
vn -0.7994675 0.5977946 0.05910442
vn -0.23783806 0.644167 -0.7269677
vn -0.23783806 0.644167 -0.7269677
vn -0.23783806 0.644167 -0.7269677
vn -0.23783806 0.644167 -0.7269677
vn -0.75502545 0.56239206 0.3371229
vn -0.75502545 0.56239206 0.3371229
vn -0.75502545 0.56239206 0.3371229
vn -0.75502545 0.56239206 0.3371229
vn 0.9024058 0.3970217 0.16744408
vn 0.9024058 0.3970217 0.16744408
vn 0.9024058 0.3970217 0.16744408
vn 0.9024058 0.3970217 0.16744408
vn 0.11023703 0.9577704 0.26556295
vn 0.11023703 0.9577704 0.26556295
vn 0.11023703 0.9577704 0.26556295
vn 0.11023703 0.9577704 0.26556295
vn 0.6545385 0.5182533 0.55044794
vn 0.6545385 0.5182533 0.55044794
vn 0.6545385 0.5182533 0.55044794
vn 0.6545385 0.5182533 0.55044794
vn 0.012444004 0.94567627 0.32487154
vn 0.012444004 0.94567627 0.32487154
vn 0.012444004 0.94567627 0.32487154
vn 0.012444004 0.94567627 0.32487154
vn 0.865285 0.49859533 0.051814653
vn 0.865285 0.49859533 0.051814653
vn 0.865285 0.49859533 0.051814653
vn 0.865285 0.49859533 0.051814653
vn 0.73113394 0.49767068 -0.46665516
vn 0.73113394 0.49767068 -0.46665516
vn 0.73113394 0.49767068 -0.46665516
vn 0.73113394 0.49767068 -0.46665516
vn -0.7252194 0.5584122 -0.40278104
vn -0.7252194 0.5584122 -0.40278104
vn -0.7252194 0.5584122 -0.40278104
vn -0.7252194 0.5584122 -0.40278104
vn -0.08230192 0.9963554 0.02241381
vn -0.08230192 0.9963554 0.02241381
vn -0.08230192 0.9963554 0.02241381
vn -0.08230192 0.9963554 0.02241381
vn -0.056427192 0.9980203 0.027776113
vn -0.056427192 0.9980203 0.027776113
vn 0.15051912 0.6109909 -0.77719635
vn 0.15051912 0.6109909 -0.77719635
vn 0.15051912 0.6109909 -0.77719635
vn 0.15051912 0.6109909 -0.77719635
vn -0.33093572 0.93053555 0.15679614
vn -0.33093572 0.93053555 0.15679614
vn -0.33093572 0.93053555 0.15679614
vn -0.33093572 0.93053555 0.15679614
vn -0.51017106 0.6632276 -0.5475898
vn -0.51017106 0.6632276 -0.5475898
vn -0.51017106 0.6632276 -0.5475898
vn -0.51017106 0.6632276 -0.5475898
vn -0.21053329 0.23319085 0.94936705
vn -0.21053329 0.23319085 0.94936705
vn -0.21053329 0.23319085 0.94936705
vn -0.21053329 0.23319085 0.94936705
vn 0.084710896 0.8957166 0.43648127
vn 0.084710896 0.8957166 0.43648127
vn 0.084710896 0.8957166 0.43648127
vn 0.084710896 0.8957166 0.43648127
vn -0.58950615 0.61244446 0.5266823
vn -0.58950615 0.61244446 0.5266823
vn -0.58950615 0.61244446 0.5266823
vn -0.58950615 0.61244446 0.5266823
vn -0.04583789 0.9987098 0.021852951
vn -0.04583789 0.9987098 0.021852951
vn -0.04583789 0.9987098 0.021852951
vn -0.04583789 0.9987098 0.021852951
vn 0.40244865 0.4883301 -0.7743183
vn 0.40244865 0.4883301 -0.7743183
vn 0.40244865 0.4883301 -0.7743183
vn 0.40244865 0.4883301 -0.7743183
vn -0.7226347 0.674436 0.15144342
vn -0.7226347 0.674436 0.15144342
vn -0.7226347 0.674436 0.15144342
vn -0.7226347 0.674436 0.15144342
vn 0.58925986 0.6048492 0.53565866
vn 0.58925986 0.6048492 0.53565866
vn 0.58925986 0.6048492 0.53565866
vn 0.58925986 0.6048492 0.53565866
vn 0.0866454 0.97782034 0.19068275
vn 0.0866454 0.97782034 0.19068275
vn 0.0866454 0.97782034 0.19068275
vn 0.0866454 0.97782034 0.19068275
vn -0.48321953 0.5893435 0.64743584
vn -0.48321953 0.5893435 0.64743584
vn -0.48321953 0.5893435 0.64743584
vn -0.48321953 0.5893435 0.64743584
vn -0.053083226 0.9836902 0.17185985
vn -0.053083226 0.9836902 0.17185985
vn -0.053083226 0.9836902 0.17185985
vn -0.053083226 0.9836902 0.17185985
vn 0.030101389 0.62614065 0.7791288
vn 0.030101389 0.62614065 0.7791288
vn 0.030101389 0.62614065 0.7791288
vn 0.030101389 0.62614065 0.7791288
vn 0.29833728 0.5949093 -0.7463764
vn 0.29833728 0.5949093 -0.7463764
vn 0.29833728 0.5949093 -0.7463764
vn 0.29833728 0.5949093 -0.7463764
vn -0.6602798 0.6514018 0.37377304
vn -0.6602798 0.6514018 0.37377304
vn -0.6602798 0.6514018 0.37377304
vn -0.6602798 0.6514018 0.37377304
vn 0.18345 0.5480633 0.8160715
vn 0.18345 0.5480633 0.8160715
vn 0.18345 0.5480633 0.8160715
vn 0.18345 0.5480633 0.8160715
vn -0.79918754 0.48227835 0.3587575
vn -0.79918754 0.48227835 0.3587575
vn -0.79918754 0.48227835 0.3587575
vn -0.79918754 0.48227835 0.3587575
vn 0.018877668 0.6343484 -0.7728167
vn 0.018877668 0.6343484 -0.7728167
vn 0.018877668 0.6343484 -0.7728167
vn 0.018877668 0.6343484 -0.7728167
vn 0.025699176 0.9982287 -0.05365709
vn 0.025699176 0.9982287 -0.05365709
vn 0.025699176 0.9982287 -0.05365709
vn 0.025699176 0.9982287 -0.05365709
vn -0.10264207 0.9947036 -0.0054213917
vn -0.10264207 0.9947036 -0.0054213917
vn -0.10264207 0.9947036 -0.0054213917
vn -0.10264207 0.9947036 -0.0054213917
vn 0.04684042 0.99870825 -0.019695738
vn 0.04684042 0.99870825 -0.019695738
vn 0.04684042 0.99870825 -0.019695738
vn 0.04684042 0.99870825 -0.019695738
vn 0.9007716 0.4333723 -0.028263956
vn 0.9007716 0.4333723 -0.028263956
vn 0.9007716 0.4333723 -0.028263956
vn 0.9007716 0.4333723 -0.028263956
vn -0.16048183 0.97679067 0.141865
vn -0.16048183 0.97679067 0.141865
vn -0.16048183 0.97679067 0.141865
vn -0.16048183 0.97679067 0.141865
vn -0.5158386 0.5945053 -0.61682564
vn -0.5158386 0.5945053 -0.61682564
vn -0.5158386 0.5945053 -0.61682564
vn -0.5158386 0.5945053 -0.61682564
vn 0.93866175 0.34147826 -0.0480289
vn 0.93866175 0.34147826 -0.0480289
vn 0.93866175 0.34147826 -0.0480289
vn 0.93866175 0.34147826 -0.0480289
vn -0.5698799 0.63769424 0.51825005
vn -0.5698799 0.63769424 0.51825005
vn -0.5698799 0.63769424 0.51825005
vn -0.5698799 0.63769424 0.51825005
vn 0.77653784 0.46804056 0.42181405
vn 0.77653784 0.46804056 0.42181405
vn 0.77653784 0.46804056 0.42181405
vn 0.77653784 0.46804056 0.42181405
vn -0.014700486 0.9995554 0.025940849
vn -0.014700486 0.9995554 0.025940849
vn -0.014700486 0.9995554 0.025940849
vn -0.014700486 0.9995554 0.025940849
vn 0.6944764 0.57049316 -0.43845183
vn 0.6944764 0.57049316 -0.43845183
vn 0.6944764 0.57049316 -0.43845183
vn 0.6944764 0.57049316 -0.43845183
vn -0.5443928 0.5338644 -0.64701265
vn -0.5443928 0.5338644 -0.64701265
vn -0.5443928 0.5338644 -0.64701265
vn -0.5443928 0.5338644 -0.64701265
vn 0.03658542 0.99930775 0.0067458497
vn 0.03658542 0.99930775 0.0067458497
vn 0.03658542 0.99930775 0.0067458497
vn 0.03658542 0.99930775 0.0067458497
vn 0.6265164 0.6418424 -0.4421714
vn 0.6265164 0.6418424 -0.4421714
vn 0.6265164 0.6418424 -0.4421714
vn 0.6265164 0.6418424 -0.4421714
vn 0.12618564 0.5708848 -0.8112754
vn 0.12618564 0.5708848 -0.8112754
vn 0.12618564 0.5708848 -0.8112754
vn 0.12618564 0.5708848 -0.8112754
vn -0.18740304 0.43840763 0.8790215
vn -0.18740304 0.43840763 0.8790215
vn -0.18740304 0.43840763 0.8790215
vn -0.18740304 0.43840763 0.8790215
vn 0.83629906 0.46398008 -0.2921069
vn 0.83629906 0.46398008 -0.2921069
vn 0.83629906 0.46398008 -0.2921069
vn 0.83629906 0.46398008 -0.2921069
vn 0.049126573 0.98772544 0.14827386
vn 0.049126573 0.98772544 0.14827386
vn 0.049126573 0.98772544 0.14827386
vn 0.049126573 0.98772544 0.14827386
vn 0.07890983 0.99493694 -0.062238287
vn 0.07890983 0.99493694 -0.062238287
vn 0.07890983 0.99493694 -0.062238287
vn 0.07890983 0.99493694 -0.062238287
vn 0.7433032 0.4925733 0.4526278
vn 0.7433032 0.4925733 0.4526278
vn 0.7433032 0.4925733 0.4526278
vn 0.7433032 0.4925733 0.4526278
vn -0.81449294 0.27125716 -0.5128554
vn -0.81449294 0.27125716 -0.5128554
vn -0.81449294 0.27125716 -0.5128554
vn -0.81449294 0.27125716 -0.5128554
vn 0.12426814 0.41417122 -0.90167594
vn 0.12426814 0.41417122 -0.90167594
vn 0.12426814 0.41417122 -0.90167594
vn 0.12426814 0.41417122 -0.90167594
vn 0.83420944 -0.00696612 0.5514037
vn 0.8342165 -0.0069825575 0.551393
vn 0.8342195 -0.0069635147 0.5513885
vn 0.83420694 -0.006984851 0.55140734
vn 0.8341807 -0.006973522 0.55144703
vn 0.8342071 -0.0070396834 0.5514064
vn 0.4842232 0.5085912 -0.7119431
vn 0.4842232 0.5085912 -0.7119431
vn 0.5335699 0.5012212 -0.68123454
vn 0.53139734 0.50158834 -0.68266094
vn 0.578302 0.4927214 -0.6502248
vn 0.578302 0.4927214 -0.6502248
vn 0.5467497 0.007044031 0.8372665
vn 0.5467497 0.007044031 0.8372665
vn 0.5467497 0.007044031 0.8372665
vn 0.5467497 0.007044031 0.8372665
vn -0.47354066 -0.5052636 0.72143453
vn -0.47354066 -0.5052636 0.72143453
vn -0.49906838 -0.50644934 0.70316404
vn -0.50026405 -0.50649303 0.7022824
vn -0.52491254 -0.5071492 0.6835689
vn -0.52491254 -0.5071492 0.6835689
vn 0.82660115 -0.096097924 -0.55452305
vn 0.8266009 -0.09609147 -0.55452454
vn 0.82660115 -0.096097924 -0.55452305
vn 0.8266009 -0.096092515 -0.55452424
vn 0.82660025 -0.096076295 -0.55452806
vn -0.09795856 0.9949626 0.021299465
vn -0.114719406 0.9930969 0.024453573
vn -0.09795856 0.9949626 0.021299465
vn -0.11653912 0.99287647 0.024795968
vn -0.13357064 0.9906437 0.028000051
vn -0.13357064 0.9906437 0.028000051
vn -0.09441782 -0.48677817 -0.86840785
vn -0.09192172 -0.48290667 -0.8708338
vn -0.09192172 -0.48290667 -0.8708338
vn -0.09447134 -0.4868611 -0.8683555
vn -0.09693293 -0.49066994 -0.8659371
vn -0.09693293 -0.49066994 -0.8659371
vn -0.54054743 0.27384466 -0.79549825
vn -0.58347464 0.27816305 -0.76300895
vn -0.58347464 0.27816305 -0.76300895
vn -0.54186016 0.27398607 -0.794556
vn -0.49803916 0.26896995 -0.8243859
vn -0.49803916 0.26896995 -0.8243859
vn 0.96696424 -0.005703994 0.25484836
vn 0.96696424 -0.005703994 0.25484836
vn 0.96696424 -0.005703994 0.25484836
vn 0.96696424 -0.005703994 0.25484836
vn -0.14457026 -0.7251844 0.6732065
vn -0.14457026 -0.7251844 0.6732065
vn -0.14457026 -0.7251844 0.6732065
vn -0.14457026 -0.7251844 0.6732065
vn 0.34435606 -0.47721833 -0.8085057
vn 0.34435606 -0.47721833 -0.8085057
vn 0.40121865 -0.49058658 -0.77352977
vn 0.39764997 -0.48980236 -0.775866
vn 0.45213836 -0.5009235 -0.73800164
vn 0.45213836 -0.5009235 -0.73800164
vn -0.025391515 0.99799746 0.05793391
vn -0.025391515 0.99799746 0.05793391
vn -0.025391515 0.99799746 0.05793391
vn -0.025391515 0.99799746 0.05793391
vn 0.43193626 -0.5334262 0.7272465
vn 0.43193626 -0.5334262 0.7272465
vn 0.43193626 -0.5334262 0.7272465
vn 0.43193626 -0.5334262 0.7272465
vn -0.36894083 0.48152995 0.7949915
vn -0.4019324 0.48594823 0.7760828
vn -0.4019324 0.48594823 0.7760828
vn -0.36667567 0.48120368 0.79623616
vn -0.33263314 0.47595426 0.81413925
vn -0.33263314 0.47595426 0.81413925
vn 0.4029915 -0.8034266 0.43829623
vn 0.4029915 -0.8034266 0.43829623
vn 0.4029915 -0.8034266 0.43829623
vn 0.4029915 -0.8034266 0.43829623
vn 0.4408378 -0.5584093 0.70273834
vn 0.4408378 -0.5584093 0.70273834
vn 0.40928206 -0.5608431 0.71968275
vn 0.40825966 -0.56090933 0.7202116
vn 0.3767573 -0.56257254 0.7359117
vn 0.3767573 -0.56257254 0.7359117
vn 0.22487777 0.47520334 0.85065377
vn 0.22487777 0.47520334 0.85065377
vn 0.22487777 0.47520334 0.85065377
vn 0.22487777 0.47520334 0.85065377
vn -0.7343192 -0.44631895 0.5114437
vn -0.75664914 -0.45247772 0.4719598
vn -0.75664914 -0.45247772 0.4719598
vn -0.7345808 -0.446394 0.5110024
vn -0.7111262 -0.4394321 0.548816
vn -0.7111262 -0.4394321 0.548816
vn 0.14411466 0.9844594 0.100353196
vn 0.14411466 0.9844594 0.100353196
vn 0.14817008 0.9836125 0.102723405
vn 0.14824805 0.98359597 0.102768965
vn 0.15224452 0.98273844 0.10510436
vn 0.15224452 0.98273844 0.10510436
vn -0.57870173 0.7463232 0.32879475
vn -0.57870173 0.7463232 0.32879475
vn -0.57870173 0.7463232 0.32879475
vn -0.57870173 0.7463232 0.32879475
vn 0.9689974 0.16689654 -0.18217963
vn 0.9690121 0.16690287 -0.1820957
vn 0.96901435 0.16689062 -0.18209533
vn 0.96899563 0.1669094 -0.18217766
vn 0.9689469 0.16691436 -0.18243247
vn 0.9690055 0.16694061 -0.18209687
vn 0.85762686 -0.110048145 0.50236005
vn 0.8576325 -0.11003486 0.50235325
vn 0.8575989 -0.11004412 0.50240856
vn 0.85762495 -0.11005246 0.50236225
vn 0.8575961 -0.11004859 0.5024124
vn 0.85750955 -0.110036984 0.50256264
vn -0.9690184 -0.16682564 0.18213373
vn -0.9690073 -0.16684572 0.18217403
vn -0.9690129 -0.16684258 0.18214694
vn -0.96901256 -0.166829 0.18216111
vn -0.9690346 -0.16677438 0.18209365
vn -0.9689904 -0.1668552 0.18225527
vn -0.8576294 0.11016983 -0.502329
vn -0.8576138 0.11011932 -0.5023668
vn -0.85760003 0.110116586 -0.50239086
vn -0.85759497 0.11010009 -0.5024031
vn -0.85760856 0.11010264 -0.50237936
vn -0.8575541 0.110092446 -0.5024744
vn -0.2720607 0.4899983 -0.82818156
vn -0.2445152 0.4949963 -0.8337812
vn -0.2445152 0.4949963 -0.8337812
vn -0.2741452 0.48960212 -0.82772833
vn -0.3009215 0.4842841 -0.82153225
vn -0.3009215 0.4842841 -0.82153225
vn -0.029496904 -0.5161709 0.85597754
vn -0.086260244 -0.5019146 0.86060494
vn -0.029496904 -0.5161709 0.85597754
vn -0.08954554 -0.5010341 0.86078244
vn -0.14664082 -0.48475254 0.86227113
vn -0.14664082 -0.48475254 0.86227113
vn -0.79302144 0.53252983 0.29585293
vn -0.82856727 0.5145399 0.22073767
vn -0.82856727 0.5145399 0.22073767
vn -0.79206616 0.5329274 0.2976903
vn -0.7514461 0.5467518 0.36931184
vn -0.7514461 0.5467518 0.36931184
vn 0.18283688 0.5057136 0.84310406
vn 0.1320897 0.49904177 0.8564518
vn 0.1320897 0.49904177 0.8564518
vn 0.1842741 0.5058828 0.84268945
vn 0.23347677 0.5110072 0.8272606
vn 0.23347677 0.5110072 0.8272606
vn -0.009059277 0.999944 0.0054876027
vn -0.009059277 0.999944 0.0054876027
vn -0.009059277 0.999944 0.0054876027
vn -0.009059277 0.999944 0.0054876027
vn -0.8342152 0.007069821 -0.5513936
vn -0.8342063 0.0070544323 -0.55140734
vn -0.83421713 0.0070337383 -0.5513913
vn -0.8342178 0.0070217107 -0.55139047
vn -0.8342071 0.0070421416 -0.55140626
vn -0.83417434 0.0071048695 -0.5514551
vn -0.47186887 -0.50300837 0.72410107
vn -0.47186887 -0.50300837 0.72410107
vn -0.47186887 -0.50300837 0.72410107
vn -0.47186887 -0.50300837 0.72410107
vn 0.74143845 0.44328535 -0.50375295
vn 0.75840247 0.45202222 -0.46957594
vn 0.74143845 0.44328535 -0.50375295
vn 0.75856775 0.45210683 -0.46922737
vn 0.77462757 0.46028048 -0.4336979
vn 0.77462757 0.46028048 -0.4336979
vn 0.07073679 0.48472872 0.87179947
vn 0.059604082 0.48617527 0.87182623
vn 0.07073679 0.48472872 0.87179947
vn 0.059837233 0.4861456 0.87182677
vn 0.0485453 0.48755077 0.87174404
vn 0.0485453 0.48755077 0.87174404
vn -0.062250726 0.96525896 -0.2537716
vn -0.062250726 0.96525896 -0.2537716
vn -0.063781746 0.9654291 -0.25274208
vn -0.06373368 0.9654238 -0.25277442
vn -0.06528724 0.96559316 -0.25172874
vn -0.06528724 0.96559316 -0.25172874
vn 0.41598842 0.21307434 0.88405484
vn 0.4159873 0.21303567 0.88406473
vn 0.41606265 0.21303841 0.88402855
vn 0.41606444 0.21302512 0.8840309
vn 0.41629693 0.21303134 0.88392
vn 0.41598693 0.21302305 0.8840679
vn -0.41613838 -0.21297835 -0.8840074
vn -0.41606143 -0.21297303 -0.88404495
vn -0.41604972 -0.21295495 -0.8840547
vn -0.41602376 -0.21295294 -0.8840674
vn -0.41598752 -0.21289766 -0.8840979
vn -0.4160357 -0.21297123 -0.88405734
vn -0.5248281 -0.6373972 -0.5641635
vn -0.5248281 -0.6373972 -0.5641635
vn -0.5248281 -0.6373972 -0.5641635
vn -0.5248281 -0.6373972 -0.5641635
vn 0.067396216 0.9972692 0.030195242
vn 0.067396216 0.9972692 0.030195242
vn 0.067396216 0.9972692 0.030195242
vn 0.067396216 0.9972692 0.030195242
vn 0.042048104 -0.97680783 0.20994815
vn 0.056414824 -0.9690261 0.2404281
vn 0.042048104 -0.97680783 0.20994815
vn 0.05592561 -0.9693108 0.2393926
vn 0.07045859 -0.96025574 0.27008235
vn 0.07045859 -0.96025574 0.27008235
vn -0.19184451 -0.46300775 -0.8653435
vn -0.19184451 -0.46300775 -0.8653435
vn -0.19184451 -0.46300775 -0.8653435
vn -0.19184451 -0.46300775 -0.8653435
vn -0.47876883 0.4916888 0.7273394
vn -0.47876883 0.4916888 0.7273394
vn -0.47876883 0.4916888 0.7273394
vn -0.47876883 0.4916888 0.7273394
vn -0.1140389 -0.9932019 -0.023349985
vn -0.1622529 -0.9865414 -0.02025002
vn -0.1140389 -0.9932019 -0.023349985
vn -0.16606078 -0.9859126 -0.020002063
vn -0.21458247 -0.9765613 -0.016801778
vn -0.21458247 -0.9765613 -0.016801778
vn 0.003505396 0.51530546 -0.85699946
vn 0.05532378 0.5067021 -0.8603442
vn 0.003505396 0.51530546 -0.85699946
vn 0.052547697 0.50719935 -0.86022526
vn 0.10483186 0.49714178 -0.86131316
vn 0.10483186 0.49714178 -0.86131316
vn 0.12942833 0.9915064 0.012786403
vn 0.17608517 0.98432654 0.009756208
vn 0.17608517 0.98432654 0.009756208
vn 0.13282417 0.99105996 0.012567448
vn 0.086553246 0.99612623 0.0155295385
vn 0.086553246 0.99612623 0.0155295385
vn -0.56754154 -0.42690548 -0.7040229
vn -0.56754154 -0.42690548 -0.7040229
vn -0.56754154 -0.42690548 -0.7040229
vn -0.56754154 -0.42690548 -0.7040229
vn -0.0453512 0.97985476 -0.19449396
vn -0.06329225 0.97051066 -0.23260047
vn -0.06329225 0.97051066 -0.23260047
vn -0.044724222 0.9801476 -0.19315897
vn -0.026994526 0.9874958 -0.15531687
vn -0.026994526 0.9874958 -0.15531687
vn 0.5773581 0.73417795 -0.35726792
vn 0.5773581 0.73417795 -0.35726792
vn 0.5773581 0.73417795 -0.35726792
vn 0.5773581 0.73417795 -0.35726792
vn 0.3650658 -0.4788737 0.79837763
vn 0.32452205 -0.4842043 0.8125463
vn 0.3650658 -0.4788737 0.79837763
vn 0.3275302 -0.48384255 0.81155425
vn 0.2856987 -0.48840356 0.82452303
vn 0.2856987 -0.48840356 0.82452303
vn -0.111478254 -0.9894671 -0.09234487
vn -0.090164274 -0.9927188 -0.079874285
vn -0.090164274 -0.9927188 -0.079874285
vn -0.11105849 -0.9895371 -0.09209943
vn -0.1325941 -0.9856269 -0.10468285
vn -0.1325941 -0.9856269 -0.10468285
vn -0.12542321 -0.9919491 -0.017492637
vn -0.12542321 -0.9919491 -0.017492637
vn -0.12542321 -0.9919491 -0.017492637
vn -0.12542321 -0.9919491 -0.017492637
vn 0.4223786 0.6972431 0.579179
vn 0.4223786 0.6972431 0.579179
vn 0.462237 0.69315 0.55306417
vn 0.46220207 0.6931544 0.5530879
vn 0.5015382 0.6873867 0.52531797
vn 0.5015382 0.6873867 0.52531797
vn 0.46967456 0.50829244 -0.72183424
vn 0.46967456 0.50829244 -0.72183424
vn 0.46967456 0.50829244 -0.72183424
vn 0.46967456 0.50829244 -0.72183424
vn -0.73629147 -0.04720459 0.67501587
vn -0.73629147 -0.04720459 0.67501587
vn -0.73629147 -0.04720459 0.67501587
vn -0.73629147 -0.04720459 0.67501587
vn 0.17002827 -0.98511916 -0.025112484
vn 0.17169456 -0.9848221 -0.025425665
vn 0.17002827 -0.98511916 -0.025112484
vn 0.17153089 -0.9848513 -0.025394903
vn 0.17322446 -0.9845466 -0.02571323
vn 0.17322446 -0.9845466 -0.02571323
vn 0.20639843 -0.5065369 0.83715
vn 0.20639843 -0.5065369 0.83715
vn 0.20639843 -0.5065369 0.83715
vn 0.20639843 -0.5065369 0.83715
vn 0.6348106 -0.510946 0.5796116
vn 0.6348106 -0.510946 0.5796116
vn 0.6348106 -0.510946 0.5796116
vn 0.6348106 -0.510946 0.5796116
vn -0.16284943 0.70088995 0.6944303
vn -0.16284943 0.70088995 0.6944303
vn -0.16284943 0.70088995 0.6944303
vn -0.16284943 0.70088995 0.6944303
vn 0.9845122 -0.16313976 -0.06419622
vn 0.9845146 -0.16313143 -0.06418065
vn 0.9845105 -0.16314916 -0.0641983
vn 0.9845163 -0.16312179 -0.064178355
vn 0.9845173 -0.16311163 -0.06418997
vn 0.9845271 -0.16307688 -0.06412641
vn -0.13046525 -0.49961668 -0.8563656
vn -0.0916529 -0.48934674 -0.8672598
vn -0.0916529 -0.48934674 -0.8672598
vn -0.12937862 -0.49934012 -0.8566917
vn -0.16723716 -0.5085978 -0.8446064
vn -0.16723716 -0.5085978 -0.8446064
vn -0.589272 -0.7283774 0.34960687
vn -0.589272 -0.7283774 0.34960687
vn -0.589272 -0.7283774 0.34960687
vn -0.589272 -0.7283774 0.34960687
vn -0.82632023 0.098367445 0.5545438
vn -0.82779974 0.09796777 0.5524038
vn -0.8275753 0.098272376 0.5526858
vn -0.82799476 0.098240435 0.5520629
vn -0.8281837 0.09796369 0.5518286
vn -0.8287941 0.09706817 0.55107003
vn 0.72978646 0.08367123 -0.6785358
vn 0.72978646 0.08367123 -0.6785358
vn 0.72978646 0.08367123 -0.6785358
vn 0.72978646 0.08367123 -0.6785358
vn -0.9845024 0.1631981 0.064199336
vn -0.9845047 0.16320926 0.06413527
vn -0.98450655 0.16319504 0.06414173
vn -0.9845072 0.16319044 0.06414385
vn -0.98450285 0.16319326 0.06420323
vn -0.9844899 0.16320169 0.06438133
vn -0.4406902 0.7952331 -0.41640913
vn -0.4406902 0.7952331 -0.41640913
vn -0.4406902 0.7952331 -0.41640913
vn -0.4406902 0.7952331 -0.41640913
vn 0.48108763 -0.48244908 -0.73198193
vn 0.48108763 -0.48244908 -0.73198193
vn 0.48108763 -0.48244908 -0.73198193
vn 0.48108763 -0.48244908 -0.73198193
vn 0.57733846 -0.741103 -0.34270498
vn 0.57733846 -0.741103 -0.34270498
vn 0.57733846 -0.741103 -0.34270498
vn 0.57733846 -0.741103 -0.34270498
vn 0.037645195 0.9990694 0.02105366
vn 0.037645195 0.9990694 0.02105366
vn 0.037645195 0.9990694 0.02105366
vn 0.037645195 0.9990694 0.02105366
vn -0.16975108 0.5256027 -0.83362246
vn -0.16975108 0.5256027 -0.83362246
vn -0.16975108 0.5256027 -0.83362246
vn -0.16975108 0.5256027 -0.83362246
vn 0.17673706 -0.71202457 -0.6795476
vn 0.17673706 -0.71202457 -0.6795476
vn 0.17673706 -0.71202457 -0.6795476
vn 0.17673706 -0.71202457 -0.6795476
vn 0.49154082 0.6512973 0.5780999
vn 0.49154082 0.6512973 0.5780999
vn 0.49154082 0.6512973 0.5780999
vn 0.49154082 0.6512973 0.5780999
vn -0.82659984 0.09614904 0.554516
vn -0.82659584 0.0961498 0.5545218
vn -0.8265426 0.09616018 0.55459946
vn -0.82662874 0.09614342 0.55447394
vn -0.82662874 0.09614342 0.55447394
vn 0.8128134 -0.5239137 -0.25465465
vn 0.8457492 -0.50092727 -0.18379393
vn 0.8457492 -0.50092727 -0.18379393
vn 0.81365275 -0.5234112 -0.25300175
vn 0.7761312 -0.54270667 -0.321076
vn 0.7761312 -0.54270667 -0.321076
vn -0.54675025 -0.0069769835 -0.8372666
vn -0.54675025 -0.0069769835 -0.8372666
vn -0.54675025 -0.0069769835 -0.8372666
vn -0.54675025 -0.0069769835 -0.8372666
vn 0.51522833 0.44465023 0.732684
vn 0.51522833 0.44465023 0.732684
vn 0.51522833 0.44465023 0.732684
vn 0.51522833 0.44465023 0.732684
vn -0.011221302 -0.9987153 -0.049414873
vn -0.011221302 -0.9987153 -0.049414873
vn -0.011221302 -0.9987153 -0.049414873
vn -0.011221302 -0.9987153 -0.049414873
vn -0.3212897 -0.88821584 -0.32839835
vn -0.3212897 -0.88821584 -0.32839835
vn -0.3582385 -0.88050276 -0.31045148
vn -0.35882166 -0.88036746 -0.31016132
vn -0.3957876 -0.8709094 -0.291323
vn -0.3957876 -0.8709094 -0.291323
vn 0.16368784 0.7144333 -0.6802877
vn 0.16368784 0.7144333 -0.6802877
vn 0.16368784 0.7144333 -0.6802877
vn 0.16368784 0.7144333 -0.6802877
vn 0.9732582 0.032546185 -0.22739659
vn 0.9731895 0.032231417 -0.22773546
vn 0.9737534 0.03271651 -0.22524221
vn 0.97309124 0.032489095 -0.22811788
vn 0.97303456 0.03220405 -0.2284002
vn 0.97284985 0.03128169 -0.22931334
vn 0.58921456 0.4786828 0.6509139
vn 0.58921456 0.4786828 0.6509139
vn 0.58921456 0.4786828 0.6509139
vn 0.58921456 0.4786828 0.6509139
vn -0.47211426 0.55589926 -0.6841667
vn -0.47211426 0.55589926 -0.6841667
vn -0.47211426 0.55589926 -0.6841667
vn -0.47211426 0.55589926 -0.6841667
vn -0.59644705 0.5216626 -0.6100157
vn -0.59644705 0.5216626 -0.6100157
vn -0.59644705 0.5216626 -0.6100157
vn -0.59644705 0.5216626 -0.6100157
vn -0.5544562 -0.47183907 -0.68552625
vn -0.5544562 -0.47183907 -0.68552625
vn -0.5544562 -0.47183907 -0.68552625
vn -0.5544562 -0.47183907 -0.68552625
vn 0.053671032 -0.99379647 -0.09740582
vn 0.053671032 -0.99379647 -0.09740582
vn 0.053671032 -0.99379647 -0.09740582
vn 0.053671032 -0.99379647 -0.09740582
vn 0.72835594 0.09000968 -0.67926127
vn 0.72835386 0.090016045 -0.67926264
vn 0.7284786 0.09001723 -0.67912877
vn 0.7283151 0.09000716 -0.67930543
vn 0.7283142 0.09001323 -0.67930555
vn 0.7283115 0.09003187 -0.67930603
vn -0.7283509 -0.089939676 0.679276
vn -0.7283586 -0.089955695 0.67926556
vn -0.7284119 -0.08996172 0.6792076
vn -0.7283408 -0.08995367 0.6792849
vn -0.72833294 -0.08993748 0.67929554
vn -0.72830904 -0.089888506 0.67932767
vn 0.0020013761 -0.99999714 0.0013229148
vn 0.0020013761 -0.99999714 0.0013229148
vn 0.0020013761 -0.99999714 0.0013229148
vn 0.0020013761 -0.99999714 0.0013229148
vn -0.96696323 0.005756884 -0.25485066
vn -0.96696323 0.005756884 -0.25485066
vn -0.96696323 0.005756884 -0.25485066
vn -0.96696323 0.005756884 -0.25485066
vn 0.6396509 -0.030095583 0.7680761
vn 0.6396509 -0.030095583 0.7680761
vn 0.72798353 -0.027247647 0.68505293
vn 0.71276397 -0.02779373 0.70085305
vn 0.8424483 -0.0022915057 0.53877246
vn 0.84247154 -0.0022801876 0.5387359
vn 0.88562846 0.020265212 0.46395212
vn 0.88562846 0.020265212 0.46395212
vn -0.76149285 0.24068618 -0.60182965
vn -0.81440985 0.17622864 -0.5528833
vn -0.81440985 0.17622864 -0.5528833
vn -0.7617202 0.24043106 -0.6016438
vn -0.70026535 0.30403388 -0.64590394
vn -0.70026535 0.30403388 -0.64590394
vn -0.608349 0.79055476 -0.07024704
vn -0.608349 0.79055476 -0.07024704
vn -0.608349 0.79055476 -0.07024704
vn -0.608349 0.79055476 -0.07024704
vn -0.62539667 0.1432875 -0.7670382
vn -0.62539667 0.1432875 -0.7670382
vn -0.70045143 0.10168871 -0.70641863
vn -0.7207793 0.08941064 -0.687374
vn -0.83397514 0.032018863 -0.55087227
vn -0.83595437 0.031393893 -0.54790026
vn -0.8780031 0.01706673 -0.47835058
vn -0.8780031 0.01706673 -0.47835058
vn -0.6220625 0.023256876 -0.7826221
vn -0.6220625 0.023256876 -0.7826221
vn -0.6220625 0.023256876 -0.7826221
vn -0.6220625 0.023256876 -0.7826221
vn -0.27275193 -0.5450093 0.79282486
vn -0.27275193 -0.5450093 0.79282486
vn -0.15445086 -0.60177404 0.78358984
vn -0.14074962 -0.6076034 0.78166986
vn -0.021471785 -0.6521048 0.7578248
vn -0.021471785 -0.6521048 0.7578248
vn 0.7796829 -0.18763427 0.5974011
vn 0.84899515 -0.0985031 0.51913804
vn 0.84899515 -0.0985031 0.51913804
vn 0.78506714 -0.18144873 0.59223807
vn 0.70059335 -0.2686735 0.6610473
vn 0.70059335 -0.2686735 0.6610473
vn 0.94693196 0.29156244 -0.13531859
vn 0.94693196 0.29156244 -0.13531859
vn 0.8886677 0.433467 -0.14958656
vn 0.902816 0.4041753 -0.1468522
vn 0.8278561 0.5381298 -0.15833719
vn 0.8278561 0.5381298 -0.15833719
vn 0.61329216 0.0935703 0.7842942
vn 0.61329216 0.0935703 0.7842942
vn 0.61329216 0.0935703 0.7842942
vn 0.61329216 0.0935703 0.7842942
vn 0.9565893 0.25100493 -0.14809974
vn 0.9565893 0.25100493 -0.14809974
vn 0.9495238 0.15324916 -0.27371383
vn 0.9515879 0.16483523 -0.2594411
vn 0.8876133 -0.060036715 -0.45665976
vn 0.88813007 -0.058627415 -0.4558374
vn 0.8335746 -0.18023746 -0.52217615
vn 0.8335746 -0.18023746 -0.52217615
vn -0.5095436 0.31702793 0.7999117
vn -0.5095436 0.31702793 0.7999117
vn -0.5095436 0.31702793 0.7999117
vn -0.5095436 0.31702793 0.7999117
vn -0.4428658 -0.014915887 0.8964638
vn -0.4637192 0.030115495 0.8854703
vn -0.4637192 0.030115495 0.8854703
vn -0.43679225 -0.027579114 0.8991396
vn -0.39078307 0.0040533114 0.9204739
vn -0.3880622 0.012120138 0.92155343
vn -0.3623372 0.08454625 0.9282046
vn -0.3623372 0.08454625 0.9282046
vn 0.57625866 -0.24923183 -0.77833766
vn 0.57625866 -0.24923183 -0.77833766
vn 0.57625866 -0.24923183 -0.77833766
vn 0.57625866 -0.24923183 -0.77833766
vn 0.15060556 0.4442639 0.88314635
vn 0.13960648 0.44322988 0.8854701
vn 0.15060556 0.4442639 0.88314635
vn 0.14089374 0.4433537 0.88520414
vn 0.08391623 0.44092116 0.89361435
vn 0.082708985 0.44087312 0.8937506
vn 0.018626785 0.43928072 0.89815676
vn 0.018893037 0.4392705 0.89815605
vn 0.0011661878 0.4398766 0.8980575
vn 0.0011661878 0.4398766 0.8980575
vn 0.33859488 0.33008215 -0.8811352
vn 0.33859488 0.33008215 -0.8811352
vn 0.24980421 0.22310494 -0.94224304
vn 0.23981366 0.21117613 -0.9475727
vn 0.053136252 -0.04497027 -0.99757415
vn 0.056183767 -0.040221278 -0.99761
vn -0.035415962 -0.1812036 -0.98280764
vn -0.035415962 -0.1812036 -0.98280764
vn -0.9001364 -0.39456496 0.18458882
vn -0.8317016 -0.50753534 0.22512285
vn -0.8317016 -0.50753534 0.22512285
vn -0.90835977 -0.37812206 0.17862342
vn -0.95749164 -0.25559786 0.13371392
vn -0.95749164 -0.25559786 0.13371392
vn 0.09903833 0.63699216 -0.76448184
vn -0.071581945 0.689354 -0.7208794
vn -0.071581945 0.689354 -0.7208794
vn 0.07087202 0.64720136 -0.7590175
vn 0.24064057 0.57598937 -0.78123516
vn 0.24064057 0.57598937 -0.78123516
vn 0.98691654 0.07659808 -0.14187457
vn 0.98691654 0.07659808 -0.14187457
vn 0.9936504 -0.007263331 -0.11227771
vn 0.9933096 0.0016585214 -0.11546992
vn 0.99119085 -0.11853853 -0.05906994
vn 0.99156874 -0.11317152 -0.063115545
vn 0.98850435 -0.14633694 -0.03800746
vn 0.98850435 -0.14633694 -0.03800746
vn -0.12777373 -0.44370955 -0.88701504
vn -0.123415805 -0.43917143 -0.8898859
vn -0.12777373 -0.44370955 -0.88701504
vn -0.122839466 -0.43857014 -0.8902621
vn -0.06866129 -0.4283501 -0.90100044
vn -0.06741042 -0.42819452 -0.9011689
vn -0.015450112 -0.42126667 -0.9068053
vn -0.015476075 -0.42126837 -0.9068039
vn -0.0137650035 -0.4211504 -0.90688634
vn -0.0137650035 -0.4211504 -0.90688634
vn -0.67118996 -0.08150534 0.736791
vn -0.67118996 -0.08150534 0.736791
vn -0.67118996 -0.08150534 0.736791
vn -0.67118996 -0.08150534 0.736791
vn -0.06396834 0.07716834 0.9949639
vn 0.019695751 0.22134691 0.9749962
vn 0.019695751 0.22134691 0.9749962
vn -0.06480446 0.0757005 0.99502254
vn -0.24686237 -0.15081179 0.9572434
vn -0.25155154 -0.15462044 0.95541316
vn -0.3457939 -0.23160782 0.90927684
vn -0.3457939 -0.23160782 0.90927684
vn -0.0008419829 0.5826897 0.81269425
vn -0.0008419829 0.5826897 0.81269425
vn -0.0008419829 0.5826897 0.81269425
vn -0.0008419829 0.5826897 0.81269425
vn -0.049282014 0.5463694 -0.8360932
vn -0.07201199 0.5488412 -0.8328191
vn -0.049282014 0.5463694 -0.8360932
vn -0.071499735 0.5487886 -0.83289784
vn -0.07471914 0.55164075 -0.8307283
vn -0.07588761 0.5516079 -0.83064413
vn -0.036588013 0.552219 -0.8328959
vn -0.035776004 0.55222094 -0.83292985
vn -0.01623914 0.55215865 -0.8335809
vn -0.01623914 0.55215865 -0.8335809
vn -0.7130226 -0.69365925 -0.102155246
vn -0.7130226 -0.69365925 -0.102155246
vn -0.7130226 -0.69365925 -0.102155246
vn -0.7130226 -0.69365925 -0.102155246
vn -0.62586063 -0.002615421 -0.7799305
vn -0.62586063 -0.002615421 -0.7799305
vn -0.5989788 0.13289408 -0.7896604
vn -0.60009867 0.12825693 -0.7895769
vn -0.54609245 0.2089224 -0.81125486
vn -0.54742265 0.2138035 -0.80908376
vn -0.5304166 0.15497287 -0.8334516
vn -0.5304166 0.15497287 -0.8334516
vn 0.8323269 0.5107959 0.21521999
vn 0.83233654 0.5107866 0.21520472
vn 0.83232933 0.5108039 0.21519147
vn 0.83233404 0.5107793 0.21523139
vn 0.83231974 0.5107731 0.21530116
vn 0.8323578 0.51073515 0.21524405
vn 0.6797703 -0.7268597 0.09791454
vn 0.6797703 -0.7268597 0.09791454
vn 0.6797703 -0.7268597 0.09791454
vn 0.6797703 -0.7268597 0.09791454
vn -0.007558266 0.9908133 0.1350256
vn -0.007539915 0.9908154 0.1350106
vn -0.00755118 0.99083215 0.13488728
vn -0.007545162 0.99083334 0.13487853
vn -0.007578803 0.99088496 0.13449709
vn -0.007533944 0.9908161 0.13500573
vn -0.8924326 0.088949285 0.442326
vn -0.8367892 0.21664126 0.5028425
vn -0.8367892 0.21664126 0.5028425
vn -0.8910863 0.09274383 0.44425634
vn -0.9614232 -0.0976959 0.25713962
vn -0.95700467 -0.08781387 0.2764613
vn -0.97657084 -0.14716695 0.15700722
vn -0.97657084 -0.14716695 0.15700722
vn 0.550047 -0.15945351 0.81977
vn 0.52564394 -0.12903902 0.84086114
vn 0.52564394 -0.12903902 0.84086114
vn 0.55193883 -0.16185577 0.81802577
vn 0.6079905 -0.04025864 0.792923
vn 0.60815215 -0.03931595 0.7928463
vn 0.626432 0.107656285 0.7720059
vn 0.626432 0.107656285 0.7720059
vn -0.56943226 0.6792562 -0.46298823
vn -0.56942904 0.6792505 -0.46300048
vn -0.5693869 0.67921084 -0.46311024
vn -0.56938463 0.67920774 -0.46311766
vn -0.56925476 0.6790851 -0.46345723
vn -0.5694279 0.67924863 -0.46300444
vn 0.6845213 0.7231755 0.09191169
vn 0.6845213 0.7231755 0.09191169
vn 0.6845213 0.7231755 0.09191169
vn 0.6845213 0.7231755 0.09191169
vn 0.0708447 -0.55248326 0.8305078
vn 0.08832052 -0.5503919 0.8302218
vn 0.0708447 -0.55248326 0.8305078
vn 0.088721335 -0.5503419 0.83021224
vn 0.09207039 -0.54452693 0.8336746
vn 0.09119079 -0.5443042 0.8339168
vn 0.039643805 -0.53994954 0.8407632
vn 0.041139662 -0.5399906 0.84066504
vn 0.0038319696 -0.5386075 0.84254813
vn 0.0038319696 -0.5386075 0.84254813
vn 0.9957858 0.003076646 0.091658406
vn 0.995793 0.0030540316 0.09158064
vn 0.9957944 0.0030793617 0.09156425
vn 0.9957975 0.003080318 0.091531105
vn 0.99579585 0.0030547157 0.09154954
vn 0.99579096 0.0029779023 0.09160484
vn -0.031402174 -0.56803817 -0.82240295
vn -0.031402174 -0.56803817 -0.82240295
vn -0.031402174 -0.56803817 -0.82240295
vn -0.031402174 -0.56803817 -0.82240295
vn 0.63980234 0.092797644 -0.7629165
vn 0.63980234 0.092797644 -0.7629165
vn 0.63980234 0.092797644 -0.7629165
vn 0.63980234 0.092797644 -0.7629165
vn -0.019577468 0.99755424 0.06709891
vn -0.008674183 0.9978369 0.065164246
vn -0.008674183 0.9978369 0.065164246
vn -0.01929755 0.997563 0.06704933
vn 0.001088864 0.9979881 0.063392565
vn -0.0015146356 0.9979577 0.06385962
vn 0.057310417 0.9971079 0.049912497
vn 0.06168574 0.996912 0.048592795
vn 0.08925519 0.9951953 0.040244833
vn 0.08925519 0.9951953 0.040244833
vn -0.96892506 -0.019659268 0.24657194
vn -0.96892637 -0.019664152 0.2465662
vn -0.968926 -0.019666465 0.24656741
vn -0.96892637 -0.019668866 0.24656592
vn -0.9689267 -0.01966658 0.24656472
vn -0.96892786 -0.01965957 0.24656102
vn 0.13141772 -0.43833628 0.8891517
vn 0.13141772 -0.43833628 0.8891517
vn 0.13141772 -0.43833628 0.8891517
vn 0.13141772 -0.43833628 0.8891517
vn 0.02350478 -0.99799937 -0.058690764
vn -0.0037494937 -0.99843365 -0.055822805
vn -0.0037494937 -0.99843365 -0.055822805
vn 0.024231765 -0.9979777 -0.058766693
vn 0.01809619 -0.99824107 -0.056456517
vn 0.015073941 -0.9983176 -0.055988405
vn -0.040489275 -0.9982084 -0.044051997
vn -0.044017293 -0.9981055 -0.042985786
vn -0.06635527 -0.9971386 -0.03621722
vn -0.06635527 -0.9971386 -0.03621722
vn -0.98427606 0.16979042 0.048701394
vn -0.98362124 0.1650152 0.07252104
vn -0.98427606 0.16979042 0.048701394
vn -0.98375666 0.16573903 0.068944156
vn -0.9879866 0.09161903 0.1244521
vn -0.9877809 0.0969447 0.12202707
vn -0.98790026 0.029745953 0.15221128
vn -0.98790026 0.029745953 0.15221128
vn -0.3244328 0.38620558 0.86347467
vn -0.3244328 0.38620558 0.86347467
vn -0.3244328 0.38620558 0.86347467
vn -0.3244328 0.38620558 0.86347467
vn -0.05558932 0.4996694 -0.86443055
vn -0.05558932 0.4996694 -0.86443055
vn -0.05558932 0.4996694 -0.86443055
vn -0.05558932 0.4996694 -0.86443055
vn 0.3644354 0.020526325 -0.9310024
vn 0.3644354 0.020526325 -0.9310024
vn 0.38994324 0.08885906 -0.91654146
vn 0.3868826 0.08037171 -0.9186197
vn 0.4368626 0.06656622 -0.8970619
vn 0.431263 0.08623574 -0.8980956
vn 0.4543536 0.00019413052 -0.89082134
vn 0.4543536 0.00019413052 -0.89082134
vn 0.12789339 0.9634966 -0.23519662
vn 0.12789257 0.96349496 -0.23520403
vn 0.1277275 0.9635885 -0.23491032
vn 0.12794869 0.9634659 -0.23529208
vn 0.12794648 0.96346515 -0.23529655
vn 0.12793963 0.9634627 -0.23531024
vn 0.34565145 -0.29383758 -0.8911704
vn 0.34565145 -0.29383758 -0.8911704
vn 0.34565145 -0.29383758 -0.8911704
vn 0.34565145 -0.29383758 -0.8911704
vn 0.95376563 -0.2654968 -0.14086415
vn 0.95376563 -0.2654968 -0.14086415
vn 0.95376563 -0.2654968 -0.14086415
vn 0.95376563 -0.2654968 -0.14086415
vn -0.9216646 0.36198223 0.13965349
vn -0.9216646 0.36198223 0.13965349
vn -0.9216646 0.36198223 0.13965349
vn -0.9216646 0.36198223 0.13965349
vn -0.26184788 0.91336936 0.31175628
vn -0.2618385 0.91337407 0.31175068
vn -0.26193047 0.9133276 0.31180936
vn -0.26185098 0.91336787 0.3117581
vn -0.2619361 0.91332483 0.31181282
vn -0.26219136 0.91319555 0.3119769
vn -0.48753113 0.34612808 0.8015665
vn -0.46250787 0.45589688 0.7604239
vn -0.46251503 0.4558937 0.76042145
vn -0.5037353 0.2456768 0.828187
vn -0.69050604 0.589689 -0.41888934
vn -0.68948835 0.5990124 -0.4071732
vn -0.69985 0.58821374 -0.40523413
vn -0.6861447 0.5993542 -0.4122863
vn -0.68340725 0.5906842 -0.42900652
vn -0.681307 0.6003489 -0.4188103
vn -0.58120996 0.73456466 -0.35015678
vn -0.5797569 0.7361662 -0.3492008
vn -0.48592106 0.82349545 -0.29280704
vn -0.48592106 0.82349545 -0.29280704
vn 0.6913557 0.59648025 0.40772372
vn 0.70401025 0.58267343 0.40603122
vn 0.6982014 0.5818443 0.41709945
vn 0.68787026 0.59550047 0.4149864
vn 0.69028705 0.580597 0.43175322
vn 0.6847979 0.59546953 0.4200807
vn 0.58009297 0.7358055 0.3494029
vn 0.58090764 0.7348903 0.34997514
vn 0.48592877 0.82348907 0.2928122
vn 0.48592877 0.82348907 0.2928122
vn 0.18698418 0.981915 -0.029661473
vn 0.18698418 0.981915 -0.029661473
vn 0.18698418 0.981915 -0.029661473
vn 0.18698418 0.981915 -0.029661473
vn 0.0799801 0.9856565 0.1486082
vn 0.0799801 0.9856565 0.1486082
vn 0.0799801 0.9856565 0.1486082
vn 0.0799801 0.9856565 0.1486082
vn -0.18607989 0.98245585 -0.012446122
vn -0.18607989 0.98245585 -0.012446122
vn -0.18607989 0.98245585 -0.012446122
vn -0.18607989 0.98245585 -0.012446122
vn -0.05850888 0.9825912 -0.17632733
vn -0.05850888 0.9825912 -0.17632733
vn -0.05850888 0.9825912 -0.17632733
vn -0.05850888 0.9825912 -0.17632733
vn 0.5190001 0.050109986 -0.8533041
vn 0.48535573 0.3572791 -0.7979859
vn 0.50065476 0.26791015 -0.8231458
vn 0.51878804 0.057639625 -0.85295755
vn 0.5194007 0.031175626 -0.85396194
vn 0.5187921 0.05755545 -0.8529608
vn 0.50065416 0.26791006 -0.8231462
vn 0.48535392 0.3572786 -0.79798716
vn 0.50065416 0.26791006 -0.8231462
vn 0.4625104 0.45588472 -0.7604296
vn 0.46250764 0.45588458 -0.7604314
vn -0.5187419 0.059199814 0.8528788
vn -0.48753113 0.34612808 0.8015665
vn -0.5037353 0.2456768 0.828187
vn -0.5191247 0.04500608 0.8535128
vn -0.51729006 0.0952648 0.85049146
vn -0.51913166 0.044843238 0.85351706
vn -0.5037366 0.24567385 0.82818705
vn -0.48753297 0.34612334 0.8015673
vn -0.5037366 0.24567385 0.82818705
vn -0.46250972 0.45589036 0.76042664
vn -0.46251607 0.4558901 0.760423
vn 0.50065416 0.26791006 -0.8231462
vn 0.50065476 0.26791015 -0.8231458
vn 0.4625089 0.45588475 -0.7604305
vn 0.46250764 0.45588458 -0.7604314
vn -0.5037366 0.24567385 0.82818705
vn -0.5037353 0.2456768 0.828187
vn -0.46251503 0.4558937 0.76042145
vn -0.46251607 0.4558901 0.760423
vn 0.48535573 0.3572791 -0.7979859
vn 0.46251273 0.45588514 -0.7604279
vn 0.4625089 0.45588475 -0.7604305
vn 0.50065476 0.26791015 -0.8231458
vn 0.6951282 0.34612262 0.630076
vn 0.65945065 0.4558892 0.5977373
vn 0.6594531 0.4558907 0.5977334
vn 0.7182204 0.2456755 0.65100163
vn -0.5417011 0.58968705 0.5990235
vn -0.5300017 0.5990101 0.6002376
vn -0.53005487 0.58821076 0.6107782
vn -0.5343931 0.59935296 0.59598666
vn -0.5502966 0.59068286 0.5901419
vn -0.5398871 0.6003484 0.5900032
vn -0.45357254 0.7345649 0.5046645
vn -0.45235887 0.7361662 0.5034191
vn -0.37926656 0.8234955 0.42191455
vn -0.37926656 0.8234955 0.42191455
vn 0.5308967 0.59648 -0.60196364
vn 0.5316226 0.58267415 -0.61470985
vn 0.5413944 0.5818457 -0.6069164
vn 0.53736967 0.59550095 -0.59717035
vn 0.5542896 0.5805993 -0.5963787
vn 0.5417905 0.5954707 -0.59319276
vn 0.45261782 0.7358096 -0.5037075
vn 0.45333472 0.73489374 -0.5043994
vn 0.37926674 0.82349545 -0.42191464
vn 0.37926674 0.82349545 -0.42191464
vn 0.0061675766 0.9819157 -0.18921813
vn 0.0061675766 0.9819157 -0.18921813
vn 0.0061675766 0.9819157 -0.18921813
vn 0.0061675766 0.9819157 -0.18921813
vn 0.16103429 0.9856565 -0.05049073
vn 0.16103429 0.9856565 -0.05049073
vn 0.16103429 0.9856565 -0.05049073
vn 0.16103429 0.9856565 -0.05049073
vn -0.047344964 0.9824555 0.1803878
vn -0.047344964 0.9824555 0.1803878
vn -0.047344964 0.9824555 0.1803878
vn -0.047344964 0.9824555 0.1803878
vn -0.18420164 0.98259133 0.024170151
vn -0.18420164 0.98259133 0.024170151
vn -0.18420164 0.98259133 0.024170151
vn -0.18420164 0.98259133 0.024170151
vn -0.73999536 0.050108004 -0.670743
vn -0.69202304 0.35728338 -0.62725806
vn -0.7138368 0.26791373 -0.6470389
vn -0.7396953 0.057638466 -0.6704689
vn -0.7405654 0.031171717 -0.6712609
vn -0.73969835 0.05755408 -0.670473
vn -0.7138363 0.2679146 -0.64703906
vn -0.6920211 0.35728863 -0.6272572
vn -0.7138363 0.2679146 -0.64703906
vn -0.6594486 0.45589757 -0.59773314
vn -0.6594507 0.45589355 -0.5977339
vn 0.7396262 0.059200387 0.6704091
vn 0.6951282 0.34612262 0.630076
vn 0.7182204 0.2456755 0.65100163
vn 0.74017483 0.045005523 0.6709066
vn 0.7375556 0.09526478 0.668533
vn 0.74018085 0.044845395 0.6709108
vn 0.7182206 0.24567781 0.65100056
vn 0.69512796 0.34612882 0.630073
vn 0.7182206 0.24567781 0.65100056
vn 0.6594492 0.45589674 0.59773314
vn 0.6594524 0.4558949 0.5977311
vn -0.7138363 0.2679146 -0.64703906
vn -0.7138368 0.26791373 -0.6470389
vn -0.6594521 0.45588997 -0.597735
vn -0.6594507 0.45589355 -0.5977339
vn 0.7182206 0.24567781 0.65100056
vn 0.7182204 0.2456755 0.65100163
vn 0.6594531 0.4558907 0.5977334
vn 0.6594524 0.4558949 0.5977311
vn -0.69202304 0.35728338 -0.62725806
vn -0.65945125 0.4558911 -0.5977352
vn -0.6594521 0.45588997 -0.597735
vn -0.7138368 0.26791373 -0.6470389
g Mart14_0
f 3/3/3 2/2/2 1/1/1
f 2/2/2 4/4/4 1/1/1
f 1/1/1 4/4/4 5/5/5
f 6/6/6 2/2/2 3/3/3
f 7/7/7 6/6/6 3/3/3
f 8/8/8 2/2/2 6/6/6
f 8/8/8 4/4/4 2/2/2
f 9/9/9 6/6/6 7/7/7
f 6/6/6 9/9/9 8/8/8
f 10/10/10 9/9/9 7/7/7
f 8/8/8 9/9/9 10/10/10
f 11/11/11 8/8/8 10/10/10
f 12/12/12 8/8/8 11/11/11
f 8/8/8 12/12/12 4/4/4
f 13/13/13 12/12/12 11/11/11
f 4/4/4 14/14/14 5/5/5
f 12/12/12 14/14/14 4/4/4
f 5/5/5 14/14/14 15/15/15
f 16/16/16 12/12/12 13/13/13
f 12/12/12 16/16/16 14/14/14
f 17/17/17 16/16/16 13/13/13
f 14/14/14 18/18/18 15/15/15
f 16/16/16 18/18/18 14/14/14
f 15/15/15 18/18/18 19/19/19
f 18/18/18 20/20/20 19/19/19
f 16/16/16 20/20/20 18/18/18
f 19/19/19 20/20/20 21/21/21
f 22/22/22 16/16/16 17/17/17
f 16/16/16 22/22/22 20/20/20
f 23/23/23 22/22/22 17/17/17
f 20/20/20 24/24/24 21/21/21
f 22/22/22 24/24/24 20/20/20
f 21/21/21 24/24/24 25/25/25
f 26/26/26 22/22/22 23/23/23
f 22/22/22 26/26/26 24/24/24
f 27/27/27 26/26/26 23/23/23
f 24/24/24 28/28/28 25/25/25
f 26/26/26 28/28/28 24/24/24
f 25/25/25 28/28/28 29/29/29
f 30/30/30 26/26/26 27/27/27
f 26/26/26 30/30/30 28/28/28
f 31/31/31 30/30/30 27/27/27
f 28/28/28 32/32/32 29/29/29
f 30/30/30 32/32/32 28/28/28
f 29/29/29 32/32/32 33/33/33
f 34/34/34 30/30/30 31/31/31
f 30/30/30 34/34/34 32/32/32
f 35/35/35 34/34/34 31/31/31
f 33/33/33 36/36/36 35/35/35
f 32/32/32 36/36/36 33/33/33
f 36/36/36 34/34/34 35/35/35
f 34/34/34 36/36/36 32/32/32
g Mart14_1
f 39/39/39 38/38/38 37/37/37
f 42/42/42 41/41/41 40/40/40
f 45/45/45 44/44/44 43/43/43
f 48/48/48 47/47/47 46/46/46
f 51/51/51 50/50/50 49/49/49
f 54/54/54 53/53/53 52/52/52
f 57/57/57 56/56/56 55/55/55
f 60/60/60 59/59/59 58/58/58
f 63/63/63 62/62/62 61/61/61
f 66/66/66 65/65/65 64/64/64
f 69/69/69 68/68/68 67/67/67
f 72/72/72 71/71/71 70/70/70
f 75/75/75 74/74/74 73/73/73
f 78/78/78 77/77/77 76/76/76
f 81/81/81 80/80/80 79/79/79
f 84/84/84 83/83/83 82/82/82
f 87/87/87 86/86/86 85/85/85
f 90/90/90 89/89/89 88/88/88
f 93/93/93 92/92/92 91/91/91
f 96/96/96 95/95/95 94/94/94
f 99/99/99 98/98/98 97/97/97
f 102/102/102 101/101/101 100/100/100
f 105/105/105 104/104/104 103/103/103
f 108/108/108 107/107/107 106/106/106
f 111/111/111 110/110/110 109/109/109
f 114/114/114 113/113/113 112/112/112
f 117/117/117 116/116/116 115/115/115
f 120/120/120 119/119/119 118/118/118
f 123/123/123 122/122/122 121/121/121
f 126/126/126 125/125/125 124/124/124
f 129/129/129 128/128/128 127/127/127
f 132/132/132 131/131/131 130/130/130
f 135/135/135 134/134/134 133/133/133
f 138/138/138 137/137/137 136/136/136
f 141/141/141 140/140/140 139/139/139
f 144/144/144 143/143/143 142/142/142
f 147/147/147 146/146/146 145/145/145
f 150/150/150 149/149/149 148/148/148
f 153/153/153 152/152/152 151/151/151
f 156/156/156 155/155/155 154/154/154
f 159/159/159 158/158/158 157/157/157
f 162/162/162 161/161/161 160/160/160
f 165/165/165 164/164/164 163/163/163
f 168/168/168 167/167/167 166/166/166
f 171/171/171 170/170/170 169/169/169
f 174/174/174 173/173/173 172/172/172
f 177/177/177 176/176/176 175/175/175
f 180/180/180 179/179/179 178/178/178
f 183/183/183 182/182/182 181/181/181
f 186/186/186 185/185/185 184/184/184
f 189/189/189 188/188/188 187/187/187
f 192/192/192 191/191/191 190/190/190
f 195/195/195 194/194/194 193/193/193
f 198/198/198 197/197/197 196/196/196
f 201/201/201 200/200/200 199/199/199
f 204/204/204 203/203/203 202/202/202
f 207/207/207 206/206/206 205/205/205
f 210/210/210 209/209/209 208/208/208
f 213/213/213 212/212/212 211/211/211
f 216/216/216 215/215/215 214/214/214
f 219/219/219 218/218/218 217/217/217
f 222/222/222 221/221/221 220/220/220
f 225/225/225 224/224/224 223/223/223
f 228/228/228 227/227/227 226/226/226
f 231/231/231 230/230/230 229/229/229
f 234/234/234 233/233/233 232/232/232
f 237/237/237 236/236/236 235/235/235
f 240/240/240 239/239/239 238/238/238
f 241/241/241 240/240/240 238/238/238
f 244/244/244 243/243/243 242/242/242
f 245/245/245 244/244/244 242/242/242
f 248/248/248 247/247/247 246/246/246
f 249/249/249 248/248/248 246/246/246
f 252/252/252 251/251/251 250/250/250
f 253/253/253 252/252/252 250/250/250
f 256/256/256 255/255/255 254/254/254
f 257/257/257 256/256/256 254/254/254
f 260/260/260 259/259/259 258/258/258
f 261/261/261 260/260/260 258/258/258
f 262/262/262 261/261/261 258/258/258
f 263/263/263 262/262/262 258/258/258
f 266/266/266 265/265/265 264/264/264
f 267/267/267 266/266/266 264/264/264
f 270/270/270 269/269/269 268/268/268
f 271/271/271 270/270/270 268/268/268
f 274/274/274 273/273/273 272/272/272
f 275/275/275 274/274/274 272/272/272
f 278/278/278 277/277/277 276/276/276
f 279/279/279 278/278/278 276/276/276
f 282/282/282 281/281/281 280/280/280
f 283/283/283 282/282/282 280/280/280
f 286/286/286 285/285/285 284/284/284
f 287/287/287 286/286/286 284/284/284
f 290/290/290 289/289/289 288/288/288
f 291/291/291 290/290/290 288/288/288
f 294/294/294 293/293/293 292/292/292
f 295/295/295 294/294/294 292/292/292
f 298/298/298 297/297/297 296/296/296
f 299/299/299 298/298/298 296/296/296
f 302/302/302 301/301/301 300/300/300
f 303/303/303 302/302/302 300/300/300
f 306/306/306 305/305/305 304/304/304
f 307/307/307 306/306/306 304/304/304
f 310/310/310 309/309/309 308/308/308
f 311/311/311 310/310/310 308/308/308
f 314/314/314 313/313/313 312/312/312
f 315/315/315 314/314/314 312/312/312
f 318/318/318 317/317/317 316/316/316
f 319/319/319 318/318/318 316/316/316
f 322/322/322 321/321/321 320/320/320
f 323/323/323 322/322/322 320/320/320
f 322/322/322 323/323/323 324/324/324
f 325/325/325 322/322/322 324/324/324
f 328/328/328 327/327/327 326/326/326
f 329/329/329 328/328/328 326/326/326
f 332/332/332 331/331/331 330/330/330
f 333/333/333 332/332/332 330/330/330
f 336/336/336 335/335/335 334/334/334
f 337/337/337 336/336/336 334/334/334
f 340/340/340 339/339/339 338/338/338
f 341/341/341 340/340/340 338/338/338
f 344/344/344 343/343/343 342/342/342
f 345/345/345 344/344/344 342/342/342
f 348/348/348 347/347/347 346/346/346
f 349/349/349 348/348/348 346/346/346
f 352/352/352 351/351/351 350/350/350
f 353/353/353 352/352/352 350/350/350
f 356/356/356 355/355/355 354/354/354
f 357/357/357 356/356/356 354/354/354
f 360/360/360 359/359/359 358/358/358
f 361/361/361 360/360/360 358/358/358
f 364/364/364 363/363/363 362/362/362
f 365/365/365 364/364/364 362/362/362
f 368/368/368 367/367/367 366/366/366
f 369/369/369 368/368/368 366/366/366
f 372/372/372 371/371/371 370/370/370
f 373/373/373 372/372/372 370/370/370
f 376/376/376 375/375/375 374/374/374
f 377/377/377 376/376/376 374/374/374
f 380/380/380 379/379/379 378/378/378
f 381/381/381 380/380/380 378/378/378
f 384/384/384 383/383/383 382/382/382
f 385/385/385 384/384/384 382/382/382
f 388/388/388 387/387/387 386/386/386
f 389/389/389 388/388/388 386/386/386
f 392/392/392 391/391/391 390/390/390
f 393/393/393 392/392/392 390/390/390
f 396/396/396 395/395/395 394/394/394
f 397/397/397 396/396/396 394/394/394
f 400/400/400 399/399/399 398/398/398
f 401/401/401 400/400/400 398/398/398
f 404/404/404 403/403/403 402/402/402
f 405/405/405 404/404/404 402/402/402
f 408/408/408 407/407/407 406/406/406
f 409/409/409 408/408/408 406/406/406
f 412/412/412 411/411/411 410/410/410
f 413/413/413 412/412/412 410/410/410
f 416/416/416 415/415/415 414/414/414
f 417/417/417 416/416/416 414/414/414
f 420/420/420 419/419/419 418/418/418
f 421/421/421 420/420/420 418/418/418
f 424/424/424 423/423/423 422/422/422
f 425/425/425 424/424/424 422/422/422
f 428/428/428 427/427/427 426/426/426
f 429/429/429 428/428/428 426/426/426
f 432/432/432 431/431/431 430/430/430
f 433/433/433 432/432/432 430/430/430
f 436/436/436 435/435/435 434/434/434
f 437/437/437 436/436/436 434/434/434
f 440/440/440 439/439/439 438/438/438
f 441/441/441 440/440/440 438/438/438
f 444/444/444 443/443/443 442/442/442
f 445/445/445 444/444/444 442/442/442
f 448/448/448 447/447/447 446/446/446
f 449/449/449 448/448/448 446/446/446
f 452/452/452 451/451/451 450/450/450
f 453/453/453 452/452/452 450/450/450
f 456/456/456 455/455/455 454/454/454
f 457/457/457 456/456/456 454/454/454
f 460/460/460 459/459/459 458/458/458
f 461/461/461 460/460/460 458/458/458
f 464/464/464 463/463/463 462/462/462
f 465/465/465 464/464/464 462/462/462
f 468/468/468 467/467/467 466/466/466
f 469/469/469 468/468/468 466/466/466
f 472/472/472 471/471/471 470/470/470
f 473/473/473 472/472/472 470/470/470
f 476/476/476 475/475/475 474/474/474
f 477/477/477 476/476/476 474/474/474
f 480/480/480 479/479/479 478/478/478
f 481/481/481 480/480/480 478/478/478
f 484/484/484 483/483/483 482/482/482
f 485/485/485 484/484/484 482/482/482
f 488/488/488 487/487/487 486/486/486
f 489/489/489 488/488/488 486/486/486
f 492/492/492 491/491/491 490/490/490
f 491/491/491 493/493/493 490/490/490
f 490/490/490 493/493/493 494/494/494
f 495/495/495 493/493/493 491/491/491
f 498/498/498 497/497/497 496/496/496
f 499/499/499 498/498/498 496/496/496
f 500/500/500 498/498/498 499/499/499
f 501/501/501 500/500/500 499/499/499
f 504/504/504 503/503/503 502/502/502
f 505/505/505 504/504/504 502/502/502
f 508/508/508 507/507/507 506/506/506
f 509/509/509 508/508/508 506/506/506
f 510/510/510 508/508/508 509/509/509
f 511/511/511 510/510/510 509/509/509
f 514/514/514 513/513/513 512/512/512
f 513/513/513 515/515/515 512/512/512
f 515/515/515 513/513/513 516/516/516
f 519/519/519 518/518/518 517/517/517
f 518/518/518 520/520/520 517/517/517
f 518/518/518 521/521/521 520/520/520
f 521/521/521 522/522/522 520/520/520
f 525/525/525 524/524/524 523/523/523
f 526/526/526 525/525/525 523/523/523
f 526/526/526 523/523/523 527/527/527
f 528/528/528 526/526/526 527/527/527
f 531/531/531 530/530/530 529/529/529
f 530/530/530 532/532/532 529/529/529
f 529/529/529 532/532/532 533/533/533
f 534/534/534 529/529/529 533/533/533
f 537/537/537 536/536/536 535/535/535
f 538/538/538 537/537/537 535/535/535
f 541/541/541 540/540/540 539/539/539
f 542/542/542 541/541/541 539/539/539
f 545/545/545 544/544/544 543/543/543
f 546/546/546 545/545/545 543/543/543
f 547/547/547 545/545/545 546/546/546
f 548/548/548 547/547/547 546/546/546
f 551/551/551 550/550/550 549/549/549
f 552/552/552 551/551/551 549/549/549
f 555/555/555 554/554/554 553/553/553
f 556/556/556 555/555/555 553/553/553
f 559/559/559 558/558/558 557/557/557
f 558/558/558 560/560/560 557/557/557
f 557/557/557 560/560/560 561/561/561
f 560/560/560 562/562/562 561/561/561
f 565/565/565 564/564/564 563/563/563
f 566/566/566 565/565/565 563/563/563
f 569/569/569 568/568/568 567/567/567
f 570/570/570 569/569/569 567/567/567
f 569/569/569 570/570/570 571/571/571
f 570/570/570 572/572/572 571/571/571
f 575/575/575 574/574/574 573/573/573
f 576/576/576 575/575/575 573/573/573
f 579/579/579 578/578/578 577/577/577
f 580/580/580 579/579/579 577/577/577
f 580/580/580 577/577/577 581/581/581
f 582/582/582 580/580/580 581/581/581
f 585/585/585 584/584/584 583/583/583
f 586/586/586 585/585/585 583/583/583
f 585/585/585 586/586/586 587/587/587
f 588/588/588 585/585/585 587/587/587
f 591/591/591 590/590/590 589/589/589
f 592/592/592 591/591/591 589/589/589
f 595/595/595 594/594/594 593/593/593
f 594/594/594 596/596/596 593/593/593
f 593/593/593 596/596/596 597/597/597
f 596/596/596 594/594/594 598/598/598
f 601/601/601 600/600/600 599/599/599
f 599/599/599 602/602/602 601/601/601
f 602/602/602 603/603/603 601/601/601
f 601/601/601 603/603/603 604/604/604
f 607/607/607 606/606/606 605/605/605
f 606/606/606 608/608/608 605/605/605
f 605/605/605 608/608/608 609/609/609
f 608/608/608 606/606/606 610/610/610
f 613/613/613 612/612/612 611/611/611
f 613/613/613 614/614/614 612/612/612
f 614/614/614 615/615/615 612/612/612
f 613/613/613 616/616/616 614/614/614
f 619/619/619 618/618/618 617/617/617
f 620/620/620 619/619/619 617/617/617
f 620/620/620 617/617/617 621/621/621
f 622/622/622 620/620/620 621/621/621
f 625/625/625 624/624/624 623/623/623
f 624/624/624 626/626/626 623/623/623
f 624/624/624 627/627/627 626/626/626
f 627/627/627 628/628/628 626/626/626
f 631/631/631 630/630/630 629/629/629
f 632/632/632 631/631/631 629/629/629
f 632/632/632 629/629/629 633/633/633
f 634/634/634 632/632/632 633/633/633
f 637/637/637 636/636/636 635/635/635
f 638/638/638 637/637/637 635/635/635
f 638/638/638 635/635/635 639/639/639
f 640/640/640 638/638/638 639/639/639
f 643/643/643 642/642/642 641/641/641
f 644/644/644 643/643/643 641/641/641
f 647/647/647 646/646/646 645/645/645
f 646/646/646 647/647/647 648/648/648
f 649/649/649 646/646/646 648/648/648
f 646/646/646 649/649/649 650/650/650
f 653/653/653 652/652/652 651/651/651
f 654/654/654 653/653/653 651/651/651
f 657/657/657 656/656/656 655/655/655
f 656/656/656 658/658/658 655/655/655
f 656/656/656 659/659/659 658/658/658
f 659/659/659 660/660/660 658/658/658
f 663/663/663 662/662/662 661/661/661
f 662/662/662 664/664/664 661/661/661
f 662/662/662 665/665/665 664/664/664
f 665/665/665 666/666/666 664/664/664
f 669/669/669 668/668/668 667/667/667
f 670/670/670 669/669/669 667/667/667
f 671/671/671 669/669/669 670/670/670
f 672/672/672 671/671/671 670/670/670
f 675/675/675 674/674/674 673/673/673
f 674/674/674 675/675/675 676/676/676
f 676/676/676 675/675/675 677/677/677
f 678/678/678 674/674/674 676/676/676
f 681/681/681 680/680/680 679/679/679
f 680/680/680 681/681/681 682/682/682
f 682/682/682 681/681/681 683/683/683
f 684/684/684 680/680/680 682/682/682
f 687/687/687 686/686/686 685/685/685
f 688/688/688 687/687/687 685/685/685
f 691/691/691 690/690/690 689/689/689
f 692/692/692 691/691/691 689/689/689
f 695/695/695 694/694/694 693/693/693
f 694/694/694 696/696/696 693/693/693
f 694/694/694 697/697/697 696/696/696
f 697/697/697 698/698/698 696/696/696
f 701/701/701 700/700/700 699/699/699
f 702/702/702 701/701/701 699/699/699
f 705/705/705 704/704/704 703/703/703
f 706/706/706 705/705/705 703/703/703
f 709/709/709 708/708/708 707/707/707
f 708/708/708 710/710/710 707/707/707
f 708/708/708 711/711/711 710/710/710
f 711/711/711 712/712/712 710/710/710
f 715/715/715 714/714/714 713/713/713
f 714/714/714 716/716/716 713/713/713
f 714/714/714 717/717/717 716/716/716
f 717/717/717 718/718/718 716/716/716
f 721/721/721 720/720/720 719/719/719
f 722/722/722 721/721/721 719/719/719
f 722/722/722 719/719/719 723/723/723
f 724/724/724 722/722/722 723/723/723
f 727/727/727 726/726/726 725/725/725
f 728/728/728 727/727/727 725/725/725
f 731/731/731 730/730/730 729/729/729
f 732/732/732 731/731/731 729/729/729
f 732/732/732 729/729/729 733/733/733
f 734/734/734 732/732/732 733/733/733
f 737/737/737 736/736/736 735/735/735
f 738/738/738 737/737/737 735/735/735
f 741/741/741 740/740/740 739/739/739
f 740/740/740 742/742/742 739/739/739
f 740/740/740 743/743/743 742/742/742
f 743/743/743 744/744/744 742/742/742
f 747/747/747 746/746/746 745/745/745
f 746/746/746 748/748/748 745/745/745
f 745/745/745 748/748/748 749/749/749
f 748/748/748 750/750/750 749/749/749
f 753/753/753 752/752/752 751/751/751
f 754/754/754 753/753/753 751/751/751
f 757/757/757 756/756/756 755/755/755
f 758/758/758 757/757/757 755/755/755
f 757/757/757 758/758/758 759/759/759
f 758/758/758 760/760/760 759/759/759
f 763/763/763 762/762/762 761/761/761
f 764/764/764 763/763/763 761/761/761
f 767/767/767 766/766/766 765/765/765
f 768/768/768 767/767/767 765/765/765
f 771/771/771 770/770/770 769/769/769
f 770/770/770 772/772/772 769/769/769
f 770/770/770 773/773/773 772/772/772
f 773/773/773 774/774/774 772/772/772
f 777/777/777 776/776/776 775/775/775
f 778/778/778 777/777/777 775/775/775
f 781/781/781 780/780/780 779/779/779
f 782/782/782 781/781/781 779/779/779
f 785/785/785 784/784/784 783/783/783
f 786/786/786 785/785/785 783/783/783
f 789/789/789 788/788/788 787/787/787
f 788/788/788 790/790/790 787/787/787
f 787/787/787 790/790/790 791/791/791
f 790/790/790 788/788/788 792/792/792
f 795/795/795 794/794/794 793/793/793
f 796/796/796 795/795/795 793/793/793
f 796/796/796 793/793/793 797/797/797
f 798/798/798 796/796/796 797/797/797
f 801/801/801 800/800/800 799/799/799
f 802/802/802 801/801/801 799/799/799
f 805/805/805 804/804/804 803/803/803
f 805/805/805 806/806/806 804/804/804
f 806/806/806 807/807/807 804/804/804
f 804/804/804 807/807/807 808/808/808
f 811/811/811 810/810/810 809/809/809
f 812/812/812 811/811/811 809/809/809
f 815/815/815 814/814/814 813/813/813
f 815/815/815 813/813/813 816/816/816
f 813/813/813 817/817/817 816/816/816
f 818/818/818 817/817/817 813/813/813
f 821/821/821 820/820/820 819/819/819
f 822/822/822 821/821/821 819/819/819
f 825/825/825 824/824/824 823/823/823
f 826/826/826 825/825/825 823/823/823
f 829/829/829 828/828/828 827/827/827
f 830/830/830 829/829/829 827/827/827
f 833/833/833 832/832/832 831/831/831
f 834/834/834 833/833/833 831/831/831
f 837/837/837 836/836/836 835/835/835
f 838/838/838 837/837/837 835/835/835
f 841/841/841 840/840/840 839/839/839
f 842/842/842 841/841/841 839/839/839
f 845/845/845 844/844/844 843/843/843
f 846/846/846 845/845/845 843/843/843
f 849/849/849 848/848/848 847/847/847
f 847/847/847 848/848/848 850/850/850
f 851/851/851 847/847/847 850/850/850
f 854/854/854 853/853/853 852/852/852
f 855/855/855 854/854/854 852/852/852
f 855/855/855 852/852/852 856/856/856
f 857/857/857 855/855/855 856/856/856
f 860/860/860 859/859/859 858/858/858
f 861/861/861 860/860/860 858/858/858
f 864/864/864 863/863/863 862/862/862
f 865/865/865 864/864/864 862/862/862
f 868/868/868 867/867/867 866/866/866
f 869/869/869 868/868/868 866/866/866
f 872/872/872 871/871/871 870/870/870
f 873/873/873 872/872/872 870/870/870
f 874/874/874 872/872/872 873/873/873
f 875/875/875 874/874/874 873/873/873
f 878/878/878 877/877/877 876/876/876
f 879/879/879 878/878/878 876/876/876
f 882/882/882 881/881/881 880/880/880
f 883/883/883 880/880/880 881/881/881
f 884/884/884 883/883/883 881/881/881
f 885/885/885 884/884/884 881/881/881
f 888/888/888 887/887/887 886/886/886
f 889/889/889 888/888/888 886/886/886
f 892/892/892 891/891/891 890/890/890
f 893/893/893 892/892/892 890/890/890
f 896/896/896 895/895/895 894/894/894
f 897/897/897 896/896/896 894/894/894
f 900/900/900 899/899/899 898/898/898
f 901/901/901 900/900/900 898/898/898
f 904/904/904 903/903/903 902/902/902
f 905/905/905 904/904/904 902/902/902
f 908/908/908 907/907/907 906/906/906
f 906/906/906 907/907/907 909/909/909
f 907/907/907 910/910/910 909/909/909
f 911/911/911 910/910/910 907/907/907
f 914/914/914 913/913/913 912/912/912
f 912/912/912 913/913/913 915/915/915
f 916/916/916 912/912/912 915/915/915
f 917/917/917 912/912/912 916/916/916
f 920/920/920 919/919/919 918/918/918
f 921/921/921 920/920/920 918/918/918
f 924/924/924 923/923/923 922/922/922
f 925/925/925 924/924/924 922/922/922
f 928/928/928 927/927/927 926/926/926
f 929/929/929 928/928/928 926/926/926
f 928/928/928 929/929/929 930/930/930
f 931/931/931 928/928/928 930/930/930
f 932/932/932 931/931/931 930/930/930
f 933/933/933 932/932/932 930/930/930
f 936/936/936 935/935/935 934/934/934
f 935/935/935 937/937/937 934/934/934
f 934/934/934 937/937/937 938/938/938
f 937/937/937 939/939/939 938/938/938
f 942/942/942 941/941/941 940/940/940
f 943/943/943 942/942/942 940/940/940
f 946/946/946 945/945/945 944/944/944
f 947/947/947 946/946/946 944/944/944
f 946/946/946 947/947/947 948/948/948
f 947/947/947 949/949/949 948/948/948
f 950/950/950 948/948/948 949/949/949
f 951/951/951 950/950/950 949/949/949
f 954/954/954 953/953/953 952/952/952
f 955/955/955 954/954/954 952/952/952
f 958/958/958 957/957/957 956/956/956
f 959/959/959 958/958/958 956/956/956
f 960/960/960 958/958/958 959/959/959
f 961/961/961 960/960/960 959/959/959
f 964/964/964 963/963/963 962/962/962
f 963/963/963 965/965/965 962/962/962
f 962/962/962 965/965/965 966/966/966
f 965/965/965 967/967/967 966/966/966
f 970/970/970 969/969/969 968/968/968
f 971/971/971 970/970/970 968/968/968
f 972/972/972 970/970/970 971/971/971
f 973/973/973 972/972/972 971/971/971
f 976/976/976 975/975/975 974/974/974
f 977/977/977 976/976/976 974/974/974
f 980/980/980 979/979/979 978/978/978
f 981/981/981 980/980/980 978/978/978
f 980/980/980 981/981/981 982/982/982
f 983/983/983 980/980/980 982/982/982
f 984/984/984 983/983/983 982/982/982
f 985/985/985 984/984/984 982/982/982
f 988/988/988 987/987/987 986/986/986
f 989/989/989 988/988/988 986/986/986
f 992/992/992 991/991/991 990/990/990
f 991/991/991 993/993/993 990/990/990
f 990/990/990 993/993/993 994/994/994
f 993/993/993 995/995/995 994/994/994
f 994/994/994 995/995/995 996/996/996
f 995/995/995 997/997/997 996/996/996
f 1000/1000/1000 999/999/999 998/998/998
f 1001/1001/1001 1000/1000/1000 998/998/998
f 1004/1004/1004 1003/1003/1003 1002/1002/1002
f 1003/1003/1003 1005/1005/1005 1002/1002/1002
f 1006/1006/1006 1005/1005/1005 1003/1003/1003
f 1007/1007/1007 1006/1006/1006 1003/1003/1003
f 1008/1008/1008 1006/1006/1006 1007/1007/1007
f 1009/1009/1009 1008/1008/1008 1007/1007/1007
f 1008/1008/1008 1009/1009/1009 1010/1010/1010
f 1011/1011/1011 1008/1008/1008 1010/1010/1010
f 1014/1014/1014 1013/1013/1013 1012/1012/1012
f 1015/1015/1015 1014/1014/1014 1012/1012/1012
f 1014/1014/1014 1015/1015/1015 1016/1016/1016
f 1017/1017/1017 1014/1014/1014 1016/1016/1016
f 1018/1018/1018 1017/1017/1017 1016/1016/1016
f 1019/1019/1019 1018/1018/1018 1016/1016/1016
f 1022/1022/1022 1021/1021/1021 1020/1020/1020
f 1021/1021/1021 1023/1023/1023 1020/1020/1020
f 1020/1020/1020 1023/1023/1023 1024/1024/1024
f 1023/1023/1023 1025/1025/1025 1024/1024/1024
f 1028/1028/1028 1027/1027/1027 1026/1026/1026
f 1027/1027/1027 1029/1029/1029 1026/1026/1026
f 1026/1026/1026 1029/1029/1029 1030/1030/1030
f 1029/1029/1029 1031/1031/1031 1030/1030/1030
f 1034/1034/1034 1033/1033/1033 1032/1032/1032
f 1035/1035/1035 1034/1034/1034 1032/1032/1032
f 1036/1036/1036 1034/1034/1034 1035/1035/1035
f 1037/1037/1037 1036/1036/1036 1035/1035/1035
f 1038/1038/1038 1036/1036/1036 1037/1037/1037
f 1039/1039/1039 1038/1038/1038 1037/1037/1037
f 1042/1042/1042 1041/1041/1041 1040/1040/1040
f 1041/1041/1041 1043/1043/1043 1040/1040/1040
f 1041/1041/1041 1044/1044/1044 1043/1043/1043
f 1044/1044/1044 1045/1045/1045 1043/1043/1043
f 1044/1044/1044 1046/1046/1046 1045/1045/1045
f 1046/1046/1046 1047/1047/1047 1045/1045/1045
f 1046/1046/1046 1048/1048/1048 1047/1047/1047
f 1048/1048/1048 1049/1049/1049 1047/1047/1047
f 1052/1052/1052 1051/1051/1051 1050/1050/1050
f 1053/1053/1053 1052/1052/1052 1050/1050/1050
f 1056/1056/1056 1055/1055/1055 1054/1054/1054
f 1055/1055/1055 1057/1057/1057 1054/1054/1054
f 1057/1057/1057 1058/1058/1058 1054/1054/1054
f 1058/1058/1058 1059/1059/1059 1054/1054/1054
f 1059/1059/1059 1058/1058/1058 1060/1060/1060
f 1058/1058/1058 1061/1061/1061 1060/1060/1060
f 1064/1064/1064 1063/1063/1063 1062/1062/1062
f 1065/1065/1065 1064/1064/1064 1062/1062/1062
f 1068/1068/1068 1067/1067/1067 1066/1066/1066
f 1067/1067/1067 1069/1069/1069 1066/1066/1066
f 1067/1067/1067 1070/1070/1070 1069/1069/1069
f 1070/1070/1070 1071/1071/1071 1069/1069/1069
f 1072/1072/1072 1071/1071/1071 1070/1070/1070
f 1073/1073/1073 1072/1072/1072 1070/1070/1070
f 1074/1074/1074 1072/1072/1072 1073/1073/1073
f 1075/1075/1075 1074/1074/1074 1073/1073/1073
f 1078/1078/1078 1077/1077/1077 1076/1076/1076
f 1079/1079/1079 1078/1078/1078 1076/1076/1076
f 1082/1082/1082 1081/1081/1081 1080/1080/1080
f 1083/1083/1083 1082/1082/1082 1080/1080/1080
f 1084/1084/1084 1082/1082/1082 1083/1083/1083
f 1085/1085/1085 1084/1084/1084 1083/1083/1083
f 1086/1086/1086 1084/1084/1084 1085/1085/1085
f 1087/1087/1087 1086/1086/1086 1085/1085/1085
f 1090/1090/1090 1089/1089/1089 1088/1088/1088
f 1089/1089/1089 1091/1091/1091 1088/1088/1088
f 1088/1088/1088 1091/1091/1091 1092/1092/1092
f 1093/1093/1093 1091/1091/1091 1089/1089/1089
f 1096/1096/1096 1095/1095/1095 1094/1094/1094
f 1097/1097/1097 1096/1096/1096 1094/1094/1094
f 1100/1100/1100 1099/1099/1099 1098/1098/1098
f 1099/1099/1099 1100/1100/1100 1101/1101/1101
f 1101/1101/1101 1100/1100/1100 1102/1102/1102
f 1103/1103/1103 1099/1099/1099 1101/1101/1101
f 1106/1106/1106 1105/1105/1105 1104/1104/1104
f 1107/1107/1107 1106/1106/1106 1104/1104/1104
f 1104/1104/1104 1108/1108/1108 1107/1107/1107
f 1108/1108/1108 1109/1109/1109 1107/1107/1107
f 1109/1109/1109 1108/1108/1108 1110/1110/1110
f 1108/1108/1108 1111/1111/1111 1110/1110/1110
f 1114/1114/1114 1113/1113/1113 1112/1112/1112
f 1113/1113/1113 1115/1115/1115 1112/1112/1112
f 1112/1112/1112 1115/1115/1115 1116/1116/1116
f 1115/1115/1115 1117/1117/1117 1116/1116/1116
f 1116/1116/1116 1117/1117/1117 1118/1118/1118
f 1117/1117/1117 1119/1119/1119 1118/1118/1118
f 1122/1122/1122 1121/1121/1121 1120/1120/1120
f 1121/1121/1121 1122/1122/1122 1123/1123/1123
f 1123/1123/1123 1122/1122/1122 1124/1124/1124
f 1125/1125/1125 1121/1121/1121 1123/1123/1123
f 1128/1128/1128 1127/1127/1127 1126/1126/1126
f 1129/1129/1129 1128/1128/1128 1126/1126/1126
f 1132/1132/1132 1131/1131/1131 1130/1130/1130
f 1131/1131/1131 1133/1133/1133 1130/1130/1130
f 1131/1131/1131 1134/1134/1134 1133/1133/1133
f 1134/1134/1134 1135/1135/1135 1133/1133/1133
f 1135/1135/1135 1134/1134/1134 1136/1136/1136
f 1134/1134/1134 1137/1137/1137 1136/1136/1136
f 1137/1137/1137 1138/1138/1138 1136/1136/1136
f 1138/1138/1138 1139/1139/1139 1136/1136/1136
f 1142/1142/1142 1141/1141/1141 1140/1140/1140
f 1141/1141/1141 1142/1142/1142 1143/1143/1143
f 1144/1144/1144 1141/1141/1141 1143/1143/1143
f 1145/1145/1145 1141/1141/1141 1144/1144/1144
f 1148/1148/1148 1147/1147/1147 1146/1146/1146
f 1149/1149/1149 1148/1148/1148 1146/1146/1146
f 1152/1152/1152 1151/1151/1151 1150/1150/1150
f 1153/1153/1153 1152/1152/1152 1150/1150/1150
f 1156/1156/1156 1155/1155/1155 1154/1154/1154
f 1157/1157/1157 1156/1156/1156 1154/1154/1154
f 1157/1157/1157 1154/1154/1154 1158/1158/1158
f 1159/1159/1159 1157/1157/1157 1158/1158/1158
f 1160/1160/1160 1159/1159/1159 1158/1158/1158
f 1161/1161/1161 1160/1160/1160 1158/1158/1158
f 1160/1160/1160 1161/1161/1161 1162/1162/1162
f 1163/1163/1163 1160/1160/1160 1162/1162/1162
f 1166/1166/1166 1165/1165/1165 1164/1164/1164
f 1165/1165/1165 1166/1166/1166 1167/1167/1167
f 1168/1168/1168 1165/1165/1165 1167/1167/1167
f 1169/1169/1169 1165/1165/1165 1168/1168/1168
f 1172/1172/1172 1171/1171/1171 1170/1170/1170
f 1173/1173/1173 1172/1172/1172 1170/1170/1170
f 1176/1176/1176 1175/1175/1175 1174/1174/1174
f 1177/1177/1177 1176/1176/1176 1174/1174/1174
f 1177/1177/1177 1174/1174/1174 1178/1178/1178
f 1179/1179/1179 1177/1177/1177 1178/1178/1178
f 1179/1179/1179 1178/1178/1178 1180/1180/1180
f 1181/1181/1181 1179/1179/1179 1180/1180/1180
f 1181/1181/1181 1180/1180/1180 1182/1182/1182
f 1183/1183/1183 1181/1181/1181 1182/1182/1182
f 1186/1186/1186 1185/1185/1185 1184/1184/1184
f 1185/1185/1185 1187/1187/1187 1184/1184/1184
f 1187/1187/1187 1185/1185/1185 1188/1188/1188
f 1189/1189/1189 1187/1187/1187 1188/1188/1188
f 1190/1190/1190 1189/1189/1189 1188/1188/1188
f 1191/1191/1191 1190/1190/1190 1188/1188/1188
f 1194/1194/1194 1193/1193/1193 1192/1192/1192
f 1195/1195/1195 1194/1194/1194 1192/1192/1192
f 1198/1198/1198 1197/1197/1197 1196/1196/1196
f 1199/1199/1199 1198/1198/1198 1196/1196/1196
f 1202/1202/1202 1201/1201/1201 1200/1200/1200
f 1203/1203/1203 1202/1202/1202 1200/1200/1200
f 1204/1204/1204 1202/1202/1202 1203/1203/1203
f 1205/1205/1205 1204/1204/1204 1203/1203/1203
f 1206/1206/1206 1204/1204/1204 1205/1205/1205
f 1207/1207/1207 1206/1206/1206 1205/1205/1205
f 1210/1210/1210 1209/1209/1209 1208/1208/1208
f 1211/1211/1211 1208/1208/1208 1209/1209/1209
f 1212/1212/1212 1211/1211/1211 1209/1209/1209
f 1213/1213/1213 1212/1212/1212 1209/1209/1209
f 1216/1216/1216 1215/1215/1215 1214/1214/1214
f 1217/1217/1217 1216/1216/1216 1214/1214/1214
f 1220/1220/1220 1219/1219/1219 1218/1218/1218
f 1221/1221/1221 1220/1220/1220 1218/1218/1218
f 1224/1224/1224 1223/1223/1223 1222/1222/1222
f 1225/1225/1225 1224/1224/1224 1222/1222/1222
f 1228/1228/1228 1227/1227/1227 1226/1226/1226
f 1226/1226/1226 1229/1229/1229 1228/1228/1228
f 1229/1229/1229 1230/1230/1230 1228/1228/1228
f 1228/1228/1228 1230/1230/1230 1231/1231/1231
f 1234/1234/1234 1233/1233/1233 1232/1232/1232
f 1235/1235/1235 1234/1234/1234 1232/1232/1232
f 1238/1238/1238 1237/1237/1237 1236/1236/1236
f 1237/1237/1237 1239/1239/1239 1236/1236/1236
f 1236/1236/1236 1239/1239/1239 1240/1240/1240
f 1239/1239/1239 1241/1241/1241 1240/1240/1240
f 1242/1242/1242 1241/1241/1241 1239/1239/1239
f 1237/1237/1237 1243/1243/1243 1239/1239/1239
f 1243/1243/1243 1242/1242/1242 1239/1239/1239
f 1244/1244/1244 1242/1242/1242 1243/1243/1243
f 1245/1245/1245 1244/1244/1244 1243/1243/1243
f 1248/1248/1248 1247/1247/1247 1246/1246/1246
f 1249/1249/1249 1248/1248/1248 1246/1246/1246
f 1250/1250/1250 1248/1248/1248 1249/1249/1249
f 1251/1251/1251 1250/1250/1250 1249/1249/1249
f 1251/1251/1251 1249/1249/1249 1252/1252/1252
f 1249/1249/1249 1246/1246/1246 1253/1253/1253
f 1252/1252/1252 1249/1249/1249 1253/1253/1253
f 1254/1254/1254 1252/1252/1252 1253/1253/1253
f 1255/1255/1255 1254/1254/1254 1253/1253/1253
f 1258/1258/1258 1257/1257/1257 1256/1256/1256
f 1259/1259/1259 1258/1258/1258 1256/1256/1256
f 1262/1262/1262 1261/1261/1261 1260/1260/1260
f 1263/1263/1263 1262/1262/1262 1260/1260/1260
f 1266/1266/1266 1265/1265/1265 1264/1264/1264
f 1267/1267/1267 1266/1266/1266 1264/1264/1264
f 1270/1270/1270 1269/1269/1269 1268/1268/1268
f 1271/1271/1271 1270/1270/1270 1268/1268/1268
f 1274/1274/1274 1273/1273/1273 1272/1272/1272
f 1273/1273/1273 1275/1275/1275 1272/1272/1272
f 1275/1275/1275 1276/1276/1276 1272/1272/1272
f 1272/1272/1272 1276/1276/1276 1277/1277/1277
f 1278/1278/1278 1272/1272/1272 1277/1277/1277
f 1279/1279/1279 1278/1278/1278 1277/1277/1277
f 1279/1279/1279 1281/1281/1281 1280/1280/1280
f 1281/1281/1281 1282/1282/1282 1280/1280/1280
f 1285/1285/1285 1284/1284/1284 1283/1283/1283
f 1284/1284/1284 1286/1286/1286 1283/1283/1283
f 1287/1287/1287 1283/1283/1283 1286/1286/1286
f 1288/1288/1288 1283/1283/1283 1287/1287/1287
f 1289/1289/1289 1283/1283/1283 1288/1288/1288
f 1290/1290/1290 1289/1289/1289 1288/1288/1288
f 1290/1290/1290 1292/1292/1292 1291/1291/1291
f 1292/1292/1292 1293/1293/1293 1291/1291/1291
f 1296/1296/1296 1295/1295/1295 1294/1294/1294
f 1297/1297/1297 1296/1296/1296 1294/1294/1294
f 1300/1300/1300 1299/1299/1299 1298/1298/1298
f 1301/1301/1301 1300/1300/1300 1298/1298/1298
f 1304/1304/1304 1303/1303/1303 1302/1302/1302
f 1305/1305/1305 1304/1304/1304 1302/1302/1302
f 1308/1308/1308 1307/1307/1307 1306/1306/1306
f 1309/1309/1309 1308/1308/1308 1306/1306/1306
f 1312/1312/1312 1311/1311/1311 1310/1310/1310
f 1311/1311/1311 1313/1313/1313 1310/1310/1310
f 1310/1310/1310 1313/1313/1313 1314/1314/1314
f 1313/1313/1313 1315/1315/1315 1314/1314/1314
f 1316/1316/1316 1315/1315/1315 1313/1313/1313
f 1311/1311/1311 1317/1317/1317 1313/1313/1313
f 1317/1317/1317 1316/1316/1316 1313/1313/1313
f 1318/1318/1318 1316/1316/1316 1317/1317/1317
f 1319/1319/1319 1318/1318/1318 1317/1317/1317
f 1322/1322/1322 1321/1321/1321 1320/1320/1320
f 1323/1323/1323 1322/1322/1322 1320/1320/1320
f 1324/1324/1324 1322/1322/1322 1323/1323/1323
f 1325/1325/1325 1324/1324/1324 1323/1323/1323
f 1325/1325/1325 1323/1323/1323 1326/1326/1326
f 1323/1323/1323 1320/1320/1320 1327/1327/1327
f 1326/1326/1326 1323/1323/1323 1327/1327/1327
f 1328/1328/1328 1326/1326/1326 1327/1327/1327
f 1329/1329/1329 1328/1328/1328 1327/1327/1327
f 1332/1332/1332 1331/1331/1331 1330/1330/1330
f 1333/1333/1333 1332/1332/1332 1330/1330/1330
f 1336/1336/1336 1335/1335/1335 1334/1334/1334
f 1337/1337/1337 1336/1336/1336 1334/1334/1334
f 1340/1340/1340 1339/1339/1339 1338/1338/1338
f 1341/1341/1341 1340/1340/1340 1338/1338/1338
f 1344/1344/1344 1343/1343/1343 1342/1342/1342
f 1345/1345/1345 1344/1344/1344 1342/1342/1342
f 1348/1348/1348 1347/1347/1347 1346/1346/1346
f 1347/1347/1347 1349/1349/1349 1346/1346/1346
f 1349/1349/1349 1350/1350/1350 1346/1346/1346
f 1346/1346/1346 1350/1350/1350 1351/1351/1351
f 1352/1352/1352 1346/1346/1346 1351/1351/1351
f 1353/1353/1353 1352/1352/1352 1351/1351/1351
f 1353/1353/1353 1355/1355/1355 1354/1354/1354
f 1355/1355/1355 1356/1356/1356 1354/1354/1354
f 1359/1359/1359 1358/1358/1358 1357/1357/1357
f 1358/1358/1358 1360/1360/1360 1357/1357/1357
f 1361/1361/1361 1357/1357/1357 1360/1360/1360
f 1362/1362/1362 1357/1357/1357 1361/1361/1361
f 1363/1363/1363 1357/1357/1357 1362/1362/1362
f 1364/1364/1364 1363/1363/1363 1362/1362/1362
f 1364/1364/1364 1366/1366/1366 1365/1365/1365
f 1366/1366/1366 1367/1367/1367 1365/1365/1365
f 1370/1370/1370 1369/1369/1369 1368/1368/1368
f 1371/1371/1371 1370/1370/1370 1368/1368/1368
f 1374/1374/1374 1373/1373/1373 1372/1372/1372
f 1375/1375/1375 1374/1374/1374 1372/1372/1372
f 1378/1378/1378 1377/1377/1377 1376/1376/1376
f 1379/1379/1379 1378/1378/1378 1376/1376/1376
