g Pizzeria
v 5.0461063 0.01386507 -4.44492
v 4.504037 0.01386507 -4.9813566
v -4.096792 0.01386507 -4.9813566
v 5.0461063 0.01386507 -4.44492
v 5.0461063 0.01386507 3.738018
v 5.0461063 11.602719 3.7357116
v 5.0461063 11.602719 -4.4426136
v -4.0967927 0.01386507 4.274454
v -4.0942607 11.602719 4.274454
v 4.5015044 11.602719 4.274454
v 4.5040374 0.01386507 4.274454
v -4.096792 0.01386507 -4.9813566
v 4.504037 0.01386507 -4.9813566
v 4.5015044 11.602719 -4.9813566
v -4.09426 11.602719 -4.9813566
v -4.6388626 11.602719 -4.4426136
v -5.3821135 11.656287 -5.14885
v -5.3821135 11.656287 4.4419537
v -4.6388626 11.602719 3.7357123
v 1.5028443 9.358991 4.2472224
v 0.18423748 8.791804 4.5749607
v 0.18423359 9.358991 4.2472224
v 1.5028464 8.791804 4.5749607
v 0.18424037 8.152408 5.228488
v 1.5028481 8.152408 5.228488
v 0.18424131 7.9015784 5.685341
v 1.5028492 7.9015784 5.685341
v 0.18424231 7.485705 5.9314427
v 1.5028492 7.485705 5.9314427
v 1.5028492 7.455763 5.9314427
v 1.4201292 7.00193 5.9314427
v 1.1450536 6.7769403 5.9314427
v 0.5420398 6.7769403 5.9314427
v 0.26696527 7.00193 5.9314427
v 0.18424231 7.455763 5.9314427
v -3.7715733 7.485705 5.9314427
v -3.7715733 7.455763 5.9314427
v -3.7715733 7.455763 4.2472224
v -3.7715747 8.152408 5.228488
v -3.7715733 7.9015784 5.685341
v -3.7715764 8.791804 4.5749607
v -3.7715783 9.358991 4.2472224
v 4.1400523 8.791803 4.5749545
v 4.140048 9.358991 4.247217
v 4.140059 7.455763 4.247217
v 4.1400585 7.455763 5.931438
v 4.140057 8.152408 5.2284827
v 4.1400585 7.485705 5.931438
v 4.1400585 7.9015784 5.685335
v 4.140048 9.358991 4.247217
v 2.8214495 8.791803 4.574959
v 2.8214495 9.358991 4.247217
v 4.1400523 8.791803 4.5749545
v 2.8214483 8.152408 5.228488
v 4.140057 8.152408 5.2284827
v 2.8214483 7.9015784 5.685341
v 4.1400585 7.9015784 5.685335
v 2.8214483 7.485705 5.9314427
v 4.1400585 7.485705 5.931438
v 4.1400585 7.455763 5.931438
v 4.057341 7.00193 5.931438
v 3.7822585 6.7769403 5.931438
v 3.1792488 6.7769403 5.9314427
v 2.9041684 7.00193 5.9314427
v 2.8214483 7.455763 5.9314427
v 2.8214495 9.358991 4.247217
v 1.5028464 8.791804 4.5749607
v 1.5028443 9.358991 4.2472224
v 2.8214495 8.791803 4.574959
v 1.5028481 8.152408 5.228488
v 2.8214483 8.152408 5.228488
v 1.5028492 7.9015784 5.685341
v 2.8214483 7.9015784 5.685341
v 1.5028492 7.485705 5.9314427
v 2.8214483 7.485705 5.9314427
v 2.8214483 7.455763 5.9314427
v 2.7387283 7.00193 5.9314427
v 2.4636586 6.7769403 5.9314427
v 1.860639 6.7769403 5.9314427
v 1.5855693 7.00193 5.9314427
v 1.5028492 7.455763 5.9314427
v 0.18423359 9.358991 4.2472224
v -1.1343675 8.791804 4.5749545
v -1.1343675 9.358991 4.247217
v 0.18423748 8.791804 4.5749607
v -1.1343675 8.152408 5.2284827
v 0.18424037 8.152408 5.228488
v -1.1343675 7.9015784 5.685335
v 0.18424131 7.9015784 5.685341
v -1.1343675 7.485705 5.931438
v 0.18424231 7.485705 5.9314427
v 0.18424231 7.455763 5.9314427
v 0.10152418 7.00193 5.9314427
v -0.17355816 6.7769403 5.9314427
v -0.776568 6.7769403 5.9314427
v -1.0516366 7.00193 5.9314427
v -1.1343675 7.455763 5.931438
v -3.6888518 7.00193 5.9314427
v -3.7715733 7.455763 5.9314427
v -3.7715733 7.485705 5.9314427
v -3.4137678 6.7769403 5.9314427
v -2.810765 6.7769403 5.9314427
v -2.5356817 7.00193 5.9314427
v -2.4529665 7.455763 5.9314427
v -2.4529665 7.485705 5.9314427
v -2.4529665 7.9015784 5.685341
v -3.7715733 7.9015784 5.685341
v -2.4529674 8.152409 5.2284827
v -3.7715747 8.152408 5.228488
v -2.4529705 8.791806 4.574957
v -3.7715764 8.791804 4.5749607
v -2.4529734 9.358991 4.2472224
v -3.7715783 9.358991 4.2472224
v -2.3702476 7.00193 5.9314427
v -2.4529665 7.455763 5.9314427
v -2.4529665 7.485705 5.9314427
v -2.0951717 6.7769403 5.9314427
v -1.4921583 6.7769403 5.9314427
v -1.2170807 7.00193 5.9314365
v -1.1343675 7.455763 5.931438
v -1.1343675 7.485705 5.931438
v -1.1343675 7.9015784 5.685335
v -2.4529665 7.9015784 5.685341
v -1.1343675 8.152408 5.2284827
v -2.4529674 8.152409 5.2284827
v -1.1343675 8.791804 4.5749545
v -2.4529705 8.791806 4.574957
v -1.1343675 9.358991 4.247217
v -2.4529734 9.358991 4.2472224
v 5.0461063 11.602719 3.7357116
v 5.7893457 11.656287 4.441952
v 5.7893457 11.656287 -5.1488485
v 5.0461063 11.602719 -4.4426136
v -5.3821135 11.656287 -5.14885
v -5.3821135 13.125621 -5.14664
v -5.3821135 13.125621 4.4397435
v -5.3821135 11.656287 4.4419537
v -4.0942607 11.602719 4.274454
v -4.8326163 11.656287 4.9847674
v 5.2398496 11.656287 4.9847674
v 4.5015044 11.602719 4.274454
v 4.5015044 11.602719 -4.9813566
v 5.239849 11.656287 -5.691664
v -4.832616 11.656287 -5.691664
v -4.09426 11.602719 -4.9813566
v 5.239849 11.656287 -5.691664
v 5.237405 13.125621 -5.691664
v -4.8301716 13.125621 -5.691664
v -4.832616 11.656287 -5.691664
v 5.7893457 11.656287 4.441952
v 5.7893457 13.125621 4.439743
v 5.7893457 13.125621 -5.1466393
v 5.7893457 11.656287 -5.1488485
v -4.8326163 11.656287 4.9847674
v -4.830172 13.125621 4.9847674
v 5.237405 13.125621 4.9847674
v 5.2398496 11.656287 4.9847674
v -4.2054214 13.179189 -4.0174828
v -3.4796681 12.198156 -3.3238518
v -3.4796681 12.198156 2.6169515
v -4.2054214 13.179189 3.3105862
v -3.4796681 12.198156 -3.3238518
v -2.9220421 12.198156 -3.873529
v 3.3292918 12.198156 -3.873529
v 3.886917 12.198156 -3.3238509
v -3.4796681 12.198156 2.6169515
v 3.8869174 12.198156 2.6169512
v 3.3292918 12.198156 3.1666296
v -2.9220421 12.198156 3.1666296
v -3.6478646 13.179189 3.8602223
v -2.9220421 12.198156 3.1666296
v 3.3292918 12.198156 3.1666296
v 4.0551114 13.179189 3.8602223
v 4.055111 13.179189 -4.567119
v 3.3292918 12.198156 -3.873529
v -2.9220421 12.198156 -3.873529
v -3.6478643 13.179189 -4.567119
v 4.612667 13.179189 3.3105853
v 3.8869174 12.198156 2.6169512
v 3.886917 12.198156 -3.3238509
v 4.612667 13.179189 -4.0174823
v -4.6388626 0.01386507 3.7380188
v -4.6388626 0.01386507 -4.444921
v -4.6388626 11.602719 -4.4426136
v -4.6388626 11.602719 3.7357123
v -4.0967927 0.01386507 4.274454
v -4.6388626 0.01386507 3.7380188
v -4.6388626 11.602719 3.7357123
v -4.0942607 11.602719 4.274454
v -4.09426 11.602719 -4.9813566
v -4.6388626 11.602719 -4.4426136
v -4.6388626 0.01386507 -4.444921
v -4.096792 0.01386507 -4.9813566
v 5.0461063 11.602719 -4.4426136
v 4.5015044 11.602719 -4.9813566
v 4.504037 0.01386507 -4.9813566
v 5.0461063 0.01386507 -4.44492
v -4.6388626 11.602719 -4.4426136
v -4.09426 11.602719 -4.9813566
v -4.832616 11.656287 -5.691664
v -5.3821135 11.656287 -5.14885
v 5.7893457 11.656287 -5.1488485
v 5.239849 11.656287 -5.691664
v 4.5015044 11.602719 -4.9813566
v 5.0461063 11.602719 -4.4426136
v 5.2398496 11.656287 4.9847674
v 5.7893457 11.656287 4.441952
v 5.0461063 11.602719 3.7357116
v 4.5015044 11.602719 4.274454
v -4.0942607 11.602719 4.274454
v -4.6388626 11.602719 3.7357123
v -5.3821135 11.656287 4.4419537
v -4.8326163 11.656287 4.9847674
v 5.7893457 11.656287 4.441952
v 5.2398496 11.656287 4.9847674
v 5.237405 13.125621 4.9847674
v 5.7893457 13.125621 4.439743
v -5.3821135 13.125621 4.4397435
v -4.830172 13.125621 4.9847674
v -4.8326163 11.656287 4.9847674
v -5.3821135 11.656287 4.4419537
v -5.3821135 11.656287 -5.14885
v -4.832616 11.656287 -5.691664
v -4.8301716 13.125621 -5.691664
v -5.3821135 13.125621 -5.14664
v 5.7893457 13.125621 -5.1466393
v 5.237405 13.125621 -5.691664
v 5.239849 11.656287 -5.691664
v 5.7893457 11.656287 -5.1488485
v 4.055111 13.179189 -4.567119
v 4.612667 13.179189 -4.0174823
v 3.886917 12.198156 -3.3238509
v 3.3292918 12.198156 -3.873529
v 3.3292918 12.198156 3.1666296
v 3.8869174 12.198156 2.6169512
v 4.612667 13.179189 3.3105853
v 4.0551114 13.179189 3.8602223
v -3.6478646 13.179189 3.8602223
v -4.2054214 13.179189 3.3105862
v -3.4796681 12.198156 2.6169515
v -2.9220421 12.198156 3.1666296
v -2.9220421 12.198156 -3.873529
v -3.4796681 12.198156 -3.3238518
v -4.2054214 13.179189 -4.0174828
v -3.6478643 13.179189 -4.567119
v -4.096792 0.01386507 -4.9813566
v -4.6388626 0.01386507 -4.444921
v 5.0461063 0.01386507 -4.44492
v -4.6388626 0.01386507 3.7380188
v 5.0461063 0.01386507 3.738018
v 4.5040374 0.01386507 4.274454
v -4.0967927 0.01386507 4.274454
v 0.8848529 5.4329014 4.3002353
v 0.8848529 1.9066664 4.3002353
v 0.6817243 1.700208 4.671183
v 0.6817243 5.6393604 4.671183
v 0.8848529 1.9066664 4.3002353
v 2.1060407 1.9066664 4.2979293
v 2.3097405 1.700208 4.6685147
v 0.6817243 1.700208 4.671183
v 2.741854 6.1665525 4.281069
v 2.741854 1.1877687 4.281069
v 2.5963845 1.3544596 4.668219
v 2.5963845 5.9851084 4.668219
v 0.25259453 6.1665525 4.284631
v 2.741854 6.1665525 4.281069
v 2.5963845 5.9851084 4.668219
v 0.39507666 5.9851084 4.6715026
v 0.25259453 6.1665525 4.284631
v 0.39507666 5.9851084 4.6715026
v 0.39507666 1.3544596 4.6715026
v 0.25259453 1.1877687 4.284631
v 2.1060407 5.4329014 4.2979293
v 2.3097405 5.6393604 4.6685147
v 2.3097405 1.700208 4.6685147
v 2.1060407 1.9066664 4.2979293
v 0.8848529 5.4329014 4.3002353
v 0.6817243 5.6393604 4.671183
v 2.3097405 5.6393604 4.6685147
v 2.1060407 5.4329014 4.2979293
v 0.25259453 1.1877687 4.284631
v 0.39507666 1.3544596 4.6715026
v 2.5963845 1.3544596 4.668219
v 2.741854 1.1877687 4.281069
v 0.8848529 5.4329014 4.3002353
v 2.1060407 5.4329014 4.2979293
v 2.1060407 1.9066664 4.2979293
v 0.8848529 1.9066664 4.3002353
v 2.381243 3.5735903 4.615679
v 0.61787677 3.5735903 4.640064
v 0.6958997 3.5735903 4.3447723
v 2.2975543 3.5735903 4.321895
v 0.61787677 3.1900601 4.640064
v 2.381243 3.1900601 4.615679
v 2.2975543 3.1900601 4.321895
v 0.6958997 3.1900601 4.3447723
v 0.61787677 3.1900601 4.640064
v 0.61787677 3.5735903 4.640064
v 2.381243 3.5735903 4.615679
v 2.381243 3.1900601 4.615679
v 1.0045664 3.0725317 4.785053
v 1.0045664 3.7294393 4.785053
v 1.379867 3.7294393 4.78115
v 1.379867 3.0725317 4.78115
v 0.9128056 2.9344246 4.5140963
v 1.4540261 2.9344246 4.508783
v 1.4540261 3.8292284 4.508783
v 0.9128056 3.8292284 4.5140963
v 1.0045664 3.7294393 4.785053
v 1.0045664 3.0725317 4.785053
v 0.9128056 2.9344246 4.5140963
v 0.9128056 3.8292284 4.5140963
v 1.379867 3.0725317 4.78115
v 1.379867 3.7294393 4.78115
v 1.4540261 3.8292284 4.508783
v 1.4540261 2.9344246 4.508783
v 1.379867 3.7294393 4.78115
v 1.0045664 3.7294393 4.785053
v 0.9128056 3.8292284 4.5140963
v 1.4540261 3.8292284 4.508783
v 1.0045664 3.0725317 4.785053
v 1.379867 3.0725317 4.78115
v 1.4540261 2.9344246 4.508783
v 0.9128056 2.9344246 4.5140963
v -0.43328163 5.426459 4.300232
v -0.22792064 5.6393604 4.671183
v -0.22792064 1.700208 4.671183
v -0.43328163 1.9131091 4.300232
v -0.43328163 1.9131091 4.300232
v -0.22792064 1.700208 4.671183
v -1.8559366 1.700208 4.6685143
v -1.6500067 1.9131091 4.297934
v -2.2880507 6.1665525 4.281069
v -2.1425846 5.9851084 4.668219
v -2.1425846 1.3544596 4.668219
v -2.2880507 1.1877687 4.281069
v 0.20120548 6.1665525 4.284631
v 0.058723304 5.9851084 4.6715026
v -2.1425846 5.9851084 4.668219
v -2.2880507 6.1665525 4.281069
v 0.20120548 6.1665525 4.284631
v 0.20120548 1.1877687 4.284631
v 0.058723304 1.3544596 4.6715026
v 0.058723304 5.9851084 4.6715026
v -1.6500067 5.426459 4.297934
v -1.6500067 1.9131091 4.297934
v -1.8559366 1.700208 4.6685143
v -1.8559366 5.6393604 4.6685143
v -0.43328163 5.426459 4.300232
v -1.6500067 5.426459 4.297934
v -1.8559366 5.6393604 4.6685143
v -0.22792064 5.6393604 4.671183
v 0.20120548 1.1877687 4.284631
v -2.2880507 1.1877687 4.281069
v -2.1425846 1.3544596 4.668219
v 0.058723304 1.3544596 4.6715026
v -0.43328163 5.426459 4.300232
v -0.43328163 1.9131091 4.300232
v -1.6500067 1.9131091 4.297934
v -1.6500067 5.426459 4.297934
v -1.9274429 3.5735903 4.6156783
v -1.8437507 3.5735903 4.321895
v -0.24209966 3.5735903 4.3447723
v -0.164073 3.5735903 4.640064
v -0.164073 3.1900601 4.640064
v -0.24209966 3.1900601 4.3447723
v -1.8437507 3.1900601 4.321895
v -1.9274429 3.1900601 4.6156783
v -0.164073 3.1900601 4.640064
v -1.9274429 3.1900601 4.6156783
v -1.9274429 3.5735903 4.6156783
v -0.164073 3.5735903 4.640064
v -0.5507597 3.0725317 4.785053
v -0.9260601 3.0725317 4.78115
v -0.9260601 3.7294393 4.78115
v -0.5507597 3.7294393 4.785053
v -0.459002 2.9344246 4.5140963
v -0.459002 3.8292284 4.5140963
v -1.0002187 3.8292284 4.508783
v -1.0002187 2.9344246 4.508783
v -0.5507597 3.7294393 4.785053
v -0.459002 3.8292284 4.5140963
v -0.459002 2.9344246 4.5140963
v -0.5507597 3.0725317 4.785053
v -0.9260601 3.0725317 4.78115
v -1.0002187 2.9344246 4.508783
v -1.0002187 3.8292284 4.508783
v -0.9260601 3.7294393 4.78115
v -0.9260601 3.7294393 4.78115
v -1.0002187 3.8292284 4.508783
v -0.459002 3.8292284 4.5140963
v -0.5507597 3.7294393 4.785053
v -0.5507597 3.0725317 4.785053
v -0.459002 2.9344246 4.5140963
v -1.0002187 2.9344246 4.508783
v -0.9260601 3.0725317 4.78115
v -2.6153655 0.013865564 5.864981
v -2.6153655 0.70490026 5.864981
v 3.2828789 0.70490026 5.861078
v 3.2828789 0.013865564 5.861078
v -2.6153655 0.70490026 4.62718
v 3.2828789 0.70490026 4.623277
v 3.2828789 0.70490026 5.861078
v -2.6153655 0.70490026 5.864981
v 3.2828789 0.013865564 4.623277
v -2.6153655 0.013865564 4.62718
v -2.6153655 0.013865564 5.864981
v 3.2828789 0.013865564 5.861078
v -2.6153655 0.013865564 4.62718
v -2.6153655 0.70490026 4.62718
v -2.6153655 0.70490026 5.864981
v -2.6153655 0.013865564 5.864981
v 3.2828789 0.70490026 4.623277
v 3.2828789 0.013865564 4.623277
v 3.2828789 0.013865564 5.861078
v 3.2828789 0.70490026 5.861078
v -4.4826965 1.0276725 -5.3969054
v -5.0736833 1.027673 -4.812082
v -5.0736833 0.013865564 -4.812302
v -4.4829383 0.013865564 -5.3969054
v 5.48093 1.0276725 -4.812081
v 4.889945 1.027673 -5.3969054
v 4.890187 0.013865564 -5.3969054
v 5.48093 0.013865564 -4.8122997
v 5.48093 0.013865564 4.1054096
v 4.890187 0.013865564 4.690015
v 4.889946 1.0276725 4.690015
v 5.48093 1.027673 4.1051893
v -4.482939 0.013865564 4.690015
v -5.0736833 0.013865564 4.1054106
v -5.0736833 1.0276725 4.1051903
v -4.4826975 1.027673 4.690015
v -5.0736833 0.013865564 4.1054106
v -5.0736833 0.013865564 -4.812302
v -5.0736833 1.027673 -4.812082
v -5.0736833 1.0276725 4.1051903
v -4.4829383 0.013865564 -5.3969054
v 4.890187 0.013865564 -5.3969054
v 4.889945 1.027673 -5.3969054
v -4.4826965 1.0276725 -5.3969054
v -4.482939 0.013865564 4.690015
v -4.4826975 1.027673 4.690015
v 4.889946 1.0276725 4.690015
v 4.890187 0.013865564 4.690015
v 5.48093 0.013865564 -4.8122997
v 5.48093 0.013865564 4.1054096
v 5.48093 1.027673 4.1051893
v 5.48093 1.0276725 -4.812081
v -5.0736833 1.027673 -4.812082
v -4.4826965 1.0276725 -5.3969054
v 4.889945 1.027673 -5.3969054
v 5.48093 1.0276725 -4.812081
v -5.0736833 1.0276725 4.1051903
v 5.48093 1.027673 4.1051893
v 4.889946 1.0276725 4.690015
v -4.4826975 1.027673 4.690015
v 5.0461063 0.01386507 3.738018
v 4.5040374 0.01386507 4.274454
v 4.5015044 11.602719 4.274454
v 5.0461063 11.602719 3.7357116
v 5.062242 5.8502965 0.7820637
v 5.062242 4.058798 0.7820637
v 5.0625563 4.058798 1.5715915
v 5.0628858 4.058798 2.3611827
v 5.0628858 5.8502965 2.3611827
v 5.0624146 6.1799126 1.0312495
v 5.0626974 6.1799126 2.1120596
v 5.0625563 6.320272 1.5715915
v 5.062242 5.8502965 0.7820637
v 5.3727183 5.9584613 0.62216
v 5.3727183 3.880891 0.62216
v 5.062242 4.058798 0.7820637
v 5.046362 6.858791 0.9708063
v 5.046016 6.2742515 0.26314676
v 5.3726554 6.196771 0.38208458
v 5.372954 6.712239 0.9733196
v 5.373268 4.5263343 2.5210862
v 5.373268 4.8658648 2.5210862
v 5.3727026 4.8658648 0.62216
v 5.3727026 4.5263343 0.62216
v 5.0625563 4.058798 1.5715915
v 5.062242 4.058798 0.7820637
v 5.3727183 3.880891 0.62216
v 5.3730803 3.880891 1.5715915
v 5.0628858 4.058798 2.3611827
v 5.373457 3.880891 2.5210862
v 5.04699 6.2742515 2.8800995
v 5.046644 6.858791 2.1724396
v 5.373237 6.7122374 2.1699266
v 5.3735356 6.196771 2.761161
v 5.046016 6.2742515 0.26314676
v 5.046016 3.4523401 0.26314676
v 5.3726554 3.5913243 0.38208458
v 5.3726554 6.196771 0.38208458
v 5.04699 6.2742515 2.8800995
v 5.3735356 6.196771 2.761161
v 5.3735356 3.5913243 2.761161
v 5.04699 3.4523401 2.8800995
v 5.0465026 3.4523401 1.5715915
v 5.3726554 3.5913243 0.38208458
v 5.046016 3.4523401 0.26314676
v 5.373095 3.5913243 1.5715915
v 5.04699 3.4523401 2.8800995
v 5.3735356 3.5913243 2.761161
v 5.0628858 5.8502965 2.3611827
v 5.0628858 4.058798 2.3611827
v 5.373457 3.880891 2.5210862
v 5.373457 5.9584613 2.5210862
v 5.373268 4.5263343 2.5210862
v 5.3727026 4.5263343 0.62216
v 5.064818 4.5263343 0.706667
v 5.0654464 4.5263343 2.4365792
v 5.3727026 4.8658648 0.62216
v 5.373268 4.8658648 2.5210862
v 5.0654464 4.8658648 2.4365792
v 5.064818 4.8658648 0.706667
v 5.0624146 6.1799126 1.0312495
v 5.3729386 6.3290367 0.9738223
v 5.3727183 5.9584613 0.62216
v 5.062242 5.8502965 0.7820637
v 5.373095 6.7942467 1.5715915
v 5.373237 6.7122374 2.1699266
v 5.046644 6.858791 2.1724396
v 5.0465026 6.9407988 1.5715915
v 5.0625563 6.320272 1.5715915
v 5.0626974 6.1799126 2.1120596
v 5.373237 6.3290367 2.1694236
v 5.3730803 6.482802 1.5715915
v 5.0628858 5.8502965 2.3611827
v 5.373457 5.9584613 2.5210862
v 5.373237 6.3290367 2.1694236
v 5.0626974 6.1799126 2.1120596
v 5.0624146 6.1799126 1.0312495
v 5.0625563 6.320272 1.5715915
v 5.3730803 6.482802 1.5715915
v 5.3729386 6.3290367 0.9738223
v 5.372954 6.712239 0.9733196
v 5.373095 6.7942467 1.5715915
v 5.0465026 6.9407988 1.5715915
v 5.046362 6.858791 0.9708063
v 5.062242 5.8502965 -3.0424285
v 5.062242 4.058798 -3.0424285
v 5.0625563 4.058798 -2.2529004
v 5.0628858 4.058798 -1.4633099
v 5.0628858 5.8502965 -1.4633099
v 5.0624146 6.1799126 -2.7932427
v 5.062697 6.1799126 -1.7124325
v 5.0625563 6.320272 -2.2529004
v 5.062242 5.8502965 -3.0424285
v 5.3727183 5.9584613 -3.202332
v 5.3727183 3.880891 -3.202332
v 5.062242 4.058798 -3.0424285
v 5.046361 6.858791 -2.8536856
v 5.046016 6.2742515 -3.561346
v 5.3726554 6.196771 -3.4424074
v 5.372954 6.712239 -2.8511727
v 5.373268 4.5263343 -1.3034059
v 5.373268 4.8658648 -1.3034059
v 5.3727026 4.8658648 -3.202332
v 5.3727026 4.5263343 -3.202332
v 5.0625563 4.058798 -2.2529004
v 5.062242 4.058798 -3.0424285
v 5.3727183 3.880891 -3.202332
v 5.37308 3.880891 -2.2529004
v 5.0628858 4.058798 -1.4633099
v 5.373457 3.880891 -1.3034059
v 5.0469894 6.2742515 -0.94439274
v 5.046644 6.858791 -1.6520524
v 5.373237 6.7122374 -1.6545658
v 5.3735356 6.196771 -1.063331
v 5.046016 6.2742515 -3.561346
v 5.046016 3.4523401 -3.561346
v 5.3726554 3.5913243 -3.4424074
v 5.3726554 6.196771 -3.4424074
v 5.0469894 6.2742515 -0.94439274
v 5.3735356 6.196771 -1.063331
v 5.3735356 3.5913243 -1.063331
v 5.0469894 3.4523401 -0.94439274
v 5.0465026 3.4523401 -2.2529004
v 5.3726554 3.5913243 -3.4424074
v 5.046016 3.4523401 -3.561346
v 5.373095 3.5913243 -2.2529004
v 5.0469894 3.4523401 -0.94439274
v 5.3735356 3.5913243 -1.063331
v 5.0628858 5.8502965 -1.4633099
v 5.0628858 4.058798 -1.4633099
v 5.373457 3.880891 -1.3034059
v 5.373457 5.9584613 -1.3034059
v 5.373268 4.5263343 -1.3034059
v 5.3727026 4.5263343 -3.202332
v 5.064818 4.5263343 -3.1178253
v 5.0654464 4.5263343 -1.3879129
v 5.3727026 4.8658648 -3.202332
v 5.373268 4.8658648 -1.3034059
v 5.0654464 4.8658648 -1.3879129
v 5.064818 4.8658648 -3.1178253
v 5.0624146 6.1799126 -2.7932427
v 5.3729386 6.3290367 -2.8506703
v 5.3727183 5.9584613 -3.202332
v 5.062242 5.8502965 -3.0424285
v 5.373095 6.7942467 -2.2529004
v 5.373237 6.7122374 -1.6545658
v 5.046644 6.858791 -1.6520524
v 5.0465026 6.9407988 -2.2529004
v 5.0625563 6.320272 -2.2529004
v 5.062697 6.1799126 -1.7124325
v 5.373237 6.3290367 -1.6550685
v 5.37308 6.482802 -2.2529004
v 5.0628858 5.8502965 -1.4633099
v 5.373457 5.9584613 -1.3034059
v 5.373237 6.3290367 -1.6550685
v 5.062697 6.1799126 -1.7124325
v 5.0624146 6.1799126 -2.7932427
v 5.0625563 6.320272 -2.2529004
v 5.37308 6.482802 -2.2529004
v 5.3729386 6.3290367 -2.8506703
v 5.372954 6.712239 -2.8511727
v 5.373095 6.7942467 -2.2529004
v 5.0465026 6.9407988 -2.2529004
v 5.046361 6.858791 -2.8536856
v -4.65471 5.8502965 -1.4632931
v -4.65471 4.058798 -1.4632931
v -4.655024 4.058798 -2.2528207
v -4.6553545 4.058798 -3.0424113
v -4.6553545 5.8502965 -3.0424113
v -4.6548824 6.1799126 -1.7124786
v -4.6551657 6.1799126 -2.7932892
v -4.655024 6.320272 -2.2528207
v -4.65471 5.8502965 -1.4632931
v -4.965186 5.9584613 -1.3033897
v -4.965186 3.8808913 -1.3033897
v -4.65471 4.058798 -1.4632931
v -4.6388297 6.858791 -1.6520361
v -4.638484 6.2742515 -0.9443759
v -4.9651246 6.196771 -1.0633142
v -4.9654226 6.712239 -1.6545491
v -4.965737 4.5263343 -3.2023153
v -4.965737 4.8658648 -3.2023153
v -4.965171 4.8658648 -1.3033897
v -4.965171 4.5263343 -1.3033897
v -4.655024 4.058798 -2.2528207
v -4.65471 4.058798 -1.4632931
v -4.965186 3.8808913 -1.3033897
v -4.9655485 3.8808913 -2.2528207
v -4.6553545 4.058798 -3.0424113
v -4.965925 3.8808913 -3.2023153
v -4.6394587 6.2742515 -3.5613286
v -4.6391125 6.858791 -2.8536687
v -4.965705 6.7122374 -2.8511553
v -4.966004 6.196771 -3.442391
v -4.638484 6.2742515 -0.9443759
v -4.638484 3.4523401 -0.9443759
v -4.9651246 3.591325 -1.0633142
v -4.9651246 6.196771 -1.0633142
v -4.6394587 6.2742515 -3.5613286
v -4.966004 6.196771 -3.442391
v -4.966004 3.591325 -3.442391
v -4.6394587 3.4523401 -3.5613286
v -4.638971 3.4523401 -2.2528207
v -4.9651246 3.591325 -1.0633142
v -4.638484 3.4523401 -0.9443759
v -4.965564 3.591325 -2.2528207
v -4.6394587 3.4523401 -3.5613286
v -4.966004 3.591325 -3.442391
v -4.6553545 5.8502965 -3.0424113
v -4.6553545 4.058798 -3.0424113
v -4.965925 3.8808913 -3.2023153
v -4.965925 5.9584613 -3.2023153
v -4.965737 4.5263343 -3.2023153
v -4.965171 4.5263343 -1.3033897
v -4.657286 4.5263343 -1.3878967
v -4.657915 4.5263343 -3.1178086
v -4.965171 4.8658648 -1.3033897
v -4.965737 4.8658648 -3.2023153
v -4.657915 4.8658648 -3.1178086
v -4.657286 4.8658648 -1.3878967
v -4.6548824 6.1799126 -1.7124786
v -4.9654064 6.3290367 -1.6550517
v -4.965186 5.9584613 -1.3033897
v -4.65471 5.8502965 -1.4632931
v -4.965564 6.7942467 -2.2528207
v -4.965705 6.7122374 -2.8511553
v -4.6391125 6.858791 -2.8536687
v -4.638971 6.9407988 -2.2528207
v -4.655024 6.320272 -2.2528207
v -4.6551657 6.1799126 -2.7932892
v -4.965705 6.3290367 -2.8506534
v -4.9655485 6.482802 -2.2528207
v -4.6553545 5.8502965 -3.0424113
v -4.965925 5.9584613 -3.2023153
v -4.965705 6.3290367 -2.8506534
v -4.6551657 6.1799126 -2.7932892
v -4.6548824 6.1799126 -1.7124786
v -4.655024 6.320272 -2.2528207
v -4.9655485 6.482802 -2.2528207
v -4.9654064 6.3290367 -1.6550517
v -4.9654226 6.712239 -1.6545491
v -4.965564 6.7942467 -2.2528207
v -4.638971 6.9407988 -2.2528207
v -4.6388297 6.858791 -1.6520361
v -4.65471 5.8502965 2.3611994
v -4.65471 4.058798 2.3611994
v -4.655024 4.058798 1.571671
v -4.6553545 4.058798 0.7820803
v -4.6553545 5.8502965 0.7820803
v -4.6548824 6.1799126 2.1120136
v -4.655165 6.1799126 1.031203
v -4.655024 6.320272 1.571671
v -4.65471 5.8502965 2.3611994
v -4.965186 5.9584613 2.5211024
v -4.965186 3.8808913 2.5211024
v -4.65471 4.058798 2.3611994
v -4.6388288 6.858791 2.1724563
v -4.6384835 6.2742515 2.8801165
v -4.9651237 6.196771 2.7611783
v -4.965422 6.712239 2.1699433
v -4.965737 4.5263343 0.6221768
v -4.965737 4.8658648 0.6221768
v -4.965171 4.8658648 2.5211024
v -4.965171 4.5263343 2.5211024
v -4.655024 4.058798 1.571671
v -4.65471 4.058798 2.3611994
v -4.965186 3.8808913 2.5211024
v -4.965548 3.8808913 1.571671
v -4.6553545 4.058798 0.7820803
v -4.965925 3.8808913 0.6221768
v -4.6394577 6.2742515 0.26316303
v -4.6391125 6.858791 0.9708231
v -4.965705 6.7122374 0.97333616
v -4.966004 6.196771 0.38210133
v -4.6384835 6.2742515 2.8801165
v -4.6384835 3.4523401 2.8801165
v -4.9651237 3.591325 2.7611783
v -4.9651237 6.196771 2.7611783
v -4.6394577 6.2742515 0.26316303
v -4.966004 6.196771 0.38210133
v -4.966004 3.591325 0.38210133
v -4.6394577 3.4523401 0.26316303
v -4.638971 3.4523401 1.571671
v -4.9651237 3.591325 2.7611783
v -4.6384835 3.4523401 2.8801165
v -4.965564 3.591325 1.571671
v -4.6394577 3.4523401 0.26316303
v -4.966004 3.591325 0.38210133
v -4.6553545 5.8502965 0.7820803
v -4.6553545 4.058798 0.7820803
v -4.965925 3.8808913 0.6221768
v -4.965925 5.9584613 0.6221768
v -4.965737 4.5263343 0.6221768
v -4.965171 4.5263343 2.5211024
v -4.657286 4.5263343 2.436596
v -4.6579146 4.5263343 0.7066838
v -4.965171 4.8658648 2.5211024
v -4.965737 4.8658648 0.6221768
v -4.6579146 4.8658648 0.7066838
v -4.657286 4.8658648 2.436596
v -4.6548824 6.1799126 2.1120136
v -4.9654064 6.3290367 2.1694407
v -4.965186 5.9584613 2.5211024
v -4.65471 5.8502965 2.3611994
v -4.965564 6.7942467 1.571671
v -4.965705 6.7122374 0.97333616
v -4.6391125 6.858791 0.9708231
v -4.638971 6.9407988 1.571671
v -4.655024 6.320272 1.571671
v -4.655165 6.1799126 1.031203
v -4.965705 6.3290367 0.9738388
v -4.965548 6.482802 1.571671
v -4.6553545 5.8502965 0.7820803
v -4.965925 5.9584613 0.6221768
v -4.965705 6.3290367 0.9738388
v -4.655165 6.1799126 1.031203
v -4.6548824 6.1799126 2.1120136
v -4.655024 6.320272 1.571671
v -4.965548 6.482802 1.571671
v -4.9654064 6.3290367 2.1694407
v -4.965422 6.712239 2.1699433
v -4.965564 6.7942467 1.571671
v -4.638971 6.9407988 1.571671
v -4.6388288 6.858791 2.1724563
v 5.803579 3.1493108 3.1636548
v 5.803579 3.5263207 3.1636548
v 5.8027263 3.5263207 -0.02039849
v 5.8027263 3.1493108 -0.02039849
v 5.803579 3.1493108 3.1636548
v 5.8027263 3.1493108 -0.02039849
v 4.986667 3.1493108 -0.02039849
v 4.987614 3.1493108 3.1636548
v 5.8027263 3.5263207 -0.02039849
v 5.803579 3.5263207 3.1636548
v 4.987614 3.5263207 3.1636548
v 4.986667 3.5263207 -0.02039849
v 5.803579 3.5263207 3.1636548
v 5.803579 3.1493108 3.1636548
v 4.987614 3.1493108 3.1636548
v 4.987614 3.5263207 3.1636548
v 5.8027263 3.5263207 -0.02039849
v 4.986667 3.5263207 -0.02039849
v 4.986667 3.1493108 -0.02039849
v 5.8027263 3.1493108 -0.02039849
v 5.803579 3.1493108 -0.6562081
v 5.803579 3.5263207 -0.6562081
v 5.8027263 3.5263207 -3.8402615
v 5.8027263 3.1493108 -3.8402615
v 5.803579 3.1493108 -0.6562081
v 5.8027263 3.1493108 -3.8402615
v 4.986667 3.1493108 -3.8402615
v 4.987614 3.1493108 -0.65620846
v 5.8027263 3.5263207 -3.8402615
v 5.803579 3.5263207 -0.6562081
v 4.987614 3.5263207 -0.65620846
v 4.986667 3.5263207 -3.8402615
v 5.803579 3.5263207 -0.6562081
v 5.803579 3.1493108 -0.6562081
v 4.987614 3.1493108 -0.65620846
v 4.987614 3.5263207 -0.65620846
v 5.8027263 3.5263207 -3.8402615
v 4.986667 3.5263207 -3.8402615
v 4.986667 3.1493108 -3.8402615
v 5.8027263 3.1493108 -3.8402615
v -5.414557 3.1493108 -3.8402286
v -5.414557 3.5263207 -3.8402286
v -5.4137034 3.5263207 -0.6561755
v -5.4137034 3.1493108 -0.6561755
v -5.414557 3.1493108 -3.8402286
v -5.4137034 3.1493108 -0.6561755
v -4.5976453 3.1493108 -0.6561755
v -4.5985928 3.1493108 -3.8402276
v -5.4137034 3.5263207 -0.6561755
v -5.414557 3.5263207 -3.8402286
v -4.5985928 3.5263207 -3.8402276
v -4.5976453 3.5263207 -0.6561755
v -5.414557 3.5263207 -3.8402286
v -5.414557 3.1493108 -3.8402286
v -4.5985928 3.1493108 -3.8402276
v -4.5985928 3.5263207 -3.8402276
v -5.4137034 3.5263207 -0.6561755
v -4.5976453 3.5263207 -0.6561755
v -4.5976453 3.1493108 -0.6561755
v -5.4137034 3.1493108 -0.6561755
v -5.414556 3.1493108 -0.020365445
v -5.414556 3.5263207 -0.020365445
v -5.4137034 3.5263207 3.1636875
v -5.4137034 3.1493108 3.1636875
v -5.414556 3.1493108 -0.020365445
v -5.4137034 3.1493108 3.1636875
v -4.5976443 3.1493108 3.1636875
v -4.5985923 3.1493108 -0.020365445
v -5.4137034 3.5263207 3.1636875
v -5.414556 3.5263207 -0.020365445
v -4.5985923 3.5263207 -0.020365445
v -4.5976443 3.5263207 3.1636875
v -5.414556 3.5263207 -0.020365445
v -5.414556 3.1493108 -0.020365445
v -4.5985923 3.1493108 -0.020365445
v -4.5985923 3.5263207 -0.020365445
v -5.4137034 3.5263207 3.1636875
v -4.5976443 3.5263207 3.1636875
v -4.5976443 3.1493108 3.1636875
v -5.4137034 3.1493108 3.1636875
v -1.2380735 15.48066 5.9884696
v -0.85688275 16.691008 5.9884706
v -0.6481578 16.281925 5.9884696
v -1.5133603 15.799335 5.9884706
v -1.3499756 16.730541 5.9884706
v -1.7201608 14.619525 5.9884696
v -1.9631627 15.897668 5.9884706
v -2.0498438 14.841031 5.9884706
v -2.0714798 13.703759 5.9884696
v -2.4642687 15.00256 5.9884706
v -2.4408038 13.821939 5.9884706
v -2.2977998 12.718333 5.9884696
v -2.8294485 14.050666 5.9884706
v -2.692661 12.725322 5.9884706
v -2.4114614 11.68563 5.9884696
v -3.0646975 13.026363 5.9884706
v -2.8191464 11.576096 5.9884706
v -3.1828423 11.952918 5.9884706
v -0.34534127 16.505713 5.6911902
v 4.7497807 11.627369 5.691187
v 4.6878896 11.472955 5.691187
v 3.921439 11.471998 5.691187
v 3.5469277 11.154577 5.691187
v 3.4242961 11.140544 5.691187
v 3.0173924 11.375799 5.6911883
v 2.4904084 11.404249 5.6911883
v 2.091274 11.298224 5.6911883
v 1.8063414 11.143287 5.6911883
v 1.596475 11.091166 5.6911883
v 1.3158349 11.247724 5.6911883
v 1.1336824 11.242588 5.6911883
v 0.9912623 11.116562 5.6911883
v 0.75453895 10.591681 5.6911883
v 0.5959666 10.467277 5.6911902
v 0.4104948 10.567772 5.691191
v 0.2524385 10.844601 5.691191
v 0.03406788 11.123741 5.691191
v -0.19245236 11.32491 5.691191
v -0.42473048 11.30019 5.6911902
v -1.0469192 15.615367 5.6911902
v -0.791333 10.973234 5.6911902
v -0.99301505 10.946578 5.691191
v -1.5055288 11.112053 5.691195
v -1.6134117 14.662938 5.6911902
v -2.1068265 11.429946 5.691198
v -2.0166795 13.654818 5.6911902
v -2.263343 12.574452 5.6911902
v -2.369376 11.445876 5.6911902
v -0.34534127 16.505713 5.6911902
v -0.34534127 16.505713 4.8233194
v 4.7497807 11.627369 4.82332
v 4.7497807 11.627369 5.691187
v 4.6878896 11.472955 4.82332
v 4.6878896 11.472955 5.691187
v 3.921439 11.471998 4.8233204
v 3.921439 11.471998 5.691187
v 3.5469277 11.154577 4.8233204
v 3.5469277 11.154577 5.691187
v 3.4242961 11.140544 4.8233204
v 3.4242961 11.140544 5.691187
v 3.0173924 11.375799 4.8233204
v 3.0173924 11.375799 5.6911883
v 2.4904084 11.404249 4.8233204
v 2.4904084 11.404249 5.6911883
v 2.091274 11.298224 4.8233204
v 2.091274 11.298224 5.6911883
v 1.8063414 11.143287 4.8233204
v 1.8063414 11.143287 5.6911883
v 1.596475 11.091166 4.8233204
v 1.596475 11.091166 5.6911883
v 1.3158349 11.247724 4.8233204
v 1.3158349 11.247724 5.6911883
v 1.1336824 11.242588 4.8233204
v 1.1336824 11.242588 5.6911883
v 0.9912623 11.116562 4.823321
v 0.9912623 11.116562 5.6911883
v 0.75453895 10.591681 4.823322
v 0.75453895 10.591681 5.6911883
v 0.5959666 10.467277 4.823323
v 0.5959666 10.467277 5.6911902
v 0.4104948 10.567772 4.8233232
v 0.4104948 10.567772 5.691191
v 0.2524385 10.844601 4.8233237
v 0.2524385 10.844601 5.691191
v 0.03406788 11.123741 4.8233237
v 0.03406788 11.123741 5.691191
v -0.19245236 11.32491 4.8233232
v -0.19245236 11.32491 5.691191
v -0.42473048 11.30019 4.823323
v -0.42473048 11.30019 5.6911902
v -0.791333 10.973234 4.823323
v -0.791333 10.973234 5.6911902
v -0.99301505 10.946578 4.8233237
v -0.99301505 10.946578 5.691191
v -1.5055288 11.112053 4.823328
v -1.5055288 11.112053 5.691195
v -2.1068265 11.429946 4.823331
v -2.1068265 11.429946 5.691198
v -2.369376 11.445876 4.8233194
v -2.369376 11.445876 5.6911902
v -2.369376 11.445876 5.6911902
v -2.369376 11.445876 4.8233194
v -2.868969 11.314585 4.82332
v -2.868969 11.314585 5.691191
v -3.330401 11.714523 4.8233194
v -3.330401 11.714523 5.6911902
v -3.2201855 12.887627 4.8233194
v -3.2201855 12.887627 5.6911902
v -2.9637914 14.0106125 4.8233194
v -2.9637914 14.0106125 5.6911902
v -2.5446138 15.058505 4.8233194
v -2.5446138 15.058505 5.6911902
v -1.9557716 16.048508 4.8233194
v -1.9557716 16.048508 5.6911902
v -1.226516 16.97398 4.8233194
v -1.226516 16.97398 5.6911902
v -0.6165544 16.945345 4.82332
v -0.6165544 16.945345 5.691191
v -0.34534127 16.505713 4.8233194
v -0.34534127 16.505713 5.6911902
v -3.1828423 11.952918 5.9884706
v -3.0646975 13.026363 5.9884706
v -2.8191464 11.576096 5.9884706
v -2.8294485 14.050666 5.9884706
v -2.4642687 15.00256 5.9884706
v -2.4114614 11.68563 5.9884696
v -1.9631627 15.897668 5.9884706
v -2.2977998 12.718333 5.9884696
v -2.263343 12.574452 5.6911902
v -1.3499756 16.730541 5.9884706
v -2.0714798 13.703759 5.9884696
v -2.0166795 13.654818 5.6911902
v -0.85688275 16.691008 5.9884706
v -1.7201608 14.619525 5.9884696
v -1.6134117 14.662938 5.6911902
v -0.6481578 16.281925 5.9884696
v -1.2380735 15.48066 5.9884696
v -1.0469192 15.615367 5.6911902
v 4.6878896 11.472955 4.82332
v 4.7497807 11.627369 4.82332
v -0.34534127 16.505713 4.8233194
v 3.921439 11.471998 4.8233204
v 3.5469277 11.154577 4.8233204
v 3.4242961 11.140544 4.8233204
v 3.0173924 11.375799 4.8233204
v 2.4904084 11.404249 4.8233204
v 2.091274 11.298224 4.8233204
v 1.8063414 11.143287 4.8233204
v 1.596475 11.091166 4.8233204
v 1.3158349 11.247724 4.8233204
v 1.1336824 11.242588 4.8233204
v 0.9912623 11.116562 4.823321
v 0.75453895 10.591681 4.823322
v 0.5959666 10.467277 4.823323
v 0.4104948 10.567772 4.8233232
v 0.2524385 10.844601 4.8233237
v 0.03406788 11.123741 4.8233237
v -0.19245236 11.32491 4.8233232
v -0.42473048 11.30019 4.823323
v -0.6165544 16.945345 4.82332
v -0.791333 10.973234 4.823323
v -1.226516 16.97398 4.8233194
v -0.99301505 10.946578 4.8233237
v -1.5055288 11.112053 4.823328
v -1.9557716 16.048508 4.8233194
v -2.1068265 11.429946 4.823331
v -2.5446138 15.058505 4.8233194
v -2.369376 11.445876 4.8233194
v -2.868969 11.314585 4.82332
v -2.9637914 14.0106125 4.8233194
v -3.330401 11.714523 4.8233194
v -3.2201855 12.887627 4.8233194
v -0.5763536 13.044204 5.824207
v -0.40194285 12.630543 5.825922
v -0.5763261 12.217231 5.824207
v -1.0112764 12.040021 5.819934
v -1.0116346 13.221389 5.819932
v -1.4466826 12.2172365 5.8156586
v -1.4467239 13.04424 5.8156586
v -1.6209731 12.630855 5.813948
v 0.15374343 15.571623 5.8118424
v 0.3303257 15.152813 5.813578
v 0.15377192 14.734358 5.8118424
v -0.28659263 14.554945 5.807517
v -0.2869554 15.751017 5.807513
v -0.7274187 14.734364 5.8031864
v -0.7274607 15.571662 5.8031864
v -0.9038787 15.153132 5.801455
v 2.5268576 13.33767 5.8249846
v 2.7328787 12.849038 5.8270097
v 2.5268908 12.36082 5.8249846
v 2.013111 12.151495 5.819938
v 2.012688 13.546968 5.819934
v 1.4987924 12.3608265 5.8148866
v 1.4987435 13.337713 5.8148866
v 1.2929142 12.849406 5.812866
v 0.5196516 12.119359 5.7945285
v 0.39968005 12.31469 5.794303
v 0.55953807 12.241535 5.794973
v 0.27822927 12.22984 5.793516
v 0.34043673 12.480113 5.794973
v 0.18875803 12.479669 5.7945285
v 0.4190297 12.646485 5.7966466
v 0.307452 12.7309265 5.7970567
v 0.5915481 12.710682 5.7983212
v 0.5679935 12.827876 5.7995853
v 0.307452 12.7309265 5.7970567
v 0.27658644 12.802012 5.694825
v 0.61038655 12.926223 5.6980658
v 0.5679935 12.827876 5.7995853
v 0.18875803 12.479669 5.7945285
v 0.124519356 12.480106 5.691586
v 0.27658644 12.802012 5.694825
v 0.307452 12.7309265 5.7970567
v 0.27822927 12.22984 5.793516
v 0.2391475 12.160032 5.69029
v 0.124519356 12.480106 5.691586
v 0.18875803 12.479669 5.7945285
v 0.5679935 12.827876 5.7995853
v 0.61038655 12.926223 5.6980658
v 0.61449957 12.663275 5.695258
v 0.5915481 12.710682 5.7983212
v 0.5915481 12.710682 5.7983212
v 0.61449957 12.663275 5.695258
v 0.47621554 12.61182 5.6939163
v 0.4190297 12.646485 5.7966466
v 0.39968005 12.31469 5.794303
v 0.46070555 12.345864 5.692037
v 0.5888422 12.287228 5.692575
v 0.55953807 12.241535 5.794973
v 0.4190297 12.646485 5.7966466
v 0.47621554 12.61182 5.6939163
v 0.4132183 12.478463 5.692575
v 0.34043673 12.480113 5.794973
v 0.55953807 12.241535 5.794973
v 0.5888422 12.287228 5.692575
v 0.5484518 12.018487 5.691586
v 0.5196516 12.119359 5.7945285
v 0.34043673 12.480113 5.794973
v 0.4132183 12.478463 5.692575
v 0.46070555 12.345864 5.692037
v 0.39968005 12.31469 5.794303
v 0.5196516 12.119359 5.7945285
v 0.5484518 12.018487 5.691586
v 0.2391475 12.160032 5.69029
v 0.27822927 12.22984 5.793516
v 0.737104 14.245377 5.787703
v 0.9349981 14.24773 5.787508
v 0.8099636 14.161692 5.788087
v 0.92593503 14.3753195 5.786829
v 1.0838237 14.218338 5.788087
v 1.150696 14.330929 5.787703
v 1.1722817 14.086389 5.7895317
v 1.2842873 14.131654 5.789885
v 1.1434144 13.930112 5.790977
v 1.2406917 13.89564 5.7920694
v 1.2842873 14.131654 5.789885
v 1.3506368 14.123031 5.7016244
v 1.2947825 13.820654 5.7044225
v 1.2406917 13.89564 5.7920694
v 1.150696 14.330929 5.787703
v 1.1794823 14.378333 5.698828
v 1.3506368 14.123031 5.7016244
v 1.2842873 14.131654 5.789885
v 0.92593503 14.3753195 5.786829
v 0.89152426 14.435206 5.697709
v 1.1794823 14.378333 5.698828
v 1.150696 14.330929 5.787703
v 1.2406917 13.89564 5.7920694
v 1.2947825 13.820654 5.7044225
v 1.0981185 13.934108 5.7019987
v 1.1434144 13.930112 5.790977
v 1.1434144 13.930112 5.790977
v 1.0981185 13.934108 5.7019987
v 1.1212575 14.059372 5.7008395
v 1.1722817 14.086389 5.7895317
v 0.9349981 14.24773 5.787508
v 0.93105984 14.188701 5.6992173
v 0.83083653 14.119732 5.6996813
v 0.8099636 14.161692 5.788087
v 1.1722817 14.086389 5.7895317
v 1.1212575 14.059372 5.7008395
v 1.0503532 14.165136 5.6996813
v 1.0838237 14.218338 5.788087
v 0.8099636 14.161692 5.788087
v 0.83083653 14.119732 5.6996813
v 0.6495989 14.268729 5.698828
v 0.737104 14.245377 5.787703
v 1.0838237 14.218338 5.788087
v 1.0503532 14.165136 5.6996813
v 0.93105984 14.188701 5.6992173
v 0.9349981 14.24773 5.787508
v 0.737104 14.245377 5.787703
v 0.6495989 14.268729 5.698828
v 0.89152426 14.435206 5.697709
v 0.92593503 14.3753195 5.786829
v -0.8566364 14.492464 5.8006334
v -0.9495602 14.252587 5.8003793
v -0.9928537 14.445065 5.801131
v -0.7912531 14.201779 5.7994976
v -1.0570396 14.087269 5.801131
v -0.95357144 13.952109 5.8006334
v -1.2590283 14.044405 5.803009
v -1.2586203 13.887378 5.8034697
v -1.4335907 14.154855 5.804889
v -1.5222507 14.054182 5.806308
v -1.2586203 13.887378 5.8034697
v -1.3011333 13.811507 5.6887455
v -1.6388887 14.025212 5.6923814
v -1.5222507 14.054182 5.806308
v -0.95357144 13.952109 5.8006334
v -0.91031116 13.894442 5.685111
v -1.3011333 13.811507 5.6887455
v -1.2586203 13.887378 5.8034697
v -0.7912531 14.201779 5.7994976
v -0.70235264 14.214313 5.6836557
v -0.91031116 13.894442 5.685111
v -0.95357144 13.952109 5.8006334
v -1.5222507 14.054182 5.806308
v -1.6388887 14.025212 5.6923814
v -1.4068507 14.207565 5.689232
v -1.4335907 14.154855 5.804889
v -1.4335907 14.154855 5.804889
v -1.4068507 14.207565 5.689232
v -1.2669274 14.119034 5.6877255
v -1.2590283 14.044405 5.803009
v -0.9495602 14.252587 5.8003793
v -1.0188694 14.285903 5.6856165
v -1.0535719 14.440187 5.6862187
v -0.9928537 14.445065 5.801131
v -1.2590283 14.044405 5.803009
v -1.2669274 14.119034 5.6877255
v -1.1050212 14.153391 5.6862187
v -1.0570396 14.087269 5.801131
v -0.9928537 14.445065 5.801131
v -1.0535719 14.440187 5.6862187
v -0.7861206 14.586729 5.685111
v -0.8566364 14.492464 5.8006334
v -1.0570396 14.087269 5.801131
v -1.1050212 14.153391 5.6862187
v -1.0188694 14.285903 5.6856165
v -0.9495602 14.252587 5.8003793
v -0.8566364 14.492464 5.8006334
v -0.7861206 14.586729 5.685111
v -0.70235264 14.214313 5.6836557
v -0.7912531 14.201779 5.7994976
v 4.6587086 0.021996055 5.8386393
v 4.6587086 0.013865564 5.010935
v 3.7030292 0.013865564 5.010935
v 3.7030292 0.021996055 5.8386393
v 4.6587086 0.013865564 5.010935
v 4.8042603 1.3361976 4.8739324
v 3.5574715 1.3361976 4.8739324
v 3.7030292 0.013865564 5.010935
v 4.6587086 0.021996055 5.8386393
v 4.8042603 1.3468047 5.9537644
v 4.8042603 1.3361976 4.8739324
v 4.6587086 0.013865564 5.010935
v 3.7030292 0.021996055 5.8386393
v 3.5574715 1.3468047 5.9537644
v 4.8042603 1.3468047 5.9537644
v 4.6587086 0.021996055 5.8386393
v 3.7030292 0.013865564 5.010935
v 3.5574715 1.3361976 4.8739324
v 3.5574715 1.3468047 5.9537644
v 3.7030292 0.021996055 5.8386393
v 5.017817 1.3486211 6.138723
v 5.017817 1.6644996 6.138723
v 5.017817 1.650259 4.688974
v 5.017817 1.3343805 4.688974
v 3.3439167 1.3486211 6.138723
v 3.3439167 1.6644996 6.138723
v 5.017817 1.6644996 6.138723
v 5.017817 1.3486211 6.138723
v 3.3439167 1.3343805 4.688974
v 3.3439167 1.650259 4.688974
v 3.3439167 1.6644996 6.138723
v 3.3439167 1.3486211 6.138723
v 5.017817 1.3343805 4.688974
v 5.017817 1.650259 4.688974
v 3.3439167 1.650259 4.688974
v 3.3439167 1.3343805 4.688974
v 5.017817 1.6644996 6.138723
v 3.3439167 1.6644996 6.138723
v 3.3439167 1.650259 4.688974
v 5.017817 1.650259 4.688974
v -2.9667394 0.021996055 5.8386393
v -2.9667394 0.013865564 5.010935
v -3.9224193 0.013865564 5.010935
v -3.9224193 0.021996055 5.8386393
v -2.9667394 0.013865564 5.010935
v -2.8211882 1.3361976 4.8739324
v -4.067978 1.3361976 4.8739324
v -3.9224193 0.013865564 5.010935
v -2.9667394 0.021996055 5.8386393
v -2.8211882 1.3468047 5.9537644
v -2.8211882 1.3361976 4.8739324
v -2.9667394 0.013865564 5.010935
v -3.9224193 0.021996055 5.8386393
v -4.067978 1.3468047 5.9537644
v -2.8211882 1.3468047 5.9537644
v -2.9667394 0.021996055 5.8386393
v -3.9224193 0.013865564 5.010935
v -4.067978 1.3361976 4.8739324
v -4.067978 1.3468047 5.9537644
v -3.9224193 0.021996055 5.8386393
v -2.6076312 1.3486211 6.138723
v -2.6076312 1.6644996 6.138723
v -2.6076312 1.650259 4.688974
v -2.6076312 1.3343805 4.688974
v -4.2815323 1.3486211 6.138723
v -4.2815323 1.6644996 6.138723
v -2.6076312 1.6644996 6.138723
v -2.6076312 1.3486211 6.138723
v -4.2815323 1.3343805 4.688974
v -4.2815323 1.650259 4.688974
v -4.2815323 1.6644996 6.138723
v -4.2815323 1.3486211 6.138723
v -2.6076312 1.3343805 4.688974
v -2.6076312 1.650259 4.688974
v -4.2815323 1.650259 4.688974
v -4.2815323 1.3343805 4.688974
v -2.6076312 1.6644996 6.138723
v -4.2815323 1.6644996 6.138723
v -4.2815323 1.650259 4.688974
v -2.6076312 1.650259 4.688974
v -4.965564 3.591325 1.571671
v -4.965186 3.8808913 2.5211024
v -4.9651237 3.591325 2.7611783
v -4.9651237 6.196771 2.7611783
v -4.965548 3.8808913 1.571671
v -4.965186 5.9584613 2.5211024
v -4.966004 3.591325 0.38210133
v -4.965422 6.712239 2.1699433
v -4.965925 3.8808913 0.6221768
v -4.9654064 6.3290367 2.1694407
v -4.965564 6.7942467 1.571671
v -4.965548 6.482802 1.571671
v -4.965705 6.7122374 0.97333616
v -4.965705 6.3290367 0.9738388
v -4.966004 6.196771 0.38210133
v -4.965925 5.9584613 0.6221768
v -4.965564 3.591325 -2.2528207
v -4.965186 3.8808913 -1.3033897
v -4.9651246 3.591325 -1.0633142
v -4.9651246 6.196771 -1.0633142
v -4.9655485 3.8808913 -2.2528207
v -4.965186 5.9584613 -1.3033897
v -4.966004 3.591325 -3.442391
v -4.9654226 6.712239 -1.6545491
v -4.965925 3.8808913 -3.2023153
v -4.9654064 6.3290367 -1.6550517
v -4.965564 6.7942467 -2.2528207
v -4.9655485 6.482802 -2.2528207
v -4.965705 6.7122374 -2.8511553
v -4.965705 6.3290367 -2.8506534
v -4.966004 6.196771 -3.442391
v -4.965925 5.9584613 -3.2023153
v 5.373095 3.5913243 -2.2529004
v 5.3727183 3.880891 -3.202332
v 5.3726554 3.5913243 -3.4424074
v 5.3726554 6.196771 -3.4424074
v 5.37308 3.880891 -2.2529004
v 5.3727183 5.9584613 -3.202332
v 5.3735356 3.5913243 -1.063331
v 5.372954 6.712239 -2.8511727
v 5.373457 3.880891 -1.3034059
v 5.3729386 6.3290367 -2.8506703
v 5.373095 6.7942467 -2.2529004
v 5.37308 6.482802 -2.2529004
v 5.373237 6.7122374 -1.6545658
v 5.373237 6.3290367 -1.6550685
v 5.3735356 6.196771 -1.063331
v 5.373457 5.9584613 -1.3034059
v 5.373095 3.5913243 1.5715915
v 5.3727183 3.880891 0.62216
v 5.3726554 3.5913243 0.38208458
v 5.3726554 6.196771 0.38208458
v 5.3730803 3.880891 1.5715915
v 5.3727183 5.9584613 0.62216
v 5.3735356 3.5913243 2.761161
v 5.372954 6.712239 0.9733196
v 5.373457 3.880891 2.5210862
v 5.3729386 6.3290367 0.9738223
v 5.373095 6.7942467 1.5715915
v 5.3730803 6.482802 1.5715915
v 5.373237 6.7122374 2.1699266
v 5.373237 6.3290367 2.1694236
v 5.3735356 6.196771 2.761161
v 5.373457 5.9584613 2.5210862
v 5.237405 13.125621 -5.691664
v -3.6478643 13.179189 -4.567119
v -4.8301716 13.125621 -5.691664
v -5.3821135 13.125621 -5.14664
v 4.055111 13.179189 -4.567119
v -4.2054214 13.179189 -4.0174828
v 4.612667 13.179189 -4.0174823
v 5.7893457 13.125621 -5.1466393
v -4.2054214 13.179189 3.3105862
v -5.3821135 13.125621 4.4397435
v 5.7893457 13.125621 4.439743
v 4.612667 13.179189 3.3105853
v -4.830172 13.125621 4.9847674
v -3.6478646 13.179189 3.8602223
v 4.0551114 13.179189 3.8602223
v 5.237405 13.125621 4.9847674
v -2.1425846 5.9851084 4.668219
v -1.8559366 1.700208 4.6685143
v -2.1425846 1.3544596 4.668219
v 0.058723304 1.3544596 4.6715026
v -1.8559366 5.6393604 4.6685143
v -0.22792064 1.700208 4.671183
v 0.058723304 5.9851084 4.6715026
v -0.22792064 5.6393604 4.671183
v 2.5963845 5.9851084 4.668219
v 2.5963845 1.3544596 4.668219
v 2.3097405 1.700208 4.6685147
v 0.39507666 1.3544596 4.6715026
v 2.3097405 5.6393604 4.6685147
v 0.6817243 1.700208 4.671183
v 0.39507666 5.9851084 4.6715026
v 0.6817243 5.6393604 4.671183
v -4.067978 1.3468047 5.9537644
v -4.2815323 1.3486211 6.138723
v -2.6076312 1.3486211 6.138723
v -2.8211882 1.3468047 5.9537644
v -4.067978 1.3361976 4.8739324
v -2.6076312 1.3343805 4.688974
v -4.2815323 1.3343805 4.688974
v -2.8211882 1.3361976 4.8739324
v 3.5574715 1.3468047 5.9537644
v 3.3439167 1.3486211 6.138723
v 5.017817 1.3486211 6.138723
v 4.8042603 1.3468047 5.9537644
v 3.5574715 1.3361976 4.8739324
v 5.017817 1.3343805 4.688974
v 3.3439167 1.3343805 4.688974
v 4.8042603 1.3361976 4.8739324
v -1.6209731 12.630855 5.813948
v -1.4466826 12.2172365 5.8156586
v -1.530314 12.137765 5.6410594
v -1.738103 12.630882 5.6390204
v -1.0112225 11.926493 5.6461577
v -1.4467239 13.04424 5.8156586
v -1.0112764 12.040021 5.819934
v -1.5303639 13.12372 5.6410594
v -0.49267498 12.137761 5.6512523
v -1.0116346 13.221389 5.819932
v -0.5763261 12.217231 5.824207
v -1.0116504 13.334919 5.646154
v -0.2847753 12.630508 5.653296
v -0.5763536 13.044204 5.824207
v -0.40194285 12.630543 5.825922
v -0.4927081 13.123677 5.6512523
v -0.7274607 15.571662 5.8031864
v -0.9038787 15.153132 5.801455
v -0.96518207 15.153143 5.6519065
v -0.7712373 15.613257 5.6538115
v -0.7711912 14.692773 5.6538115
v -0.2869554 15.751017 5.807513
v -0.7274187 14.734364 5.8031864
v -0.2869686 15.81043 5.658568
v -0.2865697 14.495529 5.6585703
v 0.15374343 15.571623 5.8118424
v -0.28659263 14.554945 5.807517
v 0.19751313 15.613216 5.6633263
v 0.19754434 14.692768 5.6633263
v 0.3303257 15.152813 5.813578
v 0.15377192 14.734358 5.8118424
v 0.39163834 15.152795 5.665234
v 1.2929142 12.849406 5.812866
v 1.4987924 12.3608265 5.8148866
v 1.4043913 12.271116 5.6401825
v 1.1606988 12.849438 5.6377897
v 2.0131755 12.023338 5.6461606
v 1.4987435 13.337713 5.8148866
v 2.013111 12.151495 5.819938
v 1.4043336 13.427431 5.6401825
v 2.6213222 12.271111 5.6521354
v 2.012688 13.546968 5.819934
v 2.5268908 12.36082 5.8249846
v 2.0126746 13.675121 5.6461577
v 2.8651443 12.849001 5.654533
v 2.5268576 13.33767 5.8249846
v 2.7328787 12.849038 5.8270097
v 2.6212828 13.427379 5.6521354
v -4.2204695 2.1187408 4.3704586
v -3.6853366 2.771596 4.833855
v -4.343955 2.3950946 4.7249165
v -4.3596964 1.8047727 4.8305063
v -4.2294817 2.615559 5.2504454
v -3.4284143 2.5613985 4.392161
v -3.964916 1.5377253 4.151584
v -3.4277794 2.7601252 5.808062
v -4.2293158 2.3245099 5.6743207
v -4.0380735 1.3368047 5.1319265
v -3.0404668 2.7354674 5.2342157
v -3.1213045 1.9626486 4.1462936
v -2.772363 2.343375 4.416234
v -3.2007155 1.3777128 4.4711127
v -2.5491455 2.0840442 5.3396635
v -2.5916152 1.7726916 4.704459
v -3.1322207 1.2645632 5.061309
v -2.817649 1.6370933 5.925922
v -3.0602245 2.0710912 6.103159
v -3.7468092 2.3933008 6.124428
v -3.9713118 1.5987854 5.830153
v -3.5617948 1.2709061 5.499349
v -3.390806 2.5842454 5.353013
v -3.6958423 2.6381965 4.746888
v -3.815075 2.5889826 5.1800065
v -3.8994243 2.862456 5.815
v -4.1595535 2.8338466 4.99053
v -3.0022516 2.6687465 5.1387315
v -2.9912457 2.9637227 5.6257286
v -4.090541 3.1865714 5.6974707
v -3.418269 3.1962445 5.8347545
v -2.7552829 3.1055849 5.10174
v -2.9975622 2.7882466 4.5201545
v -2.843157 3.389916 5.419273
v -3.0120883 3.552739 4.959018
v -3.4843602 3.682736 5.465339
v -3.990543 3.7011511 5.3599567
v -4.2994466 3.4272013 5.228937
v -4.1248245 3.3758276 4.768126
v -3.5784817 2.9876812 4.439331
v -3.2211266 3.2221563 4.4054327
v -3.3900487 3.7097175 4.906378
v -3.8319008 3.5931869 4.6481147
v -3.501048 3.4285412 4.420345
v 3.4049788 2.1187408 4.3704586
v 3.9401119 2.771596 4.833855
v 3.2814937 2.3950946 4.7249165
v 3.2657518 1.8047727 4.8305063
v 3.3959665 2.615559 5.2504454
v 4.197034 2.5613985 4.392161
v 3.6605327 1.5377253 4.151584
v 4.1976695 2.7601252 5.808062
v 3.3961327 2.3245099 5.6743207
v 3.5873752 1.3368047 5.1319265
v 4.5849814 2.7354674 5.2342157
v 4.5041437 1.9626486 4.1462936
v 4.853085 2.343375 4.416234
v 4.424733 1.3777128 4.4711127
v 5.076303 2.0840442 5.3396635
v 5.033833 1.7726916 4.704459
v 4.4932275 1.2645632 5.061309
v 4.8077993 1.6370933 5.925922
v 4.5652237 2.0710912 6.103159
v 3.8786387 2.3933008 6.124428
v 3.6541371 1.5987854 5.830153
v 4.063654 1.2709061 5.499349
v 4.2346425 2.5842454 5.353013
v 3.929606 2.6381965 4.746888
v 3.810373 2.5889826 5.1800065
v 3.7260246 2.862456 5.815
v 3.465895 2.8338466 4.99053
v 4.6231966 2.6687465 5.1387315
v 4.634203 2.9637227 5.6257286
v 3.534908 3.1865714 5.6974707
v 4.20718 3.1962445 5.8347545
v 4.8701653 3.1055849 5.10174
v 4.6278863 2.7882466 4.5201545
v 4.782291 3.389916 5.419273
v 4.61336 3.552739 4.959018
v 4.141088 3.682736 5.465339
v 3.6349056 3.7011511 5.3599567
v 3.3260021 3.4272013 5.228937
v 3.500624 3.3758276 4.768126
v 4.046967 2.9876812 4.439331
v 4.4043217 3.2221563 4.4054327
v 4.2353997 3.7097175 4.906378
v 3.7935476 3.5931869 4.6481147
v 4.1244 3.4285412 4.420345
vt 0.7171589 0.7803446
vt 0.7171589 0.78034467
vt 0.71715885 0.7803446
vt 0.7234775 0.7645482
vt 0.7234775 0.7645482
vt 0.7234775 0.7645482
vt 0.7234775 0.7645482
vt 0.7234775 0.7645482
vt 0.7234775 0.7645482
vt 0.7234775 0.7645482
vt 0.7234775 0.7645482
vt 0.7234775 0.7645482
vt 0.7234775 0.7645482
vt 0.7234775 0.7645482
vt 0.7234775 0.7645482
vt 0.7803447 0.78666323
vt 0.7803447 0.78666323
vt 0.7803447 0.7866633
vt 0.7803447 0.78666323
vt 0.34752193 0.83405256
vt 0.34752193 0.83405256
vt 0.34752193 0.83405256
vt 0.34752193 0.83405256
vt 0.34752193 0.83405256
vt 0.34752193 0.83405256
vt 0.34752193 0.83405256
vt 0.34752193 0.83405256
vt 0.34752193 0.83405256
vt 0.34752193 0.83405256
vt 0.34752193 0.83405256
vt 0.34752193 0.83405256
vt 0.34752193 0.83405256
vt 0.34752193 0.83405256
vt 0.34752193 0.83405256
vt 0.34752193 0.83405256
vt 0.28880882 0.8458239
vt 0.28880882 0.8458239
vt 0.28880882 0.8458239
vt 0.28880882 0.8458239
vt 0.28880882 0.8458239
vt 0.28880882 0.8458239
vt 0.28880882 0.8458239
vt 0.28249025 0.4635498
vt 0.28249025 0.4635498
vt 0.28249025 0.4635498
vt 0.28249025 0.4635498
vt 0.28249025 0.4635498
vt 0.28249025 0.4635498
vt 0.28249025 0.4635498
vt 0.2243096 0.46441564
vt 0.2243096 0.4644156
vt 0.2243096 0.46441564
vt 0.2243096 0.46441567
vt 0.2243096 0.4644156
vt 0.2243096 0.46441567
vt 0.2243096 0.46441564
vt 0.2243096 0.46441567
vt 0.2243096 0.46441564
vt 0.2243096 0.46441564
vt 0.2243096 0.46441564
vt 0.2243096 0.46441564
vt 0.2243096 0.46441564
vt 0.2243096 0.46441564
vt 0.2243096 0.46441564
vt 0.2243096 0.46441564
vt 0.034752194 0.0947787
vt 0.034752194 0.0947787
vt 0.034752194 0.0947787
vt 0.034752194 0.0947787
vt 0.034752194 0.0947787
vt 0.034752194 0.0947787
vt 0.034752194 0.0947787
vt 0.034752194 0.0947787
vt 0.034752194 0.0947787
vt 0.034752194 0.0947787
vt 0.034752194 0.0947787
vt 0.034752194 0.0947787
vt 0.034752194 0.0947787
vt 0.034752194 0.0947787
vt 0.034752194 0.0947787
vt 0.034752194 0.0947787
vt 0.2243096 0.46441564
vt 0.2243096 0.46441567
vt 0.2243096 0.46441564
vt 0.2243096 0.46441564
vt 0.2243096 0.46441564
vt 0.2243096 0.46441564
vt 0.2243096 0.46441564
vt 0.2243096 0.46441564
vt 0.2243096 0.46441564
vt 0.2243096 0.46441564
vt 0.2243096 0.46441564
vt 0.2243096 0.46441564
vt 0.2243096 0.46441564
vt 0.2243096 0.46441564
vt 0.2243096 0.46441564
vt 0.2243096 0.46441564
vt 0.34752193 0.83405256
vt 0.34752193 0.83405256
vt 0.3475219 0.83405256
vt 0.34752193 0.83405256
vt 0.34752193 0.83405256
vt 0.34752193 0.83405256
vt 0.34752193 0.83405256
vt 0.34752193 0.83405256
vt 0.34752193 0.83405256
vt 0.34752193 0.83405256
vt 0.34752193 0.83405256
vt 0.34752196 0.83405256
vt 0.34752193 0.83405256
vt 0.34752193 0.83405256
vt 0.34752193 0.83405256
vt 0.34752193 0.83405256
vt 0.034752194 0.0947787
vt 0.034752194 0.0947787
vt 0.034752194 0.0947787
vt 0.034752194 0.0947787
vt 0.034752194 0.0947787
vt 0.034752194 0.0947787
vt 0.034752194 0.0947787
vt 0.034752194 0.0947787
vt 0.034752194 0.0947787
vt 0.034752194 0.0947787
vt 0.034752194 0.0947787
vt 0.034752194 0.0947787
vt 0.034752194 0.0947787
vt 0.034752194 0.0947787
vt 0.034752194 0.0947787
vt 0.034752194 0.0947787
vt 0.7803447 0.7866632
vt 0.7803447 0.78666323
vt 0.7803447 0.78666323
vt 0.7803447 0.78666323
vt 0.044230044 0.10425657
vt 0.044230044 0.10425657
vt 0.044230044 0.10425657
vt 0.044230044 0.10425657
vt 0.78034467 0.7866632
vt 0.7803447 0.78666323
vt 0.7803447 0.78666323
vt 0.7803447 0.78666323
vt 0.7803447 0.78666323
vt 0.7803447 0.78666323
vt 0.7803447 0.7866632
vt 0.7803447 0.78666323
vt 0.044230044 0.10425657
vt 0.044230044 0.10425657
vt 0.044230044 0.10425657
vt 0.044230044 0.10425657
vt 0.044230044 0.10425657
vt 0.044230044 0.10425657
vt 0.044230044 0.10425656
vt 0.044230044 0.10425657
vt 0.044230044 0.10425657
vt 0.044230044 0.10425657
vt 0.044230044 0.10425657
vt 0.044230044 0.10425657
vt 0.09161943 0.9067162
vt 0.09161943 0.9067162
vt 0.09161943 0.9067162
vt 0.09161943 0.9067162
vt 0.09161943 0.9067162
vt 0.09161943 0.9067162
vt 0.09161943 0.9067162
vt 0.09161943 0.9067162
vt 0.09161943 0.9067162
vt 0.09161943 0.9067163
vt 0.09161943 0.9067162
vt 0.09161944 0.9067162
vt 0.09161943 0.9067163
vt 0.09161943 0.9067162
vt 0.09161943 0.9067162
vt 0.09161943 0.9067162
vt 0.091619425 0.9067162
vt 0.09161943 0.9067162
vt 0.09161944 0.9067162
vt 0.09161943 0.9067162
vt 0.09161943 0.9067162
vt 0.09161943 0.9067162
vt 0.09161943 0.9067162
vt 0.09161943 0.9067162
vt 0.7234775 0.7645482
vt 0.7234775 0.7645482
vt 0.7234775 0.7645482
vt 0.7234775 0.7645482
vt 0.7234775 0.7645482
vt 0.7234775 0.7645482
vt 0.7234775 0.7645482
vt 0.7234775 0.7645482
vt 0.7234775 0.7645482
vt 0.7234775 0.7645482
vt 0.7234775 0.7645482
vt 0.7234775 0.7645482
vt 0.7234775 0.7645482
vt 0.7234775 0.7645482
vt 0.7234775 0.7645482
vt 0.7234775 0.7645482
vt 0.7803447 0.78666323
vt 0.7803447 0.78666323
vt 0.7803447 0.7866632
vt 0.7803447 0.78666323
vt 0.7803447 0.78666323
vt 0.7803447 0.78666323
vt 0.7803447 0.78666323
vt 0.7803447 0.78666323
vt 0.7803447 0.78666323
vt 0.7803447 0.78666323
vt 0.7803447 0.7866632
vt 0.7803447 0.78666323
vt 0.78034467 0.7866632
vt 0.7803447 0.78666323
vt 0.7803447 0.7866633
vt 0.7803447 0.78666323
vt 0.044230044 0.10425657
vt 0.044230044 0.10425657
vt 0.044230044 0.10425657
vt 0.044230044 0.10425657
vt 0.044230044 0.10425657
vt 0.044230044 0.10425657
vt 0.044230044 0.10425657
vt 0.044230044 0.10425657
vt 0.044230044 0.10425657
vt 0.044230044 0.10425657
vt 0.044230044 0.10425657
vt 0.044230044 0.10425657
vt 0.044230044 0.10425656
vt 0.044230044 0.10425657
vt 0.044230044 0.10425657
vt 0.044230044 0.10425657
vt 0.091619425 0.9067162
vt 0.09161943 0.9067162
vt 0.09161943 0.9067162
vt 0.09161943 0.9067162
vt 0.09161943 0.9067162
vt 0.09161943 0.9067162
vt 0.09161943 0.9067162
vt 0.09161943 0.9067162
vt 0.09161943 0.9067163
vt 0.09161943 0.9067162
vt 0.09161943 0.9067162
vt 0.09161943 0.9067162
vt 0.09161944 0.9067162
vt 0.09161943 0.9067162
vt 0.09161943 0.9067162
vt 0.09161943 0.9067162
vt 0.71715885 0.7803446
vt 0.7171589 0.78034467
vt 0.7171589 0.7803446
vt 0.7171589 0.78034467
vt 0.7171589 0.78034467
vt 0.717159 0.7803447
vt 0.7171589 0.78034467
vt 0.2906547 0.022115028
vt 0.2906547 0.022115028
vt 0.2906547 0.022115028
vt 0.2906547 0.022115028
vt 0.2906547 0.022115028
vt 0.2906547 0.022115028
vt 0.2906547 0.022115028
vt 0.2906547 0.022115028
vt 0.2906547 0.022115028
vt 0.2906547 0.022115028
vt 0.2906547 0.022115028
vt 0.2906547 0.022115028
vt 0.2906547 0.022115028
vt 0.2906547 0.022115028
vt 0.2906547 0.022115028
vt 0.2906547 0.022115028
vt 0.2906547 0.022115028
vt 0.2906547 0.022115028
vt 0.2906547 0.022115028
vt 0.2906547 0.022115028
vt 0.2906547 0.022115028
vt 0.2906547 0.022115028
vt 0.2906547 0.022115028
vt 0.2906547 0.022115028
vt 0.2906547 0.022115028
vt 0.2906547 0.022115028
vt 0.2906547 0.022115028
vt 0.2906547 0.022115028
vt 0.2906547 0.022115028
vt 0.2906547 0.022115028
vt 0.2906547 0.022115028
vt 0.2906547 0.022115028
vt 0.3538405 0.15164591
vt 0.3538405 0.15164591
vt 0.3538405 0.15164591
vt 0.3538405 0.15164591
vt 0.2906547 0.022115028
vt 0.2906547 0.022115028
vt 0.2906547 0.022115028
vt 0.2906547 0.022115028
vt 0.2906547 0.022115028
vt 0.2906547 0.022115028
vt 0.2906547 0.022115028
vt 0.2906547 0.022115028
vt 0.14848663 0.041070767
vt 0.14848663 0.041070767
vt 0.14848663 0.041070767
vt 0.14848663 0.041070767
vt 0.14848663 0.041070767
vt 0.14848663 0.041070767
vt 0.14848663 0.041070767
vt 0.14848663 0.041070767
vt 0.2906547 0.022115028
vt 0.2906547 0.022115028
vt 0.2906547 0.022115028
vt 0.2906547 0.022115028
vt 0.2906547 0.022115028
vt 0.2906547 0.022115028
vt 0.2906547 0.022115028
vt 0.2906547 0.022115028
vt 0.2906547 0.022115028
vt 0.2906547 0.022115028
vt 0.2906547 0.022115028
vt 0.2906547 0.022115028
vt 0.2906547 0.022115028
vt 0.2906547 0.022115028
vt 0.2906547 0.022115028
vt 0.2906547 0.022115028
vt 0.2906547 0.022115028
vt 0.2906547 0.022115028
vt 0.2906547 0.022115028
vt 0.2906547 0.022115028
vt 0.2906547 0.022115028
vt 0.2906547 0.022115028
vt 0.2906547 0.022115028
vt 0.2906547 0.022115028
vt 0.2906547 0.022115028
vt 0.2906547 0.022115028
vt 0.2906547 0.022115028
vt 0.2906547 0.022115028
vt 0.2906547 0.022115028
vt 0.2906547 0.022115028
vt 0.2906547 0.022115028
vt 0.2906547 0.022115028
vt 0.2906547 0.022115028
vt 0.2906547 0.022115028
vt 0.2906547 0.022115028
vt 0.2906547 0.022115028
vt 0.2906547 0.022115028
vt 0.2906547 0.022115028
vt 0.2906547 0.022115028
vt 0.2906547 0.022115028
vt 0.2906547 0.022115028
vt 0.2906547 0.022115028
vt 0.2906547 0.022115028
vt 0.2906547 0.022115028
vt 0.2906547 0.022115028
vt 0.2906547 0.022115028
vt 0.2906547 0.022115028
vt 0.2906547 0.022115028
vt 0.2906547 0.022115028
vt 0.2906547 0.022115028
vt 0.2906547 0.022115028
vt 0.2906547 0.022115028
vt 0.3538405 0.15164591
vt 0.3538405 0.15164591
vt 0.3538405 0.15164591
vt 0.3538405 0.15164591
vt 0.2906547 0.022115028
vt 0.2906547 0.022115028
vt 0.2906547 0.022115028
vt 0.2906547 0.022115028
vt 0.2906547 0.022115028
vt 0.2906547 0.022115028
vt 0.2906547 0.022115028
vt 0.2906547 0.022115028
vt 0.14848663 0.041070767
vt 0.14848663 0.041070767
vt 0.14848663 0.041070767
vt 0.14848663 0.041070767
vt 0.14848663 0.041070767
vt 0.14848663 0.041070767
vt 0.14848663 0.041070767
vt 0.14848663 0.041070767
vt 0.2906547 0.022115028
vt 0.2906547 0.022115028
vt 0.2906547 0.022115028
vt 0.2906547 0.022115028
vt 0.2906547 0.022115028
vt 0.2906547 0.022115028
vt 0.2906547 0.022115028
vt 0.2906547 0.022115028
vt 0.2906547 0.022115028
vt 0.2906547 0.022115028
vt 0.2906547 0.022115028
vt 0.2906547 0.022115028
vt 0.2906547 0.022115028
vt 0.2906547 0.022115028
vt 0.2906547 0.022115028
vt 0.2906547 0.022115028
vt 0.2906547 0.022115028
vt 0.2906547 0.022115028
vt 0.2906547 0.022115028
vt 0.2906547 0.022115028
vt 0.7866633 0.78350395
vt 0.7866633 0.78350395
vt 0.7866633 0.78350395
vt 0.7866633 0.78350395
vt 0.7171589 0.7898225
vt 0.7171589 0.7898225
vt 0.7171589 0.7898225
vt 0.7171589 0.7898225
vt 0.7866633 0.78350395
vt 0.7866633 0.78350395
vt 0.7866633 0.78350395
vt 0.7866633 0.78350395
vt 0.7866633 0.78350395
vt 0.7866633 0.78350395
vt 0.7866633 0.78350395
vt 0.7866633 0.78350395
vt 0.7866633 0.78350395
vt 0.7866633 0.78350395
vt 0.7866633 0.78350395
vt 0.7866633 0.78350395
vt 0.78034467 0.7835039
vt 0.7803447 0.78350395
vt 0.78034467 0.78350395
vt 0.78034467 0.78350395
vt 0.78034467 0.7835039
vt 0.78034467 0.7835039
vt 0.78034467 0.78350395
vt 0.78034467 0.78350395
vt 0.78034467 0.78350395
vt 0.78034467 0.78350395
vt 0.78034467 0.7835039
vt 0.78034467 0.7835039
vt 0.78034467 0.78350395
vt 0.78034467 0.78350395
vt 0.78034467 0.7835039
vt 0.78034467 0.78350383
vt 0.78034467 0.78350395
vt 0.78034467 0.78350395
vt 0.7803447 0.78350395
vt 0.78034467 0.7835039
vt 0.78034467 0.78350395
vt 0.78034467 0.78350395
vt 0.78034467 0.7835039
vt 0.78034467 0.7835039
vt 0.78034467 0.78350395
vt 0.78034467 0.78350383
vt 0.78034467 0.7835039
vt 0.78034467 0.78350395
vt 0.78034467 0.78350395
vt 0.78034467 0.78350395
vt 0.78034467 0.7835039
vt 0.78034467 0.7835039
vt 0.7803447 0.78350395
vt 0.78034467 0.7835039
vt 0.78034467 0.7835039
vt 0.78034467 0.7835039
vt 0.78034467 0.7835039
vt 0.78034467 0.7835039
vt 0.78034467 0.7835039
vt 0.78034467 0.78350383
vt 0.7234775 0.7645482
vt 0.7234775 0.7645482
vt 0.7234775 0.7645482
vt 0.7234775 0.7645482
vt 0.3538405 0.1642831
vt 0.3538405 0.1642831
vt 0.3538405 0.1642831
vt 0.3538405 0.1642831
vt 0.3538405 0.1642831
vt 0.3538405 0.1642831
vt 0.3538405 0.1642831
vt 0.3538405 0.1642831
vt 0.27801752 0.03475219
vt 0.27801752 0.03475219
vt 0.27801752 0.03475219
vt 0.27801752 0.03475219
vt 0.27801752 0.03475219
vt 0.27801752 0.03475219
vt 0.27801752 0.03475219
vt 0.27801752 0.03475219
vt 0.16744238 0.03791148
vt 0.16744238 0.03791148
vt 0.16744238 0.03791148
vt 0.16744238 0.03791148
vt 0.27801752 0.03475219
vt 0.27801752 0.03475219
vt 0.27801752 0.03475219
vt 0.27801752 0.03475219
vt 0.27801752 0.03475219
vt 0.27801752 0.03475219
vt 0.27801752 0.03475219
vt 0.27801752 0.03475219
vt 0.27801752 0.03475219
vt 0.27801752 0.03475219
vt 0.27801752 0.03475219
vt 0.27801752 0.03475219
vt 0.27801752 0.03475219
vt 0.27801752 0.03475219
vt 0.27801752 0.03475219
vt 0.27801752 0.03475219
vt 0.27801752 0.03475219
vt 0.27801752 0.03475219
vt 0.27801752 0.03475219
vt 0.27801752 0.03475219
vt 0.27801752 0.03475219
vt 0.27801752 0.03475219
vt 0.27801752 0.03475219
vt 0.27801752 0.03475219
vt 0.27801752 0.03475219
vt 0.27801752 0.03475219
vt 0.27801752 0.03475219
vt 0.27801752 0.03475219
vt 0.28433612 0.031592898
vt 0.28433612 0.031592898
vt 0.28433612 0.031592898
vt 0.28433612 0.031592898
vt 0.28433612 0.031592898
vt 0.28433612 0.031592898
vt 0.28433612 0.031592898
vt 0.28433612 0.031592898
vt 0.27801752 0.03475219
vt 0.27801752 0.03475219
vt 0.27801752 0.03475219
vt 0.27801752 0.03475219
vt 0.27801752 0.03475219
vt 0.27801752 0.03475219
vt 0.27801752 0.03475219
vt 0.27801752 0.03475219
vt 0.27801752 0.03475219
vt 0.27801752 0.03475219
vt 0.27801752 0.03475219
vt 0.27801752 0.03475219
vt 0.27801752 0.03475219
vt 0.27801752 0.03475219
vt 0.27801752 0.03475219
vt 0.27801752 0.03475219
vt 0.27801752 0.03475219
vt 0.27801752 0.03475219
vt 0.27801752 0.03475219
vt 0.27801752 0.03475219
vt 0.27801752 0.03475219
vt 0.27801752 0.03475219
vt 0.27801752 0.03475219
vt 0.27801752 0.03475219
vt 0.3538405 0.1642831
vt 0.3538405 0.1642831
vt 0.3538405 0.1642831
vt 0.3538405 0.1642831
vt 0.3538405 0.1642831
vt 0.3538405 0.1642831
vt 0.3538405 0.1642831
vt 0.3538405 0.1642831
vt 0.27801752 0.03475219
vt 0.27801752 0.03475219
vt 0.27801752 0.03475219
vt 0.27801752 0.03475219
vt 0.27801752 0.03475219
vt 0.27801752 0.03475219
vt 0.27801752 0.03475219
vt 0.27801752 0.03475219
vt 0.16744238 0.03791148
vt 0.16744238 0.03791148
vt 0.16744238 0.03791148
vt 0.16744238 0.03791148
vt 0.27801752 0.03475219
vt 0.27801752 0.03475219
vt 0.27801752 0.03475219
vt 0.27801752 0.03475219
vt 0.27801752 0.03475219
vt 0.27801752 0.03475219
vt 0.27801752 0.03475219
vt 0.27801752 0.03475219
vt 0.27801752 0.03475219
vt 0.27801752 0.03475219
vt 0.27801752 0.03475219
vt 0.27801752 0.03475219
vt 0.27801752 0.03475219
vt 0.27801752 0.03475219
vt 0.27801752 0.03475219
vt 0.27801752 0.03475219
vt 0.27801752 0.03475219
vt 0.27801752 0.03475219
vt 0.27801752 0.03475219
vt 0.27801752 0.03475219
vt 0.27801752 0.03475219
vt 0.27801752 0.03475219
vt 0.27801752 0.03475219
vt 0.27801752 0.03475219
vt 0.27801752 0.03475219
vt 0.27801752 0.03475219
vt 0.27801752 0.03475219
vt 0.27801752 0.03475219
vt 0.28433612 0.031592898
vt 0.28433612 0.031592898
vt 0.28433612 0.031592898
vt 0.28433612 0.031592898
vt 0.28433612 0.031592898
vt 0.28433612 0.031592898
vt 0.28433612 0.031592898
vt 0.28433612 0.031592898
vt 0.27801752 0.03475219
vt 0.27801752 0.03475219
vt 0.27801752 0.03475219
vt 0.27801752 0.03475219
vt 0.27801752 0.03475219
vt 0.27801752 0.03475219
vt 0.27801752 0.03475219
vt 0.27801752 0.03475219
vt 0.27801752 0.03475219
vt 0.27801752 0.03475219
vt 0.27801752 0.03475219
vt 0.27801752 0.03475219
vt 0.27801752 0.03475219
vt 0.27801752 0.03475219
vt 0.27801752 0.03475219
vt 0.27801752 0.03475219
vt 0.27801752 0.03475219
vt 0.27801752 0.03475219
vt 0.27801752 0.03475219
vt 0.27801752 0.03475219
vt 0.27801752 0.03475219
vt 0.27801752 0.03475219
vt 0.27801752 0.03475219
vt 0.27801752 0.03475219
vt 0.3538405 0.1642831
vt 0.3538405 0.1642831
vt 0.3538405 0.1642831
vt 0.3538405 0.1642831
vt 0.3538405 0.1642831
vt 0.3538405 0.1642831
vt 0.3538405 0.1642831
vt 0.3538405 0.1642831
vt 0.27801752 0.03475219
vt 0.27801752 0.03475219
vt 0.27801752 0.03475219
vt 0.27801752 0.03475219
vt 0.27801752 0.03475219
vt 0.27801752 0.03475219
vt 0.27801752 0.03475219
vt 0.27801752 0.03475219
vt 0.16744238 0.03791148
vt 0.16744238 0.03791148
vt 0.16744238 0.03791148
vt 0.16744238 0.03791148
vt 0.27801752 0.03475219
vt 0.27801752 0.03475219
vt 0.27801752 0.03475219
vt 0.27801752 0.03475219
vt 0.27801752 0.03475219
vt 0.27801752 0.03475219
vt 0.27801752 0.03475219
vt 0.27801752 0.03475219
vt 0.27801752 0.03475219
vt 0.27801752 0.03475219
vt 0.27801752 0.03475219
vt 0.27801752 0.03475219
vt 0.27801752 0.03475219
vt 0.27801752 0.03475219
vt 0.27801752 0.03475219
vt 0.27801752 0.03475219
vt 0.27801752 0.03475219
vt 0.27801752 0.03475219
vt 0.27801752 0.03475219
vt 0.27801752 0.03475219
vt 0.27801752 0.03475219
vt 0.27801752 0.03475219
vt 0.27801752 0.03475219
vt 0.27801752 0.03475219
vt 0.27801752 0.03475219
vt 0.27801752 0.03475219
vt 0.27801752 0.03475219
vt 0.27801752 0.03475219
vt 0.28433612 0.031592898
vt 0.28433612 0.031592898
vt 0.28433612 0.031592898
vt 0.28433612 0.031592898
vt 0.28433612 0.031592898
vt 0.28433612 0.031592898
vt 0.28433612 0.031592898
vt 0.28433612 0.031592898
vt 0.27801752 0.03475219
vt 0.27801752 0.03475219
vt 0.27801752 0.03475219
vt 0.27801752 0.03475219
vt 0.27801752 0.03475219
vt 0.27801752 0.03475219
vt 0.27801752 0.03475219
vt 0.27801752 0.03475219
vt 0.27801752 0.03475219
vt 0.27801752 0.03475219
vt 0.27801752 0.03475219
vt 0.27801752 0.03475219
vt 0.27801752 0.03475219
vt 0.27801752 0.03475219
vt 0.27801752 0.03475219
vt 0.27801752 0.03475219
vt 0.27801752 0.03475219
vt 0.27801752 0.03475219
vt 0.27801752 0.03475219
vt 0.27801752 0.03475219
vt 0.27801752 0.03475219
vt 0.27801752 0.03475219
vt 0.27801752 0.03475219
vt 0.27801752 0.03475219
vt 0.3538405 0.1642831
vt 0.3538405 0.1642831
vt 0.3538405 0.1642831
vt 0.3538405 0.1642831
vt 0.3538405 0.1642831
vt 0.3538405 0.1642831
vt 0.3538405 0.1642831
vt 0.3538405 0.1642831
vt 0.27801752 0.03475219
vt 0.27801752 0.03475219
vt 0.27801752 0.03475219
vt 0.27801752 0.03475219
vt 0.27801752 0.03475219
vt 0.27801752 0.03475219
vt 0.27801752 0.03475219
vt 0.27801752 0.03475219
vt 0.16744238 0.03791148
vt 0.16744238 0.03791148
vt 0.16744238 0.03791148
vt 0.16744238 0.03791148
vt 0.27801752 0.03475219
vt 0.27801752 0.03475219
vt 0.27801752 0.03475219
vt 0.27801752 0.03475219
vt 0.27801752 0.03475219
vt 0.27801752 0.03475219
vt 0.27801752 0.03475219
vt 0.27801752 0.03475219
vt 0.27801752 0.03475219
vt 0.27801752 0.03475219
vt 0.27801752 0.03475219
vt 0.27801752 0.03475219
vt 0.27801752 0.03475219
vt 0.27801752 0.03475219
vt 0.27801752 0.03475219
vt 0.27801752 0.03475219
vt 0.27801752 0.03475219
vt 0.27801752 0.03475219
vt 0.27801752 0.03475219
vt 0.27801752 0.03475219
vt 0.27801752 0.03475219
vt 0.27801752 0.03475219
vt 0.27801752 0.03475219
vt 0.27801752 0.03475219
vt 0.27801752 0.03475219
vt 0.27801752 0.03475219
vt 0.27801752 0.03475219
vt 0.27801752 0.03475219
vt 0.28433612 0.031592898
vt 0.28433612 0.031592898
vt 0.28433612 0.031592898
vt 0.28433612 0.031592898
vt 0.28433612 0.031592898
vt 0.28433612 0.031592898
vt 0.28433612 0.031592898
vt 0.28433612 0.031592898
vt 0.27801752 0.03475219
vt 0.27801752 0.03475219
vt 0.27801752 0.03475219
vt 0.27801752 0.03475219
vt 0.27801752 0.03475219
vt 0.27801752 0.03475219
vt 0.27801752 0.03475219
vt 0.27801752 0.03475219
vt 0.27801752 0.03475219
vt 0.27801752 0.03475219
vt 0.27801752 0.03475219
vt 0.27801752 0.03475219
vt 0.27801752 0.03475219
vt 0.27801752 0.03475219
vt 0.27801752 0.03475219
vt 0.27801752 0.03475219
vt 0.27801752 0.03475219
vt 0.27801752 0.03475219
vt 0.27801752 0.03475219
vt 0.27801752 0.03475219
vt 0.27801752 0.03475219
vt 0.27801752 0.03475219
vt 0.27801752 0.03475219
vt 0.27801752 0.03475219
vt 0.29065472 0.041070767
vt 0.29065472 0.041070767
vt 0.29065472 0.041070767
vt 0.29065472 0.041070767
vt 0.28433612 0.031592898
vt 0.28433612 0.031592898
vt 0.28433612 0.031592898
vt 0.28433612 0.031592898
vt 0.28433612 0.031592898
vt 0.28433612 0.031592898
vt 0.28433612 0.031592898
vt 0.28433612 0.031592898
vt 0.28433612 0.031592898
vt 0.28433612 0.031592898
vt 0.28433612 0.031592898
vt 0.28433612 0.031592898
vt 0.28433612 0.031592898
vt 0.28433612 0.031592898
vt 0.28433612 0.031592898
vt 0.28433612 0.031592898
vt 0.29065472 0.041070767
vt 0.29065472 0.041070767
vt 0.29065472 0.041070767
vt 0.29065472 0.041070767
vt 0.28433612 0.031592898
vt 0.28433612 0.031592898
vt 0.28433612 0.031592898
vt 0.28433612 0.031592898
vt 0.28433612 0.031592898
vt 0.28433612 0.031592898
vt 0.28433612 0.031592898
vt 0.28433612 0.031592898
vt 0.28433612 0.031592898
vt 0.28433612 0.031592898
vt 0.28433612 0.031592898
vt 0.28433612 0.031592898
vt 0.28433612 0.031592898
vt 0.28433612 0.031592898
vt 0.28433612 0.031592898
vt 0.28433612 0.031592898
vt 0.29065472 0.041070767
vt 0.29065472 0.041070767
vt 0.29065472 0.041070767
vt 0.29065472 0.041070767
vt 0.28433612 0.031592898
vt 0.28433612 0.031592898
vt 0.28433612 0.031592898
vt 0.28433612 0.031592898
vt 0.28433612 0.031592898
vt 0.28433612 0.031592898
vt 0.28433612 0.031592898
vt 0.28433612 0.031592898
vt 0.28433612 0.031592898
vt 0.28433612 0.031592898
vt 0.28433612 0.031592898
vt 0.28433612 0.031592898
vt 0.28433612 0.031592898
vt 0.28433612 0.031592898
vt 0.28433612 0.031592898
vt 0.28433612 0.031592898
vt 0.29065472 0.041070767
vt 0.29065472 0.041070767
vt 0.29065472 0.041070767
vt 0.29065472 0.041070767
vt 0.28433612 0.031592898
vt 0.28433612 0.031592898
vt 0.28433612 0.031592898
vt 0.28433612 0.031592898
vt 0.28433612 0.031592898
vt 0.28433612 0.031592898
vt 0.28433612 0.031592898
vt 0.28433612 0.031592898
vt 0.28433612 0.031592898
vt 0.28433612 0.031592898
vt 0.28433612 0.031592898
vt 0.28433612 0.031592898
vt 0.28433612 0.031592898
vt 0.28433612 0.031592898
vt 0.28433612 0.031592898
vt 0.28433612 0.031592898
vt 0.39807057 0.96358347
vt 0.39807057 0.96358347
vt 0.39807057 0.96358347
vt 0.39807057 0.96358347
vt 0.39807057 0.96358347
vt 0.39807057 0.96358347
vt 0.39807057 0.96358347
vt 0.39807057 0.96358347
vt 0.39807057 0.96358347
vt 0.39807057 0.96358347
vt 0.39807057 0.96358347
vt 0.39807057 0.96358347
vt 0.39807057 0.96358347
vt 0.39807057 0.96358347
vt 0.39807057 0.96358347
vt 0.39807057 0.96358347
vt 0.39807057 0.96358347
vt 0.39807057 0.96358347
vt 0.28433612 0.9604242
vt 0.28433612 0.9604241
vt 0.28433612 0.9604242
vt 0.28433615 0.9604242
vt 0.28433615 0.9604242
vt 0.28433615 0.9604242
vt 0.28433615 0.9604242
vt 0.28433615 0.96042424
vt 0.28433612 0.9604242
vt 0.28433612 0.9604241
vt 0.28433612 0.9604242
vt 0.28433612 0.9604242
vt 0.28433612 0.9604242
vt 0.28433612 0.9604242
vt 0.28433612 0.96042424
vt 0.2843361 0.9604242
vt 0.2843361 0.9604242
vt 0.28433612 0.9604242
vt 0.28433612 0.9604242
vt 0.28433612 0.9604242
vt 0.28433612 0.9604242
vt 0.28433612 0.9604242
vt 0.28433612 0.9604242
vt 0.28433612 0.9604242
vt 0.28433612 0.9604242
vt 0.28433612 0.9604242
vt 0.28433612 0.9604242
vt 0.28433612 0.9604242
vt 0.28433612 0.9604242
vt 0.28433612 0.9604242
vt 0.28433612 0.9604242
vt 0.28433612 0.9604242
vt 0.28433612 0.9604241
vt 0.28433612 0.9604241
vt 0.28433612 0.9604242
vt 0.28433612 0.9604242
vt 0.28433615 0.9604242
vt 0.28433615 0.9604242
vt 0.28433615 0.9604242
vt 0.28433615 0.9604242
vt 0.28433615 0.9604242
vt 0.28433615 0.9604242
vt 0.28433615 0.9604242
vt 0.28433615 0.9604242
vt 0.28433615 0.96042424
vt 0.28433615 0.96042424
vt 0.28433612 0.9604242
vt 0.28433612 0.9604242
vt 0.28433612 0.9604241
vt 0.28433612 0.9604241
vt 0.28433612 0.9604242
vt 0.28433612 0.9604242
vt 0.28433612 0.9604242
vt 0.28433612 0.9604242
vt 0.28433612 0.9604242
vt 0.28433612 0.9604242
vt 0.28433612 0.9604242
vt 0.28433612 0.9604242
vt 0.28433612 0.96042424
vt 0.28433612 0.96042424
vt 0.2843361 0.9604242
vt 0.2843361 0.9604242
vt 0.2843361 0.9604242
vt 0.2843361 0.9604242
vt 0.28433612 0.9604242
vt 0.28433612 0.9604242
vt 0.28433612 0.9604242
vt 0.28433612 0.9604242
vt 0.28433612 0.9604242
vt 0.28433612 0.9604242
vt 0.28433612 0.9604242
vt 0.28433612 0.9604242
vt 0.28433612 0.9604242
vt 0.28433612 0.9604242
vt 0.28433612 0.9604242
vt 0.28433612 0.9604242
vt 0.28433612 0.9604242
vt 0.28433612 0.9604242
vt 0.28433612 0.9604242
vt 0.28433612 0.9604242
vt 0.28433612 0.9604242
vt 0.28433612 0.9604242
vt 0.39807057 0.96358347
vt 0.39807057 0.96358347
vt 0.39807057 0.96358347
vt 0.39807057 0.96358347
vt 0.39807057 0.96358347
vt 0.39807057 0.96358347
vt 0.39807057 0.96358347
vt 0.39807057 0.96358347
vt 0.39807057 0.96358347
vt 0.39807057 0.96358347
vt 0.39807057 0.96358347
vt 0.39807057 0.96358347
vt 0.39807057 0.96358347
vt 0.39807057 0.96358347
vt 0.39807057 0.96358347
vt 0.39807057 0.96358347
vt 0.39807057 0.96358347
vt 0.39807057 0.96358347
vt 0.39807057 0.96358347
vt 0.39807057 0.96358347
vt 0.39807057 0.96358347
vt 0.39807057 0.96358347
vt 0.39807057 0.96358347
vt 0.39807057 0.96358347
vt 0.39807057 0.96358347
vt 0.39807057 0.96358347
vt 0.39807057 0.96358347
vt 0.39807057 0.96358347
vt 0.39807057 0.96358347
vt 0.39807057 0.96358347
vt 0.39807057 0.96358347
vt 0.39807057 0.96358347
vt 0.39807057 0.96358347
vt 0.39807057 0.96358347
vt 0.39807057 0.96358347
vt 0.39807057 0.96358347
vt 0.39807057 0.96358347
vt 0.39807057 0.96358347
vt 0.40438914 0.9730613
vt 0.40438914 0.9730613
vt 0.40438914 0.9730613
vt 0.40438914 0.9730613
vt 0.40438914 0.9730613
vt 0.40438914 0.9730613
vt 0.40438914 0.9730613
vt 0.40438914 0.9730613
vt 0.40438914 0.9730613
vt 0.40438914 0.9730613
vt 0.40438914 0.9730613
vt 0.40438914 0.9730613
vt 0.40438914 0.9730613
vt 0.40438914 0.9730613
vt 0.40438914 0.9730613
vt 0.40438914 0.9730613
vt 0.40438914 0.9730613
vt 0.40438914 0.9730613
vt 0.40438914 0.9730613
vt 0.40438914 0.9730613
vt 0.40438914 0.9730613
vt 0.40438914 0.9730613
vt 0.40438914 0.9730613
vt 0.40438914 0.9730613
vt 0.40438914 0.9730613
vt 0.40438914 0.9730613
vt 0.40438914 0.9730613
vt 0.40438914 0.9730613
vt 0.40438914 0.9730613
vt 0.40438914 0.9730613
vt 0.40438914 0.9730613
vt 0.40438914 0.9730613
vt 0.40438914 0.9730613
vt 0.40438914 0.9730613
vt 0.34120333 0.84668976
vt 0.34120333 0.84668976
vt 0.34120333 0.84668976
vt 0.34120333 0.84668976
vt 0.34120333 0.84668976
vt 0.34120333 0.84668976
vt 0.34120333 0.84668976
vt 0.34120333 0.84668976
vt 0.34120333 0.84668976
vt 0.34120333 0.84668976
vt 0.34120333 0.84668976
vt 0.34120333 0.84668976
vt 0.34120333 0.84668976
vt 0.34120333 0.84668976
vt 0.34120333 0.84668976
vt 0.34120333 0.84668976
vt 0.34120333 0.84668976
vt 0.34120333 0.84668976
vt 0.34120333 0.84668976
vt 0.34120333 0.84668976
vt 0.34120333 0.84668976
vt 0.34120333 0.84668976
vt 0.34120333 0.84668976
vt 0.34120333 0.84668976
vt 0.2874954 0.4644156
vt 0.2874954 0.4644156
vt 0.2874954 0.4644156
vt 0.2874954 0.4644156
vt 0.2874954 0.4644156
vt 0.2874954 0.4644156
vt 0.2874954 0.4644156
vt 0.2874954 0.4644156
vt 0.2874954 0.4644156
vt 0.2874954 0.4644156
vt 0.2874954 0.4644156
vt 0.2874954 0.4644156
vt 0.2874954 0.4644156
vt 0.2874954 0.4644156
vt 0.2874954 0.4644156
vt 0.2874954 0.4644156
vt 0.2874954 0.4644156
vt 0.2874954 0.4644156
vt 0.2874954 0.4644156
vt 0.2874954 0.4644156
vt 0.2874954 0.4644156
vt 0.2874954 0.4644156
vt 0.2874954 0.4644156
vt 0.2874954 0.4644156
vt 0.2874954 0.4644156
vt 0.2874954 0.4644156
vt 0.2874954 0.4644156
vt 0.2874954 0.4644156
vt 0.2874954 0.4644156
vt 0.2874954 0.4644156
vt 0.2874954 0.4644156
vt 0.2874954 0.4644156
vt 0.2874954 0.4644156
vt 0.2874954 0.4644156
vt 0.2874954 0.4644156
vt 0.2874954 0.4644156
vt 0.2874954 0.4644156
vt 0.2874954 0.4644156
vt 0.2874954 0.4644156
vt 0.2874954 0.4644156
vt 0.2874954 0.4644156
vt 0.2874954 0.4644156
vt 0.2874954 0.4644156
vt 0.2874954 0.4644156
vt 0.2874954 0.4644156
vt 0.2874954 0.4644156
vt 0.2874954 0.4644156
vt 0.2874954 0.4644156
vt 0.2874954 0.4644156
vt 0.2874954 0.4644156
vt 0.2874954 0.4644156
vt 0.2874954 0.4644156
vt 0.2874954 0.4644156
vt 0.2874954 0.4644156
vt 0.2874954 0.4644156
vt 0.2874954 0.4644156
vt 0.2874954 0.4644156
vt 0.2874954 0.4644156
vt 0.2874954 0.4644156
vt 0.2874954 0.4644156
vt 0.2874954 0.4644156
vt 0.2874954 0.4644156
vt 0.2874954 0.4644156
vt 0.2874954 0.4644156
vt 0.2874954 0.4644156
vt 0.2874954 0.4644156
vt 0.2874954 0.4644156
vt 0.2874954 0.4644156
vt 0.2874954 0.4644156
vt 0.2874954 0.4644156
vt 0.2874954 0.4644156
vt 0.2874954 0.4644156
vt 0.2874954 0.4644156
vt 0.2874954 0.4644156
vt 0.2874954 0.4644156
vt 0.2874954 0.4644156
vt 0.2874954 0.4644156
vt 0.2874954 0.4644156
vt 0.2874954 0.4644156
vt 0.2874954 0.4644156
vt 0.2874954 0.4644156
vt 0.2874954 0.4644156
vt 0.2874954 0.4644156
vt 0.2874954 0.4644156
vt 0.2874954 0.4644156
vt 0.2874954 0.4644156
vt 0.2874954 0.4644156
vt 0.2874954 0.4644156
vt 0.2874954 0.4644156
vt 0.2874954 0.4644156
vt 0.2874954 0.4644156
vt 0.2874954 0.4644156
vt 0.2874954 0.4644156
vt 0.2874954 0.4644156
vt 0.2874954 0.4644156
vt 0.2874954 0.4644156
vt 0.2874954 0.4644156
vt 0.2874954 0.4644156
vt 0.2874954 0.4644156
vt 0.2874954 0.4644156
vt 0.2874954 0.4644156
vt 0.2874954 0.4644156
vt 0.2874954 0.4644156
vt 0.2874954 0.4644156
vt 0.2874954 0.4644156
vt 0.2874954 0.4644156
vt 0.2874954 0.4644156
vt 0.2874954 0.4644156
vt 0.2874954 0.4644156
vt 0.2874954 0.4644156
vt 0.2874954 0.4644156
vt 0.2874954 0.4644156
vt 0.2874954 0.4644156
vt 0.2874954 0.4644156
vt 0.2874954 0.4644156
vt 0.2874954 0.4644156
vt 0.2874954 0.4644156
vt 0.2874954 0.4644156
vt 0.2874954 0.4644156
vt 0.2874954 0.4644156
vt 0.2874954 0.4644156
vt 0.2874954 0.4644156
vt 0.2874954 0.4644156
vt 0.2874954 0.4644156
vt 0.2874954 0.4644156
vt 0.2874954 0.4644156
vt 0.2874954 0.4644156
vt 0.2874954 0.4644156
vt 0.2874954 0.4644156
vt 0.2874954 0.4644156
vt 0.2874954 0.4644156
vt 0.2874954 0.4644156
vt 0.2874954 0.4644156
vt 0.2874954 0.4644156
vt 0.2874954 0.4644156
vt 0.2874954 0.4644156
vt 0.2874954 0.4644156
vt 0.2874954 0.4644156
vt 0.2874954 0.4644156
vt 0.2874954 0.4644156
vt 0.2874954 0.4644156
vt 0.2874954 0.4644156
vt 0.2874954 0.4644156
vt 0.2874954 0.4644156
vt 0.2874954 0.4644156
vt 0.2874954 0.4644156
vt 0.2874954 0.4644156
vt 0.2874954 0.4644156
vt 0.2874954 0.4644156
vt 0.2874954 0.4644156
vt 0.34658152 0.041070767
vt 0.34658152 0.041070767
vt 0.34658152 0.041070767
vt 0.34658152 0.041070767
vt 0.34658152 0.041070767
vt 0.34658152 0.041070767
vt 0.34658152 0.041070767
vt 0.34658152 0.041070767
vt 0.34658152 0.041070767
vt 0.34658152 0.041070767
vt 0.34658152 0.041070767
vt 0.34658152 0.041070767
vt 0.34658152 0.041070767
vt 0.34658152 0.041070767
vt 0.34658152 0.041070767
vt 0.34658152 0.041070767
vt 0.34658152 0.041070767
vt 0.34658152 0.041070767
vt 0.34658152 0.041070767
vt 0.34658152 0.041070767
vt 0.34658152 0.041070767
vt 0.34658152 0.041070767
vt 0.34658152 0.041070767
vt 0.34658152 0.041070767
vt 0.34658152 0.041070767
vt 0.34658152 0.041070767
vt 0.34658152 0.041070767
vt 0.34658152 0.041070767
vt 0.34658152 0.041070767
vt 0.34658152 0.041070767
vt 0.34658152 0.041070767
vt 0.34658152 0.041070767
vt 0.34658152 0.041070767
vt 0.34658152 0.041070767
vt 0.34658152 0.041070767
vt 0.34658152 0.041070767
vt 0.34658152 0.041070767
vt 0.34658152 0.041070767
vt 0.34658152 0.041070767
vt 0.34658152 0.041070767
vt 0.34658152 0.041070767
vt 0.34658152 0.041070767
vt 0.34658152 0.041070767
vt 0.34658152 0.041070767
vt 0.34658152 0.041070767
vt 0.34658152 0.041070767
vt 0.34658152 0.041070767
vt 0.34658152 0.041070767
vt 0.34658152 0.041070767
vt 0.34658152 0.041070767
vt 0.34658152 0.041070767
vt 0.34658152 0.041070767
vt 0.34658152 0.041070767
vt 0.34658152 0.041070767
vt 0.34658152 0.041070767
vt 0.34658152 0.041070767
vt 0.34658152 0.041070767
vt 0.34658152 0.041070767
vt 0.34658152 0.041070767
vt 0.34658152 0.041070767
vt 0.34658152 0.041070767
vt 0.34658152 0.041070767
vt 0.34658152 0.041070767
vt 0.34658152 0.041070767
vt 0.34658152 0.041070767
vt 0.34658152 0.041070767
vt 0.34658152 0.041070767
vt 0.34658152 0.041070767
vt 0.34658152 0.041070767
vt 0.34658152 0.041070767
vt 0.34658152 0.041070767
vt 0.34658152 0.041070767
vt 0.34658152 0.041070767
vt 0.34658152 0.041070767
vt 0.34658152 0.041070767
vt 0.34658152 0.041070767
vt 0.34658152 0.041070767
vt 0.34658152 0.041070767
vt 0.34658152 0.041070767
vt 0.34658152 0.041070767
vt 0.17692025 0.031592898
vt 0.17692025 0.031592898
vt 0.17692025 0.031592898
vt 0.17692025 0.031592898
vt 0.17692025 0.031592898
vt 0.17692025 0.031592898
vt 0.17692025 0.031592898
vt 0.17692025 0.031592898
vt 0.17692025 0.031592898
vt 0.17692025 0.031592898
vt 0.17692025 0.031592898
vt 0.17692025 0.031592898
vt 0.17692025 0.031592898
vt 0.17692025 0.031592898
vt 0.17692025 0.031592898
vt 0.17692025 0.031592898
vt 0.17692025 0.031592898
vt 0.17692025 0.031592898
vt 0.17692025 0.031592898
vt 0.17692025 0.031592898
vt 0.17692025 0.031592898
vt 0.17692025 0.031592898
vt 0.17692025 0.031592898
vt 0.17692025 0.031592898
vt 0.17692025 0.031592898
vt 0.17692025 0.031592898
vt 0.17692025 0.031592898
vt 0.17692025 0.031592898
vt 0.17692025 0.031592898
vt 0.17692025 0.031592898
vt 0.17692025 0.031592898
vt 0.17692025 0.031592898
vt 0.17692025 0.031592898
vt 0.17692025 0.031592898
vt 0.17692025 0.031592898
vt 0.17692025 0.031592898
vt 0.17692025 0.031592898
vt 0.17692025 0.031592898
vt 0.17692025 0.031592898
vt 0.17692025 0.031592898
vt 0.17692025 0.031592898
vt 0.17692025 0.031592898
vt 0.17692025 0.031592898
vt 0.17692025 0.031592898
vt 0.17692025 0.031592898
vt 0.17692025 0.031592898
vt 0.17692025 0.031592898
vt 0.17692025 0.031592898
vt 0.17692025 0.031592898
vt 0.17692025 0.031592898
vt 0.17692025 0.031592898
vt 0.17692025 0.031592898
vt 0.17692025 0.031592898
vt 0.17692025 0.031592898
vt 0.17692025 0.031592898
vt 0.17692025 0.031592898
vt 0.17692025 0.031592898
vt 0.17692025 0.031592898
vt 0.17692025 0.031592898
vt 0.17692025 0.031592898
vt 0.17692025 0.031592898
vt 0.17692025 0.031592898
vt 0.17692025 0.031592898
vt 0.17692025 0.031592898
vt 0.044230044 0.10425657
vt 0.044230044 0.10425657
vt 0.044230044 0.10425657
vt 0.044230044 0.10425657
vt 0.044230044 0.10425657
vt 0.044230044 0.10425657
vt 0.044230044 0.10425657
vt 0.044230044 0.10425657
vt 0.044230048 0.10425657
vt 0.044230044 0.10425657
vt 0.044230044 0.10425657
vt 0.044230044 0.10425657
vt 0.044230044 0.10425657
vt 0.044230044 0.10425657
vt 0.044230044 0.10425657
vt 0.044230044 0.10425657
vt 0.14848663 0.041070767
vt 0.14848663 0.041070767
vt 0.14848663 0.041070767
vt 0.14848663 0.041070767
vt 0.14848663 0.041070767
vt 0.14848663 0.041070767
vt 0.14848663 0.041070767
vt 0.14848663 0.041070767
vt 0.14848663 0.041070767
vt 0.14848663 0.041070767
vt 0.14848663 0.041070767
vt 0.14848663 0.041070767
vt 0.14848663 0.041070767
vt 0.14848663 0.041070767
vt 0.14848663 0.041070767
vt 0.14848663 0.041070767
vt 0.34658152 0.041070767
vt 0.34658152 0.041070767
vt 0.34658152 0.041070767
vt 0.34658152 0.041070767
vt 0.34658152 0.041070767
vt 0.34658152 0.041070767
vt 0.34658152 0.041070767
vt 0.34658152 0.041070767
vt 0.34658152 0.041070767
vt 0.34658152 0.041070767
vt 0.34658152 0.041070767
vt 0.34658152 0.041070767
vt 0.34658152 0.041070767
vt 0.34658152 0.041070767
vt 0.34658152 0.041070767
vt 0.34658152 0.041070767
vt 0.34120333 0.84668976
vt 0.34120333 0.84668976
vt 0.34120333 0.84668976
vt 0.34120333 0.84668976
vt 0.34120333 0.84668976
vt 0.34120333 0.84668976
vt 0.34120333 0.84668976
vt 0.34120333 0.84668976
vt 0.34120333 0.84668976
vt 0.34120333 0.84668976
vt 0.34120333 0.84668976
vt 0.34120333 0.84668976
vt 0.34120333 0.84668976
vt 0.34120333 0.84668976
vt 0.34120333 0.84668976
vt 0.34120333 0.84668976
vt 0.34120333 0.84668976
vt 0.34120333 0.84668976
vt 0.34120333 0.84668976
vt 0.34120333 0.84668976
vt 0.34120333 0.84668976
vt 0.34120333 0.84668976
vt 0.34120333 0.84668976
vt 0.34120333 0.84668976
vt 0.34120333 0.84668976
vt 0.34120333 0.84668976
vt 0.34120333 0.84668976
vt 0.34120333 0.84668976
vt 0.34120333 0.84668976
vt 0.34120333 0.84668976
vt 0.34120333 0.84668976
vt 0.34120333 0.84668976
vt 0.34120333 0.84668976
vt 0.34120333 0.84668976
vt 0.34120333 0.84668976
vt 0.34120333 0.84668976
vt 0.34120333 0.84668976
vt 0.34120333 0.84668976
vt 0.34120333 0.84668976
vt 0.34120333 0.84668976
vt 0.34120333 0.84668976
vt 0.34120333 0.84668976
vt 0.34120333 0.84668976
vt 0.34120333 0.84668976
vt 0.34120333 0.84668976
vt 0.34120333 0.84668976
vt 0.34120333 0.84668976
vt 0.34120333 0.84668976
vt 0.22054961 0.4657939
vt 0.22054961 0.4657939
vt 0.22054961 0.4657939
vt 0.22054961 0.4657939
vt 0.22054961 0.4657939
vt 0.22054961 0.4657939
vt 0.22054961 0.4657939
vt 0.22054961 0.4657939
vt 0.22054961 0.4657939
vt 0.22054961 0.4657939
vt 0.22054961 0.4657939
vt 0.22054961 0.4657939
vt 0.22054961 0.4657939
vt 0.22054961 0.4657939
vt 0.22054961 0.4657939
vt 0.22054961 0.4657939
vt 0.22054961 0.4657939
vt 0.22054961 0.4657939
vt 0.22054961 0.4657939
vt 0.22054961 0.4657939
vt 0.22054961 0.4657939
vt 0.22054961 0.4657939
vt 0.22054961 0.4657939
vt 0.22054961 0.4657939
vt 0.22054961 0.4657939
vt 0.22054961 0.4657939
vt 0.22054961 0.4657939
vt 0.22054961 0.4657939
vt 0.22054961 0.4657939
vt 0.22054961 0.4657939
vt 0.22054961 0.4657939
vt 0.22054961 0.4657939
vt 0.22054961 0.4657939
vt 0.22054961 0.4657939
vt 0.22054961 0.4657939
vt 0.22054961 0.4657939
vt 0.22054961 0.4657939
vt 0.22054961 0.4657939
vt 0.22054961 0.4657939
vt 0.22054961 0.4657939
vt 0.22054961 0.4657939
vt 0.22054961 0.4657939
vt 0.22054961 0.4657939
vt 0.22054961 0.4657939
vt 0.22054961 0.4657939
vt 0.22054961 0.4657939
vt 0.22054961 0.4657939
vt 0.22054961 0.4657939
vt 0.22054961 0.4657939
vt 0.22054961 0.4657939
vt 0.22054961 0.4657939
vt 0.22054961 0.4657939
vt 0.22054961 0.4657939
vt 0.22054961 0.4657939
vt 0.22054961 0.4657939
vt 0.22054961 0.4657939
vt 0.22054961 0.4657939
vt 0.22054961 0.4657939
vt 0.22054961 0.4657939
vt 0.22054961 0.4657939
vt 0.22054961 0.4657939
vt 0.22054961 0.4657939
vt 0.22054961 0.4657939
vt 0.22054961 0.4657939
vt 0.22054961 0.4657939
vt 0.22054961 0.4657939
vt 0.22054961 0.4657939
vt 0.22054961 0.4657939
vt 0.22054961 0.4657939
vt 0.22054961 0.4657939
vt 0.22054961 0.4657939
vt 0.22054961 0.4657939
vt 0.22054961 0.4657939
vt 0.22054961 0.4657939
vt 0.22054961 0.4657939
vt 0.22054961 0.4657939
vt 0.22054961 0.4657939
vt 0.22054961 0.4657939
vt 0.22054961 0.4657939
vt 0.22054961 0.4657939
vt 0.22054961 0.4657939
vt 0.22054961 0.4657939
vt 0.22054961 0.4657939
vt 0.22054961 0.4657939
vt 0.22054961 0.4657939
vt 0.22054961 0.4657939
vt 0.22054961 0.4657939
vt 0.22054961 0.4657939
vn -0 -1 0
vn -0 -1 0
vn -0 -1 0
vn 1 0 0
vn 1 0 0
vn 1 0 0
vn 1 0 0
vn -0 0 1
vn -0 0 1
vn -0 0 1
vn -0 0 1
vn -0 0 -1
vn -0 0 -1
vn -0 0 -1
vn -0 0 -1
vn -0.071887344 -0.99741274 0
vn -0.071887344 -0.99741274 0
vn -0.071887344 -0.99741274 0
vn -0.071887344 -0.99741274 0
vn 1.1959302E-06 0.5003133 0.8658445
vn -1.649927E-06 0.6132302 0.7899042
vn -1.8511473E-06 0.5003124 0.86584496
vn 8.0316477E-07 0.6132308 0.7899038
vn -1.2985429E-06 0.80311805 0.59582
vn 1.9961013E-07 0.8031181 0.5958198
vn -1.5627851E-06 0.7184136 0.6956162
vn -0 0.71841365 0.6956162
vn -1.361962E-06 0.264007 0.9645208
vn -0 0.26400566 0.9645211
vn -0 1.867479E-07 1
vn -0 5.602447E-07 1
vn -0 5.602447E-07 1
vn -0 5.602447E-07 1
vn -0 5.602447E-07 1
vn -7.6748665E-07 2.4090575E-06 1
vn -0.6522308 0.20012058 0.73112696
vn -0.4685982 -5.870878E-07 0.8834114
vn -1 -1.9569823E-06 6.296813E-07
vn -0.6777882 0.5904979 0.43808168
vn -0.6522308 0.54457206 0.52729136
vn -0.67778754 0.45088056 0.5807846
vn -0.31642362 0.4746037 0.821357
vn 0.6777882 0.4508849 0.5807805
vn 0.31642267 0.4746076 0.82135516
vn 1 3.9326833E-06 -1.2593632E-06
vn 0.46860042 1.9748218E-06 0.8834102
vn 0.6777889 0.59049934 0.43807828
vn 0.65223235 0.20012479 0.7311246
vn 0.652232 0.5445737 0.52728814
vn 0.31642267 0.4746076 0.82135516
vn 1.7497359E-06 0.61323136 0.7899034
vn 1.851139E-06 0.5003138 0.86584413
vn 0.6777882 0.4508849 0.5807805
vn 1.3983479E-06 0.8031184 0.5958195
vn 0.6777889 0.59049934 0.43807828
vn 1.5627828E-06 0.7184139 0.69561595
vn 0.652232 0.5445737 0.52728814
vn 2.0619348E-06 0.2640061 0.964521
vn 0.65223235 0.20012479 0.7311246
vn 0.46860042 1.9748218E-06 0.8834102
vn 4.2355205E-06 1.4939798E-07 1
vn 4.23552E-06 1.4939798E-07 1
vn 4.23552E-06 1.4939798E-07 1
vn 4.23552E-06 1.4939798E-07 1
vn 2.1177602E-06 0 1
vn 1.851139E-06 0.5003138 0.86584413
vn 8.0316477E-07 0.6132308 0.7899038
vn 1.1959302E-06 0.5003133 0.8658445
vn 1.7497359E-06 0.61323136 0.7899034
vn 1.9961013E-07 0.8031181 0.5958198
vn 1.3983479E-06 0.8031184 0.5958195
vn -0 0.71841365 0.6956162
vn 1.5627828E-06 0.7184139 0.69561595
vn -0 0.26400566 0.9645211
vn 2.0619348E-06 0.2640061 0.964521
vn 2.1177602E-06 0 1
vn -0 -1.8674896E-07 1
vn -0 -1.8674899E-07 1
vn -0 -1.8674898E-07 1
vn -0 -1.8674896E-07 1
vn -0 1.867479E-07 1
vn -1.8511473E-06 0.5003124 0.86584496
vn -6.48307E-07 0.61322933 0.78990495
vn -4.5972723E-07 0.5003114 0.86584556
vn -1.649927E-06 0.6132302 0.7899042
vn -4.7387704E-07 0.8031178 0.5958203
vn -1.2985429E-06 0.80311805 0.59582
vn -0 0.71841484 0.69561493
vn -1.5627851E-06 0.7184136 0.6956162
vn 6.3087975E-07 0.26400822 0.96452045
vn -1.361962E-06 0.264007 0.9645208
vn -7.6748665E-07 2.4090575E-06 1
vn -1.5349707E-06 4.257864E-06 1
vn -1.5349708E-06 4.257864E-06 1
vn -1.5349707E-06 4.257864E-06 1
vn -1.5349707E-06 4.257864E-06 1
vn 1.2169987E-06 3.1747165E-06 1
vn -0 3.73496E-07 1
vn -0.4685982 -5.870878E-07 0.8834114
vn -0.6522308 0.20012058 0.73112696
vn -0 3.73496E-07 1
vn -0 3.73496E-07 1
vn -0 3.73496E-07 1
vn 1.9844642E-06 1.2325385E-06 1
vn 1.9928439E-06 0.26400676 0.9645208
vn 1.5627955E-06 0.7184144 0.6956153
vn -0.6522308 0.54457206 0.52729136
vn 1.298547E-06 0.80311805 0.59582
vn -0.6777882 0.5904979 0.43808168
vn 1.6499303E-06 0.61322886 0.78990525
vn -0.67778754 0.45088056 0.5807846
vn 1.8511372E-06 0.5003107 0.8658459
vn -0.31642362 0.4746037 0.821357
vn 3.968933E-06 2.091583E-06 1
vn 1.9844642E-06 1.2325385E-06 1
vn 1.9928439E-06 0.26400676 0.9645208
vn 3.968933E-06 2.091583E-06 1
vn 3.968933E-06 2.091583E-06 1
vn 3.968933E-06 2.091583E-06 1
vn 1.2169987E-06 3.1747165E-06 1
vn 6.3087975E-07 0.26400822 0.96452045
vn -0 0.71841484 0.69561493
vn 1.5627955E-06 0.7184144 0.6956153
vn -4.7387704E-07 0.8031178 0.5958203
vn 1.298547E-06 0.80311805 0.59582
vn -6.48307E-07 0.61322933 0.78990495
vn 1.6499303E-06 0.61322886 0.78990525
vn -4.5972723E-07 0.5003114 0.86584556
vn 1.8511372E-06 0.5003107 0.8658459
vn 0.07188851 -0.99741274 0
vn 0.07188851 -0.99741274 0
vn 0.07188851 -0.99741274 0
vn 0.07188851 -0.99741274 0
vn -1 0 0
vn -1 0 0
vn -1 0 0
vn -1 0 0
vn -0 -0.99716824 0.07520225
vn -0 -0.99716824 0.07520225
vn -0 -0.99716824 0.07520225
vn -0 -0.99716824 0.07520225
vn -0 -0.99716824 -0.075202756
vn -0 -0.99716824 -0.075202756
vn -0 -0.99716824 -0.075202756
vn -0 -0.99716824 -0.075202756
vn -0 0 -1
vn -0 0 -1
vn -0 0 -1
vn -0 0 -1
vn 1 0 0
vn 1 0 0
vn 1 0 0
vn 1 0 0
vn -0 -2.578158E-07 1
vn -0 -2.578158E-07 1
vn -0 -2.578158E-07 1
vn -0 -2.578158E-07 1
vn 0.8039248 0.594731 0
vn 0.8039248 0.594731 0
vn 0.8039248 0.594731 0
vn 0.8039248 0.594731 0
vn -0 1 0
vn -0 1 0
vn -0 1 0
vn -0 1 0
vn -0 1 0
vn -0 1 0
vn -0 1 0
vn -0 1 0
vn -0 0.57729334 -0.81653684
vn -0 0.57729334 -0.81653684
vn -0 0.57729334 -0.81653684
vn -0 0.57729334 -0.81653684
vn -0 0.57729197 0.8165378
vn -0 0.57729197 0.8165378
vn -0 0.57729197 0.8165378
vn -0 0.57729197 0.8165378
vn -0.80392617 0.59472907 0
vn -0.80392617 0.59472907 0
vn -0.80392617 0.59472907 0
vn -0.80392617 0.59472907 0
vn -1 0 0
vn -1 0 0
vn -1 0 0
vn -1 0 0
vn -0.703337 0.00014758129 0.71085656
vn -0.703337 0.00014758129 0.71085656
vn -0.703337 0.00014758129 0.71085656
vn -0.703337 0.00014758129 0.71085656
vn -0.7033373 0.00014760805 -0.7108562
vn -0.7033373 0.00014760805 -0.7108562
vn -0.7033373 0.00014760805 -0.7108562
vn -0.7033373 0.00014760805 -0.7108562
vn 0.70333797 0.00014760725 -0.71085554
vn 0.70333797 0.00014760725 -0.71085554
vn 0.70333797 0.00014760725 -0.71085554
vn 0.70333797 0.00014760725 -0.71085554
vn -0.036707755 -0.9986358 -0.037134804
vn -0.036707755 -0.9986358 -0.037134804
vn -0.036707755 -0.9986358 -0.037134804
vn -0.036707755 -0.9986358 -0.037134804
vn 0.0367093 -0.9986357 -0.03713503
vn 0.0367093 -0.9986357 -0.03713503
vn 0.0367093 -0.9986357 -0.03713503
vn 0.0367093 -0.9986357 -0.03713503
vn 0.03670917 -0.9986357 0.0371349
vn 0.03670917 -0.9986357 0.0371349
vn 0.03670917 -0.9986357 0.0371349
vn 0.03670917 -0.9986357 0.0371349
vn -0.036708876 -0.9986358 0.037134692
vn -0.036708876 -0.9986358 0.037134692
vn -0.036708876 -0.9986358 0.037134692
vn -0.036708876 -0.9986358 0.037134692
vn 0.70270085 0.0011193888 0.71148443
vn 0.70270085 0.0011193888 0.71148443
vn 0.70270085 0.0011193888 0.71148443
vn 0.70270085 0.0011193888 0.71148443
vn -0.7026997 0.0011196051 0.71148574
vn -0.7026997 0.0011196051 0.71148574
vn -0.7026997 0.0011196051 0.71148574
vn -0.7026997 0.0011196051 0.71148574
vn -0.70269966 0.0011198363 -0.71148574
vn -0.70269966 0.0011198363 -0.71148574
vn -0.70269966 0.0011198363 -0.71148574
vn -0.70269966 0.0011198363 -0.71148574
vn 0.70270085 0.0011192074 -0.71148443
vn 0.70270085 0.0011192074 -0.71148443
vn 0.70270085 0.0011192074 -0.71148443
vn 0.70270085 0.0011192074 -0.71148443
vn -0.49076065 0.715057 0.4978427
vn -0.49076065 0.715057 0.4978427
vn -0.49076065 0.715057 0.4978427
vn -0.49076065 0.715057 0.4978427
vn -0.4907594 0.7150582 -0.49784228
vn -0.4907594 0.7150582 -0.49784228
vn -0.4907594 0.7150582 -0.49784228
vn -0.4907594 0.7150582 -0.49784228
vn 0.49075857 0.7150588 -0.4978423
vn 0.49075857 0.7150588 -0.4978423
vn 0.49075857 0.7150588 -0.4978423
vn 0.49075857 0.7150588 -0.4978423
vn 0.4907592 0.71505785 0.49784315
vn 0.4907592 0.71505785 0.49784315
vn 0.4907592 0.71505785 0.49784315
vn 0.4907592 0.71505785 0.49784315
vn -0 -1 0
vn -0 -1 0
vn -0 -1 0
vn -0 -1 0
vn -0 -1 0
vn -0 -1 0
vn -0 -1 0
vn 0.8771055 0 0.48029774
vn 0.8771055 0 0.48029774
vn 0.8771055 0 0.48029774
vn 0.8771055 0 0.48029774
vn 0.0008494612 0.8736796 0.4865012
vn 0.0008494612 0.8736796 0.4865012
vn 0.0008494612 0.8736796 0.4865012
vn 0.0008494612 0.8736796 0.4865012
vn 0.9360999 0 0.3517345
vn 0.9360999 0 0.3517345
vn 0.9360999 0 0.3517345
vn 0.9360999 0 0.3517345
vn 0.00061956333 0.90542835 0.42449865
vn 0.00061956333 0.90542835 0.42449865
vn 0.00061956333 0.90542835 0.42449865
vn 0.00061956333 0.90542835 0.42449865
vn -0.93838215 0 0.3455994
vn -0.93838215 0 0.3455994
vn -0.93838215 0 0.3455994
vn -0.93838215 0 0.3455994
vn -0.8763381 0 0.4816966
vn -0.8763381 0 0.4816966
vn -0.8763381 0 0.4816966
vn -0.8763381 0 0.4816966
vn 0.00084935094 -0.8736789 0.4865022
vn 0.00084935094 -0.8736789 0.4865022
vn 0.00084935094 -0.8736789 0.4865022
vn 0.00084935094 -0.8736789 0.4865022
vn 0.0005773438 -0.91843027 0.39558253
vn 0.0005773438 -0.91843027 0.39558253
vn 0.0005773438 -0.91843027 0.39558253
vn 0.0005773438 -0.91843027 0.39558253
vn 0.0018886995 0 0.9999982
vn 0.0018886995 0 0.9999982
vn 0.0018886995 0 0.9999982
vn 0.0018886995 0 0.9999982
vn -0 1 0
vn -0 1 0
vn -0 1 0
vn -0 1 0
vn -0 -1 0
vn -0 -1 0
vn -0 -1 0
vn -0 -1 0
vn 0.013827603 0 0.9999044
vn 0.013827603 0 0.9999044
vn 0.013827603 0 0.9999044
vn 0.013827603 0 0.9999044
vn 0.010398871 0 0.999946
vn 0.010398871 0 0.999946
vn 0.010398871 0 0.999946
vn 0.010398871 0 0.999946
vn -0.009816959 0 -0.99995184
vn -0.009816959 0 -0.99995184
vn -0.009816959 0 -0.99995184
vn -0.009816959 0 -0.99995184
vn -0.9471604 0 0.32076022
vn -0.9471604 0 0.32076022
vn -0.9471604 0 0.32076022
vn -0.9471604 0 0.32076022
vn 0.96487415 0 0.26271257
vn 0.96487415 0 0.26271257
vn 0.96487415 0 0.26271257
vn 0.96487415 0 0.26271257
vn 0.003465817 0.9387064 0.34470043
vn 0.003465817 0.9387064 0.34470043
vn 0.003465817 0.9387064 0.34470043
vn 0.003465817 0.9387064 0.34470043
vn 0.004555674 -0.89147097 0.45305505
vn 0.004555674 -0.89147097 0.45305505
vn 0.004555674 -0.89147097 0.45305505
vn 0.004555674 -0.89147097 0.45305505
vn -0.87488025 0 0.48433942
vn -0.87488025 0 0.48433942
vn -0.87488025 0 0.48433942
vn -0.87488025 0 0.48433942
vn -0.0008694271 0.8671984 0.4979619
vn -0.0008694271 0.8671984 0.4979619
vn -0.0008694271 0.8671984 0.4979619
vn -0.0008694271 0.8671984 0.4979619
vn -0.9361027 0 0.35172692
vn -0.9361027 0 0.35172692
vn -0.9361027 0 0.35172692
vn -0.9361027 0 0.35172692
vn -0.00061958213 0.90542847 0.42449847
vn -0.00061958213 0.90542847 0.42449847
vn -0.00061958213 0.90542847 0.42449847
vn -0.00061958213 0.90542847 0.42449847
vn 0.93838215 0 0.34559953
vn 0.93838215 0 0.34559953
vn 0.93838215 0 0.34559953
vn 0.93838215 0 0.34559953
vn 0.87410504 0 0.485737
vn 0.87410504 0 0.485737
vn 0.87410504 0 0.485737
vn 0.87410504 0 0.485737
vn -0.0008695748 -0.8671979 0.4979629
vn -0.0008695748 -0.8671979 0.4979629
vn -0.0008695748 -0.8671979 0.4979629
vn -0.0008695748 -0.8671979 0.4979629
vn -0.00057734543 -0.91843027 0.3955825
vn -0.00057734543 -0.91843027 0.3955825
vn -0.00057734543 -0.91843027 0.3955825
vn -0.00057734543 -0.91843027 0.3955825
vn -0.001888573 0 0.9999982
vn -0.001888573 0 0.9999982
vn -0.001888573 0 0.9999982
vn -0.001888573 0 0.9999982
vn -0 1 0
vn -0 1 0
vn -0 1 0
vn -0 1 0
vn -1.0522786E-07 -1 0
vn -1.0522786E-07 -1 0
vn -1.0522786E-07 -1 0
vn -1.0522786E-07 -1 0
vn -0.01382785 0 0.9999044
vn -0.01382785 0 0.9999044
vn -0.01382785 0 0.9999044
vn -0.01382785 0 0.9999044
vn -0.010397603 0 0.999946
vn -0.010397603 0 0.999946
vn -0.010397603 0 0.999946
vn -0.010397603 0 0.999946
vn 0.00981703 0 -0.99995184
vn 0.00981703 0 -0.99995184
vn 0.00981703 0 -0.99995184
vn 0.00981703 0 -0.99995184
vn 0.9471636 0 0.32075098
vn 0.9471636 0 0.32075098
vn 0.9471636 0 0.32075098
vn 0.9471636 0 0.32075098
vn -0.9648747 0 0.26271072
vn -0.9648747 0 0.26271072
vn -0.9648747 0 0.26271072
vn -0.9648747 0 0.26271072
vn -0.0034661712 0.9387064 0.3447005
vn -0.0034661712 0.9387064 0.3447005
vn -0.0034661712 0.9387064 0.3447005
vn -0.0034661712 0.9387064 0.3447005
vn -0.0045555364 -0.89147085 0.4530552
vn -0.0045555364 -0.89147085 0.4530552
vn -0.0045555364 -0.89147085 0.4530552
vn -0.0045555364 -0.89147085 0.4530552
vn 0.0006617881 0 0.99999976
vn 0.0006617881 0 0.99999976
vn 0.0006617881 0 0.99999976
vn 0.0006617881 0 0.99999976
vn -0 1 0
vn -0 1 0
vn -0 1 0
vn -0 1 0
vn -0 -1 0
vn -0 -1 0
vn -0 -1 0
vn -0 -1 0
vn -1 0 0
vn -1 0 0
vn -1 0 0
vn -1 0 0
vn 1 0 0
vn 1 0 0
vn 1 0 0
vn 1 0 0
vn -0.7033966 0.00016097343 -0.7107976
vn -0.7033966 0.00016097343 -0.7107976
vn -0.7033966 0.00016097343 -0.7107976
vn -0.7033966 0.00016097343 -0.7107976
vn 0.7033985 0.00016053826 -0.7107957
vn 0.7033985 0.00016053826 -0.7107957
vn 0.7033985 0.00016053826 -0.7107957
vn 0.7033985 0.00016053826 -0.7107957
vn 0.70339864 0.00016094935 0.7107956
vn 0.70339864 0.00016094935 0.7107956
vn 0.70339864 0.00016094935 0.7107956
vn 0.70339864 0.00016094935 0.7107956
vn -0.70339745 0.00016069047 0.7107967
vn -0.70339745 0.00016069047 0.7107967
vn -0.70339745 0.00016069047 0.7107967
vn -0.70339745 0.00016069047 0.7107967
vn -1 0 0
vn -1 0 0
vn -1 0 0
vn -1 0 0
vn -0 0 -1
vn -0 0 -1
vn -0 0 -1
vn -0 0 -1
vn -0 -4.0144997E-07 1
vn -0 -4.0144997E-07 1
vn -0 -4.0144997E-07 1
vn -0 -4.0144997E-07 1
vn 1 0 0
vn 1 0 0
vn 1 0 0
vn 1 0 0
vn -0 1 0
vn -0 1 0
vn -0 1 0
vn -0 1 0
vn -0 1 0
vn -0 1 0
vn -0 1 0
vn -0 1 0
vn 0.70333785 0.00014757593 0.7108557
vn 0.70333785 0.00014757593 0.7108557
vn 0.70333785 0.00014757593 0.7108557
vn 0.70333785 0.00014757593 0.7108557
vn 1 1.2942564E-06 -0.0003965063
vn 1 1.2942564E-06 -0.0003965063
vn 1 1.2942564E-06 -0.0003965063
vn 1 1.2942564E-06 -0.0003965063
vn 1 1.2942564E-06 -0.0003965063
vn 1 1.2942564E-06 -0.0003965063
vn 1 1.2942564E-06 -0.0003965063
vn 1 1.2942564E-06 -0.0003965063
vn 0.45786873 0 0.88901985
vn 0.45786873 0 0.88901985
vn 0.45786873 0 0.88901985
vn 0.45786873 0 0.88901985
vn 0.35673735 0.71281683 -0.60384655
vn 0.35673735 0.71281683 -0.60384655
vn 0.35673735 0.71281683 -0.60384655
vn 0.35673735 0.71281683 -0.60384655
vn 1 0 -0.00029804913
vn 1 0 -0.00029804913
vn 1 0 -0.00029804913
vn 1 0 -0.00029804913
vn 0.4971078 0.8676887 -0.00019308102
vn 0.4971078 0.8676887 -0.00019308102
vn 0.4971078 0.8676887 -0.00019308102
vn 0.4971078 0.8676887 -0.00019308102
vn 0.49712786 0.8676772 -0.00020169394
vn 0.49712786 0.8676772 -0.00020169394
vn 0.35680124 0.7129723 0.60362524
vn 0.35680124 0.7129723 0.60362524
vn 0.35680124 0.7129723 0.60362524
vn 0.35680124 0.7129723 0.60362524
vn 0.34214902 0 -0.9396457
vn 0.34214902 0 -0.9396457
vn 0.34214902 0 -0.9396457
vn 0.34214902 0 -0.9396457
vn 0.34223667 0 0.9396138
vn 0.34223667 0 0.9396138
vn 0.34223667 0 0.9396138
vn 0.34223667 0 0.9396138
vn 0.391575 -0.92014617 -0.00014507619
vn 0.391575 -0.92014617 -0.00014507619
vn 0.391575 -0.92014617 -0.00014507619
vn 0.391575 -0.92014617 -0.00014507619
vn 0.39157844 -0.92014474 -0.00014547321
vn 0.39157844 -0.92014474 -0.00014547321
vn 0.45775825 0 -0.88907677
vn 0.45775825 0 -0.88907677
vn 0.45775825 0 -0.88907677
vn 0.45775825 0 -0.88907677
vn -9.0702105E-07 -1 0
vn -9.0702105E-07 -1 0
vn -9.0702105E-07 -1 0
vn -9.0702105E-07 -1 0
vn -0 1 0
vn -0 1 0
vn -0 1 0
vn -0 1 0
vn 0.47201806 -0.57425934 0.6688986
vn 0.47201806 -0.57425934 0.6688986
vn 0.47201806 -0.57425934 0.6688986
vn 0.47201806 -0.57425934 0.6688986
vn 0.4066537 0.9051682 0.123707
vn 0.4066537 0.9051682 0.123707
vn 0.4066537 0.9051682 0.123707
vn 0.4066537 0.9051682 0.123707
vn 0.45358455 -0.86284494 -0.22306874
vn 0.45358455 -0.86284494 -0.22306874
vn 0.45358455 -0.86284494 -0.22306874
vn 0.45358455 -0.86284494 -0.22306874
vn 0.47186872 -0.5739665 -0.669255
vn 0.47186872 -0.5739665 -0.669255
vn 0.47186872 -0.5739665 -0.669255
vn 0.47186872 -0.5739665 -0.669255
vn 0.45361856 -0.8628753 0.2228821
vn 0.45361856 -0.8628753 0.2228821
vn 0.45361856 -0.8628753 0.2228821
vn 0.45361856 -0.8628753 0.2228821
vn 0.40664443 0.9051448 -0.12390754
vn 0.40664443 0.9051448 -0.12390754
vn 0.40664443 0.9051448 -0.12390754
vn 0.40664443 0.9051448 -0.12390754
vn 1 1.350598E-06 -0.00039650648
vn 1 1.350598E-06 -0.00039650648
vn 1 1.350598E-06 -0.00039650648
vn 1 1.350598E-06 -0.00039650648
vn 1 1.350598E-06 -0.00039650648
vn 1 1.350598E-06 -0.00039650648
vn 1 1.350598E-06 -0.00039650648
vn 1 1.350598E-06 -0.00039650648
vn 0.45786834 0 0.88902
vn 0.45786834 0 0.88902
vn 0.45786834 0 0.88902
vn 0.45786834 0 0.88902
vn 0.35673767 0.71281695 -0.60384613
vn 0.35673767 0.71281695 -0.60384613
vn 0.35673767 0.71281695 -0.60384613
vn 0.35673767 0.71281695 -0.60384613
vn 1 0 -0.0002980496
vn 1 0 -0.0002980496
vn 1 0 -0.0002980496
vn 1 0 -0.0002980496
vn 0.49710786 0.8676887 -0.00019308105
vn 0.49710786 0.8676887 -0.00019308105
vn 0.49710786 0.8676887 -0.00019308105
vn 0.49710786 0.8676887 -0.00019308105
vn 0.49712843 0.867677 -0.00020169416
vn 0.49712843 0.867677 -0.00020169416
vn 0.35680112 0.71297246 0.6036251
vn 0.35680112 0.71297246 0.6036251
vn 0.35680112 0.71297246 0.6036251
vn 0.35680112 0.71297246 0.6036251
vn 0.34215087 0 -0.93964493
vn 0.34215087 0 -0.93964493
vn 0.34215087 0 -0.93964493
vn 0.34215087 0 -0.93964493
vn 0.34223682 0 0.9396137
vn 0.34223682 0 0.9396137
vn 0.34223682 0 0.9396137
vn 0.34223682 0 0.9396137
vn 0.391575 -0.92014617 -0.00014521064
vn 0.391575 -0.92014617 -0.00014521064
vn 0.391575 -0.92014617 -0.00014521064
vn 0.391575 -0.92014617 -0.00014521064
vn 0.39157647 -0.9201455 -0.00014533885
vn 0.39157647 -0.9201455 -0.00014533885
vn 0.45775926 0 -0.8890762
vn 0.45775926 0 -0.8890762
vn 0.45775926 0 -0.8890762
vn 0.45775926 0 -0.8890762
vn -0 -1 0
vn -0 -1 0
vn -0 -1 0
vn -0 -1 0
vn -0 1 0
vn -0 1 0
vn -0 1 0
vn -0 1 0
vn 0.47201812 -0.5742592 0.6688986
vn 0.47201812 -0.5742592 0.6688986
vn 0.47201812 -0.5742592 0.6688986
vn 0.47201812 -0.5742592 0.6688986
vn 0.4066548 0.9051676 0.12370701
vn 0.4066548 0.9051676 0.12370701
vn 0.4066548 0.9051676 0.12370701
vn 0.4066548 0.9051676 0.12370701
vn 0.45358565 -0.8628444 -0.22306876
vn 0.45358565 -0.8628444 -0.22306876
vn 0.45358565 -0.8628444 -0.22306876
vn 0.45358565 -0.8628444 -0.22306876
vn 0.47186825 -0.57396597 -0.66925585
vn 0.47186825 -0.57396597 -0.66925585
vn 0.47186825 -0.57396597 -0.66925585
vn 0.47186825 -0.57396597 -0.66925585
vn 0.4536174 -0.86287594 0.22288188
vn 0.4536174 -0.86287594 0.22288188
vn 0.4536174 -0.86287594 0.22288188
vn 0.4536174 -0.86287594 0.22288188
vn 0.4066423 0.9051458 -0.12390812
vn 0.4066423 0.9051458 -0.12390812
vn 0.4066423 0.9051458 -0.12390812
vn 0.4066423 0.9051458 -0.12390812
vn -1 1.3150801E-06 0.00039707695
vn -1 1.3150801E-06 0.00039707695
vn -1 1.3150801E-06 0.00039707695
vn -1 1.3150801E-06 0.00039707695
vn -1 1.3150801E-06 0.00039707695
vn -1 1.3150801E-06 0.00039707695
vn -1 1.3150801E-06 0.00039707695
vn -1 1.3150801E-06 0.00039707695
vn -0.45786732 0 -0.8890205
vn -0.45786732 0 -0.8890205
vn -0.45786732 0 -0.8890205
vn -0.45786732 0 -0.8890205
vn -0.35673586 0.71281695 0.6038473
vn -0.35673586 0.71281695 0.6038473
vn -0.35673586 0.71281695 0.6038473
vn -0.35673586 0.71281695 0.6038473
vn -1 0 0.00029786423
vn -1 0 0.00029786423
vn -1 0 0.00029786423
vn -1 0 0.00029786423
vn -0.49710673 0.8676894 0.00019365571
vn -0.49710673 0.8676894 0.00019365571
vn -0.49710673 0.8676894 0.00019365571
vn -0.49710673 0.8676894 0.00019365571
vn -0.49712685 0.86767787 0.00020188569
vn -0.49712685 0.86767787 0.00020188569
vn -0.35680145 0.712973 -0.6036242
vn -0.35680145 0.712973 -0.6036242
vn -0.35680145 0.712973 -0.6036242
vn -0.35680145 0.712973 -0.6036242
vn -0.34214932 0 0.9396456
vn -0.34214932 0 0.9396456
vn -0.34214932 0 0.9396456
vn -0.34214932 0 0.9396456
vn -0.3422361 0 -0.939614
vn -0.3422361 0 -0.939614
vn -0.3422361 0 -0.939614
vn -0.3422361 0 -0.939614
vn -0.39157522 -0.92014605 0.00014494141
vn -0.39157522 -0.92014605 0.00014494141
vn -0.39157522 -0.92014605 0.00014494141
vn -0.39157522 -0.92014605 0.00014494141
vn -0.39157844 -0.92014474 0.00014560769
vn -0.39157844 -0.92014474 0.00014560769
vn -0.45775926 0 0.8890762
vn -0.45775926 0 0.8890762
vn -0.45775926 0 0.8890762
vn -0.45775926 0 0.8890762
vn -0 -1 0
vn -0 -1 0
vn -0 -1 0
vn -0 -1 0
vn 3.7347937E-07 1 0
vn 3.7347937E-07 1 0
vn 3.7347937E-07 1 0
vn 3.7347937E-07 1 0
vn -0.4720169 -0.5742597 -0.668899
vn -0.4720169 -0.5742597 -0.668899
vn -0.4720169 -0.5742597 -0.668899
vn -0.4720169 -0.5742597 -0.668899
vn -0.40665397 0.905168 -0.12370721
vn -0.40665397 0.905168 -0.12370721
vn -0.40665397 0.905168 -0.12370721
vn -0.40665397 0.905168 -0.12370721
vn -0.45358458 -0.8628451 0.22306804
vn -0.45358458 -0.8628451 0.22306804
vn -0.45358458 -0.8628451 0.22306804
vn -0.45358458 -0.8628451 0.22306804
vn -0.47186902 -0.5739649 0.66925615
vn -0.47186902 -0.5739649 0.66925615
vn -0.47186902 -0.5739649 0.66925615
vn -0.47186902 -0.5739649 0.66925615
vn -0.45361823 -0.86287546 -0.22288197
vn -0.45361823 -0.86287546 -0.22288197
vn -0.45361823 -0.86287546 -0.22288197
vn -0.45361823 -0.86287546 -0.22288197
vn -0.40664414 0.9051448 0.12390829
vn -0.40664414 0.9051448 0.12390829
vn -0.40664414 0.9051448 0.12390829
vn -0.40664414 0.9051448 0.12390829
vn -1 1.3713163E-06 0.0003970769
vn -1 1.3713163E-06 0.0003970769
vn -1 1.3713163E-06 0.0003970769
vn -1 1.3713163E-06 0.0003970769
vn -1 1.3713163E-06 0.0003970769
vn -1 1.3713163E-06 0.0003970769
vn -1 1.3713163E-06 0.0003970769
vn -1 1.3713163E-06 0.0003970769
vn -0.45786762 0 -0.8890204
vn -0.45786762 0 -0.8890204
vn -0.45786762 0 -0.8890204
vn -0.45786762 0 -0.8890204
vn -0.35673693 0.71281683 0.6038467
vn -0.35673693 0.71281683 0.6038467
vn -0.35673693 0.71281683 0.6038467
vn -0.35673693 0.71281683 0.6038467
vn -1 0 0.0002980496
vn -1 0 0.0002980496
vn -1 0 0.0002980496
vn -1 0 0.0002980496
vn -0.49710697 0.86768925 0.00019327269
vn -0.49710697 0.86768925 0.00019327269
vn -0.49710697 0.86768925 0.00019327269
vn -0.49710697 0.86768925 0.00019327269
vn -0.49712676 0.8676779 0.00020226908
vn -0.49712676 0.8676779 0.00020226908
vn -0.35680145 0.7129726 -0.6036247
vn -0.35680145 0.7129726 -0.6036247
vn -0.35680145 0.7129726 -0.6036247
vn -0.35680145 0.7129726 -0.6036247
vn -0.3421498 0 0.93964535
vn -0.3421498 0 0.93964535
vn -0.3421498 0 0.93964535
vn -0.3421498 0 0.93964535
vn -0.34223655 0 -0.9396139
vn -0.34223655 0 -0.9396139
vn -0.34223655 0 -0.9396139
vn -0.34223655 0 -0.9396139
vn -0.3915762 -0.92014575 0.00014521029
vn -0.3915762 -0.92014575 0.00014521029
vn -0.3915762 -0.92014575 0.00014521029
vn -0.3915762 -0.92014575 0.00014521029
vn -0.39157894 -0.9201445 0.00014533856
vn -0.39157894 -0.9201445 0.00014533856
vn -0.45775855 0 0.88907653
vn -0.45775855 0 0.88907653
vn -0.45775855 0 0.88907653
vn -0.45775855 0 0.88907653
vn 6.9360436E-07 -1 0
vn 6.9360436E-07 -1 0
vn 6.9360436E-07 -1 0
vn 6.9360436E-07 -1 0
vn -0 1 0
vn -0 1 0
vn -0 1 0
vn -0 1 0
vn -0.47201824 -0.5742596 -0.6688981
vn -0.47201824 -0.5742596 -0.6688981
vn -0.47201824 -0.5742596 -0.6688981
vn -0.47201824 -0.5742596 -0.6688981
vn -0.40665418 0.9051679 -0.12370723
vn -0.40665418 0.9051679 -0.12370723
vn -0.40665418 0.9051679 -0.12370723
vn -0.40665418 0.9051679 -0.12370723
vn -0.45358506 -0.8628445 0.22306941
vn -0.45358506 -0.8628445 0.22306941
vn -0.45358506 -0.8628445 0.22306941
vn -0.45358506 -0.8628445 0.22306941
vn -0.47186884 -0.5739654 0.669256
vn -0.47186884 -0.5739654 0.669256
vn -0.47186884 -0.5739654 0.669256
vn -0.47186884 -0.5739654 0.669256
vn -0.4536182 -0.86287546 -0.22288223
vn -0.4536182 -0.86287546 -0.22288223
vn -0.4536182 -0.86287546 -0.22288223
vn -0.4536182 -0.86287546 -0.22288223
vn -0.4066416 0.905146 0.12390875
vn -0.4066416 0.905146 0.12390875
vn -0.4066416 0.905146 0.12390875
vn -0.4066416 0.905146 0.12390875
vn 1 0 -0.00026792855
vn 1 0 -0.00026792855
vn 1 0 -0.00026792855
vn 1 0 -0.00026792855
vn -0 -1 0
vn -0 -1 0
vn -0 -1 0
vn -0 -1 0
vn -0 1 0
vn -0 1 0
vn -0 1 0
vn -0 1 0
vn -0 0 1
vn -0 0 1
vn -0 0 1
vn -0 0 1
vn -0 0 -1
vn -0 0 -1
vn -0 0 -1
vn -0 0 -1
vn 1 0 -0.00026792882
vn 1 0 -0.00026792882
vn 1 0 -0.00026792882
vn 1 0 -0.00026792882
vn -0 -1 0
vn -0 -1 0
vn -0 -1 0
vn -0 -1 0
vn 1.9922109E-07 1 0
vn 1.9922109E-07 1 0
vn 1.9922109E-07 1 0
vn 1.9922109E-07 1 0
vn -5.113362E-07 0 1
vn -5.113362E-07 0 1
vn -5.113362E-07 0 1
vn -5.113362E-07 0 1
vn -0 0 -1
vn -0 0 -1
vn -0 0 -1
vn -0 0 -1
vn -1 0 0.00026792882
vn -1 0 0.00026792882
vn -1 0 0.00026792882
vn -1 0 0.00026792882
vn -3.6704864E-07 -1 0
vn -3.6704864E-07 -1 0
vn -3.6704864E-07 -1 0
vn -3.6704864E-07 -1 0
vn 1.7386334E-07 1 0
vn 1.7386334E-07 1 0
vn 1.7386334E-07 1 0
vn 1.7386334E-07 1 0
vn 1.1687698E-06 0 -1
vn 1.1687698E-06 0 -1
vn 1.1687698E-06 0 -1
vn 1.1687698E-06 0 -1
vn -0 0 1
vn -0 0 1
vn -0 0 1
vn -0 0 1
vn -1 0 0.00026792882
vn -1 0 0.00026792882
vn -1 0 0.00026792882
vn -1 0 0.00026792882
vn -0 -1 0
vn -0 -1 0
vn -0 -1 0
vn -0 -1 0
vn -0 1 0
vn -0 1 0
vn -0 1 0
vn -0 1 0
vn -0 0 -1
vn -0 0 -1
vn -0 0 -1
vn -0 0 -1
vn -0 0 1
vn -0 0 1
vn -0 0 1
vn -0 0 1
vn 1.8702981E-06 -1.104766E-06 1
vn 1.8702981E-06 -1.104766E-06 1
vn 1.8702981E-06 -1.104766E-06 1
vn 1.8702981E-06 -1.104766E-06 1
vn -0 0 1
vn 2.102046E-06 -1.7329896E-06 1
vn -0 0 1
vn 2.102046E-06 -1.7329896E-06 1
vn 2.4054355E-06 2.888312E-07 1
vn -0 0 1
vn 2.4054355E-06 2.888312E-07 1
vn 2.4054355E-06 2.888312E-07 1
vn -0 0 1
vn 2.4054355E-06 2.888312E-07 1
vn 2.4105227E-06 -8.2857457E-07 1
vn -0 1.3237262E-07 1
vn 2.4105227E-06 -8.2857457E-07 1
vn -0 1.3237262E-07 1
vn 6.362912E-07 1.6508275E-07 1
vn 6.362912E-07 1.6508275E-07 1
vn 6.362912E-07 1.6508275E-07 1
vn 6.362912E-07 1.6508275E-07 1
vn 6.362912E-07 1.6508275E-07 1
vn 6.362912E-07 1.6508275E-07 1
vn 6.362912E-07 1.6508275E-07 1
vn 6.362912E-07 1.6508275E-07 1
vn 6.362912E-07 1.6508275E-07 1
vn 6.362912E-07 1.6508275E-07 1
vn 6.362912E-07 1.6508275E-07 1
vn 6.362912E-07 1.6508275E-07 1
vn 6.362912E-07 1.6508275E-07 1
vn 6.362912E-07 1.6508275E-07 1
vn 6.362912E-07 1.6508275E-07 1
vn 6.362912E-07 1.6508275E-07 1
vn 6.362912E-07 1.6508275E-07 1
vn 6.362912E-07 1.6508275E-07 1
vn 6.362912E-07 1.6508275E-07 1
vn 6.362912E-07 1.6508275E-07 1
vn 6.362912E-07 1.6508275E-07 1
vn 6.362912E-07 1.6508275E-07 1
vn 6.362912E-07 1.6508275E-07 1
vn 6.362912E-07 1.6508275E-07 1
vn 6.362912E-07 1.6508275E-07 1
vn 6.362912E-07 1.6508275E-07 1
vn 6.362912E-07 1.6508275E-07 1
vn 6.362912E-07 1.6508275E-07 1
vn 6.362912E-07 1.6508275E-07 1
vn 6.362912E-07 1.6508275E-07 1
vn 0.7348972 0.390508 0.55446345
vn 0.5704098 0.46121675 -0.67964095
vn 0.78180027 0.16905728 -0.60017335
vn 0.7818003 0.16905785 0.60017306
vn 0.44861212 -0.6622239 -0.6001722
vn 0.44861254 -0.66222364 0.60017216
vn 0.2658064 -0.72332335 -0.6372992
vn 0.265807 -0.723323 0.6372994
vn 0.30281937 -0.69957155 -0.64722484
vn 0.30282 -0.6995712 0.647225
vn -0.15602693 -0.7499365 -0.6428458
vn -0.15602683 -0.7499365 0.6428458
vn -0.21459787 -0.72157794 -0.6582347
vn -0.21459724 -0.72157747 0.6582355
vn 0.07588427 -0.73519707 -0.6735925
vn 0.07588481 -0.7351968 0.6735928
vn 0.27073085 -0.6801056 -0.6812937
vn 0.27073142 -0.68010527 0.6812939
vn 0.2657765 -0.6837295 -0.67961514
vn 0.26577714 -0.6837291 0.6796153
vn -0.10243549 -0.76733065 -0.6330172
vn -0.10243506 -0.7673304 0.6330174
vn -0.1804831 -0.73644173 -0.6519812
vn -0.18048269 -0.7364415 0.6519814
vn 0.28303498 -0.7163275 -0.6377823
vn 0.2830358 -0.7163273 0.63778204
vn 0.60281926 -0.44419664 -0.6627959
vn 0.60281974 -0.44419584 0.6627958
vn 0.5933303 -0.46489987 -0.6571357
vn 0.5933311 -0.4649005 0.6571346
vn 0.0672684 -0.7956865 -0.6019618
vn 0.067265734 -0.79568607 0.6019626
vn -0.53117526 -0.5431193 -0.6502879
vn -0.5311751 -0.54311824 0.6502889
vn -0.5999961 -0.4028791 -0.69115335
vn -0.5999958 -0.40287867 0.691154
vn -0.52934986 -0.49733728 -0.6873459
vn -0.5293495 -0.49733675 0.68734646
vn -0.23784295 -0.74229634 -0.6264398
vn -0.23784326 -0.74229556 0.62644064
vn 0.30987793 -0.6992222 -0.64425457
vn 0.30987832 -0.6992226 0.64425397
vn 0.31792435 -0.69348913 -0.6465268
vn 0.3179247 -0.69348997 0.6465258
vn -0.06779495 -0.74751985 -0.66077065
vn -0.067795865 -0.74752015 0.66077036
vn -0.2821244 -0.6685655 -0.6880597
vn -0.28212422 -0.66856444 0.68806076
vn -0.20229585 -0.7212298 -0.6624983
vn -0.20229635 -0.72122055 0.6625082
vn 0.072494805 -0.73590523 -0.6731924
vn 0.28166965 -0.81478965 0.5067347
vn 0.28166965 -0.81478965 0.5067347
vn 0.072494805 -0.73590523 -0.6731924
vn -0.17856273 -0.76755613 -0.6156078
vn -0.21489748 -0.9168673 0.33641252
vn -0.7302566 -0.29294062 -0.61717993
vn -0.8746811 -0.3849153 0.29457286
vn -0.71213 0.11424472 -0.6926897
vn -0.9683221 0.14875281 0.20056187
vn -0.69096786 0.21563132 -0.6899758
vn -0.94092417 0.28678516 0.18004452
vn -0.6490568 0.32040358 -0.6899759
vn -0.8879678 0.4348289 0.14978936
vn -0.5944565 0.40841445 -0.69268984
vn -0.8174522 0.5632791 0.1203685
vn -0.3267561 0.71576387 -0.61718106
vn -0.34854105 0.893464 0.28326872
vn 0.40006828 0.67895 -0.6156073
vn 0.48508275 0.78785294 0.3794503
vn 0.5704098 0.46121675 -0.67964095
vn 0.7348972 0.390508 0.55446345
vn -0.5589341 -0.115779825 0.8210894
vn -0.55778354 0.102414444 0.8236436
vn -0.1269178 -0.47987926 0.8681059
vn -0.5588553 0.17979263 0.8095402
vn -0.5486553 0.2631456 0.79355633
vn 0.5679382 -0.31156275 0.7618233
vn -0.5261754 0.3389644 0.7798992
vn 0.60608 -0.11016048 0.7877384
vn 0.6411705 -0.09460152 0.76154506
vn -0.37846068 0.5157252 0.7686319
vn 0.5741903 -0.18009618 0.7986682
vn 0.61090964 -0.18527928 0.76971483
vn 0.20562774 0.39181885 0.89676934
vn 0.53526413 -0.24921542 0.80708367
vn 0.5596148 -0.27843463 0.7805801
vn 0.55833757 -0.200409 0.80504376
vn 0.49546573 -0.31268892 0.8103946
vn 0.50338244 -0.35402516 0.78820825
vn -1.2122135E-07 -7.2530366E-07 -1
vn -1.2122135E-07 -7.2530366E-07 -1
vn -1.2122135E-07 -7.2530366E-07 -1
vn -1.2122135E-07 -7.2530366E-07 -1
vn -1.2122135E-07 -7.2530366E-07 -1
vn -1.2122135E-07 -7.2530366E-07 -1
vn -1.2122135E-07 -7.2530366E-07 -1
vn -1.2122135E-07 -7.2530366E-07 -1
vn -1.2122135E-07 -7.2530366E-07 -1
vn -1.2122135E-07 -7.2530366E-07 -1
vn -1.2122135E-07 -7.2530366E-07 -1
vn -1.2122135E-07 -7.2530366E-07 -1
vn -1.2122135E-07 -7.2530366E-07 -1
vn -1.2122135E-07 -7.2530366E-07 -1
vn -1.2122135E-07 -7.2530366E-07 -1
vn -1.2122135E-07 -7.2530366E-07 -1
vn -1.2122135E-07 -7.2530366E-07 -1
vn -1.2122135E-07 -7.2530366E-07 -1
vn -1.2122135E-07 -7.2530366E-07 -1
vn -1.2122135E-07 -7.2530366E-07 -1
vn -1.2122135E-07 -7.2530366E-07 -1
vn -1.2122135E-07 -7.2530366E-07 -1
vn -1.2122135E-07 -7.2530366E-07 -1
vn -1.2122135E-07 -7.2530366E-07 -1
vn -1.2122135E-07 -7.2530366E-07 -1
vn -1.2122135E-07 -7.2530366E-07 -1
vn -1.2122135E-07 -7.2530366E-07 -1
vn -1.2122135E-07 -7.2530366E-07 -1
vn -1.2122135E-07 -7.2530366E-07 -1
vn -1.2122135E-07 -7.2530366E-07 -1
vn -1.2122135E-07 -7.2530366E-07 -1
vn -1.2122135E-07 -7.2530366E-07 -1
vn -1.2122135E-07 -7.2530366E-07 -1
vn -1.2122135E-07 -7.2530366E-07 -1
vn -0.009821961 -9.366088E-07 0.99995184
vn -0.009821961 -9.366088E-07 0.99995184
vn -0.009821961 -9.366088E-07 0.99995184
vn -0.009821961 -9.366088E-07 0.99995184
vn -0.009821961 -9.366088E-07 0.99995184
vn -0.009821961 -9.366088E-07 0.99995184
vn -0.009821961 -9.366088E-07 0.99995184
vn -0.009821961 -9.366088E-07 0.99995184
vn -0.009822528 0 0.99995184
vn -0.009822528 0 0.99995184
vn -0.009822528 0 0.99995184
vn -0.009822528 0 0.99995184
vn -0.009822528 0 0.99995184
vn -0.009822528 0 0.99995184
vn -0.009822528 0 0.99995184
vn -0.009822528 0 0.99995184
vn -0.009821928 0 0.99995184
vn -0.009821928 0 0.99995184
vn -0.009821928 0 0.99995184
vn -0.009821928 0 0.99995184
vn -0.009821928 0 0.99995184
vn -0.009821928 0 0.99995184
vn -0.009821928 0 0.99995184
vn -0.009821928 0 0.99995184
vn -0.0050962735 -0.0019715826 0.9999851
vn -0.0050962735 -0.0019715826 0.9999851
vn -0.0050962735 -0.0019715826 0.9999851
vn -0.0050962735 -0.0019715826 0.9999851
vn -0.0029144795 -0.0050971895 0.99998283
vn -0.0029144795 -0.0050971895 0.99998283
vn -0.00529552 -0.01185423 0.9999157
vn -0.00529552 -0.01185423 0.9999157
vn -0.00529552 -0.01185423 0.9999157
vn -0.00529552 -0.01185423 0.9999157
vn -0.2831703 0.7452328 0.60369086
vn -0.2831703 0.7452328 0.60369086
vn -0.2831703 0.7452328 0.60369086
vn -0.2831703 0.7452328 0.60369086
vn -0.78832513 0.3674302 0.4934962
vn -0.78832513 0.3674302 0.4934962
vn -0.78832513 0.3674302 0.4934962
vn -0.78832513 0.3674302 0.4934962
vn -0.8117567 -0.2927619 0.5053133
vn -0.8117567 -0.2927619 0.5053133
vn -0.8117567 -0.2927619 0.5053133
vn -0.8117567 -0.2927619 0.5053133
vn 0.9457124 0.06542127 0.3183524
vn 0.9457124 0.06542127 0.3183524
vn 0.9457124 0.06542127 0.3183524
vn 0.9457124 0.06542127 0.3183524
vn 0.30700454 -0.83683133 0.45327863
vn 0.30700454 -0.83683133 0.45327863
vn 0.30700454 -0.83683133 0.45327863
vn 0.30700454 -0.83683133 0.45327863
vn 0.36686534 0.8059438 0.46461204
vn 0.36686534 0.8059438 0.46461204
vn 0.36686534 0.8059438 0.46461204
vn 0.36686534 0.8059438 0.46461204
vn 0.7567304 -0.36294752 0.5437172
vn 0.7567304 -0.36294752 0.5437172
vn 0.7567304 -0.36294752 0.5437172
vn 0.7567304 -0.36294752 0.5437172
vn 0.9295777 -0.19204745 0.31464744
vn 0.9295777 -0.19204745 0.31464744
vn 0.9295777 -0.19204745 0.31464744
vn 0.9295777 -0.19204745 0.31464744
vn 0.7848768 0.27884308 0.5533669
vn 0.7848768 0.27884308 0.5533669
vn 0.7848768 0.27884308 0.5533669
vn 0.7848768 0.27884308 0.5533669
vn -0.33140206 -0.71857744 0.61140746
vn -0.33140206 -0.71857744 0.61140746
vn -0.33140206 -0.71857744 0.61140746
vn -0.33140206 -0.71857744 0.61140746
vn 0.0009214438 0.00539075 0.9999851
vn 0.0009214438 0.00539075 0.9999851
vn 0.0009214438 0.00539075 0.9999851
vn 0.0009214438 0.00539075 0.9999851
vn -0.0028782685 0.0051212194 0.9999827
vn -0.0028782685 0.0051212194 0.9999827
vn -0.007458056 0.010627403 0.9999157
vn -0.007458056 0.010627403 0.9999157
vn -0.007458056 0.010627403 0.9999157
vn -0.007458056 0.010627403 0.9999157
vn 0.784936 -0.13940452 0.60369015
vn 0.784936 -0.13940452 0.60369015
vn 0.784936 -0.13940452 0.60369015
vn 0.784936 -0.13940452 0.60369015
vn 0.71991473 0.48803365 0.49350375
vn 0.71991473 0.48803365 0.49350375
vn 0.71991473 0.48803365 0.49350375
vn 0.71991473 0.48803365 0.49350375
vn 0.16531539 0.84695685 0.50530666
vn 0.16531539 0.84695685 0.50530666
vn 0.16531539 0.84695685 0.50530666
vn 0.16531539 0.84695685 0.50530666
vn -0.42918593 -0.84525055 0.31835678
vn -0.42918593 -0.84525055 0.31835678
vn -0.42918593 -0.84525055 0.31835678
vn -0.42918593 -0.84525055 0.31835678
vn -0.8757784 0.16596839 0.4532845
vn -0.8757784 0.16596839 0.4532845
vn -0.8757784 0.16596839 0.4532845
vn -0.8757784 0.16596839 0.4532845
vn 0.503441 -0.7284816 0.4646093
vn 0.503441 -0.7284816 0.4646093
vn 0.503441 -0.7284816 0.4646093
vn 0.503441 -0.7284816 0.4646093
vn -0.69985384 -0.4632182 0.5437218
vn -0.69985384 -0.4632182 0.5437218
vn -0.69985384 -0.4632182 0.5437218
vn -0.69985384 -0.4632182 0.5437218
vn -0.6418744 -0.6992794 0.31465155
vn -0.6418744 -0.6992794 0.31465155
vn -0.6418744 -0.6992794 0.31465155
vn -0.6418744 -0.6992794 0.31465155
vn -0.16347063 -0.8167348 0.553373
vn -0.16347063 -0.8167348 0.553373
vn -0.16347063 -0.8167348 0.553373
vn -0.16347063 -0.8167348 0.553373
vn -0.446663 0.65320206 0.6114076
vn -0.446663 0.65320206 0.6114076
vn -0.446663 0.65320206 0.6114076
vn -0.446663 0.65320206 0.6114076
vn 0.004652275 -0.0028573012 0.9999851
vn 0.004652275 -0.0028573012 0.9999851
vn 0.004652275 -0.0028573012 0.9999851
vn 0.004652275 -0.0028573012 0.9999851
vn 0.0058160694 0.00076565344 0.99998283
vn 0.0058160694 0.00076565344 0.99998283
vn 0.012641264 0.002963698 0.9999157
vn 0.012641264 0.002963698 0.9999157
vn 0.012641264 0.002963698 0.9999157
vn 0.012641264 0.002963698 0.9999157
vn -0.42160857 -0.6766097 0.6036932
vn -0.42160857 -0.6766097 0.6036932
vn -0.42160857 -0.6766097 0.6036932
vn -0.42160857 -0.6766097 0.6036932
vn 0.18493493 -0.8498576 0.49349877
vn 0.18493493 -0.8498576 0.49349877
vn 0.18493493 -0.8498576 0.49349877
vn 0.18493493 -0.8498576 0.49349877
vn 0.7245281 -0.46874437 0.5053095
vn 0.7245281 -0.46874437 0.5053095
vn 0.7245281 -0.46874437 0.5053095
vn 0.7245281 -0.46874437 0.5053095
vn -0.6247161 0.71300805 0.31835416
vn -0.6247161 0.71300805 0.31835416
vn -0.6247161 0.71300805 0.31835416
vn -0.6247161 0.71300805 0.31835416
vn 0.48007655 0.7510383 0.45328584
vn 0.48007655 0.7510383 0.45328584
vn 0.48007655 0.7510383 0.45328584
vn 0.48007655 0.7510383 0.45328584
vn -0.8635447 -0.19604735 0.464603
vn -0.8635447 -0.19604735 0.464603
vn -0.8635447 -0.19604735 0.464603
vn -0.8635447 -0.19604735 0.464603
vn -0.16937919 0.82199895 0.54371715
vn -0.16937919 0.82199895 0.54371715
vn -0.16937919 0.82199895 0.54371715
vn -0.16937919 0.82199895 0.54371715
vn -0.41004413 0.8560712 0.31465197
vn -0.41004413 0.8560712 0.31465197
vn -0.41004413 0.8560712 0.31465197
vn -0.41004413 0.8560712 0.31465197
vn -0.6971734 0.45578024 0.5533658
vn -0.6971734 0.45578024 0.5533658
vn -0.6971734 0.45578024 0.5533658
vn -0.6971734 0.45578024 0.5533658
vn 0.772535 0.17137814 0.61140746
vn 0.772535 0.17137814 0.61140746
vn 0.772535 0.17137814 0.61140746
vn 0.772535 0.17137814 0.61140746
vn -0 -0.99995184 0.009822462
vn -0 -0.99995184 0.009822462
vn -0 -0.99995184 0.009822462
vn -0 -0.99995184 0.009822462
vn -0 -0.10305506 -0.99467564
vn -0 -0.10305506 -0.99467564
vn -0 -0.10305506 -0.99467564
vn -0 -0.10305506 -0.99467564
vn 0.99400806 -0.10930118 0.0010731311
vn 0.99400806 -0.10930118 0.0010731311
vn 0.99400806 -0.10930118 0.0010731311
vn 0.99400806 -0.10930118 0.0010731311
vn -0 -0.08657307 0.99624544
vn -0 -0.08657307 0.99624544
vn -0 -0.08657307 0.99624544
vn -0 -0.08657307 0.99624544
vn -0.9940076 -0.109305635 0.0010740544
vn -0.9940076 -0.109305635 0.0010740544
vn -0.9940076 -0.109305635 0.0010740544
vn -0.9940076 -0.109305635 0.0010740544
vn 1 0 0
vn 1 0 0
vn 1 0 0
vn 1 0 0
vn -0 0 1
vn -0 0 1
vn -0 0 1
vn -0 0 1
vn -1 0 -2.4404414E-07
vn -1 0 -2.4404414E-07
vn -1 0 -2.4404414E-07
vn -1 0 -2.4404414E-07
vn -0 0 -1
vn -0 0 -1
vn -0 0 -1
vn -0 0 -1
vn -0 0.99995184 -0.0098223435
vn -0 0.99995184 -0.0098223435
vn -0 0.99995184 -0.0098223435
vn -0 0.99995184 -0.0098223435
vn -0 -0.99995184 0.009822457
vn -0 -0.99995184 0.009822457
vn -0 -0.99995184 0.009822457
vn -0 -0.99995184 0.009822457
vn -0 -0.10305496 -0.99467564
vn -0 -0.10305496 -0.99467564
vn -0 -0.10305496 -0.99467564
vn -0 -0.10305496 -0.99467564
vn 0.99400806 -0.10930104 0.0010737733
vn 0.99400806 -0.10930104 0.0010737733
vn 0.99400806 -0.10930104 0.0010737733
vn 0.99400806 -0.10930104 0.0010737733
vn -0 -0.086572975 0.99624556
vn -0 -0.086572975 0.99624556
vn -0 -0.086572975 0.99624556
vn -0 -0.086572975 0.99624556
vn -0.99400747 -0.10930632 0.0010730424
vn -0.99400747 -0.10930632 0.0010730424
vn -0.99400747 -0.10930632 0.0010730424
vn -0.99400747 -0.10930632 0.0010730424
vn 1 0 0
vn 1 0 0
vn 1 0 0
vn 1 0 0
vn -0 0 1
vn -0 0 1
vn -0 0 1
vn -0 0 1
vn -1 0 -1.13887275E-07
vn -1 0 -1.13887275E-07
vn -1 0 -1.13887275E-07
vn -1 0 -1.13887275E-07
vn -0 0 -1
vn -0 0 -1
vn -0 0 -1
vn -0 0 -1
vn -0 0.99995184 -0.009822342
vn -0 0.99995184 -0.009822342
vn -0 0.99995184 -0.009822342
vn -0 0.99995184 -0.009822342
vn -1 7.475233E-05 0.000375317
vn -1 7.475233E-05 0.000375317
vn -1 7.475233E-05 0.000375317
vn -1 0 0.00026020224
vn -1 7.475233E-05 0.000375317
vn -1 0 0.00026020224
vn -1 0 0.00032912305
vn -0.9999999 -0.000101040845 0.0004552476
vn -1 0 0.00032912305
vn -0.9999999 -0.000101040845 0.0004552476
vn -1 -2.2468692E-05 0.0002530418
vn -1 -2.2468692E-05 0.0002530418
vn -0.9999999 6.320412E-05 0.0004898548
vn -0.9999999 6.320412E-05 0.0004898548
vn -1 0 0.00032912305
vn -1 0 0.00032912305
vn -1 7.4567375E-05 0.00037454712
vn -1 7.4567375E-05 0.00037454712
vn -1 7.4567375E-05 0.00037454712
vn -1 0 0.00025893003
vn -1 7.4567375E-05 0.00037454712
vn -1 0 0.00025893003
vn -1 0 0.000329123
vn -0.9999999 -0.000101878504 0.0004534576
vn -1 0 0.000329123
vn -0.9999999 -0.000101878504 0.0004534576
vn -1 -2.1782762E-05 0.0002530418
vn -1 -2.1782762E-05 0.0002530418
vn -0.9999999 6.3203894E-05 0.0004898548
vn -0.9999999 6.3203894E-05 0.0004898548
vn -1 0 0.000329123
vn -1 0 0.000329123
vn 1 7.200406E-05 -0.0003741616
vn 1 7.200406E-05 -0.0003741616
vn 1 7.200406E-05 -0.0003741616
vn 1 0 -0.00026380754
vn 1 7.200406E-05 -0.0003741616
vn 1 0 -0.00026380754
vn 1 0 -0.00032742735
vn 0.9999999 -9.92089E-05 -0.00045584474
vn 1 0 -0.00032742735
vn 0.9999999 -9.92089E-05 -0.00045584474
vn 1 -2.1782229E-05 -0.00025476346
vn 1 -2.1782229E-05 -0.00025476346
vn 0.9999999 6.3203675E-05 -0.00049045193
vn 0.9999999 6.3203675E-05 -0.00049045193
vn 1 0 -0.00032742735
vn 1 0 -0.00032742735
vn 1 7.2004594E-05 -0.00037454683
vn 1 7.2004594E-05 -0.00037454683
vn 1 7.2004594E-05 -0.00037454683
vn 1 0 -0.00026211093
vn 1 7.2004594E-05 -0.00037454683
vn 1 0 -0.00026211093
vn 1 0 -0.00032742703
vn 0.9999999 -0.00010033452 -0.00045584506
vn 1 0 -0.00032742703
vn 0.9999999 -0.00010033452 -0.00045584506
vn 1 -2.1095784E-05 -0.0002547632
vn 1 -2.1095784E-05 -0.0002547632
vn 0.9999999 6.320418E-05 -0.00049045135
vn 0.9999999 6.320418E-05 -0.00049045135
vn 1 0 -0.00032742703
vn 1 0 -0.00032742703
vn -0 0.9988674 -0.047582038
vn -0 0.9988674 -0.047582038
vn -0 0.9988674 -0.047582038
vn -0.045477554 0.9989654 0
vn -0 0.9988674 -0.047582038
vn -0.045477554 0.9989654 0
vn 0.045478858 0.99896526 0
vn 0.045478858 0.99896526 0
vn -0.045477554 0.9989654 0
vn -0.045477554 0.9989654 0
vn 0.045478858 0.99896526 0
vn 0.045478858 0.99896526 0
vn -0 0.9988674 0.047582045
vn -0 0.9988674 0.047582045
vn -0 0.9988674 0.047582045
vn -0 0.9988674 0.047582045
vn -0.0010297032 0 0.9999995
vn -0.0010297032 0 0.9999995
vn -0.0010297032 0 0.9999995
vn -0.0011145559 0 0.9999994
vn -0.0010297032 0 0.9999995
vn -0.0011145559 0 0.9999994
vn -0.0015544154 -3.6015317E-05 0.9999988
vn -0.0015544154 -3.6015317E-05 0.9999988
vn 0.0010313807 0 0.9999995
vn 0.0010313807 0 0.9999995
vn 0.0010313807 0 0.9999995
vn 0.0011145415 0 0.9999994
vn 0.0010313807 0 0.9999995
vn 0.0011145415 0 0.9999994
vn 0.0015542904 -3.4214554E-05 0.9999988
vn 0.0015542904 -3.4214554E-05 0.9999988
vn -0 -0.99995184 0.0098207025
vn -0 -0.99995184 0.0098207025
vn -1.7652926E-06 -0.99995184 0.009822406
vn -1.7652926E-06 -0.99995184 0.009822406
vn -0 -0.9999517 0.00982455
vn -0 -0.9999517 0.00982455
vn -0 -0.9999517 0.00982455
vn -0 -0.9999517 0.00982455
vn -0 -0.99995184 0.009820698
vn -0 -0.99995184 0.009820698
vn -1.7652951E-06 -0.99995184 0.009822406
vn -1.7652951E-06 -0.99995184 0.009822406
vn -0 -0.9999517 0.009824562
vn -0 -0.9999517 0.009824562
vn -0 -0.9999517 0.009824562
vn -0 -0.9999517 0.009824562
vn -0.5570804 1.4813754E-05 0.8304586
vn -0.39334628 -0.39551547 0.8299676
vn -0.59188056 -0.58810776 0.5511866
vn -0.83092654 6.480318E-05 0.5563821
vn -0.006583286 -0.8371588 0.54692024
vn -0.39331895 0.39547807 0.82999843
vn -0.006726241 -0.5563671 0.8309093
vn -0.59186417 0.5880827 0.55123097
vn 0.5833573 -0.59326136 0.554739
vn -0.0068137837 0.5563494 0.8309205
vn 0.38131246 -0.39719617 0.83476704
vn -0.0068039075 0.8371587 0.54691774
vn 0.8274128 -0.00011971272 0.5615941
vn 0.38133872 0.39724478 0.8347319
vn 0.5468676 -5.3912412E-05 0.837219
vn 0.58334076 0.5932815 0.55473465
vn -0.45359486 0.45626995 0.7655518
vn -0.6434625 2.8824095E-05 0.76547766
vn -0.92527544 6.1312014E-05 0.37929592
vn -0.6560049 0.6551826 0.37469092
vn -0.65600866 -0.6551948 0.37466297
vn -0.0059306724 0.64159 0.7670249
vn -0.45361295 -0.45629862 0.76552385
vn -0.005489736 0.9288158 0.3705011
vn -0.0052571874 -0.92881423 0.3705084
vn 0.4434637 0.45807096 0.77039665
vn -0.005814586 -0.6416024 0.76701534
vn 0.64991915 0.66022855 0.37643486
vn 0.64993924 -0.66020554 0.3764408
vn 0.6351679 -6.714192E-05 0.7723741
vn 0.4434415 -0.45802256 0.7704382
vn 0.92417276 -0.0001283846 0.3819747
vn -0.53070784 1.2900731E-05 0.84755486
vn -0.3749412 -0.37684646 0.84699816
vn -0.5692231 -0.56472176 0.597557
vn -0.79800797 6.383261E-05 0.60264695
vn -0.0069204913 -0.80479264 0.59351563
vn -0.3749134 0.3768105 0.84702647
vn -0.006989579 -0.530166 0.8478651
vn -0.56920457 0.5646982 0.5975969
vn 0.55990666 -0.569738 0.60158384
vn -0.0070679327 0.5301552 0.8478711
vn 0.3623226 -0.37846744 0.85175395
vn -0.007131814 0.80479866 0.5935051
vn 0.793533 -0.00011403429 0.6085272
vn 0.36234918 0.3785192 0.85171956
vn 0.5198409 -4.843987E-05 0.85426307
vn 0.5598953 0.56975913 0.60157454
vn -0.6505356 0.2452502 -0.7187877
vn -0.14568944 0.9464809 -0.28800774
vn -0.82296175 0.47827834 -0.30656782
vn -0.953675 -0.2980437 -0.040915478
vn -0.71814585 0.68540704 0.120347776
vn -0.0026559487 0.71961784 -0.6943652
vn -0.38539806 -0.48664758 -0.78399146
vn 0.12990277 0.8639071 0.4866105
vn -0.84615475 0.23431404 0.4786639
vn -0.5755333 -0.8149242 0.06826495
vn 0.5034479 0.86177284 0.06235172
vn 0.2996654 -0.034954663 -0.9534038
vn 0.6727148 0.47222862 -0.5696095
vn 0.29046005 -0.81634206 -0.4992179
vn 0.9588491 0.19337955 0.20787711
vn 0.88482237 -0.3457659 -0.31230664
vn 0.33224258 -0.94283694 -0.025949016
vn 0.5921706 -0.47195327 0.6531417
vn 0.40207112 0.11677347 0.90813154
vn -0.30953276 0.32673356 0.892992
vn -0.55783445 -0.5172928 0.64902157
vn -0.059786167 -0.93998545 0.3359358
vn 0.14985272 -0.9428373 0.29766077
vn -0.28116384 -0.81492436 -0.5067989
vn -0.33355132 -0.9399857 0.07190512
vn -0.38019434 -0.47195333 0.7954322
vn -0.8119491 -0.51729316 -0.27045608
vn 0.57203734 -0.8163423 0.07974043
vn 0.6241679 -0.34576645 0.7006141
vn -0.68818885 0.11677302 0.7160728
vn 0.17077734 0.19338043 0.9661465
vn 0.9958723 -0.034954563 -0.083765194
vn 0.57961136 -0.4866475 -0.6536245
vn 0.7819656 0.47222868 0.40685356
vn 0.6416276 0.7196177 -0.2654514
vn 0.13297687 0.86177284 0.48955572
vn -0.40115634 0.8639067 0.30453044
vn -0.9436989 0.32673293 0.05175083
vn -0.76348656 0.23431365 -0.60181844
vn -0.32334042 -0.29804403 -0.8981206
vn 0.41884333 0.24524963 -0.87431276
vn 0.21137063 0.94648075 -0.24391918
vn -0.38338193 0.68540627 -0.61906105
vn -0.027971322 0.47827834 -0.8777628
vn -0.6505357 0.24525 -0.71878767
vn -0.14568941 0.9464809 -0.2880078
vn -0.8229613 0.47827867 -0.30656874
vn -0.953675 -0.2980437 -0.04091545
vn -0.718146 0.6854068 0.12034806
vn -0.002656212 0.71961784 -0.6943653
vn -0.38539794 -0.48664767 -0.78399134
vn 0.12990321 0.86390704 0.48661062
vn -0.8461546 0.23431394 0.47866425
vn -0.57553315 -0.8149242 0.06826484
vn 0.503448 0.86177284 0.062351298
vn 0.29966578 -0.03495452 -0.95340365
vn 0.6727147 0.4722291 -0.56960917
vn 0.2904602 -0.8163423 -0.49921742
vn 0.9588491 0.19337946 0.20787716
vn 0.8848225 -0.34576562 -0.31230634
vn 0.33224237 -0.94283706 -0.025948994
vn 0.59217083 -0.47195354 0.65314144
vn 0.40207124 0.11677286 0.90813154
vn -0.3095329 0.32673383 0.89299184
vn -0.55783445 -0.5172926 0.64902157
vn -0.059786122 -0.9399854 0.33593622
vn 0.14985274 -0.9428372 0.2976613
vn -0.28116408 -0.8149242 -0.50679904
vn -0.33355132 -0.9399857 0.07190531
vn -0.3801939 -0.47195303 0.79543257
vn -0.8119494 -0.51729274 -0.27045593
vn 0.57203734 -0.8163423 0.07974031
vn 0.62416834 -0.34576568 0.7006141
vn -0.6881882 0.11677333 0.71607333
vn 0.17077757 0.19337983 0.96614665
vn 0.9958722 -0.034954455 -0.0837658
vn 0.5796113 -0.48664737 -0.65362453
vn 0.78196555 0.47222924 0.40685308
vn 0.6416276 0.71961766 -0.26545146
vn 0.13297683 0.8617725 0.48955628
vn -0.40115649 0.8639067 0.30453038
vn -0.94369864 0.3267332 0.051750693
vn -0.7634862 0.23431389 -0.60181874
vn -0.32334033 -0.2980443 -0.8981206
vn 0.41884363 0.24524958 -0.8743127
vn 0.21137077 0.94648075 -0.24391894
vn -0.38338175 0.6854064 -0.61906093
vn -0.02797129 0.47827876 -0.87776256
g Pizzeria_0
f 3/3/3 2/2/2 1/1/1
f 6/6/6 5/5/5 4/4/4
f 7/7/7 6/6/6 4/4/4
f 10/10/10 9/9/9 8/8/8
f 11/11/11 10/10/10 8/8/8
f 14/14/14 13/13/13 12/12/12
f 15/15/15 14/14/14 12/12/12
f 18/18/18 17/17/17 16/16/16
f 19/19/19 18/18/18 16/16/16
f 22/22/22 21/21/21 20/20/20
f 21/21/21 23/23/23 20/20/20
f 21/21/21 24/24/24 23/23/23
f 24/24/24 25/25/25 23/23/23
f 25/25/25 24/24/24 26/26/26
f 27/27/27 25/25/25 26/26/26
f 27/27/27 26/26/26 28/28/28
f 29/29/29 27/27/27 28/28/28
f 30/30/30 29/29/29 28/28/28
f 28/28/28 31/31/31 30/30/30
f 28/28/28 32/32/32 31/31/31
f 28/28/28 33/33/33 32/32/32
f 28/28/28 34/34/34 33/33/33
f 28/28/28 35/35/35 34/34/34
f 38/38/38 37/37/37 36/36/36
f 36/36/36 39/39/39 38/38/38
f 36/36/36 40/40/40 39/39/39
f 39/39/39 41/41/41 38/38/38
f 41/41/41 42/42/42 38/38/38
f 45/45/45 44/44/44 43/43/43
f 43/43/43 46/46/46 45/45/45
f 43/43/43 47/47/47 46/46/46
f 47/47/47 48/48/48 46/46/46
f 47/47/47 49/49/49 48/48/48
f 52/52/52 51/51/51 50/50/50
f 51/51/51 53/53/53 50/50/50
f 51/51/51 54/54/54 53/53/53
f 54/54/54 55/55/55 53/53/53
f 55/55/55 54/54/54 56/56/56
f 57/57/57 55/55/55 56/56/56
f 57/57/57 56/56/56 58/58/58
f 59/59/59 57/57/57 58/58/58
f 60/60/60 59/59/59 58/58/58
f 58/58/58 61/61/61 60/60/60
f 58/58/58 62/62/62 61/61/61
f 58/58/58 63/63/63 62/62/62
f 58/58/58 64/64/64 63/63/63
f 58/58/58 65/65/65 64/64/64
f 68/68/68 67/67/67 66/66/66
f 67/67/67 69/69/69 66/66/66
f 67/67/67 70/70/70 69/69/69
f 70/70/70 71/71/71 69/69/69
f 71/71/71 70/70/70 72/72/72
f 73/73/73 71/71/71 72/72/72
f 73/73/73 72/72/72 74/74/74
f 75/75/75 73/73/73 74/74/74
f 76/76/76 75/75/75 74/74/74
f 74/74/74 77/77/77 76/76/76
f 74/74/74 78/78/78 77/77/77
f 74/74/74 79/79/79 78/78/78
f 74/74/74 80/80/80 79/79/79
f 74/74/74 81/81/81 80/80/80
f 84/84/84 83/83/83 82/82/82
f 83/83/83 85/85/85 82/82/82
f 83/83/83 86/86/86 85/85/85
f 86/86/86 87/87/87 85/85/85
f 87/87/87 86/86/86 88/88/88
f 89/89/89 87/87/87 88/88/88
f 89/89/89 88/88/88 90/90/90
f 91/91/91 89/89/89 90/90/90
f 92/92/92 91/91/91 90/90/90
f 90/90/90 93/93/93 92/92/92
f 90/90/90 94/94/94 93/93/93
f 90/90/90 95/95/95 94/94/94
f 90/90/90 96/96/96 95/95/95
f 90/90/90 97/97/97 96/96/96
f 100/100/100 99/99/99 98/98/98
f 100/100/100 98/98/98 101/101/101
f 100/100/100 101/101/101 102/102/102
f 100/100/100 102/102/102 103/103/103
f 100/100/100 103/103/103 104/104/104
f 104/104/104 105/105/105 100/100/100
f 105/105/105 106/106/106 100/100/100
f 106/106/106 107/107/107 100/100/100
f 106/106/106 108/108/108 107/107/107
f 108/108/108 109/109/109 107/107/107
f 109/109/109 108/108/108 110/110/110
f 111/111/111 109/109/109 110/110/110
f 111/111/111 110/110/110 112/112/112
f 113/113/113 111/111/111 112/112/112
f 116/116/116 115/115/115 114/114/114
f 116/116/116 114/114/114 117/117/117
f 116/116/116 117/117/117 118/118/118
f 116/116/116 118/118/118 119/119/119
f 116/116/116 119/119/119 120/120/120
f 120/120/120 121/121/121 116/116/116
f 121/121/121 122/122/122 116/116/116
f 122/122/122 123/123/123 116/116/116
f 122/122/122 124/124/124 123/123/123
f 124/124/124 125/125/125 123/123/123
f 125/125/125 124/124/124 126/126/126
f 127/127/127 125/125/125 126/126/126
f 127/127/127 126/126/126 128/128/128
f 129/129/129 127/127/127 128/128/128
f 132/132/132 131/131/131 130/130/130
f 133/133/133 132/132/132 130/130/130
f 136/136/136 135/135/135 134/134/134
f 137/137/137 136/136/136 134/134/134
f 140/140/140 139/139/139 138/138/138
f 141/141/141 140/140/140 138/138/138
f 144/144/144 143/143/143 142/142/142
f 145/145/145 144/144/144 142/142/142
f 148/148/148 147/147/147 146/146/146
f 149/149/149 148/148/148 146/146/146
f 152/152/152 151/151/151 150/150/150
f 153/153/153 152/152/152 150/150/150
f 156/156/156 155/155/155 154/154/154
f 157/157/157 156/156/156 154/154/154
f 160/160/160 159/159/159 158/158/158
f 161/161/161 160/160/160 158/158/158
f 164/164/164 163/163/163 162/162/162
f 162/162/162 165/165/165 164/164/164
f 162/162/162 166/166/166 165/165/165
f 166/166/166 167/167/167 165/165/165
f 166/166/166 168/168/168 167/167/167
f 166/166/166 169/169/169 168/168/168
f 172/172/172 171/171/171 170/170/170
f 173/173/173 172/172/172 170/170/170
f 176/176/176 175/175/175 174/174/174
f 177/177/177 176/176/176 174/174/174
f 180/180/180 179/179/179 178/178/178
f 181/181/181 180/180/180 178/178/178
f 184/184/184 183/183/183 182/182/182
f 185/185/185 184/184/184 182/182/182
f 188/188/188 187/187/187 186/186/186
f 189/189/189 188/188/188 186/186/186
f 192/192/192 191/191/191 190/190/190
f 193/193/193 192/192/192 190/190/190
f 196/196/196 195/195/195 194/194/194
f 197/197/197 196/196/196 194/194/194
f 200/200/200 199/199/199 198/198/198
f 201/201/201 200/200/200 198/198/198
f 204/204/204 203/203/203 202/202/202
f 205/205/205 204/204/204 202/202/202
f 208/208/208 207/207/207 206/206/206
f 209/209/209 208/208/208 206/206/206
f 212/212/212 211/211/211 210/210/210
f 213/213/213 212/212/212 210/210/210
f 216/216/216 215/215/215 214/214/214
f 217/217/217 216/216/216 214/214/214
f 220/220/220 219/219/219 218/218/218
f 221/221/221 220/220/220 218/218/218
f 224/224/224 223/223/223 222/222/222
f 225/225/225 224/224/224 222/222/222
f 228/228/228 227/227/227 226/226/226
f 229/229/229 228/228/228 226/226/226
f 232/232/232 231/231/231 230/230/230
f 233/233/233 232/232/232 230/230/230
f 236/236/236 235/235/235 234/234/234
f 237/237/237 236/236/236 234/234/234
f 240/240/240 239/239/239 238/238/238
f 241/241/241 240/240/240 238/238/238
f 244/244/244 243/243/243 242/242/242
f 245/245/245 244/244/244 242/242/242
f 248/248/248 247/247/247 246/246/246
f 248/248/248 249/249/249 247/247/247
f 248/248/248 250/250/250 249/249/249
f 250/250/250 251/251/251 249/249/249
f 251/251/251 252/252/252 249/249/249
f 255/255/255 254/254/254 253/253/253
f 256/256/256 255/255/255 253/253/253
f 259/259/259 258/258/258 257/257/257
f 260/260/260 259/259/259 257/257/257
f 263/263/263 262/262/262 261/261/261
f 264/264/264 263/263/263 261/261/261
f 267/267/267 266/266/266 265/265/265
f 268/268/268 267/267/267 265/265/265
f 271/271/271 270/270/270 269/269/269
f 272/272/272 271/271/271 269/269/269
f 275/275/275 274/274/274 273/273/273
f 276/276/276 275/275/275 273/273/273
f 279/279/279 278/278/278 277/277/277
f 280/280/280 279/279/279 277/277/277
f 283/283/283 282/282/282 281/281/281
f 284/284/284 283/283/283 281/281/281
f 287/287/287 286/286/286 285/285/285
f 288/288/288 287/287/287 285/285/285
f 291/291/291 290/290/290 289/289/289
f 292/292/292 291/291/291 289/289/289
f 295/295/295 294/294/294 293/293/293
f 296/296/296 295/295/295 293/293/293
f 299/299/299 298/298/298 297/297/297
f 300/300/300 299/299/299 297/297/297
f 303/303/303 302/302/302 301/301/301
f 304/304/304 303/303/303 301/301/301
f 307/307/307 306/306/306 305/305/305
f 308/308/308 307/307/307 305/305/305
f 311/311/311 310/310/310 309/309/309
f 312/312/312 311/311/311 309/309/309
f 315/315/315 314/314/314 313/313/313
f 316/316/316 315/315/315 313/313/313
f 319/319/319 318/318/318 317/317/317
f 320/320/320 319/319/319 317/317/317
f 323/323/323 322/322/322 321/321/321
f 324/324/324 323/323/323 321/321/321
f 327/327/327 326/326/326 325/325/325
f 328/328/328 327/327/327 325/325/325
f 331/331/331 330/330/330 329/329/329
f 332/332/332 331/331/331 329/329/329
f 335/335/335 334/334/334 333/333/333
f 336/336/336 335/335/335 333/333/333
f 339/339/339 338/338/338 337/337/337
f 340/340/340 339/339/339 337/337/337
f 343/343/343 342/342/342 341/341/341
f 344/344/344 343/343/343 341/341/341
f 347/347/347 346/346/346 345/345/345
f 348/348/348 347/347/347 345/345/345
f 351/351/351 350/350/350 349/349/349
f 352/352/352 351/351/351 349/349/349
f 355/355/355 354/354/354 353/353/353
f 356/356/356 355/355/355 353/353/353
f 359/359/359 358/358/358 357/357/357
f 360/360/360 359/359/359 357/357/357
f 363/363/363 362/362/362 361/361/361
f 364/364/364 363/363/363 361/361/361
f 367/367/367 366/366/366 365/365/365
f 368/368/368 367/367/367 365/365/365
f 371/371/371 370/370/370 369/369/369
f 372/372/372 371/371/371 369/369/369
f 375/375/375 374/374/374 373/373/373
f 376/376/376 375/375/375 373/373/373
f 379/379/379 378/378/378 377/377/377
f 380/380/380 379/379/379 377/377/377
f 383/383/383 382/382/382 381/381/381
f 384/384/384 383/383/383 381/381/381
f 387/387/387 386/386/386 385/385/385
f 388/388/388 387/387/387 385/385/385
f 391/391/391 390/390/390 389/389/389
f 392/392/392 391/391/391 389/389/389
f 395/395/395 394/394/394 393/393/393
f 396/396/396 395/395/395 393/393/393
f 399/399/399 398/398/398 397/397/397
f 400/400/400 399/399/399 397/397/397
f 403/403/403 402/402/402 401/401/401
f 404/404/404 403/403/403 401/401/401
f 407/407/407 406/406/406 405/405/405
f 408/408/408 407/407/407 405/405/405
f 411/411/411 410/410/410 409/409/409
f 412/412/412 411/411/411 409/409/409
f 415/415/415 414/414/414 413/413/413
f 416/416/416 415/415/415 413/413/413
f 419/419/419 418/418/418 417/417/417
f 420/420/420 419/419/419 417/417/417
f 423/423/423 422/422/422 421/421/421
f 424/424/424 423/423/423 421/421/421
f 427/427/427 426/426/426 425/425/425
f 428/428/428 427/427/427 425/425/425
f 431/431/431 430/430/430 429/429/429
f 432/432/432 431/431/431 429/429/429
f 435/435/435 434/434/434 433/433/433
f 436/436/436 435/435/435 433/433/433
f 439/439/439 438/438/438 437/437/437
f 440/440/440 439/439/439 437/437/437
f 443/443/443 442/442/442 441/441/441
f 444/444/444 443/443/443 441/441/441
f 447/447/447 446/446/446 445/445/445
f 448/448/448 447/447/447 445/445/445
f 451/451/451 450/450/450 449/449/449
f 449/449/449 452/452/452 451/451/451
f 449/449/449 453/453/453 452/452/452
f 453/453/453 454/454/454 452/452/452
f 453/453/453 455/455/455 454/454/454
f 453/453/453 456/456/456 455/455/455
f 459/459/459 458/458/458 457/457/457
f 460/460/460 459/459/459 457/457/457
f 463/463/463 462/462/462 461/461/461
f 461/461/461 464/464/464 463/463/463
f 461/461/461 465/465/465 464/464/464
f 461/461/461 466/466/466 465/465/465
f 466/466/466 467/467/467 465/465/465
f 466/466/466 468/468/468 467/467/467
f 471/471/471 470/470/470 469/469/469
f 472/472/472 471/471/471 469/469/469
f 475/475/475 474/474/474 473/473/473
f 476/476/476 475/475/475 473/473/473
f 479/479/479 478/478/478 477/477/477
f 480/480/480 479/479/479 477/477/477
f 483/483/483 482/482/482 481/481/481
f 484/484/484 483/483/483 481/481/481
f 484/484/484 481/481/481 485/485/485
f 486/486/486 484/484/484 485/485/485
f 489/489/489 488/488/488 487/487/487
f 490/490/490 489/489/489 487/487/487
f 493/493/493 492/492/492 491/491/491
f 494/494/494 493/493/493 491/491/491
f 497/497/497 496/496/496 495/495/495
f 498/498/498 497/497/497 495/495/495
f 501/501/501 500/500/500 499/499/499
f 500/500/500 502/502/502 499/499/499
f 499/499/499 502/502/502 503/503/503
f 502/502/502 504/504/504 503/503/503
f 507/507/507 506/506/506 505/505/505
f 508/508/508 507/507/507 505/505/505
f 511/511/511 510/510/510 509/509/509
f 512/512/512 511/511/511 509/509/509
f 515/515/515 514/514/514 513/513/513
f 516/516/516 515/515/515 513/513/513
f 519/519/519 518/518/518 517/517/517
f 520/520/520 519/519/519 517/517/517
f 523/523/523 522/522/522 521/521/521
f 524/524/524 523/523/523 521/521/521
f 527/527/527 526/526/526 525/525/525
f 528/528/528 527/527/527 525/525/525
f 531/531/531 530/530/530 529/529/529
f 532/532/532 531/531/531 529/529/529
f 535/535/535 534/534/534 533/533/533
f 536/536/536 535/535/535 533/533/533
f 539/539/539 538/538/538 537/537/537
f 540/540/540 539/539/539 537/537/537
f 543/543/543 542/542/542 541/541/541
f 541/541/541 544/544/544 543/543/543
f 541/541/541 545/545/545 544/544/544
f 541/541/541 546/546/546 545/545/545
f 546/546/546 547/547/547 545/545/545
f 546/546/546 548/548/548 547/547/547
f 551/551/551 550/550/550 549/549/549
f 552/552/552 551/551/551 549/549/549
f 555/555/555 554/554/554 553/553/553
f 556/556/556 555/555/555 553/553/553
f 559/559/559 558/558/558 557/557/557
f 560/560/560 559/559/559 557/557/557
f 563/563/563 562/562/562 561/561/561
f 564/564/564 563/563/563 561/561/561
f 564/564/564 561/561/561 565/565/565
f 566/566/566 564/564/564 565/565/565
f 569/569/569 568/568/568 567/567/567
f 570/570/570 569/569/569 567/567/567
f 573/573/573 572/572/572 571/571/571
f 574/574/574 573/573/573 571/571/571
f 577/577/577 576/576/576 575/575/575
f 578/578/578 577/577/577 575/575/575
f 581/581/581 580/580/580 579/579/579
f 580/580/580 582/582/582 579/579/579
f 579/579/579 582/582/582 583/583/583
f 582/582/582 584/584/584 583/583/583
f 587/587/587 586/586/586 585/585/585
f 588/588/588 587/587/587 585/585/585
f 591/591/591 590/590/590 589/589/589
f 592/592/592 591/591/591 589/589/589
f 595/595/595 594/594/594 593/593/593
f 596/596/596 595/595/595 593/593/593
f 599/599/599 598/598/598 597/597/597
f 600/600/600 599/599/599 597/597/597
f 603/603/603 602/602/602 601/601/601
f 604/604/604 603/603/603 601/601/601
f 607/607/607 606/606/606 605/605/605
f 608/608/608 607/607/607 605/605/605
f 611/611/611 610/610/610 609/609/609
f 612/612/612 611/611/611 609/609/609
f 615/615/615 614/614/614 613/613/613
f 616/616/616 615/615/615 613/613/613
f 619/619/619 618/618/618 617/617/617
f 620/620/620 619/619/619 617/617/617
f 623/623/623 622/622/622 621/621/621
f 621/621/621 624/624/624 623/623/623
f 621/621/621 625/625/625 624/624/624
f 621/621/621 626/626/626 625/625/625
f 626/626/626 627/627/627 625/625/625
f 626/626/626 628/628/628 627/627/627
f 631/631/631 630/630/630 629/629/629
f 632/632/632 631/631/631 629/629/629
f 635/635/635 634/634/634 633/633/633
f 636/636/636 635/635/635 633/633/633
f 639/639/639 638/638/638 637/637/637
f 640/640/640 639/639/639 637/637/637
f 643/643/643 642/642/642 641/641/641
f 644/644/644 643/643/643 641/641/641
f 644/644/644 641/641/641 645/645/645
f 646/646/646 644/644/644 645/645/645
f 649/649/649 648/648/648 647/647/647
f 650/650/650 649/649/649 647/647/647
f 653/653/653 652/652/652 651/651/651
f 654/654/654 653/653/653 651/651/651
f 657/657/657 656/656/656 655/655/655
f 658/658/658 657/657/657 655/655/655
f 661/661/661 660/660/660 659/659/659
f 660/660/660 662/662/662 659/659/659
f 659/659/659 662/662/662 663/663/663
f 662/662/662 664/664/664 663/663/663
f 667/667/667 666/666/666 665/665/665
f 668/668/668 667/667/667 665/665/665
f 671/671/671 670/670/670 669/669/669
f 672/672/672 671/671/671 669/669/669
f 675/675/675 674/674/674 673/673/673
f 676/676/676 675/675/675 673/673/673
f 679/679/679 678/678/678 677/677/677
f 680/680/680 679/679/679 677/677/677
f 683/683/683 682/682/682 681/681/681
f 684/684/684 683/683/683 681/681/681
f 687/687/687 686/686/686 685/685/685
f 688/688/688 687/687/687 685/685/685
f 691/691/691 690/690/690 689/689/689
f 692/692/692 691/691/691 689/689/689
f 695/695/695 694/694/694 693/693/693
f 696/696/696 695/695/695 693/693/693
f 699/699/699 698/698/698 697/697/697
f 700/700/700 699/699/699 697/697/697
f 703/703/703 702/702/702 701/701/701
f 701/701/701 704/704/704 703/703/703
f 701/701/701 705/705/705 704/704/704
f 701/701/701 706/706/706 705/705/705
f 706/706/706 707/707/707 705/705/705
f 706/706/706 708/708/708 707/707/707
f 711/711/711 710/710/710 709/709/709
f 712/712/712 711/711/711 709/709/709
f 715/715/715 714/714/714 713/713/713
f 716/716/716 715/715/715 713/713/713
f 719/719/719 718/718/718 717/717/717
f 720/720/720 719/719/719 717/717/717
f 723/723/723 722/722/722 721/721/721
f 724/724/724 723/723/723 721/721/721
f 724/724/724 721/721/721 725/725/725
f 726/726/726 724/724/724 725/725/725
f 729/729/729 728/728/728 727/727/727
f 730/730/730 729/729/729 727/727/727
f 733/733/733 732/732/732 731/731/731
f 734/734/734 733/733/733 731/731/731
f 737/737/737 736/736/736 735/735/735
f 738/738/738 737/737/737 735/735/735
f 741/741/741 740/740/740 739/739/739
f 740/740/740 742/742/742 739/739/739
f 739/739/739 742/742/742 743/743/743
f 742/742/742 744/744/744 743/743/743
f 747/747/747 746/746/746 745/745/745
f 748/748/748 747/747/747 745/745/745
f 751/751/751 750/750/750 749/749/749
f 752/752/752 751/751/751 749/749/749
f 755/755/755 754/754/754 753/753/753
f 756/756/756 755/755/755 753/753/753
f 759/759/759 758/758/758 757/757/757
f 760/760/760 759/759/759 757/757/757
f 763/763/763 762/762/762 761/761/761
f 764/764/764 763/763/763 761/761/761
f 767/767/767 766/766/766 765/765/765
f 768/768/768 767/767/767 765/765/765
f 771/771/771 770/770/770 769/769/769
f 772/772/772 771/771/771 769/769/769
f 775/775/775 774/774/774 773/773/773
f 776/776/776 775/775/775 773/773/773
f 779/779/779 778/778/778 777/777/777
f 780/780/780 779/779/779 777/777/777
f 783/783/783 782/782/782 781/781/781
f 784/784/784 783/783/783 781/781/781
f 787/787/787 786/786/786 785/785/785
f 788/788/788 787/787/787 785/785/785
f 791/791/791 790/790/790 789/789/789
f 792/792/792 791/791/791 789/789/789
f 795/795/795 794/794/794 793/793/793
f 796/796/796 795/795/795 793/793/793
f 799/799/799 798/798/798 797/797/797
f 800/800/800 799/799/799 797/797/797
f 803/803/803 802/802/802 801/801/801
f 804/804/804 803/803/803 801/801/801
f 807/807/807 806/806/806 805/805/805
f 808/808/808 807/807/807 805/805/805
f 811/811/811 810/810/810 809/809/809
f 812/812/812 811/811/811 809/809/809
f 815/815/815 814/814/814 813/813/813
f 816/816/816 815/815/815 813/813/813
f 819/819/819 818/818/818 817/817/817
f 820/820/820 819/819/819 817/817/817
f 823/823/823 822/822/822 821/821/821
f 824/824/824 823/823/823 821/821/821
f 827/827/827 826/826/826 825/825/825
f 828/828/828 827/827/827 825/825/825
f 831/831/831 830/830/830 829/829/829
f 832/832/832 831/831/831 829/829/829
f 835/835/835 834/834/834 833/833/833
f 836/836/836 835/835/835 833/833/833
f 839/839/839 838/838/838 837/837/837
f 840/840/840 839/839/839 837/837/837
f 843/843/843 842/842/842 841/841/841
f 844/844/844 843/843/843 841/841/841
f 847/847/847 846/846/846 845/845/845
f 848/848/848 847/847/847 845/845/845
f 851/851/851 850/850/850 849/849/849
f 852/852/852 851/851/851 849/849/849
f 855/855/855 854/854/854 853/853/853
f 856/856/856 855/855/855 853/853/853
f 859/859/859 858/858/858 857/857/857
f 860/860/860 859/859/859 857/857/857
f 863/863/863 862/862/862 861/861/861
f 862/862/862 864/864/864 861/861/861
f 862/862/862 865/865/865 864/864/864
f 861/861/861 864/864/864 866/866/866
f 865/865/865 867/867/867 864/864/864
f 864/864/864 868/868/868 866/866/866
f 864/864/864 867/867/867 868/868/868
f 866/866/866 868/868/868 869/869/869
f 867/867/867 870/870/870 868/868/868
f 868/868/868 871/871/871 869/869/869
f 868/868/868 870/870/870 871/871/871
f 869/869/869 871/871/871 872/872/872
f 870/870/870 873/873/873 871/871/871
f 871/871/871 874/874/874 872/872/872
f 871/871/871 873/873/873 874/874/874
f 872/872/872 874/874/874 875/875/875
f 873/873/873 876/876/876 874/874/874
f 874/874/874 877/877/877 875/875/875
f 874/874/874 876/876/876 877/877/877
f 876/876/876 878/878/878 877/877/877
f 881/881/881 880/880/880 879/879/879
f 879/879/879 882/882/882 881/881/881
f 879/879/879 883/883/883 882/882/882
f 879/879/879 884/884/884 883/883/883
f 879/879/879 885/885/885 884/884/884
f 879/879/879 886/886/886 885/885/885
f 879/879/879 887/887/887 886/886/886
f 879/879/879 888/888/888 887/887/887
f 879/879/879 889/889/889 888/888/888
f 879/879/879 890/890/890 889/889/889
f 879/879/879 891/891/891 890/890/890
f 879/879/879 892/892/892 891/891/891
f 879/879/879 893/893/893 892/892/892
f 879/879/879 894/894/894 893/893/893
f 879/879/879 895/895/895 894/894/894
f 879/879/879 896/896/896 895/895/895
f 879/879/879 897/897/897 896/896/896
f 879/879/879 898/898/898 897/897/897
f 879/879/879 899/899/899 898/898/898
f 879/879/879 900/900/900 899/899/899
f 900/900/900 901/901/901 899/899/899
f 900/900/900 902/902/902 901/901/901
f 900/900/900 903/903/903 902/902/902
f 900/900/900 904/904/904 903/903/903
f 904/904/904 905/905/905 903/903/903
f 904/904/904 906/906/906 905/905/905
f 906/906/906 907/907/907 905/905/905
f 907/907/907 908/908/908 905/905/905
f 911/911/911 910/910/910 909/909/909
f 912/912/912 911/911/911 909/909/909
f 913/913/913 911/911/911 912/912/912
f 914/914/914 913/913/913 912/912/912
f 915/915/915 913/913/913 914/914/914
f 916/916/916 915/915/915 914/914/914
f 917/917/917 915/915/915 916/916/916
f 918/918/918 917/917/917 916/916/916
f 919/919/919 917/917/917 918/918/918
f 920/920/920 919/919/919 918/918/918
f 921/921/921 919/919/919 920/920/920
f 922/922/922 921/921/921 920/920/920
f 923/923/923 921/921/921 922/922/922
f 924/924/924 923/923/923 922/922/922
f 925/925/925 923/923/923 924/924/924
f 926/926/926 925/925/925 924/924/924
f 927/927/927 925/925/925 926/926/926
f 928/928/928 927/927/927 926/926/926
f 929/929/929 927/927/927 928/928/928
f 930/930/930 929/929/929 928/928/928
f 931/931/931 929/929/929 930/930/930
f 932/932/932 931/931/931 930/930/930
f 933/933/933 931/931/931 932/932/932
f 934/934/934 933/933/933 932/932/932
f 935/935/935 933/933/933 934/934/934
f 936/936/936 935/935/935 934/934/934
f 937/937/937 935/935/935 936/936/936
f 938/938/938 937/937/937 936/936/936
f 939/939/939 937/937/937 938/938/938
f 940/940/940 939/939/939 938/938/938
f 941/941/941 939/939/939 940/940/940
f 942/942/942 941/941/941 940/940/940
f 943/943/943 941/941/941 942/942/942
f 944/944/944 943/943/943 942/942/942
f 945/945/945 943/943/943 944/944/944
f 946/946/946 945/945/945 944/944/944
f 947/947/947 945/945/945 946/946/946
f 948/948/948 947/947/947 946/946/946
f 949/949/949 947/947/947 948/948/948
f 950/950/950 949/949/949 948/948/948
f 951/951/951 949/949/949 950/950/950
f 952/952/952 951/951/951 950/950/950
f 953/953/953 951/951/951 952/952/952
f 954/954/954 953/953/953 952/952/952
f 955/955/955 953/953/953 954/954/954
f 956/956/956 955/955/955 954/954/954
f 957/957/957 955/955/955 956/956/956
f 958/958/958 957/957/957 956/956/956
f 959/959/959 957/957/957 958/958/958
f 960/960/960 959/959/959 958/958/958
f 963/963/963 962/962/962 961/961/961
f 964/964/964 963/963/963 961/961/961
f 965/965/965 963/963/963 964/964/964
f 966/966/966 965/965/965 964/964/964
f 967/967/967 965/965/965 966/966/966
f 968/968/968 967/967/967 966/966/966
f 969/969/969 967/967/967 968/968/968
f 970/970/970 969/969/969 968/968/968
f 971/971/971 969/969/969 970/970/970
f 972/972/972 971/971/971 970/970/970
f 973/973/973 971/971/971 972/972/972
f 974/974/974 973/973/973 972/972/972
f 975/975/975 973/973/973 974/974/974
f 976/976/976 975/975/975 974/974/974
f 977/977/977 975/975/975 976/976/976
f 978/978/978 977/977/977 976/976/976
f 979/979/979 977/977/977 978/978/978
f 980/980/980 979/979/979 978/978/978
f 966/966/966 981/981/981 968/968/968
f 981/981/981 982/982/982 968/968/968
f 968/968/968 982/982/982 970/970/970
f 983/983/983 981/981/981 966/966/966
f 982/982/982 984/984/984 970/970/970
f 970/970/970 984/984/984 972/972/972
f 964/964/964 983/983/983 966/966/966
f 984/984/984 985/985/985 972/972/972
f 986/986/986 983/983/983 964/964/964
f 972/972/972 985/985/985 974/974/974
f 961/961/961 986/986/986 964/964/964
f 985/985/985 987/987/987 974/974/974
f 988/988/988 986/986/986 961/961/961
f 974/974/974 987/987/987 976/976/976
f 989/989/989 988/988/988 961/961/961
f 987/987/987 990/990/990 976/976/976
f 991/991/991 988/988/988 989/989/989
f 976/976/976 990/990/990 978/978/978
f 992/992/992 991/991/991 989/989/989
f 990/990/990 993/993/993 978/978/978
f 994/994/994 991/991/991 992/992/992
f 978/978/978 993/993/993 980/980/980
f 995/995/995 994/994/994 992/992/992
f 993/993/993 996/996/996 980/980/980
f 997/997/997 994/994/994 995/995/995
f 980/980/980 996/996/996 998/998/998
f 998/998/998 997/997/997 995/995/995
f 996/996/996 997/997/997 998/998/998
f 1001/1001/1001 1000/1000/1000 999/999/999
f 999/999/999 1002/1002/1002 1001/1001/1001
f 1002/1002/1002 1003/1003/1003 1001/1001/1001
f 1003/1003/1003 1004/1004/1004 1001/1001/1001
f 1004/1004/1004 1005/1005/1005 1001/1001/1001
f 1005/1005/1005 1006/1006/1006 1001/1001/1001
f 1006/1006/1006 1007/1007/1007 1001/1001/1001
f 1007/1007/1007 1008/1008/1008 1001/1001/1001
f 1008/1008/1008 1009/1009/1009 1001/1001/1001
f 1009/1009/1009 1010/1010/1010 1001/1001/1001
f 1010/1010/1010 1011/1011/1011 1001/1001/1001
f 1011/1011/1011 1012/1012/1012 1001/1001/1001
f 1012/1012/1012 1013/1013/1013 1001/1001/1001
f 1013/1013/1013 1014/1014/1014 1001/1001/1001
f 1014/1014/1014 1015/1015/1015 1001/1001/1001
f 1015/1015/1015 1016/1016/1016 1001/1001/1001
f 1016/1016/1016 1017/1017/1017 1001/1001/1001
f 1017/1017/1017 1018/1018/1018 1001/1001/1001
f 1018/1018/1018 1019/1019/1019 1001/1001/1001
f 1019/1019/1019 1020/1020/1020 1001/1001/1001
f 1019/1019/1019 1021/1021/1021 1020/1020/1020
f 1021/1021/1021 1022/1022/1022 1020/1020/1020
f 1021/1021/1021 1023/1023/1023 1022/1022/1022
f 1023/1023/1023 1024/1024/1024 1022/1022/1022
f 1024/1024/1024 1025/1025/1025 1022/1022/1022
f 1024/1024/1024 1026/1026/1026 1025/1025/1025
f 1026/1026/1026 1027/1027/1027 1025/1025/1025
f 1026/1026/1026 1028/1028/1028 1027/1027/1027
f 1028/1028/1028 1029/1029/1029 1027/1027/1027
f 1029/1029/1029 1030/1030/1030 1027/1027/1027
f 1029/1029/1029 1031/1031/1031 1030/1030/1030
f 1031/1031/1031 1032/1032/1032 1030/1030/1030
f 1035/1035/1035 1034/1034/1034 1033/1033/1033
f 1033/1033/1033 1036/1036/1036 1035/1035/1035
f 1033/1033/1033 1037/1037/1037 1036/1036/1036
f 1037/1037/1037 1038/1038/1038 1036/1036/1036
f 1037/1037/1037 1039/1039/1039 1038/1038/1038
f 1039/1039/1039 1040/1040/1040 1038/1038/1038
f 1043/1043/1043 1042/1042/1042 1041/1041/1041
f 1041/1041/1041 1044/1044/1044 1043/1043/1043
f 1041/1041/1041 1045/1045/1045 1044/1044/1044
f 1045/1045/1045 1046/1046/1046 1044/1044/1044
f 1045/1045/1045 1047/1047/1047 1046/1046/1046
f 1047/1047/1047 1048/1048/1048 1046/1046/1046
f 1051/1051/1051 1050/1050/1050 1049/1049/1049
f 1049/1049/1049 1052/1052/1052 1051/1051/1051
f 1049/1049/1049 1053/1053/1053 1052/1052/1052
f 1053/1053/1053 1054/1054/1054 1052/1052/1052
f 1053/1053/1053 1055/1055/1055 1054/1054/1054
f 1055/1055/1055 1056/1056/1056 1054/1054/1054
f 1059/1059/1059 1058/1058/1058 1057/1057/1057
f 1058/1058/1058 1060/1060/1060 1057/1057/1057
f 1058/1058/1058 1061/1061/1061 1060/1060/1060
f 1061/1061/1061 1062/1062/1062 1060/1060/1060
f 1061/1061/1061 1063/1063/1063 1062/1062/1062
f 1063/1063/1063 1064/1064/1064 1062/1062/1062
f 1063/1063/1063 1065/1065/1065 1064/1064/1064
f 1065/1065/1065 1066/1066/1066 1064/1064/1064
f 1069/1069/1069 1068/1068/1068 1067/1067/1067
f 1070/1070/1070 1069/1069/1069 1067/1067/1067
f 1073/1073/1073 1072/1072/1072 1071/1071/1071
f 1074/1074/1074 1073/1073/1073 1071/1071/1071
f 1077/1077/1077 1076/1076/1076 1075/1075/1075
f 1078/1078/1078 1077/1077/1077 1075/1075/1075
f 1081/1081/1081 1080/1080/1080 1079/1079/1079
f 1082/1082/1082 1081/1081/1081 1079/1079/1079
f 1085/1085/1085 1084/1084/1084 1083/1083/1083
f 1086/1086/1086 1085/1085/1085 1083/1083/1083
f 1089/1089/1089 1088/1088/1088 1087/1087/1087
f 1090/1090/1090 1089/1089/1089 1087/1087/1087
f 1093/1093/1093 1092/1092/1092 1091/1091/1091
f 1094/1094/1094 1093/1093/1093 1091/1091/1091
f 1097/1097/1097 1096/1096/1096 1095/1095/1095
f 1098/1098/1098 1097/1097/1097 1095/1095/1095
f 1101/1101/1101 1100/1100/1100 1099/1099/1099
f 1102/1102/1102 1101/1101/1101 1099/1099/1099
f 1105/1105/1105 1104/1104/1104 1103/1103/1103
f 1106/1106/1106 1105/1105/1105 1103/1103/1103
f 1109/1109/1109 1108/1108/1108 1107/1107/1107
f 1108/1108/1108 1110/1110/1110 1107/1107/1107
f 1108/1108/1108 1111/1111/1111 1110/1110/1110
f 1111/1111/1111 1112/1112/1112 1110/1110/1110
f 1111/1111/1111 1113/1113/1113 1112/1112/1112
f 1113/1113/1113 1114/1114/1114 1112/1112/1112
f 1113/1113/1113 1115/1115/1115 1114/1114/1114
f 1115/1115/1115 1116/1116/1116 1114/1114/1114
f 1119/1119/1119 1118/1118/1118 1117/1117/1117
f 1120/1120/1120 1119/1119/1119 1117/1117/1117
f 1123/1123/1123 1122/1122/1122 1121/1121/1121
f 1124/1124/1124 1123/1123/1123 1121/1121/1121
f 1127/1127/1127 1126/1126/1126 1125/1125/1125
f 1128/1128/1128 1127/1127/1127 1125/1125/1125
f 1131/1131/1131 1130/1130/1130 1129/1129/1129
f 1132/1132/1132 1131/1131/1131 1129/1129/1129
f 1135/1135/1135 1134/1134/1134 1133/1133/1133
f 1136/1136/1136 1135/1135/1135 1133/1133/1133
f 1139/1139/1139 1138/1138/1138 1137/1137/1137
f 1140/1140/1140 1139/1139/1139 1137/1137/1137
f 1143/1143/1143 1142/1142/1142 1141/1141/1141
f 1144/1144/1144 1143/1143/1143 1141/1141/1141
f 1147/1147/1147 1146/1146/1146 1145/1145/1145
f 1148/1148/1148 1147/1147/1147 1145/1145/1145
f 1151/1151/1151 1150/1150/1150 1149/1149/1149
f 1152/1152/1152 1151/1151/1151 1149/1149/1149
f 1155/1155/1155 1154/1154/1154 1153/1153/1153
f 1156/1156/1156 1155/1155/1155 1153/1153/1153
f 1159/1159/1159 1158/1158/1158 1157/1157/1157
f 1158/1158/1158 1160/1160/1160 1157/1157/1157
f 1158/1158/1158 1161/1161/1161 1160/1160/1160
f 1161/1161/1161 1162/1162/1162 1160/1160/1160
f 1161/1161/1161 1163/1163/1163 1162/1162/1162
f 1163/1163/1163 1164/1164/1164 1162/1162/1162
f 1163/1163/1163 1165/1165/1165 1164/1164/1164
f 1165/1165/1165 1166/1166/1166 1164/1164/1164
f 1169/1169/1169 1168/1168/1168 1167/1167/1167
f 1170/1170/1170 1169/1169/1169 1167/1167/1167
f 1173/1173/1173 1172/1172/1172 1171/1171/1171
f 1174/1174/1174 1173/1173/1173 1171/1171/1171
f 1177/1177/1177 1176/1176/1176 1175/1175/1175
f 1178/1178/1178 1177/1177/1177 1175/1175/1175
f 1181/1181/1181 1180/1180/1180 1179/1179/1179
f 1182/1182/1182 1181/1181/1181 1179/1179/1179
f 1185/1185/1185 1184/1184/1184 1183/1183/1183
f 1186/1186/1186 1185/1185/1185 1183/1183/1183
f 1189/1189/1189 1188/1188/1188 1187/1187/1187
f 1190/1190/1190 1189/1189/1189 1187/1187/1187
f 1193/1193/1193 1192/1192/1192 1191/1191/1191
f 1194/1194/1194 1193/1193/1193 1191/1191/1191
f 1197/1197/1197 1196/1196/1196 1195/1195/1195
f 1198/1198/1198 1197/1197/1197 1195/1195/1195
f 1201/1201/1201 1200/1200/1200 1199/1199/1199
f 1202/1202/1202 1201/1201/1201 1199/1199/1199
f 1205/1205/1205 1204/1204/1204 1203/1203/1203
f 1206/1206/1206 1205/1205/1205 1203/1203/1203
f 1209/1209/1209 1208/1208/1208 1207/1207/1207
f 1210/1210/1210 1209/1209/1209 1207/1207/1207
f 1213/1213/1213 1212/1212/1212 1211/1211/1211
f 1214/1214/1214 1213/1213/1213 1211/1211/1211
f 1217/1217/1217 1216/1216/1216 1215/1215/1215
f 1218/1218/1218 1217/1217/1217 1215/1215/1215
f 1221/1221/1221 1220/1220/1220 1219/1219/1219
f 1222/1222/1222 1221/1221/1221 1219/1219/1219
f 1225/1225/1225 1224/1224/1224 1223/1223/1223
f 1226/1226/1226 1225/1225/1225 1223/1223/1223
f 1229/1229/1229 1228/1228/1228 1227/1227/1227
f 1230/1230/1230 1229/1229/1229 1227/1227/1227
f 1233/1233/1233 1232/1232/1232 1231/1231/1231
f 1234/1234/1234 1233/1233/1233 1231/1231/1231
f 1237/1237/1237 1236/1236/1236 1235/1235/1235
f 1238/1238/1238 1237/1237/1237 1235/1235/1235
f 1241/1241/1241 1240/1240/1240 1239/1239/1239
f 1242/1242/1242 1241/1241/1241 1239/1239/1239
f 1245/1245/1245 1244/1244/1244 1243/1243/1243
f 1246/1246/1246 1245/1245/1245 1243/1243/1243
f 1249/1249/1249 1248/1248/1248 1247/1247/1247
f 1250/1250/1250 1249/1249/1249 1247/1247/1247
f 1253/1253/1253 1252/1252/1252 1251/1251/1251
f 1254/1254/1254 1253/1253/1253 1251/1251/1251
f 1257/1257/1257 1256/1256/1256 1255/1255/1255
f 1258/1258/1258 1257/1257/1257 1255/1255/1255
f 1261/1261/1261 1260/1260/1260 1259/1259/1259
f 1262/1262/1262 1261/1261/1261 1259/1259/1259
f 1265/1265/1265 1264/1264/1264 1263/1263/1263
f 1266/1266/1266 1265/1265/1265 1263/1263/1263
f 1269/1269/1269 1268/1268/1268 1267/1267/1267
f 1270/1270/1270 1269/1269/1269 1267/1267/1267
f 1273/1273/1273 1272/1272/1272 1271/1271/1271
f 1274/1274/1274 1273/1273/1273 1271/1271/1271
f 1277/1277/1277 1276/1276/1276 1275/1275/1275
f 1278/1278/1278 1277/1277/1277 1275/1275/1275
f 1281/1281/1281 1280/1280/1280 1279/1279/1279
f 1282/1282/1282 1281/1281/1281 1279/1279/1279
f 1285/1285/1285 1284/1284/1284 1283/1283/1283
f 1286/1286/1286 1285/1285/1285 1283/1283/1283
f 1289/1289/1289 1288/1288/1288 1287/1287/1287
f 1288/1288/1288 1289/1289/1289 1290/1290/1290
f 1288/1288/1288 1291/1291/1291 1287/1287/1287
f 1292/1292/1292 1288/1288/1288 1290/1290/1290
f 1287/1287/1287 1291/1291/1291 1293/1293/1293
f 1292/1292/1292 1290/1290/1290 1294/1294/1294
f 1291/1291/1291 1295/1295/1295 1293/1293/1293
f 1296/1296/1296 1292/1292/1292 1294/1294/1294
f 1294/1294/1294 1297/1297/1297 1296/1296/1296
f 1297/1297/1297 1298/1298/1298 1296/1296/1296
f 1297/1297/1297 1299/1299/1299 1298/1298/1298
f 1299/1299/1299 1300/1300/1300 1298/1298/1298
f 1293/1293/1293 1295/1295/1295 1301/1301/1301
f 1300/1300/1300 1299/1299/1299 1301/1301/1301
f 1295/1295/1295 1302/1302/1302 1301/1301/1301
f 1302/1302/1302 1300/1300/1300 1301/1301/1301
f 1305/1305/1305 1304/1304/1304 1303/1303/1303
f 1304/1304/1304 1305/1305/1305 1306/1306/1306
f 1304/1304/1304 1307/1307/1307 1303/1303/1303
f 1308/1308/1308 1304/1304/1304 1306/1306/1306
f 1303/1303/1303 1307/1307/1307 1309/1309/1309
f 1308/1308/1308 1306/1306/1306 1310/1310/1310
f 1307/1307/1307 1311/1311/1311 1309/1309/1309
f 1312/1312/1312 1308/1308/1308 1310/1310/1310
f 1310/1310/1310 1313/1313/1313 1312/1312/1312
f 1313/1313/1313 1314/1314/1314 1312/1312/1312
f 1313/1313/1313 1315/1315/1315 1314/1314/1314
f 1315/1315/1315 1316/1316/1316 1314/1314/1314
f 1309/1309/1309 1311/1311/1311 1317/1317/1317
f 1316/1316/1316 1315/1315/1315 1317/1317/1317
f 1311/1311/1311 1318/1318/1318 1317/1317/1317
f 1318/1318/1318 1316/1316/1316 1317/1317/1317
f 1321/1321/1321 1320/1320/1320 1319/1319/1319
f 1320/1320/1320 1321/1321/1321 1322/1322/1322
f 1320/1320/1320 1323/1323/1323 1319/1319/1319
f 1324/1324/1324 1320/1320/1320 1322/1322/1322
f 1319/1319/1319 1323/1323/1323 1325/1325/1325
f 1324/1324/1324 1322/1322/1322 1326/1326/1326
f 1323/1323/1323 1327/1327/1327 1325/1325/1325
f 1328/1328/1328 1324/1324/1324 1326/1326/1326
f 1326/1326/1326 1329/1329/1329 1328/1328/1328
f 1329/1329/1329 1330/1330/1330 1328/1328/1328
f 1329/1329/1329 1331/1331/1331 1330/1330/1330
f 1331/1331/1331 1332/1332/1332 1330/1330/1330
f 1325/1325/1325 1327/1327/1327 1333/1333/1333
f 1332/1332/1332 1331/1331/1331 1333/1333/1333
f 1327/1327/1327 1334/1334/1334 1333/1333/1333
f 1334/1334/1334 1332/1332/1332 1333/1333/1333
f 1337/1337/1337 1336/1336/1336 1335/1335/1335
f 1336/1336/1336 1337/1337/1337 1338/1338/1338
f 1336/1336/1336 1339/1339/1339 1335/1335/1335
f 1340/1340/1340 1336/1336/1336 1338/1338/1338
f 1335/1335/1335 1339/1339/1339 1341/1341/1341
f 1340/1340/1340 1338/1338/1338 1342/1342/1342
f 1339/1339/1339 1343/1343/1343 1341/1341/1341
f 1344/1344/1344 1340/1340/1340 1342/1342/1342
f 1342/1342/1342 1345/1345/1345 1344/1344/1344
f 1345/1345/1345 1346/1346/1346 1344/1344/1344
f 1345/1345/1345 1347/1347/1347 1346/1346/1346
f 1347/1347/1347 1348/1348/1348 1346/1346/1346
f 1341/1341/1341 1343/1343/1343 1349/1349/1349
f 1348/1348/1348 1347/1347/1347 1349/1349/1349
f 1343/1343/1343 1350/1350/1350 1349/1349/1349
f 1350/1350/1350 1348/1348/1348 1349/1349/1349
f 1353/1353/1353 1352/1352/1352 1351/1351/1351
f 1352/1352/1352 1353/1353/1353 1354/1354/1354
f 1352/1352/1352 1355/1355/1355 1351/1351/1351
f 1356/1356/1356 1352/1352/1352 1354/1354/1354
f 1351/1351/1351 1355/1355/1355 1357/1357/1357
f 1358/1358/1358 1351/1351/1351 1357/1357/1357
f 1359/1359/1359 1356/1356/1356 1354/1354/1354
f 1360/1360/1360 1359/1359/1359 1354/1354/1354
f 1358/1358/1358 1357/1357/1357 1361/1361/1361
f 1357/1357/1357 1362/1362/1362 1361/1361/1361
f 1359/1359/1359 1360/1360/1360 1363/1363/1363
f 1364/1364/1364 1359/1359/1359 1363/1363/1363
f 1361/1361/1361 1362/1362/1362 1365/1365/1365
f 1365/1365/1365 1364/1364/1364 1363/1363/1363
f 1366/1366/1366 1361/1361/1361 1365/1365/1365
f 1366/1366/1366 1365/1365/1365 1363/1363/1363
f 1369/1369/1369 1368/1368/1368 1367/1367/1367
f 1368/1368/1368 1369/1369/1369 1370/1370/1370
f 1368/1368/1368 1371/1371/1371 1367/1367/1367
f 1372/1372/1372 1368/1368/1368 1370/1370/1370
f 1367/1367/1367 1371/1371/1371 1373/1373/1373
f 1372/1372/1372 1370/1370/1370 1373/1373/1373
f 1371/1371/1371 1374/1374/1374 1373/1373/1373
f 1374/1374/1374 1372/1372/1372 1373/1373/1373
f 1377/1377/1377 1376/1376/1376 1375/1375/1375
f 1376/1376/1376 1377/1377/1377 1378/1378/1378
f 1379/1379/1379 1377/1377/1377 1375/1375/1375
f 1377/1377/1377 1380/1380/1380 1378/1378/1378
f 1379/1379/1379 1375/1375/1375 1381/1381/1381
f 1378/1378/1378 1380/1380/1380 1381/1381/1381
f 1382/1382/1382 1379/1379/1379 1381/1381/1381
f 1380/1380/1380 1382/1382/1382 1381/1381/1381
f 1385/1385/1385 1384/1384/1384 1383/1383/1383
f 1386/1386/1386 1385/1385/1385 1383/1383/1383
f 1383/1383/1383 1384/1384/1384 1387/1387/1387
f 1388/1388/1388 1385/1385/1385 1386/1386/1386
f 1384/1384/1384 1389/1389/1389 1387/1387/1387
f 1390/1390/1390 1388/1388/1388 1386/1386/1386
f 1387/1387/1387 1389/1389/1389 1390/1390/1390
f 1389/1389/1389 1388/1388/1388 1390/1390/1390
f 1393/1393/1393 1392/1392/1392 1391/1391/1391
f 1394/1394/1394 1393/1393/1393 1391/1391/1391
f 1391/1391/1391 1392/1392/1392 1395/1395/1395
f 1396/1396/1396 1393/1393/1393 1394/1394/1394
f 1392/1392/1392 1397/1397/1397 1395/1395/1395
f 1398/1398/1398 1396/1396/1396 1394/1394/1394
f 1395/1395/1395 1397/1397/1397 1398/1398/1398
f 1397/1397/1397 1396/1396/1396 1398/1398/1398
f 1401/1401/1401 1400/1400/1400 1399/1399/1399
f 1402/1402/1402 1401/1401/1401 1399/1399/1399
f 1401/1401/1401 1403/1403/1403 1400/1400/1400
f 1402/1402/1402 1399/1399/1399 1404/1404/1404
f 1403/1403/1403 1405/1405/1405 1400/1400/1400
f 1406/1406/1406 1402/1402/1402 1404/1404/1404
f 1403/1403/1403 1407/1407/1407 1405/1405/1405
f 1406/1406/1406 1404/1404/1404 1408/1408/1408
f 1407/1407/1407 1409/1409/1409 1405/1405/1405
f 1410/1410/1410 1406/1406/1406 1408/1408/1408
f 1407/1407/1407 1411/1411/1411 1409/1409/1409
f 1410/1410/1410 1408/1408/1408 1412/1412/1412
f 1411/1411/1411 1413/1413/1413 1409/1409/1409
f 1414/1414/1414 1410/1410/1410 1412/1412/1412
f 1414/1414/1414 1412/1412/1412 1413/1413/1413
f 1411/1411/1411 1414/1414/1414 1413/1413/1413
f 1417/1417/1417 1416/1416/1416 1415/1415/1415
f 1418/1418/1418 1417/1417/1417 1415/1415/1415
f 1417/1417/1417 1419/1419/1419 1416/1416/1416
f 1418/1418/1418 1415/1415/1415 1420/1420/1420
f 1419/1419/1419 1421/1421/1421 1416/1416/1416
f 1422/1422/1422 1418/1418/1418 1420/1420/1420
f 1419/1419/1419 1423/1423/1423 1421/1421/1421
f 1422/1422/1422 1420/1420/1420 1424/1424/1424
f 1423/1423/1423 1425/1425/1425 1421/1421/1421
f 1426/1426/1426 1422/1422/1422 1424/1424/1424
f 1423/1423/1423 1427/1427/1427 1425/1425/1425
f 1426/1426/1426 1424/1424/1424 1428/1428/1428
f 1427/1427/1427 1429/1429/1429 1425/1425/1425
f 1430/1430/1430 1426/1426/1426 1428/1428/1428
f 1430/1430/1430 1428/1428/1428 1429/1429/1429
f 1427/1427/1427 1430/1430/1430 1429/1429/1429
f 1433/1433/1433 1432/1432/1432 1431/1431/1431
f 1434/1434/1434 1433/1433/1433 1431/1431/1431
f 1433/1433/1433 1435/1435/1435 1432/1432/1432
f 1434/1434/1434 1431/1431/1431 1436/1436/1436
f 1435/1435/1435 1437/1437/1437 1432/1432/1432
f 1438/1438/1438 1434/1434/1434 1436/1436/1436
f 1435/1435/1435 1439/1439/1439 1437/1437/1437
f 1438/1438/1438 1436/1436/1436 1440/1440/1440
f 1439/1439/1439 1441/1441/1441 1437/1437/1437
f 1442/1442/1442 1438/1438/1438 1440/1440/1440
f 1439/1439/1439 1443/1443/1443 1441/1441/1441
f 1442/1442/1442 1440/1440/1440 1444/1444/1444
f 1443/1443/1443 1445/1445/1445 1441/1441/1441
f 1446/1446/1446 1442/1442/1442 1444/1444/1444
f 1446/1446/1446 1444/1444/1444 1445/1445/1445
f 1443/1443/1443 1446/1446/1446 1445/1445/1445
f 1449/1449/1449 1448/1448/1448 1447/1447/1447
f 1450/1450/1450 1449/1449/1449 1447/1447/1447
f 1449/1449/1449 1451/1451/1451 1448/1448/1448
f 1451/1451/1451 1449/1449/1449 1450/1450/1450
f 1447/1447/1447 1448/1448/1448 1452/1452/1452
f 1450/1450/1450 1447/1447/1447 1453/1453/1453
f 1447/1447/1447 1452/1452/1452 1453/1453/1453
f 1454/1454/1454 1448/1448/1448 1451/1451/1451
f 1455/1455/1455 1451/1451/1451 1450/1450/1450
f 1455/1455/1455 1454/1454/1454 1451/1451/1451
f 1450/1450/1450 1453/1453/1453 1456/1456/1456
f 1456/1456/1456 1455/1455/1455 1450/1450/1450
f 1452/1452/1452 1448/1448/1448 1457/1457/1457
f 1457/1457/1457 1448/1448/1448 1454/1454/1454
f 1453/1453/1453 1452/1452/1452 1458/1458/1458
f 1459/1459/1459 1452/1452/1452 1457/1457/1457
f 1458/1458/1458 1452/1452/1452 1459/1459/1459
f 1453/1453/1453 1458/1458/1458 1460/1460/1460
f 1456/1456/1456 1453/1453/1453 1460/1460/1460
f 1459/1459/1459 1457/1457/1457 1461/1461/1461
f 1461/1461/1461 1457/1457/1457 1454/1454/1454
f 1458/1458/1458 1459/1459/1459 1462/1462/1462
f 1460/1460/1460 1458/1458/1458 1462/1462/1462
f 1462/1462/1462 1459/1459/1459 1461/1461/1461
f 1460/1460/1460 1462/1462/1462 1463/1463/1463
f 1456/1456/1456 1460/1460/1460 1463/1463/1463
f 1462/1462/1462 1461/1461/1461 1464/1464/1464
f 1462/1462/1462 1464/1464/1464 1463/1463/1463
f 1461/1461/1461 1454/1454/1454 1465/1465/1465
f 1464/1464/1464 1461/1461/1461 1465/1465/1465
f 1466/1466/1466 1454/1454/1454 1455/1455/1455
f 1454/1454/1454 1466/1466/1466 1465/1465/1465
f 1466/1466/1466 1455/1455/1455 1467/1467/1467
f 1467/1467/1467 1465/1465/1465 1466/1466/1466
f 1467/1467/1467 1455/1455/1455 1456/1456/1456
f 1464/1464/1464 1465/1465/1465 1467/1467/1467
f 1468/1468/1468 1456/1456/1456 1463/1463/1463
f 1467/1467/1467 1456/1456/1456 1468/1468/1468
f 1463/1463/1463 1464/1464/1464 1468/1468/1468
f 1468/1468/1468 1464/1464/1464 1467/1467/1467
f 1471/1471/1471 1470/1470/1470 1469/1469/1469
f 1469/1469/1469 1472/1472/1472 1471/1471/1471
f 1473/1473/1473 1470/1470/1470 1471/1471/1471
f 1471/1471/1471 1472/1472/1472 1473/1473/1473
f 1470/1470/1470 1474/1474/1474 1469/1469/1469
f 1475/1475/1475 1472/1472/1472 1469/1469/1469
f 1474/1474/1474 1475/1475/1475 1469/1469/1469
f 1472/1472/1472 1476/1476/1476 1473/1473/1473
f 1475/1475/1475 1477/1477/1477 1472/1472/1472
f 1472/1472/1472 1477/1477/1477 1476/1476/1476
f 1474/1474/1474 1478/1478/1478 1475/1475/1475
f 1470/1470/1470 1479/1479/1479 1474/1474/1474
f 1479/1479/1479 1478/1478/1478 1474/1474/1474
f 1478/1478/1478 1480/1480/1480 1475/1475/1475
f 1475/1475/1475 1480/1480/1480 1477/1477/1477
f 1478/1478/1478 1481/1481/1481 1480/1480/1480
f 1479/1479/1479 1481/1481/1481 1478/1478/1478
f 1480/1480/1480 1482/1482/1482 1477/1477/1477
f 1480/1480/1480 1481/1481/1481 1482/1482/1482
f 1477/1477/1477 1483/1483/1483 1476/1476/1476
f 1477/1477/1477 1482/1482/1482 1483/1483/1483
f 1473/1473/1473 1476/1476/1476 1484/1484/1484
f 1483/1483/1483 1484/1484/1484 1476/1476/1476
f 1484/1484/1484 1485/1485/1485 1473/1473/1473
f 1473/1473/1473 1485/1485/1485 1470/1470/1470
f 1484/1484/1484 1483/1483/1483 1485/1485/1485
f 1486/1486/1486 1479/1479/1479 1470/1470/1470
f 1470/1470/1470 1485/1485/1485 1486/1486/1486
f 1487/1487/1487 1481/1481/1481 1479/1479/1479
f 1486/1486/1486 1487/1487/1487 1479/1479/1479
f 1481/1481/1481 1488/1488/1488 1482/1482/1482
f 1482/1482/1482 1488/1488/1488 1483/1483/1483
f 1487/1487/1487 1488/1488/1488 1481/1481/1481
f 1485/1485/1485 1483/1483/1483 1489/1489/1489
f 1485/1485/1485 1489/1489/1489 1486/1486/1486
f 1483/1483/1483 1488/1488/1488 1489/1489/1489
f 1486/1486/1486 1490/1490/1490 1487/1487/1487
f 1489/1489/1489 1490/1490/1490 1486/1486/1486
f 1490/1490/1490 1488/1488/1488 1487/1487/1487
f 1490/1490/1490 1489/1489/1489 1488/1488/1488
f 1493/1493/1493 1492/1492/1492 1491/1491/1491
f 1494/1494/1494 1493/1493/1493 1491/1491/1491
f 1493/1493/1493 1495/1495/1495 1492/1492/1492
f 1495/1495/1495 1493/1493/1493 1494/1494/1494
f 1491/1491/1491 1492/1492/1492 1496/1496/1496
f 1494/1494/1494 1491/1491/1491 1497/1497/1497
f 1491/1491/1491 1496/1496/1496 1497/1497/1497
f 1498/1498/1498 1492/1492/1492 1495/1495/1495
f 1499/1499/1499 1495/1495/1495 1494/1494/1494
f 1499/1499/1499 1498/1498/1498 1495/1495/1495
f 1494/1494/1494 1497/1497/1497 1500/1500/1500
f 1500/1500/1500 1499/1499/1499 1494/1494/1494
f 1496/1496/1496 1492/1492/1492 1501/1501/1501
f 1501/1501/1501 1492/1492/1492 1498/1498/1498
f 1497/1497/1497 1496/1496/1496 1502/1502/1502
f 1503/1503/1503 1496/1496/1496 1501/1501/1501
f 1502/1502/1502 1496/1496/1496 1503/1503/1503
f 1497/1497/1497 1502/1502/1502 1504/1504/1504
f 1500/1500/1500 1497/1497/1497 1504/1504/1504
f 1503/1503/1503 1501/1501/1501 1505/1505/1505
f 1505/1505/1505 1501/1501/1501 1498/1498/1498
f 1502/1502/1502 1503/1503/1503 1506/1506/1506
f 1504/1504/1504 1502/1502/1502 1506/1506/1506
f 1506/1506/1506 1503/1503/1503 1505/1505/1505
f 1504/1504/1504 1506/1506/1506 1507/1507/1507
f 1500/1500/1500 1504/1504/1504 1507/1507/1507
f 1506/1506/1506 1505/1505/1505 1508/1508/1508
f 1506/1506/1506 1508/1508/1508 1507/1507/1507
f 1505/1505/1505 1498/1498/1498 1509/1509/1509
f 1508/1508/1508 1505/1505/1505 1509/1509/1509
f 1510/1510/1510 1498/1498/1498 1499/1499/1499
f 1498/1498/1498 1510/1510/1510 1509/1509/1509
f 1510/1510/1510 1499/1499/1499 1511/1511/1511
f 1511/1511/1511 1509/1509/1509 1510/1510/1510
f 1511/1511/1511 1499/1499/1499 1500/1500/1500
f 1508/1508/1508 1509/1509/1509 1511/1511/1511
f 1512/1512/1512 1500/1500/1500 1507/1507/1507
f 1511/1511/1511 1500/1500/1500 1512/1512/1512
f 1507/1507/1507 1508/1508/1508 1512/1512/1512
f 1512/1512/1512 1508/1508/1508 1511/1511/1511
f 1515/1515/1515 1514/1514/1514 1513/1513/1513
f 1513/1513/1513 1516/1516/1516 1515/1515/1515
f 1517/1517/1517 1514/1514/1514 1515/1515/1515
f 1515/1515/1515 1516/1516/1516 1517/1517/1517
f 1514/1514/1514 1518/1518/1518 1513/1513/1513
f 1519/1519/1519 1516/1516/1516 1513/1513/1513
f 1518/1518/1518 1519/1519/1519 1513/1513/1513
f 1516/1516/1516 1520/1520/1520 1517/1517/1517
f 1519/1519/1519 1521/1521/1521 1516/1516/1516
f 1516/1516/1516 1521/1521/1521 1520/1520/1520
f 1518/1518/1518 1522/1522/1522 1519/1519/1519
f 1514/1514/1514 1523/1523/1523 1518/1518/1518
f 1523/1523/1523 1522/1522/1522 1518/1518/1518
f 1522/1522/1522 1524/1524/1524 1519/1519/1519
f 1519/1519/1519 1524/1524/1524 1521/1521/1521
f 1522/1522/1522 1525/1525/1525 1524/1524/1524
f 1523/1523/1523 1525/1525/1525 1522/1522/1522
f 1524/1524/1524 1526/1526/1526 1521/1521/1521
f 1524/1524/1524 1525/1525/1525 1526/1526/1526
f 1521/1521/1521 1527/1527/1527 1520/1520/1520
f 1521/1521/1521 1526/1526/1526 1527/1527/1527
f 1517/1517/1517 1520/1520/1520 1528/1528/1528
f 1527/1527/1527 1528/1528/1528 1520/1520/1520
f 1528/1528/1528 1529/1529/1529 1517/1517/1517
f 1517/1517/1517 1529/1529/1529 1514/1514/1514
f 1528/1528/1528 1527/1527/1527 1529/1529/1529
f 1530/1530/1530 1523/1523/1523 1514/1514/1514
f 1514/1514/1514 1529/1529/1529 1530/1530/1530
f 1531/1531/1531 1525/1525/1525 1523/1523/1523
f 1530/1530/1530 1531/1531/1531 1523/1523/1523
f 1525/1525/1525 1532/1532/1532 1526/1526/1526
f 1526/1526/1526 1532/1532/1532 1527/1527/1527
f 1531/1531/1531 1532/1532/1532 1525/1525/1525
f 1529/1529/1529 1527/1527/1527 1533/1533/1533
f 1529/1529/1529 1533/1533/1533 1530/1530/1530
f 1527/1527/1527 1532/1532/1532 1533/1533/1533
f 1530/1530/1530 1534/1534/1534 1531/1531/1531
f 1533/1533/1533 1534/1534/1534 1530/1530/1530
f 1534/1534/1534 1532/1532/1532 1531/1531/1531
f 1534/1534/1534 1533/1533/1533 1532/1532/1532
