g Salesman
v -0.30070835 0.3390948 1.819365
v -0.15254053 0.34583932 1.8075161
v -0.21263608 0.30752885 2.2137694
v -0.3302627 0.29868233 2.2221382
v -0.48298088 0.29473513 1.8289988
v -0.3715884 0.3353473 2.538281
v -0.26237842 0.35102975 2.5374382
v -0.30504757 0.34320652 2.8644538
v -0.5038379 0.28067374 2.2281642
v -0.6306749 0.17091376 1.8261614
v -0.6574592 0.16097629 2.1205127
v -0.6924856 -0.0063803047 1.822475
v -0.72581774 -0.021553993 2.095304
v -0.6344728 -0.1898608 1.8206625
v -0.6646836 -0.2149595 2.1224804
v -0.49941343 -0.33306247 1.8132157
v -0.38553542 -0.37340394 2.2308571
v -0.47267768 -0.39050147 1.9856374
v -0.39667624 -0.37287128 2.208975
v -0.49010703 0.3300786 2.544714
v -0.4228257 0.31909406 2.8206196
v -0.5358062 0.3025807 2.8180811
v -0.58172405 0.16664553 2.9584649
v -0.47051427 0.17640662 2.9629703
v -0.38185415 0.1742537 2.9792259
v -0.61021847 2.9802206E-05 2.9802985
v -0.4025683 0.00010085094 2.9983327
v -0.49288642 7.987011E-05 2.9863298
v -0.58262265 -0.1655376 2.9589505
v -0.38193902 -0.17394733 2.9785724
v -0.471591 -0.17452848 2.9639058
v -0.46536377 -0.30150557 2.8285537
v -0.3135225 -0.3490604 2.868726
v -0.24311842 -0.3755888 2.7913382
v -0.1615418 -0.39459652 2.8415437
v -0.314795 -0.3681329 2.681381
v 0.07963896 0.3542866 1.8063812
v 0.16338246 0.34532893 1.8053668
v 0.22324184 0.3046714 2.2117867
v 0.08582074 0.32819414 2.2048342
v 0.1513921 0.37891972 2.53235
v 0.27217796 0.34921455 2.5365498
v 0.3137297 0.34498405 2.8656332
v 0.21042088 0.38942495 2.8203244
v 0.24698386 0.26725185 2.9985
v 0.1814367 0.3298464 2.9877133
v 0.30970225 0.14175892 3.015627
v 0.39006817 0.17581248 2.9809957
v 0.32906672 -0.00027871144 3.0235147
v 0.41201314 -0.00024390232 3.0013332
v 0.3090269 -0.14277971 3.0151408
v 0.3898949 -0.17675447 2.9802601
v 0.31423247 -0.3550147 2.8596725
v 0.24571504 -0.26798403 2.9824734
v 0.1376387 -0.34345126 2.964953
v 0.1502984 -0.40675563 2.8413475
v 0.004675757 -0.36823583 2.965187
v 0.007026166 -0.40838808 2.8449218
v -0.12861754 -0.34201694 2.9627419
v -0.1615418 -0.39459652 2.8415437
v -0.23697545 -0.26613998 2.9803345
v -0.3135225 -0.3490604 2.868726
v -0.2997586 -0.1410681 3.012917
v -0.38193902 -0.17394733 2.9785724
v -0.31913805 -1.193257E-07 3.0205975
v -0.4025683 0.00010085094 2.9983327
v -0.30023795 0.14072323 3.0133703
v -0.38185415 0.1742537 2.9792259
v -0.30504757 0.34320652 2.8644538
v -0.23776747 0.2659818 2.99608
v -0.17238154 0.32816568 2.9854202
v -0.20021784 0.3875859 2.8191228
v -0.26237842 0.35102975 2.5374382
v -0.14041041 0.37855685 2.532719
v -0.074251495 0.3282684 2.205963
v -0.21263608 0.30752885 2.2137694
v -0.15254053 0.34583932 1.8075161
v -0.0675059 0.35410273 1.8075194
v 0.006015328 0.3620882 1.8056502
v 0.07963896 0.3542866 1.8063812
v 0.08582074 0.32819414 2.2048342
v 0.005726145 0.34768867 2.2012103
v -0.0675059 0.35410273 1.8075194
v -0.074251495 0.3282684 2.205963
v 0.3083369 0.33716384 1.8166151
v 0.22324184 0.3046714 2.2117867
v 0.16338246 0.34532893 1.8053668
v 0.33934876 0.29224944 2.2204938
v 0.27217796 0.34921455 2.5365498
v 0.5183125 0.267336 2.230636
v 0.48791933 0.29156873 1.8257549
v 0.63471603 0.16666046 1.821847
v 0.67641205 0.15015292 2.121776
v 0.742443 -0.030920148 2.094212
v 0.6967905 -0.012899268 1.8165803
v 0.68429345 -0.22310185 2.1242483
v 0.63836455 -0.19904992 1.8148203
v 0.4028075 -0.38323587 2.233642
v 0.50325125 -0.34273872 1.8074979
v 0.42170674 -0.37255484 2.207817
v 0.49636197 -0.3976207 1.9830785
v 0.51691896 0.31825686 2.5427933
v 0.38095513 0.3308084 2.536655
v 0.56727093 0.29698634 2.810549
v 0.432294 0.31996155 2.8194733
v 0.3137297 0.34498405 2.8656332
v 0.39006817 0.17581248 2.9809957
v 0.48899463 0.17825961 2.9627633
v 0.63772565 0.16626179 2.9509842
v 0.41201314 -0.00024390232 3.0013332
v 0.68161124 4.9710157E-05 2.97539
v 0.5195255 0.00014019001 2.9881175
v 0.3898949 -0.17675447 2.9802601
v 0.63869333 -0.16470158 2.951705
v 0.4900164 -0.17707074 2.9640355
v 0.31423247 -0.3550147 2.8596725
v 0.49667847 -0.2981831 2.822783
v 0.1502984 -0.40675563 2.8413475
v 0.26616716 -0.38474447 2.7901156
v 0.33941764 -0.36829418 2.6814177
v 0.1513921 0.37891972 2.53235
v 0.005726145 0.34768867 2.2012103
v 0.08582074 0.32819414 2.2048342
v 0.005508848 0.38977367 2.5162845
v -0.074251495 0.3282684 2.205963
v 0.21042088 0.38942495 2.8203244
v -0.14041041 0.37855685 2.532719
v 0.005225937 0.42465746 2.8176568
v 0.1814367 0.3298464 2.9877133
v -0.20021784 0.3875859 2.8191228
v 0.004650995 0.36947322 2.9864883
v -0.17238154 0.32816568 2.9854202
v -0.06840585 -0.15279162 1.343977
v -0.0007048888 -0.33944416 1.4375858
v 0.032645307 -0.34818792 1.3388352
v -0.07142314 -0.17542851 1.2228084
v -0.06840585 -0.15279162 1.343977
v -0.07142314 -0.17542851 1.2228084
v -0.08072828 -1.4306279E-06 1.2125726
v -0.061893344 -5.8413716E-06 1.3143492
v -0.07143147 0.17545354 1.222959
v -0.06841177 0.15288615 1.3441463
v 0.00750107 -0.066274166 1.3294106
v 0.007243211 -0.133008 1.345007
v -0.0007048888 -0.33944416 1.4375858
v 0.0059380494 -0.34374213 1.4310346
v 0.08272424 -0.15344715 1.3460412
v 0.014086067 -0.3396759 1.4373355
v 0.077621624 -5.960581E-06 1.3158264
v 0.099942505 -1.4306279E-06 1.2156119
v 0.08895013 -0.17792034 1.2255864
v 0.08895538 0.17793858 1.2257297
v 0.082726 0.1535449 1.3462114
v 0.0075020622 0.066239595 1.3294046
v 0.0072164936 0.13268375 1.3448191
v 0.00208211 0.34119534 1.451581
v 0.0061908527 0.3432449 1.458693
v 0.012286268 0.34107423 1.4516344
v -0.06841177 0.15288615 1.3441463
v 0.03377938 0.34943414 1.3451715
v 0.012286268 0.34107423 1.4516344
v -0.07143147 0.17545354 1.222959
v -0.019766048 0.1779684 1.015408
v 0.08173771 0.3392728 1.0320333
v 0.2814388 0.39009488 1.3753281
v 0.31159508 0.39405635 1.0428536
v 0.50940245 0.34148216 1.3815694
v -0.028936729 1.411114E-07 1.0119013
v -0.08072828 -1.4306279E-06 1.2125726
v -0.019767985 -0.17796019 1.0153999
v -0.07142314 -0.17542851 1.2228084
v 0.032645307 -0.34818792 1.3388352
v 0.11880864 0.36193022 0.68006927
v 0.012449548 0.19166839 0.67467415
v 0.0032751714 3.9121715E-09 0.6732012
v 0.018306151 0.20372576 0.35348806
v 0.009617344 3.9121715E-09 0.3504625
v 0.12676485 0.38068277 0.36490244
v 0.01830621 -0.20372574 0.35348806
v 0.36119336 0.4210271 0.685284
v 0.6232728 0.36932644 0.68968904
v 0.37996474 0.4440192 0.36640078
v 0.6546859 0.3899921 0.37142158
v 0.8534149 0.22870196 0.3618773
v 0.012449577 -0.19166839 0.67467415
v 0.1188087 -0.3619302 0.680069
v 0.12676491 -0.38068274 0.36490244
v 0.37996483 -0.44401908 0.36640078
v 0.5536661 0.34573737 1.0494248
v 0.73053396 0.20277633 1.055942
v 0.6786752 0.20103788 1.3863213
v 0.74488664 0.0004738568 1.3880959
v 0.81446946 0.21613444 0.6937627
v 0.887295 1.1086055E-07 0.695522
v 0.9280249 1.1086055E-07 0.35830414
v 0.79803956 2.89598E-06 1.0591699
v 0.67983824 -0.20012295 1.3836591
v 0.81446946 -0.21613432 0.6937627
v 0.85341495 -0.22870182 0.3618773
v 0.73053503 -0.20277163 1.0559487
v 0.51141155 -0.34120512 1.375607
v 0.62327284 -0.36932632 0.68968904
v 0.65468603 -0.38999197 0.37142158
v 0.5536654 -0.34573457 1.0494391
v 0.28290802 -0.3904252 1.3664095
v 0.31158143 -0.39405298 1.0428791
v 0.3611934 -0.4210271 0.685284
v 0.08173849 -0.33927253 1.032047
v 0.082726 0.1535449 1.3462114
v 0.00208211 0.34119534 1.451581
v -0.020963673 0.3515334 1.3470805
v 0.08895538 0.17793858 1.2257297
v 0.041342393 0.18400605 1.0174623
v 0.099942505 -1.4306279E-06 1.2156119
v 0.052783683 1.10687324E-07 1.0138605
v 0.08895013 -0.17792034 1.2255864
v 0.041343942 -0.18400043 1.0174568
v -0.01997986 -0.35053968 1.3409338
v -0.06656064 -0.34799755 1.0341156
v -0.2763003 -0.39366913 1.3684568
v -0.30527797 -0.4034169 1.0446206
v -0.50983423 -0.34403753 1.3780518
v -0.10264818 -0.37407398 0.6799878
v 0.01111941 -0.19964428 0.67450947
v 0.022810832 1.09021414E-07 0.67292917
v 0.0007763658 -0.20944364 0.35161564
v 0.011407599 1.09021414E-07 0.34854728
v -0.11335428 -0.38939476 0.36309633
v 0.0007763062 0.20944385 0.35161564
v -0.35589424 -0.43421745 0.6852045
v -0.6290644 -0.38081664 0.6896397
v -0.3749852 -0.453284 0.36466035
v -0.6583333 -0.39819983 0.36957613
v -0.86133873 -0.23320255 0.3599617
v 0.011119351 0.19964439 0.67450947
v -0.10264821 0.37407398 0.6799878
v -0.11335437 0.38939497 0.36309633
v -0.37498516 0.45328405 0.36466035
v -0.5562624 -0.35385153 1.0511998
v -0.7376252 -0.20720711 1.0577942
v -0.6804554 -0.20173705 1.3861709
v -0.74597424 0.00031948078 1.3902011
v -0.8261375 -0.22254021 0.6937309
v -0.9002149 2.0730344E-09 0.69545877
v -0.93680805 2.0730344E-09 0.35641205
v -0.8059442 2.5349718E-06 1.060997
v -0.6794832 0.20253801 1.3880424
v -0.8261373 0.22254021 0.6937309
v -0.8613387 0.23320253 0.3599617
v -0.73762375 0.20721097 1.0577903
v -0.50778496 0.34436548 1.3828411
v -0.6290643 0.38081643 0.6896397
v -0.65833324 0.39819995 0.36957613
v -0.5562626 0.35385418 1.0511883
v -0.27447587 0.3932513 1.3765209
v -0.30528942 0.40342066 1.044596
v -0.35589415 0.43421748 0.6852045
v -0.06655769 0.34799665 1.0340997
v 0.014086067 -0.3396759 1.4373355
v 0.08272424 -0.15344715 1.3460412
v 0.08895013 -0.17792034 1.2255864
v -0.01997986 -0.35053968 1.3409338
v 0.26607513 0.6478056 3.158741
v 0.01062797 0.682211 3.1549442
v -0.24481921 0.64654946 3.1542625
v 0.0062843193 0.5090445 3.028037
v -0.19512874 0.4667611 3.0200996
v -0.36606032 0.3501072 3.0065517
v -0.45264134 0.59387946 3.1923192
v -0.13560978 0.33090615 2.9401264
v -0.51408654 0.48543298 3.1475694
v -0.6591703 0.25557184 3.1341653
v -0.6493585 0.6101203 3.362416
v -0.96608293 0.32318628 3.358715
v -1.127691 0.43982387 3.647855
v -0.87190676 0.6282371 3.6711364
v -0.76277256 0.7784435 3.9499168
v -1.0554829 -0.0072995424 3.3627708
v 0.20598935 0.46778965 3.0227563
v 0.37520283 0.35230303 3.0105274
v 0.14695527 0.33216572 2.9426835
v 0.5214325 0.48842 3.1512256
v 0.4484943 0.6049732 3.1965404
v 0.6488446 0.6180372 3.361148
v 0.006358361 0.36383772 2.9473865
v 0.6819153 0.25909996 3.1366396
v 0.26646054 0.2501638 2.9345613
v 0.092738844 0.21598172 2.9039876
v 0.34609237 0.13315439 2.929176
v 0.48726872 0.18700123 3.003108
v 0.17101277 0.16543746 2.8978438
v 0.9910326 0.3264165 3.360787
v 0.7390908 -1.193257E-07 3.1333122
v 1.1329169 0.4399538 3.6499147
v 0.8779205 0.62852836 3.6723795
v 0.7803345 0.76618826 3.9490128
v 0.006171418 0.2350061 2.9067786
v 0.07665205 0.17771256 2.9822664
v -0.0815407 0.21472645 2.9020576
v -0.16097891 0.1643734 2.895345
v -0.06674431 0.1767726 2.980706
v 0.0053885872 0.19418728 2.9872618
v -0.25699738 0.24875212 2.9310467
v -0.33649015 0.13208187 2.9249911
v -0.47675714 0.18511844 2.9992712
v -0.5141961 -3.469002E-05 2.9976556
v -0.7003953 -1.16414156E-10 3.131456
v 0.004329707 0.24927759 3.0542932
v -0.08729676 0.22545815 3.0496273
v -0.15803337 0.16782343 3.0445094
v -0.12826112 0.13392854 2.9667568
v -0.16966024 0.072148204 2.9519143
v -0.2158811 0.08854985 2.890455
v -0.23618333 -5.4837437E-06 2.8900967
v -0.3651984 -1.193257E-07 2.924937
v -0.47691846 -0.18524206 2.990267
v -0.17238154 0.32816568 2.9854202
v 0.004650995 0.36947322 2.9864883
v -0.23776747 0.2659818 2.99608
v 0.1814367 0.3298464 2.9877133
v -0.30023795 0.14072323 3.0133703
v 0.09628236 0.22690225 3.0518734
v -0.19856293 0.08819091 3.0395548
v -0.21271479 5.960453E-05 3.0390048
v -0.31913805 -1.193257E-07 3.0205975
v 0.167063 0.16869164 3.0468667
v 0.24698386 0.26725185 2.9985
v 0.30970225 0.14175892 3.015627
v 0.13740084 0.13474941 2.9686491
v -0.18509392 -2.74193E-06 2.9462647
v -0.19849886 -0.088347554 3.0395865
v -0.2997586 -0.1410681 3.012917
v 0.20820364 0.08885026 3.0420885
v 0.32906672 -0.00027871144 3.0235147
v 0.17955449 0.07254565 2.9539692
v -0.21576011 -0.08853626 2.890511
v -0.15818205 -0.16858053 3.0418067
v -0.23697545 -0.26613998 2.9803345
v -0.12861754 -0.34201694 2.9627419
v -0.16961092 -0.07231307 2.9522552
v 0.22687593 0.08921111 2.8934555
v 0.19561745 -6.3182088E-06 2.9482007
v -0.33649302 -0.13208151 2.9249923
v -0.1607203 -0.16438818 2.8955297
v -0.12820868 -0.13456547 2.9679513
v 0.37498417 -1.193257E-07 2.9294937
v -0.08727292 -0.22624934 3.0426548
v 0.2481436 -4.768488E-06 2.8934836
v 0.1794878 -0.07282066 2.9544191
v 0.34609663 -0.1331538 2.9291775
v 0.5260629 -5.2690622E-05 3.0011463
v 0.6819144 -0.2591002 3.1365962
v -0.0668448 -0.17760658 2.982299
v 0.004349686 -0.24918365 3.0468824
v 0.004675757 -0.36823583 2.965187
v 0.1376387 -0.34345126 2.964953
v 0.005340142 -0.19480419 2.9887602
v 0.096152745 -0.22738469 3.0448298
v 0.1671488 -0.16961396 3.044105
v 0.24571504 -0.26798403 2.9824734
v 0.3090269 -0.14277971 3.0151408
v 0.07673196 -0.178401 2.9837594
v 0.006164044 -0.2347076 2.906649
v -0.08134884 -0.21466303 2.9019575
v -0.2570101 -0.248757 2.921531
v -0.13561644 -0.33092332 2.9197538
v -0.36616027 -0.35025287 2.9725041
v -0.65917057 -0.25557184 3.1340292
v -0.97418237 -0.3334496 3.3599906
v -1.2662504 0.008794665 3.6613886
v -0.514087 -0.4856503 3.0916786
v -0.6997343 -0.64160013 3.3267074
v -0.19514178 -0.4667101 2.9554632
v -1.1432198 -0.40544605 3.6656847
v -0.2744608 -0.6521871 3.045624
v -1.0913343 -0.0061581135 3.9896922
v -1.026277 -0.4061389 3.9869394
v -1.0092347 0.4029653 3.9754276
v -0.93791085 0.38052154 4.300605
v -1.0239552 0.0046738386 4.304924
v -0.72995543 0.70394224 4.309616
v -0.6445776 0.659214 4.5853586
v -0.6254966 0.86467224 4.145561
v -0.40373993 0.902504 4.352929
v -0.36757132 0.8516575 4.60632
v -0.21482572 0.87854195 4.5803137
v 0.002740211 0.84668803 4.792647
v -0.30365336 0.72234803 4.792647
v -0.9516468 -0.38952065 4.3024406
v -0.7885891 -0.76436925 3.947856
v -0.8000634 -0.7458494 3.624973
v -0.34209022 -0.84037256 3.2751904
v -0.38949215 -0.96198225 3.5625615
v 0.0066872514 -0.90456295 3.2509634
v 0.007142999 -0.71209836 3.049171
v 0.0062747044 -0.5088978 2.9499424
v 0.0063592433 -0.36385393 2.9261634
v 0.0925488 -0.21584034 2.90383
v 0.17073736 -0.16549468 2.8980324
v 0.14695877 -0.3321817 2.9219434
v 0.2060014 -0.4677348 2.9574466
v 0.37529653 -0.3524022 2.9754965
v 0.28631303 -0.6518729 3.0473366
v 0.13734771 -0.13544166 2.96992
v 0.26647237 -0.25016975 2.924627
v 0.20813277 -0.08922553 3.0421538
v 0.22289388 5.3644064E-05 3.041801
v 0.22672252 -0.08920419 2.8935218
v 0.48737592 -0.1871047 2.993564
v 0.5214318 -0.48842025 3.0935926
v 0.71127343 -0.6376388 3.3272972
v 0.35296643 -0.83474374 3.2750802
v 0.007212331 -1.035166 3.5339012
v 0.4017095 -0.95367193 3.5621538
v 0.0074016503 -1.0919919 3.853476
v -0.41916597 -1.0103812 3.8852017
v -0.73615885 -0.7321627 4.2643805
v 0.0073972433 -1.0430164 4.1698694
v -0.40058577 -0.9641762 4.2018557
v -0.65059364 -0.65130234 4.536572
v 0.43139374 -1.0018144 3.8847814
v 0.7954036 -0.7561641 3.9469867
v 0.4126436 -0.9584613 4.2014565
v 0.0072119026 -0.93261623 4.4474745
v -0.8305265 -0.34988213 4.579465
v 0.8070769 -0.7376175 3.624764
v 1.1475458 -0.40343022 3.667042
v -0.35948604 -0.8590746 4.4764667
v -0.8986267 -0.0027406216 4.5834894
v 0.9974295 -0.3335681 3.3624306
v 1.087163 -0.007828593 3.3658895
v 1.2711635 0.00833559 3.6639237
v 1.0158405 0.3993454 3.9754026
v 1.0958784 -0.0066387653 3.9898672
v -0.84602654 0.34364498 4.571023
v -0.70006496 0.2965939 4.79346
v 0.7390238 0.7012484 4.310787
v 0.6593437 0.8479203 4.143752
v 0.42943102 0.8943635 4.356656
v 1.0305598 -0.40390015 3.9865026
v 0.95599973 -0.3881774 4.301797
v 1.0280678 0.004363656 4.3046246
v -0.7585559 -2.38535E-07 4.793712
v 0.37767887 0.8517492 4.6063666
v 0.22400494 0.8799143 4.580456
v 0.94235134 0.3804325 4.300751
v 0.6524503 0.65849984 4.5850763
v 0.85123545 0.34336162 4.570904
v 0.9033098 -0.0027998686 4.5833197
v -0.7000659 -0.29659748 4.793458
v -0.5489239 -0.5505276 4.77566
v -0.30365002 -0.72255397 4.7261887
v -0.41217873 -0.4110422 4.945611
v -0.5305926 -0.22133529 4.945125
v -0.57492787 -2.38535E-07 4.9448843
v 0.76466686 -3.5774428E-07 4.793451
v 0.70603913 -0.29654396 4.7932444
v 0.706039 0.29654014 4.7932463
v 0.83589506 -0.34966373 4.5788593
v 0.65813076 -0.6501951 4.535713
v 0.5563204 0.55021954 4.7928677
v 0.31549835 0.7221722 4.7926807
v 0.4201652 0.41089296 4.9457183
v 0.53779995 0.2213676 4.9453335
v 0.0066791982 0.5871316 4.94623
v 0.582445 -2.38535E-07 4.9450874
v 0.74311924 -0.7269764 4.2634983
v 0.23649274 0.53956115 4.946205
v 0.37126058 -0.8573818 4.4761124
v 0.0073257387 -0.7859726 4.72609
v 0.31550148 -0.7223902 4.725987
v 0.0066785878 -0.58713484 4.942481
v 0.55635643 -0.55025387 4.77478
v 0.42016453 -0.4108944 4.945718
v -0.22526215 -0.5396755 4.9425316
v 0.23647267 -0.53956366 4.9423695
v 0.0058604707 -0.3416524 5.1666927
v 0.53779984 -0.2213682 4.945333
v 0.32732648 -0.12881887 5.1641836
v 0.14053728 -0.31397533 5.166524
v 0.35445774 -2.38535E-07 5.163421
v 0.25313577 -0.23908985 5.165367
v 0.32732654 0.1288184 5.1641836
v 0.10134078 -0.09264541 5.2953362
v 0.25313616 0.23908949 5.165367
v 0.14053772 0.31397498 5.166523
v 0.10134021 0.09264445 5.2953362
v 0.13091153 0.04998052 5.2953596
v 0.005314559 -3.3736345E-05 5.3029184
v 0.14176805 -1.193257E-07 5.2953653
v 0.13091178 -0.049980998 5.2953596
v 0.0572567 -0.12158847 5.2953157
v 0.00515351 -0.13232827 5.295302
v 0.057256326 0.12158692 5.2953157
v 0.0051539717 0.13232648 5.2953024
v -0.047339816 -0.121610165 5.2953153
v -0.12998214 -0.31404257 5.1666455
v -0.09175535 -0.09264076 5.2953377
v -0.24425547 -0.23912299 5.165094
v -0.31839898 -0.1287092 5.163463
v -0.12051336 -0.049849987 5.2953725
v -0.3449967 -2.38535E-07 5.162527
v -0.3183986 0.12870884 5.163463
v -0.13060746 -1.193257E-07 5.295386
v -0.53059196 0.22133493 4.945125
v -0.4121782 0.41104078 4.9456105
v -0.12051284 0.04984951 5.2953725
v -0.0917548 0.092639685 5.2953377
v -0.54888856 0.5505011 4.7929454
v -0.047339115 0.121608615 5.2953157
v -0.24425523 0.23912251 5.165094
v -0.12998183 0.3140421 5.1666446
v -0.22527945 0.53967285 4.946272
v 0.005860832 0.34165192 5.1666913
v 0.4396791 0.6310115 3.2855563
v 0.410805 0.6179342 3.2597394
v 0.27166325 0.37171116 3.1838481
v 0.5040593 0.38886374 3.2967572
v 0.67853314 0.52786475 3.4642127
v 0.39491898 0.66802424 3.309525
v 0.44330284 0.8065182 3.5678504
v 0.7842755 0.591758 3.6959097
v 0.025408497 0.87064236 3.5437112
v 0.5458087 0.81174177 3.8710463
v 0.81217176 0.6339912 3.9429023
v 0.5458087 0.81174177 3.8710463
v -0.26794288 0.37191957 3.1842942
v -0.6730289 0.5246546 3.465487
v -0.4996456 0.3880526 3.297681
v -0.38758162 0.64889234 3.2850442
v -6.106429E-05 0.71821666 3.2537208
v 0.0017449276 0.36962667 3.1441312
v 0.27166325 0.37171116 3.1838481
v 0.35111338 0.6610473 3.2815266
v 0.410805 0.6179342 3.2597394
v -0.018583683 0.86889446 3.5213242
v -0.44212994 0.7979574 3.5682168
v -0.77781385 0.5859819 3.6970108
v -0.5422154 0.8015202 3.8642888
v -0.804488 0.6262827 3.9366908
v -0.0057465234 0.8789977 3.563361
v -0.0008605654 0.94628537 3.79975
v -0.5404563 0.8058916 3.9163978
v 0.5442538 0.8150235 3.9108953
v 0.7693179 0.64499485 4.2317996
v 0.5442538 0.8150235 3.9108953
v 0.81141365 0.6382038 3.9834013
v 0.45571768 0.8691221 4.223253
v 0.65483785 0.63892365 4.455143
v 0.40972304 0.7872633 4.5147953
v -0.0008556289 0.9469546 4.1830072
v -0.0008605654 0.94628537 3.79975
v -0.5404563 0.8058916 3.9163978
v -0.00064820336 0.85994476 4.47812
v 0.23178837 0.7198564 4.7082596
v 0.0018880703 0.7319567 4.7374325
v -0.45436627 0.86322343 4.223384
v -0.8034718 0.6318436 3.9895134
v -0.7623931 0.63977826 4.231519
v -0.6485819 0.6361357 4.4544234
v -0.4080546 0.78549373 4.5145917
v -0.22756292 0.71984 4.7078114
v 0.43034402 0.6987513 4.6220603
v 0.23178837 0.7198564 4.7082596
v 0.40972304 0.7872633 4.5147953
v 0.65483785 0.63892365 4.455143
v -0.22756292 0.71984 4.7078114
v -0.42515072 0.69798243 4.621377
v -0.6485819 0.6361357 4.4544234
v -0.4080546 0.78549373 4.5145917
v -0.21053882 0.47358134 1.8660939
v -0.15254053 0.34583932 1.8075161
v -0.18803245 0.3423893 1.8697311
v -0.24776359 0.4460916 1.7757761
v -0.2756157 0.47297058 1.7581184
v -0.24747185 0.517799 1.8212867
v -0.2939033 0.5111099 1.7977506
v -0.32059243 0.46589527 1.7357702
v -0.44163704 0.47770244 1.7999247
v -0.4057367 0.44660547 1.7357702
v -0.48739558 0.46856934 1.8215113
v -0.45054358 0.4379064 1.7580953
v -0.4771009 0.40223104 1.7757761
v -0.5223629 0.4131057 1.8660961
v -0.5055831 0.24508929 1.8697336
v -0.48298088 0.29473513 1.8289988
v -0.4771009 0.40223104 1.7757761
v -0.48298088 0.29473513 1.8289988
v -0.5296818 0.2524001 1.5838656
v -0.5460173 0.42241767 1.5860089
v -0.45054358 0.4379064 1.7580953
v -0.48721403 0.4355594 1.5055617
v -0.46977618 0.27138078 1.501756
v -0.4262997 0.28278407 1.4845848
v -0.50433725 0.4760157 1.610216
v -0.4555713 0.4864337 1.5503637
v -0.4057367 0.44660547 1.7357702
v -0.32059243 0.46589527 1.7357702
v -0.4445826 0.44276497 1.4887507
v -0.28930578 0.4787833 1.4886794
v -0.26832527 0.34032154 1.4845115
v -0.22454819 0.3518096 1.5017493
v -0.2795761 0.52587533 1.5503707
v -0.2463818 0.4860982 1.5055555
v -0.18744467 0.49246675 1.5860089
v -0.16450506 0.36383095 1.5838656
v -0.15254053 0.34583932 1.8075161
v -0.24776359 0.4460916 1.7757761
v -0.23103647 0.5316156 1.6091386
v -0.2756157 0.47297058 1.7581184
v 0.35111338 0.6610473 3.2815266
v 0.410805 0.6179342 3.2597394
v 0.4396791 0.6310115 3.2855563
v 0.39491898 0.66802424 3.309525
v -0.018583683 0.86889446 3.5213242
v 0.025408497 0.87064236 3.5437112
v -0.002250956 0.8758804 3.5392995
v -0.5422154 0.8015202 3.8642888
v -0.0057465234 0.8789977 3.563361
v 0.5458087 0.81174177 3.8710463
v -0.5404563 0.8058916 3.9163978
v -0.8034718 0.6318436 3.9895134
v -0.804488 0.6262827 3.9366908
v 0.5442538 0.8150235 3.9108953
v 0.81217176 0.6339912 3.9429023
v 0.81141365 0.6382038 3.9834013
v -0.62166756 0.35649914 1.8777605
v -0.5310861 0.2601063 1.7799777
v -0.48047692 0.25933427 1.8719935
v -0.63892907 0.32078725 1.784351
v -0.6772026 0.32937652 1.7678775
v -0.6774194 0.37681782 1.8352656
v -0.7128778 0.34778002 1.8096906
v -0.7112169 0.3007148 1.7435064
v -0.81798774 0.2388425 1.8041599
v -0.771793 0.23800533 1.7390676
v -0.8509241 0.20435964 1.8233786
v -0.804162 0.20434329 1.7590886
v -0.8065356 0.15861735 1.7730222
v -0.8490972 0.135302 1.8622944
v -0.69248116 0.0043499917 1.8534753
v -0.6924856 -0.0063803047 1.822475
v -0.8065356 0.15861735 1.7730222
v -0.6924856 -0.0063803047 1.822475
v -0.7205513 0.021174818 1.5683724
v -0.877815 0.1535517 1.5831219
v -0.804162 0.20434329 1.7590886
v -0.83698225 0.20344909 1.5060166
v -0.68202466 0.076675355 1.4901013
v -0.6521811 0.11142745 1.4753792
v -0.87206525 0.21897268 1.6128372
v -0.8378446 0.25937817 1.5556943
v -0.771793 0.23800533 1.7390676
v -0.7112169 0.3007148 1.7435064
v -0.80553603 0.23421419 1.4912987
v -0.695526 0.3492818 1.499388
v -0.5517275 0.24588387 1.4852277
v -0.5212078 0.27798906 1.5048072
v -0.71239597 0.38864094 1.5648432
v -0.6634338 0.37747645 1.5182542
v -0.6165676 0.4083324 1.6009485
v -0.476497 0.3140167 1.589635
v -0.5310861 0.2601063 1.7799777
v -0.63892907 0.32078725 1.784351
v -0.6741721 0.41509318 1.6255223
v -0.6772026 0.32937652 1.7678775
v 0.24707113 0.5275594 0.9540554
v 0.27140355 0.49351448 1.1015781
v 0.068356484 0.4258418 1.3743773
v 0.4695242 0.5303494 1.0034413
v 0.3680716 0.55334586 0.835968
v 0.61152923 0.59568715 0.729626
v 0.8202244 0.5168375 0.7287083
v 0.7105336 0.45991832 1.0119001
v 1.0762488 0.30220222 0.7339239
v 0.93227684 0.2680443 1.0165625
v 1.1792554 -0.00070301455 0.7325042
v 1.0214909 -0.0027391426 1.0152932
v 1.0796674 -0.30975804 0.724618
v 0.9352378 -0.27902016 1.0082436
v 0.829015 -0.54220474 0.70869905
v 0.7181472 -0.4868169 0.99401265
v 0.4939572 -0.6389751 0.6795033
v 0.42795306 -0.5733251 0.96791303
v 0.18636943 -0.63102514 0.66379833
v 0.16155075 -0.5662183 0.9538733
v 0.0651366 -0.60929894 0.6652776
v 0.056550786 -0.546796 0.9551958
v 0.009370618 -0.6106378 0.65889263
v 0.008251771 -0.54799294 0.949488
v -0.04645497 -0.60951364 0.667416
v -0.04009886 -0.546988 0.9571074
v -0.17100391 -0.63243955 0.66847694
v -0.14797091 -0.5674827 0.958056
v -0.48639983 -0.6366338 0.6867241
v -0.42113593 -0.57123214 0.9743681
v -0.8253878 -0.5360469 0.71804786
v -0.71473384 -0.48131204 1.00237
v -1.0772762 -0.30325675 0.73330164
v -0.9328948 -0.27320835 1.0160062
v -1.1772287 0.00504227 0.7396943
v -1.0194637 0.0023968779 1.0217209
v -1.0738472 0.30777478 0.7399619
v -0.9299251 0.27302587 1.0219601
v -0.8154392 0.52178025 0.73464364
v -0.7061174 0.464337 1.0172058
v -0.601324 0.5990174 0.73432934
v -0.4604121 0.5334404 1.0078068
v -0.35203975 0.5546457 0.83992016
v -0.2338926 0.52799445 0.95856965
v -0.26206526 0.4946134 1.1066616
v -0.068681344 0.42670015 1.3743773
v -0.49941343 -0.33306247 1.8132157
v -0.47267768 -0.39050147 1.9856374
v -0.38422382 -0.41782105 1.8386922
v -0.3609519 -0.42058927 1.7983962
v -0.16182724 -0.4406567 1.7740312
v 0.011758619 -0.44040287 1.7842176
v -0.068092555 -0.45131478 1.7698342
v 0.005482004 -0.45825356 1.7653626
v 0.07782819 -0.45179832 1.7713015
v 0.40724084 -0.42768547 1.8364971
v 0.16805384 -0.4414264 1.7737136
v 0.3682533 -0.4266236 1.7885877
v 0.49636197 -0.3976207 1.9830785
v 0.50325125 -0.34273872 1.8074979
v 0.33941764 -0.36829418 2.6814177
v 0.6021846 -0.39095944 2.906283
v 0.48007965 -0.40697533 2.9793088
v 0.26616716 -0.38474447 2.7901156
v 0.25050527 -0.4375727 3.0689898
v 0.1502984 -0.40675563 2.8413475
v -0.0750215 -0.4340532 3.0764208
v 0.007026166 -0.40838808 2.8449218
v -0.38540715 -0.3961754 3.0233889
v -0.1615418 -0.39459652 2.8415437
v -0.24311842 -0.3755888 2.7913382
v -0.5755449 -0.3894184 2.904233
v -0.314795 -0.3681329 2.681381
v 0.4028075 -0.38323587 2.233642
v 0.42170674 -0.37255484 2.207817
v 0.35865054 -0.36746258 2.566044
v 0.4918919 -0.37317955 2.5642893
v 0.33941764 -0.36829418 2.6814177
v 0.49667847 -0.2981831 2.822783
v 0.7252341 -0.27498305 2.8150115
v 0.8165703 -0.15051222 2.9426768
v 0.6818159 -0.3225968 2.5763574
v 0.63869333 -0.16470158 2.951705
v 0.7208039 -0.2991084 2.3445082
v 0.88088596 8.94058E-06 2.9630954
v 0.68161124 4.9710157E-05 2.97539
v 0.8198895 -0.16497457 2.2196453
v 0.68429345 -0.22310185 2.1242483
v 0.742443 -0.030920148 2.094212
v 0.8836795 0.0011334418 2.193632
v 0.67641205 0.15015292 2.121776
v 0.8107002 0.16196501 2.2186763
v 0.5183125 0.267336 2.230636
v 0.7025055 0.2780168 2.3377333
v 0.51691896 0.31825686 2.5427933
v 0.66961414 0.3126682 2.5675387
v 0.8163515 0.15076864 2.942556
v 0.63772565 0.16626179 2.9509842
v 0.56727093 0.29698634 2.810549
v 0.7215859 0.2768538 2.811568
v -0.38540715 -0.3961754 3.0233889
v -0.54801846 -0.87113976 2.93369
v -0.5755449 -0.3894184 2.904233
v -0.36669314 -0.8775835 3.0675514
v -0.0750215 -0.4340532 3.0764208
v -0.4892727 -0.9417237 2.8593647
v -0.07089009 -0.9136817 3.1238222
v 0.25050527 -0.4375727 3.0689898
v -0.3885797 -0.9422704 2.9219813
v -0.36986753 -1.0623314 2.6584408
v -0.26471397 -0.9534569 3.0025604
v 0.007473571 -0.98826355 3.0093803
v -0.13157202 -0.9720439 3.0158305
v 0.23934267 -0.917036 3.1159368
v 0.48007965 -0.40697533 2.9793088
v 0.00954818 -1.1365255 2.6364834
v 0.009471402 -1.1942174 2.3517866
v 0.39054778 -1.0566264 2.6605763
v 0.45813122 -0.88787615 3.0207784
v 0.6021846 -0.39095944 2.906283
v 0.5747349 -0.8725818 2.9356217
v 0.4111634 -0.95707047 2.920432
v 0.5142171 -0.94355345 2.8589816
v 0.2835228 -0.97638154 2.9990396
v 0.14738886 -0.98992676 3.012064
v 0.35865054 -0.36746258 2.566044
v 0.6195961 -0.38947862 2.8589246
v 0.33941764 -0.36829418 2.6814177
v 0.6504399 -0.39090443 2.6741946
v 0.42170674 -0.37255484 2.207817
v 0.5908923 -0.8711922 2.8871207
v 0.766613 -0.42693606 1.9988153
v 0.49636197 -0.3976207 1.9830785
v 0.6204876 -0.8725604 2.6897705
v 0.53039366 -0.9421686 2.8102465
v 0.8612641 -0.49079868 1.7214687
v 0.40724084 -0.42768547 1.8364971
v 0.73120004 -0.9068992 1.9731389
v 0.55639213 -0.94337046 2.636881
v 0.40116003 -1.0741402 2.6075287
v 0.7049664 -0.5583254 1.4471772
v 0.011758619 -0.44040287 1.7842176
v 0.82141185 -0.9677613 1.6700106
v 0.6554197 -0.9740867 1.9958495
v 0.43387392 -1.1903279 1.9962113
v 0.01102387 -1.1904714 1.9969006
v 0.009735778 -1.1370775 2.2913516
v -0.41403502 -1.1906157 1.9975934
v -0.38273603 -1.0792688 2.608404
v 0.73613155 -1.0285282 1.7399696
v 0.5959453 -1.2338328 1.7403648
v 0.6028909 -1.0860935 1.4796281
v 0.6724573 -1.0321156 1.3789653
v -0.6297063 -0.9745227 1.9979452
v -0.57526124 -1.2244474 1.743666
v 0.011382515 -0.58617216 1.3415463
v -0.38422382 -0.41782105 1.8386922
v 0.011459555 -1.0586541 1.2673681
v 0.011624414 -1.1098323 1.3789653
v -0.6830786 -0.5395553 1.4505903
v -0.47267768 -0.39050147 1.9856374
v -0.65037435 -1.0142272 1.382587
v -0.5803899 -1.0700922 1.4828682
v -0.8382062 -0.47718036 1.7257705
v -0.39667624 -0.37287128 2.208975
v -0.712633 -1.0169185 1.7440534
v -0.7982136 -0.9547825 1.6745751
v -0.74090147 -0.42744753 2.0010226
v -0.33338496 -0.37270966 2.5653977
v -0.705488 -0.90738654 1.9754806
v -0.6243341 -0.4008501 2.6733627
v -0.314795 -0.3681329 2.681381
v -0.59461355 -0.39043286 2.8585405
v -0.59439486 -0.8820387 2.6888866
v -0.5658795 -0.8720439 2.8867002
v -0.5303273 -0.951849 2.6360908
v -0.5052862 -0.9430717 2.8098035
v 0.01102387 -1.1904714 1.9969006
v 0.43387392 -1.1903279 1.9962113
v 0.5959453 -1.2338328 1.7403648
v 0.011530428 -1.2291496 1.7420123
v -0.41403502 -1.1906157 1.9975934
v 0.6028909 -1.0860935 1.4796281
v -0.57526124 -1.2244474 1.743666
v 0.011624414 -1.1098323 1.3789653
v -0.5803899 -1.0700922 1.4828682
v 0.33941764 -0.36829418 2.6814177
v 0.6195961 -0.38947862 2.8589246
v 0.6021846 -0.39095944 2.906283
v 0.5908923 -0.8711922 2.8871207
v 0.5747349 -0.8725818 2.9356217
v 0.53039366 -0.9421686 2.8102465
v 0.5142171 -0.94355345 2.8589816
v 0.40116003 -1.0741402 2.6075287
v 0.39054778 -1.0566264 2.6605763
v 0.009735778 -1.1370775 2.2913516
v 0.009471402 -1.1942174 2.3517866
v -0.38273603 -1.0792688 2.608404
v -0.36986753 -1.0623314 2.6584408
v -0.5052862 -0.9430717 2.8098035
v -0.4892727 -0.9417237 2.8593647
v -0.5658795 -0.8720439 2.8867002
v -0.54801846 -0.87113976 2.93369
v -0.59461355 -0.39043286 2.8585405
v -0.5755449 -0.3894184 2.904233
v -0.314795 -0.3681329 2.681381
v -0.46536377 -0.30150557 2.8285537
v -0.314795 -0.3681329 2.681381
v -0.33338496 -0.37270966 2.5653977
v -0.46545345 -0.37366873 2.5640917
v -0.39667624 -0.37287128 2.208975
v -0.38553542 -0.37340394 2.2308571
v -0.69511473 -0.3229785 2.3308246
v -0.7918534 -0.17884576 2.2034907
v -0.653119 -0.34876752 2.574713
v -0.6646836 -0.2149595 2.1224804
v -0.6914912 -0.29451883 2.8294199
v -0.85964036 0.0011088847 2.1777406
v -0.72581774 -0.021553993 2.095304
v -0.74936587 -0.1588403 2.9603345
v -0.58262265 -0.1655376 2.9589505
v -0.61021847 2.9802206E-05 2.9802985
v -0.7955435 6.0795574E-06 2.9795885
v -0.58172405 0.16664553 2.9584649
v -0.7491517 0.15902877 2.9602437
v -0.5358062 0.3025807 2.8180811
v -0.6879695 0.29600883 2.8264916
v -0.49010703 0.3300786 2.544714
v -0.6410989 0.33624923 2.566768
v -0.7824468 0.17286336 2.2022498
v -0.6574592 0.16097629 2.1205127
v -0.5038379 0.28067374 2.2281642
v -0.6769125 0.29840934 2.3246026
v -1.2349514 -0.72121125 3.0669816
v -1.234067 -0.65087926 2.8915079
v -1.2349846 -0.5934671 2.9600673
v -1.234097 -0.7335807 2.9386265
v -1.234974 -0.9358608 2.99259
v -1.2340624 -0.81265855 2.921744
v -1.2349799 -1.0258064 2.8241782
v -1.2340649 -0.8353375 2.866554
v -1.2350119 -0.888339 2.6196787
v -1.2340808 -0.76857996 2.8174212
v -1.2350168 -0.56805605 2.5697525
v -1.2340829 -0.6788858 2.7949162
v -1.234902 -0.32067028 2.805179
v -1.2340267 -0.58165276 2.8709495
v -1.2348168 -0.30524993 3.0785165
v -1.233959 -0.54533106 3.0050216
v -1.2350619 -0.524112 3.2928894
v -1.234084 -0.64286226 3.0905986
v -1.2342584 -0.78103244 3.1336138
v -1.235202 -0.816447 3.3476667
v -1.2356247 -1.0291852 3.287741
v -1.2344887 -0.89684975 3.1110246
v -1.2351707 -1.2426612 3.0554488
v -1.2341912 -1.0237052 2.980263
v -1.2332911 -1.249572 2.7255933
v -1.2329576 -1.0474176 2.7985687
v -1.231023 -1.087529 2.4688907
v -1.2314701 -0.95988023 2.6272771
v -1.2291186 -0.8917248 2.3730578
v -1.2302206 -0.8368585 2.5697193
v -1.2289851 -0.5404423 2.3517847
v -1.2301332 -0.5801599 2.5223386
v -1.2301332 -0.37897798 2.6582623
v -1.2289851 -0.27424595 2.5462875
v 1.3154976 -0.7205287 3.0706253
v 1.3154638 -0.59064233 2.9619179
v 1.3163971 -0.6490173 2.8922086
v 1.3163663 -0.7331058 2.940117
v 1.3154746 -0.93877816 2.994986
v 1.3164022 -0.8135097 2.9229522
v 1.3154685 -1.030232 2.8237498
v 1.3163989 -0.83656865 2.8668358
v 1.3154361 -0.8904589 2.6158214
v 1.3163835 -0.7686919 2.8168795
v 1.315431 -0.5648053 2.5650575
v 1.3163803 -0.6774935 2.7939966
v 1.3155481 -0.31327075 2.8044322
v 1.3164377 -0.5786298 2.8713052
v 1.3156346 -0.29759187 3.0823534
v 1.3165069 -0.54169905 3.007626
v 1.3153856 -0.5201242 3.3003209
v 1.3163795 -0.64086556 3.094638
v 1.3162026 -0.78135324 3.1383743
v 1.3152429 -0.8173614 3.356017
v 1.314813 -1.0336676 3.2950866
v 1.3159682 -0.8991125 3.1154053
v 1.3152742 -1.2507234 3.0588982
v 1.3162705 -1.0280957 2.982452
v 1.3171856 -1.2577499 2.723511
v 1.3175246 -1.0522058 2.7977111
v 1.319492 -1.0929896 2.462504
v 1.3190377 -0.9632 2.623546
v 1.3214284 -0.89390194 2.3650646
v 1.3203077 -0.83811533 2.565024
v 1.321564 -0.5367281 2.3434346
v 1.3203965 -0.57711196 2.516848
v 1.3203965 -0.37255606 2.6550505
v 1.321564 -0.2660678 2.5411983
v 0.537424 -0.74172676 3.0697596
v 0.5375881 -0.68280685 3.0361598
v -0.45395687 -0.68280685 3.0362105
v -0.45388526 -0.74172676 3.0698004
v 0.5375211 -0.79806495 3.057716
v -0.45396742 -0.79806495 3.0577495
v -0.45403558 -0.8142223 3.0184155
v 0.5375626 -0.8142223 3.0183866
v 0.53743935 -0.76666176 2.9834068
v -0.4539431 -0.76666176 2.9834332
v -0.45399535 -0.70276 2.967389
v 0.5374911 -0.70276 2.9673615
v 0.53774613 -0.63348734 3.0214841
v -0.4541524 -0.63348734 3.021516
v 0.5378258 -0.6076102 3.116997
v -0.45409742 -0.6076102 3.1170354
v -0.4539575 -0.6770953 3.178053
v 0.5375589 -0.6770953 3.1780033
v 0.5373834 -0.77553356 3.2086608
v -0.45396858 -0.77553356 3.208722
v -0.45428345 -0.8580462 3.1925945
v 0.5374564 -0.8580462 3.1925173
v 0.53804076 -0.94842315 3.0992775
v -0.45433033 -0.94842315 3.0993779
v 0.5390246 -0.9653169 2.9698105
v -0.45347252 -0.9653169 2.9699268
v 0.5397785 -0.90295136 2.8478408
v -0.45210224 -0.90295136 2.8479586
v -0.45087868 -0.8153059 2.8070261
v 0.5402887 -0.8153059 2.8069174
v 0.5402086 -0.63242394 2.7731912
v -0.45071125 -0.63242394 2.7732925
v 0.5402543 -0.4890937 2.8700187
v -0.45075345 -0.4890937 2.8701208
v 0.5370427 -0.6419044 3.0849812
v -0.4547616 -0.7329144 3.1611872
v -0.45472127 -0.6419044 3.085031
v 0.5370768 -0.7329144 3.1611478
v 0.5372124 -0.8858392 3.1081157
v -0.45496547 -0.8858392 3.1081476
v -0.4551503 -0.94992 2.988125
v 0.5373667 -0.94992 2.9880967
v -0.45511103 -0.8519825 2.842445
v 0.5372709 -0.8519825 2.8424191
v -0.4551222 -0.6238005 2.8068736
v 0.5372773 -0.6238005 2.806848
v 0.5375408 -0.44755304 2.9745357
v -0.45520753 -0.44755304 2.974565
v -0.45507658 -0.4365671 3.1693158
v 0.53756344 -0.4365671 3.1692803
v 0.53711975 -0.59249306 3.3220668
v -0.45493877 -0.59249306 3.3221111
v -0.4548652 -0.800764 3.361173
v 0.5369009 -0.800764 3.3611195
v -0.4552799 -0.9523271 3.3184547
v 0.53679407 -0.9523271 3.318384
v -0.45516425 -1.1044159 3.152914
v 0.53743184 -1.1044159 3.1528223
v 0.53881013 -1.1093396 2.9178128
v -0.4537809 -1.1093396 2.917921
v -0.45181593 -0.99389356 2.7351117
v 0.54009074 -0.99389356 2.735002
v -0.45011327 -0.85439485 2.6669123
v 0.5410671 -0.85439485 2.6668098
v -0.4499087 -0.60412717 2.6517806
v 0.5410266 -0.60412717 2.651682
v -0.4499452 -0.4144785 2.7903442
v 0.5410769 -0.4144785 2.7902434
v 0.5370427 -0.6419044 3.0849812
v -0.45472127 -0.6419044 3.085031
v -0.45395687 -0.68280685 3.0362105
v 0.5375881 -0.68280685 3.0361598
v 0.5402543 -0.4890937 2.8700187
v -0.45075345 -0.4890937 2.8701208
v -0.4499452 -0.4144785 2.7903442
v 0.5410769 -0.4144785 2.7902434
v 0.7118839 -0.3964502 2.7532163
v 1.321564 -0.5367281 2.3434346
v 1.321564 -0.2660678 2.5411983
v 0.7116896 -0.5959544 2.6075277
v 1.3214284 -0.89390194 2.3650646
v 0.71177304 -0.85918915 2.6234174
v 1.319492 -1.0929896 2.462504
v 0.71096987 -1.0059589 2.69505
v 1.3171856 -1.2577499 2.723511
v 0.70996827 -1.1274943 2.8872747
v 1.3152742 -1.2507234 3.0588982
v 0.7088727 -1.1223874 3.1345208
v 1.314813 -1.0336676 3.2950866
v 0.7084723 -0.9623447 3.3087544
v 1.3152429 -0.8173614 3.356017
v 0.7087464 -0.8028113 3.3537326
v 1.3153856 -0.5201242 3.3003209
v 0.709043 -0.58355737 3.312626
v 1.3156346 -0.29759187 3.0823534
v 0.70948493 -0.41940373 3.1517901
v 1.3155481 -0.31327075 2.8044322
v 0.70938647 -0.43098226 2.9467897
v 1.315431 -0.5648053 2.5650575
v 0.70908314 -0.61652505 2.7702732
v 1.3154361 -0.8904589 2.6158214
v 0.709167 -0.8567326 2.8076901
v 1.3154685 -1.030232 2.8237498
v 0.709439 -0.95985603 2.9610116
v 1.3154746 -0.93877816 2.994986
v 0.70941955 -0.8923977 3.0873485
v 1.3154976 -0.7205287 3.0706253
v 0.7093595 -0.7313788 3.1431746
v 1.3154638 -0.59064233 2.9619179
v 0.70936614 -0.6355465 3.0629663
v -1.2289851 -0.27424595 2.5462875
v -0.62040895 -0.596401 2.6086237
v -0.620576 -0.39743784 2.753929
v -1.2289851 -0.5404423 2.3517847
v -0.62064606 -0.85892606 2.6244845
v -1.2291186 -0.8917248 2.3730578
v -0.6226146 -1.0052909 2.6959507
v -1.231023 -1.087529 2.4688907
v -0.62497234 -1.1264791 2.8876603
v -1.2332911 -1.249572 2.7255933
v -0.6267385 -1.1213764 3.1342049
v -1.2351707 -1.2426612 3.0554488
v -0.62710476 -0.96177965 3.3079274
v -1.2356247 -1.0291852 3.287741
v -0.6268152 -0.8026956 3.3527598
v -1.235202 -0.816447 3.3476667
v -0.62695056 -0.5840622 3.3117583
v -1.2350619 -0.524112 3.2928894
v -0.6270688 -0.42037323 3.1513672
v -1.2348168 -0.30524993 3.0785165
v -0.62713003 -0.43191803 2.9469395
v -1.234902 -0.32067028 2.805179
v -0.62700707 -0.61693615 2.7709217
v -1.2350168 -0.56805605 2.5697525
v -0.62707424 -0.8564635 2.8082361
v -1.2350119 -0.888339 2.6196787
v -0.62727207 -0.9592912 2.9611285
v -1.2349799 -1.0258064 2.8241782
v -0.6272057 -0.8920237 3.087112
v -1.234974 -0.9358608 2.99259
v -0.6270627 -0.7314667 3.1427875
v -1.2349514 -0.72121125 3.0669816
v -0.62705445 -0.63591117 3.0628228
v -1.2349846 -0.5934671 2.9600673
v 0.71123 -0.62568474 2.7351868
v 0.7111758 -0.47491097 2.837084
v 1.3203965 -0.37255606 2.6550505
v 1.3203965 -0.57711196 2.516848
v 0.7115093 -0.81809205 2.7706008
v 1.3203077 -0.83811533 2.565024
v 0.7112611 -0.9103409 2.813563
v 1.3190377 -0.9632 2.623546
v 0.7107987 -0.9760212 2.9418445
v 1.3175246 -1.0522058 2.7977111
v 0.71003884 -0.9582684 3.0780816
v 1.3162705 -1.0280957 2.982452
v 0.7096029 -0.863128 3.1762183
v 1.3159682 -0.8991125 3.1154053
v 0.7096351 -0.77625424 3.193202
v 1.3162026 -0.78135324 3.1383743
v 0.70988345 -0.6726043 3.1609178
v 1.3163795 -0.64086556 3.094638
v 0.7101764 -0.59943587 3.0966814
v 1.3165069 -0.54169905 3.007626
v 0.7100578 -0.6266869 2.9961166
v 1.3164377 -0.5786298 2.8713052
v 0.7097585 -0.69963 2.939136
v 1.3163803 -0.6774935 2.7939966
v 0.7097177 -0.7669133 2.9560273
v 1.3163835 -0.7686919 2.8168795
v 0.709896 -0.8169928 2.9928482
v 1.3163989 -0.83656865 2.8668358
v 0.7098781 -0.7999802 3.0342555
v 1.3164022 -0.8135097 2.9229522
v 0.70977575 -0.7406579 3.046936
v 1.3163663 -0.7331058 2.940117
v 0.709951 -0.6786162 3.0115552
v 1.3163971 -0.6490173 2.8922086
v -1.2301332 -0.5801599 2.5223386
v -1.2301332 -0.37897798 2.6582623
v -0.62156165 -0.47569093 2.8375783
v -0.6216075 -0.6260563 2.7359622
v -1.2302206 -0.8368585 2.5697193
v -0.62194556 -0.81793755 2.7712986
v -1.2314701 -0.95988023 2.6272771
v -0.623471 -0.9099262 2.814171
v -1.2329576 -1.0474176 2.7985687
v -0.62519366 -0.97541463 2.9421034
v -1.2341912 -1.0237052 2.980263
v -0.6263409 -0.95770854 3.0779402
v -1.2344887 -0.89684975 3.1110246
v -0.6264593 -0.8628392 3.1757722
v -1.2342584 -0.78103244 3.1336138
v -0.62623185 -0.7762133 3.19269
v -1.234084 -0.64286226 3.0905986
v -0.6262817 -0.6728591 3.160484
v -1.233959 -0.54533106 3.0050216
v -0.6264416 -0.599899 3.0964198
v -1.2340267 -0.58165276 2.8709495
v -0.6264647 -0.62707186 2.996133
v -1.2340829 -0.6788858 2.7949162
v -0.6262651 -0.6998074 2.9393108
v -1.2340808 -0.76857996 2.8174212
v -0.6262176 -0.76689905 2.9561539
v -1.2340649 -0.8353375 2.866554
v -0.62635535 -0.8168354 2.992875
v -1.2340624 -0.81265855 2.921744
v -0.6262991 -0.79987115 3.0341704
v -1.234097 -0.7335807 2.9386265
v -0.6262008 -0.740719 3.0468242
v -1.234067 -0.65087926 2.8915079
v -0.62626565 -0.6788564 3.0115607
v 0.7111758 -0.47491097 2.837084
v 0.7118839 -0.3964502 2.7532163
v 1.321564 -0.2660678 2.5411983
v 1.3203965 -0.37255606 2.6550505
v -1.2301332 -0.37897798 2.6582623
v -1.2289851 -0.27424595 2.5462875
v -0.620576 -0.39743784 2.753929
v -0.62156165 -0.47569093 2.8375783
v 0.70936614 -0.6355465 3.0629663
v 0.709951 -0.6786162 3.0115552
v 1.3163971 -0.6490173 2.8922086
v 1.3154638 -0.59064233 2.9619179
v -1.2349846 -0.5934671 2.9600673
v -1.234067 -0.65087926 2.8915079
v -0.62626565 -0.6788564 3.0115607
v -0.62705445 -0.63591117 3.0628228
v 0.7116896 -0.5959544 2.6075277
v 0.7118839 -0.3964502 2.7532163
v 0.5410769 -0.4144785 2.7902434
v 0.5410266 -0.60412717 2.651682
v 0.71177304 -0.85918915 2.6234174
v 0.5410671 -0.85439485 2.6668098
v 0.71096987 -1.0059589 2.69505
v 0.54009074 -0.99389356 2.735002
v 0.70996827 -1.1274943 2.8872747
v 0.53881013 -1.1093396 2.9178128
v 0.7088727 -1.1223874 3.1345208
v 0.53743184 -1.1044159 3.1528223
v 0.7084723 -0.9623447 3.3087544
v 0.53679407 -0.9523271 3.318384
v 0.7087464 -0.8028113 3.3537326
v 0.5369009 -0.800764 3.3611195
v 0.709043 -0.58355737 3.312626
v 0.53711975 -0.59249306 3.3220668
v 0.70948493 -0.41940373 3.1517901
v 0.53756344 -0.4365671 3.1692803
v 0.70938647 -0.43098226 2.9467897
v 0.5375408 -0.44755304 2.9745357
v 0.70908314 -0.61652505 2.7702732
v 0.5372773 -0.6238005 2.806848
v 0.709167 -0.8567326 2.8076901
v 0.5372709 -0.8519825 2.8424191
v 0.709439 -0.95985603 2.9610116
v 0.5373667 -0.94992 2.9880967
v 0.70941955 -0.8923977 3.0873485
v 0.5372124 -0.8858392 3.1081157
v 0.7093595 -0.7313788 3.1431746
v 0.5370768 -0.7329144 3.1611478
v 0.70936614 -0.6355465 3.0629663
v 0.5370427 -0.6419044 3.0849812
v -0.620576 -0.39743784 2.753929
v -0.4499087 -0.60412717 2.6517806
v -0.4499452 -0.4144785 2.7903442
v -0.62040895 -0.596401 2.6086237
v -0.45011327 -0.85439485 2.6669123
v -0.62064606 -0.85892606 2.6244845
v -0.45181593 -0.99389356 2.7351117
v -0.6226146 -1.0052909 2.6959507
v -0.4537809 -1.1093396 2.917921
v -0.62497234 -1.1264791 2.8876603
v -0.45516425 -1.1044159 3.152914
v -0.6267385 -1.1213764 3.1342049
v -0.4552799 -0.9523271 3.3184547
v -0.62710476 -0.96177965 3.3079274
v -0.4548652 -0.800764 3.361173
v -0.6268152 -0.8026956 3.3527598
v -0.45493877 -0.59249306 3.3221111
v -0.62695056 -0.5840622 3.3117583
v -0.45507658 -0.4365671 3.1693158
v -0.6270688 -0.42037323 3.1513672
v -0.45520753 -0.44755304 2.974565
v -0.62713003 -0.43191803 2.9469395
v -0.4551222 -0.6238005 2.8068736
v -0.62700707 -0.61693615 2.7709217
v -0.45511103 -0.8519825 2.842445
v -0.62707424 -0.8564635 2.8082361
v -0.4551503 -0.94992 2.988125
v -0.62727207 -0.9592912 2.9611285
v -0.45496547 -0.8858392 3.1081476
v -0.6272057 -0.8920237 3.087112
v -0.4547616 -0.7329144 3.1611872
v -0.6270627 -0.7314667 3.1427875
v -0.45472127 -0.6419044 3.085031
v -0.62705445 -0.63591117 3.0628228
v 0.7111758 -0.47491097 2.837084
v 0.5402086 -0.63242394 2.7731912
v 0.5402543 -0.4890937 2.8700187
v 0.71123 -0.62568474 2.7351868
v 0.5402887 -0.8153059 2.8069174
v 0.7115093 -0.81809205 2.7706008
v 0.5397785 -0.90295136 2.8478408
v 0.7112611 -0.9103409 2.813563
v 0.5390246 -0.9653169 2.9698105
v 0.7107987 -0.9760212 2.9418445
v 0.53804076 -0.94842315 3.0992775
v 0.71003884 -0.9582684 3.0780816
v 0.5374564 -0.8580462 3.1925173
v 0.7096029 -0.863128 3.1762183
v 0.5373834 -0.77553356 3.2086608
v 0.7096351 -0.77625424 3.193202
v 0.5375589 -0.6770953 3.1780033
v 0.70988345 -0.6726043 3.1609178
v 0.5378258 -0.6076102 3.116997
v 0.7101764 -0.59943587 3.0966814
v 0.53774613 -0.63348734 3.0214841
v 0.7100578 -0.6266869 2.9961166
v 0.5374911 -0.70276 2.9673615
v 0.7097585 -0.69963 2.939136
v 0.53743935 -0.76666176 2.9834068
v 0.7097177 -0.7669133 2.9560273
v 0.5375626 -0.8142223 3.0183866
v 0.709896 -0.8169928 2.9928482
v 0.5375211 -0.79806495 3.057716
v 0.7098781 -0.7999802 3.0342555
v 0.537424 -0.74172676 3.0697596
v 0.70977575 -0.7406579 3.046936
v 0.5375881 -0.68280685 3.0361598
v 0.709951 -0.6786162 3.0115552
v -0.6216075 -0.6260563 2.7359622
v -0.62156165 -0.47569093 2.8375783
v -0.45075345 -0.4890937 2.8701208
v -0.45071125 -0.63242394 2.7732925
v -0.62194556 -0.81793755 2.7712986
v -0.45087868 -0.8153059 2.8070261
v -0.623471 -0.9099262 2.814171
v -0.45210224 -0.90295136 2.8479586
v -0.62519366 -0.97541463 2.9421034
v -0.45347252 -0.9653169 2.9699268
v -0.6263409 -0.95770854 3.0779402
v -0.45433033 -0.94842315 3.0993779
v -0.6264593 -0.8628392 3.1757722
v -0.45428345 -0.8580462 3.1925945
v -0.62623185 -0.7762133 3.19269
v -0.45396858 -0.77553356 3.208722
v -0.6262817 -0.6728591 3.160484
v -0.4539575 -0.6770953 3.178053
v -0.6264416 -0.599899 3.0964198
v -0.45409742 -0.6076102 3.1170354
v -0.6264647 -0.62707186 2.996133
v -0.4541524 -0.63348734 3.021516
v -0.6262651 -0.6998074 2.9393108
v -0.45399535 -0.70276 2.967389
v -0.6262176 -0.76689905 2.9561539
v -0.4539431 -0.76666176 2.9834332
v -0.62635535 -0.8168354 2.992875
v -0.45403558 -0.8142223 3.0184155
v -0.6262991 -0.79987115 3.0341704
v -0.45396742 -0.79806495 3.0577495
v -0.6262008 -0.740719 3.0468242
v -0.45388526 -0.74172676 3.0698004
v -0.62626565 -0.6788564 3.0115607
v -0.45395687 -0.68280685 3.0362105
v 0.7118839 -0.3964502 2.7532163
v 0.7111758 -0.47491097 2.837084
v 0.5402543 -0.4890937 2.8700187
v 0.5410769 -0.4144785 2.7902434
v -0.62156165 -0.47569093 2.8375783
v -0.620576 -0.39743784 2.753929
v -0.4499452 -0.4144785 2.7903442
v -0.45075345 -0.4890937 2.8701208
v 0.709951 -0.6786162 3.0115552
v 0.70936614 -0.6355465 3.0629663
v 0.5370427 -0.6419044 3.0849812
v 0.5375881 -0.68280685 3.0361598
v -0.62705445 -0.63591117 3.0628228
v -0.62626565 -0.6788564 3.0115607
v -0.45395687 -0.68280685 3.0362105
v -0.45472127 -0.6419044 3.085031
v 0.08824025 0.41114375 1.7980149
v 0.0069465353 0.40124506 1.6006974
v 0.051309638 0.39806286 1.6037571
v 0.12958215 0.40368998 1.6059158
v 0.006562385 0.4201049 1.7973435
v 0.18114507 0.40085465 1.7970831
v -0.07500188 0.41093254 1.7990603
v -0.037173655 0.39810172 1.6050618
v -0.16933908 0.40144092 1.7990572
v -0.11693467 0.4048735 1.6084287
v 0.32784653 0.41311863 1.6164706
v 0.34195718 0.39147598 1.8074149
v 0.54118544 0.339104 1.8158098
v 0.55276 0.35809898 1.6290884
v 0.7040413 0.19563034 1.8122203
v 0.7251949 0.20790716 1.63211
v -0.33371606 0.39369395 1.8099407
v -0.32030767 0.41576046 1.6195598
v 0.7729066 -0.0106177125 1.807383
v 0.79457074 -0.0040520057 1.6312875
v 0.7274974 -0.22031447 1.6267186
v 0.708089 -0.22443631 1.8057662
v -0.5488746 0.36155775 1.6325269
v -0.5359287 0.342741 1.8187894
v -0.6997801 0.2005158 1.8161832
v -0.7229149 0.21180657 1.6356082
v -0.7683527 -0.003129825 1.8127972
v -0.7925431 -3.172469E-05 1.6354531
v 0.5586806 -0.38296998 1.617496
v 0.55819464 -0.38948187 1.7990406
v 0.40842825 -0.46871674 1.7816714
v 0.33301607 -0.4506854 1.6005814
v 0.18632749 -0.4851389 1.7680094
v 0.12585284 -0.44512242 1.5914826
v 0.08623139 -0.49664548 1.7657939
v 0.04420139 -0.42991945 1.5923398
v 0.005970716 -0.50380695 1.760339
v 0.006642485 -0.4308563 1.5886406
v -0.07565271 -0.49610904 1.7644461
v -0.030956563 -0.43006968 1.5935786
v -0.17964172 -0.484285 1.7683011
v -0.11484142 -0.4461122 1.5941932
v -0.4005501 -0.46202224 1.7906806
v -0.32726353 -0.4490471 1.6047648
v -0.554159 -0.3783674 1.8042924
v -0.5555751 -0.378661 1.6229122
v -0.7039935 -0.2138814 1.8111324
v -0.7252242 -0.21576518 1.6317496
v -0.33562124 0.43330467 1.3740046
v -0.26206526 0.4946134 1.1066616
v -0.068681344 0.42670015 1.3743773
v -0.4604121 0.5334404 1.0078068
v -0.57515985 0.3761139 1.3902887
v -0.7061174 0.464337 1.0172058
v -0.7575543 0.21810733 1.394158
v -0.9299251 0.27302587 1.0219601
v -0.83052474 -0.005409023 1.3939633
v -1.0194637 0.0023968779 1.0217209
v -0.7599745 -0.23303528 1.3893125
v -0.9328948 -0.27320835 1.0160062
v -0.5821818 -0.40491116 1.3782146
v -0.71473384 -0.48131204 1.00237
v -0.342911 -0.47917736 1.3554255
v -0.42113593 -0.57123214 0.9743681
v -0.12029229 -0.4760807 1.3421499
v -0.14797091 -0.5674827 0.958056
v -0.03238081 -0.4591538 1.3413779
v -0.04009886 -0.546988 0.9571074
v 0.007023055 -0.45998377 1.335177
v 0.008251771 -0.54799294 0.949488
v 0.04638485 -0.45899528 1.3398222
v 0.056550786 -0.546796 0.9551958
v 0.13195568 -0.4750364 1.3387458
v 0.16155075 -0.5662183 0.9538733
v 0.3490631 -0.48090604 1.3501719
v 0.42795306 -0.5733251 0.96791303
v 0.58555996 -0.40945765 1.371413
v 0.7181472 -0.4868169 0.99401265
v 0.76248026 -0.2378354 1.3829948
v 0.9352378 -0.27902016 1.0082436
v 0.8327731 -0.009650936 1.3887322
v 1.0214909 -0.0027391426 1.0152932
v 0.7600671 0.21399297 1.3897651
v 0.93227684 0.2680443 1.0165625
v 0.57935524 0.37246448 1.3859706
v 0.7105336 0.45991832 1.0119001
v 0.3436454 0.43051723 1.3701254
v 0.4695242 0.5303494 1.0034413
v 0.27140355 0.49351448 1.1015781
v 0.068356484 0.4258418 1.3743773
v 0.5036893 -0.34933233 1.6098466
v 0.3002775 -0.41037035 1.5914314
v 0.6558591 -0.20271623 1.6198876
v 0.11354258 -0.40535593 1.5815253
v 0.71631837 -0.00777936 1.6248617
v 0.03994276 -0.3916521 1.5824585
v 0.6537836 0.18327856 1.6257572
v 0.00608753 -0.3924966 1.5784311
v 0.49835256 0.31866002 1.6224675
v -0.027803885 -0.39178753 1.5838072
v 0.29561773 0.36825418 1.6087303
v -0.103416875 -0.4062481 1.5844765
v 0.11690414 0.35975528 1.597239
v 0.046350066 0.35468304 1.5948889
v 0.006361598 0.35755146 1.5915577
v -0.2948921 -0.4088936 1.5959859
v -0.50068986 -0.34544826 1.6157434
v -0.65360993 -0.19861555 1.6253648
v -0.71429056 -0.0041555166 1.6293969
v -0.63975245 0.17920285 1.7698365
v -0.49465016 0.3217777 1.6262112
v -0.28862214 0.3706355 1.6120934
v -0.10530371 0.36082208 1.5999749
v -0.03340791 0.3547181 1.5963092
v -0.78958094 0.18399113 1.9083887
v -0.63591075 0.06017244 1.9006318
v -0.69248116 0.0043499917 1.8534753
v -0.8490972 0.135302 1.8622944
v -0.8201346 0.2291825 1.8553947
v -0.8509241 0.20435964 1.8233786
v -0.81798774 0.2388425 1.8041599
v -0.7128778 0.34778002 1.8096906
v -0.8201346 0.2291825 1.8553947
v -0.707033 0.3458678 1.8636018
v -0.6774194 0.37681782 1.8352656
v -0.67863315 0.29816592 1.916394
v -0.62166756 0.35649914 1.8777605
v -0.48047692 0.25933427 1.8719935
v -0.534497 0.19379899 1.9104011
v -0.78958094 0.18399113 1.9083887
v -0.707033 0.3458678 1.8636018
v -0.67863315 0.29816592 1.916394
v -0.44434685 0.42453682 1.908761
v -0.42608362 0.26415673 1.912819
v -0.5055831 0.24508929 1.8697336
v -0.5223629 0.4131057 1.8660961
v -0.44695324 0.47481206 1.8517544
v -0.48739558 0.46856934 1.8215113
v -0.44163704 0.47770244 1.7999247
v -0.2939033 0.5111099 1.7977506
v -0.44695324 0.47481206 1.8517544
v -0.2882021 0.5104892 1.8517075
v -0.24747185 0.517799 1.8212867
v -0.28877833 0.45929095 1.9086937
v -0.21053882 0.47358134 1.8660939
v -0.18803245 0.3423893 1.8697311
v -0.2677644 0.3204704 1.9127494
v -0.44434685 0.42453682 1.908761
v -0.2882021 0.5104892 1.8517075
v -0.28877833 0.45929095 1.9086937
v -1.1706951 -0.39542705 2.5989542
v -1.217094 -0.33096457 2.8667474
v -0.97633904 -0.31021595 2.8532438
v -1.3359746 -0.17709006 2.9970784
v -0.92872477 -0.36720705 2.5923824
v -1.2056333 -0.3550119 2.328755
v -0.9726917 -0.3269043 2.3327804
v -1.3310525 -0.19687583 2.1975317
v -0.653119 -0.34876752 2.574713
v -0.6914912 -0.29451883 2.8294199
v -0.69511473 -0.3229785 2.3308246
v -0.7918534 -0.17884576 2.2034907
v -0.74936587 -0.1588403 2.9603345
v -1.10393 -0.17895079 2.205833
v -1.3872961 1.8359251E-05 2.1798851
v -0.85964036 0.0011088847 2.1777406
v -1.1875833 3.397453E-05 2.1881793
v -1.3307899 0.19707909 2.1976151
v -0.7824468 0.17286336 2.2022498
v -1.0890306 -0.16406286 2.9824548
v -1.161304 3.5751145E-07 3.0017612
v -0.7955435 6.0795574E-06 2.9795885
v -1.3859026 1.3979162E-08 3.015701
v -1.0890237 0.16407573 2.9824493
v -0.7491517 0.15902877 2.9602437
v -1.3359724 0.1770972 2.997075
v -0.97587794 0.31044853 2.852794
v -0.6879695 0.29600883 2.8264916
v -1.2168607 0.33108753 2.866511
v -0.6410989 0.33624923 2.566768
v -0.9265452 0.36708856 2.5907001
v -0.9700213 0.3267647 2.3328283
v -1.1696044 0.39536932 2.5980787
v -0.6769125 0.29840934 2.3246026
v -1.2042977 0.35494444 2.3287797
v -1.103414 0.17933834 2.2059922
v 1.316223 0.2949502 2.8429
v 1.6635702 0.16940352 2.9763162
v 1.4378672 0.15781061 2.964615
v 1.4884205 4.1864996E-07 2.9827876
v 1.5363376 0.3130566 2.8545527
v 1.6910192 2.9513114E-09 2.9935167
v 1.4813851 0.37644467 2.605655
v 1.4378691 -0.15780231 2.9646187
v 1.2631688 0.35257268 2.599954
v 1.6635672 -0.16940148 2.976317
v 1.4972019 0.3402939 2.3506007
v 1.3163966 -0.2948265 2.8431287
v 1.2898202 0.31678867 2.353751
v 1.5363437 -0.31304252 2.854577
v 1.6084813 0.1902773 2.2244956
v 1.2640045 -0.35258088 2.60079
v 1.4130585 0.17606613 2.2298498
v 1.48139 -0.3764395 2.6057286
v 1.6360275 3.7760747E-06 2.2076423
v 1.4699903 2.0663443E-05 2.212431
v 1.2908967 -0.3167585 2.3536425
v 1.4972056 -0.34028187 2.3505888
v 1.6084921 -0.1902528 2.2244856
v 1.41326 -0.1758467 2.2297578
v -1.217094 -0.33096457 2.8667474
v -1.5829185 -0.19011727 3.0117018
v -1.3359746 -0.17709006 2.9970784
v -1.3859026 1.3979162E-08 3.015701
v -1.4578488 -0.3517132 2.8802512
v -1.6105012 -3.2955313E-07 3.029641
v -1.4126655 -0.42364705 2.6055262
v -1.3359724 0.1770972 2.997075
v -1.1706951 -0.39542705 2.5989542
v -1.5829211 0.19011869 3.011701
v -1.4385749 -0.38311952 2.3247292
v -1.2168607 0.33108753 2.866511
v -1.2056333 -0.3550119 2.328755
v -1.4578433 0.3517265 2.8802283
v -1.5581751 -0.21480086 2.1892304
v -1.1696044 0.39536932 2.5980787
v -1.3310525 -0.19687583 2.1975317
v -1.4126637 0.4236501 2.605457
v -1.5870088 2.7439721E-06 2.171591
v -1.3872961 1.8359251E-05 2.1798851
v -1.2042977 0.35494444 2.3287797
v -1.4385741 0.38312417 2.3247313
v -1.5581658 0.21481985 2.189238
v -1.3307899 0.19707909 2.1976151
v 0.85341495 -0.22870182 0.3618773
v 0.62197924 -0.36453483 0.14834781
v 0.65468603 -0.38999197 0.37142158
v 0.37996483 -0.44401908 0.36640078
v 0.74881923 -0.22645676 0.07353655
v 0.9280249 1.1086055E-07 0.35830414
v 0.809011 1.1086055E-07 0.061142094
v 0.8534149 0.22870196 0.3618773
v 0.39833704 -0.39287978 0.08905285
v 0.44366595 -0.21941732 -0.03742429
v 0.18847427 -0.35553533 0.14296916
v 0.12676491 -0.38068274 0.36490244
v 0.01830621 -0.20372574 0.35348806
v 0.1349278 -0.20880248 0.068428285
v 0.47324 3.9121715E-09 -0.052674912
v 0.44366586 0.21941744 -0.03742429
v 0.13638242 3.9121715E-09 0.05712021
v 0.009617344 3.9121715E-09 0.3504625
v 0.1349277 0.20880249 0.068428285
v 0.018306151 0.20372576 0.35348806
v 0.18847418 0.35553533 0.14296916
v 0.12676485 0.38068277 0.36490244
v 0.37996474 0.4440192 0.36640078
v 0.3983369 0.39287978 0.08905285
v 0.6219791 0.36453483 0.14834781
v 0.6546859 0.3899921 0.37142158
v 0.7488191 0.2264569 0.07353655
v 0.0007763658 -0.20944364 0.35161564
v -0.17884521 -0.35938078 0.14124626
v -0.11335428 -0.38939476 0.36309633
v -0.3749852 -0.453284 0.36466035
v -0.12372334 -0.21068263 0.067297675
v -0.437818 -0.21947144 -0.037725203
v 0.011407599 1.09021414E-07 0.34854728
v -0.124261454 2.0730344E-09 0.05603922
v 0.0007763062 0.20944385 0.35161564
v -0.39325133 -0.3954382 0.08774256
v -0.6214343 -0.36793834 0.14638834
v -0.6583333 -0.39819983 0.36957613
v -0.86133873 -0.23320255 0.3599617
v -0.74859655 -0.22758509 0.07215569
v -0.80872405 2.0730344E-09 0.059847005
v -0.93680805 2.0730344E-09 0.35641205
v -0.46696636 2.0730344E-09 -0.052793376
v -0.7485965 0.22758496 0.07215569
v -0.8613387 0.23320253 0.3599617
v -0.12372334 0.21068275 0.067297675
v -0.6214341 0.36793837 0.14638834
v -0.65833324 0.39819995 0.36957613
v -0.37498516 0.45328405 0.36466035
v -0.43781796 0.21947144 -0.037725203
v -0.3932513 0.3954382 0.08774256
v -0.17884521 0.35938078 0.14124626
v -0.11335437 0.38939497 0.36309633
v 1.2631688 0.35257268 2.599954
v 1.316223 0.2949502 2.8429
v 1.0961084 0.2768438 2.8312473
v 1.4378672 0.15781061 2.964615
v 1.0449526 0.32870066 2.5942528
v 1.2898202 0.31678867 2.353751
v 1.0824385 0.29328346 2.3569012
v 1.4130585 0.17606613 2.2298498
v 0.66961414 0.3126682 2.5675387
v 0.7215859 0.2768538 2.811568
v 0.7025055 0.2780168 2.3377333
v 0.8107002 0.16196501 2.2186763
v 0.8163515 0.15076864 2.942556
v 1.2176359 0.16185498 2.235204
v 1.4699903 2.0663443E-05 2.212431
v 0.8836795 0.0011334418 2.193632
v 1.3039532 3.755081E-05 2.2172196
v 1.41326 -0.1758467 2.2297578
v 0.8198895 -0.16497457 2.2196453
v 1.2121642 0.1462177 2.952914
v 1.2858217 8.343486E-07 2.9720583
v 0.88088596 8.94058E-06 2.9630954
v 1.4884205 4.1864996E-07 2.9827876
v 1.2121711 -0.14620316 2.9529204
v 0.8165703 -0.15051222 2.9426768
v 1.4378691 -0.15780231 2.9646187
v 1.0964495 -0.2766105 2.8316803
v 0.7252341 -0.27498305 2.8150115
v 1.3163966 -0.2948265 2.8431287
v 0.6818159 -0.3225968 2.5763574
v 1.046619 -0.32872224 2.5958512
v 1.0845877 -0.29323518 2.3566964
v 1.2640045 -0.35258088 2.60079
v 0.7208039 -0.2991084 2.3445082
v 1.2908967 -0.3167585 2.3536425
v 1.2180278 -0.16144061 2.23503
v 1.5052841 0.32850158 2.6053863
v 1.5188365 0.29751724 2.386231
v 1.7638348 0.32873607 2.404732
v 1.6145763 0.16793332 2.2782552
v 1.9009002 0.21052301 2.3263144
v 2.0743144 0.22011459 2.588087
v 1.6336113 1.7041035E-06 2.2639666
v 1.9630241 1.19092874E-07 2.3112142
v 1.6145767 -0.16793072 2.2782545
v 1.8454255 0.35444224 2.5994768
v 1.8232962 0.3104093 2.7985063
v 1.5527924 0.27383465 2.8196735
v 1.6624981 0.14958665 2.9239447
v 2.0025997 0.19751978 2.8675706
v 2.077474 1.19092874E-07 2.8778598
v 1.6814951 1.9883964E-07 2.938457
v 2.1439192 1.19092874E-07 2.5839481
v 2.0025995 -0.19751954 2.867571
v 1.6624985 -0.14958513 2.9239454
v 1.9008996 -0.21052277 2.3263147
v 1.8232957 -0.31040907 2.7985067
v 1.5527942 -0.27383184 2.8196778
v 1.5052807 -0.328501 2.6053889
v 2.074314 -0.22011435 2.588087
v 1.8454251 -0.35444212 2.5994766
v 1.7638345 -0.32873583 2.4047322
v 1.5188313 -0.29751602 2.3862295
v -1.5636947 0.18905053 2.2471807
v -1.4605696 0.3344829 2.363658
v -1.7455313 0.3625555 2.3864434
v -1.4382682 0.36924648 2.6054041
v -1.9026793 0.23141778 2.3032093
v -1.8259292 0.38843012 2.6015513
v -1.7862581 0.34084153 2.8185763
v -1.47736 0.30711773 2.8421524
v -1.5853457 0.16733041 2.9550912
v -2.0823903 0.23856199 2.5930882
v -1.9761297 0.21470785 2.8946254
v -1.6042341 -1.6962395E-07 2.9704332
v -1.9725153 -2.38535E-07 2.287348
v -1.5836848 1.153733E-06 2.2320032
v -2.1611068 -3.5774428E-07 2.5902362
v -2.0823903 -0.23856246 2.5930882
v -2.05568 -3.5774428E-07 2.9067934
v -1.5853466 -0.16732949 2.9550917
v -1.9026793 -0.23141825 2.3032095
v -1.5636952 -0.18904936 2.24718
v -1.7455312 -0.36255598 2.3864431
v -1.4605657 -0.33448294 2.3636577
v -1.4382664 -0.36924642 2.6054077
v -1.9761297 -0.21470833 2.8946252
v -1.786258 -0.340842 2.8185763
v -1.4773625 -0.30711514 2.8421564
v -1.8259292 -0.3884306 2.6015513
v -0.28862214 0.3706355 1.6120934
v -0.49465016 0.3217777 1.6262112
v -0.50778496 0.34436548 1.3828411
v -0.63975245 0.17920285 1.7698365
v -0.27447587 0.3932513 1.3765209
v -0.6794832 0.20253801 1.3880424
v -0.020963673 0.3515334 1.3470805
v -0.71429056 -0.0041555166 1.6293969
v -0.10530371 0.36082208 1.5999749
v -0.74597424 0.00031948078 1.3902011
v 0.00208211 0.34119534 1.451581
v -0.03340791 0.3547181 1.5963092
v -0.65360993 -0.19861555 1.6253648
v -0.6804554 -0.20173705 1.3861709
v -0.50983423 -0.34403753 1.3780518
v -0.50068986 -0.34544826 1.6157434
v -0.2763003 -0.39366913 1.3684568
v -0.2948921 -0.4088936 1.5959859
v -0.01997986 -0.35053968 1.3409338
v -0.103416875 -0.4062481 1.5844765
v 0.014086067 -0.3396759 1.4373355
v -0.027803885 -0.39178753 1.5838072
v 0.0059380494 -0.34374213 1.4310346
v 0.00608753 -0.3924966 1.5784311
v -0.0007048888 -0.33944416 1.4375858
v 0.03994276 -0.3916521 1.5824585
v 0.032645307 -0.34818792 1.3388352
v 0.11354258 -0.40535593 1.5815253
v 0.28290802 -0.3904252 1.3664095
v 0.3002775 -0.41037035 1.5914314
v 0.51141155 -0.34120512 1.375607
v 0.5036893 -0.34933233 1.6098466
v 0.6558591 -0.20271623 1.6198876
v 0.67983824 -0.20012295 1.3836591
v 0.71631837 -0.00777936 1.6248617
v 0.74488664 0.0004738568 1.3880959
v 0.6786752 0.20103788 1.3863213
v 0.6537836 0.18327856 1.6257572
v 0.50940245 0.34148216 1.3815694
v 0.49835256 0.31866002 1.6224675
v 0.2814388 0.39009488 1.3753281
v 0.29561773 0.36825418 1.6087303
v 0.11690414 0.35975528 1.597239
v 0.03377938 0.34943414 1.3451715
v 0.046350066 0.35468304 1.5948889
v 0.012286268 0.34107423 1.4516344
v 0.0061908527 0.3432449 1.458693
v 0.006361598 0.35755146 1.5915577
v 0.07782819 -0.45179832 1.7713015
v 0.08623139 -0.49664548 1.7657939
v 0.005970716 -0.50380695 1.760339
v 0.005482004 -0.45825356 1.7653626
v 0.16805384 -0.4414264 1.7737136
v -0.07565271 -0.49610904 1.7644461
v 0.18632749 -0.4851389 1.7680094
v -0.068092555 -0.45131478 1.7698342
v 0.3682533 -0.4266236 1.7885877
v -0.17964172 -0.484285 1.7683011
v 0.40842825 -0.46871674 1.7816714
v -0.16182724 -0.4406567 1.7740312
v 0.50325125 -0.34273872 1.8074979
v -0.4005501 -0.46202224 1.7906806
v 0.55819464 -0.38948187 1.7990406
v -0.3609519 -0.42058927 1.7983962
v 0.63836455 -0.19904992 1.8148203
v -0.554159 -0.3783674 1.8042924
v 0.708089 -0.22443631 1.8057662
v -0.49941343 -0.33306247 1.8132157
v 0.6967905 -0.012899268 1.8165803
v -0.7039935 -0.2138814 1.8111324
v 0.7729066 -0.0106177125 1.807383
v -0.6344728 -0.1898608 1.8206625
v 0.63471603 0.16666046 1.821847
v -0.7683527 -0.003129825 1.8127972
v 0.7040413 0.19563034 1.8122203
v -0.6924856 -0.0063803047 1.822475
v 0.48791933 0.29156873 1.8257549
v -0.6997801 0.2005158 1.8161832
v 0.54118544 0.339104 1.8158098
v -0.6306749 0.17091376 1.8261614
v 0.3083369 0.33716384 1.8166151
v -0.5359287 0.342741 1.8187894
v 0.34195718 0.39147598 1.8074149
v -0.48298088 0.29473513 1.8289988
v 0.16338246 0.34532893 1.8053668
v -0.33371606 0.39369395 1.8099407
v 0.18114507 0.40085465 1.7970831
v -0.30070835 0.3390948 1.819365
v 0.07963896 0.3542866 1.8063812
v -0.16933908 0.40144092 1.7990572
v 0.08824025 0.41114375 1.7980149
v -0.15254053 0.34583932 1.8075161
v 0.006015328 0.3620882 1.8056502
v -0.07500188 0.41093254 1.7990603
v 0.006562385 0.4201049 1.7973435
v -0.0675059 0.35410273 1.8075194
v 0.00608753 -0.3924966 1.5784311
v 0.04420139 -0.42991945 1.5923398
v 0.03994276 -0.3916521 1.5824585
v 0.006642485 -0.4308563 1.5886406
v 0.12585284 -0.44512242 1.5914826
v -0.027803885 -0.39178753 1.5838072
v 0.11354258 -0.40535593 1.5815253
v -0.030956563 -0.43006968 1.5935786
v 0.33301607 -0.4506854 1.6005814
v -0.103416875 -0.4062481 1.5844765
v 0.3002775 -0.41037035 1.5914314
v -0.11484142 -0.4461122 1.5941932
v 0.5586806 -0.38296998 1.617496
v -0.2948921 -0.4088936 1.5959859
v 0.5036893 -0.34933233 1.6098466
v -0.32726353 -0.4490471 1.6047648
v 0.7274974 -0.22031447 1.6267186
v -0.50068986 -0.34544826 1.6157434
v 0.6558591 -0.20271623 1.6198876
v -0.5555751 -0.378661 1.6229122
v 0.79457074 -0.0040520057 1.6312875
v -0.65360993 -0.19861555 1.6253648
v 0.71631837 -0.00777936 1.6248617
v -0.7252242 -0.21576518 1.6317496
v 0.7251949 0.20790716 1.63211
v -0.71429056 -0.0041555166 1.6293969
v 0.6537836 0.18327856 1.6257572
v -0.7925431 -3.172469E-05 1.6354531
v 0.55276 0.35809898 1.6290884
v -0.63975245 0.17920285 1.7698365
v 0.49835256 0.31866002 1.6224675
v -0.7229149 0.21180657 1.6356082
v 0.32784653 0.41311863 1.6164706
v -0.49465016 0.3217777 1.6262112
v 0.29561773 0.36825418 1.6087303
v -0.5488746 0.36155775 1.6325269
v 0.12958215 0.40368998 1.6059158
v -0.28862214 0.3706355 1.6120934
v 0.11690414 0.35975528 1.597239
v -0.32030767 0.41576046 1.6195598
v 0.051309638 0.39806286 1.6037571
v -0.10530371 0.36082208 1.5999749
v 0.046350066 0.35468304 1.5948889
v -0.11693467 0.4048735 1.6084287
v 0.0069465353 0.40124506 1.6006974
v -0.03340791 0.3547181 1.5963092
v 0.006361598 0.35755146 1.5915577
v -0.037173655 0.39810172 1.6050618
v 0.01062797 0.682211 3.1549442
v 0.0022988324 0.70200336 3.2192209
v -0.22379835 0.65598965 3.2210417
v -0.24481921 0.64654946 3.1542625
v 0.26607513 0.6478056 3.158741
v -0.41402197 0.60777986 3.2558756
v 0.22839601 0.66092205 3.224567
v -0.45264134 0.59387946 3.1923192
v 0.4484943 0.6049732 3.1965404
v -0.59408104 0.6226454 3.4115684
v 0.410805 0.6179342 3.2597394
v -0.6493585 0.6101203 3.362416
v 0.6488446 0.6180372 3.361148
v -0.7221644 0.6836314 3.6884375
v 0.5941895 0.629892 3.410408
v -0.87190676 0.6282371 3.6711364
v 0.8779205 0.62852836 3.6723795
v -0.6978911 0.776715 3.9493194
v 0.7290025 0.6838132 3.6894054
v -0.76277256 0.7784435 3.9499168
v 0.7803345 0.76618826 3.9490128
v -0.5723931 0.85382366 4.128397
v 0.7145448 0.7654975 3.948492
v -0.6254966 0.86467224 4.145561
v 0.6593437 0.8479203 4.143752
v -0.36926156 0.8886036 4.318205
v 0.6041565 0.8385651 4.126741
v -0.40373993 0.902504 4.352929
v 0.42943102 0.8943635 4.356656
v -0.15695424 0.8665606 4.553787
v 0.393356 0.88115245 4.321616
v -0.21482572 0.87854195 4.5803137
v 0.22400494 0.8799143 4.580456
v 0.0027976027 0.83918047 4.720687
v 0.16491131 0.868012 4.5539117
v 0.002740211 0.84668803 4.792647
v 1.6635702 0.16940352 2.9763162
v 1.6624981 0.14958665 2.9239447
v 1.6814951 1.9883964E-07 2.938457
v 1.6910192 2.9513114E-09 2.9935167
v 1.5363376 0.3130566 2.8545527
v 1.6624985 -0.14958513 2.9239454
v 1.5527924 0.27383465 2.8196735
v 1.6635672 -0.16940148 2.976317
v 1.4813851 0.37644467 2.605655
v 1.5527942 -0.27383184 2.8196778
v 1.5052841 0.32850158 2.6053863
v 1.5363437 -0.31304252 2.854577
v 1.4972019 0.3402939 2.3506007
v 1.5052807 -0.328501 2.6053889
v 1.5188365 0.29751724 2.386231
v 1.48139 -0.3764395 2.6057286
v 1.6084813 0.1902773 2.2244956
v 1.5188313 -0.29751602 2.3862295
v 1.6145763 0.16793332 2.2782552
v 1.4972056 -0.34028187 2.3505888
v 1.6360275 3.7760747E-06 2.2076423
v 1.6145767 -0.16793072 2.2782545
v 1.6336113 1.7041035E-06 2.2639666
v 1.6084921 -0.1902528 2.2244856
v -1.5581658 0.21481985 2.189238
v -1.5636947 0.18905053 2.2471807
v -1.5836848 1.153733E-06 2.2320032
v -1.5870088 2.7439721E-06 2.171591
v -1.4385741 0.38312417 2.3247313
v -1.5636952 -0.18904936 2.24718
v -1.4605696 0.3344829 2.363658
v -1.5581751 -0.21480086 2.1892304
v -1.4126637 0.4236501 2.605457
v -1.4605657 -0.33448294 2.3636577
v -1.4382682 0.36924648 2.6054041
v -1.4385749 -0.38311952 2.3247292
v -1.4578433 0.3517265 2.8802283
v -1.4382664 -0.36924642 2.6054077
v -1.47736 0.30711773 2.8421524
v -1.4126655 -0.42364705 2.6055262
v -1.5829211 0.19011869 3.011701
v -1.4773625 -0.30711514 2.8421564
v -1.5853457 0.16733041 2.9550912
v -1.4578488 -0.3517132 2.8802512
v -1.6105012 -3.2955313E-07 3.029641
v -1.5853466 -0.16732949 2.9550917
v -1.6042341 -1.6962395E-07 2.9704332
v -1.5829185 -0.19011727 3.0117018
v 0.410805 0.6179342 3.2597394
v 0.22404586 0.609061 3.2389884
v 0.22839601 0.66092205 3.224567
v 0.4029278 0.5669044 3.273481
v 0.0023204838 0.6525057 3.240282
v 0.5941895 0.629892 3.410408
v 0.0022988324 0.70200336 3.2192209
v 0.5827664 0.5786309 3.421236
v -0.2194049 0.6042241 3.2355313
v 0.7290025 0.6838132 3.6894054
v -0.22379835 0.65598965 3.2210417
v 0.7024509 0.6439936 3.6995
v -0.40595037 0.5569464 3.2696917
v 0.7145448 0.7654975 3.948492
v -0.41402197 0.60777986 3.2558756
v 0.7007943 0.7116145 3.9489157
v -0.5825279 0.5715245 3.422374
v 0.6041565 0.8385651 4.126741
v -0.59408104 0.6226454 3.4115684
v 0.59211504 0.7831472 4.123718
v -0.69561297 0.64382696 3.6985629
v 0.393356 0.88115245 4.321616
v -0.7221644 0.6836314 3.6884375
v 0.3858162 0.8246526 4.314825
v -0.68433064 0.72261506 3.949727
v 0.16491131 0.868012 4.5539117
v -0.6978911 0.776715 3.9493194
v 0.16057174 0.82069063 4.5305076
v -0.5610533 0.7980429 4.125342
v 0.0027976027 0.83918047 4.720687
v -0.5723931 0.85382366 4.128397
v 0.0028095976 0.7838727 4.7061796
v -0.36205545 0.8319597 4.3114796
v -0.15695424 0.8665606 4.553787
v -0.36926156 0.8886036 4.318205
v -0.15266044 0.81924784 4.53039
vt 0.54172915 0.78145885
vt 0.54172915 0.78145885
vt 0.54172915 0.78145885
vt 0.54172915 0.78145885
vt 0.54172915 0.78145885
vt 0.54172915 0.78145885
vt 0.54172915 0.78145885
vt 0.54172915 0.78145885
vt 0.54172915 0.78145885
vt 0.54172915 0.78145885
vt 0.54172915 0.78145885
vt 0.54172915 0.78145885
vt 0.54172915 0.78145885
vt 0.54172915 0.78145885
vt 0.54172915 0.78145885
vt 0.54172915 0.78145885
vt 0.54172915 0.78145885
vt 0.54172915 0.78145885
vt 0.54172915 0.78145885
vt 0.54172915 0.78145885
vt 0.54172915 0.78145885
vt 0.54172915 0.78145885
vt 0.54172915 0.78145885
vt 0.54172915 0.78145885
vt 0.54172915 0.78145885
vt 0.54172915 0.78145885
vt 0.54172915 0.78145885
vt 0.54172915 0.78145885
vt 0.54172915 0.78145885
vt 0.54172915 0.78145885
vt 0.54172915 0.78145885
vt 0.54172915 0.78145885
vt 0.54172915 0.78145885
vt 0.54172915 0.78145885
vt 0.54172915 0.78145885
vt 0.54172915 0.78145885
vt 0.46340054 0.7829367
vt 0.46340054 0.7829367
vt 0.46340054 0.7829367
vt 0.46340054 0.7829367
vt 0.46340054 0.7829367
vt 0.46340054 0.7829367
vt 0.46340054 0.7829367
vt 0.46340054 0.7829367
vt 0.46340054 0.7829367
vt 0.46340054 0.7829367
vt 0.46340054 0.7829367
vt 0.46340054 0.7829367
vt 0.46340054 0.7829367
vt 0.46340054 0.7829367
vt 0.46340054 0.7829367
vt 0.46340054 0.7829367
vt 0.46340054 0.7829367
vt 0.46340054 0.7829367
vt 0.46340054 0.7829367
vt 0.46340054 0.7829367
vt 0.46340054 0.7829367
vt 0.46340054 0.7829367
vt 0.46340054 0.7829367
vt 0.46340054 0.7829367
vt 0.46340054 0.7829367
vt 0.46340054 0.7829367
vt 0.46340054 0.7829367
vt 0.46340054 0.7829367
vt 0.46340054 0.7829367
vt 0.46340054 0.7829367
vt 0.46340054 0.7829367
vt 0.46340054 0.7829367
vt 0.46340054 0.7829367
vt 0.46340054 0.7829367
vt 0.46340054 0.7829367
vt 0.46340054 0.7829367
vt 0.46340054 0.7829367
vt 0.46340054 0.7829367
vt 0.46340054 0.7829367
vt 0.46340054 0.7829367
vt 0.46340054 0.7829367
vt 0.46340054 0.7829367
vt 0.48341662 0.7806612
vt 0.48341662 0.7806612
vt 0.48341662 0.7806612
vt 0.48341662 0.7806612
vt 0.48341662 0.7806612
vt 0.48341662 0.7806612
vt 0.54172915 0.78145885
vt 0.54172915 0.78145885
vt 0.54172915 0.78145885
vt 0.54172915 0.78145885
vt 0.54172915 0.78145885
vt 0.54172915 0.78145885
vt 0.54172915 0.78145885
vt 0.54172915 0.78145885
vt 0.54172915 0.78145885
vt 0.54172915 0.78145885
vt 0.54172915 0.78145885
vt 0.54172915 0.78145885
vt 0.54172915 0.78145885
vt 0.54172915 0.78145885
vt 0.54172915 0.78145885
vt 0.54172915 0.78145885
vt 0.54172915 0.78145885
vt 0.54172915 0.78145885
vt 0.54172915 0.78145885
vt 0.54172915 0.78145885
vt 0.54172915 0.78145885
vt 0.54172915 0.78145885
vt 0.54172915 0.78145885
vt 0.54172915 0.78145885
vt 0.54172915 0.78145885
vt 0.54172915 0.78145885
vt 0.54172915 0.78145885
vt 0.54172915 0.78145885
vt 0.54172915 0.78145885
vt 0.54172915 0.78145885
vt 0.54172915 0.78145885
vt 0.54172915 0.78145885
vt 0.54172915 0.78145885
vt 0.54172915 0.78145885
vt 0.54172915 0.78145885
vt 0.54172915 0.78145885
vt 0.5467258 0.7881093
vt 0.5467258 0.7881093
vt 0.5467258 0.7881093
vt 0.5467258 0.7881093
vt 0.5467258 0.7881093
vt 0.5467258 0.7881093
vt 0.5467258 0.7881093
vt 0.5467258 0.7881093
vt 0.5467258 0.7881093
vt 0.5467258 0.7881093
vt 0.5467258 0.7881093
vt 0.5467258 0.7881093
vt 0.35272747 0.03193391
vt 0.35272747 0.03193391
vt 0.35272747 0.03193391
vt 0.35272747 0.03193391
vt 0.27587676 0.02306652
vt 0.27587676 0.02306652
vt 0.27587676 0.02306652
vt 0.27587676 0.02306652
vt 0.27587676 0.02306652
vt 0.27587676 0.02306652
vt 0.27587676 0.02306652
vt 0.27587676 0.02306652
vt 0.27587676 0.02306652
vt 0.27587676 0.02306652
vt 0.27587676 0.02306652
vt 0.27587676 0.02306652
vt 0.27587676 0.02306652
vt 0.27587676 0.02306652
vt 0.27587676 0.02306652
vt 0.27587676 0.02306652
vt 0.27587676 0.02306652
vt 0.27587676 0.02306652
vt 0.27587676 0.02306652
vt 0.27587676 0.02306652
vt 0.27587676 0.02306652
vt 0.27587676 0.02306652
vt 0.2707979 0.03193391
vt 0.26996517 0.031933904
vt 0.2707979 0.03193391
vt 0.26996517 0.031933904
vt 0.26996517 0.031933904
vt 0.26996517 0.031933904
vt 0.26996517 0.031933904
vt 0.26996517 0.031933904
vt 0.26996517 0.031933904
vt 0.26996517 0.031933904
vt 0.26996517 0.031933904
vt 0.26996517 0.031933904
vt 0.26996517 0.031933904
vt 0.26996517 0.031933904
vt 0.26996517 0.031933904
vt 0.26996517 0.031933904
vt 0.26996517 0.031933904
vt 0.26996517 0.031933904
vt 0.26996517 0.031933904
vt 0.26996517 0.031933904
vt 0.26996517 0.031933904
vt 0.26996517 0.031933904
vt 0.26996517 0.031933904
vt 0.26996517 0.031933904
vt 0.26996517 0.031933904
vt 0.26996517 0.031933904
vt 0.26996517 0.031933904
vt 0.26996517 0.031933904
vt 0.26996517 0.031933904
vt 0.26996517 0.031933904
vt 0.26996517 0.031933904
vt 0.26996517 0.031933904
vt 0.26996517 0.031933904
vt 0.26996517 0.031933904
vt 0.26996517 0.031933904
vt 0.26996517 0.031933904
vt 0.26996517 0.031933904
vt 0.26996517 0.031933904
vt 0.26996517 0.031933904
vt 0.26996517 0.031933904
vt 0.26996517 0.031933904
vt 0.26996517 0.031933904
vt 0.26996517 0.031933904
vt 0.26996517 0.031933904
vt 0.26996517 0.031933904
vt 0.26996517 0.031933904
vt 0.26996517 0.031933904
vt 0.26996517 0.031933904
vt 0.26996517 0.031933904
vt 0.26996517 0.031933904
vt 0.2707979 0.03193391
vt 0.2707979 0.03193391
vt 0.26996517 0.031933904
vt 0.2707979 0.03193391
vt 0.26996517 0.031933904
vt 0.26996517 0.031933904
vt 0.26996517 0.031933904
vt 0.26996517 0.031933904
vt 0.26996517 0.031933904
vt 0.26996517 0.031933904
vt 0.26996517 0.031933904
vt 0.26996517 0.031933904
vt 0.26996517 0.031933904
vt 0.26996517 0.031933904
vt 0.26996517 0.031933904
vt 0.26996517 0.031933904
vt 0.26996517 0.031933904
vt 0.26996517 0.031933904
vt 0.26996517 0.031933904
vt 0.26996517 0.031933904
vt 0.26996517 0.031933904
vt 0.26996517 0.031933904
vt 0.26996517 0.031933904
vt 0.26996517 0.031933904
vt 0.26996517 0.031933904
vt 0.26996517 0.031933904
vt 0.26996517 0.031933904
vt 0.26996517 0.031933904
vt 0.26996517 0.031933904
vt 0.26996517 0.031933904
vt 0.26996517 0.031933904
vt 0.26996517 0.031933904
vt 0.26996517 0.031933904
vt 0.26996517 0.031933904
vt 0.26996517 0.031933904
vt 0.26996517 0.031933904
vt 0.26996517 0.031933904
vt 0.26996517 0.031933904
vt 0.26996517 0.031933904
vt 0.26996517 0.031933904
vt 0.26996517 0.031933904
vt 0.26996517 0.031933904
vt 0.26996517 0.031933904
vt 0.26996517 0.031933904
vt 0.26996517 0.031933904
vt 0.26996517 0.031933904
vt 0.26996517 0.031933904
vt 0.26996517 0.031933904
vt 0.26996517 0.031933904
vt 0.26996517 0.031933904
vt 0.35272747 0.03193391
vt 0.35272747 0.03193391
vt 0.35272747 0.03193391
vt 0.35272747 0.03193391
vt 0.54172915 0.78145885
vt 0.54172915 0.78145885
vt 0.54172915 0.78145885
vt 0.54172915 0.78145885
vt 0.54172915 0.78145885
vt 0.54172915 0.78145885
vt 0.54172915 0.78145885
vt 0.54172915 0.78145885
vt 0.54172915 0.78145885
vt 0.54172915 0.78145885
vt 0.54172915 0.78145885
vt 0.54172915 0.78145885
vt 0.54172915 0.78145885
vt 0.54172915 0.78145885
vt 0.54172915 0.78145885
vt 0.54172915 0.78145885
vt 0.54172915 0.78145885
vt 0.54172915 0.78145885
vt 0.54172915 0.78145885
vt 0.54172915 0.78145885
vt 0.54172915 0.78145885
vt 0.54172915 0.78145885
vt 0.54172915 0.78145885
vt 0.54172915 0.78145885
vt 0.54172915 0.78145885
vt 0.54172915 0.78145885
vt 0.54172915 0.78145885
vt 0.54172915 0.78145885
vt 0.54172915 0.78145885
vt 0.54172915 0.78145885
vt 0.54172915 0.78145885
vt 0.54172915 0.78145885
vt 0.54172915 0.78145885
vt 0.54172915 0.78145885
vt 0.54172915 0.78145885
vt 0.54172915 0.78145885
vt 0.54172915 0.78145885
vt 0.54172915 0.78145885
vt 0.54172915 0.78145885
vt 0.54172915 0.78145885
vt 0.54172915 0.78145885
vt 0.54172915 0.78145885
vt 0.54172915 0.78145885
vt 0.54172915 0.78145885
vt 0.54172915 0.78145885
vt 0.54172915 0.78145885
vt 0.54172915 0.78145885
vt 0.54172915 0.78145885
vt 0.54172915 0.78145885
vt 0.54172915 0.78145885
vt 0.54172915 0.78145885
vt 0.54172915 0.78145885
vt 0.54172915 0.78145885
vt 0.54172915 0.78145885
vt 0.54172915 0.78145885
vt 0.54172915 0.78145885
vt 0.54172915 0.78145885
vt 0.54172915 0.78145885
vt 0.54172915 0.78145885
vt 0.54172915 0.78145885
vt 0.54172915 0.78145885
vt 0.54172915 0.78145885
vt 0.54172915 0.78145885
vt 0.54172915 0.78145885
vt 0.54172915 0.78145885
vt 0.54172915 0.78145885
vt 0.54172915 0.78145885
vt 0.54172915 0.78145885
vt 0.54172915 0.78145885
vt 0.54172915 0.78145885
vt 0.54172915 0.78145885
vt 0.54172915 0.78145885
vt 0.54172915 0.78145885
vt 0.54172915 0.78145885
vt 0.54172915 0.78145885
vt 0.54172915 0.78145885
vt 0.54172915 0.78145885
vt 0.54172915 0.78145885
vt 0.54172915 0.78145885
vt 0.54172915 0.78145885
vt 0.54172915 0.78145885
vt 0.54172915 0.78145885
vt 0.54172915 0.78145885
vt 0.54172915 0.78145885
vt 0.54172915 0.78145885
vt 0.54172915 0.78145885
vt 0.54172915 0.78145885
vt 0.54172915 0.78145885
vt 0.54172915 0.78145885
vt 0.54172915 0.78145885
vt 0.54172915 0.78145885
vt 0.54172915 0.78145885
vt 0.54172915 0.78145885
vt 0.54172915 0.78145885
vt 0.54172915 0.78145885
vt 0.54172915 0.78145885
vt 0.54172915 0.78145885
vt 0.54172915 0.78145885
vt 0.54172915 0.78145885
vt 0.54172915 0.78145885
vt 0.54172915 0.78145885
vt 0.54172915 0.78145885
vt 0.54172915 0.78145885
vt 0.54172915 0.78145885
vt 0.54172915 0.78145885
vt 0.54172915 0.78145885
vt 0.54172915 0.78145885
vt 0.54172915 0.78145885
vt 0.54172915 0.78145885
vt 0.54172915 0.78145885
vt 0.54172915 0.78145885
vt 0.54172915 0.78145885
vt 0.54172915 0.78145885
vt 0.54172915 0.78145885
vt 0.54172915 0.78145885
vt 0.54172915 0.78145885
vt 0.54172915 0.78145885
vt 0.54172915 0.78145885
vt 0.54172915 0.78145885
vt 0.54172915 0.78145885
vt 0.54172915 0.78145885
vt 0.54172915 0.78145885
vt 0.54172915 0.78145885
vt 0.54172915 0.78145885
vt 0.54172915 0.78145885
vt 0.54172915 0.78145885
vt 0.54172915 0.78145885
vt 0.54172915 0.78145885
vt 0.54172915 0.78145885
vt 0.54172915 0.78145885
vt 0.54172915 0.78145885
vt 0.54172915 0.78145885
vt 0.54172915 0.78145885
vt 0.54172915 0.78145885
vt 0.54172915 0.78145885
vt 0.54172915 0.78145885
vt 0.54172915 0.78145885
vt 0.54172915 0.78145885
vt 0.54172915 0.78145885
vt 0.54172915 0.78145885
vt 0.54172915 0.78145885
vt 0.54172915 0.78145885
vt 0.54172915 0.78145885
vt 0.54172915 0.78145885
vt 0.54172915 0.78145885
vt 0.54172915 0.78145885
vt 0.54172915 0.78145885
vt 0.54172915 0.78145885
vt 0.54172915 0.78145885
vt 0.54172915 0.78145885
vt 0.54172915 0.78145885
vt 0.54172915 0.78145885
vt 0.54172915 0.78145885
vt 0.54172915 0.78145885
vt 0.54172915 0.78145885
vt 0.54172915 0.78145885
vt 0.54172915 0.78145885
vt 0.54172915 0.78145885
vt 0.54172915 0.78145885
vt 0.54172915 0.78145885
vt 0.54172915 0.78145885
vt 0.54172915 0.78145885
vt 0.54172915 0.78145885
vt 0.54172915 0.78145885
vt 0.54172915 0.78145885
vt 0.54172915 0.78145885
vt 0.54172915 0.78145885
vt 0.54172915 0.78145885
vt 0.54172915 0.78145885
vt 0.54172915 0.78145885
vt 0.54172915 0.78145885
vt 0.54172915 0.78145885
vt 0.54172915 0.78145885
vt 0.54172915 0.78145885
vt 0.54172915 0.78145885
vt 0.54172915 0.78145885
vt 0.54172915 0.78145885
vt 0.54172915 0.78145885
vt 0.54172915 0.78145885
vt 0.54172915 0.78145885
vt 0.54172915 0.78145885
vt 0.54172915 0.78145885
vt 0.54172915 0.78145885
vt 0.54172915 0.78145885
vt 0.54172915 0.78145885
vt 0.54172915 0.78145885
vt 0.54172915 0.78145885
vt 0.54172915 0.78145885
vt 0.54172915 0.78145885
vt 0.54172915 0.78145885
vt 0.54172915 0.78145885
vt 0.54172915 0.78145885
vt 0.54172915 0.78145885
vt 0.54172915 0.78145885
vt 0.54172915 0.78145885
vt 0.54172915 0.78145885
vt 0.54172915 0.78145885
vt 0.54172915 0.78145885
vt 0.54172915 0.78145885
vt 0.54172915 0.78145885
vt 0.54172915 0.78145885
vt 0.54172915 0.78145885
vt 0.54172915 0.78145885
vt 0.54172915 0.78145885
vt 0.54172915 0.78145885
vt 0.54172915 0.78145885
vt 0.54172915 0.78145885
vt 0.54172915 0.78145885
vt 0.54172915 0.78145885
vt 0.54172915 0.78145885
vt 0.54172915 0.78145885
vt 0.54172915 0.78145885
vt 0.54172915 0.78145885
vt 0.54172915 0.78145885
vt 0.54172915 0.78145885
vt 0.54172915 0.78145885
vt 0.54172915 0.78145885
vt 0.54172915 0.78145885
vt 0.54172915 0.78145885
vt 0.54172915 0.78145885
vt 0.54172915 0.78145885
vt 0.54172915 0.78145885
vt 0.54172915 0.78145885
vt 0.54172915 0.78145885
vt 0.54172915 0.78145885
vt 0.54172915 0.78145885
vt 0.54172915 0.78145885
vt 0.54172915 0.78145885
vt 0.54172915 0.78145885
vt 0.54172915 0.78145885
vt 0.54172915 0.78145885
vt 0.54172915 0.78145885
vt 0.54172915 0.78145885
vt 0.54172915 0.78145885
vt 0.54172915 0.78145885
vt 0.54172915 0.78145885
vt 0.54172915 0.78145885
vt 0.54172915 0.78145885
vt 0.54172915 0.78145885
vt 0.54172915 0.78145885
vt 0.54172915 0.78145885
vt 0.54172915 0.78145885
vt 0.54172915 0.78145885
vt 0.54172915 0.78145885
vt 0.54172915 0.78145885
vt 0.54172915 0.78145885
vt 0.54172915 0.78145885
vt 0.54172915 0.78145885
vt 0.54172915 0.78145885
vt 0.54172915 0.78145885
vt 0.54172915 0.78145885
vt 0.54172915 0.78145885
vt 0.27869144 0.09340757
vt 0.27869144 0.09340756
vt 0.27869144 0.093407564
vt 0.27869144 0.093407564
vt 0.27869144 0.093407564
vt 0.27869144 0.093407564
vt 0.27869144 0.093407564
vt 0.27869144 0.093407564
vt 0.27869144 0.093407564
vt 0.27869144 0.09340757
vt 0.27869144 0.09340756
vt 0.2786914 0.093407564
vt 0.27074474 0.10175018
vt 0.27074474 0.10175018
vt 0.27074474 0.10175018
vt 0.27074474 0.10175018
vt 0.27074474 0.10175018
vt 0.27074474 0.10175018
vt 0.27074474 0.10175018
vt 0.27074474 0.10175018
vt 0.27074477 0.10175018
vt 0.27074477 0.10175018
vt 0.27074474 0.10175018
vt 0.27074474 0.10175018
vt 0.27074474 0.10175018
vt 0.27074474 0.10175018
vt 0.2797754 0.03222573
vt 0.27977544 0.032225728
vt 0.27977544 0.032225728
vt 0.27977544 0.032225728
vt 0.15431683 0.9126318
vt 0.15431683 0.9126318
vt 0.15431683 0.9126318
vt 0.15431683 0.9126318
vt 0.15431683 0.9126318
vt 0.15431683 0.9126318
vt 0.15431683 0.9126318
vt 0.15431683 0.9126318
vt 0.15431683 0.9126318
vt 0.15431683 0.9126318
vt 0.15431683 0.9126318
vt 0.15431683 0.9126318
vt 0.15431683 0.9126318
vt 0.15431683 0.9126318
vt 0.15431683 0.9126318
vt 0.15431683 0.9126318
vt 0.15431683 0.9126318
vt 0.15431683 0.9126318
vt 0.2904462 0.04320585
vt 0.2904462 0.04320585
vt 0.2904462 0.04320585
vt 0.2904462 0.04320585
vt 0.2904462 0.04320585
vt 0.2904462 0.04320585
vt 0.2904462 0.04320585
vt 0.2904462 0.04320585
vt 0.4152451 0.042228315
vt 0.4152451 0.042228315
vt 0.4152451 0.042228315
vt 0.4152451 0.042228315
vt 0.41289908 0.042228315
vt 0.41289905 0.04222831
vt 0.41289905 0.04222831
vt 0.41289908 0.042228315
vt 0.41289908 0.042228315
vt 0.41289908 0.042228315
vt 0.41289905 0.042228315
vt 0.41289908 0.042228315
vt 0.4152451 0.042228315
vt 0.4152451 0.042228315
vt 0.41524512 0.042228315
vt 0.4152451 0.042228315
vt 0.26979202 0.032844245
vt 0.26979202 0.032844245
vt 0.26979202 0.032844245
vt 0.26979202 0.032844245
vt 0.26979202 0.032844245
vt 0.26979202 0.032844245
vt 0.26979202 0.032844245
vt 0.26979202 0.032844245
vt 0.26979202 0.032844245
vt 0.26979202 0.032844245
vt 0.26979202 0.032844245
vt 0.26979202 0.032844245
vt 0.26979202 0.032844245
vt 0.26979202 0.032844245
vt 0.26979202 0.032844245
vt 0.26979202 0.032844245
vt 0.26979202 0.032844245
vt 0.26979202 0.032844245
vt 0.26979202 0.032844245
vt 0.26979202 0.032844245
vt 0.26979202 0.032844245
vt 0.26979202 0.032844245
vt 0.26979205 0.032844245
vt 0.26979202 0.032844245
vt 0.349352 0.03255135
vt 0.349352 0.03255135
vt 0.349352 0.03255135
vt 0.349352 0.03255135
vt 0.349352 0.03255135
vt 0.349352 0.03255135
vt 0.349352 0.03255135
vt 0.349352 0.03255135
vt 0.349352 0.03255135
vt 0.349352 0.03255135
vt 0.349352 0.03255135
vt 0.349352 0.03255135
vt 0.349352 0.03255135
vt 0.349352 0.03255135
vt 0.349352 0.03255135
vt 0.349352 0.03255135
vt 0.4152451 0.042228315
vt 0.4152451 0.042228315
vt 0.4152451 0.042228315
vt 0.4152451 0.042228315
vt 0.41289908 0.042228315
vt 0.41289905 0.04222831
vt 0.41289905 0.04222831
vt 0.41289908 0.042228315
vt 0.41289908 0.042228315
vt 0.41289908 0.042228315
vt 0.41289905 0.042228315
vt 0.41289908 0.042228315
vt 0.4152451 0.042228315
vt 0.4152451 0.042228315
vt 0.41524512 0.042228315
vt 0.4152451 0.042228315
vt 0.26979202 0.032844245
vt 0.26979202 0.032844245
vt 0.26979202 0.032844245
vt 0.26979202 0.032844245
vt 0.26979202 0.032844245
vt 0.26979202 0.032844245
vt 0.26979202 0.032844245
vt 0.26979202 0.032844245
vt 0.26979202 0.032844245
vt 0.26979202 0.032844245
vt 0.26979202 0.032844245
vt 0.26979202 0.032844245
vt 0.26979202 0.032844245
vt 0.26979202 0.032844245
vt 0.26979202 0.032844245
vt 0.26979202 0.032844245
vt 0.26979202 0.032844245
vt 0.26979202 0.032844245
vt 0.26979202 0.032844245
vt 0.26979202 0.032844245
vt 0.26979202 0.032844245
vt 0.26979202 0.032844245
vt 0.26979205 0.032844245
vt 0.26979202 0.032844245
vt 0.46487838 0.78441465
vt 0.46487838 0.78441465
vt 0.46487838 0.78441465
vt 0.46487838 0.78441465
vt 0.46487838 0.78441465
vt 0.46487838 0.78441465
vt 0.46487838 0.78441465
vt 0.46487838 0.78441465
vt 0.46487838 0.78441465
vt 0.46487838 0.78441465
vt 0.46487838 0.78441465
vt 0.46487838 0.78441465
vt 0.46487838 0.78441465
vt 0.46487838 0.78441465
vt 0.46487838 0.78441465
vt 0.46487838 0.78441465
vt 0.46487838 0.78441465
vt 0.46487838 0.78441465
vt 0.46487838 0.78441465
vt 0.46487838 0.78441465
vt 0.46487838 0.78441465
vt 0.46487838 0.78441465
vt 0.46487838 0.78441465
vt 0.46487838 0.78441465
vt 0.46487838 0.78441465
vt 0.46487838 0.78441465
vt 0.46487838 0.78441465
vt 0.46487838 0.78441465
vt 0.46487838 0.78441465
vt 0.46487838 0.78441465
vt 0.46487838 0.78441465
vt 0.46487838 0.78441465
vt 0.46487838 0.78441465
vt 0.46487838 0.78441465
vt 0.46487838 0.78441465
vt 0.46487838 0.78441465
vt 0.46487838 0.78441465
vt 0.46487838 0.78441465
vt 0.46487838 0.78441465
vt 0.46487838 0.78441465
vt 0.46487838 0.78441465
vt 0.46487838 0.78441465
vt 0.46487838 0.7844145
vt 0.46487838 0.78441465
vt 0.46487838 0.78441465
vt 0.46487838 0.78441465
vt 0.46340054 0.7829367
vt 0.46340054 0.7829367
vt 0.46340054 0.7829367
vt 0.46340054 0.7829367
vt 0.46340054 0.7829367
vt 0.46340054 0.7829367
vt 0.46340054 0.7829367
vt 0.46340054 0.7829367
vt 0.46340054 0.7829367
vt 0.46340054 0.7829367
vt 0.46340054 0.7829367
vt 0.46340054 0.7829367
vt 0.46340054 0.7829367
vt 0.46340054 0.7829367
vt 0.4152019 0.031804644
vt 0.4152019 0.031804644
vt 0.4152019 0.031804644
vt 0.4152019 0.031804644
vt 0.4152019 0.031804644
vt 0.4152019 0.031804644
vt 0.4152019 0.031804644
vt 0.4152019 0.031804644
vt 0.4152019 0.031804644
vt 0.4152019 0.031804644
vt 0.4152019 0.031804644
vt 0.4152019 0.031804644
vt 0.4152019 0.031804644
vt 0.36011702 0.03193378
vt 0.36011702 0.03193378
vt 0.36011702 0.03193378
vt 0.36011702 0.03193378
vt 0.36011702 0.03193378
vt 0.36011702 0.03193378
vt 0.36011702 0.03193378
vt 0.36011702 0.03193378
vt 0.36011702 0.03193378
vt 0.36011702 0.03193378
vt 0.36011702 0.03193378
vt 0.36011702 0.03193378
vt 0.36011702 0.03193378
vt 0.36011702 0.03193378
vt 0.36011702 0.03193378
vt 0.36011702 0.03193378
vt 0.36011702 0.03193378
vt 0.36011702 0.03193378
vt 0.36011702 0.03193378
vt 0.36011702 0.03193378
vt 0.36011702 0.03193378
vt 0.36011702 0.03193378
vt 0.36011702 0.03193378
vt 0.36011702 0.03193378
vt 0.36011702 0.03193378
vt 0.36011702 0.03193378
vt 0.36011702 0.03193378
vt 0.41332138 0.02528327
vt 0.41332135 0.02528327
vt 0.41332138 0.02528327
vt 0.41332138 0.02528327
vt 0.41332138 0.02528327
vt 0.41332138 0.02528327
vt 0.41332138 0.02528327
vt 0.41332138 0.02528327
vt 0.41332138 0.02528327
vt 0.41332138 0.02528327
vt 0.41332138 0.02528327
vt 0.41332138 0.02528327
vt 0.41332138 0.02528327
vt 0.41332138 0.02528327
vt 0.41332138 0.02528327
vt 0.41332138 0.02528327
vt 0.41332138 0.02528327
vt 0.4133214 0.02528327
vt 0.41332138 0.02528327
vt 0.41332138 0.02528327
vt 0.41332138 0.02528327
vt 0.41332138 0.02528327
vt 0.41332138 0.02528327
vt 0.41332138 0.02528327
vt 0.41332138 0.02528327
vt 0.35420543 0.03415066
vt 0.35420543 0.03415066
vt 0.35420543 0.03415066
vt 0.35420543 0.03415066
vt 0.35420543 0.03415066
vt 0.35420546 0.03415066
vt 0.35420543 0.03415066
vt 0.35420543 0.03415066
vt 0.35420543 0.03415066
vt 0.35420543 0.03415066
vt 0.35420543 0.03415066
vt 0.35420543 0.03415066
vt 0.35420543 0.03415066
vt 0.35420543 0.03415066
vt 0.35420543 0.034150664
vt 0.35420543 0.03415066
vt 0.35420543 0.03415066
vt 0.35420543 0.03415066
vt 0.35420543 0.03415066
vt 0.35420543 0.03415066
vt 0.35420543 0.03415066
vt 0.35420543 0.03415066
vt 0.35420543 0.03415066
vt 0.35420546 0.03415066
vt 0.35420543 0.03415066
vt 0.35420543 0.03415066
vt 0.35420543 0.03415066
vt 0.35420543 0.03415066
vt 0.35420543 0.03415066
vt 0.35420543 0.03415066
vt 0.35420543 0.03415066
vt 0.35420543 0.03415066
vt 0.35420543 0.03415066
vt 0.35420543 0.03415066
vt 0.35420543 0.03415066
vt 0.35420543 0.03415066
vt 0.35420543 0.03415066
vt 0.35420543 0.03415066
vt 0.35420543 0.03415066
vt 0.35420543 0.03415066
vt 0.35420543 0.03415066
vt 0.35420543 0.03415066
vt 0.35420543 0.03415066
vt 0.35420543 0.03415066
vt 0.35420543 0.03415066
vt 0.35420543 0.03415066
vt 0.35420543 0.03415066
vt 0.35420543 0.03415066
vt 0.35420543 0.03415066
vt 0.35420543 0.03415066
vt 0.35420543 0.03415066
vt 0.35420543 0.03415066
vt 0.41050985 0.027112607
vt 0.41050985 0.027112607
vt 0.41050985 0.027112607
vt 0.41050985 0.027112607
vt 0.41050985 0.027112607
vt 0.41050985 0.027112607
vt 0.41050985 0.027112607
vt 0.41050985 0.027112607
vt 0.41050985 0.027112607
vt 0.46188486 0.031804644
vt 0.46188486 0.031804644
vt 0.46188486 0.031804644
vt 0.4618849 0.031804644
vt 0.46188486 0.031804644
vt 0.46188486 0.031804644
vt 0.46188486 0.031804644
vt 0.46188486 0.031804644
vt 0.46188486 0.031804644
vt 0.46188486 0.031804644
vt 0.4618849 0.031804644
vt 0.4618849 0.031804644
vt 0.46188486 0.031804644
vt 0.46188486 0.031804644
vt 0.4618849 0.031804647
vt 0.46188486 0.031804644
vt 0.46188486 0.031804644
vt 0.46188486 0.031804644
vt 0.46188486 0.031804644
vt 0.46188486 0.031804644
vt 0.36011702 0.03193378
vt 0.36011702 0.03193378
vt 0.36011702 0.03193378
vt 0.36011702 0.03193378
vt 0.36011702 0.03193378
vt 0.36011702 0.03193378
vt 0.36011702 0.03193378
vt 0.36011702 0.03193378
vt 0.36011702 0.03193378
vt 0.36011702 0.03193378
vt 0.36011702 0.03193378
vt 0.36011702 0.03193378
vt 0.36011702 0.03193378
vt 0.36011702 0.03193378
vt 0.36011702 0.03193378
vt 0.36011702 0.03193378
vt 0.36011702 0.03193378
vt 0.36011702 0.03193378
vt 0.36011702 0.03193378
vt 0.36011702 0.03193378
vt 0.36011702 0.03193378
vt 0.36011702 0.03193378
vt 0.36011702 0.03193378
vt 0.36011702 0.03193378
vt 0.36011702 0.03193378
vt 0.36011702 0.03193378
vt 0.36011702 0.03193378
vt 0.16187525 0.8961787
vt 0.16187525 0.8961787
vt 0.16187525 0.8961787
vt 0.16187525 0.8961787
vt 0.16187525 0.8961787
vt 0.16187525 0.8961787
vt 0.16187525 0.8961787
vt 0.16187525 0.8961787
vt 0.16187525 0.8961787
vt 0.16187525 0.8961787
vt 0.16187525 0.8961787
vt 0.16187525 0.8961787
vt 0.16187525 0.8961787
vt 0.16187525 0.8961787
vt 0.16187525 0.8961787
vt 0.16187525 0.8961787
vt 0.16187525 0.8961787
vt 0.16187525 0.8961787
vt 0.16187525 0.8961787
vt 0.16187525 0.8961787
vt 0.16187525 0.8961787
vt 0.16187525 0.8961787
vt 0.16187525 0.8961787
vt 0.16187525 0.8961787
vt 0.16187525 0.8961787
vt 0.16187525 0.8961787
vt 0.16187525 0.8961787
vt 0.16187525 0.8961787
vt 0.16187525 0.8961787
vt 0.16187525 0.8961787
vt 0.16187525 0.8961787
vt 0.16187525 0.8961787
vt 0.16187525 0.8961787
vt 0.16187525 0.8961787
vt 0.16187525 0.8961787
vt 0.16187525 0.8961787
vt 0.16187525 0.8961787
vt 0.16187525 0.8961787
vt 0.16187525 0.8961787
vt 0.16187525 0.8961787
vt 0.16187525 0.8961787
vt 0.16187525 0.8961787
vt 0.16187525 0.8961787
vt 0.16187525 0.8961787
vt 0.16187525 0.8961787
vt 0.16187525 0.8961787
vt 0.16187525 0.8961787
vt 0.16187525 0.8961787
vt 0.16187525 0.8961787
vt 0.16187525 0.8961787
vt 0.16187525 0.8961787
vt 0.16187525 0.8961787
vt 0.16187525 0.8961787
vt 0.16187525 0.8961787
vt 0.16187525 0.8961787
vt 0.16187525 0.8961787
vt 0.16187525 0.8961787
vt 0.16187525 0.8961787
vt 0.16187525 0.8961787
vt 0.16187525 0.8961787
vt 0.16187525 0.8961787
vt 0.16187525 0.8961787
vt 0.16187525 0.8961787
vt 0.16187525 0.8961787
vt 0.16187525 0.8961787
vt 0.16187525 0.8961787
vt 0.16187525 0.8961787
vt 0.16187525 0.8961787
vt 0.09618676 0.9055628
vt 0.09618676 0.9055628
vt 0.09618676 0.9055628
vt 0.09618676 0.9055628
vt 0.09618676 0.9055628
vt 0.09618676 0.9055628
vt 0.09618676 0.9055628
vt 0.09618676 0.9055628
vt 0.09618676 0.9055628
vt 0.09618676 0.9055628
vt 0.09618676 0.9055628
vt 0.09618676 0.9055628
vt 0.09618676 0.9055628
vt 0.09618676 0.9055628
vt 0.09618676 0.9055628
vt 0.09618676 0.9055628
vt 0.09618676 0.9055628
vt 0.09618676 0.9055628
vt 0.09618676 0.9055628
vt 0.09618676 0.9055628
vt 0.09618676 0.9055628
vt 0.09618676 0.9055628
vt 0.09618676 0.9055628
vt 0.09618676 0.9055628
vt 0.09618676 0.9055628
vt 0.09618676 0.9055628
vt 0.09618676 0.9055628
vt 0.09618676 0.9055628
vt 0.09618676 0.9055628
vt 0.09618676 0.9055628
vt 0.09618676 0.9055628
vt 0.09618676 0.9055628
vt 0.09618676 0.9055628
vt 0.09618676 0.9055628
vt 0.09618676 0.9055628
vt 0.09618676 0.9055628
vt 0.09618676 0.9055628
vt 0.09618676 0.9055628
vt 0.09618676 0.9055628
vt 0.09618676 0.9055628
vt 0.09618676 0.9055628
vt 0.09618676 0.9055628
vt 0.09618676 0.9055628
vt 0.09618676 0.9055628
vt 0.09618676 0.9055628
vt 0.09618676 0.9055628
vt 0.09618676 0.9055628
vt 0.09618676 0.9055628
vt 0.09618676 0.9055628
vt 0.09618676 0.9055628
vt 0.09618676 0.9055628
vt 0.09618676 0.9055628
vt 0.09618676 0.9055628
vt 0.09618676 0.9055628
vt 0.09618676 0.9055628
vt 0.09618676 0.9055628
vt 0.09618676 0.9055628
vt 0.09618676 0.9055628
vt 0.09618676 0.9055628
vt 0.09618676 0.9055628
vt 0.09618676 0.9055628
vt 0.09618676 0.9055628
vt 0.09618676 0.9055628
vt 0.09618676 0.9055628
vt 0.09618676 0.9055628
vt 0.09618676 0.9055628
vt 0.09618676 0.9055628
vt 0.09618676 0.9055628
vt 0.16187525 0.8961787
vt 0.16187525 0.8961787
vt 0.16187525 0.8961787
vt 0.16187525 0.8961787
vt 0.16187525 0.8961787
vt 0.16187525 0.8961787
vt 0.16187525 0.8961787
vt 0.16187525 0.8961787
vt 0.09618676 0.9055628
vt 0.09618676 0.9055628
vt 0.09618676 0.9055628
vt 0.09618676 0.9055628
vt 0.09618676 0.9055628
vt 0.09618676 0.9055628
vt 0.09618676 0.9055628
vt 0.09618676 0.9055628
vt 0.09618676 0.9055628
vt 0.09618676 0.9055628
vt 0.09618676 0.9055628
vt 0.09618676 0.9055628
vt 0.09618676 0.9055628
vt 0.09618676 0.9055628
vt 0.09618676 0.9055628
vt 0.09618676 0.9055628
vt 0.09618676 0.9055628
vt 0.09618676 0.9055628
vt 0.09618676 0.9055628
vt 0.09618676 0.9055628
vt 0.09618676 0.9055628
vt 0.09618676 0.9055628
vt 0.09618676 0.9055628
vt 0.09618676 0.9055628
vt 0.09618676 0.9055628
vt 0.09618676 0.9055628
vt 0.09618676 0.9055628
vt 0.09618676 0.9055628
vt 0.09618676 0.9055628
vt 0.09618676 0.9055628
vt 0.09618676 0.9055628
vt 0.09618676 0.9055628
vt 0.09618676 0.9055628
vt 0.09618676 0.9055628
vt 0.09618676 0.9055628
vt 0.09618676 0.9055628
vt 0.09618676 0.9055628
vt 0.09618676 0.9055628
vt 0.09618676 0.9055628
vt 0.09618676 0.9055628
vt 0.09618676 0.9055628
vt 0.09618676 0.9055628
vt 0.09618676 0.9055628
vt 0.09618676 0.9055628
vt 0.09618676 0.9055628
vt 0.09618676 0.9055628
vt 0.09618676 0.9055628
vt 0.09618676 0.9055628
vt 0.09618676 0.9055628
vt 0.09618676 0.9055628
vt 0.09618676 0.9055628
vt 0.09618676 0.9055628
vt 0.09618676 0.9055628
vt 0.09618676 0.9055628
vt 0.09618676 0.9055628
vt 0.09618676 0.9055628
vt 0.09618676 0.9055628
vt 0.09618676 0.9055628
vt 0.09618676 0.9055628
vt 0.09618676 0.9055628
vt 0.09618676 0.9055628
vt 0.09618676 0.9055628
vt 0.09618676 0.9055628
vt 0.09618676 0.9055628
vt 0.09618676 0.9055628
vt 0.09618676 0.9055628
vt 0.09618676 0.9055628
vt 0.09618676 0.9055628
vt 0.09618676 0.9055628
vt 0.09618676 0.9055628
vt 0.09618676 0.9055628
vt 0.09618676 0.9055628
vt 0.09618676 0.9055628
vt 0.09618676 0.9055628
vt 0.09618676 0.9055628
vt 0.09618676 0.9055628
vt 0.09618676 0.9055628
vt 0.09618676 0.9055628
vt 0.09618676 0.9055628
vt 0.09618676 0.9055628
vt 0.09618676 0.9055628
vt 0.09618676 0.9055628
vt 0.09618676 0.9055628
vt 0.09618676 0.9055628
vt 0.09618676 0.9055628
vt 0.09618676 0.9055628
vt 0.09618676 0.9055628
vt 0.09618676 0.9055628
vt 0.09618676 0.9055628
vt 0.09618676 0.9055628
vt 0.09618676 0.9055628
vt 0.09618676 0.9055628
vt 0.09618676 0.9055628
vt 0.09618676 0.9055628
vt 0.09618676 0.9055628
vt 0.09618676 0.9055628
vt 0.09618676 0.9055628
vt 0.09618676 0.9055628
vt 0.09618676 0.9055628
vt 0.09618676 0.9055628
vt 0.09618676 0.9055628
vt 0.09618676 0.9055628
vt 0.09618676 0.9055628
vt 0.09618676 0.9055628
vt 0.09618676 0.9055628
vt 0.09618676 0.9055628
vt 0.09618676 0.9055628
vt 0.09618676 0.9055628
vt 0.09618676 0.9055628
vt 0.09618676 0.9055628
vt 0.09618676 0.9055628
vt 0.09618676 0.9055628
vt 0.09618676 0.9055628
vt 0.09618676 0.9055628
vt 0.09618676 0.9055628
vt 0.09618676 0.9055628
vt 0.09618676 0.9055628
vt 0.09618676 0.9055628
vt 0.09618676 0.9055628
vt 0.09618676 0.9055628
vt 0.09618676 0.9055628
vt 0.09618676 0.9055628
vt 0.09618676 0.9055628
vt 0.09618676 0.9055628
vt 0.09618676 0.9055628
vt 0.09618676 0.9055628
vt 0.09618676 0.9055628
vt 0.09618676 0.9055628
vt 0.09618676 0.9055628
vt 0.09618676 0.9055628
vt 0.09618676 0.9055628
vt 0.09618676 0.9055628
vt 0.09618676 0.9055628
vt 0.09618676 0.9055628
vt 0.09618676 0.9055628
vt 0.09618676 0.9055628
vt 0.16187525 0.8961787
vt 0.16187525 0.8961787
vt 0.16187525 0.8961787
vt 0.16187525 0.8961787
vt 0.16187525 0.8961787
vt 0.16187525 0.8961787
vt 0.16187525 0.8961787
vt 0.16187525 0.8961787
vt 0.16187525 0.8961787
vt 0.16187525 0.8961787
vt 0.16187525 0.8961787
vt 0.16187525 0.8961787
vt 0.16187525 0.8961787
vt 0.16187525 0.8961787
vt 0.16187525 0.8961787
vt 0.16187525 0.8961787
vt 0.41759115 0.030498229
vt 0.41759115 0.030498229
vt 0.41759115 0.030498229
vt 0.41759115 0.030498229
vt 0.41759115 0.030498229
vt 0.41759115 0.030498229
vt 0.41759115 0.030498229
vt 0.41759115 0.030498229
vt 0.41759115 0.030498229
vt 0.41759115 0.030498229
vt 0.41759115 0.030498229
vt 0.41759115 0.030498229
vt 0.41759115 0.030498229
vt 0.41759115 0.030498229
vt 0.41759115 0.030498229
vt 0.41759115 0.030498229
vt 0.41759115 0.030498229
vt 0.41759115 0.030498229
vt 0.41759115 0.030498229
vt 0.41759115 0.030498229
vt 0.41759115 0.030498229
vt 0.41759115 0.030498229
vt 0.41759115 0.030498229
vt 0.41759115 0.030498229
vt 0.41759115 0.030498229
vt 0.41759115 0.030498229
vt 0.41759115 0.030498229
vt 0.41759115 0.030498229
vt 0.41759115 0.030498229
vt 0.41759115 0.030498229
vt 0.41759115 0.030498229
vt 0.41759115 0.030498229
vt 0.41759115 0.030498229
vt 0.41759115 0.030498229
vt 0.41759115 0.030498229
vt 0.41759115 0.030498229
vt 0.41759115 0.030498229
vt 0.41759115 0.030498229
vt 0.41759115 0.030498229
vt 0.41759115 0.030498229
vt 0.41759115 0.030498229
vt 0.41759115 0.030498229
vt 0.41759115 0.030498229
vt 0.41759115 0.030498229
vt 0.41759115 0.030498229
vt 0.41759115 0.030498229
vt 0.41759115 0.030498229
vt 0.41759115 0.030498229
vt 0.41759115 0.030498229
vt 0.41759115 0.030498229
vt 0.41759115 0.030498229
vt 0.41759115 0.030498229
vt 0.41759115 0.030498229
vt 0.41759115 0.030498229
vt 0.41759115 0.030498229
vt 0.41759115 0.030498229
vt 0.41759115 0.030498229
vt 0.41759115 0.030498229
vt 0.41759115 0.030498229
vt 0.41759115 0.030498229
vt 0.41759115 0.030498229
vt 0.41759115 0.030498229
vt 0.41759115 0.030498229
vt 0.41759115 0.030498229
vt 0.41759115 0.030498229
vt 0.41759115 0.030498229
vt 0.41759115 0.030498229
vt 0.41759115 0.030498229
vt 0.41759115 0.030498229
vt 0.41759115 0.030498229
vt 0.41759115 0.030498229
vt 0.41759115 0.030498229
vt 0.41759115 0.030498229
vt 0.41759115 0.030498229
vt 0.41759115 0.030498229
vt 0.41759115 0.030498229
vt 0.41759115 0.030498229
vt 0.41759115 0.030498229
vt 0.41759115 0.030498229
vt 0.41759115 0.030498229
vt 0.41759115 0.030498229
vt 0.41759115 0.030498229
vt 0.41759115 0.030498229
vt 0.41759115 0.030498229
vt 0.41759115 0.030498229
vt 0.41759115 0.030498229
vt 0.41759115 0.030498229
vt 0.41759115 0.030498229
vt 0.41759115 0.030498229
vt 0.41759115 0.030498229
vt 0.41759115 0.030498229
vt 0.41759115 0.030498229
vt 0.41759115 0.030498229
vt 0.41759115 0.030498229
vt 0.41759115 0.030498229
vt 0.41759115 0.030498229
vt 0.41759115 0.030498229
vt 0.41759115 0.030498229
vt 0.41759115 0.030498229
vt 0.41759115 0.030498229
vt 0.41759115 0.030498229
vt 0.41759115 0.030498229
vt 0.41759115 0.030498229
vt 0.41759115 0.030498229
vt 0.41759115 0.030498229
vt 0.41759115 0.030498229
vt 0.41759115 0.030498229
vt 0.41759115 0.030498229
vt 0.41759115 0.030498229
vt 0.41759115 0.030498229
vt 0.41759115 0.030498229
vt 0.41759115 0.030498229
vt 0.41759115 0.030498229
vt 0.41759115 0.030498229
vt 0.41759115 0.030498229
vt 0.41759115 0.030498229
vt 0.41759115 0.030498229
vt 0.41759115 0.030498229
vt 0.41759115 0.030498229
vt 0.41759115 0.030498229
vt 0.41759115 0.030498229
vt 0.41759115 0.030498229
vt 0.41759115 0.030498229
vt 0.41759115 0.030498229
vt 0.41759115 0.030498229
vt 0.41759115 0.030498229
vt 0.41759115 0.030498229
vt 0.41759115 0.030498229
vt 0.41759115 0.030498229
vt 0.41759115 0.030498229
vt 0.41759115 0.030498229
vt 0.41759115 0.030498229
vt 0.41759115 0.030498229
vt 0.41759115 0.030498229
vt 0.41759115 0.030498229
vt 0.41759115 0.030498229
vt 0.41759115 0.030498229
vt 0.41759115 0.030498229
vt 0.41759115 0.030498229
vt 0.41759115 0.030498229
vt 0.41759115 0.030498229
vt 0.41759115 0.030498229
vt 0.41759115 0.030498229
vt 0.41759115 0.030498229
vt 0.41759115 0.030498229
vt 0.41759115 0.030498229
vt 0.41759115 0.030498229
vt 0.41759115 0.030498229
vt 0.41759115 0.030498229
vt 0.41759115 0.030498229
vt 0.41759115 0.030498229
vt 0.41759115 0.030498229
vt 0.34540093 0.027300239
vt 0.34540093 0.027300239
vt 0.34540093 0.027300239
vt 0.34540093 0.027300239
vt 0.34540093 0.027300239
vt 0.34540093 0.027300239
vt 0.34540093 0.027300239
vt 0.34540093 0.027300239
vt 0.34540093 0.027300239
vt 0.34540093 0.027300239
vt 0.34540093 0.027300239
vt 0.34540093 0.027300239
vt 0.34540093 0.027300239
vt 0.34540093 0.027300239
vt 0.34540093 0.027300239
vt 0.34540093 0.027300239
vt 0.34540093 0.027300239
vt 0.34540093 0.027300239
vt 0.34540093 0.027300239
vt 0.34540093 0.027300239
vt 0.34540093 0.027300239
vt 0.34540093 0.027300239
vt 0.34540093 0.027300239
vt 0.34540093 0.027300239
vt 0.34540093 0.027300239
vt 0.34540093 0.027300239
vt 0.34540093 0.027300239
vt 0.34540093 0.027300239
vt 0.34540093 0.027300239
vt 0.34540093 0.027300239
vt 0.34540093 0.027300239
vt 0.34540093 0.027300239
vt 0.34540093 0.027300239
vt 0.34540093 0.027300239
vt 0.34540093 0.027300239
vt 0.34540093 0.027300239
vt 0.34540093 0.027300239
vt 0.34540093 0.027300239
vt 0.34540093 0.027300239
vt 0.34540093 0.027300239
vt 0.34540093 0.027300239
vt 0.34540093 0.027300239
vt 0.34540093 0.027300239
vt 0.34540093 0.027300239
vt 0.34540093 0.027300239
vt 0.34540093 0.027300239
vt 0.34540093 0.027300239
vt 0.34540093 0.027300239
vt 0.54172915 0.78145885
vt 0.54172915 0.78145885
vt 0.54172915 0.78145885
vt 0.54172915 0.78145885
vt 0.54172915 0.78145885
vt 0.54172915 0.78145885
vt 0.54172915 0.78145885
vt 0.54172915 0.78145885
vt 0.54172915 0.78145885
vt 0.54172915 0.78145885
vt 0.54172915 0.78145885
vt 0.54172915 0.78145885
vt 0.54172915 0.78145885
vt 0.54172915 0.78145885
vt 0.54172915 0.78145885
vt 0.54172915 0.78145885
vt 0.54172915 0.78145885
vt 0.54172915 0.78145885
vt 0.54172915 0.78145885
vt 0.54172915 0.78145885
vt 0.54172915 0.78145885
vt 0.54172915 0.78145885
vt 0.54172915 0.78145885
vt 0.54172915 0.78145885
vt 0.54172915 0.78145885
vt 0.54172915 0.78145885
vt 0.54172915 0.78145885
vt 0.54172915 0.78145885
vt 0.54172915 0.78145885
vt 0.54172915 0.78145885
vt 0.54172915 0.78145885
vt 0.54172915 0.78145885
vt 0.54172915 0.78145885
vt 0.54172915 0.78145885
vt 0.54172915 0.78145885
vt 0.54172915 0.78145885
vt 0.54172915 0.78145885
vt 0.54172915 0.78145885
vt 0.54172915 0.78145885
vt 0.54172915 0.78145885
vt 0.54172915 0.78145885
vt 0.54172915 0.78145885
vt 0.54172915 0.78145885
vt 0.54172915 0.78145885
vt 0.54172915 0.78145885
vt 0.54172915 0.78145885
vt 0.54172915 0.78145885
vt 0.54172915 0.78145885
vt 0.54172915 0.78145885
vt 0.54172915 0.78145885
vt 0.54172915 0.78145885
vt 0.54172915 0.78145885
vt 0.54172915 0.78145885
vt 0.54172915 0.78145885
vt 0.54172915 0.78145885
vt 0.54172915 0.78145885
vt 0.54172915 0.78145885
vt 0.54172915 0.78145885
vt 0.54172915 0.78145885
vt 0.54172915 0.78145885
vt 0.54172915 0.78145885
vt 0.54172915 0.78145885
vt 0.54172915 0.78145885
vt 0.54172915 0.78145885
vt 0.54172915 0.78145885
vt 0.54172915 0.78145885
vt 0.35424864 0.04222831
vt 0.35424864 0.042228315
vt 0.35424867 0.042228315
vt 0.35424864 0.042228315
vt 0.35190266 0.042228315
vt 0.3519026 0.042228315
vt 0.35190266 0.042228315
vt 0.3519026 0.04222831
vt 0.35190263 0.042228315
vt 0.35190263 0.042228315
vt 0.3519026 0.04222831
vt 0.3542486 0.042228315
vt 0.35424864 0.042228315
vt 0.35424864 0.042228315
vt 0.35424864 0.042228315
vt 0.35424864 0.042228315
vt 0.35190263 0.042228315
vt 0.35424864 0.04222832
vt 0.35424864 0.04222831
vt 0.35424864 0.042228315
vt 0.35424867 0.042228315
vt 0.35424864 0.042228315
vt 0.35190266 0.042228315
vt 0.3519026 0.042228315
vt 0.35190266 0.042228315
vt 0.3519026 0.04222831
vt 0.35190263 0.042228315
vt 0.35190263 0.042228315
vt 0.3519026 0.04222831
vt 0.3542486 0.042228315
vt 0.35424864 0.042228315
vt 0.35424864 0.042228315
vt 0.35424864 0.042228315
vt 0.35424864 0.042228315
vt 0.35190263 0.042228315
vt 0.35424864 0.04222832
vt 0.54172915 0.78145885
vt 0.54172915 0.78145885
vt 0.54172915 0.78145885
vt 0.54172915 0.78145885
vt 0.54172915 0.78145885
vt 0.54172915 0.78145885
vt 0.54172915 0.78145885
vt 0.54172915 0.78145885
vt 0.54172915 0.78145885
vt 0.54172915 0.78145885
vt 0.54172915 0.78145885
vt 0.54172915 0.78145885
vt 0.54172915 0.78145885
vt 0.54172915 0.78145885
vt 0.54172915 0.78145885
vt 0.54172915 0.78145885
vt 0.54172915 0.78145885
vt 0.54172915 0.78145885
vt 0.54172915 0.78145885
vt 0.54172915 0.78145885
vt 0.54172915 0.78145885
vt 0.54172915 0.78145885
vt 0.54172915 0.78145885
vt 0.54172915 0.78145885
vt 0.54172915 0.78145885
vt 0.54172915 0.78145885
vt 0.54172915 0.78145885
vt 0.54172915 0.78145885
vt 0.54172915 0.78145885
vt 0.54172915 0.78145885
vt 0.54172915 0.78145885
vt 0.54172915 0.78145885
vt 0.54172915 0.78145885
vt 0.54172915 0.78145885
vt 0.54172915 0.78145885
vt 0.54172915 0.78145885
vt 0.4619226 0.79032624
vt 0.4619226 0.79032624
vt 0.4619226 0.79032624
vt 0.4619226 0.79032624
vt 0.4619226 0.79032624
vt 0.4619226 0.79032624
vt 0.4619226 0.79032624
vt 0.4619226 0.79032624
vt 0.4619226 0.79032624
vt 0.4619226 0.79032624
vt 0.4619226 0.79032624
vt 0.4619226 0.79032624
vt 0.4619226 0.79032624
vt 0.4619226 0.79032624
vt 0.4619226 0.79032624
vt 0.4619226 0.79032624
vt 0.4619226 0.79032624
vt 0.4619226 0.79032624
vt 0.4619226 0.79032624
vt 0.4619226 0.79032624
vt 0.4619226 0.79032624
vt 0.4619226 0.79032624
vt 0.4619226 0.79032624
vt 0.4619226 0.79032624
vt 0.4619226 0.79032624
vt 0.4619226 0.79032624
vt 0.4619226 0.79032624
vt 0.4619226 0.79032624
vt 0.4619226 0.79032624
vt 0.4619226 0.79032624
vt 0.4619226 0.79032624
vt 0.4619226 0.79032624
vt 0.4619226 0.79032624
vt 0.4619226 0.79032624
vt 0.4619226 0.79032624
vt 0.4619226 0.79032624
vt 0.4619226 0.79032624
vt 0.4619226 0.79032624
vt 0.4619226 0.79032624
vt 0.4619226 0.79032624
vt 0.4619226 0.79032624
vt 0.4619226 0.79032624
vt 0.4619226 0.79032624
vt 0.4619226 0.79032624
vt 0.4619226 0.79032624
vt 0.4619226 0.79032624
vt 0.4619226 0.79032624
vt 0.4619226 0.79032624
vt 0.34738374 0.029587885
vt 0.34738374 0.029587885
vt 0.34738374 0.029587885
vt 0.34738374 0.029587885
vt 0.34738374 0.029587885
vt 0.34738374 0.029587885
vt 0.34738374 0.029587885
vt 0.34738374 0.029587885
vt 0.34738374 0.029587885
vt 0.34738374 0.029587885
vt 0.34738374 0.029587885
vt 0.34738374 0.029587885
vt 0.34738374 0.029587885
vt 0.34738374 0.029587885
vt 0.34738374 0.029587885
vt 0.34738374 0.029587885
vt 0.34738374 0.029587885
vt 0.34738374 0.029587885
vt 0.34738374 0.029587885
vt 0.34738374 0.029587885
vt 0.34738374 0.029587885
vt 0.34738374 0.029587885
vt 0.34738374 0.029587885
vt 0.34738374 0.029587885
vt 0.34738374 0.029587885
vt 0.34738374 0.029587885
vt 0.34738374 0.029587885
vt 0.34738374 0.029587885
vt 0.34738374 0.029587885
vt 0.34738374 0.029587885
vt 0.34738374 0.029587885
vt 0.34738374 0.029587885
vt 0.34738374 0.029587885
vt 0.34738374 0.029587885
vt 0.34738374 0.029587885
vt 0.34738374 0.029587885
vt 0.34738374 0.029587885
vt 0.34738374 0.029587885
vt 0.34738374 0.029587885
vt 0.34738374 0.029587885
vt 0.34738374 0.029587885
vt 0.34738374 0.029587885
vt 0.34738374 0.029587885
vt 0.34738374 0.029587885
vt 0.34738374 0.029587885
vt 0.34738374 0.029587885
vt 0.34738374 0.029587885
vt 0.34738374 0.029587885
vt 0.34738374 0.029587885
vt 0.34738374 0.029587885
vt 0.34738374 0.029587885
vt 0.34738374 0.029587885
vt 0.34738374 0.029587885
vt 0.34738374 0.029587885
vt 0.54172915 0.78145885
vt 0.54172915 0.78145885
vt 0.54172915 0.78145885
vt 0.54172915 0.78145885
vt 0.54172915 0.78145885
vt 0.54172915 0.78145885
vt 0.54172915 0.78145885
vt 0.54172915 0.78145885
vt 0.54172915 0.78145885
vt 0.54172915 0.78145885
vt 0.54172915 0.78145885
vt 0.54172915 0.78145885
vt 0.54172915 0.78145885
vt 0.54172915 0.78145885
vt 0.54172915 0.78145885
vt 0.54172915 0.78145885
vt 0.54172915 0.78145885
vt 0.54172915 0.78145885
vt 0.54172915 0.78145885
vt 0.54172915 0.78145885
vt 0.54172915 0.78145885
vt 0.54172915 0.78145885
vt 0.54172915 0.78145885
vt 0.54172915 0.78145885
vt 0.54172915 0.78145885
vt 0.54172915 0.78145885
vt 0.54172915 0.78145885
vt 0.54172915 0.78145885
vt 0.54172915 0.78145885
vt 0.54172915 0.78145885
vt 0.54172915 0.78145885
vt 0.54172915 0.78145885
vt 0.54172915 0.78145885
vt 0.54172915 0.78145885
vt 0.54172915 0.78145885
vt 0.54172915 0.78145885
vt 0.29065576 0.034889698
vt 0.29065576 0.034889698
vt 0.29065576 0.034889698
vt 0.29065576 0.034889698
vt 0.29065576 0.034889698
vt 0.29065576 0.034889698
vt 0.29065576 0.034889698
vt 0.29065576 0.034889698
vt 0.29065576 0.034889698
vt 0.29065576 0.034889698
vt 0.29065576 0.034889698
vt 0.29065576 0.034889698
vt 0.29065576 0.034889698
vt 0.29065576 0.034889698
vt 0.29065576 0.034889698
vt 0.29065576 0.034889698
vt 0.29065576 0.034889698
vt 0.29065576 0.034889698
vt 0.29065576 0.034889698
vt 0.29065576 0.034889698
vt 0.29065576 0.034889698
vt 0.29065582 0.034889758
vt 0.29065576 0.034889698
vt 0.29065576 0.034889698
vt 0.29065576 0.034889698
vt 0.29065576 0.034889698
vt 0.29065576 0.034889698
vt 0.29065576 0.034889698
vt 0.29065576 0.034889698
vt 0.29065576 0.034889698
vt 0.29065576 0.034889698
vt 0.29065576 0.034889698
vt 0.29065576 0.034889698
vt 0.29065576 0.034889698
vt 0.29065576 0.034889698
vt 0.29065576 0.034889698
vt 0.29065576 0.034889698
vt 0.29065576 0.034889698
vt 0.29065576 0.034889698
vt 0.29065576 0.034889698
vt 0.29065576 0.034889698
vt 0.29065576 0.034889698
vt 0.29065576 0.034889698
vt 0.29065576 0.034889698
vt 0.29065576 0.034889698
vt 0.29065576 0.034889698
vt 0.29065576 0.034889698
vt 0.29065576 0.034889698
vt 0.29065576 0.034889698
vt 0.29065576 0.034889698
vt 0.29065576 0.034889698
vt 0.29065576 0.034889698
vt 0.29065576 0.03488964
vt 0.29065576 0.034889698
vt 0.2737537 0.034889698
vt 0.2737537 0.034889698
vt 0.2737537 0.034889698
vt 0.2737537 0.034889698
vt 0.2737537 0.034889698
vt 0.2737537 0.034889698
vt 0.2737537 0.034889698
vt 0.2737537 0.034889698
vt 0.2737537 0.034889698
vt 0.2737537 0.034889698
vt 0.2737537 0.034889698
vt 0.2737537 0.034889698
vt 0.2737537 0.034889698
vt 0.2737537 0.034889698
vt 0.2737537 0.034889698
vt 0.2737537 0.034889698
vt 0.2737537 0.034889698
vt 0.2737537 0.034889698
vt 0.2737537 0.034889698
vt 0.2737537 0.034889698
vt 0.2737537 0.034889698
vt 0.2737537 0.034889698
vt 0.2737537 0.034889698
vt 0.2737537 0.034889698
vt 0.2737537 0.034889698
vt 0.2737537 0.034889698
vt 0.2737537 0.034889698
vt 0.2737537 0.034889698
vt 0.2737537 0.034889698
vt 0.2737537 0.034889698
vt 0.2737537 0.034889698
vt 0.2737537 0.034889698
vt 0.2737537 0.034889698
vt 0.2737537 0.034889698
vt 0.2737537 0.034889698
vt 0.2737537 0.034889698
vt 0.2737537 0.034889698
vt 0.2737537 0.034889698
vt 0.2737537 0.034889698
vt 0.2737537 0.034889698
vt 0.2737537 0.034889698
vt 0.2737537 0.034889698
vt 0.2737537 0.034889698
vt 0.2737537 0.034889698
vt 0.2737537 0.034889698
vt 0.2737537 0.034889698
vt 0.2737537 0.034889698
vt 0.2737537 0.034889698
vt 0.40636128 0.040091544
vt 0.40636128 0.040091544
vt 0.40636128 0.040091544
vt 0.40636128 0.040091544
vt 0.40636128 0.040091544
vt 0.40636128 0.040091544
vt 0.40636128 0.040091544
vt 0.40636128 0.040091544
vt 0.40636128 0.040091544
vt 0.40636128 0.040091544
vt 0.40636128 0.040091544
vt 0.40636128 0.040091544
vt 0.40636128 0.040091544
vt 0.40636128 0.040091544
vt 0.40636128 0.040091544
vt 0.40636128 0.040091544
vt 0.40636128 0.040091544
vt 0.40636128 0.040091544
vt 0.40636128 0.040091544
vt 0.40636128 0.040091544
vt 0.40636128 0.040091544
vt 0.40636128 0.040091544
vt 0.40636128 0.040091544
vt 0.40636128 0.040091544
vt 0.40636128 0.040091544
vt 0.40636128 0.040091544
vt 0.40636128 0.040091544
vt 0.40636128 0.040091544
vt 0.40636128 0.040091544
vt 0.40636128 0.040091544
vt 0.40636128 0.040091544
vt 0.40636128 0.040091544
vt 0.40636128 0.040091544
vt 0.40636128 0.040091544
vt 0.40636128 0.040091544
vt 0.40636128 0.040091544
vt 0.40636128 0.040091544
vt 0.40636128 0.040091544
vt 0.40636128 0.040091544
vt 0.40636128 0.040091544
vt 0.40636128 0.040091544
vt 0.40636128 0.040091544
vt 0.40636128 0.040091544
vt 0.40636128 0.040091544
vt 0.40636128 0.040091544
vt 0.40636128 0.040091544
vt 0.40636128 0.040091544
vt 0.40636128 0.040091544
vt 0.40636128 0.040091544
vt 0.40636128 0.040091544
vt 0.40636128 0.040091544
vt 0.40636128 0.040091544
vt 0.40636128 0.040091544
vt 0.40636128 0.040091544
vt 0.40636128 0.040091544
vt 0.40636128 0.040091544
vt 0.40636128 0.040091544
vt 0.40636128 0.040091544
vt 0.40636128 0.040091544
vt 0.40636128 0.040091544
vt 0.40636128 0.040091544
vt 0.40636128 0.040091544
vt 0.40636128 0.040091544
vt 0.40636128 0.040091544
vt 0.40636128 0.040091544
vt 0.40636128 0.040091544
vt 0.40636128 0.040091544
vt 0.40636128 0.040091544
vt 0.40636128 0.040091544
vt 0.40636128 0.040091544
vt 0.40636128 0.040091544
vt 0.40636128 0.040091544
vt 0.40636128 0.040091544
vt 0.40636128 0.040091544
vt 0.40636128 0.040091544
vt 0.40636128 0.040091544
vt 0.40636128 0.040091544
vt 0.40636128 0.040091544
vt 0.40636128 0.040091544
vt 0.40636128 0.040091544
vt 0.40636128 0.040091544
vt 0.40636128 0.040091544
vt 0.40636128 0.040091544
vt 0.40636128 0.040091544
vt 0.40636128 0.040091544
vt 0.40636128 0.040091544
vt 0.40636128 0.040091544
vt 0.40636128 0.040091544
vt 0.40636128 0.040091544
vt 0.40636128 0.040091544
vt 0.40636128 0.040091544
vt 0.40636128 0.040091544
vt 0.40636128 0.040091544
vt 0.40636128 0.040091544
vt 0.40636128 0.040091544
vt 0.40636128 0.040091544
vt 0.59493345 0.78145885
vt 0.59493345 0.78145885
vt 0.59493345 0.78145885
vt 0.59493345 0.78145885
vt 0.59493345 0.78145885
vt 0.59493345 0.78145885
vt 0.59493345 0.78145885
vt 0.59493345 0.78145885
vt 0.59493345 0.78145885
vt 0.59493345 0.78145885
vt 0.59493345 0.78145885
vt 0.59493345 0.78145885
vt 0.59493345 0.78145885
vt 0.59493345 0.78145885
vt 0.59493345 0.78145885
vt 0.59493345 0.78145885
vt 0.59493345 0.78145885
vt 0.59493345 0.78145885
vt 0.59493345 0.78145885
vt 0.59493345 0.78145885
vt 0.59493345 0.78145885
vt 0.59493345 0.78145885
vt 0.59493345 0.78145885
vt 0.59493345 0.78145885
vt 0.59493345 0.78145885
vt 0.59493345 0.78145885
vt 0.59493345 0.78145885
vt 0.59493345 0.78145885
vt 0.59493345 0.78145885
vt 0.59493345 0.78145885
vt 0.59493345 0.78145885
vt 0.59493345 0.78145885
vt 0.59493345 0.78145885
vt 0.59493345 0.78145885
vt 0.59493345 0.78145885
vt 0.59493345 0.78145885
vt 0.54172915 0.78145885
vt 0.54172915 0.78145885
vt 0.54172915 0.78145885
vt 0.54172915 0.78145885
vt 0.54172915 0.78145885
vt 0.54172915 0.78145885
vt 0.54172915 0.78145885
vt 0.54172915 0.78145885
vt 0.54172915 0.78145885
vt 0.54172915 0.78145885
vt 0.54172915 0.78145885
vt 0.54172915 0.78145885
vt 0.54172915 0.78145885
vt 0.54172915 0.78145885
vt 0.54172915 0.78145885
vt 0.54172915 0.78145885
vt 0.54172915 0.78145885
vt 0.54172915 0.78145885
vt 0.54172915 0.78145885
vt 0.54172915 0.78145885
vt 0.54172915 0.78145885
vt 0.54172915 0.78145885
vt 0.54172915 0.78145885
vt 0.54172915 0.78145885
vt 0.54172915 0.78145885
vt 0.54172915 0.78145885
vt 0.54172915 0.78145885
vt 0.54172915 0.78145885
vt 0.54172915 0.78145885
vt 0.54172915 0.78145885
vt 0.54172915 0.78145885
vt 0.54172915 0.78145885
vt 0.54172915 0.78145885
vt 0.54172915 0.78145885
vt 0.54172915 0.78145885
vt 0.54172915 0.78145885
vt 0.54172915 0.78145885
vt 0.54172915 0.78145885
vt 0.54172915 0.78145885
vt 0.54172915 0.78145885
vt 0.54172915 0.78145885
vt 0.54172915 0.78145885
vt 0.54172915 0.78145885
vt 0.54172915 0.78145885
vt 0.54172915 0.78145885
vt 0.54172915 0.78145885
vt 0.54172915 0.78145885
vt 0.54172915 0.78145885
vt 0.54172915 0.78145885
vt 0.54172915 0.78145885
vt 0.54172915 0.78145885
vt 0.54172915 0.78145885
vt 0.54172915 0.78145885
vt 0.54172915 0.78145885
vt 0.54172915 0.78145885
vt 0.54172915 0.78145885
vt 0.54172915 0.78145885
vt 0.54172915 0.78145885
vt 0.54172915 0.78145885
vt 0.54172915 0.78145885
vt 0.54172915 0.78145885
vt 0.54172915 0.78145885
vt 0.54172915 0.78145885
vt 0.54172915 0.78145885
vt 0.54172915 0.78145885
vt 0.54172915 0.78145885
vt 0.54172915 0.78145885
vt 0.54172915 0.78145885
vt 0.54172915 0.78145885
vt 0.54172915 0.78145885
vt 0.54172915 0.78145885
vt 0.54172915 0.78145885
vt 0.54172915 0.78145885
vt 0.54172915 0.78145885
vt 0.54172915 0.78145885
vt 0.54172915 0.78145885
vt 0.54172915 0.78145885
vt 0.54172915 0.78145885
vt 0.54172915 0.78145885
vt 0.54172915 0.78145885
vt 0.54172915 0.78145885
vt 0.54172915 0.78145885
vt 0.54172915 0.78145885
vt 0.54172915 0.78145885
vn -0.0394057 0.7300114 0.682298
vn 0.34596676 0.7648833 0.54337883
vn -0.119925514 0.9920522 -0.038083795
vn -0.10840091 0.99350053 -0.034725823
vn -0.7843137 0.4721148 0.40244216
vn -0.11838721 0.9914922 -0.054107215
vn -0.19983986 0.975744 -0.0893738
vn -0.3211837 0.86151886 0.3932257
vn -0.22452731 0.96056527 -0.16401753
vn -0.57931465 0.41405234 0.7021078
vn -0.635496 0.664211 -0.39366058
vn -0.83560044 -0.27106133 0.47780493
vn -0.84169656 -0.004253941 -0.5399341
vn -0.58183193 -0.4354165 0.6869381
vn -0.6399959 -0.6803791 -0.35705698
vn -0.44784823 -0.6136378 0.6502929
vn -0.23524855 -0.96935105 -0.07082798
vn -0.578195 0.8158941 -0.0027044213
vn -0.5731346 0.8067781 0.14361706
vn -0.04110719 0.998623 -0.0325922
vn -0.17639863 0.9171612 0.3573495
vn -0.053635594 0.90826046 0.41495326
vn -0.04176962 0.44860214 0.892755
vn -0.1539925 0.45974696 0.87459654
vn -0.303909 0.41244134 0.85879654
vn -0.023666907 0.0009818673 0.99971944
vn -0.22232883 -0.00042841354 0.9749717
vn -0.098169975 0.0011709435 0.995169
vn -0.038185336 -0.44249558 0.8959574
vn -0.28118876 -0.39908805 0.8727322
vn -0.1561545 -0.44606656 0.881272
vn -0.1668838 -0.8710208 0.462031
vn -0.31275246 -0.8470892 0.429681
vn -0.78135425 0.09110625 0.61740196
vn -0.19885598 0.24849425 0.94800156
vn -0.80446017 0.09064609 0.58704966
vn 0.11293704 0.72945243 0.6746439
vn 0.06375397 0.726668 0.6840242
vn 0.14048402 0.9893385 -0.038389113
vn 0.16551891 0.98481166 -0.05243664
vn 0.1986336 0.9724266 -0.122193575
vn 0.21785885 0.9710249 -0.09822604
vn 0.32890275 0.8613886 0.38708216
vn 0.26264617 0.95492715 0.13831566
vn 0.3402741 0.494075 0.8000646
vn 0.24867679 0.7045087 0.66470087
vn 0.3059436 0.2348277 0.9226344
vn 0.30527052 0.4194158 0.854927
vn 0.2555026 -0.0017547237 0.9668069
vn 0.22072132 -0.00040232766 0.97533685
vn 0.28558072 -0.2598997 0.9224402
vn 0.2799209 -0.42032146 0.86311895
vn 0.31219098 -0.83042634 0.46144217
vn 0.29802495 -0.53683394 0.7892975
vn 0.19735277 -0.7145613 0.6711587
vn 0.27533543 0.26188806 0.9249892
vn -0.015849503 -0.78341866 0.6212921
vn 0.047754407 0.16712746 0.9847781
vn -0.20139062 -0.7217684 0.66218746
vn -0.19885598 0.24849425 0.94800156
vn -0.28615624 -0.5309281 0.79764026
vn -0.31275246 -0.8470892 0.429681
vn -0.27997804 -0.2500121 0.9268798
vn -0.28118876 -0.39908805 0.8727322
vn -0.25356278 -0.001586074 0.9673176
vn -0.22232883 -0.00042841354 0.9749717
vn -0.30386046 0.2323543 0.9239482
vn -0.303909 0.41244134 0.85879654
vn -0.3211837 0.86151886 0.3932257
vn -0.33776706 0.49471244 0.8007328
vn -0.2544194 0.7029304 0.66419846
vn -0.2606588 0.955005 0.1415007
vn -0.19983986 0.975744 -0.0893738
vn -0.19241072 0.97408754 -0.118876256
vn -0.15751535 0.98612994 -0.05231236
vn -0.119925514 0.9920522 -0.038083795
vn 0.34596676 0.7648833 0.54337883
vn -0.09996027 0.7338279 0.6719409
vn 0.005045237 0.7129232 0.701224
vn 0.11293704 0.72945243 0.6746439
vn 0.16551891 0.98481166 -0.05243664
vn -0.0007013007 0.9986444 -0.05204712
vn -0.09996027 0.7338279 0.6719409
vn -0.15751535 0.98612994 -0.05231236
vn 0.053163994 0.7241407 0.6876
vn 0.14048402 0.9893385 -0.038389113
vn 0.06375397 0.726668 0.6840242
vn 0.13538845 0.990222 -0.033619914
vn 0.21785885 0.9710249 -0.09822604
vn 0.2530578 0.9552572 -0.15311904
vn 0.2715515 0.65551203 0.70467275
vn 0.5815703 0.41818982 0.6977774
vn 0.6408839 0.6654224 -0.38272816
vn 0.85289794 -0.0100034615 -0.52198184
vn 0.72653323 0.008376667 0.6870803
vn 0.66218996 -0.6812418 -0.3121124
vn 0.58534753 -0.44302008 0.67904454
vn 0.25387955 -0.9663135 -0.042229317
vn 0.46617615 -0.6186267 0.6324404
vn 0.38347375 0.9206905 0.07264295
vn 0.41065478 0.90857464 -0.076516524
vn 0.09542481 0.99417514 -0.050099783
vn 0.14720054 0.98669946 -0.068964615
vn 0.11753153 0.9194121 0.3753235
vn 0.19876961 0.919916 0.33800176
vn 0.32890275 0.8613886 0.38708216
vn 0.30527052 0.4194158 0.854927
vn 0.16950543 0.47368476 0.8642283
vn 0.09935772 0.48504177 0.86882824
vn 0.22072132 -0.00040232766 0.97533685
vn 0.0719943 0.001452795 0.9974039
vn 0.11236599 0.0020988088 0.9936646
vn 0.2799209 -0.42032146 0.86311895
vn 0.09449658 -0.4808773 0.8716808
vn 0.16571014 -0.46355134 0.8704368
vn 0.31219098 -0.83042634 0.46144217
vn 0.20080417 -0.8714338 0.44752747
vn 0.27533543 0.26188806 0.9249892
vn 0.62024444 0.12571277 0.7742694
vn 0.7381788 0.09351413 0.6680921
vn 0.1986336 0.9724266 -0.122193575
vn -0.0007013007 0.9986444 -0.05204712
vn 0.16551891 0.98481166 -0.05243664
vn -0.001955022 0.9920598 -0.12575169
vn -0.15751535 0.98612994 -0.05231236
vn 0.26264617 0.95492715 0.13831566
vn -0.19241072 0.97408754 -0.118876256
vn -0.004064789 0.9924884 0.12227184
vn 0.24867679 0.7045087 0.66470087
vn -0.2606588 0.955005 0.1415007
vn -0.007658844 0.77841747 0.62770027
vn -0.2544194 0.7029304 0.66419846
vn -0.77815413 0.008437631 0.62801677
vn -0.36303204 -0.92011666 0.14694594
vn -0.55490017 -0.8251075 -0.10622293
vn -0.9493296 -0.2955272 -0.106943995
vn -0.77815413 0.008437631 0.62801677
vn -0.9493296 -0.2955272 -0.106943995
vn -0.9966973 0 -0.08120712
vn -0.7136673 -0.00018997653 0.7004849
vn -0.94976914 0.29759035 -0.096843235
vn -0.8070417 -0.0075215907 0.5904466
vn -0.011454831 0.15204856 0.9883067
vn -0.010473379 0.30546698 0.9521451
vn -0.36303204 -0.92011666 0.14694594
vn -0.029737221 -0.38819256 0.9210984
vn 0.76101434 0.0073594265 0.64869326
vn 0.36614376 -0.91413933 0.1740343
vn 0.6956984 -0.00018971815 0.71833396
vn 0.9985024 0 -0.054709096
vn 0.94918615 -0.30344474 -0.083467975
vn 0.9494047 0.30518666 -0.07410687
vn 0.79105467 -0.008454464 0.611687
vn -0.011452374 -0.15210794 0.9882975
vn -0.012756564 -0.32260224 0.9464486
vn 0.47520378 0.7740984 0.41827375
vn -0.015872777 0.9666686 0.2555386
vn -0.44977805 0.8148747 0.3656212
vn -0.8070417 -0.0075215907 0.5904466
vn -0.5546565 0.8313245 -0.035435125
vn -0.44977805 0.8148747 0.3656212
vn -0.94976914 0.29759035 -0.096843235
vn -0.9378034 0.31560242 -0.14463755
vn -0.56377786 0.8238153 -0.05901634
vn 0.019230362 0.9991967 0.035157986
vn -0.0128064975 0.9992774 0.035786156
vn 0.42699686 0.90024334 0.085061476
vn -0.9855562 2.2767126E-05 -0.16934867
vn -0.9966973 0 -0.08120712
vn -0.9379077 -0.31498078 -0.14531404
vn -0.9493296 -0.2955272 -0.106943995
vn -0.55490017 -0.8251075 -0.10622293
vn -0.57974595 0.81469387 0.012982113
vn -0.95288384 0.30049568 -0.041410405
vn -0.9984499 0 -0.055658147
vn -0.94254375 0.27950847 -0.1829925
vn -0.9782818 0 -0.20727915
vn -0.59363097 0.79676116 -0.11302243
vn -0.94254375 -0.2795087 -0.18299258
vn -0.01848416 0.99726677 0.07153666
vn 0.4234798 0.8980103 0.11934106
vn -0.024860846 0.9983754 -0.051267777
vn 0.4350669 0.8993881 -0.042634986
vn 0.83458483 0.54362535 -0.08910495
vn -0.9528837 -0.30049592 -0.041409813
vn -0.57974726 -0.8146929 0.012982841
vn -0.5936308 -0.7967612 -0.113022484
vn -0.024860727 -0.9983754 -0.051267713
vn 0.41930005 0.901856 0.104131505
vn 0.8074798 0.5652853 0.16860826
vn 0.81481427 0.56607467 0.12504935
vn 0.9904856 0.005771051 0.1374956
vn 0.81258744 0.56001806 0.16149789
vn 0.98374915 0 0.17954831
vn 0.993067 0 -0.117548965
vn 0.97995996 0.00026439095 0.19919483
vn 0.826275 -0.5547342 0.09767165
vn 0.81258804 -0.56001675 0.16149886
vn 0.83458495 -0.54362506 -0.08910482
vn 0.80776936 -0.5648999 0.16851363
vn 0.44653517 -0.8944374 0.024249114
vn 0.4234794 -0.8980103 0.11934318
vn 0.43506712 -0.8993881 -0.04263485
vn 0.41958982 -0.90173846 0.103980914
vn 0.033499137 -0.99788624 -0.055685833
vn -0.013300227 -0.9992704 0.035801936
vn -0.018483674 -0.99726665 0.07153805
vn -0.56398636 -0.8236414 -0.059449144
vn 0.79105467 -0.008454464 0.611687
vn 0.47520378 0.7740984 0.41827375
vn 0.5512344 0.8341244 -0.019417321
vn 0.9494047 0.30518666 -0.07410687
vn 0.9356651 0.32854018 -0.12881055
vn 0.9985024 0 -0.054709096
vn 0.987879 2.0093452E-05 -0.15522605
vn 0.94918615 -0.30344474 -0.083467975
vn 0.93576527 -0.32801604 -0.12941757
vn 0.5505945 -0.8301658 -0.08758109
vn 0.55672246 -0.8296403 -0.041916534
vn -0.034067657 -0.9987582 -0.036352623
vn 0.012926469 -0.998623 0.050841507
vn -0.4435328 -0.8950484 0.046552606
vn 0.5696396 -0.82181334 0.011557054
vn 0.94817054 -0.31466913 -0.044226617
vn 0.9982305 0 -0.059463557
vn 0.93534774 -0.2903603 -0.2020288
vn 0.9739875 0 -0.22660176
vn 0.5830978 -0.8016976 -0.13144498
vn 0.9353476 0.29036054 -0.20202866
vn 0.016491916 -0.9973832 0.07039028
vn -0.4233192 -0.89820427 0.118448704
vn 0.022682302 -0.9973628 -0.068941146
vn -0.43414465 -0.89875084 -0.061361447
vn -0.83338404 -0.54193234 -0.10853723
vn 0.9481708 0.3146682 -0.04422772
vn 0.569639 0.82181364 0.011556216
vn 0.58309764 0.80169785 -0.13144487
vn 0.02268216 0.9973628 -0.06894108
vn -0.41742092 -0.9008856 0.119016774
vn -0.80592144 -0.5625573 0.18444483
vn -0.82290107 -0.5557217 0.11835284
vn -0.9883866 0.001840437 0.15194952
vn -0.81389236 -0.5583251 0.16078651
vn -0.9839265 0 0.178574
vn -0.99061006 0 -0.13671717
vn -0.97657436 0.00021331655 0.2151797
vn -0.8140021 0.565 0.134817
vn -0.81389165 0.55832636 0.1607857
vn -0.83338404 0.5419324 -0.10853716
vn -0.80566937 0.5628804 0.18456033
vn -0.42250067 0.9014301 0.094430625
vn -0.42332006 0.8982041 0.11844691
vn -0.4341448 0.89875084 -0.061361372
vn -0.4171249 0.9010054 0.119147636
vn -0.01634281 0.99880755 0.04600492
vn 0.012559279 0.99863213 0.05075508
vn 0.016492631 0.9973833 0.070389055
vn 0.55661494 0.8297277 -0.041613784
vn 0.36614376 -0.91413933 0.1740343
vn 0.76101434 0.0073594265 0.64869326
vn 0.94918615 -0.30344474 -0.083467975
vn 0.5505945 -0.8301658 -0.08758109
vn 0.21771398 0.8281097 -0.5165606
vn 0.006794844 0.85295373 -0.5219424
vn -0.21430759 0.82670313 -0.52022505
vn 0.0049229725 0.5428655 -0.8398052
vn -0.17443031 0.5086925 -0.84309316
vn -0.34030208 0.39884764 -0.85153687
vn -0.31484762 0.78405136 -0.5349154
vn -0.1086874 0.3816508 -0.9178941
vn -0.43490604 0.47880587 -0.7626282
vn -0.5320231 0.27717873 -0.8000771
vn -0.36932576 0.8031203 -0.4675428
vn -0.63884044 0.38257775 -0.66747075
vn -0.8495733 0.50927866 -0.13733356
vn -0.53850496 0.8128015 -0.22218497
vn -0.517692 0.8502303 -0.09541221
vn -0.7210639 -0.002279831 -0.69286484
vn 0.17907138 0.5060021 -0.8437388
vn 0.3366796 0.398554 -0.8531129
vn 0.118933976 0.3806682 -0.9170313
vn 0.42599916 0.48479053 -0.76387364
vn 0.30719513 0.7906424 -0.5296375
vn 0.36517695 0.81068647 -0.45763883
vn 0.0062483 0.40791148 -0.91300005
vn 0.51309955 0.2930168 -0.8067651
vn 0.23523563 0.3005137 -0.92431366
vn -0.17537157 -0.26310006 -0.9486954
vn 0.32721645 0.16252488 -0.93086797
vn 0.448227 0.21846542 -0.86681336
vn -0.246206 -0.14998293 -0.95754254
vn 0.6475192 0.39944664 -0.6489694
vn 0.55004543 0.004957415 -0.83512
vn 0.84870124 0.5157301 -0.11716941
vn 0.5374605 0.8171309 -0.20840637
vn 0.5260348 0.846495 -0.08205848
vn 0.010771642 -0.30381975 -0.9526687
vn -0.40955564 -0.90827066 0.08548944
vn 0.18985656 -0.2674006 -0.9446965
vn 0.25470763 -0.15167956 -0.9550484
vn 0.41012174 -0.90765584 0.0892242
vn 0.0040612957 -0.99123716 0.1320317
vn -0.2298496 0.30152234 -0.92533964
vn -0.32497826 0.16265556 -0.9316289
vn -0.46908826 0.21231155 -0.8572514
vn -0.5167964 0.010384207 -0.8560453
vn -0.5685969 0.0056789285 -0.82259667
vn -0.008344872 -0.10072999 0.99487877
vn 0.043611296 -0.14573497 0.988362
vn 0.17985623 -0.19047673 0.96507525
vn 0.72946763 -0.6835366 -0.025585659
vn 0.91874564 -0.3572808 -0.168098
vn 0.2447193 -0.061533008 -0.9676395
vn 0.22438328 -0.00030443308 -0.9745009
vn -0.3561646 0.008310894 -0.9343863
vn -0.4805471 -0.13694477 -0.8662105
vn -0.2544194 0.7029304 0.66419846
vn -0.007658844 0.77841747 0.62770027
vn -0.33776706 0.49471244 0.8007328
vn 0.24867679 0.7045087 0.66470087
vn -0.30386046 0.2323543 0.9239482
vn -0.05286892 -0.1391508 0.98885894
vn 0.37611994 -0.14140494 0.9157174
vn 0.44939438 -0.00060758437 0.8933332
vn -0.25356278 -0.001586074 0.9673176
vn -0.18375398 -0.19236442 0.96396595
vn 0.3402741 0.494075 0.8000646
vn 0.3059436 0.2348277 0.9226344
vn -0.7299948 -0.68257844 -0.034559794
vn 0.9733393 3.5674206E-05 -0.22936979
vn 0.37700668 0.11137448 0.91949
vn -0.27997804 -0.2500121 0.9268798
vn -0.37696236 -0.14246151 0.9152071
vn 0.2555026 -0.0017547237 0.9668069
vn -0.9146492 -0.3622647 -0.17939088
vn 0.2487818 0.07908297 -0.9653256
vn 0.1827842 0.110299796 0.9769462
vn -0.28615624 -0.5309281 0.79764026
vn -0.20139062 -0.7217684 0.66218746
vn 0.9204935 0.3547885 -0.16375831
vn -0.23004287 -0.061669447 -0.97122455
vn -0.96945757 -7.0634254E-05 -0.24525894
vn -0.31096077 -0.10659506 -0.94442624
vn 0.26376376 0.20769987 -0.94196045
vn 0.73391664 0.6792157 -0.005685693
vn 0.3566621 0.008745232 -0.93419254
vn 0.027199043 0.06635656 0.9974252
vn -0.20481913 -0.0004085306 -0.9787998
vn -0.91662234 0.3598679 -0.17406441
vn 0.31261832 -0.10458945 -0.9441032
vn 0.48806864 0.010771435 -0.8727388
vn 0.5406324 -0.21336077 -0.8137529
vn 0.4087101 0.90366566 0.12784521
vn -0.010077062 0.02719319 0.99957937
vn -0.015849503 -0.78341866 0.6212921
vn 0.19735277 -0.7145613 0.6711587
vn 0.0025624682 0.9843278 0.17632978
vn -0.037790805 0.06295295 0.9973008
vn -0.1861987 0.111730665 0.9761385
vn 0.29802495 -0.53683394 0.7892975
vn 0.28558072 -0.2598997 0.9224402
vn -0.40849972 0.9044375 0.12296715
vn 0.009832497 0.3950968 -0.9185869
vn 0.20139086 0.34768707 -0.9157267
vn -0.21040487 -0.16734312 -0.9631854
vn -0.08303419 -0.18167998 -0.9798458
vn -0.36615932 -0.23207152 -0.90114933
vn -0.55682266 -0.19660464 -0.8070286
vn -0.67937547 -0.33150303 -0.6546408
vn -0.99715173 0.018222487 -0.073186144
vn -0.48502243 -0.37755775 -0.7887987
vn -0.55766106 -0.5832594 -0.5906121
vn -0.18042453 -0.30030364 -0.9366241
vn -0.88801163 -0.44732308 -0.106477275
vn -0.28041652 -0.5356132 -0.79654574
vn -0.94665635 0.016051646 0.32184482
vn -0.87918174 -0.40954375 0.24354325
vn -0.8691896 0.42512146 0.2525493
vn -0.88702124 0.3656217 0.28198224
vn -0.9514283 0.01670516 0.307417
vn -0.712656 0.64063066 0.28585622
vn -0.64857763 0.6217364 0.43907958
vn -0.33867857 0.9406851 -0.020206887
vn -0.15291205 0.9869696 0.05008826
vn -0.358103 0.8427803 0.40185025
vn 0.040271014 0.9948 0.09354897
vn -0.0018507076 0.8418276 0.53974336
vn -0.3326555 0.6228542 0.708091
vn -0.87802106 -0.36019033 0.31518543
vn -0.6694032 -0.7356559 0.10348795
vn -0.63587457 -0.74041814 -0.21781771
vn -0.33270827 -0.76448345 -0.55215067
vn -0.35287184 -0.8922295 -0.28179422
vn 0.0067306324 -0.83584 -0.54893184
vn 0.004594915 -0.60853684 -0.7935123
vn 0.004063043 -0.32520646 -0.94563425
vn 0.0062369443 -0.17811938 -0.98398906
vn -0.18808758 0.34496886 -0.91957575
vn -0.25556022 0.20731498 -0.94430375
vn 0.092642836 -0.17892195 -0.97949183
vn 0.18605307 -0.29755703 -0.9363995
vn 0.36217713 -0.23034738 -0.9031986
vn 0.28567603 -0.53581095 -0.7945413
vn -0.7336803 0.6793486 -0.014098427
vn 0.21491595 -0.16412628 -0.9627428
vn -0.37752846 0.111918926 0.91920966
vn -0.4490487 -0.00054914586 0.8935072
vn -0.23470812 0.07995468 -0.96877205
vn 0.46015537 -0.14086056 -0.87659293
vn 0.47804734 -0.384523 -0.7896915
vn 0.5559326 -0.5935576 -0.5819178
vn 0.34003973 -0.7648279 -0.5471849
vn 0.009426067 -0.9547213 -0.2973523
vn 0.36370632 -0.88895124 -0.27835834
vn 0.009604781 -0.99981517 -0.016655948
vn -0.36664858 -0.930311 0.009501406
vn -0.66213197 -0.6900127 0.2923417
vn 0.007388876 -0.96705174 0.25447288
vn -0.34516934 -0.90012765 0.26576012
vn -0.6074758 -0.6488441 0.4582297
vn 0.37854803 -0.9255568 0.0067883343
vn 0.67108303 -0.7344936 0.10083028
vn 0.35586423 -0.89797187 0.25885746
vn 0.0038957777 -0.90620214 0.4228268
vn -0.81071746 -0.34071875 0.47607547
vn 0.63460726 -0.74419117 -0.20845409
vn 0.88569766 -0.45616344 -0.08634009
vn -0.311126 -0.8452743 0.43440974
vn -0.87897307 -0.002542285 0.47686455
vn 0.6870966 -0.35156518 -0.635846
vn 0.74344546 -0.004566933 -0.6687809
vn 0.99876726 0.016356088 -0.046866897
vn 0.8707808 0.41982636 0.25590336
vn 0.94599354 0.013988757 0.32388365
vn -0.82974315 0.32253942 0.45551574
vn -0.69394666 0.26849288 0.6680941
vn 0.7189931 0.6319218 0.2893506
vn 0.37535292 0.926781 -0.01367836
vn 0.18140061 0.98251075 0.04202733
vn 0.8781116 -0.41182357 0.24355973
vn 0.87883365 -0.36073488 0.31228453
vn 0.95153457 0.015535315 0.3071492
vn -0.7482696 -0.0030302904 0.66338795
vn 0.3597678 0.8433657 0.39912587
vn -0.029745337 0.99588877 0.085560754
vn 0.8882842 0.362105 0.2825442
vn 0.6530118 0.6166307 0.439707
vn 0.831561 0.31981108 0.45412248
vn 0.8803503 -0.002881256 0.47431543
vn -0.6958638 -0.291205 0.6564855
vn -0.5245631 -0.5699999 0.63240314
vn -0.2776615 -0.7602771 0.5872673
vn -0.46580535 -0.4846025 0.7403957
vn -0.6123046 -0.24851131 0.75055
vn -0.65934604 0 0.7518396
vn 0.7510324 -0.0031060558 0.66025805
vn 0.69838035 -0.2911759 0.65382075
vn 0.6964888 0.26767308 0.6657736
vn 0.8128083 -0.34034458 0.4727666
vn 0.61234194 -0.6479981 0.45291921
vn 0.54464054 0.49208197 0.6791333
vn 0.33457956 0.6231443 0.7069282
vn 0.47076243 0.44203326 0.7635373
vn 0.61396503 0.24097413 0.7516504
vn 0.0011396521 0.6045402 0.7965738
vn 0.6630876 0 0.74854183
vn 0.6662516 -0.6889793 0.28533533
vn 0.26592577 0.56734776 0.7793588
vn 0.3185953 -0.845242 0.42902565
vn 0.001745203 -0.81638944 0.5774992
vn 0.28255695 -0.75951624 0.5859151
vn 0.0010250923 -0.708779 0.70543
vn 0.52872306 -0.56857055 0.63022166
vn 0.46935126 -0.4839235 0.7385982
vn -0.25328898 -0.6531128 0.7136444
vn 0.2566289 -0.6518998 0.71356034
vn 0.0009043674 -0.6092913 0.792946
vn 0.61544317 -0.25002152 0.747475
vn 0.5729826 -0.23193468 0.7860644
vn 0.23718695 -0.5611536 0.79300004
vn 0.6206296 0 0.78410393
vn 0.4382275 -0.42668357 0.79113704
vn 0.57298255 0.23193413 0.7860646
vn 0.23109412 -0.23100463 0.9451098
vn 0.4393657 0.4245778 0.79163855
vn 0.23806728 0.55749875 0.7953107
vn 0.2310875 0.23100008 0.9451124
vn 0.30225065 0.12710702 0.9447159
vn 9.9444325E-05 -1.5655854E-05 1
vn 0.32996708 0 0.9439924
vn 0.30225474 -0.1271072 0.94471467
vn 0.12613305 -0.3007373 0.94532937
vn 0.00040227704 -0.32767448 0.9447906
vn 0.12612681 0.3007276 0.9453333
vn 0.0004037212 0.3276622 0.9447949
vn -0.12532157 -0.30101517 0.94534886
vn -0.23502521 -0.56199795 0.7930457
vn -0.23241577 -0.23080029 0.94483554
vn -0.4372113 -0.42626798 0.79192287
vn -0.5720918 -0.22891189 0.7875978
vn -0.303147 -0.12414751 0.9448224
vn -0.618381 0 0.7858784
vn -0.5720913 0.22891366 0.78759766
vn -0.32810232 0 0.9446422
vn -0.610868 0.23980622 0.75454175
vn -0.46747097 0.44310126 0.7649393
vn -0.30314434 0.12414811 0.9448232
vn -0.23240927 0.2307952 0.9448383
vn -0.54089415 0.4945323 0.6803465
vn -0.12531132 0.30100453 0.94535357
vn -0.43831596 0.42421472 0.79241467
vn -0.2359166 0.5584136 0.7953098
vn -0.26357096 0.5681548 0.7795707
vn 0.0008457945 0.605638 0.7957398
vn 0.529629 0.4822498 -0.6978024
vn 0.20020743 0.9173138 -0.34416926
vn 0.24962106 0.23990051 -0.9381562
vn 0.5479341 0.088335834 -0.8318443
vn 0.6048606 0.5497275 -0.5761452
vn 0.3473859 0.7759359 -0.52654195
vn 0.36426523 0.8779323 -0.3107181
vn 0.58497494 0.75550115 -0.29499558
vn 0.18051817 0.94203174 -0.2828241
vn 0.40380672 0.90638435 -0.12412697
vn 0.5716255 0.8109864 -0.12468118
vn 0.40380672 0.90638435 -0.12412697
vn -0.26552877 0.259969 -0.92839134
vn -0.59140086 0.55509853 -0.58490217
vn -0.5141262 0.180257 -0.8385593
vn -0.38204443 0.5402308 -0.7497952
vn -0.0072317827 0.6430653 -0.7657773
vn -0.012078418 0.29725933 -0.95472044
vn 0.24962106 0.23990051 -0.9381562
vn 0.17907271 0.64711213 -0.7410661
vn 0.20020743 0.9173138 -0.34416926
vn -0.05543935 0.9320574 -0.358044
vn -0.379247 0.87179595 -0.31007043
vn -0.58800125 0.7525276 -0.29657504
vn -0.41626093 0.89979315 -0.13076349
vn -0.57253695 0.81040525 -0.12427633
vn -0.021030206 0.9861995 -0.16422036
vn -0.00704527 0.98451245 -0.17517298
vn -0.41920587 0.90609103 -0.05714492
vn 0.40752056 0.9117867 -0.050715707
vn 0.56180537 0.8130185 0.15289058
vn 0.40752056 0.9117867 -0.050715707
vn 0.56447864 0.8254271 -0.0058155027
vn 0.3620959 0.9205853 0.14631896
vn 0.5314776 0.77379024 0.34464508
vn 0.3453756 0.84660983 0.40492895
vn -0.0069098906 0.99429977 0.10639654
vn -0.00704527 0.98451245 -0.17517298
vn -0.41920587 0.90609103 -0.05714492
vn -0.0038464344 0.9356128 0.35300696
vn 0.17745678 0.87455916 0.45128185
vn -0.0010070264 0.90126705 0.43326288
vn -0.37242442 0.91738623 0.14036615
vn -0.5669654 0.8236668 -0.011108587
vn -0.56773835 0.8104077 0.14461166
vn -0.54009056 0.7703813 0.33884335
vn -0.3536858 0.8439267 0.40335345
vn -0.18061781 0.87374353 0.45160756
vn 0.44837925 0.7298347 0.51604027
vn 0.17745678 0.87455916 0.45128185
vn 0.3453756 0.84660983 0.40492895
vn 0.5314776 0.77379024 0.34464508
vn -0.18061781 0.87374353 0.45160756
vn -0.45617753 0.7227055 0.5192291
vn -0.54009056 0.7703813 0.33884335
vn -0.3536858 0.8439267 0.40335345
vn 0.74306643 0.5278571 0.41136253
vn 0.34596676 0.7648833 0.54337883
vn 0.8050904 0.31993175 0.49947292
vn 0.87360364 0.48384517 -0.05206242
vn 0.43403402 0.8819356 -0.18385854
vn 0.48385 0.8675994 -0.11471865
vn -0.04610018 0.9360308 -0.34888533
vn -0.20854914 0.9715083 -0.11260029
vn -0.29873708 0.90017146 -0.31693453
vn -0.18985417 0.976141 -0.10537598
vn -0.67096555 0.73344785 -0.10890114
vn -0.61689836 0.7676405 -0.17367916
vn -0.9787371 0.17514312 -0.10676453
vn -0.9270478 0.24509852 0.2837412
vn -0.8319426 -0.09080909 0.5473802
vn -0.7843137 0.4721148 0.40244216
vn -0.9787371 0.17514312 -0.10676453
vn -0.7843137 0.4721148 0.40244216
vn -0.97986746 -0.033669908 -0.19678971
vn -0.93813753 0.31206194 -0.15005125
vn -0.61689836 0.7676405 -0.17367916
vn -0.6100754 0.34519902 -0.7131939
vn -0.6217835 -0.04747843 -0.78174865
vn -0.21069328 0.0022340254 -0.9775497
vn -0.50430673 0.85713166 0.10488103
vn -0.3341337 0.9115832 -0.23952214
vn -0.18985417 0.976141 -0.10537598
vn -0.20854914 0.9715083 -0.11260029
vn -0.23991013 0.403522 -0.8829571
vn 0.062126935 0.4603721 -0.8855494
vn 0.15602563 0.052717686 -0.9863452
vn 0.5830793 0.11830332 -0.8037555
vn 0.008287292 0.96697146 -0.2547497
vn 0.48218 0.48317873 -0.73078096
vn 0.7947723 0.5808583 -0.17589937
vn 0.9120762 0.34242147 -0.22553177
vn 0.34596676 0.7648833 0.54337883
vn 0.87360364 0.48384517 -0.05206242
vn 0.26844952 0.9560242 0.11812066
vn 0.43403402 0.8819356 -0.18385854
vn 0.17907271 0.64711213 -0.7410661
vn 0.20020743 0.9173138 -0.34416926
vn 0.529629 0.4822498 -0.6978024
vn 0.3473859 0.7759359 -0.52654195
vn -0.05543935 0.9320574 -0.358044
vn 0.18051817 0.94203174 -0.2828241
vn 0.045793585 0.966343 -0.25314853
vn -0.41626093 0.89979315 -0.13076349
vn -0.021030206 0.9861995 -0.16422036
vn 0.40380672 0.90638435 -0.12412697
vn -0.41920587 0.90609103 -0.05714492
vn -0.5669654 0.8236668 -0.011108587
vn -0.57253695 0.81040525 -0.12427633
vn 0.40752056 0.9117867 -0.050715707
vn 0.5716255 0.8109864 -0.12468118
vn 0.56447864 0.8254271 -0.0058155027
vn 0.33150092 0.8511073 0.4070915
vn 0.5362986 0.8440137 0.0049764174
vn 0.49680728 0.7248869 0.4772017
vn 0.4882716 0.8720644 -0.03308436
vn -0.123814136 0.98727125 -0.09982687
vn -0.07336291 0.9968442 -0.03032538
vn -0.5570618 0.7830315 -0.27666548
vn -0.70907336 0.7037545 -0.044098534
vn -0.74809897 0.612075 -0.25634375
vn -0.69589275 0.717248 -0.035895355
vn -0.9648476 0.25192493 -0.07485234
vn -0.9393133 0.31543386 -0.1348779
vn -0.8863976 -0.4466215 -0.12177226
vn -0.86880404 -0.37463483 0.32377204
vn -0.64119965 -0.7040268 0.30530167
vn -0.83560044 -0.27106133 0.47780493
vn -0.8863976 -0.4466215 -0.12177226
vn -0.83560044 -0.27106133 0.47780493
vn -0.695169 -0.6666154 -0.26900584
vn -0.930753 -0.31256816 -0.18973632
vn -0.9393133 0.31543386 -0.1348779
vn -0.68963516 -0.0436926 -0.7228377
vn -0.40133187 -0.38460708 -0.8312702
vn -0.14184244 -0.04747492 -0.98875004
vn -0.89051163 0.42828092 0.15350698
vn -0.7828849 0.5956955 -0.17954971
vn -0.69589275 0.717248 -0.035895355
vn -0.70907336 0.7037545 -0.044098534
vn -0.42949817 0.2544844 -0.86646926
vn -0.23177995 0.4887525 -0.84107023
vn 0.08349117 0.2488283 -0.9649423
vn 0.33821097 0.58614105 -0.7362418
vn -0.5272986 0.8306993 -0.17859066
vn 0.06934398 0.7452579 -0.6631607
vn 0.32163566 0.9450914 -0.05790263
vn 0.5373119 0.8393756 -0.08212592
vn 0.5362986 0.8440137 0.0049764174
vn 0.4882716 0.8720644 -0.03308436
vn -0.29873845 0.9329104 0.20108096
vn -0.123814136 0.98727125 -0.09982687
vn -0.06025175 0.9777052 0.20115234
vn -0.03985626 0.9732721 0.22616991
vn -0.025634661 0.9654407 0.2593593
vn 0.08810975 0.9604031 0.26431552
vn -0.07070627 0.97837013 0.19440338
vn 0.20190786 0.93265325 0.2989835
vn 0.47197387 0.8028264 0.3642944
vn 0.43956953 0.8239824 0.35753563
vn 0.7541171 0.48593473 0.44178605
vn 0.7452412 0.51101136 0.42834917
vn 0.8752502 -0.002011486 0.48366627
vn 0.8835306 0.0010816522 0.4683721
vn 0.76135105 -0.47790036 0.4381275
vn 0.7588437 -0.49645308 0.42153367
vn 0.4659071 -0.81605375 0.34203354
vn 0.44882134 -0.8295516 0.33227038
vn 0.11859439 -0.9613311 0.24855141
vn 0.10685796 -0.96225345 0.25029913
vn -0.10119375 -0.9726969 0.20885554
vn -0.106290884 -0.9708618 0.21477814
vn -0.08682463 -0.9744839 0.20698477
vn -0.08823358 -0.9729595 0.21345854
vn 0.005904124 -0.9775258 0.21073337
vn 0.006150214 -0.9763514 0.21610205
vn 0.09542016 -0.9735714 0.20749371
vn 0.09892538 -0.97183776 0.21388116
vn 0.10066399 -0.97240746 0.21045296
vn 0.105351076 -0.9706011 0.21641348
vn -0.12566783 -0.96020716 0.24941863
vn -0.115158394 -0.96099806 0.25143844
vn -0.46772105 -0.8152408 0.34149584
vn -0.4511766 -0.8284057 0.33193925
vn -0.76168567 -0.47714677 0.4383673
vn -0.75865525 -0.49657646 0.42172754
vn -0.8746955 0.0007170194 0.48467225
vn -0.8828412 0.002644531 0.46966413
vn -0.7513906 0.48932108 0.4426929
vn -0.742309 0.51418835 0.42963687
vn -0.46435323 0.8076944 0.3633261
vn -0.43208513 0.8281558 0.35701606
vn -0.18902111 0.9365114 0.29532588
vn -0.07848292 0.96181256 0.26221552
vn 0.079634115 0.97813886 0.19210082
vn 0.06968289 0.97755164 0.19883958
vn 0.050474793 0.9733305 0.22378568
vn 0.03689062 0.9656934 0.25705102
vn -0.44784823 -0.6136378 0.6502929
vn -0.578195 0.8158941 -0.0027044213
vn -0.7311757 0.1952457 -0.6536522
vn -0.118826635 -0.74192554 0.6598687
vn 0.016114086 -0.6327509 0.7741877
vn 0.018963307 0.5191923 0.854447
vn 0.008390222 -0.5960614 0.802895
vn -0.011020778 -0.4266222 0.9043628
vn -0.014734959 -0.62242734 0.78253883
vn 0.66192144 0.3093437 -0.6827639
vn -0.006074101 -0.66107273 0.7502973
vn 0.11960789 -0.75729376 0.64202815
vn 0.41065478 0.90857464 -0.076516524
vn 0.46617615 -0.6186267 0.6324404
vn 0.7381788 0.09351413 0.6680921
vn 0.60242075 0.6247422 0.49677598
vn 0.2872475 0.6643059 0.69006276
vn 0.62024444 0.12571277 0.7742694
vn 0.12207609 0.63722795 0.76094544
vn 0.27533543 0.26188806 0.9249892
vn -0.01671242 0.6650506 0.74661124
vn 0.047754407 0.16712746 0.9847781
vn -0.24699067 0.670024 0.7000453
vn -0.19885598 0.24849425 0.94800156
vn -0.78135425 0.09110625 0.61740196
vn -0.6103365 0.6303077 0.47979334
vn -0.80446017 0.09064609 0.58704966
vn 0.25387955 -0.9663135 -0.042229317
vn 0.38347375 0.9206905 0.07264295
vn 0.65056264 0.09544719 0.75343084
vn 0.12089627 -0.98823124 0.093717605
vn 0.7381788 0.09351413 0.6680921
vn 0.20080417 -0.8714338 0.44752747
vn 0.06123276 -0.8831393 0.46509728
vn 0.025774674 -0.44812822 0.8935976
vn 0.11890032 -0.99049276 0.06918598
vn 0.09449658 -0.4808773 0.8716808
vn 0.2177979 -0.9323058 -0.28873852
vn 0.008419559 0.00037296687 0.9999645
vn 0.0719943 0.001452795 0.9974039
vn 0.32443562 -0.5563938 -0.76496243
vn 0.66218996 -0.6812418 -0.3121124
vn 0.85289794 -0.0100034615 -0.52198184
vn 0.2736521 0.01977998 -0.96162534
vn 0.6408839 0.6654224 -0.38272816
vn 0.2304221 0.5715234 -0.78757006
vn 0.2530578 0.9552572 -0.15311904
vn 0.0849302 0.9307114 -0.355757
vn 0.09542481 0.99417514 -0.050099783
vn 0.020234497 0.9997733 -0.0066278074
vn 0.024738252 0.45045164 0.8924581
vn 0.09935772 0.48504177 0.86882824
vn 0.11753153 0.9194121 0.3753235
vn 0.036139186 0.90057033 0.4332057
vn -0.24699067 0.670024 0.7000453
vn -0.703205 -0.41826084 0.574944
vn -0.6103365 0.6303077 0.47979334
vn -0.3796262 -0.4005452 0.8339349
vn -0.01671242 0.6650506 0.74661124
vn -0.4242322 -0.8379588 0.3432958
vn -0.0916243 -0.43005365 0.89814186
vn 0.12207609 0.63722795 0.76094544
vn -0.2705067 -0.8728176 0.406221
vn -0.33310178 -0.91854143 0.21289665
vn -0.21530917 -0.86461854 0.4539566
vn -0.019609112 -0.8975561 0.440464
vn -0.16109322 -0.8746337 0.4572359
vn 0.20590572 -0.43582755 0.8761605
vn 0.2872475 0.6643059 0.69006276
vn -0.0007082824 -0.9647322 0.26323223
vn 0.0036002207 -0.99176264 -0.12803845
vn 0.33312494 -0.92364717 0.18948252
vn 0.47214183 -0.42111537 0.7744313
vn 0.60242075 0.6247422 0.49677598
vn 0.72485787 -0.40909925 0.55427325
vn 0.2921434 -0.87639177 0.38287038
vn 0.46263215 -0.83474725 0.29861102
vn 0.22376357 -0.88409436 0.41025227
vn 0.09440172 -0.8963919 0.43309325
vn 0.65056264 0.09544719 0.75343084
vn 0.73258734 0.65251034 0.19376801
vn 0.7381788 0.09351413 0.6680921
vn 0.7457618 0.6572798 0.10873154
vn 0.38347375 0.9206905 0.07264295
vn 0.8835146 -0.4111927 0.22432666
vn 0.7331912 0.67544764 0.078747414
vn 0.41065478 0.90857464 -0.076516524
vn 0.89893585 -0.411443 0.15042889
vn 0.5939169 -0.78571767 0.1729461
vn 0.81867003 0.556945 -0.13997027
vn 0.66192144 0.3093437 -0.6827639
vn 0.87916434 -0.39211446 0.2707701
vn 0.6663569 -0.7346065 0.12775643
vn 0.48133525 -0.8760871 0.02806711
vn 0.47058252 0.5441576 -0.6945823
vn 0.018963307 0.5191923 0.854447
vn 0.9000765 -0.43100834 -0.06398377
vn 0.687323 -0.6762878 0.2649942
vn 0.31431183 -0.91900635 0.23798187
vn -0.00080805115 -0.9861559 0.16581908
vn 0.0038666825 -0.99954116 0.030042654
vn -0.3207306 -0.9198036 0.2260378
vn -0.48350883 -0.874665 0.034355853
vn 0.70819914 -0.6868355 0.16343524
vn 0.46772707 -0.88385636 -0.005415835
vn 0.32791835 -0.89219916 -0.3105644
vn 0.528843 -0.46324173 -0.7111486
vn -0.6925852 -0.6753753 0.25336525
vn -0.48226842 -0.8758664 -0.01659195
vn 0.0052787927 0.6085317 -0.793512
vn -0.7311757 0.1952457 -0.6536522
vn -0.0077755423 -0.46812263 -0.8836293
vn -0.012103845 -0.9132979 -0.40711245
vn -0.46744645 0.5535424 -0.6892639
vn -0.578195 0.8158941 -0.0027044213
vn -0.5353251 -0.45372206 -0.7124348
vn -0.34218067 -0.8846996 -0.3165738
vn -0.8180004 0.5614136 -0.12526026
vn -0.5731346 0.8067781 0.14361706
vn -0.7127761 -0.68599993 0.14613132
vn -0.90047556 -0.42984557 -0.06615448
vn -0.739646 0.66362464 0.11192055
vn -0.8811639 0.04687307 0.47048184
vn -0.87799793 -0.39858603 0.26504502
vn -0.76015264 0.6426263 0.09591361
vn -0.80446017 0.09064609 0.58704966
vn -0.74600935 0.640923 0.18079749
vn -0.8925282 -0.42292112 0.15662445
vn -0.87255394 -0.4168887 0.25466323
vn -0.6658292 -0.7336735 0.13562685
vn -0.58120936 -0.7876943 0.20428734
vn -0.00080805115 -0.9861559 0.16581908
vn 0.31431183 -0.91900635 0.23798187
vn 0.46772707 -0.88385636 -0.005415835
vn -0.007960458 -0.99170107 -0.12831827
vn -0.3207306 -0.9198036 0.2260378
vn 0.32791835 -0.89219916 -0.3105644
vn -0.48226842 -0.8758664 -0.01659195
vn -0.012103845 -0.9132979 -0.40711245
vn -0.34218067 -0.8846996 -0.3165738
vn 0.7381788 0.09351413 0.6680921
vn 0.73258734 0.65251034 0.19376801
vn 0.60242075 0.6247422 0.49677598
vn 0.8835146 -0.4111927 0.22432666
vn 0.72485787 -0.40909925 0.55427325
vn 0.5939169 -0.78571767 0.1729461
vn 0.46263215 -0.83474725 0.29861102
vn 0.48133525 -0.8760871 0.02806711
vn 0.33312494 -0.92364717 0.18948252
vn 0.0038666825 -0.99954116 0.030042654
vn 0.0036002207 -0.99176264 -0.12803845
vn -0.48350883 -0.874665 0.034355853
vn -0.33310178 -0.91854143 0.21289665
vn -0.58120936 -0.7876943 0.20428734
vn -0.4242322 -0.8379588 0.3432958
vn -0.87255394 -0.4168887 0.25466323
vn -0.703205 -0.41826084 0.574944
vn -0.74600935 0.640923 0.18079749
vn -0.6103365 0.6303077 0.47979334
vn -0.80446017 0.09064609 0.58704966
vn -0.1668838 -0.8710208 0.462031
vn -0.80446017 0.09064609 0.58704966
vn -0.8811639 0.04687307 0.47048184
vn -0.092930794 -0.9916122 0.08982819
vn -0.5731346 0.8067781 0.14361706
vn -0.23524855 -0.96935105 -0.07082798
vn -0.1468088 -0.9288028 -0.34025365
vn -0.26624608 -0.52311355 -0.8096081
vn -0.038680546 -0.99688584 0.06871903
vn -0.6399959 -0.6803791 -0.35705698
vn 0.016047506 -0.8664001 0.4990926
vn -0.23226774 0.0148833385 -0.972538
vn -0.84169656 -0.004253941 -0.5399341
vn 0.03373539 -0.4092229 0.9118106
vn -0.038185336 -0.44249558 0.8959574
vn -0.023666907 0.0009818673 0.99971944
vn 0.037471145 0.00026807512 0.9992976
vn -0.04176962 0.44860214 0.892755
vn 0.036845803 0.41222468 0.9103369
vn -0.053635594 0.90826046 0.41495326
vn 0.044445988 0.88068753 0.4716079
vn -0.04110719 0.998623 -0.0325922
vn 0.050063267 0.9987457 0.00085964915
vn -0.19735327 0.53681254 -0.820295
vn -0.635496 0.664211 -0.39366058
vn -0.22452731 0.96056527 -0.16401753
vn -0.035531033 0.9219998 -0.3855566
vn -0.9999608 -0.0052409098 -0.0071410425
vn -0.9999608 -0.0052409098 -0.0071410425
vn -0.9999608 -0.0052409098 -0.0071410425
vn -0.9999608 -0.0052409098 -0.0071410425
vn -0.9999807 0.005571977 -0.0027690066
vn -0.9999807 0.005571977 -0.0027690066
vn -0.9999889 0.0035752773 0.0030682078
vn -0.9999889 0.0035752773 0.0030682078
vn -0.9999889 0.0035752773 0.0030682078
vn -0.9999889 0.0035752773 0.0030682078
vn -0.9999901 0.0007593129 0.004393959
vn -0.9999901 0.0007593129 0.004393959
vn -0.99999213 -0.0023775077 0.003180031
vn -0.99999213 -0.0023775077 0.003180031
vn -0.9999907 -0.002301737 -0.0036616845
vn -0.9999907 -0.002301737 -0.0036616845
vn -0.9999907 -0.002301737 -0.0036616845
vn -0.9999907 -0.002301737 -0.0036616845
vn -0.9999896 -0.0003040829 -0.004554068
vn -0.9999896 -0.0003040829 -0.004554068
vn -0.9999857 0.002713736 -0.004613663
vn -0.9999857 0.002713736 -0.004613663
vn -0.9999857 0.002713736 -0.004613663
vn -0.9999857 0.002713736 -0.004613663
vn -0.9999713 0.004124014 -0.0063698925
vn -0.9999713 0.004124014 -0.0063698925
vn -0.9999713 0.004124014 -0.0063698925
vn -0.9999713 0.004124014 -0.0063698925
vn -0.9999813 -0.0003271811 -0.006113784
vn -0.9999813 -0.0003271811 -0.006113784
vn -0.9999813 -0.0003271811 -0.006113784
vn -0.9999813 -0.0003271811 -0.006113784
vn -0.9999733 0.00422014 -0.0059694243
vn -0.9999733 0.00422014 -0.0059694243
vn 0.9999608 0.005243416 0.0071420516
vn 0.9999608 0.005243416 0.0071420516
vn 0.9999608 0.005243416 0.0071420516
vn 0.9999608 0.005243416 0.0071420516
vn 0.9999807 -0.0055732136 0.0027661445
vn 0.9999807 -0.0055732136 0.0027661445
vn 0.9999889 -0.0035791919 -0.0030670094
vn 0.9999889 -0.0035791919 -0.0030670094
vn 0.9999889 -0.0035791919 -0.0030670094
vn 0.9999889 -0.0035791919 -0.0030670094
vn 0.9999901 -0.00075600814 -0.0043947534
vn 0.9999901 -0.00075600814 -0.0043947534
vn 0.99999213 0.0023753783 -0.0031799998
vn 0.99999213 0.0023753783 -0.0031799998
vn 0.9999907 0.002301133 0.0036612367
vn 0.9999907 0.002301133 0.0036612367
vn 0.9999907 0.002301133 0.0036612367
vn 0.9999907 0.002301133 0.0036612367
vn 0.9999896 0.0003040577 0.0045541995
vn 0.9999896 0.0003040577 0.0045541995
vn 0.9999857 -0.002714977 0.004613391
vn 0.9999857 -0.002714977 0.004613391
vn 0.9999857 -0.002714977 0.004613391
vn 0.9999857 -0.002714977 0.004613391
vn 0.9999713 -0.004125338 0.0063710534
vn 0.9999713 -0.004125338 0.0063710534
vn 0.9999713 -0.004125338 0.0063710534
vn 0.9999713 -0.004125338 0.0063710534
vn 0.9999813 0.00032695272 0.0061145704
vn 0.9999813 0.00032695272 0.0061145704
vn 0.9999813 0.00032695272 0.0061145704
vn 0.9999813 0.00032695272 0.0061145704
vn 0.9999733 -0.0042209555 0.0059697474
vn 0.9999733 -0.0042209555 0.0059697474
vn -0.06363541 -0.15011731 -0.9866181
vn -0.07431475 0.17627843 -0.981531
vn 0.073783554 0.17720404 -0.98140436
vn 0.06407942 -0.1500983 -0.98659235
vn -0.049110107 0.6299376 -0.77509147
vn 0.04952258 0.62996256 -0.775045
vn -0.023654103 0.9697822 0.24282283
vn 0.024133878 0.96976197 0.2428563
vn 0.07195662 0.4286751 0.9005887
vn -0.07166633 0.42866644 0.90061593
vn -0.08250275 -0.20899895 0.9744295
vn 0.08303997 -0.20889431 0.97440624
vn 0.05652877 -0.8375872 0.5433712
vn -0.055565674 -0.8376783 0.5433299
vn 0.0029575895 -0.95103675 -0.30906376
vn -0.0014010941 -0.9510225 -0.30911848
vn 0.038448725 -0.48490733 -0.87371993
vn -0.036956195 -0.48484352 -0.87381977
vn -0.044467203 -0.054243572 -0.99753714
vn 0.046001326 -0.054384835 -0.99745995
vn 0.036472324 0.47060165 -0.88159174
vn -0.03476436 0.47071466 -0.8816003
vn -0.0029625245 0.8945937 -0.44687054
vn 0.0045759776 0.8945435 -0.44695744
vn 0.042636193 0.98674995 0.15654577
vn -0.0409572 0.9869156 0.15594862
vn 0.086266324 0.6996608 0.7092482
vn -0.08447797 0.7007913 0.7083468
vn -0.10054723 0.30565313 0.9468191
vn 0.10288085 0.30464497 0.9468933
vn 0.113791436 -0.20397857 0.9723396
vn -0.11160205 -0.20416062 0.97255516
vn 0.08853815 0.093532786 0.9916716
vn -0.0877315 0.09455162 0.9916467
vn -0.008721667 0.99303013 0.11753773
vn -0.05080577 0.17633136 0.9830188
vn 0.008000679 0.992949 0.118272394
vn 0.04964676 0.17634273 0.983076
vn 0.0344538 -0.64006895 0.7675446
vn -0.03568025 -0.6401071 0.7674567
vn 0.027390037 -0.9993175 -0.024783935
vn -0.029056195 -0.99927336 -0.024670081
vn 0.090925224 -0.54435706 -0.8339113
vn -0.09268178 -0.54431945 -0.8337424
vn 0.107115045 0.3001637 -0.9478545
vn -0.109280504 0.29995406 -0.9476736
vn -0.07702363 0.91029406 -0.4067336
vn 0.07428651 0.9105373 -0.40669814
vn 0.02285193 0.9257427 0.3774629
vn -0.026007356 0.92566586 0.3774473
vn 0.012806555 0.45618254 0.88979405
vn -0.015759563 0.4562132 0.889731
vn -0.024042463 -0.04367707 0.9987564
vn 0.02115897 -0.04372824 0.9988193
vn -0.012193742 -0.51789075 0.85535985
vn 0.009162457 -0.5179616 0.8553548
vn 0.02355488 -0.9216373 0.3873371
vn -0.026584662 -0.9216711 0.38706028
vn -0.073443666 -0.96426886 -0.25454187
vn 0.07043677 -0.9647289 -0.25364712
vn 0.10686255 -0.6715018 -0.7332569
vn -0.109833196 -0.6699755 -0.7342136
vn 0.12227968 -0.25575277 -0.95897776
vn -0.12575476 -0.254532 -0.9588531
vn 0.12813152 0.28210893 -0.9507875
vn -0.13126196 0.28193742 -0.95041126
vn 0.050294377 0.997872 -0.041497298
vn -0.052717604 0.9977964 -0.040289305
vn -3.2558444E-05 0.76653314 -0.6422048
vn -3.2558444E-05 0.76653314 -0.6422048
vn -3.2558444E-05 0.76653314 -0.6422048
vn -3.2558444E-05 0.76653314 -0.6422048
vn 7.006613E-05 0.7303345 0.6830896
vn 7.006613E-05 0.7303345 0.6830896
vn 7.006613E-05 0.7303345 0.6830896
vn 7.006613E-05 0.7303345 0.6830896
vn -0.16533712 0.9853838 -0.041015472
vn 0.4784203 0.24290353 -0.8438673
vn 0.46972603 0.8620452 -0.19035603
vn -0.335659 0.26595768 -0.90365905
vn 0.5123891 -0.21624924 -0.83107984
vn -0.3218996 -0.24112184 -0.915555
vn 0.5086011 -0.563424 -0.65105927
vn -0.2890905 -0.64166623 -0.7104162
vn 0.5394104 -0.8043207 -0.24920791
vn -0.20937604 -0.9436841 -0.25616813
vn 0.57359207 -0.77132607 0.27576852
vn -0.101602785 -0.9202896 0.37781486
vn 0.63164896 -0.41859177 0.6525339
vn -0.012058135 -0.52124083 0.8533245
vn 0.656149 -0.037029292 0.7537223
vn 0.01884218 -0.0440046 0.9988537
vn 0.63362366 0.36978763 0.67954266
vn -0.0023318916 0.45945415 0.88819844
vn 0.5657525 0.78112715 0.26412958
vn -0.0993331 0.92470485 0.3674968
vn 0.52734256 0.76116717 -0.37753737
vn -0.21142888 0.8894431 -0.40520212
vn 0.48980466 0.25634712 -0.83329314
vn -0.27513066 0.28733647 -0.9174644
vn 0.51356035 -0.44094577 -0.73608595
vn -0.23557699 -0.5284246 -0.81564146
vn 0.5523449 -0.8279133 -0.09733798
vn -0.092165515 -0.9951083 -0.03556438
vn 0.65391254 -0.5123981 0.55663866
vn 0.06775937 -0.644645 0.76147336
vn 0.6514256 0.14647126 0.7444399
vn 0.10698029 0.1786461 0.97808015
vn 0.5471449 0.8369311 0.01336872
vn -0.039217275 0.99423474 0.099796765
vn -0.46918353 0.8621833 -0.19106755
vn 0.3279098 0.2667279 -0.9062734
vn 0.15762225 0.9865317 -0.04370981
vn -0.47773558 0.24265593 -0.8443262
vn 0.31434697 -0.24455604 -0.91726685
vn -0.5088283 -0.21290156 -0.83412635
vn 0.2806746 -0.6467454 -0.7091841
vn -0.51223 -0.5569612 -0.6537696
vn 0.20011488 -0.94625485 -0.25407842
vn -0.5460993 -0.798392 -0.2536647
vn 0.09186601 -0.9208734 0.3788836
vn -0.5829651 -0.76625943 0.27018195
vn 0.0026690704 -0.5212167 0.85342014
vn -0.6406403 -0.41454083 0.646325
vn -0.0279507 -0.04393943 0.9986431
vn -0.6631625 -0.035196967 0.74764746
vn -0.006861144 0.4595301 0.88813573
vn -0.64107406 0.3675521 0.6737429
vn 0.08983766 0.925611 0.36765954
vn -0.57221806 0.7770956 0.26208553
vn 0.20370275 0.8909471 -0.4058553
vn -0.5335753 0.75743115 -0.37629196
vn 0.2691949 0.28797752 -0.9190229
vn -0.49554786 0.25488734 -0.8303402
vn 0.23066062 -0.5289552 -0.8167019
vn -0.51906854 -0.4393306 -0.73318243
vn 0.08720266 -0.9955434 -0.03590309
vn -0.55759186 -0.82444316 -0.09687463
vn -0.07158164 -0.64457625 0.76118165
vn -0.6596839 -0.5086855 0.55322355
vn -0.11067268 0.1785886 0.9776798
vn -0.65740806 0.14579609 0.7392958
vn 0.03581557 0.99422187 0.101193056
vn -0.5547514 0.83195144 0.0103817405
vn 0.28729743 -0.19454905 0.9378757
vn 0.22279215 0.10482797 0.9692134
vn 0.67674506 0.1488556 0.721012
vn 0.8850489 -0.096066944 0.45547733
vn 0.2603786 0.29431802 0.91955423
vn 0.83253413 0.16222693 0.5296879
vn 0.22428551 0.68067557 0.69740725
vn 0.86102533 0.33679712 0.3810553
vn 0.12417995 0.97881514 0.16278924
vn 0.82901883 0.54569477 0.12224963
vn 0.014695464 0.8979744 -0.4398024
vn 0.7989288 0.5524597 -0.23769942
vn -0.06487011 0.473696 -0.878296
vn 0.7648198 0.3176063 -0.56051487
vn -0.089894585 -0.054428034 -0.9944629
vn 0.7389526 -0.037535165 -0.6727111
vn -0.07185608 -0.48643357 -0.8707578
vn 0.73611253 -0.33949652 -0.58555996
vn 0.02799226 -0.95465064 -0.29640952
vn 0.8614669 -0.49359855 -0.11931142
vn 0.14555328 -0.8266416 0.5435788
vn 0.8365277 -0.44933608 0.31355777
vn 0.20054795 -0.20339134 0.9583384
vn 0.8769675 -0.098237865 0.4704013
vn 0.17404707 0.42149216 0.88997304
vn 0.81694233 0.23978555 0.5245076
vn 0.06748877 0.96447563 0.25540566
vn 0.8942784 0.42103088 0.15165454
vn -0.11173784 0.6347219 -0.76461947
vn 0.79889864 0.40506026 -0.44462028
vn -0.14860894 -0.15073358 -0.9773407
vn 0.7472455 -0.10758423 -0.6557818
vn -0.1728925 0.17022467 -0.9701194
vn 0.51590765 0.15684304 -0.8421637
vn -0.8873098 -0.09394334 0.45150408
vn -0.6804048 0.14830004 0.7176744
vn -0.2204121 0.10551414 0.96968305
vn -0.28178397 -0.19500668 0.93945205
vn -0.8332426 0.17000893 0.5261215
vn -0.2554907 0.2970354 0.9200514
vn -0.86044085 0.34956837 0.370734
vn -0.21885175 0.68414485 0.6957368
vn -0.82555 0.5534002 0.11052245
vn -0.11861658 0.9797648 0.1612177
vn -0.7940413 0.555465 -0.24689493
vn -0.0093467925 0.8978931 -0.44011447
vn -0.75928605 0.32132128 -0.5658952
vn 0.07008421 0.4734032 -0.8780533
vn -0.7331339 -0.035646025 -0.67914945
vn 0.0948232 -0.054716475 -0.9939892
vn -0.73061 -0.34114802 -0.59146166
vn 0.07657829 -0.4864487 -0.8703467
vn -0.85767645 -0.4995997 -0.1216199
vn -0.023279142 -0.9548094 -0.29630587
vn -0.8332597 -0.4529519 0.31703755
vn -0.14285465 -0.8269711 0.54379344
vn -0.8741022 -0.098717585 0.4756052
vn -0.19904818 -0.20353699 0.9586201
vn -0.81385756 0.24198832 0.5282779
vn -0.17326139 0.42151374 0.8901161
vn -0.8910116 0.42781398 0.15189973
vn -0.06615065 0.96455395 0.25545982
vn -0.79271436 0.40915942 -0.45187667
vn 0.1131159 0.63471484 -0.76442254
vn -0.7403789 -0.10937017 -0.66323245
vn 0.1500072 -0.15066399 -0.9771378
vn -0.50915265 0.15418048 -0.84675384
vn 0.17283098 0.17205507 -0.9698075
vn 0.081337795 0.72749424 0.6812755
vn 0.081337795 0.72749424 0.6812755
vn 0.081337795 0.72749424 0.6812755
vn 0.081337795 0.72749424 0.6812755
vn -0.084698774 0.7281415 0.6801735
vn -0.084698774 0.7281415 0.6801735
vn -0.084698774 0.7281415 0.6801735
vn -0.084698774 0.7281415 0.6801735
vn -0.1618093 0.7555263 -0.63482106
vn -0.1618093 0.7555263 -0.63482106
vn -0.1618093 0.7555263 -0.63482106
vn -0.1618093 0.7555263 -0.63482106
vn 0.15982029 0.7578915 -0.6325013
vn 0.15982029 0.7578915 -0.6325013
vn 0.15982029 0.7578915 -0.6325013
vn 0.15982029 0.7578915 -0.6325013
vn -0.335659 0.26595768 -0.90365905
vn -0.16533712 0.9853838 -0.041015472
vn -0.052717604 0.9977964 -0.040289305
vn -0.13126196 0.28193742 -0.95041126
vn -0.3218996 -0.24112184 -0.915555
vn -0.12575476 -0.254532 -0.9588531
vn -0.2890905 -0.64166623 -0.7104162
vn -0.109833196 -0.6699755 -0.7342136
vn -0.20937604 -0.9436841 -0.25616813
vn -0.073443666 -0.96426886 -0.25454187
vn -0.101602785 -0.9202896 0.37781486
vn -0.026584662 -0.9216711 0.38706028
vn -0.012058135 -0.52124083 0.8533245
vn 0.009162457 -0.5179616 0.8553548
vn 0.01884218 -0.0440046 0.9988537
vn 0.02115897 -0.04372824 0.9988193
vn -0.0023318916 0.45945415 0.88819844
vn 0.012806555 0.45618254 0.88979405
vn -0.0993331 0.92470485 0.3674968
vn -0.026007356 0.92566586 0.3774473
vn -0.21142888 0.8894431 -0.40520212
vn -0.07702363 0.91029406 -0.4067336
vn -0.27513066 0.28733647 -0.9174644
vn -0.109280504 0.29995406 -0.9476736
vn -0.23557699 -0.5284246 -0.81564146
vn -0.09268178 -0.54431945 -0.8337424
vn -0.092165515 -0.9951083 -0.03556438
vn -0.029056195 -0.99927336 -0.024670081
vn 0.06775937 -0.644645 0.76147336
vn 0.0344538 -0.64006895 0.7675446
vn 0.10698029 0.1786461 0.97808015
vn 0.04964676 0.17634273 0.983076
vn -0.039217275 0.99423474 0.099796765
vn -0.008721667 0.99303013 0.11753773
vn 0.15762225 0.9865317 -0.04370981
vn 0.12813152 0.28210893 -0.9507875
vn 0.050294377 0.997872 -0.041497298
vn 0.3279098 0.2667279 -0.9062734
vn 0.12227968 -0.25575277 -0.95897776
vn 0.31434697 -0.24455604 -0.91726685
vn 0.10686255 -0.6715018 -0.7332569
vn 0.2806746 -0.6467454 -0.7091841
vn 0.07043677 -0.9647289 -0.25364712
vn 0.20011488 -0.94625485 -0.25407842
vn 0.02355488 -0.9216373 0.3873371
vn 0.09186601 -0.9208734 0.3788836
vn -0.012193742 -0.51789075 0.85535985
vn 0.0026690704 -0.5212167 0.85342014
vn -0.024042463 -0.04367707 0.9987564
vn -0.0279507 -0.04393943 0.9986431
vn -0.015759563 0.4562132 0.889731
vn -0.006861144 0.4595301 0.88813573
vn 0.02285193 0.9257427 0.3774629
vn 0.08983766 0.925611 0.36765954
vn 0.07428651 0.9105373 -0.40669814
vn 0.20370275 0.8909471 -0.4058553
vn 0.107115045 0.3001637 -0.9478545
vn 0.2691949 0.28797752 -0.9190229
vn 0.090925224 -0.54435706 -0.8339113
vn 0.23066062 -0.5289552 -0.8167019
vn 0.027390037 -0.9993175 -0.024783935
vn 0.08720266 -0.9955434 -0.03590309
vn -0.03568025 -0.6401071 0.7674567
vn -0.07158164 -0.64457625 0.76118165
vn -0.05080577 0.17633136 0.9830188
vn -0.11067268 0.1785886 0.9776798
vn 0.008000679 0.992949 0.118272394
vn 0.03581557 0.99422187 0.101193056
vn 0.22279215 0.10482797 0.9692134
vn 0.113791436 -0.20397857 0.9723396
vn 0.08853815 0.093532786 0.9916716
vn 0.28729743 -0.19454905 0.9378757
vn 0.10288085 0.30464497 0.9468933
vn 0.2603786 0.29431802 0.91955423
vn 0.086266324 0.6996608 0.7092482
vn 0.22428551 0.68067557 0.69740725
vn 0.042636193 0.98674995 0.15654577
vn 0.12417995 0.97881514 0.16278924
vn -0.0029625245 0.8945937 -0.44687054
vn 0.014695464 0.8979744 -0.4398024
vn -0.03476436 0.47071466 -0.8816003
vn -0.06487011 0.473696 -0.878296
vn -0.044467203 -0.054243572 -0.99753714
vn -0.089894585 -0.054428034 -0.9944629
vn -0.036956195 -0.48484352 -0.87381977
vn -0.07185608 -0.48643357 -0.8707578
vn 0.0029575895 -0.95103675 -0.30906376
vn 0.02799226 -0.95465064 -0.29640952
vn 0.05652877 -0.8375872 0.5433712
vn 0.14555328 -0.8266416 0.5435788
vn 0.08303997 -0.20889431 0.97440624
vn 0.20054795 -0.20339134 0.9583384
vn 0.07195662 0.4286751 0.9005887
vn 0.17404707 0.42149216 0.88997304
vn 0.024133878 0.96976197 0.2428563
vn 0.06748877 0.96447563 0.25540566
vn -0.049110107 0.6299376 -0.77509147
vn -0.11173784 0.6347219 -0.76461947
vn -0.06363541 -0.15011731 -0.9866181
vn -0.14860894 -0.15073358 -0.9773407
vn -0.07431475 0.17627843 -0.981531
vn -0.1728925 0.17022467 -0.9701194
vn -0.28178397 -0.19500668 0.93945205
vn -0.2204121 0.10551414 0.96968305
vn -0.0877315 0.09455162 0.9916467
vn -0.11160205 -0.20416062 0.97255516
vn -0.2554907 0.2970354 0.9200514
vn -0.10054723 0.30565313 0.9468191
vn -0.21885175 0.68414485 0.6957368
vn -0.08447797 0.7007913 0.7083468
vn -0.11861658 0.9797648 0.1612177
vn -0.0409572 0.9869156 0.15594862
vn -0.0093467925 0.8978931 -0.44011447
vn 0.0045759776 0.8945435 -0.44695744
vn 0.07008421 0.4734032 -0.8780533
vn 0.036472324 0.47060165 -0.88159174
vn 0.0948232 -0.054716475 -0.9939892
vn 0.046001326 -0.054384835 -0.99745995
vn 0.07657829 -0.4864487 -0.8703467
vn 0.038448725 -0.48490733 -0.87371993
vn -0.023279142 -0.9548094 -0.29630587
vn -0.0014010941 -0.9510225 -0.30911848
vn -0.14285465 -0.8269711 0.54379344
vn -0.055565674 -0.8376783 0.5433299
vn -0.19904818 -0.20353699 0.9586201
vn -0.08250275 -0.20899895 0.9744295
vn -0.17326139 0.42151374 0.8901161
vn -0.07166633 0.42866644 0.90061593
vn -0.06615065 0.96455395 0.25545982
vn -0.023654103 0.9697822 0.24282283
vn 0.1131159 0.63471484 -0.76442254
vn 0.04952258 0.62996256 -0.775045
vn 0.1500072 -0.15066399 -0.9771378
vn 0.06407942 -0.1500983 -0.98659235
vn 0.17283098 0.17205507 -0.9698075
vn 0.073783554 0.17720404 -0.98140436
vn 0.07094495 0.7281213 0.681767
vn 0.07094495 0.7281213 0.681767
vn 0.07094495 0.7281213 0.681767
vn 0.07094495 0.7281213 0.681767
vn -0.07253785 0.7287759 0.6808994
vn -0.07253785 0.7287759 0.6808994
vn -0.07253785 0.7287759 0.6808994
vn -0.07253785 0.7287759 0.6808994
vn -0.10973033 0.7613068 -0.63903916
vn -0.10973033 0.7613068 -0.63903916
vn -0.10973033 0.7613068 -0.63903916
vn -0.10973033 0.7613068 -0.63903916
vn 0.10867136 0.7628306 -0.6374009
vn 0.10867136 0.7628306 -0.6374009
vn 0.10867136 0.7628306 -0.6374009
vn 0.10867136 0.7628306 -0.6374009
vn 0.051119033 0.7707938 0.6350306
vn -0.009906471 0.74024093 -0.67226875
vn 0.07369116 0.7413858 -0.66702074
vn 0.033828843 0.7662459 -0.6416563
vn 0.0028850858 0.805636 0.59240395
vn -0.008430074 0.75813335 0.6520452
vn -0.038749766 0.7700436 0.63681334
vn -0.08685018 0.7407954 -0.6660925
vn 0.01943624 0.75700545 0.65311956
vn -0.031118985 0.7678382 -0.63988763
vn 0.12607871 0.78761286 -0.6031336
vn 0.07126102 0.750623 0.65687674
vn 0.3471801 0.6643028 0.6619424
vn 0.3964746 0.71593237 -0.5746727
vn 0.63007855 0.40429398 0.6629837
vn 0.6880215 0.44936153 -0.5698252
vn -0.063522466 0.75181085 0.65631187
vn -0.12011869 0.78798145 -0.6038682
vn 0.75960463 -0.004344677 0.6503706
vn 0.82284254 0.019345036 -0.56794006
vn 0.7012877 -0.3869611 -0.59871244
vn 0.6491006 -0.4021559 0.6457082
vn -0.36350527 0.6232593 -0.6923955
vn -0.34027126 0.6691745 0.6606217
vn -0.6262536 0.41095102 0.6625145
vn -0.5021871 0.37816757 -0.7776873
vn -0.7562296 0.00016513004 0.6543065
vn -0.7656029 0.029666625 -0.6426291
vn 0.45090595 -0.61855465 -0.6434858
vn 0.41725308 -0.67421293 0.6093741
vn 0.16730455 -0.82797796 0.5352212
vn 0.15613434 -0.70925987 -0.6874391
vn -0.015535286 -0.8288443 0.5592636
vn 0.0040619457 -0.70935374 -0.7048409
vn -0.0043910597 -0.84578115 0.5335119
vn 0.035532072 -0.6630473 -0.7477337
vn -0.008510655 -0.88726944 0.461173
vn -0.009038766 -0.641456 -0.7671065
vn 0.0022014575 -0.8485726 0.5290743
vn -0.05272766 -0.6611254 -0.7484203
vn 0.022414573 -0.8363565 0.54772747
vn -0.01684875 -0.70957583 -0.7044277
vn -0.17565179 -0.8131648 0.5548959
vn -0.17182949 -0.70937526 -0.68356526
vn -0.42255265 -0.6634984 0.61742944
vn -0.45587596 -0.6249324 -0.6337481
vn -0.6444302 -0.39818588 0.6528076
vn -0.7036279 -0.39522076 -0.5905153
vn -0.08221046 0.9582357 0.27390856
vn 0.050474793 0.9733305 0.22378568
vn 0.03689062 0.9656934 0.25705102
vn -0.07848292 0.96181256 0.26221552
vn -0.4075604 0.8527026 0.3267916
vn -0.43208513 0.8281558 0.35701606
vn -0.7653421 0.51295763 0.38874918
vn -0.742309 0.51418835 0.42963687
vn -0.90209496 -0.017953979 0.4311639
vn -0.8828412 0.002644531 0.46966413
vn -0.76548475 -0.49453393 0.41166648
vn -0.75865525 -0.49657646 0.42172754
vn -0.4532247 -0.82264966 0.34327084
vn -0.4511766 -0.8284057 0.33193925
vn -0.11427746 -0.9541149 0.27677673
vn -0.115158394 -0.96099806 0.25143844
vn 0.10691191 -0.96359056 0.24507786
vn 0.105351076 -0.9706011 0.21641348
vn 0.10213559 -0.9644915 0.2435662
vn 0.09892538 -0.97183776 0.21388116
vn 0.0067049502 -0.97000176 0.24300584
vn 0.006150214 -0.9763514 0.21610205
vn -0.09048473 -0.9657846 0.24304847
vn -0.08823358 -0.9729595 0.21345854
vn -0.10745199 -0.9639532 0.24340953
vn -0.106290884 -0.9708618 0.21477814
vn 0.10616723 -0.955331 0.27580988
vn 0.10685796 -0.96225345 0.25029913
vn 0.45097068 -0.8236443 0.3438538
vn 0.44882134 -0.8295516 0.33227038
vn 0.76560885 -0.49423888 0.41178995
vn 0.7588437 -0.49645308 0.42153367
vn 0.89462656 -0.0014013819 0.44681245
vn 0.8835306 0.0010816522 0.4683721
vn 0.75606626 0.50638086 0.41465917
vn 0.7452412 0.51101136 0.42834917
vn 0.42488086 0.8367215 0.34550458
vn 0.43956953 0.8239824 0.35753563
vn 0.09138774 0.9571257 0.2748794
vn 0.08810975 0.9604031 0.26431552
vn -0.03985626 0.9732721 0.22616991
vn -0.025634661 0.9654407 0.2593593
vn 0.4671174 -0.8061052 -0.36331227
vn 0.11339168 -0.92011666 -0.37486997
vn 0.8037666 -0.5061595 -0.31266898
vn -0.13637872 -0.9195709 -0.36849725
vn 0.9547648 0.009906309 -0.29719707
vn -0.061516933 -0.9143329 -0.40026373
vn 0.7886287 0.5378255 -0.29800746
vn -0.00899601 -0.90773165 -0.41945478
vn 0.4321623 0.839469 -0.32943523
vn 0.05746905 -0.9146636 -0.4001097
vn 0.09558105 0.94137406 -0.32354146
vn 0.12804149 -0.9201992 -0.3699173
vn -0.07013991 0.95109916 -0.300817
vn -0.007531633 0.9488198 -0.3157281
vn -0.006658142 0.9269467 -0.37513408
vn -0.12328352 -0.9212956 -0.36880288
vn -0.4716128 -0.8072543 -0.35485482
vn -0.804743 -0.5091803 -0.30516264
vn -0.9773018 0.04075166 -0.20789567
vn -0.7982685 0.51801896 -0.3072844
vn -0.4559121 0.85227174 -0.25647038
vn -0.090359785 0.94174165 -0.3239719
vn 0.07576443 0.9498011 -0.3035419
vn 0.008124902 0.94901764 -0.31511837
vn -0.42841145 0.03731529 0.902813
vn -0.15661615 -0.2506328 0.9553296
vn -0.64119965 -0.7040268 0.30530167
vn -0.86880404 -0.37463483 0.32377204
vn -0.7138409 0.53171176 0.45575616
vn -0.9648476 0.25192493 -0.07485234
vn -0.74809897 0.612075 -0.25634375
vn -0.5570618 0.7830315 -0.27666548
vn -0.7138409 0.53171176 0.45575616
vn -0.52307665 0.70260155 0.4824333
vn -0.07336291 0.9968442 -0.03032538
vn -0.14238375 0.35738578 0.92303973
vn 0.33150092 0.8511073 0.4070915
vn 0.49680728 0.7248869 0.4772017
vn 0.13890003 0.13877773 0.9805344
vn -0.42841145 0.03731529 0.902813
vn -0.52307665 0.70260155 0.4824333
vn -0.14238375 0.35738578 0.92303973
vn -0.29225743 0.36284855 0.8848314
vn -0.27348334 -0.0050313915 0.9618635
vn -0.8319426 -0.09080909 0.5473802
vn -0.9270478 0.24509852 0.2837412
vn -0.28952208 0.86967784 0.39979663
vn -0.67096555 0.73344785 -0.10890114
vn -0.29873708 0.90017146 -0.31693453
vn -0.04610018 0.9360308 -0.34888533
vn -0.28952208 0.86967784 0.39979663
vn -0.035521366 0.90927523 0.41467673
vn 0.48385 0.8675994 -0.11471865
vn 0.13298193 0.43076724 0.89261156
vn 0.74306643 0.5278571 0.41136253
vn 0.8050904 0.31993175 0.49947292
vn 0.20851225 0.060764544 0.9761303
vn -0.29225743 0.36284855 0.8848314
vn -0.035521366 0.90927523 0.41467673
vn 0.13298193 0.43076724 0.89261156
vn 0.11412381 -0.9924643 0.044613373
vn 0.10333885 -0.8285346 0.55031943
vn 0.0920892 -0.84338826 0.5293541
vn 0.07806536 -0.35789448 0.93049306
vn 0.08278722 -0.9956292 0.043229178
vn 0.1058817 -0.85016656 -0.5157575
vn 0.056227908 -0.86678696 -0.49549863
vn 0.06405444 -0.35071582 -0.9342888
vn -0.038680546 -0.99688584 0.06871903
vn 0.016047506 -0.8664001 0.4990926
vn -0.1468088 -0.9288028 -0.34025365
vn -0.26624608 -0.52311355 -0.8096081
vn 0.03373539 -0.4092229 0.9118106
vn 0.03028752 -0.3750304 -0.9265176
vn 0.042161766 0.00012219702 -0.99911076
vn -0.23226774 0.0148833385 -0.972538
vn 0.019713078 0.00013655682 -0.99980575
vn 0.063995056 0.35097018 -0.9341973
vn -0.19735327 0.53681254 -0.820295
vn 0.07676274 -0.37145683 0.9252715
vn 0.06308791 3.594419E-05 0.99800795
vn 0.037471145 0.00026807512 0.9992976
vn 0.062862106 0 0.9980222
vn 0.077050984 0.37200332 0.92502797
vn 0.036845803 0.41222468 0.9103369
vn 0.07815993 0.35803208 0.93043214
vn 0.09684384 0.84585315 0.524551
vn 0.044445988 0.88068753 0.4716079
vn 0.1035013 0.82885617 0.54980445
vn 0.050063267 0.9987457 0.00085964915
vn 0.103160776 0.99426657 0.028139126
vn 0.078328356 0.86613953 -0.4936264
vn 0.11388039 0.9925223 0.04394086
vn -0.035531033 0.9219998 -0.3855566
vn 0.10542961 0.8501962 -0.5158012
vn 0.034016196 0.37823248 -0.92508554
vn -0.097074956 0.83477235 0.54197
vn 0.64281076 0.48036075 0.59669745
vn -0.071241386 0.37185252 0.9255541
vn -0.054912746 0 0.99849117
vn 0.39936468 0.84165746 0.36348403
vn 0.7400809 0 0.6725179
vn 0.41442046 0.90983325 0.021429222
vn -0.071143955 -0.37171438 0.92561704
vn -0.107466154 0.9930326 0.04834584
vn 0.64282334 -0.4803243 0.59671324
vn 0.37649226 0.85067844 -0.36687845
vn -0.09692449 -0.83445644 0.5424832
vn -0.09819804 0.8605652 -0.49978465
vn 0.3994321 -0.84160656 0.36352766
vn 0.61626846 0.46089262 -0.63858527
vn -0.10780182 -0.9929675 0.04893277
vn -0.05527846 0.36958203 -0.92755246
vn 0.41428134 -0.9098989 0.021332014
vn 0.7048963 6.822931E-05 -0.7093104
vn -0.031430088 0.00015475627 -0.999506
vn -0.09870787 -0.8604389 -0.49990162
vn 0.3762588 -0.850771 -0.3669033
vn 0.6162957 -0.46085763 -0.6385842
vn -0.05529078 -0.36922184 -0.9276951
vn 0.10333885 -0.8285346 0.55031943
vn -0.6298191 -0.45942286 0.6263055
vn 0.07806536 -0.35789448 0.93049306
vn 0.062862106 0 0.9980222
vn -0.40352008 -0.82712847 0.39119062
vn -0.71502626 0 0.6990976
vn -0.4227716 -0.90549666 0.036604576
vn 0.07815993 0.35803208 0.93043214
vn 0.11412381 -0.9924643 0.044613373
vn -0.6298042 0.45946315 0.626291
vn -0.39014024 -0.8429104 -0.37053013
vn 0.1035013 0.82885617 0.54980445
vn 0.1058817 -0.85016656 -0.5157575
vn -0.4034441 0.82718873 0.39114124
vn -0.6240523 -0.4487058 -0.6397045
vn 0.11388039 0.9925223 0.04394086
vn 0.06405444 -0.35071582 -0.9342888
vn -0.4228706 0.90544826 0.03665924
vn -0.7055133 5.3424643E-05 -0.7086966
vn 0.042161766 0.00012219702 -0.99911076
vn 0.10542961 0.8501962 -0.5158012
vn -0.39034262 0.84283 -0.37049994
vn -0.624048 0.44871393 -0.639703
vn 0.063995056 0.35097018 -0.9341973
vn 0.83458495 -0.54362506 -0.08910482
vn 0.37868544 -0.82939166 -0.41073942
vn 0.43506712 -0.8993881 -0.04263485
vn -0.024860727 -0.9983754 -0.051267713
vn 0.61113244 -0.46523792 -0.64036775
vn 0.993067 0 -0.117548965
vn 0.7215262 0 -0.6923871
vn 0.83458483 0.54362535 -0.08910495
vn -0.036725394 -0.8314553 -0.55437654
vn 0.00057787314 -0.33687958 -0.9415476
vn -0.49619767 -0.7301653 -0.46973014
vn -0.5936308 -0.7967612 -0.113022484
vn -0.94254375 -0.2795087 -0.18299258
vn -0.66133016 -0.2784846 -0.6964832
vn 0.033235967 0 -0.9994475
vn 0.00057782367 0.33687967 -0.94154745
vn -0.67196804 0 -0.74058014
vn -0.9782818 0 -0.20727915
vn -0.6613302 0.2784844 -0.6964831
vn -0.94254375 0.27950847 -0.1829925
vn -0.49619785 0.73016524 -0.4697301
vn -0.59363097 0.79676116 -0.11302243
vn -0.024860846 0.9983754 -0.051267777
vn -0.03672552 0.8314553 -0.55437654
vn 0.37868524 0.8293917 -0.41073957
vn 0.4350669 0.8993881 -0.042634986
vn 0.6111322 0.4652382 -0.6403678
vn 0.93534774 -0.2903603 -0.2020288
vn 0.48310372 -0.7275187 -0.48716265
vn 0.5830978 -0.8016976 -0.13144498
vn 0.022682302 -0.9973628 -0.068941146
vn 0.64878595 -0.28012753 -0.7075348
vn -0.00044313283 -0.33095658 -0.9436459
vn 0.9739875 0 -0.22660176
vn 0.6605398 0 -0.7507911
vn 0.9353476 0.29036054 -0.20202866
vn 0.034150463 -0.8227038 -0.56744355
vn -0.37276042 -0.8219139 -0.43070537
vn -0.43414465 -0.89875084 -0.061361447
vn -0.83338404 -0.54193234 -0.10853723
vn -0.60115725 -0.4590353 -0.654138
vn -0.70898086 0 -0.7052278
vn -0.99061006 0 -0.13671717
vn -0.03169382 0 -0.99949765
vn -0.6011572 0.45903522 -0.654138
vn -0.83338404 0.5419324 -0.10853716
vn 0.6487859 0.2801276 -0.70753473
vn -0.3727605 0.82191384 -0.43070552
vn -0.4341448 0.89875084 -0.061361372
vn 0.02268216 0.9973628 -0.06894108
vn -0.0004432092 0.33095658 -0.9436459
vn 0.034150325 0.8227037 -0.5674436
vn 0.48310366 0.7275186 -0.48716274
vn 0.58309764 0.80169785 -0.13144487
vn -0.107466154 0.9930326 0.04834584
vn -0.097074956 0.83477235 0.54197
vn -0.060402278 0.8605657 0.5057452
vn -0.071241386 0.37185252 0.9255541
vn -0.06597184 0.9973603 0.030335017
vn -0.09819804 0.8605652 -0.49978465
vn -0.044792928 0.8832873 -0.46668732
vn -0.05527846 0.36958203 -0.92755246
vn 0.020234497 0.9997733 -0.0066278074
vn 0.036139186 0.90057033 0.4332057
vn 0.0849302 0.9307114 -0.355757
vn 0.2304221 0.5715234 -0.78757006
vn 0.024738252 0.45045164 0.8924581
vn -0.013834409 0.40674517 -0.9134369
vn -0.031430088 0.00015475627 -0.999506
vn 0.2736521 0.01977998 -0.96162534
vn -0.0040405327 0.00031466156 -0.9999918
vn -0.05529078 -0.36922184 -0.9276951
vn 0.32443562 -0.5563938 -0.76496243
vn -0.05149179 0.3948778 0.9172896
vn -0.04391254 5.1872372E-05 0.99903536
vn 0.008419559 0.00037296687 0.9999645
vn -0.054912746 0 0.99849117
vn -0.051215496 -0.39423984 0.9175794
vn 0.025774674 -0.44812822 0.8935976
vn -0.071143955 -0.37171438 0.92561704
vn -0.05723884 -0.8578135 0.5107639
vn 0.06123276 -0.8831393 0.46509728
vn -0.09692449 -0.83445644 0.5424832
vn 0.11890032 -0.99049276 0.06918598
vn -0.05276394 -0.9975962 0.0449184
vn -0.030135734 -0.8826072 -0.46914417
vn -0.10780182 -0.9929675 0.04893277
vn 0.2177979 -0.9323058 -0.28873852
vn -0.09870787 -0.8604389 -0.49990162
vn -0.011398019 -0.40319642 -0.91504246
vn 0.5539298 0.83255446 -0.0038469417
vn 0.613666 0.7708848 -0.17073597
vn 0.12342993 0.87486 -0.46838546
vn 0.69092065 0.47339472 -0.54637533
vn 0.43950024 0.49424258 -0.75004256
vn 0.7915469 0.5986729 -0.12265522
vn 0.7521297 0 -0.65901524
vn 0.5748174 0 -0.81828165
vn 0.6909129 -0.47342634 -0.5463577
vn 0.25194275 0.96768147 -0.010839995
vn 0.14520557 0.86048496 0.48834512
vn 0.59371775 0.7927071 0.13825561
vn 0.7058843 0.5100152 0.4915404
vn 0.52687556 0.52477396 0.6685915
vn 0.7238515 0 0.6899558
vn 0.7971223 0 0.6038179
vn 0.98668903 0 -0.16261879
vn 0.5268752 -0.52477276 0.6685926
vn 0.7058574 -0.51002437 0.49156943
vn 0.43950015 -0.49424225 -0.75004286
vn 0.14520562 -0.86048436 0.48834637
vn 0.59369785 -0.7927156 0.13829213
vn 0.5539413 -0.83254695 -0.0038268266
vn 0.79154664 -0.5986731 -0.12265555
vn 0.25194216 -0.9676816 -0.01083967
vn 0.12342962 -0.87485963 -0.46838647
vn 0.6136871 -0.77086544 -0.17074744
vn -0.7066251 0.4592324 -0.53831834
vn -0.63318425 0.75855124 -0.15387522
vn -0.14413017 0.87214565 -0.46753442
vn -0.57299536 0.8192347 0.023039328
vn -0.45378903 0.4967021 -0.73983955
vn -0.26757205 0.9635123 0.007014192
vn -0.14996912 0.8534503 0.49913126
vn -0.6164592 0.76805377 0.17341109
vn -0.7050418 0.47991604 0.52210784
vn -0.7980611 0.5978579 -0.07526351
vn -0.50251794 0.5141597 0.695065
vn -0.7736564 0 0.6336053
vn -0.5889625 0 -0.8081603
vn -0.75745654 0 -0.6528855
vn -0.99462634 0 -0.10352932
vn -0.79806095 -0.59785795 -0.07526358
vn -0.6854839 0 0.7280878
vn -0.70501894 -0.4799227 0.5221327
vn -0.45378965 -0.496702 -0.7398393
vn -0.7066249 -0.4592537 -0.5383004
vn -0.14412919 -0.87214553 -0.46753496
vn -0.6331982 -0.75853944 -0.15387662
vn -0.5730009 -0.8192304 0.023053024
vn -0.5025186 -0.5141594 0.69506496
vn -0.14996898 -0.8534495 0.4991326
vn -0.6164417 -0.7680607 0.17344292
vn -0.26757154 -0.9635124 0.0070152865
vn -0.090359785 0.94174165 -0.3239719
vn -0.4559121 0.85227174 -0.25647038
vn -0.42250067 0.9014301 0.094430625
vn -0.7982685 0.51801896 -0.3072844
vn -0.01634281 0.99880755 0.04600492
vn -0.8140021 0.565 0.134817
vn 0.5512344 0.8341244 -0.019417321
vn -0.9773018 0.04075166 -0.20789567
vn 0.07576443 0.9498011 -0.3035419
vn -0.9883866 0.001840437 0.15194952
vn 0.47520378 0.7740984 0.41827375
vn 0.008124902 0.94901764 -0.31511837
vn -0.804743 -0.5091803 -0.30516264
vn -0.82290107 -0.5557217 0.11835284
vn -0.4435328 -0.8950484 0.046552606
vn -0.4716128 -0.8072543 -0.35485482
vn -0.034067657 -0.9987582 -0.036352623
vn -0.12328352 -0.9212956 -0.36880288
vn 0.5505945 -0.8301658 -0.08758109
vn 0.12804149 -0.9201992 -0.3699173
vn 0.36614376 -0.91413933 0.1740343
vn 0.05746905 -0.9146636 -0.4001097
vn -0.029737221 -0.38819256 0.9210984
vn -0.00899601 -0.90773165 -0.41945478
vn -0.36303204 -0.92011666 0.14694594
vn -0.061516933 -0.9143329 -0.40026373
vn -0.55490017 -0.8251075 -0.10622293
vn -0.13637872 -0.9195709 -0.36849725
vn 0.033499137 -0.99788624 -0.055685833
vn 0.11339168 -0.92011666 -0.37486997
vn 0.44653517 -0.8944374 0.024249114
vn 0.4671174 -0.8061052 -0.36331227
vn 0.8037666 -0.5061595 -0.31266898
vn 0.826275 -0.5547342 0.09767165
vn 0.9547648 0.009906309 -0.29719707
vn 0.9904856 0.005771051 0.1374956
vn 0.81481427 0.56607467 0.12504935
vn 0.7886287 0.5378255 -0.29800746
vn 0.42699686 0.90024334 0.085061476
vn 0.4321623 0.839469 -0.32943523
vn 0.019230362 0.9991967 0.035157986
vn 0.09558105 0.94137406 -0.32354146
vn -0.07013991 0.95109916 -0.300817
vn -0.5546565 0.8313245 -0.035435125
vn -0.007531633 0.9488198 -0.3157281
vn -0.44977805 0.8148747 0.3656212
vn -0.015872777 0.9666686 0.2555386
vn -0.006658142 0.9269467 -0.37513408
vn -0.014734959 -0.62242734 0.78253883
vn -0.0043910597 -0.84578115 0.5335119
vn -0.008510655 -0.88726944 0.461173
vn -0.011020778 -0.4266222 0.9043628
vn -0.006074101 -0.66107273 0.7502973
vn 0.0022014575 -0.8485726 0.5290743
vn -0.015535286 -0.8288443 0.5592636
vn 0.008390222 -0.5960614 0.802895
vn 0.11960789 -0.75729376 0.64202815
vn 0.022414573 -0.8363565 0.54772747
vn 0.16730455 -0.82797796 0.5352212
vn 0.016114086 -0.6327509 0.7741877
vn 0.46617615 -0.6186267 0.6324404
vn -0.17565179 -0.8131648 0.5548959
vn 0.41725308 -0.67421293 0.6093741
vn -0.118826635 -0.74192554 0.6598687
vn 0.58534753 -0.44302008 0.67904454
vn -0.42255265 -0.6634984 0.61742944
vn 0.6491006 -0.4021559 0.6457082
vn -0.44784823 -0.6136378 0.6502929
vn 0.72653323 0.008376667 0.6870803
vn -0.6444302 -0.39818588 0.6528076
vn 0.75960463 -0.004344677 0.6503706
vn -0.58183193 -0.4354165 0.6869381
vn 0.5815703 0.41818982 0.6977774
vn -0.7562296 0.00016513004 0.6543065
vn 0.63007855 0.40429398 0.6629837
vn -0.83560044 -0.27106133 0.47780493
vn 0.2715515 0.65551203 0.70467275
vn -0.6262536 0.41095102 0.6625145
vn 0.3471801 0.6643028 0.6619424
vn -0.57931465 0.41405234 0.7021078
vn 0.053163994 0.7241407 0.6876
vn -0.34027126 0.6691745 0.6606217
vn 0.07126102 0.750623 0.65687674
vn -0.7843137 0.4721148 0.40244216
vn 0.06375397 0.726668 0.6840242
vn -0.063522466 0.75181085 0.65631187
vn -0.008430074 0.75813335 0.6520452
vn -0.0394057 0.7300114 0.682298
vn 0.11293704 0.72945243 0.6746439
vn 0.01943624 0.75700545 0.65311956
vn 0.051119033 0.7707938 0.6350306
vn 0.34596676 0.7648833 0.54337883
vn 0.005045237 0.7129232 0.701224
vn -0.038749766 0.7700436 0.63681334
vn 0.0028850858 0.805636 0.59240395
vn -0.09996027 0.7338279 0.6719409
vn -0.00899601 -0.90773165 -0.41945478
vn 0.035532072 -0.6630473 -0.7477337
vn -0.061516933 -0.9143329 -0.40026373
vn -0.009038766 -0.641456 -0.7671065
vn 0.0040619457 -0.70935374 -0.7048409
vn 0.05746905 -0.9146636 -0.4001097
vn -0.13637872 -0.9195709 -0.36849725
vn -0.05272766 -0.6611254 -0.7484203
vn 0.15613434 -0.70925987 -0.6874391
vn 0.12804149 -0.9201992 -0.3699173
vn 0.11339168 -0.92011666 -0.37486997
vn -0.01684875 -0.70957583 -0.7044277
vn 0.45090595 -0.61855465 -0.6434858
vn -0.12328352 -0.9212956 -0.36880288
vn 0.4671174 -0.8061052 -0.36331227
vn -0.17182949 -0.70937526 -0.68356526
vn 0.7012877 -0.3869611 -0.59871244
vn -0.4716128 -0.8072543 -0.35485482
vn 0.8037666 -0.5061595 -0.31266898
vn -0.45587596 -0.6249324 -0.6337481
vn 0.82284254 0.019345036 -0.56794006
vn -0.804743 -0.5091803 -0.30516264
vn 0.9547648 0.009906309 -0.29719707
vn -0.7036279 -0.39522076 -0.5905153
vn 0.6880215 0.44936153 -0.5698252
vn -0.9773018 0.04075166 -0.20789567
vn 0.7886287 0.5378255 -0.29800746
vn -0.7656029 0.029666625 -0.6426291
vn 0.3964746 0.71593237 -0.5746727
vn -0.7982685 0.51801896 -0.3072844
vn 0.4321623 0.839469 -0.32943523
vn -0.5021871 0.37816757 -0.7776873
vn 0.12607871 0.78761286 -0.6031336
vn -0.4559121 0.85227174 -0.25647038
vn 0.09558105 0.94137406 -0.32354146
vn -0.36350527 0.6232593 -0.6923955
vn 0.033828843 0.7662459 -0.6416563
vn -0.090359785 0.94174165 -0.3239719
vn -0.07013991 0.95109916 -0.300817
vn -0.12011869 0.78798145 -0.6038682
vn 0.07369116 0.7413858 -0.66702074
vn 0.07576443 0.9498011 -0.3035419
vn -0.007531633 0.9488198 -0.3157281
vn -0.031118985 0.7678382 -0.63988763
vn -0.009906471 0.74024093 -0.67226875
vn 0.008124902 0.94901764 -0.31511837
vn -0.006658142 0.9269467 -0.37513408
vn -0.08685018 0.7407954 -0.6660925
vn 0.006794844 0.85295373 -0.5219424
vn -0.017904395 0.8861826 0.46299013
vn -0.13547863 0.852838 0.5042945
vn -0.21430759 0.82670313 -0.52022505
vn 0.21771398 0.8281097 -0.5165606
vn 0.10968175 0.8843621 0.45373285
vn 0.11200456 0.8564851 0.5038732
vn -0.31484762 0.78405136 -0.5349154
vn 0.30719513 0.7906424 -0.5296375
vn 0.36945474 0.9179174 0.14467508
vn 0.20020743 0.9173138 -0.34416926
vn -0.36932576 0.8031203 -0.4675428
vn 0.36517695 0.81068647 -0.45763883
vn 0.3694787 0.9046574 -0.21232167
vn -0.35631916 0.91897994 0.1688562
vn -0.53850496 0.8128015 -0.22218497
vn 0.5374605 0.8171309 -0.20840637
vn 0.41827235 0.75358945 -0.5071008
vn -0.36600682 0.91449255 -0.17246003
vn -0.517692 0.8502303 -0.09541221
vn 0.5260348 0.846495 -0.08205848
vn 0.4286615 0.69058347 -0.5825323
vn -0.42838222 0.7728313 -0.46820983
vn -0.33867857 0.9406851 -0.020206887
vn 0.37535292 0.926781 -0.01367836
vn 0.48999035 0.7077213 -0.50895965
vn -0.41914213 0.7053636 -0.5716486
vn -0.15291205 0.9869696 0.05008826
vn 0.18140061 0.98251075 0.04202733
vn 0.54687065 0.7300952 -0.40974793
vn -0.45820573 0.7160751 -0.5265775
vn 0.040271014 0.9948 0.09354897
vn -0.029745337 0.99588877 0.085560754
vn 0.0003965651 0.9257155 -0.37822053
vn -0.5303173 0.7334809 -0.42516994
vn -0.0018507076 0.8418276 0.53974336
vn 0.64281076 0.48036075 0.59669745
vn 0.7058843 0.5100152 0.4915404
vn 0.7971223 0 0.6038179
vn 0.7400809 0 0.6725179
vn 0.39936468 0.84165746 0.36348403
vn 0.7058574 -0.51002437 0.49156943
vn 0.59371775 0.7927071 0.13825561
vn 0.64282334 -0.4803243 0.59671324
vn 0.41442046 0.90983325 0.021429222
vn 0.59369785 -0.7927156 0.13829213
vn 0.5539298 0.83255446 -0.0038469417
vn 0.3994321 -0.84160656 0.36352766
vn 0.37649226 0.85067844 -0.36687845
vn 0.5539413 -0.83254695 -0.0038268266
vn 0.613666 0.7708848 -0.17073597
vn 0.41428134 -0.9098989 0.021332014
vn 0.61626846 0.46089262 -0.63858527
vn 0.6136871 -0.77086544 -0.17074744
vn 0.69092065 0.47339472 -0.54637533
vn 0.3762588 -0.850771 -0.3669033
vn 0.7048963 6.822931E-05 -0.7093104
vn 0.6909129 -0.47342634 -0.5463577
vn 0.7521297 0 -0.65901524
vn 0.6162957 -0.46085763 -0.6385842
vn -0.624048 0.44871393 -0.639703
vn -0.7066251 0.4592324 -0.53831834
vn -0.75745654 0 -0.6528855
vn -0.7055133 5.3424643E-05 -0.7086966
vn -0.39034262 0.84283 -0.37049994
vn -0.7066249 -0.4592537 -0.5383004
vn -0.63318425 0.75855124 -0.15387522
vn -0.6240523 -0.4487058 -0.6397045
vn -0.4228706 0.90544826 0.03665924
vn -0.6331982 -0.75853944 -0.15387662
vn -0.57299536 0.8192347 0.023039328
vn -0.39014024 -0.8429104 -0.37053013
vn -0.4034441 0.82718873 0.39114124
vn -0.5730009 -0.8192304 0.023053024
vn -0.6164592 0.76805377 0.17341109
vn -0.4227716 -0.90549666 0.036604576
vn -0.6298042 0.45946315 0.626291
vn -0.6164417 -0.7680607 0.17344292
vn -0.7050418 0.47991604 0.52210784
vn -0.40352008 -0.82712847 0.39119062
vn -0.71502626 0 0.6990976
vn -0.70501894 -0.4799227 0.5221327
vn -0.7736564 0 0.6336053
vn -0.6298191 -0.45942286 0.6263055
vn 0.20020743 0.9173138 -0.34416926
vn -0.040882368 0.30040595 0.9529349
vn 0.11200456 0.8564851 0.5038732
vn -0.3939927 0.29520583 0.87041557
vn -0.011119566 0.3283314 0.9444971
vn -0.35631916 0.91897994 0.1688562
vn -0.017904395 0.8861826 0.46299013
vn -0.75401086 0.3664424 0.54514915
vn 0.023996567 0.30061612 0.95344335
vn -0.36600682 0.91449255 -0.17246003
vn -0.13547863 0.852838 0.5042945
vn -0.90557015 0.41325498 0.095723204
vn 0.40084434 0.2990133 0.8659763
vn -0.42838222 0.7728313 -0.46820983
vn 0.10968175 0.8843621 0.45373285
vn -0.888623 0.31058085 -0.3374742
vn 0.76822084 0.36713922 0.52444786
vn -0.41914213 0.7053636 -0.5716486
vn 0.36945474 0.9179174 0.14467508
vn -0.73158896 0.19174282 -0.6542265
vn 0.9102134 0.40960047 0.061147615
vn -0.45820573 0.7160751 -0.5265775
vn 0.3694787 0.9046574 -0.21232167
vn -0.66537166 0.22573791 -0.7115638
vn 0.8739477 0.2998364 -0.38250944
vn -0.5303173 0.7334809 -0.42516994
vn 0.41827235 0.75358945 -0.5071008
vn -0.7027723 0.27039632 -0.65802497
vn 0.7171698 0.18134998 -0.67288893
vn 0.0003965651 0.9257155 -0.37822053
vn 0.4286615 0.69058347 -0.5825323
vn 0.004983363 0.38591084 -0.9225226
vn 0.68792313 0.21875137 -0.69203293
vn 0.54687065 0.7300952 -0.40974793
vn 0.48999035 0.7077213 -0.50895965
vn 0.72426724 0.26442945 -0.63679975
g Salesman_0
f 3/3/3 2/2/2 1/1/1
f 4/4/4 3/3/3 1/1/1
f 4/4/4 1/1/1 5/5/5
f 3/3/3 4/4/4 6/6/6
f 7/7/7 3/3/3 6/6/6
f 8/8/8 7/7/7 6/6/6
f 9/9/9 4/4/4 5/5/5
f 4/4/4 9/9/9 6/6/6
f 9/9/9 5/5/5 10/10/10
f 11/11/11 9/9/9 10/10/10
f 11/11/11 10/10/10 12/12/12
f 13/13/13 11/11/11 12/12/12
f 13/13/13 12/12/12 14/14/14
f 15/15/15 13/13/13 14/14/14
f 15/15/15 14/14/14 16/16/16
f 17/17/17 15/15/15 16/16/16
f 16/16/16 18/18/18 17/17/17
f 18/18/18 19/19/19 17/17/17
f 9/9/9 20/20/20 6/6/6
f 21/21/21 6/6/6 20/20/20
f 22/22/22 21/21/21 20/20/20
f 21/21/21 8/8/8 6/6/6
f 22/22/22 23/23/23 21/21/21
f 8/8/8 21/21/21 24/24/24
f 23/23/23 24/24/24 21/21/21
f 25/25/25 8/8/8 24/24/24
f 23/23/23 26/26/26 24/24/24
f 27/27/27 25/25/25 24/24/24
f 26/26/26 28/28/28 24/24/24
f 28/28/28 27/27/27 24/24/24
f 26/26/26 29/29/29 28/28/28
f 30/30/30 27/27/27 28/28/28
f 29/29/29 31/31/31 28/28/28
f 31/31/31 30/30/30 28/28/28
f 29/29/29 32/32/32 31/31/31
f 33/33/33 30/30/30 31/31/31
f 32/32/32 33/33/33 31/31/31
f 32/32/32 34/34/34 33/33/33
f 34/34/34 35/35/35 33/33/33
f 36/36/36 34/34/34 32/32/32
f 39/39/39 38/38/38 37/37/37
f 40/40/40 39/39/39 37/37/37
f 39/39/39 40/40/40 41/41/41
f 42/42/42 39/39/39 41/41/41
f 43/43/43 42/42/42 41/41/41
f 44/44/44 43/43/43 41/41/41
f 43/43/43 44/44/44 45/45/45
f 44/44/44 46/46/46 45/45/45
f 43/43/43 45/45/45 47/47/47
f 48/48/48 43/43/43 47/47/47
f 48/48/48 47/47/47 49/49/49
f 50/50/50 48/48/48 49/49/49
f 50/50/50 49/49/49 51/51/51
f 52/52/52 50/50/50 51/51/51
f 52/52/52 51/51/51 53/53/53
f 51/51/51 54/54/54 53/53/53
f 53/53/53 54/54/54 55/55/55
f 56/56/56 53/53/53 55/55/55
f 56/56/56 55/55/55 57/57/57
f 58/58/58 56/56/56 57/57/57
f 58/58/58 57/57/57 59/59/59
f 60/60/60 58/58/58 59/59/59
f 60/60/60 59/59/59 61/61/61
f 62/62/62 60/60/60 61/61/61
f 62/62/62 61/61/61 63/63/63
f 64/64/64 62/62/62 63/63/63
f 64/64/64 63/63/63 65/65/65
f 66/66/66 64/64/64 65/65/65
f 66/66/66 65/65/65 67/67/67
f 68/68/68 66/66/66 67/67/67
f 68/68/68 67/67/67 69/69/69
f 67/67/67 70/70/70 69/69/69
f 69/69/69 70/70/70 71/71/71
f 72/72/72 69/69/69 71/71/71
f 69/69/69 72/72/72 73/73/73
f 72/72/72 74/74/74 73/73/73
f 74/74/74 75/75/75 73/73/73
f 75/75/75 76/76/76 73/73/73
f 76/76/76 75/75/75 77/77/77
f 75/75/75 78/78/78 77/77/77
f 81/81/81 80/80/80 79/79/79
f 82/82/82 81/81/81 79/79/79
f 82/82/82 79/79/79 83/83/83
f 84/84/84 82/82/82 83/83/83
f 87/87/87 86/86/86 85/85/85
f 86/86/86 88/88/88 85/85/85
f 88/88/88 86/86/86 89/89/89
f 88/88/88 90/90/90 85/85/85
f 90/90/90 91/91/91 85/85/85
f 91/91/91 90/90/90 92/92/92
f 90/90/90 93/93/93 92/92/92
f 93/93/93 94/94/94 92/92/92
f 94/94/94 95/95/95 92/92/92
f 94/94/94 96/96/96 95/95/95
f 96/96/96 97/97/97 95/95/95
f 96/96/96 98/98/98 97/97/97
f 98/98/98 99/99/99 97/97/97
f 98/98/98 100/100/100 99/99/99
f 100/100/100 101/101/101 99/99/99
f 102/102/102 90/90/90 88/88/88
f 103/103/103 102/102/102 88/88/88
f 103/103/103 88/88/88 89/89/89
f 104/104/104 102/102/102 103/103/103
f 105/105/105 103/103/103 89/89/89
f 105/105/105 104/104/104 103/103/103
f 106/106/106 105/105/105 89/89/89
f 106/106/106 107/107/107 105/105/105
f 104/104/104 105/105/105 108/108/108
f 107/107/107 108/108/108 105/105/105
f 109/109/109 104/104/104 108/108/108
f 107/107/107 110/110/110 108/108/108
f 111/111/111 109/109/109 108/108/108
f 110/110/110 112/112/112 108/108/108
f 112/112/112 111/111/111 108/108/108
f 110/110/110 113/113/113 112/112/112
f 114/114/114 111/111/111 112/112/112
f 113/113/113 115/115/115 112/112/112
f 115/115/115 114/114/114 112/112/112
f 113/113/113 116/116/116 115/115/115
f 117/117/117 114/114/114 115/115/115
f 116/116/116 117/117/117 115/115/115
f 116/116/116 118/118/118 117/117/117
f 118/118/118 119/119/119 117/117/117
f 119/119/119 120/120/120 117/117/117
f 123/123/123 122/122/122 121/121/121
f 122/122/122 124/124/124 121/121/121
f 124/124/124 122/122/122 125/125/125
f 121/121/121 124/124/124 126/126/126
f 127/127/127 124/124/124 125/125/125
f 124/124/124 128/128/128 126/126/126
f 124/124/124 127/127/127 128/128/128
f 126/126/126 128/128/128 129/129/129
f 127/127/127 130/130/130 128/128/128
f 128/128/128 131/131/131 129/129/129
f 130/130/130 132/132/132 128/128/128
f 132/132/132 131/131/131 128/128/128
f 135/135/135 134/134/134 133/133/133
f 136/136/136 135/135/135 133/133/133
f 139/139/139 138/138/138 137/137/137
f 140/140/140 139/139/139 137/137/137
f 141/141/141 139/139/139 140/140/140
f 142/142/142 141/141/141 140/140/140
f 143/143/143 140/140/140 137/137/137
f 137/137/137 144/144/144 143/143/143
f 144/144/144 137/137/137 145/145/145
f 146/146/146 144/144/144 145/145/145
f 147/147/147 144/144/144 146/146/146
f 144/144/144 147/147/147 143/143/143
f 148/148/148 147/147/147 146/146/146
f 143/143/143 149/149/149 140/140/140
f 147/147/147 149/149/149 143/143/143
f 150/150/150 149/149/149 147/147/147
f 151/151/151 150/150/150 147/147/147
f 150/150/150 152/152/152 149/149/149
f 152/152/152 153/153/153 149/149/149
f 149/149/149 154/154/154 140/140/140
f 149/149/149 153/153/153 154/154/154
f 154/154/154 142/142/142 140/140/140
f 153/153/153 155/155/155 154/154/154
f 154/154/154 155/155/155 142/142/142
f 153/153/153 156/156/156 155/155/155
f 156/156/156 157/157/157 155/155/155
f 155/155/155 157/157/157 142/142/142
f 157/157/157 158/158/158 142/142/142
f 161/161/161 160/160/160 159/159/159
f 160/160/160 162/162/162 159/159/159
f 162/162/162 160/160/160 163/163/163
f 160/160/160 164/164/164 163/163/163
f 160/160/160 165/165/165 164/164/164
f 165/165/165 166/166/166 164/164/164
f 165/165/165 167/167/167 166/166/166
f 162/162/162 163/163/163 168/168/168
f 169/169/169 162/162/162 168/168/168
f 169/169/169 168/168/168 170/170/170
f 171/171/171 169/169/169 170/170/170
f 171/171/171 170/170/170 172/172/172
f 164/164/164 173/173/173 163/163/163
f 173/173/173 164/164/164 166/166/166
f 163/163/163 174/174/174 168/168/168
f 173/173/173 174/174/174 163/163/163
f 168/168/168 175/175/175 170/170/170
f 174/174/174 175/175/175 168/168/168
f 174/174/174 173/173/173 176/176/176
f 174/174/174 176/176/176 177/177/177
f 175/175/175 174/174/174 177/177/177
f 173/173/173 178/178/178 176/176/176
f 175/175/175 177/177/177 179/179/179
f 173/173/173 180/180/180 178/178/178
f 180/180/180 173/173/173 166/166/166
f 181/181/181 180/180/180 166/166/166
f 180/180/180 182/182/182 178/178/178
f 180/180/180 181/181/181 182/182/182
f 181/181/181 183/183/183 182/182/182
f 184/184/184 183/183/183 181/181/181
f 185/185/185 175/175/175 179/179/179
f 175/175/175 185/185/185 170/170/170
f 185/185/185 179/179/179 186/186/186
f 185/185/185 186/186/186 170/170/170
f 179/179/179 187/187/187 186/186/186
f 186/186/186 187/187/187 188/188/188
f 189/189/189 181/181/181 166/166/166
f 181/181/181 189/189/189 190/190/190
f 167/167/167 189/189/189 166/166/166
f 190/190/190 189/189/189 167/167/167
f 191/191/191 190/190/190 167/167/167
f 191/191/191 192/192/192 190/190/190
f 193/193/193 184/184/184 181/181/181
f 193/193/193 181/181/181 190/190/190
f 193/193/193 194/194/194 184/184/184
f 194/194/194 193/193/193 190/190/190
f 194/194/194 195/195/195 184/184/184
f 192/192/192 196/196/196 190/190/190
f 196/196/196 194/194/194 190/190/190
f 192/192/192 197/197/197 196/196/196
f 194/194/194 198/198/198 195/195/195
f 198/198/198 194/194/194 196/196/196
f 198/198/198 199/199/199 195/195/195
f 197/197/197 200/200/200 196/196/196
f 200/200/200 198/198/198 196/196/196
f 197/197/197 201/201/201 200/200/200
f 198/198/198 202/202/202 199/199/199
f 202/202/202 198/198/198 200/200/200
f 202/202/202 203/203/203 199/199/199
f 201/201/201 204/204/204 200/200/200
f 204/204/204 202/202/202 200/200/200
f 201/201/201 205/205/205 204/204/204
f 205/205/205 206/206/206 204/204/204
f 202/202/202 204/204/204 206/206/206
f 205/205/205 172/172/172 206/206/206
f 202/202/202 207/207/207 203/203/203
f 207/207/207 202/202/202 206/206/206
f 207/207/207 188/188/188 203/203/203
f 207/207/207 186/186/186 188/188/188
f 186/186/186 207/207/207 206/206/206
f 172/172/172 208/208/208 206/206/206
f 208/208/208 186/186/186 206/206/206
f 170/170/170 208/208/208 172/172/172
f 186/186/186 208/208/208 170/170/170
f 211/211/211 210/210/210 209/209/209
f 212/212/212 211/211/211 209/209/209
f 212/212/212 213/213/213 211/211/211
f 212/212/212 214/214/214 213/213/213
f 214/214/214 215/215/215 213/213/213
f 214/214/214 216/216/216 215/215/215
f 216/216/216 217/217/217 215/215/215
f 216/216/216 218/218/218 217/217/217
f 218/218/218 219/219/219 217/217/217
f 218/218/218 220/220/220 219/219/219
f 220/220/220 221/221/221 219/219/219
f 220/220/220 222/222/222 221/221/221
f 219/219/219 223/223/223 217/217/217
f 223/223/223 219/219/219 221/221/221
f 217/217/217 224/224/224 215/215/215
f 223/223/223 224/224/224 217/217/217
f 215/215/215 225/225/225 213/213/213
f 224/224/224 225/225/225 215/215/215
f 224/224/224 223/223/223 226/226/226
f 224/224/224 226/226/226 227/227/227
f 225/225/225 224/224/224 227/227/227
f 223/223/223 228/228/228 226/226/226
f 225/225/225 227/227/227 229/229/229
f 223/223/223 230/230/230 228/228/228
f 230/230/230 223/223/223 221/221/221
f 231/231/231 230/230/230 221/221/221
f 230/230/230 232/232/232 228/228/228
f 230/230/230 231/231/231 232/232/232
f 231/231/231 233/233/233 232/232/232
f 234/234/234 233/233/233 231/231/231
f 235/235/235 225/225/225 229/229/229
f 225/225/225 235/235/235 213/213/213
f 235/235/235 229/229/229 236/236/236
f 235/235/235 236/236/236 213/213/213
f 229/229/229 237/237/237 236/236/236
f 236/236/236 237/237/237 238/238/238
f 239/239/239 231/231/231 221/221/221
f 231/231/231 239/239/239 240/240/240
f 222/222/222 239/239/239 221/221/221
f 240/240/240 239/239/239 222/222/222
f 241/241/241 240/240/240 222/222/222
f 241/241/241 242/242/242 240/240/240
f 243/243/243 234/234/234 231/231/231
f 243/243/243 231/231/231 240/240/240
f 243/243/243 244/244/244 234/234/234
f 244/244/244 243/243/243 240/240/240
f 244/244/244 245/245/245 234/234/234
f 242/242/242 246/246/246 240/240/240
f 246/246/246 244/244/244 240/240/240
f 242/242/242 247/247/247 246/246/246
f 244/244/244 248/248/248 245/245/245
f 248/248/248 244/244/244 246/246/246
f 248/248/248 249/249/249 245/245/245
f 247/247/247 250/250/250 246/246/246
f 250/250/250 248/248/248 246/246/246
f 247/247/247 251/251/251 250/250/250
f 248/248/248 252/252/252 249/249/249
f 252/252/252 248/248/248 250/250/250
f 252/252/252 253/253/253 249/249/249
f 251/251/251 254/254/254 250/250/250
f 254/254/254 252/252/252 250/250/250
f 251/251/251 255/255/255 254/254/254
f 255/255/255 256/256/256 254/254/254
f 252/252/252 254/254/254 256/256/256
f 255/255/255 211/211/211 256/256/256
f 252/252/252 257/257/257 253/253/253
f 257/257/257 252/252/252 256/256/256
f 257/257/257 238/238/238 253/253/253
f 257/257/257 236/236/236 238/238/238
f 236/236/236 257/257/257 256/256/256
f 211/211/211 258/258/258 256/256/256
f 258/258/258 236/236/236 256/256/256
f 213/213/213 258/258/258 211/211/211
f 236/236/236 258/258/258 213/213/213
f 261/261/261 260/260/260 259/259/259
f 262/262/262 261/261/261 259/259/259
f 265/265/265 264/264/264 263/263/263
f 266/266/266 265/265/265 263/263/263
f 265/265/265 266/266/266 267/267/267
f 267/267/267 268/268/268 265/265/265
f 265/265/265 268/268/268 269/269/269
f 267/267/267 266/266/266 270/270/270
f 268/268/268 267/267/267 270/270/270
f 268/268/268 271/271/271 269/269/269
f 272/272/272 271/271/271 268/268/268
f 269/269/269 271/271/271 273/273/273
f 273/273/273 271/271/271 272/272/272
f 274/274/274 273/273/273 272/272/272
f 274/274/274 275/275/275 273/273/273
f 275/275/275 276/276/276 273/273/273
f 277/277/277 276/276/276 275/275/275
f 278/278/278 274/274/274 272/272/272
f 274/274/274 278/278/278 275/275/275
f 279/279/279 266/266/266 263/263/263
f 279/279/279 263/263/263 280/280/280
f 266/266/266 279/279/279 281/281/281
f 279/279/279 280/280/280 281/281/281
f 280/280/280 263/263/263 282/282/282
f 263/263/263 283/283/283 282/282/282
f 284/284/284 282/282/282 283/283/283
f 285/285/285 266/266/266 281/281/281
f 266/266/266 285/285/285 270/270/270
f 280/280/280 282/282/282 286/286/286
f 282/282/282 284/284/284 286/286/286
f 280/280/280 287/287/287 281/281/281
f 281/281/281 288/288/288 285/285/285
f 288/288/288 281/281/281 287/287/287
f 287/287/287 280/280/280 289/289/289
f 290/290/290 280/280/280 286/286/286
f 280/280/280 290/290/290 289/289/289
f 291/291/291 288/288/288 287/287/287
f 291/291/291 287/287/287 289/289/289
f 284/284/284 292/292/292 286/286/286
f 290/290/290 286/286/286 293/293/293
f 286/286/286 292/292/292 293/293/293
f 292/292/292 284/284/284 294/294/294
f 284/284/284 295/295/295 294/294/294
f 295/295/295 296/296/296 294/294/294
f 288/288/288 297/297/297 285/285/285
f 288/288/288 291/291/291 298/298/298
f 297/297/297 288/288/288 298/298/298
f 297/297/297 299/299/299 285/285/285
f 299/299/299 270/270/270 285/285/285
f 299/299/299 300/300/300 270/270/270
f 299/299/299 297/297/297 301/301/301
f 300/300/300 299/299/299 301/301/301
f 302/302/302 297/297/297 298/298/298
f 297/297/297 302/302/302 301/301/301
f 300/300/300 303/303/303 270/270/270
f 304/304/304 303/303/303 300/300/300
f 303/303/303 268/268/268 270/270/270
f 268/268/268 303/303/303 304/304/304
f 305/305/305 268/268/268 304/304/304
f 305/305/305 272/272/272 268/268/268
f 305/305/305 306/306/306 272/272/272
f 306/306/306 305/305/305 304/304/304
f 306/306/306 307/307/307 272/272/272
f 307/307/307 278/278/278 272/272/272
f 308/308/308 302/302/302 298/298/298
f 309/309/309 301/301/301 302/302/302
f 308/308/308 309/309/309 302/302/302
f 309/309/309 310/310/310 301/301/301
f 311/311/311 300/300/300 301/301/301
f 310/310/310 311/311/311 301/301/301
f 300/300/300 311/311/311 312/312/312
f 312/312/312 311/311/311 310/310/310
f 313/313/313 304/304/304 300/300/300
f 313/313/313 300/300/300 312/312/312
f 313/313/313 314/314/314 304/304/304
f 314/314/314 313/313/313 312/312/312
f 315/315/315 306/306/306 304/304/304
f 314/314/314 315/315/315 304/304/304
f 306/306/306 316/316/316 307/307/307
f 316/316/316 306/306/306 315/315/315
f 309/309/309 308/308/308 317/317/317
f 310/310/310 309/309/309 317/317/317
f 308/308/308 318/318/318 317/317/317
f 319/319/319 310/310/310 317/317/317
f 318/318/318 308/308/308 320/320/320
f 310/310/310 319/319/319 321/321/321
f 308/308/308 322/322/322 320/320/320
f 322/322/322 308/308/308 298/298/298
f 323/323/323 310/310/310 321/321/321
f 323/323/323 312/312/312 310/310/310
f 324/324/324 323/323/323 321/321/321
f 323/323/323 324/324/324 312/312/312
f 325/325/325 324/324/324 321/321/321
f 322/322/322 326/326/326 320/320/320
f 326/326/326 327/327/327 320/320/320
f 327/327/327 326/326/326 328/328/328
f 322/322/322 298/298/298 329/329/329
f 326/326/326 322/322/322 329/329/329
f 291/291/291 329/329/329 298/298/298
f 324/324/324 330/330/330 312/312/312
f 330/330/330 314/314/314 312/312/312
f 331/331/331 324/324/324 325/325/325
f 324/324/324 331/331/331 330/330/330
f 332/332/332 331/331/331 325/325/325
f 326/326/326 333/333/333 328/328/328
f 328/328/328 333/333/333 334/334/334
f 326/326/326 329/329/329 335/335/335
f 329/329/329 291/291/291 335/335/335
f 333/333/333 326/326/326 335/335/335
f 336/336/336 314/314/314 330/330/330
f 314/314/314 336/336/336 315/315/315
f 337/337/337 331/331/331 332/332/332
f 338/338/338 337/337/337 332/332/332
f 337/337/337 338/338/338 339/339/339
f 331/331/331 340/340/340 330/330/330
f 340/340/340 336/336/336 330/330/330
f 331/331/331 337/337/337 340/340/340
f 291/291/291 341/341/341 335/335/335
f 341/341/341 291/291/291 289/289/289
f 333/333/333 335/335/335 342/342/342
f 335/335/335 341/341/341 342/342/342
f 336/336/336 343/343/343 315/315/315
f 343/343/343 316/316/316 315/315/315
f 344/344/344 336/336/336 340/340/340
f 336/336/336 344/344/344 343/343/343
f 337/337/337 345/345/345 340/340/340
f 345/345/345 344/344/344 340/340/340
f 341/341/341 289/289/289 346/346/346
f 289/289/289 290/290/290 346/346/346
f 337/337/337 347/347/347 345/345/345
f 347/347/347 337/337/337 339/339/339
f 341/341/341 348/348/348 342/342/342
f 348/348/348 341/341/341 346/346/346
f 342/342/342 348/348/348 349/349/349
f 348/348/348 346/346/346 350/350/350
f 290/290/290 351/351/351 346/346/346
f 346/346/346 351/351/351 350/350/350
f 351/351/351 290/290/290 293/293/293
f 351/351/351 293/293/293 352/352/352
f 344/344/344 345/345/345 353/353/353
f 347/347/347 353/353/353 345/345/345
f 354/354/354 347/347/347 339/339/339
f 355/355/355 354/354/354 339/339/339
f 354/354/354 355/355/355 356/356/356
f 347/347/347 354/354/354 357/357/357
f 353/353/353 347/347/347 357/357/357
f 358/358/358 354/354/354 356/356/356
f 354/354/354 358/358/358 357/357/357
f 359/359/359 358/358/358 356/356/356
f 360/360/360 359/359/359 356/356/356
f 359/359/359 360/360/360 361/361/361
f 358/358/358 362/362/362 357/357/357
f 358/358/358 359/359/359 362/362/362
f 357/357/357 363/363/363 353/353/353
f 363/363/363 357/357/357 362/362/362
f 364/364/364 344/344/344 353/353/353
f 363/363/363 364/364/364 353/353/353
f 344/344/344 364/364/364 365/365/365
f 344/344/344 365/365/365 343/343/343
f 364/364/364 366/366/366 365/365/365
f 364/364/364 363/363/363 366/366/366
f 365/365/365 367/367/367 343/343/343
f 367/367/367 365/365/365 366/366/366
f 367/367/367 316/316/316 343/343/343
f 316/316/316 367/367/367 368/368/368
f 316/316/316 368/368/368 307/307/307
f 368/368/368 369/369/369 307/307/307
f 369/369/369 278/278/278 307/307/307
f 278/278/278 369/369/369 370/370/370
f 278/278/278 370/370/370 275/275/275
f 367/367/367 371/371/371 368/368/368
f 372/372/372 369/369/369 368/368/368
f 371/371/371 372/372/372 368/368/368
f 367/367/367 373/373/373 371/371/371
f 373/373/373 367/367/367 366/366/366
f 369/369/369 374/374/374 370/370/370
f 369/369/369 372/372/372 374/374/374
f 372/372/372 371/371/371 375/375/375
f 373/373/373 375/375/375 371/371/371
f 370/370/370 376/376/376 275/275/275
f 374/374/374 377/377/377 370/370/370
f 377/377/377 376/376/376 370/370/370
f 376/376/376 378/378/378 275/275/275
f 378/378/378 376/376/376 379/379/379
f 378/378/378 277/277/277 275/275/275
f 277/277/277 378/378/378 379/379/379
f 376/376/376 377/377/377 380/380/380
f 376/376/376 380/380/380 379/379/379
f 381/381/381 277/277/277 379/379/379
f 381/381/381 379/379/379 382/382/382
f 277/277/277 381/381/381 383/383/383
f 383/383/383 381/381/381 384/384/384
f 381/381/381 382/382/382 384/384/384
f 382/382/382 385/385/385 384/384/384
f 384/384/384 385/385/385 386/386/386
f 386/386/386 385/385/385 387/387/387
f 385/385/385 382/382/382 388/388/388
f 387/387/387 385/385/385 388/388/388
f 377/377/377 389/389/389 380/380/380
f 377/377/377 390/390/390 389/389/389
f 390/390/390 377/377/377 374/374/374
f 391/391/391 390/390/390 374/374/374
f 372/372/372 391/391/391 374/374/374
f 372/372/372 392/392/392 391/391/391
f 392/392/392 372/372/372 375/375/375
f 392/392/392 393/393/393 391/391/391
f 390/390/390 391/391/391 393/393/393
f 394/394/394 392/392/392 375/375/375
f 392/392/392 394/394/394 393/393/393
f 395/395/395 394/394/394 375/375/375
f 375/375/375 373/373/373 395/395/395
f 373/373/373 396/396/396 395/395/395
f 396/396/396 373/373/373 366/366/366
f 397/397/397 396/396/396 366/366/366
f 363/363/363 397/397/397 366/366/366
f 363/363/363 398/398/398 397/397/397
f 398/398/398 363/363/363 362/362/362
f 399/399/399 398/398/398 362/362/362
f 398/398/398 400/400/400 397/397/397
f 396/396/396 397/397/397 400/400/400
f 398/398/398 399/399/399 400/400/400
f 396/396/396 401/401/401 395/395/395
f 401/401/401 396/396/396 400/400/400
f 402/402/402 401/401/401 400/400/400
f 401/401/401 403/403/403 395/395/395
f 394/394/394 395/395/395 403/403/403
f 401/401/401 402/402/402 403/403/403
f 404/404/404 399/399/399 362/362/362
f 359/359/359 404/404/404 362/362/362
f 349/349/349 404/404/404 359/359/359
f 399/399/399 404/404/404 349/349/349
f 405/405/405 402/402/402 400/400/400
f 399/399/399 405/405/405 400/400/400
f 350/350/350 405/405/405 399/399/399
f 402/402/402 405/405/405 350/350/350
f 406/406/406 349/349/349 359/359/359
f 406/406/406 359/359/359 361/361/361
f 407/407/407 406/406/406 361/361/361
f 406/406/406 407/407/407 349/349/349
f 334/334/334 407/407/407 361/361/361
f 333/333/333 407/407/407 334/334/334
f 407/407/407 333/333/333 342/342/342
f 407/407/407 342/342/342 349/349/349
f 408/408/408 399/399/399 349/349/349
f 408/408/408 350/350/350 399/399/399
f 348/348/348 408/408/408 349/349/349
f 408/408/408 348/348/348 350/350/350
f 409/409/409 402/402/402 350/350/350
f 351/351/351 409/409/409 350/350/350
f 409/409/409 351/351/351 352/352/352
f 409/409/409 352/352/352 402/402/402
f 352/352/352 410/410/410 402/402/402
f 411/411/411 410/410/410 352/352/352
f 402/402/402 410/410/410 403/403/403
f 410/410/410 411/411/411 403/403/403
f 411/411/411 412/412/412 403/403/403
f 412/412/412 394/394/394 403/403/403
f 394/394/394 412/412/412 413/413/413
f 394/394/394 413/413/413 393/393/393
f 412/412/412 414/414/414 413/413/413
f 412/412/412 411/411/411 414/414/414
f 413/413/413 415/415/415 393/393/393
f 415/415/415 413/413/413 414/414/414
f 415/415/415 416/416/416 393/393/393
f 416/416/416 390/390/390 393/393/393
f 390/390/390 416/416/416 417/417/417
f 390/390/390 417/417/417 389/389/389
f 416/416/416 415/415/415 418/418/418
f 416/416/416 419/419/419 417/417/417
f 419/419/419 416/416/416 418/418/418
f 417/417/417 420/420/420 389/389/389
f 420/420/420 417/417/417 419/419/419
f 421/421/421 415/415/415 414/414/414
f 415/415/415 421/421/421 418/418/418
f 422/422/422 421/421/421 414/414/414
f 421/421/421 423/423/423 418/418/418
f 421/421/421 422/422/422 423/423/423
f 418/418/418 424/424/424 419/419/419
f 424/424/424 418/418/418 423/423/423
f 420/420/420 425/425/425 389/389/389
f 389/389/389 425/425/425 380/380/380
f 426/426/426 422/422/422 414/414/414
f 422/422/422 426/426/426 427/427/427
f 411/411/411 426/426/426 414/414/414
f 427/427/427 426/426/426 411/411/411
f 424/424/424 428/428/428 419/419/419
f 428/428/428 420/420/420 419/419/419
f 425/425/425 429/429/429 380/380/380
f 380/380/380 429/429/429 379/379/379
f 430/430/430 427/427/427 411/411/411
f 430/430/430 411/411/411 352/352/352
f 431/431/431 430/430/430 352/352/352
f 430/430/430 431/431/431 427/427/427
f 293/293/293 431/431/431 352/352/352
f 292/292/292 431/431/431 293/293/293
f 431/431/431 292/292/292 432/432/432
f 431/431/431 432/432/432 427/427/427
f 292/292/292 294/294/294 432/432/432
f 294/294/294 433/433/433 432/432/432
f 296/296/296 433/433/433 294/294/294
f 432/432/432 434/434/434 427/427/427
f 433/433/433 434/434/434 432/432/432
f 429/429/429 435/435/435 379/379/379
f 435/435/435 429/429/429 436/436/436
f 379/379/379 435/435/435 382/382/382
f 435/435/435 436/436/436 382/382/382
f 433/433/433 296/296/296 437/437/437
f 296/296/296 438/438/438 437/437/437
f 437/437/437 438/438/438 439/439/439
f 434/434/434 440/440/440 427/427/427
f 440/440/440 434/434/434 441/441/441
f 440/440/440 422/422/422 427/427/427
f 440/440/440 441/441/441 422/422/422
f 434/434/434 433/433/433 442/442/442
f 434/434/434 442/442/442 441/441/441
f 429/429/429 443/443/443 436/436/436
f 429/429/429 425/425/425 443/443/443
f 439/439/439 444/444/444 437/437/437
f 445/445/445 444/444/444 439/439/439
f 387/387/387 444/444/444 445/445/445
f 446/446/446 433/433/433 437/437/437
f 433/433/433 446/446/446 442/442/442
f 446/446/446 437/437/437 447/447/447
f 444/444/444 447/447/447 437/437/437
f 446/446/446 448/448/448 442/442/442
f 448/448/448 446/446/446 447/447/447
f 442/442/442 449/449/449 441/441/441
f 448/448/448 449/449/449 442/442/442
f 425/425/425 450/450/450 443/443/443
f 425/425/425 420/420/420 450/450/450
f 420/420/420 451/451/451 450/450/450
f 420/420/420 428/428/428 451/451/451
f 428/428/428 452/452/452 451/451/451
f 428/428/428 424/424/424 452/452/452
f 451/451/451 453/453/453 450/450/450
f 453/453/453 451/451/451 452/452/452
f 450/450/450 454/454/454 443/443/443
f 453/453/453 454/454/454 450/450/450
f 454/454/454 455/455/455 443/443/443
f 443/443/443 455/455/455 436/436/436
f 449/449/449 448/448/448 456/456/456
f 449/449/449 456/456/456 457/457/457
f 448/448/448 458/458/458 456/456/456
f 448/448/448 447/447/447 458/458/458
f 459/459/459 449/449/449 457/457/457
f 459/459/459 457/457/457 460/460/460
f 449/449/449 459/459/459 441/441/441
f 459/459/459 460/460/460 441/441/441
f 447/447/447 461/461/461 458/458/458
f 447/447/447 444/444/444 461/461/461
f 444/444/444 462/462/462 461/461/461
f 462/462/462 444/444/444 387/387/387
f 461/461/461 463/463/463 458/458/458
f 463/463/463 461/461/461 462/462/462
f 458/458/458 464/464/464 456/456/456
f 463/463/463 464/464/464 458/458/458
f 387/387/387 465/465/465 462/462/462
f 465/465/465 387/387/387 388/388/388
f 456/456/456 466/466/466 457/457/457
f 464/464/464 466/466/466 456/456/456
f 460/460/460 467/467/467 441/441/441
f 441/441/441 467/467/467 422/422/422
f 422/422/422 467/467/467 423/423/423
f 467/467/467 460/460/460 423/423/423
f 468/468/468 463/463/463 462/462/462
f 465/465/465 468/468/468 462/462/462
f 460/460/460 469/469/469 423/423/423
f 469/469/469 424/424/424 423/423/423
f 424/424/424 469/469/469 470/470/470
f 424/424/424 470/470/470 452/452/452
f 469/469/469 460/460/460 471/471/471
f 469/469/469 471/471/471 470/470/470
f 470/470/470 472/472/472 452/452/452
f 472/472/472 470/470/470 471/471/471
f 460/460/460 473/473/473 471/471/471
f 473/473/473 474/474/474 471/471/471
f 457/457/457 473/473/473 460/460/460
f 474/474/474 473/473/473 457/457/457
f 472/472/472 475/475/475 452/452/452
f 475/475/475 453/453/453 452/452/452
f 476/476/476 472/472/472 471/471/471
f 474/474/474 476/476/476 471/471/471
f 472/472/472 476/476/476 477/477/477
f 475/475/475 472/472/472 477/477/477
f 478/478/478 474/474/474 457/457/457
f 478/478/478 479/479/479 474/474/474
f 466/466/466 478/478/478 457/457/457
f 478/478/478 466/466/466 479/479/479
f 476/476/476 474/474/474 480/480/480
f 476/476/476 480/480/480 477/477/477
f 466/466/466 481/481/481 479/479/479
f 466/466/466 464/464/464 481/481/481
f 474/474/474 482/482/482 480/480/480
f 479/479/479 482/482/482 474/474/474
f 464/464/464 483/483/483 481/481/481
f 464/464/464 463/463/463 483/483/483
f 482/482/482 484/484/484 480/480/480
f 484/484/484 482/482/482 479/479/479
f 463/463/463 485/485/485 483/483/483
f 463/463/463 468/468/468 485/485/485
f 468/468/468 486/486/486 485/485/485
f 468/468/468 465/465/465 486/486/486
f 485/485/485 487/487/487 483/483/483
f 487/487/487 485/485/485 486/486/486
f 483/483/483 488/488/488 481/481/481
f 487/487/487 488/488/488 483/483/483
f 488/488/488 487/487/487 489/489/489
f 488/488/488 490/490/490 481/481/481
f 481/481/481 490/490/490 479/479/479
f 490/490/490 488/488/488 489/489/489
f 490/490/490 491/491/491 479/479/479
f 491/491/491 484/484/484 479/479/479
f 491/491/491 490/490/490 489/489/489
f 491/491/491 489/489/489 484/484/484
f 484/484/484 492/492/492 480/480/480
f 492/492/492 484/484/484 489/489/489
f 492/492/492 493/493/493 480/480/480
f 493/493/493 492/492/492 489/489/489
f 493/493/493 477/477/477 480/480/480
f 487/487/487 494/494/494 489/489/489
f 494/494/494 487/487/487 486/486/486
f 494/494/494 495/495/495 489/489/489
f 495/495/495 494/494/494 486/486/486
f 496/496/496 493/493/493 489/489/489
f 477/477/477 493/493/493 497/497/497
f 493/493/493 496/496/496 497/497/497
f 497/497/497 475/475/475 477/477/477
f 496/496/496 498/498/498 497/497/497
f 498/498/498 496/496/496 489/489/489
f 475/475/475 497/497/497 499/499/499
f 498/498/498 499/499/499 497/497/497
f 453/453/453 475/475/475 499/499/499
f 453/453/453 499/499/499 500/500/500
f 499/499/499 498/498/498 500/500/500
f 454/454/454 453/453/453 500/500/500
f 498/498/498 501/501/501 500/500/500
f 501/501/501 498/498/498 489/489/489
f 454/454/454 500/500/500 502/502/502
f 500/500/500 501/501/501 502/502/502
f 455/455/455 454/454/454 502/502/502
f 455/455/455 502/502/502 503/503/503
f 501/501/501 504/504/504 502/502/502
f 504/504/504 501/501/501 489/489/489
f 502/502/502 504/504/504 503/503/503
f 505/505/505 455/455/455 503/503/503
f 505/505/505 503/503/503 506/506/506
f 455/455/455 505/505/505 436/436/436
f 505/505/505 506/506/506 436/436/436
f 507/507/507 504/504/504 489/489/489
f 504/504/504 507/507/507 503/503/503
f 507/507/507 489/489/489 508/508/508
f 507/507/507 508/508/508 503/503/503
f 506/506/506 509/509/509 436/436/436
f 436/436/436 509/509/509 382/382/382
f 382/382/382 509/509/509 388/388/388
f 509/509/509 506/506/506 388/388/388
f 510/510/510 508/508/508 489/489/489
f 495/495/495 510/510/510 489/489/489
f 508/508/508 511/511/511 503/503/503
f 503/503/503 511/511/511 506/506/506
f 508/508/508 510/510/510 512/512/512
f 511/511/511 508/508/508 512/512/512
f 510/510/510 495/495/495 512/512/512
f 506/506/506 511/511/511 512/512/512
f 506/506/506 513/513/513 388/388/388
f 513/513/513 506/506/506 512/512/512
f 513/513/513 465/465/465 388/388/388
f 495/495/495 514/514/514 512/512/512
f 513/513/513 512/512/512 514/514/514
f 465/465/465 513/513/513 514/514/514
f 514/514/514 495/495/495 486/486/486
f 465/465/465 514/514/514 486/486/486
f 517/517/517 516/516/516 515/515/515
f 518/518/518 517/517/517 515/515/515
f 515/515/515 519/519/519 518/518/518
f 519/519/519 515/515/515 520/520/520
f 520/520/520 521/521/521 519/519/519
f 521/521/521 522/522/522 519/519/519
f 520/520/520 523/523/523 521/521/521
f 523/523/523 524/524/524 521/521/521
f 525/525/525 522/522/522 521/521/521
f 526/526/526 525/525/525 521/521/521
f 529/529/529 528/528/528 527/527/527
f 528/528/528 530/530/530 527/527/527
f 530/530/530 531/531/531 527/527/527
f 531/531/531 532/532/532 527/527/527
f 533/533/533 532/532/532 531/531/531
f 533/533/533 531/531/531 534/534/534
f 534/534/534 535/535/535 533/533/533
f 534/534/534 531/531/531 536/536/536
f 531/531/531 530/530/530 536/536/536
f 530/530/530 528/528/528 537/537/537
f 530/530/530 537/537/537 536/536/536
f 528/528/528 538/538/538 537/537/537
f 539/539/539 536/536/536 537/537/537
f 538/538/538 540/540/540 537/537/537
f 540/540/540 539/539/539 537/537/537
f 543/543/543 542/542/542 541/541/541
f 541/541/541 542/542/542 544/544/544
f 547/547/547 546/546/546 545/545/545
f 546/546/546 548/548/548 545/545/545
f 549/549/549 545/545/545 548/548/548
f 550/550/550 549/549/549 548/548/548
f 548/548/548 546/546/546 551/551/551
f 546/546/546 552/552/552 551/551/551
f 552/552/552 553/553/553 551/551/551
f 554/554/554 550/550/550 548/548/548
f 551/551/551 554/554/554 548/548/548
f 550/550/550 554/554/554 555/555/555
f 554/554/554 556/556/556 555/555/555
f 553/553/553 557/557/557 551/551/551
f 554/554/554 551/551/551 557/557/557
f 553/553/553 558/558/558 557/557/557
f 558/558/558 559/559/559 557/557/557
f 559/559/559 560/560/560 557/557/557
f 560/560/560 561/561/561 557/557/557
f 561/561/561 554/554/554 557/557/557
f 554/554/554 561/561/561 556/556/556
f 561/561/561 562/562/562 556/556/556
f 565/565/565 564/564/564 563/563/563
f 566/566/566 565/565/565 563/563/563
f 569/569/569 568/568/568 567/567/567
f 570/570/570 569/569/569 567/567/567
f 573/573/573 572/572/572 571/571/571
f 572/572/572 574/574/574 571/571/571
f 571/571/571 574/574/574 575/575/575
f 576/576/576 571/571/571 575/575/575
f 576/576/576 575/575/575 577/577/577
f 575/575/575 578/578/578 577/577/577
f 579/579/579 577/577/577 578/578/578
f 580/580/580 579/579/579 578/578/578
f 579/579/579 580/580/580 581/581/581
f 580/580/580 582/582/582 581/581/581
f 582/582/582 583/583/583 581/581/581
f 583/583/583 584/584/584 581/581/581
f 584/584/584 583/583/583 585/585/585
f 583/583/583 586/586/586 585/585/585
f 589/589/589 588/588/588 587/587/587
f 590/590/590 589/589/589 587/587/587
f 590/590/590 587/587/587 591/591/591
f 590/590/590 592/592/592 589/589/589
f 592/592/592 593/593/593 589/589/589
f 594/594/594 593/593/593 592/592/592
f 595/595/595 590/590/590 591/591/591
f 592/592/592 590/590/590 595/595/595
f 596/596/596 595/595/595 591/591/591
f 596/596/596 592/592/592 595/595/595
f 597/597/597 596/596/596 591/591/591
f 597/597/597 598/598/598 596/596/596
f 599/599/599 594/594/594 592/592/592
f 599/599/599 592/592/592 596/596/596
f 594/594/594 599/599/599 600/600/600
f 600/600/600 599/599/599 596/596/596
f 601/601/601 594/594/594 600/600/600
f 602/602/602 601/601/601 600/600/600
f 598/598/598 603/603/603 596/596/596
f 603/603/603 600/600/600 596/596/596
f 604/604/604 602/602/602 600/600/600
f 604/604/604 600/600/600 603/603/603
f 604/604/604 605/605/605 602/602/602
f 605/605/605 604/604/604 603/603/603
f 605/605/605 606/606/606 602/602/602
f 607/607/607 606/606/606 605/605/605
f 608/608/608 607/607/607 605/605/605
f 609/609/609 603/603/603 598/598/598
f 609/609/609 605/605/605 603/603/603
f 605/605/605 609/609/609 608/608/608
f 610/610/610 609/609/609 598/598/598
f 609/609/609 610/610/610 608/608/608
f 613/613/613 612/612/612 611/611/611
f 614/614/614 613/613/613 611/611/611
f 614/614/614 611/611/611 615/615/615
f 615/615/615 616/616/616 614/614/614
f 615/615/615 617/617/617 616/616/616
f 617/617/617 615/615/615 618/618/618
f 616/616/616 617/617/617 619/619/619
f 618/618/618 619/619/619 617/617/617
f 620/620/620 616/616/616 619/619/619
f 618/618/618 621/621/621 619/619/619
f 621/621/621 618/618/618 622/622/622
f 618/618/618 623/623/623 622/622/622
f 624/624/624 620/620/620 619/619/619
f 625/625/625 620/620/620 624/624/624
f 626/626/626 625/625/625 624/624/624
f 629/629/629 628/628/628 627/627/627
f 628/628/628 630/630/630 627/627/627
f 627/627/627 630/630/630 631/631/631
f 632/632/632 627/627/627 631/631/631
f 632/632/632 631/631/631 633/633/633
f 631/631/631 634/634/634 633/633/633
f 635/635/635 633/633/633 634/634/634
f 636/636/636 635/635/635 634/634/634
f 635/635/635 636/636/636 637/637/637
f 636/636/636 638/638/638 637/637/637
f 638/638/638 639/639/639 637/637/637
f 639/639/639 640/640/640 637/637/637
f 640/640/640 639/639/639 641/641/641
f 639/639/639 642/642/642 641/641/641
f 645/645/645 644/644/644 643/643/643
f 646/646/646 645/645/645 643/643/643
f 646/646/646 643/643/643 647/647/647
f 646/646/646 648/648/648 645/645/645
f 648/648/648 649/649/649 645/645/645
f 650/650/650 649/649/649 648/648/648
f 651/651/651 646/646/646 647/647/647
f 648/648/648 646/646/646 651/651/651
f 652/652/652 651/651/651 647/647/647
f 652/652/652 648/648/648 651/651/651
f 653/653/653 652/652/652 647/647/647
f 653/653/653 654/654/654 652/652/652
f 655/655/655 650/650/650 648/648/648
f 655/655/655 648/648/648 652/652/652
f 650/650/650 655/655/655 656/656/656
f 656/656/656 655/655/655 652/652/652
f 657/657/657 650/650/650 656/656/656
f 658/658/658 657/657/657 656/656/656
f 654/654/654 659/659/659 652/652/652
f 659/659/659 656/656/656 652/652/652
f 660/660/660 658/658/658 656/656/656
f 660/660/660 656/656/656 659/659/659
f 660/660/660 661/661/661 658/658/658
f 661/661/661 660/660/660 659/659/659
f 661/661/661 662/662/662 658/658/658
f 663/663/663 662/662/662 661/661/661
f 664/664/664 663/663/663 661/661/661
f 665/665/665 659/659/659 654/654/654
f 665/665/665 661/661/661 659/659/659
f 661/661/661 665/665/665 664/664/664
f 666/666/666 665/665/665 654/654/654
f 665/665/665 666/666/666 664/664/664
f 669/669/669 668/668/668 667/667/667
f 667/667/667 668/668/668 670/670/670
f 671/671/671 667/667/667 670/670/670
f 670/670/670 672/672/672 671/671/671
f 673/673/673 672/672/672 670/670/670
f 674/674/674 673/673/673 670/670/670
f 675/675/675 673/673/673 674/674/674
f 676/676/676 675/675/675 674/674/674
f 677/677/677 675/675/675 676/676/676
f 678/678/678 677/677/677 676/676/676
f 679/679/679 677/677/677 678/678/678
f 680/680/680 679/679/679 678/678/678
f 681/681/681 679/679/679 680/680/680
f 682/682/682 681/681/681 680/680/680
f 683/683/683 681/681/681 682/682/682
f 684/684/684 683/683/683 682/682/682
f 685/685/685 683/683/683 684/684/684
f 686/686/686 685/685/685 684/684/684
f 687/687/687 685/685/685 686/686/686
f 688/688/688 687/687/687 686/686/686
f 689/689/689 687/687/687 688/688/688
f 690/690/690 689/689/689 688/688/688
f 691/691/691 689/689/689 690/690/690
f 692/692/692 691/691/691 690/690/690
f 693/693/693 691/691/691 692/692/692
f 694/694/694 693/693/693 692/692/692
f 695/695/695 693/693/693 694/694/694
f 696/696/696 695/695/695 694/694/694
f 697/697/697 695/695/695 696/696/696
f 698/698/698 697/697/697 696/696/696
f 699/699/699 697/697/697 698/698/698
f 700/700/700 699/699/699 698/698/698
f 701/701/701 699/699/699 700/700/700
f 702/702/702 701/701/701 700/700/700
f 703/703/703 701/701/701 702/702/702
f 704/704/704 703/703/703 702/702/702
f 705/705/705 703/703/703 704/704/704
f 706/706/706 705/705/705 704/704/704
f 707/707/707 705/705/705 706/706/706
f 708/708/708 707/707/707 706/706/706
f 709/709/709 707/707/707 708/708/708
f 708/708/708 710/710/710 709/709/709
f 708/708/708 711/711/711 710/710/710
f 710/710/710 711/711/711 712/712/712
f 715/715/715 714/714/714 713/713/713
f 716/716/716 715/715/715 713/713/713
f 717/717/717 715/715/715 716/716/716
f 718/718/718 715/715/715 717/717/717
f 719/719/719 718/718/718 717/717/717
f 720/720/720 718/718/718 719/719/719
f 721/721/721 718/718/718 720/720/720
f 722/722/722 718/718/718 721/721/721
f 723/723/723 722/722/722 721/721/721
f 724/724/724 722/722/722 723/723/723
f 725/725/725 722/722/722 724/724/724
f 726/726/726 725/725/725 724/724/724
f 729/729/729 728/728/728 727/727/727
f 730/730/730 729/729/729 727/727/727
f 731/731/731 729/729/729 730/730/730
f 732/732/732 731/731/731 730/730/730
f 733/733/733 731/731/731 732/732/732
f 734/734/734 733/733/733 732/732/732
f 735/735/735 733/733/733 734/734/734
f 736/736/736 735/735/735 734/734/734
f 737/737/737 735/735/735 736/736/736
f 738/738/738 735/735/735 737/737/737
f 739/739/739 738/738/738 737/737/737
f 742/742/742 741/741/741 740/740/740
f 743/743/743 742/742/742 740/740/740
f 744/744/744 742/742/742 743/743/743
f 745/745/745 744/744/744 743/743/743
f 745/745/745 743/743/743 746/746/746
f 745/745/745 746/746/746 747/747/747
f 743/743/743 748/748/748 746/746/746
f 743/743/743 740/740/740 748/748/748
f 749/749/749 745/745/745 747/747/747
f 740/740/740 750/750/750 748/748/748
f 749/749/749 747/747/747 751/751/751
f 752/752/752 749/749/749 751/751/751
f 753/753/753 750/750/750 740/740/740
f 754/754/754 753/753/753 740/740/740
f 754/754/754 755/755/755 753/753/753
f 755/755/755 756/756/756 753/753/753
f 755/755/755 757/757/757 756/756/756
f 757/757/757 758/758/758 756/756/756
f 757/757/757 759/759/759 758/758/758
f 759/759/759 760/760/760 758/758/758
f 759/759/759 761/761/761 760/760/760
f 761/761/761 762/762/762 760/760/760
f 752/752/752 751/751/751 763/763/763
f 764/764/764 752/752/752 763/763/763
f 761/761/761 765/765/765 762/762/762
f 764/764/764 763/763/763 765/765/765
f 765/765/765 766/766/766 762/762/762
f 763/763/763 766/766/766 765/765/765
f 769/769/769 768/768/768 767/767/767
f 768/768/768 770/770/770 767/767/767
f 767/767/767 770/770/770 771/771/771
f 768/768/768 772/772/772 770/770/770
f 770/770/770 773/773/773 771/771/771
f 771/771/771 773/773/773 774/774/774
f 772/772/772 775/775/775 770/770/770
f 776/776/776 775/775/775 772/772/772
f 775/775/775 777/777/777 770/770/770
f 770/770/770 777/777/777 773/773/773
f 778/778/778 775/775/775 776/776/776
f 778/778/778 777/777/777 775/775/775
f 778/778/778 779/779/779 777/777/777
f 779/779/779 778/778/778 773/773/773
f 777/777/777 779/779/779 773/773/773
f 773/773/773 780/780/780 774/774/774
f 773/773/773 778/778/778 780/780/780
f 774/774/774 780/780/780 781/781/781
f 776/776/776 782/782/782 778/778/778
f 783/783/783 782/782/782 776/776/776
f 784/784/784 782/782/782 783/783/783
f 778/778/778 782/782/782 784/784/784
f 780/780/780 785/785/785 781/781/781
f 781/781/781 785/785/785 786/786/786
f 785/785/785 787/787/787 786/786/786
f 785/785/785 788/788/788 787/787/787
f 784/784/784 788/788/788 778/778/778
f 788/788/788 789/789/789 787/787/787
f 789/789/789 788/788/788 784/784/784
f 790/790/790 788/788/788 785/785/785
f 780/780/780 790/790/790 785/785/785
f 788/788/788 790/790/790 778/778/778
f 778/778/778 791/791/791 780/780/780
f 791/791/791 790/790/790 780/780/780
f 790/790/790 791/791/791 778/778/778
f 794/794/794 793/793/793 792/792/792
f 793/793/793 795/795/795 792/792/792
f 792/792/792 795/795/795 796/796/796
f 793/793/793 797/797/797 795/795/795
f 795/795/795 798/798/798 796/796/796
f 796/796/796 798/798/798 799/799/799
f 797/797/797 800/800/800 795/795/795
f 795/795/795 800/800/800 798/798/798
f 797/797/797 801/801/801 800/800/800
f 798/798/798 802/802/802 799/799/799
f 799/799/799 802/802/802 803/803/803
f 800/800/800 804/804/804 798/798/798
f 798/798/798 804/804/804 802/802/802
f 801/801/801 805/805/805 800/800/800
f 800/800/800 805/805/805 804/804/804
f 806/806/806 805/805/805 801/801/801
f 802/802/802 807/807/807 803/803/803
f 803/803/803 807/807/807 808/808/808
f 804/804/804 809/809/809 802/802/802
f 802/802/802 809/809/809 807/807/807
f 805/805/805 810/810/810 804/804/804
f 804/804/804 810/810/810 809/809/809
f 805/805/805 806/806/806 811/811/811
f 810/810/810 805/805/805 811/811/811
f 811/811/811 806/806/806 812/812/812
f 806/806/806 813/813/813 812/812/812
f 812/812/812 813/813/813 814/814/814
f 813/813/813 815/815/815 814/814/814
f 816/816/816 810/810/810 811/811/811
f 810/810/810 816/816/816 809/809/809
f 817/817/817 816/816/816 811/811/811
f 818/818/818 816/816/816 817/817/817
f 809/809/809 816/816/816 819/819/819
f 809/809/809 819/819/819 807/807/807
f 816/816/816 818/818/818 819/819/819
f 814/814/814 815/815/815 820/820/820
f 821/821/821 814/814/814 820/820/820
f 807/807/807 819/819/819 822/822/822
f 807/807/807 822/822/822 808/808/808
f 808/808/808 822/822/822 823/823/823
f 819/819/819 818/818/818 824/824/824
f 819/819/819 824/824/824 822/822/822
f 818/818/818 825/825/825 824/824/824
f 822/822/822 826/826/826 823/823/823
f 822/822/822 824/824/824 826/826/826
f 823/823/823 826/826/826 827/827/827
f 824/824/824 825/825/825 828/828/828
f 824/824/824 828/828/828 826/826/826
f 825/825/825 829/829/829 828/828/828
f 826/826/826 830/830/830 827/827/827
f 826/826/826 828/828/828 830/830/830
f 827/827/827 830/830/830 831/831/831
f 829/829/829 821/821/821 832/832/832
f 832/832/832 821/821/821 820/820/820
f 828/828/828 829/829/829 833/833/833
f 828/828/828 833/833/833 830/830/830
f 829/829/829 832/832/832 833/833/833
f 830/830/830 834/834/834 831/831/831
f 830/830/830 833/833/833 834/834/834
f 831/831/831 834/834/834 835/835/835
f 833/833/833 832/832/832 836/836/836
f 833/833/833 836/836/836 834/834/834
f 832/832/832 820/820/820 836/836/836
f 834/834/834 837/837/837 835/835/835
f 834/834/834 836/836/836 837/837/837
f 835/835/835 837/837/837 838/838/838
f 837/837/837 839/839/839 838/838/838
f 836/836/836 840/840/840 837/837/837
f 837/837/837 840/840/840 839/839/839
f 836/836/836 820/820/820 840/840/840
f 840/840/840 841/841/841 839/839/839
f 820/820/820 842/842/842 840/840/840
f 840/840/840 842/842/842 841/841/841
f 815/815/815 842/842/842 820/820/820
f 842/842/842 843/843/843 841/841/841
f 815/815/815 843/843/843 842/842/842
f 846/846/846 845/845/845 844/844/844
f 847/847/847 846/846/846 844/844/844
f 847/847/847 844/844/844 848/848/848
f 849/849/849 846/846/846 847/847/847
f 850/850/850 847/847/847 848/848/848
f 851/851/851 849/849/849 847/847/847
f 847/847/847 850/850/850 852/852/852
f 851/851/851 847/847/847 852/852/852
f 855/855/855 854/854/854 853/853/853
f 856/856/856 854/854/854 855/855/855
f 857/857/857 856/856/856 855/855/855
f 858/858/858 856/856/856 857/857/857
f 859/859/859 858/858/858 857/857/857
f 858/858/858 859/859/859 860/860/860
f 859/859/859 861/861/861 860/860/860
f 860/860/860 861/861/861 862/862/862
f 861/861/861 863/863/863 862/862/862
f 862/862/862 863/863/863 864/864/864
f 863/863/863 865/865/865 864/864/864
f 864/864/864 865/865/865 866/866/866
f 865/865/865 867/867/867 866/866/866
f 868/868/868 866/866/866 867/867/867
f 869/869/869 868/868/868 867/867/867
f 870/870/870 868/868/868 869/869/869
f 871/871/871 870/870/870 869/869/869
f 870/870/870 871/871/871 872/872/872
f 875/875/875 874/874/874 873/873/873
f 876/876/876 875/875/875 873/873/873
f 877/877/877 875/875/875 876/876/876
f 878/878/878 877/877/877 876/876/876
f 878/878/878 876/876/876 879/879/879
f 878/878/878 879/879/879 880/880/880
f 876/876/876 881/881/881 879/879/879
f 876/876/876 873/873/873 881/881/881
f 882/882/882 878/878/878 880/880/880
f 873/873/873 883/883/883 881/881/881
f 882/882/882 880/880/880 884/884/884
f 885/885/885 882/882/882 884/884/884
f 886/886/886 883/883/883 873/873/873
f 887/887/887 886/886/886 873/873/873
f 887/887/887 888/888/888 886/886/886
f 888/888/888 889/889/889 886/886/886
f 888/888/888 890/890/890 889/889/889
f 890/890/890 891/891/891 889/889/889
f 890/890/890 892/892/892 891/891/891
f 892/892/892 893/893/893 891/891/891
f 892/892/892 894/894/894 893/893/893
f 894/894/894 895/895/895 893/893/893
f 885/885/885 884/884/884 896/896/896
f 897/897/897 885/885/885 896/896/896
f 894/894/894 898/898/898 895/895/895
f 897/897/897 896/896/896 898/898/898
f 898/898/898 899/899/899 895/895/895
f 896/896/896 899/899/899 898/898/898
f 902/902/902 901/901/901 900/900/900
f 901/901/901 903/903/903 900/900/900
f 900/900/900 903/903/903 904/904/904
f 903/903/903 905/905/905 904/904/904
f 904/904/904 905/905/905 906/906/906
f 905/905/905 907/907/907 906/906/906
f 906/906/906 907/907/907 908/908/908
f 907/907/907 909/909/909 908/908/908
f 908/908/908 909/909/909 910/910/910
f 909/909/909 911/911/911 910/910/910
f 910/910/910 911/911/911 912/912/912
f 911/911/911 913/913/913 912/912/912
f 912/912/912 913/913/913 914/914/914
f 913/913/913 915/915/915 914/914/914
f 914/914/914 915/915/915 916/916/916
f 915/915/915 917/917/917 916/916/916
f 917/917/917 918/918/918 916/916/916
f 918/918/918 919/919/919 916/916/916
f 919/919/919 918/918/918 920/920/920
f 918/918/918 921/921/921 920/920/920
f 920/920/920 921/921/921 922/922/922
f 921/921/921 923/923/923 922/922/922
f 922/922/922 923/923/923 924/924/924
f 923/923/923 925/925/925 924/924/924
f 924/924/924 925/925/925 926/926/926
f 925/925/925 927/927/927 926/926/926
f 926/926/926 927/927/927 928/928/928
f 927/927/927 929/929/929 928/928/928
f 928/928/928 929/929/929 930/930/930
f 929/929/929 931/931/931 930/930/930
f 931/931/931 932/932/932 930/930/930
f 932/932/932 933/933/933 930/930/930
f 936/936/936 935/935/935 934/934/934
f 937/937/937 936/936/936 934/934/934
f 937/937/937 934/934/934 938/938/938
f 939/939/939 937/937/937 938/938/938
f 939/939/939 938/938/938 940/940/940
f 941/941/941 939/939/939 940/940/940
f 941/941/941 940/940/940 942/942/942
f 943/943/943 941/941/941 942/942/942
f 943/943/943 942/942/942 944/944/944
f 945/945/945 943/943/943 944/944/944
f 945/945/945 944/944/944 946/946/946
f 947/947/947 945/945/945 946/946/946
f 947/947/947 946/946/946 948/948/948
f 949/949/949 947/947/947 948/948/948
f 949/949/949 948/948/948 950/950/950
f 951/951/951 949/949/949 950/950/950
f 952/952/952 951/951/951 950/950/950
f 953/953/953 952/952/952 950/950/950
f 952/952/952 953/953/953 954/954/954
f 955/955/955 952/952/952 954/954/954
f 955/955/955 954/954/954 956/956/956
f 957/957/957 955/955/955 956/956/956
f 957/957/957 956/956/956 958/958/958
f 959/959/959 957/957/957 958/958/958
f 959/959/959 958/958/958 960/960/960
f 961/961/961 959/959/959 960/960/960
f 961/961/961 960/960/960 962/962/962
f 963/963/963 961/961/961 962/962/962
f 963/963/963 962/962/962 964/964/964
f 965/965/965 963/963/963 964/964/964
f 966/966/966 965/965/965 964/964/964
f 967/967/967 966/966/966 964/964/964
f 970/970/970 969/969/969 968/968/968
f 971/971/971 970/970/970 968/968/968
f 971/971/971 968/968/968 972/972/972
f 973/973/973 971/971/971 972/972/972
f 974/974/974 973/973/973 972/972/972
f 975/975/975 974/974/974 972/972/972
f 974/974/974 975/975/975 976/976/976
f 977/977/977 974/974/974 976/976/976
f 978/978/978 977/977/977 976/976/976
f 979/979/979 978/978/978 976/976/976
f 978/978/978 979/979/979 980/980/980
f 981/981/981 978/978/978 980/980/980
f 981/981/981 980/980/980 982/982/982
f 983/983/983 981/981/981 982/982/982
f 984/984/984 983/983/983 982/982/982
f 985/985/985 984/984/984 982/982/982
f 984/984/984 985/985/985 986/986/986
f 987/987/987 984/984/984 986/986/986
f 988/988/988 987/987/987 986/986/986
f 989/989/989 988/988/988 986/986/986
f 988/988/988 989/989/989 990/990/990
f 991/991/991 988/988/988 990/990/990
f 991/991/991 990/990/990 992/992/992
f 993/993/993 991/991/991 992/992/992
f 993/993/993 992/992/992 994/994/994
f 995/995/995 993/993/993 994/994/994
f 996/996/996 995/995/995 994/994/994
f 997/997/997 996/996/996 994/994/994
f 996/996/996 997/997/997 998/998/998
f 999/999/999 996/996/996 998/998/998
f 999/999/999 998/998/998 1000/1000/1000
f 1001/1001/1001 999/999/999 1000/1000/1000
f 1004/1004/1004 1003/1003/1003 1002/1002/1002
f 1003/1003/1003 1005/1005/1005 1002/1002/1002
f 1005/1005/1005 1003/1003/1003 1006/1006/1006
f 1003/1003/1003 1007/1007/1007 1006/1006/1006
f 1007/1007/1007 1008/1008/1008 1006/1006/1006
f 1008/1008/1008 1009/1009/1009 1006/1006/1006
f 1008/1008/1008 1010/1010/1010 1009/1009/1009
f 1010/1010/1010 1011/1011/1011 1009/1009/1009
f 1010/1010/1010 1012/1012/1012 1011/1011/1011
f 1012/1012/1012 1013/1013/1013 1011/1011/1011
f 1013/1013/1013 1012/1012/1012 1014/1014/1014
f 1012/1012/1012 1015/1015/1015 1014/1014/1014
f 1015/1015/1015 1016/1016/1016 1014/1014/1014
f 1016/1016/1016 1017/1017/1017 1014/1014/1014
f 1017/1017/1017 1016/1016/1016 1018/1018/1018
f 1016/1016/1016 1019/1019/1019 1018/1018/1018
f 1019/1019/1019 1020/1020/1020 1018/1018/1018
f 1020/1020/1020 1021/1021/1021 1018/1018/1018
f 1020/1020/1020 1022/1022/1022 1021/1021/1021
f 1022/1022/1022 1023/1023/1023 1021/1021/1021
f 1023/1023/1023 1022/1022/1022 1024/1024/1024
f 1025/1025/1025 1023/1023/1023 1024/1024/1024
f 1025/1025/1025 1024/1024/1024 1026/1026/1026
f 1024/1024/1024 1027/1027/1027 1026/1026/1026
f 1027/1027/1027 1028/1028/1028 1026/1026/1026
f 1028/1028/1028 1029/1029/1029 1026/1026/1026
f 1028/1028/1028 1030/1030/1030 1029/1029/1029
f 1030/1030/1030 1031/1031/1031 1029/1029/1029
f 1030/1030/1030 1032/1032/1032 1031/1031/1031
f 1032/1032/1032 1033/1033/1033 1031/1031/1031
f 1032/1032/1032 1034/1034/1034 1033/1033/1033
f 1034/1034/1034 1035/1035/1035 1033/1033/1033
f 1038/1038/1038 1037/1037/1037 1036/1036/1036
f 1039/1039/1039 1038/1038/1038 1036/1036/1036
f 1042/1042/1042 1041/1041/1041 1040/1040/1040
f 1043/1043/1043 1042/1042/1042 1040/1040/1040
f 1046/1046/1046 1045/1045/1045 1044/1044/1044
f 1045/1045/1045 1047/1047/1047 1044/1044/1044
f 1045/1045/1045 1048/1048/1048 1047/1047/1047
f 1048/1048/1048 1049/1049/1049 1047/1047/1047
f 1048/1048/1048 1050/1050/1050 1049/1049/1049
f 1050/1050/1050 1051/1051/1051 1049/1049/1049
f 1050/1050/1050 1052/1052/1052 1051/1051/1051
f 1052/1052/1052 1053/1053/1053 1051/1051/1051
f 1052/1052/1052 1054/1054/1054 1053/1053/1053
f 1054/1054/1054 1055/1055/1055 1053/1053/1053
f 1054/1054/1054 1056/1056/1056 1055/1055/1055
f 1056/1056/1056 1057/1057/1057 1055/1055/1055
f 1056/1056/1056 1058/1058/1058 1057/1057/1057
f 1058/1058/1058 1059/1059/1059 1057/1057/1057
f 1058/1058/1058 1060/1060/1060 1059/1059/1059
f 1060/1060/1060 1061/1061/1061 1059/1059/1059
f 1060/1060/1060 1062/1062/1062 1061/1061/1061
f 1062/1062/1062 1063/1063/1063 1061/1061/1061
f 1062/1062/1062 1064/1064/1064 1063/1063/1063
f 1064/1064/1064 1065/1065/1065 1063/1063/1063
f 1064/1064/1064 1066/1066/1066 1065/1065/1065
f 1066/1066/1066 1067/1067/1067 1065/1065/1065
f 1066/1066/1066 1068/1068/1068 1067/1067/1067
f 1068/1068/1068 1069/1069/1069 1067/1067/1067
f 1068/1068/1068 1070/1070/1070 1069/1069/1069
f 1070/1070/1070 1071/1071/1071 1069/1069/1069
f 1070/1070/1070 1072/1072/1072 1071/1071/1071
f 1072/1072/1072 1073/1073/1073 1071/1071/1071
f 1072/1072/1072 1074/1074/1074 1073/1073/1073
f 1074/1074/1074 1075/1075/1075 1073/1073/1073
f 1074/1074/1074 1076/1076/1076 1075/1075/1075
f 1076/1076/1076 1077/1077/1077 1075/1075/1075
f 1080/1080/1080 1079/1079/1079 1078/1078/1078
f 1079/1079/1079 1081/1081/1081 1078/1078/1078
f 1079/1079/1079 1082/1082/1082 1081/1081/1081
f 1082/1082/1082 1083/1083/1083 1081/1081/1081
f 1082/1082/1082 1084/1084/1084 1083/1083/1083
f 1084/1084/1084 1085/1085/1085 1083/1083/1083
f 1084/1084/1084 1086/1086/1086 1085/1085/1085
f 1086/1086/1086 1087/1087/1087 1085/1085/1085
f 1086/1086/1086 1088/1088/1088 1087/1087/1087
f 1088/1088/1088 1089/1089/1089 1087/1087/1087
f 1088/1088/1088 1090/1090/1090 1089/1089/1089
f 1090/1090/1090 1091/1091/1091 1089/1089/1089
f 1090/1090/1090 1092/1092/1092 1091/1091/1091
f 1092/1092/1092 1093/1093/1093 1091/1091/1091
f 1092/1092/1092 1094/1094/1094 1093/1093/1093
f 1094/1094/1094 1095/1095/1095 1093/1093/1093
f 1094/1094/1094 1096/1096/1096 1095/1095/1095
f 1096/1096/1096 1097/1097/1097 1095/1095/1095
f 1096/1096/1096 1098/1098/1098 1097/1097/1097
f 1098/1098/1098 1099/1099/1099 1097/1097/1097
f 1098/1098/1098 1100/1100/1100 1099/1099/1099
f 1100/1100/1100 1101/1101/1101 1099/1099/1099
f 1100/1100/1100 1102/1102/1102 1101/1101/1101
f 1102/1102/1102 1103/1103/1103 1101/1101/1101
f 1102/1102/1102 1104/1104/1104 1103/1103/1103
f 1104/1104/1104 1105/1105/1105 1103/1103/1103
f 1104/1104/1104 1106/1106/1106 1105/1105/1105
f 1106/1106/1106 1107/1107/1107 1105/1105/1105
f 1106/1106/1106 1108/1108/1108 1107/1107/1107
f 1108/1108/1108 1109/1109/1109 1107/1107/1107
f 1108/1108/1108 1110/1110/1110 1109/1109/1109
f 1110/1110/1110 1111/1111/1111 1109/1109/1109
f 1114/1114/1114 1113/1113/1113 1112/1112/1112
f 1115/1115/1115 1114/1114/1114 1112/1112/1112
f 1115/1115/1115 1112/1112/1112 1116/1116/1116
f 1117/1117/1117 1115/1115/1115 1116/1116/1116
f 1117/1117/1117 1116/1116/1116 1118/1118/1118
f 1119/1119/1119 1117/1117/1117 1118/1118/1118
f 1119/1119/1119 1118/1118/1118 1120/1120/1120
f 1121/1121/1121 1119/1119/1119 1120/1120/1120
f 1121/1121/1121 1120/1120/1120 1122/1122/1122
f 1123/1123/1123 1121/1121/1121 1122/1122/1122
f 1123/1123/1123 1122/1122/1122 1124/1124/1124
f 1125/1125/1125 1123/1123/1123 1124/1124/1124
f 1125/1125/1125 1124/1124/1124 1126/1126/1126
f 1127/1127/1127 1125/1125/1125 1126/1126/1126
f 1127/1127/1127 1126/1126/1126 1128/1128/1128
f 1129/1129/1129 1127/1127/1127 1128/1128/1128
f 1129/1129/1129 1128/1128/1128 1130/1130/1130
f 1131/1131/1131 1129/1129/1129 1130/1130/1130
f 1131/1131/1131 1130/1130/1130 1132/1132/1132
f 1133/1133/1133 1131/1131/1131 1132/1132/1132
f 1133/1133/1133 1132/1132/1132 1134/1134/1134
f 1135/1135/1135 1133/1133/1133 1134/1134/1134
f 1135/1135/1135 1134/1134/1134 1136/1136/1136
f 1137/1137/1137 1135/1135/1135 1136/1136/1136
f 1137/1137/1137 1136/1136/1136 1138/1138/1138
f 1139/1139/1139 1137/1137/1137 1138/1138/1138
f 1139/1139/1139 1138/1138/1138 1140/1140/1140
f 1141/1141/1141 1139/1139/1139 1140/1140/1140
f 1141/1141/1141 1140/1140/1140 1142/1142/1142
f 1143/1143/1143 1141/1141/1141 1142/1142/1142
f 1143/1143/1143 1142/1142/1142 1144/1144/1144
f 1145/1145/1145 1143/1143/1143 1144/1144/1144
f 1148/1148/1148 1147/1147/1147 1146/1146/1146
f 1149/1149/1149 1148/1148/1148 1146/1146/1146
f 1149/1149/1149 1146/1146/1146 1150/1150/1150
f 1151/1151/1151 1149/1149/1149 1150/1150/1150
f 1151/1151/1151 1150/1150/1150 1152/1152/1152
f 1153/1153/1153 1151/1151/1151 1152/1152/1152
f 1153/1153/1153 1152/1152/1152 1154/1154/1154
f 1155/1155/1155 1153/1153/1153 1154/1154/1154
f 1155/1155/1155 1154/1154/1154 1156/1156/1156
f 1157/1157/1157 1155/1155/1155 1156/1156/1156
f 1157/1157/1157 1156/1156/1156 1158/1158/1158
f 1159/1159/1159 1157/1157/1157 1158/1158/1158
f 1159/1159/1159 1158/1158/1158 1160/1160/1160
f 1161/1161/1161 1159/1159/1159 1160/1160/1160
f 1161/1161/1161 1160/1160/1160 1162/1162/1162
f 1163/1163/1163 1161/1161/1161 1162/1162/1162
f 1163/1163/1163 1162/1162/1162 1164/1164/1164
f 1165/1165/1165 1163/1163/1163 1164/1164/1164
f 1165/1165/1165 1164/1164/1164 1166/1166/1166
f 1167/1167/1167 1165/1165/1165 1166/1166/1166
f 1167/1167/1167 1166/1166/1166 1168/1168/1168
f 1169/1169/1169 1167/1167/1167 1168/1168/1168
f 1169/1169/1169 1168/1168/1168 1170/1170/1170
f 1171/1171/1171 1169/1169/1169 1170/1170/1170
f 1171/1171/1171 1170/1170/1170 1172/1172/1172
f 1173/1173/1173 1171/1171/1171 1172/1172/1172
f 1173/1173/1173 1172/1172/1172 1174/1174/1174
f 1175/1175/1175 1173/1173/1173 1174/1174/1174
f 1175/1175/1175 1174/1174/1174 1176/1176/1176
f 1177/1177/1177 1175/1175/1175 1176/1176/1176
f 1177/1177/1177 1176/1176/1176 1178/1178/1178
f 1179/1179/1179 1177/1177/1177 1178/1178/1178
f 1182/1182/1182 1181/1181/1181 1180/1180/1180
f 1183/1183/1183 1182/1182/1182 1180/1180/1180
f 1186/1186/1186 1185/1185/1185 1184/1184/1184
f 1187/1187/1187 1186/1186/1186 1184/1184/1184
f 1190/1190/1190 1189/1189/1189 1188/1188/1188
f 1191/1191/1191 1190/1190/1190 1188/1188/1188
f 1194/1194/1194 1193/1193/1193 1192/1192/1192
f 1195/1195/1195 1194/1194/1194 1192/1192/1192
f 1198/1198/1198 1197/1197/1197 1196/1196/1196
f 1199/1199/1199 1198/1198/1198 1196/1196/1196
f 1199/1199/1199 1196/1196/1196 1200/1200/1200
f 1201/1201/1201 1199/1199/1199 1200/1200/1200
f 1201/1201/1201 1200/1200/1200 1202/1202/1202
f 1203/1203/1203 1201/1201/1201 1202/1202/1202
f 1203/1203/1203 1202/1202/1202 1204/1204/1204
f 1205/1205/1205 1203/1203/1203 1204/1204/1204
f 1205/1205/1205 1204/1204/1204 1206/1206/1206
f 1207/1207/1207 1205/1205/1205 1206/1206/1206
f 1207/1207/1207 1206/1206/1206 1208/1208/1208
f 1209/1209/1209 1207/1207/1207 1208/1208/1208
f 1209/1209/1209 1208/1208/1208 1210/1210/1210
f 1211/1211/1211 1209/1209/1209 1210/1210/1210
f 1211/1211/1211 1210/1210/1210 1212/1212/1212
f 1213/1213/1213 1211/1211/1211 1212/1212/1212
f 1213/1213/1213 1212/1212/1212 1214/1214/1214
f 1215/1215/1215 1213/1213/1213 1214/1214/1214
f 1215/1215/1215 1214/1214/1214 1216/1216/1216
f 1217/1217/1217 1215/1215/1215 1216/1216/1216
f 1217/1217/1217 1216/1216/1216 1218/1218/1218
f 1219/1219/1219 1217/1217/1217 1218/1218/1218
f 1219/1219/1219 1218/1218/1218 1220/1220/1220
f 1221/1221/1221 1219/1219/1219 1220/1220/1220
f 1221/1221/1221 1220/1220/1220 1222/1222/1222
f 1223/1223/1223 1221/1221/1221 1222/1222/1222
f 1223/1223/1223 1222/1222/1222 1224/1224/1224
f 1225/1225/1225 1223/1223/1223 1224/1224/1224
f 1225/1225/1225 1224/1224/1224 1226/1226/1226
f 1227/1227/1227 1225/1225/1225 1226/1226/1226
f 1227/1227/1227 1226/1226/1226 1228/1228/1228
f 1229/1229/1229 1227/1227/1227 1228/1228/1228
f 1232/1232/1232 1231/1231/1231 1230/1230/1230
f 1231/1231/1231 1233/1233/1233 1230/1230/1230
f 1231/1231/1231 1234/1234/1234 1233/1233/1233
f 1234/1234/1234 1235/1235/1235 1233/1233/1233
f 1234/1234/1234 1236/1236/1236 1235/1235/1235
f 1236/1236/1236 1237/1237/1237 1235/1235/1235
f 1236/1236/1236 1238/1238/1238 1237/1237/1237
f 1238/1238/1238 1239/1239/1239 1237/1237/1237
f 1238/1238/1238 1240/1240/1240 1239/1239/1239
f 1240/1240/1240 1241/1241/1241 1239/1239/1239
f 1240/1240/1240 1242/1242/1242 1241/1241/1241
f 1242/1242/1242 1243/1243/1243 1241/1241/1241
f 1242/1242/1242 1244/1244/1244 1243/1243/1243
f 1244/1244/1244 1245/1245/1245 1243/1243/1243
f 1244/1244/1244 1246/1246/1246 1245/1245/1245
f 1246/1246/1246 1247/1247/1247 1245/1245/1245
f 1246/1246/1246 1248/1248/1248 1247/1247/1247
f 1248/1248/1248 1249/1249/1249 1247/1247/1247
f 1248/1248/1248 1250/1250/1250 1249/1249/1249
f 1250/1250/1250 1251/1251/1251 1249/1249/1249
f 1250/1250/1250 1252/1252/1252 1251/1251/1251
f 1252/1252/1252 1253/1253/1253 1251/1251/1251
f 1252/1252/1252 1254/1254/1254 1253/1253/1253
f 1254/1254/1254 1255/1255/1255 1253/1253/1253
f 1254/1254/1254 1256/1256/1256 1255/1255/1255
f 1256/1256/1256 1257/1257/1257 1255/1255/1255
f 1256/1256/1256 1258/1258/1258 1257/1257/1257
f 1258/1258/1258 1259/1259/1259 1257/1257/1257
f 1258/1258/1258 1260/1260/1260 1259/1259/1259
f 1260/1260/1260 1261/1261/1261 1259/1259/1259
f 1260/1260/1260 1262/1262/1262 1261/1261/1261
f 1262/1262/1262 1263/1263/1263 1261/1261/1261
f 1266/1266/1266 1265/1265/1265 1264/1264/1264
f 1265/1265/1265 1267/1267/1267 1264/1264/1264
f 1265/1265/1265 1268/1268/1268 1267/1267/1267
f 1268/1268/1268 1269/1269/1269 1267/1267/1267
f 1268/1268/1268 1270/1270/1270 1269/1269/1269
f 1270/1270/1270 1271/1271/1271 1269/1269/1269
f 1270/1270/1270 1272/1272/1272 1271/1271/1271
f 1272/1272/1272 1273/1273/1273 1271/1271/1271
f 1272/1272/1272 1274/1274/1274 1273/1273/1273
f 1274/1274/1274 1275/1275/1275 1273/1273/1273
f 1274/1274/1274 1276/1276/1276 1275/1275/1275
f 1276/1276/1276 1277/1277/1277 1275/1275/1275
f 1276/1276/1276 1278/1278/1278 1277/1277/1277
f 1278/1278/1278 1279/1279/1279 1277/1277/1277
f 1278/1278/1278 1280/1280/1280 1279/1279/1279
f 1280/1280/1280 1281/1281/1281 1279/1279/1279
f 1280/1280/1280 1282/1282/1282 1281/1281/1281
f 1282/1282/1282 1283/1283/1283 1281/1281/1281
f 1282/1282/1282 1284/1284/1284 1283/1283/1283
f 1284/1284/1284 1285/1285/1285 1283/1283/1283
f 1284/1284/1284 1286/1286/1286 1285/1285/1285
f 1286/1286/1286 1287/1287/1287 1285/1285/1285
f 1286/1286/1286 1288/1288/1288 1287/1287/1287
f 1288/1288/1288 1289/1289/1289 1287/1287/1287
f 1288/1288/1288 1290/1290/1290 1289/1289/1289
f 1290/1290/1290 1291/1291/1291 1289/1289/1289
f 1290/1290/1290 1292/1292/1292 1291/1291/1291
f 1292/1292/1292 1293/1293/1293 1291/1291/1291
f 1292/1292/1292 1294/1294/1294 1293/1293/1293
f 1294/1294/1294 1295/1295/1295 1293/1293/1293
f 1294/1294/1294 1296/1296/1296 1295/1295/1295
f 1296/1296/1296 1297/1297/1297 1295/1295/1295
f 1300/1300/1300 1299/1299/1299 1298/1298/1298
f 1301/1301/1301 1300/1300/1300 1298/1298/1298
f 1301/1301/1301 1298/1298/1298 1302/1302/1302
f 1303/1303/1303 1301/1301/1301 1302/1302/1302
f 1303/1303/1303 1302/1302/1302 1304/1304/1304
f 1305/1305/1305 1303/1303/1303 1304/1304/1304
f 1305/1305/1305 1304/1304/1304 1306/1306/1306
f 1307/1307/1307 1305/1305/1305 1306/1306/1306
f 1307/1307/1307 1306/1306/1306 1308/1308/1308
f 1309/1309/1309 1307/1307/1307 1308/1308/1308
f 1309/1309/1309 1308/1308/1308 1310/1310/1310
f 1311/1311/1311 1309/1309/1309 1310/1310/1310
f 1311/1311/1311 1310/1310/1310 1312/1312/1312
f 1313/1313/1313 1311/1311/1311 1312/1312/1312
f 1313/1313/1313 1312/1312/1312 1314/1314/1314
f 1315/1315/1315 1313/1313/1313 1314/1314/1314
f 1315/1315/1315 1314/1314/1314 1316/1316/1316
f 1317/1317/1317 1315/1315/1315 1316/1316/1316
f 1317/1317/1317 1316/1316/1316 1318/1318/1318
f 1319/1319/1319 1317/1317/1317 1318/1318/1318
f 1319/1319/1319 1318/1318/1318 1320/1320/1320
f 1321/1321/1321 1319/1319/1319 1320/1320/1320
f 1321/1321/1321 1320/1320/1320 1322/1322/1322
f 1323/1323/1323 1321/1321/1321 1322/1322/1322
f 1323/1323/1323 1322/1322/1322 1324/1324/1324
f 1325/1325/1325 1323/1323/1323 1324/1324/1324
f 1325/1325/1325 1324/1324/1324 1326/1326/1326
f 1327/1327/1327 1325/1325/1325 1326/1326/1326
f 1327/1327/1327 1326/1326/1326 1328/1328/1328
f 1329/1329/1329 1327/1327/1327 1328/1328/1328
f 1329/1329/1329 1328/1328/1328 1330/1330/1330
f 1331/1331/1331 1329/1329/1329 1330/1330/1330
f 1334/1334/1334 1333/1333/1333 1332/1332/1332
f 1335/1335/1335 1334/1334/1334 1332/1332/1332
f 1338/1338/1338 1337/1337/1337 1336/1336/1336
f 1339/1339/1339 1338/1338/1338 1336/1336/1336
f 1342/1342/1342 1341/1341/1341 1340/1340/1340
f 1343/1343/1343 1342/1342/1342 1340/1340/1340
f 1346/1346/1346 1345/1345/1345 1344/1344/1344
f 1347/1347/1347 1346/1346/1346 1344/1344/1344
f 1350/1350/1350 1349/1349/1349 1348/1348/1348
f 1351/1351/1351 1350/1350/1350 1348/1348/1348
f 1349/1349/1349 1352/1352/1352 1348/1348/1348
f 1353/1353/1353 1351/1351/1351 1348/1348/1348
f 1352/1352/1352 1349/1349/1349 1354/1354/1354
f 1349/1349/1349 1355/1355/1355 1354/1354/1354
f 1354/1354/1354 1355/1355/1355 1356/1356/1356
f 1355/1355/1355 1357/1357/1357 1356/1356/1356
f 1358/1358/1358 1351/1351/1351 1353/1353/1353
f 1359/1359/1359 1358/1358/1358 1353/1353/1353
f 1358/1358/1358 1359/1359/1359 1360/1360/1360
f 1361/1361/1361 1358/1358/1358 1360/1360/1360
f 1361/1361/1361 1360/1360/1360 1362/1362/1362
f 1363/1363/1363 1361/1361/1361 1362/1362/1362
f 1356/1356/1356 1357/1357/1357 1364/1364/1364
f 1357/1357/1357 1365/1365/1365 1364/1364/1364
f 1363/1363/1363 1362/1362/1362 1366/1366/1366
f 1367/1367/1367 1363/1363/1363 1366/1366/1366
f 1368/1368/1368 1367/1367/1367 1366/1366/1366
f 1369/1369/1369 1368/1368/1368 1366/1366/1366
f 1365/1365/1365 1370/1370/1370 1364/1364/1364
f 1370/1370/1370 1371/1371/1371 1364/1364/1364
f 1371/1371/1371 1370/1370/1370 1372/1372/1372
f 1370/1370/1370 1373/1373/1373 1372/1372/1372
f 1372/1372/1372 1373/1373/1373 1374/1374/1374
f 1373/1373/1373 1375/1375/1375 1374/1374/1374
f 1376/1376/1376 1368/1368/1368 1369/1369/1369
f 1377/1377/1377 1376/1376/1376 1369/1369/1369
f 1376/1376/1376 1377/1377/1377 1378/1378/1378
f 1379/1379/1379 1376/1376/1376 1378/1378/1378
f 1379/1379/1379 1378/1378/1378 1380/1380/1380
f 1381/1381/1381 1379/1379/1379 1380/1380/1380
f 1381/1381/1381 1380/1380/1380 1382/1382/1382
f 1383/1383/1383 1381/1381/1381 1382/1382/1382
f 1383/1383/1383 1382/1382/1382 1384/1384/1384
f 1385/1385/1385 1383/1383/1383 1384/1384/1384
f 1385/1385/1385 1384/1384/1384 1386/1386/1386
f 1387/1387/1387 1385/1385/1385 1386/1386/1386
f 1387/1387/1387 1386/1386/1386 1388/1388/1388
f 1389/1389/1389 1387/1387/1387 1388/1388/1388
f 1389/1389/1389 1388/1388/1388 1390/1390/1390
f 1391/1391/1391 1389/1389/1389 1390/1390/1390
f 1391/1391/1391 1390/1390/1390 1392/1392/1392
f 1393/1393/1393 1391/1391/1391 1392/1392/1392
f 1393/1393/1393 1392/1392/1392 1394/1394/1394
f 1395/1395/1395 1393/1393/1393 1394/1394/1394
f 1375/1375/1375 1395/1395/1395 1394/1394/1394
f 1374/1374/1374 1375/1375/1375 1394/1394/1394
f 1398/1398/1398 1397/1397/1397 1396/1396/1396
f 1396/1396/1396 1397/1397/1397 1399/1399/1399
f 1396/1396/1396 1399/1399/1399 1400/1400/1400
f 1399/1399/1399 1401/1401/1401 1400/1400/1400
f 1400/1400/1400 1401/1401/1401 1402/1402/1402
f 1401/1401/1401 1403/1403/1403 1402/1402/1402
f 1402/1402/1402 1403/1403/1403 1404/1404/1404
f 1403/1403/1403 1405/1405/1405 1404/1404/1404
f 1404/1404/1404 1405/1405/1405 1406/1406/1406
f 1405/1405/1405 1407/1407/1407 1406/1406/1406
f 1406/1406/1406 1407/1407/1407 1408/1408/1408
f 1407/1407/1407 1409/1409/1409 1408/1408/1408
f 1408/1408/1408 1409/1409/1409 1410/1410/1410
f 1409/1409/1409 1411/1411/1411 1410/1410/1410
f 1410/1410/1410 1411/1411/1411 1412/1412/1412
f 1411/1411/1411 1413/1413/1413 1412/1412/1412
f 1412/1412/1412 1413/1413/1413 1414/1414/1414
f 1413/1413/1413 1415/1415/1415 1414/1414/1414
f 1414/1414/1414 1415/1415/1415 1416/1416/1416
f 1415/1415/1415 1417/1417/1417 1416/1416/1416
f 1416/1416/1416 1417/1417/1417 1418/1418/1418
f 1417/1417/1417 1419/1419/1419 1418/1418/1418
f 1418/1418/1418 1419/1419/1419 1420/1420/1420
f 1419/1419/1419 1421/1421/1421 1420/1420/1420
f 1420/1420/1420 1421/1421/1421 1422/1422/1422
f 1421/1421/1421 1423/1423/1423 1422/1422/1422
f 1422/1422/1422 1423/1423/1423 1424/1424/1424
f 1423/1423/1423 1425/1425/1425 1424/1424/1424
f 1424/1424/1424 1425/1425/1425 1426/1426/1426
f 1425/1425/1425 1427/1427/1427 1426/1426/1426
f 1426/1426/1426 1427/1427/1427 1428/1428/1428
f 1427/1427/1427 1429/1429/1429 1428/1428/1428
f 1428/1428/1428 1429/1429/1429 1430/1430/1430
f 1429/1429/1429 1431/1431/1431 1430/1430/1430
f 1430/1430/1430 1431/1431/1431 1432/1432/1432
f 1431/1431/1431 1433/1433/1433 1432/1432/1432
f 1432/1432/1432 1433/1433/1433 1434/1434/1434
f 1433/1433/1433 1435/1435/1435 1434/1434/1434
f 1435/1435/1435 1436/1436/1436 1434/1434/1434
f 1434/1434/1434 1436/1436/1436 1437/1437/1437
f 1422/1422/1422 1424/1424/1424 1438/1438/1438
f 1439/1439/1439 1422/1422/1422 1438/1438/1438
f 1438/1438/1438 1424/1424/1424 1440/1440/1440
f 1420/1420/1420 1422/1422/1422 1439/1439/1439
f 1424/1424/1424 1426/1426/1426 1440/1440/1440
f 1441/1441/1441 1420/1420/1420 1439/1439/1439
f 1440/1440/1440 1426/1426/1426 1442/1442/1442
f 1418/1418/1418 1420/1420/1420 1441/1441/1441
f 1426/1426/1426 1428/1428/1428 1442/1442/1442
f 1443/1443/1443 1418/1418/1418 1441/1441/1441
f 1442/1442/1442 1428/1428/1428 1444/1444/1444
f 1416/1416/1416 1418/1418/1418 1443/1443/1443
f 1428/1428/1428 1430/1430/1430 1444/1444/1444
f 1445/1445/1445 1416/1416/1416 1443/1443/1443
f 1444/1444/1444 1430/1430/1430 1446/1446/1446
f 1414/1414/1414 1416/1416/1416 1445/1445/1445
f 1430/1430/1430 1432/1432/1432 1446/1446/1446
f 1447/1447/1447 1414/1414/1414 1445/1445/1445
f 1446/1446/1446 1432/1432/1432 1448/1448/1448
f 1412/1412/1412 1414/1414/1414 1447/1447/1447
f 1432/1432/1432 1434/1434/1434 1448/1448/1448
f 1449/1449/1449 1412/1412/1412 1447/1447/1447
f 1448/1448/1448 1434/1434/1434 1450/1450/1450
f 1410/1410/1410 1412/1412/1412 1449/1449/1449
f 1434/1434/1434 1437/1437/1437 1450/1450/1450
f 1450/1450/1450 1437/1437/1437 1451/1451/1451
f 1451/1451/1451 1437/1437/1437 1452/1452/1452
f 1453/1453/1453 1410/1410/1410 1449/1449/1449
f 1408/1408/1408 1410/1410/1410 1453/1453/1453
f 1454/1454/1454 1408/1408/1408 1453/1453/1453
f 1406/1406/1406 1408/1408/1408 1454/1454/1454
f 1455/1455/1455 1406/1406/1406 1454/1454/1454
f 1404/1404/1404 1406/1406/1406 1455/1455/1455
f 1456/1456/1456 1404/1404/1404 1455/1455/1455
f 1402/1402/1402 1404/1404/1404 1456/1456/1456
f 1457/1457/1457 1402/1402/1402 1456/1456/1456
f 1400/1400/1400 1402/1402/1402 1457/1457/1457
f 1458/1458/1458 1400/1400/1400 1457/1457/1457
f 1396/1396/1396 1400/1400/1400 1458/1458/1458
f 1459/1459/1459 1396/1396/1396 1458/1458/1458
f 1398/1398/1398 1396/1396/1396 1459/1459/1459
f 1460/1460/1460 1398/1398/1398 1459/1459/1459
f 1461/1461/1461 1398/1398/1398 1460/1460/1460
f 1452/1452/1452 1398/1398/1398 1461/1461/1461
f 1464/1464/1464 1463/1463/1463 1462/1462/1462
f 1465/1465/1465 1464/1464/1464 1462/1462/1462
f 1462/1462/1462 1466/1466/1466 1465/1465/1465
f 1466/1466/1466 1467/1467/1467 1465/1465/1465
f 1468/1468/1468 1467/1467/1467 1466/1466/1466
f 1468/1468/1468 1470/1470/1470 1469/1469/1469
f 1470/1470/1470 1471/1471/1471 1469/1469/1469
f 1469/1469/1469 1471/1471/1471 1472/1472/1472
f 1472/1472/1472 1471/1471/1471 1473/1473/1473
f 1474/1474/1474 1472/1472/1472 1473/1473/1473
f 1474/1474/1474 1473/1473/1473 1475/1475/1475
f 1473/1473/1473 1476/1476/1476 1475/1475/1475
f 1463/1463/1463 1476/1476/1476 1477/1477/1477
f 1470/1470/1470 1477/1477/1477 1478/1478/1478
f 1476/1476/1476 1479/1479/1479 1477/1477/1477
f 1477/1477/1477 1479/1479/1479 1478/1478/1478
f 1482/1482/1482 1481/1481/1481 1480/1480/1480
f 1483/1483/1483 1482/1482/1482 1480/1480/1480
f 1480/1480/1480 1484/1484/1484 1483/1483/1483
f 1484/1484/1484 1485/1485/1485 1483/1483/1483
f 1486/1486/1486 1485/1485/1485 1484/1484/1484
f 1486/1486/1486 1488/1488/1488 1487/1487/1487
f 1488/1488/1488 1489/1489/1489 1487/1487/1487
f 1487/1487/1487 1489/1489/1489 1490/1490/1490
f 1490/1490/1490 1489/1489/1489 1491/1491/1491
f 1492/1492/1492 1490/1490/1490 1491/1491/1491
f 1492/1492/1492 1491/1491/1491 1493/1493/1493
f 1491/1491/1491 1494/1494/1494 1493/1493/1493
f 1481/1481/1481 1494/1494/1494 1495/1495/1495
f 1488/1488/1488 1495/1495/1495 1496/1496/1496
f 1494/1494/1494 1497/1497/1497 1495/1495/1495
f 1495/1495/1495 1497/1497/1497 1496/1496/1496
f 1500/1500/1500 1499/1499/1499 1498/1498/1498
f 1501/1501/1501 1499/1499/1499 1500/1500/1500
f 1502/1502/1502 1500/1500/1500 1498/1498/1498
f 1502/1502/1502 1498/1498/1498 1503/1503/1503
f 1504/1504/1504 1502/1502/1502 1503/1503/1503
f 1504/1504/1504 1503/1503/1503 1505/1505/1505
f 1500/1500/1500 1502/1502/1502 1506/1506/1506
f 1502/1502/1502 1504/1504/1504 1506/1506/1506
f 1507/1507/1507 1500/1500/1500 1506/1506/1506
f 1504/1504/1504 1508/1508/1508 1506/1506/1506
f 1508/1508/1508 1504/1504/1504 1509/1509/1509
f 1500/1500/1500 1507/1507/1507 1510/1510/1510
f 1511/1511/1511 1504/1504/1504 1505/1505/1505
f 1504/1504/1504 1511/1511/1511 1509/1509/1509
f 1511/1511/1511 1505/1505/1505 1512/1512/1512
f 1509/1509/1509 1511/1511/1511 1513/1513/1513
f 1514/1514/1514 1511/1511/1511 1512/1512/1512
f 1511/1511/1511 1514/1514/1514 1513/1513/1513
f 1514/1514/1514 1512/1512/1512 1515/1515/1515
f 1513/1513/1513 1514/1514/1514 1516/1516/1516
f 1517/1517/1517 1500/1500/1500 1510/1510/1510
f 1517/1517/1517 1501/1501/1501 1500/1500/1500
f 1518/1518/1518 1517/1517/1517 1510/1510/1510
f 1517/1517/1517 1518/1518/1518 1501/1501/1501
f 1519/1519/1519 1518/1518/1518 1510/1510/1510
f 1518/1518/1518 1520/1520/1520 1501/1501/1501
f 1521/1521/1521 1518/1518/1518 1519/1519/1519
f 1518/1518/1518 1521/1521/1521 1520/1520/1520
f 1522/1522/1522 1521/1521/1521 1519/1519/1519
f 1521/1521/1521 1523/1523/1523 1520/1520/1520
f 1524/1524/1524 1521/1521/1521 1522/1522/1522
f 1521/1521/1521 1524/1524/1524 1523/1523/1523
f 1525/1525/1525 1524/1524/1524 1522/1522/1522
f 1524/1524/1524 1526/1526/1526 1523/1523/1523
f 1524/1524/1524 1525/1525/1525 1527/1527/1527
f 1524/1524/1524 1528/1528/1528 1526/1526/1526
f 1528/1528/1528 1524/1524/1524 1527/1527/1527
f 1529/1529/1529 1528/1528/1528 1527/1527/1527
f 1528/1528/1528 1530/1530/1530 1526/1526/1526
f 1528/1528/1528 1529/1529/1529 1530/1530/1530
f 1531/1531/1531 1529/1529/1529 1527/1527/1527
f 1529/1529/1529 1532/1532/1532 1530/1530/1530
f 1529/1529/1529 1531/1531/1531 1516/1516/1516
f 1515/1515/1515 1532/1532/1532 1529/1529/1529
f 1533/1533/1533 1529/1529/1529 1516/1516/1516
f 1533/1533/1533 1515/1515/1515 1529/1529/1529
f 1514/1514/1514 1533/1533/1533 1516/1516/1516
f 1533/1533/1533 1514/1514/1514 1515/1515/1515
f 1536/1536/1536 1535/1535/1535 1534/1534/1534
f 1536/1536/1536 1537/1537/1537 1535/1535/1535
f 1535/1535/1535 1538/1538/1538 1534/1534/1534
f 1537/1537/1537 1539/1539/1539 1535/1535/1535
f 1534/1534/1534 1538/1538/1538 1540/1540/1540
f 1537/1537/1537 1541/1541/1541 1539/1539/1539
f 1542/1542/1542 1534/1534/1534 1540/1540/1540
f 1541/1541/1541 1543/1543/1543 1539/1539/1539
f 1542/1542/1542 1540/1540/1540 1544/1544/1544
f 1541/1541/1541 1545/1545/1545 1543/1543/1543
f 1546/1546/1546 1542/1542/1542 1544/1544/1544
f 1545/1545/1545 1547/1547/1547 1543/1543/1543
f 1546/1546/1546 1544/1544/1544 1548/1548/1548
f 1545/1545/1545 1549/1549/1549 1547/1547/1547
f 1550/1550/1550 1546/1546/1546 1548/1548/1548
f 1549/1549/1549 1551/1551/1551 1547/1547/1547
f 1550/1550/1550 1548/1548/1548 1552/1552/1552
f 1553/1553/1553 1550/1550/1550 1552/1552/1552
f 1549/1549/1549 1554/1554/1554 1551/1551/1551
f 1554/1554/1554 1555/1555/1555 1551/1551/1551
f 1553/1553/1553 1552/1552/1552 1556/1556/1556
f 1556/1556/1556 1555/1555/1555 1554/1554/1554
f 1557/1557/1557 1553/1553/1553 1556/1556/1556
f 1557/1557/1557 1556/1556/1556 1554/1554/1554
f 1560/1560/1560 1559/1559/1559 1558/1558/1558
f 1560/1560/1560 1561/1561/1561 1559/1559/1559
f 1559/1559/1559 1562/1562/1562 1558/1558/1558
f 1561/1561/1561 1563/1563/1563 1559/1559/1559
f 1558/1558/1558 1562/1562/1562 1564/1564/1564
f 1561/1561/1561 1565/1565/1565 1563/1563/1563
f 1566/1566/1566 1558/1558/1558 1564/1564/1564
f 1565/1565/1565 1567/1567/1567 1563/1563/1563
f 1566/1566/1566 1564/1564/1564 1568/1568/1568
f 1565/1565/1565 1569/1569/1569 1567/1567/1567
f 1570/1570/1570 1566/1566/1566 1568/1568/1568
f 1569/1569/1569 1571/1571/1571 1567/1567/1567
f 1570/1570/1570 1568/1568/1568 1572/1572/1572
f 1569/1569/1569 1573/1573/1573 1571/1571/1571
f 1574/1574/1574 1570/1570/1570 1572/1572/1572
f 1573/1573/1573 1575/1575/1575 1571/1571/1571
f 1574/1574/1574 1572/1572/1572 1576/1576/1576
f 1577/1577/1577 1574/1574/1574 1576/1576/1576
f 1573/1573/1573 1578/1578/1578 1575/1575/1575
f 1578/1578/1578 1579/1579/1579 1575/1575/1575
f 1577/1577/1577 1576/1576/1576 1580/1580/1580
f 1580/1580/1580 1579/1579/1579 1578/1578/1578
f 1581/1581/1581 1577/1577/1577 1580/1580/1580
f 1581/1581/1581 1580/1580/1580 1578/1578/1578
f 1584/1584/1584 1583/1583/1583 1582/1582/1582
f 1583/1583/1583 1584/1584/1584 1585/1585/1585
f 1583/1583/1583 1586/1586/1586 1582/1582/1582
f 1582/1582/1582 1586/1586/1586 1587/1587/1587
f 1586/1586/1586 1588/1588/1588 1587/1587/1587
f 1587/1587/1587 1588/1588/1588 1589/1589/1589
f 1590/1590/1590 1583/1583/1583 1585/1585/1585
f 1586/1586/1586 1583/1583/1583 1591/1591/1591
f 1583/1583/1583 1590/1590/1590 1591/1591/1591
f 1592/1592/1592 1590/1590/1590 1585/1585/1585
f 1593/1593/1593 1592/1592/1592 1585/1585/1585
f 1592/1592/1592 1593/1593/1593 1594/1594/1594
f 1590/1590/1590 1592/1592/1592 1595/1595/1595
f 1591/1591/1591 1590/1590/1590 1595/1595/1595
f 1595/1595/1595 1592/1592/1592 1594/1594/1594
f 1586/1586/1586 1591/1591/1591 1596/1596/1596
f 1591/1591/1591 1595/1595/1595 1596/1596/1596
f 1588/1588/1588 1586/1586/1586 1596/1596/1596
f 1588/1588/1588 1596/1596/1596 1597/1597/1597
f 1598/1598/1598 1595/1595/1595 1594/1594/1594
f 1595/1595/1595 1598/1598/1598 1596/1596/1596
f 1596/1596/1596 1598/1598/1598 1597/1597/1597
f 1599/1599/1599 1598/1598/1598 1594/1594/1594
f 1600/1600/1600 1598/1598/1598 1599/1599/1599
f 1598/1598/1598 1600/1600/1600 1597/1597/1597
f 1601/1601/1601 1600/1600/1600 1599/1599/1599
f 1602/1602/1602 1600/1600/1600 1601/1601/1601
f 1600/1600/1600 1602/1602/1602 1597/1597/1597
f 1603/1603/1603 1602/1602/1602 1601/1601/1601
f 1602/1602/1602 1603/1603/1603 1604/1604/1604
f 1605/1605/1605 1602/1602/1602 1604/1604/1604
f 1602/1602/1602 1605/1605/1605 1597/1597/1597
f 1606/1606/1606 1605/1605/1605 1604/1604/1604
f 1597/1597/1597 1605/1605/1605 1606/1606/1606
f 1607/1607/1607 1606/1606/1606 1604/1604/1604
f 1606/1606/1606 1607/1607/1607 1589/1589/1589
f 1588/1588/1588 1608/1608/1608 1589/1589/1589
f 1608/1608/1608 1588/1588/1588 1597/1597/1597
f 1608/1608/1608 1606/1606/1606 1589/1589/1589
f 1608/1608/1608 1597/1597/1597 1606/1606/1606
f 1611/1611/1611 1610/1610/1610 1609/1609/1609
f 1610/1610/1610 1611/1611/1611 1612/1612/1612
f 1610/1610/1610 1613/1613/1613 1609/1609/1609
f 1613/1613/1613 1610/1610/1610 1614/1614/1614
f 1609/1609/1609 1613/1613/1613 1615/1615/1615
f 1613/1613/1613 1616/1616/1616 1615/1615/1615
f 1616/1616/1616 1613/1613/1613 1614/1614/1614
f 1615/1615/1615 1616/1616/1616 1617/1617/1617
f 1618/1618/1618 1610/1610/1610 1612/1612/1612
f 1610/1610/1610 1618/1618/1618 1614/1614/1614
f 1619/1619/1619 1618/1618/1618 1612/1612/1612
f 1614/1614/1614 1618/1618/1618 1619/1619/1619
f 1620/1620/1620 1619/1619/1619 1612/1612/1612
f 1619/1619/1619 1620/1620/1620 1621/1621/1621
f 1622/1622/1622 1619/1619/1619 1621/1621/1621
f 1622/1622/1622 1614/1614/1614 1619/1619/1619
f 1623/1623/1623 1622/1622/1622 1621/1621/1621
f 1622/1622/1622 1623/1623/1623 1614/1614/1614
f 1624/1624/1624 1623/1623/1623 1621/1621/1621
f 1625/1625/1625 1616/1616/1616 1614/1614/1614
f 1623/1623/1623 1625/1625/1625 1614/1614/1614
f 1626/1626/1626 1623/1623/1623 1624/1624/1624
f 1623/1623/1623 1626/1626/1626 1625/1625/1625
f 1627/1627/1627 1626/1626/1626 1624/1624/1624
f 1616/1616/1616 1628/1628/1628 1617/1617/1617
f 1628/1628/1628 1616/1616/1616 1625/1625/1625
f 1629/1629/1629 1626/1626/1626 1627/1627/1627
f 1630/1630/1630 1629/1629/1629 1627/1627/1627
f 1629/1629/1629 1630/1630/1630 1631/1631/1631
f 1626/1626/1626 1632/1632/1632 1625/1625/1625
f 1626/1626/1626 1629/1629/1629 1632/1632/1632
f 1632/1632/1632 1628/1628/1628 1625/1625/1625
f 1629/1629/1629 1633/1633/1633 1632/1632/1632
f 1633/1633/1633 1629/1629/1629 1631/1631/1631
f 1632/1632/1632 1633/1633/1633 1628/1628/1628
f 1628/1628/1628 1634/1634/1634 1617/1617/1617
f 1633/1633/1633 1634/1634/1634 1628/1628/1628
f 1634/1634/1634 1633/1633/1633 1631/1631/1631
f 1634/1634/1634 1635/1635/1635 1617/1617/1617
f 1635/1635/1635 1634/1634/1634 1631/1631/1631
f 1638/1638/1638 1637/1637/1637 1636/1636/1636
f 1639/1639/1639 1637/1637/1637 1638/1638/1638
f 1640/1640/1640 1638/1638/1638 1636/1636/1636
f 1640/1640/1640 1636/1636/1636 1641/1641/1641
f 1642/1642/1642 1640/1640/1640 1641/1641/1641
f 1642/1642/1642 1641/1641/1641 1643/1643/1643
f 1638/1638/1638 1640/1640/1640 1644/1644/1644
f 1640/1640/1640 1642/1642/1642 1644/1644/1644
f 1645/1645/1645 1638/1638/1638 1644/1644/1644
f 1642/1642/1642 1646/1646/1646 1644/1644/1644
f 1646/1646/1646 1642/1642/1642 1647/1647/1647
f 1638/1638/1638 1645/1645/1645 1648/1648/1648
f 1649/1649/1649 1642/1642/1642 1643/1643/1643
f 1642/1642/1642 1649/1649/1649 1647/1647/1647
f 1649/1649/1649 1643/1643/1643 1650/1650/1650
f 1647/1647/1647 1649/1649/1649 1651/1651/1651
f 1652/1652/1652 1649/1649/1649 1650/1650/1650
f 1649/1649/1649 1652/1652/1652 1651/1651/1651
f 1652/1652/1652 1650/1650/1650 1653/1653/1653
f 1651/1651/1651 1652/1652/1652 1654/1654/1654
f 1655/1655/1655 1638/1638/1638 1648/1648/1648
f 1655/1655/1655 1639/1639/1639 1638/1638/1638
f 1656/1656/1656 1655/1655/1655 1648/1648/1648
f 1655/1655/1655 1656/1656/1656 1639/1639/1639
f 1657/1657/1657 1656/1656/1656 1648/1648/1648
f 1656/1656/1656 1658/1658/1658 1639/1639/1639
f 1659/1659/1659 1656/1656/1656 1657/1657/1657
f 1656/1656/1656 1659/1659/1659 1658/1658/1658
f 1660/1660/1660 1659/1659/1659 1657/1657/1657
f 1659/1659/1659 1661/1661/1661 1658/1658/1658
f 1662/1662/1662 1659/1659/1659 1660/1660/1660
f 1659/1659/1659 1662/1662/1662 1661/1661/1661
f 1663/1663/1663 1662/1662/1662 1660/1660/1660
f 1662/1662/1662 1664/1664/1664 1661/1661/1661
f 1662/1662/1662 1663/1663/1663 1665/1665/1665
f 1662/1662/1662 1666/1666/1666 1664/1664/1664
f 1666/1666/1666 1662/1662/1662 1665/1665/1665
f 1667/1667/1667 1666/1666/1666 1665/1665/1665
f 1666/1666/1666 1668/1668/1668 1664/1664/1664
f 1666/1666/1666 1667/1667/1667 1668/1668/1668
f 1669/1669/1669 1667/1667/1667 1665/1665/1665
f 1667/1667/1667 1670/1670/1670 1668/1668/1668
f 1667/1667/1667 1669/1669/1669 1654/1654/1654
f 1653/1653/1653 1670/1670/1670 1667/1667/1667
f 1671/1671/1671 1667/1667/1667 1654/1654/1654
f 1671/1671/1671 1653/1653/1653 1667/1667/1667
f 1652/1652/1652 1671/1671/1671 1654/1654/1654
f 1671/1671/1671 1652/1652/1652 1653/1653/1653
f 1674/1674/1674 1673/1673/1673 1672/1672/1672
f 1673/1673/1673 1674/1674/1674 1675/1675/1675
f 1674/1674/1674 1676/1676/1676 1675/1675/1675
f 1676/1676/1676 1674/1674/1674 1677/1677/1677
f 1675/1675/1675 1676/1676/1676 1678/1678/1678
f 1676/1676/1676 1679/1679/1679 1678/1678/1678
f 1679/1679/1679 1676/1676/1676 1677/1677/1677
f 1678/1678/1678 1679/1679/1679 1680/1680/1680
f 1681/1681/1681 1674/1674/1674 1672/1672/1672
f 1674/1674/1674 1681/1681/1681 1677/1677/1677
f 1682/1682/1682 1681/1681/1681 1672/1672/1672
f 1677/1677/1677 1681/1681/1681 1682/1682/1682
f 1683/1683/1683 1682/1682/1682 1672/1672/1672
f 1682/1682/1682 1683/1683/1683 1684/1684/1684
f 1685/1685/1685 1682/1682/1682 1684/1684/1684
f 1685/1685/1685 1677/1677/1677 1682/1682/1682
f 1686/1686/1686 1685/1685/1685 1684/1684/1684
f 1685/1685/1685 1686/1686/1686 1677/1677/1677
f 1687/1687/1687 1686/1686/1686 1684/1684/1684
f 1688/1688/1688 1679/1679/1679 1677/1677/1677
f 1686/1686/1686 1688/1688/1688 1677/1677/1677
f 1689/1689/1689 1686/1686/1686 1687/1687/1687
f 1686/1686/1686 1689/1689/1689 1688/1688/1688
f 1690/1690/1690 1689/1689/1689 1687/1687/1687
f 1679/1679/1679 1691/1691/1691 1680/1680/1680
f 1691/1691/1691 1679/1679/1679 1688/1688/1688
f 1692/1692/1692 1689/1689/1689 1690/1690/1690
f 1693/1693/1693 1692/1692/1692 1690/1690/1690
f 1692/1692/1692 1693/1693/1693 1694/1694/1694
f 1689/1689/1689 1695/1695/1695 1688/1688/1688
f 1689/1689/1689 1692/1692/1692 1695/1695/1695
f 1695/1695/1695 1691/1691/1691 1688/1688/1688
f 1692/1692/1692 1696/1696/1696 1695/1695/1695
f 1696/1696/1696 1692/1692/1692 1694/1694/1694
f 1695/1695/1695 1696/1696/1696 1691/1691/1691
f 1691/1691/1691 1697/1697/1697 1680/1680/1680
f 1696/1696/1696 1697/1697/1697 1691/1691/1691
f 1697/1697/1697 1696/1696/1696 1694/1694/1694
f 1697/1697/1697 1698/1698/1698 1680/1680/1680
f 1698/1698/1698 1697/1697/1697 1694/1694/1694
f 1701/1701/1701 1700/1700/1700 1699/1699/1699
f 1700/1700/1700 1701/1701/1701 1702/1702/1702
f 1703/1703/1703 1701/1701/1701 1699/1699/1699
f 1701/1701/1701 1704/1704/1704 1702/1702/1702
f 1704/1704/1704 1701/1701/1701 1703/1703/1703
f 1704/1704/1704 1705/1705/1705 1702/1702/1702
f 1705/1705/1705 1706/1706/1706 1702/1702/1702
f 1706/1706/1706 1705/1705/1705 1707/1707/1707
f 1705/1705/1705 1704/1704/1704 1708/1708/1708
f 1708/1708/1708 1704/1704/1704 1703/1703/1703
f 1705/1705/1705 1709/1709/1709 1707/1707/1707
f 1709/1709/1709 1705/1705/1705 1708/1708/1708
f 1707/1707/1707 1709/1709/1709 1710/1710/1710
f 1711/1711/1711 1703/1703/1703 1699/1699/1699
f 1712/1712/1712 1711/1711/1711 1699/1699/1699
f 1708/1708/1708 1703/1703/1703 1713/1713/1713
f 1709/1709/1709 1708/1708/1708 1713/1713/1713
f 1703/1703/1703 1711/1711/1711 1713/1713/1713
f 1713/1713/1713 1711/1711/1711 1714/1714/1714
f 1709/1709/1709 1715/1715/1715 1710/1710/1710
f 1715/1715/1715 1709/1709/1709 1713/1713/1713
f 1715/1715/1715 1713/1713/1713 1714/1714/1714
f 1710/1710/1710 1715/1715/1715 1716/1716/1716
f 1717/1717/1717 1711/1711/1711 1712/1712/1712
f 1711/1711/1711 1717/1717/1717 1714/1714/1714
f 1718/1718/1718 1717/1717/1717 1712/1712/1712
f 1719/1719/1719 1717/1717/1717 1718/1718/1718
f 1717/1717/1717 1719/1719/1719 1714/1714/1714
f 1720/1720/1720 1719/1719/1719 1718/1718/1718
f 1719/1719/1719 1720/1720/1720 1721/1721/1721
f 1715/1715/1715 1722/1722/1722 1716/1716/1716
f 1722/1722/1722 1715/1715/1715 1714/1714/1714
f 1722/1722/1722 1723/1723/1723 1716/1716/1716
f 1722/1722/1722 1714/1714/1714 1723/1723/1723
f 1723/1723/1723 1724/1724/1724 1716/1716/1716
f 1724/1724/1724 1723/1723/1723 1721/1721/1721
f 1725/1725/1725 1719/1719/1719 1721/1721/1721
f 1719/1719/1719 1725/1725/1725 1714/1714/1714
f 1723/1723/1723 1725/1725/1725 1721/1721/1721
f 1714/1714/1714 1725/1725/1725 1723/1723/1723
f 1728/1728/1728 1727/1727/1727 1726/1726/1726
f 1727/1727/1727 1728/1728/1728 1729/1729/1729
f 1730/1730/1730 1728/1728/1728 1726/1726/1726
f 1728/1728/1728 1731/1731/1731 1729/1729/1729
f 1732/1732/1732 1730/1730/1730 1726/1726/1726
f 1729/1729/1729 1731/1731/1731 1733/1733/1733
f 1734/1734/1734 1732/1732/1732 1726/1726/1726
f 1731/1731/1731 1735/1735/1735 1733/1733/1733
f 1736/1736/1736 1732/1732/1732 1734/1734/1734
f 1737/1737/1737 1736/1736/1736 1734/1734/1734
f 1733/1733/1733 1735/1735/1735 1738/1738/1738
f 1735/1735/1735 1739/1739/1739 1738/1738/1738
f 1739/1739/1739 1740/1740/1740 1738/1738/1738
f 1740/1740/1740 1741/1741/1741 1738/1738/1738
f 1740/1740/1740 1742/1742/1742 1741/1741/1741
f 1742/1742/1742 1743/1743/1743 1741/1741/1741
f 1742/1742/1742 1744/1744/1744 1743/1743/1743
f 1744/1744/1744 1745/1745/1745 1743/1743/1743
f 1744/1744/1744 1746/1746/1746 1745/1745/1745
f 1746/1746/1746 1747/1747/1747 1745/1745/1745
f 1746/1746/1746 1748/1748/1748 1747/1747/1747
f 1748/1748/1748 1749/1749/1749 1747/1747/1747
f 1748/1748/1748 1750/1750/1750 1749/1749/1749
f 1750/1750/1750 1751/1751/1751 1749/1749/1749
f 1750/1750/1750 1752/1752/1752 1751/1751/1751
f 1752/1752/1752 1753/1753/1753 1751/1751/1751
f 1752/1752/1752 1754/1754/1754 1753/1753/1753
f 1754/1754/1754 1755/1755/1755 1753/1753/1753
f 1754/1754/1754 1756/1756/1756 1755/1755/1755
f 1756/1756/1756 1757/1757/1757 1755/1755/1755
f 1757/1757/1757 1756/1756/1756 1758/1758/1758
f 1756/1756/1756 1759/1759/1759 1758/1758/1758
f 1758/1758/1758 1759/1759/1759 1760/1760/1760
f 1759/1759/1759 1761/1761/1761 1760/1760/1760
f 1761/1761/1761 1762/1762/1762 1760/1760/1760
f 1762/1762/1762 1763/1763/1763 1760/1760/1760
f 1762/1762/1762 1764/1764/1764 1763/1763/1763
f 1764/1764/1764 1765/1765/1765 1763/1763/1763
f 1764/1764/1764 1766/1766/1766 1765/1765/1765
f 1766/1766/1766 1767/1767/1767 1765/1765/1765
f 1767/1767/1767 1766/1766/1766 1768/1768/1768
f 1766/1766/1766 1769/1769/1769 1768/1768/1768
f 1768/1768/1768 1769/1769/1769 1770/1770/1770
f 1769/1769/1769 1771/1771/1771 1770/1770/1770
f 1771/1771/1771 1772/1772/1772 1770/1770/1770
f 1772/1772/1772 1773/1773/1773 1770/1770/1770
f 1773/1773/1773 1772/1772/1772 1737/1737/1737
f 1772/1772/1772 1736/1736/1736 1737/1737/1737
f 1776/1776/1776 1775/1775/1775 1774/1774/1774
f 1777/1777/1777 1776/1776/1776 1774/1774/1774
f 1774/1774/1774 1775/1775/1775 1778/1778/1778
f 1779/1779/1779 1776/1776/1776 1777/1777/1777
f 1775/1775/1775 1780/1780/1780 1778/1778/1778
f 1781/1781/1781 1779/1779/1779 1777/1777/1777
f 1778/1778/1778 1780/1780/1780 1782/1782/1782
f 1783/1783/1783 1779/1779/1779 1781/1781/1781
f 1780/1780/1780 1784/1784/1784 1782/1782/1782
f 1785/1785/1785 1783/1783/1783 1781/1781/1781
f 1782/1782/1782 1784/1784/1784 1786/1786/1786
f 1787/1787/1787 1783/1783/1783 1785/1785/1785
f 1784/1784/1784 1788/1788/1788 1786/1786/1786
f 1789/1789/1789 1787/1787/1787 1785/1785/1785
f 1786/1786/1786 1788/1788/1788 1790/1790/1790
f 1791/1791/1791 1787/1787/1787 1789/1789/1789
f 1788/1788/1788 1792/1792/1792 1790/1790/1790
f 1793/1793/1793 1791/1791/1791 1789/1789/1789
f 1790/1790/1790 1792/1792/1792 1794/1794/1794
f 1795/1795/1795 1791/1791/1791 1793/1793/1793
f 1792/1792/1792 1796/1796/1796 1794/1794/1794
f 1797/1797/1797 1795/1795/1795 1793/1793/1793
f 1794/1794/1794 1796/1796/1796 1798/1798/1798
f 1799/1799/1799 1795/1795/1795 1797/1797/1797
f 1796/1796/1796 1800/1800/1800 1798/1798/1798
f 1801/1801/1801 1799/1799/1799 1797/1797/1797
f 1798/1798/1798 1800/1800/1800 1802/1802/1802
f 1803/1803/1803 1799/1799/1799 1801/1801/1801
f 1800/1800/1800 1804/1804/1804 1802/1802/1802
f 1805/1805/1805 1803/1803/1803 1801/1801/1801
f 1802/1802/1802 1804/1804/1804 1806/1806/1806
f 1807/1807/1807 1803/1803/1803 1805/1805/1805
f 1804/1804/1804 1808/1808/1808 1806/1806/1806
f 1809/1809/1809 1807/1807/1807 1805/1805/1805
f 1806/1806/1806 1808/1808/1808 1810/1810/1810
f 1811/1811/1811 1807/1807/1807 1809/1809/1809
f 1808/1808/1808 1812/1812/1812 1810/1810/1810
f 1813/1813/1813 1811/1811/1811 1809/1809/1809
f 1810/1810/1810 1812/1812/1812 1814/1814/1814
f 1815/1815/1815 1811/1811/1811 1813/1813/1813
f 1812/1812/1812 1816/1816/1816 1814/1814/1814
f 1817/1817/1817 1815/1815/1815 1813/1813/1813
f 1814/1814/1814 1816/1816/1816 1818/1818/1818
f 1819/1819/1819 1815/1815/1815 1817/1817/1817
f 1816/1816/1816 1820/1820/1820 1818/1818/1818
f 1821/1821/1821 1819/1819/1819 1817/1817/1817
f 1818/1818/1818 1820/1820/1820 1821/1821/1821
f 1820/1820/1820 1819/1819/1819 1821/1821/1821
f 1824/1824/1824 1823/1823/1823 1822/1822/1822
f 1823/1823/1823 1825/1825/1825 1822/1822/1822
f 1826/1826/1826 1823/1823/1823 1824/1824/1824
f 1822/1822/1822 1825/1825/1825 1827/1827/1827
f 1828/1828/1828 1826/1826/1826 1824/1824/1824
f 1825/1825/1825 1829/1829/1829 1827/1827/1827
f 1830/1830/1830 1826/1826/1826 1828/1828/1828
f 1827/1827/1827 1829/1829/1829 1831/1831/1831
f 1832/1832/1832 1830/1830/1830 1828/1828/1828
f 1829/1829/1829 1833/1833/1833 1831/1831/1831
f 1834/1834/1834 1830/1830/1830 1832/1832/1832
f 1831/1831/1831 1833/1833/1833 1835/1835/1835
f 1836/1836/1836 1834/1834/1834 1832/1832/1832
f 1833/1833/1833 1837/1837/1837 1835/1835/1835
f 1838/1838/1838 1834/1834/1834 1836/1836/1836
f 1835/1835/1835 1837/1837/1837 1839/1839/1839
f 1840/1840/1840 1838/1838/1838 1836/1836/1836
f 1837/1837/1837 1841/1841/1841 1839/1839/1839
f 1842/1842/1842 1838/1838/1838 1840/1840/1840
f 1839/1839/1839 1841/1841/1841 1843/1843/1843
f 1844/1844/1844 1842/1842/1842 1840/1840/1840
f 1841/1841/1841 1845/1845/1845 1843/1843/1843
f 1846/1846/1846 1842/1842/1842 1844/1844/1844
f 1843/1843/1843 1845/1845/1845 1847/1847/1847
f 1848/1848/1848 1846/1846/1846 1844/1844/1844
f 1845/1845/1845 1849/1849/1849 1847/1847/1847
f 1850/1850/1850 1846/1846/1846 1848/1848/1848
f 1847/1847/1847 1849/1849/1849 1851/1851/1851
f 1852/1852/1852 1850/1850/1850 1848/1848/1848
f 1849/1849/1849 1853/1853/1853 1851/1851/1851
f 1854/1854/1854 1850/1850/1850 1852/1852/1852
f 1851/1851/1851 1853/1853/1853 1855/1855/1855
f 1856/1856/1856 1854/1854/1854 1852/1852/1852
f 1853/1853/1853 1857/1857/1857 1855/1855/1855
f 1858/1858/1858 1854/1854/1854 1856/1856/1856
f 1855/1855/1855 1857/1857/1857 1859/1859/1859
f 1860/1860/1860 1858/1858/1858 1856/1856/1856
f 1857/1857/1857 1861/1861/1861 1859/1859/1859
f 1862/1862/1862 1858/1858/1858 1860/1860/1860
f 1859/1859/1859 1861/1861/1861 1863/1863/1863
f 1864/1864/1864 1862/1862/1862 1860/1860/1860
f 1861/1861/1861 1865/1865/1865 1863/1863/1863
f 1866/1866/1866 1862/1862/1862 1864/1864/1864
f 1863/1863/1863 1865/1865/1865 1867/1867/1867
f 1868/1868/1868 1866/1866/1866 1864/1864/1864
f 1865/1865/1865 1869/1869/1869 1867/1867/1867
f 1869/1869/1869 1866/1866/1866 1868/1868/1868
f 1867/1867/1867 1869/1869/1869 1868/1868/1868
f 1872/1872/1872 1871/1871/1871 1870/1870/1870
f 1873/1873/1873 1872/1872/1872 1870/1870/1870
f 1870/1870/1870 1871/1871/1871 1874/1874/1874
f 1875/1875/1875 1872/1872/1872 1873/1873/1873
f 1871/1871/1871 1876/1876/1876 1874/1874/1874
f 1877/1877/1877 1875/1875/1875 1873/1873/1873
f 1874/1874/1874 1876/1876/1876 1878/1878/1878
f 1879/1879/1879 1875/1875/1875 1877/1877/1877
f 1876/1876/1876 1880/1880/1880 1878/1878/1878
f 1881/1881/1881 1879/1879/1879 1877/1877/1877
f 1878/1878/1878 1880/1880/1880 1882/1882/1882
f 1883/1883/1883 1879/1879/1879 1881/1881/1881
f 1880/1880/1880 1884/1884/1884 1882/1882/1882
f 1885/1885/1885 1883/1883/1883 1881/1881/1881
f 1882/1882/1882 1884/1884/1884 1886/1886/1886
f 1887/1887/1887 1883/1883/1883 1885/1885/1885
f 1884/1884/1884 1888/1888/1888 1886/1886/1886
f 1889/1889/1889 1887/1887/1887 1885/1885/1885
f 1886/1886/1886 1888/1888/1888 1890/1890/1890
f 1891/1891/1891 1887/1887/1887 1889/1889/1889
f 1888/1888/1888 1892/1892/1892 1890/1890/1890
f 1893/1893/1893 1891/1891/1891 1889/1889/1889
f 1890/1890/1890 1892/1892/1892 1894/1894/1894
f 1895/1895/1895 1891/1891/1891 1893/1893/1893
f 1892/1892/1892 1896/1896/1896 1894/1894/1894
f 1897/1897/1897 1895/1895/1895 1893/1893/1893
f 1894/1894/1894 1896/1896/1896 1898/1898/1898
f 1899/1899/1899 1895/1895/1895 1897/1897/1897
f 1896/1896/1896 1900/1900/1900 1898/1898/1898
f 1901/1901/1901 1899/1899/1899 1897/1897/1897
f 1898/1898/1898 1900/1900/1900 1902/1902/1902
f 1903/1903/1903 1899/1899/1899 1901/1901/1901
f 1900/1900/1900 1904/1904/1904 1902/1902/1902
f 1905/1905/1905 1903/1903/1903 1901/1901/1901
f 1902/1902/1902 1904/1904/1904 1905/1905/1905
f 1904/1904/1904 1903/1903/1903 1905/1905/1905
f 1908/1908/1908 1907/1907/1907 1906/1906/1906
f 1909/1909/1909 1908/1908/1908 1906/1906/1906
f 1906/1906/1906 1907/1907/1907 1910/1910/1910
f 1911/1911/1911 1908/1908/1908 1909/1909/1909
f 1907/1907/1907 1912/1912/1912 1910/1910/1910
f 1913/1913/1913 1911/1911/1911 1909/1909/1909
f 1910/1910/1910 1912/1912/1912 1914/1914/1914
f 1911/1911/1911 1913/1913/1913 1915/1915/1915
f 1912/1912/1912 1916/1916/1916 1914/1914/1914
f 1913/1913/1913 1917/1917/1917 1915/1915/1915
f 1918/1918/1918 1914/1914/1914 1916/1916/1916
f 1915/1915/1915 1917/1917/1917 1919/1919/1919
f 1920/1920/1920 1918/1918/1918 1916/1916/1916
f 1917/1917/1917 1921/1921/1921 1919/1919/1919
f 1918/1918/1918 1920/1920/1920 1922/1922/1922
f 1923/1923/1923 1919/1919/1919 1921/1921/1921
f 1920/1920/1920 1924/1924/1924 1922/1922/1922
f 1925/1925/1925 1923/1923/1923 1921/1921/1921
f 1922/1922/1922 1924/1924/1924 1926/1926/1926
f 1927/1927/1927 1923/1923/1923 1925/1925/1925
f 1924/1924/1924 1928/1928/1928 1926/1926/1926
f 1929/1929/1929 1927/1927/1927 1925/1925/1925
f 1926/1926/1926 1928/1928/1928 1929/1929/1929
f 1928/1928/1928 1927/1927/1927 1929/1929/1929
f 1932/1932/1932 1931/1931/1931 1930/1930/1930
f 1933/1933/1933 1932/1932/1932 1930/1930/1930
f 1930/1930/1930 1931/1931/1931 1934/1934/1934
f 1935/1935/1935 1932/1932/1932 1933/1933/1933
f 1931/1931/1931 1936/1936/1936 1934/1934/1934
f 1937/1937/1937 1935/1935/1935 1933/1933/1933
f 1934/1934/1934 1936/1936/1936 1938/1938/1938
f 1935/1935/1935 1937/1937/1937 1939/1939/1939
f 1936/1936/1936 1940/1940/1940 1938/1938/1938
f 1937/1937/1937 1941/1941/1941 1939/1939/1939
f 1942/1942/1942 1938/1938/1938 1940/1940/1940
f 1939/1939/1939 1941/1941/1941 1943/1943/1943
f 1944/1944/1944 1942/1942/1942 1940/1940/1940
f 1941/1941/1941 1945/1945/1945 1943/1943/1943
f 1942/1942/1942 1944/1944/1944 1946/1946/1946
f 1947/1947/1947 1943/1943/1943 1945/1945/1945
f 1944/1944/1944 1948/1948/1948 1946/1946/1946
f 1949/1949/1949 1947/1947/1947 1945/1945/1945
f 1946/1946/1946 1948/1948/1948 1950/1950/1950
f 1951/1951/1951 1947/1947/1947 1949/1949/1949
f 1948/1948/1948 1952/1952/1952 1950/1950/1950
f 1953/1953/1953 1951/1951/1951 1949/1949/1949
f 1950/1950/1950 1952/1952/1952 1953/1953/1953
f 1952/1952/1952 1951/1951/1951 1953/1953/1953
f 1956/1956/1956 1955/1955/1955 1954/1954/1954
f 1955/1955/1955 1957/1957/1957 1954/1954/1954
f 1958/1958/1958 1955/1955/1955 1956/1956/1956
f 1954/1954/1954 1957/1957/1957 1959/1959/1959
f 1960/1960/1960 1958/1958/1958 1956/1956/1956
f 1957/1957/1957 1961/1961/1961 1959/1959/1959
f 1962/1962/1962 1958/1958/1958 1960/1960/1960
f 1959/1959/1959 1961/1961/1961 1963/1963/1963
f 1964/1964/1964 1962/1962/1962 1960/1960/1960
f 1961/1961/1961 1965/1965/1965 1963/1963/1963
f 1966/1966/1966 1962/1962/1962 1964/1964/1964
f 1963/1963/1963 1965/1965/1965 1967/1967/1967
f 1968/1968/1968 1966/1966/1966 1964/1964/1964
f 1965/1965/1965 1969/1969/1969 1967/1967/1967
f 1970/1970/1970 1966/1966/1966 1968/1968/1968
f 1967/1967/1967 1969/1969/1969 1971/1971/1971
f 1972/1972/1972 1970/1970/1970 1968/1968/1968
f 1969/1969/1969 1973/1973/1973 1971/1971/1971
f 1974/1974/1974 1970/1970/1970 1972/1972/1972
f 1971/1971/1971 1973/1973/1973 1975/1975/1975
f 1976/1976/1976 1974/1974/1974 1972/1972/1972
f 1973/1973/1973 1977/1977/1977 1975/1975/1975
f 1978/1978/1978 1974/1974/1974 1976/1976/1976
f 1975/1975/1975 1977/1977/1977 1979/1979/1979
f 1980/1980/1980 1978/1978/1978 1976/1976/1976
f 1977/1977/1977 1981/1981/1981 1979/1979/1979
f 1982/1982/1982 1978/1978/1978 1980/1980/1980
f 1979/1979/1979 1981/1981/1981 1983/1983/1983
f 1984/1984/1984 1982/1982/1982 1980/1980/1980
f 1981/1981/1981 1985/1985/1985 1983/1983/1983
f 1986/1986/1986 1982/1982/1982 1984/1984/1984
f 1983/1983/1983 1985/1985/1985 1987/1987/1987
f 1988/1988/1988 1986/1986/1986 1984/1984/1984
f 1985/1985/1985 1989/1989/1989 1987/1987/1987
f 1989/1989/1989 1986/1986/1986 1988/1988/1988
f 1987/1987/1987 1989/1989/1989 1988/1988/1988
