g Shawarma
v -7.5783486 3.1591768 -0.27292132
v -10.474508 3.1591768 0.6652465
v -10.47511 3.1591768 -0.36081266
v -7.5783486 3.1591768 -0.27292132
v -7.5777993 3.1591768 0.66354793
v -10.474508 3.1591768 0.6652465
v -7.5777993 3.1591768 0.66354793
v -7.6496677 3.1591768 0.7668073
v -10.474508 3.1591768 0.6652465
v -7.6496677 3.1591768 0.7668073
v -10.40252 3.1591768 0.7684212
v -10.474508 3.1591768 0.6652465
v 9.9757595 2.0622635 -6.6980405
v 9.980826 2.0622635 1.9422026
v 9.980826 10.550673 1.9422026
v 9.9757595 10.550673 -6.6980405
v 9.07273 2.0622635 2.8513632
v -5.772666 2.0622635 2.8600676
v -5.772666 10.550673 2.8600676
v 9.07273 10.550673 2.8513632
v -5.772666 2.0622635 2.8600676
v -5.772666 -0.004975319 2.8600676
v -6.6818285 -0.004975319 1.9519725
v -6.6818285 2.0622635 1.9519725
v 9.07273 2.0622635 2.8513632
v 9.07273 10.550673 2.8513632
v 9.980826 10.550673 1.9422026
v 9.980826 2.0622635 1.9422026
v 9.203754 2.0622635 -7.7252774
v 9.203754 -0.0049743652 -7.7252774
v 9.9757595 -0.0049743652 -6.6980405
v 9.9757595 2.0622635 -6.6980405
v -5.9313006 2.0622635 -7.6619353
v 9.203754 2.0622635 -7.7252774
v 9.203754 10.550673 -7.7252774
v -5.923452 10.550673 -7.66194
v -4.8501115 11.417037 -6.5383854
v 8.316467 11.417037 -6.546117
v 8.979181 11.417037 -5.6643033
v -5.6072083 11.417037 -5.7628026
v -5.603196 11.417037 1.0787449
v 8.983125 11.417037 1.0701926
v 8.2035885 11.417037 1.8506445
v -4.8227453 11.417037 1.8582826
v 3.9438488 4.5405874 2.808
v 3.9438488 -0.004975319 2.808
v 3.9441884 -0.004975319 3.3869426
v 3.9441884 4.5405874 3.3869426
v 3.3175638 5.591854 2.8083673
v 3.317903 5.591854 3.38731
v 2.3580089 6.155335 2.80893
v 2.3583481 6.155335 3.3878732
v 1.4217368 6.155335 2.809478
v 1.4220763 6.155335 3.3884215
v 0.4621836 5.591854 2.8100414
v 0.46252283 5.591854 3.388984
v -0.16410136 4.5405874 2.8104088
v -0.16376197 4.5405874 3.3893514
v -0.16410136 -0.004975319 2.8104088
v -0.16376197 -0.004975319 3.3893514
v 3.9438488 -0.004975319 2.808
v -0.16410136 -0.004975319 2.8104088
v -0.16376197 -0.004975319 3.3893514
v 3.9441884 -0.004975319 3.3869426
v 2.8531706 4.8276043 3.028361
v 3.2756822 4.0824695 3.0281134
v 3.2756822 0.8605938 3.0281134
v 0.50432014 0.8605938 3.0297384
v 2.205824 5.2269964 3.028741
v 1.5741825 5.2269964 3.029111
v 0.926835 4.8276043 3.029491
v 0.50432014 4.0824695 3.0297384
v 3.4069643 0.58726406 3.3223758
v 0.37338302 0.58726406 3.3241544
v 3.4069643 4.1139827 3.3223758
v 3.2756822 0.8605938 3.0281134
v 3.2756822 4.0824695 3.0281134
v 2.9444768 4.9296193 3.3226461
v 2.8531706 4.8276043 3.028361
v 2.2358773 5.3668013 3.3230617
v 2.205824 5.2269964 3.028741
v 1.5444734 5.3668013 3.3234673
v 1.5741825 5.2269964 3.029111
v 0.83587384 4.9296193 3.323882
v 0.926835 4.8276043 3.029491
v 0.37338302 4.1139827 3.3241544
v 0.50432014 4.0824695 3.0297384
v 0.50432014 0.8605938 3.0297384
v 2.0984178 5.3668013 3.1667879
v 2.0984178 0.58726406 3.1667879
v 1.5612333 0.58726406 3.1671014
v 1.5612333 5.3668013 3.1671014
v 2.0984178 5.3668013 3.1667879
v 2.098308 5.3668013 2.979343
v 2.098308 0.58726406 2.979343
v 2.0984178 0.58726406 3.1667879
v 2.0984178 0.58726406 3.1667879
v 2.098308 0.58726406 2.979343
v 1.5611231 0.58726406 2.9796562
v 1.5612333 0.58726406 3.1671014
v 1.5612333 0.58726406 3.1671014
v 1.5611231 0.58726406 2.9796562
v 1.5611231 5.3668013 2.9796562
v 1.5612333 5.3668013 3.1671014
v 1.5612333 5.3668013 3.1671014
v 1.5611231 5.3668013 2.9796562
v 2.098308 5.3668013 2.979343
v 2.0984178 5.3668013 3.1667879
v 9.203754 10.550673 -7.7252774
v 9.203754 2.0622635 -7.7252774
v 9.9757595 2.0622635 -6.6980405
v 9.9757595 10.550673 -6.6980405
v 9.07273 -0.004975319 2.8513632
v 9.07273 2.0622635 2.8513632
v 9.980826 2.0622635 1.9422026
v 9.980826 -0.004975319 1.9422026
v -5.772666 10.550673 2.8600676
v -5.772666 2.0622635 2.8600676
v -6.6818285 2.0622635 1.9519725
v -6.6818285 10.550673 1.9519725
v -5.933849 -0.004975319 -7.6619334
v 9.203754 -0.0049743652 -7.7252774
v 9.203754 2.0622635 -7.7252774
v -5.9313006 2.0622635 -7.6619353
v 9.07273 -0.004975319 2.8513632
v -5.772666 -0.004975319 2.8600676
v -5.772666 2.0622635 2.8600676
v 9.07273 2.0622635 2.8513632
v -6.6818285 2.0622635 1.9519725
v -6.687127 2.0622635 -7.084536
v -6.687124 10.550673 -7.078024
v -6.6818285 10.550673 1.9519725
v 9.9757595 -0.0049743652 -6.6980405
v 9.980826 -0.004975319 1.9422026
v 9.980826 2.0622635 1.9422026
v 9.9757595 2.0622635 -6.6980405
v -4.6447086 3.8266761 2.8615255
v -4.6447086 7.4703107 2.8615255
v -4.644429 7.4703107 3.33858
v -4.644429 3.8266761 3.33858
v -4.6447086 7.4703107 2.8615255
v -1.6417384 7.4703116 2.859765
v -1.6414587 7.4703116 3.33682
v -4.644429 7.4703107 3.33858
v -1.6417384 7.4703116 2.859765
v -1.6417384 3.8266761 2.859765
v -1.6414587 3.8266761 3.33682
v -1.6414587 7.4703116 3.33682
v -3.8568304 4.4997125 3.0421166
v -3.8568304 6.797272 3.0421166
v -2.416325 6.797272 3.0412717
v -2.416325 4.4997125 3.0412717
v -4.956175 4.3031425 3.5627708
v -1.308698 4.3031425 3.5606322
v -1.3086572 3.628563 3.636329
v -4.956131 3.628563 3.6384676
v -1.308698 4.3031425 3.5606322
v -1.3091536 4.3031425 2.7838726
v -1.3091125 3.628563 2.859569
v -1.3086572 3.628563 3.636329
v -1.3086572 3.628563 3.636329
v -1.3091125 3.628563 2.859569
v -4.956587 3.628563 2.861708
v -4.956131 3.628563 3.6384676
v -4.956131 3.628563 3.6384676
v -4.956587 3.628563 2.861708
v -4.956631 4.3031425 2.7860112
v -4.956175 4.3031425 3.5627708
v -4.956175 4.3031425 3.5627708
v -4.956631 4.3031425 2.7860112
v -1.3091536 4.3031425 2.7838726
v -1.308698 4.3031425 3.5606322
v -2.5378733 8.575713 4.17077
v -1.2407696 8.575713 3.9980211
v -1.2403836 8.518638 4.6562643
v -2.5374866 8.518638 4.829016
v -3.835076 8.575713 4.1715302
v -3.834691 8.518638 4.829775
v -5.132382 8.575713 4.0003033
v -5.131996 8.518638 4.6585464
v -2.5388887 8.997656 2.4384477
v -1.2416844 8.997656 2.4376879
v -1.2412269 8.742099 3.217854
v -2.538331 8.742099 3.3906035
v -3.8360925 8.997656 2.4392085
v -3.8355339 8.742099 3.3913643
v -5.1332965 8.997656 2.4399695
v -5.1328397 8.742099 3.220136
v -2.538331 8.742099 3.3906035
v -1.2412269 8.742099 3.217854
v -1.2407696 8.575713 3.9980211
v -2.5378733 8.575713 4.17077
v -3.8355339 8.742099 3.3913643
v -3.835076 8.575713 4.1715302
v -5.1328397 8.742099 3.220136
v -5.132382 8.575713 4.0003033
v -1.448522 8.616943 4.8354573
v -1.4485449 7.984752 4.7965355
v -1.4490191 8.0861635 3.9873893
v -1.4489965 8.718354 4.0263114
v -1.4494903 8.286016 3.184305
v -1.4494674 8.918205 3.2232265
v -1.4499583 8.566174 2.3861656
v -1.4499354 9.198363 2.4250865
v -0.9311135 8.616943 4.835154
v -0.9316105 8.0861635 3.9870858
v -0.93113613 7.984752 4.7962327
v -0.9315876 8.718354 4.0260077
v -0.9320812 8.286016 3.1840007
v -0.9320587 8.918205 3.2229233
v -0.93254936 8.566174 2.3858614
v -0.9325265 9.198363 2.4247832
v -1.4490191 8.0861635 3.9873893
v -1.4485449 7.984752 4.7965355
v -0.93113613 7.984752 4.7962327
v -0.9316105 8.0861635 3.9870858
v -1.4494903 8.286016 3.184305
v -0.9320812 8.286016 3.1840007
v -1.4499583 8.566174 2.3861656
v -0.93254936 8.566174 2.3858614
v -1.4485449 7.984752 4.7965355
v -1.448522 8.616943 4.8354573
v -0.9311135 8.616943 4.835154
v -0.93113613 7.984752 4.7962327
v -1.4499354 9.198363 2.4250865
v -1.4499583 8.566174 2.3861656
v -0.93254936 8.566174 2.3858614
v -0.9325265 9.198363 2.4247832
v -1.4494674 8.918205 3.2232265
v -1.4499354 9.198363 2.4250865
v -0.9325265 9.198363 2.4247832
v -0.9320587 8.918205 3.2229233
v -1.4489965 8.718354 4.0263114
v -0.9315876 8.718354 4.0260077
v -1.448522 8.616943 4.8354573
v -0.9311135 8.616943 4.835154
v -5.547641 8.616943 4.8378606
v -5.5476627 7.984752 4.798939
v -5.548136 8.0861635 3.9897933
v -5.5481143 8.718354 4.028714
v -5.548609 8.286016 3.1867082
v -5.548585 8.918205 3.2256298
v -5.5490756 8.566174 2.3885684
v -5.549053 9.198363 2.4274898
v -5.0302305 8.616943 4.837557
v -5.0307283 8.0861635 3.98949
v -5.030254 7.984752 4.7986355
v -5.0307055 8.718354 4.0284114
v -5.0311985 8.286016 3.1864057
v -5.0311756 8.918205 3.2253265
v -5.0316663 8.566174 2.3882651
v -5.031644 9.198363 2.4271865
v -5.548136 8.0861635 3.9897933
v -5.5476627 7.984752 4.798939
v -5.030254 7.984752 4.7986355
v -5.0307283 8.0861635 3.98949
v -5.548609 8.286016 3.1867082
v -5.0311985 8.286016 3.1864057
v -5.5490756 8.566174 2.3885684
v -5.0316663 8.566174 2.3882651
v -5.5476627 7.984752 4.798939
v -5.547641 8.616943 4.8378606
v -5.0302305 8.616943 4.837557
v -5.030254 7.984752 4.7986355
v -5.549053 9.198363 2.4274898
v -5.5490756 8.566174 2.3885684
v -5.0316663 8.566174 2.3882651
v -5.031644 9.198363 2.4271865
v -5.548585 8.918205 3.2256298
v -5.549053 9.198363 2.4274898
v -5.031644 9.198363 2.4271865
v -5.0311756 8.918205 3.2253265
v -5.5481143 8.718354 4.028714
v -5.0307055 8.718354 4.0284114
v -5.547641 8.616943 4.8378606
v -5.0302305 8.616943 4.837557
v -3.834691 8.518638 4.829775
v -5.131924 8.152871 4.7804704
v -5.131996 8.518638 4.6585464
v -3.8346193 8.152871 4.9516993
v -2.5374866 8.518638 4.829016
v -2.537415 8.152871 4.9509387
v -1.2403836 8.518638 4.6562643
v -1.240312 8.152871 4.7781873
v -0.13471103 4.569898 4.1642957
v -0.13471103 -0.004975319 4.1642957
v -0.85196555 -0.004975319 4.2455
v -0.85196555 5.101053 4.2455
v 0.4828559 5.5854254 4.1639338
v -0.015684962 6.409957 4.24501
v 1.4290502 6.12975 4.1633787
v 1.2656105 7.1115317 4.244259
v 2.352285 6.12975 4.1628375
v 2.5158172 7.1115317 4.2435255
v 3.2984796 5.5854254 4.162284
v 3.797115 6.409957 4.242775
v 3.9160414 4.569898 4.1619205
v 4.6333957 5.101053 4.2422843
v 3.9160414 -0.004975319 4.1619205
v 4.6333957 -0.004975319 4.2422843
v -0.85196555 -0.004975319 4.2455
v -0.852807 -0.004975319 2.810813
v -0.85276556 5.101053 2.881468
v -0.85196555 5.101053 4.2455
v -0.016484976 6.409957 2.8809776
v -0.015684962 6.409957 4.24501
v 1.2648107 7.1115317 2.8802261
v 1.2656105 7.1115317 4.244259
v 2.515017 7.1115317 2.879493
v 2.5158172 7.1115317 4.2435255
v 3.7963154 6.409957 2.878742
v 3.797115 6.409957 4.242775
v 4.632596 5.101053 2.8782518
v 4.6333957 5.101053 4.2422843
v 4.6325545 -0.004975319 2.8075967
v 4.6333957 -0.004975319 4.2422843
v -0.13471103 4.569898 4.1642957
v -0.13514948 -0.004975319 3.4160564
v -0.13471103 -0.004975319 4.1642957
v -0.13551068 4.569898 2.800264
v 0.4828559 5.5854254 4.1639338
v 0.482056 5.5854254 2.799902
v 1.4290502 6.12975 4.1633787
v 1.4282506 6.12975 2.7993474
v 2.352285 6.12975 4.1628375
v 2.3514848 6.12975 2.7988062
v 3.2984796 5.5854254 4.162284
v 3.2976794 5.5854254 2.798251
v 3.9160414 4.569898 4.1619205
v 3.9152417 4.569898 2.7978888
v 3.9160414 -0.004975319 4.1619205
v 3.9156027 -0.004975319 3.413682
v 7.589947 -0.004975319 4.288417
v 7.754785 0.7942581 4.453061
v 7.7538767 0.7942581 2.9016247
v 7.5892296 -0.004975319 3.0664654
v 7.5892296 -0.004975319 3.0664654
v 7.7538767 0.7942581 2.9016247
v 6.202441 0.7942581 2.902535
v 6.3672776 -0.004975319 3.0671816
v 6.3672776 -0.004975319 3.0671816
v 6.202441 0.7942581 2.902535
v 6.20335 0.7942581 4.4539714
v 6.3679953 -0.004975319 4.2891326
v 6.3679953 -0.004975319 4.2891326
v 6.20335 0.7942581 4.4539714
v 7.754785 0.7942581 4.453061
v 7.589947 -0.004975319 4.288417
v 7.5892296 -0.004975319 3.0664654
v 6.3672776 -0.004975319 3.0671816
v 6.3679953 -0.004975319 4.2891326
v 7.589947 -0.004975319 4.288417
v 6.202441 0.7942581 2.902535
v 7.7538767 0.7942581 2.9016247
v 7.9249644 0.99339765 2.7303371
v 6.031151 0.99339765 2.731448
v 6.032262 0.99339765 4.6252613
v 6.031151 0.99339765 2.731448
v 6.031151 1.4929152 2.731448
v 6.032262 1.4929152 4.6252613
v 6.20335 0.7942581 4.4539714
v 6.202441 0.7942581 2.902535
v 6.031151 0.99339765 2.731448
v 6.032262 0.99339765 4.6252613
v 7.7538767 0.7942581 2.9016247
v 7.754785 0.7942581 4.453061
v 7.926076 0.99339765 4.6241508
v 7.9249644 0.99339765 2.7303371
v 7.754785 0.7942581 4.453061
v 6.20335 0.7942581 4.4539714
v 6.032262 0.99339765 4.6252613
v 7.926076 0.99339765 4.6241508
v 6.031151 1.4929152 2.731448
v 7.9249644 1.4929152 2.7303371
v 7.926076 1.4929152 4.6241508
v 6.032262 1.4929152 4.6252613
v 7.9249644 0.99339765 2.7303371
v 7.926076 0.99339765 4.6241508
v 7.926076 1.4929152 4.6241508
v 7.9249644 1.4929152 2.7303371
v 7.926076 0.99339765 4.6241508
v 6.032262 0.99339765 4.6252613
v 6.032262 1.4929152 4.6252613
v 7.926076 1.4929152 4.6241508
v 6.031151 0.99339765 2.731448
v 7.9249644 0.99339765 2.7303371
v 7.9249644 1.4929152 2.7303371
v 6.031151 1.4929152 2.731448
v 6.433366 3.045517 4.28009
v 6.88365 3.245695 3.6595638
v 6.8839483 3.0413475 4.168304
v 6.2071357 2.7001657 4.591852
v 6.884097 2.6981258 4.423905
v 6.102054 2.0622635 4.73666
v 6.8841667 2.0641594 4.5426283
v 6.8840685 1.4983196 4.3745914
v 6.250783 1.4929131 4.531702
v 7.367585 3.0413475 3.816491
v 6.88365 3.245695 3.6595638
v 7.612674 3.045517 3.4222143
v 7.610722 2.6981258 3.8953316
v 7.978948 2.7001657 3.3029675
v 7.723654 2.0641594 3.9319506
v 8.149076 2.0622635 3.247582
v 7.908282 1.4929131 3.3259761
v 7.563813 1.4983196 3.8801198
v 6.8832006 3.045517 2.8928747
v 6.88365 3.245695 3.6595638
v 6.584378 3.0413475 3.2481554
v 6.8829737 2.7001657 2.507678
v 6.434017 2.6981258 3.041459
v 6.8828692 2.0622635 2.328761
v 6.36418 2.0641594 2.9454534
v 6.4630284 1.4983196 3.0813396
v 6.8830166 1.4929131 2.581997
v 6.399899 3.0413475 3.817058
v 6.88365 3.245695 3.6595638
v 6.433366 3.045517 4.28009
v 6.156854 2.6981258 3.8961842
v 6.2071357 2.7001657 4.591852
v 6.043964 2.0641594 3.932935
v 6.102054 2.0622635 4.73666
v 6.250783 1.4929131 4.531702
v 6.2037454 1.4983196 3.8809175
v 7.334663 3.045517 4.2795625
v 6.88365 3.245695 3.6595638
v 7.367585 3.0413475 3.816491
v 7.5612583 2.7001657 4.591058
v 7.610722 2.6981258 3.8953316
v 7.666504 2.0622635 4.7357445
v 7.723654 2.0641594 3.9319506
v 7.563813 1.4983196 3.8801198
v 7.5175376 1.4929131 4.530959
v 7.1824393 3.0413475 3.2478044
v 6.88365 3.245695 3.6595638
v 6.8832006 3.045517 2.8928747
v 7.332559 2.6981258 3.0409322
v 6.8829737 2.7001657 2.507678
v 7.4022837 2.0641594 2.9448454
v 6.8828692 2.0622635 2.328761
v 6.8830166 1.4929131 2.581997
v 7.303593 1.4983196 3.0808468
v 6.154348 3.045517 3.4230688
v 6.88365 3.245695 3.6595638
v 6.399899 3.0413475 3.817058
v 5.7879314 2.7001657 3.3042517
v 6.156854 2.6981258 3.8961842
v 5.61774 2.0622635 3.2490664
v 6.043964 2.0641594 3.932935
v 6.2037454 1.4983196 3.8809175
v 5.8586273 1.4929131 3.3271782
v 6.8839483 3.0413475 4.168304
v 6.88365 3.245695 3.6595638
v 7.334663 3.045517 4.2795625
v 6.884097 2.6981258 4.423905
v 7.5612583 2.7001657 4.591058
v 6.8841667 2.0641594 4.5426283
v 7.666504 2.0622635 4.7357445
v 7.5175376 1.4929131 4.530959
v 6.8840685 1.4983196 4.3745914
v 7.612674 3.045517 3.4222143
v 6.88365 3.245695 3.6595638
v 7.1824393 3.0413475 3.2478044
v 7.978948 2.7001657 3.3029675
v 7.332559 2.6981258 3.0409322
v 8.149076 2.0622635 3.247582
v 7.4022837 2.0641594 2.9448454
v 7.303593 1.4983196 3.0808468
v 7.908282 1.4929131 3.3259761
v 6.584378 3.0413475 3.2481554
v 6.88365 3.245695 3.6595638
v 6.154348 3.045517 3.4230688
v 6.434017 2.6981258 3.041459
v 5.7879314 2.7001657 3.3042517
v 6.36418 2.0641594 2.9454534
v 5.61774 2.0622635 3.2490664
v 5.8586273 1.4929131 3.3271782
v 6.4630284 1.4983196 3.0813396
v 6.8832006 3.0838833 2.8928747
v 7.206094 3.246191 3.2152104
v 6.8831553 3.2488556 2.8169038
v 7.1770225 3.0369043 3.25527
v 7.6849113 3.2488556 3.398695
v 7.612674 3.0838833 3.4222143
v 6.4086704 3.0369043 3.8141994
v 6.154348 3.0838833 3.4230688
v 6.082084 3.2488556 3.3996353
v 6.3616056 3.246191 3.8295217
v 6.433366 3.0838833 4.28009
v 6.388747 3.2488556 4.3415756
v 7.334663 3.0838833 4.2795625
v 6.8839707 3.246191 4.2085776
v 7.3793516 3.2488556 4.340995
v 6.8839426 3.0369043 4.1590824
v 6.388747 3.2488556 4.3415756
v 6.433366 3.0838833 4.28009
v 6.154348 3.0838833 3.4230688
v 6.560687 3.246191 3.2155886
v 6.082084 3.2488556 3.3996353
v 6.5898027 3.0369043 3.2556152
v 6.8831553 3.2488556 2.8169038
v 6.8832006 3.0838833 2.8928747
v 7.612674 3.0838833 3.4222143
v 7.4058948 3.246191 3.8289099
v 7.6849113 3.2488556 3.398695
v 7.3588114 3.0369043 3.8136425
v 7.3793516 3.2488556 4.340995
v 7.334663 3.0838833 4.2795625
v -5.9313006 2.0622635 -7.6619353
v -5.923452 10.550673 -7.66194
v -6.687124 10.550673 -7.078024
v -6.687127 2.0622635 -7.084536
v -5.933849 -0.004975319 -7.6619334
v -5.9313006 2.0622635 -7.6619353
v -6.687127 2.0622635 -7.084536
v -6.687128 -0.004975319 -7.0866494
v -6.6818285 -0.004975319 1.9519725
v -6.687128 -0.004975319 -7.0866494
v -6.687127 2.0622635 -7.084536
v -6.6818285 2.0622635 1.9519725
v 5.216505 3.8266761 2.8557434
v 5.216505 7.4703107 2.8557434
v 5.216785 7.4703107 3.332799
v 5.216785 3.8266761 3.332799
v 5.216505 7.4703107 2.8557434
v 8.219475 7.4703116 2.8539827
v 8.219754 7.4703116 3.3310375
v 5.216785 7.4703107 3.332799
v 8.219475 7.4703116 2.8539827
v 8.219475 3.8266761 2.8539827
v 8.219754 3.8266761 3.3310375
v 8.219754 7.4703116 3.3310375
v 6.0043836 4.4997125 3.0363348
v 6.0043836 6.797272 3.0363348
v 7.4448886 6.797272 3.03549
v 7.4448886 4.4997125 3.03549
v 4.9050384 4.3031425 3.556989
v 8.552517 4.3031425 3.5548503
v 8.552557 3.628563 3.6305473
v 4.9050827 3.628563 3.6326854
v 8.552517 4.3031425 3.5548503
v 8.552059 4.3031425 2.7780907
v 8.552102 3.628563 2.8537874
v 8.552557 3.628563 3.6305473
v 8.552557 3.628563 3.6305473
v 8.552102 3.628563 2.8537874
v 4.904627 3.628563 2.8559265
v 4.9050827 3.628563 3.6326854
v 4.9050827 3.628563 3.6326854
v 4.904627 3.628563 2.8559265
v 4.904582 4.3031425 2.7802293
v 4.9050384 4.3031425 3.556989
v 4.9050384 4.3031425 3.556989
v 4.904582 4.3031425 2.7802293
v 8.552059 4.3031425 2.7780907
v 8.552517 4.3031425 3.5548503
v 7.323339 8.575713 4.1649876
v 8.620441 8.575713 3.9922383
v 8.620829 8.518638 4.650483
v 7.323727 8.518638 4.823233
v 6.026136 8.575713 4.1657495
v 6.026522 8.518638 4.823993
v 4.7288313 8.575713 3.9945202
v 4.7292166 8.518638 4.652765
v 7.3223233 8.997656 2.4326663
v 8.619528 8.997656 2.4319057
v 8.619984 8.742099 3.2120724
v 7.3228827 8.742099 3.3848217
v 6.0251207 8.997656 2.4334269
v 6.0256786 8.742099 3.385582
v 4.7279167 8.997656 2.4341874
v 4.728374 8.742099 3.2143538
v 7.3228827 8.742099 3.3848217
v 8.619984 8.742099 3.2120724
v 8.620441 8.575713 3.9922383
v 7.323339 8.575713 4.1649876
v 6.0256786 8.742099 3.385582
v 6.026136 8.575713 4.1657495
v 4.728374 8.742099 3.2143538
v 4.7288313 8.575713 3.9945202
v 8.412693 8.616943 4.829675
v 8.412667 7.984752 4.7907534
v 8.412193 8.0861635 3.9816072
v 8.412216 8.718354 4.0205297
v 8.411722 8.286016 3.1785228
v 8.411746 8.918205 3.2174447
v 8.411255 8.566174 2.3803825
v 8.411278 9.198363 2.4193048
v 8.9300995 8.616943 4.8293724
v 8.929603 8.0861635 3.9813046
v 8.930077 7.984752 4.790451
v 8.929625 8.718354 4.0202255
v 8.929131 8.286016 3.1782198
v 8.929155 8.918205 3.2171412
v 8.928664 8.566174 2.3800797
v 8.928686 9.198363 2.4190016
v 8.412193 8.0861635 3.9816072
v 8.412667 7.984752 4.7907534
v 8.930077 7.984752 4.790451
v 8.929603 8.0861635 3.9813046
v 8.411722 8.286016 3.1785228
v 8.929131 8.286016 3.1782198
v 8.411255 8.566174 2.3803825
v 8.928664 8.566174 2.3800797
v 8.412667 7.984752 4.7907534
v 8.412693 8.616943 4.829675
v 8.9300995 8.616943 4.8293724
v 8.930077 7.984752 4.790451
v 8.411278 9.198363 2.4193048
v 8.411255 8.566174 2.3803825
v 8.928664 8.566174 2.3800797
v 8.928686 9.198363 2.4190016
v 8.411746 8.918205 3.2174447
v 8.411278 9.198363 2.4193048
v 8.928686 9.198363 2.4190016
v 8.929155 8.918205 3.2171412
v 8.412216 8.718354 4.0205297
v 8.929625 8.718354 4.0202255
v 8.412693 8.616943 4.829675
v 8.9300995 8.616943 4.8293724
v 4.3135734 8.616943 4.832078
v 4.31355 7.984752 4.7931566
v 4.313076 8.0861635 3.9840105
v 4.3130984 8.718354 4.022933
v 4.3126054 8.286016 3.180926
v 4.312628 8.918205 3.219848
v 4.3121367 8.566174 2.3827868
v 4.3121595 9.198363 2.421708
v 4.8309817 8.616943 4.831775
v 4.8304844 8.0861635 3.9837072
v 4.8309593 7.984752 4.7928543
v 4.8305073 8.718354 4.0226297
v 4.8300138 8.286016 3.180623
v 4.8300366 8.918205 3.2195444
v 4.829546 8.566174 2.3824835
v 4.8295684 9.198363 2.4214048
v 4.313076 8.0861635 3.9840105
v 4.31355 7.984752 4.7931566
v 4.8309593 7.984752 4.7928543
v 4.8304844 8.0861635 3.9837072
v 4.3126054 8.286016 3.180926
v 4.8300138 8.286016 3.180623
v 4.3121367 8.566174 2.3827868
v 4.829546 8.566174 2.3824835
v 4.31355 7.984752 4.7931566
v 4.3135734 8.616943 4.832078
v 4.8309817 8.616943 4.831775
v 4.8309593 7.984752 4.7928543
v 4.3121595 9.198363 2.421708
v 4.3121367 8.566174 2.3827868
v 4.829546 8.566174 2.3824835
v 4.8295684 9.198363 2.4214048
v 4.312628 8.918205 3.219848
v 4.3121595 9.198363 2.421708
v 4.8295684 9.198363 2.4214048
v 4.8300366 8.918205 3.2195444
v 4.3130984 8.718354 4.022933
v 4.8305073 8.718354 4.0226297
v 4.3135734 8.616943 4.832078
v 4.8309817 8.616943 4.831775
v 6.026522 8.518638 4.823993
v 4.729288 8.152871 4.774688
v 4.7292166 8.518638 4.652765
v 6.026594 8.152871 4.9459167
v 7.323727 8.518638 4.823233
v 7.3237987 8.152871 4.945156
v 8.620829 8.518638 4.650483
v 8.620899 8.152871 4.7724056
v -10.753407 -0.004975319 -0.43595767
v -10.597322 -0.004975319 -0.6070039
v -10.597322 2.8809261 -0.6070039
v -10.753407 2.8809261 -0.43595767
v -10.752723 -0.004975319 0.7254431
v -10.753407 -0.004975319 -0.43595767
v -10.753407 2.8809261 -0.43595767
v -10.752723 2.8809261 0.7254431
v -10.756282 -0.004975319 -5.34301
v -10.6002 -0.004975319 -5.5140576
v -10.6002 2.8809261 -5.5140576
v -10.756282 2.8809261 -5.34301
v -10.7556 -0.004975319 -4.1816096
v -10.756282 -0.004975319 -5.34301
v -10.756282 2.8809261 -5.34301
v -10.7556 2.8809261 -4.1816096
v -7.300125 -0.0049743652 -0.31950665
v -7.2995133 -0.004975319 0.7234185
v -7.2995133 2.8809261 0.7234185
v -7.300125 2.8809261 -0.31950665
v -7.3030014 -0.0049743652 -5.226559
v -7.302391 -0.004975319 -4.183635
v -7.302391 2.8809261 -4.183635
v -7.3030014 2.8809261 -5.226559
v -10.597322 -0.004975319 -0.6070039
v -7.4601707 -0.0049743652 -0.6250421
v -7.4601707 2.8809261 -0.6250421
v -10.597322 2.8809261 -0.6070039
v -10.6002 -0.004975319 -5.5140576
v -7.463048 -0.0049743652 -5.5320945
v -7.463048 2.8809261 -5.5320945
v -10.6002 2.8809261 -5.5140576
v -10.564258 -0.004975319 0.995554
v -10.752723 -0.004975319 0.7254431
v -10.752723 2.8809261 0.7254431
v -10.564258 2.8809261 0.995554
v -10.567135 -0.004975319 -3.9114985
v -10.7556 -0.004975319 -4.1816096
v -10.7556 2.8809261 -4.1816096
v -10.567135 2.8809261 -3.9114985
v -7.2995133 -0.004975319 0.7234185
v -7.4876604 -0.004975319 0.9937506
v -7.4876604 2.8809261 0.9937506
v -7.2995133 2.8809261 0.7234185
v -7.302391 -0.004975319 -4.183635
v -7.490538 -0.004975319 -3.9133031
v -7.490538 2.8809261 -3.9133031
v -7.302391 2.8809261 -4.183635
v -10.459778 3.1591768 -5.287822
v -7.6461926 3.1591768 -5.3039994
v -7.5812254 3.1591768 -5.179974
v -10.477988 3.1591768 -5.2678647
v -10.477385 3.1591768 -4.241806
v -7.5806766 3.1591768 -4.243505
v -7.6525435 3.1591768 -4.1402464
v -10.405396 3.1591768 -4.1386323
v -7.4601707 -0.0049743652 -0.6250421
v -7.300125 -0.0049743652 -0.31950665
v -7.300125 2.8809261 -0.31950665
v -7.4601707 2.8809261 -0.6250421
v -7.463048 -0.0049743652 -5.5320945
v -7.3030014 -0.0049743652 -5.226559
v -7.3030014 2.8809261 -5.226559
v -7.463048 2.8809261 -5.5320945
v -7.4876604 -0.004975319 0.9937506
v -10.564258 -0.004975319 0.995554
v -10.564258 2.8809261 0.995554
v -7.4876604 2.8809261 0.9937506
v -7.490538 -0.004975319 -3.9133031
v -10.567135 -0.004975319 -3.9114985
v -10.567135 2.8809261 -3.9114985
v -7.490538 2.8809261 -3.9133031
v -7.2995133 2.8809261 0.7234185
v -7.4876604 2.8809261 0.9937506
v -7.6496677 3.1591768 0.7668073
v -7.5777993 3.1591768 0.66354793
v -7.300125 2.8809261 -0.31950665
v -7.5783486 3.1591768 -0.27292132
v -7.4601707 2.8809261 -0.6250421
v -7.643316 3.1591768 -0.396945
v -10.597322 2.8809261 -0.6070039
v -10.456902 3.1591768 -0.38076636
v -7.4876604 2.8809261 0.9937506
v -10.40252 3.1591768 0.7684212
v -7.6496677 3.1591768 0.7668073
v -10.564258 2.8809261 0.995554
v -10.474508 3.1591768 0.6652465
v -10.752723 2.8809261 0.7254431
v -10.753407 2.8809261 -0.43595767
v -10.47511 3.1591768 -0.36081266
v -10.474508 3.1591768 0.6652465
v -10.753407 2.8809261 -0.43595767
v -10.597322 2.8809261 -0.6070039
v -10.456902 3.1591768 -0.38076636
v -10.47511 3.1591768 -0.36081266
v -10.567135 2.8809261 -3.9114985
v -10.7556 2.8809261 -4.1816096
v -10.477385 3.1591768 -4.241806
v -10.405396 3.1591768 -4.1386323
v -7.490538 2.8809261 -3.9133031
v -7.6525435 3.1591768 -4.1402464
v -7.302391 2.8809261 -4.183635
v -7.490538 2.8809261 -3.9133031
v -7.6525435 3.1591768 -4.1402464
v -7.5806766 3.1591768 -4.243505
v -7.3030014 2.8809261 -5.226559
v -7.5812254 3.1591768 -5.179974
v -7.463048 2.8809261 -5.5320945
v -7.6461926 3.1591768 -5.3039994
v -10.6002 2.8809261 -5.5140576
v -10.459778 3.1591768 -5.287822
v -10.756282 2.8809261 -5.34301
v -10.6002 2.8809261 -5.5140576
v -10.459778 3.1591768 -5.287822
v -10.477988 3.1591768 -5.2678647
v -10.7556 2.8809261 -4.1816096
v -10.477385 3.1591768 -4.241806
v -10.456902 3.1591768 -0.38076636
v -7.643316 3.1591768 -0.396945
v -7.5783486 3.1591768 -0.27292132
v -10.47511 3.1591768 -0.36081266
v -9.977292 2.9715917 -3.5463796
v -9.078649 2.9715917 -3.8389504
v -8.179664 2.9715917 -3.5474336
v -7.6237183 2.9715917 -2.7831786
v -10.532344 2.9715917 -2.781473
v -7.6231637 2.9715917 -1.8381143
v -10.53179 2.9715917 -1.8364086
v -8.178215 2.9715917 -1.0732079
v -9.9758415 2.9715917 -1.0721538
v -9.076857 2.9715917 -0.78063893
v -10.529471 0.47055817 -1.9014806
v -10.234895 0.47055817 -2.1916776
v -9.821712 0.47055817 -2.188772
v -9.531369 0.47055817 -1.8942341
v -10.532455 0.47055817 -1.4875418
v -9.534351 0.47055817 -1.4803995
v -10.242091 0.47055817 -1.1931291
v -9.828908 0.47055817 -1.190078
v -10.92838 0.3416376 -2.5961492
v -10.633806 0.3416376 -2.886347
v -10.220622 0.3416376 -2.8834403
v -9.93028 0.3416376 -2.588903
v -10.931363 0.3416376 -2.1822114
v -9.933263 0.3416376 -2.1750684
v -10.641 0.3416376 -1.8877972
v -10.227817 0.3416376 -1.8847468
v -10.203592 0.47055817 -3.3347466
v -9.909017 0.47055817 -3.624945
v -9.495832 0.47055817 -3.6220372
v -9.205489 0.47055817 -3.3275006
v -10.206574 0.47055817 -2.9208083
v -9.208472 0.47055817 -2.9136667
v -9.91621 0.47055817 -2.6263952
v -9.503028 0.47055817 -2.6233447
v -9.167484 0.3416376 -3.2058501
v -8.872909 0.3416376 -3.496048
v -8.459726 0.3416376 -3.4931412
v -8.169383 0.3416376 -3.198604
v -9.170468 0.3416376 -2.791912
v -8.172366 0.3416376 -2.7847695
v -8.880103 0.3416376 -2.4974983
v -8.46692 0.3416376 -2.494448
v -9.03732 0.47055817 -2.0792413
v -8.742745 0.47055817 -2.3694391
v -8.329561 0.47055817 -2.3665328
v -8.039218 0.47055817 -2.0719953
v -9.040303 0.47055817 -1.6653036
v -8.042202 0.47055817 -1.6581612
v -8.749939 0.47055817 -1.37089
v -8.336756 0.47055817 -1.367839
v -9.762163 0.3416376 -1.431297
v -9.4675865 0.3416376 -1.7214947
v -9.054404 0.3416376 -1.7185879
v -8.764061 0.3416376 -1.4240506
v -9.765146 0.3416376 -1.0173583
v -8.767045 0.3416376 -1.0102161
v -9.474781 0.3416376 -0.7229449
v -9.061599 0.3416376 -0.7198937
v 0.9651788 15.950659 0.28722763
v -4.545393 14.508442 0.21840763
v -3.5929728 18.071758 0.9419045
v 0.392901 13.1307955 -0.27654946
v -4.849884 13.3695 -0.27128482
v 3.0979998 12.474985 -0.2781355
v 3.6702805 15.294854 0.28564167
v 0.21001244 12.230026 -0.65746605
v -4.9766626 12.897637 -1.4547247
v 6.106008 12.209096 -0.27989936
v 6.6783066 15.029042 0.28387758
v 9.495132 14.487847 0.0997262
v 2.9150178 11.574227 -0.65905213
v 0.13382787 11.8569 -1.5772929
v -4.977939 12.897678 -3.3859627
v 8.968574 11.893269 -0.41896555
v 9.91018 14.448223 -0.07092762
v 5.9230366 11.308356 -0.660816
v 2.8387413 11.201121 -1.5788786
v 10.1415415 11.733979 -1.4871817
v 10.643868 14.208952 -0.92336416
v 8.800358 11.064576 -0.7694199
v 5.8467693 10.935261 -1.5806423
v 2.837861 11.201121 -3.0797527
v 0.13294993 11.856903 -3.078167
v 0.2080556 12.230026 -3.998081
v -4.852829 13.36963 -4.5695143
v 2.9130588 11.574228 -3.9996676
v 5.845889 10.935261 -3.0815167
v 8.730312 10.721313 -1.6156907
v 10.093844 11.499086 -1.5865214
v 0.39049548 13.130798 -4.3792124
v -4.549207 14.50868 -5.059451
v 3.0955942 12.474985 -4.380798
v 5.921078 11.308359 -4.001431
v 8.729503 10.721315 -2.9965422
v 1.295063 17.590563 -4.3797426
v -3.0442324 20.14247 -5.0575953
v 10.140549 11.73398 -3.1800137
v 10.950548 15.727475 -3.1804888
v 10.8203125 15.079404 -1.1079023
v 9.91018 14.448223 -0.07092762
v 10.074208 11.402965 -1.8235127
v 10.092966 11.499086 -3.0806167
v 10.073608 11.402965 -2.8436022
v 8.798557 11.06458 -3.8428934
v 8.966362 11.893269 -4.1935453
v 6.103604 12.209096 -4.3825617
v 9.798615 15.996508 -4.194034
v 7.0081773 16.668896 -4.3830924
v 4.0001597 16.934734 -4.381329
v 4.18302 17.83549 -4.000412
v 7.191043 17.569632 -4.0021763
v 1.4780172 18.49129 -3.9988256
v -2.7410042 21.279236 -4.5675945
v 4.259176 18.208588 -3.0805864
v 1.5542648 18.86437 -3.0789998
v -2.6150599 21.750086 -3.3854625
v 9.9669695 16.825172 -3.843578
v 7.2672043 17.942726 -3.08235
v 4.2600555 18.208588 -1.5797124
v 1.5551449 18.86437 -1.5781262
v -2.613882 21.750061 -1.456835
v 1.4799758 18.49129 -0.6582105
v -2.7383797 21.279175 -0.2746172
v 4.1849794 17.83549 -0.6597967
v 7.268084 17.942726 -1.5814756
v 10.037158 17.168404 -2.9973094
v 1.2974682 17.590563 -0.2770797
v -3.0410802 20.142437 0.21559334
v -3.2621694 19.369709 0.22895813
v 1.1094025 16.663353 -0.27696955
v 3.8144958 16.007507 -0.27855563
v 4.002566 16.934734 -0.27866575
v 6.822506 15.741614 -0.28031933
v 7.193002 17.569632 -0.66156065
v 7.0105834 16.668896 -0.28042984
v 10.037966 17.168404 -1.6164575
v 9.800828 15.996508 -0.4194531
v 9.627769 15.143283 -0.41935202
v 9.968772 16.825172 -0.7701049
v 10.922618 15.584642 -1.4006364
v 10.992725 15.930919 -1.6187553
v 11.01848 16.058495 -1.8240669
v 10.998245 15.962373 -3.0811477
v 11.017883 16.058495 -2.844157
v 9.91018 14.448223 -0.07092762
v 9.627769 15.143283 -0.41935202
v 10.8203125 15.079404 -1.1079023
v 9.495132 14.487847 0.0997262
v 6.6783066 15.029042 0.28387758
v 6.822506 15.741614 -0.28031933
v 3.6702805 15.294854 0.28564167
v 3.8144958 16.007507 -0.27855563
v 0.9651788 15.950659 0.28722763
v 1.1094025 16.663353 -0.27696955
v -3.5929728 18.071758 0.9419045
v -3.2621694 19.369709 0.22895813
v -4.3590517 15.137265 -1.0084784
v -4.431537 14.867568 -1.684954
v -4.4321847 14.867568 -2.7887704
v -4.36049 15.137268 -3.4653304
v -4.1848526 15.788376 -0.7283573
v -4.1866193 15.788376 -3.7456563
v -3.6396892 17.827019 -0.3138013
v -3.3248067 19.012577 -3.7461624
v -3.5022173 18.342241 -0.7287576
v -3.3230376 19.012577 -0.7288626
v -3.149165 19.663685 -1.0091877
v -3.1506057 19.663685 -3.46604
v -3.0774703 19.933382 -1.6857482
v -3.0781176 19.933382 -2.7895644
v -2.3758235 16.119162 -3.5011668
v -0.87887526 18.415241 -3.9244316
v -2.5915146 18.969217 -3.950989
v -4.1844983 16.549126 -3.5043123
v -3.7305303 20.152151 -4.099451
v -4.4802375 22.061255 -4.3787107
v -6.869946 17.383308 -3.5404232
v -5.3173985 22.153479 -4.363019
v -5.971303 23.138767 -4.4974155
v -7.081284 22.501608 -4.354652
v -8.129093 19.444666 -3.8255699
v -7.5461817 21.5242 -4.180755
v -8.558839 21.06858 -4.0706916
v -8.555195 20.193373 -3.9302783
v -2.5448508 19.176645 -3.3454146
v -0.8322137 18.62267 -3.3188558
v -2.32916 16.326593 -2.8955932
v -4.1378355 16.756557 -2.8987381
v -3.6838691 20.359577 -3.4938762
v -4.433575 22.268686 -3.773137
v -6.8232827 17.590734 -2.934848
v -5.270735 22.360905 -3.7574434
v -5.9246416 23.346199 -3.891842
v -7.034623 22.709036 -3.7490776
v -8.082431 19.652092 -3.219996
v -7.499523 21.73163 -3.5751812
v -8.5121765 21.276009 -3.4651167
v -8.508532 20.400805 -3.3247032
v -8.129093 19.444666 -3.8255699
v -8.555195 20.193373 -3.9302783
v -8.508532 20.400805 -3.3247032
v -8.082431 19.652092 -3.219996
v -6.869946 17.383308 -3.5404232
v -6.8232827 17.590734 -2.934848
v -0.87887526 18.415241 -3.9244316
v -2.3758235 16.119162 -3.5011668
v -2.32916 16.326593 -2.8955932
v -0.8322137 18.62267 -3.3188558
v -5.3173985 22.153479 -4.363019
v -4.4802375 22.061255 -4.3787107
v -4.433575 22.268686 -3.773137
v -5.270735 22.360905 -3.7574434
v -4.1844983 16.549126 -3.5043123
v -6.869946 17.383308 -3.5404232
v -6.8232827 17.590734 -2.934848
v -4.1378355 16.756557 -2.8987381
v -5.971303 23.138767 -4.4974155
v -5.3173985 22.153479 -4.363019
v -5.270735 22.360905 -3.7574434
v -5.9246416 23.346199 -3.891842
v -2.3758235 16.119162 -3.5011668
v -4.1844983 16.549126 -3.5043123
v -4.1378355 16.756557 -2.8987381
v -2.32916 16.326593 -2.8955932
v -7.081284 22.501608 -4.354652
v -5.971303 23.138767 -4.4974155
v -5.9246416 23.346199 -3.891842
v -7.034623 22.709036 -3.7490776
v -7.5461817 21.5242 -4.180755
v -7.081284 22.501608 -4.354652
v -7.034623 22.709036 -3.7490776
v -7.499523 21.73163 -3.5751812
v -4.4802375 22.061255 -4.3787107
v -3.7305303 20.152151 -4.099451
v -3.6838691 20.359577 -3.4938762
v -4.433575 22.268686 -3.773137
v -8.558839 21.06858 -4.0706916
v -7.5461817 21.5242 -4.180755
v -7.499523 21.73163 -3.5751812
v -8.5121765 21.276009 -3.4651167
v -3.7305303 20.152151 -4.099451
v -2.5915146 18.969217 -3.950989
v -2.5448508 19.176645 -3.3454146
v -3.6838691 20.359577 -3.4938762
v -8.555195 20.193373 -3.9302783
v -8.558839 21.06858 -4.0706916
v -8.5121765 21.276009 -3.4651167
v -8.508532 20.400805 -3.3247032
v -2.5915146 18.969217 -3.950989
v -0.87887526 18.415241 -3.9244316
v -0.8322137 18.62267 -3.3188558
v -2.5448508 19.176645 -3.3454146
v -1.1314095 19.597687 -2.2982347
v -0.73443174 16.9076 -1.7525024
v -2.5188284 17.134727 -1.6813242
v -2.9510176 19.976515 -2.2569728
v -4.0461845 16.55586 -1.4558828
v -5.734568 20.363539 -2.1529012
v -5.52426 15.161754 -1.0603018
v -6.321821 15.432798 -1.0645547
v -7.7381907 19.04823 -1.7388854
v -7.326711 14.826096 -0.8681824
v -8.066601 15.866047 -1.0398827
v -8.07935 16.938366 -1.2671638
v -8.43761 18.557293 -1.5875987
v -8.806916 17.774511 -1.3963298
v -2.6039934 16.804316 -2.275404
v -0.81959707 16.57719 -2.3465831
v -1.2165763 19.267277 -2.8923135
v -3.0361812 19.64611 -2.851053
v -4.1313505 16.225449 -2.0499651
v -5.819737 20.033133 -2.7469802
v -5.6094236 14.831344 -1.6543819
v -6.406988 15.102388 -1.6586354
v -7.8233576 18.717817 -2.3329644
v -7.4118752 14.495685 -1.4622619
v -8.151765 15.535638 -1.6339626
v -8.164514 16.60796 -1.8612444
v -8.522776 18.226881 -2.1816783
v -8.89208 17.4441 -1.9904095
v -7.7381907 19.04823 -1.7388854
v -8.43761 18.557293 -1.5875987
v -8.522776 18.226881 -2.1816783
v -7.8233576 18.717817 -2.3329644
v -5.734568 20.363539 -2.1529012
v -5.819737 20.033133 -2.7469802
v -0.73443174 16.9076 -1.7525024
v -1.1314095 19.597687 -2.2982347
v -1.2165763 19.267277 -2.8923135
v -0.81959707 16.57719 -2.3465831
v -6.321821 15.432798 -1.0645547
v -5.52426 15.161754 -1.0603018
v -5.6094236 14.831344 -1.6543819
v -6.406988 15.102388 -1.6586354
v -2.9510176 19.976515 -2.2569728
v -5.734568 20.363539 -2.1529012
v -5.819737 20.033133 -2.7469802
v -3.0361812 19.64611 -2.851053
v -7.326711 14.826096 -0.8681824
v -6.321821 15.432798 -1.0645547
v -6.406988 15.102388 -1.6586354
v -7.4118752 14.495685 -1.4622619
v -1.1314095 19.597687 -2.2982347
v -2.9510176 19.976515 -2.2569728
v -3.0361812 19.64611 -2.851053
v -1.2165763 19.267277 -2.8923135
v -8.066601 15.866047 -1.0398827
v -7.326711 14.826096 -0.8681824
v -7.4118752 14.495685 -1.4622619
v -8.151765 15.535638 -1.6339626
v -8.07935 16.938366 -1.2671638
v -8.066601 15.866047 -1.0398827
v -8.151765 15.535638 -1.6339626
v -8.164514 16.60796 -1.8612444
v -5.52426 15.161754 -1.0603018
v -4.0461845 16.55586 -1.4558828
v -4.1313505 16.225449 -2.0499651
v -5.6094236 14.831344 -1.6543819
v -8.806916 17.774511 -1.3963298
v -8.07935 16.938366 -1.2671638
v -8.164514 16.60796 -1.8612444
v -8.89208 17.4441 -1.9904095
v -4.0461845 16.55586 -1.4558828
v -2.5188284 17.134727 -1.6813242
v -2.6039934 16.804316 -2.275404
v -4.1313505 16.225449 -2.0499651
v -8.43761 18.557293 -1.5875987
v -8.806916 17.774511 -1.3963298
v -8.89208 17.4441 -1.9904095
v -8.522776 18.226881 -2.1816783
v -2.5188284 17.134727 -1.6813242
v -0.73443174 16.9076 -1.7525024
v -0.81959707 16.57719 -2.3465831
v -2.6039934 16.804316 -2.275404
v -3.5403621 21.522814 -1.6343117
v -3.3785448 21.011703 -1.4624581
v -4.200402 20.909266 -1.3584738
v -4.654752 21.355438 -1.4830061
v -4.911325 20.531796 -1.1639568
v -5.545489 20.819696 -1.2165567
v -5.356832 19.981205 -0.9283737
v -5.420444 19.310028 -0.680226
v -5.788248 18.079346 -0.20477176
v -6.0465245 20.041042 -0.8938935
v -6.1303506 19.066246 -0.53418875
v -5.1103854 18.593477 -0.44606876
v -5.0304966 17.532284 -0.068413734
v -4.3681965 18.039265 -0.30585682
v -3.3785448 21.011703 -1.4624581
v -2.814112 19.2289 -0.863019
v -4.3681965 18.039265 -0.30585682
v -4.200402 20.909266 -1.3584738
v -4.911325 20.531796 -1.1639568
v -5.1103854 18.593477 -0.44606876
v -5.356832 19.981205 -0.9283737
v -5.420444 19.310028 -0.680226
v -5.1011386 17.218134 -0.93621206
v -4.438838 17.725119 -1.1736557
v -5.1810255 18.279331 -1.313867
v -5.8588896 17.765202 -1.0725715
v -5.491084 18.995882 -1.5480248
v -5.6161313 20.50555 -2.0843549
v -5.427474 19.667057 -1.7961727
v -4.981965 20.217648 -2.031754
v -6.1171684 19.72689 -1.7616917
v -6.2009907 18.7521 -1.4019859
v -4.7253904 21.041288 -2.3508043
v -4.271042 20.595114 -2.2262726
v -3.6110017 21.20867 -2.5021098
v -3.4491854 20.697557 -2.3302562
v -4.438838 17.725119 -1.1736557
v -2.884752 18.914753 -1.7308176
v -3.4491854 20.697557 -2.3302562
v -4.271042 20.595114 -2.2262726
v -4.981965 20.217648 -2.031754
v -5.1810255 18.279331 -1.313867
v -5.427474 19.667057 -1.7961727
v -5.491084 18.995882 -1.5480248
v -3.3785448 21.011703 -1.4624581
v -3.5403621 21.522814 -1.6343117
v -3.6110017 21.20867 -2.5021098
v -3.4491854 20.697557 -2.3302562
v -5.788248 18.079346 -0.20477176
v -5.0304966 17.532284 -0.068413734
v -5.1011386 17.218134 -0.93621206
v -5.8588896 17.765202 -1.0725715
v -6.1303506 19.066246 -0.53418875
v -6.2009907 18.7521 -1.4019859
v -6.0465245 20.041042 -0.8938935
v -6.1171684 19.72689 -1.7616917
v -5.545489 20.819696 -1.2165567
v -5.6161313 20.50555 -2.0843549
v -4.654752 21.355438 -1.4830061
v -4.7253904 21.041288 -2.3508043
v -3.5403621 21.522814 -1.6343117
v -3.6110017 21.20867 -2.5021098
v -5.0304966 17.532284 -0.068413734
v -4.3681965 18.039265 -0.30585682
v -4.438838 17.725119 -1.1736557
v -5.1011386 17.218134 -0.93621206
v -2.814112 19.2289 -0.863019
v -3.3785448 21.011703 -1.4624581
v -3.4491854 20.697557 -2.3302562
v -2.884752 18.914753 -1.7308176
v -4.3681965 18.039265 -0.30585682
v -2.814112 19.2289 -0.863019
v -2.884752 18.914753 -1.7308176
v -4.438838 17.725119 -1.1736557
v -3.3775601 18.859215 -0.6458177
v -3.222568 18.317982 -0.6459086
v -4.048531 18.197418 -0.6454239
v -4.49793 18.665447 -0.64516103
v -4.767159 17.785944 -0.64500296
v -5.3992243 18.083126 -0.64463234
v -5.222009 17.194134 -0.644736
v -5.2954655 16.4795 -0.64469314
v -5.6821375 15.165573 -0.6444662
v -5.913052 17.248005 -0.6443312
v -6.0111527 16.210209 -0.6442736
v -4.99471 15.721895 -0.64486945
v -4.9298124 14.594543 -0.64490724
v -4.258104 15.143047 -0.6453014
v -3.222568 18.317982 -0.6459086
v -2.6819408 16.430122 -0.64622563
v -4.258104 15.143047 -0.6453014
v -4.048531 18.197418 -0.6454239
v -4.767159 17.785944 -0.64500296
v -4.99471 15.721895 -0.64486945
v -5.222009 17.194134 -0.644736
v -5.2954655 16.4795 -0.64469314
v -3.222568 18.317982 -0.6459086
v -3.3775601 18.859215 -0.6458177
v -3.3781025 18.859215 -1.5714266
v -3.2231112 18.317982 -1.5715176
v -5.6821375 15.165573 -0.6444662
v -4.9298124 14.594543 -0.64490724
v -4.930355 14.594543 -1.5705165
v -5.6826806 15.165573 -1.5700755
v -6.0111527 16.210209 -0.6442736
v -6.0116954 16.210209 -1.5698828
v -5.913052 17.248005 -0.6443312
v -5.9135957 17.248005 -1.5699397
v -5.3992243 18.083126 -0.64463234
v -5.399766 18.083126 -1.5702413
v -4.49793 18.665447 -0.64516103
v -4.498473 18.665447 -1.5707703
v -3.3775601 18.859215 -0.6458177
v -3.3781025 18.859215 -1.5714266
v -4.9298124 14.594543 -0.64490724
v -4.258104 15.143047 -0.6453014
v -4.2586465 15.143047 -1.5709106
v -4.930355 14.594543 -1.5705165
v -2.6819408 16.430122 -0.64622563
v -3.222568 18.317982 -0.6459086
v -3.2231112 18.317982 -1.5715176
v -2.6824834 16.430122 -1.5718348
v -4.258104 15.143047 -0.6453014
v -2.6819408 16.430122 -0.64622563
v -2.6824834 16.430122 -1.5718348
v -4.2586465 15.143047 -1.5709106
v -3.9307103 19.269619 -2.141226
v -3.7690225 18.732738 -2.1919093
v -4.590908 18.597078 -2.1384847
v -5.0451474 19.055466 -2.0709372
v -5.301933 18.173307 -2.1141086
v -5.9360294 18.457888 -2.0451448
v -5.747583 17.574598 -2.122577
v -5.811369 16.860516 -2.1685843
v -6.179489 15.542906 -2.2342515
v -6.4372654 17.615421 -2.0667207
v -6.521341 16.578592 -2.1341774
v -5.501494 16.110565 -2.2458339
v -5.4218774 14.987454 -2.332009
v -4.759442 15.547021 -2.3429732
v -3.7690225 18.732738 -2.1919093
v -3.2050447 16.860046 -2.3687034
v -4.759442 15.547021 -2.3429732
v -4.590908 18.597078 -2.1384847
v -5.301933 18.173307 -2.1141086
v -5.501494 16.110565 -2.2458339
v -5.747583 17.574598 -2.122577
v -5.811369 16.860516 -2.1685843
v -5.4925494 15.053076 -3.2525811
v -4.830115 15.612649 -3.2635438
v -5.572164 16.17619 -3.166406
v -6.250161 15.608532 -3.1548223
v -5.882039 16.92614 -3.0891564
v -6.0066986 18.523512 -2.965716
v -5.818258 17.64022 -3.043148
v -5.3726063 18.238928 -3.0346813
v -6.5079374 17.681047 -2.9872928
v -6.592009 16.644218 -3.054748
v -5.1158175 19.121086 -2.9915087
v -4.6615796 18.6627 -3.059057
v -4.0013814 19.335243 -3.0617971
v -3.8396928 18.798363 -3.1124816
v -4.830115 15.612649 -3.2635438
v -3.275716 16.92567 -3.289275
v -3.8396928 18.798363 -3.1124816
v -4.6615796 18.6627 -3.059057
v -5.3726063 18.238928 -3.0346813
v -5.572164 16.17619 -3.166406
v -5.818258 17.64022 -3.043148
v -5.882039 16.92614 -3.0891564
v -3.7690225 18.732738 -2.1919093
v -3.9307103 19.269619 -2.141226
v -4.0013814 19.335243 -3.0617971
v -3.8396928 18.798363 -3.1124816
v -6.179489 15.542906 -2.2342515
v -5.4218774 14.987454 -2.332009
v -5.4925494 15.053076 -3.2525811
v -6.250161 15.608532 -3.1548223
v -6.521341 16.578592 -2.1341774
v -6.592009 16.644218 -3.054748
v -6.4372654 17.615421 -2.0667207
v -6.5079374 17.681047 -2.9872928
v -5.9360294 18.457888 -2.0451448
v -6.0066986 18.523512 -2.965716
v -5.0451474 19.055466 -2.0709372
v -5.1158175 19.121086 -2.9915087
v -3.9307103 19.269619 -2.141226
v -4.0013814 19.335243 -3.0617971
v -5.4218774 14.987454 -2.332009
v -4.759442 15.547021 -2.3429732
v -4.830115 15.612649 -3.2635438
v -5.4925494 15.053076 -3.2525811
v -3.2050447 16.860046 -2.3687034
v -3.7690225 18.732738 -2.1919093
v -3.8396928 18.798363 -3.1124816
v -3.275716 16.92567 -3.289275
v -4.759442 15.547021 -2.3429732
v -3.2050447 16.860046 -2.3687034
v -3.275716 16.92567 -3.289275
v -4.830115 15.612649 -3.2635438
v -5.976384 12.353467 1.3808675
v -5.980834 12.353467 -6.2088065
v -5.6072083 11.417037 -5.7628026
v -5.222765 12.353467 -6.9852104
v -5.603196 11.417037 1.0787449
v -4.8501115 11.417037 -6.5383854
v -5.151403 12.353467 2.204886
v 8.316467 11.417037 -6.546117
v -4.8227453 11.417037 1.8582826
v 8.623454 12.353465 -6.9540873
v 8.450438 12.353467 2.19691
v 8.979181 11.417037 -5.6643033
v 8.2035885 11.417037 1.8506445
v 9.323979 12.353465 -6.02196
v 9.274451 12.353467 1.3719254
v 8.983125 11.417037 1.0701926
v -6.6699305 10.550673 -8.217856
v 9.808527 12.353465 -8.528993
v -6.6676226 12.353467 -8.542192
v -7.42307 12.353467 -7.7744102
v 9.808527 10.550673 -8.528993
v -7.422872 10.550673 -7.4377885
v 10.6550255 12.353465 -7.4026337
v -7.4170175 10.550673 2.547162
v 10.6550255 10.550673 -7.4026337
v -7.4170175 12.353467 2.547162
v 10.660847 12.353467 2.5365617
v -6.420128 10.550673 3.542883
v 10.660847 10.550673 2.5365617
v -6.420128 12.353467 3.542883
v 9.665129 12.353467 3.5334508
v 9.665129 10.550673 3.5334508
v -7.4170175 12.353467 2.547162
v -7.42307 12.353467 -7.7744102
v -5.980834 12.353467 -6.2088065
v -6.6676226 12.353467 -8.542192
v -5.976384 12.353467 1.3808675
v -5.222765 12.353467 -6.9852104
v -6.420128 12.353467 3.542883
v 8.623454 12.353465 -6.9540873
v -5.151403 12.353467 2.204886
v 9.808527 12.353465 -8.528993
v 9.665129 12.353467 3.5334508
v 9.323979 12.353465 -6.02196
v 8.450438 12.353467 2.19691
v 10.6550255 12.353465 -7.4026337
v 10.660847 12.353467 2.5365617
v 9.274451 12.353467 1.3719254
v -3.0442324 20.14247 -5.0575953
v -4.9360914 15.529058 -4.2675934
v -4.549207 14.50868 -5.059451
v -4.852829 13.36963 -4.5695143
v -3.8176048 19.713531 -4.2682486
v -5.1617465 14.684026 -3.9037764
v -2.7410042 21.279236 -4.5675945
v -5.2547956 14.334 -3.0257137
v -3.5915189 20.558563 -3.9046972
v -4.977939 12.897678 -3.3859627
v -2.6150599 21.750086 -3.3854625
v -5.253955 14.334 -1.5931448
v -3.4974434 20.90858 -3.0267448
v -4.9766626 12.897637 -1.4547247
v -2.613882 21.750061 -1.456835
v -5.159877 14.684023 -0.7151911
v -3.496604 20.90858 -1.5941747
v -4.849884 13.3695 -0.27128482
v -2.7383797 21.279175 -0.2746172
v -4.9337974 15.529056 -0.35164034
v -3.589649 20.558563 -0.7161117
v -4.545393 14.508442 0.21840763
v -3.0410802 20.142437 0.21559334
v -4.2262692 18.174875 0.18638325
v -3.815309 19.713531 -0.35229594
v -3.5929728 18.071758 0.9419045
v -3.2621694 19.369709 0.22895813
v -4.047854 18.843544 -0.35215938
v 5.767564 6.9938426 3.2790117
v 6.0043836 6.797272 3.0363348
v 6.0043836 4.4997125 3.0363348
v 7.4448886 6.797272 3.03549
v 5.767564 4.3031425 3.2790117
v 7.689663 6.9938426 3.2778845
v 7.689663 4.3031425 3.2778845
v 7.4448886 4.4997125 3.03549
v -5.923452 10.550673 -7.66194
v 9.808527 10.550673 -8.528993
v -6.6699305 10.550673 -8.217856
v -7.422872 10.550673 -7.4377885
v 9.203754 10.550673 -7.7252774
v -6.687124 10.550673 -7.078024
v 10.6550255 10.550673 -7.4026337
v -6.6818285 10.550673 1.9519725
v 9.9757595 10.550673 -6.6980405
v -7.4170175 10.550673 2.547162
v 10.660847 10.550673 2.5365617
v -5.772666 10.550673 2.8600676
v 9.980826 10.550673 1.9422026
v -6.420128 10.550673 3.542883
v 9.665129 10.550673 3.5334508
v 9.07273 10.550673 2.8513632
v -4.093651 6.9938426 3.2847936
v -3.8568304 6.797272 3.0421166
v -3.8568304 4.4997125 3.0421166
v -2.416325 6.797272 3.0412717
v -4.093651 4.3031425 3.2847936
v -2.1715496 6.9938426 3.2836666
v -2.1715496 4.3031425 3.2836666
v -2.416325 4.4997125 3.0412717
v 9.351642 2.4667692 4.887765
v 9.761713 2.5696564 5.406501
v 9.570204 2.4667692 5.5473514
v 9.589367 2.5696564 4.886381
v 9.562521 2.4667692 4.225681
v 10.206864 2.5696564 5.7259855
v 10.134718 2.4667692 5.952504
v 9.755655 2.5696564 4.364294
v 10.122285 2.4667692 3.8139932
v 10.7547865 2.5696564 5.722799
v 10.829563 2.4667692 5.948463
v 10.197061 2.5696564 4.0396547
v 10.81713 2.4667692 3.8099532
v 11.196191 2.5696564 5.398163
v 11.389328 2.4667692 5.536777
v 10.744982 2.5696564 4.0364695
v 11.381644 2.4667692 4.215105
v 11.36248 2.5696564 4.876074
v 11.600206 2.4667692 4.874693
v 11.190133 2.5696564 4.355953
v 10.62273 2.7021205 5.324275
v 10.855112 2.7021205 5.153369
v 10.475922 2.7021205 4.8812246
v 10.334274 2.7021205 5.3259535
v 10.942655 2.7021205 4.8785114
v 10.851922 2.7021205 4.6046906
v 10.099921 2.7021205 5.1577587
v 10.617571 2.7021205 4.4364977
v 10.00919 2.7021205 4.883938
v 10.329112 2.7021205 4.4381742
v 10.096734 2.7021205 4.609082
v 11.554798 2.6518207 5.655534
v 11.600206 2.4667692 4.874693
v 11.803878 2.6518207 4.8735065
v 11.389328 2.4667692 5.536777
v 11.381644 2.4667692 4.215105
v 10.893625 2.6518207 6.141801
v 11.545721 2.6518207 4.094431
v 10.829563 2.4667692 5.948463
v 10.81713 2.4667692 3.8099532
v 10.0729065 2.6518207 6.1465707
v 10.878941 2.6518207 3.6158834
v 10.134718 2.4667692 5.952504
v 10.122285 2.4667692 3.8139932
v 9.406124 2.6518207 5.668023
v 10.058222 2.6518207 3.6206539
v 9.570204 2.4667692 5.5473514
v 9.562521 2.4667692 4.225681
v 9.147969 2.6518207 4.8889484
v 9.397049 2.6518207 4.1069217
v 9.351642 2.4667692 4.887765
v 11.882606 2.5371137 5.8908024
v 11.554798 2.6518207 5.655534
v 11.803878 2.6518207 4.8735065
v 12.207367 2.5371137 4.8711624
v 11.020542 2.5371137 6.524818
v 11.545721 2.6518207 4.094431
v 10.893625 2.6518207 6.141801
v 11.870771 2.5371137 3.855371
v 9.950453 2.5371137 6.5310383
v 10.878941 2.6518207 3.6158834
v 10.0729065 2.6518207 6.1465707
v 11.001396 2.5371137 3.2314193
v 9.081076 2.5371137 5.9070854
v 10.058222 2.6518207 3.6206539
v 9.406124 2.6518207 5.668023
v 9.931306 2.5371137 3.2376409
v 8.744481 2.5371137 4.8912945
v 9.397049 2.6518207 4.1069217
v 9.147969 2.6518207 4.8889484
v 9.069242 2.5371137 3.8716571
v 9.069242 2.00981 3.8716571
v 8.744481 2.5371137 4.8912945
v 8.744481 2.00981 4.8912945
v 9.069242 2.5371137 3.8716571
v 9.081076 2.5371137 5.9070854
v 9.931306 2.00981 3.2376409
v 9.081076 2.00981 5.9070854
v 9.931306 2.5371137 3.2376409
v 9.950453 2.5371137 6.5310383
v 11.001396 2.00981 3.2314193
v 9.950453 2.00981 6.5310383
v 11.001396 2.5371137 3.2314193
v 11.020542 2.5371137 6.524818
v 11.870771 2.00981 3.855371
v 11.020542 2.00981 6.524818
v 11.870771 2.5371137 3.855371
v 11.882606 2.5371137 5.8908024
v 12.207367 2.00981 4.8711624
v 11.882606 2.00981 5.8908024
v 12.207367 2.5371137 4.8711624
v 11.649772 1.9189874 4.017907
v 11.001396 2.00981 3.2314193
v 10.9181385 1.9189874 3.4928143
v 11.870771 2.00981 3.855371
v 9.931306 2.00981 3.2376409
v 11.933037 1.9189874 4.872757
v 10.017595 1.9189874 3.4980495
v 12.207367 2.00981 4.8711624
v 9.069242 2.00981 3.8716571
v 11.659731 1.9189874 5.7308445
v 9.292116 1.9189874 4.0316124
v 11.882606 2.00981 5.8908024
v 8.744481 2.00981 4.8912945
v 10.934252 1.9189874 6.264407
v 9.018809 1.9189874 4.889699
v 11.020542 2.00981 6.524818
v 9.081076 2.00981 5.9070854
v 10.033709 1.9189874 6.2696414
v 9.302075 1.9189874 5.7445474
v 9.950453 2.00981 6.5310383
v 11.962524 1.1156107 3.7878911
v 10.9181385 1.9189874 3.4928143
v 11.03596 1.1156107 3.1228979
v 11.649772 1.9189874 4.017907
v 10.017595 1.9189874 3.4980495
v 12.321259 1.1156107 4.8705015
v 9.895482 1.1156107 3.1295269
v 11.933037 1.9189874 4.872757
v 9.292116 1.9189874 4.0316124
v 11.975135 1.1156107 5.957211
v 8.976711 1.1156107 3.805249
v 11.659731 1.9189874 5.7308445
v 9.018809 1.9189874 4.889699
v 11.056367 1.1156107 6.6329327
v 8.630589 1.1156107 4.891958
v 10.934252 1.9189874 6.264407
v 9.302075 1.9189874 5.7445474
v 9.915889 1.1156107 6.6395617
v 8.989323 1.1156107 5.974567
v 10.033709 1.9189874 6.2696414
v -9.455351 2.872084 8.2719965
v -8.923656 2.9937377 8.845233
v -9.13627 2.872084 9.029101
v -9.175268 2.9937377 8.248214
v -9.268476 2.872084 7.471933
v -8.369178 2.9937377 9.180338
v -8.43311 2.872084 9.454065
v -9.027906 2.9937377 7.6173224
v -8.647028 2.872084 6.9345083
v -7.723624 2.9937377 9.125528
v -7.614457 2.872084 9.384558
v -8.537861 2.9937377 7.193534
v -7.828374 2.872084 6.865003
v -7.233579 2.9937377 8.701744
v -6.993009 2.872084 8.847136
v -7.89231 2.9937377 7.1387253
v -7.1252165 2.872084 7.289965
v -7.0862193 2.9937377 8.070849
v -6.8061333 2.872084 8.047071
v -7.337831 2.9937377 7.47383
v -7.9164157 3.1503637 8.668083
v -7.658427 3.1503637 8.44498
v -8.130746 3.1503637 8.159529
v -8.256269 3.1503637 8.696939
v -7.580848 3.1503637 8.112842
v -7.713311 3.1503637 7.798537
v -8.548178 3.1503637 8.520521
v -8.00522 3.1503637 7.622119
v -8.68064 3.1503637 8.206216
v -8.345075 3.1503637 7.6509733
v -8.60306 3.1503637 7.8740788
v -6.786901 3.0908892 8.971699
v -6.8061333 2.872084 8.047071
v -6.5661716 3.0908892 8.026695
v -6.993009 2.872084 8.847136
v -7.1252165 2.872084 7.289965
v -7.5209317 3.0908892 9.60648
v -6.9430594 3.0908892 7.1324353
v -7.614457 2.872084 9.384558
v -7.828374 2.872084 6.865003
v -8.487886 3.0908892 9.688575
v -7.7735987 3.0908892 6.630488
v -8.43311 2.872084 9.454065
v -8.647028 2.872084 6.9345083
v -9.318429 3.0908892 9.186628
v -8.740555 3.0908892 6.712584
v -9.13627 2.872084 9.029101
v -9.268476 2.872084 7.471933
v -9.695315 3.0908892 8.292368
v -9.474586 3.0908892 7.3473663
v -9.455351 2.872084 8.2719965
v -6.378584 2.9552596 9.218472
v -6.786901 3.0908892 8.971699
v -6.5661716 3.0908892 8.026695
v -6.0907884 2.9552596 7.9863358
v -7.335644 2.9552596 10.046125
v -6.9430594 3.0908892 7.1324353
v -7.5209317 3.0908892 9.60648
v -6.5821896 2.9552596 6.8203616
v -8.596401 2.9552596 10.153166
v -7.7735987 3.0908892 6.630488
v -8.487886 3.0908892 9.688575
v -7.665083 2.9552596 6.165901
v -9.6792965 2.9552596 9.498704
v -8.740555 3.0908892 6.712584
v -9.318429 3.0908892 9.186628
v -8.925842 2.9552596 6.2729435
v -10.170698 2.9552596 8.332729
v -9.474586 3.0908892 7.3473663
v -9.695315 3.0908892 8.292368
v -9.882902 2.9552596 7.100598
v -9.882902 2.3317752 7.100598
v -10.170698 2.9552596 8.332729
v -10.170698 2.3317752 8.332729
v -9.882902 2.9552596 7.100598
v -9.6792965 2.9552596 9.498704
v -8.925842 2.3317752 6.2729435
v -9.6792965 2.3317752 9.498704
v -8.925842 2.9552596 6.2729435
v -8.596401 2.9552596 10.153166
v -7.665083 2.3317752 6.165901
v -8.596401 2.3317752 10.153166
v -7.665083 2.9552596 6.165901
v -7.335644 2.9552596 10.046125
v -6.5821896 2.3317752 6.8203616
v -7.335644 2.3317752 10.046125
v -6.5821896 2.9552596 6.8203616
v -6.378584 2.9552596 9.218472
v -6.0907884 2.3317752 7.9863358
v -6.378584 2.3317752 9.218472
v -6.0907884 2.9552596 7.9863358
v -6.827542 2.2243865 7.032539
v -7.665083 2.3317752 6.165901
v -7.7388625 2.2243865 6.481771
v -6.5821896 2.3317752 6.8203616
v -8.925842 2.3317752 6.2729435
v -6.413998 2.2243865 8.013777
v -8.799866 2.2243865 6.5718527
v -6.0907884 2.3317752 7.9863358
v -9.882902 2.3317752 7.100598
v -6.656196 2.2243865 9.050692
v -9.60529 2.2243865 7.2683744
v -6.378584 2.3317752 9.218472
v -10.170698 2.3317752 8.332729
v -7.46162 2.2243865 9.747213
v -9.847488 2.2243865 8.305287
v -7.335644 2.3317752 10.046125
v -9.6792965 2.3317752 9.498704
v -8.522623 2.2243865 9.837294
v -9.433943 2.2243865 9.286525
v -8.596401 2.3317752 10.153166
v -6.480326 1.274473 6.732272
v -7.7388625 2.2243865 6.481771
v -7.634452 1.274473 6.034764
v -6.827542 2.2243865 7.032539
v -8.799866 2.2243865 6.5718527
v -5.9566026 1.274473 7.974944
v -8.978143 1.274473 6.1488442
v -6.413998 2.2243865 8.013777
v -9.60529 2.2243865 7.2683744
v -6.2633286 1.274473 9.288127
v -9.9981575 1.274473 7.0309434
v -6.656196 2.2243865 9.050692
v -9.847488 2.2243865 8.305287
v -7.2833414 1.274473 10.170224
v -10.304883 1.274473 8.344123
v -7.46162 2.2243865 9.747213
v -9.433943 2.2243865 9.286525
v -8.627031 1.274473 10.284304
v -9.781159 1.274473 9.586796
v -8.522623 2.2243865 9.837294
v -5.575993 3.3804326 5.4924912
v -5.1979628 3.522015 6.3201838
v -5.500079 3.3804326 6.4456577
v -5.25782 3.522015 5.56856
v -5.077146 3.3804326 4.6767416
v -4.707741 3.522015 6.8930783
v -4.8784094 3.3804326 7.1721706
v -4.8644547 3.522015 4.9252996
v -4.194087 3.3804326 4.309999
v -3.9744034 3.522015 7.068413
v -3.9484313 3.3804326 7.3945193
v -4.168116 3.522015 4.636103
v -3.2641094 3.3804326 4.5323496
v -3.2780645 3.522015 6.7792172
v -3.0653737 3.3804326 7.02778
v -3.434779 3.522015 4.811437
v -2.6424391 3.3804326 5.2588596
v -2.884698 3.522015 6.1359563
v -2.5665264 3.3804326 6.2120304
v -2.9445565 3.522015 5.3843307
v -4.0202703 3.7042992 6.4925046
v -3.6536782 3.7042992 6.340258
v -4.071262 3.7042992 5.8522534
v -4.4063396 3.7042992 6.4002
v -3.4465883 3.7042992 6.0016074
v -3.4781003 3.7042992 5.6059103
v -4.66442 3.7042992 6.0985966
v -3.7361805 3.7042992 5.3043084
v -4.6959324 3.7042992 5.702899
v -4.1222506 3.7042992 5.212002
v -4.4888415 3.7042992 5.3642516
v -2.8831496 3.6350813 7.2407317
v -2.5665264 3.3804326 6.2120304
v -2.293933 3.6350813 6.2772007
v -3.0653737 3.3804326 7.02778
v -2.6424391 3.3804326 5.2588596
v -3.9261827 3.6350813 7.6739097
v -2.3835983 3.6350813 5.1513596
v -3.9484313 3.3804326 7.3945193
v -3.2641094 3.3804326 4.5323496
v -5.0246296 3.6350813 7.4112797
v -3.11789 3.6350813 4.2932353
v -4.8784094 3.3804326 7.1721706
v -4.194087 3.3804326 4.309999
v -5.758922 3.6350813 6.5531554
v -4.2163367 3.6350813 4.030606
v -5.500079 3.3804326 6.4456577
v -5.077146 3.3804326 4.6767416
v -5.8485875 3.6350813 5.4273133
v -5.2593694 3.6350813 4.4637856
v -5.575993 3.3804326 5.4924912
v -2.522152 3.4772344 7.662611
v -2.8831496 3.6350813 7.2407317
v -2.293933 3.6350813 6.2772007
v -1.7539064 3.4772344 6.4063196
v -3.8821013 3.4772344 8.227408
v -2.3835983 3.6350813 5.1513596
v -3.9261827 3.6350813 7.6739097
v -1.8708155 3.4772344 4.9384003
v -5.3143034 3.4772344 7.8849797
v -3.11789 3.6350813 4.2932353
v -5.0246296 3.6350813 7.4112797
v -2.8282156 3.4772344 3.8195412
v -6.2717023 3.4772344 6.7661185
v -4.2163367 3.6350813 4.030606
v -5.758922 3.6350813 6.5531554
v -4.260417 3.4772344 3.4771128
v -6.388612 3.4772344 5.298199
v -5.2593694 3.6350813 4.4637856
v -5.8485875 3.6350813 5.4273133
v -5.6203666 3.4772344 4.0419116
v -5.6203666 2.7516136 4.0419116
v -6.388612 3.4772344 5.298199
v -6.388612 2.7516136 5.298199
v -5.6203666 3.4772344 4.0419116
v -6.2717023 3.4772344 6.7661185
v -4.260417 2.7516136 3.4771128
v -6.2717023 2.7516136 6.7661185
v -4.260417 3.4772344 3.4771128
v -5.3143034 3.4772344 7.8849797
v -2.8282156 2.7516136 3.8195412
v -5.3143034 2.7516136 7.8849797
v -2.8282156 3.4772344 3.8195412
v -3.8821013 3.4772344 8.227408
v -1.8708155 2.7516136 4.9384003
v -3.8821013 2.7516136 8.227408
v -1.8708155 3.4772344 4.9384003
v -2.522152 3.4772344 7.662611
v -1.7539064 2.7516136 6.4063196
v -2.522152 2.7516136 7.662611
v -1.7539064 3.4772344 6.4063196
v -2.2194543 2.6266332 5.08319
v -2.8282156 2.7516136 3.8195412
v -3.0251641 2.6266332 4.141604
v -1.8708155 2.7516136 4.9384003
v -4.260417 2.7516136 3.4771128
v -2.1210675 2.6266332 6.318534
v -4.2304473 2.6266332 3.8534288
v -1.7539064 2.7516136 6.4063196
v -5.6203666 2.7516136 4.0419116
v -2.7675924 2.6266332 7.3757772
v -5.374927 2.6266332 4.3287416
v -2.522152 2.7516136 7.662611
v -6.388612 2.7516136 5.298199
v -3.912072 2.6266332 7.851088
v -6.0214515 2.6266332 5.385983
v -3.8821013 2.7516136 8.227408
v -6.2717023 2.7516136 6.7661185
v -5.1173553 2.6266332 7.562915
v -5.923065 2.6266332 6.6213236
v -5.3143034 2.7516136 7.8849797
v -1.726071 1.5211112 4.8782883
v -3.0251641 2.6266332 4.141604
v -2.7464504 1.5211112 3.6858315
v -2.2194543 2.6266332 5.08319
v -4.2304473 2.6266332 3.8534288
v -1.6014733 1.5211112 6.442767
v -4.27286 1.5211112 3.320878
v -2.1210675 2.6266332 6.318534
v -5.374927 2.6266332 4.3287416
v -2.4202516 1.5211112 7.7816935
v -5.722267 1.5211112 3.9228282
v -2.7675924 2.6266332 7.3757772
v -6.0214515 2.6266332 5.385983
v -3.8696594 1.5211112 8.383643
v -6.541045 1.5211112 5.261756
v -3.912072 2.6266332 7.851088
v -5.923065 2.6266332 6.6213236
v -5.396068 1.5211112 8.01869
v -6.4164476 1.5211112 6.826233
v -5.1173553 2.6266332 7.562915
v -4.2262692 18.174875 0.18638325
v -3.6396892 17.827019 -0.3138013
v -3.5022173 18.342241 -0.7287576
v -4.047854 18.843544 -0.35215938
v -4.9337974 15.529056 -0.35164034
v -3.3230376 19.012577 -0.7288626
v -4.1848526 15.788376 -0.7283573
v -3.815309 19.713531 -0.35229594
v -5.159877 14.684023 -0.7151911
v -3.149165 19.663685 -1.0091877
v -4.3590517 15.137265 -1.0084784
v -3.589649 20.558563 -0.7161117
v -5.253955 14.334 -1.5931448
v -3.0774703 19.933382 -1.6857482
v -4.431537 14.867568 -1.684954
v -3.496604 20.90858 -1.5941747
v -5.2547956 14.334 -3.0257137
v -3.0781176 19.933382 -2.7895644
v -4.4321847 14.867568 -2.7887704
v -3.4974434 20.90858 -3.0267448
v -5.1617465 14.684026 -3.9037764
v -3.1506057 19.663685 -3.46604
v -4.36049 15.137268 -3.4653304
v -3.5915189 20.558563 -3.9046972
v -4.9360914 15.529058 -4.2675934
v -3.3248067 19.012577 -3.7461624
v -4.1866193 15.788376 -3.7456563
v -3.8176048 19.713531 -4.2682486
v -9.079041 2.2739 -4.5087004
v -9.0786085 1.4918526 -3.7657223
v -8.222671 1.4918526 -3.488164
v -7.786306 2.2739 -4.0895004
v -10.371284 2.2739 -4.087985
v -7.693339 1.4918526 -2.7605033
v -9.934222 1.4918526 -3.4871602
v -6.986852 2.2739 -2.9905062
v -11.169447 2.2739 -2.9880536
v -7.6928115 1.4918526 -1.8606896
v -10.462698 1.4918526 -2.7588794
v -6.9860554 2.2739 -1.631507
v -11.168651 2.2739 -1.6290555
v -8.22129 1.4918526 -1.132409
v -10.462169 1.4918526 -1.8590658
v -7.7842216 2.2739 -0.5315757
v -10.369197 2.2739 -0.5300605
v -9.0769005 1.4918526 -0.8538468
v -9.932842 1.4918526 -1.1314056
v -9.076462 2.2739 -0.110860825
v -10.808795 3.3985748 -2.8711135
v -10.53179 2.9715917 -1.8364086
v -10.808138 3.3985748 -1.7464334
v -10.532344 2.9715917 -2.781473
v -9.9758415 2.9715917 -1.0721538
v -10.148254 3.3985748 -3.7813957
v -10.146527 3.3985748 -0.8369274
v -9.977292 2.9715917 -3.5463796
v -9.076857 2.9715917 -0.78063893
v -9.078818 3.3985748 -4.129572
v -9.076685 3.3985748 -0.49000666
v -9.078649 2.9715917 -3.8389504
v -8.178215 2.9715917 -1.0732079
v -8.008979 3.3985748 -3.7826505
v -8.007251 3.3985748 -0.83818096
v -8.179664 2.9715917 -3.5474336
v -7.6231637 2.9715917 -1.8381143
v -7.347365 3.3985748 -2.8731434
v -7.3467064 3.3985748 -1.7484629
v -7.6237183 2.9715917 -2.7831786
v -9.076395 3.3985748 0.009613752
v -8.007251 3.3985748 -0.83818096
v -7.7133536 3.3985748 -0.43415114
v -9.076685 3.3985748 -0.49000666
v -7.3467064 3.3985748 -1.7484629
v -10.439956 3.3985748 -0.4325521
v -6.87146 3.3985748 -1.5943451
v -10.146527 3.3985748 -0.8369274
v -7.347365 3.3985748 -2.8731434
v -11.283208 3.3985748 -1.5917579
v -6.8723 3.3985748 -3.0278008
v -10.808138 3.3985748 -1.7464334
v -8.008979 3.3985748 -3.7826505
v -11.284047 3.3985748 -3.0252144
v -7.715553 3.3985748 -4.1870074
v -10.808795 3.3985748 -2.8711135
v -9.078818 3.3985748 -4.129572
v -10.442156 3.3985748 -4.1854086
v -9.079114 3.3985748 -4.629174
v -10.148254 3.3985748 -3.7813957
v 7.689663 4.3031425 3.2778845
v 7.689663 6.9938426 3.2778845
v 8.219754 7.4703116 3.3310375
v 8.219754 3.8266761 3.3310375
v 5.216785 7.4703107 3.332799
v 5.767564 4.3031425 3.2790117
v 5.767564 6.9938426 3.2790117
v 5.216785 3.8266761 3.332799
v 6.082084 3.2488556 3.3996353
v 6.560687 3.246191 3.2155886
v 6.7361917 3.4932344 3.4568498
v 6.5176682 3.44359 3.5408826
v 6.3616056 3.246191 3.8295217
v 6.8834248 3.44359 3.2748168
v 6.8831553 3.2488556 2.8169038
v 7.0308733 3.4932344 3.4566774
v 7.206094 3.246191 3.2152104
v 7.2494946 3.44359 3.5404537
v 7.6849113 3.2488556 3.398695
v 7.1220994 3.4932344 3.7368834
v 7.4058948 3.246191 3.8289099
v 6.6452947 3.4932344 3.7371635
v 6.388747 3.2488556 4.3415756
v 7.10998 3.44359 3.9706945
v 7.3793516 3.2488556 4.340995
v 6.8837976 3.4932344 3.9102325
v 6.8839707 3.246191 4.2085776
v 6.657687 3.44359 3.9709592
v -2.1715496 4.3031425 3.2836666
v -2.1715496 6.9938426 3.2836666
v -1.6414587 7.4703116 3.33682
v -1.6414587 3.8266761 3.33682
v -4.644429 7.4703107 3.33858
v -4.093651 4.3031425 3.2847936
v -4.093651 6.9938426 3.2847936
v -4.644429 3.8266761 3.33858
v 3.4069643 0.58726406 3.3223758
v 3.4069643 4.1139827 3.3223758
v 3.9441884 4.5405874 3.3869426
v 3.9441884 -0.004975319 3.3869426
v 3.317903 5.591854 3.38731
v 0.37338302 0.58726406 3.3241544
v 2.9444768 4.9296193 3.3226461
v -0.16376197 -0.004975319 3.3893514
v 2.3583481 6.155335 3.3878732
v 0.37338302 4.1139827 3.3241544
v 2.2358773 5.3668013 3.3230617
v -0.16376197 4.5405874 3.3893514
v 1.4220763 6.155335 3.3884215
v 0.83587384 4.9296193 3.323882
v 1.5444734 5.3668013 3.3234673
v 0.46252283 5.591854 3.388984
v 11.03596 0.45073733 3.1228979
v 11.03596 1.1156107 3.1228979
v 9.895482 1.1156107 3.1295269
v 9.895482 0.45073733 3.1295269
v 8.976711 1.1156107 3.805249
v 11.962524 0.45073733 3.7878911
v 11.962524 1.1156107 3.7878911
v 8.976711 0.45073733 3.805249
v 8.630589 1.1156107 4.891958
v 12.321259 0.45073733 4.8705015
v 12.321259 1.1156107 4.8705015
v 8.630589 0.45073733 4.891958
v 8.989323 1.1156107 5.974567
v 11.975135 0.45073733 5.957211
v 11.975135 1.1156107 5.957211
v 8.989323 0.45073733 5.974567
v 9.915889 1.1156107 6.6395617
v 11.056367 0.45073733 6.6329327
v 11.056367 1.1156107 6.6329327
v 9.915889 0.45073733 6.6395617
v 12.024377 0.034844875 4.872226
v 11.723358 0.034844875 3.9637878
v 11.733941 0.034844875 5.7841043
v 10.962984 0.034844875 6.3511133
v 10.945859 0.034844875 3.4057784
v 10.005987 0.034844875 6.356677
v 9.228488 0.034844875 5.798669
v 9.988863 0.034844875 3.4113417
v 8.927468 0.034844875 4.89023
v 9.217906 0.034844875 3.9783525
v -7.634452 0.48832616 6.034764
v -7.634452 1.274473 6.034764
v -8.978143 1.274473 6.1488442
v -8.978143 0.48832616 6.1488442
v -9.9981575 1.274473 7.0309434
v -6.480326 0.48832616 6.732272
v -6.480326 1.274473 6.732272
v -9.9981575 0.48832616 7.0309434
v -10.304883 1.274473 8.344123
v -5.9566026 0.48832616 7.974944
v -5.9566026 1.274473 7.974944
v -10.304883 0.48832616 8.344123
v -9.781159 1.274473 9.586796
v -6.2633286 0.48832616 9.288127
v -6.2633286 1.274473 9.288127
v -9.781159 0.48832616 9.586796
v -8.627031 1.274473 10.284304
v -7.2833414 0.48832616 10.170224
v -7.2833414 1.274473 10.170224
v -8.627031 0.48832616 10.284304
v -6.306382 -0.0034253597 8.004642
v -6.745847 -0.0034253597 6.9618907
v -6.5637608 -0.0034253597 9.106555
v -7.4196744 -0.0034253597 9.846739
v -7.7142973 -0.0034253597 6.376597
v -8.547189 -0.0034253597 9.942468
v -9.51564 -0.0034253597 9.357175
v -8.841814 -0.0034253597 6.472326
v -9.955105 -0.0034253597 8.314425
v -9.697726 -0.0034253597 7.212511
v -2.7464504 0.60618293 3.6858315
v -2.7464504 1.5211112 3.6858315
v -4.27286 1.5211112 3.320878
v -4.27286 0.60618293 3.320878
v -5.722267 1.5211112 3.9228282
v -1.726071 0.60618293 4.8782883
v -1.726071 1.5211112 4.8782883
v -5.722267 0.60618293 3.9228282
v -6.541045 1.5211112 5.261756
v -1.6014733 0.60618293 6.442767
v -1.6014733 1.5211112 6.442767
v -6.541045 0.60618293 5.261756
v -6.4164476 1.5211112 6.826233
v -2.4202516 0.60618293 7.7816935
v -2.4202516 1.5211112 7.7816935
v -6.4164476 0.60618293 6.826233
v -5.396068 1.5211112 8.01869
v -3.8696594 0.60618293 8.383643
v -3.8696594 1.5211112 8.383643
v -5.396068 0.60618293 8.01869
v -1.9988168 0.033875465 6.347764
v -2.1033683 0.033875465 5.0349813
v -2.6858683 0.033875465 7.4712815
v -3.9020925 0.033875465 7.9763885
v -2.9595864 0.033875465 4.034368
v -5.182932 0.033875465 7.6701493
v -6.0391507 0.033875465 6.669537
v -4.2404265 0.033875465 3.728129
v -6.1437016 0.033875465 5.3567533
v -5.4566507 0.033875465 4.233237
v -9.876017 0.033039093 -1.4794755
v -9.4675865 0.3416376 -1.7214947
v -9.762163 0.3416376 -1.431297
v -9.514034 0.033039093 -1.8360761
v -9.879683 0.033039093 -0.97082114
v -9.054404 0.3416376 -1.7185879
v -9.765146 0.3416376 -1.0173583
v -9.006303 0.033039093 -1.832505
v -9.522881 0.033039093 -0.6090386
v -8.764061 0.3416376 -1.4240506
v -9.474781 0.3416376 -0.7229449
v -8.649525 0.033039093 -1.4705715
v -9.015151 0.033039093 -0.6052904
v -8.767045 0.3416376 -1.0102161
v -9.061599 0.3416376 -0.7198937
v -8.653191 0.033039093 -0.96204305
v -9.151173 0.033039093 -2.1274207
v -8.742745 0.47055817 -2.3694391
v -9.03732 0.47055817 -2.0792413
v -8.789193 0.033039093 -2.4840217
v -9.15484 0.033039093 -1.6187664
v -8.329561 0.47055817 -2.3665328
v -9.040303 0.47055817 -1.6653036
v -8.28146 0.033039093 -2.4804502
v -8.798038 0.033039093 -1.2569838
v -8.039218 0.47055817 -2.0719953
v -8.749939 0.47055817 -1.37089
v -7.9246826 0.033039093 -2.1185164
v -8.290309 0.033039093 -1.2532357
v -8.042202 0.47055817 -1.6581612
v -8.336756 0.47055817 -1.367839
v -7.9283476 0.033039093 -1.6099883
v -9.281338 0.033039093 -3.2540293
v -8.872909 0.3416376 -3.496048
v -9.167484 0.3416376 -3.2058501
v -8.919357 0.033039093 -3.6106296
v -9.285004 0.033039093 -2.745375
v -8.459726 0.3416376 -3.4931412
v -9.170468 0.3416376 -2.791912
v -8.411624 0.033039093 -3.6070583
v -8.928201 0.033039093 -2.3835924
v -8.169383 0.3416376 -3.198604
v -8.880103 0.3416376 -2.4974983
v -8.054847 0.033039093 -3.2451253
v -8.420473 0.033039093 -2.3798442
v -8.172366 0.3416376 -2.7847695
v -8.46692 0.3416376 -2.494448
v -8.058512 0.033039093 -2.7365966
v -10.317444 0.033039093 -3.3829257
v -9.909017 0.47055817 -3.624945
v -10.203592 0.47055817 -3.3347466
v -9.955464 0.033039093 -3.7395265
v -10.321111 0.033039093 -2.8742712
v -9.495832 0.47055817 -3.6220372
v -10.206574 0.47055817 -2.9208083
v -9.44773 0.033039093 -3.735955
v -9.964308 0.033039093 -2.5124888
v -9.205489 0.47055817 -3.3275006
v -9.91621 0.47055817 -2.6263952
v -9.090952 0.033039093 -3.3740208
v -9.45658 0.033039093 -2.5087407
v -9.208472 0.47055817 -2.9136667
v -9.503028 0.47055817 -2.6233447
v -9.09462 0.033039093 -2.865493
v -11.042233 0.033039093 -2.6443276
v -10.633806 0.3416376 -2.886347
v -10.92838 0.3416376 -2.5961492
v -10.680251 0.033039093 -3.000928
v -11.0459 0.033039093 -2.135674
v -10.220622 0.3416376 -2.8834403
v -10.931363 0.3416376 -2.1822114
v -10.172522 0.033039093 -2.9973576
v -10.689097 0.033039093 -1.7738911
v -9.93028 0.3416376 -2.588903
v -10.641 0.3416376 -1.8877972
v -9.815742 0.033039093 -2.6354232
v -10.18137 0.033039093 -1.7701434
v -9.933263 0.3416376 -2.1750684
v -10.227817 0.3416376 -1.8847468
v -9.819408 0.033039093 -2.1268964
v -10.643323 0.033039093 -1.9496589
v -10.234895 0.47055817 -2.1916776
v -10.529471 0.47055817 -1.9014806
v -10.2813425 0.033039093 -2.3062603
v -10.64699 0.033039093 -1.4410048
v -9.821712 0.47055817 -2.188772
v -10.532455 0.47055817 -1.4875418
v -9.773613 0.033039093 -2.3026886
v -10.290188 0.033039093 -1.0792227
v -9.531369 0.47055817 -1.8942341
v -10.242091 0.47055817 -1.1931291
v -9.416835 0.033039093 -1.9407547
v -9.782459 0.033039093 -1.0754743
v -9.534351 0.47055817 -1.4803995
v -9.828908 0.47055817 -1.190078
v -9.420498 0.033039093 -1.4322267
v -7.715553 3.3985748 -4.1870074
v -7.786306 2.2739 -4.0895004
v -6.986852 2.2739 -2.9905062
v -6.8723 3.3985748 -3.0278008
v -9.079114 3.3985748 -4.629174
v -6.9860554 2.2739 -1.631507
v -9.079041 2.2739 -4.5087004
v -6.87146 3.3985748 -1.5943451
v -10.442156 3.3985748 -4.1854086
v -7.7842216 2.2739 -0.5315757
v -10.371284 2.2739 -4.087985
v -7.7133536 3.3985748 -0.43415114
v -11.284047 3.3985748 -3.0252144
v -9.076462 2.2739 -0.110860825
v -11.169447 2.2739 -2.9880536
v -9.076395 3.3985748 0.009613752
v -11.283208 3.3985748 -1.5917579
v -10.369197 2.2739 -0.5300605
v -11.168651 2.2739 -1.6290555
v -10.439956 3.3985748 -0.4325521
vt 0.6594898 0.100892104
vt 0.65948987 0.100892104
vt 0.6594897 0.1008921
vt 0.6594898 0.100892104
vt 0.65948975 0.1008921
vt 0.65948987 0.100892104
vt 0.65948975 0.1008921
vt 0.65948987 0.10089211
vt 0.65948987 0.100892104
vt 0.65948987 0.10089211
vt 0.6594898 0.100892104
vt 0.65948987 0.100892104
vt 0.17968749 0.097656235
vt 0.17968749 0.097656235
vt 0.17968749 0.097656235
vt 0.17968749 0.097656235
vt 0.17968749 0.097656235
vt 0.17968749 0.097656235
vt 0.17968749 0.097656235
vt 0.17968749 0.097656235
vt 0.07421866 0.6640625
vt 0.07421866 0.6640625
vt 0.07421866 0.6640625
vt 0.07421866 0.6640625
vt 0.7929687 0.8984374
vt 0.7929687 0.8984374
vt 0.7929687 0.8984374
vt 0.7929687 0.8984374
vt 0.07421866 0.6640625
vt 0.07421866 0.6640625
vt 0.07421866 0.6640625
vt 0.07421866 0.6640625
vt 0.17968747 0.097656235
vt 0.17968749 0.097656235
vt 0.17968749 0.097656235
vt 0.17968749 0.097656235
vt 0.17968749 0.097656235
vt 0.17968749 0.097656235
vt 0.17968749 0.097656235
vt 0.17968749 0.097656235
vt 0.17968749 0.097656235
vt 0.17968749 0.097656235
vt 0.17968749 0.097656235
vt 0.17968749 0.097656235
vt 0.15624999 0.035156246
vt 0.15624999 0.035156246
vt 0.15624999 0.035156246
vt 0.15624999 0.035156246
vt 0.15625 0.035156246
vt 0.15625 0.035156246
vt 0.15625 0.035156246
vt 0.15625 0.035156246
vt 0.15624999 0.035156246
vt 0.15624999 0.035156246
vt 0.15624999 0.035156246
vt 0.15624999 0.035156246
vt 0.15624999 0.035156246
vt 0.15624999 0.035156246
vt 0.15624999 0.035156246
vt 0.15624999 0.035156246
vt 0.15624999 0.035156246
vt 0.15624999 0.035156246
vt 0.15624999 0.035156246
vt 0.15624999 0.035156246
vt 0.15625 0.035156246
vt 0.15624999 0.035156246
vt 0.15624999 0.035156246
vt 0.15624999 0.035156246
vt 0.15625 0.035156246
vt 0.15624999 0.035156246
vt 0.15624999 0.035156246
vt 0.15624999 0.035156246
vt 0.15624999 0.035156246
vt 0.15624999 0.035156246
vt 0.15624999 0.035156246
vt 0.15624999 0.035156246
vt 0.15624999 0.035156246
vt 0.15625 0.035156246
vt 0.15625 0.035156246
vt 0.15625 0.035156246
vt 0.15625 0.035156246
vt 0.15624999 0.035156246
vt 0.15624999 0.035156246
vt 0.15624999 0.035156246
vt 0.15624999 0.035156246
vt 0.15624999 0.035156246
vt 0.15624999 0.035156246
vt 0.15624999 0.035156246
vt 0.10156249 0.031249996
vt 0.10156249 0.031249996
vt 0.10156249 0.031249996
vt 0.10156249 0.031249996
vt 0.10156249 0.031249996
vt 0.10156249 0.031249996
vt 0.10156249 0.031249996
vt 0.10156249 0.031249996
vt 0.10156249 0.031249996
vt 0.10156249 0.031249996
vt 0.10156249 0.031249996
vt 0.10156249 0.031249996
vt 0.10156249 0.031249996
vt 0.10156249 0.031249996
vt 0.10156249 0.031249996
vt 0.10156249 0.031249996
vt 0.10156249 0.031249996
vt 0.10156249 0.031249996
vt 0.10156249 0.031249996
vt 0.10156249 0.031249996
vt 0.7929687 0.8984374
vt 0.7929687 0.8984374
vt 0.7929687 0.8984374
vt 0.7929687 0.8984374
vt 0.07421866 0.6640625
vt 0.07421866 0.6640625
vt 0.07421866 0.6640625
vt 0.07421866 0.6640625
vt 0.7929687 0.8984374
vt 0.7929687 0.8984374
vt 0.7929687 0.8984374
vt 0.7929687 0.8984374
vt 0.15234366 0.67187494
vt 0.15234366 0.67187494
vt 0.15234366 0.67187494
vt 0.15234366 0.67187494
vt 0.15234366 0.67187494
vt 0.15234366 0.67187494
vt 0.15234366 0.67187494
vt 0.15234366 0.67187494
vt 0.17968749 0.097656235
vt 0.17968749 0.097656235
vt 0.17968749 0.097656235
vt 0.17968749 0.097656235
vt 0.15234366 0.67187494
vt 0.15234366 0.67187494
vt 0.15234366 0.67187494
vt 0.15234366 0.67187494
vt 0.15624999 0.035156246
vt 0.15624999 0.035156246
vt 0.15624999 0.035156246
vt 0.15624999 0.035156246
vt 0.15624999 0.035156246
vt 0.15624999 0.035156246
vt 0.15624999 0.035156246
vt 0.15624999 0.035156246
vt 0.15624999 0.035156246
vt 0.15624999 0.035156246
vt 0.15624999 0.035156246
vt 0.15624999 0.035156246
vt 0.02734375 0.16015624
vt 0.02734375 0.16015624
vt 0.02734375 0.16015624
vt 0.02734375 0.16015624
vt 0.15234374 0.023437496
vt 0.15234374 0.023437496
vt 0.15234374 0.023437496
vt 0.15234374 0.023437496
vt 0.15234374 0.023437496
vt 0.15234374 0.023437496
vt 0.15234374 0.023437496
vt 0.15234374 0.023437496
vt 0.15234374 0.023437496
vt 0.15234374 0.023437496
vt 0.15234374 0.023437496
vt 0.15234374 0.023437496
vt 0.15234374 0.023437496
vt 0.15234374 0.023437496
vt 0.15234374 0.023437496
vt 0.15234374 0.023437496
vt 0.09374999 0.023437496
vt 0.09374999 0.023437496
vt 0.09374999 0.023437496
vt 0.09374999 0.023437496
vt 0.19531247 0.84765613
vt 0.19531247 0.84765613
vt 0.19531247 0.84765613
vt 0.19531246 0.84765613
vt 0.19531246 0.84765613
vt 0.19531247 0.84765613
vt 0.19531247 0.84765613
vt 0.19531247 0.84765613
vt 0.19531247 0.84765613
vt 0.19531247 0.84765613
vt 0.19531247 0.84765613
vt 0.19531247 0.84765613
vt 0.19531246 0.84765613
vt 0.19531246 0.84765613
vt 0.19531247 0.84765613
vt 0.19531247 0.84765613
vt 0.16015622 0.8515624
vt 0.16015622 0.8515624
vt 0.16015622 0.8515624
vt 0.16015622 0.8515624
vt 0.16015622 0.8515623
vt 0.16015622 0.8515623
vt 0.16015622 0.8515624
vt 0.16015622 0.8515624
vt 0.15624999 0.031249996
vt 0.15624999 0.031249996
vt 0.15624999 0.031249996
vt 0.15624999 0.031249996
vt 0.15624999 0.031249996
vt 0.15624999 0.031249996
vt 0.15624999 0.031249996
vt 0.15624999 0.031249996
vt 0.15624999 0.031249996
vt 0.15624999 0.031249996
vt 0.15624999 0.031249996
vt 0.15624999 0.031249996
vt 0.15624999 0.031249996
vt 0.15624999 0.031249996
vt 0.15624999 0.031249996
vt 0.15624999 0.031249996
vt 0.10937499 0.031249996
vt 0.10937499 0.031249996
vt 0.10937499 0.031249996
vt 0.10937499 0.031249996
vt 0.10937499 0.031249996
vt 0.10937499 0.031249996
vt 0.10937499 0.031249996
vt 0.10937499 0.031249996
vt 0.10937499 0.031249996
vt 0.10937499 0.031249996
vt 0.10937499 0.031249996
vt 0.10937499 0.031249996
vt 0.10937499 0.031249996
vt 0.10937499 0.031249996
vt 0.10937499 0.031249996
vt 0.10937499 0.031249996
vt 0.10937499 0.031249996
vt 0.10937499 0.031249996
vt 0.10937499 0.031249996
vt 0.10937499 0.031249996
vt 0.10937499 0.031249996
vt 0.10937499 0.031249996
vt 0.10937499 0.031249996
vt 0.10937499 0.031249996
vt 0.15624999 0.031249996
vt 0.15624999 0.031249996
vt 0.15624999 0.031249996
vt 0.15624999 0.031249996
vt 0.15624999 0.031249996
vt 0.15624999 0.031249996
vt 0.15624999 0.031249996
vt 0.15624999 0.031249996
vt 0.15624999 0.031249996
vt 0.15624999 0.031249996
vt 0.15624999 0.031249996
vt 0.15624999 0.031249996
vt 0.15624999 0.031249996
vt 0.15624999 0.031249996
vt 0.15624999 0.031249996
vt 0.15624999 0.031249996
vt 0.10937499 0.031249996
vt 0.10937499 0.031249996
vt 0.10937499 0.031249996
vt 0.10937499 0.031249996
vt 0.10937499 0.031249996
vt 0.10937499 0.031249996
vt 0.10937499 0.031249996
vt 0.10937499 0.031249996
vt 0.10937499 0.031249996
vt 0.10937499 0.031249996
vt 0.10937499 0.031249996
vt 0.10937499 0.031249996
vt 0.10937499 0.031249996
vt 0.10937499 0.031249996
vt 0.10937499 0.031249996
vt 0.10937499 0.031249996
vt 0.10937499 0.031249996
vt 0.10937499 0.031249996
vt 0.10937499 0.031249996
vt 0.10937499 0.031249996
vt 0.10937499 0.031249996
vt 0.10937499 0.031249996
vt 0.10937499 0.031249996
vt 0.10937499 0.031249996
vt 0.27343747 0.83984363
vt 0.27343747 0.83984363
vt 0.27343747 0.83984363
vt 0.27343747 0.83984363
vt 0.27343747 0.8398436
vt 0.27343747 0.8398436
vt 0.27343747 0.83984363
vt 0.27343747 0.83984363
vt 0.104662895 0.6699308
vt 0.104662895 0.6699308
vt 0.104662895 0.6699308
vt 0.104662895 0.6699308
vt 0.104662895 0.6699308
vt 0.104662895 0.6699308
vt 0.104662895 0.6699308
vt 0.104662895 0.6699308
vt 0.104662895 0.6699308
vt 0.104662895 0.6699308
vt 0.104662895 0.6699308
vt 0.104662895 0.6699308
vt 0.104662895 0.6699308
vt 0.104662895 0.6699308
vt 0.104662895 0.6699308
vt 0.104662895 0.6699308
vt 0.16046995 0.65752923
vt 0.16046995 0.65752923
vt 0.16046995 0.65752923
vt 0.16046995 0.65752923
vt 0.16046995 0.65752923
vt 0.16046995 0.65752923
vt 0.16046995 0.65752923
vt 0.16046995 0.65752923
vt 0.16046995 0.65752923
vt 0.16046995 0.65752923
vt 0.16046995 0.65752923
vt 0.16046995 0.65752923
vt 0.16046995 0.65752923
vt 0.16046995 0.65752923
vt 0.16046995 0.65752923
vt 0.16046995 0.65752923
vt 0.16046995 0.65752923
vt 0.16046995 0.65752923
vt 0.16046995 0.65752923
vt 0.16046995 0.65752923
vt 0.16046995 0.65752923
vt 0.16046995 0.65752923
vt 0.16046995 0.65752923
vt 0.16046995 0.65752923
vt 0.16046995 0.65752923
vt 0.16046995 0.65752923
vt 0.16046995 0.65752923
vt 0.16046995 0.65752923
vt 0.16046995 0.65752923
vt 0.16046995 0.65752923
vt 0.16046995 0.65752923
vt 0.16046995 0.65752923
vt 0.2852361 0.037204705
vt 0.2852361 0.037204705
vt 0.2852361 0.037204705
vt 0.2852361 0.037204705
vt 0.2852361 0.037204705
vt 0.2852361 0.037204705
vt 0.2852361 0.037204705
vt 0.2852361 0.037204705
vt 0.2852361 0.037204705
vt 0.2852361 0.037204705
vt 0.2852361 0.037204705
vt 0.2852361 0.037204705
vt 0.2852361 0.037204705
vt 0.2852361 0.037204705
vt 0.2852361 0.037204705
vt 0.2852361 0.037204705
vt 0.2852361 0.037204705
vt 0.2852361 0.037204705
vt 0.2852361 0.037204705
vt 0.2852361 0.037204705
vt 0.2852361 0.037204705
vt 0.2852361 0.037204705
vt 0.2852361 0.037204705
vt 0.2852361 0.037204705
vt 0.2852361 0.037204705
vt 0.2852361 0.037204705
vt 0.2852361 0.037204705
vt 0.2852361 0.037204705
vt 0.2852361 0.037204705
vt 0.2852361 0.037204705
vt 0.2852361 0.037204705
vt 0.2852361 0.037204705
vt 0.2852361 0.037204705
vt 0.2852361 0.037204705
vt 0.2852361 0.037204705
vt 0.2852361 0.037204705
vt 0.2852361 0.037204705
vt 0.2852361 0.037204705
vt 0.2852361 0.037204705
vt 0.2852361 0.037204705
vt 0.2852361 0.037204705
vt 0.2852361 0.037204705
vt 0.2852361 0.037204705
vt 0.2852361 0.037204705
vt 0.2852361 0.037204705
vt 0.2852361 0.037204705
vt 0.2852361 0.037204705
vt 0.2852361 0.037204705
vt 0.2852361 0.037204705
vt 0.2852361 0.037204705
vt 0.2852361 0.037204705
vt 0.2852361 0.037204705
vt 0.2852361 0.037204705
vt 0.2852361 0.037204705
vt 0.2852361 0.037204705
vt 0.2852361 0.037204705
vt 0.2791461 0.4780389
vt 0.2791461 0.4780389
vt 0.2791461 0.4780389
vt 0.2791461 0.4780389
vt 0.2791461 0.4780389
vt 0.2791461 0.4780389
vt 0.2791461 0.4780389
vt 0.2791461 0.4780389
vt 0.2791461 0.4780389
vt 0.33185276 0.4749385
vt 0.33185276 0.4749385
vt 0.33185276 0.4749385
vt 0.33185276 0.4749385
vt 0.33185276 0.4749385
vt 0.33185276 0.4749385
vt 0.33185276 0.4749385
vt 0.33185276 0.4749385
vt 0.33185276 0.4749385
vt 0.2791461 0.4780389
vt 0.2791461 0.4780389
vt 0.2791461 0.4780389
vt 0.2791461 0.4780389
vt 0.2791461 0.4780389
vt 0.2791461 0.4780389
vt 0.2791461 0.4780389
vt 0.2791461 0.4780389
vt 0.2791461 0.4780389
vt 0.33185276 0.4749385
vt 0.33185276 0.4749385
vt 0.33185276 0.4749385
vt 0.33185276 0.4749385
vt 0.33185276 0.4749385
vt 0.33185276 0.4749385
vt 0.33185276 0.4749385
vt 0.33185276 0.4749385
vt 0.33185276 0.4749385
vt 0.2791461 0.4780389
vt 0.2791461 0.4780389
vt 0.2791461 0.4780389
vt 0.2791461 0.4780389
vt 0.2791461 0.4780389
vt 0.2791461 0.4780389
vt 0.2791461 0.4780389
vt 0.2791461 0.4780389
vt 0.2791461 0.4780389
vt 0.33185276 0.4749385
vt 0.33185276 0.4749385
vt 0.33185276 0.4749385
vt 0.33185276 0.4749385
vt 0.33185276 0.4749385
vt 0.33185276 0.4749385
vt 0.33185276 0.4749385
vt 0.33185276 0.4749385
vt 0.33185276 0.4749385
vt 0.2791461 0.4780389
vt 0.2791461 0.4780389
vt 0.2791461 0.4780389
vt 0.2791461 0.4780389
vt 0.2791461 0.4780389
vt 0.2791461 0.4780389
vt 0.2791461 0.4780389
vt 0.2791461 0.4780389
vt 0.2791461 0.4780389
vt 0.33185276 0.4749385
vt 0.33185276 0.4749385
vt 0.33185276 0.4749385
vt 0.33185276 0.4749385
vt 0.33185276 0.4749385
vt 0.33185276 0.4749385
vt 0.33185276 0.4749385
vt 0.33185276 0.4749385
vt 0.33185276 0.4749385
vt 0.2791461 0.4780389
vt 0.2791461 0.4780389
vt 0.2791461 0.4780389
vt 0.2791461 0.4780389
vt 0.2791461 0.4780389
vt 0.2791461 0.4780389
vt 0.2791461 0.4780389
vt 0.2791461 0.4780389
vt 0.2791461 0.4780389
vt 0.33185276 0.4749385
vt 0.33185276 0.4749385
vt 0.33185276 0.4749385
vt 0.33185276 0.4749385
vt 0.33185276 0.4749385
vt 0.33185276 0.4749385
vt 0.33185276 0.4749385
vt 0.33185276 0.4749385
vt 0.33185276 0.4749385
vt 0.52706665 0.85570824
vt 0.52706665 0.85570824
vt 0.52706665 0.85570824
vt 0.52706665 0.85570824
vt 0.52706665 0.85570824
vt 0.52706665 0.85570824
vt 0.52706665 0.85570824
vt 0.52706665 0.85570824
vt 0.52706665 0.85570824
vt 0.52706665 0.85570824
vt 0.52706665 0.85570824
vt 0.52706665 0.85570824
vt 0.52706665 0.85570824
vt 0.52706665 0.85570824
vt 0.52706665 0.85570824
vt 0.52706665 0.85570824
vt 0.52706665 0.85570824
vt 0.52706665 0.85570824
vt 0.52706665 0.85570824
vt 0.52706665 0.85570824
vt 0.52706665 0.85570824
vt 0.52706665 0.85570824
vt 0.52706665 0.85570824
vt 0.52706665 0.85570824
vt 0.52706665 0.85570824
vt 0.52706665 0.85570824
vt 0.52706665 0.85570824
vt 0.52706665 0.85570824
vt 0.52706665 0.85570824
vt 0.52706665 0.85570824
vt 0.7751969 0.9146362
vt 0.77519697 0.9146362
vt 0.77519697 0.9146362
vt 0.77519697 0.9146362
vt 0.07113782 0.65464944
vt 0.07113782 0.65464944
vt 0.07113782 0.65464944
vt 0.07113782 0.65464944
vt 0.15234366 0.67187494
vt 0.15234366 0.67187494
vt 0.15234366 0.67187494
vt 0.15234366 0.67187494
vt 0.15624999 0.035156246
vt 0.15624999 0.035156246
vt 0.15624999 0.035156246
vt 0.15624999 0.035156246
vt 0.15624999 0.035156246
vt 0.15624999 0.035156246
vt 0.15624999 0.035156246
vt 0.15624999 0.035156246
vt 0.15624999 0.035156246
vt 0.15624999 0.035156246
vt 0.15624999 0.035156246
vt 0.15624999 0.035156246
vt 0.02734375 0.16015624
vt 0.02734375 0.16015624
vt 0.02734375 0.16015624
vt 0.02734375 0.16015624
vt 0.15234374 0.023437496
vt 0.15234374 0.023437496
vt 0.15234374 0.023437496
vt 0.15234374 0.023437496
vt 0.15234374 0.023437496
vt 0.15234374 0.023437496
vt 0.15234374 0.023437496
vt 0.15234374 0.023437496
vt 0.15234374 0.023437496
vt 0.15234374 0.023437496
vt 0.15234374 0.023437496
vt 0.15234374 0.023437496
vt 0.15234374 0.023437496
vt 0.15234374 0.023437496
vt 0.15234374 0.023437496
vt 0.15234374 0.023437496
vt 0.09374999 0.023437496
vt 0.09374999 0.023437496
vt 0.09374999 0.023437496
vt 0.09374999 0.023437496
vt 0.19531247 0.84765613
vt 0.19531247 0.84765613
vt 0.19531247 0.84765613
vt 0.19531246 0.84765613
vt 0.19531246 0.84765613
vt 0.19531247 0.84765613
vt 0.19531247 0.84765613
vt 0.19531247 0.84765613
vt 0.19531247 0.84765613
vt 0.19531247 0.84765613
vt 0.19531247 0.84765613
vt 0.19531247 0.84765613
vt 0.19531246 0.84765613
vt 0.19531246 0.84765613
vt 0.19531247 0.84765613
vt 0.19531247 0.84765613
vt 0.16015622 0.8515624
vt 0.16015622 0.8515624
vt 0.16015622 0.8515624
vt 0.16015622 0.8515624
vt 0.16015622 0.8515623
vt 0.16015622 0.8515623
vt 0.16015622 0.8515624
vt 0.16015622 0.8515624
vt 0.15624999 0.031249996
vt 0.15624999 0.031249996
vt 0.15624999 0.031249996
vt 0.15624999 0.031249996
vt 0.15624999 0.031249996
vt 0.15624999 0.031249996
vt 0.15624999 0.031249996
vt 0.15624999 0.031249996
vt 0.15624999 0.031249996
vt 0.15624999 0.031249996
vt 0.15624999 0.031249996
vt 0.15624999 0.031249996
vt 0.15624999 0.031249996
vt 0.15624999 0.031249996
vt 0.15624999 0.031249996
vt 0.15624999 0.031249996
vt 0.10937499 0.031249996
vt 0.10937499 0.031249996
vt 0.10937499 0.031249996
vt 0.10937499 0.031249996
vt 0.10937499 0.031249996
vt 0.10937499 0.031249996
vt 0.10937499 0.031249996
vt 0.10937499 0.031249996
vt 0.10937499 0.031249996
vt 0.10937499 0.031249996
vt 0.10937499 0.031249996
vt 0.10937499 0.031249996
vt 0.10937499 0.031249996
vt 0.10937499 0.031249996
vt 0.10937499 0.031249996
vt 0.10937499 0.031249996
vt 0.10937499 0.031249996
vt 0.10937499 0.031249996
vt 0.10937499 0.031249996
vt 0.10937499 0.031249996
vt 0.10937499 0.031249996
vt 0.10937499 0.031249996
vt 0.10937499 0.031249996
vt 0.10937499 0.031249996
vt 0.15624999 0.031249996
vt 0.15624999 0.031249996
vt 0.15624999 0.031249996
vt 0.15624999 0.031249996
vt 0.15624999 0.031249996
vt 0.15624999 0.031249996
vt 0.15624999 0.031249996
vt 0.15624999 0.031249996
vt 0.15624999 0.031249996
vt 0.15624999 0.031249996
vt 0.15624999 0.031249996
vt 0.15624999 0.031249996
vt 0.15624999 0.031249996
vt 0.15624999 0.031249996
vt 0.15624999 0.031249996
vt 0.15624999 0.031249996
vt 0.10937499 0.031249996
vt 0.10937499 0.031249996
vt 0.10937499 0.031249996
vt 0.10937499 0.031249996
vt 0.10937499 0.031249996
vt 0.10937499 0.031249996
vt 0.10937499 0.031249996
vt 0.10937499 0.031249996
vt 0.10937499 0.031249996
vt 0.10937499 0.031249996
vt 0.10937499 0.031249996
vt 0.10937499 0.031249996
vt 0.10937499 0.031249996
vt 0.10937499 0.031249996
vt 0.10937499 0.031249996
vt 0.10937499 0.031249996
vt 0.10937499 0.031249996
vt 0.10937499 0.031249996
vt 0.10937499 0.031249996
vt 0.10937499 0.031249996
vt 0.10937499 0.031249996
vt 0.10937499 0.031249996
vt 0.10937499 0.031249996
vt 0.10937499 0.031249996
vt 0.27343747 0.83984363
vt 0.27343747 0.83984363
vt 0.27343747 0.83984363
vt 0.27343747 0.83984363
vt 0.27343747 0.8398436
vt 0.27343747 0.8398436
vt 0.27343747 0.83984363
vt 0.27343747 0.83984363
vt 0.61765647 0.10335289
vt 0.61765647 0.10335289
vt 0.61765647 0.10335289
vt 0.61765647 0.10335289
vt 0.6594898 0.100892104
vt 0.6594898 0.100892104
vt 0.6594898 0.100892104
vt 0.65948987 0.100892104
vt 0.61765647 0.10335289
vt 0.61765647 0.10335289
vt 0.61765647 0.10335289
vt 0.61765647 0.10335289
vt 0.6594898 0.100892104
vt 0.6594898 0.100892104
vt 0.6594898 0.100892104
vt 0.65948987 0.100892104
vt 0.6594898 0.100892104
vt 0.6594898 0.100892104
vt 0.6594898 0.100892104
vt 0.6594898 0.10089211
vt 0.6594898 0.100892104
vt 0.6594898 0.100892104
vt 0.6594898 0.100892104
vt 0.6594898 0.10089211
vt 0.6594898 0.100892104
vt 0.6594898 0.100892104
vt 0.6594898 0.100892104
vt 0.65948987 0.100892104
vt 0.6594898 0.100892104
vt 0.6594898 0.100892104
vt 0.6594898 0.100892104
vt 0.65948987 0.100892104
vt 0.61765647 0.10335289
vt 0.61765647 0.10335289
vt 0.61765647 0.10335289
vt 0.61765647 0.10335289
vt 0.61765647 0.10335289
vt 0.61765647 0.10335289
vt 0.61765647 0.10335289
vt 0.61765647 0.10335289
vt 0.61765647 0.10335289
vt 0.61765647 0.10335289
vt 0.61765647 0.10335289
vt 0.61765647 0.10335289
vt 0.61765647 0.10335289
vt 0.61765647 0.10335289
vt 0.61765647 0.10335289
vt 0.61765647 0.10335289
vt 0.6594898 0.10089211
vt 0.6594898 0.1008921
vt 0.6594898 0.100892104
vt 0.6594898 0.100892104
vt 0.6594899 0.10089212
vt 0.65948987 0.10089211
vt 0.65948987 0.10089211
vt 0.6594898 0.100892104
vt 0.61765647 0.10335289
vt 0.61765647 0.10335289
vt 0.61765647 0.10335289
vt 0.61765647 0.10335289
vt 0.61765647 0.10335289
vt 0.61765647 0.10335289
vt 0.61765647 0.10335289
vt 0.61765647 0.10335289
vt 0.6594898 0.100892104
vt 0.6594898 0.100892104
vt 0.6594898 0.100892104
vt 0.65948987 0.100892104
vt 0.6594898 0.100892104
vt 0.6594898 0.100892104
vt 0.6594898 0.100892104
vt 0.65948987 0.100892104
vt 0.600431 0.100892104
vt 0.600431 0.100892104
vt 0.6004311 0.10089211
vt 0.60043097 0.1008921
vt 0.600431 0.100892104
vt 0.600431 0.100892104
vt 0.600431 0.100892104
vt 0.600431 0.1008921
vt 0.6004311 0.100892104
vt 0.600431 0.1008921
vt 0.6004311 0.100892104
vt 0.600431 0.100892104
vt 0.6004311 0.10089211
vt 0.600431 0.100892104
vt 0.6004311 0.100892104
vt 0.600431 0.100892104
vt 0.600431 0.100892104
vt 0.6004309 0.1008921
vt 0.6004311 0.100892104
vt 0.600431 0.100892104
vt 0.600431 0.100892104
vt 0.600431 0.1008921
vt 0.6004309 0.1008921
vt 0.600431 0.100892104
vt 0.600431 0.100892104
vt 0.60043114 0.10089212
vt 0.600431 0.100892104
vt 0.6004311 0.100892104
vt 0.6004311 0.10089211
vt 0.600431 0.100892104
vt 0.600431 0.100892104
vt 0.6004311 0.10089211
vt 0.6004311 0.10089211
vt 0.600431 0.100892104
vt 0.600431 0.100892104
vt 0.600431 0.100892104
vt 0.600431 0.1008921
vt 0.6004311 0.100892104
vt 0.600431 0.10089211
vt 0.600431 0.100892104
vt 0.600431 0.100892104
vt 0.600431 0.10089211
vt 0.600431 0.100892104
vt 0.6004311 0.100892104
vt 0.60043114 0.10089212
vt 0.6594898 0.1008921
vt 0.6594898 0.1008921
vt 0.6594898 0.100892104
vt 0.6594897 0.1008921
vt 0.8415877 0.4084901
vt 0.8415877 0.4084901
vt 0.8415877 0.4084901
vt 0.8415877 0.4084901
vt 0.8415877 0.4084901
vt 0.8415877 0.4084901
vt 0.8415877 0.4084901
vt 0.8415877 0.4084901
vt 0.8415877 0.4084901
vt 0.8415877 0.4084901
vt 0.8981858 0.08366664
vt 0.8981858 0.08366664
vt 0.8981858 0.08366664
vt 0.8981858 0.08366664
vt 0.8981858 0.08366664
vt 0.8981858 0.08366664
vt 0.8981858 0.08366664
vt 0.8981858 0.08366664
vt 0.90310735 0.14518622
vt 0.90310735 0.14518622
vt 0.90310735 0.14518622
vt 0.90310735 0.14518622
vt 0.90310735 0.14518622
vt 0.90310735 0.14518622
vt 0.90310735 0.14518622
vt 0.90310735 0.14518622
vt 0.8981858 0.08366664
vt 0.8981858 0.08366664
vt 0.8981858 0.08366664
vt 0.8981858 0.08366664
vt 0.8981858 0.08366664
vt 0.8981858 0.08366664
vt 0.8981858 0.08366664
vt 0.8981858 0.08366664
vt 0.8981858 0.08366664
vt 0.8981858 0.08366664
vt 0.8981858 0.08366664
vt 0.8981858 0.08366664
vt 0.8981858 0.08366664
vt 0.8981858 0.08366664
vt 0.8981858 0.08366664
vt 0.8981858 0.08366664
vt 0.90310735 0.14518622
vt 0.90310735 0.14518622
vt 0.90310735 0.14518622
vt 0.90310735 0.14518622
vt 0.90310735 0.14518622
vt 0.90310735 0.14518622
vt 0.90310735 0.14518622
vt 0.90310735 0.14518622
vt 0.90310735 0.14518622
vt 0.90310735 0.14518622
vt 0.90310735 0.14518622
vt 0.90310735 0.14518622
vt 0.90310735 0.14518622
vt 0.90310735 0.14518622
vt 0.90310735 0.14518622
vt 0.90310735 0.14518622
vt 0.7087055 0.7899114
vt 0.7087055 0.7899114
vt 0.7087055 0.7899114
vt 0.7087055 0.7899114
vt 0.7087055 0.7899114
vt 0.7087055 0.7899114
vt 0.7087055 0.7899114
vt 0.7087055 0.7899114
vt 0.7087055 0.7899114
vt 0.7087055 0.7899114
vt 0.7087055 0.7899114
vt 0.7087055 0.7899114
vt 0.7087055 0.7899114
vt 0.7087055 0.7899114
vt 0.7087054 0.7899114
vt 0.7087055 0.7899114
vt 0.7087055 0.7899114
vt 0.7087055 0.7899114
vt 0.7087055 0.7899114
vt 0.7087055 0.7899114
vt 0.7087055 0.7899114
vt 0.7087055 0.7899114
vt 0.7087055 0.7899114
vt 0.7087055 0.7899114
vt 0.7087055 0.7899114
vt 0.7087055 0.7899114
vt 0.7087055 0.7899114
vt 0.7087055 0.7899114
vt 0.7087055 0.7899114
vt 0.7087055 0.7899114
vt 0.7087055 0.7899114
vt 0.7087055 0.7899114
vt 0.70870554 0.7899114
vt 0.7087055 0.7899114
vt 0.7087055 0.7899114
vt 0.7087055 0.7899114
vt 0.7087055 0.7899114
vt 0.7087055 0.7899114
vt 0.7087055 0.7899114
vt 0.7087055 0.7899114
vt 0.7087055 0.7899114
vt 0.7087055 0.7899114
vt 0.7087055 0.7899114
vt 0.7087055 0.7899114
vt 0.7087055 0.7899114
vt 0.7087055 0.7899114
vt 0.7087055 0.7899114
vt 0.7087055 0.7899114
vt 0.7087055 0.7899114
vt 0.7087055 0.7899114
vt 0.7087055 0.7899114
vt 0.7087055 0.7899114
vt 0.7087055 0.7899114
vt 0.7087055 0.7899114
vt 0.7087055 0.7899114
vt 0.7087055 0.7899114
vt 0.7087055 0.7899114
vt 0.70870554 0.7899114
vt 0.7087055 0.7899114
vt 0.7087055 0.7899114
vt 0.7087055 0.7899114
vt 0.7087055 0.7899114
vt 0.70870554 0.7899114
vt 0.7087055 0.7899114
vt 0.7087055 0.7899114
vt 0.7087055 0.7899114
vt 0.7087055 0.7899114
vt 0.7087055 0.7899114
vt 0.7087055 0.7899114
vt 0.7087055 0.7899114
vt 0.7087055 0.7899114
vt 0.7087055 0.7899114
vt 0.7087055 0.7899114
vt 0.7087055 0.7899114
vt 0.7087055 0.7899114
vt 0.7087055 0.7899114
vt 0.7087055 0.7899114
vt 0.7087055 0.7899114
vt 0.7087055 0.7899114
vt 0.7087055 0.7899114
vt 0.7087055 0.7899114
vt 0.7087055 0.7899114
vt 0.7087055 0.7899114
vt 0.7087055 0.7899114
vt 0.7087055 0.7899114
vt 0.7087055 0.7899114
vt 0.41587234 0.34943122
vt 0.4207939 0.34697044
vt 0.41587234 0.34943122
vt 0.4207939 0.34697044
vt 0.4207939 0.34697044
vt 0.4207939 0.34697044
vt 0.4207939 0.34697044
vt 0.4207939 0.34697044
vt 0.4207939 0.34697044
vt 0.4207939 0.34697044
vt 0.4207939 0.34697044
vt 0.4207939 0.34697044
vt 0.7087055 0.7899114
vt 0.7087055 0.7899114
vt 0.7087055 0.7899114
vt 0.7087055 0.7899114
vt 0.7087055 0.7899114
vt 0.7087055 0.7899114
vt 0.7087055 0.7899114
vt 0.7087055 0.7899114
vt 0.7087055 0.7899114
vt 0.7087055 0.7899114
vt 0.7087055 0.7899114
vt 0.7087055 0.7899114
vt 0.7087055 0.7899114
vt 0.7087055 0.7899114
vt 0.3469704 0.47247034
vt 0.3469704 0.47247034
vt 0.3469704 0.47247034
vt 0.3469704 0.47247034
vt 0.3469704 0.47247034
vt 0.3469704 0.47247034
vt 0.3469704 0.47247034
vt 0.3469704 0.47247034
vt 0.3469704 0.47247034
vt 0.3469704 0.47247034
vt 0.3469704 0.47247034
vt 0.3469704 0.47247034
vt 0.3469704 0.47247034
vt 0.3469704 0.47247034
vt 0.3469704 0.47247034
vt 0.3469704 0.47247034
vt 0.3469704 0.47247034
vt 0.3469704 0.47247034
vt 0.3469704 0.47247034
vt 0.3469704 0.47247034
vt 0.3469704 0.47247034
vt 0.3469704 0.47247034
vt 0.3469704 0.47247034
vt 0.3469704 0.47247034
vt 0.3469704 0.47247034
vt 0.3469704 0.47247034
vt 0.3469704 0.47247034
vt 0.3469704 0.47247034
vt 0.3469704 0.47247034
vt 0.3469704 0.47247034
vt 0.3469704 0.47247034
vt 0.3469704 0.47247034
vt 0.3469704 0.47247034
vt 0.3469704 0.47247034
vt 0.3469704 0.47247034
vt 0.3469704 0.47247034
vt 0.3469704 0.47247034
vt 0.3469704 0.47247034
vt 0.3469704 0.47247034
vt 0.3469704 0.47247034
vt 0.3469704 0.47247034
vt 0.3469704 0.47247034
vt 0.3469704 0.47247034
vt 0.3469704 0.47247034
vt 0.3469704 0.47247034
vt 0.3469704 0.47247034
vt 0.3469704 0.47247034
vt 0.3469704 0.47247034
vt 0.3469704 0.47247034
vt 0.3469704 0.47247034
vt 0.3469704 0.47247034
vt 0.3469704 0.47247034
vt 0.3469704 0.47247034
vt 0.3469704 0.47247034
vt 0.3469704 0.47247034
vt 0.3469704 0.47247034
vt 0.3469704 0.47247034
vt 0.3469704 0.47247034
vt 0.3469704 0.47247034
vt 0.3469704 0.47247034
vt 0.3469704 0.47247034
vt 0.3469704 0.47247034
vt 0.3469704 0.47247034
vt 0.3469704 0.47247034
vt 0.3469704 0.47247034
vt 0.3469704 0.47247034
vt 0.3469704 0.47247034
vt 0.3469704 0.47247034
vt 0.3469704 0.47247034
vt 0.3469704 0.47247034
vt 0.3469704 0.47247034
vt 0.3469704 0.47247034
vt 0.3469704 0.47247034
vt 0.3469704 0.47247034
vt 0.3469704 0.47247034
vt 0.3469704 0.47247034
vt 0.3469704 0.47247034
vt 0.3469704 0.47247034
vt 0.3469704 0.47247034
vt 0.3469704 0.47247034
vt 0.3469704 0.47247034
vt 0.3469704 0.47247034
vt 0.3469704 0.47247034
vt 0.3469704 0.47247034
vt 0.3469704 0.47247034
vt 0.3469704 0.47247034
vt 0.3469704 0.47247034
vt 0.3469704 0.47247034
vt 0.3469704 0.47247034
vt 0.3469704 0.47247034
vt 0.3469704 0.47247034
vt 0.3469704 0.47247034
vt 0.3469704 0.47247034
vt 0.3469704 0.47247034
vt 0.3469704 0.47247034
vt 0.3469704 0.47247034
vt 0.3469704 0.47247034
vt 0.3469704 0.47247034
vt 0.3469704 0.47247034
vt 0.3469704 0.47247034
vt 0.3469704 0.47247034
vt 0.3469704 0.47247034
vt 0.3469704 0.47247034
vt 0.3469704 0.47247034
vt 0.3469704 0.47247034
vt 0.3469704 0.47247034
vt 0.3469704 0.47247034
vt 0.3469704 0.47247034
vt 0.3469704 0.47247034
vt 0.3469704 0.47247034
vt 0.3469704 0.47247034
vt 0.3469704 0.47247034
vt 0.3469704 0.47247034
vt 0.3469704 0.47247034
vt 0.3469704 0.47247034
vt 0.3469704 0.47247034
vt 0.3469704 0.47247034
vt 0.3469704 0.47247034
vt 0.3469704 0.47247034
vt 0.3469704 0.47247034
vt 0.3469704 0.47247034
vt 0.3469704 0.47247034
vt 0.3469704 0.47247034
vt 0.3469704 0.47247034
vt 0.3469704 0.47247034
vt 0.3469704 0.47247034
vt 0.3469704 0.47247034
vt 0.3469704 0.47247034
vt 0.3469704 0.47247034
vt 0.3469704 0.47247034
vt 0.3469704 0.47247034
vt 0.3469704 0.47247034
vt 0.3469704 0.47247034
vt 0.3469704 0.47247034
vt 0.3469704 0.47247034
vt 0.3469704 0.47247034
vt 0.3469704 0.47247034
vt 0.3469704 0.47247034
vt 0.3469704 0.47247034
vt 0.3469704 0.47247034
vt 0.3469704 0.47247034
vt 0.3469704 0.47247034
vt 0.3469704 0.47247034
vt 0.3469704 0.47247034
vt 0.3469704 0.47247034
vt 0.3469704 0.47247034
vt 0.3469704 0.47247034
vt 0.3469704 0.47247034
vt 0.3469704 0.47247034
vt 0.3469704 0.47247034
vt 0.3469704 0.47247034
vt 0.3469704 0.47247034
vt 0.3469704 0.47247034
vt 0.3469704 0.47247034
vt 0.3469704 0.47247034
vt 0.3469704 0.47247034
vt 0.3469704 0.47247034
vt 0.3469704 0.47247034
vt 0.3469704 0.47247034
vt 0.3469704 0.47247034
vt 0.3469704 0.47247034
vt 0.3469704 0.47247034
vt 0.3469704 0.47247034
vt 0.3469704 0.47247034
vt 0.3322057 0.8514309
vt 0.3322057 0.8514309
vt 0.3322057 0.8514309
vt 0.3322057 0.8514309
vt 0.3322057 0.8514309
vt 0.3322057 0.8514309
vt 0.3322057 0.8514309
vt 0.3322057 0.8514309
vt 0.3322057 0.8514309
vt 0.3322057 0.8514309
vt 0.3322057 0.8514309
vt 0.3322057 0.8514309
vt 0.3322057 0.8514309
vt 0.3322057 0.8514309
vt 0.27806848 0.8514309
vt 0.27806848 0.8514309
vt 0.27806848 0.8514309
vt 0.27806848 0.8514309
vt 0.27806848 0.8514309
vt 0.27806848 0.8514309
vt 0.27806848 0.8514309
vt 0.27806848 0.8514309
vt 0.3322057 0.8514309
vt 0.3322057 0.8514309
vt 0.3322057 0.8514309
vt 0.3322057 0.8514309
vt 0.3322057 0.8514309
vt 0.3322057 0.8514309
vt 0.3322057 0.8514309
vt 0.3322057 0.8514309
vt 0.3322057 0.8514309
vt 0.3322057 0.8514309
vt 0.3322057 0.8514309
vt 0.3322057 0.8514309
vt 0.3322057 0.8514309
vt 0.3322057 0.8514309
vt 0.27806848 0.8514309
vt 0.27806848 0.8514309
vt 0.27806848 0.8514309
vt 0.27806848 0.8514309
vt 0.27806848 0.8514309
vt 0.27806848 0.8514309
vt 0.27806848 0.8514309
vt 0.27806848 0.8514309
vt 0.40110764 0.84650934
vt 0.40110764 0.84650934
vt 0.40110764 0.84650934
vt 0.40110764 0.84650934
vt 0.40110764 0.84650934
vt 0.40110764 0.84650934
vt 0.40110764 0.84650934
vt 0.40110764 0.84650934
vt 0.40110764 0.84650934
vt 0.40110764 0.84650934
vt 0.40110764 0.84650934
vt 0.40110764 0.84650934
vt 0.40110764 0.84650934
vt 0.40110764 0.84650934
vt 0.40110764 0.84650934
vt 0.40110764 0.84650934
vt 0.40110764 0.84650934
vt 0.40110764 0.84650934
vt 0.40110764 0.84650934
vt 0.40110764 0.84650934
vt 0.40110764 0.84650934
vt 0.40110764 0.84650934
vt 0.3469704 0.84650934
vt 0.3469704 0.84650934
vt 0.3469704 0.84650934
vt 0.3469704 0.84650934
vt 0.3469704 0.84650934
vt 0.3469704 0.84650934
vt 0.3469704 0.84650934
vt 0.3469704 0.84650934
vt 0.3322057 0.8514309
vt 0.3322057 0.8514309
vt 0.3322057 0.8514309
vt 0.3322057 0.8514309
vt 0.3322057 0.8514309
vt 0.3322057 0.8514309
vt 0.3322057 0.8514309
vt 0.3322057 0.8514309
vt 0.3322057 0.8514309
vt 0.3322057 0.8514309
vt 0.3322057 0.8514309
vt 0.3322057 0.8514309
vt 0.3322057 0.8514309
vt 0.3322057 0.8514309
vt 0.27806848 0.8514309
vt 0.27806848 0.8514309
vt 0.27806848 0.8514309
vt 0.27806848 0.8514309
vt 0.27806848 0.8514309
vt 0.27806848 0.8514309
vt 0.27806848 0.8514309
vt 0.27806848 0.8514309
vt 0.40110764 0.84650934
vt 0.40110764 0.84650934
vt 0.40110764 0.84650934
vt 0.40110764 0.84650934
vt 0.40110764 0.84650934
vt 0.40110764 0.84650934
vt 0.40110764 0.84650934
vt 0.40110764 0.84650934
vt 0.40110764 0.84650934
vt 0.40110764 0.84650934
vt 0.40110764 0.84650934
vt 0.40110764 0.84650934
vt 0.40110764 0.84650934
vt 0.40110764 0.84650934
vt 0.40110764 0.84650934
vt 0.40110764 0.84650934
vt 0.40110764 0.84650934
vt 0.40110764 0.84650934
vt 0.40110764 0.84650934
vt 0.40110764 0.84650934
vt 0.40110764 0.84650934
vt 0.40110764 0.84650934
vt 0.3469704 0.84650934
vt 0.3469704 0.84650934
vt 0.3469704 0.84650934
vt 0.3469704 0.84650934
vt 0.3469704 0.84650934
vt 0.3469704 0.84650934
vt 0.3469704 0.84650934
vt 0.3469704 0.84650934
vt 0.3322057 0.8514309
vt 0.3322057 0.8514309
vt 0.3322057 0.8514309
vt 0.3322057 0.8514309
vt 0.3322057 0.8514309
vt 0.3322057 0.8514309
vt 0.3322057 0.8514309
vt 0.3322057 0.8514309
vt 0.3322057 0.8514309
vt 0.3322057 0.8514309
vt 0.3322057 0.8514309
vt 0.3322057 0.8514309
vt 0.3322057 0.8514309
vt 0.3322057 0.8514309
vt 0.27806848 0.8514309
vt 0.27806848 0.8514309
vt 0.27806848 0.8514309
vt 0.27806848 0.8514309
vt 0.27806848 0.8514309
vt 0.27806848 0.8514309
vt 0.27806848 0.8514309
vt 0.27806848 0.8514309
vt 0.3322057 0.8514309
vt 0.3322057 0.8514309
vt 0.3322057 0.8514309
vt 0.3322057 0.8514309
vt 0.3322057 0.8514309
vt 0.3322057 0.8514309
vt 0.3322057 0.8514309
vt 0.3322057 0.8514309
vt 0.3322057 0.8514309
vt 0.3322057 0.8514309
vt 0.3322057 0.8514309
vt 0.3322057 0.8514309
vt 0.3322057 0.8514309
vt 0.3322057 0.8514309
vt 0.27806848 0.8514309
vt 0.27806848 0.8514309
vt 0.27806848 0.8514309
vt 0.27806848 0.8514309
vt 0.27806848 0.8514309
vt 0.27806848 0.8514309
vt 0.27806848 0.8514309
vt 0.27806848 0.8514309
vt 0.40110764 0.84650934
vt 0.40110764 0.84650934
vt 0.40110764 0.84650934
vt 0.40110764 0.84650934
vt 0.40110764 0.84650934
vt 0.40110764 0.84650934
vt 0.40110764 0.84650934
vt 0.40110764 0.84650934
vt 0.40110764 0.84650934
vt 0.40110764 0.84650934
vt 0.40110764 0.84650934
vt 0.40110764 0.84650934
vt 0.40110764 0.84650934
vt 0.40110764 0.84650934
vt 0.40110764 0.84650934
vt 0.40110764 0.84650934
vt 0.40110764 0.84650934
vt 0.40110764 0.84650934
vt 0.40110764 0.84650934
vt 0.40110764 0.84650934
vt 0.40110764 0.84650934
vt 0.40110764 0.84650934
vt 0.3469704 0.84650934
vt 0.3469704 0.84650934
vt 0.3469704 0.84650934
vt 0.3469704 0.84650934
vt 0.3469704 0.84650934
vt 0.3469704 0.84650934
vt 0.3469704 0.84650934
vt 0.3469704 0.84650934
vt 0.15624999 0.6601562
vt 0.15624999 0.6601562
vt 0.15624999 0.6601562
vt 0.15624999 0.6601562
vt 0.15624999 0.6601562
vt 0.15624999 0.6601562
vt 0.15624999 0.6601562
vt 0.15624999 0.6601562
vt 0.15624999 0.6601562
vt 0.15624999 0.6601562
vt 0.15624999 0.6601562
vt 0.15624999 0.6601562
vt 0.15624999 0.6601562
vt 0.15624999 0.6601562
vt 0.15624999 0.6601562
vt 0.15624999 0.6601562
vt 0.15624999 0.6601562
vt 0.15624999 0.6601562
vt 0.15624999 0.6601562
vt 0.15624999 0.6601562
vt 0.15624999 0.6601562
vt 0.15624999 0.6601562
vt 0.15624999 0.6601562
vt 0.15624999 0.6601562
vt 0.15624999 0.6601562
vt 0.15624999 0.6601562
vt 0.15624999 0.6601562
vt 0.15624999 0.6601562
vt 0.15624999 0.6601562
vt 0.15624999 0.6601562
vt 0.15624999 0.6601562
vt 0.15624999 0.6601562
vt 0.09765624 0.65624994
vt 0.09765624 0.65624994
vt 0.09765624 0.65624994
vt 0.09765624 0.65624994
vt 0.09765624 0.65624994
vt 0.09765624 0.65624994
vt 0.09765624 0.65624994
vt 0.09765624 0.65624994
vt 0.09765624 0.65624994
vt 0.09765624 0.65624994
vt 0.09765624 0.65624994
vt 0.09765624 0.65624994
vt 0.09765624 0.65624994
vt 0.09765624 0.65624994
vt 0.09765624 0.65624994
vt 0.09765624 0.65624994
vt 0.40848994 0.33958805
vt 0.40848994 0.33958805
vt 0.40848994 0.33958805
vt 0.40848994 0.33958805
vt 0.40848994 0.33958805
vt 0.40848994 0.33958805
vt 0.40848994 0.33958805
vt 0.40848994 0.33958805
vt 0.40848994 0.33958805
vt 0.40848994 0.33958805
vt 0.40848994 0.33958805
vt 0.40848994 0.33958805
vt 0.40848994 0.33958805
vt 0.40848994 0.33958805
vt 0.40848994 0.33958805
vt 0.40848994 0.33958805
vt 0.40848994 0.33958805
vt 0.40848994 0.33958805
vt 0.40848994 0.33958805
vt 0.40848994 0.33958805
vt 0.40848994 0.33958805
vt 0.40848994 0.33958805
vt 0.40848994 0.33958805
vt 0.40848994 0.33958805
vt 0.40848994 0.33958805
vt 0.40848994 0.33958805
vt 0.40848994 0.33958805
vt 0.40848994 0.33958805
vt 0.15624999 0.035156246
vt 0.15624999 0.035156246
vt 0.15624999 0.035156246
vt 0.15624999 0.035156246
vt 0.15624999 0.035156246
vt 0.15624999 0.035156246
vt 0.15624999 0.035156246
vt 0.15624999 0.035156246
vt 0.15624999 0.6601562
vt 0.15624999 0.6601562
vt 0.15624999 0.6601562
vt 0.15625 0.6601562
vt 0.15624999 0.6601562
vt 0.15624999 0.6601562
vt 0.15624999 0.6601562
vt 0.15624999 0.6601562
vt 0.15624999 0.6601562
vt 0.15624999 0.6601562
vt 0.15624999 0.6601562
vt 0.15624999 0.6601562
vt 0.15624999 0.6601562
vt 0.15624999 0.6601562
vt 0.15624999 0.6601562
vt 0.15624999 0.6601562
vt 0.15624999 0.035156246
vt 0.15624999 0.035156246
vt 0.15624999 0.035156246
vt 0.15624999 0.035156246
vt 0.15624999 0.035156246
vt 0.15624999 0.035156246
vt 0.15624999 0.035156246
vt 0.15624999 0.035156246
vt 0.7937004 0.91151536
vt 0.7937004 0.91151536
vt 0.7937004 0.91151536
vt 0.7937004 0.91151536
vt 0.7937004 0.91151536
vt 0.7937004 0.91151536
vt 0.7937004 0.91151536
vt 0.7937004 0.91151536
vt 0.7937004 0.91151536
vt 0.7937004 0.91151536
vt 0.7937004 0.91151536
vt 0.7937004 0.91151536
vt 0.7937004 0.91151536
vt 0.7937004 0.91151536
vt 0.7937004 0.91151536
vt 0.7937004 0.91151536
vt 0.7937004 0.91151536
vt 0.7937004 0.91151536
vt 0.7937004 0.91151536
vt 0.7937004 0.91151536
vt 0.7937004 0.91151536
vt 0.7937004 0.91151536
vt 0.7937004 0.91151536
vt 0.7937004 0.91151536
vt 0.7937004 0.91151536
vt 0.7937004 0.91151536
vt 0.7937004 0.91151536
vt 0.7937004 0.91151536
vt 0.7937004 0.91151536
vt 0.7937004 0.91151536
vt 0.7937004 0.91151536
vt 0.5580706 0.90841496
vt 0.5580706 0.90841496
vt 0.5580706 0.90841496
vt 0.5580706 0.90841496
vt 0.5580706 0.90841496
vt 0.5580706 0.90841496
vt 0.5580706 0.90841496
vt 0.5580706 0.90841496
vt 0.5580706 0.90841496
vt 0.5580706 0.90841496
vt 0.5580706 0.90841496
vt 0.5580706 0.90841496
vt 0.5580706 0.90841496
vt 0.5580706 0.90841496
vt 0.5580706 0.90841496
vt 0.5580706 0.90841496
vt 0.5580706 0.90841496
vt 0.5580706 0.90841496
vt 0.5580706 0.90841496
vt 0.5580706 0.90841496
vt 0.53636783 0.91771615
vt 0.53636783 0.91771615
vt 0.53636783 0.91771615
vt 0.53636783 0.91771615
vt 0.53636783 0.91771615
vt 0.53636783 0.91771615
vt 0.53636783 0.91771615
vt 0.53636783 0.91771615
vt 0.53636783 0.91771615
vt 0.53636783 0.91771615
vt 0.53636783 0.91771615
vt 0.53636783 0.91771615
vt 0.53636783 0.91771615
vt 0.53636783 0.91771615
vt 0.53636783 0.91771615
vt 0.53636783 0.91771615
vt 0.53636783 0.91771615
vt 0.53636783 0.91771615
vt 0.53636783 0.91771615
vt 0.53636783 0.91771615
vt 0.5983757 0.90841496
vt 0.5983757 0.90841496
vt 0.5983757 0.90841496
vt 0.5983757 0.90841496
vt 0.5983757 0.90841496
vt 0.5983757 0.90841496
vt 0.5983757 0.90841496
vt 0.5983757 0.90841496
vt 0.5983757 0.90841496
vt 0.5983757 0.90841496
vt 0.5983757 0.90841496
vt 0.5983757 0.90841496
vt 0.5983757 0.90841496
vt 0.5983757 0.90841496
vt 0.5983757 0.90841496
vt 0.5983757 0.90841496
vt 0.5983757 0.90841496
vt 0.5983757 0.90841496
vt 0.5983757 0.90841496
vt 0.5983757 0.90841496
vt 0.5580706 0.90841496
vt 0.5580706 0.90841496
vt 0.5580706 0.90841496
vt 0.5580706 0.90841496
vt 0.5580706 0.90841496
vt 0.5580706 0.90841496
vt 0.5580706 0.90841496
vt 0.5580706 0.90841496
vt 0.5580706 0.90841496
vt 0.5580706 0.90841496
vt 0.5580706 0.90841496
vt 0.5580706 0.90841496
vt 0.5580706 0.90841496
vt 0.5580706 0.90841496
vt 0.5580706 0.90841496
vt 0.5580706 0.90841496
vt 0.5580706 0.90841496
vt 0.5580706 0.90841496
vt 0.5580706 0.90841496
vt 0.5580706 0.90841496
vt 0.5394683 0.91151536
vt 0.5394683 0.91151536
vt 0.5394683 0.91151536
vt 0.5394683 0.91151536
vt 0.5394683 0.91151536
vt 0.5394683 0.91151536
vt 0.5394683 0.91151536
vt 0.5394683 0.91151536
vt 0.5394683 0.91151536
vt 0.5394683 0.91151536
vt 0.5394683 0.91151536
vt 0.5394683 0.91151536
vt 0.5394683 0.91151536
vt 0.5394683 0.91151536
vt 0.5394683 0.91151536
vt 0.5394683 0.91151536
vt 0.5394683 0.91151536
vt 0.5394683 0.91151536
vt 0.5394683 0.91151536
vt 0.5394683 0.91151536
vt 0.7937004 0.91151536
vt 0.7937004 0.91151536
vt 0.7937004 0.91151536
vt 0.7937004 0.91151536
vt 0.7937004 0.91151536
vt 0.7937004 0.91151536
vt 0.7937004 0.91151536
vt 0.7937004 0.91151536
vt 0.7937004 0.91151536
vt 0.7937004 0.91151536
vt 0.7937004 0.91151536
vt 0.7937004 0.91151536
vt 0.7937004 0.91151536
vt 0.7937004 0.91151536
vt 0.7937004 0.91151536
vt 0.7937004 0.91151536
vt 0.7937004 0.91151536
vt 0.7937004 0.91151536
vt 0.7937004 0.91151536
vt 0.7937004 0.91151536
vt 0.7937004 0.91151536
vt 0.7937004 0.91151536
vt 0.7937004 0.91151536
vt 0.7937004 0.91151536
vt 0.7937004 0.91151536
vt 0.7937004 0.91151536
vt 0.7937004 0.91151536
vt 0.7937004 0.91151536
vt 0.7937004 0.91151536
vt 0.7937004 0.91151536
vt 0.7937004 0.91151536
vt 0.5580706 0.90841496
vt 0.5580706 0.90841496
vt 0.5580706 0.90841496
vt 0.5580706 0.90841496
vt 0.5580706 0.90841496
vt 0.5580706 0.90841496
vt 0.5580706 0.90841496
vt 0.5580706 0.90841496
vt 0.5580706 0.90841496
vt 0.5580706 0.90841496
vt 0.5580706 0.90841496
vt 0.5580706 0.90841496
vt 0.5580706 0.90841496
vt 0.5580706 0.90841496
vt 0.5580706 0.90841496
vt 0.5580706 0.90841496
vt 0.5580706 0.90841496
vt 0.5580706 0.90841496
vt 0.5580706 0.90841496
vt 0.5580706 0.90841496
vt 0.53636783 0.91771615
vt 0.53636783 0.91771615
vt 0.53636783 0.91771615
vt 0.53636783 0.91771615
vt 0.53636783 0.91771615
vt 0.53636783 0.91771615
vt 0.53636783 0.91771615
vt 0.53636783 0.91771615
vt 0.53636783 0.91771615
vt 0.53636783 0.91771615
vt 0.53636783 0.91771615
vt 0.53636783 0.91771615
vt 0.53636783 0.91771615
vt 0.53636783 0.91771615
vt 0.53636783 0.91771615
vt 0.53636783 0.91771615
vt 0.53636783 0.91771615
vt 0.53636783 0.91771615
vt 0.53636783 0.91771615
vt 0.53636783 0.91771615
vt 0.5983757 0.90841496
vt 0.5983757 0.90841496
vt 0.5983757 0.90841496
vt 0.5983757 0.90841496
vt 0.5983757 0.90841496
vt 0.5983757 0.90841496
vt 0.5983757 0.90841496
vt 0.5983757 0.90841496
vt 0.5983757 0.90841496
vt 0.5983757 0.90841496
vt 0.5983757 0.90841496
vt 0.5983757 0.90841496
vt 0.5983757 0.90841496
vt 0.5983757 0.90841496
vt 0.5983757 0.90841496
vt 0.5983757 0.90841496
vt 0.5983757 0.90841496
vt 0.5983757 0.90841496
vt 0.5983757 0.90841496
vt 0.5983757 0.90841496
vt 0.5580706 0.90841496
vt 0.5580706 0.90841496
vt 0.5580706 0.90841496
vt 0.5580706 0.90841496
vt 0.5580706 0.90841496
vt 0.5580706 0.90841496
vt 0.5580706 0.90841496
vt 0.5580706 0.90841496
vt 0.5580706 0.90841496
vt 0.5580706 0.90841496
vt 0.5580706 0.90841496
vt 0.5580706 0.90841496
vt 0.5580706 0.90841496
vt 0.5580706 0.90841496
vt 0.5580706 0.90841496
vt 0.5580706 0.90841496
vt 0.5580706 0.90841496
vt 0.5580706 0.90841496
vt 0.5580706 0.90841496
vt 0.5580706 0.90841496
vt 0.5394683 0.91151536
vt 0.5394683 0.91151536
vt 0.5394683 0.91151536
vt 0.5394683 0.91151536
vt 0.5394683 0.91151536
vt 0.5394683 0.91151536
vt 0.5394683 0.91151536
vt 0.5394683 0.91151536
vt 0.5394683 0.91151536
vt 0.5394683 0.91151536
vt 0.5394683 0.91151536
vt 0.5394683 0.91151536
vt 0.5394683 0.91151536
vt 0.5394683 0.91151536
vt 0.5394683 0.91151536
vt 0.5394683 0.91151536
vt 0.5394683 0.91151536
vt 0.5394683 0.91151536
vt 0.5394683 0.91151536
vt 0.5394683 0.91151536
vt 0.7937004 0.91151536
vt 0.7937004 0.91151536
vt 0.7937004 0.91151536
vt 0.7937004 0.91151536
vt 0.7937004 0.91151536
vt 0.7937004 0.91151536
vt 0.7937004 0.91151536
vt 0.7937004 0.91151536
vt 0.7937004 0.91151536
vt 0.7937004 0.91151536
vt 0.7937004 0.91151536
vt 0.7937004 0.91151536
vt 0.7937004 0.91151536
vt 0.7937004 0.91151536
vt 0.7937004 0.91151536
vt 0.7937004 0.91151536
vt 0.7937004 0.91151536
vt 0.7937004 0.91151536
vt 0.7937004 0.91151536
vt 0.7937004 0.91151536
vt 0.7937004 0.91151536
vt 0.7937004 0.91151536
vt 0.7937004 0.91151536
vt 0.7937004 0.91151536
vt 0.7937004 0.91151536
vt 0.7937004 0.91151536
vt 0.7937004 0.91151536
vt 0.7937004 0.91151536
vt 0.7937004 0.91151536
vt 0.7937004 0.91151536
vt 0.7937004 0.91151536
vt 0.5580706 0.90841496
vt 0.5580706 0.90841496
vt 0.5580706 0.90841496
vt 0.5580706 0.90841496
vt 0.5580706 0.90841496
vt 0.5580706 0.90841496
vt 0.5580706 0.90841496
vt 0.5580706 0.90841496
vt 0.5580706 0.90841496
vt 0.5580706 0.90841496
vt 0.5580706 0.90841496
vt 0.5580706 0.90841496
vt 0.5580706 0.90841496
vt 0.5580706 0.90841496
vt 0.5580706 0.90841496
vt 0.5580706 0.90841496
vt 0.5580706 0.90841496
vt 0.5580706 0.90841496
vt 0.5580706 0.90841496
vt 0.5580706 0.90841496
vt 0.53636783 0.91771615
vt 0.53636783 0.91771615
vt 0.53636783 0.91771615
vt 0.53636783 0.91771615
vt 0.53636783 0.91771615
vt 0.53636783 0.91771615
vt 0.53636783 0.91771615
vt 0.53636783 0.91771615
vt 0.53636783 0.91771615
vt 0.53636783 0.91771615
vt 0.53636783 0.91771615
vt 0.53636783 0.91771615
vt 0.53636783 0.91771615
vt 0.53636783 0.91771615
vt 0.53636783 0.91771615
vt 0.53636783 0.91771615
vt 0.53636783 0.91771615
vt 0.53636783 0.91771615
vt 0.53636783 0.91771615
vt 0.53636783 0.91771615
vt 0.5983757 0.90841496
vt 0.5983757 0.90841496
vt 0.5983757 0.90841496
vt 0.5983757 0.90841496
vt 0.5983757 0.90841496
vt 0.5983757 0.90841496
vt 0.5983757 0.90841496
vt 0.5983757 0.90841496
vt 0.5983757 0.90841496
vt 0.5983757 0.90841496
vt 0.5983757 0.90841496
vt 0.5983757 0.90841496
vt 0.5983757 0.90841496
vt 0.5983757 0.90841496
vt 0.5983757 0.90841496
vt 0.5983757 0.90841496
vt 0.5983757 0.90841496
vt 0.5983757 0.90841496
vt 0.5983757 0.90841496
vt 0.5983757 0.90841496
vt 0.5580706 0.90841496
vt 0.5580706 0.90841496
vt 0.5580706 0.90841496
vt 0.5580706 0.90841496
vt 0.5580706 0.90841496
vt 0.5580706 0.90841496
vt 0.5580706 0.90841496
vt 0.5580706 0.90841496
vt 0.5580706 0.90841496
vt 0.5580706 0.90841496
vt 0.5580706 0.90841496
vt 0.5580706 0.90841496
vt 0.5580706 0.90841496
vt 0.5580706 0.90841496
vt 0.5580706 0.90841496
vt 0.5580706 0.90841496
vt 0.5580706 0.90841496
vt 0.5580706 0.90841496
vt 0.5580706 0.90841496
vt 0.5580706 0.90841496
vt 0.5394683 0.91151536
vt 0.5394683 0.91151536
vt 0.5394683 0.91151536
vt 0.5394683 0.91151536
vt 0.5394683 0.91151536
vt 0.5394683 0.91151536
vt 0.5394683 0.91151536
vt 0.5394683 0.91151536
vt 0.5394683 0.91151536
vt 0.5394683 0.91151536
vt 0.5394683 0.91151536
vt 0.5394683 0.91151536
vt 0.5394683 0.91151536
vt 0.5394683 0.91151536
vt 0.5394683 0.91151536
vt 0.5394683 0.91151536
vt 0.5394683 0.91151536
vt 0.5394683 0.91151536
vt 0.5394683 0.91151536
vt 0.5394683 0.91151536
vt 0.7087055 0.7899114
vt 0.7087055 0.7899114
vt 0.7087055 0.7899114
vt 0.7087055 0.7899114
vt 0.7087055 0.7899114
vt 0.7087055 0.7899114
vt 0.7087055 0.7899114
vt 0.7087055 0.7899114
vt 0.7087055 0.7899114
vt 0.7087055 0.7899114
vt 0.7087055 0.7899114
vt 0.7087055 0.7899114
vt 0.7087055 0.7899114
vt 0.7087055 0.7899114
vt 0.7087055 0.7899114
vt 0.7087055 0.7899114
vt 0.7087055 0.7899114
vt 0.7087055 0.7899114
vt 0.7087055 0.7899114
vt 0.7087055 0.7899114
vt 0.7087055 0.7899114
vt 0.7087055 0.7899114
vt 0.7087055 0.7899114
vt 0.7087055 0.7899114
vt 0.7087055 0.7899114
vt 0.7087055 0.7899114
vt 0.7087055 0.7899114
vt 0.7087055 0.7899114
vt 0.84404856 0.100892104
vt 0.84404856 0.100892104
vt 0.84404856 0.100892104
vt 0.84404856 0.100892104
vt 0.84404856 0.100892104
vt 0.84404856 0.100892104
vt 0.84404856 0.100892104
vt 0.84404856 0.100892104
vt 0.84404856 0.100892104
vt 0.84404856 0.100892104
vt 0.84404856 0.100892104
vt 0.84404856 0.100892104
vt 0.84404856 0.100892104
vt 0.84404856 0.100892104
vt 0.84404856 0.100892104
vt 0.84404856 0.100892104
vt 0.84404856 0.100892104
vt 0.84404856 0.100892104
vt 0.84404856 0.100892104
vt 0.84404856 0.100892104
vt 0.8514309 0.100892104
vt 0.8514309 0.100892104
vt 0.8514309 0.100892104
vt 0.8514309 0.100892104
vt 0.8514309 0.100892104
vt 0.8514309 0.100892104
vt 0.8514309 0.100892104
vt 0.8514309 0.100892104
vt 0.8514309 0.100892104
vt 0.8514309 0.100892104
vt 0.8514309 0.100892104
vt 0.8514309 0.100892104
vt 0.8514309 0.100892104
vt 0.8514309 0.100892104
vt 0.8514309 0.100892104
vt 0.8514309 0.100892104
vt 0.8514309 0.100892104
vt 0.8514309 0.100892104
vt 0.8514309 0.100892104
vt 0.8514309 0.100892104
vt 0.71116626 0.09843132
vt 0.71116626 0.09843132
vt 0.71116626 0.09843132
vt 0.71116626 0.09843132
vt 0.71116626 0.09843132
vt 0.71116626 0.09843132
vt 0.71116626 0.09843132
vt 0.71116626 0.09843132
vt 0.71116626 0.09843132
vt 0.71116626 0.09843132
vt 0.71116626 0.09843132
vt 0.71116626 0.09843132
vt 0.71116626 0.09843132
vt 0.71116626 0.09843132
vt 0.71116626 0.09843132
vt 0.71116626 0.09843132
vt 0.71116626 0.09843132
vt 0.71116626 0.09843132
vt 0.71116626 0.09843132
vt 0.71116626 0.09843132
vt 0.10156249 0.031249996
vt 0.10156249 0.031249996
vt 0.10156249 0.031249996
vt 0.10156249 0.031249996
vt 0.10156249 0.031249996
vt 0.10156249 0.031249996
vt 0.10156249 0.031249996
vt 0.10156249 0.031249996
vt 0.52706665 0.85570824
vt 0.52706665 0.85570824
vt 0.52706665 0.85570824
vt 0.52706665 0.85570824
vt 0.52706665 0.85570824
vt 0.52706665 0.85570824
vt 0.52706665 0.85570824
vt 0.52706665 0.85570824
vt 0.52706665 0.85570824
vt 0.52706665 0.85570824
vt 0.52706665 0.85570824
vt 0.52706665 0.85570824
vt 0.52706665 0.85570824
vt 0.52706665 0.85570824
vt 0.52706665 0.85570824
vt 0.52706665 0.85570824
vt 0.52706665 0.85570824
vt 0.52706665 0.85570824
vt 0.52706665 0.85570824
vt 0.52706665 0.85570824
vt 0.10156249 0.031249996
vt 0.10156249 0.031249996
vt 0.10156249 0.031249996
vt 0.10156249 0.031249996
vt 0.10156249 0.031249996
vt 0.10156249 0.031249996
vt 0.10156249 0.031249996
vt 0.10156249 0.031249996
vt 0.10156249 0.031249996
vt 0.10156249 0.031249996
vt 0.10156249 0.031249996
vt 0.10156249 0.031249996
vt 0.10156251 0.031249996
vt 0.10156249 0.031249996
vt 0.10156251 0.031249996
vt 0.10156249 0.031249996
vt 0.10156251 0.031249996
vt 0.10156249 0.031249996
vt 0.10156251 0.031249996
vt 0.10156249 0.031249996
vt 0.10156249 0.031249996
vt 0.10156249 0.031249996
vt 0.10156249 0.031249996
vt 0.10156249 0.031249996
vt 0.5580706 0.90841496
vt 0.5580706 0.90841496
vt 0.5580706 0.90841496
vt 0.5580706 0.90841496
vt 0.5580706 0.90841496
vt 0.5580706 0.90841496
vt 0.5580706 0.90841496
vt 0.5580706 0.90841496
vt 0.5580706 0.90841496
vt 0.5580706 0.90841496
vt 0.5580706 0.90841496
vt 0.5580706 0.90841496
vt 0.5580706 0.90841496
vt 0.5580706 0.90841496
vt 0.5580706 0.90841496
vt 0.5580706 0.90841496
vt 0.5580706 0.90841496
vt 0.5580706 0.90841496
vt 0.5580706 0.90841496
vt 0.5580706 0.90841496
vt 0.5580706 0.90841496
vt 0.5580706 0.90841496
vt 0.5580706 0.90841496
vt 0.5580706 0.90841496
vt 0.5580706 0.90841496
vt 0.5580706 0.90841496
vt 0.5580706 0.90841496
vt 0.5580706 0.90841496
vt 0.5580706 0.90841496
vt 0.5580706 0.90841496
vt 0.5580706 0.90841496
vt 0.5580706 0.90841496
vt 0.5580706 0.90841496
vt 0.5580706 0.90841496
vt 0.5580706 0.90841496
vt 0.5580706 0.90841496
vt 0.5580706 0.90841496
vt 0.5580706 0.90841496
vt 0.5580706 0.90841496
vt 0.5580706 0.90841496
vt 0.5580706 0.90841496
vt 0.5580706 0.90841496
vt 0.5580706 0.90841496
vt 0.5580706 0.90841496
vt 0.5580706 0.90841496
vt 0.5580706 0.90841496
vt 0.5580706 0.90841496
vt 0.5580706 0.90841496
vt 0.5580706 0.90841496
vt 0.5580706 0.90841496
vt 0.5580706 0.90841496
vt 0.5580706 0.90841496
vt 0.5580706 0.90841496
vt 0.5580706 0.90841496
vt 0.5580706 0.90841496
vt 0.5580706 0.90841496
vt 0.5580706 0.90841496
vt 0.5580706 0.90841496
vt 0.5580706 0.90841496
vt 0.5580706 0.90841496
vt 0.5580706 0.90841496
vt 0.5580706 0.90841496
vt 0.5580706 0.90841496
vt 0.5580706 0.90841496
vt 0.5580706 0.90841496
vt 0.5580706 0.90841496
vt 0.5580706 0.90841496
vt 0.5580706 0.90841496
vt 0.5580706 0.90841496
vt 0.5580706 0.90841496
vt 0.5580706 0.90841496
vt 0.5580706 0.90841496
vt 0.5580706 0.90841496
vt 0.5580706 0.90841496
vt 0.5580706 0.90841496
vt 0.5580706 0.90841496
vt 0.5580706 0.90841496
vt 0.5580706 0.90841496
vt 0.5580706 0.90841496
vt 0.5580706 0.90841496
vt 0.5580706 0.90841496
vt 0.5580706 0.90841496
vt 0.5580706 0.90841496
vt 0.5580706 0.90841496
vt 0.5580706 0.90841496
vt 0.5580706 0.90841496
vt 0.5580706 0.90841496
vt 0.5580706 0.90841496
vt 0.5580706 0.90841496
vt 0.5580706 0.90841496
vt 0.7899113 0.15256855
vt 0.7899113 0.15256855
vt 0.7899113 0.15256855
vt 0.7899113 0.15256855
vt 0.7899113 0.15256855
vt 0.7899113 0.15256855
vt 0.7899113 0.15256855
vt 0.7899113 0.15256855
vt 0.7899113 0.15256855
vt 0.7899113 0.15256855
vt 0.7899113 0.15256855
vt 0.7899113 0.15256855
vt 0.7899113 0.15256855
vt 0.7899113 0.15256855
vt 0.7899113 0.15256855
vt 0.7899113 0.15256855
vt 0.7899113 0.15256855
vt 0.7899113 0.15256855
vt 0.7899113 0.15256855
vt 0.7899113 0.15256855
vt 0.7899113 0.15256855
vt 0.7899113 0.15256855
vt 0.7899113 0.15256855
vt 0.7899113 0.15256855
vt 0.7899113 0.15256855
vt 0.7899113 0.15256855
vt 0.7899113 0.15256855
vt 0.7899113 0.15256855
vt 0.7899113 0.15256855
vt 0.7899113 0.15256855
vt 0.7899113 0.15256855
vt 0.7899113 0.15256855
vt 0.7849898 0.09104897
vt 0.7849898 0.09104897
vt 0.7849898 0.09104897
vt 0.7849898 0.09104897
vt 0.7849898 0.09104897
vt 0.7849898 0.09104897
vt 0.7849898 0.09104897
vt 0.7849898 0.09104897
vt 0.7849898 0.09104897
vt 0.7849898 0.09104897
vt 0.7849898 0.09104897
vt 0.7849898 0.09104897
vt 0.7849898 0.09104897
vt 0.7849898 0.09104897
vt 0.7849898 0.09104897
vt 0.7849898 0.09104897
vt 0.7849898 0.09104897
vt 0.7849898 0.09104897
vt 0.7849898 0.09104897
vt 0.7849898 0.09104897
vt 0.7849898 0.09104897
vt 0.7849898 0.09104897
vt 0.7849898 0.09104897
vt 0.7849898 0.09104897
vt 0.7849898 0.09104897
vt 0.7849898 0.09104897
vt 0.7849898 0.09104897
vt 0.7849898 0.09104897
vt 0.7849898 0.09104897
vt 0.7849898 0.09104897
vt 0.7849898 0.09104897
vt 0.7849898 0.09104897
vt 0.7899113 0.15256855
vt 0.7899113 0.15256855
vt 0.7899113 0.15256855
vt 0.7899113 0.15256855
vt 0.7899113 0.15256855
vt 0.7899113 0.15256855
vt 0.7899113 0.15256855
vt 0.7899113 0.15256855
vt 0.7899113 0.15256855
vt 0.7899113 0.15256855
vt 0.7899113 0.15256855
vt 0.7899113 0.15256855
vt 0.7899113 0.15256855
vt 0.7899113 0.15256855
vt 0.7899113 0.15256855
vt 0.7899113 0.15256855
vt 0.7849898 0.09104897
vt 0.7849898 0.09104897
vt 0.7849898 0.09104897
vt 0.7849898 0.09104897
vt 0.7849898 0.09104897
vt 0.7849898 0.09104897
vt 0.7849898 0.09104897
vt 0.7849898 0.09104897
vt 0.7849898 0.09104897
vt 0.7849898 0.09104897
vt 0.7849898 0.09104897
vt 0.7849898 0.09104897
vt 0.7849898 0.09104897
vt 0.7849898 0.09104897
vt 0.7849898 0.09104897
vt 0.7849898 0.09104897
vt 0.7899113 0.100892104
vt 0.7899113 0.100892104
vt 0.7899113 0.100892104
vt 0.7899113 0.100892104
vt 0.7899113 0.100892104
vt 0.7899113 0.100892104
vt 0.7899113 0.100892104
vt 0.7899113 0.100892104
vt 0.7899113 0.100892104
vt 0.7899113 0.100892104
vt 0.7899113 0.100892104
vt 0.7899113 0.100892104
vt 0.7899113 0.100892104
vt 0.7899113 0.100892104
vt 0.7899113 0.100892104
vt 0.7899113 0.100892104
vt 0.7899113 0.100892104
vt 0.7899113 0.100892104
vt 0.7899113 0.100892104
vt 0.7899113 0.100892104
vn 0.41453353 0.9037908 -0.10641511
vn -0.41564938 0.89899457 0.13800149
vn -0.41313738 0.89444196 -0.17114608
vn 0.41453353 0.9037908 -0.10641511
vn 0.41581136 0.89899445 0.13751307
vn -0.41564938 0.89899457 0.13800149
vn 0.41581136 0.89899445 0.13751307
vn 0.20308302 0.87907267 0.43126374
vn -0.41564938 0.89899457 0.13800149
vn 0.20308302 0.87907267 0.43126374
vn -0.20257838 0.8790721 0.43150228
vn -0.41564938 0.89899457 0.13800149
vn 0.948435 0 -0.31697163
vn 0.92410374 0 0.38214165
vn 0.92410374 0 0.38214165
vn 0.948435 0 -0.31697184
vn 0.383225 0 0.92365503
vn -0.3821413 0 0.9241039
vn -0.3821413 0 0.9241039
vn 0.3832251 0 0.92365503
vn -0.3821413 0 0.9241039
vn -0.38214132 0 0.9241039
vn -0.9236548 0 0.38322544
vn -0.9236548 0 0.38322544
vn 0.383225 0 0.92365503
vn 0.3832251 0 0.92365503
vn 0.92410374 0 0.38214165
vn 0.92410374 0 0.38214165
vn 0.44490114 1.0624863E-06 -0.89557964
vn 0.44490153 1.2276969E-06 -0.89557946
vn 0.9484351 0 -0.31697145
vn 0.948435 0 -0.31697163
vn -0.32241392 0.00036109472 -0.9465987
vn 0.44490114 1.0624863E-06 -0.89557964
vn 0.44490072 8.972757E-07 -0.89557993
vn -0.32234257 0.00030941007 -0.946623
vn 0.20045888 0.8109135 0.5497596
vn -0 1 0
vn -0 1 0
vn 0.56889075 0.8013302 0.1850226
vn -0 1 0
vn -0 1 0
vn -0 1 0
vn -0 1 0
vn 0.964132 0.26542237 -0.0005657275
vn 0.9999999 0 -0.0005870726
vn 0.9999999 0 -0.0005870726
vn 0.964132 0.26542234 -0.00056572753
vn 0.7048737 0.7093328 -0.00041328085
vn 0.7048736 0.7093328 -0.0004132808
vn 0.26238108 0.9649644 -0.00015379138
vn 0.26238108 0.9649644 -0.00015379135
vn -0.26238137 0.9649643 0.00015379152
vn -0.26238135 0.9649643 0.00015379151
vn -0.7048739 0.7093325 0.00041315082
vn -0.704874 0.70933247 0.00041315088
vn -0.96413213 0.2654222 0.0005651624
vn -0.96413213 0.2654222 0.0005651624
vn -0.9999999 0 0.000586235
vn -0.9999999 0 0.000586235
vn -0 -1 0
vn -0 -1 0
vn -0 -1 0
vn -0 -1 0
vn 0.00058637344 0 0.9999999
vn 0.00058637344 0 0.9999999
vn 0.00052774086 0.43583855 0.9000248
vn 0.0005277408 0.43583864 0.90002465
vn 0.00058637344 0 0.9999999
vn 0.00058637344 0 0.9999999
vn 0.00058637344 0 0.9999999
vn 0.00058637344 0 0.9999999
vn -0.17669708 0.19213317 0.9653305
vn 0.17782912 0.19213298 0.9651226
vn -0.50984114 -0.12815411 0.85066944
vn -0.91323644 0 0.4074301
vn -0.87848127 -0.23335075 0.4169151
vn -0.65016043 -0.632508 0.4209811
vn -0.6565788 -0.6260168 0.42072237
vn -0.13490689 -0.48106426 0.86624324
vn -0.25019887 -0.8643955 0.4361434
vn 0.13592254 -0.48106402 0.8660845
vn 0.25070968 -0.8643955 0.43585
vn 0.65065235 -0.6325085 0.42021963
vn 0.6570701 -0.62601775 0.41995332
vn 0.5108374 -0.1281544 0.85007155
vn 0.8789683 -0.23335198 0.4158864
vn 0.913713 0 0.40636015
vn 0.0005831927 0 0.9999999
vn 0.0005831927 0 0.9999999
vn 0.0005831927 0 0.9999999
vn 0.0005831927 0 0.9999999
vn 0.9999999 0 -0.00058546726
vn 0.9999999 0 -0.00058546726
vn 0.9999999 0 -0.00058546726
vn 0.9999999 0 -0.00058546726
vn -0 -1 0
vn -0 -1 0
vn -0 -1 0
vn -0 -1 0
vn -0.9999999 0 0.00058812846
vn -0.9999999 0 0.00058812846
vn -0.9999999 0 0.00058812846
vn -0.9999999 0 0.00058812846
vn -0 1 0
vn -0 1 0
vn -0 1 0
vn -0 1 0
vn 0.44490072 8.972757E-07 -0.89557993
vn 0.44490114 1.0624863E-06 -0.89557964
vn 0.948435 0 -0.31697163
vn 0.948435 0 -0.31697184
vn 0.38322487 0 0.9236551
vn 0.383225 0 0.92365503
vn 0.92410374 0 0.38214165
vn 0.92410374 0 0.38214174
vn -0.3821413 0 0.9241039
vn -0.3821413 0 0.9241039
vn -0.9236548 0 0.38322544
vn -0.9236548 0 0.38322547
vn -0.32259712 0.00041302253 -0.9465362
vn 0.44490153 1.2276969E-06 -0.89557946
vn 0.44490114 1.0624863E-06 -0.89557964
vn -0.32241392 0.00036109472 -0.9465987
vn 0.38322487 0 0.9236551
vn -0.38214132 0 0.9241039
vn -0.3821413 0 0.9241039
vn 0.383225 0 0.92365503
vn -0.9236548 0 0.38322544
vn -0.8965591 0.00038086652 -0.44292375
vn -0.89666283 0.0003263526 -0.44271407
vn -0.9236548 0 0.38322547
vn 0.9484351 0 -0.31697145
vn 0.92410374 0 0.38214174
vn 0.92410374 0 0.38214165
vn 0.948435 0 -0.31697163
vn -0.9999999 0 0.00058596063
vn -0.9999999 0 0.00058596063
vn -0.9999999 0 0.00058596063
vn -0.9999999 0 0.00058596063
vn -3.328515E-07 1 0
vn -3.328515E-07 1 0
vn -3.328515E-07 1 0
vn -3.328515E-07 1 0
vn 0.9999999 0 -0.00058623427
vn 0.9999999 0 -0.00058623427
vn 0.9999999 0 -0.00058623427
vn 0.9999999 0 -0.00058623427
vn 0.30112073 0.34578454 0.8886841
vn 0.30112085 -0.34578395 0.8886843
vn -0.2931528 -0.34671512 0.89098257
vn -0.2931529 0.3467157 0.8909824
vn 0.00058266026 0.11151381 0.9937627
vn 0.00058266026 0.11151381 0.9937627
vn 0.00058266026 0.11151381 0.9937627
vn 0.00058266026 0.11151381 0.9937627
vn 0.9999999 -4.9953537E-06 -0.0005861656
vn 0.9999999 -4.9953537E-06 -0.0005861656
vn 0.9999999 -4.9953537E-06 -0.0005861656
vn 0.9999999 -4.9953537E-06 -0.0005861656
vn -0 -1 0
vn -0 -1 0
vn -0 -1 0
vn -0 -1 0
vn -0.9999999 5.0372074E-07 0.00058696215
vn -0.9999999 5.0372074E-07 0.00058696215
vn -0.9999999 5.0372074E-07 0.00058696215
vn -0.9999999 5.0372074E-07 0.00058696215
vn -0 1 0
vn -0 1 0
vn -0 1 0
vn -0 1 0
vn 0.009546225 0.9893545 0.14521249
vn 0.020347819 0.9880503 0.15278316
vn 0.011502881 0.9961966 0.08637205
vn 0.0055270516 0.996247 0.08637992
vn -0.009376105 0.9893545 0.14522365
vn -0.0054255337 0.996247 0.08638642
vn -0.020168351 0.9880503 0.15280697
vn -0.011401084 0.9961966 0.08638562
vn 0.009538427 0.96250206 0.27110675
vn 0.018922433 0.95895547 0.28292468
vn 0.02300323 0.9682552 0.24890262
vn 0.011931215 0.9710852 0.23843464
vn -0.00922021 0.96250206 0.2711176
vn -0.011651763 0.9710852 0.23844841
vn -0.018590333 0.9589556 0.28294635
vn -0.022711122 0.96825534 0.24892932
vn 0.011931215 0.9710852 0.23843464
vn 0.02300323 0.9682552 0.24890262
vn 0.020347819 0.9880503 0.15278316
vn 0.009546225 0.9893545 0.14521249
vn -0.011651763 0.9710852 0.23844841
vn -0.009376105 0.9893545 0.14522365
vn -0.022711122 0.96825534 0.24892932
vn -0.020168351 0.9880503 0.15280697
vn -0.9999999 0 0.0005860948
vn -0.9999999 0 0.0005860948
vn -0.9999999 0 0.0005862948
vn -0.9999999 0 0.0005863288
vn -0.9999999 0 0.0005865303
vn -0.9999999 0 0.00058653037
vn -0.9999999 1.0140164E-07 0.00058653066
vn -0.9999999 1.0140164E-07 0.00058653066
vn 0.9999999 0 -0.000586123
vn 0.9999999 0 -0.00058623037
vn 0.9999999 0 -0.000586123
vn 0.9999999 0 -0.00058624864
vn 0.9999999 1.6104657E-07 -0.00058630755
vn 0.9999999 1.8837194E-07 -0.0005862906
vn 0.9999999 2.686491E-07 -0.00058624084
vn 0.9999999 2.686491E-07 -0.00058624084
vn -0.000107516826 -0.9830663 -0.18325019
vn -7.309861E-05 -0.9922374 -0.124358356
vn -7.309861E-05 -0.9922374 -0.124358356
vn -0.000107516855 -0.9830663 -0.18325025
vn -0.00016821043 -0.95803213 -0.28666058
vn -0.00016821048 -0.95803213 -0.28666067
vn -0.00019449886 -0.94356 -0.33120134
vn -0.00019449886 -0.94356 -0.33120134
vn 0.000584643 -0.061450936 0.99810994
vn 0.000584643 -0.061450936 0.99810994
vn 0.000584643 -0.061450936 0.99810994
vn 0.000584643 -0.061450936 0.99810994
vn -0.0005859614 0.061449975 -0.99811006
vn -0.0005859614 0.061449975 -0.99811006
vn -0.0005859614 0.061449975 -0.99811006
vn -0.0005859614 0.061449975 -0.99811006
vn 0.00016793756 0.95803237 0.28666008
vn 0.00019410408 0.9435598 0.33120224
vn 0.00019410408 0.9435598 0.33120224
vn 0.00016793756 0.95803237 0.28666002
vn 0.00010795637 0.98306656 0.18324885
vn 0.00010795639 0.98306656 0.18324889
vn 7.4126605E-05 0.9922375 0.12435772
vn 7.4126605E-05 0.9922375 0.12435772
vn -0.9999999 -1.3572852E-06 0.0005851981
vn -0.9999999 -1.3572852E-06 0.0005851981
vn -0.9999999 -6.9374653E-07 0.0005859961
vn -0.9999999 -5.806571E-07 0.0005861321
vn -0.9999999 4.144007E-07 0.00058693526
vn -0.9999999 5.269278E-07 0.00058693526
vn -0.9999999 8.575101E-07 0.0005869354
vn -0.9999999 8.575101E-07 0.0005869354
vn 0.9999999 -4.603143E-07 -0.00058647065
vn 0.9999999 -3.2190215E-07 -0.00058604666
vn 0.9999999 -4.603143E-07 -0.00058647065
vn 0.9999999 -2.983122E-07 -0.00058597437
vn 0.9999999 0 -0.0005859404
vn 0.9999999 0 -0.0005860755
vn 0.9999999 2.6764695E-07 -0.0005864721
vn 0.9999999 2.6764695E-07 -0.0005864721
vn -0.00010758245 -0.9830663 -0.18325031
vn -7.313346E-05 -0.9922374 -0.124358624
vn -7.313346E-05 -0.9922374 -0.124358624
vn -0.00010758245 -0.9830663 -0.18325032
vn -0.00016818086 -0.95803213 -0.28666055
vn -0.00016818086 -0.95803225 -0.28666046
vn -0.00019434358 -0.9435601 -0.33120123
vn -0.00019434358 -0.9435601 -0.33120123
vn 0.0005859036 -0.061449353 0.99811006
vn 0.0005859036 -0.061449353 0.99811006
vn 0.0005859036 -0.061449353 0.99811006
vn 0.0005859036 -0.061449353 0.99811006
vn -0.0005850621 0.06144917 -0.99811006
vn -0.0005850621 0.06144917 -0.99811006
vn -0.0005850621 0.06144917 -0.99811006
vn -0.0005850621 0.06144917 -0.99811006
vn 0.00016793732 0.95803237 0.2866599
vn 0.00019410388 0.9435598 0.33120215
vn 0.00019410388 0.9435598 0.33120215
vn 0.00016793735 0.95803237 0.2866599
vn 0.00010714282 0.98306656 0.18324889
vn 0.000107142805 0.98306656 0.18324883
vn 7.250256E-05 0.9922374 0.124357894
vn 7.250256E-05 0.9922374 0.124357894
vn -0.062782556 0.31559765 0.9468139
vn -0.124245174 0.31376112 0.94133794
vn -0.124245174 0.31376112 0.94133794
vn -0.06112739 0.31563035 0.9469112
vn 0.063893154 0.31559467 0.94674057
vn 0.0622381 0.3156275 0.9468398
vn 0.12535064 0.31375533 0.9411933
vn 0.12535064 0.31375533 0.9411933
vn 0.09889977 -0.019590959 0.9949045
vn 0.112496935 0 0.9936521
vn 0.112496935 0 0.9936521
vn 0.090920724 -0.03104441 0.99537414
vn 0.06255581 -0.059792817 0.9962488
vn 0.05739354 -0.06334902 0.9963398
vn 0.022354525 -0.07779088 0.99671906
vn 0.019939618 -0.07826044 0.99673355
vn -0.021185901 -0.07779043 0.99674463
vn -0.018770881 -0.07826004 0.99675626
vn -0.06138748 -0.0597925 0.99632144
vn -0.05622524 -0.063348584 0.9964064
vn -0.09773277 -0.019591032 0.9950199
vn -0.08975314 -0.031044422 0.99548006
vn -0.11133156 0 0.99378335
vn -0.11133156 0 0.99378335
vn -0.9999999 0 0.00058647234
vn -0.9999999 0 0.00058647234
vn -0.96022445 0.27922872 0.0005631583
vn -0.9598659 0.2804588 0.0005629482
vn -0.6828132 0.73059285 0.00040044895
vn -0.6828132 0.73059285 0.0004004489
vn -0.24786934 0.96879345 0.00014535323
vn -0.2478694 0.96879345 0.00014535325
vn 0.24786897 0.9687936 -0.0001453067
vn 0.24786912 0.9687936 -0.00014530677
vn 0.6828129 0.73059314 -0.0004005185
vn 0.6828128 0.73059314 -0.0004005185
vn 0.96022445 0.27922887 -0.00056341453
vn 0.9598659 0.28045893 -0.00056320423
vn 0.9999999 0 -0.0005867391
vn 0.9999999 0 -0.0005867391
vn 0.9629161 -0.26980066 -0.00056448806
vn 0.9999999 0 -0.0005861422
vn 0.9999999 0 -0.0005861422
vn 0.9594787 -0.2817806 -0.00056247687
vn 0.69845283 -0.7156559 -0.00040952855
vn 0.69845295 -0.7156559 -0.00040952858
vn 0.25806758 -0.96612686 -0.00015131841
vn 0.25806758 -0.96612686 -0.00015131841
vn -0.25806746 -0.96612686 0.00015140131
vn -0.25806728 -0.966127 0.00015140121
vn -0.69845414 -0.7156547 0.00040972087
vn -0.698454 -0.71565473 0.0004097209
vn -0.9629165 -0.2697991 0.00056484144
vn -0.9594792 -0.28177887 0.0005628244
vn -0.9999999 0 0.00058661104
vn -0.9999999 0 0.00058661104
vn 0.9794098 -0.20188121 -0.000573928
vn 0.9794098 -0.20188121 -0.000573928
vn 0.9794098 -0.20188121 -0.000573928
vn 0.9794098 -0.20188121 -0.000573928
vn -0.00057438394 -0.2018831 -0.9794095
vn -0.00057438394 -0.2018831 -0.9794095
vn -0.00057438394 -0.2018831 -0.9794095
vn -0.00057438394 -0.2018831 -0.9794095
vn -0.97941005 -0.20188014 0.000574771
vn -0.97941005 -0.20188014 0.000574771
vn -0.97941005 -0.20188014 0.000574771
vn -0.97941005 -0.20188014 0.000574771
vn 0.00057422015 -0.20188044 0.97941005
vn 0.00057422015 -0.20188044 0.97941005
vn 0.00057422015 -0.20188044 0.97941005
vn 0.00057422015 -0.20188044 0.97941005
vn -0 -1 0
vn -0 -1 0
vn -0 -1 0
vn -0 -1 0
vn -0.00044492257 -0.65188 -0.758322
vn -0.00044492257 -0.65188 -0.758322
vn -0.00044492257 -0.65188 -0.758322
vn -0.00044492257 -0.65188 -0.758322
vn -0.9999999 0 0.0005864739
vn -0.9999999 0 0.0005864739
vn -0.9999999 0 0.0005864739
vn -0.9999999 0 0.0005864739
vn -0.75831866 -0.65188396 0.0004442946
vn -0.75831866 -0.65188396 0.0004442946
vn -0.75831866 -0.65188396 0.0004442946
vn -0.75831866 -0.65188396 0.0004442946
vn 0.7583179 -0.6518848 -0.00044429407
vn 0.7583179 -0.6518848 -0.00044429407
vn 0.7583179 -0.6518848 -0.00044429407
vn 0.7583179 -0.6518848 -0.00044429407
vn 0.00044478706 -0.6518875 0.75831556
vn 0.00044478706 -0.6518875 0.75831556
vn 0.00044478706 -0.6518875 0.75831556
vn 0.00044478706 -0.6518875 0.75831556
vn -0 1 0
vn -0 1 0
vn -0 1 0
vn -0 1 0
vn 0.9999999 0 -0.00058672583
vn 0.9999999 0 -0.00058672583
vn 0.9999999 0 -0.00058672583
vn 0.9999999 0 -0.00058672583
vn 0.0005864112 0 0.9999999
vn 0.0005864112 0 0.9999999
vn 0.0005864112 0 0.9999999
vn 0.0005864112 0 0.9999999
vn -0.0005866629 0 -0.9999999
vn -0.0005866629 0 -0.9999999
vn -0.0005866629 0 -0.9999999
vn -0.0005866629 0 -0.9999999
vn -0.32717368 0.83046407 0.45087332
vn -0.14836884 0.9675639 0.20446686
vn 0.14973105 0.8024171 0.57767415
vn 0.22852392 0.328565 0.916418
vn 0.22209968 0.40222666 0.88819224
vn 0.24125698 -0.040903747 0.9695989
vn 0.24116959 -0.05153092 0.9691139
vn 0.23278016 -0.27593812 0.9325618
vn 0.23278016 -0.27593812 0.9325618
vn 0.50350714 0.802418 0.32032156
vn 0.24021569 0.96756405 -0.07820599
vn 0.5297057 0.83046424 -0.1724559
vn 0.7766567 0.402227 0.48478636
vn 0.8015328 0.32856518 0.49959
vn 0.84777397 -0.05153036 0.5278483
vn 0.8482085 -0.04090303 0.52808076
vn 0.81558096 -0.27593616 0.5086129
vn 0.81558096 -0.27593616 0.5086129
vn -0.00032643645 0.83046466 -0.55707127
vn -0.00014775537 0.96756417 -0.25262555
vn -0.4606807 0.8024187 -0.37933823
vn -0.7235383 0.32856402 -0.60707325
vn -0.70174974 0.40222642 -0.58801466
vn -0.76509994 -0.040904805 -0.6426109
vn -0.7647442 -0.051532235 -0.64226997
vn -0.7364733 -0.275937 -0.6176292
vn -0.7364733 -0.275937 -0.6176292
vn -0.595626 0.8024182 0.03680711
vn -0.14836884 0.9675639 0.20446686
vn -0.32717368 0.83046407 0.45087332
vn -0.9132786 0.40222746 0.06430738
vn -0.9421048 0.32856622 0.06695321
vn -0.9961248 -0.05153139 0.07127267
vn -0.99661297 -0.04090402 0.07133998
vn -0.95877314 -0.27593854 0.067912154
vn -0.95877314 -0.27593854 0.067912154
vn 0.32770368 0.8304636 0.45048925
vn 0.14860745 0.96756417 0.20429291
vn 0.59566945 0.8024178 0.03610681
vn 0.9421841 0.32856223 0.065848224
vn 0.91335475 0.40222415 0.063235626
vn 0.9966959 -0.040905014 0.07017268
vn 0.9962076 -0.051532187 0.07010597
vn 0.9588527 -0.27593604 0.06678979
vn 0.9588527 -0.27593604 0.06678979
vn 0.4602358 0.8024187 -0.37987798
vn -0.00014775537 0.96756417 -0.25262555
vn -0.00032643645 0.83046466 -0.55707127
vn 0.7010586 0.4022262 -0.5888385
vn 0.7228247 0.32856423 -0.6079227
vn 0.76398915 -0.051532816 -0.64316785
vn 0.7643446 -0.04090558 -0.64350927
vn 0.73574686 -0.27593878 -0.6184936
vn 0.73574686 -0.27593878 -0.6184936
vn -0.5299055 0.8304652 -0.17183606
vn -0.24030782 0.96756405 -0.07792338
vn -0.50313073 0.80241877 0.32091054
vn -0.8009461 0.32856572 0.5005297
vn -0.7760869 0.40222886 0.4856964
vn -0.8475884 -0.040903907 0.52907544
vn -0.8471542 -0.05153158 0.5288424
vn -0.8149838 -0.275937 0.50956863
vn -0.8149838 -0.275937 0.50956863
vn -0.14905378 0.8024166 0.5778499
vn 0.14860745 0.96756417 0.20429291
vn 0.32770368 0.8304636 0.45048925
vn -0.22105816 0.40222687 0.8884519
vn -0.22744937 0.32856643 0.91668475
vn -0.24003404 -0.051531237 0.96939576
vn -0.24012086 -0.04090358 0.9698808
vn -0.23168772 -0.2759403 0.9328332
vn -0.23168772 -0.2759403 0.9328332
vn 0.5297057 0.83046424 -0.1724559
vn 0.24021569 0.96756405 -0.07820599
vn 0.2184128 0.80241865 -0.5553559
vn 0.353776 0.32856226 -0.8757221
vn 0.342383 0.4022253 -0.8491106
vn 0.37473193 -0.040906023 -0.9262304
vn 0.37451762 -0.05153329 -0.9257866
vn 0.35981965 -0.27593696 -0.8912848
vn 0.35981965 -0.27593696 -0.8912848
vn -0.21906325 0.8024191 -0.55509895
vn -0.24030782 0.96756405 -0.07792338
vn -0.5299055 0.8304652 -0.17183606
vn -0.34337744 0.40222523 -0.848709
vn -0.3548018 0.32856146 -0.8753074
vn -0.37560242 -0.051533658 -0.925347
vn -0.3758173 -0.04090632 -0.9257905
vn -0.36086446 -0.2759374 -0.8908622
vn -0.36086446 -0.2759374 -0.8908622
vn 0.7441036 -0.24980375 -0.61960316
vn 0.5675488 -0.25721595 -0.7821306
vn 0.7441036 -0.24980375 -0.61960316
vn 0.5675506 -0.25721595 -0.78212935
vn 0.3582815 -0.2498019 -0.8995739
vn 0.3582815 -0.2498019 -0.8995739
vn -0.9188836 -0.25721207 0.29915687
vn -0.81861395 -0.24979822 0.51717705
vn -0.81861395 -0.24979822 0.51717705
vn -0.91888344 -0.2572121 0.29915735
vn -0.9661872 -0.24979982 0.06389337
vn -0.9661872 -0.24979982 0.06389337
vn -0.23779723 -0.24979378 0.9386456
vn 0.00056659686 -0.2572077 0.9663559
vn -0.23779723 -0.24979378 0.9386456
vn 0.00056594313 -0.2572077 0.9663559
vn 0.23889719 -0.2497962 0.9383656
vn 0.23889719 -0.2497962 0.9383656
vn -0.35933545 -0.24980034 -0.89915395
vn -0.5684668 -0.25721422 -0.7814643
vn -0.35933545 -0.24980034 -0.89915395
vn -0.5684656 -0.25721422 -0.7814652
vn -0.74482965 -0.24980189 -0.6187308
vn -0.74482965 -0.24980189 -0.6187308
vn 0.8192209 -0.24979736 0.51621556
vn 0.9192339 -0.2572108 0.29807994
vn 0.8192209 -0.24979736 0.51621556
vn 0.91923404 -0.2572108 0.29807964
vn 0.9662616 -0.24979839 0.06276259
vn 0.9662616 -0.24979839 0.06276259
vn -0.32241392 0.00036109472 -0.9465987
vn -0.32234257 0.00030941007 -0.946623
vn -0.89666283 0.0003263526 -0.44271407
vn -0.8965591 0.00038086652 -0.44292375
vn -0.32259712 0.00041302253 -0.9465362
vn -0.32241392 0.00036109472 -0.9465987
vn -0.8965591 0.00038086652 -0.44292375
vn -0.8963982 0.00043557124 -0.44324952
vn -0.9236548 0 0.38322544
vn -0.8963982 0.00043557124 -0.44324952
vn -0.8965591 0.00038086652 -0.44292375
vn -0.9236548 0 0.38322544
vn -0.9999999 0 0.0005881541
vn -0.9999999 0 0.0005881541
vn -0.9999999 0 0.0005881541
vn -0.9999999 0 0.0005881541
vn -3.3285139E-07 1 0
vn -3.3285139E-07 1 0
vn -3.3285139E-07 1 0
vn -3.3285139E-07 1 0
vn 0.9999999 0 -0.00058596046
vn 0.9999999 0 -0.00058596046
vn 0.9999999 0 -0.00058596046
vn 0.9999999 0 -0.00058596046
vn 0.30112076 0.34578404 0.88868415
vn 0.3011208 -0.34578356 0.88868445
vn -0.2931542 -0.34671465 0.8909824
vn -0.2931542 0.34671515 0.8909822
vn 0.00058261206 0.11151334 0.9937628
vn 0.00058261206 0.11151334 0.9937628
vn 0.00058261206 0.11151334 0.9937628
vn 0.00058261206 0.11151334 0.9937628
vn 0.9999999 -4.4260782E-06 -0.00058787194
vn 0.9999999 -4.4260782E-06 -0.00058787194
vn 0.9999999 -4.4260782E-06 -0.00058787194
vn 0.9999999 -4.4260782E-06 -0.00058787194
vn -0 -1 0
vn -0 -1 0
vn -0 -1 0
vn -0 -1 0
vn -0.9999999 -2.0292677E-07 0.00058741693
vn -0.9999999 -2.0292677E-07 0.00058741693
vn -0.9999999 -2.0292677E-07 0.00058741693
vn -0.9999999 -2.0292677E-07 0.00058741693
vn -0 1 0
vn -0 1 0
vn -0 1 0
vn -0 1 0
vn 0.00954665 0.9893545 0.14521249
vn 0.02034786 0.9880503 0.15278317
vn 0.011503449 0.9961966 0.086372
vn 0.005527622 0.996247 0.08637993
vn -0.009376038 0.9893545 0.14522347
vn -0.005425773 0.996247 0.08638643
vn -0.020168869 0.9880503 0.15280688
vn -0.011402198 0.9961965 0.08638559
vn 0.009538637 0.962502 0.2711068
vn 0.01892286 0.95895547 0.28292453
vn 0.023003273 0.9682552 0.24890268
vn 0.011931445 0.9710852 0.23843466
vn -0.00922022 0.96250206 0.2711178
vn -0.0116515355 0.9710853 0.23844841
vn -0.018590355 0.95895547 0.2829466
vn -0.022711135 0.96825534 0.24892929
vn 0.011931445 0.9710852 0.23843466
vn 0.023003273 0.9682552 0.24890268
vn 0.02034786 0.9880503 0.15278317
vn 0.00954665 0.9893545 0.14521249
vn -0.0116515355 0.9710853 0.23844841
vn -0.009376038 0.9893545 0.14522347
vn -0.022711135 0.96825534 0.24892929
vn -0.020168869 0.9880503 0.15280688
vn -0.9999999 2.276899E-06 0.00058693317
vn -0.9999999 2.276899E-06 0.00058693317
vn -0.9999999 1.628299E-06 0.0005869341
vn -0.9999999 1.517758E-06 0.00058693433
vn -0.9999999 8.616045E-07 0.0005865419
vn -0.9999999 8.6044946E-07 0.00058640656
vn -0.9999999 8.5705676E-07 0.0005860092
vn -0.9999999 8.5705676E-07 0.0005860092
vn 0.9999999 6.4411734E-07 -0.0005873948
vn 0.9999999 0 -0.0005865464
vn 0.9999999 6.4411734E-07 -0.0005873948
vn 0.9999999 -1.6769518E-07 -0.0005864018
vn 0.9999999 -8.621869E-07 -0.0005859407
vn 0.9999999 -8.609507E-07 -0.00058607565
vn 0.9999999 -8.573193E-07 -0.0005864727
vn 0.9999999 -8.573193E-07 -0.0005864727
vn -0.0001076044 -0.9830663 -0.1832506
vn -7.308138E-05 -0.9922374 -0.124358535
vn -7.308138E-05 -0.9922374 -0.124358535
vn -0.00010760435 -0.9830663 -0.18325047
vn -0.00016807328 -0.95803213 -0.28666088
vn -0.0001680733 -0.95803213 -0.28666085
vn -0.00019403278 -0.94356 -0.33120137
vn -0.00019403278 -0.94356 -0.33120137
vn 0.00058374513 -0.06145022 0.99811006
vn 0.00058374513 -0.06145022 0.99811006
vn 0.00058374513 -0.06145022 0.99811006
vn 0.00058374513 -0.06145022 0.99811006
vn -0.00058461423 0.06145075 -0.99810994
vn -0.00058461423 0.06145075 -0.99810994
vn -0.00058461423 0.06145075 -0.99810994
vn -0.00058461423 0.06145075 -0.99810994
vn 0.00016844951 0.9580325 0.2866597
vn 0.00019410414 0.9435598 0.33120206
vn 0.00019410414 0.9435598 0.33120206
vn 0.00016844955 0.9580325 0.28665978
vn 0.00010774319 0.98306656 0.18324862
vn 0.000107743246 0.98306656 0.18324873
vn 7.26783E-05 0.9922375 0.12435778
vn 7.26783E-05 0.9922375 0.12435778
vn -0.9999999 4.9548856E-07 0.0005856612
vn -0.9999999 4.9548856E-07 0.0005856612
vn -0.9999999 1.4514806E-07 0.0005860871
vn -0.9999999 0 0.0005861597
vn -0.9999999 -2.829002E-07 0.0005865391
vn -0.9999999 -2.8831042E-07 0.0005865221
vn -0.9999999 -3.0420463E-07 0.0005864722
vn -0.9999999 -3.0420463E-07 0.0005864722
vn 0.9999999 0 -0.00058693223
vn 0.9999999 0 -0.0005865087
vn 0.9999999 0 -0.00058693223
vn 0.9999999 0 -0.00058643654
vn 0.9999999 0 -0.00058601034
vn 0.9999999 1.00387126E-07 -0.0005860102
vn 0.9999999 2.6785892E-07 -0.0005860101
vn 0.9999999 2.6785892E-07 -0.0005860101
vn -0.00010755654 -0.9830663 -0.18325011
vn -7.308142E-05 -0.9922374 -0.12435819
vn -7.308142E-05 -0.9922374 -0.12435819
vn -0.00010755652 -0.9830663 -0.18325013
vn -0.00016802555 -0.95803225 -0.28666055
vn -0.00016802554 -0.95803225 -0.28666052
vn -0.00019403297 -0.9435601 -0.33120117
vn -0.00019403297 -0.9435601 -0.33120117
vn 0.00058321067 -0.061450128 0.99811006
vn 0.00058321067 -0.061450128 0.99811006
vn 0.00058321067 -0.061450128 0.99811006
vn 0.00058321067 -0.061450128 0.99811006
vn -0.00058506243 0.06144922 -0.99811006
vn -0.00058506243 0.06144922 -0.99811006
vn -0.00058506243 0.06144922 -0.99811006
vn -0.00058506243 0.06144922 -0.99811006
vn 0.00016844946 0.95803237 0.2866599
vn 0.00019410408 0.9435598 0.33120224
vn 0.00019410408 0.9435598 0.33120224
vn 0.00016844948 0.95803237 0.28665996
vn 0.00010749578 0.98306656 0.18324882
vn 0.00010749576 0.98306656 0.18324879
vn 7.218429E-05 0.9922375 0.12435778
vn 7.218429E-05 0.9922375 0.12435778
vn -0.062782735 0.3155946 0.94681484
vn -0.124245964 0.31375617 0.94133943
vn -0.124245964 0.31375617 0.94133943
vn -0.061127488 0.3156274 0.94691217
vn 0.063893005 0.31559482 0.94674057
vn 0.062237874 0.31562755 0.9468398
vn 0.12534979 0.31375653 0.9411929
vn 0.12534979 0.31375653 0.9411929
vn -0.9324896 0 -0.361197
vn -0.4063245 0 -0.91372883
vn -0.3881695 0.34176922 -0.8558728
vn -0.8714251 0.36087617 -0.3322451
vn -0.953878 0 0.3001949
vn -0.9324896 0 -0.361197
vn -0.8714251 0.36087617 -0.3322451
vn -0.88990843 0.36303753 0.27616423
vn -0.9324914 0 -0.36119223
vn -0.4063295 0 -0.9137266
vn -0.38817346 0.3417671 -0.85587186
vn -0.8714267 0.36087403 -0.33224303
vn -0.95387864 0 0.30019274
vn -0.9324914 0 -0.36119223
vn -0.8714267 0.36087403 -0.33224303
vn -0.889909 0.36303675 0.27616367
vn 0.9709674 0 -0.23921174
vn 0.9542306 0 0.29907155
vn 0.89023256 0.36303782 0.2751173
vn 0.90423393 0.3659235 -0.22013839
vn 0.9709671 0 -0.23921311
vn 0.95423007 0 0.29907343
vn 0.89023226 0.3630376 0.27511874
vn 0.9042338 0.36592287 -0.22014
vn -0.4063245 0 -0.91372883
vn -0.0057497555 0 -0.99998355
vn 0.4891213 0.35230884 -0.79789656
vn -0.3881695 0.34176922 -0.8558728
vn -0.4063295 0 -0.9137266
vn -0.005749489 0 -0.99998355
vn 0.4891201 0.35230714 -0.797898
vn -0.38817346 0.3417671 -0.85587186
vn -0.46222448 0 0.8867629
vn -0.953878 0 0.3001949
vn -0.88990843 0.36303753 0.27616423
vn -0.44035158 0.3468469 0.82812303
vn -0.4622258 0 0.88676226
vn -0.95387864 0 0.30019274
vn -0.889909 0.36303675 0.27616367
vn -0.44035187 0.34684673 0.82812285
vn 0.9542306 0 0.29907155
vn 0.46326753 0 0.8862184
vn 0.4413253 0.34684736 0.8276043
vn 0.89023256 0.36303782 0.2751173
vn 0.95423007 0 0.29907343
vn 0.4632662 0 0.8862192
vn 0.4413242 0.34684706 0.82760495
vn 0.89023226 0.3630376 0.27511874
vn -0.17921014 0.879312 -0.44124174
vn 0.22412972 0.87982124 -0.4191425
vn 0.41453344 0.9037908 -0.10641595
vn -0.4131375 0.8944423 -0.17114425
vn -0.41565078 0.8989937 0.13800298
vn 0.41581118 0.8989943 0.13751388
vn 0.20308402 0.87907237 0.43126398
vn -0.20257674 0.87907255 0.43150213
vn 0.88582766 0 -0.46401456
vn 0.9709674 0 -0.23921174
vn 0.90423393 0.3659235 -0.22013839
vn 0.4891213 0.35230884 -0.79789656
vn 0.885826 0 -0.4640177
vn 0.9709671 0 -0.23921311
vn 0.9042338 0.36592287 -0.22014
vn 0.4891201 0.35230714 -0.797898
vn 0.46326753 0 0.8862184
vn -0.46222448 0 0.8867629
vn -0.44035158 0.3468469 0.82812303
vn 0.4413253 0.34684736 0.8276043
vn 0.4632662 0 0.8862192
vn -0.4622258 0 0.88676226
vn -0.44035187 0.34684673 0.82812285
vn 0.4413242 0.34684706 0.82760495
vn 0.89023256 0.36303782 0.2751173
vn 0.4413253 0.34684736 0.8276043
vn 0.20308302 0.87907267 0.43126374
vn 0.41581136 0.89899445 0.13751307
vn 0.90423393 0.3659235 -0.22013839
vn 0.41453353 0.9037908 -0.10641511
vn 0.4891213 0.35230884 -0.79789656
vn 0.22412886 0.87982297 -0.4191394
vn -0.3881695 0.34176922 -0.8558728
vn -0.17920661 0.8793151 -0.4412369
vn 0.4413253 0.34684736 0.8276043
vn -0.20257838 0.8790721 0.43150228
vn 0.20308302 0.87907267 0.43126374
vn -0.44035158 0.3468469 0.82812303
vn -0.41564938 0.89899457 0.13800149
vn -0.88990843 0.36303753 0.27616423
vn -0.8714251 0.36087617 -0.3322451
vn -0.41313738 0.89444196 -0.17114608
vn -0.41564938 0.89899457 0.13800149
vn -0.8714251 0.36087617 -0.3322451
vn -0.3881695 0.34176922 -0.8558728
vn -0.17920661 0.8793151 -0.4412369
vn -0.41313738 0.89444196 -0.17114608
vn -0.44035187 0.34684673 0.82812285
vn -0.889909 0.36303675 0.27616367
vn -0.41565078 0.8989937 0.13800298
vn -0.20257674 0.87907255 0.43150213
vn 0.4413242 0.34684706 0.82760495
vn 0.20308402 0.87907237 0.43126398
vn 0.89023226 0.3630376 0.27511874
vn 0.4413242 0.34684706 0.82760495
vn 0.20308402 0.87907237 0.43126398
vn 0.41581118 0.8989943 0.13751388
vn 0.9042338 0.36592287 -0.22014
vn 0.41453344 0.9037908 -0.10641595
vn 0.4891201 0.35230714 -0.797898
vn 0.22412972 0.87982124 -0.4191425
vn -0.38817346 0.3417671 -0.85587186
vn -0.17921014 0.879312 -0.44124174
vn -0.8714267 0.36087403 -0.33224303
vn -0.38817346 0.3417671 -0.85587186
vn -0.17921014 0.879312 -0.44124174
vn -0.4131375 0.8944423 -0.17114425
vn -0.889909 0.36303675 0.27616367
vn -0.41565078 0.8989937 0.13800298
vn -0.17920661 0.8793151 -0.4412369
vn 0.22412886 0.87982297 -0.4191394
vn 0.41453353 0.9037908 -0.10641511
vn -0.41313738 0.89444196 -0.17114608
vn -0 1 0
vn -0 1 0
vn -0 1 0
vn -0 1 0
vn -0 1 0
vn -0 1 0
vn -0 1 0
vn -0 1 0
vn -0 1 0
vn -0 1 0
vn -0 1 0
vn -0 1 0
vn -0 1 0
vn -0 1 0
vn -0 1 0
vn -0 1 0
vn -0 1 0
vn -0 1 0
vn -0 1 0
vn -0 1 0
vn -0 1 0
vn -0 1 0
vn -0 1 0
vn -0 1 0
vn -0 1 0
vn -0 1 0
vn -0 1 0
vn -0 1 0
vn -0 1 0
vn -0 1 0
vn -0 1 0
vn -0 1 0
vn -0 1 0
vn -0 1 0
vn -0 1 0
vn -0 1 0
vn -0 1 0
vn -0 1 0
vn -0 1 0
vn -0 1 0
vn -0 1 0
vn -0 1 0
vn -0 1 0
vn -0 1 0
vn -0 1 0
vn -0 1 0
vn -0 1 0
vn -0 1 0
vn -0 1 0
vn -0 1 0
vn -0 1 0
vn -0 1 0
vn -0 1 0
vn -0 1 0
vn -0 1 0
vn -0 1 0
vn -0 1 0
vn -0 1 0
vn 0.0023786216 -0.1981903 0.98016065
vn -0.4468812 -0.16569427 0.8791147
vn -0.5241 0.13378681 0.84108275
vn -0.02805206 -0.292367 0.9558946
vn -0.58270764 -0.51559997 0.6281788
vn -0.04689134 -0.2897724 0.95594627
vn -0.030314729 -0.19003963 0.9813083
vn -0.13633068 -0.69826144 0.7027409
vn -0.19107342 -0.9618375 0.19585577
vn -0.005748367 -0.29219997 0.95634
vn 0.0052184756 -0.1970594 0.9803776
vn 0.33392462 -0.2672179 0.9039297
vn -0.115794 -0.7068715 0.69779974
vn -0.21122101 -0.95801926 0.19386803
vn -0.18381824 -0.96240985 -0.19994524
vn 0.31406653 -0.34029385 0.88631946
vn 0.6040464 -0.30507815 0.7362441
vn -0.048103593 -0.7060245 0.7065518
vn -0.15941986 -0.96812606 0.19317663
vn 0.85509694 -0.3144163 0.41225192
vn 0.8832601 -0.19713126 0.42543024
vn 0.24629648 -0.7081209 0.6617423
vn -0.0783733 -0.97781897 0.19423601
vn -0.1596462 -0.96812594 -0.19299021
vn -0.20822139 -0.959169 -0.19141254
vn -0.1252772 -0.70315 -0.6999184
vn -0.07653605 -0.6981194 -0.71187884
vn -0.116612144 -0.70687115 -0.6976639
vn -0.076821186 -0.97775865 -0.19515748
vn 0.19311698 -0.964223 0.18160348
vn 0.78737676 -0.51673424 0.33618996
vn 0.013380673 -0.20761363 -0.9781194
vn -0.43461442 -0.08379992 -0.8967095
vn -0.033374082 -0.2016365 -0.9788916
vn -0.042625163 -0.70575887 -0.70716864
vn 0.1921656 -0.9648607 -0.17921025
vn 0.13181466 0.15190907 -0.9795655
vn -0.28417978 0.30010977 -0.91059095
vn 0.8509953 -0.26942116 -0.45079827
vn 0.88800466 -0.081198566 -0.45260853
vn 0.88435066 -0.03016013 0.46584785
vn 0.51042145 0.43912423 0.73935103
vn 0.77192515 -0.62920976 0.090700984
vn 0.7815704 -0.5192809 -0.3456806
vn 0.770085 -0.63092697 -0.094341375
vn 0.24398537 -0.7106455 -0.6598895
vn 0.3293034 -0.24330005 -0.91234004
vn 0.01177065 -0.19912535 -0.9799034
vn 0.3925627 0.09963311 -0.91431284
vn 0.06359163 0.19434685 -0.9788694
vn 0.029948656 0.18384793 -0.98249835
vn 0.11282438 0.6889186 -0.716004
vn 0.14268678 0.69979244 -0.69995064
vn 0.32248378 0.62412673 -0.71166706
vn 0.47915474 0.59353554 -0.6466269
vn 0.15867527 0.96753824 -0.1967024
vn 0.41138685 0.89105403 -0.1917907
vn 0.56837547 0.802687 -0.1806735
vn 0.48049107 0.5731118 -0.66383076
vn 0.1788988 0.96442044 -0.19464993
vn 0.15890585 0.96753824 0.19651596
vn 0.4081191 0.8921272 0.19377248
vn 0.56336516 0.8071206 0.17656703
vn 0.30843687 0.6267621 0.715567
vn 0.46048766 0.6079414 0.6468064
vn 0.113664046 0.6889187 0.7158711
vn 0.17740111 0.9649603 0.19334055
vn 0.5220561 0.8333778 -0.18149075
vn 0.11648139 0.15782006 0.98057383
vn -0.24386734 0.3011644 0.9218615
vn -0.44271213 0.2164574 0.87014484
vn 0.045089617 -0.0073701716 0.9989557
vn 0.0005863482 0 0.9999999
vn 0.031100841 0.18384798 0.9824625
vn 0.023304926 -0.004607993 0.9997178
vn 0.137469 0.7021105 0.69867235
vn 0.05597495 0.19638047 0.97892874
vn 0.52597874 0.82903534 0.18985991
vn 0.377684 0.15816844 0.9123253
vn 0.3227876 0.021723025 0.94622207
vn 0.4836505 0.57142156 0.6629929
vn 0.90931624 -0.03568361 0.41457278
vn 0.9378635 0.14886662 0.31344956
vn 0.94698167 0.30319932 0.10628219
vn 0.9194311 0.18181458 -0.3486973
vn 0.95158803 0.29196328 -0.09611279
vn 0.51042145 0.43912423 0.73935103
vn 0.31360802 0.56636983 0.7621518
vn 0.88435066 -0.03016013 0.46584785
vn 0.28099796 0.5731528 0.76976365
vn 0.107763745 0.6036542 0.7899295
vn 0.11209972 0.6028121 0.78996915
vn 0.10077341 0.60494196 0.789867
vn 0.09908535 0.6052605 0.7898366
vn 0.24354623 0.52718186 0.8141035
vn 0.2554713 0.5181379 0.8162522
vn 0.34696913 0.44308367 0.8266131
vn 0.34696913 0.44308367 0.8266131
vn -0.9660836 0.25822923 0.00056604884
vn -0.9660836 0.25822923 0.00056604884
vn -0.9660836 0.25822923 0.00056604884
vn -0.9660836 0.25822923 0.00056604884
vn -0.9660836 0.25822923 0.00056604884
vn -0.9660836 0.25822923 0.00056604884
vn -0.9660836 0.25822923 0.00056604884
vn -0.9660836 0.25822923 0.00056604884
vn -0.9660836 0.25822923 0.00056604884
vn -0.9660836 0.25822923 0.00056604884
vn -0.9660836 0.25822923 0.00056604884
vn -0.9660836 0.25822923 0.00056604884
vn -0.9660836 0.25822923 0.00056604884
vn -0.9660836 0.25822923 0.00056604884
vn -0.03595232 -0.15845266 -0.98671174
vn -0.03595232 -0.15845266 -0.98671174
vn -0.03595232 -0.15845266 -0.98671174
vn -0.03595232 -0.15845266 -0.98671174
vn -0.03595232 -0.15845266 -0.98671174
vn -0.03595232 -0.15845266 -0.98671174
vn -0.03595232 -0.15845266 -0.98671174
vn -0.03595232 -0.15845266 -0.98671174
vn -0.03595232 -0.15845266 -0.98671174
vn -0.03595232 -0.15845266 -0.98671174
vn -0.03595232 -0.15845266 -0.98671174
vn -0.03595232 -0.15845266 -0.98671174
vn -0.03595232 -0.15845266 -0.98671174
vn -0.03595232 -0.15845266 -0.98671174
vn 0.035952225 0.15845273 0.98671174
vn 0.035952225 0.15845273 0.98671174
vn 0.035952225 0.15845273 0.98671174
vn 0.035952225 0.15845273 0.98671174
vn 0.035952225 0.15845273 0.98671174
vn 0.035952225 0.15845273 0.98671174
vn 0.035952225 0.15845273 0.98671174
vn 0.035952225 0.15845273 0.98671174
vn 0.035952225 0.15845273 0.98671174
vn 0.035952225 0.15845273 0.98671174
vn 0.035952225 0.15845273 0.98671174
vn 0.035952225 0.15845273 0.98671174
vn 0.035952225 0.15845273 0.98671174
vn 0.035952225 0.15845273 0.98671174
vn -0.8602613 -0.45835787 0.22328977
vn -0.8602613 -0.45835787 0.22328977
vn -0.8602613 -0.45835787 0.22328977
vn -0.8602613 -0.45835787 0.22328977
vn -0.84423 -0.48376408 0.23075534
vn -0.84423 -0.48376408 0.23075534
vn 0.8416893 -0.5273997 0.11579582
vn 0.8416893 -0.5273997 0.11579582
vn 0.8416893 -0.5273997 0.11579582
vn 0.8416893 -0.5273997 0.11579582
vn 0.09729496 0.93922895 -0.32921514
vn 0.09729496 0.93922895 -0.32921514
vn 0.09729496 0.93922895 -0.32921514
vn 0.09729496 0.93922895 -0.32921514
vn -0.28405395 -0.90014964 0.3302181
vn -0.28405395 -0.90014964 0.3302181
vn -0.28405395 -0.90014964 0.3302181
vn -0.28405395 -0.90014964 0.3302181
vn 0.8236826 0.5139797 -0.23952426
vn 0.8236826 0.5139797 -0.23952426
vn 0.8236826 0.5139797 -0.23952426
vn 0.8236826 0.5139797 -0.23952426
vn -0.21876574 -0.91783196 0.33124897
vn -0.21876574 -0.91783196 0.33124897
vn -0.21876574 -0.91783196 0.33124897
vn -0.21876574 -0.91783196 0.33124897
vn -0.506197 0.82709163 -0.24430342
vn -0.506197 0.82709163 -0.24430342
vn -0.506197 0.82709163 -0.24430342
vn -0.506197 0.82709163 -0.24430342
vn -0.9056179 0.41771176 -0.073301405
vn -0.9056179 0.41771176 -0.073301405
vn -0.9056179 0.41771176 -0.073301405
vn -0.9056179 0.41771176 -0.073301405
vn 0.923504 0.3354435 -0.1860588
vn 0.923504 0.3354435 -0.1860588
vn 0.923504 0.3354435 -0.1860588
vn 0.923504 0.3354435 -0.1860588
vn -0.41944477 0.868218 -0.26507264
vn -0.41944477 0.868218 -0.26507264
vn -0.41944477 0.868218 -0.26507264
vn -0.41944477 0.868218 -0.26507264
vn 0.709341 0.64827865 -0.27671283
vn 0.709341 0.64827865 -0.27671283
vn 0.709341 0.64827865 -0.27671283
vn 0.709341 0.64827865 -0.27671283
vn -0.9972144 0.007749504 0.07418527
vn -0.9972144 0.007749504 0.07418527
vn -0.9972144 0.007749504 0.07418527
vn -0.9972144 0.007749504 0.07418527
vn 0.29516187 0.8966903 -0.3298877
vn 0.29516187 0.8966903 -0.3298877
vn 0.29516187 0.8966903 -0.3298877
vn 0.29516187 0.8966903 -0.3298877
vn 0.06536312 0.20764828 0.9760173
vn 0.06536312 0.20764828 0.9760173
vn 0.06536312 0.20764828 0.9760173
vn 0.06536312 0.20764828 0.9760173
vn 0.06536312 0.20764828 0.9760173
vn 0.06536312 0.20764828 0.9760173
vn 0.06536312 0.20764828 0.9760173
vn 0.06536312 0.20764828 0.9760173
vn 0.06536312 0.20764828 0.9760173
vn 0.06536312 0.20764828 0.9760173
vn 0.06536312 0.20764828 0.9760173
vn 0.06536312 0.20764828 0.9760173
vn 0.06536312 0.20764828 0.9760173
vn 0.06536312 0.20764828 0.9760173
vn -0.0653633 -0.20764786 -0.9760174
vn -0.0653633 -0.20764786 -0.9760174
vn -0.0653633 -0.20764786 -0.9760174
vn -0.0653633 -0.20764786 -0.9760174
vn -0.0653633 -0.20764786 -0.9760174
vn -0.0653633 -0.20764786 -0.9760174
vn -0.0653633 -0.20764786 -0.9760174
vn -0.0653633 -0.20764786 -0.9760174
vn -0.0653633 -0.20764786 -0.9760174
vn -0.0653633 -0.20764786 -0.9760174
vn -0.0653633 -0.20764786 -0.9760174
vn -0.0653633 -0.20764786 -0.9760174
vn -0.0653633 -0.20764786 -0.9760174
vn -0.0653633 -0.20764786 -0.9760174
vn -0.5893257 0.7389755 -0.32651237
vn -0.5893257 0.7389755 -0.32651237
vn -0.5893257 0.7389755 -0.32651237
vn -0.5893257 0.7389755 -0.32651237
vn -0.56429887 0.7532031 -0.3380118
vn -0.56429887 0.7532031 -0.3380118
vn 0.97479874 0.10379147 -0.19747086
vn 0.97479874 0.10379147 -0.19747086
vn 0.97479874 0.10379147 -0.19747086
vn 0.97479874 0.10379147 -0.19747086
vn -0.2816072 -0.82084495 0.49690133
vn -0.2816072 -0.82084495 0.49690133
vn -0.2816072 -0.82084495 0.49690133
vn -0.2816072 -0.82084495 0.49690133
vn 0.10152074 0.86316216 -0.49461558
vn 0.10152074 0.86316216 -0.49461558
vn 0.10152074 0.86316216 -0.49461558
vn 0.10152074 0.86316216 -0.49461558
vn 0.53325725 -0.7694657 0.35150993
vn 0.53325725 -0.7694657 0.35150993
vn 0.53325725 -0.7694657 0.35150993
vn 0.53325725 -0.7694657 0.35150993
vn 0.16599976 0.8515047 -0.49737695
vn 0.16599976 0.8515047 -0.49737695
vn 0.16599976 0.8515047 -0.49737695
vn 0.16599976 0.8515047 -0.49737695
vn -0.7807281 -0.49181974 0.38545686
vn -0.7807281 -0.49181974 0.38545686
vn -0.7807281 -0.49181974 0.38545686
vn -0.7807281 -0.49181974 0.38545686
vn -0.9909881 0.016395513 0.13294324
vn -0.9909881 0.016395513 0.13294324
vn -0.9909881 0.016395513 0.13294324
vn -0.9909881 0.016395513 0.13294324
vn 0.6979687 -0.6636635 0.26905492
vn 0.6979687 -0.6636635 0.26905492
vn 0.6979687 -0.6636635 0.26905492
vn 0.6979687 -0.6636635 0.26905492
vn -0.71730715 -0.5601512 0.4143682
vn -0.71730715 -0.5601512 0.4143682
vn -0.71730715 -0.5601512 0.4143682
vn -0.71730715 -0.5601512 0.4143682
vn 0.3755767 -0.8317745 0.40877056
vn 0.3755767 -0.8317745 0.40877056
vn 0.3755767 -0.8317745 0.40877056
vn 0.3755767 -0.8317745 0.40877056
vn -0.9090688 0.40560824 -0.0952675
vn -0.9090688 0.40560824 -0.0952675
vn -0.9090688 0.40560824 -0.0952675
vn -0.9090688 0.40560824 -0.0952675
vn -0.09037223 -0.864793 0.49392915
vn -0.09037223 -0.864793 0.49392915
vn -0.09037223 -0.864793 0.49392915
vn -0.09037223 -0.864793 0.49392915
vn 0.07631717 0.33939624 0.9375425
vn 0.07631717 0.33939624 0.9375425
vn 0.07631717 0.33939624 0.9375425
vn 0.07631717 0.33939624 0.9375425
vn 0.07631717 0.33939624 0.9375425
vn 0.07631717 0.33939624 0.9375425
vn 0.07631717 0.33939624 0.9375425
vn 0.07631717 0.33939624 0.9375425
vn 0.07631717 0.33939624 0.9375425
vn 0.07631717 0.33939624 0.9375425
vn 0.07631717 0.33939624 0.9375425
vn 0.07631717 0.33939624 0.9375425
vn 0.07631717 0.33939624 0.9375425
vn 0.07631717 0.33939624 0.9375425
vn 0.07631831 0.33939606 0.9375424
vn 0.07631831 0.33939606 0.9375424
vn 0.07631831 0.33939606 0.9375424
vn 0.07631831 0.33939606 0.9375424
vn 0.07631831 0.33939606 0.9375424
vn 0.07631831 0.33939606 0.9375424
vn 0.07631831 0.33939606 0.9375424
vn 0.07631831 0.33939606 0.9375424
vn -0.07631787 -0.33939576 -0.9375426
vn -0.07631787 -0.33939576 -0.9375426
vn -0.07631787 -0.33939576 -0.9375426
vn -0.07631787 -0.33939576 -0.9375426
vn -0.07631787 -0.33939576 -0.9375426
vn -0.07631787 -0.33939576 -0.9375426
vn -0.07631787 -0.33939576 -0.9375426
vn -0.07631787 -0.33939576 -0.9375426
vn -0.07631787 -0.33939576 -0.9375426
vn -0.07631787 -0.33939576 -0.9375426
vn -0.07631787 -0.33939576 -0.9375426
vn -0.07631787 -0.33939576 -0.9375426
vn -0.07631787 -0.33939576 -0.9375426
vn -0.07631787 -0.33939576 -0.9375426
vn -0.07631887 -0.33939615 -0.93754226
vn -0.07631887 -0.33939615 -0.93754226
vn -0.07631887 -0.33939615 -0.93754226
vn -0.07631887 -0.33939615 -0.93754226
vn -0.07631887 -0.33939615 -0.93754226
vn -0.07631887 -0.33939615 -0.93754226
vn -0.07631887 -0.33939615 -0.93754226
vn -0.07631887 -0.33939615 -0.93754226
vn 0.9547574 0.24617869 -0.16683634
vn 0.95475745 0.24617885 -0.16683586
vn 0.95475745 0.24617885 -0.16683586
vn 0.9547574 0.24617869 -0.16683635
vn -0.8075184 -0.5305278 0.2577873
vn -0.59203964 -0.74116015 0.31649745
vn -0.59203964 -0.74116015 0.31649745
vn -0.80751944 -0.5305264 0.25778687
vn -0.9900379 -0.08578915 0.1116471
vn -0.99003804 -0.08578871 0.111646935
vn -0.9497381 0.31105033 -0.03528989
vn -0.9497384 0.31104907 -0.035289418
vn -0.72212917 0.66718465 -0.18274017
vn -0.7221289 0.66718495 -0.1827403
vn -0.37534165 0.88089776 -0.2883361
vn -0.3753413 0.88089794 -0.2883362
vn -0.18317945 0.9290532 -0.32141164
vn -0.18317945 0.9290532 -0.32141164
vn 0.64102584 -0.736912 0.21458445
vn 0.6410273 -0.736911 0.21458395
vn 0.64102733 -0.73691094 0.2145839
vn 0.64102584 -0.736912 0.21458445
vn 0.9547574 0.24617855 -0.16683692
vn 0.9547574 0.24617869 -0.16683634
vn 0.9547574 0.24617869 -0.16683635
vn 0.9547574 0.24617855 -0.16683692
vn 0.6410273 -0.736911 0.21458395
vn 0.6410287 -0.7369099 0.2145834
vn 0.6410287 -0.7369099 0.2145834
vn 0.64102733 -0.73691094 0.2145839
vn 0.0005862046 2.5575557E-07 0.9999999
vn 0.0005862046 2.5575557E-07 0.9999999
vn 0.0005862046 2.5575557E-07 0.9999999
vn 0.0005862046 2.5575557E-07 0.9999999
vn 0.0005862046 2.5575557E-07 0.9999999
vn 0.0005862046 2.5575557E-07 0.9999999
vn 0.0005862046 2.5575557E-07 0.9999999
vn 0.0005862046 2.5575557E-07 0.9999999
vn 0.0005862046 2.5575557E-07 0.9999999
vn 0.0005862046 2.5575557E-07 0.9999999
vn 0.0005862046 2.5575557E-07 0.9999999
vn 0.0005862046 2.5575557E-07 0.9999999
vn 0.0005862046 2.5575557E-07 0.9999999
vn 0.0005862046 2.5575557E-07 0.9999999
vn 0.0005864225 0 0.9999999
vn 0.0005864225 0 0.9999999
vn 0.0005864225 0 0.9999999
vn 0.0005864225 0 0.9999999
vn 0.0005864225 0 0.9999999
vn 0.0005864225 0 0.9999999
vn 0.0005864225 0 0.9999999
vn 0.0005864225 0 0.9999999
vn 0.96135724 0.2753033 -0.0005638451
vn 0.96135765 0.27530184 -0.0005636679
vn 0.96135765 0.27530184 -0.0005636679
vn 0.96135724 0.2753033 -0.0005638451
vn -0.81773305 -0.57559747 0.00047949655
vn -0.6045885 -0.79653794 0.00035453273
vn -0.6045885 -0.79653794 0.00035453273
vn -0.81773317 -0.5755972 0.00047949664
vn -0.9944464 -0.10524192 0.0005832952
vn -0.9944464 -0.105241895 0.0005832951
vn -0.94831544 0.31732866 0.00055610377
vn -0.94831544 0.31732854 0.00055610377
vn -0.7148599 0.6992675 0.00041894423
vn -0.71485984 0.6992676 0.0004189441
vn -0.36389023 0.93144184 0.0002133136
vn -0.36389032 0.93144184 0.00021331366
vn -0.1704202 0.9853715 9.996213E-05
vn -0.1704202 0.9853715 9.996213E-05
vn 0.6324947 -0.77456456 -0.00037098082
vn 0.6324961 -0.77456343 -0.0003709312
vn 0.6324961 -0.77456343 -0.00037093114
vn 0.6324947 -0.77456456 -0.00037098082
vn 0.96135676 0.27530468 -0.0005640222
vn 0.96135724 0.2753033 -0.0005638451
vn 0.96135724 0.2753033 -0.0005638451
vn 0.96135676 0.27530468 -0.0005640222
vn 0.6324961 -0.77456343 -0.0003709312
vn 0.6324975 -0.77456236 -0.00037088146
vn 0.6324975 -0.77456236 -0.00037088146
vn 0.6324961 -0.77456343 -0.00037093114
vn 0.076350585 -0.07089763 0.99455726
vn 0.076350585 -0.07089763 0.99455726
vn 0.076350585 -0.07089763 0.99455726
vn 0.076350585 -0.07089763 0.99455726
vn 0.076350585 -0.07089763 0.99455726
vn 0.076350585 -0.07089763 0.99455726
vn 0.076350585 -0.07089763 0.99455726
vn 0.076350585 -0.07089763 0.99455726
vn 0.076350585 -0.07089763 0.99455726
vn 0.076350585 -0.07089763 0.99455726
vn 0.076350585 -0.07089763 0.99455726
vn 0.076350585 -0.07089763 0.99455726
vn 0.076350585 -0.07089763 0.99455726
vn 0.076350585 -0.07089763 0.99455726
vn 0.076351486 -0.07089831 0.99455714
vn 0.076351486 -0.07089831 0.99455714
vn 0.076351486 -0.07089831 0.99455714
vn 0.076351486 -0.07089831 0.99455714
vn 0.076351486 -0.07089831 0.99455714
vn 0.076351486 -0.07089831 0.99455714
vn 0.076351486 -0.07089831 0.99455714
vn 0.076351486 -0.07089831 0.99455714
vn -0.07635131 0.07089819 -0.99455714
vn -0.07635131 0.07089819 -0.99455714
vn -0.07635131 0.07089819 -0.99455714
vn -0.07635131 0.07089819 -0.99455714
vn -0.07635131 0.07089819 -0.99455714
vn -0.07635131 0.07089819 -0.99455714
vn -0.07635131 0.07089819 -0.99455714
vn -0.07635131 0.07089819 -0.99455714
vn -0.07635131 0.07089819 -0.99455714
vn -0.07635131 0.07089819 -0.99455714
vn -0.07635131 0.07089819 -0.99455714
vn -0.07635131 0.07089819 -0.99455714
vn -0.07635131 0.07089819 -0.99455714
vn -0.07635131 0.07089819 -0.99455714
vn -0.07635133 0.07089807 -0.99455714
vn -0.07635133 0.07089807 -0.99455714
vn -0.07635133 0.07089807 -0.99455714
vn -0.07635133 0.07089807 -0.99455714
vn -0.07635133 0.07089807 -0.99455714
vn -0.07635133 0.07089807 -0.99455714
vn -0.07635133 0.07089807 -0.99455714
vn -0.07635133 0.07089807 -0.99455714
vn 0.9548242 0.29250622 -0.052448805
vn 0.95482385 0.2925074 -0.052448638
vn 0.95482385 0.2925074 -0.052448638
vn 0.9548242 0.29250628 -0.052448813
vn -0.8076602 -0.58930904 0.01999329
vn -0.5922375 -0.80567455 -0.011966952
vn -0.5922375 -0.80567455 -0.011966952
vn -0.80766064 -0.5893086 0.019993352
vn -0.9900641 -0.12352081 0.06719963
vn -0.9900641 -0.12352021 0.06719968
vn -0.94966257 0.29877523 0.09420321
vn -0.9496624 0.29877597 0.09420325
vn -0.7219609 0.68404496 0.1041869
vn -0.7219603 0.6840456 0.10418691
vn -0.37511778 0.9221445 0.09453185
vn -0.37511784 0.92214435 0.09453186
vn -0.18294376 0.9795394 0.08386995
vn -0.18294376 0.9795394 0.08386995
vn 0.6408419 -0.76067424 -0.10342347
vn 0.64084166 -0.7606743 -0.10342413
vn 0.64084166 -0.76067436 -0.10342413
vn 0.6408419 -0.76067424 -0.10342347
vn 0.9548245 0.2925051 -0.052448973
vn 0.9548242 0.29250622 -0.052448805
vn 0.9548242 0.29250628 -0.052448813
vn 0.9548245 0.2925051 -0.052448973
vn 0.64084166 -0.7606743 -0.10342413
vn 0.6408414 -0.7606744 -0.1034248
vn 0.6408414 -0.7606744 -0.1034248
vn 0.64084166 -0.76067436 -0.10342413
vn 0.81794107 0.4439988 -0.36583796
vn 0.36317313 0.91609055 0.1699511
vn 0.56889075 0.8013302 0.1850226
vn 0.16190936 0.9211729 0.35387257
vn 0.8430959 0.43707284 -0.31329948
vn 0.20045888 0.8109135 0.5497596
vn 0.37277967 0.4343388 -0.81999093
vn -0.36977878 0.47873768 0.79628754
vn 0.30646938 0.4231552 -0.85265243
vn -0.40935275 0.48140857 0.77503294
vn -0.36680058 0.4061706 -0.83694845
vn -0.8826192 0.4024804 0.24288419
vn -0.3283324 0.4025212 -0.85450244
vn -0.8486541 0.42244983 0.3183117
vn -0.834689 0.39555046 -0.38318923
vn -0.8664274 0.38652077 -0.3160778
vn -0.4047665 -0.11773458 -0.9068091
vn 0.44307795 -0.050217364 -0.8950755
vn -0.37309512 -0.11606658 -0.9205045
vn -0.90807277 -0.075327076 -0.41198286
vn 0.44307807 -0.05021737 -0.8950755
vn -0.9396423 -0.061560642 -0.33657494
vn 0.9484351 0 -0.31697124
vn -0.9236549 0 0.3832253
vn 0.9484351 0 -0.31697124
vn -0.9236549 0 0.3832253
vn 0.92410403 0 0.38214114
vn -0.3821415 0 0.92410386
vn 0.92410403 0 0.3821411
vn -0.3821415 0 0.92410386
vn 0.38322592 0 0.9236546
vn 0.38322592 0 0.9236546
vn -4.1752116E-07 1 0
vn -7.087909E-07 1 0
vn 0.36317313 0.91609055 0.1699511
vn -4.835518E-07 1 0
vn -4.2560637E-07 1 0
vn 0.16190936 0.9211729 0.35387257
vn -2.6346925E-07 1 0
vn -0 1 0
vn -1.633992E-07 1 0
vn -0 1 0
vn 5.306414E-07 1 0
vn -0 1 -1.3820032E-07
vn 3.3859104E-07 1 0
vn -0 1 0
vn 5.4742486E-07 1 0
vn 3.93905E-07 1 -1.2707541E-07
vn -0.28417978 0.30010977 -0.91059095
vn -0.8024334 0.14470217 -0.5789317
vn -0.43461442 -0.08379992 -0.8967095
vn -0.95369697 -0.07688812 -0.2907754
vn -0.7577678 0.28827095 -0.5853954
vn -0.9383748 -0.04711335 -0.34239328
vn -0.7478999 0.570572 -0.33925414
vn -0.9823919 -0.16978335 -0.07797223
vn -0.75120723 0.54770845 -0.36837915
vn -0.98213255 -0.16802937 -0.08474555
vn -0.70812964 0.6984391 -0.10361048
vn -0.9794221 -0.18032101 0.09064568
vn -0.7061024 0.70247734 -0.089135334
vn -0.9800339 -0.18130775 0.08161471
vn -0.6945963 0.7126494 0.098320596
vn -0.910692 -0.07775739 0.40570176
vn -0.6946643 0.71156466 0.10543852
vn -0.58270764 -0.51559997 0.6281788
vn -0.70454806 0.6086848 0.36484915
vn -0.78629625 0.04484299 0.61622024
vn -0.70225453 0.56104183 0.43825865
vn -0.4468812 -0.16569427 0.8791147
vn -0.24386734 0.3011644 0.9218615
vn -0.7289817 0.31555298 0.60746354
vn -0.6686465 0.27902043 0.6892455
vn -0.5241 0.13378681 0.84108275
vn -0.44271213 0.2164574 0.87014484
vn -0.67148525 0.4133497 0.6150199
vn 0.15801962 -0.16040437 0.97432035
vn 0.3011208 -0.34578356 0.88868445
vn 0.30112076 0.34578404 0.88868415
vn -0.2931542 -0.34671465 0.8909824
vn 0.15801972 0.16040482 0.97432035
vn -0.15734309 -0.15800741 0.9748214
vn -0.15734321 0.1580079 0.9748214
vn -0.2931542 0.34671515 0.8909822
vn -0 -1 0
vn 2.150875E-07 -1 0
vn -0 -1 0
vn -1.92281E-07 -1 0
vn 1.6661492E-07 -1 0
vn -2.0416523E-07 -1 0
vn 1.6089534E-07 -1 0
vn -0 -1 0
vn -0 -1 0
vn -0 -1 0
vn 1.415704E-07 -1 0
vn 1.2621358E-07 -1 0
vn -0 -1 0
vn 2.3117978E-07 -1 0
vn 2.3365659E-07 -1 0
vn 1.3792538E-07 -1 0
vn 0.15801899 -0.1604043 0.9743205
vn 0.30112085 -0.34578395 0.8886843
vn 0.30112073 0.34578454 0.8886841
vn -0.2931528 -0.34671512 0.89098257
vn 0.15801904 0.16040437 0.9743205
vn -0.15734336 -0.15800704 0.9748215
vn -0.15734348 0.15800712 0.9748214
vn -0.2931529 0.3467157 0.8909824
vn -0.39718226 0.91773677 0.002309201
vn -0.28875703 0.93355167 0.21236914
vn -0.31996942 0.9177369 0.2353266
vn -0.35843715 0.9335516 0.0020829001
vn -0.3226853 0.9177362 -0.2315911
vn -0.10878114 0.933552 0.34153658
vn -0.120539196 0.9177373 0.37845552
vn -0.29120767 0.9335511 -0.20899878
vn -0.1249331 0.9177363 -0.37703037
vn 0.11274447 0.9335523 0.34024808
vn 0.124932 0.9177377 0.37702715
vn -0.11274588 0.9335511 -0.34025103
vn 0.120540775 0.9177363 -0.3784575
vn 0.29120472 0.93355244 0.208997
vn 0.32268247 0.9177378 0.23158894
vn 0.10878127 0.93355095 -0.3415394
vn 0.3199701 0.9177367 -0.23532644
vn 0.3584358 0.933552 -0.002083604
vn 0.39718106 0.91773736 -0.0023085729
vn 0.28875682 0.9335515 -0.21237029
vn 0.057136633 0.98336303 0.17243122
vn 0.14757743 0.9833629 0.10591591
vn -0 1 0
vn -0.055128377 0.9833629 0.17308457
vn 0.18164839 0.98336303 -0.0010560274
vn 0.14633699 0.9833627 -0.10762557
vn -0.14633687 0.9833628 0.10762443
vn 0.055128567 0.9833626 -0.17308606
vn -0.18164961 0.9833628 0.0010550513
vn -0.05713808 0.9833626 -0.17243321
vn -0.14757837 0.9833627 -0.105916694
vn -0.54632014 0.74013364 -0.3920924
vn -0.67244714 0.7401347 0.0039090803
vn -0.6724471 0.7401349 0.003911254
vn -0.5463195 0.7401337 -0.39209336
vn -0.5417236 0.74013454 0.39841735
vn -0.2115153 0.74013346 -0.63832885
vn -0.5417229 0.74013454 0.39841834
vn -0.2115171 0.74013346 -0.6383283
vn -0.2040811 0.7401364 0.640741
vn 0.2040812 0.7401331 -0.64074486
vn -0.20407951 0.74013644 0.6407415
vn 0.20408013 0.74013305 -0.64074516
vn 0.21151541 0.740138 0.63832355
vn 0.5417242 0.7401341 -0.3984174
vn 0.21151373 0.740138 0.6383241
vn 0.54172266 0.7401341 -0.39841962
vn 0.5463158 0.74013805 0.39209014
vn 0.6724441 0.74013764 -0.003909226
vn 0.54631567 0.74013805 0.3920903
vn 0.6724441 0.74013764 -0.0039097713
vn 0.22215421 0.961887 0.15943958
vn 0.22215433 0.961887 0.15943937
vn 0.2734433 0.9618868 -0.0015904716
vn 0.2734433 0.9618868 -0.0015898696
vn 0.086010054 0.9618871 0.25956774
vn 0.22028627 0.9618866 -0.16201313
vn 0.08600986 0.9618871 0.2595678
vn 0.22028667 0.9618866 -0.16201259
vn -0.082987234 0.9618869 0.26055098
vn 0.082987055 0.96188647 -0.26055226
vn -0.082987584 0.9618869 0.2605509
vn 0.08298745 0.96188647 -0.26055217
vn -0.22028665 0.96188647 0.16201285
vn -0.08601096 0.96188635 -0.25957045
vn -0.2202868 0.96188647 0.16201262
vn -0.08601126 0.96188635 -0.2595704
vn -0.27344406 0.9618866 0.0015900758
vn -0.22215548 0.96188647 -0.15944102
vn -0.27344403 0.9618866 0.0015900409
vn -0.22215573 0.96188647 -0.15944073
vn -0.81242 0 -0.5830727
vn -0.9999831 0 0.005813917
vn -0.9999831 0 0.005813917
vn -0.81242 0 -0.5830727
vn -0.8055862 0 0.5924786
vn -0.31454095 0 -0.9492439
vn -0.8055862 0 0.5924786
vn -0.31454095 0 -0.9492439
vn -0.30348432 0 0.95283645
vn 0.30348384 0 -0.95283663
vn -0.30348432 0 0.95283645
vn 0.30348384 0 -0.95283663
vn 0.31454015 0 0.94924426
vn 0.805586 0 -0.5924789
vn 0.31454015 0 0.94924426
vn 0.805586 0 -0.5924789
vn 0.8124202 0 0.5830724
vn 0.9999831 0 -0.0058150254
vn 0.8124202 0 0.5830724
vn 0.9999831 0 -0.0058150254
vn 0.25318757 -0.94932693 -0.18621041
vn 0.09538229 -0.94932693 -0.2994669
vn 0.09538146 -0.94932693 -0.2994672
vn 0.25318784 -0.94932693 -0.18621004
vn -0.09885721 -0.9493269 -0.29833838
vn 0.31428376 -0.9493274 -0.0018277456
vn -0.09885692 -0.9493269 -0.29833847
vn 0.31428376 -0.9493274 -0.0018274443
vn -0.25533593 -0.9493269 -0.18325421
vn 0.25533402 -0.9493277 0.18325256
vn -0.25533557 -0.9493269 -0.18325467
vn 0.2553339 -0.9493277 0.18325272
vn -0.31428483 -0.94932693 0.0018274498
vn 0.098855875 -0.9493277 0.29833612
vn -0.31428483 -0.94932693 0.0018272356
vn 0.0988562 -0.9493277 0.29833597
vn -0.25318778 -0.94932693 0.18621005
vn -0.09538195 -0.94932747 0.29946563
vn -0.25318787 -0.94932693 0.18620993
vn -0.09538168 -0.94932747 0.2994657
vn 0.7868922 0.21417795 -0.57873017
vn 0.27325 0.43510395 -0.85791546
vn 0.29644105 0.21417773 -0.9307259
vn 0.7253332 0.43510437 -0.53345656
vn -0.2832061 0.43510395 -0.8546806
vn 0.97677803 0.21417837 -0.005678853
vn -0.30724147 0.21417771 -0.9272166
vn 0.90036434 0.4351053 -0.0052352645
vn -0.73148686 0.43510363 -0.5249874
vn 0.79356766 0.2141787 0.5695417
vn -0.7935679 0.21417756 -0.56954193
vn 0.7314866 0.43510598 0.5249858
vn -0.90036464 0.43510485 0.005233918
vn 0.30724135 0.21417892 0.92721635
vn -0.97677815 0.21417812 0.0056790137
vn 0.2832053 0.43510637 0.8546795
vn -0.72533315 0.4351059 0.5334554
vn -0.29644093 0.21417889 0.93072563
vn -0.78689194 0.2141787 0.5787302
vn -0.27325073 0.4351062 0.85791415
vn -0.3957653 0.9177367 0.033602055
vn -0.27112317 0.9335519 0.23446372
vn -0.3004296 0.9177372 0.25980866
vn -0.3571585 0.9335515 0.030322762
vn -0.3399322 0.9177363 -0.20544133
vn -0.08152852 0.9335525 0.34904557
vn -0.09034018 0.9177382 0.38677558
vn -0.30677179 0.9335511 -0.18540078
vn -0.15425591 0.9177362 -0.36601284
vn 0.13920671 0.9335526 0.33030447
vn 0.15425402 0.9177382 0.36600855
vn -0.13920791 0.9335511 -0.33030835
vn 0.09034219 0.9177364 -0.38677934
vn 0.30676883 0.93355244 0.18539901
vn 0.3399289 0.9177379 0.20543966
vn 0.08152869 0.9335512 -0.34904918
vn 0.3004306 0.9177369 -0.2598086
vn 0.35715696 0.933552 -0.03032382
vn 0.39576358 0.9177376 -0.033600833
vn 0.27112344 0.9335515 -0.23446462
vn 0.07054676 0.98336315 0.16739222
vn 0.15546523 0.9833629 0.09395684
vn -0 1 0
vn -0.041316897 0.9833629 0.17689067
vn 0.18100105 0.9833628 -0.015367738
vn 0.13740061 0.9833627 -0.11882294
vn -0.1374002 0.9833629 0.11882202
vn 0.04131714 0.9833627 -0.17689173
vn -0.18100181 0.9833627 0.015366661
vn -0.07054866 0.9833626 -0.16739433
vn -0.15546589 0.9833627 -0.09395797
vn -0.5755201 0.7401324 -0.34782267
vn -0.6700487 0.74013424 0.056887574
vn -0.6700484 0.74013424 0.056889914
vn -0.57552004 0.7401324 -0.34782284
vn -0.50864226 0.7401344 0.4398683
vn -0.26116067 0.7401318 -0.6196773
vn -0.5086413 0.7401344 0.4398693
vn -0.26116297 0.74013186 -0.6196763
vn -0.15295318 0.74013597 0.65483135
vn 0.15295336 0.7401319 -0.6548358
vn -0.1529519 0.74013597 0.65483165
vn 0.15295267 0.740132 -0.65483594
vn 0.2611601 0.74013776 0.6196705
vn 0.50864303 0.74013364 -0.43986872
vn 0.26115793 0.74013776 0.6196714
vn 0.50864184 0.74013364 -0.43987
vn 0.5755157 0.740138 0.34781802
vn 0.67004555 0.74013704 -0.056888115
vn 0.5755153 0.740138 0.34781882
vn 0.67004544 0.74013704 -0.056889907
vn 0.23402755 0.961887 0.14143735
vn 0.2340277 0.961887 0.14143711
vn 0.27246785 0.9618868 -0.023133798
vn 0.27246785 0.9618868 -0.023133198
vn 0.1061974 0.9618871 0.2519828
vn 0.20683442 0.96188647 -0.17886883
vn 0.10619732 0.9618871 0.25198284
vn 0.20683478 0.96188647 -0.17886841
vn -0.062196247 0.9618869 0.2662802
vn 0.06219681 0.96188635 -0.26628214
vn -0.06219671 0.961887 0.26628006
vn 0.06219678 0.96188635 -0.26628223
vn -0.20683394 0.9618867 0.1788679
vn -0.1061984 0.96188635 -0.25198537
vn -0.20683408 0.9618867 0.17886779
vn -0.10619883 0.9618862 -0.2519852
vn -0.2724684 0.9618866 0.023133203
vn -0.23402916 0.96188647 -0.14143851
vn -0.27246836 0.9618866 0.023133174
vn -0.2340294 0.96188647 -0.14143811
vn -0.85584164 0 -0.51723796
vn -0.99641514 0 0.08459843
vn -0.99641514 0 0.08459843
vn -0.85584164 0 -0.51723796
vn -0.7563911 0 0.6541196
vn -0.38836667 0 -0.92150486
vn -0.7563911 0 0.6541196
vn -0.38836667 0 -0.92150486
vn -0.22745298 0 0.973789
vn 0.22745249 0 -0.9737892
vn -0.22745298 0 0.973789
vn 0.22745249 0 -0.9737892
vn 0.38836598 0 0.9215053
vn 0.75639117 0 -0.65411955
vn 0.38836598 0 0.9215053
vn 0.75639117 0 -0.65411955
vn 0.8558419 0 0.51723754
vn 0.996415 0 -0.08459919
vn 0.8558419 0 0.51723754
vn 0.996415 0 -0.08459919
vn 0.23772645 -0.9493269 -0.20558384
vn 0.07148637 -0.9493269 -0.30605248
vn 0.07148604 -0.9493269 -0.3060526
vn 0.2377267 -0.9493269 -0.20558348
vn -0.122060254 -0.94932675 -0.28962037
vn 0.31316313 -0.94932705 -0.026588911
vn -0.12205964 -0.94932675 -0.28962064
vn 0.3131632 -0.94932705 -0.026588546
vn -0.2689831 -0.94932675 -0.16256289
vn 0.26898196 -0.9493273 0.16256176
vn -0.26898286 -0.94932675 -0.16256326
vn 0.26898172 -0.9493273 0.16256219
vn -0.31316298 -0.9493272 0.026588589
vn 0.122058764 -0.9493277 0.28961807
vn -0.31316298 -0.9493272 0.02658839
vn 0.122058906 -0.9493277 0.28961805
vn -0.23772548 -0.9493274 0.20558247
vn -0.07148622 -0.9493277 0.30604994
vn -0.23772542 -0.9493274 0.20558254
vn -0.071485505 -0.9493277 0.30605006
vn 0.7388389 0.21417777 -0.63894045
vn 0.20479365 0.43510386 -0.87678057
vn 0.22217473 0.21417767 -0.951192
vn 0.6810394 0.43510404 -0.58895653
vn -0.34967718 0.435104 -0.829705
vn 0.973293 0.21417817 -0.08263512
vn -0.37935427 0.21417774 -0.9001213
vn 0.897152 0.43510485 -0.07617109
vn -0.7705829 0.43510395 -0.46571085
vn 0.83598185 0.21417871 0.50523436
vn -0.835982 0.21417768 -0.50523454
vn 0.7705827 0.43510592 0.46570933
vn -0.89715207 0.435105 0.07616991
vn 0.37935403 0.21417914 0.900121
vn -0.9732929 0.2141782 0.08263516
vn 0.3496765 0.43510687 0.82970375
vn -0.6810389 0.435106 0.5889557
vn -0.2221743 0.21417895 0.9511919
vn -0.73883855 0.21417876 0.63894063
vn -0.20479423 0.43510634 0.8767792
vn -0.3862998 0.91773736 -0.092360444
vn -0.3310301 0.9335518 0.1374782
vn -0.36681166 0.9177373 0.15233986
vn -0.3486171 0.9335516 -0.083352245
vn -0.25823534 0.917737 -0.3017836
vn -0.18700022 0.9335522 0.3057961
vn -0.20721349 0.9177378 0.3388509
vn -0.23304528 0.9335512 -0.27234545
vn -0.03153308 0.91773677 -0.39593548
vn 0.028456822 0.9335523 0.3573098
vn 0.031532902 0.917738 0.39593273
vn -0.028457254 0.9335511 -0.357313
vn 0.2072156 0.9177365 -0.33885306
vn 0.23304306 0.9335523 0.27234346
vn 0.25823286 0.917738 0.3017826
vn 0.18700142 0.93355095 -0.30579898
vn 0.36681354 0.9177365 -0.1523401
vn 0.3486164 0.9335519 0.08335145
vn 0.3862993 0.9177375 0.092361495
vn 0.33103114 0.9335512 -0.13747935
vn 0.014421145 0.98336303 0.1810781
vn 0.11810237 0.9833628 0.13801928
vn -0 1 0
vn -0.09476851 0.9833628 0.15497245
vn 0.17667289 0.9833628 0.042240955
vn 0.16776095 0.9833626 -0.06967248
vn -0.16776088 0.9833627 0.06967139
vn 0.09476921 0.9833625 -0.15497409
vn -0.17667407 0.9833626 -0.042242214
vn -0.014421679 0.9833625 -0.18108118
vn -0.11810371 0.9833626 -0.13802059
vn -0.43720508 0.74013305 -0.51093525
vn -0.654025 0.7401342 -0.15637341
vn -0.65402573 0.74013424 -0.15637062
vn -0.43720388 0.74013305 -0.51093626
vn -0.62103045 0.74013466 0.25791818
vn -0.05338533 0.74013275 -0.67033833
vn -0.6210302 0.7401347 0.25791875
vn -0.05338688 0.74013275 -0.6703383
vn -0.350824 0.7401361 0.5736907
vn 0.35082492 0.74013317 -0.57369393
vn -0.35082233 0.740136 0.5736918
vn 0.35082456 0.7401331 -0.57369417
vn 0.0533868 0.7401366 0.670334
vn 0.621031 0.7401342 -0.2579185
vn 0.053385694 0.7401366 0.670334
vn 0.62103045 0.74013424 -0.25791973
vn 0.4372029 0.7401364 0.5109322
vn 0.65402275 0.74013644 0.15637253
vn 0.43720216 0.74013644 0.5109329
vn 0.6540232 0.7401364 0.15637061
vn 0.17778324 0.9618871 0.20776506
vn 0.17778353 0.9618871 0.20776483
vn 0.2659517 0.9618869 0.06358634
vn 0.26595157 0.9618869 0.06358688
vn 0.021708773 0.96188724 0.27258325
vn 0.25253555 0.9618867 -0.104880266
vn 0.021708703 0.96188724 0.27258322
vn 0.25253573 0.9618867 -0.10487978
vn -0.14265817 0.9618871 0.23328479
vn 0.14265884 0.9618867 -0.23328625
vn -0.14265858 0.9618871 0.23328452
vn 0.14265904 0.9618867 -0.23328614
vn -0.2525358 0.9618867 0.10488001
vn -0.021709232 0.9618866 -0.27258554
vn -0.2525359 0.9618867 0.10487971
vn -0.021709112 0.9618866 -0.27258554
vn -0.2659529 0.9618866 -0.063587
vn -0.17778479 0.96188647 -0.20776671
vn -0.26595286 0.9618866 -0.06358727
vn -0.17778501 0.96188647 -0.20776656
vn -0.65015703 0 -0.7597999
vn -0.9725874 0 -0.23253745
vn -0.9725874 0 -0.23253745
vn -0.65015703 0 -0.7597999
vn -0.9235221 0 0.3835453
vn -0.0793897 0 -0.9968437
vn -0.9235221 0 0.3835453
vn -0.0793897 0 -0.9968437
vn -0.52170426 0 0.85312647
vn 0.5217034 0 -0.85312694
vn -0.52170426 0 0.85312647
vn 0.5217034 0 -0.85312694
vn 0.079389304 0 0.9968437
vn 0.9235219 0 -0.38354567
vn 0.079389304 0 0.9968437
vn 0.9235219 0 -0.38354567
vn 0.65015733 0 0.75979954
vn 0.97258747 0 0.23253712
vn 0.65015733 0 0.75979954
vn 0.97258747 0 0.23253712
vn 0.2902531 -0.9493272 -0.120544635
vn 0.16396618 -0.9493272 -0.26812866
vn 0.16396596 -0.9493272 -0.26812878
vn 0.29025343 -0.9493272 -0.12054402
vn -0.024951367 -0.94932705 -0.313298
vn 0.30567333 -0.94932747 0.07308356
vn -0.024951542 -0.94932705 -0.31329796
vn 0.30567327 -0.94932747 0.0730838
vn -0.20433822 -0.9493269 -0.2387979
vn 0.20433688 -0.9493276 0.2387959
vn -0.20433824 -0.9493269 -0.23879787
vn 0.20433663 -0.9493277 0.23879616
vn -0.30567425 -0.9493272 -0.07308396
vn 0.024951018 -0.9493277 0.31329572
vn -0.30567417 -0.94932705 -0.073084354
vn 0.024951087 -0.9493277 0.3132957
vn -0.2902529 -0.9493273 0.12054461
vn -0.16396546 -0.9493277 0.2681274
vn -0.29025328 -0.9493273 0.12054372
vn -0.16396527 -0.9493277 0.26812756
vn 0.90209126 0.21417807 -0.37464526
vn 0.4697312 0.43510404 -0.76813865
vn 0.5095969 0.21417774 -0.83333
vn 0.8315202 0.43510467 -0.34533745
vn -0.07148062 0.4351039 -0.89753836
vn 0.95001805 0.21417868 0.22714163
vn -0.07754706 0.2141777 -0.97371167
vn 0.8756976 0.4351059 0.20937143
vn -0.5853886 0.43510404 -0.6841086
vn 0.6350699 0.21417907 0.74216807
vn -0.6350705 0.21417774 -0.742168
vn 0.5853877 0.43510664 0.6841078
vn -0.8756979 0.43510497 -0.20937248
vn 0.07754677 0.2141789 0.9737114
vn -0.9500182 0.21417816 -0.22714095
vn 0.0714804 0.43510634 0.89753723
vn -0.83152056 0.4351055 0.34533587
vn -0.509597 0.2141787 0.8333297
vn -0.90209115 0.2141785 0.37464538
vn -0.46973136 0.43510592 0.7681375
vn -0.6567189 -0.023559036 -0.7537673
vn -0.6465243 0.0067119314 -0.76286393
vn -0.64350283 -0.13430129 -0.75356966
vn -0.6062353 -0.06435917 -0.7926768
vn -0.5183211 0.3953813 -0.7582987
vn -0.5663586 0.044367116 -0.82296383
vn -0.51570547 0.35996717 -0.7774777
vn -0.63982254 -0.03694991 -0.7676339
vn -0.55887014 0.68554515 -0.46657482
vn -0.81653523 -0.22826363 -0.53025085
vn -0.5550634 0.6271283 -0.54645646
vn -0.85671055 -0.27978402 -0.43332195
vn -0.5497895 0.825783 -0.12575309
vn -0.9156838 -0.3817553 -0.12564227
vn -0.5498465 0.82435787 -0.13454679
vn -0.9165091 -0.38310155 -0.11508336
vn -0.56611246 0.81341386 0.13369569
vn -0.92247486 -0.3692551 0.112654105
vn -0.56423855 0.8169612 0.1192019
vn -0.92222416 -0.36679304 0.12233368
vn -0.61295867 0.6522784 0.44588614
vn -0.86118805 -0.19402711 0.46979645
vn -0.6162737 0.62116635 0.48410642
vn -0.88006574 -0.22996786 0.41545045
vn -0.6138312 0.34188032 0.7115681
vn -0.6711057 0.0773561 0.7373148
vn -0.6117931 0.27655664 0.74109757
vn -0.7195437 0.011304809 0.6943552
vn -0.0005373475 -0.39746973 -0.9176151
vn -0.00042555842 -0.6887656 -0.72498393
vn 0.42578995 -0.68876636 -0.5867741
vn 0.53892595 -0.3974696 -0.74268204
vn -0.5397962 -0.39746994 -0.74204975
vn 0.68936616 -0.68876857 -0.22443746
vn -0.42647982 -0.68876475 -0.5862748
vn 0.87253726 -0.39747036 -0.28407055
vn -0.8728698 -0.39747047 -0.283047
vn 0.6896279 -0.6887699 0.22362772
vn -0.6896318 -0.68876547 -0.22362897
vn 0.87286925 -0.39747104 0.28304765
vn -0.8725369 -0.39747137 0.28407016
vn 0.42647663 -0.6887696 0.5862714
vn -0.6893685 -0.6887667 0.22443609
vn 0.53979534 -0.39747182 0.7420493
vn -0.5389246 -0.39747238 0.7426817
vn 0.000424872 -0.68876946 0.72498024
vn -0.4257912 -0.68876773 0.58677167
vn 0.00053880684 -0.3974725 0.9176139
vn 0.36955217 0.9214504 0.119834706
vn 0.78606695 0.5626773 -0.25591588
vn 0.36940783 0.9214518 -0.120267935
vn 0.7863684 0.56267244 0.2549988
vn 0.4855155 0.562682 -0.6690767
vn 0.22853735 0.9214503 0.31416568
vn 0.22816455 0.9214524 -0.31443015
vn 0.48630366 0.5626707 0.66851366
vn -0.0004842894 0.5626853 -0.82667106
vn 0.00022752771 0.9214506 0.38849553
vn -0.00022797882 0.92145336 -0.388489
vn 0.00048436166 0.5626711 0.8266807
vn -0.48629802 0.5626852 -0.66850543
vn -0.22816826 0.9214503 0.3144336
vn -0.22853228 0.9214531 -0.314161
vn -0.4855183 0.5626723 0.6690827
vn -0.7863622 0.5626835 -0.2549939
vn -0.3694079 0.92145205 0.120266646
vn -0.3695462 0.9214528 -0.11983405
vn -0.78606474 0.56267846 0.25592032
vn -0 1 0
vn -0.22853228 0.9214531 -0.314161
vn 1.9613995E-07 1 0
vn -0.00022797882 0.92145336 -0.388489
vn -0.3695462 0.9214528 -0.11983405
vn -0 1 0
vn -0 1 0
vn 0.22816455 0.9214524 -0.31443015
vn -0.3694079 0.92145205 0.120266646
vn -1.9614161E-07 1 0
vn -0 1 0
vn 0.36940783 0.9214518 -0.120267935
vn -0.22816826 0.9214503 0.3144336
vn -1.9614701E-07 1 0
vn 1.9614743E-07 1 0
vn 0.36955217 0.9214504 0.119834706
vn 0.00022752771 0.9214506 0.38849553
vn -0 1 0
vn -0 1 0
vn 0.22853735 0.9214503 0.31416568
vn -0.15734321 0.1580079 0.9748214
vn -0.15734309 -0.15800741 0.9748214
vn -0.05311037 -0.052159354 0.9972255
vn -0.05311056 0.052159596 0.9972255
vn 0.053437173 -0.050808728 0.9972778
vn 0.15801972 0.16040482 0.97432035
vn 0.15801962 -0.16040437 0.97432035
vn 0.053437293 0.05080901 0.9972778
vn -0.4264401 0.893883 -0.13828248
vn -0.34087884 0.81499356 -0.46860114
vn -0.17845121 0.952878 -0.24531369
vn -0.33527076 0.93582773 -0.10872002
vn -0.551003 0.81499416 0.17938828
vn -0.00020767082 0.93582773 -0.35245767
vn -0.00026347447 0.89388317 -0.44830006
vn 0.17816272 0.9528779 -0.24552357
vn 0.34032816 0.81499314 -0.46900195
vn 0.33514345 0.9358276 -0.109112866
vn 0.426278 0.8938826 -0.13878347
vn 0.28856197 0.9528779 0.09357218
vn 0.5512142 0.81499326 0.17874247
vn -0.28845155 0.9528781 0.09391008
vn -0.26329178 0.8938837 0.36283514
vn 0.20733623 0.93582773 0.28502327
vn 0.2637166 0.89388317 0.36252785
vn 0.00017748802 0.952878 0.3033536
vn 0.00033977465 0.81499404 0.5794692
vn -0.2070013 0.9358279 0.28526568
vn -0.15734348 0.15800712 0.9748214
vn -0.15734336 -0.15800704 0.9748215
vn -0.05311101 -0.0521593 0.9972255
vn -0.053111196 0.052159045 0.9972255
vn 0.053436093 -0.050808642 0.9972778
vn 0.15801904 0.16040437 0.9743205
vn 0.15801899 -0.1604043 0.9743205
vn 0.05343621 0.050808433 0.9972778
vn -0.17669708 0.19213317 0.9653305
vn -0.50984114 -0.12815411 0.85066944
vn -0.095612116 -0.031865925 0.9949085
vn -0.055877004 0.05798175 0.9967527
vn -0.05941951 -0.06391687 0.99618477
vn 0.17782912 0.19213298 0.9651226
vn -0.06651138 -0.059355576 0.9960187
vn 0.057045843 0.057981957 0.9966864
vn -0.019715458 -0.0783409 0.99673164
vn 0.5108374 -0.1281544 0.85007155
vn -0.13490689 -0.48106426 0.86624324
vn 0.096779086 -0.03186611 0.9947956
vn 0.02088387 -0.078340776 0.9967078
vn 0.06767951 -0.059355598 0.99593997
vn 0.13592254 -0.48106402 0.8660845
vn 0.060587816 -0.06391678 0.99611425
vn 0.29054362 -0.28889185 -0.9122094
vn 0.29644105 0.21417773 -0.9307259
vn -0.30724147 0.21417771 -0.9272166
vn -0.30112898 -0.28889185 -0.90877
vn -0.7935679 0.21417756 -0.56954193
vn 0.7712372 -0.2888925 -0.56721634
vn 0.7868922 0.21417795 -0.57873017
vn -0.77778 -0.28889197 -0.5582111
vn -0.97677815 0.21417812 0.0056790137
vn 0.9573452 -0.28889284 -0.005565725
vn 0.97677803 0.21417837 -0.005678853
vn -0.9573454 -0.28889245 0.0055661625
vn -0.78689194 0.2141787 0.5787302
vn 0.77777976 -0.28889373 0.55821073
vn 0.79356766 0.2141787 0.5695417
vn -0.7712366 -0.2888929 0.56721675
vn -0.29644093 0.21417889 0.93072563
vn 0.30112877 -0.28889436 0.90876925
vn 0.30724135 0.21417892 0.92721635
vn -0.29054296 -0.28889382 0.912209
vn 0.8138873 -0.5810035 -0.004732078
vn 0.6556678 -0.58100253 -0.4822197
vn 0.6612298 -0.58100474 0.4745614
vn 0.25600448 -0.58100635 0.7725887
vn 0.24700546 -0.5810014 -0.77551645
vn -0.2470055 -0.58100504 0.7755136
vn -0.6556673 -0.5810034 0.48221937
vn -0.25600585 -0.58100134 -0.77259195
vn -0.8138879 -0.5810028 0.004730893
vn -0.66123056 -0.5810016 -0.47456446
vn 0.21775466 -0.28889152 -0.9322685
vn 0.22217473 0.21417767 -0.951192
vn -0.37935427 0.21417774 -0.9001213
vn -0.3718069 -0.28889146 -0.88221395
vn -0.835982 0.21417768 -0.50523454
vn 0.72414005 -0.28889245 -0.62622863
vn 0.7388389 0.21417777 -0.63894045
vn -0.81935066 -0.28889206 -0.4951827
vn -0.9732929 0.2141782 0.08263516
vn 0.95392936 -0.28889322 -0.08099099
vn 0.973293 0.21417817 -0.08263512
vn -0.9539296 -0.28889236 0.08099131
vn -0.73883855 0.21417876 0.63894063
vn 0.81934977 -0.2888943 0.4951828
vn 0.83598185 0.21417871 0.50523436
vn -0.72413945 -0.28889304 0.62622905
vn -0.2221743 0.21417895 0.9511919
vn 0.3718067 -0.2888943 0.8822131
vn 0.37935403 0.21417914 0.900121
vn -0.2177537 -0.2888937 0.9322681
vn 0.81098294 -0.581004 -0.06885433
vn 0.61562824 -0.58100235 -0.5323891
vn 0.6965697 -0.58100593 0.42097834
vn 0.31609055 -0.58100617 0.75001246
vn 0.18512368 -0.58100086 -0.79257005
vn -0.18512358 -0.58100486 0.7925672
vn -0.6156281 -0.58100355 0.5323879
vn -0.31609312 -0.5810008 -0.75001556
vn -0.81098413 -0.5810025 0.0688544
vn -0.6965719 -0.5810018 -0.42098042
vn 0.49945855 -0.28889212 -0.8167512
vn 0.5095969 0.21417774 -0.83333
vn -0.07754706 0.2141777 -0.97371167
vn -0.07600425 -0.28889215 -0.9543399
vn -0.6350705 0.21417774 -0.742168
vn 0.8841445 -0.2888926 -0.36719173
vn 0.90209126 0.21417807 -0.37464526
vn -0.62243605 -0.28889233 -0.7274027
vn -0.9500182 0.21417816 -0.22714095
vn 0.93111753 -0.2888933 0.22262277
vn 0.95001805 0.21417868 0.22714163
vn -0.93111783 -0.28889295 -0.22262193
vn -0.90209115 0.2141785 0.37464538
vn 0.6224353 -0.28889388 0.7274027
vn 0.6350699 0.21417907 0.74216807
vn -0.88414407 -0.28889313 0.36719185
vn -0.509597 0.2141787 0.8333297
vn 0.07600383 -0.2888942 0.95433927
vn 0.07754677 0.2141789 0.9737114
vn -0.4994582 -0.28889364 0.81675076
vn 0.79158944 -0.5810042 0.18926229
vn 0.75165594 -0.5810027 -0.3121685
vn 0.5291632 -0.5810053 0.6184006
vn 0.06461497 -0.581006 0.81133044
vn 0.4246155 -0.5810019 -0.6943619
vn -0.42461497 -0.5810048 0.6943597
vn -0.7516554 -0.5810039 0.31216773
vn -0.06461532 -0.5810021 -0.81133306
vn -0.7915897 -0.5810034 -0.1892635
vn -0.52916425 -0.58100235 -0.6184024
vn -0.8549791 0.37187842 -0.36154822
vn -0.34902474 0.37190613 -0.8601556
vn -0.8549969 0.37187845 -0.36150625
vn -0.34897518 0.37190607 -0.8601756
vn -0.86009806 0.37188622 0.3491876
vn 0.3613332 0.371952 -0.85503805
vn -0.8601175 0.37188622 0.34913972
vn 0.36129153 0.37195197 -0.85505563
vn -0.36133856 0.37192163 0.855049
vn 0.86016697 0.37186927 -0.34903604
vn -0.36138526 0.3719216 0.8550292
vn 0.86014736 0.3718693 -0.34908426
vn 0.34892204 0.37196177 0.86017317
vn 0.8550469 0.37187117 0.3613952
vn 0.34897405 0.37196177 0.86015207
vn 0.8550239 0.37187117 0.36144978
vn -0.88633215 0.271918 -0.37480137
vn -0.36181876 0.271941 -0.8917035
vn -0.886346 0.27191794 -0.3747685
vn -0.36178103 0.271941 -0.89171886
vn -0.89164096 0.27192447 0.3619857
vn 0.37458092 0.27197614 -0.88640743
vn -0.89165545 0.27192444 0.3619499
vn 0.3745495 0.27197614 -0.8864207
vn -0.37459585 0.27195165 0.8864086
vn 0.8917035 0.27190998 -0.36184224
vn -0.37463173 0.27195162 0.8863935
vn 0.89168864 0.27191 -0.36187908
vn 0.3617284 0.27198276 0.8917275
vn 0.88639545 0.27191126 0.3746564
vn 0.36176828 0.2719827 0.89171135
vn 0.8863782 0.2719113 0.37469724
vn -0.85497963 0.3718783 -0.36154717
vn -0.3490255 0.37190664 -0.860155
vn -0.85499775 0.37187833 -0.36150432
vn -0.34897697 0.37190658 -0.8601747
vn -0.86009854 0.3718843 0.34918866
vn 0.36133268 0.3719523 -0.8550381
vn -0.86011827 0.3718842 0.34913987
vn 0.36129206 0.3719523 -0.8550553
vn -0.36133716 0.3719213 0.8550497
vn 0.8601664 0.3718698 -0.34903693
vn -0.3613858 0.37192136 0.85502917
vn 0.8601467 0.37186977 -0.34908527
vn 0.3489206 0.3719622 0.86017346
vn 0.8550469 0.37187117 0.36139527
vn 0.34897393 0.37196216 0.8601519
vn 0.8550241 0.37187123 0.36144945
vn -0.88633335 0.27191618 -0.3747997
vn -0.36181793 0.27193946 -0.8917044
vn -0.8863473 0.27191618 -0.37476665
vn -0.3617806 0.27193952 -0.8917195
vn -0.89164084 0.27192283 0.36198705
vn 0.37458083 0.27197582 -0.8864075
vn -0.89165545 0.27192286 0.3619511
vn 0.37454924 0.27197585 -0.8864209
vn -0.37459663 0.2719518 0.88640815
vn 0.8917036 0.27191147 -0.36184096
vn -0.37463263 0.2719518 0.886393
vn 0.8916891 0.2719115 -0.36187652
vn 0.36172906 0.2719834 0.89172703
vn 0.8863944 0.27191198 0.3746583
vn 0.36176842 0.27198347 0.8917111
vn 0.8863769 0.27191198 0.37469977
vn -0.8549794 0.3718776 -0.3615484
vn -0.3490272 0.37190396 -0.8601555
vn -0.854997 0.37187764 -0.36150688
vn -0.34897444 0.371904 -0.8601769
vn -0.86009806 0.37188634 0.34918752
vn 0.36133373 0.3719512 -0.8550382
vn -0.8601177 0.37188634 0.34913918
vn 0.36129075 0.37195116 -0.85505635
vn -0.36133793 0.3719214 0.8550494
vn 0.8601667 0.37186944 -0.34903628
vn -0.36138564 0.3719214 0.8550292
vn 0.86014754 0.3718694 -0.34908342
vn 0.3489216 0.3719608 0.86017376
vn 0.8550465 0.3718709 0.36139664
vn 0.3489748 0.37196076 0.86015224
vn 0.855024 0.37187088 0.36144996
vn -0.8863325 0.2719149 -0.37480256
vn -0.3618178 0.27194023 -0.89170414
vn -0.8863461 0.2719149 -0.37477037
vn -0.3617801 0.27194026 -0.89171946
vn -0.8916418 0.27191946 0.36198694
vn 0.37458163 0.27197382 -0.8864078
vn -0.8916569 0.27191946 0.36194992
vn 0.374548 0.27197385 -0.88642204
vn -0.37459546 0.27194974 0.8864094
vn 0.8917034 0.2719066 -0.36184517
vn -0.374633 0.27194974 0.8863935
vn 0.89168864 0.2719066 -0.36188138
vn 0.36172757 0.27198362 0.89172757
vn 0.88639563 0.2719111 0.37465605
vn 0.3617657 0.27198356 0.891712
vn 0.8863783 0.27191108 0.37469715
vn 0.58397007 -0.10650781 -0.8047577
vn 0.53892595 -0.3974696 -0.74268204
vn 0.87253726 -0.39747036 -0.28407055
vn 0.9454663 -0.10650683 -0.30781436
vn -0.0005831756 -0.10650937 -0.9943116
vn 0.87286925 -0.39747104 0.28304765
vn -0.0005373475 -0.39746973 -0.9176151
vn 0.9458264 -0.10650702 0.30670604
vn -0.58491385 -0.10651037 -0.80407166
vn 0.53979534 -0.39747182 0.7420493
vn -0.5397962 -0.39746994 -0.74204975
vn 0.58491284 -0.10650837 0.8040727
vn -0.9458264 -0.106510654 -0.3067048
vn 0.00053880684 -0.3974725 0.9176139
vn -0.8728698 -0.39747047 -0.283047
vn 0.0005825546 -0.10651049 0.99431145
vn -0.94546604 -0.1065115 0.30781376
vn -0.5389246 -0.39747238 0.7426817
vn -0.8725369 -0.39747137 0.28407016
vn -0.58397067 -0.10651193 0.8047568
g Shawarma_0
f 3/3/3 2/2/2 1/1/1
f 6/6/6 5/5/5 4/4/4
f 9/9/9 8/8/8 7/7/7
f 12/12/12 11/11/11 10/10/10
f 15/15/15 14/14/14 13/13/13
f 16/16/16 15/15/15 13/13/13
f 19/19/19 18/18/18 17/17/17
f 20/20/20 19/19/19 17/17/17
f 23/23/23 22/22/22 21/21/21
f 24/24/24 23/23/23 21/21/21
f 27/27/27 26/26/26 25/25/25
f 28/28/28 27/27/27 25/25/25
f 31/31/31 30/30/30 29/29/29
f 32/32/32 31/31/31 29/29/29
f 35/35/35 34/34/34 33/33/33
f 36/36/36 35/35/35 33/33/33
f 39/39/39 38/38/38 37/37/37
f 37/37/37 40/40/40 39/39/39
f 40/40/40 41/41/41 39/39/39
f 41/41/41 42/42/42 39/39/39
f 41/41/41 43/43/43 42/42/42
f 41/41/41 44/44/44 43/43/43
f 47/47/47 46/46/46 45/45/45
f 48/48/48 47/47/47 45/45/45
f 48/48/48 45/45/45 49/49/49
f 50/50/50 48/48/48 49/49/49
f 50/50/50 49/49/49 51/51/51
f 52/52/52 50/50/50 51/51/51
f 52/52/52 51/51/51 53/53/53
f 54/54/54 52/52/52 53/53/53
f 54/54/54 53/53/53 55/55/55
f 56/56/56 54/54/54 55/55/55
f 56/56/56 55/55/55 57/57/57
f 58/58/58 56/56/56 57/57/57
f 58/58/58 57/57/57 59/59/59
f 60/60/60 58/58/58 59/59/59
f 63/63/63 62/62/62 61/61/61
f 64/64/64 63/63/63 61/61/61
f 67/67/67 66/66/66 65/65/65
f 65/65/65 68/68/68 67/67/67
f 65/65/65 69/69/69 68/68/68
f 69/69/69 70/70/70 68/68/68
f 70/70/70 71/71/71 68/68/68
f 71/71/71 72/72/72 68/68/68
f 67/67/67 68/68/68 73/73/73
f 68/68/68 74/74/74 73/73/73
f 76/76/76 73/73/73 75/75/75
f 77/77/77 76/76/76 75/75/75
f 77/77/77 75/75/75 78/78/78
f 79/79/79 77/77/77 78/78/78
f 79/79/79 78/78/78 80/80/80
f 81/81/81 79/79/79 80/80/80
f 81/81/81 80/80/80 82/82/82
f 83/83/83 81/81/81 82/82/82
f 83/83/83 82/82/82 84/84/84
f 85/85/85 83/83/83 84/84/84
f 85/85/85 84/84/84 86/86/86
f 87/87/87 85/85/85 86/86/86
f 87/87/87 86/86/86 74/74/74
f 88/88/88 87/87/87 74/74/74
f 91/91/91 90/90/90 89/89/89
f 92/92/92 91/91/91 89/89/89
f 95/95/95 94/94/94 93/93/93
f 96/96/96 95/95/95 93/93/93
f 99/99/99 98/98/98 97/97/97
f 100/100/100 99/99/99 97/97/97
f 103/103/103 102/102/102 101/101/101
f 104/104/104 103/103/103 101/101/101
f 107/107/107 106/106/106 105/105/105
f 108/108/108 107/107/107 105/105/105
f 111/111/111 110/110/110 109/109/109
f 112/112/112 111/111/111 109/109/109
f 115/115/115 114/114/114 113/113/113
f 116/116/116 115/115/115 113/113/113
f 119/119/119 118/118/118 117/117/117
f 120/120/120 119/119/119 117/117/117
f 123/123/123 122/122/122 121/121/121
f 124/124/124 123/123/123 121/121/121
f 127/127/127 126/126/126 125/125/125
f 128/128/128 127/127/127 125/125/125
f 131/131/131 130/130/130 129/129/129
f 132/132/132 131/131/131 129/129/129
f 135/135/135 134/134/134 133/133/133
f 136/136/136 135/135/135 133/133/133
f 139/139/139 138/138/138 137/137/137
f 140/140/140 139/139/139 137/137/137
f 143/143/143 142/142/142 141/141/141
f 144/144/144 143/143/143 141/141/141
f 147/147/147 146/146/146 145/145/145
f 148/148/148 147/147/147 145/145/145
f 151/151/151 150/150/150 149/149/149
f 152/152/152 151/151/151 149/149/149
f 155/155/155 154/154/154 153/153/153
f 156/156/156 155/155/155 153/153/153
f 159/159/159 158/158/158 157/157/157
f 160/160/160 159/159/159 157/157/157
f 163/163/163 162/162/162 161/161/161
f 164/164/164 163/163/163 161/161/161
f 167/167/167 166/166/166 165/165/165
f 168/168/168 167/167/167 165/165/165
f 171/171/171 170/170/170 169/169/169
f 172/172/172 171/171/171 169/169/169
f 175/175/175 174/174/174 173/173/173
f 176/176/176 175/175/175 173/173/173
f 176/176/176 173/173/173 177/177/177
f 178/178/178 176/176/176 177/177/177
f 178/178/178 177/177/177 179/179/179
f 180/180/180 178/178/178 179/179/179
f 183/183/183 182/182/182 181/181/181
f 184/184/184 183/183/183 181/181/181
f 184/184/184 181/181/181 185/185/185
f 186/186/186 184/184/184 185/185/185
f 186/186/186 185/185/185 187/187/187
f 188/188/188 186/186/186 187/187/187
f 191/191/191 190/190/190 189/189/189
f 192/192/192 191/191/191 189/189/189
f 192/192/192 189/189/189 193/193/193
f 194/194/194 192/192/192 193/193/193
f 194/194/194 193/193/193 195/195/195
f 196/196/196 194/194/194 195/195/195
f 199/199/199 198/198/198 197/197/197
f 200/200/200 199/199/199 197/197/197
f 201/201/201 199/199/199 200/200/200
f 202/202/202 201/201/201 200/200/200
f 203/203/203 201/201/201 202/202/202
f 204/204/204 203/203/203 202/202/202
f 207/207/207 206/206/206 205/205/205
f 206/206/206 208/208/208 205/205/205
f 206/206/206 209/209/209 208/208/208
f 209/209/209 210/210/210 208/208/208
f 209/209/209 211/211/211 210/210/210
f 211/211/211 212/212/212 210/210/210
f 215/215/215 214/214/214 213/213/213
f 216/216/216 215/215/215 213/213/213
f 216/216/216 213/213/213 217/217/217
f 218/218/218 216/216/216 217/217/217
f 218/218/218 217/217/217 219/219/219
f 220/220/220 218/218/218 219/219/219
f 223/223/223 222/222/222 221/221/221
f 224/224/224 223/223/223 221/221/221
f 227/227/227 226/226/226 225/225/225
f 228/228/228 227/227/227 225/225/225
f 231/231/231 230/230/230 229/229/229
f 232/232/232 231/231/231 229/229/229
f 232/232/232 229/229/229 233/233/233
f 234/234/234 232/232/232 233/233/233
f 234/234/234 233/233/233 235/235/235
f 236/236/236 234/234/234 235/235/235
f 239/239/239 238/238/238 237/237/237
f 240/240/240 239/239/239 237/237/237
f 241/241/241 239/239/239 240/240/240
f 242/242/242 241/241/241 240/240/240
f 243/243/243 241/241/241 242/242/242
f 244/244/244 243/243/243 242/242/242
f 247/247/247 246/246/246 245/245/245
f 246/246/246 248/248/248 245/245/245
f 246/246/246 249/249/249 248/248/248
f 249/249/249 250/250/250 248/248/248
f 249/249/249 251/251/251 250/250/250
f 251/251/251 252/252/252 250/250/250
f 255/255/255 254/254/254 253/253/253
f 256/256/256 255/255/255 253/253/253
f 256/256/256 253/253/253 257/257/257
f 258/258/258 256/256/256 257/257/257
f 258/258/258 257/257/257 259/259/259
f 260/260/260 258/258/258 259/259/259
f 263/263/263 262/262/262 261/261/261
f 264/264/264 263/263/263 261/261/261
f 267/267/267 266/266/266 265/265/265
f 268/268/268 267/267/267 265/265/265
f 271/271/271 270/270/270 269/269/269
f 272/272/272 271/271/271 269/269/269
f 272/272/272 269/269/269 273/273/273
f 274/274/274 272/272/272 273/273/273
f 274/274/274 273/273/273 275/275/275
f 276/276/276 274/274/274 275/275/275
f 279/279/279 278/278/278 277/277/277
f 278/278/278 280/280/280 277/277/277
f 277/277/277 280/280/280 281/281/281
f 280/280/280 282/282/282 281/281/281
f 281/281/281 282/282/282 283/283/283
f 282/282/282 284/284/284 283/283/283
f 287/287/287 286/286/286 285/285/285
f 288/288/288 287/287/287 285/285/285
f 288/288/288 285/285/285 289/289/289
f 290/290/290 288/288/288 289/289/289
f 290/290/290 289/289/289 291/291/291
f 292/292/292 290/290/290 291/291/291
f 292/292/292 291/291/291 293/293/293
f 294/294/294 292/292/292 293/293/293
f 294/294/294 293/293/293 295/295/295
f 296/296/296 294/294/294 295/295/295
f 296/296/296 295/295/295 297/297/297
f 298/298/298 296/296/296 297/297/297
f 298/298/298 297/297/297 299/299/299
f 300/300/300 298/298/298 299/299/299
f 303/303/303 302/302/302 301/301/301
f 304/304/304 303/303/303 301/301/301
f 305/305/305 303/303/303 304/304/304
f 306/306/306 305/305/305 304/304/304
f 307/307/307 305/305/305 306/306/306
f 308/308/308 307/307/307 306/306/306
f 309/309/309 307/307/307 308/308/308
f 310/310/310 309/309/309 308/308/308
f 311/311/311 309/309/309 310/310/310
f 312/312/312 311/311/311 310/310/310
f 313/313/313 311/311/311 312/312/312
f 314/314/314 313/313/313 312/312/312
f 315/315/315 313/313/313 314/314/314
f 316/316/316 315/315/315 314/314/314
f 319/319/319 318/318/318 317/317/317
f 318/318/318 320/320/320 317/317/317
f 317/317/317 320/320/320 321/321/321
f 320/320/320 322/322/322 321/321/321
f 321/321/321 322/322/322 323/323/323
f 322/322/322 324/324/324 323/323/323
f 323/323/323 324/324/324 325/325/325
f 324/324/324 326/326/326 325/325/325
f 325/325/325 326/326/326 327/327/327
f 326/326/326 328/328/328 327/327/327
f 327/327/327 328/328/328 329/329/329
f 328/328/328 330/330/330 329/329/329
f 329/329/329 330/330/330 331/331/331
f 330/330/330 332/332/332 331/331/331
f 335/335/335 334/334/334 333/333/333
f 336/336/336 335/335/335 333/333/333
f 339/339/339 338/338/338 337/337/337
f 340/340/340 339/339/339 337/337/337
f 343/343/343 342/342/342 341/341/341
f 344/344/344 343/343/343 341/341/341
f 347/347/347 346/346/346 345/345/345
f 348/348/348 347/347/347 345/345/345
f 351/351/351 350/350/350 349/349/349
f 352/352/352 351/351/351 349/349/349
f 355/355/355 354/354/354 353/353/353
f 356/356/356 355/355/355 353/353/353
f 359/359/359 358/358/358 357/357/357
f 360/360/360 359/359/359 357/357/357
f 363/363/363 362/362/362 361/361/361
f 364/364/364 363/363/363 361/361/361
f 367/367/367 366/366/366 365/365/365
f 368/368/368 367/367/367 365/365/365
f 371/371/371 370/370/370 369/369/369
f 372/372/372 371/371/371 369/369/369
f 375/375/375 374/374/374 373/373/373
f 376/376/376 375/375/375 373/373/373
f 379/379/379 378/378/378 377/377/377
f 380/380/380 379/379/379 377/377/377
f 383/383/383 382/382/382 381/381/381
f 384/384/384 383/383/383 381/381/381
f 387/387/387 386/386/386 385/385/385
f 388/388/388 387/387/387 385/385/385
f 391/391/391 390/390/390 389/389/389
f 391/391/391 389/389/389 392/392/392
f 393/393/393 391/391/391 392/392/392
f 393/393/393 392/392/392 394/394/394
f 395/395/395 393/393/393 394/394/394
f 396/396/396 395/395/395 394/394/394
f 397/397/397 396/396/396 394/394/394
f 400/400/400 399/399/399 398/398/398
f 400/400/400 398/398/398 401/401/401
f 402/402/402 400/400/400 401/401/401
f 402/402/402 401/401/401 403/403/403
f 404/404/404 402/402/402 403/403/403
f 405/405/405 404/404/404 403/403/403
f 406/406/406 405/405/405 403/403/403
f 409/409/409 408/408/408 407/407/407
f 409/409/409 407/407/407 410/410/410
f 411/411/411 409/409/409 410/410/410
f 411/411/411 410/410/410 412/412/412
f 413/413/413 411/411/411 412/412/412
f 414/414/414 413/413/413 412/412/412
f 415/415/415 414/414/414 412/412/412
f 418/418/418 417/417/417 416/416/416
f 418/418/418 416/416/416 419/419/419
f 420/420/420 418/418/418 419/419/419
f 420/420/420 419/419/419 421/421/421
f 422/422/422 420/420/420 421/421/421
f 423/423/423 422/422/422 421/421/421
f 424/424/424 423/423/423 421/421/421
f 427/427/427 426/426/426 425/425/425
f 427/427/427 425/425/425 428/428/428
f 429/429/429 427/427/427 428/428/428
f 429/429/429 428/428/428 430/430/430
f 431/431/431 429/429/429 430/430/430
f 432/432/432 431/431/431 430/430/430
f 433/433/433 432/432/432 430/430/430
f 436/436/436 435/435/435 434/434/434
f 436/436/436 434/434/434 437/437/437
f 438/438/438 436/436/436 437/437/437
f 438/438/438 437/437/437 439/439/439
f 440/440/440 438/438/438 439/439/439
f 441/441/441 440/440/440 439/439/439
f 442/442/442 441/441/441 439/439/439
f 445/445/445 444/444/444 443/443/443
f 445/445/445 443/443/443 446/446/446
f 447/447/447 445/445/445 446/446/446
f 447/447/447 446/446/446 448/448/448
f 449/449/449 447/447/447 448/448/448
f 450/450/450 449/449/449 448/448/448
f 451/451/451 450/450/450 448/448/448
f 454/454/454 453/453/453 452/452/452
f 454/454/454 452/452/452 455/455/455
f 456/456/456 454/454/454 455/455/455
f 456/456/456 455/455/455 457/457/457
f 458/458/458 456/456/456 457/457/457
f 459/459/459 458/458/458 457/457/457
f 460/460/460 459/459/459 457/457/457
f 463/463/463 462/462/462 461/461/461
f 463/463/463 461/461/461 464/464/464
f 465/465/465 463/463/463 464/464/464
f 465/465/465 464/464/464 466/466/466
f 467/467/467 465/465/465 466/466/466
f 468/468/468 467/467/467 466/466/466
f 469/469/469 468/468/468 466/466/466
f 472/472/472 471/471/471 470/470/470
f 472/472/472 470/470/470 473/473/473
f 474/474/474 472/472/472 473/473/473
f 474/474/474 473/473/473 475/475/475
f 476/476/476 474/474/474 475/475/475
f 477/477/477 476/476/476 475/475/475
f 478/478/478 477/477/477 475/475/475
f 481/481/481 480/480/480 479/479/479
f 480/480/480 482/482/482 479/479/479
f 480/480/480 483/483/483 482/482/482
f 483/483/483 484/484/484 482/482/482
f 487/487/487 486/486/486 485/485/485
f 488/488/488 487/487/487 485/485/485
f 488/488/488 485/485/485 489/489/489
f 490/490/490 488/488/488 489/489/489
f 493/493/493 492/492/492 491/491/491
f 492/492/492 494/494/494 491/491/491
f 492/492/492 495/495/495 494/494/494
f 495/495/495 496/496/496 494/494/494
f 499/499/499 498/498/498 497/497/497
f 498/498/498 500/500/500 497/497/497
f 498/498/498 501/501/501 500/500/500
f 501/501/501 502/502/502 500/500/500
f 505/505/505 504/504/504 503/503/503
f 504/504/504 506/506/506 503/503/503
f 504/504/504 507/507/507 506/506/506
f 507/507/507 508/508/508 506/506/506
f 511/511/511 510/510/510 509/509/509
f 512/512/512 511/511/511 509/509/509
f 515/515/515 514/514/514 513/513/513
f 516/516/516 515/515/515 513/513/513
f 519/519/519 518/518/518 517/517/517
f 520/520/520 519/519/519 517/517/517
f 523/523/523 522/522/522 521/521/521
f 524/524/524 523/523/523 521/521/521
f 527/527/527 526/526/526 525/525/525
f 528/528/528 527/527/527 525/525/525
f 531/531/531 530/530/530 529/529/529
f 532/532/532 531/531/531 529/529/529
f 535/535/535 534/534/534 533/533/533
f 536/536/536 535/535/535 533/533/533
f 539/539/539 538/538/538 537/537/537
f 540/540/540 539/539/539 537/537/537
f 543/543/543 542/542/542 541/541/541
f 544/544/544 543/543/543 541/541/541
f 547/547/547 546/546/546 545/545/545
f 548/548/548 547/547/547 545/545/545
f 551/551/551 550/550/550 549/549/549
f 552/552/552 551/551/551 549/549/549
f 555/555/555 554/554/554 553/553/553
f 556/556/556 555/555/555 553/553/553
f 559/559/559 558/558/558 557/557/557
f 560/560/560 559/559/559 557/557/557
f 560/560/560 557/557/557 561/561/561
f 562/562/562 560/560/560 561/561/561
f 562/562/562 561/561/561 563/563/563
f 564/564/564 562/562/562 563/563/563
f 567/567/567 566/566/566 565/565/565
f 568/568/568 567/567/567 565/565/565
f 568/568/568 565/565/565 569/569/569
f 570/570/570 568/568/568 569/569/569
f 570/570/570 569/569/569 571/571/571
f 572/572/572 570/570/570 571/571/571
f 575/575/575 574/574/574 573/573/573
f 576/576/576 575/575/575 573/573/573
f 576/576/576 573/573/573 577/577/577
f 578/578/578 576/576/576 577/577/577
f 578/578/578 577/577/577 579/579/579
f 580/580/580 578/578/578 579/579/579
f 583/583/583 582/582/582 581/581/581
f 584/584/584 583/583/583 581/581/581
f 585/585/585 583/583/583 584/584/584
f 586/586/586 585/585/585 584/584/584
f 587/587/587 585/585/585 586/586/586
f 588/588/588 587/587/587 586/586/586
f 591/591/591 590/590/590 589/589/589
f 590/590/590 592/592/592 589/589/589
f 590/590/590 593/593/593 592/592/592
f 593/593/593 594/594/594 592/592/592
f 593/593/593 595/595/595 594/594/594
f 595/595/595 596/596/596 594/594/594
f 599/599/599 598/598/598 597/597/597
f 600/600/600 599/599/599 597/597/597
f 600/600/600 597/597/597 601/601/601
f 602/602/602 600/600/600 601/601/601
f 602/602/602 601/601/601 603/603/603
f 604/604/604 602/602/602 603/603/603
f 607/607/607 606/606/606 605/605/605
f 608/608/608 607/607/607 605/605/605
f 611/611/611 610/610/610 609/609/609
f 612/612/612 611/611/611 609/609/609
f 615/615/615 614/614/614 613/613/613
f 616/616/616 615/615/615 613/613/613
f 616/616/616 613/613/613 617/617/617
f 618/618/618 616/616/616 617/617/617
f 618/618/618 617/617/617 619/619/619
f 620/620/620 618/618/618 619/619/619
f 623/623/623 622/622/622 621/621/621
f 624/624/624 623/623/623 621/621/621
f 625/625/625 623/623/623 624/624/624
f 626/626/626 625/625/625 624/624/624
f 627/627/627 625/625/625 626/626/626
f 628/628/628 627/627/627 626/626/626
f 631/631/631 630/630/630 629/629/629
f 630/630/630 632/632/632 629/629/629
f 630/630/630 633/633/633 632/632/632
f 633/633/633 634/634/634 632/632/632
f 633/633/633 635/635/635 634/634/634
f 635/635/635 636/636/636 634/634/634
f 639/639/639 638/638/638 637/637/637
f 640/640/640 639/639/639 637/637/637
f 640/640/640 637/637/637 641/641/641
f 642/642/642 640/640/640 641/641/641
f 642/642/642 641/641/641 643/643/643
f 644/644/644 642/642/642 643/643/643
f 647/647/647 646/646/646 645/645/645
f 648/648/648 647/647/647 645/645/645
f 651/651/651 650/650/650 649/649/649
f 652/652/652 651/651/651 649/649/649
f 655/655/655 654/654/654 653/653/653
f 656/656/656 655/655/655 653/653/653
f 656/656/656 653/653/653 657/657/657
f 658/658/658 656/656/656 657/657/657
f 658/658/658 657/657/657 659/659/659
f 660/660/660 658/658/658 659/659/659
f 663/663/663 662/662/662 661/661/661
f 662/662/662 664/664/664 661/661/661
f 661/661/661 664/664/664 665/665/665
f 664/664/664 666/666/666 665/665/665
f 665/665/665 666/666/666 667/667/667
f 666/666/666 668/668/668 667/667/667
f 671/671/671 670/670/670 669/669/669
f 672/672/672 671/671/671 669/669/669
f 675/675/675 674/674/674 673/673/673
f 676/676/676 675/675/675 673/673/673
f 679/679/679 678/678/678 677/677/677
f 680/680/680 679/679/679 677/677/677
f 683/683/683 682/682/682 681/681/681
f 684/684/684 683/683/683 681/681/681
f 687/687/687 686/686/686 685/685/685
f 688/688/688 687/687/687 685/685/685
f 691/691/691 690/690/690 689/689/689
f 692/692/692 691/691/691 689/689/689
f 695/695/695 694/694/694 693/693/693
f 696/696/696 695/695/695 693/693/693
f 699/699/699 698/698/698 697/697/697
f 700/700/700 699/699/699 697/697/697
f 703/703/703 702/702/702 701/701/701
f 704/704/704 703/703/703 701/701/701
f 707/707/707 706/706/706 705/705/705
f 708/708/708 707/707/707 705/705/705
f 711/711/711 710/710/710 709/709/709
f 712/712/712 711/711/711 709/709/709
f 715/715/715 714/714/714 713/713/713
f 716/716/716 715/715/715 713/713/713
f 719/719/719 718/718/718 717/717/717
f 717/717/717 720/720/720 719/719/719
f 720/720/720 721/721/721 719/719/719
f 721/721/721 722/722/722 719/719/719
f 721/721/721 723/723/723 722/722/722
f 721/721/721 724/724/724 723/723/723
f 727/727/727 726/726/726 725/725/725
f 728/728/728 727/727/727 725/725/725
f 731/731/731 730/730/730 729/729/729
f 732/732/732 731/731/731 729/729/729
f 735/735/735 734/734/734 733/733/733
f 736/736/736 735/735/735 733/733/733
f 739/739/739 738/738/738 737/737/737
f 740/740/740 739/739/739 737/737/737
f 743/743/743 742/742/742 741/741/741
f 744/744/744 743/743/743 741/741/741
f 744/744/744 741/741/741 745/745/745
f 746/746/746 744/744/744 745/745/745
f 746/746/746 745/745/745 747/747/747
f 748/748/748 746/746/746 747/747/747
f 748/748/748 747/747/747 749/749/749
f 750/750/750 748/748/748 749/749/749
f 753/753/753 752/752/752 751/751/751
f 752/752/752 754/754/754 751/751/751
f 752/752/752 755/755/755 754/754/754
f 755/755/755 756/756/756 754/754/754
f 758/758/758 757/757/757 756/756/756
f 759/759/759 758/758/758 756/756/756
f 762/762/762 761/761/761 760/760/760
f 763/763/763 762/762/762 760/760/760
f 766/766/766 765/765/765 764/764/764
f 767/767/767 766/766/766 764/764/764
f 767/767/767 764/764/764 768/768/768
f 769/769/769 767/767/767 768/768/768
f 772/772/772 771/771/771 770/770/770
f 773/773/773 772/772/772 770/770/770
f 773/773/773 770/770/770 774/774/774
f 775/775/775 773/773/773 774/774/774
f 775/775/775 774/774/774 776/776/776
f 777/777/777 775/775/775 776/776/776
f 777/777/777 776/776/776 778/778/778
f 779/779/779 777/777/777 778/778/778
f 782/782/782 781/781/781 780/780/780
f 783/783/783 782/782/782 780/780/780
f 783/783/783 780/780/780 784/784/784
f 785/785/785 783/783/783 784/784/784
f 788/788/788 787/787/787 786/786/786
f 786/786/786 789/789/789 788/788/788
f 792/792/792 791/791/791 790/790/790
f 790/790/790 793/793/793 792/792/792
f 790/790/790 794/794/794 793/793/793
f 794/794/794 795/795/795 793/793/793
f 794/794/794 796/796/796 795/795/795
f 796/796/796 797/797/797 795/795/795
f 796/796/796 798/798/798 797/797/797
f 798/798/798 799/799/799 797/797/797
f 802/802/802 801/801/801 800/800/800
f 800/800/800 803/803/803 802/802/802
f 800/800/800 804/804/804 803/803/803
f 804/804/804 805/805/805 803/803/803
f 804/804/804 806/806/806 805/805/805
f 806/806/806 807/807/807 805/805/805
f 810/810/810 809/809/809 808/808/808
f 808/808/808 811/811/811 810/810/810
f 808/808/808 812/812/812 811/811/811
f 812/812/812 813/813/813 811/811/811
f 812/812/812 814/814/814 813/813/813
f 814/814/814 815/815/815 813/813/813
f 818/818/818 817/817/817 816/816/816
f 816/816/816 819/819/819 818/818/818
f 816/816/816 820/820/820 819/819/819
f 820/820/820 821/821/821 819/819/819
f 820/820/820 822/822/822 821/821/821
f 822/822/822 823/823/823 821/821/821
f 826/826/826 825/825/825 824/824/824
f 824/824/824 827/827/827 826/826/826
f 824/824/824 828/828/828 827/827/827
f 828/828/828 829/829/829 827/827/827
f 828/828/828 830/830/830 829/829/829
f 830/830/830 831/831/831 829/829/829
f 834/834/834 833/833/833 832/832/832
f 832/832/832 835/835/835 834/834/834
f 832/832/832 836/836/836 835/835/835
f 836/836/836 837/837/837 835/835/835
f 836/836/836 838/838/838 837/837/837
f 838/838/838 839/839/839 837/837/837
f 842/842/842 841/841/841 840/840/840
f 840/840/840 843/843/843 842/842/842
f 840/840/840 844/844/844 843/843/843
f 844/844/844 845/845/845 843/843/843
f 844/844/844 846/846/846 845/845/845
f 846/846/846 847/847/847 845/845/845
f 850/850/850 849/849/849 848/848/848
f 849/849/849 851/851/851 848/848/848
f 851/851/851 849/849/849 852/852/852
f 851/851/851 853/853/853 848/848/848
f 853/853/853 854/854/854 848/848/848
f 855/855/855 851/851/851 852/852/852
f 855/855/855 852/852/852 856/856/856
f 854/854/854 853/853/853 857/857/857
f 858/858/858 854/854/854 857/857/857
f 858/858/858 857/857/857 859/859/859
f 853/853/853 851/851/851 860/860/860
f 851/851/851 855/855/855 860/860/860
f 857/857/857 853/853/853 860/860/860
f 861/861/861 855/855/855 856/856/856
f 861/861/861 856/856/856 862/862/862
f 857/857/857 863/863/863 859/859/859
f 864/864/864 859/859/859 863/863/863
f 865/865/865 857/857/857 860/860/860
f 863/863/863 857/857/857 865/865/865
f 860/860/860 855/855/855 866/866/866
f 855/855/855 861/861/861 866/866/866
f 865/865/865 860/860/860 866/866/866
f 864/864/864 863/863/863 867/867/867
f 867/867/867 868/868/868 864/864/864
f 869/869/869 863/863/863 865/865/865
f 863/863/863 869/869/869 867/867/867
f 870/870/870 865/865/865 866/866/866
f 869/869/869 865/865/865 870/870/870
f 871/871/871 866/866/866 861/861/861
f 870/870/870 866/866/866 871/871/871
f 872/872/872 861/861/861 862/862/862
f 872/872/872 871/871/871 861/861/861
f 873/873/873 872/872/872 862/862/862
f 874/874/874 873/873/873 862/862/862
f 875/875/875 871/871/871 872/872/872
f 873/873/873 875/875/875 872/872/872
f 876/876/876 870/870/870 871/871/871
f 871/871/871 875/875/875 876/876/876
f 877/877/877 869/869/869 870/870/870
f 877/877/877 870/870/870 876/876/876
f 869/869/869 878/878/878 867/867/867
f 869/869/869 877/877/877 878/878/878
f 879/879/879 873/873/873 874/874/874
f 880/880/880 879/879/879 874/874/874
f 881/881/881 875/875/875 873/873/873
f 879/879/879 881/881/881 873/873/873
f 875/875/875 882/882/882 876/876/876
f 875/875/875 881/881/881 882/882/882
f 883/883/883 877/877/877 876/876/876
f 876/876/876 882/882/882 883/883/883
f 879/879/879 880/880/880 884/884/884
f 880/880/880 885/885/885 884/884/884
f 886/886/886 867/867/867 878/878/878
f 886/886/886 868/868/868 867/867/867
f 886/886/886 887/887/887 868/868/868
f 887/887/887 888/888/888 868/868/868
f 868/868/868 888/888/888 889/889/889
f 877/877/877 890/890/890 878/878/878
f 877/877/877 883/883/883 890/890/890
f 891/891/891 886/886/886 878/878/878
f 891/891/891 878/878/878 890/890/890
f 883/883/883 892/892/892 890/890/890
f 890/890/890 892/892/892 891/891/891
f 883/883/883 893/893/893 892/892/892
f 893/893/893 891/891/891 892/892/892
f 882/882/882 893/893/893 883/883/883
f 894/894/894 886/886/886 891/891/891
f 893/893/893 894/894/894 891/891/891
f 886/886/886 894/894/894 887/887/887
f 882/882/882 895/895/895 893/893/893
f 895/895/895 894/894/894 893/893/893
f 881/881/881 895/895/895 882/882/882
f 896/896/896 894/894/894 895/895/895
f 894/894/894 896/896/896 887/887/887
f 897/897/897 895/895/895 881/881/881
f 897/897/897 896/896/896 895/895/895
f 898/898/898 897/897/897 881/881/881
f 898/898/898 881/881/881 879/879/879
f 884/884/884 898/898/898 879/879/879
f 898/898/898 899/899/899 897/897/897
f 899/899/899 898/898/898 884/884/884
f 897/897/897 900/900/900 896/896/896
f 899/899/899 900/900/900 897/897/897
f 901/901/901 899/899/899 884/884/884
f 901/901/901 884/884/884 885/885/885
f 902/902/902 901/901/901 885/885/885
f 903/903/903 899/899/899 901/901/901
f 899/899/899 903/903/903 900/900/900
f 904/904/904 901/901/901 902/902/902
f 904/904/904 903/903/903 901/901/901
f 905/905/905 904/904/904 902/902/902
f 900/900/900 906/906/906 896/896/896
f 896/896/896 906/906/906 887/887/887
f 903/903/903 907/907/907 900/900/900
f 900/900/900 907/907/907 906/906/906
f 908/908/908 903/903/903 904/904/904
f 907/907/907 903/903/903 908/908/908
f 904/904/904 905/905/905 909/909/909
f 909/909/909 908/908/908 904/904/904
f 905/905/905 910/910/910 909/909/909
f 911/911/911 909/909/909 910/910/910
f 912/912/912 911/911/911 910/910/910
f 913/913/913 908/908/908 909/909/909
f 911/911/911 913/913/913 909/909/909
f 914/914/914 907/907/907 908/908/908
f 908/908/908 913/913/913 914/914/914
f 907/907/907 915/915/915 906/906/906
f 915/915/915 907/907/907 914/914/914
f 916/916/916 911/911/911 912/912/912
f 917/917/917 916/916/916 912/912/912
f 917/917/917 918/918/918 916/916/916
f 918/918/918 919/919/919 916/916/916
f 919/919/919 920/920/920 916/916/916
f 916/916/916 921/921/921 911/911/911
f 920/920/920 921/921/921 916/916/916
f 921/921/921 913/913/913 911/911/911
f 921/921/921 920/920/920 922/922/922
f 913/913/913 923/923/923 914/914/914
f 913/913/913 921/921/921 923/923/923
f 924/924/924 921/921/921 922/922/922
f 921/921/921 924/924/924 923/923/923
f 914/914/914 923/923/923 925/925/925
f 925/925/925 915/915/915 914/914/914
f 924/924/924 922/922/922 926/926/926
f 922/922/922 927/927/927 926/926/926
f 926/926/926 927/927/927 888/888/888
f 923/923/923 924/924/924 928/928/928
f 923/923/923 928/928/928 925/925/925
f 924/924/924 926/926/926 928/928/928
f 929/929/929 926/926/926 888/888/888
f 887/887/887 929/929/929 888/888/888
f 926/926/926 929/929/929 930/930/930
f 928/928/928 926/926/926 930/930/930
f 887/887/887 930/930/930 929/929/929
f 925/925/925 928/928/928 931/931/931
f 928/928/928 930/930/930 931/931/931
f 915/915/915 925/925/925 931/931/931
f 887/887/887 932/932/932 930/930/930
f 932/932/932 931/931/931 930/930/930
f 906/906/906 932/932/932 887/887/887
f 906/906/906 915/915/915 932/932/932
f 933/933/933 915/915/915 931/931/931
f 915/915/915 933/933/933 932/932/932
f 932/932/932 933/933/933 931/931/931
f 936/936/936 935/935/935 934/934/934
f 935/935/935 937/937/937 934/934/934
f 937/937/937 935/935/935 938/938/938
f 935/935/935 939/939/939 938/938/938
f 940/940/940 938/938/938 939/939/939
f 941/941/941 940/940/940 939/939/939
f 940/940/940 941/941/941 942/942/942
f 941/941/941 943/943/943 942/942/942
f 944/944/944 942/942/942 943/943/943
f 945/945/945 944/944/944 943/943/943
f 948/948/948 947/947/947 946/946/946
f 946/946/946 949/949/949 948/948/948
f 946/946/946 950/950/950 949/949/949
f 950/950/950 951/951/951 949/949/949
f 950/950/950 952/952/952 951/951/951
f 952/952/952 953/953/953 951/951/951
f 952/952/952 954/954/954 953/953/953
f 954/954/954 955/955/955 953/953/953
f 955/955/955 956/956/956 953/953/953
f 956/956/956 957/957/957 953/953/953
f 956/956/956 958/958/958 957/957/957
f 958/958/958 959/959/959 957/957/957
f 962/962/962 961/961/961 960/960/960
f 960/960/960 963/963/963 962/962/962
f 963/963/963 964/964/964 962/962/962
f 963/963/963 965/965/965 964/964/964
f 963/963/963 966/966/966 965/965/965
f 966/966/966 967/967/967 965/965/965
f 966/966/966 968/968/968 967/967/967
f 966/966/966 969/969/969 968/968/968
f 966/966/966 970/970/970 969/969/969
f 970/970/970 971/971/971 969/969/969
f 970/970/970 972/972/972 971/971/971
f 970/970/970 973/973/973 972/972/972
f 976/976/976 975/975/975 974/974/974
f 974/974/974 977/977/977 976/976/976
f 974/974/974 978/978/978 977/977/977
f 978/978/978 979/979/979 977/977/977
f 979/979/979 980/980/980 977/977/977
f 979/979/979 981/981/981 980/980/980
f 981/981/981 982/982/982 980/980/980
f 982/982/982 983/983/983 980/980/980
f 983/983/983 984/984/984 980/980/980
f 983/983/983 985/985/985 984/984/984
f 985/985/985 986/986/986 984/984/984
f 986/986/986 987/987/987 984/984/984
f 990/990/990 989/989/989 988/988/988
f 991/991/991 990/990/990 988/988/988
f 991/991/991 988/988/988 992/992/992
f 993/993/993 991/991/991 992/992/992
f 996/996/996 995/995/995 994/994/994
f 997/997/997 996/996/996 994/994/994
f 1000/1000/1000 999/999/999 998/998/998
f 1001/1001/1001 1000/1000/1000 998/998/998
f 1004/1004/1004 1003/1003/1003 1002/1002/1002
f 1005/1005/1005 1004/1004/1004 1002/1002/1002
f 1008/1008/1008 1007/1007/1007 1006/1006/1006
f 1009/1009/1009 1008/1008/1008 1006/1006/1006
f 1012/1012/1012 1011/1011/1011 1010/1010/1010
f 1013/1013/1013 1012/1012/1012 1010/1010/1010
f 1016/1016/1016 1015/1015/1015 1014/1014/1014
f 1017/1017/1017 1016/1016/1016 1014/1014/1014
f 1020/1020/1020 1019/1019/1019 1018/1018/1018
f 1021/1021/1021 1020/1020/1020 1018/1018/1018
f 1024/1024/1024 1023/1023/1023 1022/1022/1022
f 1025/1025/1025 1024/1024/1024 1022/1022/1022
f 1028/1028/1028 1027/1027/1027 1026/1026/1026
f 1029/1029/1029 1028/1028/1028 1026/1026/1026
f 1032/1032/1032 1031/1031/1031 1030/1030/1030
f 1033/1033/1033 1032/1032/1032 1030/1030/1030
f 1036/1036/1036 1035/1035/1035 1034/1034/1034
f 1037/1037/1037 1036/1036/1036 1034/1034/1034
f 1040/1040/1040 1039/1039/1039 1038/1038/1038
f 1041/1041/1041 1040/1040/1040 1038/1038/1038
f 1044/1044/1044 1043/1043/1043 1042/1042/1042
f 1042/1042/1042 1045/1045/1045 1044/1044/1044
f 1045/1045/1045 1046/1046/1046 1044/1044/1044
f 1045/1045/1045 1047/1047/1047 1046/1046/1046
f 1047/1047/1047 1048/1048/1048 1046/1046/1046
f 1047/1047/1047 1049/1049/1049 1048/1048/1048
f 1047/1047/1047 1050/1050/1050 1049/1049/1049
f 1050/1050/1050 1051/1051/1051 1049/1049/1049
f 1050/1050/1050 1052/1052/1052 1051/1051/1051
f 1050/1050/1050 1053/1053/1053 1052/1052/1052
f 1050/1050/1050 1054/1054/1054 1053/1053/1053
f 1054/1054/1054 1055/1055/1055 1053/1053/1053
f 1058/1058/1058 1057/1057/1057 1056/1056/1056
f 1056/1056/1056 1059/1059/1059 1058/1058/1058
f 1056/1056/1056 1060/1060/1060 1059/1059/1059
f 1060/1060/1060 1061/1061/1061 1059/1059/1059
f 1060/1060/1060 1062/1062/1062 1061/1061/1061
f 1062/1062/1062 1063/1063/1063 1061/1061/1061
f 1063/1063/1063 1064/1064/1064 1061/1061/1061
f 1063/1063/1063 1065/1065/1065 1064/1064/1064
f 1065/1065/1065 1066/1066/1066 1064/1064/1064
f 1066/1066/1066 1067/1067/1067 1064/1064/1064
f 1067/1067/1067 1068/1068/1068 1064/1064/1064
f 1067/1067/1067 1069/1069/1069 1068/1068/1068
f 1072/1072/1072 1071/1071/1071 1070/1070/1070
f 1073/1073/1073 1072/1072/1072 1070/1070/1070
f 1073/1073/1073 1070/1070/1070 1074/1074/1074
f 1075/1075/1075 1073/1073/1073 1074/1074/1074
f 1078/1078/1078 1077/1077/1077 1076/1076/1076
f 1079/1079/1079 1078/1078/1078 1076/1076/1076
f 1082/1082/1082 1081/1081/1081 1080/1080/1080
f 1083/1083/1083 1082/1082/1082 1080/1080/1080
f 1086/1086/1086 1085/1085/1085 1084/1084/1084
f 1087/1087/1087 1086/1086/1086 1084/1084/1084
f 1090/1090/1090 1089/1089/1089 1088/1088/1088
f 1091/1091/1091 1090/1090/1090 1088/1088/1088
f 1094/1094/1094 1093/1093/1093 1092/1092/1092
f 1095/1095/1095 1094/1094/1094 1092/1092/1092
f 1098/1098/1098 1097/1097/1097 1096/1096/1096
f 1099/1099/1099 1098/1098/1098 1096/1096/1096
f 1102/1102/1102 1101/1101/1101 1100/1100/1100
f 1103/1103/1103 1102/1102/1102 1100/1100/1100
f 1106/1106/1106 1105/1105/1105 1104/1104/1104
f 1107/1107/1107 1106/1106/1106 1104/1104/1104
f 1110/1110/1110 1109/1109/1109 1108/1108/1108
f 1111/1111/1111 1110/1110/1110 1108/1108/1108
f 1114/1114/1114 1113/1113/1113 1112/1112/1112
f 1115/1115/1115 1114/1114/1114 1112/1112/1112
f 1118/1118/1118 1117/1117/1117 1116/1116/1116
f 1119/1119/1119 1118/1118/1118 1116/1116/1116
f 1122/1122/1122 1121/1121/1121 1120/1120/1120
f 1123/1123/1123 1122/1122/1122 1120/1120/1120
f 1126/1126/1126 1125/1125/1125 1124/1124/1124
f 1124/1124/1124 1127/1127/1127 1126/1126/1126
f 1127/1127/1127 1128/1128/1128 1126/1126/1126
f 1127/1127/1127 1129/1129/1129 1128/1128/1128
f 1129/1129/1129 1130/1130/1130 1128/1128/1128
f 1129/1129/1129 1131/1131/1131 1130/1130/1130
f 1131/1131/1131 1129/1129/1129 1132/1132/1132
f 1129/1129/1129 1133/1133/1133 1132/1132/1132
f 1133/1133/1133 1134/1134/1134 1132/1132/1132
f 1135/1135/1135 1131/1131/1131 1132/1132/1132
f 1135/1135/1135 1132/1132/1132 1136/1136/1136
f 1136/1136/1136 1137/1137/1137 1135/1135/1135
f 1140/1140/1140 1139/1139/1139 1138/1138/1138
f 1138/1138/1138 1141/1141/1141 1140/1140/1140
f 1141/1141/1141 1142/1142/1142 1140/1140/1140
f 1142/1142/1142 1143/1143/1143 1140/1140/1140
f 1142/1142/1142 1144/1144/1144 1143/1143/1143
f 1144/1144/1144 1145/1145/1145 1143/1143/1143
f 1148/1148/1148 1147/1147/1147 1146/1146/1146
f 1146/1146/1146 1149/1149/1149 1148/1148/1148
f 1149/1149/1149 1150/1150/1150 1148/1148/1148
f 1149/1149/1149 1151/1151/1151 1150/1150/1150
f 1152/1152/1152 1150/1150/1150 1151/1151/1151
f 1153/1153/1153 1152/1152/1152 1151/1151/1151
f 1149/1149/1149 1154/1154/1154 1151/1151/1151
f 1149/1149/1149 1155/1155/1155 1154/1154/1154
f 1153/1153/1153 1151/1151/1151 1156/1156/1156
f 1157/1157/1157 1153/1153/1153 1156/1156/1156
f 1157/1157/1157 1156/1156/1156 1158/1158/1158
f 1158/1158/1158 1159/1159/1159 1157/1157/1157
f 1162/1162/1162 1161/1161/1161 1160/1160/1160
f 1160/1160/1160 1163/1163/1163 1162/1162/1162
f 1160/1160/1160 1164/1164/1164 1163/1163/1163
f 1160/1160/1160 1165/1165/1165 1164/1164/1164
f 1165/1165/1165 1166/1166/1166 1164/1164/1164
f 1165/1165/1165 1167/1167/1167 1166/1166/1166
f 1170/1170/1170 1169/1169/1169 1168/1168/1168
f 1171/1171/1171 1170/1170/1170 1168/1168/1168
f 1174/1174/1174 1173/1173/1173 1172/1172/1172
f 1175/1175/1175 1174/1174/1174 1172/1172/1172
f 1175/1175/1175 1172/1172/1172 1176/1176/1176
f 1177/1177/1177 1175/1175/1175 1176/1176/1176
f 1177/1177/1177 1176/1176/1176 1178/1178/1178
f 1179/1179/1179 1177/1177/1177 1178/1178/1178
f 1179/1179/1179 1178/1178/1178 1180/1180/1180
f 1181/1181/1181 1179/1179/1179 1180/1180/1180
f 1181/1181/1181 1180/1180/1180 1182/1182/1182
f 1183/1183/1183 1181/1181/1181 1182/1182/1182
f 1183/1183/1183 1182/1182/1182 1184/1184/1184
f 1185/1185/1185 1183/1183/1183 1184/1184/1184
f 1188/1188/1188 1187/1187/1187 1186/1186/1186
f 1189/1189/1189 1188/1188/1188 1186/1186/1186
f 1192/1192/1192 1191/1191/1191 1190/1190/1190
f 1193/1193/1193 1192/1192/1192 1190/1190/1190
f 1196/1196/1196 1195/1195/1195 1194/1194/1194
f 1197/1197/1197 1196/1196/1196 1194/1194/1194
f 1200/1200/1200 1199/1199/1199 1198/1198/1198
f 1198/1198/1198 1201/1201/1201 1200/1200/1200
f 1201/1201/1201 1202/1202/1202 1200/1200/1200
f 1201/1201/1201 1203/1203/1203 1202/1202/1202
f 1203/1203/1203 1204/1204/1204 1202/1202/1202
f 1203/1203/1203 1205/1205/1205 1204/1204/1204
f 1205/1205/1205 1203/1203/1203 1206/1206/1206
f 1203/1203/1203 1207/1207/1207 1206/1206/1206
f 1207/1207/1207 1208/1208/1208 1206/1206/1206
f 1209/1209/1209 1205/1205/1205 1206/1206/1206
f 1209/1209/1209 1206/1206/1206 1210/1210/1210
f 1210/1210/1210 1211/1211/1211 1209/1209/1209
f 1214/1214/1214 1213/1213/1213 1212/1212/1212
f 1212/1212/1212 1215/1215/1215 1214/1214/1214
f 1215/1215/1215 1216/1216/1216 1214/1214/1214
f 1216/1216/1216 1217/1217/1217 1214/1214/1214
f 1216/1216/1216 1218/1218/1218 1217/1217/1217
f 1218/1218/1218 1219/1219/1219 1217/1217/1217
f 1222/1222/1222 1221/1221/1221 1220/1220/1220
f 1223/1223/1223 1222/1222/1222 1220/1220/1220
f 1226/1226/1226 1225/1225/1225 1224/1224/1224
f 1227/1227/1227 1226/1226/1226 1224/1224/1224
f 1227/1227/1227 1224/1224/1224 1228/1228/1228
f 1229/1229/1229 1227/1227/1227 1228/1228/1228
f 1229/1229/1229 1228/1228/1228 1230/1230/1230
f 1231/1231/1231 1229/1229/1229 1230/1230/1230
f 1231/1231/1231 1230/1230/1230 1232/1232/1232
f 1233/1233/1233 1231/1231/1231 1232/1232/1232
f 1233/1233/1233 1232/1232/1232 1234/1234/1234
f 1235/1235/1235 1233/1233/1233 1234/1234/1234
f 1235/1235/1235 1234/1234/1234 1236/1236/1236
f 1237/1237/1237 1235/1235/1235 1236/1236/1236
f 1240/1240/1240 1239/1239/1239 1238/1238/1238
f 1241/1241/1241 1240/1240/1240 1238/1238/1238
f 1244/1244/1244 1243/1243/1243 1242/1242/1242
f 1245/1245/1245 1244/1244/1244 1242/1242/1242
f 1248/1248/1248 1247/1247/1247 1246/1246/1246
f 1249/1249/1249 1248/1248/1248 1246/1246/1246
f 1252/1252/1252 1251/1251/1251 1250/1250/1250
f 1250/1250/1250 1253/1253/1253 1252/1252/1252
f 1253/1253/1253 1254/1254/1254 1252/1252/1252
f 1253/1253/1253 1255/1255/1255 1254/1254/1254
f 1255/1255/1255 1256/1256/1256 1254/1254/1254
f 1255/1255/1255 1257/1257/1257 1256/1256/1256
f 1257/1257/1257 1255/1255/1255 1258/1258/1258
f 1255/1255/1255 1259/1259/1259 1258/1258/1258
f 1259/1259/1259 1260/1260/1260 1258/1258/1258
f 1261/1261/1261 1257/1257/1257 1258/1258/1258
f 1261/1261/1261 1258/1258/1258 1262/1262/1262
f 1262/1262/1262 1263/1263/1263 1261/1261/1261
f 1266/1266/1266 1265/1265/1265 1264/1264/1264
f 1264/1264/1264 1267/1267/1267 1266/1266/1266
f 1267/1267/1267 1268/1268/1268 1266/1266/1266
f 1268/1268/1268 1269/1269/1269 1266/1266/1266
f 1268/1268/1268 1270/1270/1270 1269/1269/1269
f 1270/1270/1270 1271/1271/1271 1269/1269/1269
f 1274/1274/1274 1273/1273/1273 1272/1272/1272
f 1272/1272/1272 1275/1275/1275 1274/1274/1274
f 1275/1275/1275 1276/1276/1276 1274/1274/1274
f 1275/1275/1275 1277/1277/1277 1276/1276/1276
f 1278/1278/1278 1276/1276/1276 1277/1277/1277
f 1279/1279/1279 1278/1278/1278 1277/1277/1277
f 1275/1275/1275 1280/1280/1280 1277/1277/1277
f 1275/1275/1275 1281/1281/1281 1280/1280/1280
f 1279/1279/1279 1277/1277/1277 1282/1282/1282
f 1283/1283/1283 1279/1279/1279 1282/1282/1282
f 1283/1283/1283 1282/1282/1282 1284/1284/1284
f 1284/1284/1284 1285/1285/1285 1283/1283/1283
f 1288/1288/1288 1287/1287/1287 1286/1286/1286
f 1286/1286/1286 1289/1289/1289 1288/1288/1288
f 1286/1286/1286 1290/1290/1290 1289/1289/1289
f 1286/1286/1286 1291/1291/1291 1290/1290/1290
f 1291/1291/1291 1292/1292/1292 1290/1290/1290
f 1291/1291/1291 1293/1293/1293 1292/1292/1292
f 1296/1296/1296 1295/1295/1295 1294/1294/1294
f 1297/1297/1297 1296/1296/1296 1294/1294/1294
f 1300/1300/1300 1299/1299/1299 1298/1298/1298
f 1301/1301/1301 1300/1300/1300 1298/1298/1298
f 1301/1301/1301 1298/1298/1298 1302/1302/1302
f 1303/1303/1303 1301/1301/1301 1302/1302/1302
f 1303/1303/1303 1302/1302/1302 1304/1304/1304
f 1305/1305/1305 1303/1303/1303 1304/1304/1304
f 1305/1305/1305 1304/1304/1304 1306/1306/1306
f 1307/1307/1307 1305/1305/1305 1306/1306/1306
f 1307/1307/1307 1306/1306/1306 1308/1308/1308
f 1309/1309/1309 1307/1307/1307 1308/1308/1308
f 1309/1309/1309 1308/1308/1308 1310/1310/1310
f 1311/1311/1311 1309/1309/1309 1310/1310/1310
f 1314/1314/1314 1313/1313/1313 1312/1312/1312
f 1315/1315/1315 1314/1314/1314 1312/1312/1312
f 1318/1318/1318 1317/1317/1317 1316/1316/1316
f 1319/1319/1319 1318/1318/1318 1316/1316/1316
f 1322/1322/1322 1321/1321/1321 1320/1320/1320
f 1323/1323/1323 1322/1322/1322 1320/1320/1320
f 1326/1326/1326 1325/1325/1325 1324/1324/1324
f 1325/1325/1325 1326/1326/1326 1327/1327/1327
f 1328/1328/1328 1326/1326/1326 1324/1324/1324
f 1326/1326/1326 1329/1329/1329 1327/1327/1327
f 1328/1328/1328 1324/1324/1324 1330/1330/1330
f 1329/1329/1329 1331/1331/1331 1327/1327/1327
f 1332/1332/1332 1328/1328/1328 1330/1330/1330
f 1331/1331/1331 1333/1333/1333 1327/1327/1327
f 1332/1332/1332 1330/1330/1330 1334/1334/1334
f 1331/1331/1331 1335/1335/1335 1333/1333/1333
f 1336/1336/1336 1332/1332/1332 1334/1334/1334
f 1335/1335/1335 1337/1337/1337 1333/1333/1333
f 1336/1336/1336 1334/1334/1334 1338/1338/1338
f 1335/1335/1335 1339/1339/1339 1337/1337/1337
f 1339/1339/1339 1338/1338/1338 1337/1337/1337
f 1339/1339/1339 1336/1336/1336 1338/1338/1338
f 1342/1342/1342 1341/1341/1341 1340/1340/1340
f 1342/1342/1342 1340/1340/1340 1343/1343/1343
f 1341/1341/1341 1344/1344/1344 1340/1340/1340
f 1340/1340/1340 1345/1345/1345 1343/1343/1343
f 1341/1341/1341 1346/1346/1346 1344/1344/1344
f 1343/1343/1343 1345/1345/1345 1347/1347/1347
f 1346/1346/1346 1348/1348/1348 1344/1344/1344
f 1349/1349/1349 1343/1343/1343 1347/1347/1347
f 1346/1346/1346 1350/1350/1350 1348/1348/1348
f 1349/1349/1349 1347/1347/1347 1351/1351/1351
f 1350/1350/1350 1352/1352/1352 1348/1348/1348
f 1353/1353/1353 1349/1349/1349 1351/1351/1351
f 1350/1350/1350 1354/1354/1354 1352/1352/1352
f 1353/1353/1353 1351/1351/1351 1355/1355/1355
f 1354/1354/1354 1355/1355/1355 1352/1352/1352
f 1354/1354/1354 1353/1353/1353 1355/1355/1355
f 1358/1358/1358 1357/1357/1357 1356/1356/1356
f 1357/1357/1357 1358/1358/1358 1359/1359/1359
f 1360/1360/1360 1358/1358/1358 1356/1356/1356
f 1358/1358/1358 1361/1361/1361 1359/1359/1359
f 1360/1360/1360 1356/1356/1356 1362/1362/1362
f 1361/1361/1361 1363/1363/1363 1359/1359/1359
f 1364/1364/1364 1360/1360/1360 1362/1362/1362
f 1363/1363/1363 1365/1365/1365 1359/1359/1359
f 1364/1364/1364 1362/1362/1362 1366/1366/1366
f 1363/1363/1363 1367/1367/1367 1365/1365/1365
f 1368/1368/1368 1364/1364/1364 1366/1366/1366
f 1367/1367/1367 1369/1369/1369 1365/1365/1365
f 1368/1368/1368 1366/1366/1366 1370/1370/1370
f 1367/1367/1367 1371/1371/1371 1369/1369/1369
f 1371/1371/1371 1370/1370/1370 1369/1369/1369
f 1371/1371/1371 1368/1368/1368 1370/1370/1370
f 1374/1374/1374 1373/1373/1373 1372/1372/1372
f 1373/1373/1373 1374/1374/1374 1375/1375/1375
f 1373/1373/1373 1376/1376/1376 1372/1372/1372
f 1377/1377/1377 1373/1373/1373 1375/1375/1375
f 1372/1372/1372 1376/1376/1376 1378/1378/1378
f 1379/1379/1379 1377/1377/1377 1375/1375/1375
f 1376/1376/1376 1380/1380/1380 1378/1378/1378
f 1381/1381/1381 1379/1379/1379 1375/1375/1375
f 1378/1378/1378 1380/1380/1380 1382/1382/1382
f 1383/1383/1383 1379/1379/1379 1381/1381/1381
f 1380/1380/1380 1384/1384/1384 1382/1382/1382
f 1385/1385/1385 1383/1383/1383 1381/1381/1381
f 1382/1382/1382 1384/1384/1384 1386/1386/1386
f 1387/1387/1387 1383/1383/1383 1385/1385/1385
f 1384/1384/1384 1388/1388/1388 1386/1386/1386
f 1389/1389/1389 1387/1387/1387 1385/1385/1385
f 1386/1386/1386 1388/1388/1388 1390/1390/1390
f 1391/1391/1391 1387/1387/1387 1389/1389/1389
f 1388/1388/1388 1392/1392/1392 1390/1390/1390
f 1393/1393/1393 1391/1391/1391 1389/1389/1389
f 1390/1390/1390 1392/1392/1392 1394/1394/1394
f 1395/1395/1395 1391/1391/1391 1393/1393/1393
f 1392/1392/1392 1396/1396/1396 1394/1394/1394
f 1397/1397/1397 1395/1395/1395 1393/1393/1393
f 1394/1394/1394 1396/1396/1396 1398/1398/1398
f 1399/1399/1399 1395/1395/1395 1397/1397/1397
f 1398/1398/1398 1399/1399/1399 1397/1397/1397
f 1396/1396/1396 1399/1399/1399 1398/1398/1398
f 1402/1402/1402 1401/1401/1401 1400/1400/1400
f 1401/1401/1401 1403/1403/1403 1400/1400/1400
f 1404/1404/1404 1402/1402/1402 1400/1400/1400
f 1403/1403/1403 1405/1405/1405 1400/1400/1400
f 1402/1402/1402 1404/1404/1404 1406/1406/1406
f 1403/1403/1403 1407/1407/1407 1405/1405/1405
f 1407/1407/1407 1406/1406/1406 1405/1405/1405
f 1407/1407/1407 1402/1402/1402 1406/1406/1406
f 1410/1410/1410 1409/1409/1409 1408/1408/1408
f 1410/1410/1410 1408/1408/1408 1411/1411/1411
f 1409/1409/1409 1412/1412/1412 1408/1408/1408
f 1408/1408/1408 1413/1413/1413 1411/1411/1411
f 1409/1409/1409 1414/1414/1414 1412/1412/1412
f 1411/1411/1411 1413/1413/1413 1415/1415/1415
f 1414/1414/1414 1416/1416/1416 1412/1412/1412
f 1417/1417/1417 1411/1411/1411 1415/1415/1415
f 1414/1414/1414 1418/1418/1418 1416/1416/1416
f 1417/1417/1417 1415/1415/1415 1419/1419/1419
f 1418/1418/1418 1420/1420/1420 1416/1416/1416
f 1421/1421/1421 1417/1417/1417 1419/1419/1419
f 1418/1418/1418 1422/1422/1422 1420/1420/1420
f 1421/1421/1421 1419/1419/1419 1423/1423/1423
f 1422/1422/1422 1423/1423/1423 1420/1420/1420
f 1422/1422/1422 1421/1421/1421 1423/1423/1423
f 1426/1426/1426 1425/1425/1425 1424/1424/1424
f 1425/1425/1425 1427/1427/1427 1424/1424/1424
f 1428/1428/1428 1426/1426/1426 1424/1424/1424
f 1427/1427/1427 1429/1429/1429 1424/1424/1424
f 1426/1426/1426 1428/1428/1428 1430/1430/1430
f 1427/1427/1427 1431/1431/1431 1429/1429/1429
f 1431/1431/1431 1430/1430/1430 1429/1429/1429
f 1431/1431/1431 1426/1426/1426 1430/1430/1430
f 1434/1434/1434 1433/1433/1433 1432/1432/1432
f 1433/1433/1433 1435/1435/1435 1432/1432/1432
f 1432/1432/1432 1435/1435/1435 1436/1436/1436
f 1437/1437/1437 1433/1433/1433 1434/1434/1434
f 1438/1438/1438 1437/1437/1437 1434/1434/1434
f 1435/1435/1435 1439/1439/1439 1436/1436/1436
f 1436/1436/1436 1439/1439/1439 1440/1440/1440
f 1441/1441/1441 1437/1437/1437 1438/1438/1438
f 1442/1442/1442 1441/1441/1441 1438/1438/1438
f 1439/1439/1439 1443/1443/1443 1440/1440/1440
f 1440/1440/1440 1443/1443/1443 1444/1444/1444
f 1445/1445/1445 1441/1441/1441 1442/1442/1442
f 1446/1446/1446 1445/1445/1445 1442/1442/1442
f 1443/1443/1443 1447/1447/1447 1444/1444/1444
f 1444/1444/1444 1447/1447/1447 1448/1448/1448
f 1449/1449/1449 1445/1445/1445 1446/1446/1446
f 1450/1450/1450 1449/1449/1449 1446/1446/1446
f 1448/1448/1448 1451/1451/1451 1450/1450/1450
f 1447/1447/1447 1451/1451/1451 1448/1448/1448
f 1451/1451/1451 1449/1449/1449 1450/1450/1450
f 1441/1441/1441 1452/1452/1452 1437/1437/1437
f 1445/1445/1445 1453/1453/1453 1441/1441/1441
f 1453/1453/1453 1452/1452/1452 1441/1441/1441
f 1453/1453/1453 1454/1454/1454 1452/1452/1452
f 1452/1452/1452 1454/1454/1454 1455/1455/1455
f 1452/1452/1452 1455/1455/1455 1437/1437/1437
f 1456/1456/1456 1454/1454/1454 1453/1453/1453
f 1456/1456/1456 1453/1453/1453 1445/1445/1445
f 1449/1449/1449 1456/1456/1456 1445/1445/1445
f 1437/1437/1437 1455/1455/1455 1433/1433/1433
f 1457/1457/1457 1456/1456/1456 1449/1449/1449
f 1451/1451/1451 1457/1457/1457 1449/1449/1449
f 1457/1457/1457 1454/1454/1454 1456/1456/1456
f 1455/1455/1455 1458/1458/1458 1433/1433/1433
f 1455/1455/1455 1454/1454/1454 1458/1458/1458
f 1433/1433/1433 1458/1458/1458 1435/1435/1435
f 1459/1459/1459 1457/1457/1457 1451/1451/1451
f 1459/1459/1459 1454/1454/1454 1457/1457/1457
f 1447/1447/1447 1459/1459/1459 1451/1451/1451
f 1458/1458/1458 1460/1460/1460 1435/1435/1435
f 1458/1458/1458 1454/1454/1454 1460/1460/1460
f 1435/1435/1435 1460/1460/1460 1439/1439/1439
f 1461/1461/1461 1459/1459/1459 1447/1447/1447
f 1461/1461/1461 1454/1454/1454 1459/1459/1459
f 1443/1443/1443 1461/1461/1461 1447/1447/1447
f 1460/1460/1460 1462/1462/1462 1439/1439/1439
f 1460/1460/1460 1454/1454/1454 1462/1462/1462
f 1462/1462/1462 1454/1454/1454 1461/1461/1461
f 1462/1462/1462 1461/1461/1461 1443/1443/1443
f 1439/1439/1439 1462/1462/1462 1443/1443/1443
f 1465/1465/1465 1464/1464/1464 1463/1463/1463
f 1464/1464/1464 1466/1466/1466 1463/1463/1463
f 1467/1467/1467 1464/1464/1464 1465/1465/1465
f 1463/1463/1463 1466/1466/1466 1468/1468/1468
f 1469/1469/1469 1467/1467/1467 1465/1465/1465
f 1466/1466/1466 1470/1470/1470 1468/1468/1468
f 1471/1471/1471 1467/1467/1467 1469/1469/1469
f 1468/1468/1468 1470/1470/1470 1472/1472/1472
f 1473/1473/1473 1471/1471/1471 1469/1469/1469
f 1470/1470/1470 1474/1474/1474 1472/1472/1472
f 1475/1475/1475 1471/1471/1471 1473/1473/1473
f 1472/1472/1472 1474/1474/1474 1476/1476/1476
f 1477/1477/1477 1475/1475/1475 1473/1473/1473
f 1474/1474/1474 1478/1478/1478 1476/1476/1476
f 1479/1479/1479 1475/1475/1475 1477/1477/1477
f 1476/1476/1476 1478/1478/1478 1480/1480/1480
f 1481/1481/1481 1479/1479/1479 1477/1477/1477
f 1478/1478/1478 1482/1482/1482 1480/1480/1480
f 1482/1482/1482 1479/1479/1479 1481/1481/1481
f 1480/1480/1480 1482/1482/1482 1481/1481/1481
f 1485/1485/1485 1484/1484/1484 1483/1483/1483
f 1486/1486/1486 1485/1485/1485 1483/1483/1483
f 1483/1483/1483 1484/1484/1484 1487/1487/1487
f 1488/1488/1488 1485/1485/1485 1486/1486/1486
f 1484/1484/1484 1489/1489/1489 1487/1487/1487
f 1490/1490/1490 1488/1488/1488 1486/1486/1486
f 1487/1487/1487 1489/1489/1489 1491/1491/1491
f 1492/1492/1492 1488/1488/1488 1490/1490/1490
f 1489/1489/1489 1493/1493/1493 1491/1491/1491
f 1494/1494/1494 1492/1492/1492 1490/1490/1490
f 1491/1491/1491 1493/1493/1493 1495/1495/1495
f 1496/1496/1496 1492/1492/1492 1494/1494/1494
f 1493/1493/1493 1497/1497/1497 1495/1495/1495
f 1498/1498/1498 1496/1496/1496 1494/1494/1494
f 1495/1495/1495 1497/1497/1497 1499/1499/1499
f 1500/1500/1500 1496/1496/1496 1498/1498/1498
f 1497/1497/1497 1501/1501/1501 1499/1499/1499
f 1502/1502/1502 1500/1500/1500 1498/1498/1498
f 1499/1499/1499 1501/1501/1501 1502/1502/1502
f 1501/1501/1501 1500/1500/1500 1502/1502/1502
f 1505/1505/1505 1504/1504/1504 1503/1503/1503
f 1504/1504/1504 1506/1506/1506 1503/1503/1503
f 1507/1507/1507 1504/1504/1504 1505/1505/1505
f 1503/1503/1503 1506/1506/1506 1508/1508/1508
f 1509/1509/1509 1507/1507/1507 1505/1505/1505
f 1506/1506/1506 1510/1510/1510 1508/1508/1508
f 1511/1511/1511 1507/1507/1507 1509/1509/1509
f 1508/1508/1508 1510/1510/1510 1512/1512/1512
f 1513/1513/1513 1511/1511/1511 1509/1509/1509
f 1510/1510/1510 1514/1514/1514 1512/1512/1512
f 1515/1515/1515 1511/1511/1511 1513/1513/1513
f 1512/1512/1512 1514/1514/1514 1516/1516/1516
f 1517/1517/1517 1515/1515/1515 1513/1513/1513
f 1514/1514/1514 1518/1518/1518 1516/1516/1516
f 1519/1519/1519 1515/1515/1515 1517/1517/1517
f 1516/1516/1516 1518/1518/1518 1520/1520/1520
f 1521/1521/1521 1519/1519/1519 1517/1517/1517
f 1518/1518/1518 1522/1522/1522 1520/1520/1520
f 1522/1522/1522 1519/1519/1519 1521/1521/1521
f 1520/1520/1520 1522/1522/1522 1521/1521/1521
f 1525/1525/1525 1524/1524/1524 1523/1523/1523
f 1524/1524/1524 1526/1526/1526 1523/1523/1523
f 1527/1527/1527 1524/1524/1524 1525/1525/1525
f 1523/1523/1523 1526/1526/1526 1528/1528/1528
f 1529/1529/1529 1527/1527/1527 1525/1525/1525
f 1526/1526/1526 1530/1530/1530 1528/1528/1528
f 1531/1531/1531 1527/1527/1527 1529/1529/1529
f 1528/1528/1528 1530/1530/1530 1532/1532/1532
f 1533/1533/1533 1531/1531/1531 1529/1529/1529
f 1530/1530/1530 1534/1534/1534 1532/1532/1532
f 1535/1535/1535 1531/1531/1531 1533/1533/1533
f 1532/1532/1532 1534/1534/1534 1536/1536/1536
f 1537/1537/1537 1535/1535/1535 1533/1533/1533
f 1534/1534/1534 1538/1538/1538 1536/1536/1536
f 1539/1539/1539 1535/1535/1535 1537/1537/1537
f 1536/1536/1536 1538/1538/1538 1540/1540/1540
f 1541/1541/1541 1539/1539/1539 1537/1537/1537
f 1538/1538/1538 1542/1542/1542 1540/1540/1540
f 1542/1542/1542 1539/1539/1539 1541/1541/1541
f 1540/1540/1540 1542/1542/1542 1541/1541/1541
f 1545/1545/1545 1544/1544/1544 1543/1543/1543
f 1544/1544/1544 1546/1546/1546 1543/1543/1543
f 1547/1547/1547 1544/1544/1544 1545/1545/1545
f 1543/1543/1543 1546/1546/1546 1548/1548/1548
f 1549/1549/1549 1547/1547/1547 1545/1545/1545
f 1546/1546/1546 1550/1550/1550 1548/1548/1548
f 1551/1551/1551 1547/1547/1547 1549/1549/1549
f 1548/1548/1548 1550/1550/1550 1552/1552/1552
f 1553/1553/1553 1551/1551/1551 1549/1549/1549
f 1550/1550/1550 1554/1554/1554 1552/1552/1552
f 1555/1555/1555 1551/1551/1551 1553/1553/1553
f 1552/1552/1552 1554/1554/1554 1556/1556/1556
f 1557/1557/1557 1555/1555/1555 1553/1553/1553
f 1554/1554/1554 1558/1558/1558 1556/1556/1556
f 1559/1559/1559 1555/1555/1555 1557/1557/1557
f 1556/1556/1556 1558/1558/1558 1560/1560/1560
f 1561/1561/1561 1559/1559/1559 1557/1557/1557
f 1558/1558/1558 1562/1562/1562 1560/1560/1560
f 1562/1562/1562 1559/1559/1559 1561/1561/1561
f 1560/1560/1560 1562/1562/1562 1561/1561/1561
f 1565/1565/1565 1564/1564/1564 1563/1563/1563
f 1564/1564/1564 1566/1566/1566 1563/1563/1563
f 1563/1563/1563 1566/1566/1566 1567/1567/1567
f 1568/1568/1568 1564/1564/1564 1565/1565/1565
f 1569/1569/1569 1568/1568/1568 1565/1565/1565
f 1566/1566/1566 1570/1570/1570 1567/1567/1567
f 1567/1567/1567 1570/1570/1570 1571/1571/1571
f 1572/1572/1572 1568/1568/1568 1569/1569/1569
f 1573/1573/1573 1572/1572/1572 1569/1569/1569
f 1570/1570/1570 1574/1574/1574 1571/1571/1571
f 1571/1571/1571 1574/1574/1574 1575/1575/1575
f 1576/1576/1576 1572/1572/1572 1573/1573/1573
f 1577/1577/1577 1576/1576/1576 1573/1573/1573
f 1574/1574/1574 1578/1578/1578 1575/1575/1575
f 1575/1575/1575 1578/1578/1578 1579/1579/1579
f 1580/1580/1580 1576/1576/1576 1577/1577/1577
f 1581/1581/1581 1580/1580/1580 1577/1577/1577
f 1579/1579/1579 1582/1582/1582 1581/1581/1581
f 1578/1578/1578 1582/1582/1582 1579/1579/1579
f 1582/1582/1582 1580/1580/1580 1581/1581/1581
f 1572/1572/1572 1583/1583/1583 1568/1568/1568
f 1576/1576/1576 1584/1584/1584 1572/1572/1572
f 1584/1584/1584 1583/1583/1583 1572/1572/1572
f 1584/1584/1584 1585/1585/1585 1583/1583/1583
f 1583/1583/1583 1585/1585/1585 1586/1586/1586
f 1583/1583/1583 1586/1586/1586 1568/1568/1568
f 1587/1587/1587 1585/1585/1585 1584/1584/1584
f 1587/1587/1587 1584/1584/1584 1576/1576/1576
f 1580/1580/1580 1587/1587/1587 1576/1576/1576
f 1568/1568/1568 1586/1586/1586 1564/1564/1564
f 1588/1588/1588 1587/1587/1587 1580/1580/1580
f 1582/1582/1582 1588/1588/1588 1580/1580/1580
f 1588/1588/1588 1585/1585/1585 1587/1587/1587
f 1586/1586/1586 1589/1589/1589 1564/1564/1564
f 1586/1586/1586 1585/1585/1585 1589/1589/1589
f 1564/1564/1564 1589/1589/1589 1566/1566/1566
f 1590/1590/1590 1588/1588/1588 1582/1582/1582
f 1590/1590/1590 1585/1585/1585 1588/1588/1588
f 1578/1578/1578 1590/1590/1590 1582/1582/1582
f 1589/1589/1589 1591/1591/1591 1566/1566/1566
f 1589/1589/1589 1585/1585/1585 1591/1591/1591
f 1566/1566/1566 1591/1591/1591 1570/1570/1570
f 1592/1592/1592 1590/1590/1590 1578/1578/1578
f 1592/1592/1592 1585/1585/1585 1590/1590/1590
f 1574/1574/1574 1592/1592/1592 1578/1578/1578
f 1591/1591/1591 1593/1593/1593 1570/1570/1570
f 1591/1591/1591 1585/1585/1585 1593/1593/1593
f 1593/1593/1593 1585/1585/1585 1592/1592/1592
f 1593/1593/1593 1592/1592/1592 1574/1574/1574
f 1570/1570/1570 1593/1593/1593 1574/1574/1574
f 1596/1596/1596 1595/1595/1595 1594/1594/1594
f 1595/1595/1595 1597/1597/1597 1594/1594/1594
f 1598/1598/1598 1595/1595/1595 1596/1596/1596
f 1594/1594/1594 1597/1597/1597 1599/1599/1599
f 1600/1600/1600 1598/1598/1598 1596/1596/1596
f 1597/1597/1597 1601/1601/1601 1599/1599/1599
f 1602/1602/1602 1598/1598/1598 1600/1600/1600
f 1599/1599/1599 1601/1601/1601 1603/1603/1603
f 1604/1604/1604 1602/1602/1602 1600/1600/1600
f 1601/1601/1601 1605/1605/1605 1603/1603/1603
f 1606/1606/1606 1602/1602/1602 1604/1604/1604
f 1603/1603/1603 1605/1605/1605 1607/1607/1607
f 1608/1608/1608 1606/1606/1606 1604/1604/1604
f 1605/1605/1605 1609/1609/1609 1607/1607/1607
f 1610/1610/1610 1606/1606/1606 1608/1608/1608
f 1607/1607/1607 1609/1609/1609 1611/1611/1611
f 1612/1612/1612 1610/1610/1610 1608/1608/1608
f 1609/1609/1609 1613/1613/1613 1611/1611/1611
f 1613/1613/1613 1610/1610/1610 1612/1612/1612
f 1611/1611/1611 1613/1613/1613 1612/1612/1612
f 1616/1616/1616 1615/1615/1615 1614/1614/1614
f 1617/1617/1617 1616/1616/1616 1614/1614/1614
f 1614/1614/1614 1615/1615/1615 1618/1618/1618
f 1619/1619/1619 1616/1616/1616 1617/1617/1617
f 1615/1615/1615 1620/1620/1620 1618/1618/1618
f 1621/1621/1621 1619/1619/1619 1617/1617/1617
f 1618/1618/1618 1620/1620/1620 1622/1622/1622
f 1623/1623/1623 1619/1619/1619 1621/1621/1621
f 1620/1620/1620 1624/1624/1624 1622/1622/1622
f 1625/1625/1625 1623/1623/1623 1621/1621/1621
f 1622/1622/1622 1624/1624/1624 1626/1626/1626
f 1627/1627/1627 1623/1623/1623 1625/1625/1625
f 1624/1624/1624 1628/1628/1628 1626/1626/1626
f 1629/1629/1629 1627/1627/1627 1625/1625/1625
f 1626/1626/1626 1628/1628/1628 1630/1630/1630
f 1631/1631/1631 1627/1627/1627 1629/1629/1629
f 1628/1628/1628 1632/1632/1632 1630/1630/1630
f 1633/1633/1633 1631/1631/1631 1629/1629/1629
f 1630/1630/1630 1632/1632/1632 1633/1633/1633
f 1632/1632/1632 1631/1631/1631 1633/1633/1633
f 1636/1636/1636 1635/1635/1635 1634/1634/1634
f 1635/1635/1635 1637/1637/1637 1634/1634/1634
f 1638/1638/1638 1635/1635/1635 1636/1636/1636
f 1634/1634/1634 1637/1637/1637 1639/1639/1639
f 1640/1640/1640 1638/1638/1638 1636/1636/1636
f 1637/1637/1637 1641/1641/1641 1639/1639/1639
f 1642/1642/1642 1638/1638/1638 1640/1640/1640
f 1639/1639/1639 1641/1641/1641 1643/1643/1643
f 1644/1644/1644 1642/1642/1642 1640/1640/1640
f 1641/1641/1641 1645/1645/1645 1643/1643/1643
f 1646/1646/1646 1642/1642/1642 1644/1644/1644
f 1643/1643/1643 1645/1645/1645 1647/1647/1647
f 1648/1648/1648 1646/1646/1646 1644/1644/1644
f 1645/1645/1645 1649/1649/1649 1647/1647/1647
f 1650/1650/1650 1646/1646/1646 1648/1648/1648
f 1647/1647/1647 1649/1649/1649 1651/1651/1651
f 1652/1652/1652 1650/1650/1650 1648/1648/1648
f 1649/1649/1649 1653/1653/1653 1651/1651/1651
f 1653/1653/1653 1650/1650/1650 1652/1652/1652
f 1651/1651/1651 1653/1653/1653 1652/1652/1652
f 1656/1656/1656 1655/1655/1655 1654/1654/1654
f 1655/1655/1655 1657/1657/1657 1654/1654/1654
f 1658/1658/1658 1655/1655/1655 1656/1656/1656
f 1654/1654/1654 1657/1657/1657 1659/1659/1659
f 1660/1660/1660 1658/1658/1658 1656/1656/1656
f 1657/1657/1657 1661/1661/1661 1659/1659/1659
f 1662/1662/1662 1658/1658/1658 1660/1660/1660
f 1659/1659/1659 1661/1661/1661 1663/1663/1663
f 1664/1664/1664 1662/1662/1662 1660/1660/1660
f 1661/1661/1661 1665/1665/1665 1663/1663/1663
f 1666/1666/1666 1662/1662/1662 1664/1664/1664
f 1663/1663/1663 1665/1665/1665 1667/1667/1667
f 1668/1668/1668 1666/1666/1666 1664/1664/1664
f 1665/1665/1665 1669/1669/1669 1667/1667/1667
f 1670/1670/1670 1666/1666/1666 1668/1668/1668
f 1667/1667/1667 1669/1669/1669 1671/1671/1671
f 1672/1672/1672 1670/1670/1670 1668/1668/1668
f 1669/1669/1669 1673/1673/1673 1671/1671/1671
f 1673/1673/1673 1670/1670/1670 1672/1672/1672
f 1671/1671/1671 1673/1673/1673 1672/1672/1672
f 1676/1676/1676 1675/1675/1675 1674/1674/1674
f 1675/1675/1675 1677/1677/1677 1674/1674/1674
f 1678/1678/1678 1675/1675/1675 1676/1676/1676
f 1674/1674/1674 1677/1677/1677 1679/1679/1679
f 1680/1680/1680 1678/1678/1678 1676/1676/1676
f 1677/1677/1677 1681/1681/1681 1679/1679/1679
f 1682/1682/1682 1678/1678/1678 1680/1680/1680
f 1679/1679/1679 1681/1681/1681 1683/1683/1683
f 1684/1684/1684 1682/1682/1682 1680/1680/1680
f 1681/1681/1681 1685/1685/1685 1683/1683/1683
f 1686/1686/1686 1682/1682/1682 1684/1684/1684
f 1683/1683/1683 1685/1685/1685 1687/1687/1687
f 1688/1688/1688 1686/1686/1686 1684/1684/1684
f 1685/1685/1685 1689/1689/1689 1687/1687/1687
f 1690/1690/1690 1686/1686/1686 1688/1688/1688
f 1687/1687/1687 1689/1689/1689 1691/1691/1691
f 1692/1692/1692 1690/1690/1690 1688/1688/1688
f 1689/1689/1689 1693/1693/1693 1691/1691/1691
f 1693/1693/1693 1690/1690/1690 1692/1692/1692
f 1691/1691/1691 1693/1693/1693 1692/1692/1692
f 1696/1696/1696 1695/1695/1695 1694/1694/1694
f 1695/1695/1695 1697/1697/1697 1694/1694/1694
f 1694/1694/1694 1697/1697/1697 1698/1698/1698
f 1699/1699/1699 1695/1695/1695 1696/1696/1696
f 1700/1700/1700 1699/1699/1699 1696/1696/1696
f 1697/1697/1697 1701/1701/1701 1698/1698/1698
f 1698/1698/1698 1701/1701/1701 1702/1702/1702
f 1703/1703/1703 1699/1699/1699 1700/1700/1700
f 1704/1704/1704 1703/1703/1703 1700/1700/1700
f 1701/1701/1701 1705/1705/1705 1702/1702/1702
f 1702/1702/1702 1705/1705/1705 1706/1706/1706
f 1707/1707/1707 1703/1703/1703 1704/1704/1704
f 1708/1708/1708 1707/1707/1707 1704/1704/1704
f 1705/1705/1705 1709/1709/1709 1706/1706/1706
f 1706/1706/1706 1709/1709/1709 1710/1710/1710
f 1711/1711/1711 1707/1707/1707 1708/1708/1708
f 1712/1712/1712 1711/1711/1711 1708/1708/1708
f 1710/1710/1710 1713/1713/1713 1712/1712/1712
f 1709/1709/1709 1713/1713/1713 1710/1710/1710
f 1713/1713/1713 1711/1711/1711 1712/1712/1712
f 1703/1703/1703 1714/1714/1714 1699/1699/1699
f 1707/1707/1707 1715/1715/1715 1703/1703/1703
f 1715/1715/1715 1714/1714/1714 1703/1703/1703
f 1715/1715/1715 1716/1716/1716 1714/1714/1714
f 1714/1714/1714 1716/1716/1716 1717/1717/1717
f 1714/1714/1714 1717/1717/1717 1699/1699/1699
f 1718/1718/1718 1716/1716/1716 1715/1715/1715
f 1718/1718/1718 1715/1715/1715 1707/1707/1707
f 1711/1711/1711 1718/1718/1718 1707/1707/1707
f 1699/1699/1699 1717/1717/1717 1695/1695/1695
f 1719/1719/1719 1718/1718/1718 1711/1711/1711
f 1713/1713/1713 1719/1719/1719 1711/1711/1711
f 1719/1719/1719 1716/1716/1716 1718/1718/1718
f 1717/1717/1717 1720/1720/1720 1695/1695/1695
f 1717/1717/1717 1716/1716/1716 1720/1720/1720
f 1695/1695/1695 1720/1720/1720 1697/1697/1697
f 1721/1721/1721 1719/1719/1719 1713/1713/1713
f 1721/1721/1721 1716/1716/1716 1719/1719/1719
f 1709/1709/1709 1721/1721/1721 1713/1713/1713
f 1720/1720/1720 1722/1722/1722 1697/1697/1697
f 1720/1720/1720 1716/1716/1716 1722/1722/1722
f 1697/1697/1697 1722/1722/1722 1701/1701/1701
f 1723/1723/1723 1721/1721/1721 1709/1709/1709
f 1723/1723/1723 1716/1716/1716 1721/1721/1721
f 1705/1705/1705 1723/1723/1723 1709/1709/1709
f 1722/1722/1722 1724/1724/1724 1701/1701/1701
f 1722/1722/1722 1716/1716/1716 1724/1724/1724
f 1724/1724/1724 1716/1716/1716 1723/1723/1723
f 1724/1724/1724 1723/1723/1723 1705/1705/1705
f 1701/1701/1701 1724/1724/1724 1705/1705/1705
f 1727/1727/1727 1726/1726/1726 1725/1725/1725
f 1726/1726/1726 1728/1728/1728 1725/1725/1725
f 1729/1729/1729 1726/1726/1726 1727/1727/1727
f 1725/1725/1725 1728/1728/1728 1730/1730/1730
f 1731/1731/1731 1729/1729/1729 1727/1727/1727
f 1728/1728/1728 1732/1732/1732 1730/1730/1730
f 1733/1733/1733 1729/1729/1729 1731/1731/1731
f 1730/1730/1730 1732/1732/1732 1734/1734/1734
f 1735/1735/1735 1733/1733/1733 1731/1731/1731
f 1732/1732/1732 1736/1736/1736 1734/1734/1734
f 1737/1737/1737 1733/1733/1733 1735/1735/1735
f 1734/1734/1734 1736/1736/1736 1738/1738/1738
f 1739/1739/1739 1737/1737/1737 1735/1735/1735
f 1736/1736/1736 1740/1740/1740 1738/1738/1738
f 1741/1741/1741 1737/1737/1737 1739/1739/1739
f 1738/1738/1738 1740/1740/1740 1742/1742/1742
f 1743/1743/1743 1741/1741/1741 1739/1739/1739
f 1740/1740/1740 1744/1744/1744 1742/1742/1742
f 1744/1744/1744 1741/1741/1741 1743/1743/1743
f 1742/1742/1742 1744/1744/1744 1743/1743/1743
f 1747/1747/1747 1746/1746/1746 1745/1745/1745
f 1748/1748/1748 1747/1747/1747 1745/1745/1745
f 1745/1745/1745 1746/1746/1746 1749/1749/1749
f 1750/1750/1750 1747/1747/1747 1748/1748/1748
f 1746/1746/1746 1751/1751/1751 1749/1749/1749
f 1752/1752/1752 1750/1750/1750 1748/1748/1748
f 1749/1749/1749 1751/1751/1751 1753/1753/1753
f 1754/1754/1754 1750/1750/1750 1752/1752/1752
f 1751/1751/1751 1755/1755/1755 1753/1753/1753
f 1756/1756/1756 1754/1754/1754 1752/1752/1752
f 1753/1753/1753 1755/1755/1755 1757/1757/1757
f 1758/1758/1758 1754/1754/1754 1756/1756/1756
f 1755/1755/1755 1759/1759/1759 1757/1757/1757
f 1760/1760/1760 1758/1758/1758 1756/1756/1756
f 1757/1757/1757 1759/1759/1759 1761/1761/1761
f 1762/1762/1762 1758/1758/1758 1760/1760/1760
f 1759/1759/1759 1763/1763/1763 1761/1761/1761
f 1764/1764/1764 1762/1762/1762 1760/1760/1760
f 1761/1761/1761 1763/1763/1763 1764/1764/1764
f 1763/1763/1763 1762/1762/1762 1764/1764/1764
f 1767/1767/1767 1766/1766/1766 1765/1765/1765
f 1766/1766/1766 1768/1768/1768 1765/1765/1765
f 1769/1769/1769 1766/1766/1766 1767/1767/1767
f 1765/1765/1765 1768/1768/1768 1770/1770/1770
f 1771/1771/1771 1769/1769/1769 1767/1767/1767
f 1768/1768/1768 1772/1772/1772 1770/1770/1770
f 1773/1773/1773 1769/1769/1769 1771/1771/1771
f 1770/1770/1770 1772/1772/1772 1774/1774/1774
f 1775/1775/1775 1773/1773/1773 1771/1771/1771
f 1772/1772/1772 1776/1776/1776 1774/1774/1774
f 1777/1777/1777 1773/1773/1773 1775/1775/1775
f 1774/1774/1774 1776/1776/1776 1778/1778/1778
f 1779/1779/1779 1777/1777/1777 1775/1775/1775
f 1776/1776/1776 1780/1780/1780 1778/1778/1778
f 1781/1781/1781 1777/1777/1777 1779/1779/1779
f 1778/1778/1778 1780/1780/1780 1782/1782/1782
f 1783/1783/1783 1781/1781/1781 1779/1779/1779
f 1780/1780/1780 1784/1784/1784 1782/1782/1782
f 1784/1784/1784 1781/1781/1781 1783/1783/1783
f 1782/1782/1782 1784/1784/1784 1783/1783/1783
f 1787/1787/1787 1786/1786/1786 1785/1785/1785
f 1786/1786/1786 1788/1788/1788 1785/1785/1785
f 1789/1789/1789 1786/1786/1786 1787/1787/1787
f 1785/1785/1785 1788/1788/1788 1790/1790/1790
f 1791/1791/1791 1789/1789/1789 1787/1787/1787
f 1788/1788/1788 1792/1792/1792 1790/1790/1790
f 1793/1793/1793 1789/1789/1789 1791/1791/1791
f 1790/1790/1790 1792/1792/1792 1794/1794/1794
f 1795/1795/1795 1793/1793/1793 1791/1791/1791
f 1792/1792/1792 1796/1796/1796 1794/1794/1794
f 1797/1797/1797 1793/1793/1793 1795/1795/1795
f 1794/1794/1794 1796/1796/1796 1798/1798/1798
f 1799/1799/1799 1797/1797/1797 1795/1795/1795
f 1796/1796/1796 1800/1800/1800 1798/1798/1798
f 1801/1801/1801 1797/1797/1797 1799/1799/1799
f 1798/1798/1798 1800/1800/1800 1802/1802/1802
f 1803/1803/1803 1801/1801/1801 1799/1799/1799
f 1800/1800/1800 1804/1804/1804 1802/1802/1802
f 1804/1804/1804 1801/1801/1801 1803/1803/1803
f 1802/1802/1802 1804/1804/1804 1803/1803/1803
f 1807/1807/1807 1806/1806/1806 1805/1805/1805
f 1806/1806/1806 1808/1808/1808 1805/1805/1805
f 1809/1809/1809 1806/1806/1806 1807/1807/1807
f 1805/1805/1805 1808/1808/1808 1810/1810/1810
f 1811/1811/1811 1809/1809/1809 1807/1807/1807
f 1808/1808/1808 1812/1812/1812 1810/1810/1810
f 1813/1813/1813 1809/1809/1809 1811/1811/1811
f 1810/1810/1810 1812/1812/1812 1814/1814/1814
f 1815/1815/1815 1813/1813/1813 1811/1811/1811
f 1812/1812/1812 1816/1816/1816 1814/1814/1814
f 1817/1817/1817 1813/1813/1813 1815/1815/1815
f 1814/1814/1814 1816/1816/1816 1818/1818/1818
f 1819/1819/1819 1817/1817/1817 1815/1815/1815
f 1816/1816/1816 1820/1820/1820 1818/1818/1818
f 1821/1821/1821 1817/1817/1817 1819/1819/1819
f 1818/1818/1818 1820/1820/1820 1822/1822/1822
f 1823/1823/1823 1821/1821/1821 1819/1819/1819
f 1820/1820/1820 1824/1824/1824 1822/1822/1822
f 1824/1824/1824 1821/1821/1821 1823/1823/1823
f 1822/1822/1822 1824/1824/1824 1823/1823/1823
f 1827/1827/1827 1826/1826/1826 1825/1825/1825
f 1828/1828/1828 1827/1827/1827 1825/1825/1825
f 1825/1825/1825 1826/1826/1826 1829/1829/1829
f 1830/1830/1830 1827/1827/1827 1828/1828/1828
f 1826/1826/1826 1831/1831/1831 1829/1829/1829
f 1832/1832/1832 1830/1830/1830 1828/1828/1828
f 1829/1829/1829 1831/1831/1831 1833/1833/1833
f 1834/1834/1834 1830/1830/1830 1832/1832/1832
f 1831/1831/1831 1835/1835/1835 1833/1833/1833
f 1836/1836/1836 1834/1834/1834 1832/1832/1832
f 1833/1833/1833 1835/1835/1835 1837/1837/1837
f 1838/1838/1838 1834/1834/1834 1836/1836/1836
f 1835/1835/1835 1839/1839/1839 1837/1837/1837
f 1840/1840/1840 1838/1838/1838 1836/1836/1836
f 1837/1837/1837 1839/1839/1839 1841/1841/1841
f 1842/1842/1842 1838/1838/1838 1840/1840/1840
f 1839/1839/1839 1843/1843/1843 1841/1841/1841
f 1844/1844/1844 1842/1842/1842 1840/1840/1840
f 1841/1841/1841 1843/1843/1843 1845/1845/1845
f 1846/1846/1846 1842/1842/1842 1844/1844/1844
f 1843/1843/1843 1847/1847/1847 1845/1845/1845
f 1848/1848/1848 1846/1846/1846 1844/1844/1844
f 1845/1845/1845 1847/1847/1847 1849/1849/1849
f 1850/1850/1850 1846/1846/1846 1848/1848/1848
f 1847/1847/1847 1851/1851/1851 1849/1849/1849
f 1852/1852/1852 1850/1850/1850 1848/1848/1848
f 1849/1849/1849 1851/1851/1851 1852/1852/1852
f 1851/1851/1851 1850/1850/1850 1852/1852/1852
f 1855/1855/1855 1854/1854/1854 1853/1853/1853
f 1856/1856/1856 1855/1855/1855 1853/1853/1853
f 1853/1853/1853 1854/1854/1854 1857/1857/1857
f 1858/1858/1858 1855/1855/1855 1856/1856/1856
f 1854/1854/1854 1859/1859/1859 1857/1857/1857
f 1860/1860/1860 1858/1858/1858 1856/1856/1856
f 1857/1857/1857 1859/1859/1859 1861/1861/1861
f 1862/1862/1862 1858/1858/1858 1860/1860/1860
f 1859/1859/1859 1863/1863/1863 1861/1861/1861
f 1864/1864/1864 1862/1862/1862 1860/1860/1860
f 1861/1861/1861 1863/1863/1863 1865/1865/1865
f 1866/1866/1866 1862/1862/1862 1864/1864/1864
f 1863/1863/1863 1867/1867/1867 1865/1865/1865
f 1868/1868/1868 1866/1866/1866 1864/1864/1864
f 1865/1865/1865 1867/1867/1867 1869/1869/1869
f 1870/1870/1870 1866/1866/1866 1868/1868/1868
f 1867/1867/1867 1871/1871/1871 1869/1869/1869
f 1872/1872/1872 1870/1870/1870 1868/1868/1868
f 1869/1869/1869 1871/1871/1871 1872/1872/1872
f 1871/1871/1871 1870/1870/1870 1872/1872/1872
f 1875/1875/1875 1874/1874/1874 1873/1873/1873
f 1874/1874/1874 1876/1876/1876 1873/1873/1873
f 1877/1877/1877 1874/1874/1874 1875/1875/1875
f 1873/1873/1873 1876/1876/1876 1878/1878/1878
f 1879/1879/1879 1877/1877/1877 1875/1875/1875
f 1876/1876/1876 1880/1880/1880 1878/1878/1878
f 1881/1881/1881 1877/1877/1877 1879/1879/1879
f 1878/1878/1878 1880/1880/1880 1882/1882/1882
f 1883/1883/1883 1881/1881/1881 1879/1879/1879
f 1880/1880/1880 1884/1884/1884 1882/1882/1882
f 1885/1885/1885 1881/1881/1881 1883/1883/1883
f 1882/1882/1882 1884/1884/1884 1886/1886/1886
f 1887/1887/1887 1885/1885/1885 1883/1883/1883
f 1884/1884/1884 1888/1888/1888 1886/1886/1886
f 1889/1889/1889 1885/1885/1885 1887/1887/1887
f 1886/1886/1886 1888/1888/1888 1890/1890/1890
f 1891/1891/1891 1889/1889/1889 1887/1887/1887
f 1888/1888/1888 1892/1892/1892 1890/1890/1890
f 1892/1892/1892 1889/1889/1889 1891/1891/1891
f 1890/1890/1890 1892/1892/1892 1891/1891/1891
f 1895/1895/1895 1894/1894/1894 1893/1893/1893
f 1894/1894/1894 1896/1896/1896 1893/1893/1893
f 1897/1897/1897 1894/1894/1894 1895/1895/1895
f 1893/1893/1893 1896/1896/1896 1898/1898/1898
f 1899/1899/1899 1897/1897/1897 1895/1895/1895
f 1896/1896/1896 1900/1900/1900 1898/1898/1898
f 1901/1901/1901 1897/1897/1897 1899/1899/1899
f 1898/1898/1898 1900/1900/1900 1902/1902/1902
f 1903/1903/1903 1901/1901/1901 1899/1899/1899
f 1900/1900/1900 1904/1904/1904 1902/1902/1902
f 1905/1905/1905 1901/1901/1901 1903/1903/1903
f 1902/1902/1902 1904/1904/1904 1906/1906/1906
f 1907/1907/1907 1905/1905/1905 1903/1903/1903
f 1904/1904/1904 1908/1908/1908 1906/1906/1906
f 1909/1909/1909 1905/1905/1905 1907/1907/1907
f 1906/1906/1906 1908/1908/1908 1910/1910/1910
f 1911/1911/1911 1909/1909/1909 1907/1907/1907
f 1908/1908/1908 1912/1912/1912 1910/1910/1910
f 1912/1912/1912 1909/1909/1909 1911/1911/1911
f 1910/1910/1910 1912/1912/1912 1911/1911/1911
f 1915/1915/1915 1914/1914/1914 1913/1913/1913
f 1916/1916/1916 1915/1915/1915 1913/1913/1913
f 1915/1915/1915 1917/1917/1917 1914/1914/1914
f 1916/1916/1916 1913/1913/1913 1918/1918/1918
f 1917/1917/1917 1919/1919/1919 1914/1914/1914
f 1920/1920/1920 1916/1916/1916 1918/1918/1918
f 1920/1920/1920 1918/1918/1918 1919/1919/1919
f 1917/1917/1917 1920/1920/1920 1919/1919/1919
f 1923/1923/1923 1922/1922/1922 1921/1921/1921
f 1924/1924/1924 1923/1923/1923 1921/1921/1921
f 1924/1924/1924 1921/1921/1921 1925/1925/1925
f 1923/1923/1923 1926/1926/1926 1922/1922/1922
f 1926/1926/1926 1927/1927/1927 1922/1922/1922
f 1926/1926/1926 1928/1928/1928 1927/1927/1927
f 1928/1928/1928 1926/1926/1926 1923/1923/1923
f 1928/1928/1928 1929/1929/1929 1927/1927/1927
f 1923/1923/1923 1930/1930/1930 1928/1928/1928
f 1928/1928/1928 1930/1930/1930 1929/1929/1929
f 1923/1923/1923 1924/1924/1924 1930/1930/1930
f 1930/1930/1930 1931/1931/1931 1929/1929/1929
f 1930/1930/1930 1932/1932/1932 1931/1931/1931
f 1924/1924/1924 1932/1932/1932 1930/1930/1930
f 1932/1932/1932 1933/1933/1933 1931/1931/1931
f 1934/1934/1934 1924/1924/1924 1925/1925/1925
f 1924/1924/1924 1934/1934/1934 1932/1932/1932
f 1934/1934/1934 1925/1925/1925 1935/1935/1935
f 1932/1932/1932 1936/1936/1936 1933/1933/1933
f 1934/1934/1934 1936/1936/1936 1932/1932/1932
f 1936/1936/1936 1937/1937/1937 1933/1933/1933
f 1936/1936/1936 1938/1938/1938 1937/1937/1937
f 1934/1934/1934 1938/1938/1938 1936/1936/1936
f 1938/1938/1938 1939/1939/1939 1937/1937/1937
f 1940/1940/1940 1934/1934/1934 1935/1935/1935
f 1940/1940/1940 1935/1935/1935 1939/1939/1939
f 1938/1938/1938 1934/1934/1934 1940/1940/1940
f 1938/1938/1938 1940/1940/1940 1939/1939/1939
f 1943/1943/1943 1942/1942/1942 1941/1941/1941
f 1944/1944/1944 1943/1943/1943 1941/1941/1941
f 1943/1943/1943 1945/1945/1945 1942/1942/1942
f 1944/1944/1944 1941/1941/1941 1946/1946/1946
f 1945/1945/1945 1947/1947/1947 1942/1942/1942
f 1948/1948/1948 1944/1944/1944 1946/1946/1946
f 1948/1948/1948 1946/1946/1946 1947/1947/1947
f 1945/1945/1945 1948/1948/1948 1947/1947/1947
f 1951/1951/1951 1950/1950/1950 1949/1949/1949
f 1952/1952/1952 1951/1951/1951 1949/1949/1949
f 1951/1951/1951 1953/1953/1953 1950/1950/1950
f 1952/1952/1952 1949/1949/1949 1954/1954/1954
f 1953/1953/1953 1955/1955/1955 1950/1950/1950
f 1956/1956/1956 1952/1952/1952 1954/1954/1954
f 1953/1953/1953 1957/1957/1957 1955/1955/1955
f 1956/1956/1956 1954/1954/1954 1958/1958/1958
f 1957/1957/1957 1959/1959/1959 1955/1955/1955
f 1960/1960/1960 1956/1956/1956 1958/1958/1958
f 1957/1957/1957 1961/1961/1961 1959/1959/1959
f 1960/1960/1960 1958/1958/1958 1962/1962/1962
f 1961/1961/1961 1963/1963/1963 1959/1959/1959
f 1964/1964/1964 1960/1960/1960 1962/1962/1962
f 1964/1964/1964 1962/1962/1962 1963/1963/1963
f 1961/1961/1961 1964/1964/1964 1963/1963/1963
f 1967/1967/1967 1966/1966/1966 1965/1965/1965
f 1968/1968/1968 1967/1967/1967 1965/1965/1965
f 1969/1969/1969 1967/1967/1967 1968/1968/1968
f 1965/1965/1965 1966/1966/1966 1970/1970/1970
f 1966/1966/1966 1971/1971/1971 1970/1970/1970
f 1972/1972/1972 1969/1969/1969 1968/1968/1968
f 1973/1973/1973 1969/1969/1969 1972/1972/1972
f 1970/1970/1970 1971/1971/1971 1974/1974/1974
f 1971/1971/1971 1975/1975/1975 1974/1974/1974
f 1976/1976/1976 1973/1973/1973 1972/1972/1972
f 1977/1977/1977 1973/1973/1973 1976/1976/1976
f 1974/1974/1974 1975/1975/1975 1978/1978/1978
f 1975/1975/1975 1979/1979/1979 1978/1978/1978
f 1980/1980/1980 1977/1977/1977 1976/1976/1976
f 1981/1981/1981 1977/1977/1977 1980/1980/1980
f 1978/1978/1978 1979/1979/1979 1982/1982/1982
f 1979/1979/1979 1983/1983/1983 1982/1982/1982
f 1983/1983/1983 1981/1981/1981 1984/1984/1984
f 1984/1984/1984 1981/1981/1981 1980/1980/1980
f 1982/1982/1982 1983/1983/1983 1984/1984/1984
f 1970/1970/1970 1974/1974/1974 1985/1985/1985
f 1986/1986/1986 1970/1970/1970 1985/1985/1985
f 1985/1985/1985 1974/1974/1974 1987/1987/1987
f 1974/1974/1974 1978/1978/1978 1987/1987/1987
f 1965/1965/1965 1970/1970/1970 1986/1986/1986
f 1987/1987/1987 1978/1978/1978 1988/1988/1988
f 1978/1978/1978 1982/1982/1982 1988/1988/1988
f 1989/1989/1989 1965/1965/1965 1986/1986/1986
f 1988/1988/1988 1982/1982/1982 1990/1990/1990
f 1982/1982/1982 1984/1984/1984 1990/1990/1990
f 1968/1968/1968 1965/1965/1965 1989/1989/1989
f 1990/1990/1990 1984/1984/1984 1991/1991/1991
f 1992/1992/1992 1968/1968/1968 1989/1989/1989
f 1984/1984/1984 1980/1980/1980 1991/1991/1991
f 1972/1972/1972 1968/1968/1968 1992/1992/1992
f 1991/1991/1991 1980/1980/1980 1993/1993/1993
f 1994/1994/1994 1972/1972/1972 1992/1992/1992
f 1980/1980/1980 1976/1976/1976 1993/1993/1993
f 1976/1976/1976 1972/1972/1972 1994/1994/1994
f 1993/1993/1993 1976/1976/1976 1994/1994/1994
f 1997/1997/1997 1996/1996/1996 1995/1995/1995
f 1998/1998/1998 1997/1997/1997 1995/1995/1995
f 1999/1999/1999 1997/1997/1997 1998/1998/1998
f 1995/1995/1995 1996/1996/1996 2000/2000/2000
f 1996/1996/1996 2001/2001/2001 2000/2000/2000
f 2002/2002/2002 1999/1999/1999 1998/1998/1998
f 2003/2003/2003 1999/1999/1999 2002/2002/2002
f 2000/2000/2000 2001/2001/2001 2004/2004/2004
f 2001/2001/2001 2005/2005/2005 2004/2004/2004
f 2006/2006/2006 2003/2003/2003 2002/2002/2002
f 2007/2007/2007 2003/2003/2003 2006/2006/2006
f 2004/2004/2004 2005/2005/2005 2008/2008/2008
f 2005/2005/2005 2009/2009/2009 2008/2008/2008
f 2010/2010/2010 2007/2007/2007 2006/2006/2006
f 2011/2011/2011 2007/2007/2007 2010/2010/2010
f 2008/2008/2008 2009/2009/2009 2012/2012/2012
f 2009/2009/2009 2013/2013/2013 2012/2012/2012
f 2013/2013/2013 2011/2011/2011 2014/2014/2014
f 2014/2014/2014 2011/2011/2011 2010/2010/2010
f 2012/2012/2012 2013/2013/2013 2014/2014/2014
f 2000/2000/2000 2004/2004/2004 2015/2015/2015
f 2016/2016/2016 2000/2000/2000 2015/2015/2015
f 2015/2015/2015 2004/2004/2004 2017/2017/2017
f 2004/2004/2004 2008/2008/2008 2017/2017/2017
f 1995/1995/1995 2000/2000/2000 2016/2016/2016
f 2017/2017/2017 2008/2008/2008 2018/2018/2018
f 2008/2008/2008 2012/2012/2012 2018/2018/2018
f 2019/2019/2019 1995/1995/1995 2016/2016/2016
f 2018/2018/2018 2012/2012/2012 2020/2020/2020
f 2012/2012/2012 2014/2014/2014 2020/2020/2020
f 1998/1998/1998 1995/1995/1995 2019/2019/2019
f 2020/2020/2020 2014/2014/2014 2021/2021/2021
f 2022/2022/2022 1998/1998/1998 2019/2019/2019
f 2014/2014/2014 2010/2010/2010 2021/2021/2021
f 2002/2002/2002 1998/1998/1998 2022/2022/2022
f 2021/2021/2021 2010/2010/2010 2023/2023/2023
f 2024/2024/2024 2002/2002/2002 2022/2022/2022
f 2010/2010/2010 2006/2006/2006 2023/2023/2023
f 2006/2006/2006 2002/2002/2002 2024/2024/2024
f 2023/2023/2023 2006/2006/2006 2024/2024/2024
f 2027/2027/2027 2026/2026/2026 2025/2025/2025
f 2028/2028/2028 2027/2027/2027 2025/2025/2025
f 2029/2029/2029 2027/2027/2027 2028/2028/2028
f 2025/2025/2025 2026/2026/2026 2030/2030/2030
f 2026/2026/2026 2031/2031/2031 2030/2030/2030
f 2032/2032/2032 2029/2029/2029 2028/2028/2028
f 2033/2033/2033 2029/2029/2029 2032/2032/2032
f 2030/2030/2030 2031/2031/2031 2034/2034/2034
f 2031/2031/2031 2035/2035/2035 2034/2034/2034
f 2036/2036/2036 2033/2033/2033 2032/2032/2032
f 2037/2037/2037 2033/2033/2033 2036/2036/2036
f 2034/2034/2034 2035/2035/2035 2038/2038/2038
f 2035/2035/2035 2039/2039/2039 2038/2038/2038
f 2040/2040/2040 2037/2037/2037 2036/2036/2036
f 2041/2041/2041 2037/2037/2037 2040/2040/2040
f 2038/2038/2038 2039/2039/2039 2042/2042/2042
f 2039/2039/2039 2043/2043/2043 2042/2042/2042
f 2043/2043/2043 2041/2041/2041 2044/2044/2044
f 2044/2044/2044 2041/2041/2041 2040/2040/2040
f 2042/2042/2042 2043/2043/2043 2044/2044/2044
f 2030/2030/2030 2034/2034/2034 2045/2045/2045
f 2046/2046/2046 2030/2030/2030 2045/2045/2045
f 2045/2045/2045 2034/2034/2034 2047/2047/2047
f 2034/2034/2034 2038/2038/2038 2047/2047/2047
f 2025/2025/2025 2030/2030/2030 2046/2046/2046
f 2047/2047/2047 2038/2038/2038 2048/2048/2048
f 2038/2038/2038 2042/2042/2042 2048/2048/2048
f 2049/2049/2049 2025/2025/2025 2046/2046/2046
f 2048/2048/2048 2042/2042/2042 2050/2050/2050
f 2042/2042/2042 2044/2044/2044 2050/2050/2050
f 2028/2028/2028 2025/2025/2025 2049/2049/2049
f 2050/2050/2050 2044/2044/2044 2051/2051/2051
f 2052/2052/2052 2028/2028/2028 2049/2049/2049
f 2044/2044/2044 2040/2040/2040 2051/2051/2051
f 2032/2032/2032 2028/2028/2028 2052/2052/2052
f 2051/2051/2051 2040/2040/2040 2053/2053/2053
f 2054/2054/2054 2032/2032/2032 2052/2052/2052
f 2040/2040/2040 2036/2036/2036 2053/2053/2053
f 2036/2036/2036 2032/2032/2032 2054/2054/2054
f 2053/2053/2053 2036/2036/2036 2054/2054/2054
f 2057/2057/2057 2056/2056/2056 2055/2055/2055
f 2056/2056/2056 2058/2058/2058 2055/2055/2055
f 2057/2057/2057 2055/2055/2055 2059/2059/2059
f 2056/2056/2056 2060/2060/2060 2058/2058/2058
f 2061/2061/2061 2057/2057/2057 2059/2059/2059
f 2060/2060/2060 2062/2062/2062 2058/2058/2058
f 2061/2061/2061 2059/2059/2059 2063/2063/2063
f 2060/2060/2060 2064/2064/2064 2062/2062/2062
f 2065/2065/2065 2061/2061/2061 2063/2063/2063
f 2064/2064/2064 2066/2066/2066 2062/2062/2062
f 2065/2065/2065 2063/2063/2063 2067/2067/2067
f 2064/2064/2064 2068/2068/2068 2066/2066/2066
f 2069/2069/2069 2065/2065/2065 2067/2067/2067
f 2068/2068/2068 2070/2070/2070 2066/2066/2066
f 2069/2069/2069 2067/2067/2067 2070/2070/2070
f 2068/2068/2068 2069/2069/2069 2070/2070/2070
f 2073/2073/2073 2072/2072/2072 2071/2071/2071
f 2072/2072/2072 2074/2074/2074 2071/2071/2071
f 2073/2073/2073 2071/2071/2071 2075/2075/2075
f 2072/2072/2072 2076/2076/2076 2074/2074/2074
f 2077/2077/2077 2073/2073/2073 2075/2075/2075
f 2076/2076/2076 2078/2078/2078 2074/2074/2074
f 2077/2077/2077 2075/2075/2075 2079/2079/2079
f 2076/2076/2076 2080/2080/2080 2078/2078/2078
f 2081/2081/2081 2077/2077/2077 2079/2079/2079
f 2080/2080/2080 2082/2082/2082 2078/2078/2078
f 2081/2081/2081 2079/2079/2079 2083/2083/2083
f 2080/2080/2080 2084/2084/2084 2082/2082/2082
f 2085/2085/2085 2081/2081/2081 2083/2083/2083
f 2084/2084/2084 2086/2086/2086 2082/2082/2082
f 2085/2085/2085 2083/2083/2083 2086/2086/2086
f 2084/2084/2084 2085/2085/2085 2086/2086/2086
f 2089/2089/2089 2088/2088/2088 2087/2087/2087
f 2088/2088/2088 2090/2090/2090 2087/2087/2087
f 2089/2089/2089 2087/2087/2087 2091/2091/2091
f 2088/2088/2088 2092/2092/2092 2090/2090/2090
f 2093/2093/2093 2089/2089/2089 2091/2091/2091
f 2092/2092/2092 2094/2094/2094 2090/2090/2090
f 2093/2093/2093 2091/2091/2091 2095/2095/2095
f 2092/2092/2092 2096/2096/2096 2094/2094/2094
f 2097/2097/2097 2093/2093/2093 2095/2095/2095
f 2096/2096/2096 2098/2098/2098 2094/2094/2094
f 2097/2097/2097 2095/2095/2095 2099/2099/2099
f 2096/2096/2096 2100/2100/2100 2098/2098/2098
f 2101/2101/2101 2097/2097/2097 2099/2099/2099
f 2100/2100/2100 2102/2102/2102 2098/2098/2098
f 2101/2101/2101 2099/2099/2099 2102/2102/2102
f 2100/2100/2100 2101/2101/2101 2102/2102/2102
f 2105/2105/2105 2104/2104/2104 2103/2103/2103
f 2104/2104/2104 2106/2106/2106 2103/2103/2103
f 2105/2105/2105 2103/2103/2103 2107/2107/2107
f 2104/2104/2104 2108/2108/2108 2106/2106/2106
f 2109/2109/2109 2105/2105/2105 2107/2107/2107
f 2108/2108/2108 2110/2110/2110 2106/2106/2106
f 2109/2109/2109 2107/2107/2107 2111/2111/2111
f 2108/2108/2108 2112/2112/2112 2110/2110/2110
f 2113/2113/2113 2109/2109/2109 2111/2111/2111
f 2112/2112/2112 2114/2114/2114 2110/2110/2110
f 2113/2113/2113 2111/2111/2111 2115/2115/2115
f 2112/2112/2112 2116/2116/2116 2114/2114/2114
f 2117/2117/2117 2113/2113/2113 2115/2115/2115
f 2116/2116/2116 2118/2118/2118 2114/2114/2114
f 2117/2117/2117 2115/2115/2115 2118/2118/2118
f 2116/2116/2116 2117/2117/2117 2118/2118/2118
f 2121/2121/2121 2120/2120/2120 2119/2119/2119
f 2120/2120/2120 2122/2122/2122 2119/2119/2119
f 2121/2121/2121 2119/2119/2119 2123/2123/2123
f 2120/2120/2120 2124/2124/2124 2122/2122/2122
f 2125/2125/2125 2121/2121/2121 2123/2123/2123
f 2124/2124/2124 2126/2126/2126 2122/2122/2122
f 2125/2125/2125 2123/2123/2123 2127/2127/2127
f 2124/2124/2124 2128/2128/2128 2126/2126/2126
f 2129/2129/2129 2125/2125/2125 2127/2127/2127
f 2128/2128/2128 2130/2130/2130 2126/2126/2126
f 2129/2129/2129 2127/2127/2127 2131/2131/2131
f 2128/2128/2128 2132/2132/2132 2130/2130/2130
f 2133/2133/2133 2129/2129/2129 2131/2131/2131
f 2132/2132/2132 2134/2134/2134 2130/2130/2130
f 2133/2133/2133 2131/2131/2131 2134/2134/2134
f 2132/2132/2132 2133/2133/2133 2134/2134/2134
f 2137/2137/2137 2136/2136/2136 2135/2135/2135
f 2136/2136/2136 2138/2138/2138 2135/2135/2135
f 2137/2137/2137 2135/2135/2135 2139/2139/2139
f 2136/2136/2136 2140/2140/2140 2138/2138/2138
f 2141/2141/2141 2137/2137/2137 2139/2139/2139
f 2140/2140/2140 2142/2142/2142 2138/2138/2138
f 2141/2141/2141 2139/2139/2139 2143/2143/2143
f 2140/2140/2140 2144/2144/2144 2142/2142/2142
f 2145/2145/2145 2141/2141/2141 2143/2143/2143
f 2144/2144/2144 2146/2146/2146 2142/2142/2142
f 2145/2145/2145 2143/2143/2143 2147/2147/2147
f 2144/2144/2144 2148/2148/2148 2146/2146/2146
f 2149/2149/2149 2145/2145/2145 2147/2147/2147
f 2148/2148/2148 2150/2150/2150 2146/2146/2146
f 2149/2149/2149 2147/2147/2147 2150/2150/2150
f 2148/2148/2148 2149/2149/2149 2150/2150/2150
f 2153/2153/2153 2152/2152/2152 2151/2151/2151
f 2154/2154/2154 2153/2153/2153 2151/2151/2151
f 2151/2151/2151 2152/2152/2152 2155/2155/2155
f 2156/2156/2156 2153/2153/2153 2154/2154/2154
f 2152/2152/2152 2157/2157/2157 2155/2155/2155
f 2158/2158/2158 2156/2156/2156 2154/2154/2154
f 2155/2155/2155 2157/2157/2157 2159/2159/2159
f 2160/2160/2160 2156/2156/2156 2158/2158/2158
f 2157/2157/2157 2161/2161/2161 2159/2159/2159
f 2162/2162/2162 2160/2160/2160 2158/2158/2158
f 2159/2159/2159 2161/2161/2161 2163/2163/2163
f 2164/2164/2164 2160/2160/2160 2162/2162/2162
f 2161/2161/2161 2165/2165/2165 2163/2163/2163
f 2166/2166/2166 2164/2164/2164 2162/2162/2162
f 2163/2163/2163 2165/2165/2165 2167/2167/2167
f 2168/2168/2168 2164/2164/2164 2166/2166/2166
f 2165/2165/2165 2169/2169/2169 2167/2167/2167
f 2170/2170/2170 2168/2168/2168 2166/2166/2166
f 2167/2167/2167 2169/2169/2169 2170/2170/2170
f 2169/2169/2169 2168/2168/2168 2170/2170/2170
