g stickman_VIP1
v -0.11866818 2.533614 -0.42379376
v -0.06341006 2.2522802 -0.34559157
v -0.051743425 2.2044613 -0.34069765
v 0.0055069076 2.5299788 -0.41071615
v 0.0052664317 2.845479 -0.42048115
v -0.10150062 2.8174624 -0.3532539
v -0.11232602 2.857028 -0.26146644
v -0.07731084 2.801815 -0.21119262
v 0.0056359703 2.8626006 -0.2835686
v 0.15506612 2.8448453 -0.40087432
v 0.12226322 2.8588502 -0.26380482
v 0.14172491 2.6953 -0.3998101
v 0.08497415 2.8042288 -0.2137256
v 0.15385504 2.5307312 -0.38849062
v 0.12871628 2.5329342 -0.4229566
v 0.0753932 2.2553155 -0.3462023
v 0.061965138 2.203019 -0.34093648
v 0.0057511143 2.200473 -0.3576667
v 0.0060372436 1.9346788 -0.3761638
v -0.38781458 2.5398602 -0.3448654
v -0.40800065 2.7339253 -0.338631
v -0.46712983 2.6879992 -0.3358072
v -0.37065557 2.5379267 -0.34550643
v -0.36510572 2.4817593 -0.33911484
v -0.31472895 2.537045 -0.35369647
v -0.4035401 2.73921 -0.3392438
v -0.23597777 2.3353505 -0.3340277
v -0.21347268 2.2151473 -0.31750545
v -0.14666416 2.536853 -0.41271186
v -0.10150062 2.8174624 -0.3532539
v -0.18138328 2.209134 -0.32419518
v -0.11866818 2.533614 -0.42379376
v -0.06341006 2.2522802 -0.34559157
v -0.094024986 2.0205262 -0.35609752
v -0.084712654 1.9678283 -0.36159375
v 0.00602432 1.8117948 -0.384304
v -0.06064419 2.2051578 -0.33779654
v -0.051743425 2.2044613 -0.34069765
v 0.0060372436 1.9346788 -0.3761638
v 0.061965138 2.203019 -0.34093648
v 0.07209397 2.2034361 -0.33759296
v 0.0753932 2.2553155 -0.3462023
v 0.12871628 2.5329342 -0.4229566
v 0.106462725 2.0213144 -0.3558443
v 0.096234575 1.962768 -0.36203527
v 0.2261796 2.2115083 -0.31431833
v 0.15671387 2.5358355 -0.41085523
v 0.14172491 2.6953 -0.3998101
v 0.3246024 2.5357409 -0.35053903
v 0.19299053 2.2070749 -0.322117
v 0.24647993 2.3329504 -0.33135423
v 0.37139505 2.451884 -0.33076003
v 0.40382168 2.717855 -0.3400548
v 0.41359487 2.7054188 -0.33817655
v 0.38145673 2.5360441 -0.34082398
v 0.41241458 2.5378134 -0.33801872
v 0.47065157 2.6447988 -0.32862887
v 0.11015364 2.794026 -0.32672808
v 0.08497415 2.8042288 -0.2137256
v 0.42650196 2.9572935 -0.19627242
v 0.07987287 2.8787534 -0.2685585
v 0.4400883 2.8887198 -0.14395744
v 0.46397278 2.9853432 0.00030588775
v 0.4676822 2.8951783 -0.000978591
v 0.42264834 2.9638436 0.19573879
v 0.43905827 2.8873463 0.13799697
v 0.32075015 2.869029 0.3695892
v 0.35444567 2.8217852 0.3038122
v 0.15975474 2.834711 0.43532604
v 0.16205007 2.7895179 0.39552426
v 0.0050315093 2.8337612 0.45508614
v 0.0063271387 2.7862868 0.4121718
v -0.15110245 2.8330147 0.4333495
v -0.1512953 2.7877529 0.3936197
v -0.3138719 2.866479 0.365365
v -0.34635067 2.8196898 0.29972604
v -0.4141415 2.9621084 0.19311124
v -0.43075293 2.8850121 0.13476987
v -0.4539134 2.982668 3.8071416E-06
v -0.45812353 2.8923469 -0.0012677697
v -0.41816145 2.9558513 -0.19489399
v -0.43176466 2.8862834 -0.20134538
v -0.1021677 2.7924333 -0.38369802
v -0.072071604 2.876998 -0.26676384
v -0.07731084 2.801815 -0.21119262
v -0.39156437 2.7594116 -0.16361001
v -0.07731084 2.801815 -0.21119262
v -0.37229207 2.7389612 -0.16198702
v -0.38660985 2.728946 -0.15997927
v -0.07731084 2.801815 -0.21119262
v -0.30410346 3.0122726 -0.12864819
v -0.072071604 2.876998 -0.26676384
v -0.30367875 2.8576033 -0.09854855
v -0.3328462 3.0215576 0.00049459125
v -0.32972103 2.8530343 0.00012566142
v -0.3054216 3.0138595 0.1355574
v -0.3026821 2.8567662 0.103150874
v -0.23487596 2.9520233 0.25415543
v -0.24231178 2.8105354 0.21152323
v -0.11272421 2.9301531 0.29055372
v -0.10992767 2.796131 0.26321933
v 0.005655097 2.9331927 0.30818656
v 0.0062026083 2.7986066 0.27962902
v 0.12293937 2.9315553 0.2921765
v 0.12121585 2.797458 0.26466745
v 0.24259563 2.9538102 0.25827944
v 0.2507162 2.8119795 0.21546417
v 0.313183 3.0157008 0.1376265
v 0.31089687 2.8589158 0.10536222
v 0.34254077 3.0245218 0.0009169171
v 0.33961093 2.8557572 0.0005453145
v 0.31191114 3.0141249 -0.12927441
v 0.31188774 2.8600173 -0.0989642
v 0.07987287 2.8787534 -0.2685585
v 0.08497415 2.8042288 -0.2137256
v 0.31191114 3.0141249 -0.12927441
v 0.07987287 2.8787534 -0.2685585
v 0.11267734 2.874247 -0.39979962
v 0.45464844 3.0421338 -0.2176268
v 0.1494892 2.801995 -0.50154555
v 0.34254077 3.0245218 0.0009169171
v 0.5808701 2.9776711 -0.28420958
v 0.5025445 3.0554614 -0.02748827
v 0.313183 3.0157008 0.1376265
v 0.6367824 2.987101 -0.05210531
v 0.46328056 3.040783 0.16785133
v 0.24259563 2.9538102 0.25827944
v 0.5880252 2.9695203 0.18172939
v 0.3610464 2.9507344 0.35623157
v 0.12293937 2.9315553 0.2921765
v 0.45652202 2.8510492 0.4094995
v 0.17599042 2.9232688 0.426027
v 0.005655097 2.9331927 0.30818656
v 0.21702553 2.8128395 0.50577533
v 0.005589025 2.9243743 0.44669452
v -0.11272421 2.9301531 0.29055372
v 0.006004602 2.815037 0.5327734
v -0.16623573 2.9213283 0.42397153
v -0.23487596 2.9520233 0.25415543
v -0.20676592 2.8103387 0.5031345
v -0.35401806 2.948134 0.35131016
v -0.3054216 3.0138595 0.1355574
v -0.449431 2.8477407 0.40328783
v -0.45594612 3.037994 0.16484049
v -0.3328462 3.0215576 0.00049459125
v -0.5806317 2.9660432 0.17789626
v -0.4930911 3.0516725 -0.027993586
v -0.30410346 3.0122726 -0.12864819
v -0.6269473 2.9823575 -0.052546043
v -0.4473058 3.039438 -0.21650924
v -0.072071604 2.876998 -0.26676384
v -0.5735295 2.974258 -0.2827187
v -0.10504427 2.871821 -0.45645073
v -0.1419034 2.7989867 -0.49894595
v -0.1021677 2.7924333 -0.38369802
v -0.072071604 2.876998 -0.26676384
v -0.10504427 2.871821 -0.45645073
v -0.10875919 2.7447724 -0.39609835
v -0.1419034 2.7989867 -0.49894595
v -0.44309986 2.865437 -0.2294171
v -0.43176466 2.8862834 -0.20134538
v -0.14063933 2.697283 -0.43930545
v -0.5735295 2.974258 -0.2827187
v -0.5590855 2.848413 -0.29545203
v -0.6269473 2.9823575 -0.052546043
v -0.58527046 2.854951 -0.04979006
v -0.5806317 2.9660432 0.17789626
v -0.46319667 2.8742294 -0.02993456
v -0.45812353 2.8923469 -0.0012677697
v -0.5401402 2.8430505 0.13487624
v -0.449431 2.8477407 0.40328783
v -0.4280873 2.8683257 0.11189378
v -0.43075293 2.8850121 0.13476987
v -0.42086664 2.7478514 0.3252445
v -0.20676592 2.8103387 0.5031345
v -0.3316391 2.798495 0.25416642
v -0.34635067 2.8196898 0.29972604
v -0.1883176 2.712818 0.4112308
v 0.006004602 2.815037 0.5327734
v -0.14998679 2.7731872 0.32434198
v -0.1512953 2.7877529 0.3936197
v 0.0070374724 2.7156203 0.43905368
v 0.21702553 2.8128395 0.50577533
v 0.0069405194 2.7767599 0.34571582
v 0.0063271387 2.7862868 0.4121718
v 0.20037729 2.71492 0.41391784
v 0.45652202 2.8510492 0.4094995
v 0.16217302 2.7746234 0.32671896
v 0.16205007 2.7895179 0.39552426
v 0.42907724 2.7506526 0.33187845
v 0.5880252 2.9695203 0.18172939
v 0.34020597 2.8004007 0.2598031
v 0.35444567 2.8217852 0.3038122
v 0.54824597 2.8462346 0.13847563
v 0.6367824 2.987101 -0.05210531
v 0.43675825 2.8708475 0.11506793
v 0.43905827 2.8873463 0.13799697
v 0.5962505 2.8595922 -0.049184896
v 0.5808701 2.9776711 -0.28420958
v 0.4737879 2.8778293 -0.029504897
v 0.4676822 2.8951783 -0.000978591
v 0.5670924 2.851627 -0.23825893
v 0.1494892 2.801995 -0.50154555
v 0.45173958 2.8681233 -0.17184676
v 0.4400883 2.8887198 -0.14395744
v 0.14837119 2.7000973 -0.4422661
v 0.11267734 2.874247 -0.39979962
v 0.11015364 2.794026 -0.32672808
v -0.38252327 2.5431638 -0.2751439
v -0.46107674 2.68508 -0.26613054
v -0.39931065 2.7316139 -0.26921096
v -0.36373994 2.5421278 -0.2759757
v -0.35791165 2.491558 -0.27017844
v -0.30419257 2.5425217 -0.28471103
v -0.39102188 2.7382782 -0.27037853
v -0.22394003 2.3461914 -0.26592803
v -0.20891021 2.2160249 -0.24782619
v -0.20522425 2.21496 -0.24799336
v -0.25007668 2.5431006 -0.29257643
v -0.29071945 2.832072 -0.2919254
v -0.16727006 2.2121408 -0.25569865
v -0.20215923 2.2048883 -0.24978393
v -0.19672118 2.5413527 -0.30466545
v -0.1058774 2.2635765 -0.27778983
v -0.082427174 2.0152898 -0.28726387
v -0.07595729 1.9617513 -0.29240984
v 0.0060417824 1.8059044 -0.31455225
v -0.10098505 2.208407 -0.26909214
v -0.08644687 2.207722 -0.27171838
v 0.005990945 1.9295676 -0.30635065
v 0.09401981 2.0160499 -0.28716052
v 0.09618019 2.206282 -0.27195612
v 0.08697124 1.9565877 -0.2929267
v 0.17716049 2.2102258 -0.25400326
v 0.20950955 2.1876152 -0.24913417
v 0.11202373 2.2067342 -0.2690688
v 0.11713763 2.266729 -0.27856544
v 0.205578 2.5410643 -0.3041864
v 0.21460898 2.212969 -0.24529667
v 0.22492997 2.2145338 -0.24428663
v 0.23290847 2.344041 -0.26358396
v 0.31277904 2.5419843 -0.28182784
v 0.36199424 2.4621832 -0.262163
v 0.25878397 2.5427032 -0.29105207
v 0.29889303 2.8336344 -0.2935981
v 0.39028066 2.7186508 -0.27138162
v 0.40267158 2.70509 -0.26903486
v 0.37173027 2.5413613 -0.27170724
v 0.4035458 2.5425055 -0.26874152
v 0.46110967 2.6439018 -0.25928807
v 0.31265885 2.874386 -0.26514924
v 0.2815217 2.8283787 -0.2579524
v 0.38855097 2.9138114 -0.15666148
v 0.3885376 2.9358494 -0.13934134
v 0.4198542 2.9309967 0.00030795575
v 0.41818002 2.9446595 9.562773E-05
v 0.3891169 2.9144409 0.15920095
v 0.3878106 2.934949 0.14076422
v 0.29912418 2.8377497 0.3108191
v 0.30376446 2.866803 0.28635308
v 0.14601292 2.8107405 0.3710098
v 0.14502807 2.8442123 0.35529014
v 0.0055316957 2.8108501 0.3889436
v 0.0058445786 2.8440433 0.37262473
v -0.13626738 2.8092077 0.3692157
v -0.13466935 2.8427227 0.35359585
v -0.2915566 2.835613 0.306634
v -0.29580557 2.8648624 0.28227264
v -0.38113174 2.9123116 0.15663345
v -0.37956625 2.9326434 0.13811547
v -0.41029665 2.9279177 -4.306994E-05
v -0.4085108 2.9417183 -0.00025386663
v -0.3805621 2.9118333 -0.15554036
v -0.3803194 2.9335504 -0.13834052
v 0.3509524 2.8569655 0.2996142
v 0.16966125 2.8280368 0.37133875
v 0.0064213863 2.8283732 0.39299992
v -0.1584774 2.82625 0.36919993
v -0.3430458 2.8547082 0.29429087
v -0.44161162 2.9336839 0.13299805
v -0.47677398 2.9428966 -0.029233942
v 0.44973406 2.936334 0.13611954
v 0.48688254 2.9465897 -0.028775971
v 0.45466706 2.935562 -0.19037943
v 0.35853302 2.855015 -0.3379327
v 0.28152174 2.898442 -0.25795242
v 0.515785 2.9082074 0.14085081
v 0.56020135 2.9195862 -0.05027488
v 0.5235997 2.9064705 -0.23750322
v 0.411594 2.81153 -0.4122071
v 0.35462344 2.8910632 -0.35482204
v 0.41263157 2.846449 -0.4316906
v 0.52924097 2.9434938 -0.25155473
v 0.45466024 2.9743154 -0.20028757
v 0.3606734 2.9643133 -0.13568068
v 0.36067337 2.89425 -0.13568066
v 0.39067483 2.903637 0.0003942671
v 0.39067483 2.9737003 0.00039426502
v 0.36067322 2.89425 0.13962322
v 0.57344025 2.957323 -0.05108347
v 0.49257782 2.9861794 -0.02830773
v 0.36067325 2.9643133 0.13962321
v 0.2815213 2.8283787 0.27614456
v 0.45466006 2.9743154 0.14765836
v 0.28152132 2.898442 0.27614453
v 0.1369958 2.80591 0.33233985
v 0.5292407 2.9434938 0.15403447
v 0.13699582 2.8759735 0.33233982
v 0.0057756603 2.8063977 0.3491928
v 0.35462293 2.8910632 0.32020235
v 0.40376192 2.8159072 0.33090407
v 0.0057756663 2.876461 0.34919277
v -0.1266893 2.8044522 0.33067155
v 0.17196278 2.8626666 0.3912255
v 0.41263098 2.8464494 0.3551633
v 0.19473967 2.7846124 0.41057482
v -0.12668929 2.8745155 0.33067152
v -0.27364936 2.826494 0.27204826
v 0.006118715 2.8632827 0.41252527
v 0.19970997 2.8133483 0.4379527
v 0.006694385 2.7854898 0.43479398
v -0.27364936 2.8965573 0.27204823
v -0.35260457 2.8921132 0.13718525
v -0.1612986 2.8608239 0.38911697
v 0.006390931 2.8140664 0.46278116
v -0.18326177 2.7825654 0.4081128
v -0.35260454 2.9621766 0.13718523
v -0.3809964 2.9006875 1.8287925E-05
v -0.34703574 2.8886812 0.31502518
v -0.18876201 2.8112004 0.43549487
v -0.3960687 2.81331 0.32476795
v -0.3809964 2.9707508 1.8285842E-05
v -0.3526045 2.8921132 -0.13481607
v -0.4468242 2.9716148 0.14457709
v -0.4052697 2.8436728 0.34912845
v -0.50789255 2.9051323 0.13731237
v -0.35260448 2.9621766 -0.13481608
v -0.27364913 2.826494 -0.25618342
v -0.4827075 2.9824514 -0.028782913
v -0.52158976 2.9403458 0.15044273
v -0.5498905 2.915342 -0.050872594
v -0.56341773 2.9529777 -0.05163739
v -0.4468241 2.9716148 -0.19919485
v -0.44654882 2.9328587 -0.18930088
v -0.5157162 2.903356 -0.23623592
v -0.30474988 2.8724558 -0.26338506
v -0.27364913 2.8965573 -0.25618345
v -0.52158964 2.9403458 -0.25028095
v -0.34703544 2.8886812 -0.35258633
v -0.35080716 2.8526764 -0.3355735
v -0.40526935 2.8436723 -0.4290845
v -0.4040922 2.8088264 -0.4094787
v -0.18705788 2.5458095 -0.26610696
v -0.12668902 2.8044522 -0.30539244
v -0.11990983 2.5446324 -0.28140953
v 0.005775967 2.8063977 -0.32529643
v 0.005755681 2.5439901 -0.3016124
v 0.13699616 2.80591 -0.30716705
v -0.2424625 2.5467808 -0.25348064
v -0.384211 2.7385266 -0.23096347
v -0.2980878 2.5457065 -0.24530815
v -0.39469215 2.7306437 -0.2294904
v 0.13024811 2.5445817 -0.2819501
v -0.2171079 2.3523521 -0.22700034
v -0.09823041 2.2699995 -0.2390566
v -0.07971405 2.2095635 -0.23233217
v -0.15922566 2.2138815 -0.21655457
v -0.09351196 2.2102268 -0.22983865
v -0.07568106 2.0123467 -0.2479469
v -0.35978952 2.5445147 -0.23624288
v -0.3795753 2.5451355 -0.23530143
v -0.45785266 2.683609 -0.22628787
v -0.353856 2.4971266 -0.23077615
v -0.20546295 2.2165124 -0.207978
v -0.1993415 2.2161126 -0.2084451
v -0.19745299 2.2010078 -0.21025176
v -0.07081088 1.9582992 -0.2528928
v 0.006061194 1.8058097 -0.27455238
v 0.005971573 1.9266734 -0.2664555
v 0.0057648555 2.2054548 -0.24777961
v 0.086808555 2.0130827 -0.24792801
v 0.08152192 1.9530807 -0.25345513
v 0.16813971 2.2120452 -0.21507618
v 0.20395929 2.1836152 -0.20972355
v 0.089455046 2.208123 -0.23256855
v 0.10907666 2.2732198 -0.23992753
v 0.10403411 2.208588 -0.22991875
v 0.19522707 2.5457454 -0.2658335
v 0.20770407 2.2141788 -0.20591573
v 0.22052188 2.215051 -0.20453362
v 0.22518899 2.3503432 -0.2248452
v 0.30593517 2.5456097 -0.24258478
v 0.3566563 2.468039 -0.22295572
v 0.25040746 2.5467336 -0.2521472
v 0.3828529 2.719675 -0.23209068
v 0.39670023 2.705173 -0.22948319
v 0.36617422 2.5443904 -0.23221101
v 0.39853626 2.5452468 -0.22915128
v 0.45583093 2.6435819 -0.21963927
v -0.20215923 2.2048883 -0.24978393
v -0.20891021 2.2160249 -0.24782619
v -0.20522425 2.21496 -0.24799336
v -0.29356152 1.8140861 -0.291397
v -0.3235285 2.2234306 -0.2390727
v -0.35791165 2.491558 -0.27017844
v -0.4900762 2.2376807 -0.22305462
v -0.38252327 2.5431638 -0.2751439
v -0.4573389 1.8246557 -0.25074473
v -0.48788798 2.5469668 -0.270163
v -0.46107674 2.68508 -0.26613054
v -0.14781903 1.804178 -0.29794592
v -0.05965392 1.8068587 -0.30674797
v -0.07595729 1.9617513 -0.29240984
v 0.0060417824 1.8059044 -0.31455225
v -0.040636238 1.4242864 -0.3447207
v 0.006785486 1.4428811 -0.3451372
v -0.07100426 1.3514279 -0.36161909
v 0.07131542 1.8057787 -0.3070002
v 0.08697124 1.9565877 -0.2929267
v 0.15772504 1.8020855 -0.29749107
v 0.20950955 2.1876152 -0.24913417
v 0.22492997 2.2145338 -0.24428663
v -0.28756753 1.3697449 -0.34169993
v -0.5055206 1.372504 -0.29910925
v -0.5816852 1.8241154 -0.14203489
v -0.016082505 1.4472513 -0.24582364
v -0.07070847 1.3499 -0.2648309
v -0.2726139 1.3666931 -0.29375353
v -0.28994924 1.8104762 -0.25172433
v -0.46622977 1.3683667 -0.2545681
v -0.66030705 1.3739873 -0.1771592
v 0.0066553964 1.4567622 -0.24632625
v -0.14750168 1.8014841 -0.25803798
v -0.057073075 1.8058424 -0.26684427
v -0.19745299 2.2010078 -0.21025176
v -0.07081088 1.9582992 -0.2528928
v 0.006061194 1.8058097 -0.27455238
v 0.068456866 1.804796 -0.26711458
v 0.08152192 1.9530807 -0.25345513
v 0.029229991 1.4472502 -0.24565761
v 0.15688615 1.7994218 -0.25758868
v 0.20395929 2.1836152 -0.20972355
v 0.22052188 2.215051 -0.20453362
v 0.054974608 1.4241608 -0.3445557
v 0.08355573 1.3499 -0.26283264
v 0.08449046 1.3512707 -0.3596498
v 0.27926013 1.366693 -0.29049292
v 0.29616028 1.8074415 -0.24991547
v 0.2944926 1.3696327 -0.34730408
v 0.32601383 2.2222288 -0.19315873
v 0.3566563 2.468039 -0.22295572
v 0.49386537 2.2457006 -0.17154872
v 0.44519627 1.8183112 -0.21143179
v 0.39853626 2.5452468 -0.22915128
v 0.46745333 1.368277 -0.25168532
v 0.30029926 1.8111644 -0.28952613
v 0.5082127 2.5481489 -0.21878172
v 0.45583093 2.6435819 -0.21963927
v 0.41195905 2.7855425 -0.22811966
v 0.39670023 2.705173 -0.22948319
v 0.3828529 2.719675 -0.23209068
v 0.2815217 2.8283787 -0.2579524
v 0.36067337 2.89425 -0.13568066
v 0.47223327 2.8755617 -0.13227472
v 0.39067483 2.903637 0.0003942671
v 0.3310299 2.2217023 -0.23283948
v 0.36199424 2.4621832 -0.262163
v 0.5036455 2.2396343 -0.20985736
v 0.46199128 1.8212798 -0.24761349
v 0.4035458 2.5425055 -0.26874152
v 0.50672185 1.3723297 -0.2961338
v 0.55633885 2.7734883 -0.20475462
v 0.5083527 2.8887439 -9.4396967E-07
v 0.36067322 2.89425 0.13962322
v 0.51164085 2.5459652 -0.25857463
v 0.46110967 2.6439018 -0.25928807
v 0.42028096 2.7991586 -0.2647986
v 0.40267158 2.70509 -0.26903486
v 0.39028066 2.7186508 -0.27138162
v 0.29889303 2.8336344 -0.2935981
v 0.38855097 2.9138114 -0.15666148
v 0.47890636 2.9105482 -0.15047945
v 0.4198542 2.9309967 0.00030795575
v 0.4722331 2.8755617 0.1342142
v 0.2815213 2.8283787 0.27614456
v 0.5607052 2.7882082 -0.24169052
v 0.5127739 2.9284987 -3.0608415E-05
v 0.3891169 2.9144409 0.15920095
v 0.47931823 2.911048 0.15125896
v 0.29912418 2.8377497 0.3108191
v 0.67778885 2.9155118 -6.655738E-06
v 0.63235396 2.8984482 -0.13778308
v 0.8660143 2.8887177 -0.124299325
v 0.6327185 2.8987074 0.1372132
v 0.9313844 2.9030955 -1.0002418E-06
v 0.71968764 2.5681524 -0.2526741
v 0.77075547 2.785883 -0.22264788
v 1.0992872 2.8010106 -0.22511832
v 0.74864906 2.3597193 -0.22236465
v 0.5638952 2.7919717 0.24703817
v 0.86608565 2.888753 0.12422129
v 0.42286244 2.8050146 0.27949965
v 1.2875544 2.9120834 -1.0671333E-06
v 1.2146035 2.8975878 -0.12313083
v 1.2146034 2.8975875 0.12312874
v 1.6487839 2.9112086 -0.14151376
v 1.7121217 2.923673 -1.1423624E-06
v 1.7145766 2.89492 -0.1480324
v 1.7015576 2.7889903 -0.25715023
v 1.6487838 2.9112086 0.1415115
v 1.7145766 2.8949203 0.14803016
v 1.7015576 2.7889903 0.2571481
v 1.0994204 2.801176 0.2250278
v 1.5303334 2.8158684 -0.25459772
v 1.4780867 2.6029282 -0.30737936
v 1.6829028 2.603605 -0.30214405
v 1.6681399 2.4189105 -0.27860397
v 1.530333 2.8158684 0.25459564
v 1.0486187 2.5922275 -0.268848
v 1.491681 2.3873255 -0.27997133
v 1.0845314 2.3845007 -0.2400501
v 1.5935299 2.2902 -0.16232885
v 1.6634865 2.3101678 -0.16884302
v 1.6555542 2.2777925 -9.4492384E-07
v 1.4780865 2.6029284 0.30737734
v 1.6829028 2.603605 0.30214196
v 1.6681402 2.4189105 0.2786019
v 0.8489523 2.2673063 -0.12904024
v 1.2172855 2.2901764 -0.13781585
v 1.0493029 2.5928886 0.26885462
v 1.0854483 2.3844101 0.2400254
v 1.4916807 2.3873253 0.2799694
v 1.5935296 2.2901998 0.16232698
v 1.6634864 2.3101676 0.16884117
v 1.3027931 2.2772083 -1.6030395E-05
v 0.9208821 2.252126 -0.00042036863
v 0.8525588 2.2676857 0.1337857
v 1.2174497 2.2901044 0.13763955
v 0.72456545 2.5717113 0.26328564
v 0.63906884 2.1463346 -0.11012434
v 0.6943113 2.1300347 0.030668797
v 0.58581257 1.8204988 -0.13747527
v 0.77220285 2.7872608 0.2219055
v 0.5196665 2.5531993 0.31726372
v 0.5121416 2.2415495 0.33118477
v 0.7560411 2.362418 0.24392603
v 0.37845555 2.5508533 0.3651001
v 0.26117417 2.5534744 0.40050542
v 0.64214844 2.1472244 0.18710272
v 0.6368227 1.8182625 0.014716924
v 0.33839208 2.221282 0.41146544
v 0.13760182 2.5508828 0.4320688
v 0.14601292 2.8107405 0.3710098
v 0.0055316957 2.8108501 0.3889436
v 0.58708835 1.817689 0.17539413
v 0.6589861 1.3734704 -0.16662475
v 0.21609524 2.2128334 0.44492427
v 0.46628624 1.8154167 0.30618736
v 0.5981438 1.3688651 -0.14438185
v 0.5534102 1.8197753 -0.114032604
v 0.6600705 1.3713515 0.16536479
v 0.50915074 1.3675864 0.30962726
v 0.3045432 1.8029442 0.36924556
v 0.71684283 1.3734809 -0.00045712505
v 0.646701 1.3691393 -5.4660364E-07
v 0.15812491 1.7928916 0.38273335
v 0.5981438 1.368865 0.14438081
v 0.5968505 1.8196577 0.015241918
v 0.4674533 1.3682773 0.2516843
v 0.29636088 1.3626952 0.37401375
v 0.5534101 1.8197752 0.15391338
v 0.27926013 1.3666934 0.2904919
v 0.06992381 1.7961148 0.39348423
v 0.083540194 1.3436558 0.4009078
v 0.08355576 1.3499004 0.26283163
v 0.11008271 2.206699 0.4664
v 0.005513549 2.5501928 0.44683334
v 0.005524898 2.203382 0.4780939
v -0.12815294 2.5508235 0.430162
v -0.13626738 2.8092077 0.3692157
v -0.25424936 2.553181 0.39304203
v -0.2915566 2.835613 0.306634
v -0.100467525 2.2084007 0.46496844
v 0.005875773 1.7960845 0.39964953
v 0.02626084 1.3394487 0.40650767
v 0.029229997 1.348905 0.24682353
v 0.006671124 1.3386587 0.40729344
v -0.05895125 1.7972968 0.3930189
v 0.006655399 1.3506528 0.24811529
v -0.20910604 2.2148447 0.43745622
v -0.14949882 1.7953237 0.382092
v -0.012874889 1.3396007 0.40671885
v -0.016082497 1.3489059 0.24699275
v -0.3720754 2.5505471 0.35489404
v 0.068456784 1.8047961 0.35446513
v 0.006061129 1.8058101 0.36085021
v -0.057073135 1.8058429 0.35398754
v 0.15688606 1.7994223 0.34328938
v 0.29616013 1.807442 0.3303933
v 0.4451961 1.8183116 0.27232257
v 0.49386525 2.2457006 0.29584727
v 0.61400044 2.1624784 0.16312343
v 0.8404427 2.2996612 0.11303084
v 0.32601357 2.2222292 0.37344068
v 0.66251934 2.154309 0.030502155
v 0.61400056 2.1624784 -0.08346056
v 0.91221166 2.2911727 -8.4718E-07
v 0.8404431 2.2996612 -0.107114054
v 0.20770384 2.2141793 0.40583754
v 0.74564624 2.3741343 -0.18517335
v 0.7194188 2.5686367 -0.21267797
v 1.0859098 2.4027991 -0.20450763
v 1.2169975 2.3270128 -0.1222277
v 1.3020205 2.317201 -9.105303E-07
v 0.25040713 2.5467336 0.36257595
v 0.36617392 2.5443904 0.32758474
v 1.5898727 2.326644 -0.14625207
v 1.6528636 2.3177018 -9.609942E-07
v 1.6557604 2.3443398 -0.1495407
v 1.664929 2.434762 -0.24201949
v 1.4921006 2.4067466 -0.24500495
v 1.5898724 2.3266437 0.14625013
v 1.6557604 2.3443396 0.14953877
v 1.6649293 2.434762 0.24201751
v 1.0510954 2.5908659 -0.22894797
v 1.1013904 2.7810142 -0.1905391
v 1.4795241 2.6007004 -0.26746732
v 1.6817768 2.6009126 -0.26225066
v 1.6989105 2.7698846 -0.22210792
v 1.531056 2.7945912 -0.22073396
v 1.6463039 2.8747656 -0.12521185
v 1.7080914 2.8604262 -0.1288461
v 1.7104522 2.8837078 -1.0945395E-06
v 0.769795 2.7690473 -0.1863761
v 0.86543196 2.852704 -0.10690158
v 1.2162293 2.8605561 -0.10809724
v 1.2887253 2.8721006 -1.0357011E-06
v 0.6287781 2.8633163 -0.11899602
v 0.67526984 2.8755913 -9.510911E-07
v 0.9313828 2.8630955 -9.860211E-07
v 0.6287779 2.8633163 0.118994124
v 1.2162292 2.860556 0.10809521
v 0.8654316 2.852704 0.10689958
v 0.55633855 2.7734883 0.21237893
v 1.6463038 2.8747656 0.12520964
v 1.7080914 2.8604264 0.12884396
v 1.6989105 2.7698846 0.22210577
v 1.1013899 2.781014 0.19053707
v 1.5310557 2.7945912 0.22073185
v 1.4795239 2.6007006 0.2674653
v 1.6817768 2.6009126 0.26224858
v 0.41195863 2.7855425 0.24630412
v 0.76979464 2.7690473 0.18637425
v 1.0510949 2.5908656 0.22894609
v 1.0859094 2.402799 0.20450586
v 1.4921004 2.4067464 0.24500306
v 0.7194186 2.5686367 0.22373757
v 0.50821245 2.5481489 0.27927297
v 0.7456461 2.3741343 0.20712012
v 1.2169973 2.3270125 0.12222592
v 0.13024782 2.544582 0.39325878
v 0.1369958 2.80591 0.33233985
v 0.0057756603 2.8063977 0.3491928
v 0.10403393 2.2085884 0.42690516
v 0.005755423 2.5439906 0.40731785
v 0.0057646916 2.2054553 0.43814838
v -0.11991006 2.544633 0.39151317
v -0.1266893 2.8044522 0.33067155
v -0.093512125 2.2102273 0.4256201
v -0.24246268 2.5467808 0.35535747
v -0.27364936 2.826494 0.27204826
v -0.14750174 1.8014847 0.34261966
v -0.19934165 2.216113 0.39868706
v -0.07070845 1.3499005 0.26482978
v -0.35978973 2.5445147 0.31730855
v -0.28994933 1.8104767 0.32454985
v -0.07065379 1.3440459 0.40298533
v -0.31965372 2.2239697 0.3602343
v -0.27261397 1.3666935 0.2937525
v -0.298938 1.8066076 0.36333433
v -0.29006267 1.3634319 0.37730116
v -0.3326649 2.2230816 0.39804867
v -0.480917 2.2441373 0.28610396
v -0.44067225 1.8217896 0.26270822
v -0.48629624 2.5484843 0.2785489
v -0.53032786 2.7773902 0.21597134
v -0.4662299 1.3683671 0.25456715
v -0.40482473 2.784678 0.24113862
v -0.4552615 2.87467 0.13271117
v -0.35260457 2.8921132 0.13718525
v -0.48302191 2.8868177 -9.534914E-07
v -0.3809964 2.9006875 1.8287925E-05
v -0.577387 2.8686965 0.12279631
v -0.75274664 2.8687458 0.11883978
v -0.45526147 2.8746703 -0.13202031
v -0.3526045 2.8921132 -0.13481607
v -0.27364913 2.826494 -0.25618342
v -0.6077631 2.8803287 -9.478001E-07
v -0.40482455 2.784678 -0.22753009
v -0.384211 2.7385266 -0.23096347
v -0.39469215 2.7306437 -0.2294904
v -0.45785266 2.683609 -0.22628787
v -0.5773869 2.8686965 -0.122798204
v -0.53032774 2.7773902 -0.21139978
v -0.79924005 2.8796568 -9.267816E-07
v -0.48629612 2.5484843 -0.23022354
v -0.3795753 2.5451355 -0.23530143
v -0.48091686 2.2441375 -0.18465643
v -0.353856 2.4971266 -0.23077615
v -0.3196536 2.2239692 -0.19926447
v -0.20546295 2.2165124 -0.207978
v -0.7527465 2.8687458 -0.11884161
v -0.692328 2.7801664 -0.20749487
v -0.64634246 2.5670311 -0.2363882
v -0.9845875 2.8005438 -0.22563201
v -1.0954111 2.8893926 -0.12802853
v -1.1660031 2.9018717 -8.7876083E-07
v -0.1993415 2.2161126 -0.2084451
v -0.4406721 1.8217893 -0.21449558
v -0.5491772 1.8229381 -0.11875733
v -0.5991901 1.3691747 -0.14599602
v -1.5677496 2.9087362 -0.14652143
v -1.6331645 2.918774 -8.0674795E-07
v -1.6321831 2.8942456 -0.14921963
v -1.6281375 2.7931476 -0.25634843
v -1.4538149 2.8187866 -0.2588148
v -1.5677496 2.908736 0.14651977
v -1.632183 2.8942454 0.14921804
v -1.6281374 2.7931473 0.25634697
v -0.93612325 2.5875523 -0.2675991
v -0.97678095 2.3817031 -0.23978527
v -1.411512 2.6007054 -0.3133696
v -1.6204437 2.600895 -0.30240887
v -1.6128579 2.4113333 -0.2796162
v -1.4342158 2.3826458 -0.2873042
v -1.5410224 2.292674 -0.17125538
v -1.60881 2.3101788 -0.1731839
v -1.6072832 2.2826362 -6.19766E-07
v -0.67300224 2.3623974 -0.20591055
v -0.7609985 2.283817 -0.119137324
v -1.1049542 2.2989702 -0.14256354
v -1.1874411 2.2881792 -6.854105E-07
v -0.59232634 2.1585436 -0.09531704
v -0.5924986 1.8227396 0.008525989
v -0.64219 2.1501324 0.021427626
v -0.8366787 2.2750614 3.4488992E-05
v -1.1049542 2.2989702 0.14256217
v -1.5410227 2.2926738 0.17125413
v -1.6088101 2.3101785 0.17318267
v -1.6128579 2.4113328 0.27961478
v -0.6481508 1.3694527 -4.7379365E-07
v -0.5491773 1.822938 0.1447683
v -0.5923266 2.1585436 0.15610354
v -0.76099867 2.283817 0.12789775
v -0.976781 2.381703 0.2397838
v -1.434216 2.3826456 0.28730282
v -1.4115124 2.6007051 0.3133681
v -1.6204437 2.6008947 0.30240744
v -0.7185899 1.3742932 -0.00033348915
v -0.9361236 2.587552 0.26759738
v -0.9845876 2.8005435 0.22563022
v -1.4538152 2.8187864 0.2588132
v -0.64634264 2.5670311 0.2492926
v -0.6324942 1.822488 0.00798732
v -1.0954112 2.8893926 0.12802674
v -0.69232804 2.7801664 0.207493
v -0.6730023 2.3623974 0.23070572
v -0.59919024 1.3691746 0.1459951
v -0.50813866 1.3686805 0.31253013
v -0.6612923 1.3724974 0.16711456
v -0.5830011 1.8219291 0.1660975
v -0.46202227 1.8197091 0.29646987
v -0.4990305 2.239481 0.32146233
v -0.6212815 2.1441321 0.17963906
v -0.67550087 2.1279879 0.021469582
v -0.496061 2.5532491 0.31704494
v -0.5356656 2.7966568 0.25061685
v -0.61848474 2.1434815 -0.12156337
v -0.7697823 2.2512312 -0.14060842
v -0.84572124 2.2360992 -0.00038758968
v -0.77346796 2.2517211 0.14825395
v -0.6819531 2.3498445 0.26761517
v -0.64901656 2.5700915 0.28908554
v -0.9752127 2.3621662 0.274653
v -1.104612 2.2616153 0.156862
v -1.1875267 2.2481792 -1.6502556E-05
v -0.6746155 2.3473845 -0.24295115
v -0.9740872 2.3621767 -0.2745913
v -0.64421403 2.5668783 -0.27633122
v -1.1043946 2.2616818 -0.15702891
v -1.544637 2.2560146 -0.18684459
v -1.6092085 2.2426825 -6.06697E-07
v -1.5446372 2.2560143 0.1868433
v -1.6168641 2.2756145 -0.19163503
v -1.6168642 2.2756143 0.19163376
v -1.6170595 2.3948374 -0.3158133
v -1.6170595 2.394837 0.31581187
v -1.4340601 2.362774 0.32201728
v -1.4340597 2.3627741 -0.3220186
v -1.4104418 2.6028893 -0.3532956
v -1.6225901 2.6034327 -0.34227055
v -1.6315886 2.8123996 -0.2912404
v -0.93315667 2.5895126 0.307439
v -0.98128194 2.821559 0.2595038
v -1.4104421 2.6028895 0.3532941
v -1.6225901 2.6034324 0.34226912
v -1.6315885 2.8123994 0.29123896
v -0.932267 2.588814 -0.30739278
v -1.4533607 2.8404055 -0.29246637
v -1.453361 2.8404052 0.29246464
v -1.5702769 2.9454153 0.16227543
v -1.6389556 2.9290545 0.16772373
v -1.634276 2.9587584 -8.1894893E-07
v -0.9810997 2.821384 -0.25959554
v -1.5702769 2.9454155 -0.16227706
v -1.6389557 2.9290547 -0.16772531
v -1.0928628 2.9266908 -0.14225343
v -1.1641223 2.9418275 -8.9163404E-07
v -0.6906004 2.798572 -0.24296668
v -0.7513158 2.905416 -0.13475563
v -0.532622 2.7935977 -0.24789712
v -0.79776573 2.9196296 -9.399945E-07
v -0.75138617 2.9054422 0.13469888
v -1.092863 2.9266908 0.14225164
v -0.4124018 2.799116 -0.2640558
v -0.39931065 2.7316139 -0.26921096
v -0.39102188 2.7382782 -0.27037853
v -0.29071945 2.832072 -0.2919254
v -0.5791331 2.9046762 -0.14018787
v -0.46133462 2.9101033 -0.14955933
v -0.3805621 2.9118333 -0.15554036
v -0.41029665 2.9279177 -4.306994E-05
v -0.6087499 2.9203165 -2.8234938E-06
v -0.48693258 2.926626 -1.2792875E-05
v -0.38113174 2.9123116 0.15663345
v -0.5794648 2.904847 0.13979118
v -0.46176004 2.9104753 0.1493169
v -0.41522822 2.804088 0.2745304
v -0.69200283 2.7997487 0.24237038
v 0.29889303 2.8336344 -0.2935981
v 0.13699616 2.80591 -0.30716705
v 0.2815217 2.8283787 -0.2579524
v 0.14618565 2.8023832 -0.34593707
v 0.005775967 2.8063977 -0.32529643
v 0.13885394 2.5395408 -0.32068676
v 0.0056632957 2.5388982 -0.3412869
v 0.205578 2.5410643 -0.3041864
v 0.11713763 2.266729 -0.27856544
v 0.09618019 2.206282 -0.27195612
v 0.0056610308 2.8026426 -0.36511964
v -0.12668902 2.8044522 -0.30539244
v -0.13578232 2.801105 -0.34420106
v -0.27364913 2.826494 -0.25618342
v -0.29071945 2.832072 -0.2919254
v -0.19672118 2.5413527 -0.30466545
v -0.1283131 2.5396924 -0.3202036
v -0.1058774 2.2635765 -0.27778983
v -0.08644687 2.207722 -0.27171838
v 0.0057610744 2.2036393 -0.28773835
v 0.005990945 1.9295676 -0.30635065
v 0.41359487 2.7054188 -0.33817655
v 0.4345185 2.8240502 -0.3286555
v 0.40382168 2.717855 -0.3400548
v 0.14172491 2.6953 -0.3998101
v 0.47065157 2.6447988 -0.32862887
v 0.51788783 2.542393 -0.32820377
v 0.42650196 2.9572935 -0.19627242
v 0.41241458 2.5378134 -0.33801872
v 0.4875739 2.9724283 -0.1820348
v 0.46397278 2.9853432 0.00030588775
v 0.33994403 2.220655 -0.30226168
v 0.5207816 2.2291245 -0.27690884
v 0.37139505 2.451884 -0.33076003
v 0.2261796 2.2115083 -0.31431833
v 0.30972135 1.8195198 -0.35838404
v 0.56841236 2.8143797 -0.30615485
v 0.51724523 2.9983556 -0.00015892822
v 0.42264834 2.9638436 0.19573879
v 0.16295719 1.810213 -0.36682048
v 0.096234575 1.962768 -0.36203527
v 0.48865983 2.9739254 0.1805705
v 0.32075015 2.869029 0.3695892
v 0.077880576 1.8124492 -0.3763717
v 0.00602432 1.8117948 -0.384304
v 0.68224853 2.9853697 -5.8143734E-05
v 0.6386214 2.9597409 -0.17100835
v 0.8670401 2.951529 -0.15518114
v 0.6396894 2.960538 0.1692818
v 0.93143505 2.9730954 -1.1458798E-05
v 0.57706535 2.824668 0.30751547
v 0.44108117 2.839961 0.33735135
v 0.8672833 2.9516642 0.15489288
v 0.28004977 2.5652957 0.46686783
v 0.40000936 2.5622494 0.4307169
v 0.15039645 2.5619109 0.5000002
v 0.15975474 2.834711 0.43532604
v 0.0050315093 2.8337612 0.45508614
v 1.285511 2.9820535 -1.9884656E-06
v 1.2117575 2.962132 0.15007171
v 0.7763715 2.8196366 0.2838282
v 0.5397961 2.5621302 0.3837095
v 0.54406404 2.2341964 0.39304665
v 0.36005107 2.2196343 0.47800994
v 1.0959526 2.8367612 0.28520814
v 0.7336564 2.5771317 0.33248082
v 0.2307727 2.2104802 0.5133277
v 1.7150372 2.9936123 -1.1767679E-06
v 1.6532372 2.9749331 0.1701358
v 1.7215513 2.9560132 0.18148193
v 1.7045457 2.8228743 0.31832772
v 1.6532367 2.9749324 -0.17013966
v 1.7215514 2.956013 -0.1814842
v 1.7045457 2.8228743 -0.31832987
v 1.5291183 2.853213 0.3137894
v 1.0461705 2.5963457 0.33869898
v 1.0844421 2.3520808 0.3021044
v 1.4755424 2.6067207 0.37722826
v 1.6838907 2.6076605 0.3720174
v 1.670275 2.3892398 0.3419667
v 1.4910342 2.3532846 0.3411316
v 1.600042 2.226552 0.19072698
v 1.6690397 2.2490938 0.20259261
v 1.6564639 2.2077985 -3.0519755E-06
v 0.77389646 2.3415232 0.30830458
v 0.87341005 2.2116385 0.1701718
v 1.2181141 2.2258599 0.16542831
v 1.304119 2.2072208 -4.2165262E-05
v 1.2176843 2.2260516 -0.16588426
v 0.9364445 2.183883 -0.0012533244
v 1.6000415 2.2265534 -0.19073188
v 1.6690398 2.249094 -0.20259443
v 1.6702747 2.3892398 -0.3419687
v 1.0820876 2.352305 -0.3021585
v 1.491041 2.353287 -0.34113473
v 1.4755468 2.6067176 -0.37723058
v 1.6838907 2.6076605 -0.3720195
v 0.86329037 2.2105713 -0.16745336
v 1.0443405 2.5945911 -0.33867714
v 1.095577 2.8362837 -0.28546762
v 1.5291158 2.8532073 -0.31379494
v 0.7202337 2.5674365 -0.3226683
v 0.7537801 2.334069 -0.28729331
v 1.2117496 2.9621248 -0.15009072
v 0.77235705 2.8158488 -0.28588936
v 0.6826322 2.1176813 -0.15682779
v 0.7504621 2.0882375 0.03096586
v 0.64249134 1.8239474 -0.17840965
v 0.6913055 2.120415 0.22911268
v 0.70681477 1.8185598 0.013704662
v 0.64642644 1.8163941 0.21250638
v 0.49172682 1.8279276 -0.31063417
v 0.3044168 1.3268006 -0.44569448
v 0.5335394 1.3317012 -0.38448402
v 0.5043065 1.8129256 0.3649092
v 0.70726603 1.3340476 -0.22083491
v 0.059470847 1.3061798 -0.45146132
v 0.4497213 1.3110126 -0.21554154
v 0.2789812 1.3123764 -0.24633834
v 0.56589633 1.3106567 -0.12265915
v 0.05489376 1.3008217 -0.22196932
v 0.60833377 1.3105907 0.00015708803
v 0.023507953 1.4002149 -0.44629636
v 0.0049211527 1.4165891 -0.18761474
v 0.77522564 1.3348719 -0.0027865595
v 0.5628998 1.3127445 0.1218343
v 0.0068093813 1.4005157 -0.4446854
v 0.0066764 1.4211023 -0.18609028
v 0.7086871 1.3295718 0.21272096
v 0.44520673 1.31545 0.21150514
v 0.5388217 1.3228816 0.39090887
v 0.27630988 1.3186206 0.23969519
v -0.06562197 1.8135527 -0.37617114
v -0.084712654 1.9678283 -0.36159375
v -0.21347268 2.2151473 -0.31750545
v -0.008185196 1.4001372 -0.44577894
v 0.0076380274 1.4164361 -0.18761924
v 0.32232162 1.7990996 0.47373754
v 0.30983317 1.3147287 0.4667869
v 0.08908007 1.3045471 0.20979807
v 0.16796768 1.7880592 0.4887657
v 0.09270031 1.2937508 0.4954879
v 0.028451491 1.3087602 0.18948431
v -0.1524761 1.8120701 -0.36734352
v 0.07811176 1.7903066 0.4996571
v 0.031748753 1.2892116 0.50191694
v 0.006681899 1.3100456 0.19109724
v -0.046267636 1.3066708 -0.4541518
v -0.042437296 1.3005998 -0.22396237
v -0.30203408 1.821826 -0.36044994
v -0.2970154 1.3261727 -0.43893763
v -0.27260858 1.3121964 -0.24982056
v -0.5311046 1.3319503 -0.38854727
v -0.44870484 1.3109733 -0.21852821
v 0.0065281726 1.287778 0.50238514
v -0.0155276125 1.3088629 0.18957977
v -0.33045694 2.2223616 -0.30872077
v -0.36510572 2.4817593 -0.33911484
v -0.5061435 2.2265744 -0.29027435
v -0.38781458 2.5398602 -0.3448654
v -0.4861874 1.83107 -0.3142004
v -0.7087183 1.3353032 -0.23325936
v -0.5672168 1.3108395 -0.12420808
v -0.6384235 1.8285731 -0.18278892
v -0.77723396 1.3360741 -0.0021282504
v -0.6103571 1.3105323 0.0001496535
v -0.7024499 1.8248144 0.0070997663
v -0.7103217 1.3316061 0.2153009
v -0.56487507 1.3123155 0.12387028
v -0.6425318 1.8225226 0.2029179
v -0.53818345 1.3249635 0.39491323
v -0.4445433 1.3146544 0.21526529
v -0.6639512 2.1166828 -0.1675484
v -0.78455746 2.194086 -0.1782401
v -0.7342011 2.0898528 0.0215721
v -0.3038822 1.3161435 0.47103953
v -0.26933062 1.317901 0.24366745
v -0.5004536 1.8186343 0.3549667
v -0.67190343 2.1188664 0.22085884
v -0.07964726 1.2946386 0.49838418
v -0.076294415 1.3040448 0.2122364
v -0.31765532 1.8038291 0.46762475
v -0.018310124 1.2893106 0.5020963
v -0.16032651 1.7910811 0.4880157
v -0.0676039 1.791681 0.49915117
v 0.0056245103 1.7901871 0.5062967
v -0.11256653 2.205183 0.53383976
v 0.005099616 2.1997626 0.54799896
v -0.5306942 2.2313015 0.38335347
v -0.22615832 2.2126226 0.5053111
v 0.12059985 2.2033734 0.53552544
v 0.0050834953 2.5610497 0.51598495
v -0.1424998 2.5616596 0.49781367
v -0.15110245 2.8330147 0.4333495
v -0.27490258 2.5644112 0.45897627
v -0.3138719 2.866479 0.365365
v -0.35543188 2.221537 0.4642248
v -0.39366668 2.5612118 0.4206214
v -0.5132771 2.5617006 0.3843664
v -0.54496384 2.8306994 0.31107053
v -0.43257236 2.83892 0.33271903
v -0.46967807 2.973903 0.17785159
v -0.4141415 2.9621084 0.19311124
v -0.48978004 2.996568 -8.8434805E-05
v -0.4539134 2.982668 3.8071416E-06
v -0.58314866 2.9679677 0.1698274
v -0.749029 2.9694831 0.1628627
v -0.46854302 2.9727607 -0.17992553
v -0.41816145 2.9558513 -0.19489399
v -0.10150062 2.8174624 -0.3532539
v -0.61046284 2.9902954 -3.5591707E-05
v -0.42546573 2.8256247 -0.32751143
v -0.4035401 2.73921 -0.3392438
v -0.40800065 2.7339253 -0.338631
v -0.46712983 2.6879992 -0.3358072
v -0.5821558 2.9674306 -0.17105447
v -0.53676575 2.8223264 -0.31159553
v -0.7951729 2.9895816 -8.214439E-06
v -0.49101454 2.5445397 -0.340051
v -0.74879146 2.9693818 -0.16307516
v -0.68753076 2.8311443 -0.30485064
v -0.64057726 2.5667503 -0.34623656
v -0.9750061 2.8580272 -0.31892633
v -1.0883763 2.9917338 -0.1677342
v -1.1608143 3.0117493 -1.510135E-06
v -0.67729396 2.320806 -0.3076537
v -0.96934205 2.3279402 -0.3354629
v -0.9255903 2.5910156 -0.37703887
v -1.5747838 3.009559 -0.18994148
v -1.4526078 2.8783255 -0.35130095
v -1.4085332 2.606601 -0.4231711
v -1.6356909 3.028744 -7.81311E-07
v -1.6452831 2.9908168 -0.20005824
v -1.634782 2.8468082 -0.35211608
v -1.6244192 2.607489 -0.412129
v -1.6205128 2.3644776 -0.3787924
v -1.5747846 3.0095592 0.18993819
v -1.645283 2.9908166 0.2000567
v -1.6347818 2.846808 0.35211465
v -1.4338627 2.3279643 -0.38274956
v -1.5510284 2.19196 -0.21434344
v -1.6235919 2.2139242 -0.22402392
v -1.6104778 2.172694 -2.3709413E-06
v -1.1032417 2.1967192 -0.18307735
v -1.1875682 2.1781793 -3.793166E-05
v -0.8619601 2.168014 -0.0012300614
v -1.1038073 2.196544 0.18265104
v -0.7949176 2.1954525 0.18394351
v -1.5510288 2.1919591 0.21434017
v -1.623592 2.213924 0.2240226
v -1.6205128 2.3644772 0.37879097
v -0.9722699 2.3278856 0.3356135
v -0.69730806 2.3276546 0.33220494
v -0.6538024 2.5754833 0.3587133
v -1.4338576 2.3279638 0.38274795
v -1.4085311 2.6066062 0.42316926
v -1.6244192 2.6074889 0.41212758
v -0.92798483 2.5928617 0.37716734
v -0.97551364 2.8585227 0.3186681
v -0.69140553 2.834365 0.30320913
v -1.4526113 2.8783312 0.35129538
v -1.0883844 2.9917405 0.16771704
v 0.045541056 6.6518936 -0.41842848
v 0.030522984 5.002836 -0.7610967
v 0.4259944 4.9733605 -0.68971044
v -0.36643434 4.998197 -0.6829576
v 0.47048345 6.6191945 -0.3401972
v 0.7225486 4.9225364 -0.51866835
v -0.3743021 6.647536 -0.33418483
v -0.68440735 4.9493423 -0.42210189
v 0.7723164 6.5733852 -0.18362714
v 0.91667664 4.844883 -0.1995321
v -0.7124786 6.594725 -0.058237217
v -0.8274703 4.904492 -0.19166264
v -0.86826664 6.542772 0.20163743
v -0.90442663 4.8265347 0.13234249
v 0.04648295 6.2247434 1.4562821
v 0.47134626 6.2292757 1.3711215
v 0.77301776 6.255889 1.2098161
v 0.98556316 6.481019 0.18980196
v -0.37344605 6.2571964 1.3789449
v 1.0348774 6.406944 0.5111976
v 0.9675474 4.77488 0.11945309
v 0.91700274 4.6997437 0.43732044
v 0.9858836 6.3344646 0.83300245
v 0.7232038 4.631398 0.7588043
v 0.42683104 4.6030107 0.9353199
v 0.031436373 4.598542 1.0128816
v -0.3655976 4.6281166 0.94090354
v -0.7118877 6.329045 1.1077588
v -0.683837 4.69703 0.6850031
v -0.86791945 6.3947625 0.85124034
v -0.8271355 4.7564206 0.45805526
v -0.9359753 6.469029 0.5265345
v 0.7533461 0.32562703 -0.16245179
v 0.7231146 0.702442 -0.1456232
v 0.7750673 0.70106214 -3.3979174E-07
v 0.5757083 0.7056312 -0.25938383
v 0.8095953 0.32381818 -2.0498855E-07
v 0.7231145 0.7024421 0.14562257
v 0.7533461 0.32562712 0.1624514
v 0.57570845 0.7056315 0.2593832
v 0.6018564 0.3324516 0.27919823
v 0.35654092 0.70905614 0.3002054
v 0.38135767 0.32962573 0.31945962
v 0.18311606 0.7131248 0.26520464
v 0.922507 0.34725004 -2.2340278E-07
v 0.84658164 0.34726834 0.24689831
v 0.84658164 0.3472682 -0.24689876
v 0.65078866 0.35112816 0.41703314
v 0.60185635 0.3324514 -0.27919853
v 0.65078855 0.3511279 -0.41703343
v 0.6245543 0.70242065 -0.3948002
v 0.38135758 0.3296255 -0.31945986
v 0.35654086 0.70905596 -0.30020604
v 0.38057628 0.34355152 -0.4726556
v 0.1989625 0.33233845 -0.2829557
v 0.18311599 0.7131247 -0.26520523
v 0.13201278 0.34838298 -0.41073662
v 0.13969162 0.3308984 -0.17047475
v 0.12879795 0.7173738 -0.16516231
v 0.36062402 0.6979369 -0.4497401
v 0.028476894 0.33770952 -0.22108929
v 0.1396082 0.3337676 -1.4285712E-07
v 0.12556727 0.71850014 -2.797798E-07
v 0.11484724 0.6927279 -0.38821334
v 0.023238095 0.33315185 -1.26331E-07
v 0.13969168 0.33089852 0.1704745
v 0.128798 0.71737385 0.16516176
v 0.3094297 1.0433682 -0.45215312
v 0.00818184 0.68712306 -0.20425728
v 0.028476954 0.3377096 0.22108908
v 0.19896257 0.33233866 0.2829554
v 0.13201281 0.34838322 0.41073638
v 0.11484727 0.6927281 0.3882128
v 0.38057637 0.34355196 0.4726553
v -0.00010496378 0.6856864 -2.495552E-07
v 0.3606241 0.69793713 0.44973946
v 0.6245545 0.702421 0.39479953
v 0.00818187 0.68712306 0.20425677
v -0.050341617 1.0132927 0.20350832
v -0.059177767 1.0096862 -6.207159E-07
v 0.30942968 1.0433688 0.45215246
v 0.8177259 0.70665497 0.23137924
v -0.050341677 1.0132933 -0.2035092
v 0.05884395 1.0315845 0.39123875
v 0.036736615 1.3675361 0.34928063
v 0.89172894 0.7085571 -3.49337E-07
v 0.058843654 1.0315839 -0.39123926
v 0.03662156 1.3678473 -0.3491478
v -0.07249982 1.2211936 -0.17532416
v -0.080539905 1.2104712 -1.6269123E-06
v -0.07249556 1.2211345 0.17533238
v -0.024420165 1.354026 0.20149623
v -0.06357436 1.3269055 2.3830555E-06
v 0.8177259 0.7066549 -0.23137991
v 0.7633133 1.0576662 -0.23318627
v -0.024365742 1.3542663 -0.20134763
v 0.83698875 1.061335 -4.604003E-07
v 0.57136995 1.0504675 -0.397058
v 0.49723235 1.4267727 -0.32125807
v 0.7633134 1.0576664 0.23318529
v 0.27629855 1.421446 -0.3679843
v 0.57137007 1.0504683 0.39705706
v 0.27629316 1.4214375 0.36799288
v 0.49723235 1.4267732 0.32125703
v 0.65658414 1.4316771 0.18786383
v 0.7186449 1.4338706 -5.4196147E-07
v 0.656584 1.4316772 -0.18786497
v 0.27570114 1.4148917 -0.23985486
v 0.44444892 1.4129912 -0.20298794
v 0.5519067 1.4103788 -0.1121524
v 0.58957845 1.4095994 -5.176083E-07
v 0.55190676 1.4103788 0.11215128
v 0.44444892 1.4129914 0.20298684
v 0.27569306 1.414904 0.23986569
v 0.12895864 1.3942962 -0.23337832
v 0.12901036 1.3942021 0.23331489
v 0.061638862 1.4659933 0.30452472
v 0.08032162 1.4949393 -0.24173339
v 0.060890943 1.4669937 -0.30332682
v 0.07313389 1.337063 -0.1158247
v 0.09021958 1.2417791 -0.12634607
v 0.006848549 1.5266982 -0.24334045
v 0.0058864504 1.4971671 -0.3078796
v 0.058407795 1.3511481 -5.228679E-07
v 0.08828897 1.2305936 -4.7301018E-07
v 0.073047 1.3372726 0.11578767
v 0.09021373 1.2418151 0.1263405
v 0.0803344 1.4949075 0.24267991
v 0.006991777 1.3737196 -0.08992294
v -0.06717938 1.4949085 -0.24159265
v 0.009639894 1.3795354 -0.06397787
v -0.058198296 1.3355608 -0.115559325
v -0.042880528 1.3503715 -5.2910735E-07
v 0.0096399365 1.3795354 0.063976794
v 0.0069882437 1.3740308 0.09023043
v -0.05811486 1.3357742 0.11552079
v 0.006848265 1.5267383 0.24627765
v 0.0059694443 1.4965861 0.31019056
v 0.0076790154 1.3216931 0.15093197
v 0.008435068 1.3138736 0.07198435
v 0.042854384 1.3566344 0.19973573
v -0.04669949 1.4673802 0.3058537
v 0.07946316 1.3280439 2.7851413E-06
v -0.06719718 1.4948717 0.242564
v 0.008433488 1.3138742 -0.0719694
v 0.007683572 1.3214457 -0.1513038
v 0.042804096 1.3568769 -0.19957846
v -0.04588304 1.4684227 -0.3046713
v -0.024378452 1.3705335 -0.35077226
v 0.090035416 1.2238219 -0.17792556
v 0.073145516 1.0153835 -0.21050814
v -0.116300605 1.3931808 -0.23403928
v -0.07269443 1.2398605 -0.12728049
v -0.069537945 1.2285379 -4.8753554E-07
v -0.072689265 1.2398975 0.12727445
v -0.26922712 1.413677 -0.24197474
v -0.11634917 1.393089 0.23398064
v -0.024489341 1.3702278 0.3509104
v -0.26957437 1.423046 -0.37008935
v -0.44290262 1.411809 -0.20488296
v -0.269569 1.4230378 0.37009802
v -0.2692192 1.4136895 0.24198522
v 0.09003267 1.2237619 0.17793456
v -0.49526364 1.4283843 -0.32318813
v -0.5521241 1.4092976 -0.113209695
v -0.49526384 1.4283848 0.3231871
v -0.44290292 1.4118093 0.2048819
v 0.09980262 1.2132192 -1.4838032E-06
v 0.0844189 1.011651 -6.949186E-07
v -0.6565188 1.4335366 -0.18876132
v -0.5899724 1.4083792 -4.2636944E-07
v -0.65651923 1.4335364 0.18876025
v -0.7715504 1.0595373 0.23825246
v -0.5521243 1.4092976 0.11320867
v -0.7186509 1.4357344 -5.0342595E-07
v -0.8460435 1.0631725 -4.0284718E-07
v -0.77155024 1.0595373 -0.23825324
v 0.073145576 1.015383 0.21050717
v -0.57474047 1.0522375 -0.40635726
v -0.30315074 1.0450996 -0.46286178
v -0.6304399 0.7024593 -0.4070855
v -0.8295609 0.70671856 -0.2382267
v -0.904782 0.7085793 -2.564246E-07
v -0.043101948 1.0337232 0.40115178
v -0.30315062 1.0451 0.46286106
v -0.098712206 0.6927247 0.40109825
v -0.5747406 1.0522382 0.40635654
v -0.63044 0.7024594 0.40708503
v -0.829561 0.70671856 0.2382262
v -0.8544991 0.3462933 0.25165927
v -0.9312036 0.34620562 -1.0579123E-07
v 0.015540689 0.6870418 0.21283576
v -0.35530186 0.69793737 0.46380323
v -0.85449916 0.34629312 -0.25165954
v 0.026340187 0.68549454 -3.0717308E-07
v -0.3755623 0.34256524 0.48238397
v -0.11875343 0.34725073 0.41985968
v -0.0094136 0.336726 0.22721358
v -0.0022489727 0.33220565 -1.8092356E-07
v -0.6543693 0.35015428 0.42573503
v -0.18471974 0.33295605 0.2902207
v -0.37622538 0.3301478 0.32812423
v -0.6053977 0.3328692 0.286899
v -0.7608458 0.32602975 0.1667993
v -0.58284414 0.7055771 0.27219144
v -0.35106665 0.70902747 0.3149129
v -0.7365389 0.7023727 0.15313183
v -0.16396362 0.7130968 0.27749446
v -0.7901263 0.701018 -2.1595127E-07
v -0.120310664 0.3314051 0.17437519
v -0.10234903 0.71740574 0.17140311
v -0.8178711 0.32427222 -9.076856E-08
v -0.7365387 0.70237267 -0.15313227
v -0.11862704 0.33427185 -1.6367915E-07
v -0.09711606 0.7186195 -2.9819824E-07
v -0.7608458 0.3260297 -0.16679953
v -0.582844 0.70557696 -0.2721919
v -0.60539764 0.332869 -0.2868992
v -0.35106653 0.7090273 -0.31491345
v -0.00941366 0.3367259 -0.22721398
v -0.12031075 0.33140498 -0.17437553
v -0.10234908 0.71740574 -0.17140369
v -0.16396363 0.71309644 -0.2774951
v -0.65436935 0.35015404 -0.42573532
v -0.37622532 0.3301475 -0.32812443
v -0.18471977 0.33295584 -0.29022107
v -0.3553018 0.69793713 -0.4638038
v -0.098712265 0.6927244 -0.40109885
v -0.37556225 0.34256488 -0.48238412
v -0.11875349 0.34725046 -0.41986006
v -0.04310177 1.0337226 -0.40115225
v 0.01554063 0.6870418 -0.21283633
v 1.5834724 2.3904207 -0.118117586
v 1.6627513 2.4644463 -0.1786626
v 1.6500669 2.4057858 -0.11649566
v 1.6519778 2.3876963 -9.131189E-07
v 1.4928349 2.4407334 -0.18381377
v 1.4820396 2.5968018 -0.19762126
v 1.6807145 2.5968266 -0.1923781
v 1.6958507 2.7361908 -0.16082686
v 1.5323207 2.757356 -0.1614723
v 1.6419637 2.8109903 -0.09668357
v 1.7010336 2.799119 -0.095806524
v 1.7074587 2.8137717 -1.0588518E-06
v 1.5834721 2.3904207 0.11811569
v 1.6500671 2.4057856 0.11649376
v 1.6627516 2.4644463 0.17866059
v 1.4928347 2.4407332 0.18381186
v 1.4820393 2.596802 0.19761923
v 1.6807145 2.5968266 0.19237602
v 1.6958507 2.7361908 0.16082472
v 1.5323204 2.757356 0.16147022
v 1.6419637 2.8109903 0.09668138
v 1.7010335 2.7991192 0.09580445
v -1.534697 2.356828 -0.14397429
v -1.6060454 2.3526251 -5.8179177E-07
v -1.6019574 2.3721719 -0.14140485
v -1.609329 2.441657 -0.21662402
v -1.4344888 2.4174213 -0.22655398
v -1.413385 2.5968835 -0.2434991
v -1.618534 2.5967574 -0.23255736
v -1.624868 2.758875 -0.19540015
v -1.4546096 2.780954 -0.19992468
v -1.563327 2.8445475 -0.11894905
v -1.6257586 2.8322704 -0.11731681
v -1.6317241 2.8487887 -8.5707666E-07
v -1.5346973 2.3568277 0.14397308
v -1.6019577 2.3721716 0.14140368
v -1.609329 2.4416566 0.21662259
v -1.434489 2.417421 0.22655259
v -1.4133854 2.5968833 0.24349761
v -1.6185341 2.5967572 0.23255593
v -1.6248679 2.7588747 0.19539869
v -1.45461 2.7809536 0.19992305
v -1.563327 2.8445473 0.118947335
v -1.6257586 2.8322701 0.11731517
v 0.030522984 5.002836 -0.7610967
v 0.4471611 4.711668 -0.837518
v 0.4259944 4.9733605 -0.68971044
v 0.7225486 4.9225364 -0.51866835
v 0.021068547 4.7431955 -0.9137545
v 0.77556705 4.655313 -0.647741
v -0.41454703 4.7377453 -0.8268434
v 0.91667664 4.844883 -0.1995321
v -0.36643434 4.998197 -0.6829576
v 0.9917549 4.569642 -0.29710034
v -0.7616876 4.6851373 -0.5443641
v 0.9675474 4.77488 0.11945309
v -0.68440735 4.9493423 -0.42210189
v 1.0494342 4.491898 0.054626733
v -0.9194612 4.635864 -0.2924905
v 0.91700274 4.6997437 0.43732044
v -0.8274703 4.904492 -0.19166264
v 0.9921156 4.409478 0.40533125
v -1.0050167 4.5494556 0.06894417
v 0.7232038 4.631398 0.7588043
v -0.90442663 4.8265347 0.13234249
v 0.77630144 4.33462 0.7586818
v -0.919091 4.4706554 0.43203267
v 0.42683104 4.6030107 0.9353199
v -0.8271355 4.7564206 0.45805526
v 0.4480956 4.3030443 0.9545086
v -0.7610636 4.405901 0.68019503
v 0.031436373 4.598542 1.0128816
v -0.683837 4.69703 0.6850031
v 0.022084223 4.298297 1.0373642
v -0.41363245 4.3309536 0.9571709
v -0.3655976 4.6281166 0.94090354
v -1.6170595 2.3948374 -0.3158133
v -1.6168641 2.2756145 -0.19163503
v -1.6765176 2.2748172 -0.19163503
v -1.676713 2.39404 -0.3158133
v -1.6225901 2.6034327 -0.34227055
v -1.668862 2.2418852 -6.0373924E-07
v -1.6092085 2.2426825 -6.06697E-07
v -1.6822436 2.6026354 -0.34227055
v -1.6315886 2.8123996 -0.2912404
v -1.6765177 2.274817 0.19163376
v -1.6168642 2.2756143 0.19163376
v -1.6912421 2.8116024 -0.2912404
v -1.6389557 2.9290547 -0.16772531
v -1.676713 2.3940396 0.31581187
v -1.6170595 2.394837 0.31581187
v -1.6986092 2.9282575 -0.16772531
v -1.634276 2.9587584 -8.1894893E-07
v -1.6822436 2.6026351 0.34226912
v -1.6225901 2.6034324 0.34226912
v -1.6939296 2.957961 -8.1599114E-07
v -1.6389556 2.9290545 0.16772373
v -1.691242 2.811602 0.29123896
v -1.6315885 2.8123994 0.29123896
v -1.6986091 2.9282572 0.16772373
v -1.6725115 2.4105356 0.27961478
v -1.6800972 2.6000974 0.30240744
v -1.6877909 2.79235 0.25634697
v -1.6918365 2.893448 0.14921804
v -1.692818 2.9179766 -8.0379016E-07
v -1.6918366 2.8934484 -0.14921963
v -1.6684636 2.3093812 0.17318267
v -1.687791 2.7923503 -0.25634843
v -1.6669368 2.281839 -6.1680834E-07
v -1.6800972 2.6000977 -0.30240887
v -1.6684635 2.3093815 -0.1731839
v -1.6725115 2.410536 -0.2796162
v -1.6321831 2.8942456 -0.14921963
v -1.6331645 2.918774 -8.0674795E-07
v -1.6281375 2.7931476 -0.25634843
v -1.6204437 2.600895 -0.30240887
v -1.632183 2.8942454 0.14921804
v -1.6128579 2.4113333 -0.2796162
v -1.60881 2.3101788 -0.1731839
v -1.6281374 2.7931473 0.25634697
v -1.6072832 2.2826362 -6.19766E-07
v -1.6204437 2.6008947 0.30240744
v -1.6088101 2.3101785 0.17318267
v -1.6128579 2.4113328 0.27961478
v 1.6681399 2.4189105 -0.27860397
v 1.6829028 2.603605 -0.30214405
v 1.7399052 2.601107 -0.30214405
v 1.7251424 2.4164124 -0.27860397
v 1.6634865 2.3101678 -0.16884302
v 1.7585601 2.786492 -0.25715023
v 1.7015576 2.7889903 -0.25715023
v 1.7204889 2.3076696 -0.16884302
v 1.6555542 2.2777925 -9.4492384E-07
v 1.771579 2.892422 -0.1480324
v 1.7145766 2.89492 -0.1480324
v 1.7125566 2.2752943 -9.4292454E-07
v 1.6634864 2.3101676 0.16884117
v 1.7691242 2.9211748 -1.1403632E-06
v 1.7121217 2.923673 -1.1423624E-06
v 1.7204888 2.3076694 0.16884117
v 1.6681402 2.4189105 0.2786019
v 1.771579 2.8924222 0.14803016
v 1.7145766 2.8949203 0.14803016
v 1.7251426 2.4164124 0.2786019
v 1.6829028 2.603605 0.30214196
v 1.7585601 2.786492 0.2571481
v 1.7015576 2.7889903 0.2571481
v 1.7399052 2.601107 0.30214196
v 1.7674546 2.8812096 -1.0925402E-06
v 1.7650938 2.8579283 0.12884396
v 1.7559129 2.7673864 0.22210577
v 1.7387792 2.5984144 0.26224858
v 1.7219317 2.4322639 0.24201751
v 1.7127628 2.3418415 0.14953877
v 1.7650938 2.857928 -0.1288461
v 1.709866 2.3152037 -9.589949E-07
v 1.7559129 2.7673864 -0.22210792
v 1.7127628 2.3418415 -0.1495407
v 1.7387792 2.5984144 -0.26225066
v 1.7219315 2.4322639 -0.24201949
v 1.6557604 2.3443396 0.14953877
v 1.6528636 2.3177018 -9.609942E-07
v 1.6649293 2.434762 0.24201751
v 1.6557604 2.3443398 -0.1495407
v 1.664929 2.434762 -0.24201949
v 1.6817768 2.6009126 0.26224858
v 1.6817768 2.6009126 -0.26225066
v 1.6989105 2.7698846 -0.22210792
v 1.6989105 2.7698846 0.22210577
v 1.7080914 2.8604262 -0.1288461
v 1.7080914 2.8604264 0.12884396
v 1.7104522 2.8837078 -1.0945395E-06
v -1.6205128 2.3644776 -0.3787924
v -1.7248795 2.2292132 -0.21357599
v -1.6235919 2.2139242 -0.22402392
v -1.7234583 2.3702297 -0.36215925
v -1.6244192 2.607489 -0.412129
v -1.7175723 2.191613 -6.588461E-07
v -1.6104778 2.172694 -2.3709413E-06
v -1.7306056 2.6039488 -0.39286095
v -1.634782 2.8468082 -0.35211608
v -1.7248796 2.229213 0.21357474
v -1.623592 2.213924 0.2240226
v -1.7389158 2.8357713 -0.33644083
v -1.6452831 2.9908168 -0.20005824
v -1.7234582 2.3702292 0.36215788
v -1.6205128 2.3644772 0.37879097
v -1.7474455 2.9729152 -0.19054465
v -1.6356909 3.028744 -7.81311E-07
v -1.7306056 2.6039486 0.39285952
v -1.6244192 2.6074889 0.41212758
v -1.7429179 3.0079625 -7.6700985E-07
v -1.645283 2.9908166 0.2000567
v -1.7389158 2.8357708 0.33643937
v -1.6347818 2.846808 0.35211465
v -1.7474453 2.9729147 0.19054307
v -1.7247708 2.430889 0.2377256
v -1.730484 2.5954216 0.2540411
v -1.7393467 2.7664447 0.21671231
v -1.7429171 2.850367 0.12836634
v -1.742155 2.868319 -8.1673227E-07
v -1.7429172 2.8503673 -0.12836795
v -1.7192503 2.351991 0.15070778
v -1.7393469 2.766445 -0.21671376
v -1.7159559 2.3318102 -6.162818E-07
v -1.730484 2.5954218 -0.2540425
v -1.7192501 2.3519912 -0.15070887
v -1.7247708 2.4308894 -0.23772694
v -1.6257586 2.8322704 -0.11731681
v -1.6317241 2.8487887 -8.5707666E-07
v -1.624868 2.758875 -0.19540015
v -1.618534 2.5967574 -0.23255736
v -1.6257586 2.8322701 0.11731517
v -1.609329 2.441657 -0.21662402
v -1.6019574 2.3721719 -0.14140485
v -1.6248679 2.7588747 0.19539869
v -1.6060454 2.3526251 -5.8179177E-07
v -1.6185341 2.5967572 0.23255593
v -1.6019577 2.3721716 0.14140368
v -1.609329 2.4416566 0.21662259
v 1.6702747 2.3892398 -0.3419687
v 1.787575 2.5998986 -0.35338983
v 1.6838907 2.6076605 -0.3720195
v 1.7708318 2.3909311 -0.32511392
v 1.6690398 2.249094 -0.20259443
v 1.8063153 2.8083363 -0.30343488
v 1.7045457 2.8228743 -0.31832987
v 1.7677791 2.2612255 -0.19135012
v 1.6564639 2.2077985 -3.0519755E-06
v 1.8212739 2.9353604 -0.17225415
v 1.7215514 2.956013 -0.1814842
v 1.7601494 2.2239628 -9.744932E-07
v 1.6690397 2.2490938 0.20259261
v 1.8189493 2.9703424 -1.1944742E-06
v 1.7150372 2.9936123 -1.1767679E-06
v 1.7677788 2.261225 0.19134842
v 1.670275 2.3892398 0.3419667
v 1.821274 2.9353607 0.17225182
v 1.7215513 2.9560132 0.18148193
v 1.770832 2.3909311 0.32511202
v 1.6838907 2.6076605 0.3720174
v 1.8063153 2.8083363 0.3034327
v 1.7045457 2.8228743 0.31832772
v 1.787575 2.5998986 0.3533878
v 1.816326 2.8310938 -1.039003E-06
v 1.8157474 2.8140943 0.10852629
v 1.8074219 2.7394748 0.18379445
v 1.7895895 2.5908403 0.21469921
v 1.774772 2.4497616 0.1995708
v 1.7641608 2.3830132 0.12580827
v 1.8157475 2.8140943 -0.10852853
v 1.7596931 2.3643694 -9.036326E-07
v 1.807422 2.7394748 -0.18379673
v 1.7641606 2.3830135 -0.12581012
v 1.7895895 2.5908403 -0.21470125
v 1.7747717 2.4497616 -0.19957264
v 1.6500671 2.4057856 0.11649376
v 1.6519778 2.3876963 -9.131189E-07
v 1.6627516 2.4644463 0.17866059
v 1.6500669 2.4057858 -0.11649566
v 1.6627513 2.4644463 -0.1786626
v 1.6807145 2.5968266 0.19237602
v 1.6807145 2.5968266 -0.1923781
v 1.6958507 2.7361908 -0.16082686
v 1.6958507 2.7361908 0.16082472
v 1.7010336 2.799119 -0.095806524
v 1.7010335 2.7991192 0.09580445
v 1.7074587 2.8137717 -1.0588518E-06
v 0.6835727 1.0319282 -0.16340734
v 0.7793726 0.71626884 -0.18491517
v 0.84339565 0.7162687 -3.505439E-07
v 0.60490197 0.71626854 -0.32211003
v 0.82002085 0.3742278 -0.20010796
v 0.7397543 1.0319283 -4.4682736E-07
v 0.88702875 0.37305996 -2.3538811E-07
v 0.7793725 0.71626896 0.1849145
v 0.53020155 1.031928 -0.2846447
v 0.46745333 1.368277 -0.25168532
v 0.31026182 1.0316657 -0.32696626
v 0.646701 1.3691393 -5.4660364E-07
v 0.5981438 1.3688651 -0.14438185
v 0.68357277 1.0319282 0.16340646
v 0.5981438 1.368865 0.14438081
v 0.677152 1.377494 -5.567982E-07
v 0.62270397 1.3760421 -0.16223532
v 0.70815694 1.0398619 -0.18089505
v 0.622704 1.376042 0.16223422
v 0.4798174 1.3733197 -0.27955082
v 0.27926013 1.366693 -0.29049292
v 0.7699861 1.0410707 -4.5561325E-07
v 0.47981736 1.3733201 0.27954987
v 0.4674533 1.3682773 0.2516843
v 0.708157 1.0398622 0.18089412
v 0.8743899 0.7231665 -3.5432782E-07
v 0.80454123 0.7224547 0.20249297
v 0.54280895 1.0376049 0.3122556
v 0.27933067 1.3697511 0.3208836
v 0.6177954 0.7209669 0.3498122
v 0.31003708 1.0352137 0.35734996
v 0.062138177 1.3467586 0.28744975
v 0.27926013 1.3666934 0.2904919
v 0.08355576 1.3499004 0.26283163
v 0.3102619 1.0316664 0.3269656
v 0.5302016 1.0319285 0.28464392
v 0.6049021 0.7162689 0.3221094
v 0.82002085 0.3742279 0.20010751
v 0.84553427 0.3780363 0.21775867
v 0.9184208 0.37715757 -2.3653617E-07
v 0.84553427 0.37803614 -0.21775913
v 0.6385879 0.38006732 0.34455842
v 0.6516755 0.3831867 0.37236428
v 0.35584873 0.716269 0.36982936
v 0.14247175 0.71626884 0.32210943
v 0.3773731 0.3753959 0.3950337
v 0.35554564 0.71942717 0.40031436
v 0.123467945 0.71773887 0.34871608
v 0.3771648 0.37764302 0.42559233
v 0.15266114 0.38006738 0.3445584
v 0.13380204 0.38128605 0.3712574
v 0.067089766 0.37422797 0.2001076
v 0.11851304 1.0285307 0.2855723
v 0.04635982 1.0188935 0.16365294
v 0.099434346 1.0295037 0.31237087
v 0.01670518 1.0171939 0.17239337
v 0.03738622 0.3741325 0.2088745
v 0.061651845 0.71626896 0.18491456
v 0.05560286 0.7162688 -2.7077067E-07
v 0.031943705 0.7157801 0.19365403
v 0.060754046 0.37306005 -1.4485151E-07
v 0.02559718 0.7153118 -2.6768564E-07
v 0.030741751 0.3726177 -1.4183526E-07
v 0.061651807 0.7162689 -0.1849151
v 0.04056094 1.017331 -3.7762544E-07
v 0.06708972 0.37422785 -0.20010787
v 0.03194366 0.7157801 -0.19365455
v 0.01061718 1.0150399 -3.7405857E-07
v 0.03738617 0.3741324 -0.20887475
v 0.14247167 0.7162687 -0.32211003
v 0.046359774 1.0188936 -0.16365376
v 0.15266109 0.38006714 -0.34455872
v 0.018782826 1.2222933 -4.651197E-07
v 0.023692813 1.2334927 -0.1464837
v 0.08355573 1.3499 -0.26283264
v 0.118512966 1.0285301 -0.28557295
v 0.023692848 1.2334927 0.14648277
v 0.01100965 1.3155624 0.13987154
v 0.009337431 1.3012272 -5.188444E-07
v 0.01100962 1.3155624 -0.13987258
v 0.35584867 0.71626884 -0.36982998
v 0.377373 0.3753956 -0.395034
v 0.27933067 1.3697505 -0.32088462
v 0.062139727 1.3468157 -0.28745103
v 0.029229991 1.4472502 -0.24565761
v 0.6385878 0.38006708 -0.34455878
v 0.13380198 0.38128582 -0.37125772
v 0.37716472 0.3776426 -0.42559263
v 0.6516754 0.38318646 -0.37236464
v 0.6177952 0.7209665 -0.34981287
v 0.12346786 0.71773875 -0.34871668
v 0.35554558 0.719427 -0.40031502
v 0.8045413 0.72245467 -0.20249364
v 0.31003696 1.0352132 -0.35735062
v 0.5428089 1.0376041 -0.3122565
v 0.099434264 1.029503 -0.31237152
v 0.016705133 1.017194 -0.17239417
v -0.0059342505 1.2298025 -0.15545182
v -0.011029192 1.2187332 -4.6038326E-07
v -0.005937093 1.2297858 0.15545459
v -0.020887002 1.3043998 0.15225436
v -0.01401538 1.2774696 -5.085438E-07
v -0.020890113 1.3045222 -0.1522208
v 0.011761711 1.4324054 0.26869005
v 0.01153436 1.4327103 -0.26743004
v 0.0066553964 1.4567622 -0.24632625
v 0.029230006 1.4472507 0.24682353
v 0.006853335 1.4369742 -0.27216026
v 0.008127069 1.2683097 0.19620912
v 0.006475835 1.2442819 0.07927462
v 0.0068530347 1.4368773 0.27366564
v 0.037001144 1.3049545 0.15288566
v 0.031030342 1.2775042 -5.2982676E-07
v 0.0064823097 1.2442839 -0.07927541
v 0.008126247 1.2683327 -0.19689777
v 0.0370071 1.3050786 -0.1528523
v 0.0018844098 1.4331189 -0.26763192
v -0.049395777 1.3476411 -0.2895344
v -0.07070847 1.3499 -0.2648309
v -0.016082505 1.4472513 -0.24582364
v 0.02348202 1.230656 -0.15733579
v 0.0063298573 1.0178345 -0.17800955
v 0.030095365 1.2196141 -5.004121E-07
v 0.0075206594 1.324595 -0.13978773
v 0.0042631933 1.3155624 -0.14002612
v 0.008014813 1.3099977 -0.0718429
v 0.0069675907 1.3012272 -5.378412E-07
v -0.0061578928 1.2334927 -0.14807327
v -0.023253394 1.0188935 -0.16882041
v 0.00801483 1.3099977 0.071841836
v 0.00018294957 1.2222933 -4.974225E-07
v 0.0075206864 1.324595 0.13978665
v 0.004263223 1.3155624 0.14002505
v 0.0066554076 1.4567627 0.24811529
v 0.001663999 1.432812 0.2688941
v -0.016082488 1.4472517 0.24699275
v -0.006157855 1.2334927 0.14807227
v 0.023485536 1.2306391 0.15733884
v -0.04939293 1.3475842 0.28953382
v 0.014532088 1.0156299 -4.2024504E-07
v -0.015457071 1.017331 -4.1693897E-07
v -0.07070845 1.3499005 0.26482978
v 0.006329904 1.0178347 0.17800868
v -0.023253348 1.0188936 0.16881953
v 0.0028560462 0.7152603 -3.1084394E-07
v -0.005938867 0.7157653 0.2015115
v -0.083085805 1.0301837 0.32137388
v -0.27262527 1.3703952 0.32406086
v -0.10546579 0.7177467 0.36166713
v -0.30378464 1.0357383 0.3676122
v -0.27261397 1.3666935 0.2937525
v -0.10180563 1.0285307 0.29451436
v -0.47845846 1.3740573 0.28236914
v -0.12405641 0.71626896 0.33491704
v -0.30402216 1.0316665 0.33731237
v -0.4662299 1.3683671 0.25456715
v -0.035540342 0.716269 0.19226712
v -0.027155537 0.7162688 -3.0750263E-07
v -0.045730043 0.37422797 0.2053171
v -0.037528317 0.37306005 -1.8313911E-07
v -0.35044658 0.71626914 0.38453457
v -0.61201906 0.7162689 0.3349171
v -0.13728106 0.38006738 0.353758
v -0.5338708 1.0319285 0.29366753
v -0.69215274 1.0319284 0.16858675
v -0.3723074 0.375396 0.40545282
v -0.01612364 0.37369233 0.21454085
v -0.007514947 0.37218332 -1.863238E-07
v -0.11881242 0.3808335 0.38060924
v -0.04573009 0.37422785 -0.20531747
v -0.016123692 0.3736922 -0.21454124
v -0.035540394 0.71626896 -0.19226772
v -0.124056436 0.7162686 -0.33491766
v -0.10180567 1.0285301 -0.29451504
v -0.30402213 1.0316658 -0.33731306
v -0.2726139 1.3666931 -0.29375353
v -0.35017514 0.71943927 0.41501218
v -0.6249178 0.7209959 0.36264917
v -0.3721317 0.37726277 0.43601868
v -0.6433771 0.38006744 0.3537581
v -0.6564642 0.382804 0.38161844
v -0.829583 0.37422803 0.20531715
v -0.0059389193 0.7157653 -0.2015121
v -0.10546582 0.7177463 -0.36166775
v -0.54638714 1.038147 0.32120526
v -0.71663237 1.0404394 0.18595284
v -0.85518116 0.37764314 0.22295502
v -0.7928888 0.7162691 0.1922672
v -0.8525197 0.6916797 -0.01854965
v -0.08308585 1.030183 -0.32137457
v -0.3037846 1.0357381 -0.3676129
v -0.6236087 1.3770394 0.16376051
v -0.59919024 1.3691746 0.1459951
v -0.6783613 1.3784914 -4.94303E-07
v -0.6481508 1.3694527 -4.7379365E-07
v -0.88798094 0.3815884 -0.018549562
v -0.7494384 1.0319285 -3.5176882E-07
v -0.79328924 0.6916799 -0.19226456
v -0.6236085 1.3770396 -0.1637615
v -0.5991901 1.3691747 -0.14599602
v -0.7794406 1.0416307 -3.7107907E-07
v -0.69215256 1.0319287 -0.16858745
v -0.8264428 0.38264352 -0.20405509
v -0.91635996 0.38491502 -0.018549576
v -0.62987226 0.6916797 -0.3211497
v -0.47845837 1.3740569 -0.28237003
v -0.46622977 1.3683667 -0.2545681
v -0.7166322 1.0404394 -0.18595357
v -0.5338707 1.0319282 -0.29366815
v -0.2726252 1.3703946 -0.3240619
v -0.546387 1.0381463 -0.32120597
v -0.3504465 0.71626896 -0.38453513
v -0.6249177 0.72099584 -0.36264968
v -0.65820456 0.38791934 -0.33817247
v -0.37230733 0.37539566 -0.40545306
v -0.8495709 0.38572904 -0.21999101
v -0.81813735 0.72249556 -0.20980303
v -0.67002887 0.39039186 -0.36334452
v -0.35017505 0.7194391 -0.41501275
v -0.88943493 0.7231868 -2.4481434E-07
v -0.37213165 0.3772624 -0.4360189
v -0.8181375 0.7224956 0.20980257
v -0.13728112 0.38006714 -0.3537584
v -0.11881248 0.38083327 -0.38060963
v 0.20596866 4.800473 -1.1766179
v 0.62066805 4.7395644 -1.0785407
v 0.6268761 4.8354053 -1.1456971
v 0.018832766 4.509355 0.07427471
v 1.089529 4.6108255 -0.78389925
v 1.31638 4.486578 -0.37871513
v 1.0970086 4.7016897 -0.82939965
v 0.21108924 4.897564 -1.2490965
v 0.6281251 4.2813025 1.285836
v -0.21770093 4.9104505 -1.2568389
v -0.22170809 4.8137836 -1.1863883
v 0.21245344 4.2924027 1.4064816
v 1.0979189 4.297971 0.94220567
v 1.330048 4.570569 -0.39285067
v 0.6218449 4.2175217 1.2122952
v 1.3788223 4.454814 0.045936387
v 1.3305022 4.369011 0.491636
v 1.3706225 4.375066 0.042759445
v 1.090389 4.2292943 0.8903407
v 1.3168163 4.2929378 0.47102293
v 0.20725381 4.229803 1.3276014
v -0.22040898 4.2374578 1.3426586
v -0.6220266 4.250741 1.2336633
v -0.6188891 4.314138 1.3093382
v -0.21632735 4.300552 1.419529
v -1.0204098 4.290343 0.95488626
v -0.62015307 4.8748574 -1.1512289
v -0.6232161 4.7784367 -1.0819874
v -1.0195036 4.7843013 -0.85864806
v -1.0185454 4.3591986 1.006796
v -1.0213181 4.693257 -0.81319195
v -1.2431757 4.6648173 -0.4410695
v -1.2437996 4.356377 0.55826706
v -1.2443058 4.580886 -0.42692724
v -1.3363472 4.4638343 0.06462403
v -1.2426516 4.432388 0.57887334
v -1.3352017 4.5438056 0.06785593
v -0.29460865 4.939097 -0.11743748
v -0.107065745 4.98393 -0.044081207
v -0.11606747 4.98393 -6.037602E-07
v 0.0053060977 4.9904 3.134761E-05
v -0.08142462 4.98393 -0.08194996
v -0.3192195 4.939097 -5.9188494E-07
v -0.10706579 4.98393 0.044079997
v -0.08142469 4.98393 0.08194875
v -0.29460877 4.939097 0.1174363
v -0.55401933 4.8560395 -5.7337263E-07
v -0.51136786 4.8560395 0.2022203
v -0.22528121 4.939097 0.21832395
v -0.39154813 4.8560395 0.3759441
v -0.1190094 4.939097 0.28691858
v -0.041698437 4.98393 0.10769616
v 0.005144943 4.98393 0.11722686
v -0.20836414 4.8560395 0.494061
v 0.051564902 4.98393 0.10769616
v 0.09099997 4.98393 0.08194875
v 0.11742807 4.98393 0.04407999
v 0.30347422 4.939097 0.117436275
v 0.0058362843 4.939097 0.3123097
v 0.12945716 4.939097 0.2869186
v 0.12708457 4.98393 -6.200911E-07
v 0.23408215 4.939097 0.21832392
v 0.39945427 4.8560395 0.3759441
v 0.2194837 4.8560395 0.49406096
v 0.0066353255 4.8560395 0.5377833
v -0.2775955 4.7245736 0.65455323
v 0.28923562 4.7245736 0.6545533
v 0.0072544133 4.7245736 0.7124785
v 0.117428154 4.98393 -0.044081226
v 0.32857144 4.939097 -6.23605E-07
v -0.52037054 4.7245736 0.49806702
v -0.6793111 4.7245736 0.2679103
v -0.73594034 4.7245736 -5.4836903E-07
v -0.6793108 4.7245736 -0.2679114
v -0.51136774 4.8560395 -0.20222147
v -0.39154777 4.8560395 -0.3759453
v -0.22528099 4.939097 -0.21832512
v -0.11900911 4.939097 -0.28691977
v -0.04169832 4.98393 -0.107697345
v 0.005145063 4.98393 -0.11722805
v -0.6155347 4.5332956 0.58828217
v -0.80337477 4.5332956 0.31643704
v -0.87032974 4.5332956 -5.199745E-07
v -0.32873833 4.5332956 0.7731128
v 0.007711753 4.5332956 0.84153
v -0.36706185 4.2764535 0.8619545
v 0.34076303 4.5332956 0.7731128
v 0.6222351 4.5332956 0.5882821
v 0.37937465 4.2764535 0.8619545
v 0.008054453 4.2764535 0.9382339
v 0.52758324 4.7245736 0.49806705
v 0.6851061 4.7245736 0.26791027
v 0.5185033 4.8560395 0.20222029
v 0.5614466 4.8560395 -6.155869E-07
v 0.51850367 4.8560395 -0.20222151
v 0.74187654 4.7245736 -5.9526326E-07
v 0.30347443 4.939097 -0.11743753
v 0.091000095 4.98393 -0.08194998
v 0.05156504 4.98393 -0.10769736
v 0.12945752 4.939097 -0.2869198
v 0.23408252 4.939097 -0.21832515
v 0.3994549 4.8560395 -0.37594536
v 0.68510664 4.7245736 -0.26791143
v 0.0058366037 4.939097 -0.3123109
v 0.21948434 4.8560395 -0.49406216
v -0.20836365 4.8560395 -0.4940621
v 0.0066358824 4.8560395 -0.53778446
v 0.28923652 4.7245736 -0.65455437
v -0.2775948 4.7245736 -0.65455437
v 0.52758414 4.7245736 -0.49806818
v 0.0072551607 4.7245736 -0.71247965
v 0.34076405 4.5332956 -0.7737172
v 0.62223625 4.5332956 -0.58828324
v -0.52036995 4.7245736 -0.49806815
v -0.615534 4.5332956 -0.5882832
v -0.32873753 4.5332956 -0.77353644
v 0.007712633 4.5332956 -0.8455211
v 0.8081803 4.5332956 -0.31643817
v -0.8033745 4.5332956 -0.31643808
v -0.8963407 4.2764535 -0.35280123
v -0.3716685 4.2764535 -0.88047385
v 0.3846379 4.2764535 -0.88104177
v 0.8751644 4.5332956 -5.694013E-07
v -0.9710336 4.2764535 -4.802192E-07
v -0.6868445 4.2764535 -0.65681034
v -0.7165742 3.9834318 -0.68413943
v 0.008055431 4.2764535 -0.9619372
v -0.38622534 3.9834316 -0.9136593
v 0.008198339 3.9834316 -0.98818636
v 0.8081796 4.5332956 0.316437
v 0.90040374 4.2764535 0.35280022
v -0.3667019 3.6896992 -0.8611229
v 0.97504264 4.2764535 -5.459319E-07
v 0.69316196 4.2764535 0.6558842
v 0.72273153 3.9834318 0.68406767
v 0.90040445 4.2764535 -0.3528013
v 0.39547202 3.983432 0.8989929
v 0.693163 4.2764535 -0.6567685
v 0.3991456 3.9834316 -0.9141996
v 0.72273266 3.9834318 -0.6841252
v 0.9388531 3.9834318 -0.36796117
v 0.37901405 3.6896992 -0.8611229
v 1.0166821 3.9834318 -5.2506994E-07
v 0.93885237 3.9834318 0.36796016
v 0.8995397 3.6896994 0.35245955
v 0.9741068 3.6896994 -5.127897E-07
v 0.89954036 3.6896994 -0.3524605
v 0.00805221 3.6896992 -0.9373287
v 0.6924984 3.6896994 -0.6552517
v 0.3322025 3.4321005 -0.7534146
v 0.6056837 3.4293864 -0.5715223
v 0.7842278 3.417737 -0.3033337
v 0.847332 3.4126654 -4.8888614E-07
v 0.0076366165 3.4321005 -0.8200885
v -0.32023996 3.4321005 -0.7534146
v -0.59841484 3.4280558 -0.570654
v 0.26169062 3.2397873 -0.5893577
v -0.2502641 3.2379668 -0.587794
v -0.68617636 3.6896994 -0.6552517
v -0.8954696 3.6896994 -0.35246047
v 0.0070102424 3.2417958 -0.64339036
v -0.9350986 3.9834318 -0.36796108
v -1.0130174 3.9834318 -4.5579006E-07
v -0.93509907 3.9834318 0.36796016
v -0.97009 3.6896994 -4.6383278E-07
v -0.8963411 4.2764535 0.35280022
v -0.68684524 4.2764535 0.65588415
v -0.7165749 3.9834318 0.68406767
v -0.38303906 3.983432 0.89899284
v 0.008197316 3.983432 0.97854996
v -0.8954701 3.6896994 0.35245952
v -0.3667028 3.6896996 0.8611219
v 0.37901288 3.6896996 0.861122
v -0.6861771 3.6896994 0.65525067
v 0.008051238 3.6896996 0.9373278
v 0.6924973 3.6896994 0.65525085
v 0.60568273 3.4293864 0.5715214
v 0.33220154 3.432101 0.7534137
v 0.0076357718 3.432101 0.8200876
v -0.32024068 3.432101 0.7534136
v -0.59841543 3.4280558 0.570653
v 0.7842272 3.417737 0.30333275
v 0.6154299 3.211426 0.23125656
v 0.26168984 3.2397873 0.5893567
v -0.25026467 3.2379668 0.58779305
v -0.7669461 3.4171565 0.30312896
v 0.6655053 3.2082431 -4.5864584E-07
v 0.47623524 3.225622 0.43920094
v 0.3419683 3.0961757 0.31065747
v 0.007009584 3.2417958 0.6433895
v -0.81385756 3.4125483 -4.611116E-07
v 0.6154303 3.211426 -0.23125747
v 0.18845639 3.107545 0.41681483
v -0.76694584 3.4171565 -0.30312985
v -0.5915949 3.2082524 -0.23014207
v -0.62589854 3.2050464 -4.4447853E-07
v 0.47623593 3.2256217 -0.4392018
v -0.4681323 3.2218413 -0.43673143
v -0.33320433 3.0915895 -0.30803293
v -0.5915952 3.2082524 0.2301412
v -0.17759225 3.1048472 -0.41478634
v 0.0063259588 3.113493 -0.45857278
v 0.18845692 3.107545 -0.41681576
v 0.34196883 3.0961757 -0.31065834
v -0.46813273 3.221841 0.43673056
v -0.17759266 3.1048472 0.41478547
v -0.33320463 3.0915895 0.3080321
v 0.006325492 3.113493 0.45857194
v -0.122130886 3.0293229 -0.28775236
v 0.44251895 3.087054 -0.16429476
v -0.4312367 3.0827289 0.16296215
v -0.12213118 3.0293229 0.28775156
v 0.13249725 3.031859 0.2892853
v 0.47941473 3.0873842 -4.3314583E-07
v -0.46250498 3.0818644 -4.203507E-07
v 0.005793104 3.03609 0.3176707
v 0.44251868 3.087054 0.16429392
v 0.3102567 3.0208864 0.11568915
v 0.33599886 3.0215814 -4.152793E-07
v -0.4312366 3.0827289 -0.16296302
v -0.30082673 3.0167794 -0.11467348
v 0.2394512 3.02493 0.21693642
v 0.17576094 2.989644 0.16219704
v 0.31025693 3.0208864 -0.11568998
v -0.32616192 3.017003 -4.0477343E-07
v -0.23057972 3.0215344 -0.21537481
v -0.16675074 2.9870214 -0.16105872
v 0.097709976 2.9938684 0.21514457
v 0.0054682856 2.9963055 0.23538089
v -0.30082682 3.0167794 0.114672646
v -0.23057996 3.0215344 0.21537398
v -0.0876617 2.9916584 0.2141235
v -0.16675091 2.9870214 0.16116798
v -0.21803403 2.9842615 0.08608143
v 0.08482724 2.9750135 0.19652238
v -0.074893095 2.9729502 0.19570516
v -0.23639579 2.9847174 -3.951205E-07
v 0.0053487886 2.9767773 0.21439227
v -0.21803392 2.9842615 -0.086082235
v -0.1872635 2.9673214 -0.07894137
v -0.20305425 2.9678974 -3.9267056E-07
v -0.1872636 2.9673214 0.079078116
v -0.14305153 2.9693933 0.14795083
v -0.08207146 2.9572477 0.22064358
v -0.15629907 2.9532752 0.1692298
v -0.20461889 2.9512577 0.091232814
v -0.22190711 2.9520319 -2.0290086E-07
v 0.0054127416 2.961444 0.23983046
v -0.105139606 2.9226472 0.27322942
v 0.092070766 2.9593434 0.22157231
v 0.1654335 2.955632 0.17038111
v 0.11533248 2.9247732 0.27452978
v 0.0056139645 2.9274642 0.29297742
v 0.15215051 2.9717028 0.14884269
v 0.19691335 2.9699755 0.07970129
v 0.22755125 2.987391 0.08670796
v 0.2465436 2.988264 -4.0473674E-07
v 0.2275514 2.987391 -0.086707614
v 0.21322645 2.9707623 -3.9990493E-07
v 0.17576118 2.989644 -0.16203298
v 0.19691347 2.9699757 -0.07944767
v 0.23945154 3.02493 -0.21693727
v 0.1324976 3.031859 -0.28928608
v 0.09771025 2.9938684 -0.21500391
v 0.005793429 3.03609 -0.31767154
v -0.087661475 2.9916584 -0.21392496
v 0.0054685217 2.9963055 -0.23532595
v 0.08482746 2.9750135 -0.19586684
v -0.07489292 2.9729502 -0.19490822
v 0.15215069 2.9717028 -0.14814588
v -0.14305139 2.9693933 -0.1473277
v -0.15629894 2.9532752 -0.16764568
v 0.0053489883 2.9767773 -0.21387953
v -0.08207126 2.9572477 -0.21880357
v 0.0054129562 2.961444 -0.23848361
v 0.092071034 2.9593434 -0.21993919
v 0.16543372 2.955632 -0.1686339
v -0.20461883 2.9512577 -0.09060207
v -0.26356292 2.9239516 -0.115050286
v -0.105139375 2.9226472 -0.26802537
v 0.11533279 2.9247732 -0.26956895
v 0.21419132 2.9537992 -0.09118096
v -0.2859981 2.9262486 9.114757E-05
v -0.20170692 2.9206789 -0.21108057
v -0.2736494 2.826494 -0.25618288
v 0.0056142365 2.9274642 -0.2887583
v 0.2319684 2.9548244 4.9231097E-05
v -0.26356295 2.9239516 0.116827145
v -0.12668931 2.8044522 -0.3053919
v 0.21419115 2.9537992 0.09210318
v 0.2728166 2.9263763 0.1183807
v 0.2957889 2.9292145 0.00038812135
v -0.2017071 2.9206789 0.21535811
v -0.27364963 2.826494 0.2720488
v -0.1266896 2.8044522 0.3306721
v 0.2106853 2.9231172 0.21732977
v 0.28152102 2.8283787 0.2761451
v 0.27281675 2.9263763 -0.11580356
v -0.35260484 2.8921132 0.13718581
v 0.005775365 2.8063977 0.34919333
v 0.13699551 2.80591 0.3323404
v 0.21068563 2.9231172 -0.21248256
v 0.13699587 2.80591 -0.30716652
v 0.28152144 2.8283787 -0.25795186
v 0.13024753 2.5445814 0.3932592
v 0.005775672 2.8063977 -0.3252959
v 0.3606731 2.89425 -0.1356801
v 0.39067444 2.903637 0.00039483956
v 0.36067295 2.89425 0.13962379
v 0.0057554096 2.5439901 -0.3016119
v -0.11991008 2.5446324 -0.28140903
v -0.24246274 2.5467808 -0.25348014
v 0.13024783 2.5445817 -0.28194958
v -0.09351221 2.2102268 -0.22983818
v 0.005764614 2.2054548 -0.24777913
v 0.50835246 2.8887439 -3.7438392E-07
v 0.47223273 2.8755617 0.13421479
v 0.4722329 2.8755617 -0.13227412
v 0.4119587 2.7855425 -0.22811905
v 0.5563386 2.7734883 -0.20475401
v 0.25040722 2.5467336 -0.2521467
v 0.36617398 2.5443904 -0.23221047
v 0.6752696 2.8755913 -3.8411082E-07
v 0.6287777 2.8633163 0.11899466
v 0.62877786 2.8633163 -0.118995436
v 0.86543155 2.852704 -0.10690098
v 0.93138236 2.8630955 -4.2152192E-07
v 0.20770381 2.2141788 -0.20591526
v 0.3260136 2.2222288 -0.19315825
v 0.50821245 2.5481489 -0.21878116
v 0.49386504 2.2457006 -0.17154829
v 0.10403384 2.208588 -0.22991827
v 0.2961601 1.8074417 -0.24991506
v 0.7194186 2.5686367 -0.21267742
v 0.7697946 2.7690473 -0.18637556
v 1.1013901 2.7810142 -0.1905385
v 0.74564606 2.3741343 -0.18517286
v 0.0060609863 1.80581 -0.27455202
v 0.06845666 1.8047962 -0.26711422
v -0.057073265 1.8058426 -0.26684391
v 0.15688594 1.799422 -0.25758833
v 0.08355556 1.3499002 -0.26283237
v 0.006655221 1.4567624 -0.24632592
v 0.27925998 1.3666933 -0.29049265
v 0.445196 1.8183115 -0.21143138
v 0.02922981 1.4472505 -0.24565728
v 0.0110094575 1.3155624 -0.13987233
v -0.14750189 1.8014843 -0.25803763
v -0.01608268 1.4472516 -0.24582331
v -0.07070864 1.3499002 -0.26483062
v -0.28994942 1.8104763 -0.25172397
v -0.19934167 2.2161126 -0.20844463
v 0.0075204945 1.324595 -0.13978748
v -0.35978976 2.5445147 -0.23624234
v 0.0042630313 1.3155624 -0.14002587
v -0.31965384 2.2239692 -0.19926399
v -0.480917 2.2441375 -0.184656
v -0.4406722 1.8217894 -0.21449518
v 0.008014651 1.3099977 -0.07184265
v -0.46622983 1.3683668 -0.25456783
v -0.27261406 1.3666933 -0.29375327
v -0.5491774 1.822938 -0.11875695
v 0.00933727 1.3012272 -2.6253514E-07
v 0.006967429 1.3012272 -2.8153187E-07
v -0.0061580464 1.2334927 -0.14807303
v -0.023253534 1.0188935 -0.16882019
v 0.02369265 1.2334927 -0.14648347
v 0.00018279557 1.2222933 -2.5669078E-07
v -0.30402225 1.031666 -0.3373129
v -0.5338708 1.0319283 -0.293668
v -0.10180578 1.0285304 -0.2945149
v -0.12405652 0.71626866 -0.33491752
v -0.6921527 1.0319284 -0.16858725
v -0.612019 0.7162688 -0.33491746
v -0.35044658 0.7162689 -0.3845349
v -0.59919024 1.3691746 -0.14599575
v 0.004263061 1.3155624 0.1400253
v 0.008014668 1.3099977 0.07184209
v 0.011009488 1.3155624 0.13987179
v 0.0075205215 1.324595 0.1397869
v 0.01878267 1.2222933 -2.2438903E-07
v -0.7928885 0.7162689 -0.19226748
v -0.7494385 1.0319284 -1.4856312E-07
v -0.5924988 1.8227396 0.008526347
v -0.6481509 1.3694527 -2.0398144E-07
v -0.69215286 1.0319283 0.16858694
v -0.8584447 0.7162688 -8.869121E-08
v -0.5923265 2.1585436 -0.09531659
v -0.7609985 2.283817 -0.119136855
v -0.64219016 2.1501324 0.021428052
v -0.54917747 1.822938 0.14476866
v -0.59919035 1.3691746 0.14599536
v -0.46622995 1.3683668 0.2545674
v -0.59232676 2.1585436 0.15610395
v -0.8366787 2.2750614 3.4937548E-05
v -0.44067234 1.8217894 0.26270857
v -0.76099867 2.283817 0.12789823
v -0.48091716 2.2441373 0.2861044
v -1.1874413 2.2881792 -2.3425105E-07
v -1.1049545 2.2989702 0.14256261
v -0.27261412 1.3666933 0.29375276
v -0.2899495 1.8104763 0.3245502
v -0.53387094 1.0319283 0.29366767
v -0.6120191 0.7162688 0.33491725
v -0.30402228 1.0316662 0.33731252
v -0.7928887 0.716269 0.19226728
v -0.82958287 0.37422794 0.20531718
v -0.89769316 0.37306005 -2.8305365E-08
v -0.8295828 0.37422788 -0.20531727
v -0.6433771 0.3800672 -0.35375828
v -0.3723074 0.37539572 -0.4054529
v -0.608232 0.16853042 -0.32757726
v -0.7269373 0.10852372 -0.20761146
v -0.7831644 0.10001469 9.592775E-09
v -0.44046292 0.0152601 -0.21195768
v -0.3942763 0.11703238 -0.35828277
v -0.4703675 0.003914848 -7.156828E-09
v -0.44046295 0.01526016 0.21195768
v -0.15580493 0.10852373 -0.20761155
v -0.20034346 0.16853042 -0.32757732
v -0.04573017 0.37422788 -0.20531735
v -0.15757063 0.10001469 -5.5425627E-08
v -0.1372812 0.3800672 -0.35375834
v -0.72693735 0.108523786 0.20761147
v -0.6082322 0.16853052 0.32757726
v -0.035540506 0.7162689 -0.19226754
v -0.027155643 0.7162688 -1.6663618E-07
v -0.037528396 0.37306005 -1.1000616E-07
v -0.015457205 1.017331 -2.166567E-07
v -0.6433772 0.38006732 0.35375816
v -0.37230745 0.37539583 0.4054528
v -0.15580492 0.108523786 0.20761141
v -0.035540454 0.716269 0.19226721
v -0.0061580087 1.2334927 0.14807251
v -0.39427635 0.1170325 0.3582827
v -0.20034344 0.16853052 0.3275772
v -0.04573012 0.37422794 0.20531712
v -0.35044667 0.716269 0.38453463
v -0.13728113 0.38006732 0.35375807
v -0.12405649 0.7162689 0.3349172
v -0.023253487 1.0188936 0.16881976
v -0.10180573 1.0285305 0.2945145
v -0.070708625 1.3499002 0.26483005
v -0.016082663 1.4472514 0.24699299
v -0.14750195 1.8014843 0.34262002
v 0.006655232 1.4567624 0.24811552
v -0.057073325 1.8058426 0.3539879
v 0.029229825 1.4472505 0.24682377
v 0.08355559 1.3499001 0.2628319
v 0.023692686 1.2334927 0.146483
v 0.04635968 1.0188935 0.16365317
v 0.006060921 1.80581 0.36085057
v -0.09351237 2.2102268 0.4256205
v -0.19934182 2.2161126 0.39868745
v 0.068456575 1.804796 0.35446548
v 0.0405608 1.017331 -1.773465E-07
v -0.31965396 2.2239692 0.3602348
v 0.00576445 2.2054548 0.4381487
v 0.046359636 1.0188936 -0.16365354
v 0.11851282 1.0285304 -0.2855728
v -0.35978997 2.5445147 0.31730905
v -0.4862964 2.5484843 0.2785494
v -0.5303281 2.7773902 0.21597186
v -0.24246292 2.5467808 0.35535797
v -0.6730025 2.3623974 0.23070614
v -0.6463429 2.5670311 0.24929306
v -0.976781 2.381703 0.23978421
v -0.119910315 2.5446324 0.3915136
v 0.0057551516 2.5439901 0.40731826
v 0.104033664 2.208588 0.42690548
v -0.4048249 2.784678 0.24113914
v -0.45526168 2.87467 0.13271177
v 0.20770359 2.2141788 0.40583792
v 0.2504069 2.5467336 0.36257645
v 0.15688585 1.799422 0.34328973
v 0.41195828 2.7855425 0.24630465
v 0.32601333 2.2222288 0.3734412
v 0.5563383 2.7734883 0.21237946
v 0.36617368 2.5443904 0.32758525
v 0.49386492 2.2457006 0.2958477
v 0.5082122 2.5481489 0.27927348
v 0.8654312 2.852704 0.10690013
v 0.7697942 2.7690473 0.18637478
v 0.71941835 2.5686367 0.22373803
v 1.1013896 2.7810142 0.19053759
v 1.216229 2.8605561 0.10809574
v 1.288725 2.8721006 -4.6944558E-07
v 1.2162291 2.8605561 -0.10809666
v 1.6463033 2.8747656 -0.12521125
v 1.7104516 2.883708 -5.2601774E-07
v 1.6463032 2.8747659 0.12521024
v 1.0510947 2.5908659 0.22894655
v 1.0859091 2.4027991 0.20450628
v 1.5310551 2.7945914 0.22073235
v 1.4795237 2.6007009 0.2674658
v 1.8026825 2.7546105 0.22295566
v 1.9469129 2.8050027 0.14289172
v 2.0020585 2.81219 -5.686924E-07
v 0.74564594 2.3741343 0.20712057
v 0.84044236 2.2996612 0.11303128
v 1.9956928 2.6010537 0.15969461
v 1.8163408 2.6010537 0.25877824
v 2.0453932 2.6010537 -5.729576E-07
v 1.995693 2.6010537 -0.15969573
v 1.8522211 2.397105 0.1593451
v 1.74349 2.4474971 0.24066085
v 1.5898718 2.326644 0.1462506
v 1.9013332 2.3899174 -5.4439727E-07
v 1.4921001 2.4067466 0.24500348
v 1.216997 2.3270128 0.12222635
v 1.3020203 2.317201 -4.5378795E-07
v 1.652863 2.317702 -5.0417344E-07
v 1.9469131 2.8050022 -0.14289284
v 1.802683 2.75461 -0.22295678
v 1.8522215 2.3971047 -0.15934616
v 1.5310555 2.7945912 -0.22073337
v 1.4795239 2.6007004 -0.2674668
v 1.8163412 2.6010537 -0.25877935
v 1.7434903 2.447497 -0.24066186
v 1.5898721 2.326644 -0.14625159
v 1.2169973 2.3270128 -0.12222722
v 1.0510951 2.5908659 -0.22894742
v 1.4921004 2.4067466 -0.24500445
v 1.0859096 2.4027991 -0.20450713
v 0.8404427 2.2996612 -0.10711357
v 0.9122113 2.2911727 -3.9555175E-07
v 0.6140004 2.1624784 -0.08346013
v 0.66251916 2.154309 0.030502576
v 0.55341 1.8197753 -0.114032224
v 0.61400026 2.1624784 0.16312385
v 0.59685034 1.8196577 0.015242274
v 0.4674531 1.3682772 -0.25168505
v 0.55340993 1.8197753 0.15391374
v 0.5981437 1.3688651 -0.14438158
v 0.6835726 1.0319283 -0.16340715
v 0.3102617 1.031666 -0.3269661
v 0.64670086 1.3691393 -2.7692863E-07
v 0.5981437 1.3688651 0.14438108
v 0.44519582 1.8183115 0.27232292
v 0.46745306 1.3682772 0.25168458
v 0.29615995 1.8074417 0.33039367
v 0.27925998 1.3666933 0.29049218
v 0.7397542 1.0319284 -2.4370829E-07
v 0.68357265 1.0319284 0.16340666
v 0.5302015 1.0319284 0.28464407
v 0.3102618 1.0316662 0.32696575
v 0.604902 0.7162689 0.32210955
v 0.7793723 0.716269 0.18491463
v 0.8433954 0.7162688 -2.0972803E-07
v 0.11851289 1.0285305 0.28557244
v 0.14247164 0.7162688 0.32210958
v 0.35584864 0.716269 0.3698295
v 0.8200206 0.37422794 0.20010754
v 0.63858783 0.38006732 0.34455848
v 0.37737295 0.37539583 0.39503366
v 0.8870285 0.37306005 -1.62309E-07
v 0.8200206 0.37422788 -0.20010784
v 0.6075953 0.16853052 0.32302848
v 0.7255316 0.10852379 0.20572111
v 0.78156537 0.100014694 -1.0622365E-07
v 0.77937233 0.7162689 -0.18491504
v 0.6049019 0.71626866 -0.32210988
v 0.53020144 1.0319282 -0.28464454
v 0.44631988 0.01526016 0.21130595
v 0.39955088 0.1170325 0.3545453
v 0.47660148 0.003914848 -5.7078594E-08
v 0.44631982 0.0152601 -0.21130605
v 0.16894743 0.108523786 0.20572118
v 0.21178184 0.16853052 0.32302848
v 0.06708969 0.37422794 0.20010763
v 0.17163755 0.10001469 -3.945274E-08
v 0.15266107 0.38006732 0.34455845
v 0.7255314 0.10852373 -0.20572132
v 0.6075952 0.16853042 -0.32302865
v 0.06165172 0.716269 0.1849147
v 0.055602737 0.7162688 -1.2990895E-07
v 0.060753956 0.37306005 -7.172431E-08
v 0.061651684 0.7162689 -0.18491496
v 0.16894737 0.10852373 -0.20572123
v 0.14247157 0.7162688 -0.32210988
v 0.06708965 0.37422788 -0.20010775
v 0.21178176 0.16853042 -0.3230286
v 0.35584858 0.7162689 -0.36982983
v 0.15266101 0.3800672 -0.34455866
v 0.37737286 0.37539572 -0.39503384
v 0.39955077 0.11703238 -0.3545454
v 0.6385877 0.3800672 -0.34455872
v -0.3809966 2.9006875 1.8859919E-05
v -0.35260478 2.8921132 -0.1348155
v -0.4830221 2.8868177 -3.8422823E-07
v -0.45526165 2.8746703 -0.13201971
v -0.5773872 2.8686965 0.12279685
v -0.7527467 2.8687458 0.118840314
v -0.60776335 2.8803287 -3.7981025E-07
v -0.40482473 2.784678 -0.22752948
v -0.57738715 2.8686965 -0.12279762
v -0.48629627 2.5484843 -0.23022297
v -0.6923283 2.7801664 0.20749353
v -0.98458767 2.8005435 0.22563073
v -0.7992401 2.8796568 -3.589131E-07
v -0.530328 2.7773902 -0.21139917
v -0.7527466 2.8687458 -0.11884103
v -0.6923282 2.7801664 -0.20749426
v -0.6463427 2.5670311 -0.23638766
v -0.98458755 2.8005435 -0.22563142
v -1.0954113 2.8893926 -0.12802796
v -1.1660033 2.9018717 -3.0648692E-07
v -1.0954114 2.8893926 0.1280273
v -1.5677495 2.908736 0.14652036
v -1.6331644 2.9187737 -2.3111095E-07
v -0.6730024 2.3623974 -0.20591004
v -0.97678095 2.381703 -0.23978476
v -0.9361233 2.587552 -0.26759854
v -1.5677495 2.908736 -0.14652084
v -1.4538151 2.8187864 -0.25881428
v -1.4115123 2.600705 -0.3133691
v -1.764919 2.7730298 -0.25441268
v -1.9229051 2.8288639 -0.16139339
v -1.9842393 2.8368204 -1.6227742E-07
v -1.1049545 2.2989702 -0.14256309
v -1.5410223 2.2926738 -0.17125493
v -1.434216 2.3826456 -0.28730372
v -1.7233572 2.4290776 -0.27486023
v -1.7953123 2.6010537 -0.2932346
v -2.0030217 2.6010537 -0.17825356
v -1.8530321 2.3732436 -0.18013147
v -2.0616934 2.6010537 -1.2246589E-07
v -2.0030217 2.6010537 0.17825326
v -1.9098619 2.365287 -1.2468792E-07
v -1.6072831 2.282636 -1.6967621E-07
v -1.8530321 2.3732436 0.1801312
v -1.5410225 2.2926738 0.17125458
v -1.7233572 2.4290774 0.2748599
v -1.4342163 2.3826456 0.2873033
v -0.93612367 2.587552 0.26759794
v -1.4115126 2.600705 0.31336862
v -1.7953123 2.6010537 0.29323423
v -1.4538155 2.8187864 0.25881374
v -1.764919 2.7730298 0.25441235
v -1.9229051 2.8288636 0.16139303
vt 0.53284854 0.033816308
vt 0.53284854 0.033816308
vt 0.53284854 0.033816308
vt 0.53284854 0.033816308
vt 0.53284854 0.033816308
vt 0.53284854 0.033816308
vt 0.53284854 0.033816308
vt 0.53284854 0.033816308
vt 0.53284854 0.033816308
vt 0.53284854 0.033816308
vt 0.53284854 0.033816308
vt 0.53284854 0.033816308
vt 0.53284854 0.033816308
vt 0.53284854 0.033816308
vt 0.53284854 0.033816308
vt 0.53284854 0.033816308
vt 0.53284854 0.033816308
vt 0.53284854 0.033816308
vt 0.53284854 0.033816308
vt 0.90438485 0.028744161
vt 0.90438485 0.028744161
vt 0.90438485 0.028744161
vt 0.90438485 0.028744161
vt 0.90438485 0.028744161
vt 0.90438485 0.028744161
vt 0.90438485 0.028744161
vt 0.90438485 0.028744161
vt 0.90438485 0.028744161
vt 0.90438485 0.028744161
vt 0.90438485 0.028744161
vt 0.90438485 0.028744161
vt 0.90438485 0.028744161
vt 0.90438485 0.028744161
vt 0.90438485 0.028744161
vt 0.90438485 0.028744161
vt 0.90438485 0.028744161
vt 0.90438485 0.028744161
vt 0.90438485 0.028744161
vt 0.90438485 0.028744161
vt 0.90438485 0.028744161
vt 0.90438485 0.028744161
vt 0.90438485 0.028744161
vt 0.90438485 0.028744161
vt 0.90438485 0.028744161
vt 0.90438485 0.028744161
vt 0.90438485 0.028744161
vt 0.90438485 0.028744161
vt 0.90438485 0.028744161
vt 0.90438485 0.028744161
vt 0.90438485 0.028744161
vt 0.90438485 0.028744161
vt 0.90438485 0.028744161
vt 0.90438485 0.028744161
vt 0.90438485 0.028744161
vt 0.90438485 0.028744161
vt 0.90438485 0.028744161
vt 0.90438485 0.028744161
vt 0.90438485 0.028744161
vt 0.90438485 0.028744161
vt 0.90438485 0.028744161
vt 0.90438485 0.028744161
vt 0.90438485 0.028744161
vt 0.90438485 0.028744161
vt 0.90438485 0.028744161
vt 0.90438485 0.028744161
vt 0.90438485 0.028744161
vt 0.90438485 0.028744161
vt 0.90438485 0.028744161
vt 0.90438485 0.028744161
vt 0.90438485 0.028744161
vt 0.90438485 0.028744161
vt 0.90438485 0.028744161
vt 0.90438485 0.028744161
vt 0.90438485 0.028744161
vt 0.90438485 0.028744161
vt 0.90438485 0.028744161
vt 0.90438485 0.028744161
vt 0.90438485 0.028744161
vt 0.90438485 0.028744161
vt 0.90438485 0.028744161
vt 0.90438485 0.028744161
vt 0.90438485 0.028744161
vt 0.90438485 0.028744161
vt 0.90438485 0.028744161
vt 0.90438485 0.028744161
vt 0.84441257 0.026365131
vt 0.84441257 0.026365131
vt 0.84441257 0.026365131
vt 0.84441257 0.026365131
vt 0.90438485 0.028744161
vt 0.90438485 0.028744161
vt 0.90438485 0.028744161
vt 0.90438485 0.028744161
vt 0.90438485 0.028744161
vt 0.90438485 0.028744161
vt 0.90438485 0.028744161
vt 0.90438485 0.028744161
vt 0.90438485 0.028744161
vt 0.90438485 0.028744161
vt 0.90438485 0.028744161
vt 0.90438485 0.028744161
vt 0.90438485 0.028744161
vt 0.90438485 0.028744161
vt 0.90438485 0.028744161
vt 0.90438485 0.028744161
vt 0.90438485 0.028744161
vt 0.90438485 0.028744161
vt 0.90438485 0.028744161
vt 0.90438485 0.028744161
vt 0.90438485 0.028744161
vt 0.90438485 0.028744161
vt 0.90438485 0.028744161
vt 0.90438485 0.028744161
vt 0.90438485 0.028744161
vt 0.90438485 0.028744161
vt 0.90438485 0.028744161
vt 0.90438485 0.028744161
vt 0.90438485 0.028744161
vt 0.90438485 0.028744161
vt 0.90438485 0.028744161
vt 0.90438485 0.028744161
vt 0.90438485 0.028744161
vt 0.90438485 0.028744161
vt 0.90438485 0.028744161
vt 0.90438485 0.028744161
vt 0.90438485 0.028744161
vt 0.90438485 0.028744161
vt 0.90438485 0.028744161
vt 0.90438485 0.028744161
vt 0.90438485 0.028744161
vt 0.90438485 0.028744161
vt 0.90438485 0.028744161
vt 0.90438485 0.028744161
vt 0.90438485 0.028744161
vt 0.90438485 0.028744161
vt 0.90438485 0.028744161
vt 0.90438485 0.028744161
vt 0.90438485 0.028744161
vt 0.90438485 0.028744161
vt 0.90438485 0.028744161
vt 0.90438485 0.028744161
vt 0.90438485 0.028744161
vt 0.90438485 0.028744161
vt 0.90438485 0.028744161
vt 0.90438485 0.028744161
vt 0.90438485 0.028744161
vt 0.90438485 0.028744161
vt 0.90438485 0.028744161
vt 0.90438485 0.028744161
vt 0.90438485 0.028744161
vt 0.90438485 0.028744161
vt 0.90438485 0.028744161
vt 0.90438485 0.028744161
vt 0.90438485 0.028744161
vt 0.90438485 0.028744161
vt 0.90438485 0.028744161
vt 0.90438485 0.028744161
vt 0.90438485 0.028744161
vt 0.90438485 0.028744161
vt 0.90438485 0.028744161
vt 0.90438485 0.028744161
vt 0.90438485 0.028744161
vt 0.90438485 0.028744161
vt 0.90438485 0.028744161
vt 0.90438485 0.028744161
vt 0.90438485 0.028744161
vt 0.90438485 0.028744161
vt 0.90438485 0.028744161
vt 0.90438485 0.028744161
vt 0.90438485 0.028744161
vt 0.90438485 0.028744161
vt 0.90438485 0.028744161
vt 0.90438485 0.028744161
vt 0.90438485 0.028744161
vt 0.90438485 0.028744161
vt 0.90438485 0.028744161
vt 0.90438485 0.028744161
vt 0.90438485 0.028744161
vt 0.90438485 0.028744161
vt 0.90438485 0.028744161
vt 0.90438485 0.028744161
vt 0.90438485 0.028744161
vt 0.90438485 0.028744161
vt 0.90438485 0.028744161
vt 0.90438485 0.028744161
vt 0.90438485 0.028744161
vt 0.90438485 0.028744161
vt 0.90438485 0.028744161
vt 0.90438485 0.028744161
vt 0.90438485 0.028744161
vt 0.90438485 0.028744161
vt 0.90438485 0.028744161
vt 0.90438485 0.028744161
vt 0.90438485 0.028744161
vt 0.90438485 0.028744161
vt 0.90438485 0.028744161
vt 0.90438485 0.028744161
vt 0.90438485 0.028744161
vt 0.90438485 0.028744161
vt 0.90438485 0.028744161
vt 0.90438485 0.028744161
vt 0.90438485 0.028744161
vt 0.90438485 0.028744161
vt 0.90438485 0.028744161
vt 0.90438485 0.028744161
vt 0.90438485 0.028744161
vt 0.90438485 0.028744161
vt 0.90438485 0.028744161
vt 0.90438485 0.028744161
vt 0.90438485 0.028744161
vt 0.90438485 0.028744161
vt 0.90438485 0.028744161
vt 0.90438485 0.028744161
vt 0.90438485 0.028744161
vt 0.90438485 0.028744161
vt 0.90438485 0.028744161
vt 0.90438485 0.028744161
vt 0.90438485 0.028744161
vt 0.90438485 0.028744161
vt 0.90438485 0.028744161
vt 0.90438485 0.028744161
vt 0.90438485 0.028744161
vt 0.90438485 0.028744161
vt 0.90438485 0.028744161
vt 0.90438485 0.028744161
vt 0.90438485 0.028744161
vt 0.90438485 0.028744161
vt 0.90438485 0.028744161
vt 0.90438485 0.028744161
vt 0.90438485 0.028744161
vt 0.90438485 0.028744161
vt 0.90438485 0.028744161
vt 0.90438485 0.028744161
vt 0.90438485 0.028744161
vt 0.90438485 0.028744161
vt 0.90438485 0.028744161
vt 0.90438485 0.028744161
vt 0.90438485 0.028744161
vt 0.90438485 0.028744161
vt 0.90438485 0.028744161
vt 0.90438485 0.028744161
vt 0.90438485 0.028744161
vt 0.90438485 0.028744161
vt 0.90438485 0.028744161
vt 0.90438485 0.028744161
vt 0.90438485 0.028744161
vt 0.90438485 0.028744161
vt 0.90438485 0.028744161
vt 0.90438485 0.028744161
vt 0.90438485 0.028744161
vt 0.90438485 0.028744161
vt 0.90438485 0.028744161
vt 0.90438485 0.028744161
vt 0.90438485 0.028744161
vt 0.90438485 0.028744161
vt 0.90438485 0.028744161
vt 0.90438485 0.028744161
vt 0.90438485 0.028744161
vt 0.90438485 0.028744161
vt 0.90438485 0.028744161
vt 0.90438485 0.028744161
vt 0.90438485 0.028744161
vt 0.90438485 0.028744161
vt 0.90438485 0.028744161
vt 0.90438485 0.028744161
vt 0.90438485 0.028744161
vt 0.90438485 0.028744161
vt 0.90438485 0.028744161
vt 0.90438485 0.028744161
vt 0.90438485 0.028744161
vt 0.90438485 0.028744161
vt 0.90438485 0.028744161
vt 0.90438485 0.028744161
vt 0.90438485 0.028744161
vt 0.90438485 0.028744161
vt 0.90438485 0.028744161
vt 0.90438485 0.028744161
vt 0.90438485 0.028744161
vt 0.90438485 0.028744161
vt 0.90438485 0.028744161
vt 0.90438485 0.028744161
vt 0.90438485 0.028744161
vt 0.90438485 0.028744161
vt 0.90438485 0.028744161
vt 0.90438485 0.028744161
vt 0.90438485 0.028744161
vt 0.90438485 0.028744161
vt 0.90438485 0.028744161
vt 0.90438485 0.028744161
vt 0.90438485 0.028744161
vt 0.90438485 0.028744161
vt 0.90438485 0.028744161
vt 0.90438485 0.028744161
vt 0.90438485 0.028744161
vt 0.90438485 0.028744161
vt 0.90438485 0.028744161
vt 0.90438485 0.028744161
vt 0.90438485 0.028744161
vt 0.90438485 0.028744161
vt 0.90438485 0.028744161
vt 0.90438485 0.028744161
vt 0.90438485 0.028744161
vt 0.90438485 0.028744161
vt 0.90438485 0.028744161
vt 0.90438485 0.028744161
vt 0.90438485 0.028744161
vt 0.90438485 0.028744161
vt 0.90438485 0.028744161
vt 0.90438485 0.028744161
vt 0.90438485 0.028744161
vt 0.90438485 0.028744161
vt 0.90438485 0.028744161
vt 0.90438485 0.028744161
vt 0.90438485 0.028744161
vt 0.90438485 0.028744161
vt 0.90438485 0.028744161
vt 0.90438485 0.028744161
vt 0.90438485 0.028744161
vt 0.90438485 0.028744161
vt 0.90438485 0.028744161
vt 0.90438485 0.028744161
vt 0.90438485 0.028744161
vt 0.90438485 0.028744161
vt 0.90438485 0.028744161
vt 0.90438485 0.028744161
vt 0.90438485 0.028744161
vt 0.90438485 0.028744161
vt 0.90438485 0.028744161
vt 0.90438485 0.028744161
vt 0.90438485 0.028744161
vt 0.90438485 0.028744161
vt 0.90438485 0.028744161
vt 0.90438485 0.028744161
vt 0.90438485 0.028744161
vt 0.90438485 0.028744161
vt 0.90438485 0.028744161
vt 0.90438485 0.028744161
vt 0.90438485 0.028744161
vt 0.90438485 0.028744161
vt 0.90438485 0.028744161
vt 0.90438485 0.028744161
vt 0.90438485 0.028744161
vt 0.90438485 0.028744161
vt 0.90438485 0.028744161
vt 0.90438485 0.028744161
vt 0.90438485 0.028744161
vt 0.90438485 0.028744161
vt 0.90438485 0.028744161
vt 0.90438485 0.028744161
vt 0.90438485 0.028744161
vt 0.90438485 0.028744161
vt 0.90438485 0.028744161
vt 0.90438485 0.028744161
vt 0.90438485 0.028744161
vt 0.90438485 0.028744161
vt 0.90438485 0.028744161
vt 0.90438485 0.028744161
vt 0.90438485 0.028744161
vt 0.90438485 0.028744161
vt 0.90438485 0.028744161
vt 0.90438485 0.028744161
vt 0.90438485 0.028744161
vt 0.90438485 0.028744161
vt 0.90438485 0.028744161
vt 0.90438485 0.028744161
vt 0.90438485 0.028744161
vt 0.90438485 0.028744161
vt 0.90438485 0.028744161
vt 0.90438485 0.028744161
vt 0.90438485 0.028744161
vt 0.90438485 0.028744161
vt 0.90438485 0.028744161
vt 0.90438485 0.028744161
vt 0.90438485 0.028744161
vt 0.90438485 0.028744161
vt 0.90438485 0.028744161
vt 0.90438485 0.028744161
vt 0.90438485 0.028744161
vt 0.90438485 0.028744161
vt 0.90438485 0.028744161
vt 0.90438485 0.028744161
vt 0.90438485 0.028744161
vt 0.90438485 0.028744161
vt 0.90438485 0.028744161
vt 0.90438485 0.028744161
vt 0.90438485 0.028744161
vt 0.90438485 0.028744161
vt 0.90438485 0.028744161
vt 0.90438485 0.028744161
vt 0.90438485 0.028744161
vt 0.90438485 0.028744161
vt 0.90438485 0.028744161
vt 0.90438485 0.028744161
vt 0.90438485 0.028744161
vt 0.90438485 0.028744161
vt 0.90438485 0.028744161
vt 0.90438485 0.028744161
vt 0.90438485 0.028744161
vt 0.90438485 0.028744161
vt 0.84441257 0.026365131
vt 0.84441257 0.026365131
vt 0.84441257 0.026365131
vt 0.84441257 0.026365131
vt 0.84441257 0.026365131
vt 0.84441257 0.026365131
vt 0.84441257 0.026365131
vt 0.84441257 0.026365131
vt 0.84441257 0.026365131
vt 0.84441257 0.026365131
vt 0.84441257 0.026365131
vt 0.84441257 0.026365131
vt 0.84441257 0.026365131
vt 0.84441257 0.026365131
vt 0.84441257 0.026365131
vt 0.84441257 0.026365131
vt 0.84441257 0.026365131
vt 0.84441257 0.026365131
vt 0.84441257 0.026365131
vt 0.84441257 0.026365131
vt 0.84441257 0.026365131
vt 0.84441257 0.026365131
vt 0.84441257 0.026365131
vt 0.84441257 0.026365131
vt 0.84441257 0.026365131
vt 0.84441257 0.026365131
vt 0.84441257 0.026365131
vt 0.84441257 0.026365131
vt 0.84441257 0.026365131
vt 0.84441257 0.026365131
vt 0.84441257 0.026365131
vt 0.84441257 0.026365131
vt 0.84441257 0.026365131
vt 0.84441257 0.026365131
vt 0.84441257 0.026365131
vt 0.84441257 0.026365131
vt 0.84441257 0.026365131
vt 0.84441257 0.026365131
vt 0.84441257 0.026365131
vt 0.84441257 0.026365131
vt 0.84441257 0.026365131
vt 0.84441257 0.026365131
vt 0.84441257 0.026365131
vt 0.84441257 0.026365131
vt 0.84441257 0.026365131
vt 0.84441257 0.026365131
vt 0.84441257 0.026365131
vt 0.84441257 0.026365131
vt 0.84441257 0.026365131
vt 0.84441257 0.026365131
vt 0.84441257 0.026365131
vt 0.84441257 0.026365131
vt 0.84441257 0.026365131
vt 0.84441257 0.026365131
vt 0.84441257 0.026365131
vt 0.84441257 0.026365131
vt 0.84441257 0.026365131
vt 0.84441257 0.026365131
vt 0.84441257 0.026365131
vt 0.84441257 0.026365131
vt 0.84441257 0.026365131
vt 0.84441257 0.026365131
vt 0.84441257 0.026365131
vt 0.84441257 0.026365131
vt 0.84441257 0.026365131
vt 0.84441257 0.026365131
vt 0.84441257 0.026365131
vt 0.84441257 0.026365131
vt 0.84441257 0.026365131
vt 0.84441257 0.026365131
vt 0.84441257 0.026365131
vt 0.84441257 0.026365131
vt 0.84441257 0.026365131
vt 0.84441257 0.026365131
vt 0.84441257 0.026365131
vt 0.84441257 0.026365131
vt 0.84441257 0.026365131
vt 0.84441257 0.026365131
vt 0.84441257 0.026365131
vt 0.84441257 0.026365131
vt 0.84441257 0.026365131
vt 0.84441257 0.026365131
vt 0.84441257 0.026365131
vt 0.84441257 0.026365131
vt 0.84441257 0.026365131
vt 0.84441257 0.026365131
vt 0.84441257 0.026365131
vt 0.84441257 0.026365131
vt 0.84441257 0.026365131
vt 0.84441257 0.026365131
vt 0.84441257 0.026365131
vt 0.84441257 0.026365131
vt 0.84441257 0.026365131
vt 0.84441257 0.026365131
vt 0.84441257 0.026365131
vt 0.84441257 0.026365131
vt 0.84441257 0.026365131
vt 0.84441257 0.026365131
vt 0.84441257 0.026365131
vt 0.84441257 0.026365131
vt 0.84441257 0.026365131
vt 0.84441257 0.026365131
vt 0.84441257 0.026365131
vt 0.84441257 0.026365131
vt 0.84441257 0.026365131
vt 0.84441257 0.026365131
vt 0.84441257 0.026365131
vt 0.84441257 0.026365131
vt 0.84441257 0.026365131
vt 0.84441257 0.026365131
vt 0.84441257 0.026365131
vt 0.84441257 0.026365131
vt 0.84441257 0.026365131
vt 0.84441257 0.026365131
vt 0.84441257 0.026365131
vt 0.84441257 0.026365131
vt 0.84441257 0.026365131
vt 0.84441257 0.026365131
vt 0.84441257 0.026365131
vt 0.84441257 0.026365131
vt 0.84441257 0.026365131
vt 0.84441257 0.026365131
vt 0.84441257 0.026365131
vt 0.84441257 0.026365131
vt 0.84441257 0.026365131
vt 0.84441257 0.026365131
vt 0.84441257 0.026365131
vt 0.84441257 0.026365131
vt 0.84441257 0.026365131
vt 0.84441257 0.026365131
vt 0.84441257 0.026365131
vt 0.84441257 0.026365131
vt 0.84441257 0.026365131
vt 0.84441257 0.026365131
vt 0.84441257 0.026365131
vt 0.84441257 0.026365131
vt 0.84441257 0.026365131
vt 0.84441257 0.026365131
vt 0.84441257 0.026365131
vt 0.84441257 0.026365131
vt 0.84441257 0.026365131
vt 0.84441257 0.026365131
vt 0.84441257 0.026365131
vt 0.84441257 0.026365131
vt 0.84441257 0.026365131
vt 0.84441257 0.026365131
vt 0.84441257 0.026365131
vt 0.84441257 0.026365131
vt 0.84441257 0.026365131
vt 0.84441257 0.026365131
vt 0.84441257 0.026365131
vt 0.84441257 0.026365131
vt 0.84441257 0.026365131
vt 0.84441257 0.026365131
vt 0.84441257 0.026365131
vt 0.84441257 0.026365131
vt 0.84441257 0.026365131
vt 0.84441257 0.026365131
vt 0.84441257 0.026365131
vt 0.84441257 0.026365131
vt 0.84441257 0.026365131
vt 0.84441257 0.026365131
vt 0.84441257 0.026365131
vt 0.84441257 0.026365131
vt 0.84441257 0.026365131
vt 0.84441257 0.026365131
vt 0.84441257 0.026365131
vt 0.84441257 0.026365131
vt 0.84441257 0.026365131
vt 0.84441257 0.026365131
vt 0.84441257 0.026365131
vt 0.84441257 0.026365131
vt 0.84441257 0.026365131
vt 0.84441257 0.026365131
vt 0.84441257 0.026365131
vt 0.84441257 0.026365131
vt 0.84441257 0.026365131
vt 0.84441257 0.026365131
vt 0.84441257 0.026365131
vt 0.84441257 0.026365131
vt 0.84441257 0.026365131
vt 0.84441257 0.026365131
vt 0.84441257 0.026365131
vt 0.84441257 0.026365131
vt 0.84441257 0.026365131
vt 0.84441257 0.026365131
vt 0.84441257 0.026365131
vt 0.84441257 0.026365131
vt 0.84441257 0.026365131
vt 0.84441257 0.026365131
vt 0.84441257 0.026365131
vt 0.84441257 0.026365131
vt 0.84441257 0.026365131
vt 0.84441257 0.026365131
vt 0.84441257 0.026365131
vt 0.84441257 0.026365131
vt 0.84441257 0.026365131
vt 0.84441257 0.026365131
vt 0.84441257 0.026365131
vt 0.84441257 0.026365131
vt 0.84441257 0.026365131
vt 0.84441257 0.026365131
vt 0.84441257 0.026365131
vt 0.84441257 0.026365131
vt 0.84441257 0.026365131
vt 0.84441257 0.026365131
vt 0.84441257 0.026365131
vt 0.84441257 0.026365131
vt 0.84441257 0.026365131
vt 0.84441257 0.026365131
vt 0.84441257 0.026365131
vt 0.84441257 0.026365131
vt 0.84441257 0.026365131
vt 0.84441257 0.026365131
vt 0.84441257 0.026365131
vt 0.84441257 0.026365131
vt 0.84441257 0.026365131
vt 0.84441257 0.026365131
vt 0.84441257 0.026365131
vt 0.84441257 0.026365131
vt 0.84441257 0.026365131
vt 0.84441257 0.026365131
vt 0.84441257 0.026365131
vt 0.84441257 0.026365131
vt 0.84441257 0.026365131
vt 0.84441257 0.026365131
vt 0.84441257 0.026365131
vt 0.84441257 0.026365131
vt 0.84441257 0.026365131
vt 0.84441257 0.026365131
vt 0.84441257 0.026365131
vt 0.84441257 0.026365131
vt 0.84441257 0.026365131
vt 0.84441257 0.026365131
vt 0.84441257 0.026365131
vt 0.84441257 0.026365131
vt 0.84441257 0.026365131
vt 0.84441257 0.026365131
vt 0.84441257 0.026365131
vt 0.84441257 0.026365131
vt 0.84441257 0.026365131
vt 0.84441257 0.026365131
vt 0.84441257 0.026365131
vt 0.84441257 0.026365131
vt 0.84441257 0.026365131
vt 0.84441257 0.026365131
vt 0.84441257 0.026365131
vt 0.84441257 0.026365131
vt 0.84441257 0.026365131
vt 0.84441257 0.026365131
vt 0.84441257 0.026365131
vt 0.84441257 0.026365131
vt 0.84441257 0.026365131
vt 0.84441257 0.026365131
vt 0.84441257 0.026365131
vt 0.84441257 0.026365131
vt 0.84441257 0.026365131
vt 0.84441257 0.026365131
vt 0.84441257 0.026365131
vt 0.84441257 0.026365131
vt 0.84441257 0.026365131
vt 0.84441257 0.026365131
vt 0.84441257 0.026365131
vt 0.84441257 0.026365131
vt 0.84441257 0.026365131
vt 0.84441257 0.026365131
vt 0.84441257 0.026365131
vt 0.84441257 0.026365131
vt 0.84441257 0.026365131
vt 0.84441257 0.026365131
vt 0.84441257 0.026365131
vt 0.84441257 0.026365131
vt 0.84441257 0.026365131
vt 0.84441257 0.026365131
vt 0.84441257 0.026365131
vt 0.84441257 0.026365131
vt 0.84441257 0.026365131
vt 0.84441257 0.026365131
vt 0.84441257 0.026365131
vt 0.84441257 0.026365131
vt 0.84441257 0.026365131
vt 0.84441257 0.026365131
vt 0.84441257 0.026365131
vt 0.84441257 0.026365131
vt 0.84441257 0.026365131
vt 0.84441257 0.026365131
vt 0.84441257 0.026365131
vt 0.84441257 0.026365131
vt 0.84441257 0.026365131
vt 0.84441257 0.026365131
vt 0.84441257 0.026365131
vt 0.84441257 0.026365131
vt 0.84441257 0.026365131
vt 0.84441257 0.026365131
vt 0.84441257 0.026365131
vt 0.84441257 0.026365131
vt 0.84441257 0.026365131
vt 0.84441257 0.026365131
vt 0.84441257 0.026365131
vt 0.84441257 0.026365131
vt 0.84441257 0.026365131
vt 0.84441257 0.026365131
vt 0.84441257 0.026365131
vt 0.84441257 0.026365131
vt 0.84441257 0.026365131
vt 0.84441257 0.026365131
vt 0.84441257 0.026365131
vt 0.84441257 0.026365131
vt 0.84441257 0.026365131
vt 0.84441257 0.026365131
vt 0.84441257 0.026365131
vt 0.84441257 0.026365131
vt 0.84441257 0.026365131
vt 0.84441257 0.026365131
vt 0.84441257 0.026365131
vt 0.84441257 0.026365131
vt 0.84441257 0.026365131
vt 0.84441257 0.026365131
vt 0.84441257 0.026365131
vt 0.84441257 0.026365131
vt 0.84441257 0.026365131
vt 0.84441257 0.026365131
vt 0.84441257 0.026365131
vt 0.84441257 0.026365131
vt 0.84441257 0.026365131
vt 0.84441257 0.026365131
vt 0.84441257 0.026365131
vt 0.84441257 0.026365131
vt 0.84441257 0.026365131
vt 0.84441257 0.026365131
vt 0.84441257 0.026365131
vt 0.84441257 0.026365131
vt 0.84441257 0.026365131
vt 0.84441257 0.026365131
vt 0.84441257 0.026365131
vt 0.84441257 0.026365131
vt 0.84441257 0.026365131
vt 0.84441257 0.026365131
vt 0.84441257 0.026365131
vt 0.84441257 0.026365131
vt 0.84441257 0.026365131
vt 0.84441257 0.026365131
vt 0.84441257 0.026365131
vt 0.84441257 0.026365131
vt 0.84441257 0.026365131
vt 0.84441257 0.026365131
vt 0.84441257 0.026365131
vt 0.84441257 0.026365131
vt 0.84441257 0.026365131
vt 0.84441257 0.026365131
vt 0.84441257 0.026365131
vt 0.84441257 0.026365131
vt 0.84441257 0.026365131
vt 0.84441257 0.026365131
vt 0.84441257 0.026365131
vt 0.84441257 0.026365131
vt 0.84441257 0.026365131
vt 0.84441257 0.026365131
vt 0.84441257 0.026365131
vt 0.84441257 0.026365131
vt 0.84441257 0.026365131
vt 0.84441257 0.026365131
vt 0.84441257 0.026365131
vt 0.84441257 0.026365131
vt 0.84441257 0.026365131
vt 0.84441257 0.026365131
vt 0.84441257 0.026365131
vt 0.84441257 0.026365131
vt 0.84441257 0.026365131
vt 0.84441257 0.026365131
vt 0.84441257 0.026365131
vt 0.84441257 0.026365131
vt 0.84441257 0.026365131
vt 0.84441257 0.026365131
vt 0.84441257 0.026365131
vt 0.84441257 0.026365131
vt 0.84441257 0.026365131
vt 0.84441257 0.026365131
vt 0.84441257 0.026365131
vt 0.84441257 0.026365131
vt 0.84441257 0.026365131
vt 0.84441257 0.026365131
vt 0.84441257 0.026365131
vt 0.84441257 0.026365131
vt 0.84441257 0.026365131
vt 0.84441257 0.026365131
vt 0.84441257 0.026365131
vt 0.84441257 0.026365131
vt 0.84441257 0.026365131
vt 0.84441257 0.026365131
vt 0.84441257 0.026365131
vt 0.84441257 0.026365131
vt 0.84441257 0.026365131
vt 0.84441257 0.026365131
vt 0.84441257 0.026365131
vt 0.84441257 0.026365131
vt 0.84441257 0.026365131
vt 0.84441257 0.026365131
vt 0.84441257 0.026365131
vt 0.84441257 0.026365131
vt 0.84441257 0.026365131
vt 0.84441257 0.026365131
vt 0.84441257 0.026365131
vt 0.84441257 0.026365131
vt 0.84441257 0.026365131
vt 0.84441257 0.026365131
vt 0.84441257 0.026365131
vt 0.84441257 0.026365131
vt 0.84441257 0.026365131
vt 0.84441257 0.026365131
vt 0.84441257 0.026365131
vt 0.84441257 0.026365131
vt 0.84441257 0.026365131
vt 0.84441257 0.026365131
vt 0.84441257 0.026365131
vt 0.84441257 0.026365131
vt 0.84441257 0.026365131
vt 0.84441257 0.026365131
vt 0.84441257 0.026365131
vt 0.84441257 0.026365131
vt 0.84441257 0.026365131
vt 0.84441257 0.026365131
vt 0.84441257 0.026365131
vt 0.84441257 0.026365131
vt 0.84441257 0.026365131
vt 0.84441257 0.026365131
vt 0.84441257 0.026365131
vt 0.84441257 0.026365131
vt 0.84441257 0.026365131
vt 0.84441257 0.026365131
vt 0.84441257 0.026365131
vt 0.84441257 0.026365131
vt 0.84441257 0.026365131
vt 0.84441257 0.026365131
vt 0.84441257 0.026365131
vt 0.84441257 0.026365131
vt 0.84441257 0.026365131
vt 0.84441257 0.026365131
vt 0.84441257 0.026365131
vt 0.84441257 0.026365131
vt 0.53284854 0.033816308
vt 0.53284854 0.033816308
vt 0.53284854 0.033816308
vt 0.53284854 0.033816308
vt 0.53284854 0.033816308
vt 0.53284854 0.033816308
vt 0.53284854 0.033816308
vt 0.53284854 0.033816308
vt 0.53284854 0.033816308
vt 0.53284854 0.033816308
vt 0.53284854 0.033816308
vt 0.53284854 0.033816308
vt 0.53284854 0.033816308
vt 0.53284854 0.033816308
vt 0.53284854 0.033816308
vt 0.53284854 0.033816308
vt 0.53284854 0.033816308
vt 0.53284854 0.033816308
vt 0.53284854 0.033816308
vt 0.53284854 0.033816308
vt 0.53284854 0.033816308
vt 0.84441257 0.026365131
vt 0.84441257 0.026365131
vt 0.84441257 0.026365131
vt 0.84441257 0.026365131
vt 0.84441257 0.026365131
vt 0.84441257 0.026365131
vt 0.84441257 0.026365131
vt 0.84441257 0.026365131
vt 0.84441257 0.026365131
vt 0.84441257 0.026365131
vt 0.84441257 0.026365131
vt 0.84441257 0.026365131
vt 0.84441257 0.026365131
vt 0.84441257 0.026365131
vt 0.84441257 0.026365131
vt 0.84441257 0.026365131
vt 0.84441257 0.026365131
vt 0.84441257 0.026365131
vt 0.84441257 0.026365131
vt 0.84441257 0.026365131
vt 0.84441257 0.026365131
vt 0.84441257 0.026365131
vt 0.84441257 0.026365131
vt 0.84441257 0.026365131
vt 0.84441257 0.026365131
vt 0.84441257 0.026365131
vt 0.84441257 0.026365131
vt 0.84441257 0.026365131
vt 0.84441257 0.026365131
vt 0.84441257 0.026365131
vt 0.84441257 0.026365131
vt 0.84441257 0.026365131
vt 0.84441257 0.026365131
vt 0.84441257 0.026365131
vt 0.84441257 0.026365131
vt 0.84441257 0.026365131
vt 0.84441257 0.026365131
vt 0.84441257 0.026365131
vt 0.84441257 0.026365131
vt 0.84441257 0.026365131
vt 0.84441257 0.026365131
vt 0.84441257 0.026365131
vt 0.84441257 0.026365131
vt 0.84441257 0.026365131
vt 0.84441257 0.026365131
vt 0.84441257 0.026365131
vt 0.84441257 0.026365131
vt 0.84441257 0.026365131
vt 0.84441257 0.026365131
vt 0.84441257 0.026365131
vt 0.84441257 0.026365131
vt 0.84441257 0.026365131
vt 0.84441257 0.026365131
vt 0.84441257 0.026365131
vt 0.84441257 0.026365131
vt 0.84441257 0.026365131
vt 0.84441257 0.026365131
vt 0.84441257 0.026365131
vt 0.84441257 0.026365131
vt 0.84441257 0.026365131
vt 0.84441257 0.026365131
vt 0.84441257 0.026365131
vt 0.84441257 0.026365131
vt 0.84441257 0.026365131
vt 0.84441257 0.026365131
vt 0.84441257 0.026365131
vt 0.84441257 0.026365131
vt 0.84441257 0.026365131
vt 0.84441257 0.026365131
vt 0.84441257 0.026365131
vt 0.84441257 0.026365131
vt 0.84441257 0.026365131
vt 0.84441257 0.026365131
vt 0.84441257 0.026365131
vt 0.84441257 0.026365131
vt 0.84441257 0.026365131
vt 0.84441257 0.026365131
vt 0.84441257 0.026365131
vt 0.84441257 0.026365131
vt 0.84441257 0.026365131
vt 0.84441257 0.026365131
vt 0.84441257 0.026365131
vt 0.84441257 0.026365131
vt 0.84441257 0.026365131
vt 0.84441257 0.026365131
vt 0.84441257 0.026365131
vt 0.84441257 0.026365131
vt 0.84441257 0.026365131
vt 0.84441257 0.026365131
vt 0.84441257 0.026365131
vt 0.84441257 0.026365131
vt 0.84441257 0.026365131
vt 0.84441257 0.026365131
vt 0.84441257 0.026365131
vt 0.84441257 0.026365131
vt 0.84441257 0.026365131
vt 0.84441257 0.026365131
vt 0.84441257 0.026365131
vt 0.84441257 0.026365131
vt 0.84441257 0.026365131
vt 0.84441257 0.026365131
vt 0.84441257 0.026365131
vt 0.84441257 0.026365131
vt 0.84441257 0.026365131
vt 0.84441257 0.026365131
vt 0.84441257 0.026365131
vt 0.84441257 0.026365131
vt 0.84441257 0.026365131
vt 0.84441257 0.026365131
vt 0.84441257 0.026365131
vt 0.84441257 0.026365131
vt 0.84441257 0.026365131
vt 0.84441257 0.026365131
vt 0.84441257 0.026365131
vt 0.84441257 0.026365131
vt 0.84441257 0.026365131
vt 0.84441257 0.026365131
vt 0.84441257 0.026365131
vt 0.84441257 0.026365131
vt 0.84441257 0.026365131
vt 0.84441257 0.026365131
vt 0.84441257 0.026365131
vt 0.84441257 0.026365131
vt 0.84441257 0.026365131
vt 0.84441257 0.026365131
vt 0.84441257 0.026365131
vt 0.84441257 0.026365131
vt 0.84441257 0.026365131
vt 0.84441257 0.026365131
vt 0.84441257 0.026365131
vt 0.84441257 0.026365131
vt 0.84441257 0.026365131
vt 0.84441257 0.026365131
vt 0.84441257 0.026365131
vt 0.84441257 0.026365131
vt 0.84441257 0.026365131
vt 0.84441257 0.026365131
vt 0.84441257 0.026365131
vt 0.84441257 0.026365131
vt 0.84441257 0.026365131
vt 0.84441257 0.026365131
vt 0.84441257 0.026365131
vt 0.84441257 0.026365131
vt 0.84441257 0.026365131
vt 0.84441257 0.026365131
vt 0.84441257 0.026365131
vt 0.84441257 0.026365131
vt 0.84441257 0.026365131
vt 0.84441257 0.026365131
vt 0.84441257 0.026365131
vt 0.84441257 0.026365131
vt 0.84441257 0.026365131
vt 0.84441257 0.026365131
vt 0.84441257 0.026365131
vt 0.84441257 0.026365131
vt 0.84441257 0.026365131
vt 0.84441257 0.026365131
vt 0.84441257 0.026365131
vt 0.84441257 0.026365131
vt 0.84441257 0.026365131
vt 0.84441257 0.026365131
vt 0.84441257 0.026365131
vt 0.84441257 0.026365131
vt 0.84441257 0.026365131
vt 0.84441257 0.026365131
vt 0.84441257 0.026365131
vt 0.84441257 0.026365131
vt 0.84441257 0.026365131
vt 0.84441257 0.026365131
vt 0.84441257 0.026365131
vt 0.84441257 0.026365131
vt 0.84441257 0.026365131
vt 0.84441257 0.026365131
vt 0.84441257 0.026365131
vt 0.84441257 0.026365131
vt 0.84441257 0.026365131
vt 0.84441257 0.026365131
vt 0.84441257 0.026365131
vt 0.84441257 0.026365131
vt 0.84441257 0.026365131
vt 0.84441257 0.026365131
vt 0.84441257 0.026365131
vt 0.84441257 0.026365131
vt 0.84441257 0.026365131
vt 0.84441257 0.026365131
vt 0.84441257 0.026365131
vt 0.84441257 0.026365131
vt 0.84441257 0.026365131
vt 0.84441257 0.026365131
vt 0.84441257 0.026365131
vt 0.84441257 0.026365131
vt 0.84441257 0.026365131
vt 0.84441257 0.026365131
vt 0.84441257 0.026365131
vt 0.84441257 0.026365131
vt 0.84441257 0.026365131
vt 0.84441257 0.026365131
vt 0.84441257 0.026365131
vt 0.84441257 0.026365131
vt 0.84441257 0.026365131
vt 0.84441257 0.026365131
vt 0.84441257 0.026365131
vt 0.84441257 0.026365131
vt 0.84441257 0.026365131
vt 0.84441257 0.026365131
vt 0.84441257 0.026365131
vt 0.84441257 0.026365131
vt 0.84441257 0.026365131
vt 0.84441257 0.026365131
vt 0.84441257 0.026365131
vt 0.84441257 0.026365131
vt 0.84441257 0.026365131
vt 0.84441257 0.026365131
vt 0.84441257 0.026365131
vt 0.84441257 0.026365131
vt 0.84441257 0.026365131
vt 0.84441257 0.026365131
vt 0.84441257 0.026365131
vt 0.84441257 0.026365131
vt 0.84441257 0.026365131
vt 0.84441257 0.026365131
vt 0.84441257 0.026365131
vt 0.84441257 0.026365131
vt 0.84441257 0.026365131
vt 0.84441257 0.026365131
vt 0.84441257 0.026365131
vt 0.84441257 0.026365131
vt 0.84441257 0.026365131
vt 0.84441257 0.026365131
vt 0.84441257 0.026365131
vt 0.84441257 0.026365131
vt 0.84441257 0.026365131
vt 0.84441257 0.026365131
vt 0.84441257 0.026365131
vt 0.84441257 0.026365131
vt 0.84441257 0.026365131
vt 0.84441257 0.026365131
vt 0.84441257 0.026365131
vt 0.84441257 0.026365131
vt 0.84441257 0.026365131
vt 0.84441257 0.026365131
vt 0.9071566 0.033824444
vt 0.9071566 0.033824444
vt 0.9071566 0.033824444
vt 0.9071566 0.033824444
vt 0.9071566 0.033824444
vt 0.9071566 0.033824444
vt 0.9071566 0.033824444
vt 0.9071566 0.033824444
vt 0.9071566 0.033824444
vt 0.9071566 0.033824444
vt 0.9071566 0.033824444
vt 0.9071566 0.033824444
vt 0.9071566 0.033824444
vt 0.9071566 0.033824444
vt 0.9071566 0.033824444
vt 0.9071566 0.033824444
vt 0.9071566 0.033824444
vt 0.9071566 0.033824444
vt 0.9071566 0.033824444
vt 0.9071566 0.033824444
vt 0.9071566 0.033824444
vt 0.9071566 0.033824444
vt 0.9071566 0.033824444
vt 0.9071566 0.033824444
vt 0.9071566 0.033824444
vt 0.9071566 0.033824444
vt 0.9071566 0.033824444
vt 0.9071566 0.033824444
vt 0.9071566 0.033824444
vt 0.9071566 0.033824444
vt 0.9071566 0.033824444
vt 0.9071566 0.033824444
vt 0.84669 0.026883038
vt 0.84669 0.026883038
vt 0.84669 0.026883038
vt 0.84669 0.026883038
vt 0.84669 0.026883038
vt 0.84669 0.026883038
vt 0.84669 0.026883038
vt 0.84669 0.026883038
vt 0.84669 0.026883038
vt 0.84669 0.026883038
vt 0.84669 0.026883038
vt 0.84669 0.026883038
vt 0.84669 0.026883038
vt 0.84669 0.026883038
vt 0.84669 0.026883038
vt 0.84669 0.026883038
vt 0.84669 0.026883038
vt 0.84669 0.026883038
vt 0.84669 0.026883038
vt 0.84669 0.026883038
vt 0.84669 0.026883038
vt 0.84669 0.026883038
vt 0.84669 0.026883038
vt 0.84669 0.026883038
vt 0.84669 0.026883038
vt 0.84669 0.026883038
vt 0.84669 0.026883038
vt 0.84669 0.026883038
vt 0.84669 0.026883038
vt 0.84669 0.026883038
vt 0.84669 0.026883038
vt 0.84669 0.026883038
vt 0.84669 0.026883038
vt 0.84669 0.026883038
vt 0.84669 0.026883038
vt 0.84669 0.026883038
vt 0.84669 0.026883038
vt 0.84669 0.026883038
vt 0.84669 0.026883038
vt 0.84669 0.026883038
vt 0.84669 0.026883038
vt 0.84669 0.026883038
vt 0.84669 0.026883038
vt 0.84669 0.026883038
vt 0.84669 0.026883038
vt 0.84669 0.026883038
vt 0.84669 0.026883038
vt 0.84669 0.026883038
vt 0.84669 0.026883038
vt 0.84669 0.026883038
vt 0.84669 0.026883038
vt 0.84669 0.026883038
vt 0.84669 0.026883038
vt 0.84669 0.026883038
vt 0.84669 0.026883038
vt 0.84669 0.026883038
vt 0.84669 0.026883038
vt 0.84669 0.026883038
vt 0.84669 0.026883038
vt 0.84669 0.026883038
vt 0.84669 0.026883038
vt 0.84669 0.026883038
vt 0.84669 0.026883038
vt 0.84669 0.026883038
vt 0.84669 0.026883038
vt 0.84669 0.026883038
vt 0.84669 0.026883038
vt 0.84669 0.026883038
vt 0.84669 0.026883038
vt 0.84669 0.026883038
vt 0.84669 0.026883038
vt 0.84669 0.026883038
vt 0.84669 0.026883038
vt 0.84669 0.026883038
vt 0.84669 0.026883038
vt 0.84669 0.026883038
vt 0.84669 0.026883038
vt 0.84669 0.026883038
vt 0.84669 0.026883038
vt 0.84669 0.026883038
vt 0.84669 0.026883038
vt 0.84669 0.026883038
vt 0.84669 0.026883038
vt 0.84669 0.026883038
vt 0.84669 0.026883038
vt 0.84669 0.026883038
vt 0.84669 0.026883038
vt 0.84669 0.026883038
vt 0.84669 0.026883038
vt 0.84669 0.026883038
vt 0.84669 0.026883038
vt 0.84669 0.026883038
vt 0.84669 0.026883038
vt 0.84669 0.026883038
vt 0.84669 0.026883038
vt 0.84669 0.026883038
vt 0.84669 0.026883038
vt 0.84669 0.026883038
vt 0.84669 0.026883038
vt 0.84669 0.026883038
vt 0.84669 0.026883038
vt 0.84669 0.026883038
vt 0.84669 0.026883038
vt 0.84669 0.026883038
vt 0.84669 0.026883038
vt 0.84669 0.026883038
vt 0.84669 0.026883038
vt 0.84669 0.026883038
vt 0.84669 0.026883038
vt 0.84669 0.026883038
vt 0.84669 0.026883038
vt 0.84669 0.026883038
vt 0.84669 0.026883038
vt 0.84669 0.026883038
vt 0.84669 0.026883038
vt 0.84669 0.026883038
vt 0.84669 0.026883038
vt 0.84669 0.026883038
vt 0.84669 0.026883038
vt 0.84669 0.026883038
vt 0.84669 0.026883038
vt 0.84669 0.026883038
vt 0.84669 0.026883038
vt 0.84669 0.026883038
vt 0.84669 0.026883038
vt 0.84669 0.026883038
vt 0.84669 0.026883038
vt 0.84669 0.026883038
vt 0.84669 0.026883038
vt 0.84669 0.026883038
vt 0.84669 0.026883038
vt 0.84669 0.026883038
vt 0.84669 0.026883038
vt 0.84669 0.026883038
vt 0.84669 0.026883038
vt 0.84669 0.026883038
vt 0.84669 0.026883038
vt 0.84669 0.026883038
vt 0.84669 0.026883038
vt 0.84669 0.026883038
vt 0.84669 0.026883038
vt 0.84669 0.026883038
vt 0.84669 0.026883038
vt 0.84669 0.026883038
vt 0.84669 0.026883038
vt 0.84669 0.026883038
vt 0.84669 0.026883038
vt 0.84669 0.026883038
vt 0.84669 0.026883038
vt 0.84669 0.026883038
vt 0.84669 0.026883038
vt 0.84669 0.026883038
vt 0.84669 0.026883038
vt 0.84669 0.026883038
vt 0.84669 0.026883038
vt 0.84669 0.026883038
vt 0.84669 0.026883038
vt 0.84669 0.026883038
vt 0.84669 0.026883038
vt 0.84669 0.026883038
vt 0.84669 0.026883038
vt 0.84669 0.026883038
vt 0.84669 0.026883038
vt 0.84669 0.026883038
vt 0.84669 0.026883038
vt 0.84669 0.026883038
vt 0.84669 0.026883038
vt 0.84669 0.026883038
vt 0.84669 0.026883038
vt 0.84669 0.026883038
vt 0.84669 0.026883038
vt 0.84669 0.026883038
vt 0.84669 0.026883038
vt 0.84669 0.026883038
vt 0.84669 0.026883038
vt 0.84669 0.026883038
vt 0.84669 0.026883038
vt 0.84669 0.026883038
vt 0.84669 0.026883038
vt 0.84669 0.026883038
vt 0.84669 0.026883038
vt 0.84669 0.026883038
vt 0.84669 0.026883038
vt 0.84669 0.026883038
vt 0.84669 0.026883038
vt 0.84669 0.026883038
vt 0.84669 0.026883038
vt 0.84669 0.026883038
vt 0.84669 0.026883038
vt 0.84669 0.026883038
vt 0.84669 0.026883038
vt 0.84669 0.026883038
vt 0.84669 0.026883038
vt 0.84669 0.026883038
vt 0.84669 0.026883038
vt 0.84669 0.026883038
vt 0.84669 0.026883038
vt 0.84669 0.026883038
vt 0.84669 0.026883038
vt 0.84669 0.026883038
vt 0.84441257 0.026365131
vt 0.84441257 0.026365131
vt 0.84441257 0.026365131
vt 0.84441257 0.026365131
vt 0.84441257 0.026365131
vt 0.84441257 0.026365131
vt 0.84441257 0.026365131
vt 0.84441257 0.026365131
vt 0.84441257 0.026365131
vt 0.84441257 0.026365131
vt 0.84441257 0.026365131
vt 0.84441257 0.026365131
vt 0.84441257 0.026365131
vt 0.84441257 0.026365131
vt 0.84441257 0.026365131
vt 0.84441257 0.026365131
vt 0.84441257 0.026365131
vt 0.84441257 0.026365131
vt 0.84441257 0.026365131
vt 0.84441257 0.026365131
vt 0.84441257 0.026365131
vt 0.84441257 0.026365131
vt 0.84441257 0.026365131
vt 0.84441257 0.026365131
vt 0.84441257 0.026365131
vt 0.84441257 0.026365131
vt 0.84441257 0.026365131
vt 0.84441257 0.026365131
vt 0.84441257 0.026365131
vt 0.84441257 0.026365131
vt 0.84441257 0.026365131
vt 0.84441257 0.026365131
vt 0.84441257 0.026365131
vt 0.84441257 0.026365131
vt 0.84441257 0.026365131
vt 0.84441257 0.026365131
vt 0.84441257 0.026365131
vt 0.84441257 0.026365131
vt 0.84441257 0.026365131
vt 0.84441257 0.026365131
vt 0.84441257 0.026365131
vt 0.84441257 0.026365131
vt 0.84441257 0.026365131
vt 0.84441257 0.026365131
vt 0.53284854 0.033816308
vt 0.53284854 0.033816308
vt 0.53284854 0.033816308
vt 0.53284854 0.033816308
vt 0.53284854 0.033816308
vt 0.53284854 0.033816308
vt 0.53284854 0.033816308
vt 0.53284854 0.033816308
vt 0.53284854 0.033816308
vt 0.53284854 0.033816308
vt 0.53284854 0.033816308
vt 0.53284854 0.033816308
vt 0.53284854 0.033816308
vt 0.53284854 0.033816308
vt 0.53284854 0.033816308
vt 0.53284854 0.033816308
vt 0.53284854 0.033816308
vt 0.53284854 0.033816308
vt 0.53284854 0.033816308
vt 0.53284854 0.033816308
vt 0.53284854 0.033816308
vt 0.53284854 0.033816308
vt 0.53284854 0.033816308
vt 0.53284854 0.033816308
vt 0.53284854 0.033816308
vt 0.53284854 0.033816308
vt 0.53284854 0.033816308
vt 0.53284854 0.033816308
vt 0.53284854 0.033816308
vt 0.53284854 0.033816308
vt 0.53284854 0.033816308
vt 0.53284854 0.033816308
vt 0.53284854 0.033816308
vt 0.53284854 0.033816308
vt 0.53284854 0.033816308
vt 0.53284854 0.033816308
vt 0.53284854 0.033816308
vt 0.53284854 0.033816308
vt 0.53284854 0.033816308
vt 0.53284854 0.033816308
vt 0.53284854 0.033816308
vt 0.53284854 0.033816308
vt 0.53284854 0.033816308
vt 0.53284854 0.033816308
vt 0.53284854 0.033816308
vt 0.53284854 0.033816308
vt 0.53284854 0.033816308
vt 0.53284854 0.033816308
vt 0.53284854 0.033816308
vt 0.53284854 0.033816308
vt 0.53284854 0.033816308
vt 0.53284854 0.033816308
vt 0.53284854 0.033816308
vt 0.53284854 0.033816308
vt 0.53284854 0.033816308
vt 0.53284854 0.033816308
vt 0.53284854 0.033816308
vt 0.53284854 0.033816308
vt 0.53284854 0.033816308
vt 0.53284854 0.033816308
vt 0.53284854 0.033816308
vt 0.53284854 0.033816308
vt 0.53284854 0.033816308
vt 0.53284854 0.033816308
vt 0.53284854 0.033816308
vt 0.53284854 0.033816308
vt 0.53284854 0.033816308
vt 0.53284854 0.033816308
vt 0.53284854 0.033816308
vt 0.53284854 0.033816308
vt 0.53284854 0.033816308
vt 0.53284854 0.033816308
vt 0.53284854 0.033816308
vt 0.53284854 0.033816308
vt 0.53284854 0.033816308
vt 0.53284854 0.033816308
vt 0.53284854 0.033816308
vt 0.53284854 0.033816308
vt 0.53284854 0.033816308
vt 0.53284854 0.033816308
vt 0.53284854 0.033816308
vt 0.53284854 0.033816308
vt 0.53284854 0.033816308
vt 0.53284854 0.033816308
vt 0.53284854 0.033816308
vt 0.53284854 0.033816308
vt 0.53284854 0.033816308
vt 0.53284854 0.033816308
vt 0.53284854 0.033816308
vt 0.53284854 0.033816308
vt 0.53284854 0.033816308
vt 0.53284854 0.033816308
vt 0.53284854 0.033816308
vt 0.53284854 0.033816308
vt 0.53284854 0.033816308
vt 0.53284854 0.033816308
vt 0.53284854 0.033816308
vt 0.53284854 0.033816308
vt 0.53284854 0.033816308
vt 0.53284854 0.033816308
vt 0.53284854 0.033816308
vt 0.53284854 0.033816308
vt 0.53284854 0.033816308
vt 0.53284854 0.033816308
vt 0.53284854 0.033816308
vt 0.53284854 0.033816308
vt 0.53284854 0.033816308
vt 0.53284854 0.033816308
vt 0.53284854 0.033816308
vt 0.53284854 0.033816308
vt 0.53284854 0.033816308
vt 0.53284854 0.033816308
vt 0.53284854 0.033816308
vt 0.53284854 0.033816308
vt 0.53284854 0.033816308
vt 0.53284854 0.033816308
vt 0.53284854 0.033816308
vt 0.53284854 0.033816308
vt 0.53284854 0.033816308
vt 0.53284854 0.033816308
vt 0.53284854 0.033816308
vt 0.53284854 0.033816308
vt 0.53284854 0.033816308
vt 0.53284854 0.033816308
vt 0.53284854 0.033816308
vt 0.53284854 0.033816308
vt 0.53284854 0.033816308
vt 0.53284854 0.033816308
vt 0.53284854 0.033816308
vt 0.53284854 0.033816308
vt 0.53284854 0.033816308
vt 0.53284854 0.033816308
vt 0.53284854 0.033816308
vt 0.53284854 0.033816308
vt 0.53284854 0.033816308
vt 0.53284854 0.033816308
vt 0.53284854 0.033816308
vt 0.53284854 0.033816308
vt 0.53284854 0.033816308
vt 0.53284854 0.033816308
vt 0.53284854 0.033816308
vt 0.53284854 0.033816308
vt 0.53284854 0.033816308
vt 0.53284854 0.033816308
vt 0.53284854 0.033816308
vt 0.53284854 0.033816308
vt 0.53284854 0.033816308
vt 0.53284854 0.033816308
vt 0.53284854 0.033816308
vt 0.53284854 0.033816308
vt 0.53284854 0.033816308
vt 0.53284854 0.033816308
vt 0.53284854 0.033816308
vt 0.53284854 0.033816308
vt 0.53284854 0.033816308
vt 0.53284854 0.033816308
vt 0.53284854 0.033816308
vt 0.53284854 0.033816308
vt 0.53284854 0.033816308
vt 0.53284854 0.033816308
vt 0.53284854 0.033816308
vt 0.53284854 0.033816308
vt 0.53284854 0.033816308
vt 0.53284854 0.033816308
vt 0.53284854 0.033816308
vt 0.53284854 0.033816308
vt 0.53284854 0.033816308
vt 0.53284854 0.033816308
vt 0.53284854 0.033816308
vt 0.53284854 0.033816308
vt 0.53284854 0.033816308
vt 0.53284854 0.033816308
vt 0.53284854 0.033816308
vt 0.53284854 0.033816308
vt 0.53284854 0.033816308
vt 0.53284854 0.033816308
vt 0.53284854 0.033816308
vt 0.53284854 0.033816308
vt 0.53284854 0.033816308
vt 0.53284854 0.033816308
vt 0.53284854 0.033816308
vt 0.53284854 0.033816308
vt 0.53284854 0.033816308
vt 0.53284854 0.033816308
vt 0.53284854 0.033816308
vt 0.53284854 0.033816308
vt 0.53284854 0.033816308
vt 0.53284854 0.033816308
vt 0.53284854 0.033816308
vt 0.53284854 0.033816308
vt 0.53284854 0.033816308
vt 0.53284854 0.033816308
vt 0.53284854 0.033816308
vt 0.53284854 0.033816308
vt 0.53284854 0.033816308
vt 0.53284854 0.033816308
vt 0.53284854 0.033816308
vt 0.53284854 0.033816308
vt 0.53284854 0.033816308
vt 0.53284854 0.033816308
vt 0.53284854 0.033816308
vt 0.53284854 0.033816308
vt 0.53284854 0.033816308
vt 0.53284854 0.033816308
vt 0.53284854 0.033816308
vt 0.53284854 0.033816308
vt 0.53284854 0.033816308
vt 0.53284854 0.033816308
vt 0.53284854 0.033816308
vt 0.53284854 0.033816308
vt 0.53284854 0.033816308
vt 0.53284854 0.033816308
vt 0.53284854 0.033816308
vt 0.53284854 0.033816308
vt 0.53284854 0.033816308
vt 0.53284854 0.033816308
vt 0.53284854 0.033816308
vt 0.53284854 0.033816308
vt 0.53284854 0.033816308
vt 0.53284854 0.033816308
vt 0.53284854 0.033816308
vt 0.53284854 0.033816308
vt 0.53284854 0.033816308
vt 0.53284854 0.033816308
vt 0.8452318 0.029548965
vt 0.8452318 0.029548965
vt 0.8452318 0.029548965
vt 0.8452318 0.029548965
vt 0.8452318 0.029548965
vt 0.8452318 0.029548965
vt 0.8452318 0.029548965
vt 0.8452318 0.029548965
vt 0.8452318 0.029548965
vt 0.8452318 0.029548965
vt 0.8452318 0.029548965
vt 0.8452318 0.029548965
vt 0.8452318 0.029548965
vt 0.8452318 0.029548965
vt 0.8452318 0.029548965
vt 0.8452318 0.029548965
vt 0.8452318 0.029548965
vt 0.8452318 0.029548965
vt 0.8452318 0.029548965
vt 0.8452318 0.029548965
vt 0.8452318 0.029548965
vt 0.8452318 0.029548965
vt 0.8452318 0.029548965
vt 0.8452318 0.029548965
vt 0.8452318 0.029548965
vt 0.8452318 0.029548965
vt 0.8452318 0.029548965
vt 0.8452318 0.029548965
vt 0.8452318 0.029548965
vt 0.8452318 0.029548965
vt 0.8452318 0.029548965
vt 0.8452318 0.029548965
vt 0.8452318 0.029548965
vt 0.8452318 0.029548965
vt 0.8452318 0.029548965
vt 0.8452318 0.029548965
vt 0.8452318 0.029548965
vt 0.8452318 0.029548965
vt 0.8452318 0.029548965
vt 0.8452318 0.029548965
vt 0.8452318 0.029548965
vt 0.8452318 0.029548965
vt 0.8452318 0.029548965
vt 0.8452318 0.029548965
vt 0.8452318 0.029548965
vt 0.8452318 0.029548965
vt 0.8452318 0.029548965
vt 0.8452318 0.029548965
vt 0.8452318 0.029548965
vt 0.8452318 0.029548965
vt 0.8452318 0.029548965
vt 0.8452318 0.029548965
vt 0.8452318 0.029548965
vt 0.8452318 0.029548965
vt 0.8452318 0.029548965
vt 0.8452318 0.029548965
vt 0.8452318 0.029548965
vt 0.8452318 0.029548965
vt 0.8452318 0.029548965
vt 0.8452318 0.029548965
vt 0.8452318 0.029548965
vt 0.8452318 0.029548965
vt 0.8452318 0.029548965
vt 0.8452318 0.029548965
vt 0.8452318 0.029548965
vt 0.8452318 0.029548965
vt 0.8452318 0.029548965
vt 0.8452318 0.029548965
vt 0.8452318 0.029548965
vt 0.8452318 0.029548965
vt 0.8452318 0.029548965
vt 0.8452318 0.029548965
vt 0.8452318 0.029548965
vt 0.8452318 0.029548965
vt 0.8452318 0.029548965
vt 0.8452318 0.029548965
vt 0.8452318 0.029548965
vt 0.8452318 0.029548965
vt 0.8452318 0.029548965
vt 0.8452318 0.029548965
vt 0.8452318 0.029548965
vt 0.8452318 0.029548965
vt 0.8452318 0.029548965
vt 0.8452318 0.029548965
vt 0.8452318 0.029548965
vt 0.8452318 0.029548965
vt 0.8452318 0.029548965
vt 0.8452318 0.029548965
vt 0.8452318 0.029548965
vt 0.8452318 0.029548965
vt 0.8452318 0.029548965
vt 0.8452318 0.029548965
vt 0.8452318 0.029548965
vt 0.8452318 0.029548965
vt 0.8452318 0.029548965
vt 0.8452318 0.029548965
vt 0.8452318 0.029548965
vt 0.8452318 0.029548965
vt 0.8452318 0.029548965
vt 0.8452318 0.029548965
vt 0.8452318 0.029548965
vt 0.8452318 0.029548965
vt 0.8452318 0.029548965
vt 0.8452318 0.029548965
vt 0.8452318 0.029548965
vt 0.8452318 0.029548965
vt 0.8452318 0.029548965
vt 0.8452318 0.029548965
vt 0.8452318 0.029548965
vt 0.8452318 0.029548965
vt 0.8452318 0.029548965
vt 0.8452318 0.029548965
vt 0.8452318 0.029548965
vt 0.8452318 0.029548965
vt 0.8452318 0.029548965
vt 0.8452318 0.029548965
vt 0.8452318 0.029548965
vt 0.8452318 0.029548965
vt 0.8452318 0.029548965
vt 0.8452318 0.029548965
vt 0.8452318 0.029548965
vt 0.8452318 0.029548965
vt 0.8452318 0.029548965
vt 0.8452318 0.029548965
vt 0.8452318 0.029548965
vt 0.8452318 0.029548965
vt 0.8452318 0.029548965
vt 0.8452318 0.029548965
vt 0.8452318 0.029548965
vt 0.8452318 0.029548965
vt 0.8452318 0.029548965
vt 0.8452318 0.029548965
vt 0.8452318 0.029548965
vt 0.8452318 0.029548965
vt 0.8452318 0.029548965
vt 0.8452318 0.029548965
vt 0.8452318 0.029548965
vt 0.8452318 0.029548965
vt 0.8452318 0.029548965
vt 0.8452318 0.029548965
vt 0.8452318 0.029548965
vt 0.8452318 0.029548965
vt 0.8452318 0.029548965
vt 0.8452318 0.029548965
vt 0.8452318 0.029548965
vt 0.8452318 0.029548965
vt 0.8452318 0.029548965
vt 0.8452318 0.029548965
vt 0.8452318 0.029548965
vt 0.8452318 0.029548965
vt 0.8452318 0.029548965
vt 0.8452318 0.029548965
vt 0.8452318 0.029548965
vt 0.8452318 0.029548965
vt 0.8452318 0.029548965
vt 0.8452318 0.029548965
vt 0.8452318 0.029548965
vt 0.8452318 0.029548965
vt 0.8452318 0.029548965
vt 0.8452318 0.029548965
vt 0.8452318 0.029548965
vt 0.8452318 0.029548965
vt 0.8452318 0.029548965
vt 0.8452318 0.029548965
vt 0.8452318 0.029548965
vt 0.8452318 0.029548965
vt 0.8452318 0.029548965
vt 0.8452318 0.029548965
vt 0.8452318 0.029548965
vt 0.8452318 0.029548965
vt 0.8452318 0.029548965
vt 0.8452318 0.029548965
vt 0.8452318 0.029548965
vt 0.8452318 0.029548965
vt 0.8452318 0.029548965
vt 0.8452318 0.029548965
vt 0.8452318 0.029548965
vt 0.8452318 0.029548965
vt 0.8452318 0.029548965
vt 0.8452318 0.029548965
vt 0.8452318 0.029548965
vt 0.8452318 0.029548965
vt 0.8452318 0.029548965
vt 0.8452318 0.029548965
vt 0.8452318 0.029548965
vt 0.8452318 0.029548965
vt 0.8452318 0.029548965
vt 0.8452318 0.029548965
vt 0.8452318 0.029548965
vt 0.8452318 0.029548965
vt 0.8452318 0.029548965
vt 0.8452318 0.029548965
vt 0.8452318 0.029548965
vt 0.8452318 0.029548965
vt 0.8452318 0.029548965
vt 0.8452318 0.029548965
vt 0.8452318 0.029548965
vt 0.8452318 0.029548965
vt 0.8452318 0.029548965
vt 0.8452318 0.029548965
vt 0.8452318 0.029548965
vt 0.8452318 0.029548965
vt 0.8452318 0.029548965
vt 0.8452318 0.029548965
vt 0.8452318 0.029548965
vt 0.8452318 0.029548965
vt 0.8452318 0.029548965
vt 0.8452318 0.029548965
vt 0.8452318 0.029548965
vt 0.8452318 0.029548965
vt 0.8452318 0.029548965
vt 0.8452318 0.029548965
vt 0.8452318 0.029548965
vt 0.8452318 0.029548965
vt 0.8452318 0.029548965
vt 0.8452318 0.029548965
vt 0.8452318 0.029548965
vt 0.8452318 0.029548965
vt 0.8452318 0.029548965
vt 0.8452318 0.029548965
vt 0.8452318 0.029548965
vt 0.8452318 0.029548965
vt 0.8452318 0.029548965
vt 0.8452318 0.029548965
vt 0.9071566 0.033824444
vt 0.9071566 0.033824444
vt 0.9071566 0.033824444
vt 0.9071566 0.033824444
vt 0.9071566 0.033824444
vt 0.9071566 0.033824444
vt 0.9071566 0.033824444
vt 0.9071566 0.033824444
vt 0.9071566 0.033824444
vt 0.9071566 0.033824444
vt 0.9071566 0.033824444
vt 0.9071566 0.033824444
vt 0.9071566 0.033824444
vt 0.9071566 0.033824444
vt 0.9071566 0.033824444
vt 0.9071566 0.033824444
vt 0.9071566 0.033824444
vt 0.9071566 0.033824444
vt 0.9071566 0.033824444
vt 0.9071566 0.033824444
vt 0.9071566 0.033824444
vt 0.9071566 0.033824444
vt 0.9071566 0.033824444
vt 0.9071566 0.033824444
vt 0.9071566 0.033824444
vt 0.9071566 0.033824444
vt 0.9071566 0.033824444
vt 0.9071566 0.033824444
vt 0.9071566 0.033824444
vt 0.9071566 0.033824444
vt 0.9071566 0.033824444
vt 0.9071566 0.033824444
vt 0.9071566 0.033824444
vt 0.9071566 0.033824444
vt 0.9071566 0.033824444
vt 0.9071566 0.033824444
vt 0.9071566 0.033824444
vt 0.22004665 0.46924466
vt 0.22004665 0.46924466
vt 0.22004665 0.46924466
vt 0.22004665 0.46924466
vt 0.22004665 0.46924466
vt 0.22004665 0.46924466
vt 0.22004665 0.46924466
vt 0.22004665 0.46924466
vt 0.22004665 0.46924466
vt 0.22004665 0.46924466
vt 0.22004665 0.46924466
vt 0.22004665 0.46924466
vt 0.22004665 0.46924466
vt 0.22004665 0.46924466
vt 0.22004665 0.46924466
vt 0.22004665 0.46924466
vt 0.22004665 0.46924466
vt 0.22004665 0.46924466
vt 0.22004665 0.46924466
vt 0.22004665 0.46924466
vt 0.22004665 0.46924466
vt 0.22004665 0.46924466
vt 0.22004665 0.46924466
vt 0.22004665 0.46924466
vt 0.22004665 0.46924466
vt 0.22004665 0.46924466
vt 0.22004665 0.46924466
vt 0.22004665 0.46924466
vt 0.22004665 0.46924466
vt 0.22004665 0.46924466
vt 0.22004665 0.46924466
vt 0.22004665 0.46924466
vt 0.22004665 0.46924466
vt 0.22004665 0.46924466
vt 0.22004665 0.46924466
vt 0.22004665 0.46924466
vt 0.22004665 0.46924466
vt 0.22004665 0.46924466
vt 0.22004665 0.46924466
vt 0.22004665 0.46924466
vt 0.22004665 0.46924466
vt 0.22004665 0.46924466
vt 0.22004665 0.46924466
vt 0.22004665 0.46924466
vt 0.22004665 0.46924466
vt 0.22004665 0.46924466
vt 0.22004665 0.46924466
vt 0.22004665 0.46924466
vt 0.22004665 0.46924466
vt 0.22004665 0.46924466
vt 0.22004665 0.46924466
vt 0.22004665 0.46924466
vt 0.22004665 0.46924466
vt 0.22004665 0.46924466
vt 0.22004665 0.46924466
vt 0.22004665 0.46924466
vt 0.22004665 0.46924466
vt 0.22004665 0.46924466
vt 0.22004665 0.46924466
vt 0.22004665 0.46924466
vt 0.22004665 0.46924466
vt 0.22004665 0.46924466
vt 0.22004665 0.46924466
vt 0.22004665 0.46924466
vt 0.22004665 0.46924466
vt 0.22004665 0.46924466
vt 0.22004665 0.46924466
vt 0.22004665 0.46924466
vt 0.22004665 0.46924466
vt 0.22004665 0.46924466
vt 0.22004665 0.46924466
vt 0.22004665 0.46924466
vt 0.22004665 0.46924466
vt 0.22004665 0.46924466
vt 0.22004665 0.46924466
vt 0.22004665 0.46924466
vt 0.22004665 0.46924466
vt 0.22004665 0.46924466
vt 0.22004665 0.46924466
vt 0.22004665 0.46924466
vt 0.22004665 0.46924466
vt 0.22004665 0.46924466
vt 0.22004665 0.46924466
vt 0.22004665 0.46924466
vt 0.22004665 0.46924466
vt 0.22004665 0.46924466
vt 0.22004665 0.46924466
vt 0.22004665 0.46924466
vt 0.22004665 0.46924466
vt 0.22004665 0.46924466
vt 0.22004665 0.46924466
vt 0.22004665 0.46924466
vt 0.22004665 0.46924466
vt 0.22004665 0.46924466
vt 0.22004665 0.46924466
vt 0.22004665 0.46924466
vt 0.22004665 0.46924466
vt 0.22004665 0.46924466
vt 0.22004665 0.46924466
vt 0.22004665 0.46924466
vt 0.22004665 0.46924466
vt 0.22004665 0.46924466
vt 0.22004665 0.46924466
vt 0.22004665 0.46924466
vt 0.22004665 0.46924466
vt 0.22004665 0.46924466
vt 0.22004665 0.46924466
vt 0.22004665 0.46924466
vt 0.22004665 0.46924466
vt 0.22004665 0.46924466
vt 0.22004665 0.46924466
vt 0.22004665 0.46924466
vt 0.22004665 0.46924466
vt 0.22004665 0.46924466
vt 0.22004665 0.46924466
vt 0.22004665 0.46924466
vt 0.22004665 0.46924466
vt 0.22004665 0.46924466
vt 0.22004665 0.46924466
vt 0.22004665 0.46924466
vt 0.22004665 0.46924466
vt 0.22004665 0.46924466
vt 0.22004665 0.46924466
vt 0.22004665 0.46924466
vt 0.22004665 0.46924466
vt 0.22004665 0.46924466
vt 0.22004665 0.46924466
vt 0.22004665 0.46924466
vt 0.22004665 0.46924466
vt 0.22004665 0.46924466
vt 0.22004665 0.46924466
vt 0.22004665 0.46924466
vt 0.22004665 0.46924466
vt 0.22004665 0.46924466
vt 0.22004665 0.46924466
vt 0.22004665 0.46924466
vt 0.22004665 0.46924466
vt 0.22004665 0.46924466
vt 0.22004665 0.46924466
vt 0.22004665 0.46924466
vt 0.22004665 0.46924466
vt 0.22004665 0.46924466
vt 0.22004665 0.46924466
vt 0.22004665 0.46924466
vt 0.22004665 0.46924466
vt 0.22004665 0.46924466
vt 0.22004665 0.46924466
vt 0.22004665 0.46924466
vt 0.22004665 0.46924466
vt 0.22004665 0.46924466
vt 0.22004665 0.46924466
vt 0.22004665 0.46924466
vt 0.22004665 0.46924466
vt 0.22004665 0.46924466
vt 0.22004665 0.46924466
vt 0.22004665 0.46924466
vt 0.22004665 0.46924466
vt 0.22004665 0.46924466
vt 0.22004665 0.46924466
vt 0.22004665 0.46924466
vt 0.22004665 0.46924466
vt 0.22004665 0.46924466
vt 0.22004665 0.46924466
vt 0.22004665 0.46924466
vt 0.22004665 0.46924466
vt 0.22004665 0.46924466
vt 0.22004665 0.46924466
vt 0.22004665 0.46924466
vt 0.22004665 0.46924466
vt 0.22004665 0.46924466
vt 0.22004665 0.46924466
vt 0.22004665 0.46924466
vt 0.22004665 0.46924466
vt 0.22004665 0.46924466
vt 0.22004665 0.46924466
vt 0.22004665 0.46924466
vt 0.22004665 0.46924466
vt 0.22004665 0.46924466
vt 0.22004665 0.46924466
vt 0.22004665 0.46924466
vt 0.22004665 0.46924466
vt 0.22004665 0.46924466
vt 0.22004665 0.46924466
vt 0.22004665 0.46924466
vt 0.22004665 0.46924466
vt 0.22004665 0.46924466
vt 0.22004665 0.46924466
vt 0.22004665 0.46924466
vt 0.22004665 0.46924466
vt 0.22004665 0.46924466
vt 0.22004665 0.46924466
vt 0.22004665 0.46924466
vt 0.22004665 0.46924466
vt 0.22004665 0.46924466
vt 0.22004665 0.46924466
vt 0.22004665 0.46924466
vt 0.22004665 0.46924466
vt 0.22004665 0.46924466
vt 0.22004665 0.46924466
vt 0.22004665 0.46924466
vt 0.22004665 0.46924466
vt 0.22004665 0.46924466
vt 0.22004665 0.46924466
vt 0.22004665 0.46924466
vt 0.22004665 0.46924466
vt 0.22004665 0.46924466
vt 0.22004665 0.46924466
vt 0.22004665 0.46924466
vt 0.22004665 0.46924466
vt 0.22004665 0.46924466
vt 0.22004665 0.46924466
vt 0.22004665 0.46924466
vt 0.22004665 0.46924466
vt 0.22004665 0.46924466
vt 0.22004665 0.46924466
vt 0.22004665 0.46924466
vt 0.22004665 0.46924466
vt 0.22004665 0.46924466
vt 0.22004665 0.46924466
vt 0.22004665 0.46924466
vt 0.22004665 0.46924466
vt 0.22004665 0.46924466
vt 0.22004665 0.46924466
vt 0.22004665 0.46924466
vt 0.22004665 0.46924466
vt 0.22004665 0.46924466
vt 0.22004665 0.46924466
vt 0.22004665 0.46924466
vt 0.22004665 0.46924466
vt 0.22004665 0.46924466
vt 0.22004665 0.46924466
vt 0.22004665 0.46924466
vt 0.22004665 0.46924466
vt 0.22004665 0.46924466
vt 0.22004665 0.46924466
vt 0.22004665 0.46924466
vt 0.22004665 0.46924466
vt 0.22004665 0.46924466
vt 0.22004665 0.46924466
vt 0.22004665 0.46924466
vt 0.22004665 0.46924466
vt 0.22004665 0.46924466
vt 0.22004665 0.46924466
vt 0.22004665 0.46924466
vt 0.22004665 0.46924466
vt 0.22004665 0.46924466
vt 0.22004665 0.46924466
vt 0.22004665 0.46924466
vt 0.22004665 0.46924466
vt 0.22004665 0.46924466
vt 0.22004665 0.46924466
vt 0.22004665 0.46924466
vt 0.22004665 0.46924466
vt 0.22004665 0.46924466
vt 0.22004665 0.46924466
vt 0.22004665 0.46924466
vt 0.22004665 0.46924466
vt 0.22004665 0.46924466
vt 0.22004665 0.46924466
vt 0.22004665 0.46924466
vt 0.22004665 0.46924466
vt 0.22004665 0.46924466
vt 0.22004665 0.46924466
vt 0.22004665 0.46924466
vt 0.22004665 0.46924466
vt 0.22004665 0.46924466
vt 0.22004665 0.46924466
vt 0.22004665 0.46924466
vt 0.22004665 0.46924466
vt 0.22004665 0.46924466
vt 0.22004665 0.46924466
vt 0.22004665 0.46924466
vt 0.22004665 0.46924466
vt 0.22004665 0.46924466
vt 0.22004665 0.46924466
vt 0.22004665 0.46924466
vt 0.22004665 0.46924466
vt 0.22004665 0.46924466
vt 0.22004665 0.46924466
vt 0.22004665 0.46924466
vt 0.22004665 0.46924466
vt 0.22004665 0.46924466
vt 0.22004665 0.46924466
vt 0.22004665 0.46924466
vt 0.22004665 0.46924466
vt 0.22004665 0.46924466
vt 0.22004665 0.46924466
vt 0.22004665 0.46924466
vt 0.22004665 0.46924466
vt 0.22004665 0.46924466
vt 0.22004665 0.46924466
vt 0.22004665 0.46924466
vt 0.22004665 0.46924466
vt 0.22004665 0.46924466
vt 0.22004665 0.46924466
vt 0.22004665 0.46924466
vt 0.22004665 0.46924466
vt 0.22004665 0.46924466
vt 0.22004665 0.46924466
vt 0.22004665 0.46924466
vt 0.22004665 0.46924466
vt 0.22004665 0.46924466
vt 0.22004665 0.46924466
vt 0.22004665 0.46924466
vt 0.22004665 0.46924466
vt 0.22004665 0.46924466
vt 0.22004665 0.46924466
vt 0.22004665 0.46924466
vt 0.22004665 0.46924466
vt 0.22004665 0.46924466
vt 0.22004665 0.46924466
vt 0.22004665 0.46924466
vt 0.22004665 0.46924466
vt 0.22004665 0.46924466
vt 0.22004665 0.46924466
vt 0.22004665 0.46924466
vt 0.22004665 0.46924466
vt 0.22004665 0.46924466
vt 0.22004665 0.46924466
vt 0.22004665 0.46924466
vt 0.22004665 0.46924466
vt 0.22004665 0.46924466
vt 0.22004665 0.46924466
vt 0.22004665 0.46924466
vt 0.22004665 0.46924466
vt 0.22004665 0.46924466
vt 0.22004665 0.46924466
vt 0.22004665 0.46924466
vt 0.22004665 0.46924466
vt 0.22004665 0.46924466
vt 0.22004665 0.46924466
vt 0.22004665 0.46924466
vt 0.22004665 0.46924466
vt 0.22004665 0.46924466
vt 0.22004665 0.46924466
vt 0.22004665 0.46924466
vt 0.22004665 0.46924466
vt 0.22004665 0.46924466
vt 0.22004665 0.46924466
vt 0.22004665 0.46924466
vt 0.22004665 0.46924466
vt 0.22004665 0.46924466
vt 0.22004665 0.46924466
vt 0.22004665 0.46924466
vt 0.22004665 0.46924466
vt 0.22004665 0.46924466
vt 0.22004665 0.46924466
vt 0.22004665 0.46924466
vt 0.22004665 0.46924466
vt 0.22004665 0.46924466
vt 0.22004665 0.46924466
vt 0.22004665 0.46924466
vt 0.22004665 0.46924466
vt 0.22004665 0.46924466
vt 0.22004665 0.46924466
vt 0.22004665 0.46924466
vt 0.22004665 0.46924466
vt 0.22004665 0.46924466
vt 0.22004665 0.46924466
vt 0.22004665 0.46924466
vt 0.22004665 0.46924466
vt 0.22004665 0.46924466
vt 0.22004665 0.46924466
vt 0.22004665 0.46924466
vt 0.22004665 0.46924466
vt 0.22004665 0.46924466
vt 0.22004665 0.46924466
vt 0.22004665 0.46924466
vt 0.22004665 0.46924466
vt 0.22004665 0.46924466
vt 0.22004665 0.46924466
vt 0.22004665 0.46924466
vt 0.22004665 0.46924466
vt 0.22004665 0.46924466
vt 0.22004665 0.46924466
vt 0.22004665 0.46924466
vt 0.22004665 0.46924466
vt 0.22004665 0.46924466
vt 0.22004665 0.46924466
vt 0.22004665 0.46924466
vt 0.22004665 0.46924466
vt 0.22004665 0.46924466
vt 0.22004665 0.46924466
vt 0.22004665 0.46924466
vt 0.22004665 0.46924466
vt 0.22004665 0.46924466
vt 0.22004665 0.46924466
vt 0.22004665 0.46924466
vt 0.22004665 0.46924466
vt 0.22004665 0.46924466
vt 0.22004665 0.46924466
vt 0.22004665 0.46924466
vt 0.22004665 0.46924466
vt 0.22004665 0.46924466
vt 0.22004665 0.46924466
vt 0.22004665 0.46924466
vt 0.22004665 0.46924466
vt 0.22004665 0.46924466
vt 0.22004665 0.46924466
vt 0.22004665 0.46924466
vt 0.22004665 0.46924466
vt 0.22004665 0.46924466
vt 0.22004665 0.46924466
vt 0.22004665 0.46924466
vt 0.22004665 0.46924466
vt 0.22004665 0.46924466
vt 0.22004665 0.46924466
vt 0.22004665 0.46924466
vt 0.22004665 0.46924466
vt 0.22004665 0.46924466
vt 0.22004665 0.46924466
vt 0.22004665 0.46924466
vt 0.22004665 0.46924466
vt 0.22004665 0.46924466
vt 0.22004665 0.46924466
vt 0.22004665 0.46924466
vt 0.22004665 0.46924466
vt 0.22004665 0.46924466
vt 0.22004665 0.46924466
vt 0.22004665 0.46924466
vt 0.22004665 0.46924466
vt 0.22004665 0.46924466
vt 0.22004665 0.46924466
vt 0.22004665 0.46924466
vt 0.22004665 0.46924466
vt 0.22004665 0.46924466
vt 0.22004665 0.46924466
vt 0.22004665 0.46924466
vt 0.22004665 0.46924466
vt 0.22004665 0.46924466
vt 0.22004665 0.46924466
vt 0.22004665 0.46924466
vt 0.22004665 0.46924466
vt 0.22004665 0.46924466
vt 0.22004665 0.46924466
vt 0.22004665 0.46924466
vt 0.22004665 0.46924466
vt 0.22004665 0.46924466
vt 0.22004665 0.46924466
vt 0.22004665 0.46924466
vt 0.22004665 0.46924466
vt 0.22004665 0.46924466
vt 0.22004665 0.46924466
vt 0.22004665 0.46924466
vt 0.22004665 0.46924466
vt 0.22004665 0.46924466
vt 0.22004665 0.46924466
vt 0.22004665 0.46924466
vt 0.22004665 0.46924466
vt 0.22004665 0.46924466
vt 0.22004665 0.46924466
vt 0.22004665 0.46924466
vt 0.22004665 0.46924466
vt 0.22004665 0.46924466
vt 0.22004665 0.46924466
vt 0.22004665 0.46924466
vt 0.22004665 0.46924466
vt 0.22004665 0.46924466
vt 0.22004665 0.46924466
vt 0.22004665 0.46924466
vt 0.22004665 0.46924466
vt 0.22004665 0.46924466
vt 0.22004665 0.46924466
vt 0.22004665 0.46924466
vt 0.22004665 0.46924466
vt 0.22004665 0.46924466
vt 0.22004665 0.46924466
vt 0.22004665 0.46924466
vt 0.22004665 0.46924466
vt 0.22004665 0.46924466
vt 0.22004665 0.46924466
vt 0.22004665 0.46924466
vt 0.22004665 0.46924466
vt 0.22004665 0.46924466
vt 0.22004665 0.46924466
vt 0.22004665 0.46924466
vt 0.22004665 0.46924466
vt 0.22004665 0.46924466
vt 0.22004665 0.46924466
vt 0.22004665 0.46924466
vt 0.22004665 0.46924466
vt 0.22004665 0.46924466
vt 0.22004665 0.46924466
vt 0.22004665 0.46924466
vt 0.22004665 0.46924466
vt 0.22004665 0.46924466
vt 0.22004665 0.46924466
vt 0.22004665 0.46924466
vt 0.22004665 0.46924466
vt 0.22004665 0.46924466
vt 0.22004665 0.46924466
vt 0.22004665 0.46924466
vt 0.22004665 0.46924466
vt 0.22004665 0.46924466
vt 0.22004665 0.46924466
vt 0.22004665 0.46924466
vt 0.22004665 0.46924466
vt 0.22004665 0.46924466
vt 0.22004665 0.46924466
vt 0.22004665 0.46924466
vt 0.22004665 0.46924466
vt 0.22004665 0.46924466
vt 0.22004665 0.46924466
vt 0.22004665 0.46924466
vt 0.22004665 0.46924466
vt 0.22004665 0.46924466
vt 0.22004665 0.46924466
vt 0.22004665 0.46924466
vt 0.22004665 0.46924466
vt 0.22004665 0.46924466
vt 0.22004665 0.46924466
vt 0.22004665 0.46924466
vt 0.22004665 0.46924466
vt 0.22004665 0.46924466
vt 0.22004665 0.46924466
vt 0.22004665 0.46924466
vt 0.22004665 0.46924466
vt 0.22004665 0.46924466
vt 0.22004665 0.46924466
vt 0.22004665 0.46924466
vt 0.22004665 0.46924466
vt 0.22004665 0.46924466
vt 0.22004665 0.46924466
vt 0.22004665 0.46924466
vt 0.22004665 0.46924466
vt 0.22004665 0.46924466
vt 0.22004665 0.46924466
vt 0.22004665 0.46924466
vt 0.22004665 0.46924466
vt 0.22004665 0.46924466
vt 0.22004665 0.46924466
vt 0.22004665 0.46924466
vt 0.22004665 0.46924466
vt 0.22004665 0.46924466
vt 0.22004665 0.46924466
vt 0.22004665 0.46924466
vt 0.22004665 0.46924466
vt 0.22004665 0.46924466
vt 0.22004665 0.46924466
vt 0.22004665 0.46924466
vt 0.22004665 0.46924466
vt 0.22004665 0.46924466
vt 0.22004665 0.46924466
vt 0.22004665 0.46924466
vt 0.22004665 0.46924466
vt 0.22004665 0.46924466
vt 0.22004665 0.46924466
vt 0.22004665 0.46924466
vt 0.22004665 0.46924466
vt 0.22004665 0.46924466
vt 0.22004665 0.46924466
vt 0.22004665 0.46924466
vt 0.22004665 0.46924466
vt 0.22004665 0.46924466
vt 0.22004665 0.46924466
vt 0.22004665 0.46924466
vt 0.22004665 0.46924466
vt 0.22004665 0.46924466
vt 0.22004665 0.46924466
vt 0.22004665 0.46924466
vt 0.22004665 0.46924466
vt 0.22004665 0.46924466
vt 0.22004665 0.46924466
vt 0.22004665 0.46924466
vt 0.22004665 0.46924466
vt 0.22004665 0.46924466
vt 0.22004665 0.46924466
vt 0.22004665 0.46924466
vt 0.22004665 0.46924466
vt 0.22004665 0.46924466
vt 0.22004665 0.46924466
vt 0.22004665 0.46924466
vt 0.22004665 0.46924466
vt 0.22004665 0.46924466
vt 0.22004665 0.46924466
vt 0.22004665 0.46924466
vt 0.22004665 0.46924466
vt 0.22004665 0.46924466
vt 0.22004665 0.46924466
vt 0.22004665 0.46924466
vt 0.22004665 0.46924466
vt 0.22004665 0.46924466
vt 0.22004665 0.46924466
vt 0.22004665 0.46924466
vt 0.22004665 0.46924466
vt 0.22004665 0.46924466
vt 0.22004665 0.46924466
vt 0.22004665 0.46924466
vt 0.22004665 0.46924466
vt 0.22004665 0.46924466
vt 0.22004665 0.46924466
vt 0.22004665 0.46924466
vt 0.22004665 0.46924466
vt 0.22004665 0.46924466
vt 0.22004665 0.46924466
vt 0.22004665 0.46924466
vt 0.22004665 0.46924466
vt 0.22004665 0.46924466
vt 0.22004665 0.46924466
vt 0.22004665 0.46924466
vt 0.22004665 0.46924466
vt 0.22004665 0.46924466
vt 0.22004665 0.46924466
vn -0.23722525 -0.029957352 -0.9709927
vn -0.15589164 -0.22789079 -0.96112627
vn -0.19007528 -0.055158947 -0.9802188
vn 0.008361226 -0.08154117 -0.9966349
vn -0.07423936 0.6098645 -0.7890208
vn 0.43614966 0.3186592 -0.8415639
vn -0.5085929 0.65158224 0.56282663
vn 0.8880761 -0.45820475 -0.03700452
vn -0.07989253 0.8762208 0.47524107
vn 0.72492117 0.47629148 -0.49763
vn 0.14405337 0.5787478 0.8026827
vn -0.77014506 0.63736373 -0.02537837
vn -0.9070002 -0.21222222 0.36374784
vn -0.90163314 0.10759583 -0.41890442
vn -0.78103596 0.118146054 -0.6132083
vn 0.2051688 -0.21535149 -0.9547405
vn 0.22934464 -0.055657715 -0.97175276
vn 0.03354546 -0.06429691 -0.99736685
vn 0.0023023798 0.088936955 -0.99603456
vn -0.08489789 -0.044655956 -0.9953885
vn -0.13120373 0.038441356 -0.9906098
vn -0.09569068 0.049095485 -0.99419963
vn -0.088602655 -0.05459437 -0.9945697
vn -0.10978233 -0.13606548 -0.9845984
vn -0.18934305 -0.03434594 -0.9813101
vn -0.15983762 0.08018938 -0.98388094
vn -0.18971221 -0.18649676 -0.9639648
vn -0.13939878 -0.030937472 -0.989753
vn -0.251306 -0.027271478 -0.9675234
vn 0.43614966 0.3186592 -0.8415639
vn -0.18330511 -0.054062635 -0.9815684
vn -0.23722525 -0.029957352 -0.9709927
vn -0.15589164 -0.22789079 -0.96112627
vn -0.13624704 0.08884445 -0.9866831
vn -0.13248575 0.09037356 -0.9870564
vn -0.0018313164 0.11906399 -0.9928848
vn -0.20869713 -0.058060676 -0.97625536
vn -0.19007528 -0.055158947 -0.9802188
vn 0.0023023798 0.088936955 -0.99603456
vn 0.22934464 -0.055657715 -0.97175276
vn 0.21711262 -0.051524032 -0.9747858
vn 0.2051688 -0.21535149 -0.9547405
vn -0.78103596 0.118146054 -0.6132083
vn 0.1505702 0.08662466 -0.9847969
vn 0.13647099 0.080482505 -0.98736936
vn 0.16053875 -0.0305757 -0.9865558
vn 0.28587013 -0.08656326 -0.9543507
vn -0.77014506 0.63736373 -0.02537837
vn 0.22989568 -0.08085676 -0.96985054
vn 0.20044847 -0.063253425 -0.9776602
vn 0.19990629 -0.18770526 -0.9616675
vn 0.1356771 -0.15290344 -0.9788832
vn 0.22380875 0.029222256 -0.9741949
vn 0.16142914 0.012490144 -0.9868052
vn 0.13297884 -0.08280751 -0.98765355
vn 0.12792854 -0.068967514 -0.9893826
vn 0.14312576 0.020137442 -0.9894996
vn -0.92096573 0.27180576 -0.27918413
vn -0.9070002 -0.21222222 0.36374784
vn -0.40628603 0.8131964 -0.41670537
vn -0.9629627 -0.18297292 -0.19804992
vn -0.9209013 0.3891634 0.022195145
vn -0.72830784 0.6851648 -0.010810843
vn -0.99894005 -0.045500193 -0.006970239
vn -0.5983626 0.7884905 0.14228511
vn -0.95434743 0.0036618742 -0.2986764
vn -0.23906077 0.88853157 0.3916141
vn -0.79559106 0.25793898 -0.548181
vn -0.017561015 0.9429674 0.33242142
vn -0.27424613 0.64147925 -0.71644515
vn -0.005923207 0.9482938 0.3173385
vn -0.0004017288 0.6648864 -0.74694437
vn 0.00039962414 0.9427635 0.33346173
vn 0.27197868 0.64721286 -0.7121398
vn 0.22667123 0.8883101 0.39940616
vn 0.7963568 0.26472822 -0.54381514
vn 0.6082394 0.77938217 0.15036009
vn 0.9556707 0.0022695651 -0.294429
vn 0.7754231 0.63123184 -0.016286297
vn 0.996214 -0.08464812 -0.01981187
vn 0.6910724 0.69304097 -0.205215
vn 0.72344923 -0.30058008 0.62150854
vn 0.46367526 -0.41099486 0.784913
vn 0.94832873 -0.29343936 -0.12068963
vn 0.8880761 -0.45820475 -0.03700452
vn 0.18566203 -0.32564497 0.92708415
vn 0.6443266 -0.03176266 0.76409054
vn 0.11818261 0.08202566 0.98959816
vn 0.097019814 0.004944563 0.9952702
vn 0.11482535 -0.16443893 0.979681
vn 0.8387805 0.15658559 0.52146727
vn 0.54823834 0.28197932 0.7873515
vn 0.69327545 -0.31925505 0.64610016
vn 0.99930644 0.037009012 0.004118494
vn 0.75955766 -0.6504396 0.00066843623
vn 0.9380663 0.07019209 -0.33927107
vn 0.7783537 -0.4340246 -0.45363885
vn 0.67262834 0.17135434 -0.71986717
vn 0.49390107 -0.15139437 -0.85623676
vn 0.24610542 0.21602018 -0.9448636
vn 0.23958054 -0.012024388 -0.970802
vn 0.004260304 0.20507851 -0.9787362
vn 0.0054335496 -0.005214527 -0.9999716
vn -0.2372239 0.21575391 -0.94719326
vn -0.22587635 -0.013564332 -0.9740615
vn -0.67161787 0.16920511 -0.7213177
vn -0.48705018 -0.15930969 -0.8587214
vn -0.9372247 0.067384936 -0.34215388
vn -0.7741188 -0.43541372 -0.4595161
vn -0.9993278 0.036331378 0.004891515
vn -0.75278115 -0.65827024 0.0008423309
vn -0.83613235 0.15498914 0.5261759
vn -0.6875125 -0.3175183 0.6530763
vn -0.55160546 0.2803064 0.78559524
vn -0.12777159 -0.16315109 0.9782925
vn -0.2909098 0.9497057 -0.11589047
vn -0.3690136 0.908134 -0.19779201
vn -0.16632406 0.86319005 -0.4766961
vn 0.014942958 0.9514398 -0.30747193
vn -0.012667972 0.77013016 -0.637761
vn -0.18794577 0.98215324 0.0071745235
vn 0.2195878 0.88800985 -0.4040047
vn 0.1779475 0.9839655 0.012103967
vn -0.20890301 0.9580108 0.19640477
vn 0.4428208 0.89656734 -0.008755872
vn 0.14529184 0.9425039 0.30095962
vn -0.16706319 0.96127635 0.2191747
vn 0.44222152 0.81794906 0.36796665
vn 0.11442663 0.8333453 0.5407792
vn -0.0425233 0.99476177 0.09295648
vn 0.29999396 0.676549 0.67252135
vn 0.061171662 0.85958153 0.50732404
vn -0.006094871 0.9982278 0.059196096
vn 0.15637758 0.6138872 0.7737497
vn -0.007724255 0.87208503 0.48929325
vn 0.03268097 0.99508154 0.09351264
vn -0.0077378456 0.6142848 0.78904647
vn -0.07430918 0.8584232 0.5075312
vn 0.15994471 0.9616666 0.22274417
vn -0.16964383 0.6108966 0.77332157
vn -0.1217543 0.8304432 0.543636
vn 0.2030542 0.958677 0.19926724
vn -0.30785522 0.67139125 0.6741357
vn -0.15205266 0.941165 0.30180863
vn 0.18171029 0.98332757 0.006949353
vn -0.44802263 0.8153295 0.36676076
vn -0.182956 0.9830488 0.011924407
vn 0.2896048 0.9522235 -0.09695141
vn -0.44916174 0.89341545 -0.007907339
vn -0.052852355 0.9455344 -0.32120293
vn 0.37321323 0.91303337 -0.16456613
vn -0.28782126 0.8509496 -0.4393674
vn 0.08272593 0.83931845 -0.537309
vn -0.1123429 0.6933665 -0.7117738
vn 0.8672949 -0.38092452 0.32046226
vn 0.9802239 -0.11322062 -0.16230315
vn 0.9466609 -0.16486253 -0.27686378
vn 0.68720084 -0.6693979 0.28224352
vn 0.40420982 -0.30418706 -0.8626034
vn 0.20237315 -0.85451776 0.4783769
vn 0.6995498 -0.5897594 0.40350202
vn 0.19753882 -0.8871235 -0.41712153
vn -0.84926116 -0.23100854 -0.4747531
vn -0.59174365 -0.71341604 -0.3753358
vn -0.96183586 -0.27346373 0.009455438
vn -0.59319454 -0.805042 0.005252914
vn -0.89413315 -0.37931624 0.23800221
vn 0.5811108 -0.8137595 0.010282423
vn 0.98430854 0.09374099 -0.14949723
vn -0.56012785 -0.8283616 0.008593295
vn -0.6455107 -0.5719194 0.50618607
vn 0.8279958 -0.39886174 -0.39412212
vn 0.8222269 0.54106957 -0.17659743
vn -0.41427514 -0.90671235 0.079049334
vn -0.22613594 -0.6787953 0.6986412
vn 0.6295357 -0.14850919 -0.76264656
vn 0.47111747 0.8521002 -0.22797708
vn -0.10123703 -0.98478913 0.1412145
vn -0.00027218446 -0.68966407 0.72412944
vn 0.29084495 0.11704098 -0.9495844
vn 0.11536019 0.9709055 -0.20984393
vn 0.0043415474 -0.98535943 0.17043489
vn 0.22498181 -0.675254 0.7024353
vn 0.004910021 0.22630979 -0.9740431
vn -0.004099954 0.98435056 -0.17617393
vn 0.10874249 -0.98346394 0.1448231
vn 0.6470016 -0.5661546 0.51074237
vn -0.28182736 0.11092502 -0.9530315
vn -0.122037835 0.9687482 -0.21594821
vn 0.42113322 -0.902837 0.0867882
vn 0.8956801 -0.37275982 0.24250205
vn -0.6243836 -0.15891944 -0.76478076
vn -0.480272 0.8445057 -0.23695764
vn 0.56247526 -0.82675666 0.009752159
vn 0.95778644 -0.2874775 -0.0013111463
vn -0.81995815 -0.4137893 -0.39553398
vn -0.828521 0.5292532 -0.1828767
vn 0.60114145 -0.7991343 0.0036372615
vn 0.7935432 -0.3358202 -0.5074583
vn -0.52957267 -0.84746504 0.03682176
vn -0.98782593 0.054044534 -0.14587389
vn 0.6128267 -0.74377006 -0.26692593
vn -0.35437217 -0.42811054 -0.8313493
vn -0.12921429 -0.91995764 0.37011006
vn -0.5747653 -0.7379862 0.35358322
vn -0.31007767 -0.88045675 -0.35867503
vn -0.9623889 -0.15556924 -0.22272354
vn -0.82530063 -0.54622614 0.14323364
vn 0.07464391 0.05325843 0.9957871
vn 0.0864727 -0.041704632 0.995381
vn 0.13054387 -0.03459981 0.9908386
vn 0.09326594 0.04889481 0.99443996
vn 0.1024977 0.13300739 0.9858008
vn 0.16135389 0.08187974 0.98349416
vn 0.1742615 -0.017570652 0.9845426
vn 0.17333192 0.1468346 0.97385603
vn 0.0791388 0.016298465 0.9967303
vn 0.12334129 -0.0033419016 0.9923586
vn 0.1991591 0.0866448 0.9761293
vn 0.040835924 -0.47588122 0.878561
vn 0.2047686 0.052645378 0.9773936
vn 0.12110821 -0.10156854 0.9874293
vn 0.24787691 0.13151762 0.95982295
vn 0.20626059 0.1652101 0.96444917
vn 0.18406196 -0.06497908 0.98076445
vn 0.13333918 -0.078761674 0.9879359
vn 0.00024951127 -0.08414867 0.99645317
vn 0.18018162 0.02891198 0.98320836
vn 0.15981361 0.054019243 0.98566806
vn 0.0013690952 -0.06804711 0.99768114
vn -0.19723372 -0.06405397 0.9782617
vn -0.15684922 0.036899276 0.98693305
vn -0.14435065 -0.09102573 0.98533106
vn -0.2306222 0.035312988 0.9724024
vn -0.13733745 -0.098871246 0.9855774
vn -0.2035185 0.06720451 0.9767619
vn -0.21616612 0.15892878 0.96333474
vn -0.2559142 0.096555054 0.9618654
vn -0.1637918 0.016328571 0.9863598
vn -0.10674 0.014472429 0.9941816
vn -0.1887678 0.16323963 0.9683592
vn -0.16071767 0.086477906 0.98320466
vn -0.13243204 0.15111373 0.9796053
vn -0.20462906 0.089982174 0.97469497
vn -0.054080628 -0.46980008 0.8811147
vn -0.19787438 0.012643964 0.9801459
vn -0.15184453 -0.003099207 0.9883995
vn -0.14593358 0.07064629 0.9867688
vn -0.122527905 0.06636336 0.99024385
vn -0.13631271 -0.012814619 0.99058306
vn 0.12356592 0.45919666 0.8796988
vn 0.6911347 -0.34438574 -0.63539845
vn -0.54215586 -0.62117404 0.56587094
vn -0.73643863 0.67328274 0.065943256
vn -0.63026655 -0.77637887 2.9656652E-05
vn -0.7071731 0.7068739 0.015346072
vn -0.47902095 -0.7057534 -0.52196854
vn -0.732109 0.6800393 0.039534308
vn -0.308943 -0.44684622 -0.8395729
vn -0.7240173 0.64311063 -0.24941465
vn -0.19631177 -0.34243682 -0.9188028
vn -0.24317198 0.781348 -0.57477194
vn 0.007145794 -0.32729986 -0.94489354
vn -0.0068932376 0.82509124 -0.56495744
vn 0.21192986 -0.34010231 -0.9161966
vn 0.23751299 0.7852824 -0.5717685
vn 0.31879014 -0.44093964 -0.83901435
vn 0.72207534 0.6453243 -0.24932659
vn 0.47157133 -0.7113827 -0.5211095
vn 0.7312375 0.6804464 0.047796365
vn 0.62309635 -0.78214484 -0.0006684158
vn 0.70875317 0.70530784 0.014485765
vn 0.53713584 -0.6288274 0.56219333
vn 0.73493224 0.67524225 0.06262926
vn 0.15352035 0.80807024 0.5687302
vn 0.10697511 0.76304984 0.6374256
vn -0.007416282 0.7373348 0.67548674
vn -0.121294744 0.75804174 0.6408278
vn -0.16295303 0.8030449 0.5732061
vn -0.19320506 0.93368936 0.30148962
vn -0.19396138 0.98095804 0.01000879
vn 0.18536836 0.9355189 0.30073747
vn 0.18706663 0.98229206 0.010413369
vn 0.04182257 0.96340907 -0.26475215
vn 0.5200409 0.8536854 0.0279052
vn 0.9005309 -0.40753844 0.15151452
vn -0.4637295 0.8853268 0.033931717
vn -0.51498705 0.85705644 -0.015571353
vn -0.62132466 0.78347886 0.010795988
vn -0.005096814 0.90309197 0.42941687
vn 0.62123 -0.44857424 0.64253753
vn -0.03538546 -0.05374871 0.9979273
vn -0.7375593 -0.48824823 0.46649766
vn 0.00016848322 -0.96883595 0.24770325
vn 0.69660395 -0.7115949 -0.09151834
vn 0.6969374 0.48903558 -0.5245213
vn 0.72948414 0.6839943 -0.0021575831
vn 0.6876305 -0.7260224 -0.0074662245
vn 0.7110916 0.5047724 0.48944214
vn -0.90488774 -0.42539984 0.014597504
vn -0.1423822 -0.9897425 -0.011706552
vn 0.67843294 -0.73410845 0.028524168
vn 0.44007316 0.23427488 0.8668627
vn -0.123147726 -0.94953626 -0.28847116
vn 0.5560803 -0.790974 0.25521496
vn 0.2254282 0.120744914 0.9667486
vn -0.83977765 -0.37180737 -0.3956422
vn 0.20080537 -0.79402477 0.57376117
vn -0.006099245 0.11130105 0.993768
vn -0.0917618 -0.8524438 -0.5147031
vn -0.36164922 0.93221027 -0.013918813
vn 0.0017223852 -0.81045204 0.5858025
vn -0.23945214 0.11887585 0.9636032
vn -0.05753799 -0.8657464 -0.49716464
vn -0.62701476 -0.06571379 -0.77623075
vn -0.08053838 0.9956067 -0.047756817
vn -0.1995013 -0.79482245 0.5731112
vn -0.4476803 0.2279791 0.86464316
vn 0.007567055 -0.8727369 -0.48813224
vn -0.24736586 0.007268801 -0.96889496
vn -0.0049013197 0.9981346 -0.06085331
vn -0.55390525 -0.79237103 0.25561124
vn -0.71317804 0.5049571 0.48620516
vn 0.07053052 -0.8643487 -0.49792233
vn 0.005518985 -0.01386646 -0.99988866
vn 0.072227225 0.996393 -0.044543203
vn -0.67404246 -0.73832643 0.023254458
vn -0.7325062 0.6807586 -0.0015340257
vn 0.099748045 -0.84932697 -0.5183571
vn 0.25719962 0.0123088 -0.96627986
vn 0.3542577 0.935123 -0.006807383
vn -0.68786037 -0.72581106 -0.0068044257
vn -0.69893944 0.49299955 -0.51810735
vn 0.1303125 -0.9482729 -0.2894772
vn 0.630876 -0.05811375 -0.77370423
vn 0.46068168 0.8868827 0.034802362
vn -0.69286984 -0.7156588 -0.08811261
vn -0.6930265 -0.3330359 -0.63937575
vn 0.14833769 -0.98887247 -0.011276003
vn 0.8434561 -0.36710593 -0.39219257
vn 0.5054279 0.8627303 -0.015463823
vn 0.907565 -0.4197109 0.0129818255
vn 0.0068821204 -0.9689021 0.24734849
vn -0.04927077 0.96316695 -0.2643517
vn 0.6195614 0.78490216 0.008503795
vn -0.12971784 0.4543757 0.8813149
vn -0.89975446 -0.40938464 0.1511492
vn 0.7419977 -0.48446128 0.46339676
vn -0.61773425 -0.44794375 0.64633644
vn -0.5217257 0.8526796 0.027200123
vn 0.03756095 -0.050441585 0.9980205
vn 0.0033747603 0.9046715 0.42609638
vn -0.222732 -0.10018356 -0.9697184
vn -0.18940304 -0.75464267 -0.6282044
vn -0.19917445 -0.117566556 -0.9728863
vn 0.0020000606 -0.80289894 -0.59611183
vn -0.0024339072 -0.12523022 -0.99212474
vn 0.19671853 -0.7594758 -0.62007916
vn -0.18660426 -0.10265781 -0.9770569
vn -0.16775271 -0.011876119 -0.9857576
vn -0.15350299 -0.06750875 -0.9858394
vn -0.10973708 0.021173887 -0.99373513
vn 0.20507899 -0.120702505 -0.97127414
vn -0.17356884 -0.14635666 -0.9738858
vn -0.20874114 -0.16243227 -0.9643874
vn -0.1758688 -0.044419173 -0.983411
vn -0.19378929 -0.037561677 -0.9803239
vn -0.20279169 -0.05095827 -0.9778951
vn -0.14776218 0.07437581 -0.98622245
vn -0.088339895 -0.0526264 -0.99469924
vn -0.07988881 -0.050888836 -0.99550396
vn -0.08060204 0.036777463 -0.99606764
vn -0.10569125 -0.13365759 -0.9853756
vn -0.08290856 -0.011940732 -0.9964856
vn -0.1461862 -0.033644218 -0.98868483
vn -0.11645679 0.10048218 -0.98809975
vn -0.14005439 0.08804598 -0.98622143
vn -0.00048535614 0.0023680222 -0.99999714
vn 0.0010368056 0.06690361 -0.99775887
vn 1.4373138E-05 -0.046557628 -0.99891555
vn 0.15774487 0.073670484 -0.984728
vn 0.14484987 0.0784435 -0.9863392
vn 0.21584208 -0.04687424 -0.9753025
vn 0.1387373 0.09667051 -0.98559964
vn 0.17473353 -0.05480381 -0.98308945
vn 0.21563213 -0.17157893 -0.9612822
vn 0.21778218 -0.052541476 -0.9745821
vn 0.24112952 -0.10691367 -0.964586
vn 0.17647317 -0.03185308 -0.98378986
vn 0.10830546 -0.013882705 -0.99402064
vn 0.19093345 -0.1510393 -0.9699131
vn 0.17183824 -0.08153764 -0.98174506
vn 0.13262613 -0.15068932 -0.9796443
vn 0.20163472 -0.09687982 -0.9746577
vn 0.18928355 -0.022690237 -0.98166025
vn 0.14481056 -0.0031134137 -0.9894545
vn 0.1324798 -0.08194393 -0.9877927
vn 0.12398857 -0.07281793 -0.9896082
vn 0.13196848 0.0080007315 -0.99122155
vn 0.12110821 -0.10156854 0.9874293
vn 0.0791388 0.016298465 0.9967303
vn 0.12334129 -0.0033419016 0.9923586
vn 0.12103659 -0.110569805 0.98647064
vn 0.09831735 0.0137762325 0.9950597
vn 0.1024977 0.13300739 0.9858008
vn 0.22953212 0.1586623 0.9602819
vn 0.07464391 0.05325843 0.9957871
vn 0.41212165 -0.091632105 0.9065094
vn 0.044665303 0.03467433 0.99840003
vn 0.0864727 -0.041704632 0.995381
vn 0.06600827 -0.114608 0.99121535
vn 0.08466684 -0.097558185 0.99162185
vn 0.13333918 -0.078761674 0.9879359
vn 0.00024951127 -0.08414867 0.99645317
vn -0.46358606 0.34498873 0.81613153
vn -0.00034160542 0.6052209 0.7960575
vn -0.3533803 0.6393881 0.6828654
vn -0.09435636 -0.09296453 0.9911884
vn -0.14435065 -0.09102573 0.98533106
vn -0.074406065 -0.11839663 0.9901748
vn -0.13733745 -0.098871246 0.9855774
vn -0.10674 0.014472429 0.9941816
vn 0.13496956 0.6224595 0.7709263
vn 0.36548626 0.5793392 0.7285506
vn 0.81054765 -0.063681014 0.58220035
vn -0.33886456 0.44021878 -0.83149153
vn -0.40387386 0.7042878 -0.583836
vn -7.622246E-05 0.7785246 -0.6276141
vn -0.090306856 0.09024745 -0.9918166
vn -0.25035584 0.819906 -0.51485556
vn 0.69158995 0.55263275 0.4650811
vn -0.00030031585 0.50942725 -0.86051375
vn -0.0058863056 0.06806812 -0.9976634
vn -0.062453058 0.026153002 -0.99770516
vn -0.11645679 0.10048218 -0.98809975
vn -0.14005439 0.08804598 -0.98622143
vn -0.00048535614 0.0023680222 -0.99999714
vn 0.06915915 0.025394276 -0.9972824
vn 0.14484987 0.0784435 -0.9863392
vn 0.34726855 0.43801633 -0.82918406
vn 0.018782897 0.06736007 -0.997552
vn 0.1387373 0.09667051 -0.98559964
vn 0.10830546 -0.013882705 -0.99402064
vn 0.44952348 0.3420845 0.8251708
vn 0.40945688 0.7011185 -0.5837618
vn 0.35742325 0.6441554 0.67624885
vn 0.0039845826 0.7759517 -0.6307797
vn 0.10347431 0.09307322 -0.99026793
vn -0.14177416 0.6118867 0.7781354
vn 0.12540185 -0.013163968 -0.99201864
vn 0.13262613 -0.15068932 -0.9796443
vn 0.24450655 -0.1516567 -0.9577144
vn 0.41987544 0.07421333 -0.90454245
vn 0.12398857 -0.07281793 -0.9896082
vn 0.2533147 0.8180618 -0.5163395
vn -0.13460118 -0.11936236 0.9836844
vn 0.08570377 -0.054594778 -0.9948238
vn 0.13196848 0.0080007315 -0.99122155
vn 0.2080472 0.34039915 -0.91697586
vn 0.14481056 -0.0031134137 -0.9894545
vn 0.18928355 -0.022690237 -0.98166025
vn 0.6911347 -0.34438574 -0.63539845
vn 0.6969374 0.48903558 -0.5245213
vn 0.16682588 0.87466365 -0.45511824
vn 0.72948414 0.6839943 -0.0021575831
vn -0.12734477 0.014960894 0.99174577
vn -0.13243204 0.15111373 0.9796053
vn -0.24480134 0.15013894 0.95787823
vn -0.4247934 -0.094968535 0.90029526
vn -0.122527905 0.06636336 0.99024385
vn -0.38310754 0.58040744 0.718579
vn 0.10915861 0.36799735 -0.9233972
vn 0.110529356 0.9938725 -0.00074126496
vn 0.7110916 0.5047724 0.48944214
vn -0.089242935 0.05103135 0.9947017
vn -0.13631271 -0.012814619 0.99058306
vn -0.20339389 -0.3555928 0.9122416
vn -0.15184453 -0.003099207 0.9883995
vn -0.19787438 0.012643964 0.9801459
vn -0.054080628 -0.46980008 0.8811147
vn -0.54215586 -0.62117404 0.56587094
vn -0.1238224 -0.8839999 0.4507906
vn -0.63026655 -0.77637887 2.9656652E-05
vn 0.17712922 0.8871569 0.4261195
vn 0.44007316 0.23427488 0.8668627
vn -0.11010342 -0.37387884 0.920919
vn -0.063876145 -0.99795616 0.0018331424
vn -0.47902095 -0.7057534 -0.52196854
vn -0.13345177 -0.8982486 -0.41873616
vn -0.308943 -0.44684622 -0.8395729
vn -0.063709505 -0.99796814 0.00073550915
vn -0.08953588 -0.8756106 0.47464654
vn -0.014654147 -0.8973045 0.44116873
vn -0.099583924 -0.883293 -0.45812273
vn -0.0007241208 -0.99999976 0.00014942701
vn -0.0078005823 0.010227878 0.99991727
vn -0.022880116 -0.42808303 0.90344965
vn 0.053002756 -0.5039023 0.86213285
vn -0.07330137 0.36643326 0.92755246
vn -0.18814522 -0.46708915 -0.8639613
vn -0.017109135 -0.8987315 -0.4381655
vn -0.2602673 -0.4992359 -0.8264529
vn 0.029190725 -0.9995739 1.319523E-05
vn 0.04077186 -0.92195654 0.3851413
vn 0.0406543 -0.92206264 -0.38489947
vn -0.063613005 -0.91034067 0.4089417
vn -0.07448271 -0.9944431 -0.0743983
vn -0.09921112 -0.85958266 0.5012732
vn -0.0540365 -0.482356 0.87430704
vn -0.06362473 -0.91035 -0.40891886
vn -0.101228505 -0.8851665 -0.4541289
vn -0.054035913 -0.48235592 -0.87430716
vn 0.049539667 -0.5083594 -0.85971886
vn 0.01739397 -0.53341526 0.84567463
vn 0.036284447 -0.05413518 0.99787414
vn -0.012887657 -0.04595425 0.99886036
vn -0.07507097 0.4164526 0.90605277
vn 0.017352566 -0.5334952 -0.8456251
vn 0.061117534 -0.03376825 0.9975592
vn 0.009143528 0.48626646 0.8737627
vn 0.034911826 0.45994154 0.8872626
vn -0.09302257 0.90923476 0.40575728
vn -0.07702529 0.89212334 0.4451775
vn -0.04388521 0.99572915 0.08122505
vn 0.03634391 -0.054177146 -0.99786973
vn -0.015048973 -0.06993484 -0.9974381
vn -0.07507064 0.41645145 -0.90605336
vn -0.20482926 0.8104992 0.54875875
vn -0.005695458 0.9160704 0.40097705
vn 0.04474924 -0.0493873 -0.9977767
vn 0.014373398 0.46184734 -0.886843
vn 0.009237492 0.48629558 -0.8737456
vn -0.09303641 0.90925276 -0.40571368
vn -0.080204785 0.8513721 -0.5183943
vn -0.018940236 0.99982053 0.00037333142
vn -0.22232033 0.97490114 0.011899313
vn -0.29787487 0.80067277 -0.51980144
vn -0.009492098 0.91777736 -0.39698204
vn -0.12987074 -0.077433884 -0.98850274
vn -0.6223345 0.4093347 0.6671918
vn -0.8021543 0.5971016 -0.004243875
vn -0.8096968 -0.049266364 0.5847767
vn -0.05955196 -0.46251324 -0.8846102
vn -0.28756613 -0.12758547 -0.94922477
vn -0.45603514 0.10504553 -0.8837406
vn -0.25507662 0.298496 -0.91969347
vn -0.3079113 -0.16280097 -0.9373828
vn -0.26965111 -0.16887592 -0.94803435
vn -0.702244 0.3829918 -0.6001421
vn -0.9998864 -0.0042497367 0.014460577
vn -0.30941415 0.023539081 -0.950636
vn -0.18278055 -0.1575452 -0.9704487
vn -0.19631177 -0.34243682 -0.9188028
vn 0.007145794 -0.32729986 -0.94489354
vn -0.84768665 0.018497877 -0.5301746
vn -0.6897125 0.56318307 0.45510608
vn -0.2096779 0.03361772 -0.97719246
vn -0.543147 0.035587415 -0.83888304
vn 0.4606795 0.8315488 -0.31032404
vn 0.81006104 0.018086394 -0.5860665
vn -0.69452345 0.5968497 -0.40175575
vn -0.42387056 0.6386406 -0.64223987
vn -0.25397775 0.054922808 -0.9656494
vn -0.8340392 0.55155814 0.012736428
vn 0.5481036 0.83640736 -0.0022518954
vn -0.1406112 0.06903337 -0.9876552
vn 0.5034862 0.8017218 0.32209268
vn 0.99930537 -0.034880374 -0.013124921
vn 0.31780908 0.7546756 0.5739879
vn -0.19246083 0.68523616 -0.70243156
vn 0.8419567 -0.052155863 0.5370183
vn 0.042146713 0.6867538 0.72566724
vn -0.11697076 0.082975544 -0.98966306
vn -0.13085932 0.71292996 -0.688917
vn -0.07891932 0.6479043 0.75762236
vn -0.15024492 0.047506046 -0.98750675
vn 0.006143697 -0.15509652 -0.9878803
vn 0.0060754283 0.05170486 -0.99864393
vn 0.20495524 -0.15480208 -0.9664521
vn 0.21192986 -0.34010231 -0.9161966
vn 0.2950462 -0.16043204 -0.94191784
vn 0.31879014 -0.44093964 -0.83901435
vn 0.17284288 0.04596674 -0.98387617
vn 0.0035894313 0.084248446 -0.9964384
vn -0.07839715 0.7176729 -0.69195336
vn 0.011123152 0.5734974 0.81913185
vn 0.0020436272 0.72686696 -0.68677527
vn 0.12360934 0.08022484 -0.9890828
vn -0.00037699568 0.5801024 0.8145434
vn 0.2436041 0.031745404 -0.9693551
vn 0.15468131 0.06060904 -0.98610353
vn 0.0776457 0.71842945 -0.69125265
vn -0.007927445 0.57204294 0.82018536
vn 0.30844697 -0.15235293 -0.9389616
vn 0.07880562 -0.20028895 0.9765623
vn -0.0044372054 -0.21253935 0.9771425
vn -0.0874441 -0.19722626 0.9764504
vn 0.063646816 -0.16207713 0.9847233
vn 0.20957689 -0.112436764 0.971306
vn 0.52725375 -0.07237538 0.8466199
vn 0.45691225 -0.10377636 0.8834374
vn 0.70370036 -0.38134816 0.5994826
vn 0.30290136 -0.7993897 0.5188707
vn 0.3094631 -0.02368288 0.95061654
vn 0.7948003 -0.6068568 0.004165949
vn 0.6267071 -0.4035971 -0.6665939
vn 0.21676198 -0.9761681 -0.0104887495
vn 0.21273048 -0.80887055 -0.54815525
vn 0.20978548 -0.03364612 0.9771683
vn 0.075070366 -0.3603741 -0.9297823
vn 0.0067200866 -0.012107283 -0.99990416
vn -0.034461185 -0.45746118 -0.8885616
vn 0.007199766 -0.9209119 -0.38970423
vn 0.019312808 -0.9998135 -0.00037915324
vn 0.2691766 0.16850886 0.94823456
vn 0.30703953 0.16155727 0.9378838
vn 0.09143286 -0.911098 -0.40192088
vn 0.014666831 -0.9953011 0.09571013
vn 0.035196476 -0.8838393 -0.4664646
vn 0.027610691 -0.4723643 -0.88097084
vn -0.010490464 -0.4855256 -0.8741595
vn 0.09143318 -0.9110981 0.4019205
vn 0.03519813 -0.88383955 0.46646413
vn 0.037298348 -0.37470913 0.92639184
vn -0.061917968 0.034041867 -0.9975005
vn -0.05257907 0.49990898 -0.86448044
vn -0.035935003 0.05569531 -0.9978009
vn 0.0017549582 0.05834507 -0.9982949
vn 0.042490568 0.46949342 -0.88191295
vn -0.018066555 0.531931 -0.8465949
vn 0.062002994 0.91107696 -0.40754694
vn 0.07026402 0.88044316 -0.46891657
vn 0.041599035 0.9948079 -0.09288006
vn 0.024012592 0.42089203 -0.90679294
vn 0.01455758 0.9003401 -0.43494353
vn -0.0406454 0.92579323 -0.37583902
vn -0.029271696 0.9995715 0
vn 0.08939742 0.8783006 -0.46967667
vn 0.06297464 0.99801517 -0.00014221358
vn 3.9504746E-05 1 0
vn 0.09851325 0.8847798 0.4554776
vn -0.040644865 0.92579305 0.37583953
vn 0.016350526 0.9012249 0.43304303
vn 0.18891701 0.46208453 0.8664804
vn 0.062002625 0.911077 0.40754682
vn 0.07026267 0.8804437 0.4689158
vn 0.04488258 0.49310324 0.8688123
vn -0.049237017 0.50405264 0.86226827
vn -0.01806611 0.5319314 0.8465947
vn -0.035934668 0.05569608 0.9978009
vn 0.0017553009 0.058345634 0.9982949
vn 0.27259567 0.48680356 0.82988787
vn 0.06020465 0.45533815 0.88828063
vn -0.044797692 0.050576165 0.997715
vn -0.0115285 -0.45972106 0.88798857
vn -0.010490559 -0.48552498 0.8741598
vn 0.12867202 0.07686644 0.9887038
vn 0.28635144 0.12626317 0.9497687
vn 0.25987193 -0.2929089 0.92014724
vn 0.011307781 -0.9227053 0.38534027
vn 0.18385069 0.15752243 0.97025025
vn 0.2254282 0.120744914 0.9667486
vn -0.006099245 0.11130105 0.993768
vn 0.15121952 -0.047235046 0.98737097
vn -0.0060470384 0.15505584 0.98788726
vn -0.005995227 -0.051832862 0.99863774
vn -0.20607308 0.15476172 0.9662209
vn -0.23945214 0.11887585 0.9636032
vn -0.17388484 -0.045662798 0.98370683
vn -0.29466692 0.15999 0.94211185
vn -0.4476803 0.2279791 0.86464316
vn -0.08058387 -0.15294565 0.98494357
vn -0.24410988 -0.031711176 0.969229
vn 0.07979948 0.65507966 0.75133383
vn -0.30714166 0.15081346 0.9396378
vn -0.22471677 -0.09672197 0.9696119
vn 0.12847826 0.70581776 -0.69664526
vn -0.32527983 -0.022201879 0.9453572
vn -0.04690498 0.69703573 0.7155006
vn 0.26739034 0.03969298 -0.9627704
vn 0.19742183 0.6755483 -0.71039367
vn 0.32524276 0.022064231 -0.94537306
vn -0.45283684 -0.1164099 0.8839612
vn -0.53375036 -0.052012566 0.844041
vn -0.24411888 0.11912201 0.96240115
vn -0.1334422 0.48166272 0.86613744
vn -0.30980882 0.76732445 0.5614549
vn -0.26008624 0.48525575 0.8347946
vn -0.1624628 0.895132 0.4151439
vn -0.71317804 0.5049571 0.48620516
vn -0.097766496 0.9952094 -0.00029561407
vn -0.7325062 0.6807586 -0.0015340257
vn -0.051945724 0.9037616 0.42487243
vn 0.034012374 0.9174139 0.39647806
vn -0.15182967 0.8858257 -0.43847537
vn -0.69893944 0.49299955 -0.51810735
vn -0.6930265 -0.3330359 -0.63937575
vn -0.024670273 0.99969566 -4.6534562E-05
vn -0.18943089 0.36094895 -0.9131439
vn -0.16775271 -0.011876119 -0.9857576
vn -0.10973708 0.021173887 -0.99373513
vn -0.08060204 0.036777463 -0.99606764
vn -0.04365486 0.8994965 -0.4347416
vn -0.05735671 0.4051854 -0.9124336
vn 0.03685749 0.9993205 0
vn -0.03979676 -0.03793635 -0.99848735
vn -0.07988881 -0.050888836 -0.99550396
vn -0.22898373 -0.16142009 -0.9599531
vn -0.10569125 -0.13365759 -0.9853756
vn -0.09554095 -0.0128369015 -0.99534273
vn -0.08290856 -0.011940732 -0.9964856
vn 0.035768677 0.9167529 -0.39785007
vn 0.043189347 0.46014002 -0.8867953
vn 0.053210307 -0.0038217807 -0.99857605
vn 0.087194666 0.5210033 -0.84908926
vn 0.06370417 0.9324564 -0.35562193
vn 0.047020547 0.9988939 0
vn -0.1461862 -0.033644218 -0.98868483
vn -0.41666993 0.0716598 -0.9062291
vn -0.81269944 0.029433617 -0.5819392
vn -0.45676127 0.8333598 -0.31125638
vn -0.06318009 0.91698307 -0.3938913
vn -0.020178895 0.9952508 0.09522968
vn -0.06366663 0.8890896 -0.45328385
vn -0.047497187 0.50559926 -0.86146
vn 0.01135376 0.5404684 -0.84128773
vn -0.06317981 0.91698307 0.39389133
vn -0.0636662 0.88908947 0.45328417
vn -0.046197698 0.4734373 0.8796151
vn 0.09640606 0.03154152 -0.99484223
vn 0.06734452 -0.48816028 -0.8701519
vn 0.026756993 0.05459677 -0.9981499
vn -0.019846398 0.05908739 -0.99805546
vn -0.05265934 -0.39799878 -0.9158734
vn 0.0038997957 -0.49679294 -0.86786026
vn -0.09036207 -0.9164855 -0.38972956
vn -0.06370999 -0.8902734 -0.45094827
vn 0.018719671 -0.9953832 0.094137214
vn -0.040331297 -0.3753256 -0.92601514
vn -0.2195954 -0.81464547 -0.5367779
vn 0.013992338 -0.93221486 -0.3616347
vn -0.0021416026 -0.9999976 -0.00039607272
vn -0.6539598 -0.37655362 -0.65615845
vn -0.9998895 -0.0062923213 -0.013466619
vn -0.8327717 -0.55361545 0.0010489672
vn -0.22606339 -0.9740554 -0.010552228
vn 0.008555123 -0.93387556 0.3574959
vn -0.09036253 -0.91648555 0.3897292
vn -0.06370759 -0.89027363 0.45094797
vn -0.049975835 -0.46776336 0.88243973
vn -0.5399085 0.84172094 -0.002144642
vn -0.84559417 -0.025221076 0.5332301
vn -0.72387373 -0.36028552 0.58838856
vn -0.31173235 -0.80239636 0.50890374
vn 0.039208103 -0.48841533 0.87172997
vn 0.0038997177 -0.4967927 0.86786056
vn 0.026757233 0.054597277 0.9981499
vn -0.019846305 0.059087582 0.99805546
vn 0.83777297 0.5459858 0.0060006105
vn 0.07417337 0.049011853 0.9960402
vn 0.08264188 0.5253885 0.84683955
vn 0.011354008 0.5404685 0.84128755
vn -0.06684793 0.076508984 0.9948255
vn 0.9993672 -0.0332341 0.012679404
vn 0.06370399 0.9324561 0.35562256
vn 0.008129499 0.4895557 0.8719341
vn -0.22376972 -0.3138221 0.92273664
vn -0.49021694 0.8122733 0.31606877
vn 0.42921126 0.6245292 -0.65248835
vn 0.7004203 0.58416283 -0.41007957
vn 0.85043895 -0.008478874 -0.5260054
vn 0.54901904 0.015353289 -0.8356688
vn 0.45233804 0.11684851 -0.88415885
vn 0.7231704 0.36093727 -0.58885384
vn 0.83857393 0.5447858 -0.0014645859
vn 0.24594508 -0.12073615 -0.9617347
vn 0.13283217 -0.4863216 -0.8636243
vn 0.64952123 0.3828397 0.6569292
vn 0.21107315 0.81635725 0.53759557
vn 0.23198321 0.97264534 0.012035268
vn 0.30642283 0.80383897 -0.5098508
vn 0.21935742 0.31699717 -0.9227108
vn 0.06836933 -0.07702536 -0.99468225
vn -0.042039663 0.48972225 -0.8708644
vn -0.011494716 0.9295904 -0.36841482
vn 0.0005931568 0.99999976 0.0003061205
vn 0.038263842 0.37969056 0.92432195
vn -0.06778789 0.48909152 0.8695943
vn -0.051954057 0.0018302352 0.99864787
vn -0.01646965 0.92803824 0.37212065
vn 0.09130632 0.9150627 0.3928401
vn 0.014122047 0.9957105 0.09143952
vn 0.09130975 0.91507435 -0.39281234
vn 0.09637413 0.86657053 0.48966068
vn 0.09518049 0.8952231 -0.4353347
vn 0.08122122 0.42869753 0.8997897
vn 0.08122086 0.42869744 -0.8997898
vn -0.0028940837 0.497288 -0.8675808
vn -0.0028150547 0.49728194 0.86758447
vn -0.027265107 -0.053023104 0.998221
vn 0.026278097 -0.06467489 0.9975604
vn 0.06122026 -0.4893304 0.8699471
vn -0.07388294 -0.04784551 -0.99611855
vn -0.082404636 -0.52805287 -0.845204
vn -0.027300151 -0.053095084 -0.9982162
vn 0.0258124 -0.051226955 -0.99835336
vn 0.061219234 -0.48933083 -0.8699469
vn -0.09538152 -0.031450514 0.9949438
vn -0.010755451 -0.5417145 0.84049374
vn -0.010711003 -0.54180014 -0.84043914
vn 0.06439953 -0.9163428 -0.39518163
vn 0.09036643 -0.87051916 -0.48376685
vn 0.051155876 -0.99556065 0.079006754
vn -0.0870522 -0.5234743 0.84758276
vn 0.06438499 -0.9163334 0.39520586
vn 0.09084416 -0.89352393 0.43972996
vn -0.064094245 -0.92918676 0.3640108
vn -0.047258824 -0.9988827 0
vn -0.043851793 -0.46531823 0.8840566
vn -0.036061212 -0.913798 0.40456477
vn 0.05919591 -0.4104107 0.90997744
vn -0.037040234 -0.9993137 0.00010394201
vn -0.03367504 -0.91487074 -0.40234017
vn -0.0639803 -0.9292805 -0.36379135
vn 0.18662694 -0.3786973 0.90650916
vn 0.13054387 -0.03459981 0.9908386
vn 0.1742615 -0.017570652 0.9845426
vn 0.040835924 -0.47588122 0.878561
vn 0.043180343 -0.89649177 0.44095132
vn 0.102976575 -0.8951039 0.43380296
vn 0.53713584 -0.6288274 0.56219333
vn 0.62309635 -0.78214484 -0.0006684158
vn 0.024470069 -0.9997004 0.00046811486
vn 0.04067801 -0.99917173 0.0010805846
vn 0.47157133 -0.7113827 -0.5211095
vn 0.05262709 -0.9017279 -0.42908883
vn 0.11311393 -0.9061106 -0.40763822
vn 0.24777289 -0.49760002 -0.83126575
vn -0.008532022 -0.49451935 -0.86912477
vn -0.054080628 -0.46980008 0.8811147
vn 0.19671853 -0.7594758 -0.62007916
vn 0.6911347 -0.34438574 -0.63539845
vn -0.13037466 -0.61640614 0.7765603
vn 0.0020000606 -0.80289894 -0.59611183
vn -0.21869849 0.13584952 0.96628976
vn 0.0040767263 0.12728518 0.9918578
vn -0.2559142 0.096555054 0.9618654
vn -0.21616612 0.15892878 0.96333474
vn -0.15684922 0.036899276 0.98693305
vn 0.0056372466 -0.61194766 0.79087824
vn -0.18940304 -0.75464267 -0.6282044
vn 0.12919013 -0.5992229 0.79008967
vn -0.6930265 -0.3330359 -0.63937575
vn 0.040835924 -0.47588122 0.878561
vn 0.24787691 0.13151762 0.95982295
vn 0.20385882 0.1126788 0.97249424
vn 0.20626059 0.1652101 0.96444917
vn 0.15981361 0.054019243 0.98566806
vn 0.0014006092 0.045062706 0.9989832
vn 0.0013690952 -0.06804711 0.99768114
vn 0.16142914 0.012490144 -0.9868052
vn 0.06713086 0.43704355 -0.89693165
vn 0.22380875 0.029222256 -0.9741949
vn -0.77014506 0.63736373 -0.02537837
vn 0.14312576 0.020137442 -0.9894996
vn 0.09497872 -0.04569842 -0.99442977
vn -0.40628603 0.8131964 -0.41670537
vn 0.12792854 -0.068967514 -0.9893826
vn -0.034140933 0.90095 -0.43257752
vn -0.72830784 0.6851648 -0.010810843
vn 0.12948692 -0.018011862 -0.9914175
vn 0.24436788 -0.1471068 -0.95845914
vn 0.1356771 -0.15290344 -0.9788832
vn 0.16053875 -0.0305757 -0.9865558
vn 0.13394327 0.13977483 -0.9810822
vn 0.11181086 0.38195512 -0.9173923
vn -0.04339052 0.99904865 -0.004372256
vn -0.5983626 0.7884905 0.14228511
vn 0.093038924 0.13437064 -0.9865537
vn 0.13647099 0.080482505 -0.98736936
vn 0.05598304 0.9157813 0.39775681
vn -0.23906077 0.88853157 0.3916141
vn 0.11788445 0.11732707 -0.98607177
vn -0.0018313164 0.11906399 -0.9928848
vn 0.06525016 0.9978676 -0.0016147877
vn 0.089694545 0.8714978 -0.48212713
vn 0.014307793 0.8933139 -0.44920534
vn 0.10145212 0.88078797 0.4625148
vn 0.0014179419 0.9999989 -0.0004126766
vn 0.18723242 0.47387278 0.8604584
vn 0.25706822 0.5043808 0.8243276
vn 0.017884573 0.8954083 0.44488677
vn 0.27087235 0.17030518 0.9474304
vn 0.30885917 0.165442 0.93660825
vn 0.18195525 0.15793909 0.97053987
vn -0.017561015 0.9429674 0.33242142
vn -0.005923207 0.9482938 0.3173385
vn -0.029222704 0.99957293 -5.215126E-05
vn -0.04066449 0.9173247 0.3960576
vn 0.059062578 0.47107688 0.8801125
vn 0.28964293 0.12994964 0.94827217
vn 0.47203094 -0.09826321 0.8760885
vn 0.33063662 0.005629815 0.94374144
vn -0.049902413 0.51388144 0.85640854
vn 0.13199063 0.07849211 0.9881384
vn 0.20823866 0.009427738 0.9780326
vn 0.12877132 0.9870345 -0.095816255
vn 0.06767952 0.90958285 0.4099736
vn 0.1604361 0.8637793 0.47764584
vn 0.13021503 0.488933 0.86254776
vn 0.06764309 0.9095574 -0.4100363
vn 0.16043586 0.8637793 -0.47764614
vn 0.12757215 0.46490955 -0.87611896
vn -0.016601484 0.5364443 0.8437724
vn -0.044670407 0.047860965 0.99785465
vn -0.01841912 -0.4662211 0.88447654
vn -0.036882047 0.052015536 0.997965
vn 0.083972596 0.04977582 0.9952242
vn 0.12319262 -0.3746276 0.9189547
vn -0.0077568823 -0.48875946 0.8723842
vn 0.10019813 -0.90734476 0.40827185
vn 0.1305015 -0.8692894 0.47676554
vn 0.109948255 -0.9890175 0.09877168
vn 0.24984823 -0.30522656 0.91891927
vn 0.28785795 -0.80504286 0.51869434
vn 0.006021177 -0.9118273 0.41052973
vn 0.01747781 -0.9998472 -0.00025279928
vn 0.0033626042 -0.9102894 -0.413959
vn 0.2216217 -0.97502387 -0.014571955
vn 0.10017381 -0.90731114 -0.40835238
vn 0.13050461 -0.86928886 -0.47676557
vn 0.119585454 -0.47427124 -0.87221897
vn -0.035079807 -0.46382943 -0.88522977
vn -0.0075003947 -0.4887335 -0.8724009
vn -0.03672371 0.051933132 -0.9979752
vn 0.083974555 0.049774837 -0.99522406
vn 0.19041662 -0.81491745 -0.5474039
vn -0.059761718 0.033611532 -0.99764663
vn -0.053528592 0.50922567 -0.8589667
vn -0.016709642 0.5362664 -0.84388345
vn 0.009666335 -0.007329097 -0.99992645
vn 0.070579216 -0.3752891 -0.92421687
vn -0.041004907 0.91706026 -0.39663446
vn 0.021571882 0.43712845 -0.89914036
vn 0.61443436 -0.41419828 -0.6714985
vn 0.807948 -0.58921504 0.0067636524
vn 0.82066077 0.051795956 -0.5690633
vn 0.69983774 -0.38112742 0.60412675
vn 0.9998629 -0.0015440332 -0.01648665
vn 0.85707617 -0.020223666 0.5147927
vn 0.4400396 0.10917451 -0.891317
vn 0.13480566 -0.58216816 -0.80181515
vn 0.4003227 -0.55335647 -0.7304371
vn 0.58768433 -0.022418205 0.8087796
vn 0.7051933 -0.5470682 -0.45101976
vn -0.40967062 -0.6265259 -0.66305006
vn -0.22817299 -0.8422099 0.48848712
vn -0.0119419545 -0.79220134 0.61014295
vn -0.41485468 -0.8616376 0.2923632
vn -0.4403897 -0.6999764 0.5622187
vn -0.4822081 -0.8760568 -0.00016611816
vn -0.32033083 -0.29024303 -0.90174675
vn -0.35438555 -0.5844862 0.7299224
vn 0.8394422 -0.5433308 -0.011328807
vn -0.45575082 -0.83591986 -0.3058255
vn 0.00868634 -0.6665753 -0.745387
vn 0.011258841 -0.35650948 0.93422383
vn 0.7066391 -0.5841982 0.39921644
vn -0.28996015 -0.78780174 -0.5434075
vn 0.4617435 -0.6178912 0.6363989
vn -0.028731566 -0.7124688 -0.70111525
vn -0.10817524 0.11770611 -0.9871389
vn -0.13248575 0.09037356 -0.9870564
vn -0.13939878 -0.030937472 -0.989753
vn 0.34934998 -0.29425523 -0.8895889
vn 0.36087376 -0.59528905 0.7179144
vn 0.29509622 -0.028485255 0.9550428
vn 0.22561996 -0.6784014 0.69919026
vn 0.07431254 -0.685327 -0.7244339
vn 0.14278615 -0.04076651 0.9889137
vn 0.11531389 -0.7211848 0.68307775
vn -0.007794589 -0.57588756 -0.8174918
vn -0.083431505 0.1308839 -0.9878808
vn 0.113611825 -0.050636165 0.992234
vn 0.07012762 -0.72097373 0.6894048
vn 0.00012744963 -0.6145085 -0.78891015
vn 0.40181202 -0.62186587 -0.672183
vn 0.43436348 -0.7043106 0.5614936
vn -0.121084854 0.13068993 -0.9840013
vn -0.12901008 -0.5963776 -0.792269
vn 0.008571051 -0.7936092 0.6083675
vn -0.3826366 -0.5511168 -0.7415251
vn 0.22440162 -0.8430012 0.488869
vn -0.0027021295 -0.7423655 0.6699897
vn 0.00249248 -0.57151407 -0.8205885
vn -0.09968276 -0.017073503 -0.99487275
vn -0.10978233 -0.13606548 -0.9845984
vn -0.22882256 -0.15431368 -0.9611595
vn -0.08489789 -0.044655956 -0.9953885
vn -0.42604563 0.10700721 -0.898351
vn -0.70701486 -0.535553 -0.46185824
vn 0.41005602 -0.8638368 0.29264322
vn -0.8207881 0.06689222 -0.5673026
vn -0.8433602 -0.5373159 -0.0059286016
vn 0.47335875 -0.8808696 -0.000349164
vn -0.99953973 0.026560856 -0.014661211
vn -0.7130652 -0.5708308 0.4070507
vn 0.44154474 -0.8458732 -0.29922685
vn -0.85988367 0.006582892 0.5104475
vn -0.466638 -0.60356826 0.64649385
vn 0.28162298 -0.7993204 -0.53082526
vn -0.6404197 -0.38972804 -0.66179657
vn -0.19475694 -0.82122475 -0.53633916
vn -0.842878 -0.53808224 0.004918798
vn -0.22917952 -0.6683752 0.7076378
vn 0.033516828 -0.722133 -0.69094175
vn -0.59310055 -0.0023875644 0.80512476
vn -0.7215387 -0.35701546 0.59322995
vn -0.11119046 -0.71122754 0.6941125
vn -0.07584437 -0.6935028 -0.71645063
vn -0.3077842 -0.012907878 0.95136863
vn -0.067798264 -0.72475374 0.6856642
vn -0.1550971 -0.031862475 0.9873853
vn -0.118670784 -0.04764837 0.9917897
vn -0.0035207977 -0.051681727 0.99865735
vn -0.169986 -0.0031836194 0.9854414
vn -0.0058676396 -0.0071459576 0.9999573
vn -0.4699526 -0.108222924 0.8760322
vn -0.24140014 0.0112695955 0.9703602
vn 0.14790268 -0.004411868 0.9889921
vn -0.0062861172 0.15523273 0.98785794
vn -0.20406155 0.15527579 0.96656525
vn 0.00039962414 0.9427635 0.33346173
vn -0.2960125 0.16211286 0.94132674
vn 0.22667123 0.8883101 0.39940616
vn -0.34653443 0.007297691 0.9380089
vn -0.31002915 0.15559499 0.9379084
vn -0.24904855 0.1236104 0.9605702
vn -0.13225468 0.49241963 0.86025095
vn -0.24574605 0.50249493 0.82891965
vn -0.010554288 0.9236702 0.3830432
vn 0.6082394 0.77938217 0.15036009
vn 0.105728574 0.99439067 -0.002919273
vn 0.7754231 0.63123184 -0.016286297
vn -0.05399553 0.8984201 0.4358048
vn 0.033548888 0.91144913 0.41004255
vn 0.06250331 0.9105882 -0.4085614
vn 0.6910724 0.69304097 -0.205215
vn 0.43614966 0.3186592 -0.8415639
vn -0.02500009 0.99968684 -0.0011215416
vn -0.09063346 0.42250115 -0.9018195
vn -0.15983762 0.08018938 -0.98388094
vn -0.13120373 0.038441356 -0.9906098
vn -0.09569068 0.049095485 -0.99419963
vn -0.042611685 0.8919539 -0.45011374
vn -0.062459774 0.41736034 -0.906592
vn 0.037556253 0.9992945 -0.00028931364
vn -0.052580316 -0.030041257 -0.9981647
vn 0.03697145 0.9098766 -0.4132283
vn 0.04454062 0.47249457 -0.8802074
vn 0.049892906 0.0013087183 -0.9987538
vn 0.08685291 0.5271669 -0.8453115
vn 0.064606376 0.92477 -0.3750019
vn 0.047706172 0.99886143 -3.7116322E-05
vn -0.035000168 -0.38648605 -0.9216309
vn 0.06798317 -0.49140817 -0.86827195
vn 0.09370746 0.03153201 -0.9951003
vn -0.06831448 0.9155987 -0.3962476
vn 0.010117117 0.54415816 -0.8389217
vn 0.027974024 0.05086095 -0.9983139
vn -0.10869511 0.98922104 0.09811851
vn -0.15369296 0.8738017 -0.4613557
vn -0.13350502 0.50296146 -0.8539358
vn -0.10247034 0.053477153 -0.9932975
vn -0.1381432 -0.395572 -0.90798634
vn -0.068354584 0.9156241 0.39618197
vn -0.15369642 0.87380093 0.4613559
vn -0.13164423 0.4702074 0.8726826
vn 0.0013980094 -0.4991617 -0.86650777
vn -0.09615571 -0.91336685 -0.39561984
vn -0.15553522 -0.8735507 -0.46121353
vn -0.0768333 -0.99194884 0.10066831
vn 0.020489406 -0.9229324 -0.38441637
vn 0.0028073683 -0.99999607 -5.4148346E-05
vn -0.23132536 -0.9727533 -0.015479764
vn 0.017023614 -0.9243138 0.38125357
vn -0.29618582 -0.80859953 0.5083706
vn -0.09616041 -0.9133908 0.39556336
vn -0.15553313 -0.87355125 0.4612133
vn -0.13828093 -0.4665477 0.8736198
vn 0.046349835 -0.493483 0.86851954
vn -0.21504028 -0.31990337 0.92272395
vn -0.07100289 0.07801392 0.9944207
vn 0.001606425 -0.49915785 0.8665097
vn 0.028070929 0.051006492 0.9983038
vn -0.10246874 0.05347803 0.99329764
vn 0.07342879 0.046280406 0.9962261
vn 0.08207033 0.5318163 0.8428736
vn 0.008765564 0.5007263 0.8655613
vn 0.010000078 0.5443525 0.838797
vn 0.06428934 0.92500067 0.37448728
vn 0.019639673 0.80929226 -0.5870778
vn 0.0047203065 0.36255914 -0.9319488
vn 0.35422826 0.33854663 -0.8717273
vn -0.41790396 0.35150826 -0.837734
vn 0.27937156 0.79939514 -0.5319012
vn 0.70551556 0.28201982 -0.6501635
vn -0.30931985 0.79213214 -0.5261633
vn -0.74450547 0.29981005 -0.5965112
vn 0.55990386 0.7305339 -0.3909322
vn 0.9354383 0.19276847 -0.29630336
vn -0.5538373 0.7648562 -0.32902768
vn -0.9151973 0.23780292 -0.32536682
vn -0.67800146 0.72541624 -0.11868158
vn -0.98645115 0.15999416 0.036276642
vn 0.019625427 0.4650736 0.88505447
vn 0.2818585 0.4807594 0.8303169
vn 0.5624477 0.48196992 0.6718316
vn 0.72538066 0.68175036 -0.095075004
vn -0.31175926 0.47679487 0.82187146
vn 0.7563773 0.6376909 0.14575198
vn 0.99316037 0.11405544 0.024976496
vn 0.9366066 0.04174566 0.34788728
vn 0.7272886 0.5700579 0.38221097
vn 0.70778257 -0.035890717 0.70551807
vn 0.3558349 -0.084223896 0.9307458
vn 0.005469893 -0.08956551 0.99596584
vn -0.4185429 -0.057525262 0.9063734
vn -0.55728185 0.5399359 0.6307981
vn -0.7454519 0.0036712082 0.66654927
vn -0.67970836 0.5987031 0.42373472
vn -0.9158967 0.06876809 0.3954799
vn -0.7518402 0.6425193 0.1480043
vn -0.41416124 -0.86100906 0.2951845
vn -0.80908954 -0.13467056 0.5720472
vn -0.9887899 -0.14931369 0
vn -0.41564664 -0.09700832 0.90433806
vn -0.4777881 -0.8784751 0
vn -0.8090898 -0.13467109 -0.5720467
vn -0.4141615 -0.86100924 -0.2951837
vn -0.41564712 -0.09700913 -0.90433776
vn -0.22848468 -0.8289832 -0.5104719
vn 0.0020238266 -0.050726477 -0.9987105
vn 0.00043306517 -0.805951 -0.59198207
vn 0.58751124 0.01322851 -0.8091079
vn 0.8360453 -0.5486603 0
vn 0.6860639 -0.56208485 0.46192747
vn 0.6860639 -0.56208515 -0.4619272
vn 0.3648571 -0.571214 0.7352509
vn -0.22848436 -0.82898283 0.51047283
vn 0.36485693 -0.57121456 -0.7352505
vn 0.4446966 0.07494906 -0.8925399
vn 0.00043301587 -0.8059504 0.59198296
vn 0.0020238606 -0.05072559 0.9987105
vn -0.008979366 -0.607526 -0.794249
vn 0.30937296 -0.8534984 0.4193196
vn 0.5875115 0.013229222 0.80910766
vn -0.4774058 -0.5802797 -0.6598175
vn 0.6131502 -0.7774837 0.13987884
vn 0.96390224 0.069732435 0.2569627
vn -0.013011624 0.028272996 -0.99951553
vn -0.71870047 -0.6586259 -0.22289346
vn 0.71311724 -0.7010448 0
vn 0.9969112 0.07853648 0
vn -0.59521264 -0.043883964 -0.8023691
vn -0.69542706 -0.7185967 0
vn 0.6131503 -0.7774835 -0.13987865
vn 0.9639021 0.069732286 -0.25696295
vn -0.009290177 0.09280546 -0.9956409
vn -0.9554591 -0.105645135 -0.27556673
vn -0.71870023 -0.658626 0.222894
vn 0.3093733 -0.85349846 -0.41931906
vn -0.4774054 -0.5802793 0.6598182
vn -0.5952125 -0.0438834 0.80236924
vn -0.008979249 -0.60752517 0.7942497
vn -0.9928074 -0.11972222 0
vn -0.0130113475 0.028273694 0.99951553
vn 0.444697 0.07494972 0.89253974
vn -0.9554591 -0.105644874 0.2755669
vn -0.9489852 -0.10990959 0.29554495
vn -0.99005973 -0.14064746 0
vn -0.009258476 0.09278392 0.99564326
vn 0.8319381 0.108375415 0.54418176
vn -0.9489871 -0.10992325 -0.29553396
vn -0.58185565 -0.008276476 0.81325
vn -0.5174782 0.4290796 0.74034244
vn 0.9927407 0.120274566 0
vn -0.5818494 -0.0082592135 -0.81325465
vn -0.51693517 0.42983693 -0.74028254
vn -0.96335024 0.07787353 -0.25669464
vn -0.9979463 0.06405643 0
vn -0.96332973 0.07804148 0.25672022
vn -0.90223837 0.26210156 0.3424452
vn -0.62885994 0.77751863 0.0002035764
vn 0.8319381 0.10837509 -0.5441819
vn 0.80972266 0.2053903 -0.54969436
vn -0.90260154 0.26748654 -0.33728534
vn 0.97383195 0.22726953 0
vn 0.42605528 0.15626909 -0.8910987
vn 0.2578704 0.77791053 -0.5730254
vn 0.8097229 0.20539062 0.54969394
vn -0.06148632 0.77000797 -0.6350647
vn 0.4260583 0.15626805 0.89109737
vn -0.061780535 0.7700064 0.635038
vn 0.25787625 0.7779054 0.5730297
vn 0.4931103 0.797231 0.34823126
vn 0.59925926 0.80055505 0
vn 0.4931098 0.7972311 -0.34823173
vn -0.1032787 0.72262716 0.6834789
vn -0.30962995 0.6879391 0.65640616
vn -0.6241319 0.64760673 0.43710962
vn -0.7688108 0.6394763 2.4959445E-05
vn -0.6241323 0.64760625 -0.43710998
vn -0.30965117 0.6879407 -0.6563946
vn -0.103615105 0.7228195 -0.6832246
vn 0.65643513 0.60724616 0.4475991
vn 0.65646476 0.60554475 -0.44985503
vn 0.100910075 0.5110998 0.85357726
vn 0.7424984 0.66743875 0.056760516
vn 0.09035166 0.5255757 -0.84593546
vn 0.80336416 0.46701092 0.36946836
vn 0.95353264 0.1423983 0.26551494
vn 0.0014777732 0.99088216 0.13472348
vn 0.020933408 0.7320811 -0.6808958
vn 0.7000638 0.7140802 -0.00014680566
vn 0.9879991 0.15445946 3.7934158E-05
vn 0.8013222 0.47042254 -0.36957452
vn 0.9534202 0.14276807 -0.26572004
vn 0.74275357 0.66699576 -0.058598876
vn -0.035647556 0.9640754 0.26322594
vn -0.745388 0.6636381 0.06309711
vn 0.010503585 0.9961462 -0.08707682
vn -0.8091657 0.4504517 0.3772853
vn -0.71016043 0.7040399 -0.00016661442
vn 0.010611586 0.99653864 0.08245096
vn -0.035260588 0.9620269 -0.27066758
vn -0.8071768 0.45391 -0.3774006
vn 0.0014684235 0.99292105 -0.11876739
vn 0.021187019 0.71346045 0.7003751
vn 0.035635002 0.9989838 0.027593298
vn -0.013182323 0.9892278 -0.14579
vn 0.8988223 0.31124315 0.30861977
vn -0.07352816 0.57480437 0.81498075
vn 0.61492926 0.7885822 0.00021458011
vn -0.74551904 0.66334826 -0.064578414
vn -0.013172658 0.98911333 0.14656533
vn 0.03680006 0.9989317 -0.027951341
vn 0.8990274 0.31932804 -0.29963195
vn -0.062452078 0.5923383 -0.8032653
vn 0.5003023 0.44441253 -0.7430983
vn 0.9595768 0.09829346 -0.26372477
vn 0.94676673 -0.092478596 -0.30835107
vn -0.6597016 0.59032154 0.46509606
vn -0.9538462 0.11633674 0.27684516
vn -0.99197245 0.1264546 4.2619184E-05
vn -0.95374393 0.116684906 -0.2770509
vn 0.09832715 0.7072907 0.70005107
vn -0.659728 0.5886193 -0.46721104
vn 0.5009498 0.4436639 0.7431095
vn 0.06073006 0.78286463 -0.6192212
vn 0.31477782 0.6707512 0.6715711
vn 0.06100979 0.78285706 0.6192031
vn 0.098715484 0.7075005 -0.6997844
vn 0.95955145 0.09850006 0.2637397
vn -0.24913655 0.79033244 -0.5597372
vn 0.63716865 0.6289194 0.44550705
vn -0.24914269 0.7903272 0.5597418
vn 0.314798 0.67075306 -0.6715598
vn 0.99636203 0.085220866 1.1906996E-05
vn 0.99222744 -0.12443729 0
vn -0.47919622 0.80955505 -0.33910397
vn 0.7861596 0.61802363 -2.3841856E-05
vn -0.4791981 0.8095543 0.33910334
vn -0.80749696 0.22116439 0.5468408
vn 0.63716763 0.62892073 -0.44550672
vn -0.5822535 0.81300724 0
vn -0.97007096 0.24282171 0
vn -0.8074967 0.2211641 -0.5468414
vn 0.9467646 -0.09246454 0.30836192
vn -0.4235348 0.17163508 -0.88947153
vn 0.009444534 0.10843931 -0.99405825
vn -0.44434562 0.07387819 -0.892804
vn -0.83317816 0.10736227 -0.54248255
vn -0.99289083 0.11902903 0
vn 0.5747613 0.010092637 0.81825894
vn 0.009414603 0.10841799 0.9940608
vn 0.58486795 -0.045393933 0.8098573
vn -0.42353746 0.17163412 0.8894705
vn -0.44434562 0.073878735 0.8928039
vn -0.8331783 0.10736248 0.54248244
vn -0.6820236 -0.5708486 0.45713863
vn -0.82949775 -0.55851007 0
vn 0.950792 -0.10931656 0.289904
vn 0.011400704 0.027051905 0.999569
vn -0.6820234 -0.57084894 -0.45713845
vn 0.992211 -0.124568805 0
vn 0.007580678 -0.6164084 0.7873901
vn 0.46539116 -0.59050417 0.65933
vn 0.70867705 -0.66688514 0.23030667
vn 0.68777424 -0.72592455 0
vn -0.36174497 -0.57974404 0.7300941
vn -0.31446052 -0.8420297 -0.43829277
vn -0.0008103374 -0.7971336 -0.60380244
vn 0.23275864 -0.82157594 -0.5204196
vn 0.4252041 -0.85353905 -0.30111897
vn 0.41581783 -0.094050795 -0.9045717
vn -0.0023962134 -0.04766795 -0.99886036
vn 0.8114792 -0.13111448 -0.56948256
vn -0.5764532 0.016751576 -0.8169585
vn 0.98942953 -0.14501463 0
vn -0.6207072 -0.7688195 -0.15374994
vn -0.9583313 0.074590236 -0.2757491
vn 0.4936304 -0.8696718 0
vn 0.811479 -0.13111435 0.569483
vn -0.72205794 -0.6918326 0
vn -0.9964001 0.084774375 0
vn 0.42520437 -0.8535386 0.30111954
vn 0.41581798 -0.09405009 0.9045717
vn 0.23275869 -0.8215756 0.5204201
vn -0.0023972306 -0.047668684 0.99886036
vn 0.70867705 -0.66688526 -0.23030633
vn -0.62070733 -0.76881933 0.15375052
vn -0.9583313 0.07459051 0.2757489
vn -0.57642204 0.016761528 0.81698024
vn -0.3617449 -0.57974434 -0.73009396
vn -0.00081024045 -0.7971332 0.60380286
vn -0.3144603 -0.8420295 0.43829322
vn 0.01140067 0.027051367 -0.999569
vn 0.5848679 -0.045394287 -0.80985737
vn 0.007580558 -0.6164092 -0.78738946
vn 0.46539107 -0.5905044 -0.65932965
vn 0.57475513 0.010108948 -0.818263
vn 0.950792 -0.10931678 -0.28990397
vn -0.088064596 0.91661495 0.38995075
vn 0.024138838 0.4094726 0.912003
vn 0.012073943 0.9087592 0.41714618
vn 0.024332153 0.9966061 0.07864
vn 0.014480725 0.48929223 0.8719997
vn 0.03594581 -0.060169622 0.9975407
vn 0.087221555 -0.059420604 0.99441516
vn 0.050287947 -0.4810302 0.87526053
vn 0.020544609 -0.5313544 0.8469004
vn -0.05917043 -0.9135868 0.40231594
vn 0.0041749883 -0.87661886 0.48116723
vn 0.0071239322 -0.99744 -0.07115247
vn -0.08800944 0.91655475 -0.39010465
vn 0.006205431 0.86967134 -0.49359217
vn 0.024139404 0.4094716 -0.91200346
vn 0.014342674 0.48910707 -0.87210584
vn 0.035835255 -0.060030524 -0.99755317
vn 0.08417624 -0.08429185 -0.99287933
vn 0.05028762 -0.4810298 -0.8752608
vn 0.020621903 -0.531087 -0.84706634
vn -0.059159108 -0.9135686 -0.40235877
vn 0.0005935395 -0.90189165 -0.4319619
vn 0.08827265 0.9204846 0.3806785
vn -0.06398795 0.9933768 0.09543633
vn 0.008074234 0.8840658 0.46729267
vn -0.01421728 0.4254407 0.9048747
vn -0.0072771083 0.49999055 0.8660003
vn -0.02641777 -0.05871779 0.99792504
vn -0.06786562 -0.073889196 0.9949545
vn -0.035851046 -0.48630494 0.87305343
vn -0.013701505 -0.53985363 0.8416473
vn 0.060785312 -0.91899997 0.38954368
vn -0.0041574067 -0.9076 0.4198156
vn -0.027334036 -0.99663985 0.077213235
vn 0.08824062 0.9204625 -0.38073927
vn 0.0066624233 0.9118154 -0.41054636
vn -0.014218146 0.42544088 -0.90487444
vn -0.0071500246 0.49992934 -0.8660367
vn -0.02637618 -0.058524627 -0.99793744
vn -0.068556145 -0.059937127 -0.99584526
vn -0.035851084 -0.4863056 -0.8730531
vn -0.0137854805 -0.53960264 -0.84180695
vn 0.060748313 -0.9189766 -0.3896045
vn -0.0057343417 -0.8849434 -0.46566328
vn 0.0047203065 0.36255914 -0.9319488
vn 0.35031143 0.48126256 -0.8035349
vn 0.35422826 0.33854663 -0.8717273
vn 0.70551556 0.28201982 -0.6501635
vn 0.0077520376 0.5062917 -0.8623275
vn 0.6836754 0.42466247 -0.59350616
vn -0.39811283 0.5009225 -0.7684939
vn 0.9354383 0.19276847 -0.29630336
vn -0.41790396 0.35150826 -0.837734
vn 0.9046321 0.337955 -0.2596676
vn -0.7087965 0.45572883 -0.5384411
vn 0.99316037 0.11405544 0.024976496
vn -0.74450547 0.29981005 -0.5965112
vn 0.96303195 0.26277295 0.059329353
vn -0.8723011 0.40214187 -0.27815953
vn 0.9366066 0.04174566 0.34788728
vn -0.9151973 0.23780292 -0.32536682
vn 0.9051927 0.19163276 0.37934577
vn -0.9426797 0.32527027 0.07452605
vn 0.70778257 -0.035890717 0.70551807
vn -0.98645115 0.15999416 0.036276642
vn 0.6847733 0.124337554 0.71807075
vn -0.87221473 0.24099529 0.42563212
vn 0.3558349 -0.084223896 0.9307458
vn -0.9158967 0.06876809 0.3954799
vn 0.35152808 0.083769694 0.932422
vn -0.708533 0.1759729 0.68338466
vn 0.005469893 -0.08956551 0.99596584
vn -0.7454519 0.0036712082 0.66654927
vn 0.008804171 0.08062422 0.9967057
vn -0.39751428 0.116569966 0.9101615
vn -0.4185429 -0.057525262 0.9063734
vn 0.08122122 0.42869753 0.8997897
vn 0.09637413 0.86657053 0.48966068
vn 0.6755609 0.663701 0.32112056
vn 0.6632008 0.36186144 0.6551496
vn 0.026278097 -0.06467489 0.9975604
vn 0.687005 0.72348225 -0.06780583
vn 0.014122047 0.9957105 0.09143952
vn 0.69023734 -0.013882744 0.72344977
vn 0.06122026 -0.4893304 0.8699471
vn 0.6873603 0.6631418 -0.296275
vn 0.09518049 0.8952231 -0.4353347
vn 0.68941677 -0.34139615 0.6388687
vn 0.09084416 -0.89352393 0.43972996
vn 0.68491334 0.3332933 -0.647927
vn 0.08122086 0.42869744 -0.8997898
vn 0.69545346 -0.64747334 0.31164515
vn 0.051155876 -0.99556065 0.079006754
vn 0.6872861 -0.019138413 -0.7261347
vn 0.0258124 -0.051226955 -0.99835336
vn 0.7444617 -0.6676652 0
vn 0.09036643 -0.87051916 -0.48376685
vn 0.6798152 -0.355795 -0.6412965
vn 0.061219234 -0.48933083 -0.8699469
vn 0.6951993 -0.63216114 -0.34215522
vn 0.7660846 -0.28041273 0.5783452
vn 0.7237266 0.0665142 0.6868739
vn 0.7391078 0.35712594 0.5711224
vn 0.7447894 0.60072684 0.2905443
vn 0.70906615 0.70159554 0.070631735
vn 0.71430635 0.6294924 -0.30578715
vn 0.729942 -0.6166863 0.2947589
vn 0.74596983 0.36455846 -0.55733854
vn 0.7039364 -0.7061269 -0.07653861
vn 0.723727 0.06651447 -0.6868733
vn 0.74440295 -0.5904914 -0.31174383
vn 0.76608396 -0.28041273 -0.5783459
vn -0.06366663 0.8890896 -0.45328385
vn -0.020178895 0.9952508 0.09522968
vn -0.047497187 0.50559926 -0.86146
vn -0.019846398 0.05908739 -0.99805546
vn -0.0636662 0.88908947 0.45328417
vn -0.05265934 -0.39799878 -0.9158734
vn -0.06370999 -0.8902734 -0.45094827
vn -0.046197698 0.4734373 0.8796151
vn 0.018719671 -0.9953832 0.094137214
vn -0.019846305 0.059087582 0.99805546
vn -0.06370759 -0.89027363 0.45094797
vn -0.049975835 -0.46776336 0.88243973
vn -0.07507097 0.4164526 0.90605277
vn -0.012887657 -0.04595425 0.99886036
vn -0.68088853 0.00826335 0.7323404
vn -0.62781346 0.3695328 0.68505156
vn -0.07702529 0.89212334 0.4451775
vn -0.6802897 -0.30551872 0.66623133
vn -0.0540365 -0.482356 0.87430704
vn -0.67226106 0.6534007 0.34804103
vn -0.04388521 0.99572915 0.08122505
vn -0.7231345 -0.6013177 0.33984306
vn -0.09921112 -0.85958266 0.5012732
vn -0.7254317 0.6882942 0
vn -0.080204785 0.8513721 -0.5183943
vn -0.7540914 -0.6567695 0
vn -0.07448271 -0.9944431 -0.0743983
vn -0.6963434 0.64620125 -0.3122977
vn -0.07507064 0.41645145 -0.90605336
vn -0.70815605 -0.6239774 -0.3304044
vn -0.101228505 -0.8851665 -0.4541289
vn -0.648189 0.33719835 -0.6827507
vn -0.015048973 -0.06993484 -0.9974381
vn -0.6883777 -0.30917916 -0.6561589
vn -0.054035913 -0.48235592 -0.87430716
vn -0.67933077 0.026017085 -0.7333709
vn -0.7457204 0.66625905 0
vn -0.72628313 0.63322014 0.26747906
vn -0.7426957 0.39475214 0.54090106
vn -0.7257321 0.118187 0.6777498
vn -0.7637816 -0.28156146 0.5808278
vn -0.74066806 -0.5995497 0.30323413
vn -0.72823983 0.61178315 -0.30884966
vn -0.76205754 -0.64750934 0
vn -0.7382591 0.38945165 -0.5507278
vn -0.75956136 -0.56294113 -0.3258278
vn -0.7327598 0.10767665 -0.6719143
vn -0.76378256 -0.2815627 -0.58082575
vn 0.03519813 -0.88383955 0.46646413
vn 0.014666831 -0.9953011 0.09571013
vn 0.037298348 -0.37470913 0.92639184
vn 0.035196476 -0.8838393 -0.4664646
vn 0.027610691 -0.4723643 -0.88097084
vn 0.0017553009 0.058345634 0.9982949
vn 0.0017549582 0.05834507 -0.9982949
vn 0.042490568 0.46949342 -0.88191295
vn 0.04488258 0.49310324 0.8688123
vn 0.07026402 0.88044316 -0.46891657
vn 0.07026267 0.8804437 0.4689158
vn 0.041599035 0.9948079 -0.09288006
vn -0.1381432 -0.395572 -0.90798634
vn -0.7257273 -0.63612115 -0.26204926
vn -0.15553522 -0.8735507 -0.46121353
vn -0.7330107 -0.32047257 -0.5999938
vn -0.10247034 0.053477153 -0.9932975
vn -0.8079655 -0.5892299 0
vn -0.0768333 -0.99194884 0.10066831
vn -0.7349293 0.011638592 -0.6780439
vn -0.13350502 0.50296146 -0.8539358
vn -0.6911556 -0.6497049 0.31652415
vn -0.15553313 -0.87355125 0.4612133
vn -0.72094625 0.34497473 -0.6010234
vn -0.15369296 0.8738017 -0.4613557
vn -0.7079857 -0.36947802 0.6018657
vn -0.13828093 -0.4665477 0.8736198
vn -0.70801467 0.6268363 -0.32525587
vn -0.10869511 0.98922104 0.09811851
vn -0.7299477 0.021056315 0.6831785
vn -0.10246874 0.05347803 0.99329764
vn -0.7436067 0.6591958 0.1118475
vn -0.15369642 0.87380093 0.4613559
vn -0.7321961 0.31991425 0.6012851
vn -0.13164423 0.4702074 0.8726826
vn -0.70801586 0.62683505 0.3252558
vn -0.84273034 0.25550136 -0.47384033
vn -0.8024003 -0.058366757 -0.5939252
vn -0.8199916 -0.3114844 -0.4801993
vn -0.82218766 -0.50336254 -0.26576984
vn -0.7163132 -0.697779 0
vn -0.8221877 -0.5033622 0.26577014
vn -0.8029328 0.5305928 -0.27160683
vn -0.82746696 -0.32232583 0.45978743
vn -0.7103876 0.70381075 0
vn -0.8017115 -0.0750608 0.5929793
vn -0.8180599 0.4942618 0.29408044
vn -0.8402006 0.18596281 0.50939256
vn -0.0041574067 -0.9076 0.4198156
vn -0.027334036 -0.99663985 0.077213235
vn -0.035851046 -0.48630494 0.87305343
vn -0.06786562 -0.073889196 0.9949545
vn -0.0057343417 -0.8849434 -0.46566328
vn -0.01421728 0.4254407 0.9048747
vn 0.008074234 0.8840658 0.46729267
vn -0.035851084 -0.4863056 -0.8730531
vn -0.06398795 0.9933768 0.09543633
vn -0.068556145 -0.059937127 -0.99584526
vn 0.0066624233 0.9118154 -0.41054636
vn -0.014218146 0.42544088 -0.90487444
vn 0.119585454 -0.47427124 -0.87221897
vn 0.73301876 -0.030166313 -0.67953914
vn 0.083974555 0.049774837 -0.99522406
vn 0.70209074 -0.30131704 -0.6451951
vn 0.13050461 -0.86928886 -0.47676557
vn 0.7098917 0.29586658 -0.63915324
vn 0.12757215 0.46490955 -0.87611896
vn 0.7463732 -0.6014067 -0.28502113
vn 0.109948255 -0.9890175 0.09877168
vn 0.74897367 0.5545889 -0.3625874
vn 0.16043586 0.8637793 -0.47764614
vn 0.72284234 -0.6815971 0.11368482
vn 0.1305015 -0.8692894 0.47676554
vn 0.7565629 0.6448842 -0.108336665
vn 0.12877132 0.9870345 -0.095816255
vn 0.7155466 -0.60332155 0.352131
vn 0.12319262 -0.3746276 0.9189547
vn 0.7208422 0.60095614 0.3453089
vn 0.1604361 0.8637793 0.47764584
vn 0.6408371 -0.37813506 0.66808814
vn 0.083972596 0.04977582 0.9952242
vn 0.7245235 0.30206883 0.6195322
vn 0.13021503 0.488933 0.86254776
vn 0.7330184 -0.03016553 0.6795396
vn 0.7701726 -0.62941116 0.10332331
vn 0.80216336 -0.5470928 -0.23921438
vn 0.82576424 -0.3503035 -0.44204175
vn 0.79765475 -0.11261697 -0.5925068
vn 0.8840069 0.1449898 -0.44442067
vn 0.8604021 0.4404124 -0.2564082
vn 0.8021637 -0.5470923 0.23921396
vn 0.7890671 0.6048526 -0.10736116
vn 0.82109004 -0.34218958 0.45685598
vn 0.8287926 0.5079702 0.23466839
vn 0.8070761 -0.0971439 0.58240116
vn 0.8247894 0.18862878 0.5330493
vn 0.006205431 0.86967134 -0.49359217
vn 0.024332153 0.9966061 0.07864
vn 0.024139404 0.4094716 -0.91200346
vn 0.012073943 0.9087592 0.41714618
vn 0.024138838 0.4094726 0.912003
vn 0.08417624 -0.08429185 -0.99287933
vn 0.087221555 -0.059420604 0.99441516
vn 0.050287947 -0.4810302 0.87526053
vn 0.05028762 -0.4810298 -0.8752608
vn 0.0041749883 -0.87661886 0.48116723
vn 0.0005935395 -0.90189165 -0.4319619
vn 0.0071239322 -0.99744 -0.07115247
vn 0.7880732 0.2543293 -0.5605865
vn 0.80368567 0.1975259 -0.5613135
vn 0.9761189 0.21723689 0
vn 0.41705212 0.15196213 -0.8960888
vn 0.43527603 0.8522798 -0.29009318
vn 0.95718867 0.28946474 0
vn 0.5031533 0.86419713 0
vn 0.8036858 0.19752629 0.5613132
vn 0.4082693 0.18381853 -0.8941627
vn 0.3286355 -0.63877434 -0.6956766
vn -0.007350012 0.115961775 -0.99322647
vn 0.8160359 -0.57800114 0
vn 0.6605315 -0.59305257 -0.46042034
vn 0.7880734 0.2543297 0.560586
vn 0.6605285 -0.59305453 0.46042198
vn -0.5927568 -0.8053814 0
vn -0.48399958 -0.7947877 0.366138
vn -0.78794825 -0.2543467 0.56075436
vn -0.4840028 -0.7947864 -0.36613652
vn -0.24878436 -0.76361454 0.59581804
vn 0.050842952 -0.6885535 -0.72340107
vn -0.9571811 -0.28948972 0
vn -0.24878585 -0.7636153 -0.59581643
vn 0.32863396 -0.6387738 0.6956778
vn -0.7879484 -0.25434703 -0.5607538
vn -0.97605 -0.21754614 0
vn -0.8037952 -0.19763874 -0.5611168
vn -0.40801582 -0.18376318 -0.8942898
vn 0.043393053 -0.73837805 -0.67298955
vn -0.417281 -0.15194899 -0.89598435
vn 0.008676927 -0.11650084 -0.9931526
vn 0.3628793 -0.29682112 -0.8832982
vn 0.05095798 -0.68872285 0.72323173
vn -0.64935184 -0.6328813 0.4216676
vn -0.0073498976 0.11596235 0.99322647
vn 0.40826976 0.18381916 0.8941623
vn 0.4170524 0.15196268 0.8960885
vn 0.43527645 0.8522798 0.29009235
vn -0.6744316 0.56450677 -0.47589308
vn -0.83368266 0.5522438 0
vn -0.6744318 0.5645068 0.4758926
vn 0.23864193 0.8277955 0.5077448
vn -0.34807846 0.57705504 -0.7388159
vn -0.00988841 0.10304148 0.9946279
vn -0.58063316 0.044915043 0.8129254
vn -0.006599836 0.80574197 0.59222996
vn 0.009406201 -0.10304774 -0.9946319
vn 0.58008814 -0.044804856 -0.8133205
vn 0.0027780551 0.6176504 -0.786448
vn -0.33284697 0.8295817 0.4483382
vn 0.45630687 0.5933045 -0.6631544
vn -0.6181386 0.7689332 0.16323757
vn -0.579713 0.029563284 0.81428427
vn -0.9577576 -0.05488973 0.2822897
vn 0.5798627 -0.02972612 -0.8141718
vn 0.95781153 0.055732198 -0.2819413
vn 0.7159869 0.65987563 -0.2278745
vn -0.95923084 -0.015784068 0.28218272
vn -0.9994918 -0.031876303 0
vn 0.95913017 0.015835736 -0.2825218
vn -0.7073293 0.70688426 0
vn 0.9994923 0.031862024 0
vn 0.7038995 0.7102995 0
vn -0.95923084 -0.015784273 -0.28218257
vn -0.99708563 -0.07629089 0
vn -0.6181387 0.76893294 -0.16323787
vn 0.9591303 0.015835954 0.28252158
vn 0.997071 0.07648164 0
vn 0.715987 0.65987575 0.2278739
vn -0.58063304 0.044914573 -0.81292546
vn -0.9577576 -0.054889996 -0.28228962
vn -0.33284667 0.82958126 -0.4483391
vn -0.99294513 -0.11857509 0
vn -0.95038235 -0.118377 -0.28768063
vn -0.64861304 -0.6342308 -0.420776
vn -0.57971305 0.029562792 -0.81428415
vn -0.95029837 -0.1188902 0.2877467
vn -0.88624746 -0.31014705 0.34405547
vn -0.70097816 -0.71318275 0
vn -0.88748956 -0.307151 -0.34354135
vn -0.009888434 0.10304098 -0.994628
vn -0.006599967 0.8057411 -0.5922312
vn 0.043315966 -0.7385074 0.6728525
vn 0.36454552 -0.30045265 0.8813823
vn -0.7298798 -0.6812727 -0.056061216
vn 0.2386417 0.82779485 -0.5077458
vn 0.45630717 0.59330505 0.66315365
vn 0.0027780219 0.6176515 0.7864469
vn -0.34807837 0.5770559 0.7388153
vn -0.41728064 -0.15194838 0.89598465
vn 0.5800883 -0.044804435 0.8133204
vn 0.00940632 -0.10304725 0.994632
vn -0.8037951 -0.19763844 0.5611171
vn 0.008674812 -0.11649903 0.99315286
vn -0.4080154 -0.18376267 0.8942901
vn 0.5798658 -0.029728161 0.81416947
vn 0.9578116 0.0557248 0.28194243
vn 0.9509369 0.12298461 0.2838905
vn 0.9930101 0.11802869 1.6662321E-05
vn 0.95083517 0.12358999 -0.2839684
vn 0.050473355 -0.7089446 -0.70345575
vn 0.70798624 -0.7062263 -4.1288804E-05
vn 0.049652 -0.710629 0.7018127
vn -0.7125313 -0.47982696 -0.511923
vn -0.7050946 -0.48976195 0.51281077
vn -0.0027602974 -0.999086 -0.042655263
vn -0.7300609 -0.68081343 0.059196204
vn 0.01381033 -0.8598999 0.51027584
vn 0.006401294 -0.76261884 0.64681643
vn -0.027988762 -0.99416804 0.104146704
vn 0.012620606 -0.8529839 -0.52178454
vn -0.08361776 -0.7382833 -0.66928756
vn -0.6918967 -0.7219965 -4.727095E-05
vn -0.02787365 -0.99414766 -0.10437148
vn 0.006323482 -0.75875795 -0.651342
vn -0.08281314 -0.7399743 0.66751766
vn 0.6823917 -0.5043398 0.529134
vn -0.35739005 -0.32703245 0.87482697
vn 0.6513163 -0.61829793 -0.43988037
vn 0.72995496 -0.6808174 -0.060443033
vn -0.9507629 0.09763093 0.29413968
vn -0.9545097 0.035015848 0.2961169
vn -0.9958182 0.09135749 1.4055569E-05
vn 0.007556039 -0.7017796 -0.71235406
vn 0.89230675 -0.28569263 -0.34952578
vn -0.023214761 -0.99339664 -0.11235763
vn 0.7121427 -0.7020348 0
vn 0.95052195 -0.090969115 -0.29703972
vn 0.95443225 -0.03416372 -0.2964658
vn -0.023231838 -0.9933962 0.11235761
vn 0.9960129 -0.08920964 0
vn 0.007609995 -0.70622563 0.7079459
vn 0.89111555 -0.28873926 0.35006088
vn -0.002753556 -0.99965155 0.026252588
vn 0.6909061 -0.49383172 -0.5279953
vn 0.7302098 -0.68028736 0.06326745
vn 0.95044893 -0.09149637 0.2971117
vn -0.9506734 0.09824571 -0.29422435
vn -0.35576567 -0.3234793 -0.8768078
vn -0.99838316 0.05684115 0
vn 0.9983949 -0.056634456 0
vn 0.6520101 -0.61698 0.4407022
vn -0.9545098 0.035023425 -0.29611573
vn 0.95443237 -0.034163512 0.2964656
vn -0.9994362 0.033573516 0
vn -0.9543222 0.016323172 -0.2983333
vn -0.571198 -0.050565213 -0.8192534
vn -0.043661013 -0.7520364 -0.6576739
vn -0.56963617 -0.045226507 -0.8206517
vn -0.009057564 -0.13373719 -0.99097544
vn -0.04849709 -0.6713715 0.7395325
vn 0.5710558 0.05042032 0.8193613
vn 0.24007696 -0.77610654 -0.5831138
vn 0.57010317 0.04531694 0.8203224
vn 0.007769481 0.13319148 0.99105984
vn -0.33324236 -0.6206038 0.709789
vn 0.95440984 -0.016239345 0.29805705
vn 0.99943596 -0.033582237 0
vn 0.6252334 0.7603375 0.17598346
vn 0.7157808 0.69832504 0
vn 0.008857897 0.103452615 0.994595
vn -0.41678432 0.15274066 0.896081
vn 0.33576035 0.8192345 0.46488696
vn -0.4053049 0.20136026 0.8917298
vn -0.7924447 0.26798332 0.54792
vn 0.0062157586 0.79690266 0.60407573
vn -0.70525753 0.6685536 -0.2358983
vn -0.6955586 0.71846926 0
vn -0.44342232 0.6041599 -0.66209316
vn 0.6252339 0.76033694 -0.17598389
vn -0.7052572 0.66855395 0.23589805
vn 0.95440984 -0.016239533 -0.29805726
vn 0.570103 0.0453165 -0.8203225
vn 0.5710557 0.050419755 -0.81936145
vn 0.0014677963 0.12949641 -0.9915788
vn -0.04838294 -0.67119855 -0.73969686
vn -0.008439497 -0.103464805 -0.9945973
vn 0.4169872 -0.15272735 -0.8959889
vn -0.0017588951 0.62723356 -0.7788291
vn -0.24267285 0.82060826 0.51740885
vn 0.34467995 0.5864005 -0.7330281
vn -0.4336308 0.8537184 0.2883214
vn -0.95432216 0.01632333 0.29833338
vn -0.56963605 -0.045226052 0.82065177
vn 0.4050495 -0.20130345 -0.8918586
vn 0.7845436 -0.27282837 -0.55682683
vn 0.6811044 0.57805294 -0.4493902
vn -0.8204345 0.19705962 0.5367072
vn -0.97866714 0.20298955 -0.031715605
vn -0.5712012 -0.050567012 0.81925106
vn -0.009055088 -0.13373521 0.9909758
vn 0.47015 -0.80710036 -0.35713878
vn -0.6723703 -0.57318467 0.4683776
vn 0.5755651 -0.81775594 0
vn -0.83112025 -0.5560928 0
vn -0.52943444 0.84835064 -0.00070533284
vn -0.95550776 0.29487592 -0.007295219
vn -0.80622065 0.1893887 -0.56048214
vn 0.4701477 -0.80710113 0.35713995
vn -0.6723716 -0.5731839 -0.46837646
vn 0.9514708 -0.30773887 0
vn -0.78729236 0.26317716 -0.55759174
vn -0.44490314 0.84532917 -0.2957697
vn 0.8206439 0.57056874 0.03154157
vn -0.43580493 0.14424178 -0.88840777
vn 0.2400757 -0.77610564 0.5831154
vn -0.333244 -0.6206044 -0.7097877
vn 0.7845433 -0.27282798 0.55682737
vn -0.40981779 0.19177431 -0.8917803
vn -0.04358342 -0.7521624 0.65753496
vn 0.40504947 -0.201303 0.8918588
vn -0.008167925 0.10099739 -0.9948532
vn 0.41967604 -0.14327885 0.8962942
vn -0.24732412 0.81466186 -0.5245541
vn 0.004599422 0.80350703 -0.59527737
vn 0.666371 0.5799971 0.4685648
vn 0.8064061 -0.190704 0.5597689
vn 0.36310378 0.5941616 0.71772385
vn -0.0020749539 -0.09872024 0.9951131
vn 0.9782407 -0.20742983 0.0042363307
vn 0.0156418 0.6301113 0.7763472
vn 0.8113875 -0.19308983 -0.5516944
vn 0.33576024 0.81923425 -0.46488744
vn -0.44342223 0.60416025 0.662093
vn 0.0046891305 -0.8181451 -0.5749927
vn 0.10978867 -0.79717433 -0.59368306
vn 0.40302205 0.50870377 -0.7607849
vn -0.031892404 -0.97451186 -0.22205757
vn 0.38230735 -0.74835235 -0.54204226
vn 0.5845759 -0.7276577 -0.35886672
vn 0.68207455 0.49335134 -0.53979504
vn 0.14690827 0.5366334 -0.83092874
vn 0.40153474 0.22609252 0.8874976
vn -0.103739806 0.53845286 -0.8362454
vn -0.049865443 -0.8121378 -0.5813309
vn 0.14898223 0.21319485 0.9655838
vn 0.67061925 0.3138588 0.6721328
vn 0.8280072 0.53960186 -0.15242685
vn 0.15672256 -0.94544584 0.2856051
vn 0.8676093 0.48694417 0.10069508
vn 0.8063787 0.4815194 0.34335464
vn 0.636479 -0.75404334 -0.16221265
vn 0.43019155 -0.87263256 0.2311875
vn 0.60768306 -0.79278 0.047128167
vn 0.021487966 -0.96462727 0.26274014
vn -0.061594307 -0.9600162 0.27308425
vn -0.22863515 -0.9287838 0.29169607
vn -0.3790528 0.2513935 0.89057297
vn -0.09941802 0.21221586 0.97215253
vn -0.5006232 -0.82796896 0.25267333
vn -0.3892799 0.5321335 -0.75186116
vn -0.18378513 -0.78416365 -0.5927144
vn -0.65801 0.5535811 -0.51046115
vn -0.6343182 0.38239905 0.6718716
vn -0.45545036 -0.70427024 -0.54458094
vn -0.7777764 0.61039025 -0.14995857
vn -0.6676581 -0.73921025 0.08832275
vn -0.6435183 -0.6675629 -0.3744916
vn -0.72962457 -0.6700928 -0.13646848
vn -0.74511355 0.55137753 0.37521812
vn -0.7635355 0.6327413 0.12904234
vn -0.26137373 0.9586605 -0.11248879
vn -0.13428473 0.9892687 -0.057577003
vn -0.14519493 0.9894031 0
vn 7.8065474E-05 1 1.5499894E-05
vn -0.10315872 0.9889242 -0.106711276
vn -0.2825802 0.95924366 0
vn -0.13429268 0.9892675 0.057577517
vn -0.10316628 0.98892283 0.10671672
vn -0.26137528 0.9586601 0.1124885
vn -0.4789568 0.8778385 0
vn -0.44203636 0.8764608 0.19084118
vn -0.20061435 0.9574291 0.20756537
vn -0.33825064 0.8733822 0.3504143
vn -0.10994018 0.9563667 0.27069515
vn -0.056345258 0.9887033 0.13889231
vn 8.536608E-05 0.98857147 0.1507534
vn -0.18493178 0.8708725 0.45539132
vn 0.05685232 0.9887045 0.13867632
vn 0.10325827 0.988907 0.10677411
vn 0.13463329 0.9891426 0.058912724
vn 0.26271945 0.9581613 0.11360196
vn 0.00023849981 0.95616144 0.2928401
vn 0.11113881 0.95641863 0.27002153
vn 0.14661905 0.989193 0
vn 0.20193063 0.9572232 0.20723869
vn 0.3409587 0.87292284 0.34893098
vn 0.18719907 0.87097406 0.4542694
vn 0.00042337307 0.87019503 0.4927072
vn -0.27654645 0.67915356 0.6799062
vn 0.28001896 0.679377 0.6782597
vn 0.00069993903 0.6782407 0.73483944
vn 0.1346294 0.9891432 -0.05891167
vn 0.28455454 0.9586598 0
vn -0.5074228 0.68364316 0.5245514
vn -0.6655933 0.68898505 0.28685376
vn -0.7223442 0.6915337 0
vn -0.6655935 0.6889846 -0.28685433
vn -0.44203615 0.8764608 -0.19084165
vn -0.3382509 0.87338185 -0.35041472
vn -0.20061347 0.95742923 -0.20756556
vn -0.109940514 0.9563666 -0.27069527
vn -0.056338925 0.9887051 -0.13888147
vn 8.700876E-05 0.9885733 -0.15074043
vn -0.61828977 0.458399 0.6384263
vn -0.8136682 0.46392938 0.35030514
vn -0.8843568 0.4668115 0
vn -0.33601707 0.45356995 0.82544947
vn 0.0008916808 0.45299375 0.8915132
vn -0.36586678 0.2428741 0.89841735
vn 0.34030524 0.453872 0.8235245
vn 0.62283623 0.45751294 0.6346314
vn 0.37060073 0.24307464 0.8964205
vn 0.0009934197 0.24254383 0.9701399
vn 0.5113566 0.6828166 0.5218006
vn 0.6680304 0.6868399 0.28633305
vn 0.44429034 0.87524533 0.19118516
vn 0.4817079 0.8763318 0
vn 0.44429085 0.8752453 -0.1911843
vn 0.7248429 0.68891406 0
vn 0.26272082 0.95816094 -0.113601506
vn 0.10324866 0.9889086 -0.10676823
vn 0.056843683 0.9887066 -0.13866538
vn 0.11113775 0.9564187 -0.27002147
vn 0.20193021 0.9572233 -0.20723853
vn 0.34095952 0.87292266 -0.34893063
vn 0.6680307 0.6868399 -0.28633192
vn 0.00023865493 0.95616144 -0.29284012
vn 0.18719964 0.87097394 -0.45426944
vn -0.18493193 0.8708723 -0.45539165
vn 0.00042392255 0.870195 -0.49270737
vn 0.28093255 0.6810815 -0.6761694
vn -0.27749035 0.68073523 -0.67793715
vn 0.5114001 0.68298423 -0.5215386
vn 0.00063457264 0.6816046 -0.7317204
vn 0.34544584 0.47857982 -0.8072351
vn 0.62539285 0.4650846 -0.62656224
vn -0.5074528 0.6837617 -0.5243678
vn -0.62065893 0.46574596 -0.63076407
vn -0.34129468 0.47767782 -0.8095318
vn 0.00053386984 0.4865513 -0.87365186
vn 0.815557 0.46184894 -0.3486581
vn -0.81365246 0.46412992 -0.3500757
vn -0.88965476 0.24953127 -0.38242456
vn -0.3803401 0.25580877 -0.88876504
vn 0.38535106 0.25636223 -0.886444
vn 0.88578993 0.46408632 0
vn -0.9678804 0.2514111 0
vn -0.68497103 0.251121 -0.68392456
vn -0.7063833 -0.009440535 -0.70776653
vn 0.00028718234 0.25741857 -0.9662999
vn -0.3877845 -0.026699852 -0.92136335
vn 0.00039661606 -0.03693015 -0.99931777
vn 0.8155712 0.4616584 0.34887704
vn 0.89081603 0.24806374 0.38067195
vn -0.36428556 -0.29169187 -0.8844275
vn 0.9683364 0.24964908 0
vn 0.6792817 0.24541076 0.6916285
vn 0.7008864 -0.0013433043 0.7132716
vn 0.8909517 0.24806413 -0.380354
vn 0.38216943 -0.0013300378 0.92409134
vn 0.69033045 0.2507323 -0.67865837
vn 0.3928671 -0.027292792 -0.9191902
vn 0.711741 -0.009747471 -0.7023744
vn 0.9197197 -0.0015699461 -0.3925727
vn 0.36883017 -0.29229233 -0.8823431
vn 0.99999905 -0.0013673136 0
vn 0.9196483 -0.0013583545 0.3927405
vn 0.8826357 -0.27869523 0.37852764
vn 0.96039945 -0.27862695 0
vn 0.88263714 -0.27870843 -0.37851474
vn 0.00075202674 -0.29503897 -0.9554849
vn 0.67536855 -0.28391737 -0.6806381
vn 0.3190805 -0.5444949 -0.7757015
vn 0.5836101 -0.5422749 -0.60443133
vn 0.769988 -0.5413644 -0.33770287
vn 0.8413228 -0.54053307 0
vn 0.0008593462 -0.5451129 -0.8383622
vn -0.3149953 -0.54384035 -0.77782756
vn -0.58416563 -0.5476332 -0.59903955
vn 0.24601595 -0.74433917 -0.6208344
vn -0.24168894 -0.7432383 -0.62384564
vn -0.6716736 -0.28835467 -0.68242663
vn -0.87964225 -0.29759005 -0.37103865
vn 0.0013237228 -0.7461131 -0.66581786
vn -0.9187215 -0.0015896298 -0.39490274
vn -0.99999905 -0.0013774668 0
vn -0.9186453 -0.0013668741 0.3950809
vn -0.9519236 -0.3063354 0
vn -0.8895118 0.24952869 0.3827584
vn -0.67451197 0.24597864 0.69608057
vn -0.69607806 -0.0013466413 0.7179648
vn -0.37726995 -0.001329064 0.9261024
vn 0.0010415188 -0.0013268003 0.99999857
vn -0.8796417 -0.29757375 0.37105307
vn -0.3628849 -0.2756006 0.89014536
vn 0.36748335 -0.27564257 0.88824385
vn -0.6694003 -0.28265464 0.6870295
vn 0.0009904472 -0.27470997 0.9615266
vn 0.67294544 -0.27795863 0.6854804
vn 0.58360976 -0.54227465 0.60443175
vn 0.3190807 -0.5444943 0.775702
vn 0.00085911807 -0.5451123 0.8383626
vn -0.31499547 -0.5438399 0.77782774
vn -0.5841656 -0.54763323 0.59903955
vn 0.7699874 -0.5413644 0.33770394
vn 0.60215104 -0.74825233 0.27844688
vn 0.24601616 -0.7443387 0.62083477
vn -0.24168889 -0.743238 0.623846
vn -0.7661743 -0.5618259 0.31197542
vn 0.6617868 -0.749692 0
vn 0.45149845 -0.74437153 0.49199605
vn 0.33653897 -0.8532301 0.39842176
vn 0.0013235288 -0.74611264 0.66581845
vn -0.8214707 -0.57025075 0
vn 0.60215116 -0.7482526 -0.2784459
vn 0.18215036 -0.8458967 0.5012784
vn -0.76617414 -0.5618257 -0.31197605
vn -0.6214221 -0.7411518 -0.2540247
vn -0.6768954 -0.7360793 0
vn 0.45149785 -0.74437225 -0.4919955
vn -0.4591389 -0.74309075 -0.48683432
vn -0.33969697 -0.85179305 -0.39881644
vn -0.6214224 -0.7411518 0.254024
vn -0.17524341 -0.8452195 -0.5048702
vn 0.0031412654 -0.8440645 -0.5362326
vn 0.18215086 -0.8458968 -0.5012781
vn 0.33653903 -0.8532304 -0.39842117
vn -0.4591388 -0.7430908 0.48683417
vn -0.17524296 -0.84521955 0.5048701
vn -0.33969682 -0.8517932 0.39881617
vn 0.0031409133 -0.84406435 0.5362326
vn -0.13490887 -0.89173347 -0.43198505
vn 0.4492572 -0.86605734 -0.2193461
vn -0.4724342 -0.8557725 0.21085389
vn -0.13500153 -0.8916154 0.43219978
vn 0.14481999 -0.8914109 0.42943415
vn 0.49251357 -0.87030476 0
vn -0.5220613 -0.85290796 0
vn 0.0056899483 -0.88663566 0.4624336
vn 0.44925755 -0.8660569 0.21934696
vn 0.3583887 -0.9171177 0.17450665
vn 0.389736 -0.9209266 0
vn -0.47243378 -0.85577255 -0.21085455
vn -0.3564757 -0.9179686 -0.17395067
vn 0.2703754 -0.90350974 0.3325167
vn 0.31197113 -0.8815376 0.35435197
vn 0.35833305 -0.9171377 -0.1745163
vn -0.39013034 -0.9207596 0
vn -0.26419055 -0.90480995 -0.3339494
vn -0.30162495 -0.88550955 -0.3534052
vn 0.1809051 -0.8510502 0.4929369
vn 0.006935193 -0.83870757 0.54453796
vn -0.35651118 -0.9179561 0.17394334
vn -0.2643437 -0.9047439 0.33400726
vn -0.17130975 -0.8508425 0.4967093
vn -0.3038252 -0.884334 0.3544624
vn -0.37391895 -0.91126084 0.17259303
vn 0.39654756 0.08023259 0.9145013
vn -0.39860925 0.08313004 0.9133455
vn -0.39324328 -0.91943455 0
vn -0.006382864 0.096474804 0.99531496
vn -0.37324896 -0.9115259 -0.17264347
vn -0.922095 -0.07931076 -0.37874883
vn -0.9921719 -0.124879256 -0.00036859198
vn -0.9233945 -0.07634191 0.37618417
vn -0.7130409 0.008618267 0.7010695
vn -0.22593322 0.8564604 0.4641441
vn -0.36629078 0.8654101 0.34190112
vn -0.46266928 0.8658341 0.19044237
vn -0.50192887 0.86490875 -0.0004920442
vn -0.011712322 0.8560125 0.5168224
vn -0.23577106 0.6892711 0.6850674
vn 0.21285386 0.85944873 0.4648023
vn 0.36376348 0.86687094 0.34089717
vn 0.22410855 0.69178885 0.6864427
vn -0.0094569335 0.6609927 0.7503328
vn 0.71532065 0.013629794 0.69866353
vn 0.9232066 -0.07066439 0.37775147
vn 0.38440177 -0.9067411 0.17336649
vn 0.40459794 -0.91449475 -1.67218E-05
vn 0.38354674 -0.9070828 -0.1734727
vn 0.9927093 -0.12053073 -0.00069205085
vn 0.309883 -0.8827503 -0.35316357
vn 0.92181647 -0.07446142 -0.38040754
vn 0.27022693 -0.9035796 -0.3324475
vn 0.14475477 -0.89151937 -0.42923117
vn 0.17918606 -0.8535192 -0.48928243
vn 0.0056758784 -0.88675123 -0.4622122
vn -0.16932583 -0.853466 -0.49287373
vn 0.0068470393 -0.8417942 -0.5397551
vn 0.39782187 0.065817356 -0.9150988
vn -0.39947623 0.068026125 -0.91421616
vn 0.71414924 0.0033320226 -0.6999856
vn -0.710919 -0.0011142972 -0.703273
vn -0.37148044 0.859073 -0.35213056
vn -0.006933512 0.08089611 -0.99669844
vn -0.23208447 0.84611666 -0.47981602
vn -0.012226501 0.844889 -0.53480184
vn 0.21939628 0.8492667 -0.48022014
vn 0.37057525 0.8599377 -0.35097185
vn -0.46503052 0.8637844 -0.1939672
vn -0.36503416 0.89571667 -0.2538534
vn -0.24589115 0.63223946 -0.73471814
vn 0.23724948 0.6339295 -0.736102
vn 0.46493348 0.8630461 -0.19745462
vn -0.32979614 0.944052 -0.0006089808
vn -0.35943925 0.75679 -0.54596
vn -0.31500635 0.3800104 -0.86969143
vn -0.009778113 0.59490407 -0.8037372
vn 0.5032811 0.86412245 -0.00068691705
vn -0.361171 0.90081084 0.24102989
vn -0.2394706 0.14534117 -0.95996344
vn 0.4614623 0.8657924 0.19353577
vn 0.36134264 0.9002841 0.2427342
vn 0.3311253 0.9435865 -0.0007685215
vn -0.35199952 0.78748363 0.5059307
vn -0.33493337 0.5155874 0.78866297
vn -0.23398122 0.35449636 0.90530944
vn 0.34959662 0.7893679 0.5046589
vn 0.3261637 0.52103174 0.78876054
vn 0.36716288 0.8939963 -0.25683063
vn -0.29088774 0.88489556 0.3637914
vn -0.007070478 0.32978418 0.94402987
vn 0.21934164 0.35720748 0.90790534
vn 0.3618192 0.7567269 -0.5444733
vn 0.2384524 0.1427247 -0.96060926
vn 0.3234712 0.37274414 -0.86972886
vn 0.18385017 0.1575219 0.9702505
vn -0.005574934 0.10861327 -0.9940685
vn 0.29031938 0.87167454 -0.3948393
vn 0.21039546 0.977616 -0.00088738673
vn 0.2899092 0.88370687 0.36744362
vn -0.002301601 -0.12732705 -0.99185807
vn -0.20421728 -0.12043838 -0.97148854
vn -0.19749735 -0.095986515 -0.97559285
vn 0.21068053 -0.123662226 -0.9697017
vn -0.17223585 -0.040165387 -0.9842366
vn -0.0003719838 -0.04242724 -0.9990995
vn 0.11052871 0.99387264 -0.00074127206
vn 0.17712863 0.8871569 0.42611974
vn 0.16682526 0.87466365 -0.45511827
vn 0.20508508 0.33962986 -0.9179279
vn 0.10996142 0.36723736 -0.9236045
vn 0.21619518 -0.10443836 -0.9707483
vn 0.14796479 -0.080319114 -0.98572576
vn 0.06297513 0.99801505 -0.0001422279
vn 0.098513104 0.8847798 0.45547768
vn 0.08939744 0.87830055 -0.46967676
vn 0.0145586105 0.90033996 -0.4349436
vn 3.9919916E-05 1 0
vn 0.15533118 -0.02378243 -0.9875761
vn 0.13236159 -0.016363781 -0.9910664
vn 0.08645656 -0.055558 -0.99470526
vn 0.24431425 -0.15155265 -0.9577799
vn 0.18275785 -0.04015676 -0.9823375
vn 0.10350257 0.09306194 -0.9902659
vn 0.0067200577 -0.012106982 -0.99990416
vn 0.024012724 0.42089206 -0.9067928
vn -0.052578826 0.49990895 -0.86448044
vn 0.0750704 -0.3603739 -0.9297823
vn 3.9992578E-05 -0.001089253 -0.9999994
vn 0.08728302 0.02001659 -0.9959824
vn -0.078636415 0.021289313 -0.99667597
vn 0.027988793 0.06428305 -0.99753916
vn -0.47972283 -0.053889383 -0.87576365
vn 0.0020259419 -0.2829234 -0.95914036
vn 0.037187453 0.086630076 -0.9955462
vn 0.41987514 0.07421353 -0.9045425
vn -0.26015985 -0.22839954 -0.93816334
vn -0.88748926 -0.3071509 -0.343542
vn -0.013710887 0.065362394 -0.99776745
vn 0.26900747 -0.22063218 -0.93752676
vn 0.4799709 -0.034817554 -0.8765931
vn -0.09031098 0.09024603 -0.99181634
vn -0.13283505 -0.023287866 -0.9908646
vn 0.0075537288 -0.70177853 -0.7123551
vn -0.117822416 -0.06524724 -0.99088883
vn 0.8923064 -0.28569278 -0.3495267
vn -0.105002336 -0.017308122 -0.99432135
vn -0.22889683 -0.16137713 -0.959981
vn -0.41666993 0.07165997 -0.9062291
vn -0.023248391 -0.99339586 -0.11235758
vn -0.4181903 0.14480118 -0.89674383
vn -0.032814432 0.09850423 -0.99459547
vn -0.8126994 0.029433789 -0.5819394
vn -0.7009783 -0.7131827 0
vn 0.71214277 -0.7020347 0
vn 0.95052207 -0.09096884 -0.29703963
vn 0.95443225 -0.034163587 -0.2964657
vn -0.95038235 -0.11837699 -0.28768063
vn 0.9960129 -0.08920952 0
vn 0.0077692945 0.13319093 -0.99105996
vn -0.405305 0.20135966 -0.89172983
vn 0.5710559 0.050419886 -0.8193614
vn 0.570103 0.0453166 -0.8203225
vn -0.78467304 0.27280557 -0.5566556
vn -0.4167846 0.15274023 -0.896081
vn 0.008857717 0.10345211 -0.994595
vn -0.80336255 0.18868795 -0.5648058
vn 0.89111537 -0.2887397 0.35006127
vn -0.023198381 -0.993397 0.1123577
vn -0.8862472 -0.31014767 0.34405565
vn 0.007607713 -0.70622593 0.70794564
vn -0.99294513 -0.1185751 0
vn -0.80499905 0.19851905 -0.55907667
vn -0.95148474 0.30769613 0
vn -0.9998895 -0.0062923925 -0.013466915
vn -0.9781356 0.20792975 -0.0040084426
vn -0.78467315 0.27280587 0.5566553
vn -0.975978 0.21786925 0
vn -0.6539599 -0.37655345 -0.65615857
vn -0.21959546 -0.8146455 -0.53677785
vn -0.83277184 -0.55361545 0.0010488465
vn -0.8455941 -0.025221266 0.5332302
vn -0.81653476 0.17047834 0.5515505
vn -0.4513187 0.097701624 0.8869983
vn -0.7238737 -0.36028558 0.58838856
vn -0.22606352 -0.9740554 -0.01055222
vn -0.5337503 -0.052012753 0.844041
vn -0.31173217 -0.80239624 0.50890404
vn -0.45283714 -0.11641001 0.88396114
vn -0.002141307 -0.9999976 -0.00039578768
vn 0.008555323 -0.93387556 0.3574959
vn -0.0640057 0.01771099 0.99779236
vn -0.22471666 -0.096722215 0.9696119
vn -0.40530482 0.20136 0.89172995
vn -0.41678444 0.15274043 0.896081
vn 0.0077694664 0.13319127 0.99105984
vn -0.80499905 0.19851926 0.5590765
vn -0.8306915 -0.09971576 0.54773015
vn -0.9918401 -0.1274874 0
vn -0.8306915 -0.099715896 -0.54773015
vn -0.42941412 -0.050353628 -0.9017028
vn 0.014798579 -0.05861971 -0.99817073
vn -0.37009472 -0.42387497 -0.8266558
vn -0.601139 -0.6525766 -0.46127614
vn -0.70915616 -0.7050515 0
vn -0.0025085148 -0.9456045 -0.32530868
vn 0.0326852 -0.5633215 -0.8255911
vn -0.026254136 -0.99965525 0
vn -0.0025084382 -0.9456044 0.32530892
vn 0.6538868 -0.70700717 -0.2693937
vn 0.48371363 -0.4815024 -0.7308738
vn 0.9410518 -0.19255833 -0.27810574
vn 0.6655042 -0.74639416 0
vn 0.5828983 -0.12341105 -0.80311847
vn -0.601139 -0.6525765 0.46127626
vn -0.3700946 -0.42387477 0.826656
vn 0.95440984 -0.016239433 -0.2980571
vn 0.99943596 -0.033582155 0
vn 0.9767493 -0.21438503 0
vn 0.9983949 -0.05663437 0
vn -0.4294139 -0.050353296 0.9017029
vn 0.014798842 -0.058619346 0.99817073
vn 0.65388674 -0.7070071 0.26939392
vn 0.95440984 -0.016239362 0.29805702
vn 0.95044893 -0.0914964 0.29711172
vn 0.03268538 -0.56332123 0.82559127
vn 0.4837136 -0.48150212 0.730874
vn 0.9410518 -0.19255829 0.27810583
vn 0.008857907 0.10345244 0.994595
vn 0.5828984 -0.12341073 0.8031184
vn 0.570103 0.045316827 0.8203224
vn 0.95443237 -0.034163497 0.29646564
vn 0.5710558 0.0504202 0.8193613
vn 0.48011807 -0.100716345 0.8714028
vn 0.30819818 -0.34256062 0.8875056
vn -0.049926847 -0.15401733 0.9868059
vn 0.00021959032 -0.4218729 0.90665495
vn -0.046952702 -0.21364634 0.97578204
vn -0.30451757 -0.35009557 0.8858342
vn -0.48337382 -0.12138054 0.86695814
vn -0.95029837 -0.118890345 0.28774655
vn -0.9577576 -0.054889888 0.28228968
vn -0.004633878 -0.24313764 0.9699808
vn -0.1738847 -0.045662995 0.98370683
vn -0.24410963 -0.031711433 0.969229
vn 0.036675543 -0.21703003 0.9754758
vn -0.99708563 -0.07629097 0
vn -0.32527986 -0.02220221 0.9453572
vn -0.0059948303 -0.051833037 0.99863774
vn -0.9577577 -0.054889992 -0.28228956
vn -0.57971317 0.029562889 -0.81428415
vn -0.30714193 0.15081325 0.9396378
vn -0.24411905 0.11912185 0.96240103
vn -0.13344277 0.4816624 0.8661376
vn -0.29466656 0.15998971 0.9421119
vn -0.22376962 -0.31382233 0.9227365
vn -0.066847965 0.07650873 0.9948255
vn 0.039208252 -0.48841545 0.8717299
vn -0.20607251 0.1547611 0.966221
vn -0.0060469788 0.15505531 0.9878874
vn 0.15121946 -0.047235247 0.98737097
vn -0.26008663 0.4852555 0.8347946
vn -0.16246393 0.8951318 0.41514388
vn 0.20978495 -0.033646338 0.97716844
vn 0.26917604 0.16850871 0.9482346
vn 0.030971304 -0.16326119 0.9860967
vn 0.27259535 0.4868035 0.829888
vn 0.309463 -0.0236832 0.95061654
vn 0.18891639 0.4620844 0.8664806
vn 0.3070394 0.16155718 0.9378838
vn 0.45691246 -0.10377647 0.8834374
vn 0.2863515 0.12626308 0.9497687
vn 0.016350735 0.90122503 0.43304273
vn 0.060204666 0.45533806 0.88828075
vn 0.128672 0.07686629 0.9887038
vn -0.049237106 0.5040529 0.8622682
vn -0.040645394 0.92579323 0.37583882
vn -0.029272106 0.9995715 0
vn -0.040645294 0.9257932 -0.3758392
vn 0.067418225 0.91406167 -0.3999325
vn 0.13654405 0.99063396 0
vn 0.06741818 0.9140621 0.3999318
vn -0.044797685 0.050576016 0.997715
vn -0.011528307 -0.45972085 0.88798857
vn -0.016796965 0.5336226 0.84555584
vn -0.035972953 0.054994483 0.99783844
vn 0.20093995 0.43811992 0.87617016
vn 0.55388135 0.6272907 0.5474684
vn 0.7529262 0.65810496 0
vn 0.259872 -0.29290918 0.9201472
vn 0.30290148 -0.7993894 0.51887107
vn 0.78423953 -0.13234086 0.6061801
vn 0.28636768 -0.015789697 0.9579897
vn 0.984705 -0.17422983 0
vn 0.78424007 -0.13234036 -0.6061795
vn 0.4843697 -0.7094124 0.51197654
vn 0.1993274 -0.42629814 0.8823483
vn 0.09756624 -0.9137577 0.39437008
vn 0.61427283 -0.7890937 0
vn -0.008994928 -0.48806316 0.8727619
vn 0.01130846 -0.922705 0.38534096
vn 0.019313538 -0.9998135 -0.00037834863
vn 0.16608208 -0.9861119 0
vn 0.5538812 0.62729025 -0.54746926
vn 0.20093973 0.43811998 -0.87617016
vn 0.48436993 -0.70941275 -0.51197577
vn -0.016796853 0.5336226 -0.8455559
vn -0.035973225 0.05499412 -0.99783844
vn 0.28636742 -0.015789416 -0.9579898
vn 0.19932689 -0.42629862 -0.8823481
vn 0.09756551 -0.913758 -0.39436972
vn 0.007199621 -0.9209119 -0.38970426
vn -0.061918035 0.034041993 -0.9975005
vn -0.00899532 -0.4880634 -0.87276185
vn -0.034461215 -0.45746103 -0.8885617
vn 0.21273041 -0.80887055 -0.54815537
vn 0.21676168 -0.9761682 -0.010488376
vn 0.6267069 -0.40359715 -0.66659415
vn 0.79480016 -0.6068569 0.0041659996
vn 0.81006074 0.018086616 -0.5860671
vn 0.7037002 -0.38134834 0.59948266
vn 0.99930537 -0.034880273 -0.013124837
vn 0.42287531 0.13295095 -0.8963819
vn 0.84195644 -0.052155975 0.53701884
vn 0.80611587 0.1745667 -0.56542337
vn 0.78807324 0.25432935 -0.56058645
vn -0.007349955 0.11596193 -0.99322647
vn 0.98176503 0.19001797 -0.0055162758
vn 0.8209595 0.14860946 0.55130816
vn 0.5272537 -0.07237556 0.84661996
vn 0.45410565 0.07426136 0.8878476
vn 0.20957687 -0.11243697 0.971306
vn 0.060778838 -0.0024876157 0.9981482
vn 0.9571888 0.2894646 0
vn 0.7880734 0.2543295 0.56058615
vn 0.40826955 0.18381906 0.89416254
vn -0.0073498734 0.11596225 0.99322647
vn 0.4170526 0.15196249 0.8960885
vn 0.80368596 0.19752602 0.5613131
vn 0.9761189 0.2172367 0
vn -0.579713 0.029563094 0.81428427
vn -0.58063304 0.044914823 0.8129256
vn -0.009888398 0.103041254 0.9946279
vn 0.83154315 -0.07942475 0.54975253
vn 0.4302811 -0.030870987 0.90216696
vn -0.01602985 -0.040351186 0.999057
vn 0.99421024 -0.10745198 0
vn 0.8315428 -0.079425074 -0.54975283
vn 0.37623632 -0.40311795 0.8342315
vn 0.6113891 -0.6383621 0.46765074
vn 0.72208744 -0.6918018 0
vn 0.80368567 0.1975259 -0.5613135
vn 0.4170522 0.15196218 -0.8960887
vn 0.4082693 0.1838187 -0.8941626
vn 0.0028294756 -0.94354624 0.33122885
vn -0.035038188 -0.5499256 0.8344784
vn 0.027366964 -0.99962544 0
vn 0.00282947 -0.9435463 -0.33122855
vn -0.6668934 -0.6956079 0.26717535
vn -0.4972327 -0.46341944 0.73348624
vn -0.948319 -0.17277862 0.266155
vn -0.67758846 -0.7354412 0
vn -0.5936241 -0.10441413 0.79793996
vn 0.61138886 -0.6383623 -0.4676507
vn 0.37623617 -0.40311816 -0.8342314
vn -0.95923084 -0.015784219 0.28218287
vn -0.9994918 -0.031876393 0
vn -0.9809903 -0.19405645 0
vn -0.95923084 -0.01578431 -0.2821826
vn -0.66689354 -0.695608 -0.2671749
vn -0.58063304 0.0449146 -0.81292546
vn -0.94831914 -0.17277874 -0.26615468
vn -0.4972328 -0.46341974 -0.73348594
vn -0.009888414 0.10304099 -0.994628
vn -0.5936242 -0.10441441 -0.79793984
vn -0.016029904 -0.0403515 -0.999057
vn -0.03503828 -0.54992586 -0.8344782
vn 0.43028077 -0.030871358 -0.902167
vn -0.21295516 0.9770618 -0.0006568601
vn -0.28883985 0.8752683 -0.38791364
vn -0.09776765 0.9952093 -0.0002956021
vn -0.15183015 0.8858256 -0.43847528
vn -0.051946823 0.90376145 0.42487252
vn 0.03401269 0.91741383 0.39647815
vn -0.024670737 0.99969566 -4.65179E-05
vn -0.18145694 0.3598214 -0.915206
vn -0.04365445 0.8994965 -0.43474162
vn -0.0371915 -0.039557125 -0.99852496
vn 0.008129682 0.48955542 0.8719343
vn 0.082642294 0.52538836 0.84683967
vn 0.03685772 0.9993205 0
vn -0.055291105 0.40397584 -0.91309714
vn 0.035769086 0.9167527 -0.3978505
vn 0.04318976 0.46014002 -0.8867953
vn 0.053210348 -0.0038214242 -0.99857605
vn 0.08719423 0.52100277 -0.8490896
vn 0.06370379 0.9324562 -0.35562235
vn 0.047020603 0.9988939 0
vn 0.06370419 0.9324562 0.3556225
vn -0.06691348 0.91923684 0.38797718
vn -0.124759555 0.992187 0
vn -0.04033121 -0.3753255 -0.9260152
vn 0.06734476 -0.48816055 -0.8701517
vn 0.09640611 0.03154167 -0.99484223
vn -0.06691335 0.91923684 -0.38797724
vn 0.010368757 0.54167336 -0.84052503
vn 0.026787743 0.05357477 -0.99820447
vn -0.2090351 0.45484418 -0.86569107
vn -0.52901006 0.6592458 -0.5343625
vn -0.7127908 0.7013767 0
vn 0.013992384 -0.932215 -0.3616344
vn -0.09459446 -0.9185322 -0.38386282
vn 0.0027600504 -0.49908605 -0.86654794
vn -0.2180855 -0.42535183 -0.878359
vn -0.30224016 0.0051884744 -0.9532176
vn -0.7921309 -0.08131002 -0.60491115
vn -0.4938018 -0.7017905 -0.51346844
vn -0.99394727 -0.10985805 0
vn -0.792131 -0.08130985 0.6049109
vn -0.6238713 -0.78152704 0
vn -0.15116724 -0.98850816 0
vn -0.49380204 -0.7017904 0.5134684
vn -0.0945943 -0.91853225 0.3838626
vn -0.21808524 -0.425352 0.878359
vn 0.002760227 -0.499086 0.86654806
vn 0.074173436 0.049011633 0.9960402
vn 0.02678804 0.053574998 0.99820447
vn -0.30224004 0.0051886607 0.95321774
vn 0.010368986 0.5416735 0.84052503
vn -0.2090352 0.4548446 0.8656909
vn -0.5290105 0.6592456 0.5343625
g stickman_VIP1_0
f 3/3/3 2/2/2 1/1/1
f 3/3/3 1/1/1 4/4/4
f 5/5/5 4/4/4 1/1/1
f 6/6/6 5/5/5 1/1/1
f 6/6/6 7/7/7 5/5/5
f 8/8/8 7/7/7 6/6/6
f 7/7/7 9/9/9 5/5/5
f 5/5/5 9/9/9 10/10/10
f 5/5/5 10/10/10 4/4/4
f 9/9/9 11/11/11 10/10/10
f 10/10/10 11/11/11 12/12/12
f 11/11/11 13/13/13 12/12/12
f 14/14/14 10/10/10 12/12/12
f 10/10/10 14/14/14 4/4/4
f 15/15/15 14/14/14 12/12/12
f 15/15/15 16/16/16 14/14/14
f 4/4/4 14/14/14 16/16/16
f 16/16/16 17/17/17 4/4/4
f 4/4/4 18/18/18 3/3/3
f 17/17/17 18/18/18 4/4/4
f 3/3/3 18/18/18 19/19/19
f 19/19/19 18/18/18 17/17/17
f 22/22/22 21/21/21 20/20/20
f 21/21/21 23/23/23 20/20/20
f 24/24/24 20/20/20 23/23/23
f 23/23/23 21/21/21 25/25/25
f 24/24/24 23/23/23 25/25/25
f 21/21/21 26/26/26 25/25/25
f 24/24/24 25/25/25 27/27/27
f 27/27/27 28/28/28 24/24/24
f 29/29/29 25/25/25 26/26/26
f 25/25/25 29/29/29 27/27/27
f 30/30/30 29/29/29 26/26/26
f 27/27/27 31/31/31 28/28/28
f 31/31/31 27/27/27 29/29/29
f 32/32/32 29/29/29 30/30/30
f 31/31/31 29/29/29 32/32/32
f 31/31/31 32/32/32 33/33/33
f 31/31/31 34/34/34 28/28/28
f 34/34/34 35/35/35 28/28/28
f 36/36/36 35/35/35 34/34/34
f 33/33/33 37/37/37 31/31/31
f 31/31/31 37/37/37 34/34/34
f 33/33/33 38/38/38 37/37/37
f 34/34/34 37/37/37 38/38/38
f 36/36/36 34/34/34 38/38/38
f 38/38/38 39/39/39 36/36/36
f 36/36/36 39/39/39 40/40/40
f 36/36/36 40/40/40 41/41/41
f 42/42/42 41/41/41 40/40/40
f 41/41/41 42/42/42 43/43/43
f 41/41/41 44/44/44 36/36/36
f 36/36/36 44/44/44 45/45/45
f 46/46/46 45/45/45 44/44/44
f 41/41/41 43/43/43 47/47/47
f 48/48/48 47/47/47 43/43/43
f 49/49/49 47/47/47 48/48/48
f 50/50/50 44/44/44 41/41/41
f 50/50/50 41/41/41 47/47/47
f 50/50/50 46/46/46 44/44/44
f 47/47/47 51/51/51 50/50/50
f 50/50/50 51/51/51 46/46/46
f 51/51/51 47/47/47 49/49/49
f 46/46/46 51/51/51 49/49/49
f 52/52/52 46/46/46 49/49/49
f 53/53/53 49/49/49 48/48/48
f 53/53/53 54/54/54 49/49/49
f 49/49/49 55/55/55 52/52/52
f 54/54/54 55/55/55 49/49/49
f 52/52/52 55/55/55 56/56/56
f 54/54/54 57/57/57 55/55/55
f 57/57/57 56/56/56 55/55/55
f 48/48/48 59/59/59 58/58/58
f 48/48/48 58/58/58 60/60/60
f 59/59/59 61/61/61 58/58/58
f 58/58/58 62/62/62 60/60/60
f 60/60/60 62/62/62 63/63/63
f 62/62/62 64/64/64 63/63/63
f 63/63/63 64/64/64 65/65/65
f 64/64/64 66/66/66 65/65/65
f 65/65/65 66/66/66 67/67/67
f 66/66/66 68/68/68 67/67/67
f 67/67/67 68/68/68 69/69/69
f 68/68/68 70/70/70 69/69/69
f 69/69/69 70/70/70 71/71/71
f 70/70/70 72/72/72 71/71/71
f 71/71/71 72/72/72 73/73/73
f 72/72/72 74/74/74 73/73/73
f 73/73/73 74/74/74 75/75/75
f 74/74/74 76/76/76 75/75/75
f 75/75/75 76/76/76 77/77/77
f 76/76/76 78/78/78 77/77/77
f 77/77/77 78/78/78 79/79/79
f 78/78/78 80/80/80 79/79/79
f 79/79/79 80/80/80 81/81/81
f 80/80/80 82/82/82 81/81/81
f 81/81/81 82/82/82 30/30/30
f 82/82/82 83/83/83 30/30/30
f 83/83/83 84/84/84 30/30/30
f 84/84/84 85/85/85 30/30/30
f 88/88/88 87/87/87 86/86/86
f 86/86/86 89/89/89 88/88/88
f 92/92/92 91/91/91 90/90/90
f 91/91/91 93/93/93 90/90/90
f 91/91/91 94/94/94 93/93/93
f 94/94/94 95/95/95 93/93/93
f 94/94/94 96/96/96 95/95/95
f 96/96/96 97/97/97 95/95/95
f 96/96/96 98/98/98 97/97/97
f 98/98/98 99/99/99 97/97/97
f 98/98/98 100/100/100 99/99/99
f 100/100/100 101/101/101 99/99/99
f 100/100/100 102/102/102 101/101/101
f 102/102/102 103/103/103 101/101/101
f 102/102/102 104/104/104 103/103/103
f 104/104/104 105/105/105 103/103/103
f 104/104/104 106/106/106 105/105/105
f 106/106/106 107/107/107 105/105/105
f 106/106/106 108/108/108 107/107/107
f 108/108/108 109/109/109 107/107/107
f 108/108/108 110/110/110 109/109/109
f 110/110/110 111/111/111 109/109/109
f 110/110/110 112/112/112 111/111/111
f 112/112/112 113/113/113 111/111/111
f 112/112/112 114/114/114 113/113/113
f 114/114/114 115/115/115 113/113/113
f 118/118/118 117/117/117 116/116/116
f 119/119/119 118/118/118 116/116/116
f 120/120/120 118/118/118 119/119/119
f 119/119/119 116/116/116 121/121/121
f 122/122/122 120/120/120 119/119/119
f 123/123/123 119/119/119 121/121/121
f 122/122/122 119/119/119 123/123/123
f 123/123/123 121/121/121 124/124/124
f 125/125/125 122/122/122 123/123/123
f 126/126/126 123/123/123 124/124/124
f 125/125/125 123/123/123 126/126/126
f 126/126/126 124/124/124 127/127/127
f 128/128/128 125/125/125 126/126/126
f 129/129/129 126/126/126 127/127/127
f 128/128/128 126/126/126 129/129/129
f 129/129/129 127/127/127 130/130/130
f 131/131/131 128/128/128 129/129/129
f 132/132/132 129/129/129 130/130/130
f 131/131/131 129/129/129 132/132/132
f 132/132/132 130/130/130 133/133/133
f 134/134/134 131/131/131 132/132/132
f 135/135/135 132/132/132 133/133/133
f 134/134/134 132/132/132 135/135/135
f 135/135/135 133/133/133 136/136/136
f 137/137/137 134/134/134 135/135/135
f 138/138/138 135/135/135 136/136/136
f 137/137/137 135/135/135 138/138/138
f 138/138/138 136/136/136 139/139/139
f 140/140/140 137/137/137 138/138/138
f 141/141/141 138/138/138 139/139/139
f 140/140/140 138/138/138 141/141/141
f 141/141/141 139/139/139 142/142/142
f 143/143/143 140/140/140 141/141/141
f 144/144/144 141/141/141 142/142/142
f 143/143/143 141/141/141 144/144/144
f 144/144/144 142/142/142 145/145/145
f 146/146/146 143/143/143 144/144/144
f 147/147/147 144/144/144 145/145/145
f 146/146/146 144/144/144 147/147/147
f 147/147/147 145/145/145 148/148/148
f 149/149/149 146/146/146 147/147/147
f 150/150/150 147/147/147 148/148/148
f 149/149/149 147/147/147 150/150/150
f 150/150/150 148/148/148 151/151/151
f 152/152/152 149/149/149 150/150/150
f 153/153/153 150/150/150 151/151/151
f 152/152/152 150/150/150 153/153/153
f 154/154/154 152/152/152 153/153/153
f 157/157/157 156/156/156 155/155/155
f 158/158/158 157/157/157 155/155/155
f 159/159/159 157/157/157 158/158/158
f 160/160/160 158/158/158 155/155/155
f 161/161/161 160/160/160 155/155/155
f 162/162/162 159/159/159 158/158/158
f 163/163/163 159/159/159 162/162/162
f 164/164/164 162/162/162 158/158/158
f 164/164/164 163/163/163 162/162/162
f 160/160/160 164/164/164 158/158/158
f 165/165/165 163/163/163 164/164/164
f 166/166/166 165/165/165 164/164/164
f 166/166/166 164/164/164 160/160/160
f 167/167/167 165/165/165 166/166/166
f 168/168/168 160/160/160 161/161/161
f 168/168/168 166/166/166 160/160/160
f 169/169/169 168/168/168 161/161/161
f 170/170/170 167/167/167 166/166/166
f 170/170/170 166/166/166 168/168/168
f 171/171/171 167/167/167 170/170/170
f 172/172/172 168/168/168 169/169/169
f 172/172/172 170/170/170 168/168/168
f 173/173/173 172/172/172 169/169/169
f 174/174/174 171/171/171 170/170/170
f 174/174/174 170/170/170 172/172/172
f 175/175/175 171/171/171 174/174/174
f 176/176/176 172/172/172 173/173/173
f 176/176/176 174/174/174 172/172/172
f 177/177/177 176/176/176 173/173/173
f 178/178/178 175/175/175 174/174/174
f 178/178/178 174/174/174 176/176/176
f 179/179/179 175/175/175 178/178/178
f 180/180/180 176/176/176 177/177/177
f 180/180/180 178/178/178 176/176/176
f 181/181/181 180/180/180 177/177/177
f 182/182/182 179/179/179 178/178/178
f 182/182/182 178/178/178 180/180/180
f 183/183/183 179/179/179 182/182/182
f 184/184/184 180/180/180 181/181/181
f 184/184/184 182/182/182 180/180/180
f 185/185/185 184/184/184 181/181/181
f 186/186/186 183/183/183 182/182/182
f 186/186/186 182/182/182 184/184/184
f 187/187/187 183/183/183 186/186/186
f 188/188/188 184/184/184 185/185/185
f 188/188/188 186/186/186 184/184/184
f 189/189/189 188/188/188 185/185/185
f 190/190/190 187/187/187 186/186/186
f 190/190/190 186/186/186 188/188/188
f 191/191/191 187/187/187 190/190/190
f 192/192/192 188/188/188 189/189/189
f 192/192/192 190/190/190 188/188/188
f 193/193/193 192/192/192 189/189/189
f 194/194/194 191/191/191 190/190/190
f 194/194/194 190/190/190 192/192/192
f 195/195/195 191/191/191 194/194/194
f 196/196/196 192/192/192 193/193/193
f 196/196/196 194/194/194 192/192/192
f 197/197/197 196/196/196 193/193/193
f 198/198/198 195/195/195 194/194/194
f 198/198/198 194/194/194 196/196/196
f 199/199/199 195/195/195 198/198/198
f 200/200/200 196/196/196 197/197/197
f 200/200/200 198/198/198 196/196/196
f 201/201/201 200/200/200 197/197/197
f 202/202/202 199/199/199 198/198/198
f 202/202/202 198/198/198 200/200/200
f 203/203/203 199/199/199 202/202/202
f 204/204/204 200/200/200 201/201/201
f 204/204/204 202/202/202 200/200/200
f 205/205/205 204/204/204 201/201/201
f 206/206/206 203/203/203 202/202/202
f 206/206/206 202/202/202 204/204/204
f 206/206/206 204/204/204 205/205/205
f 207/207/207 203/203/203 206/206/206
f 208/208/208 206/206/206 205/205/205
f 61/61/61 207/207/207 206/206/206
f 208/208/208 61/61/61 206/206/206
f 211/211/211 210/210/210 209/209/209
f 212/212/212 211/211/211 209/209/209
f 209/209/209 213/213/213 212/212/212
f 211/211/211 212/212/212 214/214/214
f 214/214/214 212/212/212 213/213/213
f 215/215/215 211/211/211 214/214/214
f 216/216/216 214/214/214 213/213/213
f 216/216/216 213/213/213 217/217/217
f 217/217/217 218/218/218 216/216/216
f 214/214/214 219/219/219 215/215/215
f 219/219/219 214/214/214 216/216/216
f 219/219/219 220/220/220 215/215/215
f 221/221/221 216/216/216 218/218/218
f 221/221/221 218/218/218 222/222/222
f 223/223/223 219/219/219 216/216/216
f 219/219/219 223/223/223 220/220/220
f 223/223/223 216/216/216 221/221/221
f 224/224/224 223/223/223 221/221/221
f 225/225/225 221/221/221 222/222/222
f 222/222/222 226/226/226 225/225/225
f 226/226/226 227/227/227 225/225/225
f 221/221/221 228/228/228 224/224/224
f 228/228/228 221/221/221 225/225/225
f 229/229/229 224/224/224 228/228/228
f 229/229/229 228/228/228 225/225/225
f 230/230/230 229/229/229 225/225/225
f 225/225/225 227/227/227 230/230/230
f 230/230/230 227/227/227 231/231/231
f 232/232/232 230/230/230 231/231/231
f 231/231/231 227/227/227 233/233/233
f 234/234/234 231/231/231 233/233/233
f 234/234/234 233/233/233 235/235/235
f 231/231/231 236/236/236 232/232/232
f 231/231/231 234/234/234 236/236/236
f 236/236/236 237/237/237 232/232/232
f 237/237/237 236/236/236 234/234/234
f 238/238/238 237/237/237 234/234/234
f 235/235/235 239/239/239 234/234/234
f 239/239/239 235/235/235 240/240/240
f 241/241/241 234/234/234 239/239/239
f 238/238/238 234/234/234 241/241/241
f 241/241/241 239/239/239 240/240/240
f 242/242/242 241/241/241 240/240/240
f 242/242/242 240/240/240 243/243/243
f 241/241/241 244/244/244 238/238/238
f 244/244/244 241/241/241 242/242/242
f 244/244/244 245/245/245 238/238/238
f 244/244/244 242/242/242 245/245/245
f 242/242/242 246/246/246 245/245/245
f 247/247/247 246/246/246 242/242/242
f 243/243/243 248/248/248 242/242/242
f 248/248/248 247/247/247 242/242/242
f 248/248/248 243/243/243 249/249/249
f 250/250/250 247/247/247 248/248/248
f 249/249/249 250/250/250 248/248/248
f 252/252/252 245/245/245 251/251/251
f 251/251/251 245/245/245 253/253/253
f 254/254/254 251/251/251 253/253/253
f 254/254/254 253/253/253 255/255/255
f 256/256/256 254/254/254 255/255/255
f 256/256/256 255/255/255 257/257/257
f 258/258/258 256/256/256 257/257/257
f 258/258/258 257/257/257 259/259/259
f 260/260/260 258/258/258 259/259/259
f 260/260/260 259/259/259 261/261/261
f 262/262/262 260/260/260 261/261/261
f 262/262/262 261/261/261 263/263/263
f 264/264/264 262/262/262 263/263/263
f 264/264/264 263/263/263 265/265/265
f 266/266/266 264/264/264 265/265/265
f 266/266/266 265/265/265 267/267/267
f 268/268/268 266/266/266 267/267/267
f 268/268/268 267/267/267 269/269/269
f 270/270/270 268/268/268 269/269/269
f 270/270/270 269/269/269 271/271/271
f 272/272/272 270/270/270 271/271/271
f 272/272/272 271/271/271 273/273/273
f 274/274/274 272/272/272 273/273/273
f 274/274/274 273/273/273 220/220/220
f 275/275/275 260/260/260 262/262/262
f 276/276/276 262/262/262 264/264/264
f 276/276/276 275/275/275 262/262/262
f 277/277/277 264/264/264 266/266/266
f 277/277/277 276/276/276 264/264/264
f 278/278/278 266/266/266 268/268/268
f 278/278/278 277/277/277 266/266/266
f 279/279/279 268/268/268 270/270/270
f 279/279/279 278/278/278 268/268/268
f 280/280/280 270/270/270 272/272/272
f 280/280/280 279/279/279 270/270/270
f 281/281/281 272/272/272 274/274/274
f 281/281/281 280/280/280 272/272/272
f 275/275/275 282/282/282 260/260/260
f 282/282/282 258/258/258 260/260/260
f 282/282/282 283/283/283 258/258/258
f 283/283/283 256/256/256 258/258/258
f 283/283/283 284/284/284 256/256/256
f 284/284/284 254/254/254 256/256/256
f 284/284/284 285/285/285 254/254/254
f 285/285/285 251/251/251 254/254/254
f 286/286/286 251/251/251 285/285/285
f 286/286/286 252/252/252 251/251/251
f 287/287/287 282/282/282 275/275/275
f 288/288/288 283/283/283 282/282/282
f 287/287/287 288/288/288 282/282/282
f 289/289/289 284/284/284 283/283/283
f 288/288/288 289/289/289 283/283/283
f 290/290/290 285/285/285 284/284/284
f 289/289/289 290/290/290 284/284/284
f 291/291/291 285/285/285 290/290/290
f 291/291/291 286/286/286 285/285/285
f 292/292/292 290/290/290 289/289/289
f 292/292/292 291/291/291 290/290/290
f 293/293/293 289/289/289 288/288/288
f 293/293/293 292/292/292 289/289/289
f 291/291/291 292/292/292 294/294/294
f 292/292/292 293/293/293 294/294/294
f 286/286/286 291/291/291 295/295/295
f 291/291/291 294/294/294 295/295/295
f 252/252/252 286/286/286 296/296/296
f 286/286/286 295/295/295 296/296/296
f 296/296/296 295/295/295 297/297/297
f 295/295/295 298/298/298 297/297/297
f 295/295/295 294/294/294 298/298/298
f 297/297/297 298/298/298 299/299/299
f 300/300/300 293/293/293 288/288/288
f 300/300/300 288/288/288 287/287/287
f 294/294/294 293/293/293 301/301/301
f 294/294/294 301/301/301 298/298/298
f 293/293/293 300/300/300 301/301/301
f 298/298/298 302/302/302 299/299/299
f 298/298/298 301/301/301 302/302/302
f 299/299/299 302/302/302 303/303/303
f 301/301/301 300/300/300 304/304/304
f 301/301/301 304/304/304 302/302/302
f 302/302/302 305/305/305 303/303/303
f 302/302/302 304/304/304 305/305/305
f 303/303/303 305/305/305 306/306/306
f 307/307/307 300/300/300 287/287/287
f 300/300/300 307/307/307 304/304/304
f 305/305/305 308/308/308 306/306/306
f 306/306/306 308/308/308 309/309/309
f 304/304/304 310/310/310 305/305/305
f 304/304/304 307/307/307 310/310/310
f 305/305/305 310/310/310 308/308/308
f 307/307/307 287/287/287 311/311/311
f 311/311/311 287/287/287 275/275/275
f 311/311/311 275/275/275 276/276/276
f 308/308/308 312/312/312 309/309/309
f 309/309/309 312/312/312 313/313/313
f 310/310/310 314/314/314 308/308/308
f 308/308/308 314/314/314 312/312/312
f 307/307/307 315/315/315 310/310/310
f 315/315/315 307/307/307 311/311/311
f 310/310/310 315/315/315 314/314/314
f 316/316/316 311/311/311 276/276/276
f 315/315/315 311/311/311 316/316/316
f 316/316/316 276/276/276 277/277/277
f 312/312/312 317/317/317 313/313/313
f 313/313/313 317/317/317 318/318/318
f 314/314/314 319/319/319 312/312/312
f 312/312/312 319/319/319 317/317/317
f 315/315/315 320/320/320 314/314/314
f 320/320/320 315/315/315 316/316/316
f 314/314/314 320/320/320 319/319/319
f 321/321/321 316/316/316 277/277/277
f 320/320/320 316/316/316 321/321/321
f 321/321/321 277/277/277 278/278/278
f 317/317/317 322/322/322 318/318/318
f 318/318/318 322/322/322 323/323/323
f 319/319/319 324/324/324 317/317/317
f 317/317/317 324/324/324 322/322/322
f 320/320/320 325/325/325 319/319/319
f 325/325/325 320/320/320 321/321/321
f 319/319/319 325/325/325 324/324/324
f 326/326/326 321/321/321 278/278/278
f 325/325/325 321/321/321 326/326/326
f 326/326/326 278/278/278 279/279/279
f 322/322/322 327/327/327 323/323/323
f 323/323/323 327/327/327 328/328/328
f 324/324/324 329/329/329 322/322/322
f 322/322/322 329/329/329 327/327/327
f 325/325/325 330/330/330 324/324/324
f 330/330/330 325/325/325 326/326/326
f 324/324/324 330/330/330 329/329/329
f 331/331/331 326/326/326 279/279/279
f 330/330/330 326/326/326 331/331/331
f 331/331/331 279/279/279 280/280/280
f 327/327/327 332/332/332 328/328/328
f 328/328/328 332/332/332 333/333/333
f 329/329/329 334/334/334 327/327/327
f 327/327/327 334/334/334 332/332/332
f 330/330/330 335/335/335 329/329/329
f 335/335/335 330/330/330 331/331/331
f 329/329/329 335/335/335 334/334/334
f 336/336/336 331/331/331 280/280/280
f 335/335/335 331/331/331 336/336/336
f 336/336/336 280/280/280 281/281/281
f 332/332/332 337/337/337 333/333/333
f 333/333/333 337/337/337 338/338/338
f 334/334/334 339/339/339 332/332/332
f 332/332/332 339/339/339 337/337/337
f 335/335/335 340/340/340 334/334/334
f 340/340/340 335/335/335 336/336/336
f 334/334/334 340/340/340 339/339/339
f 341/341/341 336/336/336 281/281/281
f 340/340/340 336/336/336 341/341/341
f 340/340/340 342/342/342 339/339/339
f 342/342/342 340/340/340 341/341/341
f 339/339/339 343/343/343 337/337/337
f 339/339/339 342/342/342 343/343/343
f 341/341/341 281/281/281 344/344/344
f 344/344/344 281/281/281 274/274/274
f 342/342/342 341/341/341 345/345/345
f 345/345/345 341/341/341 344/344/344
f 344/344/344 274/274/274 346/346/346
f 346/346/346 274/274/274 220/220/220
f 337/337/337 343/343/343 347/347/347
f 347/347/347 346/346/346 220/220/220
f 337/337/337 347/347/347 338/338/338
f 338/338/338 347/347/347 220/220/220
f 342/342/342 348/348/348 343/343/343
f 348/348/348 342/342/342 345/345/345
f 343/343/343 349/349/349 347/347/347
f 347/347/347 349/349/349 346/346/346
f 343/343/343 348/348/348 349/349/349
f 350/350/350 344/344/344 346/346/346
f 345/345/345 344/344/344 350/350/350
f 349/349/349 350/350/350 346/346/346
f 348/348/348 351/351/351 349/349/349
f 349/349/349 351/351/351 350/350/350
f 352/352/352 345/345/345 350/350/350
f 348/348/348 345/345/345 352/352/352
f 351/351/351 348/348/348 352/352/352
f 351/351/351 352/352/352 350/350/350
f 338/338/338 354/354/354 353/353/353
f 354/354/354 355/355/355 353/353/353
f 354/354/354 356/356/356 355/355/355
f 356/356/356 357/357/357 355/355/355
f 356/356/356 358/358/358 357/357/357
f 353/353/353 359/359/359 338/338/338
f 338/338/338 359/359/359 360/360/360
f 359/359/359 361/361/361 360/360/360
f 362/362/362 360/360/360 361/361/361
f 358/358/358 363/363/363 357/357/357
f 363/363/363 358/358/358 252/252/252
f 364/364/364 359/359/359 353/353/353
f 361/361/361 359/359/359 364/364/364
f 353/353/353 355/355/355 365/365/365
f 366/366/366 355/355/355 357/357/357
f 366/366/366 365/365/365 355/355/355
f 367/367/367 353/353/353 365/365/365
f 367/367/367 364/364/364 353/353/353
f 365/365/365 366/366/366 368/368/368
f 365/365/365 368/368/368 367/367/367
f 369/369/369 368/368/368 366/366/366
f 367/367/367 368/368/368 369/369/369
f 370/370/370 362/362/362 361/361/361
f 362/362/362 370/370/370 371/371/371
f 372/372/372 362/362/362 371/371/371
f 373/373/373 371/371/371 370/370/370
f 373/373/373 370/370/370 361/361/361
f 373/373/373 361/361/361 364/364/364
f 374/374/374 373/373/373 364/364/364
f 364/364/364 375/375/375 374/374/374
f 364/364/364 367/367/367 375/375/375
f 376/376/376 375/375/375 367/367/367
f 376/376/376 367/367/367 369/369/369
f 369/369/369 377/377/377 376/376/376
f 378/378/378 377/377/377 369/369/369
f 369/369/369 366/366/366 379/379/379
f 379/379/379 378/378/378 369/369/369
f 366/366/366 380/380/380 379/379/379
f 357/357/357 380/380/380 366/366/366
f 381/381/381 378/378/378 379/379/379
f 378/378/378 381/381/381 382/382/382
f 382/382/382 381/381/381 383/383/383
f 384/384/384 382/382/382 383/383/383
f 379/379/379 380/380/380 385/385/385
f 385/385/385 380/380/380 357/357/357
f 381/381/381 379/379/379 385/385/385
f 386/386/386 385/385/385 357/357/357
f 357/357/357 363/363/363 386/386/386
f 385/385/385 387/387/387 381/381/381
f 383/383/383 381/381/381 387/387/387
f 386/386/386 387/387/387 385/385/385
f 383/383/383 387/387/387 386/386/386
f 388/388/388 386/386/386 363/363/363
f 383/383/383 386/386/386 388/388/388
f 388/388/388 363/363/363 252/252/252
f 383/383/383 389/389/389 384/384/384
f 384/384/384 389/389/389 390/390/390
f 383/383/383 391/391/391 389/389/389
f 391/391/391 383/383/383 388/388/388
f 390/390/390 389/389/389 391/391/391
f 390/390/390 391/391/391 392/392/392
f 393/393/393 390/390/390 392/392/392
f 388/388/388 394/394/394 391/391/391
f 252/252/252 394/394/394 388/388/388
f 391/391/391 394/394/394 392/392/392
f 392/392/392 394/394/394 252/252/252
f 395/395/395 392/392/392 252/252/252
f 395/395/395 396/396/396 392/392/392
f 392/392/392 397/397/397 393/393/393
f 396/396/396 397/397/397 392/392/392
f 393/393/393 397/397/397 398/398/398
f 396/396/396 399/399/399 397/397/397
f 399/399/399 398/398/398 397/397/397
f 402/402/402 401/401/401 400/400/400
f 400/400/400 401/401/401 403/403/403
f 401/401/401 404/404/404 403/403/403
f 404/404/404 401/401/401 405/405/405
f 406/406/406 404/404/404 405/405/405
f 405/405/405 407/407/407 406/406/406
f 404/404/404 406/406/406 408/408/408
f 403/403/403 404/404/404 408/408/408
f 407/407/407 409/409/409 406/406/406
f 407/407/407 410/410/410 409/409/409
f 403/403/403 411/411/411 400/400/400
f 411/411/411 412/412/412 400/400/400
f 412/412/412 413/413/413 400/400/400
f 412/412/412 414/414/414 413/413/413
f 415/415/415 412/412/412 411/411/411
f 416/416/416 414/414/414 412/412/412
f 415/415/415 416/416/416 412/412/412
f 417/417/417 411/411/411 403/403/403
f 417/417/417 415/415/415 411/411/411
f 414/414/414 416/416/416 418/418/418
f 418/418/418 419/419/419 414/414/414
f 418/418/418 420/420/420 419/419/419
f 420/420/420 421/421/421 419/419/419
f 422/422/422 421/421/421 420/420/420
f 423/423/423 417/417/417 403/403/403
f 424/424/424 423/423/423 403/403/403
f 408/408/408 424/424/424 403/403/403
f 424/424/424 408/408/408 425/425/425
f 408/408/408 406/406/406 425/425/425
f 426/426/426 415/415/415 417/417/417
f 427/427/427 417/417/417 423/423/423
f 427/427/427 426/426/426 417/417/417
f 428/428/428 423/423/423 424/424/424
f 428/428/428 427/427/427 423/423/423
f 427/427/427 428/428/428 429/429/429
f 430/430/430 428/428/428 424/424/424
f 428/428/428 430/430/430 429/429/429
f 431/431/431 424/424/424 425/425/425
f 430/430/430 424/424/424 431/431/431
f 426/426/426 432/432/432 415/415/415
f 432/432/432 416/416/416 415/415/415
f 426/426/426 427/427/427 433/433/433
f 433/433/433 427/427/427 429/429/429
f 434/434/434 426/426/426 433/433/433
f 432/432/432 426/426/426 434/434/434
f 435/435/435 433/433/433 429/429/429
f 434/434/434 433/433/433 435/435/435
f 436/436/436 434/434/434 435/435/435
f 437/437/437 434/434/434 436/436/436
f 437/437/437 432/432/432 434/434/434
f 432/432/432 437/437/437 438/438/438
f 439/439/439 438/438/438 437/437/437
f 432/432/432 440/440/440 416/416/416
f 440/440/440 432/432/432 438/438/438
f 441/441/441 438/438/438 439/439/439
f 442/442/442 441/441/441 439/439/439
f 441/441/441 442/442/442 443/443/443
f 440/440/440 444/444/444 416/416/416
f 416/416/416 444/444/444 418/418/418
f 445/445/445 440/440/440 438/438/438
f 440/440/440 445/445/445 444/444/444
f 441/441/441 445/445/445 438/438/438
f 444/444/444 446/446/446 418/418/418
f 445/445/445 446/446/446 444/444/444
f 446/446/446 420/420/420 418/418/418
f 447/447/447 445/445/445 441/441/441
f 445/445/445 447/447/447 446/446/446
f 448/448/448 441/441/441 443/443/443
f 448/448/448 447/447/447 441/441/441
f 446/446/446 449/449/449 420/420/420
f 447/447/447 449/449/449 446/446/446
f 443/443/443 450/450/450 448/448/448
f 451/451/451 450/450/450 443/443/443
f 450/450/450 452/452/452 448/448/448
f 452/452/452 453/453/453 448/448/448
f 447/447/447 448/448/448 453/453/453
f 450/450/450 451/451/451 454/454/454
f 452/452/452 450/450/450 454/454/454
f 455/455/455 447/447/447 453/453/453
f 447/447/447 455/455/455 449/449/449
f 449/449/449 456/456/456 420/420/420
f 422/422/422 420/420/420 456/456/456
f 454/454/454 457/457/457 452/452/452
f 458/458/458 457/457/457 454/454/454
f 457/457/457 458/458/458 459/459/459
f 458/458/458 460/460/460 459/459/459
f 461/461/461 459/459/459 460/460/460
f 461/461/461 462/462/462 459/459/459
f 462/462/462 463/463/463 459/459/459
f 463/463/463 464/464/464 459/459/459
f 463/463/463 465/465/465 464/464/464
f 456/456/456 466/466/466 422/422/422
f 466/466/466 467/467/467 422/422/422
f 468/468/468 466/466/466 456/456/456
f 469/469/469 468/468/468 456/456/456
f 470/470/470 467/467/467 466/466/466
f 470/470/470 466/466/466 468/468/468
f 456/456/456 449/449/449 469/469/469
f 449/449/449 471/471/471 469/469/469
f 455/455/455 471/471/471 449/449/449
f 472/472/472 459/459/459 464/464/464
f 459/459/459 472/472/472 457/457/457
f 465/465/465 473/473/473 464/464/464
f 465/465/465 474/474/474 473/473/473
f 468/468/468 475/475/475 470/470/470
f 475/475/475 476/476/476 470/470/470
f 477/477/477 476/476/476 475/475/475
f 477/477/477 478/478/478 476/476/476
f 477/477/477 479/479/479 478/478/478
f 480/480/480 479/479/479 477/477/477
f 481/481/481 480/480/480 477/477/477
f 482/482/482 481/481/481 477/477/477
f 483/483/483 481/481/481 482/482/482
f 474/474/474 484/484/484 473/473/473
f 474/474/474 485/485/485 484/484/484
f 475/475/475 486/486/486 477/477/477
f 477/477/477 486/486/486 482/482/482
f 487/487/487 483/483/483 482/482/482
f 488/488/488 483/483/483 487/487/487
f 489/489/489 488/488/488 487/487/487
f 490/490/490 488/488/488 489/489/489
f 491/491/491 487/487/487 482/482/482
f 486/486/486 492/492/492 482/482/482
f 492/492/492 491/491/491 482/482/482
f 493/493/493 492/492/492 486/486/486
f 491/491/491 492/492/492 493/493/493
f 491/491/491 494/494/494 487/487/487
f 494/494/494 489/489/489 487/487/487
f 495/495/495 491/491/491 493/493/493
f 494/494/494 491/491/491 495/495/495
f 486/486/486 475/475/475 496/496/496
f 497/497/497 493/493/493 486/486/486
f 497/497/497 486/486/486 496/496/496
f 497/497/497 498/498/498 493/493/493
f 498/498/498 497/497/497 496/496/496
f 496/496/496 475/475/475 499/499/499
f 475/475/475 468/468/468 499/499/499
f 494/494/494 500/500/500 489/489/489
f 501/501/501 494/494/494 495/495/495
f 500/500/500 494/494/494 501/501/501
f 500/500/500 502/502/502 489/489/489
f 502/502/502 490/490/490 489/489/489
f 503/503/503 495/495/495 493/493/493
f 498/498/498 504/504/504 493/493/493
f 504/504/504 503/503/503 493/493/493
f 505/505/505 501/501/501 495/495/495
f 503/503/503 505/505/505 495/495/495
f 503/503/503 504/504/504 506/506/506
f 506/506/506 504/504/504 498/498/498
f 505/505/505 503/503/503 507/507/507
f 507/507/507 503/503/503 506/506/506
f 508/508/508 507/507/507 506/506/506
f 509/509/509 508/508/508 506/506/506
f 510/510/510 505/505/505 507/507/507
f 511/511/511 510/510/510 507/507/507
f 511/511/511 512/512/512 510/510/510
f 505/505/505 513/513/513 501/501/501
f 513/513/513 505/505/505 510/510/510
f 514/514/514 509/509/509 506/506/506
f 514/514/514 506/506/506 498/498/498
f 509/509/509 514/514/514 515/515/515
f 514/514/514 498/498/498 515/515/515
f 516/516/516 509/509/509 515/515/515
f 517/517/517 516/516/516 515/515/515
f 512/512/512 518/518/518 510/510/510
f 518/518/518 513/513/513 510/510/510
f 498/498/498 519/519/519 515/515/515
f 519/519/519 498/498/498 496/496/496
f 520/520/520 517/517/517 515/515/515
f 515/515/515 519/519/519 520/520/520
f 521/521/521 519/519/519 496/496/496
f 519/519/519 521/521/521 520/520/520
f 499/499/499 521/521/521 496/496/496
f 517/517/517 520/520/520 522/522/522
f 520/520/520 521/521/521 522/522/522
f 523/523/523 517/517/517 522/522/522
f 523/523/523 522/522/522 524/524/524
f 518/518/518 512/512/512 525/525/525
f 512/512/512 526/526/526 525/525/525
f 526/526/526 527/527/527 525/525/525
f 521/521/521 499/499/499 528/528/528
f 499/499/499 468/468/468 528/528/528
f 521/521/521 529/529/529 522/522/522
f 522/522/522 529/529/529 524/524/524
f 529/529/529 521/521/521 528/528/528
f 525/525/525 530/530/530 518/518/518
f 531/531/531 530/530/530 525/525/525
f 530/530/530 513/513/513 518/518/518
f 527/527/527 532/532/532 525/525/525
f 532/532/532 531/531/531 525/525/525
f 532/532/532 527/527/527 533/533/533
f 532/532/532 533/533/533 531/531/531
f 527/527/527 534/534/534 533/533/533
f 534/534/534 524/524/524 533/533/533
f 529/529/529 535/535/535 524/524/524
f 524/524/524 535/535/535 533/533/533
f 529/529/529 528/528/528 536/536/536
f 535/535/535 529/529/529 536/536/536
f 535/535/535 536/536/536 537/537/537
f 535/535/535 538/538/538 533/533/533
f 533/533/533 538/538/538 531/531/531
f 538/538/538 535/535/535 537/537/537
f 531/531/531 538/538/538 537/537/537
f 513/513/513 530/530/530 539/539/539
f 530/530/530 531/531/531 539/539/539
f 528/528/528 540/540/540 536/536/536
f 468/468/468 540/540/540 528/528/528
f 540/540/540 541/541/541 536/536/536
f 536/536/536 541/541/541 537/537/537
f 540/540/540 468/468/468 542/542/542
f 541/541/541 540/540/540 542/542/542
f 468/468/468 469/469/469 542/542/542
f 469/469/469 471/471/471 542/542/542
f 543/543/543 513/513/513 539/539/539
f 513/513/513 543/543/543 501/501/501
f 543/543/543 500/500/500 501/501/501
f 544/544/544 500/500/500 543/543/543
f 539/539/539 544/544/544 543/543/543
f 545/545/545 544/544/544 539/539/539
f 546/546/546 545/545/545 539/539/539
f 546/546/546 537/537/537 545/545/545
f 531/531/531 546/546/546 539/539/539
f 546/546/546 531/531/531 537/537/537
f 500/500/500 544/544/544 547/547/547
f 544/544/544 545/545/545 547/547/547
f 502/502/502 500/500/500 547/547/547
f 502/502/502 547/547/547 548/548/548
f 490/490/490 502/502/502 548/548/548
f 537/537/537 549/549/549 545/545/545
f 541/541/541 549/549/549 537/537/537
f 549/549/549 541/541/541 550/550/550
f 550/550/550 541/541/541 542/542/542
f 547/547/547 551/551/551 548/548/548
f 545/545/545 551/551/551 547/547/547
f 490/490/490 548/548/548 552/552/552
f 553/553/553 490/490/490 552/552/552
f 554/554/554 553/553/553 552/552/552
f 545/545/545 549/549/549 555/555/555
f 555/555/555 549/549/549 550/550/550
f 542/542/542 556/556/556 550/550/550
f 471/471/471 556/556/556 542/542/542
f 551/551/551 557/557/557 548/548/548
f 548/548/548 557/557/557 552/552/552
f 558/558/558 545/545/545 555/555/555
f 545/545/545 558/558/558 551/551/551
f 559/559/559 556/556/556 471/471/471
f 455/455/455 559/559/559 471/471/471
f 559/559/559 455/455/455 560/560/560
f 455/455/455 453/453/453 560/560/560
f 453/453/453 452/452/452 560/560/560
f 561/561/561 555/555/555 550/550/550
f 562/562/562 558/558/558 555/555/555
f 561/561/561 562/562/562 555/555/555
f 558/558/558 563/563/563 551/551/551
f 558/558/558 562/562/562 563/563/563
f 556/556/556 564/564/564 550/550/550
f 564/564/564 561/561/561 550/550/550
f 559/559/559 565/565/565 556/556/556
f 565/565/565 564/564/564 556/556/556
f 551/551/551 563/563/563 566/566/566
f 557/557/557 551/551/551 566/566/566
f 567/567/567 561/561/561 564/564/564
f 565/565/565 567/567/567 564/564/564
f 565/565/565 559/559/559 568/568/568
f 567/567/567 565/565/565 568/568/568
f 559/559/559 560/560/560 568/568/568
f 567/567/567 569/569/569 561/561/561
f 569/569/569 562/562/562 561/561/561
f 562/562/562 570/570/570 563/563/563
f 563/563/563 570/570/570 566/566/566
f 571/571/571 567/567/567 568/568/568
f 569/569/569 567/567/567 571/571/571
f 572/572/572 570/570/570 562/562/562
f 569/569/569 572/572/572 562/562/562
f 557/557/557 566/566/566 573/573/573
f 570/570/570 574/574/574 566/566/566
f 566/566/566 574/574/574 573/573/573
f 572/572/572 575/575/575 570/570/570
f 575/575/575 574/574/574 570/570/570
f 576/576/576 557/557/557 573/573/573
f 557/557/557 576/576/576 552/552/552
f 552/552/552 576/576/576 577/577/577
f 577/577/577 554/554/554 552/552/552
f 576/576/576 578/578/578 577/577/577
f 578/578/578 576/576/576 573/573/573
f 554/554/554 577/577/577 579/579/579
f 577/577/577 578/578/578 579/579/579
f 580/580/580 554/554/554 579/579/579
f 580/580/580 579/579/579 581/581/581
f 582/582/582 580/580/580 581/581/581
f 578/578/578 583/583/583 579/579/579
f 579/579/579 583/583/583 581/581/581
f 584/584/584 578/578/578 573/573/573
f 578/578/578 584/584/584 583/583/583
f 574/574/574 585/585/585 573/573/573
f 573/573/573 585/585/585 584/584/584
f 575/575/575 586/586/586 574/574/574
f 586/586/586 585/585/585 574/574/574
f 585/585/585 587/587/587 584/584/584
f 584/584/584 588/588/588 583/583/583
f 584/584/584 587/587/587 588/588/588
f 586/586/586 589/589/589 585/585/585
f 589/589/589 587/587/587 585/585/585
f 583/583/583 590/590/590 581/581/581
f 583/583/583 588/588/588 591/591/591
f 590/590/590 583/583/583 591/591/591
f 587/587/587 592/592/592 588/588/588
f 588/588/588 592/592/592 591/591/591
f 589/589/589 593/593/593 587/587/587
f 593/593/593 592/592/592 587/587/587
f 581/581/581 590/590/590 594/594/594
f 582/582/582 581/581/581 594/594/594
f 586/586/586 575/575/575 595/595/595
f 589/589/589 586/586/586 596/596/596
f 586/586/586 595/595/595 596/596/596
f 593/593/593 589/589/589 597/597/597
f 589/589/589 596/596/596 597/597/597
f 575/575/575 598/598/598 595/595/595
f 575/575/575 572/572/572 598/598/598
f 572/572/572 599/599/599 598/598/598
f 572/572/572 569/569/569 599/599/599
f 569/569/569 600/600/600 599/599/599
f 600/600/600 569/569/569 571/571/571
f 601/601/601 600/600/600 571/571/571
f 602/602/602 601/601/601 571/571/571
f 602/602/602 603/603/603 601/601/601
f 602/602/602 571/571/571 568/568/568
f 599/599/599 600/600/600 604/604/604
f 599/599/599 604/604/604 598/598/598
f 600/600/600 601/601/601 604/604/604
f 605/605/605 602/602/602 568/568/568
f 602/602/602 605/605/605 603/603/603
f 605/605/605 568/568/568 560/560/560
f 606/606/606 605/605/605 560/560/560
f 452/452/452 606/606/606 560/560/560
f 605/605/605 606/606/606 607/607/607
f 605/605/605 607/607/607 603/603/603
f 606/606/606 452/452/452 608/608/608
f 606/606/606 608/608/608 607/607/607
f 604/604/604 609/609/609 598/598/598
f 598/598/598 609/609/609 595/595/595
f 452/452/452 610/610/610 608/608/608
f 452/452/452 457/457/457 610/610/610
f 457/457/457 611/611/611 610/610/610
f 457/457/457 472/472/472 611/611/611
f 610/610/610 612/612/612 608/608/608
f 612/612/612 610/610/610 611/611/611
f 608/608/608 613/613/613 607/607/607
f 612/612/612 613/613/613 608/608/608
f 607/607/607 614/614/614 603/603/603
f 613/613/613 614/614/614 607/607/607
f 609/609/609 604/604/604 615/615/615
f 604/604/604 616/616/616 615/615/615
f 604/604/604 601/601/601 616/616/616
f 613/613/613 612/612/612 617/617/617
f 614/614/614 613/613/613 618/618/618
f 613/613/613 617/617/617 618/618/618
f 617/617/617 619/619/619 618/618/618
f 620/620/620 619/619/619 617/617/617
f 612/612/612 621/621/621 617/617/617
f 621/621/621 620/620/620 617/617/617
f 614/614/614 618/618/618 622/622/622
f 618/618/618 623/623/623 622/622/622
f 623/623/623 624/624/624 622/622/622
f 612/612/612 625/625/625 621/621/621
f 625/625/625 612/612/612 611/611/611
f 626/626/626 625/625/625 611/611/611
f 620/620/620 621/621/621 627/627/627
f 625/625/625 627/627/627 621/621/621
f 625/625/625 626/626/626 627/627/627
f 628/628/628 620/620/620 627/627/627
f 629/629/629 628/628/628 627/627/627
f 630/630/630 629/629/629 627/627/627
f 626/626/626 630/630/630 627/627/627
f 629/629/629 630/630/630 631/631/631
f 631/631/631 630/630/630 626/626/626
f 632/632/632 629/629/629 631/631/631
f 633/633/633 632/632/632 631/631/631
f 634/634/634 626/626/626 611/611/611
f 626/626/626 634/634/634 635/635/635
f 472/472/472 634/634/634 611/611/611
f 635/635/635 634/634/634 472/472/472
f 636/636/636 631/631/631 626/626/626
f 636/636/636 626/626/626 635/635/635
f 636/636/636 637/637/637 631/631/631
f 637/637/637 633/633/633 631/631/631
f 637/637/637 636/636/636 635/635/635
f 638/638/638 635/635/635 472/472/472
f 638/638/638 472/472/472 464/464/464
f 639/639/639 638/638/638 464/464/464
f 638/638/638 639/639/639 635/635/635
f 473/473/473 639/639/639 464/464/464
f 640/640/640 637/637/637 635/635/635
f 639/639/639 640/640/640 635/635/635
f 641/641/641 639/639/639 473/473/473
f 639/639/639 641/641/641 640/640/640
f 484/484/484 641/641/641 473/473/473
f 637/637/637 642/642/642 633/633/633
f 642/642/642 637/637/637 640/640/640
f 641/641/641 643/643/643 640/640/640
f 643/643/643 642/642/642 640/640/640
f 644/644/644 641/641/641 484/484/484
f 641/641/641 644/644/644 643/643/643
f 642/642/642 645/645/645 633/633/633
f 645/645/645 646/646/646 633/633/633
f 647/647/647 646/646/646 645/645/645
f 648/648/648 642/642/642 643/643/643
f 642/642/642 648/648/648 645/645/645
f 649/649/649 647/647/647 645/645/645
f 648/648/648 649/649/649 645/645/645
f 647/647/647 649/649/649 650/650/650
f 651/651/651 647/647/647 650/650/650
f 624/624/624 651/651/651 650/650/650
f 652/652/652 644/644/644 484/484/484
f 485/485/485 652/652/652 484/484/484
f 653/653/653 648/648/648 643/643/643
f 644/644/644 653/653/653 643/643/643
f 648/648/648 654/654/654 649/649/649
f 654/654/654 650/650/650 649/649/649
f 654/654/654 655/655/655 650/650/650
f 656/656/656 624/624/624 650/650/650
f 655/655/655 656/656/656 650/650/650
f 624/624/624 656/656/656 622/622/622
f 622/622/622 656/656/656 655/655/655
f 654/654/654 648/648/648 657/657/657
f 648/648/648 653/653/653 657/657/657
f 655/655/655 654/654/654 657/657/657
f 644/644/644 658/658/658 653/653/653
f 658/658/658 657/657/657 653/653/653
f 644/644/644 652/652/652 616/616/616
f 658/658/658 644/644/644 616/616/616
f 616/616/616 652/652/652 615/615/615
f 601/601/601 658/658/658 616/616/616
f 658/658/658 601/601/601 657/657/657
f 652/652/652 485/485/485 615/615/615
f 601/601/601 659/659/659 657/657/657
f 659/659/659 655/655/655 657/657/657
f 603/603/603 659/659/659 601/601/601
f 655/655/655 659/659/659 603/603/603
f 660/660/660 622/622/622 655/655/655
f 660/660/660 655/655/655 603/603/603
f 660/660/660 614/614/614 622/622/622
f 614/614/614 660/660/660 603/603/603
f 615/615/615 485/485/485 661/661/661
f 485/485/485 662/662/662 661/661/661
f 609/609/609 615/615/615 661/661/661
f 662/662/662 663/663/663 661/661/661
f 664/664/664 609/609/609 661/661/661
f 609/609/609 664/664/664 595/595/595
f 663/663/663 665/665/665 661/661/661
f 664/664/664 661/661/661 665/665/665
f 664/664/664 666/666/666 595/595/595
f 666/666/666 664/664/664 665/665/665
f 666/666/666 596/596/596 595/595/595
f 665/665/665 663/663/663 667/667/667
f 666/666/666 665/665/665 667/667/667
f 663/663/663 668/668/668 667/667/667
f 596/596/596 666/666/666 669/669/669
f 669/669/669 666/666/666 667/667/667
f 597/597/597 596/596/596 669/669/669
f 667/667/667 668/668/668 670/670/670
f 669/669/669 667/667/667 670/670/670
f 668/668/668 671/671/671 670/670/670
f 597/597/597 669/669/669 672/672/672
f 593/593/593 597/597/597 672/672/672
f 673/673/673 669/669/669 670/670/670
f 669/669/669 673/673/673 672/672/672
f 674/674/674 593/593/593 672/672/672
f 593/593/593 674/674/674 592/592/592
f 670/670/670 671/671/671 675/675/675
f 673/673/673 670/670/670 675/675/675
f 672/672/672 673/673/673 676/676/676
f 674/674/674 672/672/672 676/676/676
f 674/674/674 677/677/677 592/592/592
f 592/592/592 677/677/677 591/591/591
f 678/678/678 673/673/673 675/675/675
f 673/673/673 678/678/678 676/676/676
f 679/679/679 674/674/674 676/676/676
f 674/674/674 679/679/679 677/677/677
f 591/591/591 677/677/677 680/680/680
f 590/590/590 591/591/591 680/680/680
f 679/679/679 681/681/681 677/677/677
f 677/677/677 681/681/681 680/680/680
f 682/682/682 590/590/590 680/680/680
f 590/590/590 682/682/682 594/594/594
f 678/678/678 683/683/683 676/676/676
f 679/679/679 676/676/676 684/684/684
f 683/683/683 684/684/684 676/676/676
f 678/678/678 675/675/675 685/685/685
f 683/683/683 678/678/678 685/685/685
f 686/686/686 685/685/685 675/675/675
f 679/679/679 687/687/687 681/681/681
f 687/687/687 679/679/679 684/684/684
f 688/688/688 686/686/686 675/675/675
f 671/671/671 688/688/688 675/675/675
f 688/688/688 671/671/671 689/689/689
f 686/686/686 688/688/688 689/689/689
f 671/671/671 690/690/690 689/689/689
f 689/689/689 690/690/690 691/691/691
f 690/690/690 692/692/692 691/691/691
f 693/693/693 686/686/686 689/689/689
f 693/693/693 689/689/689 691/691/691
f 693/693/693 694/694/694 686/686/686
f 691/691/691 692/692/692 695/695/695
f 692/692/692 696/696/696 695/695/695
f 696/696/696 697/697/697 695/695/695
f 698/698/698 693/693/693 691/691/691
f 693/693/693 698/698/698 694/694/694
f 698/698/698 691/691/691 695/695/695
f 697/697/697 699/699/699 695/695/695
f 697/697/697 700/700/700 699/699/699
f 701/701/701 699/699/699 700/700/700
f 699/699/699 701/701/701 702/702/702
f 703/703/703 698/698/698 695/695/695
f 703/703/703 695/695/695 699/699/699
f 702/702/702 704/704/704 699/699/699
f 704/704/704 703/703/703 699/699/699
f 698/698/698 703/703/703 705/705/705
f 698/698/698 705/705/705 694/694/694
f 702/702/702 706/706/706 704/704/704
f 702/702/702 707/707/707 706/706/706
f 708/708/708 706/706/706 707/707/707
f 708/708/708 707/707/707 709/709/709
f 709/709/709 710/710/710 708/708/708
f 711/711/711 710/710/710 709/709/709
f 703/703/703 704/704/704 712/712/712
f 703/703/703 712/712/712 705/705/705
f 704/704/704 706/706/706 713/713/713
f 704/704/704 713/713/713 712/712/712
f 706/706/706 714/714/714 713/713/713
f 706/706/706 708/708/708 714/714/714
f 713/713/713 715/715/715 712/712/712
f 715/715/715 713/713/713 714/714/714
f 712/712/712 716/716/716 705/705/705
f 715/715/715 716/716/716 712/712/712
f 716/716/716 717/717/717 705/705/705
f 705/705/705 717/717/717 694/694/694
f 429/429/429 710/710/710 711/711/711
f 429/429/429 711/711/711 435/435/435
f 711/711/711 718/718/718 435/435/435
f 710/710/710 429/429/429 719/719/719
f 708/708/708 710/710/710 719/719/719
f 430/430/430 719/719/719 429/429/429
f 719/719/719 430/430/430 720/720/720
f 708/708/708 719/719/719 720/720/720
f 430/430/430 721/721/721 720/720/720
f 721/721/721 430/430/430 431/431/431
f 716/716/716 715/715/715 722/722/722
f 717/717/717 716/716/716 723/723/723
f 716/716/716 722/722/722 723/723/723
f 722/722/722 724/724/724 723/723/723
f 725/725/725 724/724/724 722/722/722
f 715/715/715 726/726/726 722/722/722
f 726/726/726 725/725/725 722/722/722
f 717/717/717 723/723/723 727/727/727
f 723/723/723 728/728/728 727/727/727
f 728/728/728 729/729/729 727/727/727
f 715/715/715 730/730/730 726/726/726
f 730/730/730 715/715/715 714/714/714
f 731/731/731 730/730/730 714/714/714
f 725/725/725 726/726/726 732/732/732
f 730/730/730 732/732/732 726/726/726
f 730/730/730 731/731/731 732/732/732
f 733/733/733 725/725/725 732/732/732
f 734/734/734 733/733/733 732/732/732
f 735/735/735 734/734/734 732/732/732
f 731/731/731 735/735/735 732/732/732
f 734/734/734 735/735/735 736/736/736
f 736/736/736 735/735/735 731/731/731
f 737/737/737 734/734/734 736/736/736
f 738/738/738 737/737/737 736/736/736
f 739/739/739 731/731/731 714/714/714
f 731/731/731 739/739/739 740/740/740
f 708/708/708 739/739/739 714/714/714
f 740/740/740 739/739/739 708/708/708
f 741/741/741 736/736/736 731/731/731
f 741/741/741 731/731/731 740/740/740
f 741/741/741 742/742/742 736/736/736
f 742/742/742 738/738/738 736/736/736
f 742/742/742 741/741/741 740/740/740
f 743/743/743 740/740/740 708/708/708
f 743/743/743 708/708/708 720/720/720
f 743/743/743 720/720/720 744/744/744
f 720/720/720 721/721/721 744/744/744
f 743/743/743 745/745/745 740/740/740
f 745/745/745 743/743/743 744/744/744
f 746/746/746 742/742/742 740/740/740
f 745/745/745 746/746/746 740/740/740
f 742/742/742 747/747/747 738/738/738
f 747/747/747 742/742/742 746/746/746
f 747/747/747 748/748/748 738/738/738
f 748/748/748 749/749/749 738/738/738
f 750/750/750 749/749/749 748/748/748
f 721/721/721 751/751/751 744/744/744
f 745/745/745 744/744/744 752/752/752
f 744/744/744 751/751/751 752/752/752
f 745/745/745 753/753/753 746/746/746
f 753/753/753 745/745/745 752/752/752
f 754/754/754 747/747/747 746/746/746
f 753/753/753 754/754/754 746/746/746
f 747/747/747 755/755/755 748/748/748
f 755/755/755 747/747/747 754/754/754
f 756/756/756 750/750/750 748/748/748
f 755/755/755 756/756/756 748/748/748
f 750/750/750 756/756/756 757/757/757
f 758/758/758 750/750/750 757/757/757
f 729/729/729 758/758/758 757/757/757
f 751/751/751 721/721/721 759/759/759
f 721/721/721 431/431/431 759/759/759
f 755/755/755 760/760/760 756/756/756
f 760/760/760 757/757/757 756/756/756
f 760/760/760 761/761/761 757/757/757
f 762/762/762 729/729/729 757/757/757
f 761/761/761 762/762/762 757/757/757
f 729/729/729 762/762/762 727/727/727
f 727/727/727 762/762/762 761/761/761
f 760/760/760 755/755/755 763/763/763
f 761/761/761 760/760/760 763/763/763
f 759/759/759 431/431/431 764/764/764
f 431/431/431 425/425/425 764/764/764
f 765/765/765 727/727/727 761/761/761
f 765/765/765 717/717/717 727/727/727
f 717/717/717 765/765/765 694/694/694
f 765/765/765 761/761/761 694/694/694
f 761/761/761 766/766/766 694/694/694
f 766/766/766 761/761/761 763/763/763
f 694/694/694 766/766/766 686/686/686
f 686/686/686 766/766/766 763/763/763
f 685/685/685 686/686/686 763/763/763
f 755/755/755 767/767/767 763/763/763
f 685/685/685 763/763/763 767/767/767
f 767/767/767 755/755/755 754/754/754
f 683/683/683 685/685/685 767/767/767
f 683/683/683 767/767/767 754/754/754
f 753/753/753 683/683/683 754/754/754
f 683/683/683 753/753/753 684/684/684
f 753/753/753 752/752/752 684/684/684
f 687/687/687 684/684/684 752/752/752
f 768/768/768 687/687/687 752/752/752
f 751/751/751 768/768/768 752/752/752
f 687/687/687 768/768/768 769/769/769
f 687/687/687 769/769/769 681/681/681
f 768/768/768 751/751/751 770/770/770
f 768/768/768 770/770/770 769/769/769
f 751/751/751 759/759/759 770/770/770
f 770/770/770 759/759/759 771/771/771
f 769/769/769 770/770/770 771/771/771
f 759/759/759 764/764/764 771/771/771
f 681/681/681 769/769/769 772/772/772
f 772/772/772 769/769/769 771/771/771
f 680/680/680 681/681/681 772/772/772
f 772/772/772 773/773/773 680/680/680
f 773/773/773 682/682/682 680/680/680
f 771/771/771 774/774/774 772/772/772
f 774/774/774 773/773/773 772/772/772
f 764/764/764 775/775/775 771/771/771
f 775/775/775 774/774/774 771/771/771
f 682/682/682 773/773/773 776/776/776
f 594/594/594 682/682/682 776/776/776
f 776/776/776 777/777/777 594/594/594
f 778/778/778 775/775/775 764/764/764
f 775/775/775 778/778/778 779/779/779
f 425/425/425 778/778/778 764/764/764
f 406/406/406 778/778/778 425/425/425
f 779/779/779 778/778/778 406/406/406
f 774/774/774 775/775/775 780/780/780
f 780/780/780 775/775/775 779/779/779
f 773/773/773 774/774/774 781/781/781
f 781/781/781 774/774/774 780/780/780
f 776/776/776 773/773/773 782/782/782
f 782/782/782 773/773/773 781/781/781
f 783/783/783 776/776/776 782/782/782
f 777/777/777 776/776/776 783/783/783
f 784/784/784 782/782/782 781/781/781
f 782/782/782 784/784/784 783/783/783
f 785/785/785 781/781/781 780/780/780
f 785/785/785 784/784/784 781/781/781
f 786/786/786 780/780/780 779/779/779
f 786/786/786 785/785/785 780/780/780
f 787/787/787 779/779/779 406/406/406
f 787/787/787 788/788/788 779/779/779
f 787/787/787 406/406/406 789/789/789
f 788/788/788 787/787/787 789/789/789
f 406/406/406 409/409/409 789/789/789
f 790/790/790 786/786/786 779/779/779
f 788/788/788 790/790/790 779/779/779
f 786/786/786 790/790/790 791/791/791
f 791/791/791 790/790/790 788/788/788
f 785/785/785 786/786/786 792/792/792
f 792/792/792 786/786/786 791/791/791
f 793/793/793 785/785/785 792/792/792
f 784/784/784 785/785/785 793/793/793
f 794/794/794 792/792/792 791/791/791
f 795/795/795 793/793/793 792/792/792
f 796/796/796 794/794/794 791/791/791
f 795/795/795 797/797/797 793/793/793
f 798/798/798 784/784/784 793/793/793
f 797/797/797 798/798/798 793/793/793
f 799/799/799 796/796/796 791/791/791
f 799/799/799 791/791/791 788/788/788
f 796/796/796 799/799/799 800/800/800
f 799/799/799 788/788/788 800/800/800
f 801/801/801 796/796/796 800/800/800
f 802/802/802 801/801/801 800/800/800
f 803/803/803 784/784/784 798/798/798
f 784/784/784 803/803/803 783/783/783
f 803/803/803 804/804/804 783/783/783
f 798/798/798 797/797/797 805/805/805
f 805/805/805 803/803/803 798/798/798
f 804/804/804 803/803/803 805/805/805
f 797/797/797 806/806/806 805/805/805
f 806/806/806 807/807/807 805/805/805
f 788/788/788 808/808/808 800/800/800
f 808/808/808 788/788/788 789/789/789
f 809/809/809 802/802/802 800/800/800
f 800/800/800 808/808/808 809/809/809
f 807/807/807 810/810/810 805/805/805
f 810/810/810 804/804/804 805/805/805
f 810/810/810 807/807/807 811/811/811
f 810/810/810 811/811/811 804/804/804
f 807/807/807 812/812/812 811/811/811
f 812/812/812 813/813/813 811/811/811
f 814/814/814 808/808/808 789/789/789
f 808/808/808 814/814/814 809/809/809
f 802/802/802 809/809/809 815/815/815
f 809/809/809 814/814/814 815/815/815
f 816/816/816 802/802/802 815/815/815
f 816/816/816 815/815/815 813/813/813
f 815/815/815 817/817/817 813/813/813
f 814/814/814 817/817/817 815/815/815
f 813/813/813 818/818/818 811/811/811
f 817/817/817 818/818/818 813/813/813
f 819/819/819 814/814/814 789/789/789
f 789/789/789 409/409/409 819/819/819
f 817/817/817 814/814/814 820/820/820
f 814/814/814 819/819/819 820/820/820
f 409/409/409 821/821/821 819/819/819
f 819/819/819 821/821/821 820/820/820
f 821/821/821 409/409/409 410/410/410
f 817/817/817 820/820/820 822/822/822
f 818/818/818 817/817/817 822/822/822
f 818/818/818 822/822/822 823/823/823
f 818/818/818 824/824/824 811/811/811
f 824/824/824 818/818/818 823/823/823
f 811/811/811 824/824/824 804/804/804
f 804/804/804 824/824/824 823/823/823
f 825/825/825 821/821/821 410/410/410
f 410/410/410 826/826/826 825/825/825
f 825/825/825 826/826/826 827/827/827
f 827/827/827 828/828/828 825/825/825
f 821/821/821 829/829/829 820/820/820
f 820/820/820 829/829/829 822/822/822
f 829/829/829 821/821/821 825/825/825
f 825/825/825 828/828/828 830/830/830
f 830/830/830 829/829/829 825/825/825
f 828/828/828 831/831/831 830/830/830
f 831/831/831 832/832/832 830/830/830
f 829/829/829 833/833/833 822/822/822
f 833/833/833 829/829/829 830/830/830
f 822/822/822 833/833/833 823/823/823
f 832/832/832 834/834/834 830/830/830
f 834/834/834 833/833/833 830/830/830
f 832/832/832 835/835/835 834/834/834
f 836/836/836 833/833/833 834/834/834
f 833/833/833 836/836/836 823/823/823
f 835/835/835 837/837/837 834/834/834
f 837/837/837 836/836/836 834/834/834
f 835/835/835 582/582/582 837/837/837
f 823/823/823 836/836/836 777/777/777
f 777/777/777 836/836/836 837/837/837
f 582/582/582 838/838/838 837/837/837
f 838/838/838 777/777/777 837/837/837
f 838/838/838 582/582/582 594/594/594
f 777/777/777 838/838/838 594/594/594
f 839/839/839 823/823/823 777/777/777
f 839/839/839 777/777/777 783/783/783
f 839/839/839 804/804/804 823/823/823
f 804/804/804 839/839/839 783/783/783
f 842/842/842 841/841/841 840/840/840
f 841/841/841 843/843/843 840/840/840
f 841/841/841 844/844/844 843/843/843
f 843/843/843 845/845/845 840/840/840
f 845/845/845 843/843/843 846/846/846
f 845/845/845 847/847/847 840/840/840
f 848/848/848 847/847/847 845/845/845
f 848/848/848 845/845/845 846/846/846
f 846/846/846 849/849/849 848/848/848
f 844/844/844 850/850/850 843/843/843
f 843/843/843 850/850/850 846/846/846
f 844/844/844 851/851/851 850/850/850
f 851/851/851 852/852/852 850/850/850
f 851/851/851 853/853/853 852/852/852
f 853/853/853 854/854/854 852/852/852
f 852/852/852 854/854/854 855/855/855
f 850/850/850 852/852/852 856/856/856
f 856/856/856 852/852/852 855/855/855
f 846/846/846 850/850/850 856/856/856
f 856/856/856 855/855/855 857/857/857
f 856/856/856 857/857/857 858/858/858
f 846/846/846 856/856/856 858/858/858
f 846/846/846 859/859/859 849/849/849
f 858/858/858 859/859/859 846/846/846
f 859/859/859 860/860/860 849/849/849
f 859/859/859 858/858/858 860/860/860
f 863/863/863 862/862/862 861/861/861
f 863/863/863 864/864/864 862/862/862
f 865/865/865 861/861/861 862/862/862
f 866/866/866 865/865/865 862/862/862
f 864/864/864 867/867/867 862/862/862
f 865/865/865 866/866/866 868/868/868
f 867/867/867 869/869/869 862/862/862
f 867/867/867 870/870/870 869/869/869
f 871/871/871 868/868/868 866/866/866
f 866/866/866 872/872/872 871/871/871
f 871/871/871 873/873/873 868/868/868
f 873/873/873 871/871/871 874/874/874
f 874/874/874 871/871/871 875/875/875
f 871/871/871 872/872/872 875/875/875
f 876/876/876 862/862/862 869/869/869
f 862/862/862 876/876/876 866/866/866
f 870/870/870 877/877/877 869/869/869
f 870/870/870 878/878/878 877/877/877
f 879/879/879 874/874/874 875/875/875
f 874/874/874 879/879/879 880/880/880
f 878/878/878 881/881/881 877/877/877
f 878/878/878 882/882/882 881/881/881
f 879/879/879 883/883/883 880/880/880
f 880/880/880 883/883/883 884/884/884
f 877/877/877 885/885/885 869/869/869
f 886/886/886 876/876/876 869/869/869
f 885/885/885 886/886/886 869/869/869
f 886/886/886 887/887/887 876/876/876
f 886/886/886 885/885/885 887/887/887
f 888/888/888 885/885/885 877/877/877
f 881/881/881 888/888/888 877/877/877
f 885/885/885 889/889/889 887/887/887
f 885/885/885 888/888/888 889/889/889
f 890/890/890 888/888/888 881/881/881
f 882/882/882 891/891/891 881/881/881
f 891/891/891 890/890/890 881/881/881
f 888/888/888 892/892/892 889/889/889
f 888/888/888 890/890/890 892/892/892
f 891/891/891 882/882/882 893/893/893
f 890/890/890 891/891/891 894/894/894
f 894/894/894 891/891/891 893/893/893
f 893/893/893 882/882/882 895/895/895
f 882/882/882 896/896/896 895/895/895
f 896/896/896 897/897/897 895/895/895
f 889/889/889 898/898/898 887/887/887
f 892/892/892 899/899/899 889/889/889
f 899/899/899 898/898/898 889/889/889
f 890/890/890 900/900/900 892/892/892
f 901/901/901 890/890/890 894/894/894
f 890/890/890 901/901/901 900/900/900
f 902/902/902 901/901/901 894/894/894
f 903/903/903 902/902/902 894/894/894
f 903/903/903 894/894/894 893/893/893
f 900/900/900 904/904/904 892/892/892
f 904/904/904 899/899/899 892/892/892
f 901/901/901 905/905/905 900/900/900
f 901/901/901 902/902/902 905/905/905
f 904/904/904 900/900/900 905/905/905
f 906/906/906 903/903/903 893/893/893
f 906/906/906 893/893/893 895/895/895
f 898/898/898 899/899/899 907/907/907
f 899/899/899 904/904/904 908/908/908
f 899/899/899 908/908/908 907/907/907
f 908/908/908 909/909/909 907/907/907
f 910/910/910 909/909/909 908/908/908
f 898/898/898 907/907/907 911/911/911
f 907/907/907 912/912/912 911/911/911
f 912/912/912 913/913/913 911/911/911
f 904/904/904 914/914/914 908/908/908
f 914/914/914 910/910/910 908/908/908
f 904/904/904 915/915/915 914/914/914
f 915/915/915 904/904/904 905/905/905
f 916/916/916 915/915/915 905/905/905
f 910/910/910 914/914/914 917/917/917
f 915/915/915 917/917/917 914/914/914
f 915/915/915 916/916/916 917/917/917
f 918/918/918 910/910/910 917/917/917
f 919/919/919 918/918/918 917/917/917
f 920/920/920 919/919/919 917/917/917
f 916/916/916 920/920/920 917/917/917
f 919/919/919 920/920/920 921/921/921
f 921/921/921 920/920/920 916/916/916
f 922/922/922 919/919/919 921/921/921
f 923/923/923 922/922/922 921/921/921
f 924/924/924 916/916/916 905/905/905
f 916/916/916 924/924/924 925/925/925
f 902/902/902 924/924/924 905/905/905
f 925/925/925 924/924/924 902/902/902
f 926/926/926 921/921/921 916/916/916
f 926/926/926 916/916/916 925/925/925
f 926/926/926 927/927/927 921/921/921
f 927/927/927 923/923/923 921/921/921
f 927/927/927 926/926/926 925/925/925
f 927/927/927 928/928/928 923/923/923
f 929/929/929 927/927/927 925/925/925
f 928/928/928 927/927/927 929/929/929
f 928/928/928 930/930/930 923/923/923
f 930/930/930 931/931/931 923/923/923
f 932/932/932 931/931/931 930/930/930
f 928/928/928 933/933/933 930/930/930
f 934/934/934 932/932/932 930/930/930
f 933/933/933 934/934/934 930/930/930
f 932/932/932 934/934/934 935/935/935
f 936/936/936 932/932/932 935/935/935
f 913/913/913 936/936/936 935/935/935
f 937/937/937 928/928/928 929/929/929
f 933/933/933 928/928/928 937/937/937
f 938/938/938 935/935/935 934/934/934
f 933/933/933 938/938/938 934/934/934
f 938/938/938 939/939/939 935/935/935
f 940/940/940 913/913/913 935/935/935
f 939/939/939 940/940/940 935/935/935
f 913/913/913 940/940/940 911/911/911
f 911/911/911 940/940/940 939/939/939
f 938/938/938 933/933/933 941/941/941
f 939/939/939 938/938/938 941/941/941
f 942/942/942 933/933/933 937/937/937
f 933/933/933 942/942/942 941/941/941
f 943/943/943 911/911/911 939/939/939
f 943/943/943 898/898/898 911/911/911
f 898/898/898 943/943/943 887/887/887
f 943/943/943 939/939/939 887/887/887
f 939/939/939 944/944/944 887/887/887
f 944/944/944 939/939/939 941/941/941
f 887/887/887 944/944/944 876/876/876
f 876/876/876 944/944/944 941/941/941
f 866/866/866 876/876/876 941/941/941
f 866/866/866 941/941/941 942/942/942
f 872/872/872 866/866/866 942/942/942
f 872/872/872 942/942/942 937/937/937
f 945/945/945 872/872/872 937/937/937
f 945/945/945 937/937/937 929/929/929
f 946/946/946 945/945/945 929/929/929
f 946/946/946 929/929/929 925/925/925
f 872/872/872 945/945/945 947/947/947
f 945/945/945 946/946/946 947/947/947
f 948/948/948 946/946/946 925/925/925
f 948/948/948 925/925/925 902/902/902
f 946/946/946 948/948/948 949/949/949
f 946/946/946 949/949/949 947/947/947
f 948/948/948 902/902/902 950/950/950
f 948/948/948 950/950/950 949/949/949
f 951/951/951 872/872/872 947/947/947
f 872/872/872 951/951/951 875/875/875
f 952/952/952 875/875/875 951/951/951
f 875/875/875 952/952/952 879/879/879
f 953/953/953 951/951/951 947/947/947
f 953/953/953 952/952/952 951/951/951
f 902/902/902 954/954/954 950/950/950
f 954/954/954 902/902/902 903/903/903
f 955/955/955 947/947/947 949/949/949
f 955/955/955 953/953/953 947/947/947
f 952/952/952 956/956/956 879/879/879
f 879/879/879 956/956/956 883/883/883
f 953/953/953 957/957/957 952/952/952
f 957/957/957 958/958/958 952/952/952
f 952/952/952 958/958/958 956/956/956
f 959/959/959 957/957/957 953/953/953
f 955/955/955 959/959/959 953/953/953
f 958/958/958 960/960/960 956/956/956
f 961/961/961 959/959/959 955/955/955
f 956/956/956 960/960/960 962/962/962
f 956/956/956 962/962/962 883/883/883
f 960/960/960 963/963/963 962/962/962
f 964/964/964 961/961/961 955/955/955
f 964/964/964 955/955/955 949/949/949
f 965/965/965 961/961/961 964/964/964
f 962/962/962 966/966/966 883/883/883
f 962/962/962 963/963/963 966/966/966
f 966/966/966 884/884/884 883/883/883
f 963/963/963 967/967/967 966/966/966
f 968/968/968 964/964/964 949/949/949
f 968/968/968 965/965/965 964/964/964
f 950/950/950 968/968/968 949/949/949
f 969/969/969 965/965/965 968/968/968
f 970/970/970 968/968/968 950/950/950
f 970/970/970 969/969/969 968/968/968
f 954/954/954 970/970/970 950/950/950
f 971/971/971 969/969/969 970/970/970
f 884/884/884 966/966/966 972/972/972
f 884/884/884 972/972/972 973/973/973
f 973/973/973 972/972/972 974/974/974
f 966/966/966 967/967/967 975/975/975
f 966/966/966 975/975/975 972/972/972
f 967/967/967 976/976/976 975/975/975
f 970/970/970 954/954/954 977/977/977
f 977/977/977 954/954/954 903/903/903
f 978/978/978 971/971/971 970/970/970
f 978/978/978 970/970/970 977/977/977
f 979/979/979 971/971/971 978/978/978
f 977/977/977 903/903/903 980/980/980
f 978/978/978 977/977/977 980/980/980
f 903/903/903 906/906/906 980/980/980
f 981/981/981 979/979/979 978/978/978
f 981/981/981 978/978/978 980/980/980
f 982/982/982 979/979/979 981/981/981
f 972/972/972 975/975/975 983/983/983
f 972/972/972 983/983/983 974/974/974
f 980/980/980 906/906/906 984/984/984
f 981/981/981 980/980/980 984/984/984
f 985/985/985 982/982/982 981/981/981
f 985/985/985 981/981/981 984/984/984
f 986/986/986 982/982/982 985/985/985
f 975/975/975 987/987/987 983/983/983
f 975/975/975 976/976/976 987/987/987
f 976/976/976 988/988/988 987/987/987
f 974/974/974 983/983/983 989/989/989
f 983/983/983 987/987/987 989/989/989
f 987/987/987 988/988/988 990/990/990
f 987/987/987 990/990/990 989/989/989
f 988/988/988 991/991/991 990/990/990
f 990/990/990 991/991/991 992/992/992
f 990/990/990 992/992/992 989/989/989
f 991/991/991 993/993/993 992/992/992
f 994/994/994 986/986/986 985/985/985
f 995/995/995 986/986/986 994/994/994
f 996/996/996 974/974/974 989/989/989
f 974/974/974 996/996/996 997/997/997
f 997/997/997 996/996/996 998/998/998
f 998/998/998 999/999/999 997/997/997
f 998/998/998 996/996/996 1000/1000/1000
f 996/996/996 989/989/989 1000/1000/1000
f 992/992/992 1000/1000/1000 989/989/989
f 992/992/992 993/993/993 1001/1001/1001
f 993/993/993 1002/1002/1002 1001/1001/1001
f 1000/1000/1000 992/992/992 1003/1003/1003
f 998/998/998 1000/1000/1000 1003/1003/1003
f 992/992/992 1001/1001/1001 1003/1003/1003
f 1001/1001/1001 1002/1002/1002 1004/1004/1004
f 1002/1002/1002 1005/1005/1005 1004/1004/1004
f 1003/1003/1003 1001/1001/1001 1006/1006/1006
f 1001/1001/1001 1004/1004/1004 1006/1006/1006
f 1004/1004/1004 1005/1005/1005 1007/1007/1007
f 1005/1005/1005 1008/1008/1008 1007/1007/1007
f 1004/1004/1004 1007/1007/1007 1009/1009/1009
f 1006/1006/1006 1004/1004/1004 1009/1009/1009
f 1007/1007/1007 1008/1008/1008 1010/1010/1010
f 1007/1007/1007 1010/1010/1010 1009/1009/1009
f 1008/1008/1008 1011/1011/1011 1010/1010/1010
f 1012/1012/1012 1003/1003/1003 1006/1006/1006
f 1012/1012/1012 998/998/998 1003/1003/1003
f 1012/1012/1012 1013/1013/1013 998/998/998
f 1014/1014/1014 1012/1012/1012 1006/1006/1006
f 1014/1014/1014 1006/1006/1006 1009/1009/1009
f 1012/1012/1012 1014/1014/1014 1013/1013/1013
f 1010/1010/1010 1011/1011/1011 1015/1015/1015
f 1011/1011/1011 1016/1016/1016 1015/1015/1015
f 1010/1010/1010 1017/1017/1017 1009/1009/1009
f 1010/1010/1010 1015/1015/1015 1017/1017/1017
f 1018/1018/1018 1014/1014/1014 1009/1009/1009
f 1018/1018/1018 1009/1009/1009 1017/1017/1017
f 1015/1015/1015 1016/1016/1016 1019/1019/1019
f 1016/1016/1016 1020/1020/1020 1019/1019/1019
f 1015/1015/1015 1021/1021/1021 1017/1017/1017
f 1015/1015/1015 1019/1019/1019 1021/1021/1021
f 1019/1019/1019 1020/1020/1020 1022/1022/1022
f 1020/1020/1020 995/995/995 1022/1022/1022
f 1022/1022/1022 995/995/995 994/994/994
f 1019/1019/1019 1022/1022/1022 1023/1023/1023
f 1019/1019/1019 1023/1023/1023 1021/1021/1021
f 1022/1022/1022 994/994/994 1024/1024/1024
f 1022/1022/1022 1024/1024/1024 1023/1023/1023
f 994/994/994 1025/1025/1025 1024/1024/1024
f 994/994/994 985/985/985 1025/1025/1025
f 985/985/985 984/984/984 1025/1025/1025
f 1024/1024/1024 1026/1026/1026 1023/1023/1023
f 1024/1024/1024 1025/1025/1025 1026/1026/1026
f 1027/1027/1027 1025/1025/1025 984/984/984
f 1025/1025/1025 1027/1027/1027 1026/1026/1026
f 1028/1028/1028 1017/1017/1017 1021/1021/1021
f 1028/1028/1028 1018/1018/1018 1017/1017/1017
f 1023/1023/1023 1029/1029/1029 1021/1021/1021
f 1026/1026/1026 1029/1029/1029 1023/1023/1023
f 1030/1030/1030 1027/1027/1027 984/984/984
f 906/906/906 1030/1030/1030 984/984/984
f 1030/1030/1030 906/906/906 895/895/895
f 1030/1030/1030 895/895/895 1031/1031/1031
f 1027/1027/1027 1030/1030/1030 1031/1031/1031
f 897/897/897 1031/1031/1031 895/895/895
f 1027/1027/1027 1031/1031/1031 1032/1032/1032
f 1031/1031/1031 897/897/897 1032/1032/1032
f 1026/1026/1026 1027/1027/1027 1032/1032/1032
f 897/897/897 1033/1033/1033 1032/1032/1032
f 1026/1026/1026 1032/1032/1032 1034/1034/1034
f 1032/1032/1032 1033/1033/1033 1034/1034/1034
f 1029/1029/1029 1026/1026/1026 1034/1034/1034
f 1033/1033/1033 1035/1035/1035 1034/1034/1034
f 1029/1029/1029 1036/1036/1036 1021/1021/1021
f 1036/1036/1036 1028/1028/1028 1021/1021/1021
f 1029/1029/1029 1034/1034/1034 1037/1037/1037
f 1036/1036/1036 1029/1029/1029 1037/1037/1037
f 1034/1034/1034 1035/1035/1035 1037/1037/1037
f 1028/1028/1028 1036/1036/1036 1038/1038/1038
f 1036/1036/1036 1037/1037/1037 1038/1038/1038
f 1039/1039/1039 1038/1038/1038 1037/1037/1037
f 1035/1035/1035 1040/1040/1040 1037/1037/1037
f 1040/1040/1040 1039/1039/1039 1037/1037/1037
f 1040/1040/1040 1035/1035/1035 1041/1041/1041
f 1039/1039/1039 1040/1040/1040 1041/1041/1041
f 1035/1035/1035 1042/1042/1042 1041/1041/1041
f 1041/1041/1041 1042/1042/1042 1043/1043/1043
f 1042/1042/1042 1044/1044/1044 1043/1043/1043
f 1045/1045/1045 1039/1039/1039 1041/1041/1041
f 1045/1045/1045 1041/1041/1041 1043/1043/1043
f 1045/1045/1045 1046/1046/1046 1039/1039/1039
f 1043/1043/1043 1044/1044/1044 1047/1047/1047
f 1044/1044/1044 1048/1048/1048 1047/1047/1047
f 1048/1048/1048 1049/1049/1049 1047/1047/1047
f 1050/1050/1050 1045/1045/1045 1043/1043/1043
f 1045/1045/1045 1050/1050/1050 1046/1046/1046
f 1050/1050/1050 1043/1043/1043 1047/1047/1047
f 1049/1049/1049 1051/1051/1051 1047/1047/1047
f 1049/1049/1049 1052/1052/1052 1051/1051/1051
f 1053/1053/1053 1051/1051/1051 1052/1052/1052
f 1051/1051/1051 1053/1053/1053 1054/1054/1054
f 1055/1055/1055 1050/1050/1050 1047/1047/1047
f 1055/1055/1055 1047/1047/1047 1051/1051/1051
f 1054/1054/1054 1056/1056/1056 1051/1051/1051
f 1056/1056/1056 1055/1055/1055 1051/1051/1051
f 1050/1050/1050 1055/1055/1055 1057/1057/1057
f 1050/1050/1050 1057/1057/1057 1046/1046/1046
f 1054/1054/1054 1058/1058/1058 1056/1056/1056
f 1054/1054/1054 999/999/999 1058/1058/1058
f 998/998/998 1058/1058/1058 999/999/999
f 1055/1055/1055 1056/1056/1056 1059/1059/1059
f 1055/1055/1055 1059/1059/1059 1057/1057/1057
f 1056/1056/1056 1058/1058/1058 1060/1060/1060
f 1056/1056/1056 1060/1060/1060 1059/1059/1059
f 1058/1058/1058 998/998/998 1061/1061/1061
f 1058/1058/1058 1061/1061/1061 1060/1060/1060
f 1060/1060/1060 1062/1062/1062 1059/1059/1059
f 1062/1062/1062 1060/1060/1060 1061/1061/1061
f 1059/1059/1059 1063/1063/1063 1057/1057/1057
f 1062/1062/1062 1063/1063/1063 1059/1059/1059
f 1057/1057/1057 1064/1064/1064 1046/1046/1046
f 1063/1063/1063 1064/1064/1064 1057/1057/1057
f 998/998/998 1065/1065/1065 1061/1061/1061
f 1065/1065/1065 1066/1066/1066 1061/1061/1061
f 1013/1013/1013 1065/1065/1065 998/998/998
f 1066/1066/1066 1065/1065/1065 1013/1013/1013
f 1067/1067/1067 1062/1062/1062 1061/1061/1061
f 1066/1066/1066 1067/1067/1067 1061/1061/1061
f 1063/1063/1063 1062/1062/1062 1068/1068/1068
f 1062/1062/1062 1067/1067/1067 1069/1069/1069
f 1062/1062/1062 1069/1069/1069 1068/1068/1068
f 1067/1067/1067 1070/1070/1070 1069/1069/1069
f 1067/1067/1067 1066/1066/1066 1070/1070/1070
f 1064/1064/1064 1063/1063/1063 1071/1071/1071
f 1063/1063/1063 1068/1068/1068 1071/1071/1071
f 1068/1068/1068 1072/1072/1072 1071/1071/1071
f 1073/1073/1073 1072/1072/1072 1068/1068/1068
f 1069/1069/1069 1073/1073/1073 1068/1068/1068
f 1073/1073/1073 1069/1069/1069 1070/1070/1070
f 1074/1074/1074 1073/1073/1073 1070/1070/1070
f 1075/1075/1075 1074/1074/1074 1070/1070/1070
f 1064/1064/1064 1071/1071/1071 1076/1076/1076
f 1071/1071/1071 1077/1077/1077 1076/1076/1076
f 1077/1077/1077 1078/1078/1078 1076/1076/1076
f 1079/1079/1079 1075/1075/1075 1070/1070/1070
f 1066/1066/1066 1079/1079/1079 1070/1070/1070
f 1075/1075/1075 1079/1079/1079 1080/1080/1080
f 1080/1080/1080 1079/1079/1079 1066/1066/1066
f 1081/1081/1081 1075/1075/1075 1080/1080/1080
f 1082/1082/1082 1081/1081/1081 1080/1080/1080
f 1083/1083/1083 1080/1080/1080 1066/1066/1066
f 1083/1083/1083 1066/1066/1066 1013/1013/1013
f 1083/1083/1083 1084/1084/1084 1080/1080/1080
f 1084/1084/1084 1083/1083/1083 1013/1013/1013
f 1084/1084/1084 1082/1082/1082 1080/1080/1080
f 1085/1085/1085 1084/1084/1084 1013/1013/1013
f 1014/1014/1014 1085/1085/1085 1013/1013/1013
f 1014/1014/1014 1018/1018/1018 1085/1085/1085
f 1084/1084/1084 1086/1086/1086 1082/1082/1082
f 1086/1086/1086 1084/1084/1084 1085/1085/1085
f 1018/1018/1018 1087/1087/1087 1085/1085/1085
f 1087/1087/1087 1086/1086/1086 1085/1085/1085
f 1018/1018/1018 1028/1028/1028 1087/1087/1087
f 1086/1086/1086 1088/1088/1088 1082/1082/1082
f 1088/1088/1088 1089/1089/1089 1082/1082/1082
f 1090/1090/1090 1089/1089/1089 1088/1088/1088
f 1091/1091/1091 1086/1086/1086 1087/1087/1087
f 1086/1086/1086 1091/1091/1091 1088/1088/1088
f 1028/1028/1028 1092/1092/1092 1087/1087/1087
f 1092/1092/1092 1091/1091/1091 1087/1087/1087
f 1028/1028/1028 1038/1038/1038 1092/1092/1092
f 1038/1038/1038 1093/1093/1093 1092/1092/1092
f 1091/1091/1091 1092/1092/1092 1093/1093/1093
f 1038/1038/1038 1039/1039/1039 1093/1093/1093
f 1094/1094/1094 1090/1090/1090 1088/1088/1088
f 1091/1091/1091 1094/1094/1094 1088/1088/1088
f 1090/1090/1090 1094/1094/1094 1095/1095/1095
f 1096/1096/1096 1090/1090/1090 1095/1095/1095
f 1078/1078/1078 1096/1096/1096 1095/1095/1095
f 1091/1091/1091 1097/1097/1097 1094/1094/1094
f 1097/1097/1097 1091/1091/1091 1093/1093/1093
f 1097/1097/1097 1095/1095/1095 1094/1094/1094
f 1098/1098/1098 1097/1097/1097 1093/1093/1093
f 1097/1097/1097 1098/1098/1098 1095/1095/1095
f 1039/1039/1039 1099/1099/1099 1093/1093/1093
f 1099/1099/1099 1098/1098/1098 1093/1093/1093
f 1046/1046/1046 1099/1099/1099 1039/1039/1039
f 1098/1098/1098 1099/1099/1099 1046/1046/1046
f 1100/1100/1100 1078/1078/1078 1095/1095/1095
f 1098/1098/1098 1100/1100/1100 1095/1095/1095
f 1078/1078/1078 1100/1100/1100 1076/1076/1076
f 1076/1076/1076 1100/1100/1100 1098/1098/1098
f 1101/1101/1101 1098/1098/1098 1046/1046/1046
f 1101/1101/1101 1076/1076/1076 1098/1098/1098
f 1064/1064/1064 1101/1101/1101 1046/1046/1046
f 1101/1101/1101 1064/1064/1064 1076/1076/1076
f 1104/1104/1104 1103/1103/1103 1102/1102/1102
f 1102/1102/1102 1103/1103/1103 1105/1105/1105
f 1106/1106/1106 1104/1104/1104 1102/1102/1102
f 1107/1107/1107 1104/1104/1104 1106/1106/1106
f 1108/1108/1108 1102/1102/1102 1105/1105/1105
f 1108/1108/1108 1105/1105/1105 1109/1109/1109
f 1110/1110/1110 1107/1107/1107 1106/1106/1106
f 1111/1111/1111 1107/1107/1107 1110/1110/1110
f 1112/1112/1112 1108/1108/1108 1109/1109/1109
f 1112/1112/1112 1109/1109/1109 1113/1113/1113
f 1114/1114/1114 1112/1112/1112 1113/1113/1113
f 1114/1114/1114 1113/1113/1113 1115/1115/1115
f 1108/1108/1108 1116/1116/1116 1102/1102/1102
f 1102/1102/1102 1117/1117/1117 1106/1106/1106
f 1116/1116/1116 1117/1117/1117 1102/1102/1102
f 1110/1110/1110 1106/1106/1106 1118/1118/1118
f 1106/1106/1106 1117/1117/1117 1118/1118/1118
f 1119/1119/1119 1111/1111/1111 1110/1110/1110
f 1110/1110/1110 1118/1118/1118 1119/1119/1119
f 1112/1112/1112 1120/1120/1120 1108/1108/1108
f 1120/1120/1120 1116/1116/1116 1108/1108/1108
f 1119/1119/1119 1121/1121/1121 1111/1111/1111
f 1121/1121/1121 1122/1122/1122 1111/1111/1111
f 1123/1123/1123 1122/1122/1122 1121/1121/1121
f 1119/1119/1119 1124/1124/1124 1121/1121/1121
f 1124/1124/1124 1123/1123/1123 1121/1121/1121
f 1119/1119/1119 1118/1118/1118 1124/1124/1124
f 1124/1124/1124 1118/1118/1118 1123/1123/1123
f 1118/1118/1118 1125/1125/1125 1123/1123/1123
f 1118/1118/1118 1117/1117/1117 1125/1125/1125
f 1117/1117/1117 1126/1126/1126 1125/1125/1125
f 1117/1117/1117 1116/1116/1116 1126/1126/1126
f 1116/1116/1116 1127/1127/1127 1126/1126/1126
f 1116/1116/1116 1120/1120/1120 1127/1127/1127
f 1120/1120/1120 1128/1128/1128 1127/1127/1127
f 1129/1129/1129 1120/1120/1120 1112/1112/1112
f 1120/1120/1120 1129/1129/1129 1128/1128/1128
f 1129/1129/1129 1130/1130/1130 1128/1128/1128
f 1114/1114/1114 1129/1129/1129 1112/1112/1112
f 1129/1129/1129 1131/1131/1131 1130/1130/1130
f 1131/1131/1131 1129/1129/1129 1114/1114/1114
f 1131/1131/1131 1132/1132/1132 1130/1130/1130
f 1132/1132/1132 1131/1131/1131 1115/1115/1115
f 1133/1133/1133 1114/1114/1114 1115/1115/1115
f 1131/1131/1131 1133/1133/1133 1115/1115/1115
f 1114/1114/1114 1133/1133/1133 1131/1131/1131
f 1136/1136/1136 1135/1135/1135 1134/1134/1134
f 1134/1134/1134 1135/1135/1135 1137/1137/1137
f 1138/1138/1138 1136/1136/1136 1134/1134/1134
f 1139/1139/1139 1136/1136/1136 1138/1138/1138
f 1140/1140/1140 1139/1139/1139 1138/1138/1138
f 1141/1141/1141 1139/1139/1139 1140/1140/1140
f 1142/1142/1142 1141/1141/1141 1140/1140/1140
f 1143/1143/1143 1141/1141/1141 1142/1142/1142
f 1144/1144/1144 1143/1143/1143 1142/1142/1142
f 1145/1145/1145 1143/1143/1143 1144/1144/1144
f 1140/1140/1140 1138/1138/1138 1146/1146/1146
f 1142/1142/1142 1140/1140/1140 1147/1147/1147
f 1147/1147/1147 1140/1140/1140 1146/1146/1146
f 1138/1138/1138 1134/1134/1134 1148/1148/1148
f 1146/1146/1146 1138/1138/1138 1148/1148/1148
f 1144/1144/1144 1142/1142/1142 1149/1149/1149
f 1149/1149/1149 1142/1142/1142 1147/1147/1147
f 1150/1150/1150 1134/1134/1134 1137/1137/1137
f 1148/1148/1148 1134/1134/1134 1151/1151/1151
f 1134/1134/1134 1150/1150/1150 1151/1151/1151
f 1148/1148/1148 1151/1151/1151 1152/1152/1152
f 1150/1150/1150 1137/1137/1137 1153/1153/1153
f 1137/1137/1137 1154/1154/1154 1153/1153/1153
f 1151/1151/1151 1150/1150/1150 1155/1155/1155
f 1152/1152/1152 1151/1151/1151 1155/1155/1155
f 1150/1150/1150 1153/1153/1153 1155/1155/1155
f 1153/1153/1153 1154/1154/1154 1156/1156/1156
f 1154/1154/1154 1157/1157/1157 1156/1156/1156
f 1155/1155/1155 1153/1153/1153 1158/1158/1158
f 1153/1153/1153 1156/1156/1156 1158/1158/1158
f 1156/1156/1156 1157/1157/1157 1159/1159/1159
f 1157/1157/1157 1160/1160/1160 1159/1159/1159
f 1161/1161/1161 1152/1152/1152 1155/1155/1155
f 1161/1161/1161 1155/1155/1155 1158/1158/1158
f 1158/1158/1158 1156/1156/1156 1162/1162/1162
f 1156/1156/1156 1159/1159/1159 1162/1162/1162
f 1159/1159/1159 1160/1160/1160 1163/1163/1163
f 1160/1160/1160 1164/1164/1164 1163/1163/1163
f 1165/1165/1165 1161/1161/1161 1158/1158/1158
f 1165/1165/1165 1158/1158/1158 1162/1162/1162
f 1162/1162/1162 1159/1159/1159 1166/1166/1166
f 1159/1159/1159 1163/1163/1163 1166/1166/1166
f 1163/1163/1163 1164/1164/1164 1167/1167/1167
f 1164/1164/1164 1168/1168/1168 1167/1167/1167
f 1167/1167/1167 1168/1168/1168 1145/1145/1145
f 1152/1152/1152 1161/1161/1161 1169/1169/1169
f 1161/1161/1161 1165/1165/1165 1169/1169/1169
f 1170/1170/1170 1165/1165/1165 1162/1162/1162
f 1170/1170/1170 1162/1162/1162 1166/1166/1166
f 1166/1166/1166 1163/1163/1163 1171/1171/1171
f 1163/1163/1163 1167/1167/1167 1171/1171/1171
f 1172/1172/1172 1167/1167/1167 1145/1145/1145
f 1172/1172/1172 1145/1145/1145 1144/1144/1144
f 1167/1167/1167 1172/1172/1172 1173/1173/1173
f 1171/1171/1171 1167/1167/1167 1173/1173/1173
f 1171/1171/1171 1173/1173/1173 1174/1174/1174
f 1172/1172/1172 1144/1144/1144 1175/1175/1175
f 1173/1173/1173 1172/1172/1172 1175/1175/1175
f 1174/1174/1174 1173/1173/1173 1175/1175/1175
f 1175/1175/1175 1144/1144/1144 1149/1149/1149
f 1176/1176/1176 1166/1166/1166 1171/1171/1171
f 1176/1176/1176 1170/1170/1170 1166/1166/1166
f 1177/1177/1177 1175/1175/1175 1149/1149/1149
f 1177/1177/1177 1174/1174/1174 1175/1175/1175
f 1178/1178/1178 1177/1177/1177 1149/1149/1149
f 1178/1178/1178 1149/1149/1149 1147/1147/1147
f 1179/1179/1179 1176/1176/1176 1171/1171/1171
f 1179/1179/1179 1171/1171/1171 1174/1174/1174
f 1176/1176/1176 1179/1179/1179 1180/1180/1180
f 1179/1179/1179 1174/1174/1174 1180/1180/1180
f 1170/1170/1170 1176/1176/1176 1181/1181/1181
f 1181/1181/1181 1176/1176/1176 1180/1180/1180
f 1174/1174/1174 1177/1177/1177 1182/1182/1182
f 1177/1177/1177 1178/1178/1178 1182/1182/1182
f 1183/1183/1183 1178/1178/1178 1147/1147/1147
f 1183/1183/1183 1147/1147/1147 1146/1146/1146
f 1184/1184/1184 1170/1170/1170 1181/1181/1181
f 1165/1165/1165 1170/1170/1170 1184/1184/1184
f 1174/1174/1174 1185/1185/1185 1180/1180/1180
f 1185/1185/1185 1174/1174/1174 1182/1182/1182
f 1180/1180/1180 1185/1185/1185 1186/1186/1186
f 1186/1186/1186 1185/1185/1185 1182/1182/1182
f 1187/1187/1187 1183/1183/1183 1146/1146/1146
f 1187/1187/1187 1146/1146/1146 1148/1148/1148
f 1188/1188/1188 1165/1165/1165 1184/1184/1184
f 1189/1189/1189 1188/1188/1188 1184/1184/1184
f 1165/1165/1165 1188/1188/1188 1169/1169/1169
f 1190/1190/1190 1184/1184/1184 1181/1181/1181
f 1190/1190/1190 1189/1189/1189 1184/1184/1184
f 1191/1191/1191 1181/1181/1181 1180/1180/1180
f 1191/1191/1191 1190/1190/1190 1181/1181/1181
f 1192/1192/1192 1180/1180/1180 1186/1186/1186
f 1192/1192/1192 1191/1191/1191 1180/1180/1180
f 1191/1191/1191 1192/1192/1192 1193/1193/1193
f 1192/1192/1192 1186/1186/1186 1193/1193/1193
f 1190/1190/1190 1191/1191/1191 1194/1194/1194
f 1194/1194/1194 1191/1191/1191 1193/1193/1193
f 1195/1195/1195 1187/1187/1187 1148/1148/1148
f 1187/1187/1187 1195/1195/1195 1196/1196/1196
f 1195/1195/1195 1148/1148/1148 1152/1152/1152
f 1195/1195/1195 1152/1152/1152 1196/1196/1196
f 1189/1189/1189 1190/1190/1190 1197/1197/1197
f 1197/1197/1197 1190/1190/1190 1194/1194/1194
f 1198/1198/1198 1187/1187/1187 1196/1196/1196
f 1183/1183/1183 1187/1187/1187 1198/1198/1198
f 1152/1152/1152 1199/1199/1199 1196/1196/1196
f 1199/1199/1199 1152/1152/1152 1169/1169/1169
f 1200/1200/1200 1199/1199/1199 1169/1169/1169
f 1196/1196/1196 1199/1199/1199 1200/1200/1200
f 1201/1201/1201 1183/1183/1183 1198/1198/1198
f 1178/1178/1178 1183/1183/1183 1201/1201/1201
f 1202/1202/1202 1200/1200/1200 1169/1169/1169
f 1202/1202/1202 1169/1169/1169 1188/1188/1188
f 1189/1189/1189 1202/1202/1202 1188/1188/1188
f 1203/1203/1203 1178/1178/1178 1201/1201/1201
f 1178/1178/1178 1203/1203/1203 1182/1182/1182
f 1204/1204/1204 1182/1182/1182 1203/1203/1203
f 1204/1204/1204 1186/1186/1186 1182/1182/1182
f 1205/1205/1205 1203/1203/1203 1201/1201/1201
f 1205/1205/1205 1204/1204/1204 1203/1203/1203
f 1206/1206/1206 1201/1201/1201 1198/1198/1198
f 1206/1206/1206 1205/1205/1205 1201/1201/1201
f 1207/1207/1207 1198/1198/1198 1196/1196/1196
f 1207/1207/1207 1206/1206/1206 1198/1198/1198
f 1208/1208/1208 1196/1196/1196 1200/1200/1200
f 1208/1208/1208 1207/1207/1207 1196/1196/1196
f 1202/1202/1202 1209/1209/1209 1200/1200/1200
f 1209/1209/1209 1210/1210/1210 1200/1200/1200
f 1200/1200/1200 1210/1210/1210 1208/1208/1208
f 1210/1210/1210 1211/1211/1211 1208/1208/1208
f 1208/1208/1208 1211/1211/1211 1207/1207/1207
f 1211/1211/1211 1212/1212/1212 1207/1207/1207
f 1207/1207/1207 1212/1212/1212 1206/1206/1206
f 1212/1212/1212 1213/1213/1213 1206/1206/1206
f 1206/1206/1206 1213/1213/1213 1205/1205/1205
f 1213/1213/1213 1214/1214/1214 1205/1205/1205
f 1205/1205/1205 1214/1214/1214 1204/1204/1204
f 1214/1214/1214 1215/1215/1215 1204/1204/1204
f 1216/1216/1216 1209/1209/1209 1202/1202/1202
f 1204/1204/1204 1215/1215/1215 1186/1186/1186
f 1215/1215/1215 1217/1217/1217 1186/1186/1186
f 1189/1189/1189 1216/1216/1216 1202/1202/1202
f 1186/1186/1186 1217/1217/1217 1218/1218/1218
f 1186/1186/1186 1218/1218/1218 1193/1193/1193
f 1219/1219/1219 1216/1216/1216 1189/1189/1189
f 1220/1220/1220 1219/1219/1219 1189/1189/1189
f 1220/1220/1220 1189/1189/1189 1197/1197/1197
f 1216/1216/1216 1219/1219/1219 1221/1221/1221
f 1222/1222/1222 1216/1216/1216 1221/1221/1221
f 1223/1223/1223 1219/1219/1219 1220/1220/1220
f 1219/1219/1219 1223/1223/1223 1221/1221/1221
f 1224/1224/1224 1220/1220/1220 1197/1197/1197
f 1224/1224/1224 1223/1223/1223 1220/1220/1220
f 1222/1222/1222 1221/1221/1221 1225/1225/1225
f 1226/1226/1226 1222/1222/1222 1225/1225/1225
f 1226/1226/1226 1225/1225/1225 1227/1227/1227
f 1228/1228/1228 1226/1226/1226 1227/1227/1227
f 1217/1217/1217 1228/1228/1228 1227/1227/1227
f 1217/1217/1217 1229/1229/1229 1218/1218/1218
f 1229/1229/1229 1217/1217/1217 1227/1227/1227
f 1223/1223/1223 1230/1230/1230 1221/1221/1221
f 1231/1231/1231 1223/1223/1223 1224/1224/1224
f 1223/1223/1223 1231/1231/1231 1230/1230/1230
f 1230/1230/1230 1232/1232/1232 1221/1221/1221
f 1221/1221/1221 1232/1232/1232 1225/1225/1225
f 1230/1230/1230 1233/1233/1233 1232/1232/1232
f 1231/1231/1231 1233/1233/1233 1230/1230/1230
f 1232/1232/1232 1234/1234/1234 1225/1225/1225
f 1233/1233/1233 1234/1234/1234 1232/1232/1232
f 1225/1225/1225 1235/1235/1235 1227/1227/1227
f 1234/1234/1234 1235/1235/1235 1225/1225/1225
f 1236/1236/1236 1227/1227/1227 1235/1235/1235
f 1227/1227/1227 1236/1236/1236 1229/1229/1229
f 1237/1237/1237 1236/1236/1236 1235/1235/1235
f 1234/1234/1234 1237/1237/1237 1235/1235/1235
f 1236/1236/1236 1238/1238/1238 1229/1229/1229
f 1236/1236/1236 1237/1237/1237 1238/1238/1238
f 1229/1229/1229 1238/1238/1238 1239/1239/1239
f 1218/1218/1218 1229/1229/1229 1239/1239/1239
f 1239/1239/1239 1240/1240/1240 1218/1218/1218
f 1240/1240/1240 1193/1193/1193 1218/1218/1218
f 1193/1193/1193 1240/1240/1240 1241/1241/1241
f 1241/1241/1241 1194/1194/1194 1193/1193/1193
f 1242/1242/1242 1240/1240/1240 1239/1239/1239
f 1240/1240/1240 1242/1242/1242 1241/1241/1241
f 1239/1239/1239 1238/1238/1238 1243/1243/1243
f 1243/1243/1243 1242/1242/1242 1239/1239/1239
f 1241/1241/1241 1244/1244/1244 1194/1194/1194
f 1242/1242/1242 1244/1244/1244 1241/1241/1241
f 1237/1237/1237 1245/1245/1245 1238/1238/1238
f 1238/1238/1238 1245/1245/1245 1243/1243/1243
f 1244/1244/1244 1246/1246/1246 1194/1194/1194
f 1246/1246/1246 1197/1197/1197 1194/1194/1194
f 1246/1246/1246 1247/1247/1247 1197/1197/1197
f 1247/1247/1247 1224/1224/1224 1197/1197/1197
f 1248/1248/1248 1247/1247/1247 1246/1246/1246
f 1244/1244/1244 1248/1248/1248 1246/1246/1246
f 1249/1249/1249 1224/1224/1224 1247/1247/1247
f 1248/1248/1248 1249/1249/1249 1247/1247/1247
f 1249/1249/1249 1231/1231/1231 1224/1224/1224
f 1250/1250/1250 1249/1249/1249 1248/1248/1248
f 1251/1251/1251 1250/1250/1250 1248/1248/1248
f 1251/1251/1251 1248/1248/1248 1244/1244/1244
f 1251/1251/1251 1252/1252/1252 1250/1250/1250
f 1253/1253/1253 1231/1231/1231 1249/1249/1249
f 1250/1250/1250 1253/1253/1253 1249/1249/1249
f 1231/1231/1231 1253/1253/1253 1233/1233/1233
f 1253/1253/1253 1254/1254/1254 1233/1233/1233
f 1233/1233/1233 1254/1254/1254 1234/1234/1234
f 1254/1254/1254 1255/1255/1255 1234/1234/1234
f 1234/1234/1234 1255/1255/1255 1237/1237/1237
f 1255/1255/1255 1256/1256/1256 1237/1237/1237
f 1237/1237/1237 1256/1256/1256 1245/1245/1245
f 1257/1257/1257 1253/1253/1253 1250/1250/1250
f 1256/1256/1256 1258/1258/1258 1245/1245/1245
f 1245/1245/1245 1258/1258/1258 1259/1259/1259
f 1243/1243/1243 1245/1245/1245 1259/1259/1259
f 1260/1260/1260 1257/1257/1257 1250/1250/1250
f 1261/1261/1261 1257/1257/1257 1260/1260/1260
f 1259/1259/1259 1258/1258/1258 1262/1262/1262
f 1258/1258/1258 1263/1263/1263 1262/1262/1262
f 1259/1259/1259 1264/1264/1264 1243/1243/1243
f 1264/1264/1264 1242/1242/1242 1243/1243/1243
f 1265/1265/1265 1261/1261/1261 1260/1260/1260
f 1266/1266/1266 1261/1261/1261 1265/1265/1265
f 1262/1262/1262 1263/1263/1263 1267/1267/1267
f 1263/1263/1263 1268/1268/1268 1267/1267/1267
f 1264/1264/1264 1269/1269/1269 1242/1242/1242
f 1269/1269/1269 1244/1244/1244 1242/1242/1242
f 1269/1269/1269 1251/1251/1251 1244/1244/1244
f 1251/1251/1251 1269/1269/1269 1252/1252/1252
f 1269/1269/1269 1264/1264/1264 1270/1270/1270
f 1269/1269/1269 1270/1270/1270 1252/1252/1252
f 1271/1271/1271 1266/1266/1266 1265/1265/1265
f 1272/1272/1272 1266/1266/1266 1271/1271/1271
f 1267/1267/1267 1268/1268/1268 1273/1273/1273
f 1273/1273/1273 1274/1274/1274 1267/1267/1267
f 1268/1268/1268 1275/1275/1275 1273/1273/1273
f 1275/1275/1275 1272/1272/1272 1276/1276/1276
f 1273/1273/1273 1275/1275/1275 1276/1276/1276
f 1276/1276/1276 1272/1272/1272 1271/1271/1271
f 1273/1273/1273 1276/1276/1276 1274/1274/1274
f 1276/1276/1276 1271/1271/1271 1277/1277/1277
f 1276/1276/1276 1277/1277/1277 1274/1274/1274
f 1271/1271/1271 1265/1265/1265 1278/1278/1278
f 1271/1271/1271 1278/1278/1278 1277/1277/1277
f 1264/1264/1264 1279/1279/1279 1270/1270/1270
f 1264/1264/1264 1259/1259/1259 1279/1279/1279
f 1265/1265/1265 1280/1280/1280 1278/1278/1278
f 1265/1265/1265 1260/1260/1260 1280/1280/1280
f 1260/1260/1260 1281/1281/1281 1280/1280/1280
f 1260/1260/1260 1250/1250/1250 1281/1281/1281
f 1280/1280/1280 1282/1282/1282 1278/1278/1278
f 1282/1282/1282 1280/1280/1280 1281/1281/1281
f 1278/1278/1278 1283/1283/1283 1277/1277/1277
f 1282/1282/1282 1283/1283/1283 1278/1278/1278
f 1277/1277/1277 1284/1284/1284 1274/1274/1274
f 1283/1283/1283 1284/1284/1284 1277/1277/1277
f 1259/1259/1259 1285/1285/1285 1279/1279/1279
f 1259/1259/1259 1262/1262/1262 1285/1285/1285
f 1262/1262/1262 1286/1286/1286 1285/1285/1285
f 1262/1262/1262 1267/1267/1267 1286/1286/1286
f 1285/1285/1285 1287/1287/1287 1279/1279/1279
f 1287/1287/1287 1285/1285/1285 1286/1286/1286
f 1274/1274/1274 1288/1288/1288 1267/1267/1267
f 1267/1267/1267 1288/1288/1288 1286/1286/1286
f 1289/1289/1289 1288/1288/1288 1274/1274/1274
f 1288/1288/1288 1289/1289/1289 1286/1286/1286
f 1284/1284/1284 1290/1290/1290 1274/1274/1274
f 1290/1290/1290 1289/1289/1289 1274/1274/1274
f 1290/1290/1290 1284/1284/1284 1291/1291/1291
f 1290/1290/1290 1291/1291/1291 1289/1289/1289
f 1284/1284/1284 1283/1283/1283 1292/1292/1292
f 1284/1284/1284 1292/1292/1292 1291/1291/1291
f 1287/1287/1287 1293/1293/1293 1279/1279/1279
f 1279/1279/1279 1293/1293/1293 1270/1270/1270
f 1289/1289/1289 1294/1294/1294 1286/1286/1286
f 1294/1294/1294 1287/1287/1287 1286/1286/1286
f 1283/1283/1283 1295/1295/1295 1292/1292/1292
f 1283/1283/1283 1282/1282/1282 1295/1295/1295
f 1293/1293/1293 1296/1296/1296 1270/1270/1270
f 1270/1270/1270 1296/1296/1296 1252/1252/1252
f 1294/1294/1294 1289/1289/1289 1297/1297/1297
f 1287/1287/1287 1294/1294/1294 1298/1298/1298
f 1294/1294/1294 1297/1297/1297 1298/1298/1298
f 1293/1293/1293 1287/1287/1287 1299/1299/1299
f 1287/1287/1287 1298/1298/1298 1299/1299/1299
f 1296/1296/1296 1293/1293/1293 1300/1300/1300
f 1293/1293/1293 1299/1299/1299 1300/1300/1300
f 1289/1289/1289 1301/1301/1301 1297/1297/1297
f 1291/1291/1291 1301/1301/1301 1289/1289/1289
f 1298/1298/1298 1302/1302/1302 1299/1299/1299
f 1297/1297/1297 1303/1303/1303 1298/1298/1298
f 1303/1303/1303 1302/1302/1302 1298/1298/1298
f 1301/1301/1301 1304/1304/1304 1297/1297/1297
f 1304/1304/1304 1303/1303/1303 1297/1297/1297
f 1291/1291/1291 1305/1305/1305 1301/1301/1301
f 1305/1305/1305 1304/1304/1304 1301/1301/1301
f 1304/1304/1304 1306/1306/1306 1303/1303/1303
f 1304/1304/1304 1305/1305/1305 1306/1306/1306
f 1306/1306/1306 1307/1307/1307 1303/1303/1303
f 1303/1303/1303 1307/1307/1307 1302/1302/1302
f 1305/1305/1305 1308/1308/1308 1306/1306/1306
f 1307/1307/1307 1309/1309/1309 1302/1302/1302
f 1310/1310/1310 1308/1308/1308 1305/1305/1305
f 1302/1302/1302 1311/1311/1311 1299/1299/1299
f 1302/1302/1302 1309/1309/1309 1311/1311/1311
f 1309/1309/1309 1312/1312/1312 1311/1311/1311
f 1299/1299/1299 1311/1311/1311 1300/1300/1300
f 1313/1313/1313 1305/1305/1305 1291/1291/1291
f 1313/1313/1313 1310/1310/1310 1305/1305/1305
f 1292/1292/1292 1313/1313/1313 1291/1291/1291
f 1314/1314/1314 1310/1310/1310 1313/1313/1313
f 1311/1311/1311 1312/1312/1312 1315/1315/1315
f 1311/1311/1311 1315/1315/1315 1300/1300/1300
f 1312/1312/1312 1316/1316/1316 1315/1315/1315
f 1317/1317/1317 1313/1313/1313 1292/1292/1292
f 1317/1317/1317 1314/1314/1314 1313/1313/1313
f 1318/1318/1318 1314/1314/1314 1317/1317/1317
f 1295/1295/1295 1317/1317/1317 1292/1292/1292
f 1319/1319/1319 1318/1318/1318 1317/1317/1317
f 1319/1319/1319 1317/1317/1317 1295/1295/1295
f 1320/1320/1320 1318/1318/1318 1319/1319/1319
f 1300/1300/1300 1315/1315/1315 1321/1321/1321
f 1296/1296/1296 1300/1300/1300 1321/1321/1321
f 1315/1315/1315 1316/1316/1316 1322/1322/1322
f 1315/1315/1315 1322/1322/1322 1321/1321/1321
f 1316/1316/1316 1323/1323/1323 1322/1322/1322
f 1322/1322/1322 1323/1323/1323 1324/1324/1324
f 1325/1325/1325 1319/1319/1319 1295/1295/1295
f 1282/1282/1282 1325/1325/1325 1295/1295/1295
f 1326/1326/1326 1320/1320/1320 1319/1319/1319
f 1324/1324/1324 1320/1320/1320 1326/1326/1326
f 1326/1326/1326 1319/1319/1319 1325/1325/1325
f 1327/1327/1327 1322/1322/1322 1324/1324/1324
f 1327/1327/1327 1324/1324/1324 1326/1326/1326
f 1282/1282/1282 1328/1328/1328 1325/1325/1325
f 1328/1328/1328 1282/1282/1282 1281/1281/1281
f 1329/1329/1329 1328/1328/1328 1281/1281/1281
f 1330/1330/1330 1326/1326/1326 1325/1325/1325
f 1328/1328/1328 1330/1330/1330 1325/1325/1325
f 1327/1327/1327 1326/1326/1326 1330/1330/1330
f 1328/1328/1328 1329/1329/1329 1330/1330/1330
f 1322/1322/1322 1327/1327/1327 1331/1331/1331
f 1331/1331/1331 1327/1327/1327 1330/1330/1330
f 1329/1329/1329 1331/1331/1331 1330/1330/1330
f 1321/1321/1321 1322/1322/1322 1331/1331/1331
f 1321/1321/1321 1331/1331/1331 1329/1329/1329
f 1332/1332/1332 1329/1329/1329 1281/1281/1281
f 1250/1250/1250 1332/1332/1332 1281/1281/1281
f 1252/1252/1252 1332/1332/1332 1250/1250/1250
f 1329/1329/1329 1332/1332/1332 1252/1252/1252
f 1333/1333/1333 1321/1321/1321 1329/1329/1329
f 1333/1333/1333 1329/1329/1329 1252/1252/1252
f 1333/1333/1333 1296/1296/1296 1321/1321/1321
f 1296/1296/1296 1333/1333/1333 1252/1252/1252
f 1336/1336/1336 1335/1335/1335 1334/1334/1334
f 1336/1336/1336 1334/1334/1334 1337/1337/1337
f 1335/1335/1335 1338/1338/1338 1334/1334/1334
f 1338/1338/1338 1335/1335/1335 1339/1339/1339
f 1335/1335/1335 1340/1340/1340 1339/1339/1339
f 1340/1340/1340 1341/1341/1341 1339/1339/1339
f 1341/1341/1341 1342/1342/1342 1339/1339/1339
f 1342/1342/1342 1341/1341/1341 1343/1343/1343
f 1341/1341/1341 1344/1344/1344 1343/1343/1343
f 1344/1344/1344 1345/1345/1345 1343/1343/1343
f 1347/1347/1347 1337/1337/1337 1346/1346/1346
f 1348/1348/1348 1347/1347/1347 1346/1346/1346
f 1349/1349/1349 1348/1348/1348 1346/1346/1346
f 1348/1348/1348 1349/1349/1349 1350/1350/1350
f 1351/1351/1351 1348/1348/1348 1350/1350/1350
f 1352/1352/1352 1351/1351/1351 1350/1350/1350
f 1353/1353/1353 1352/1352/1352 1350/1350/1350
f 1352/1352/1352 1353/1353/1353 1354/1354/1354
f 1355/1355/1355 1354/1354/1354 1345/1345/1345
f 1355/1355/1355 1352/1352/1352 1354/1354/1354
f 1358/1358/1358 1357/1357/1357 1356/1356/1356
f 1359/1359/1359 1358/1358/1358 1356/1356/1356
f 1360/1360/1360 1359/1359/1359 1356/1356/1356
f 1359/1359/1359 1360/1360/1360 1361/1361/1361
f 1362/1362/1362 1359/1359/1359 1361/1361/1361
f 1363/1363/1363 1362/1362/1362 1361/1361/1361
f 1364/1364/1364 1363/1363/1363 1361/1361/1361
f 1363/1363/1363 1364/1364/1364 1365/1365/1365
f 1366/1366/1366 1363/1363/1363 1365/1365/1365
f 1366/1366/1366 1365/1365/1365 1367/1367/1367
f 1369/1369/1369 1368/1368/1368 1357/1357/1357
f 1369/1369/1369 1370/1370/1370 1368/1368/1368
f 1370/1370/1370 1371/1371/1371 1368/1368/1368
f 1371/1371/1371 1370/1370/1370 1372/1372/1372
f 1370/1370/1370 1373/1373/1373 1372/1372/1372
f 1373/1373/1373 1374/1374/1374 1372/1372/1372
f 1374/1374/1374 1375/1375/1375 1372/1372/1372
f 1375/1375/1375 1374/1374/1374 1376/1376/1376
f 1377/1377/1377 1367/1367/1367 1376/1376/1376
f 1374/1374/1374 1377/1377/1377 1376/1376/1376
f 1380/1380/1380 1379/1379/1379 1378/1378/1378
f 1380/1380/1380 1381/1381/1381 1379/1379/1379
f 1379/1379/1379 1382/1382/1382 1378/1378/1378
f 1381/1381/1381 1383/1383/1383 1379/1379/1379
f 1378/1378/1378 1382/1382/1382 1384/1384/1384
f 1381/1381/1381 1385/1385/1385 1383/1383/1383
f 1386/1386/1386 1378/1378/1378 1384/1384/1384
f 1385/1385/1385 1387/1387/1387 1383/1383/1383
f 1386/1386/1386 1384/1384/1384 1388/1388/1388
f 1385/1385/1385 1389/1389/1389 1387/1387/1387
f 1390/1390/1390 1386/1386/1386 1388/1388/1388
f 1389/1389/1389 1391/1391/1391 1387/1387/1387
f 1390/1390/1390 1388/1388/1388 1392/1392/1392
f 1389/1389/1389 1393/1393/1393 1391/1391/1391
f 1394/1394/1394 1390/1390/1390 1392/1392/1392
f 1393/1393/1393 1395/1395/1395 1391/1391/1391
f 1394/1394/1394 1392/1392/1392 1396/1396/1396
f 1393/1393/1393 1397/1397/1397 1395/1395/1395
f 1398/1398/1398 1394/1394/1394 1396/1396/1396
f 1397/1397/1397 1399/1399/1399 1395/1395/1395
f 1398/1398/1398 1396/1396/1396 1400/1400/1400
f 1397/1397/1397 1401/1401/1401 1399/1399/1399
f 1402/1402/1402 1398/1398/1398 1400/1400/1400
f 1401/1401/1401 1403/1403/1403 1399/1399/1399
f 1402/1402/1402 1400/1400/1400 1404/1404/1404
f 1401/1401/1401 1405/1405/1405 1403/1403/1403
f 1406/1406/1406 1402/1402/1402 1404/1404/1404
f 1405/1405/1405 1407/1407/1407 1403/1403/1403
f 1406/1406/1406 1404/1404/1404 1408/1408/1408
f 1405/1405/1405 1409/1409/1409 1407/1407/1407
f 1409/1409/1409 1408/1408/1408 1407/1407/1407
f 1409/1409/1409 1406/1406/1406 1408/1408/1408
f 1412/1412/1412 1411/1411/1411 1410/1410/1410
f 1413/1413/1413 1412/1412/1412 1410/1410/1410
f 1413/1413/1413 1410/1410/1410 1414/1414/1414
f 1412/1412/1412 1415/1415/1415 1411/1411/1411
f 1415/1415/1415 1416/1416/1416 1411/1411/1411
f 1417/1417/1417 1413/1413/1413 1414/1414/1414
f 1417/1417/1417 1414/1414/1414 1418/1418/1418
f 1415/1415/1415 1419/1419/1419 1416/1416/1416
f 1419/1419/1419 1420/1420/1420 1416/1416/1416
f 1421/1421/1421 1417/1417/1417 1418/1418/1418
f 1421/1421/1421 1418/1418/1418 1422/1422/1422
f 1419/1419/1419 1423/1423/1423 1420/1420/1420
f 1423/1423/1423 1424/1424/1424 1420/1420/1420
f 1425/1425/1425 1421/1421/1421 1422/1422/1422
f 1425/1425/1425 1422/1422/1422 1426/1426/1426
f 1423/1423/1423 1427/1427/1427 1424/1424/1424
f 1427/1427/1427 1428/1428/1428 1424/1424/1424
f 1429/1429/1429 1425/1425/1425 1426/1426/1426
f 1429/1429/1429 1426/1426/1426 1430/1430/1430
f 1427/1427/1427 1431/1431/1431 1428/1428/1428
f 1431/1431/1431 1432/1432/1432 1428/1428/1428
f 1433/1433/1433 1430/1430/1430 1432/1432/1432
f 1433/1433/1433 1429/1429/1429 1430/1430/1430
f 1431/1431/1431 1433/1433/1433 1432/1432/1432
f 1434/1434/1434 1423/1423/1423 1419/1419/1419
f 1435/1435/1435 1427/1427/1427 1423/1423/1423
f 1434/1434/1434 1435/1435/1435 1423/1423/1423
f 1436/1436/1436 1431/1431/1431 1427/1427/1427
f 1435/1435/1435 1436/1436/1436 1427/1427/1427
f 1437/1437/1437 1433/1433/1433 1431/1431/1431
f 1436/1436/1436 1437/1437/1437 1431/1431/1431
f 1438/1438/1438 1429/1429/1429 1433/1433/1433
f 1437/1437/1437 1438/1438/1438 1433/1433/1433
f 1439/1439/1439 1425/1425/1425 1429/1429/1429
f 1438/1438/1438 1439/1439/1439 1429/1429/1429
f 1440/1440/1440 1434/1434/1434 1419/1419/1419
f 1440/1440/1440 1419/1419/1419 1415/1415/1415
f 1439/1439/1439 1441/1441/1441 1425/1425/1425
f 1441/1441/1441 1421/1421/1421 1425/1425/1425
f 1442/1442/1442 1440/1440/1440 1415/1415/1415
f 1442/1442/1442 1415/1415/1415 1412/1412/1412
f 1441/1441/1441 1443/1443/1443 1421/1421/1421
f 1443/1443/1443 1417/1417/1417 1421/1421/1421
f 1444/1444/1444 1442/1442/1442 1412/1412/1412
f 1444/1444/1444 1412/1412/1412 1413/1413/1413
f 1445/1445/1445 1413/1413/1413 1417/1417/1417
f 1443/1443/1443 1445/1445/1445 1417/1417/1417
f 1445/1445/1445 1444/1444/1444 1413/1413/1413
f 1439/1439/1439 1438/1438/1438 1446/1446/1446
f 1438/1438/1438 1447/1447/1447 1446/1446/1446
f 1439/1439/1439 1446/1446/1446 1448/1448/1448
f 1441/1441/1441 1439/1439/1439 1448/1448/1448
f 1438/1438/1438 1437/1437/1437 1447/1447/1447
f 1441/1441/1441 1448/1448/1448 1449/1449/1449
f 1443/1443/1443 1441/1441/1441 1449/1449/1449
f 1437/1437/1437 1450/1450/1450 1447/1447/1447
f 1443/1443/1443 1449/1449/1449 1451/1451/1451
f 1445/1445/1445 1443/1443/1443 1451/1451/1451
f 1437/1437/1437 1436/1436/1436 1450/1450/1450
f 1445/1445/1445 1451/1451/1451 1452/1452/1452
f 1444/1444/1444 1445/1445/1445 1452/1452/1452
f 1436/1436/1436 1453/1453/1453 1450/1450/1450
f 1444/1444/1444 1452/1452/1452 1454/1454/1454
f 1436/1436/1436 1435/1435/1435 1453/1453/1453
f 1442/1442/1442 1444/1444/1444 1454/1454/1454
f 1435/1435/1435 1455/1455/1455 1453/1453/1453
f 1442/1442/1442 1454/1454/1454 1456/1456/1456
f 1435/1435/1435 1434/1434/1434 1455/1455/1455
f 1440/1440/1440 1442/1442/1442 1456/1456/1456
f 1434/1434/1434 1457/1457/1457 1455/1455/1455
f 1440/1440/1440 1456/1456/1456 1457/1457/1457
f 1434/1434/1434 1440/1440/1440 1457/1457/1457
f 1460/1460/1460 1459/1459/1459 1458/1458/1458
f 1461/1461/1461 1460/1460/1460 1458/1458/1458
f 1461/1461/1461 1458/1458/1458 1462/1462/1462
f 1460/1460/1460 1463/1463/1463 1459/1459/1459
f 1463/1463/1463 1464/1464/1464 1459/1459/1459
f 1465/1465/1465 1461/1461/1461 1462/1462/1462
f 1465/1465/1465 1462/1462/1462 1466/1466/1466
f 1463/1463/1463 1467/1467/1467 1464/1464/1464
f 1467/1467/1467 1468/1468/1468 1464/1464/1464
f 1469/1469/1469 1465/1465/1465 1466/1466/1466
f 1469/1469/1469 1466/1466/1466 1470/1470/1470
f 1467/1467/1467 1471/1471/1471 1468/1468/1468
f 1471/1471/1471 1472/1472/1472 1468/1468/1468
f 1473/1473/1473 1469/1469/1469 1470/1470/1470
f 1473/1473/1473 1470/1470/1470 1474/1474/1474
f 1471/1471/1471 1475/1475/1475 1472/1472/1472
f 1475/1475/1475 1476/1476/1476 1472/1472/1472
f 1477/1477/1477 1473/1473/1473 1474/1474/1474
f 1477/1477/1477 1474/1474/1474 1478/1478/1478
f 1475/1475/1475 1479/1479/1479 1476/1476/1476
f 1479/1479/1479 1480/1480/1480 1476/1476/1476
f 1481/1481/1481 1478/1478/1478 1480/1480/1480
f 1481/1481/1481 1477/1477/1477 1478/1478/1478
f 1479/1479/1479 1481/1481/1481 1480/1480/1480
f 1482/1482/1482 1471/1471/1471 1467/1467/1467
f 1483/1483/1483 1475/1475/1475 1471/1471/1471
f 1482/1482/1482 1483/1483/1483 1471/1471/1471
f 1484/1484/1484 1479/1479/1479 1475/1475/1475
f 1483/1483/1483 1484/1484/1484 1475/1475/1475
f 1485/1485/1485 1481/1481/1481 1479/1479/1479
f 1484/1484/1484 1485/1485/1485 1479/1479/1479
f 1486/1486/1486 1477/1477/1477 1481/1481/1481
f 1485/1485/1485 1486/1486/1486 1481/1481/1481
f 1487/1487/1487 1473/1473/1473 1477/1477/1477
f 1486/1486/1486 1487/1487/1487 1477/1477/1477
f 1488/1488/1488 1482/1482/1482 1467/1467/1467
f 1488/1488/1488 1467/1467/1467 1463/1463/1463
f 1487/1487/1487 1489/1489/1489 1473/1473/1473
f 1489/1489/1489 1469/1469/1469 1473/1473/1473
f 1490/1490/1490 1488/1488/1488 1463/1463/1463
f 1490/1490/1490 1463/1463/1463 1460/1460/1460
f 1489/1489/1489 1491/1491/1491 1469/1469/1469
f 1491/1491/1491 1465/1465/1465 1469/1469/1469
f 1492/1492/1492 1490/1490/1490 1460/1460/1460
f 1492/1492/1492 1460/1460/1460 1461/1461/1461
f 1493/1493/1493 1461/1461/1461 1465/1465/1465
f 1491/1491/1491 1493/1493/1493 1465/1465/1465
f 1493/1493/1493 1492/1492/1492 1461/1461/1461
f 1487/1487/1487 1486/1486/1486 1494/1494/1494
f 1487/1487/1487 1494/1494/1494 1495/1495/1495
f 1489/1489/1489 1487/1487/1487 1495/1495/1495
f 1486/1486/1486 1496/1496/1496 1494/1494/1494
f 1489/1489/1489 1495/1495/1495 1497/1497/1497
f 1491/1491/1491 1489/1489/1489 1497/1497/1497
f 1486/1486/1486 1485/1485/1485 1496/1496/1496
f 1491/1491/1491 1497/1497/1497 1498/1498/1498
f 1493/1493/1493 1491/1491/1491 1498/1498/1498
f 1485/1485/1485 1499/1499/1499 1496/1496/1496
f 1493/1493/1493 1498/1498/1498 1500/1500/1500
f 1492/1492/1492 1493/1493/1493 1500/1500/1500
f 1485/1485/1485 1484/1484/1484 1499/1499/1499
f 1492/1492/1492 1500/1500/1500 1501/1501/1501
f 1484/1484/1484 1502/1502/1502 1499/1499/1499
f 1490/1490/1490 1492/1492/1492 1501/1501/1501
f 1484/1484/1484 1483/1483/1483 1502/1502/1502
f 1490/1490/1490 1501/1501/1501 1503/1503/1503
f 1483/1483/1483 1504/1504/1504 1502/1502/1502
f 1488/1488/1488 1490/1490/1490 1503/1503/1503
f 1483/1483/1483 1482/1482/1482 1504/1504/1504
f 1488/1488/1488 1503/1503/1503 1505/1505/1505
f 1482/1482/1482 1505/1505/1505 1504/1504/1504
f 1482/1482/1482 1488/1488/1488 1505/1505/1505
f 1508/1508/1508 1507/1507/1507 1506/1506/1506
f 1507/1507/1507 1509/1509/1509 1506/1506/1506
f 1506/1506/1506 1509/1509/1509 1510/1510/1510
f 1511/1511/1511 1507/1507/1507 1508/1508/1508
f 1512/1512/1512 1511/1511/1511 1508/1508/1508
f 1509/1509/1509 1513/1513/1513 1510/1510/1510
f 1510/1510/1510 1513/1513/1513 1514/1514/1514
f 1515/1515/1515 1511/1511/1511 1512/1512/1512
f 1516/1516/1516 1515/1515/1515 1512/1512/1512
f 1513/1513/1513 1517/1517/1517 1514/1514/1514
f 1514/1514/1514 1517/1517/1517 1518/1518/1518
f 1519/1519/1519 1515/1515/1515 1516/1516/1516
f 1520/1520/1520 1519/1519/1519 1516/1516/1516
f 1517/1517/1517 1521/1521/1521 1518/1518/1518
f 1518/1518/1518 1521/1521/1521 1522/1522/1522
f 1523/1523/1523 1519/1519/1519 1520/1520/1520
f 1524/1524/1524 1523/1523/1523 1520/1520/1520
f 1521/1521/1521 1525/1525/1525 1522/1522/1522
f 1522/1522/1522 1525/1525/1525 1526/1526/1526
f 1527/1527/1527 1523/1523/1523 1524/1524/1524
f 1528/1528/1528 1527/1527/1527 1524/1524/1524
f 1526/1526/1526 1529/1529/1529 1528/1528/1528
f 1525/1525/1525 1529/1529/1529 1526/1526/1526
f 1529/1529/1529 1527/1527/1527 1528/1528/1528
f 1519/1519/1519 1530/1530/1530 1515/1515/1515
f 1523/1523/1523 1531/1531/1531 1519/1519/1519
f 1531/1531/1531 1530/1530/1530 1519/1519/1519
f 1527/1527/1527 1532/1532/1532 1523/1523/1523
f 1532/1532/1532 1531/1531/1531 1523/1523/1523
f 1529/1529/1529 1533/1533/1533 1527/1527/1527
f 1533/1533/1533 1532/1532/1532 1527/1527/1527
f 1525/1525/1525 1534/1534/1534 1529/1529/1529
f 1534/1534/1534 1533/1533/1533 1529/1529/1529
f 1521/1521/1521 1535/1535/1535 1525/1525/1525
f 1535/1535/1535 1534/1534/1534 1525/1525/1525
f 1530/1530/1530 1536/1536/1536 1515/1515/1515
f 1515/1515/1515 1536/1536/1536 1511/1511/1511
f 1537/1537/1537 1535/1535/1535 1521/1521/1521
f 1517/1517/1517 1537/1537/1537 1521/1521/1521
f 1536/1536/1536 1538/1538/1538 1511/1511/1511
f 1511/1511/1511 1538/1538/1538 1507/1507/1507
f 1539/1539/1539 1537/1537/1537 1517/1517/1517
f 1513/1513/1513 1539/1539/1539 1517/1517/1517
f 1538/1538/1538 1540/1540/1540 1507/1507/1507
f 1507/1507/1507 1540/1540/1540 1509/1509/1509
f 1509/1509/1509 1541/1541/1541 1513/1513/1513
f 1541/1541/1541 1539/1539/1539 1513/1513/1513
f 1540/1540/1540 1541/1541/1541 1509/1509/1509
f 1534/1534/1534 1535/1535/1535 1542/1542/1542
f 1543/1543/1543 1534/1534/1534 1542/1542/1542
f 1542/1542/1542 1535/1535/1535 1544/1544/1544
f 1535/1535/1535 1537/1537/1537 1544/1544/1544
f 1533/1533/1533 1534/1534/1534 1543/1543/1543
f 1544/1544/1544 1537/1537/1537 1545/1545/1545
f 1537/1537/1537 1539/1539/1539 1545/1545/1545
f 1546/1546/1546 1533/1533/1533 1543/1543/1543
f 1545/1545/1545 1539/1539/1539 1547/1547/1547
f 1539/1539/1539 1541/1541/1541 1547/1547/1547
f 1532/1532/1532 1533/1533/1533 1546/1546/1546
f 1547/1547/1547 1541/1541/1541 1548/1548/1548
f 1541/1541/1541 1540/1540/1540 1548/1548/1548
f 1549/1549/1549 1532/1532/1532 1546/1546/1546
f 1548/1548/1548 1540/1540/1540 1550/1550/1550
f 1531/1531/1531 1532/1532/1532 1549/1549/1549
f 1540/1540/1540 1538/1538/1538 1550/1550/1550
f 1551/1551/1551 1531/1531/1531 1549/1549/1549
f 1550/1550/1550 1538/1538/1538 1552/1552/1552
f 1530/1530/1530 1531/1531/1531 1551/1551/1551
f 1538/1538/1538 1536/1536/1536 1552/1552/1552
f 1553/1553/1553 1530/1530/1530 1551/1551/1551
f 1552/1552/1552 1536/1536/1536 1553/1553/1553
f 1536/1536/1536 1530/1530/1530 1553/1553/1553
f 1556/1556/1556 1555/1555/1555 1554/1554/1554
f 1555/1555/1555 1557/1557/1557 1554/1554/1554
f 1554/1554/1554 1557/1557/1557 1558/1558/1558
f 1559/1559/1559 1555/1555/1555 1556/1556/1556
f 1560/1560/1560 1559/1559/1559 1556/1556/1556
f 1557/1557/1557 1561/1561/1561 1558/1558/1558
f 1558/1558/1558 1561/1561/1561 1562/1562/1562
f 1563/1563/1563 1559/1559/1559 1560/1560/1560
f 1564/1564/1564 1563/1563/1563 1560/1560/1560
f 1561/1561/1561 1565/1565/1565 1562/1562/1562
f 1562/1562/1562 1565/1565/1565 1566/1566/1566
f 1567/1567/1567 1563/1563/1563 1564/1564/1564
f 1568/1568/1568 1567/1567/1567 1564/1564/1564
f 1565/1565/1565 1569/1569/1569 1566/1566/1566
f 1566/1566/1566 1569/1569/1569 1570/1570/1570
f 1571/1571/1571 1567/1567/1567 1568/1568/1568
f 1572/1572/1572 1571/1571/1571 1568/1568/1568
f 1569/1569/1569 1573/1573/1573 1570/1570/1570
f 1570/1570/1570 1573/1573/1573 1574/1574/1574
f 1575/1575/1575 1571/1571/1571 1572/1572/1572
f 1576/1576/1576 1575/1575/1575 1572/1572/1572
f 1574/1574/1574 1577/1577/1577 1576/1576/1576
f 1573/1573/1573 1577/1577/1577 1574/1574/1574
f 1577/1577/1577 1575/1575/1575 1576/1576/1576
f 1567/1567/1567 1578/1578/1578 1563/1563/1563
f 1571/1571/1571 1579/1579/1579 1567/1567/1567
f 1579/1579/1579 1578/1578/1578 1567/1567/1567
f 1575/1575/1575 1580/1580/1580 1571/1571/1571
f 1580/1580/1580 1579/1579/1579 1571/1571/1571
f 1577/1577/1577 1581/1581/1581 1575/1575/1575
f 1581/1581/1581 1580/1580/1580 1575/1575/1575
f 1573/1573/1573 1582/1582/1582 1577/1577/1577
f 1582/1582/1582 1581/1581/1581 1577/1577/1577
f 1569/1569/1569 1583/1583/1583 1573/1573/1573
f 1583/1583/1583 1582/1582/1582 1573/1573/1573
f 1578/1578/1578 1584/1584/1584 1563/1563/1563
f 1563/1563/1563 1584/1584/1584 1559/1559/1559
f 1585/1585/1585 1583/1583/1583 1569/1569/1569
f 1565/1565/1565 1585/1585/1585 1569/1569/1569
f 1584/1584/1584 1586/1586/1586 1559/1559/1559
f 1559/1559/1559 1586/1586/1586 1555/1555/1555
f 1587/1587/1587 1585/1585/1585 1565/1565/1565
f 1561/1561/1561 1587/1587/1587 1565/1565/1565
f 1586/1586/1586 1588/1588/1588 1555/1555/1555
f 1555/1555/1555 1588/1588/1588 1557/1557/1557
f 1557/1557/1557 1589/1589/1589 1561/1561/1561
f 1589/1589/1589 1587/1587/1587 1561/1561/1561
f 1588/1588/1588 1589/1589/1589 1557/1557/1557
f 1582/1582/1582 1583/1583/1583 1590/1590/1590
f 1590/1590/1590 1583/1583/1583 1591/1591/1591
f 1583/1583/1583 1585/1585/1585 1591/1591/1591
f 1592/1592/1592 1582/1582/1582 1590/1590/1590
f 1591/1591/1591 1585/1585/1585 1593/1593/1593
f 1585/1585/1585 1587/1587/1587 1593/1593/1593
f 1581/1581/1581 1582/1582/1582 1592/1592/1592
f 1593/1593/1593 1587/1587/1587 1594/1594/1594
f 1587/1587/1587 1589/1589/1589 1594/1594/1594
f 1595/1595/1595 1581/1581/1581 1592/1592/1592
f 1594/1594/1594 1589/1589/1589 1596/1596/1596
f 1589/1589/1589 1588/1588/1588 1596/1596/1596
f 1580/1580/1580 1581/1581/1581 1595/1595/1595
f 1596/1596/1596 1588/1588/1588 1597/1597/1597
f 1598/1598/1598 1580/1580/1580 1595/1595/1595
f 1588/1588/1588 1586/1586/1586 1597/1597/1597
f 1579/1579/1579 1580/1580/1580 1598/1598/1598
f 1597/1597/1597 1586/1586/1586 1599/1599/1599
f 1600/1600/1600 1579/1579/1579 1598/1598/1598
f 1586/1586/1586 1584/1584/1584 1599/1599/1599
f 1578/1578/1578 1579/1579/1579 1600/1600/1600
f 1599/1599/1599 1584/1584/1584 1601/1601/1601
f 1601/1601/1601 1578/1578/1578 1600/1600/1600
f 1584/1584/1584 1578/1578/1578 1601/1601/1601
f 1604/1604/1604 1603/1603/1603 1602/1602/1602
f 1603/1603/1603 1605/1605/1605 1602/1602/1602
f 1603/1603/1603 1604/1604/1604 1606/1606/1606
f 1603/1603/1603 1606/1606/1606 1605/1605/1605
f 1607/1607/1607 1604/1604/1604 1602/1602/1602
f 1604/1604/1604 1608/1608/1608 1606/1606/1606
f 1609/1609/1609 1604/1604/1604 1607/1607/1607
f 1604/1604/1604 1609/1609/1609 1608/1608/1608
f 1605/1605/1605 1610/1610/1610 1602/1602/1602
f 1602/1602/1602 1610/1610/1610 1611/1611/1611
f 1610/1610/1610 1605/1605/1605 1612/1612/1612
f 1611/1611/1611 1610/1610/1610 1612/1612/1612
f 1613/1613/1613 1607/1607/1607 1602/1602/1602
f 1614/1614/1614 1602/1602/1602 1611/1611/1611
f 1614/1614/1614 1613/1613/1613 1602/1602/1602
f 1615/1615/1615 1609/1609/1609 1607/1607/1607
f 1613/1613/1613 1616/1616/1616 1607/1607/1607
f 1616/1616/1616 1615/1615/1615 1607/1607/1607
f 1613/1613/1613 1614/1614/1614 1617/1617/1617
f 1614/1614/1614 1611/1611/1611 1618/1618/1618
f 1614/1614/1614 1618/1618/1618 1617/1617/1617
f 1617/1617/1617 1618/1618/1618 1619/1619/1619
f 1613/1613/1613 1617/1617/1617 1620/1620/1620
f 1616/1616/1616 1613/1613/1613 1620/1620/1620
f 1611/1611/1611 1621/1621/1621 1618/1618/1618
f 1619/1619/1619 1618/1618/1618 1621/1621/1621
f 1622/1622/1622 1611/1611/1611 1612/1612/1612
f 1611/1611/1611 1622/1622/1622 1621/1621/1621
f 1623/1623/1623 1617/1617/1617 1619/1619/1619
f 1620/1620/1620 1617/1617/1617 1623/1623/1623
f 1616/1616/1616 1620/1620/1620 1624/1624/1624
f 1616/1616/1616 1625/1625/1625 1615/1615/1615
f 1625/1625/1625 1616/1616/1616 1624/1624/1624
f 1626/1626/1626 1620/1620/1620 1623/1623/1623
f 1624/1624/1624 1620/1620/1620 1626/1626/1626
f 1627/1627/1627 1623/1623/1623 1619/1619/1619
f 1628/1628/1628 1626/1626/1626 1623/1623/1623
f 1627/1627/1627 1628/1628/1628 1623/1623/1623
f 1629/1629/1629 1624/1624/1624 1626/1626/1626
f 1625/1625/1625 1624/1624/1624 1630/1630/1630
f 1630/1630/1630 1624/1624/1624 1629/1629/1629
f 1631/1631/1631 1629/1629/1629 1626/1626/1626
f 1628/1628/1628 1631/1631/1631 1626/1626/1626
f 1632/1632/1632 1630/1630/1630 1629/1629/1629
f 1629/1629/1629 1631/1631/1631 1632/1632/1632
f 1633/1633/1633 1630/1630/1630 1632/1632/1632
f 1634/1634/1634 1630/1630/1630 1633/1633/1633
f 1634/1634/1634 1625/1625/1625 1630/1630/1630
f 1635/1635/1635 1634/1634/1634 1633/1633/1633
f 1634/1634/1634 1635/1635/1635 1636/1636/1636
f 1625/1625/1625 1634/1634/1634 1637/1637/1637
f 1634/1634/1634 1636/1636/1636 1637/1637/1637
f 1625/1625/1625 1637/1637/1637 1615/1615/1615
f 1637/1637/1637 1638/1638/1638 1615/1615/1615
f 1638/1638/1638 1637/1637/1637 1636/1636/1636
f 1638/1638/1638 1609/1609/1609 1615/1615/1615
f 1609/1609/1609 1638/1638/1638 1639/1639/1639
f 1609/1609/1609 1639/1639/1639 1608/1608/1608
f 1631/1631/1631 1628/1628/1628 1640/1640/1640
f 1640/1640/1640 1628/1628/1628 1641/1641/1641
f 1608/1608/1608 1639/1639/1639 1641/1641/1641
f 1639/1639/1639 1640/1640/1640 1641/1641/1641
f 1628/1628/1628 1627/1627/1627 1641/1641/1641
f 1608/1608/1608 1641/1641/1641 1642/1642/1642
f 1641/1641/1641 1627/1627/1627 1642/1642/1642
f 1606/1606/1606 1608/1608/1608 1642/1642/1642
f 1638/1638/1638 1643/1643/1643 1639/1639/1639
f 1639/1639/1639 1643/1643/1643 1640/1640/1640
f 1644/1644/1644 1631/1631/1631 1640/1640/1640
f 1643/1643/1643 1644/1644/1644 1640/1640/1640
f 1638/1638/1638 1645/1645/1645 1643/1643/1643
f 1645/1645/1645 1638/1638/1638 1636/1636/1636
f 1646/1646/1646 1645/1645/1645 1636/1636/1636
f 1645/1645/1645 1647/1647/1647 1643/1643/1643
f 1643/1643/1643 1647/1647/1647 1644/1644/1644
f 1645/1645/1645 1646/1646/1646 1647/1647/1647
f 1648/1648/1648 1631/1631/1631 1644/1644/1644
f 1631/1631/1631 1648/1648/1648 1632/1632/1632
f 1648/1648/1648 1649/1649/1649 1632/1632/1632
f 1650/1650/1650 1648/1648/1648 1644/1644/1644
f 1647/1647/1647 1650/1650/1650 1644/1644/1644
f 1649/1649/1649 1648/1648/1648 1650/1650/1650
f 1647/1647/1647 1651/1651/1651 1650/1650/1650
f 1646/1646/1646 1651/1651/1651 1647/1647/1647
f 1651/1651/1651 1652/1652/1652 1650/1650/1650
f 1652/1652/1652 1649/1649/1649 1650/1650/1650
f 1651/1651/1651 1653/1653/1653 1652/1652/1652
f 1653/1653/1653 1651/1651/1651 1646/1646/1646
f 1654/1654/1654 1646/1646/1646 1636/1636/1636
f 1646/1646/1646 1654/1654/1654 1655/1655/1655
f 1635/1635/1635 1654/1654/1654 1636/1636/1636
f 1655/1655/1655 1654/1654/1654 1635/1635/1635
f 1649/1649/1649 1656/1656/1656 1632/1632/1632
f 1656/1656/1656 1649/1649/1649 1657/1657/1657
f 1656/1656/1656 1633/1633/1633 1632/1632/1632
f 1656/1656/1656 1657/1657/1657 1633/1633/1633
f 1652/1652/1652 1658/1658/1658 1649/1649/1649
f 1653/1653/1653 1658/1658/1658 1652/1652/1652
f 1659/1659/1659 1646/1646/1646 1655/1655/1655
f 1659/1659/1659 1653/1653/1653 1646/1646/1646
f 1659/1659/1659 1660/1660/1660 1653/1653/1653
f 1660/1660/1660 1659/1659/1659 1655/1655/1655
f 1649/1649/1649 1661/1661/1661 1657/1657/1657
f 1658/1658/1658 1661/1661/1661 1649/1649/1649
f 1660/1660/1660 1662/1662/1662 1653/1653/1653
f 1653/1653/1653 1662/1662/1662 1658/1658/1658
f 1663/1663/1663 1661/1661/1661 1658/1658/1658
f 1661/1661/1661 1663/1663/1663 1657/1657/1657
f 1662/1662/1662 1664/1664/1664 1658/1658/1658
f 1664/1664/1664 1663/1663/1663 1658/1658/1658
f 1660/1660/1660 1665/1665/1665 1662/1662/1662
f 1666/1666/1666 1660/1660/1660 1655/1655/1655
f 1665/1665/1665 1660/1660/1660 1666/1666/1666
f 1662/1662/1662 1667/1667/1667 1664/1664/1664
f 1665/1665/1665 1667/1667/1667 1662/1662/1662
f 1668/1668/1668 1663/1663/1663 1664/1664/1664
f 1663/1663/1663 1669/1669/1669 1657/1657/1657
f 1663/1663/1663 1668/1668/1668 1669/1669/1669
f 1667/1667/1667 1670/1670/1670 1664/1664/1664
f 1670/1670/1670 1668/1668/1668 1664/1664/1664
f 1665/1665/1665 1671/1671/1671 1667/1667/1667
f 1672/1672/1672 1665/1665/1665 1666/1666/1666
f 1671/1671/1671 1665/1665/1665 1672/1672/1672
f 1667/1667/1667 1673/1673/1673 1670/1670/1670
f 1671/1671/1671 1673/1673/1673 1667/1667/1667
f 1674/1674/1674 1666/1666/1666 1655/1655/1655
f 1675/1675/1675 1672/1672/1672 1666/1666/1666
f 1674/1674/1674 1675/1675/1675 1666/1666/1666
f 1675/1675/1675 1676/1676/1676 1672/1672/1672
f 1677/1677/1677 1671/1671/1671 1672/1672/1672
f 1676/1676/1676 1677/1677/1677 1672/1672/1672
f 1678/1678/1678 1674/1674/1674 1655/1655/1655
f 1678/1678/1678 1655/1655/1655 1635/1635/1635
f 1674/1674/1674 1678/1678/1678 1679/1679/1679
f 1678/1678/1678 1635/1635/1635 1679/1679/1679
f 1675/1675/1675 1674/1674/1674 1680/1680/1680
f 1680/1680/1680 1674/1674/1674 1679/1679/1679
f 1676/1676/1676 1675/1675/1675 1681/1681/1681
f 1681/1681/1681 1675/1675/1675 1680/1680/1680
f 1671/1671/1671 1677/1677/1677 1612/1612/1612
f 1622/1622/1622 1612/1612/1612 1677/1677/1677
f 1676/1676/1676 1622/1622/1622 1677/1677/1677
f 1682/1682/1682 1671/1671/1671 1612/1612/1612
f 1605/1605/1605 1682/1682/1682 1612/1612/1612
f 1671/1671/1671 1682/1682/1682 1673/1673/1673
f 1682/1682/1682 1605/1605/1605 1683/1683/1683
f 1682/1682/1682 1683/1683/1683 1673/1673/1673
f 1622/1622/1622 1676/1676/1676 1684/1684/1684
f 1676/1676/1676 1685/1685/1685 1684/1684/1684
f 1622/1622/1622 1684/1684/1684 1621/1621/1621
f 1686/1686/1686 1676/1676/1676 1681/1681/1681
f 1676/1676/1676 1686/1686/1686 1685/1685/1685
f 1605/1605/1605 1687/1687/1687 1683/1683/1683
f 1606/1606/1606 1687/1687/1687 1605/1605/1605
f 1673/1673/1673 1683/1683/1683 1688/1688/1688
f 1673/1673/1673 1688/1688/1688 1670/1670/1670
f 1683/1683/1683 1687/1687/1687 1689/1689/1689
f 1683/1683/1683 1689/1689/1689 1688/1688/1688
f 1687/1687/1687 1606/1606/1606 1690/1690/1690
f 1687/1687/1687 1690/1690/1690 1689/1689/1689
f 1690/1690/1690 1691/1691/1691 1689/1689/1689
f 1606/1606/1606 1642/1642/1642 1690/1690/1690
f 1690/1690/1690 1642/1642/1642 1691/1691/1691
f 1688/1688/1688 1692/1692/1692 1670/1670/1670
f 1692/1692/1692 1668/1668/1668 1670/1670/1670
f 1689/1689/1689 1693/1693/1693 1688/1688/1688
f 1691/1691/1691 1693/1693/1693 1689/1689/1689
f 1693/1693/1693 1692/1692/1692 1688/1688/1688
f 1642/1642/1642 1694/1694/1694 1691/1691/1691
f 1627/1627/1627 1694/1694/1694 1642/1642/1642
f 1694/1694/1694 1627/1627/1627 1619/1619/1619
f 1691/1691/1691 1694/1694/1694 1619/1619/1619
f 1693/1693/1693 1691/1691/1691 1695/1695/1695
f 1692/1692/1692 1693/1693/1693 1695/1695/1695
f 1696/1696/1696 1691/1691/1691 1619/1619/1619
f 1691/1691/1691 1696/1696/1696 1695/1695/1695
f 1696/1696/1696 1619/1619/1619 1621/1621/1621
f 1696/1696/1696 1621/1621/1621 1695/1695/1695
f 1621/1621/1621 1684/1684/1684 1695/1695/1695
f 1695/1695/1695 1684/1684/1684 1697/1697/1697
f 1697/1697/1697 1692/1692/1692 1695/1695/1695
f 1684/1684/1684 1685/1685/1685 1697/1697/1697
f 1668/1668/1668 1692/1692/1692 1698/1698/1698
f 1692/1692/1692 1697/1697/1697 1698/1698/1698
f 1697/1697/1697 1685/1685/1685 1698/1698/1698
f 1668/1668/1668 1698/1698/1698 1669/1669/1669
f 1698/1698/1698 1699/1699/1699 1669/1669/1669
f 1685/1685/1685 1699/1699/1699 1698/1698/1698
f 1699/1699/1699 1700/1700/1700 1669/1669/1669
f 1669/1669/1669 1700/1700/1700 1657/1657/1657
f 1700/1700/1700 1701/1701/1701 1657/1657/1657
f 1657/1657/1657 1701/1701/1701 1633/1633/1633
f 1701/1701/1701 1700/1700/1700 1702/1702/1702
f 1633/1633/1633 1701/1701/1701 1702/1702/1702
f 1700/1700/1700 1699/1699/1699 1703/1703/1703
f 1700/1700/1700 1703/1703/1703 1702/1702/1702
f 1699/1699/1699 1685/1685/1685 1704/1704/1704
f 1699/1699/1699 1704/1704/1704 1703/1703/1703
f 1705/1705/1705 1633/1633/1633 1702/1702/1702
f 1635/1635/1635 1633/1633/1633 1705/1705/1705
f 1685/1685/1685 1706/1706/1706 1704/1704/1704
f 1686/1686/1686 1706/1706/1706 1685/1685/1685
f 1686/1686/1686 1707/1707/1707 1706/1706/1706
f 1707/1707/1707 1686/1686/1686 1681/1681/1681
f 1708/1708/1708 1635/1635/1635 1705/1705/1705
f 1635/1635/1635 1708/1708/1708 1679/1679/1679
f 1706/1706/1706 1709/1709/1709 1704/1704/1704
f 1707/1707/1707 1709/1709/1709 1706/1706/1706
f 1702/1702/1702 1710/1710/1710 1705/1705/1705
f 1703/1703/1703 1711/1711/1711 1702/1702/1702
f 1710/1710/1710 1702/1702/1702 1711/1711/1711
f 1710/1710/1710 1712/1712/1712 1705/1705/1705
f 1708/1708/1708 1705/1705/1705 1712/1712/1712
f 1713/1713/1713 1710/1710/1710 1711/1711/1711
f 1710/1710/1710 1713/1713/1713 1712/1712/1712
f 1714/1714/1714 1711/1711/1711 1703/1703/1703
f 1714/1714/1714 1713/1713/1713 1711/1711/1711
f 1704/1704/1704 1715/1715/1715 1703/1703/1703
f 1715/1715/1715 1714/1714/1714 1703/1703/1703
f 1716/1716/1716 1715/1715/1715 1704/1704/1704
f 1709/1709/1709 1716/1716/1716 1704/1704/1704
f 1716/1716/1716 1717/1717/1717 1715/1715/1715
f 1717/1717/1717 1714/1714/1714 1715/1715/1715
f 1709/1709/1709 1718/1718/1718 1716/1716/1716
f 1718/1718/1718 1717/1717/1717 1716/1716/1716
f 1718/1718/1718 1719/1719/1719 1717/1717/1717
f 1720/1720/1720 1719/1719/1719 1718/1718/1718
f 1721/1721/1721 1720/1720/1720 1718/1718/1718
f 1721/1721/1721 1718/1718/1718 1709/1709/1709
f 1707/1707/1707 1721/1721/1721 1709/1709/1709
f 1717/1717/1717 1722/1722/1722 1714/1714/1714
f 1719/1719/1719 1722/1722/1722 1717/1717/1717
f 1723/1723/1723 1722/1722/1722 1719/1719/1719
f 1722/1722/1722 1724/1724/1724 1714/1714/1714
f 1714/1714/1714 1724/1724/1724 1713/1713/1713
f 1724/1724/1724 1722/1722/1722 1723/1723/1723
f 1721/1721/1721 1707/1707/1707 1725/1725/1725
f 1725/1725/1725 1707/1707/1707 1681/1681/1681
f 1726/1726/1726 1721/1721/1721 1725/1725/1725
f 1720/1720/1720 1721/1721/1721 1726/1726/1726
f 1727/1727/1727 1725/1725/1725 1681/1681/1681
f 1726/1726/1726 1725/1725/1725 1727/1727/1727
f 1727/1727/1727 1681/1681/1681 1680/1680/1680
f 1728/1728/1728 1726/1726/1726 1727/1727/1727
f 1728/1728/1728 1727/1727/1727 1680/1680/1680
f 1729/1729/1729 1720/1720/1720 1726/1726/1726
f 1729/1729/1729 1726/1726/1726 1728/1728/1728
f 1729/1729/1729 1730/1730/1730 1720/1720/1720
f 1731/1731/1731 1728/1728/1728 1680/1680/1680
f 1731/1731/1731 1680/1680/1680 1679/1679/1679
f 1732/1732/1732 1729/1729/1729 1728/1728/1728
f 1729/1729/1729 1732/1732/1732 1730/1730/1730
f 1679/1679/1679 1733/1733/1733 1731/1731/1731
f 1733/1733/1733 1679/1679/1679 1708/1708/1708
f 1734/1734/1734 1728/1728/1728 1731/1731/1731
f 1733/1733/1733 1734/1734/1734 1731/1731/1731
f 1732/1732/1732 1728/1728/1728 1734/1734/1734
f 1735/1735/1735 1733/1733/1733 1708/1708/1708
f 1734/1734/1734 1733/1733/1733 1735/1735/1735
f 1735/1735/1735 1708/1708/1708 1712/1712/1712
f 1735/1735/1735 1712/1712/1712 1736/1736/1736
f 1713/1713/1713 1736/1736/1736 1712/1712/1712
f 1737/1737/1737 1734/1734/1734 1735/1735/1735
f 1737/1737/1737 1735/1735/1735 1736/1736/1736
f 1738/1738/1738 1732/1732/1732 1734/1734/1734
f 1738/1738/1738 1734/1734/1734 1737/1737/1737
f 1713/1713/1713 1739/1739/1739 1736/1736/1736
f 1724/1724/1724 1739/1739/1739 1713/1713/1713
f 1737/1737/1737 1736/1736/1736 1740/1740/1740
f 1739/1739/1739 1740/1740/1740 1736/1736/1736
f 1739/1739/1739 1724/1724/1724 1741/1741/1741
f 1741/1741/1741 1724/1724/1724 1723/1723/1723
f 1732/1732/1732 1738/1738/1738 1742/1742/1742
f 1732/1732/1732 1742/1742/1742 1730/1730/1730
f 1743/1743/1743 1738/1738/1738 1737/1737/1737
f 1743/1743/1743 1737/1737/1737 1740/1740/1740
f 1740/1740/1740 1739/1739/1739 1744/1744/1744
f 1744/1744/1744 1739/1739/1739 1741/1741/1741
f 1738/1738/1738 1745/1745/1745 1742/1742/1742
f 1738/1738/1738 1743/1743/1743 1745/1745/1745
f 1746/1746/1746 1741/1741/1741 1723/1723/1723
f 1747/1747/1747 1744/1744/1744 1741/1741/1741
f 1746/1746/1746 1747/1747/1747 1741/1741/1741
f 1748/1748/1748 1740/1740/1740 1744/1744/1744
f 1743/1743/1743 1740/1740/1740 1749/1749/1749
f 1749/1749/1749 1740/1740/1740 1748/1748/1748
f 1750/1750/1750 1748/1748/1748 1744/1744/1744
f 1747/1747/1747 1750/1750/1750 1744/1744/1744
f 1751/1751/1751 1749/1749/1749 1748/1748/1748
f 1748/1748/1748 1750/1750/1750 1751/1751/1751
f 1752/1752/1752 1743/1743/1743 1749/1749/1749
f 1743/1743/1743 1753/1753/1753 1745/1745/1745
f 1743/1743/1743 1752/1752/1752 1753/1753/1753
f 1754/1754/1754 1749/1749/1749 1751/1751/1751
f 1752/1752/1752 1749/1749/1749 1754/1754/1754
f 1753/1753/1753 1755/1755/1755 1745/1745/1745
f 1752/1752/1752 1756/1756/1756 1753/1753/1753
f 1755/1755/1755 1753/1753/1753 1756/1756/1756
f 1757/1757/1757 1752/1752/1752 1754/1754/1754
f 1752/1752/1752 1757/1757/1757 1756/1756/1756
f 1755/1755/1755 1758/1758/1758 1745/1745/1745
f 1745/1745/1745 1758/1758/1758 1742/1742/1742
f 1758/1758/1758 1759/1759/1759 1742/1742/1742
f 1742/1742/1742 1759/1759/1759 1730/1730/1730
f 1758/1758/1758 1755/1755/1755 1760/1760/1760
f 1759/1759/1759 1758/1758/1758 1761/1761/1761
f 1758/1758/1758 1760/1760/1760 1761/1761/1761
f 1762/1762/1762 1755/1755/1755 1756/1756/1756
f 1763/1763/1763 1762/1762/1762 1756/1756/1756
f 1755/1755/1755 1762/1762/1762 1764/1764/1764
f 1755/1755/1755 1764/1764/1764 1760/1760/1760
f 1757/1757/1757 1765/1765/1765 1756/1756/1756
f 1765/1765/1765 1763/1763/1763 1756/1756/1756
f 1766/1766/1766 1765/1765/1765 1757/1757/1757
f 1763/1763/1763 1765/1765/1765 1766/1766/1766
f 1762/1762/1762 1763/1763/1763 1767/1767/1767
f 1762/1762/1762 1767/1767/1767 1764/1764/1764
f 1760/1760/1760 1764/1764/1764 1768/1768/1768
f 1761/1761/1761 1760/1760/1760 1769/1769/1769
f 1760/1760/1760 1768/1768/1768 1769/1769/1769
f 1764/1764/1764 1767/1767/1767 1770/1770/1770
f 1764/1764/1764 1770/1770/1770 1768/1768/1768
f 1759/1759/1759 1761/1761/1761 1771/1771/1771
f 1761/1761/1761 1769/1769/1769 1772/1772/1772
f 1771/1771/1771 1761/1761/1761 1772/1772/1772
f 1773/1773/1773 1759/1759/1759 1771/1771/1771
f 1773/1773/1773 1771/1771/1771 1774/1774/1774
f 1759/1759/1759 1773/1773/1773 1730/1730/1730
f 1773/1773/1773 1774/1774/1774 1730/1730/1730
f 1774/1774/1774 1775/1775/1775 1730/1730/1730
f 1730/1730/1730 1775/1775/1775 1720/1720/1720
f 1720/1720/1720 1775/1775/1775 1776/1776/1776
f 1775/1775/1775 1774/1774/1774 1776/1776/1776
f 1777/1777/1777 1720/1720/1720 1776/1776/1776
f 1720/1720/1720 1777/1777/1777 1719/1719/1719
f 1768/1768/1768 1747/1747/1747 1769/1769/1769
f 1747/1747/1747 1746/1746/1746 1769/1769/1769
f 1769/1769/1769 1746/1746/1746 1772/1772/1772
f 1750/1750/1750 1747/1747/1747 1768/1768/1768
f 1770/1770/1770 1750/1750/1750 1768/1768/1768
f 1778/1778/1778 1750/1750/1750 1770/1770/1770
f 1750/1750/1750 1778/1778/1778 1751/1751/1751
f 1778/1778/1778 1779/1779/1779 1751/1751/1751
f 1780/1780/1780 1778/1778/1778 1770/1770/1770
f 1779/1779/1779 1778/1778/1778 1780/1780/1780
f 1767/1767/1767 1780/1780/1780 1770/1770/1770
f 1767/1767/1767 1781/1781/1781 1780/1780/1780
f 1763/1763/1763 1781/1781/1781 1767/1767/1767
f 1781/1781/1781 1782/1782/1782 1780/1780/1780
f 1782/1782/1782 1779/1779/1779 1780/1780/1780
f 1783/1783/1783 1781/1781/1781 1763/1763/1763
f 1781/1781/1781 1783/1783/1783 1782/1782/1782
f 1746/1746/1746 1784/1784/1784 1772/1772/1772
f 1772/1772/1772 1784/1784/1784 1785/1785/1785
f 1784/1784/1784 1746/1746/1746 1723/1723/1723
f 1785/1785/1785 1784/1784/1784 1723/1723/1723
f 1779/1779/1779 1786/1786/1786 1751/1751/1751
f 1786/1786/1786 1779/1779/1779 1787/1787/1787
f 1786/1786/1786 1754/1754/1754 1751/1751/1751
f 1786/1786/1786 1787/1787/1787 1754/1754/1754
f 1782/1782/1782 1788/1788/1788 1779/1779/1779
f 1783/1783/1783 1788/1788/1788 1782/1782/1782
f 1789/1789/1789 1783/1783/1783 1763/1763/1763
f 1789/1789/1789 1763/1763/1763 1766/1766/1766
f 1789/1789/1789 1790/1790/1790 1783/1783/1783
f 1790/1790/1790 1789/1789/1789 1766/1766/1766
f 1791/1791/1791 1785/1785/1785 1723/1723/1723
f 1791/1791/1791 1723/1723/1723 1719/1719/1719
f 1791/1791/1791 1719/1719/1719 1792/1792/1792
f 1785/1785/1785 1791/1791/1791 1792/1792/1792
f 1787/1787/1787 1793/1793/1793 1754/1754/1754
f 1757/1757/1757 1754/1754/1754 1793/1793/1793
f 1794/1794/1794 1757/1757/1757 1793/1793/1793
f 1794/1794/1794 1766/1766/1766 1757/1757/1757
f 1794/1794/1794 1793/1793/1793 1795/1795/1795
f 1795/1795/1795 1793/1793/1793 1787/1787/1787
f 1794/1794/1794 1796/1796/1796 1766/1766/1766
f 1796/1796/1796 1794/1794/1794 1795/1795/1795
f 1790/1790/1790 1797/1797/1797 1783/1783/1783
f 1783/1783/1783 1797/1797/1797 1788/1788/1788
f 1798/1798/1798 1790/1790/1790 1766/1766/1766
f 1796/1796/1796 1798/1798/1798 1766/1766/1766
f 1790/1790/1790 1799/1799/1799 1797/1797/1797
f 1799/1799/1799 1790/1790/1790 1798/1798/1798
f 1796/1796/1796 1795/1795/1795 1800/1800/1800
f 1796/1796/1796 1801/1801/1801 1798/1798/1798
f 1801/1801/1801 1796/1796/1796 1800/1800/1800
f 1802/1802/1802 1795/1795/1795 1787/1787/1787
f 1800/1800/1800 1795/1795/1795 1802/1802/1802
f 1803/1803/1803 1799/1799/1799 1798/1798/1798
f 1801/1801/1801 1803/1803/1803 1798/1798/1798
f 1799/1799/1799 1804/1804/1804 1797/1797/1797
f 1797/1797/1797 1805/1805/1805 1788/1788/1788
f 1797/1797/1797 1804/1804/1804 1805/1805/1805
f 1806/1806/1806 1799/1799/1799 1803/1803/1803
f 1799/1799/1799 1806/1806/1806 1804/1804/1804
f 1801/1801/1801 1800/1800/1800 1807/1807/1807
f 1801/1801/1801 1808/1808/1808 1803/1803/1803
f 1808/1808/1808 1801/1801/1801 1807/1807/1807
f 1809/1809/1809 1800/1800/1800 1802/1802/1802
f 1807/1807/1807 1800/1800/1800 1809/1809/1809
f 1810/1810/1810 1806/1806/1806 1803/1803/1803
f 1808/1808/1808 1810/1810/1810 1803/1803/1803
f 1808/1808/1808 1807/1807/1807 1811/1811/1811
f 1808/1808/1808 1777/1777/1777 1810/1810/1810
f 1777/1777/1777 1808/1808/1808 1811/1811/1811
f 1777/1777/1777 1776/1776/1776 1810/1810/1810
f 1806/1806/1806 1810/1810/1810 1776/1776/1776
f 1777/1777/1777 1811/1811/1811 1719/1719/1719
f 1719/1719/1719 1811/1811/1811 1792/1792/1792
f 1811/1811/1811 1807/1807/1807 1812/1812/1812
f 1812/1812/1812 1807/1807/1807 1809/1809/1809
f 1792/1792/1792 1811/1811/1811 1812/1812/1812
f 1813/1813/1813 1806/1806/1806 1776/1776/1776
f 1774/1774/1774 1813/1813/1813 1776/1776/1776
f 1814/1814/1814 1812/1812/1812 1809/1809/1809
f 1812/1812/1812 1814/1814/1814 1792/1792/1792
f 1806/1806/1806 1813/1813/1813 1815/1815/1815
f 1806/1806/1806 1815/1815/1815 1804/1804/1804
f 1813/1813/1813 1774/1774/1774 1816/1816/1816
f 1813/1813/1813 1816/1816/1816 1815/1815/1815
f 1804/1804/1804 1815/1815/1815 1817/1817/1817
f 1804/1804/1804 1817/1817/1817 1805/1805/1805
f 1818/1818/1818 1814/1814/1814 1809/1809/1809
f 1817/1817/1817 1818/1818/1818 1805/1805/1805
f 1814/1814/1814 1818/1818/1818 1817/1817/1817
f 1818/1818/1818 1809/1809/1809 1802/1802/1802
f 1815/1815/1815 1819/1819/1819 1817/1817/1817
f 1819/1819/1819 1814/1814/1814 1817/1817/1817
f 1815/1815/1815 1816/1816/1816 1819/1819/1819
f 1814/1814/1814 1820/1820/1820 1792/1792/1792
f 1820/1820/1820 1814/1814/1814 1819/1819/1819
f 1820/1820/1820 1785/1785/1785 1792/1792/1792
f 1818/1818/1818 1821/1821/1821 1805/1805/1805
f 1821/1821/1821 1818/1818/1818 1802/1802/1802
f 1805/1805/1805 1821/1821/1821 1788/1788/1788
f 1821/1821/1821 1802/1802/1802 1787/1787/1787
f 1822/1822/1822 1820/1820/1820 1819/1819/1819
f 1816/1816/1816 1822/1822/1822 1819/1819/1819
f 1785/1785/1785 1820/1820/1820 1822/1822/1822
f 1821/1821/1821 1823/1823/1823 1788/1788/1788
f 1823/1823/1823 1821/1821/1821 1787/1787/1787
f 1788/1788/1788 1823/1823/1823 1779/1779/1779
f 1779/1779/1779 1823/1823/1823 1787/1787/1787
f 1816/1816/1816 1824/1824/1824 1822/1822/1822
f 1774/1774/1774 1824/1824/1824 1816/1816/1816
f 1771/1771/1771 1824/1824/1824 1774/1774/1774
f 1825/1825/1825 1785/1785/1785 1822/1822/1822
f 1824/1824/1824 1825/1825/1825 1822/1822/1822
f 1824/1824/1824 1771/1771/1771 1825/1825/1825
f 1825/1825/1825 1772/1772/1772 1785/1785/1785
f 1771/1771/1771 1772/1772/1772 1825/1825/1825
f 1828/1828/1828 1827/1827/1827 1826/1826/1826
f 1829/1829/1829 1826/1826/1826 1827/1827/1827
f 1829/1829/1829 1827/1827/1827 1830/1830/1830
f 1827/1827/1827 1828/1828/1828 1830/1830/1830
f 1829/1829/1829 1830/1830/1830 1831/1831/1831
f 1828/1828/1828 1832/1832/1832 1830/1830/1830
f 1830/1830/1830 1832/1832/1832 1831/1831/1831
f 1833/1833/1833 1828/1828/1828 1826/1826/1826
f 1828/1828/1828 1834/1834/1834 1832/1832/1832
f 1834/1834/1834 1828/1828/1828 1833/1833/1833
f 1835/1835/1835 1833/1833/1833 1826/1826/1826
f 1836/1836/1836 1826/1826/1826 1829/1829/1829
f 1836/1836/1836 1835/1835/1835 1826/1826/1826
f 1837/1837/1837 1834/1834/1834 1833/1833/1833
f 1833/1833/1833 1835/1835/1835 1837/1837/1837
f 1834/1834/1834 1838/1838/1838 1832/1832/1832
f 1832/1832/1832 1839/1839/1839 1831/1831/1831
f 1832/1832/1832 1838/1838/1838 1839/1839/1839
f 1834/1834/1834 1837/1837/1837 1840/1840/1840
f 1834/1834/1834 1840/1840/1840 1838/1838/1838
f 1839/1839/1839 1841/1841/1841 1831/1831/1831
f 1839/1839/1839 1838/1838/1838 1842/1842/1842
f 1839/1839/1839 1842/1842/1842 1841/1841/1841
f 1841/1841/1841 1843/1843/1843 1831/1831/1831
f 1829/1829/1829 1831/1831/1831 1843/1843/1843
f 1841/1841/1841 1842/1842/1842 1843/1843/1843
f 1838/1838/1838 1844/1844/1844 1842/1842/1842
f 1840/1840/1840 1844/1844/1844 1838/1838/1838
f 1844/1844/1844 1840/1840/1840 1829/1829/1829
f 1842/1842/1842 1845/1845/1845 1843/1843/1843
f 1844/1844/1844 1845/1845/1845 1842/1842/1842
f 1829/1829/1829 1843/1843/1843 1845/1845/1845
f 1844/1844/1844 1829/1829/1829 1845/1845/1845
f 1846/1846/1846 1829/1829/1829 1840/1840/1840
f 1837/1837/1837 1846/1846/1846 1840/1840/1840
f 1846/1846/1846 1847/1847/1847 1829/1829/1829
f 1847/1847/1847 1846/1846/1846 1837/1837/1837
f 1829/1829/1829 1847/1847/1847 1848/1848/1848
f 1849/1849/1849 1848/1848/1848 1847/1847/1847
f 1850/1850/1850 1847/1847/1847 1837/1837/1837
f 1850/1850/1850 1849/1849/1849 1847/1847/1847
f 1835/1835/1835 1850/1850/1850 1837/1837/1837
f 1849/1849/1849 1850/1850/1850 1835/1835/1835
f 1848/1848/1848 1851/1851/1851 1829/1829/1829
f 1848/1848/1848 1849/1849/1849 1851/1851/1851
f 1852/1852/1852 1849/1849/1849 1835/1835/1835
f 1835/1835/1835 1836/1836/1836 1852/1852/1852
f 1836/1836/1836 1853/1853/1853 1852/1852/1852
f 1836/1836/1836 1829/1829/1829 1853/1853/1853
f 1849/1849/1849 1852/1852/1852 1854/1854/1854
f 1852/1852/1852 1853/1853/1853 1854/1854/1854
f 1849/1849/1849 1855/1855/1855 1851/1851/1851
f 1855/1855/1855 1849/1849/1849 1854/1854/1854
f 1853/1853/1853 1856/1856/1856 1854/1854/1854
f 1829/1829/1829 1856/1856/1856 1853/1853/1853
f 1854/1854/1854 1856/1856/1856 1857/1857/1857
f 1857/1857/1857 1855/1855/1855 1854/1854/1854
f 1851/1851/1851 1855/1855/1855 1858/1858/1858
f 1851/1851/1851 1858/1858/1858 1829/1829/1829
f 1829/1829/1829 1859/1859/1859 1856/1856/1856
f 1856/1856/1856 1859/1859/1859 1857/1857/1857
f 1860/1860/1860 1859/1859/1859 1829/1829/1829
f 1858/1858/1858 1860/1860/1860 1829/1829/1829
f 1857/1857/1857 1859/1859/1859 1860/1860/1860
f 1855/1855/1855 1861/1861/1861 1858/1858/1858
f 1861/1861/1861 1855/1855/1855 1857/1857/1857
f 1862/1862/1862 1860/1860/1860 1858/1858/1858
f 1862/1862/1862 1857/1857/1857 1860/1860/1860
f 1861/1861/1861 1862/1862/1862 1858/1858/1858
f 1857/1857/1857 1862/1862/1862 1861/1861/1861
f 1865/1865/1865 1864/1864/1864 1863/1863/1863
f 1864/1864/1864 1865/1865/1865 1866/1866/1866
f 1864/1864/1864 1867/1867/1867 1863/1863/1863
f 1864/1864/1864 1866/1866/1866 1867/1867/1867
f 1868/1868/1868 1865/1865/1865 1863/1863/1863
f 1865/1865/1865 1869/1869/1869 1866/1866/1866
f 1869/1869/1869 1865/1865/1865 1868/1868/1868
f 1869/1869/1869 1870/1870/1870 1866/1866/1866
f 1871/1871/1871 1869/1869/1869 1868/1868/1868
f 1870/1870/1870 1869/1869/1869 1871/1871/1871
f 1872/1872/1872 1868/1868/1868 1863/1863/1863
f 1873/1873/1873 1871/1871/1871 1868/1868/1868
f 1872/1872/1872 1873/1873/1873 1868/1868/1868
f 1874/1874/1874 1870/1870/1870 1871/1871/1871
f 1873/1873/1873 1875/1875/1875 1871/1871/1871
f 1875/1875/1875 1874/1874/1874 1871/1871/1871
f 1870/1870/1870 1874/1874/1874 1876/1876/1876
f 1870/1870/1870 1877/1877/1877 1866/1866/1866
f 1877/1877/1877 1870/1870/1870 1876/1876/1876
f 1877/1877/1877 1878/1878/1878 1866/1866/1866
f 1878/1878/1878 1877/1877/1877 1876/1876/1876
f 1879/1879/1879 1876/1876/1876 1874/1874/1874
f 1875/1875/1875 1879/1879/1879 1874/1874/1874
f 1878/1878/1878 1880/1880/1880 1866/1866/1866
f 1880/1880/1880 1881/1881/1881 1866/1866/1866
f 1882/1882/1882 1866/1866/1866 1881/1881/1881
f 1882/1882/1882 1881/1881/1881 1883/1883/1883
f 1884/1884/1884 1878/1878/1878 1876/1876/1876
f 1876/1876/1876 1879/1879/1879 1884/1884/1884
f 1880/1880/1880 1878/1878/1878 1885/1885/1885
f 1881/1881/1881 1880/1880/1880 1885/1885/1885
f 1878/1878/1878 1884/1884/1884 1885/1885/1885
f 1882/1882/1882 1886/1886/1886 1866/1866/1866
f 1886/1886/1886 1882/1882/1882 1883/1883/1883
f 1887/1887/1887 1881/1881/1881 1885/1885/1885
f 1881/1881/1881 1887/1887/1887 1883/1883/1883
f 1888/1888/1888 1887/1887/1887 1885/1885/1885
f 1883/1883/1883 1887/1887/1887 1888/1888/1888
f 1889/1889/1889 1885/1885/1885 1884/1884/1884
f 1889/1889/1889 1888/1888/1888 1885/1885/1885
f 1879/1879/1879 1890/1890/1890 1884/1884/1884
f 1890/1890/1890 1889/1889/1889 1884/1884/1884
f 1879/1879/1879 1875/1875/1875 1891/1891/1891
f 1890/1890/1890 1879/1879/1879 1891/1891/1891
f 1889/1889/1889 1890/1890/1890 1892/1892/1892
f 1888/1888/1888 1889/1889/1889 1892/1892/1892
f 1893/1893/1893 1890/1890/1890 1891/1891/1891
f 1890/1890/1890 1893/1893/1893 1892/1892/1892
f 1886/1886/1886 1894/1894/1894 1866/1866/1866
f 1895/1895/1895 1886/1886/1886 1883/1883/1883
f 1894/1894/1894 1886/1886/1886 1895/1895/1895
f 1875/1875/1875 1896/1896/1896 1891/1891/1891
f 1896/1896/1896 1875/1875/1875 1897/1897/1897
f 1875/1875/1875 1873/1873/1873 1897/1897/1897
f 1897/1897/1897 1873/1873/1873 1898/1898/1898
f 1873/1873/1873 1872/1872/1872 1898/1898/1898
f 1898/1898/1898 1872/1872/1872 1899/1899/1899
f 1872/1872/1872 1900/1900/1900 1899/1899/1899
f 1900/1900/1900 1901/1901/1901 1899/1899/1899
f 1900/1900/1900 1872/1872/1872 1863/1863/1863
f 1900/1900/1900 1863/1863/1863 1901/1901/1901
f 1863/1863/1863 1902/1902/1902 1901/1901/1901
f 1867/1867/1867 1902/1902/1902 1863/1863/1863
f 1902/1902/1902 1867/1867/1867 1903/1903/1903
f 1901/1901/1901 1902/1902/1902 1903/1903/1903
f 1867/1867/1867 1904/1904/1904 1903/1903/1903
f 1904/1904/1904 1867/1867/1867 1866/1866/1866
f 1904/1904/1904 1905/1905/1905 1903/1903/1903
f 1905/1905/1905 1904/1904/1904 1866/1866/1866
f 1906/1906/1906 1896/1896/1896 1897/1897/1897
f 1907/1907/1907 1897/1897/1897 1898/1898/1898
f 1907/1907/1907 1906/1906/1906 1897/1897/1897
f 1908/1908/1908 1898/1898/1898 1899/1899/1899
f 1908/1908/1908 1907/1907/1907 1898/1898/1898
f 1906/1906/1906 1909/1909/1909 1896/1896/1896
f 1909/1909/1909 1891/1891/1891 1896/1896/1896
f 1909/1909/1909 1910/1910/1910 1891/1891/1891
f 1910/1910/1910 1893/1893/1893 1891/1891/1891
f 1909/1909/1909 1906/1906/1906 1911/1911/1911
f 1910/1910/1910 1909/1909/1909 1911/1911/1911
f 1910/1910/1910 1912/1912/1912 1893/1893/1893
f 1912/1912/1912 1892/1892/1892 1893/1893/1893
f 1912/1912/1912 1913/1913/1913 1892/1892/1892
f 1912/1912/1912 1910/1910/1910 1914/1914/1914
f 1913/1913/1913 1912/1912/1912 1914/1914/1914
f 1915/1915/1915 1910/1910/1910 1911/1911/1911
f 1910/1910/1910 1915/1915/1915 1914/1914/1914
f 1913/1913/1913 1916/1916/1916 1892/1892/1892
f 1917/1917/1917 1916/1916/1916 1913/1913/1913
f 1916/1916/1916 1888/1888/1888 1892/1892/1892
f 1888/1888/1888 1916/1916/1916 1917/1917/1917
f 1918/1918/1918 1888/1888/1888 1917/1917/1917
f 1918/1918/1918 1883/1883/1883 1888/1888/1888
f 1918/1918/1918 1919/1919/1919 1883/1883/1883
f 1919/1919/1919 1918/1918/1918 1917/1917/1917
f 1919/1919/1919 1895/1895/1895 1883/1883/1883
f 1919/1919/1919 1920/1920/1920 1895/1895/1895
f 1921/1921/1921 1919/1919/1919 1917/1917/1917
f 1920/1920/1920 1919/1919/1919 1921/1921/1921
f 1920/1920/1920 1922/1922/1922 1895/1895/1895
f 1922/1922/1922 1894/1894/1894 1895/1895/1895
f 1923/1923/1923 1894/1894/1894 1922/1922/1922
f 1894/1894/1894 1923/1923/1923 1866/1866/1866
f 1923/1923/1923 1924/1924/1924 1866/1866/1866
f 1924/1924/1924 1905/1905/1905 1866/1866/1866
f 1924/1924/1924 1923/1923/1923 1925/1925/1925
f 1905/1905/1905 1924/1924/1924 1925/1925/1925
f 1926/1926/1926 1923/1923/1923 1922/1922/1922
f 1923/1923/1923 1926/1926/1926 1925/1925/1925
f 1920/1920/1920 1927/1927/1927 1922/1922/1922
f 1927/1927/1927 1926/1926/1926 1922/1922/1922
f 1928/1928/1928 1920/1920/1920 1921/1921/1921
f 1927/1927/1927 1920/1920/1920 1928/1928/1928
f 1929/1929/1929 1905/1905/1905 1925/1925/1925
f 1905/1905/1905 1929/1929/1929 1903/1903/1903
f 1930/1930/1930 1925/1925/1925 1926/1926/1926
f 1927/1927/1927 1930/1930/1930 1926/1926/1926
f 1931/1931/1931 1903/1903/1903 1929/1929/1929
f 1931/1931/1931 1901/1901/1901 1903/1903/1903
f 1932/1932/1932 1929/1929/1929 1925/1925/1925
f 1930/1930/1930 1932/1932/1932 1925/1925/1925
f 1932/1932/1932 1931/1931/1931 1929/1929/1929
f 1930/1930/1930 1927/1927/1927 1933/1933/1933
f 1932/1932/1932 1930/1930/1930 1933/1933/1933
f 1901/1901/1901 1931/1931/1931 1934/1934/1934
f 1931/1931/1931 1932/1932/1932 1934/1934/1934
f 1935/1935/1935 1927/1927/1927 1928/1928/1928
f 1927/1927/1927 1935/1935/1935 1933/1933/1933
f 1936/1936/1936 1932/1932/1932 1933/1933/1933
f 1932/1932/1932 1936/1936/1936 1934/1934/1934
f 1937/1937/1937 1933/1933/1933 1935/1935/1935
f 1933/1933/1933 1937/1937/1937 1936/1936/1936
f 1938/1938/1938 1935/1935/1935 1928/1928/1928
f 1938/1938/1938 1937/1937/1937 1935/1935/1935
f 1939/1939/1939 1901/1901/1901 1934/1934/1934
f 1940/1940/1940 1939/1939/1939 1934/1934/1934
f 1901/1901/1901 1939/1939/1939 1899/1899/1899
f 1899/1899/1899 1939/1939/1939 1940/1940/1940
f 1941/1941/1941 1934/1934/1934 1936/1936/1936
f 1941/1941/1941 1940/1940/1940 1934/1934/1934
f 1937/1937/1937 1942/1942/1942 1936/1936/1936
f 1942/1942/1942 1941/1941/1941 1936/1936/1936
f 1943/1943/1943 1938/1938/1938 1928/1928/1928
f 1943/1943/1943 1928/1928/1928 1921/1921/1921
f 1944/1944/1944 1899/1899/1899 1940/1940/1940
f 1944/1944/1944 1940/1940/1940 1945/1945/1945
f 1944/1944/1944 1908/1908/1908 1899/1899/1899
f 1908/1908/1908 1944/1944/1944 1945/1945/1945
f 1940/1940/1940 1941/1941/1941 1946/1946/1946
f 1941/1941/1941 1942/1942/1942 1946/1946/1946
f 1942/1942/1942 1937/1937/1937 1947/1947/1947
f 1937/1937/1937 1938/1938/1938 1947/1947/1947
f 1948/1948/1948 1943/1943/1943 1921/1921/1921
f 1948/1948/1948 1921/1921/1921 1917/1917/1917
f 1949/1949/1949 1908/1908/1908 1945/1945/1945
f 1907/1907/1907 1908/1908/1908 1949/1949/1949
f 1950/1950/1950 1940/1940/1940 1946/1946/1946
f 1940/1940/1940 1950/1950/1950 1945/1945/1945
f 1951/1951/1951 1950/1950/1950 1946/1946/1946
f 1945/1945/1945 1950/1950/1950 1951/1951/1951
f 1942/1942/1942 1952/1952/1952 1946/1946/1946
f 1952/1952/1952 1942/1942/1942 1947/1947/1947
f 1953/1953/1953 1946/1946/1946 1952/1952/1952
f 1953/1953/1953 1951/1951/1951 1946/1946/1946
f 1954/1954/1954 1953/1953/1953 1952/1952/1952
f 1954/1954/1954 1952/1952/1952 1947/1947/1947
f 1955/1955/1955 1948/1948/1948 1917/1917/1917
f 1948/1948/1948 1955/1955/1955 1956/1956/1956
f 1955/1955/1955 1917/1917/1917 1913/1913/1913
f 1955/1955/1955 1913/1913/1913 1956/1956/1956
f 1951/1951/1951 1953/1953/1953 1957/1957/1957
f 1953/1953/1953 1954/1954/1954 1957/1957/1957
f 1958/1958/1958 1948/1948/1948 1956/1956/1956
f 1943/1943/1943 1948/1948/1948 1958/1958/1958
f 1913/1913/1913 1959/1959/1959 1956/1956/1956
f 1956/1956/1956 1959/1959/1959 1960/1960/1960
f 1959/1959/1959 1913/1913/1913 1914/1914/1914
f 1960/1960/1960 1959/1959/1959 1914/1914/1914
f 1961/1961/1961 1943/1943/1943 1958/1958/1958
f 1938/1938/1938 1943/1943/1943 1961/1961/1961
f 1962/1962/1962 1960/1960/1960 1914/1914/1914
f 1962/1962/1962 1914/1914/1914 1915/1915/1915
f 1963/1963/1963 1938/1938/1938 1961/1961/1961
f 1938/1938/1938 1963/1963/1963 1947/1947/1947
f 1964/1964/1964 1947/1947/1947 1963/1963/1963
f 1964/1964/1964 1954/1954/1954 1947/1947/1947
f 1965/1965/1965 1963/1963/1963 1961/1961/1961
f 1965/1965/1965 1964/1964/1964 1963/1963/1963
f 1966/1966/1966 1961/1961/1961 1958/1958/1958
f 1966/1966/1966 1965/1965/1965 1961/1961/1961
f 1954/1954/1954 1964/1964/1964 1967/1967/1967
f 1964/1964/1964 1965/1965/1965 1967/1967/1967
f 1968/1968/1968 1966/1966/1966 1958/1958/1958
f 1968/1968/1968 1958/1958/1958 1956/1956/1956
f 1969/1969/1969 1956/1956/1956 1960/1960/1960
f 1969/1969/1969 1968/1968/1968 1956/1956/1956
f 1968/1968/1968 1969/1969/1969 1970/1970/1970
f 1969/1969/1969 1960/1960/1960 1970/1970/1970
f 1966/1966/1966 1968/1968/1968 1971/1971/1971
f 1971/1971/1971 1968/1968/1968 1970/1970/1970
f 1965/1965/1965 1966/1966/1966 1972/1972/1972
f 1972/1972/1972 1966/1966/1966 1971/1971/1971
f 1973/1973/1973 1954/1954/1954 1967/1967/1967
f 1954/1954/1954 1973/1973/1973 1957/1957/1957
f 1965/1965/1965 1974/1974/1974 1967/1967/1967
f 1974/1974/1974 1965/1965/1965 1972/1972/1972
f 1975/1975/1975 1967/1967/1967 1974/1974/1974
f 1967/1967/1967 1975/1975/1975 1973/1973/1973
f 1976/1976/1976 1974/1974/1974 1972/1972/1972
f 1976/1976/1976 1975/1975/1975 1974/1974/1974
f 1977/1977/1977 1972/1972/1972 1971/1971/1971
f 1977/1977/1977 1976/1976/1976 1972/1972/1972
f 1978/1978/1978 1971/1971/1971 1970/1970/1970
f 1978/1978/1978 1977/1977/1977 1971/1971/1971
f 1975/1975/1975 1979/1979/1979 1973/1973/1973
f 1980/1980/1980 1957/1957/1957 1973/1973/1973
f 1979/1979/1979 1980/1980/1980 1973/1973/1973
f 1980/1980/1980 1981/1981/1981 1957/1957/1957
f 1975/1975/1975 1976/1976/1976 1982/1982/1982
f 1979/1979/1979 1975/1975/1975 1982/1982/1982
f 1980/1980/1980 1979/1979/1979 1983/1983/1983
f 1981/1981/1981 1980/1980/1980 1983/1983/1983
f 1981/1981/1981 1984/1984/1984 1957/1957/1957
f 1985/1985/1985 1984/1984/1984 1981/1981/1981
f 1984/1984/1984 1951/1951/1951 1957/1957/1957
f 1951/1951/1951 1984/1984/1984 1985/1985/1985
f 1986/1986/1986 1979/1979/1979 1982/1982/1982
f 1979/1979/1979 1986/1986/1986 1983/1983/1983
f 1987/1987/1987 1951/1951/1951 1985/1985/1985
f 1987/1987/1987 1945/1945/1945 1951/1951/1951
f 1987/1987/1987 1988/1988/1988 1945/1945/1945
f 1988/1988/1988 1987/1987/1987 1985/1985/1985
f 1988/1988/1988 1949/1949/1949 1945/1945/1945
f 1988/1988/1988 1989/1989/1989 1949/1949/1949
f 1990/1990/1990 1988/1988/1988 1985/1985/1985
f 1989/1989/1989 1988/1988/1988 1990/1990/1990
f 1989/1989/1989 1991/1991/1991 1949/1949/1949
f 1991/1991/1991 1907/1907/1907 1949/1949/1949
f 1906/1906/1906 1907/1907/1907 1991/1991/1991
f 1992/1992/1992 1906/1906/1906 1991/1991/1991
f 1906/1906/1906 1992/1992/1992 1911/1911/1911
f 1989/1989/1989 1993/1993/1993 1991/1991/1991
f 1993/1993/1993 1992/1992/1992 1991/1991/1991
f 1994/1994/1994 1911/1911/1911 1992/1992/1992
f 1993/1993/1993 1994/1994/1994 1992/1992/1992
f 1911/1911/1911 1994/1994/1994 1915/1915/1915
f 1994/1994/1994 1995/1995/1995 1915/1915/1915
f 1995/1995/1995 1962/1962/1962 1915/1915/1915
f 1996/1996/1996 1989/1989/1989 1990/1990/1990
f 1993/1993/1993 1989/1989/1989 1996/1996/1996
f 1994/1994/1994 1993/1993/1993 1997/1997/1997
f 1995/1995/1995 1994/1994/1994 1997/1997/1997
f 1962/1962/1962 1995/1995/1995 1998/1998/1998
f 1960/1960/1960 1962/1962/1962 1998/1998/1998
f 1999/1999/1999 1993/1993/1993 1996/1996/1996
f 1993/1993/1993 1999/1999/1999 1997/1997/1997
f 2000/2000/2000 1995/1995/1995 1997/1997/1997
f 1995/1995/1995 2000/2000/2000 1998/1998/1998
f 2001/2001/2001 1960/1960/1960 1998/1998/1998
f 2002/2002/2002 2001/2001/2001 1998/1998/1998
f 1960/1960/1960 2001/2001/2001 1970/1970/1970
f 1970/1970/1970 2001/2001/2001 2002/2002/2002
f 2003/2003/2003 1998/1998/1998 2000/2000/2000
f 2003/2003/2003 2002/2002/2002 1998/1998/1998
f 2004/2004/2004 2000/2000/2000 1997/1997/1997
f 2004/2004/2004 2003/2003/2003 2000/2000/2000
f 2005/2005/2005 1997/1997/1997 1999/1999/1999
f 2005/2005/2005 2004/2004/2004 1997/1997/1997
f 2006/2006/2006 1999/1999/1999 1996/1996/1996
f 2006/2006/2006 2005/2005/2005 1999/1999/1999
f 2007/2007/2007 1970/1970/1970 2002/2002/2002
f 2007/2007/2007 2002/2002/2002 2008/2008/2008
f 2007/2007/2007 1978/1978/1978 1970/1970/1970
f 1978/1978/1978 2007/2007/2007 2008/2008/2008
f 2002/2002/2002 2003/2003/2003 2009/2009/2009
f 2003/2003/2003 2004/2004/2004 2009/2009/2009
f 2004/2004/2004 2005/2005/2005 2010/2010/2010
f 2005/2005/2005 2006/2006/2006 2010/2010/2010
f 2011/2011/2011 2006/2006/2006 1996/1996/1996
f 2011/2011/2011 1996/1996/1996 1990/1990/1990
f 2012/2012/2012 1978/1978/1978 2008/2008/2008
f 1977/1977/1977 1978/1978/1978 2012/2012/2012
f 2013/2013/2013 2002/2002/2002 2009/2009/2009
f 2002/2002/2002 2013/2013/2013 2008/2008/2008
f 2014/2014/2014 2013/2013/2013 2009/2009/2009
f 2008/2008/2008 2013/2013/2013 2014/2014/2014
f 2004/2004/2004 2015/2015/2015 2009/2009/2009
f 2015/2015/2015 2004/2004/2004 2010/2010/2010
f 2016/2016/2016 2011/2011/2011 1990/1990/1990
f 2016/2016/2016 1990/1990/1990 1985/1985/1985
f 2017/2017/2017 1977/1977/1977 2012/2012/2012
f 1976/1976/1976 1977/1977/1977 2017/2017/2017
f 2018/2018/2018 2014/2014/2014 2009/2009/2009
f 2018/2018/2018 2009/2009/2009 2015/2015/2015
f 2019/2019/2019 2016/2016/2016 1985/1985/1985
f 2016/2016/2016 2019/2019/2019 2020/2020/2020
f 2019/2019/2019 1985/1985/1985 1981/1981/1981
f 2019/2019/2019 1981/1981/1981 2020/2020/2020
f 2011/2011/2011 2016/2016/2016 2021/2021/2021
f 2021/2021/2021 2016/2016/2016 2020/2020/2020
f 2022/2022/2022 1976/1976/1976 2017/2017/2017
f 1976/1976/1976 2022/2022/2022 1982/1982/1982
f 1981/1981/1981 2023/2023/2023 2020/2020/2020
f 2020/2020/2020 2023/2023/2023 2024/2024/2024
f 2023/2023/2023 1981/1981/1981 1983/1983/1983
f 2024/2024/2024 2023/2023/2023 1983/1983/1983
f 2025/2025/2025 2011/2011/2011 2021/2021/2021
f 2006/2006/2006 2011/2011/2011 2025/2025/2025
f 2026/2026/2026 2024/2024/2024 1983/1983/1983
f 2026/2026/2026 1983/1983/1983 1986/1986/1986
f 2027/2027/2027 1986/1986/1986 1982/1982/1982
f 2027/2027/2027 2026/2026/2026 1986/1986/1986
f 2028/2028/2028 1982/1982/1982 2022/2022/2022
f 2028/2028/2028 2027/2027/2027 1982/1982/1982
f 2029/2029/2029 2028/2028/2028 2022/2022/2022
f 2029/2029/2029 2022/2022/2022 2017/2017/2017
f 2030/2030/2030 2006/2006/2006 2025/2025/2025
f 2006/2006/2006 2030/2030/2030 2010/2010/2010
f 2031/2031/2031 2010/2010/2010 2030/2030/2030
f 2010/2010/2010 2031/2031/2031 2015/2015/2015
f 2032/2032/2032 2030/2030/2030 2025/2025/2025
f 2032/2032/2032 2031/2031/2031 2030/2030/2030
f 2031/2031/2031 2033/2033/2033 2015/2015/2015
f 2033/2033/2033 2018/2018/2018 2015/2015/2015
f 2026/2026/2026 2027/2027/2027 2034/2034/2034
f 2024/2024/2024 2026/2026/2026 2034/2034/2034
f 2035/2035/2035 2029/2029/2029 2017/2017/2017
f 2035/2035/2035 2017/2017/2017 2012/2012/2012
f 2036/2036/2036 2032/2032/2032 2025/2025/2025
f 2036/2036/2036 2025/2025/2025 2021/2021/2021
f 2033/2033/2033 2031/2031/2031 2037/2037/2037
f 2031/2031/2031 2032/2032/2032 2037/2037/2037
f 2018/2018/2018 2033/2033/2033 2038/2038/2038
f 2014/2014/2014 2018/2018/2018 2038/2038/2038
f 2039/2039/2039 2035/2035/2035 2012/2012/2012
f 2039/2039/2039 2012/2012/2012 2008/2008/2008
f 2040/2040/2040 2036/2036/2036 2021/2021/2021
f 2040/2040/2040 2021/2021/2021 2020/2020/2020
f 2041/2041/2041 2033/2033/2033 2037/2037/2037
f 2033/2033/2033 2041/2041/2041 2038/2038/2038
f 2042/2042/2042 2008/2008/2008 2014/2014/2014
f 2042/2042/2042 2039/2039/2039 2008/2008/2008
f 2042/2042/2042 2014/2014/2014 2043/2043/2043
f 2039/2039/2039 2042/2042/2042 2043/2043/2043
f 2035/2035/2035 2039/2039/2039 2044/2044/2044
f 2044/2044/2044 2039/2039/2039 2043/2043/2043
f 2045/2045/2045 2040/2040/2040 2020/2020/2020
f 2040/2040/2040 2045/2045/2045 2046/2046/2046
f 2045/2045/2045 2020/2020/2020 2024/2024/2024
f 2045/2045/2045 2024/2024/2024 2046/2046/2046
f 2047/2047/2047 2014/2014/2014 2038/2038/2038
f 2014/2014/2014 2047/2047/2047 2043/2043/2043
f 2048/2048/2048 2047/2047/2047 2038/2038/2038
f 2043/2043/2043 2047/2047/2047 2048/2048/2048
f 2049/2049/2049 2035/2035/2035 2044/2044/2044
f 2029/2029/2029 2035/2035/2035 2049/2049/2049
f 2050/2050/2050 2040/2040/2040 2046/2046/2046
f 2036/2036/2036 2040/2040/2040 2050/2050/2050
f 2024/2024/2024 2051/2051/2051 2046/2046/2046
f 2046/2046/2046 2051/2051/2051 2052/2052/2052
f 2051/2051/2051 2024/2024/2024 2034/2034/2034
f 2052/2052/2052 2051/2051/2051 2034/2034/2034
f 2053/2053/2053 2048/2048/2048 2038/2038/2038
f 2053/2053/2053 2038/2038/2038 2041/2041/2041
f 2054/2054/2054 2053/2053/2053 2041/2041/2041
f 2054/2054/2054 2041/2041/2041 2037/2037/2037
f 2055/2055/2055 2036/2036/2036 2050/2050/2050
f 2032/2032/2032 2036/2036/2036 2055/2055/2055
f 2032/2032/2032 2056/2056/2056 2037/2037/2037
f 2056/2056/2056 2032/2032/2032 2055/2055/2055
f 2057/2057/2057 2037/2037/2037 2056/2056/2056
f 2057/2057/2057 2054/2054/2054 2037/2037/2037
f 2058/2058/2058 2056/2056/2056 2055/2055/2055
f 2058/2058/2058 2057/2057/2057 2056/2056/2056
f 2059/2059/2059 2055/2055/2055 2050/2050/2050
f 2059/2059/2059 2058/2058/2058 2055/2055/2055
f 2048/2048/2048 2053/2053/2053 2060/2060/2060
f 2053/2053/2053 2054/2054/2054 2060/2060/2060
f 2054/2054/2054 2057/2057/2057 2061/2061/2061
f 2057/2057/2057 2058/2058/2058 2061/2061/2061
f 2062/2062/2062 2059/2059/2059 2050/2050/2050
f 2062/2062/2062 2050/2050/2050 2046/2046/2046
f 2054/2054/2054 2063/2063/2063 2060/2060/2060
f 2063/2063/2063 2054/2054/2054 2061/2061/2061
f 2064/2064/2064 2062/2062/2062 2046/2046/2046
f 2062/2062/2062 2064/2064/2064 2065/2065/2065
f 2064/2064/2064 2046/2046/2046 2052/2052/2052
f 2064/2064/2064 2052/2052/2052 2065/2065/2065
f 2059/2059/2059 2062/2062/2062 2066/2066/2066
f 2066/2066/2066 2062/2062/2062 2065/2065/2065
f 2058/2058/2058 2059/2059/2059 2067/2067/2067
f 2067/2067/2067 2059/2059/2059 2066/2066/2066
f 2058/2058/2058 2068/2068/2068 2061/2061/2061
f 2068/2068/2068 2058/2058/2058 2067/2067/2067
f 2069/2069/2069 2061/2061/2061 2068/2068/2068
f 2061/2061/2061 2069/2069/2069 2063/2063/2063
f 2070/2070/2070 2068/2068/2068 2067/2067/2067
f 2070/2070/2070 2069/2069/2069 2068/2068/2068
f 2071/2071/2071 2067/2067/2067 2066/2066/2066
f 2071/2071/2071 2070/2070/2070 2067/2067/2067
f 2072/2072/2072 2066/2066/2066 2065/2065/2065
f 2072/2072/2072 2071/2071/2071 2066/2066/2066
f 2069/2069/2069 2073/2073/2073 2063/2063/2063
f 2069/2069/2069 2070/2070/2070 2074/2074/2074
f 2073/2073/2073 2069/2069/2069 2074/2074/2074
f 2073/2073/2073 2075/2075/2075 2063/2063/2063
f 2075/2075/2075 2060/2060/2060 2063/2063/2063
f 2075/2075/2075 2076/2076/2076 2060/2060/2060
f 2075/2075/2075 2073/2073/2073 2077/2077/2077
f 2076/2076/2076 2075/2075/2075 2077/2077/2077
f 2078/2078/2078 2073/2073/2073 2074/2074/2074
f 2073/2073/2073 2078/2078/2078 2077/2077/2077
f 2076/2076/2076 2079/2079/2079 2060/2060/2060
f 2080/2080/2080 2079/2079/2079 2076/2076/2076
f 2079/2079/2079 2048/2048/2048 2060/2060/2060
f 2048/2048/2048 2079/2079/2079 2080/2080/2080
f 2081/2081/2081 2048/2048/2048 2080/2080/2080
f 2081/2081/2081 2043/2043/2043 2048/2048/2048
f 2081/2081/2081 2082/2082/2082 2043/2043/2043
f 2082/2082/2082 2081/2081/2081 2080/2080/2080
f 2082/2082/2082 2044/2044/2044 2043/2043/2043
f 2082/2082/2082 2083/2083/2083 2044/2044/2044
f 2083/2083/2083 2049/2049/2049 2044/2044/2044
f 2084/2084/2084 2082/2082/2082 2080/2080/2080
f 2083/2083/2083 2082/2082/2082 2084/2084/2084
f 2083/2083/2083 2085/2085/2085 2049/2049/2049
f 2086/2086/2086 2083/2083/2083 2084/2084/2084
f 2085/2085/2085 2083/2083/2083 2086/2086/2086
f 2085/2085/2085 2087/2087/2087 2049/2049/2049
f 2087/2087/2087 2029/2029/2029 2049/2049/2049
f 2029/2029/2029 2087/2087/2087 2088/2088/2088
f 2028/2028/2028 2029/2029/2029 2088/2088/2088
f 2027/2027/2027 2028/2028/2028 2088/2088/2088
f 2089/2089/2089 2088/2088/2088 2087/2087/2087
f 2085/2085/2085 2089/2089/2089 2087/2087/2087
f 2090/2090/2090 2027/2027/2027 2088/2088/2088
f 2088/2088/2088 2089/2089/2089 2090/2090/2090
f 2027/2027/2027 2090/2090/2090 2034/2034/2034
f 2091/2091/2091 2034/2034/2034 2090/2090/2090
f 2091/2091/2091 2052/2052/2052 2034/2034/2034
f 2089/2089/2089 2092/2092/2092 2090/2090/2090
f 2092/2092/2092 2091/2091/2091 2090/2090/2090
f 2089/2089/2089 2085/2085/2085 2093/2093/2093
f 2092/2092/2092 2089/2089/2089 2093/2093/2093
f 2052/2052/2052 2091/2091/2091 2094/2094/2094
f 2091/2091/2091 2092/2092/2092 2094/2094/2094
f 2085/2085/2085 2095/2095/2095 2093/2093/2093
f 2095/2095/2095 2085/2085/2085 2086/2086/2086
f 2096/2096/2096 2052/2052/2052 2094/2094/2094
f 2097/2097/2097 2096/2096/2096 2094/2094/2094
f 2052/2052/2052 2096/2096/2096 2065/2065/2065
f 2065/2065/2065 2096/2096/2096 2097/2097/2097
f 2092/2092/2092 2098/2098/2098 2094/2094/2094
f 2098/2098/2098 2092/2092/2092 2093/2093/2093
f 2099/2099/2099 2094/2094/2094 2098/2098/2098
f 2099/2099/2099 2097/2097/2097 2094/2094/2094
f 2100/2100/2100 2098/2098/2098 2093/2093/2093
f 2100/2100/2100 2099/2099/2099 2098/2098/2098
f 2101/2101/2101 2093/2093/2093 2095/2095/2095
f 2101/2101/2101 2100/2100/2100 2093/2093/2093
f 2102/2102/2102 2095/2095/2095 2086/2086/2086
f 2102/2102/2102 2101/2101/2101 2095/2095/2095
f 2103/2103/2103 2065/2065/2065 2097/2097/2097
f 2103/2103/2103 2097/2097/2097 2104/2104/2104
f 2103/2103/2103 2072/2072/2072 2065/2065/2065
f 2072/2072/2072 2103/2103/2103 2104/2104/2104
f 2097/2097/2097 2099/2099/2099 2105/2105/2105
f 2099/2099/2099 2100/2100/2100 2105/2105/2105
f 2100/2100/2100 2101/2101/2101 2106/2106/2106
f 2101/2101/2101 2102/2102/2102 2106/2106/2106
f 2107/2107/2107 2102/2102/2102 2086/2086/2086
f 2107/2107/2107 2086/2086/2086 2084/2084/2084
f 2108/2108/2108 2072/2072/2072 2104/2104/2104
f 2071/2071/2071 2072/2072/2072 2108/2108/2108
f 2109/2109/2109 2097/2097/2097 2105/2105/2105
f 2097/2097/2097 2109/2109/2109 2104/2104/2104
f 2110/2110/2110 2109/2109/2109 2105/2105/2105
f 2104/2104/2104 2109/2109/2109 2110/2110/2110
f 2100/2100/2100 2111/2111/2111 2105/2105/2105
f 2111/2111/2111 2100/2100/2100 2106/2106/2106
f 2112/2112/2112 2107/2107/2107 2084/2084/2084
f 2112/2112/2112 2084/2084/2084 2080/2080/2080
f 2113/2113/2113 2071/2071/2071 2108/2108/2108
f 2070/2070/2070 2071/2071/2071 2113/2113/2113
f 2114/2114/2114 2110/2110/2110 2105/2105/2105
f 2114/2114/2114 2105/2105/2105 2111/2111/2111
f 2115/2115/2115 2112/2112/2112 2080/2080/2080
f 2112/2112/2112 2115/2115/2115 2116/2116/2116
f 2115/2115/2115 2080/2080/2080 2076/2076/2076
f 2115/2115/2115 2076/2076/2076 2116/2116/2116
f 2107/2107/2107 2112/2112/2112 2117/2117/2117
f 2117/2117/2117 2112/2112/2112 2116/2116/2116
f 2118/2118/2118 2070/2070/2070 2113/2113/2113
f 2119/2119/2119 2118/2118/2118 2113/2113/2113
f 2070/2070/2070 2118/2118/2118 2074/2074/2074
f 2120/2120/2120 2074/2074/2074 2118/2118/2118
f 2119/2119/2119 2120/2120/2120 2118/2118/2118
f 2076/2076/2076 2121/2121/2121 2116/2116/2116
f 2116/2116/2116 2121/2121/2121 2122/2122/2122
f 2122/2122/2122 2121/2121/2121 2077/2077/2077
f 2121/2121/2121 2076/2076/2076 2077/2077/2077
f 2123/2123/2123 2107/2107/2107 2117/2117/2117
f 2102/2102/2102 2107/2107/2107 2123/2123/2123
f 2124/2124/2124 2119/2119/2119 2113/2113/2113
f 2124/2124/2124 2113/2113/2113 2108/2108/2108
f 2120/2120/2120 2125/2125/2125 2074/2074/2074
f 2125/2125/2125 2078/2078/2078 2074/2074/2074
f 2126/2126/2126 2077/2077/2077 2078/2078/2078
f 2125/2125/2125 2126/2126/2126 2078/2078/2078
f 2126/2126/2126 2122/2122/2122 2077/2077/2077
f 2127/2127/2127 2102/2102/2102 2123/2123/2123
f 2102/2102/2102 2127/2127/2127 2106/2106/2106
f 2128/2128/2128 2106/2106/2106 2127/2127/2127
f 2106/2106/2106 2128/2128/2128 2111/2111/2111
f 2129/2129/2129 2127/2127/2127 2123/2123/2123
f 2129/2129/2129 2128/2128/2128 2127/2127/2127
f 2126/2126/2126 2125/2125/2125 2130/2130/2130
f 2122/2122/2122 2126/2126/2126 2130/2130/2130
f 2128/2128/2128 2131/2131/2131 2111/2111/2111
f 2131/2131/2131 2114/2114/2114 2111/2111/2111
f 2132/2132/2132 2129/2129/2129 2123/2123/2123
f 2132/2132/2132 2123/2123/2123 2117/2117/2117
f 2133/2133/2133 2132/2132/2132 2117/2117/2117
f 2133/2133/2133 2117/2117/2117 2116/2116/2116
f 2134/2134/2134 2116/2116/2116 2122/2122/2122
f 2134/2134/2134 2133/2133/2133 2116/2116/2116
f 2131/2131/2131 2128/2128/2128 2135/2135/2135
f 2114/2114/2114 2131/2131/2131 2136/2136/2136
f 2131/2131/2131 2135/2135/2135 2136/2136/2136
f 2114/2114/2114 2136/2136/2136 2137/2137/2137
f 2110/2110/2110 2114/2114/2114 2137/2137/2137
f 2128/2128/2128 2129/2129/2129 2138/2138/2138
f 2128/2128/2128 2138/2138/2138 2135/2135/2135
f 2136/2136/2136 2135/2135/2135 2139/2139/2139
f 2136/2136/2136 2139/2139/2139 2137/2137/2137
f 2140/2140/2140 2135/2135/2135 2138/2138/2138
f 2135/2135/2135 2140/2140/2140 2139/2139/2139
f 2133/2133/2133 2134/2134/2134 2141/2141/2141
f 2134/2134/2134 2122/2122/2122 2142/2142/2142
f 2134/2134/2134 2142/2142/2142 2141/2141/2141
f 2133/2133/2133 2141/2141/2141 2143/2143/2143
f 2132/2132/2132 2133/2133/2133 2143/2143/2143
f 2129/2129/2129 2132/2132/2132 2144/2144/2144
f 2132/2132/2132 2143/2143/2143 2144/2144/2144
f 2145/2145/2145 2144/2144/2144 2143/2143/2143
f 2129/2129/2129 2144/2144/2144 2146/2146/2146
f 2129/2129/2129 2146/2146/2146 2138/2138/2138
f 2144/2144/2144 2145/2145/2145 2147/2147/2147
f 2144/2144/2144 2147/2147/2147 2146/2146/2146
f 2141/2141/2141 2148/2148/2148 2143/2143/2143
f 2142/2142/2142 2149/2149/2149 2141/2141/2141
f 2149/2149/2149 2148/2148/2148 2141/2141/2141
f 2150/2150/2150 2145/2145/2145 2143/2143/2143
f 2148/2148/2148 2150/2150/2150 2143/2143/2143
f 2150/2150/2150 2148/2148/2148 2151/2151/2151
f 2150/2150/2150 2151/2151/2151 2145/2145/2145
f 2148/2148/2148 2149/2149/2149 2152/2152/2152
f 2148/2148/2148 2152/2152/2152 2151/2151/2151
f 2146/2146/2146 2153/2153/2153 2138/2138/2138
f 2147/2147/2147 2154/2154/2154 2146/2146/2146
f 2154/2154/2154 2153/2153/2153 2146/2146/2146
f 2145/2145/2145 2155/2155/2155 2147/2147/2147
f 2147/2147/2147 2155/2155/2155 2154/2154/2154
f 2155/2155/2155 2156/2156/2156 2154/2154/2154
f 2153/2153/2153 2157/2157/2157 2138/2138/2138
f 2157/2157/2157 2140/2140/2140 2138/2138/2138
f 2153/2153/2153 2154/2154/2154 2158/2158/2158
f 2154/2154/2154 2156/2156/2156 2158/2158/2158
f 2155/2155/2155 2145/2145/2145 2159/2159/2159
f 2151/2151/2151 2160/2160/2160 2145/2145/2145
f 2145/2145/2145 2160/2160/2160 2159/2159/2159
f 2161/2161/2161 2160/2160/2160 2151/2151/2151
f 2160/2160/2160 2161/2161/2161 2159/2159/2159
f 2156/2156/2156 2155/2155/2155 2162/2162/2162
f 2155/2155/2155 2159/2159/2159 2162/2162/2162
f 2140/2140/2140 2157/2157/2157 2163/2163/2163
f 2157/2157/2157 2153/2153/2153 2164/2164/2164
f 2157/2157/2157 2164/2164/2164 2163/2163/2163
f 2140/2140/2140 2163/2163/2163 2165/2165/2165
f 2139/2139/2139 2140/2140/2140 2165/2165/2165
f 2153/2153/2153 2166/2166/2166 2164/2164/2164
f 2166/2166/2166 2167/2167/2167 2164/2164/2164
f 2166/2166/2166 2153/2153/2153 2158/2158/2158
f 2168/2168/2168 2163/2163/2163 2164/2164/2164
f 2163/2163/2163 2168/2168/2168 2165/2165/2165
f 2158/2158/2158 2169/2169/2169 2166/2166/2166
f 2169/2169/2169 2167/2167/2167 2166/2166/2166
f 2156/2156/2156 2170/2170/2170 2158/2158/2158
f 2169/2169/2169 2158/2158/2158 2170/2170/2170
f 2167/2167/2167 2171/2171/2171 2164/2164/2164
f 2171/2171/2171 2168/2168/2168 2164/2164/2164
f 2171/2171/2171 2167/2167/2167 2172/2172/2172
f 2168/2168/2168 2171/2171/2171 2172/2172/2172
f 2139/2139/2139 2165/2165/2165 2173/2173/2173
f 2168/2168/2168 2174/2174/2174 2165/2165/2165
f 2165/2165/2165 2174/2174/2174 2173/2173/2173
f 2174/2174/2174 2175/2175/2175 2173/2173/2173
f 2173/2173/2173 2175/2175/2175 2176/2176/2176
f 2177/2177/2177 2139/2139/2139 2173/2173/2173
f 2177/2177/2177 2173/2173/2173 2176/2176/2176
f 2139/2139/2139 2177/2177/2177 2137/2137/2137
f 2174/2174/2174 2168/2168/2168 2178/2178/2178
f 2178/2178/2178 2168/2168/2168 2172/2172/2172
f 2137/2137/2137 2177/2177/2177 2179/2179/2179
f 2110/2110/2110 2137/2137/2137 2179/2179/2179
f 2180/2180/2180 2174/2174/2174 2178/2178/2178
f 2175/2175/2175 2174/2174/2174 2180/2180/2180
f 2181/2181/2181 2177/2177/2177 2176/2176/2176
f 2177/2177/2177 2181/2181/2181 2179/2179/2179
f 2181/2181/2181 2182/2182/2182 2179/2179/2179
f 2182/2182/2182 2181/2181/2181 2183/2183/2183
f 2181/2181/2181 2176/2176/2176 2183/2183/2183
f 2184/2184/2184 2178/2178/2178 2172/2172/2172
f 2180/2180/2180 2178/2178/2178 2184/2184/2184
f 2185/2185/2185 2183/2183/2183 2176/2176/2176
f 2175/2175/2175 2186/2186/2186 2176/2176/2176
f 2186/2186/2186 2185/2185/2185 2176/2176/2176
f 2182/2182/2182 2183/2183/2183 2187/2187/2187
f 2183/2183/2183 2185/2185/2185 2187/2187/2187
f 2184/2184/2184 2172/2172/2172 2188/2188/2188
f 2189/2189/2189 2180/2180/2180 2184/2184/2184
f 2189/2189/2189 2184/2184/2184 2188/2188/2188
f 2190/2190/2190 2175/2175/2175 2180/2180/2180
f 2190/2190/2190 2180/2180/2180 2189/2189/2189
f 2190/2190/2190 2191/2191/2191 2175/2175/2175
f 2172/2172/2172 2192/2192/2192 2188/2188/2188
f 2167/2167/2167 2192/2192/2192 2172/2172/2172
f 2193/2193/2193 2190/2190/2190 2189/2189/2189
f 2190/2190/2190 2193/2193/2193 2191/2191/2191
f 2186/2186/2186 2175/2175/2175 2194/2194/2194
f 2185/2185/2185 2186/2186/2186 2195/2195/2195
f 2186/2186/2186 2194/2194/2194 2195/2195/2195
f 2191/2191/2191 2196/2196/2196 2175/2175/2175
f 2175/2175/2175 2196/2196/2196 2194/2194/2194
f 2197/2197/2197 2196/2196/2196 2191/2191/2191
f 2196/2196/2196 2197/2197/2197 2194/2194/2194
f 2185/2185/2185 2195/2195/2195 2198/2198/2198
f 2199/2199/2199 2195/2195/2195 2194/2194/2194
f 2195/2195/2195 2199/2199/2199 2198/2198/2198
f 2197/2197/2197 2200/2200/2200 2194/2194/2194
f 2200/2200/2200 2199/2199/2199 2194/2194/2194
f 2201/2201/2201 2185/2185/2185 2198/2198/2198
f 2185/2185/2185 2201/2201/2201 2187/2187/2187
f 2193/2193/2193 2189/2189/2189 2202/2202/2202
f 2202/2202/2202 2189/2189/2189 2203/2203/2203
f 2203/2203/2203 2189/2189/2189 2188/2188/2188
f 2203/2203/2203 2188/2188/2188 2204/2204/2204
f 2205/2205/2205 2202/2202/2202 2203/2203/2203
f 2204/2204/2204 2205/2205/2205 2203/2203/2203
f 2188/2188/2188 2206/2206/2206 2204/2204/2204
f 2192/2192/2192 2206/2206/2206 2188/2188/2188
f 2199/2199/2199 2207/2207/2207 2198/2198/2198
f 2201/2201/2201 2198/2198/2198 2208/2208/2208
f 2198/2198/2198 2207/2207/2207 2208/2208/2208
f 2187/2187/2187 2201/2201/2201 2209/2209/2209
f 2210/2210/2210 2201/2201/2201 2208/2208/2208
f 2201/2201/2201 2210/2210/2210 2209/2209/2209
f 2210/2210/2210 2208/2208/2208 2211/2211/2211
f 2207/2207/2207 2212/2212/2212 2208/2208/2208
f 2208/2208/2208 2212/2212/2212 2211/2211/2211
f 2213/2213/2213 2187/2187/2187 2209/2209/2209
f 2213/2213/2213 2182/2182/2182 2187/2187/2187
f 2213/2213/2213 2214/2214/2214 2182/2182/2182
f 2215/2215/2215 2213/2213/2213 2209/2209/2209
f 2213/2213/2213 2215/2215/2215 2214/2214/2214
f 2209/2209/2209 2210/2210/2210 2216/2216/2216
f 2215/2215/2215 2209/2209/2209 2216/2216/2216
f 2217/2217/2217 2210/2210/2210 2211/2211/2211
f 2210/2210/2210 2217/2217/2217 2216/2216/2216
f 2217/2217/2217 2211/2211/2211 2218/2218/2218
f 2217/2217/2217 2218/2218/2218 2216/2216/2216
f 2219/2219/2219 2215/2215/2215 2216/2216/2216
f 2215/2215/2215 2220/2220/2220 2214/2214/2214
f 2215/2215/2215 2219/2219/2219 2220/2220/2220
f 2218/2218/2218 2221/2221/2221 2216/2216/2216
f 2219/2219/2219 2216/2216/2216 2221/2221/2221
f 2219/2219/2219 2222/2222/2222 2220/2220/2220
f 2223/2223/2223 2219/2219/2219 2221/2221/2221
f 2219/2219/2219 2223/2223/2223 2222/2222/2222
f 2220/2220/2220 2224/2224/2224 2214/2214/2214
f 2222/2222/2222 2225/2225/2225 2220/2220/2220
f 2225/2225/2225 2224/2224/2224 2220/2220/2220
f 2218/2218/2218 2226/2226/2226 2221/2221/2221
f 2223/2223/2223 2221/2221/2221 2227/2227/2227
f 2226/2226/2226 2227/2227/2227 2221/2221/2221
f 2211/2211/2211 2228/2228/2228 2218/2218/2218
f 2229/2229/2229 2228/2228/2228 2211/2211/2211
f 2218/2218/2218 2228/2228/2228 2230/2230/2230
f 2226/2226/2226 2218/2218/2218 2230/2230/2230
f 2228/2228/2228 2229/2229/2229 2230/2230/2230
f 2231/2231/2231 2229/2229/2229 2211/2211/2211
f 2231/2231/2231 2232/2232/2232 2229/2229/2229
f 2212/2212/2212 2231/2231/2231 2211/2211/2211
f 2231/2231/2231 2212/2212/2212 2232/2232/2232
f 2212/2212/2212 2233/2233/2233 2232/2232/2232
f 2212/2212/2212 2207/2207/2207 2233/2233/2233
f 2207/2207/2207 2234/2234/2234 2233/2233/2233
f 2207/2207/2207 2199/2199/2199 2234/2234/2234
f 2199/2199/2199 2235/2235/2235 2234/2234/2234
f 2199/2199/2199 2200/2200/2200 2235/2235/2235
f 2200/2200/2200 2236/2236/2236 2235/2235/2235
f 2200/2200/2200 2197/2197/2197 2236/2236/2236
f 2235/2235/2235 2237/2237/2237 2234/2234/2234
f 2237/2237/2237 2235/2235/2235 2236/2236/2236
f 2234/2234/2234 2238/2238/2238 2233/2233/2233
f 2237/2237/2237 2238/2238/2238 2234/2234/2234
f 2233/2233/2233 2239/2239/2239 2232/2232/2232
f 2238/2238/2238 2239/2239/2239 2233/2233/2233
f 2238/2238/2238 2237/2237/2237 2240/2240/2240
f 2241/2241/2241 2237/2237/2237 2236/2236/2236
f 2237/2237/2237 2241/2241/2241 2240/2240/2240
f 2238/2238/2238 2240/2240/2240 2242/2242/2242
f 2239/2239/2239 2238/2238/2238 2242/2242/2242
f 2239/2239/2239 2242/2242/2242 2243/2243/2243
f 2240/2240/2240 2241/2241/2241 2244/2244/2244
f 2240/2240/2240 2244/2244/2244 2242/2242/2242
f 2245/2245/2245 2241/2241/2241 2236/2236/2236
f 2241/2241/2241 2245/2245/2245 2244/2244/2244
f 2244/2244/2244 2245/2245/2245 2246/2246/2246
f 2244/2244/2244 2247/2247/2247 2242/2242/2242
f 2242/2242/2242 2247/2247/2247 2243/2243/2243
f 2247/2247/2247 2244/2244/2244 2246/2246/2246
f 2248/2248/2248 2245/2245/2245 2236/2236/2236
f 2245/2245/2245 2248/2248/2248 2246/2246/2246
f 2197/2197/2197 2248/2248/2248 2236/2236/2236
f 2246/2246/2246 2248/2248/2248 2197/2197/2197
f 2239/2239/2239 2249/2249/2249 2232/2232/2232
f 2249/2249/2249 2239/2239/2239 2243/2243/2243
f 2249/2249/2249 2250/2250/2250 2232/2232/2232
f 2249/2249/2249 2243/2243/2243 2250/2250/2250
f 2251/2251/2251 2246/2246/2246 2197/2197/2197
f 2251/2251/2251 2197/2197/2197 2191/2191/2191
f 2251/2251/2251 2252/2252/2252 2246/2246/2246
f 2252/2252/2252 2251/2251/2251 2191/2191/2191
f 2253/2253/2253 2247/2247/2247 2246/2246/2246
f 2252/2252/2252 2253/2253/2253 2246/2246/2246
f 2254/2254/2254 2252/2252/2252 2191/2191/2191
f 2193/2193/2193 2254/2254/2254 2191/2191/2191
f 2250/2250/2250 2255/2255/2255 2232/2232/2232
f 2232/2232/2232 2255/2255/2255 2229/2229/2229
f 2255/2255/2255 2250/2250/2250 2256/2256/2256
f 2229/2229/2229 2255/2255/2255 2256/2256/2256
f 2247/2247/2247 2257/2257/2257 2243/2243/2243
f 2257/2257/2257 2247/2247/2247 2253/2253/2253
f 2252/2252/2252 2258/2258/2258 2253/2253/2253
f 2258/2258/2258 2252/2252/2252 2254/2254/2254
f 2193/2193/2193 2259/2259/2259 2254/2254/2254
f 2259/2259/2259 2193/2193/2193 2202/2202/2202
f 2243/2243/2243 2260/2260/2260 2250/2250/2250
f 2250/2250/2250 2260/2260/2260 2256/2256/2256
f 2261/2261/2261 2260/2260/2260 2243/2243/2243
f 2257/2257/2257 2261/2261/2261 2243/2243/2243
f 2260/2260/2260 2261/2261/2261 2256/2256/2256
f 2262/2262/2262 2257/2257/2257 2253/2253/2253
f 2261/2261/2261 2257/2257/2257 2262/2262/2262
f 2258/2258/2258 2262/2262/2262 2253/2253/2253
f 2263/2263/2263 2229/2229/2229 2256/2256/2256
f 2229/2229/2229 2263/2263/2263 2230/2230/2230
f 2261/2261/2261 2264/2264/2264 2256/2256/2256
f 2264/2264/2264 2261/2261/2261 2262/2262/2262
f 2263/2263/2263 2256/2256/2256 2264/2264/2264
f 2265/2265/2265 2264/2264/2264 2262/2262/2262
f 2265/2265/2265 2263/2263/2263 2264/2264/2264
f 2258/2258/2258 2265/2265/2265 2262/2262/2262
f 2263/2263/2263 2265/2265/2265 2230/2230/2230
f 2265/2265/2265 2258/2258/2258 2266/2266/2266
f 2266/2266/2266 2258/2258/2258 2254/2254/2254
f 2259/2259/2259 2266/2266/2266 2254/2254/2254
f 2265/2265/2265 2267/2267/2267 2230/2230/2230
f 2267/2267/2267 2265/2265/2265 2266/2266/2266
f 2226/2226/2226 2230/2230/2230 2267/2267/2267
f 2268/2268/2268 2267/2267/2267 2266/2266/2266
f 2268/2268/2268 2226/2226/2226 2267/2267/2267
f 2259/2259/2259 2268/2268/2268 2266/2266/2266
f 2226/2226/2226 2268/2268/2268 2227/2227/2227
f 2268/2268/2268 2259/2259/2259 2269/2269/2269
f 2259/2259/2259 2202/2202/2202 2269/2269/2269
f 2268/2268/2268 2270/2270/2270 2227/2227/2227
f 2268/2268/2268 2269/2269/2269 2270/2270/2270
f 2269/2269/2269 2202/2202/2202 2271/2271/2271
f 2202/2202/2202 2205/2205/2205 2271/2271/2271
f 2269/2269/2269 2272/2272/2272 2270/2270/2270
f 2269/2269/2269 2271/2271/2271 2272/2272/2272
f 2271/2271/2271 2205/2205/2205 2273/2273/2273
f 2205/2205/2205 2204/2204/2204 2273/2273/2273
f 2274/2274/2274 2273/2273/2273 2204/2204/2204
f 2275/2275/2275 2274/2274/2274 2204/2204/2204
f 2275/2275/2275 2276/2276/2276 2274/2274/2274
f 2206/2206/2206 2275/2275/2275 2204/2204/2204
f 2275/2275/2275 2206/2206/2206 2276/2276/2276
f 2271/2271/2271 2277/2277/2277 2272/2272/2272
f 2271/2271/2271 2273/2273/2273 2277/2277/2277
f 2272/2272/2272 2278/2278/2278 2270/2270/2270
f 2272/2272/2272 2277/2277/2277 2278/2278/2278
f 2270/2270/2270 2279/2279/2279 2227/2227/2227
f 2278/2278/2278 2279/2279/2279 2270/2270/2270
f 2273/2273/2273 2280/2280/2280 2277/2277/2277
f 2273/2273/2273 2274/2274/2274 2280/2280/2280
f 2206/2206/2206 2281/2281/2281 2276/2276/2276
f 2206/2206/2206 2192/2192/2192 2281/2281/2281
f 2279/2279/2279 2282/2282/2282 2227/2227/2227
f 2282/2282/2282 2223/2223/2223 2227/2227/2227
f 2277/2277/2277 2283/2283/2283 2278/2278/2278
f 2283/2283/2283 2277/2277/2277 2280/2280/2280
f 2192/2192/2192 2284/2284/2284 2281/2281/2281
f 2192/2192/2192 2167/2167/2167 2284/2284/2284
f 2167/2167/2167 2285/2285/2285 2284/2284/2284
f 2167/2167/2167 2169/2169/2169 2285/2285/2285
f 2282/2282/2282 2279/2279/2279 2286/2286/2286
f 2223/2223/2223 2282/2282/2282 2287/2287/2287
f 2282/2282/2282 2286/2286/2286 2287/2287/2287
f 2288/2288/2288 2287/2287/2287 2286/2286/2286
f 2279/2279/2279 2278/2278/2278 2289/2289/2289
f 2279/2279/2279 2289/2289/2289 2286/2286/2286
f 2223/2223/2223 2287/2287/2287 2290/2290/2290
f 2223/2223/2223 2290/2290/2290 2222/2222/2222
f 2287/2287/2287 2291/2291/2291 2290/2290/2290
f 2287/2287/2287 2288/2288/2288 2291/2291/2291
f 2290/2290/2290 2292/2292/2292 2222/2222/2222
f 2292/2292/2292 2290/2290/2290 2291/2291/2291
f 2292/2292/2292 2225/2225/2225 2222/2222/2222
f 2278/2278/2278 2293/2293/2293 2289/2289/2289
f 2278/2278/2278 2283/2283/2283 2293/2293/2293
f 2289/2289/2289 2119/2119/2119 2286/2286/2286
f 2293/2293/2293 2120/2120/2120 2289/2289/2289
f 2120/2120/2120 2119/2119/2119 2289/2289/2289
f 2125/2125/2125 2120/2120/2120 2293/2293/2293
f 2294/2294/2294 2125/2125/2125 2293/2293/2293
f 2283/2283/2283 2294/2294/2294 2293/2293/2293
f 2125/2125/2125 2294/2294/2294 2130/2130/2130
f 2283/2283/2283 2295/2295/2295 2294/2294/2294
f 2295/2295/2295 2130/2130/2130 2294/2294/2294
f 2295/2295/2295 2283/2283/2283 2280/2280/2280
f 2119/2119/2119 2296/2296/2296 2286/2286/2286
f 2296/2296/2296 2288/2288/2288 2286/2286/2286
f 2296/2296/2296 2119/2119/2119 2297/2297/2297
f 2288/2288/2288 2296/2296/2296 2297/2297/2297
f 2119/2119/2119 2124/2124/2124 2297/2297/2297
f 2295/2295/2295 2298/2298/2298 2130/2130/2130
f 2298/2298/2298 2295/2295/2295 2280/2280/2280
f 2298/2298/2298 2299/2299/2299 2130/2130/2130
f 2299/2299/2299 2122/2122/2122 2130/2130/2130
f 2300/2300/2300 2298/2298/2298 2280/2280/2280
f 2274/2274/2274 2300/2300/2300 2280/2280/2280
f 2301/2301/2301 2122/2122/2122 2299/2299/2299
f 2122/2122/2122 2301/2301/2301 2142/2142/2142
f 2298/2298/2298 2302/2302/2302 2299/2299/2299
f 2302/2302/2302 2298/2298/2298 2300/2300/2300
f 2301/2301/2301 2303/2303/2303 2142/2142/2142
f 2303/2303/2303 2149/2149/2149 2142/2142/2142
f 2304/2304/2304 2301/2301/2301 2299/2299/2299
f 2302/2302/2302 2304/2304/2304 2299/2299/2299
f 2303/2303/2303 2301/2301/2301 2304/2304/2304
f 2302/2302/2302 2305/2305/2305 2304/2304/2304
f 2305/2305/2305 2306/2306/2306 2304/2304/2304
f 2306/2306/2306 2303/2303/2303 2304/2304/2304
f 2149/2149/2149 2303/2303/2303 2307/2307/2307
f 2149/2149/2149 2307/2307/2307 2152/2152/2152
f 2303/2303/2303 2306/2306/2306 2308/2308/2308
f 2303/2303/2303 2308/2308/2308 2307/2307/2307
f 2306/2306/2306 2309/2309/2309 2308/2308/2308
f 2306/2306/2306 2305/2305/2305 2309/2309/2309
f 2308/2308/2308 2310/2310/2310 2307/2307/2307
f 2310/2310/2310 2308/2308/2308 2309/2309/2309
f 2307/2307/2307 2311/2311/2311 2152/2152/2152
f 2310/2310/2310 2311/2311/2311 2307/2307/2307
f 2311/2311/2311 2312/2312/2312 2152/2152/2152
f 2152/2152/2152 2312/2312/2312 2151/2151/2151
f 2312/2312/2312 2313/2313/2313 2151/2151/2151
f 2313/2313/2313 2312/2312/2312 2314/2314/2314
f 2313/2313/2313 2161/2161/2161 2151/2151/2151
f 2313/2313/2313 2314/2314/2314 2161/2161/2161
f 2312/2312/2312 2311/2311/2311 2315/2315/2315
f 2312/2312/2312 2315/2315/2315 2314/2314/2314
f 2311/2311/2311 2310/2310/2310 2316/2316/2316
f 2311/2311/2311 2316/2316/2316 2315/2315/2315
f 2317/2317/2317 2310/2310/2310 2309/2309/2309
f 2318/2318/2318 2317/2317/2317 2309/2309/2309
f 2310/2310/2310 2317/2317/2317 2319/2319/2319
f 2310/2310/2310 2319/2319/2319 2316/2316/2316
f 2317/2317/2317 2320/2320/2320 2319/2319/2319
f 2317/2317/2317 2318/2318/2318 2320/2320/2320
f 2319/2319/2319 2321/2321/2321 2316/2316/2316
f 2321/2321/2321 2319/2319/2319 2320/2320/2320
f 2316/2316/2316 2322/2322/2322 2315/2315/2315
f 2321/2321/2321 2322/2322/2322 2316/2316/2316
f 2315/2315/2315 2323/2323/2323 2314/2314/2314
f 2322/2322/2322 2323/2323/2323 2315/2315/2315
f 2324/2324/2324 2318/2318/2318 2309/2309/2309
f 2318/2318/2318 2324/2324/2324 2325/2325/2325
f 2305/2305/2305 2324/2324/2324 2309/2309/2309
f 2325/2325/2325 2324/2324/2324 2305/2305/2305
f 2322/2322/2322 2321/2321/2321 2326/2326/2326
f 2327/2327/2327 2321/2321/2321 2320/2320/2320
f 2321/2321/2321 2327/2327/2327 2326/2326/2326
f 2322/2322/2322 2326/2326/2326 2328/2328/2328
f 2323/2323/2323 2322/2322/2322 2328/2328/2328
f 2323/2323/2323 2328/2328/2328 2329/2329/2329
f 2326/2326/2326 2327/2327/2327 2330/2330/2330
f 2326/2326/2326 2330/2330/2330 2328/2328/2328
f 2331/2331/2331 2327/2327/2327 2320/2320/2320
f 2327/2327/2327 2331/2331/2331 2330/2330/2330
f 2330/2330/2330 2331/2331/2331 2332/2332/2332
f 2330/2330/2330 2333/2333/2333 2328/2328/2328
f 2328/2328/2328 2333/2333/2333 2329/2329/2329
f 2333/2333/2333 2330/2330/2330 2332/2332/2332
f 2334/2334/2334 2331/2331/2331 2320/2320/2320
f 2331/2331/2331 2334/2334/2334 2332/2332/2332
f 2318/2318/2318 2334/2334/2334 2320/2320/2320
f 2332/2332/2332 2334/2334/2334 2318/2318/2318
f 2335/2335/2335 2318/2318/2318 2325/2325/2325
f 2335/2335/2335 2332/2332/2332 2318/2318/2318
f 2335/2335/2335 2336/2336/2336 2332/2332/2332
f 2336/2336/2336 2335/2335/2335 2325/2325/2325
f 2337/2337/2337 2333/2333/2333 2332/2332/2332
f 2336/2336/2336 2337/2337/2337 2332/2332/2332
f 2338/2338/2338 2323/2323/2323 2329/2329/2329
f 2323/2323/2323 2338/2338/2338 2314/2314/2314
f 2338/2338/2338 2339/2339/2339 2314/2314/2314
f 2338/2338/2338 2329/2329/2329 2339/2339/2339
f 2340/2340/2340 2333/2333/2333 2337/2337/2337
f 2333/2333/2333 2340/2340/2340 2329/2329/2329
f 2339/2339/2339 2341/2341/2341 2314/2314/2314
f 2314/2314/2314 2341/2341/2341 2161/2161/2161
f 2341/2341/2341 2339/2339/2339 2342/2342/2342
f 2161/2161/2161 2341/2341/2341 2342/2342/2342
f 2329/2329/2329 2343/2343/2343 2339/2339/2339
f 2339/2339/2339 2343/2343/2343 2342/2342/2342
f 2344/2344/2344 2343/2343/2343 2329/2329/2329
f 2340/2340/2340 2344/2344/2344 2329/2329/2329
f 2343/2343/2343 2344/2344/2344 2342/2342/2342
f 2345/2345/2345 2340/2340/2340 2337/2337/2337
f 2344/2344/2344 2340/2340/2340 2345/2345/2345
f 2336/2336/2336 2346/2346/2346 2337/2337/2337
f 2346/2346/2346 2345/2345/2345 2337/2337/2337
f 2347/2347/2347 2161/2161/2161 2342/2342/2342
f 2161/2161/2161 2347/2347/2347 2159/2159/2159
f 2344/2344/2344 2348/2348/2348 2342/2342/2342
f 2348/2348/2348 2344/2344/2344 2345/2345/2345
f 2347/2347/2347 2342/2342/2342 2348/2348/2348
f 2347/2347/2347 2349/2349/2349 2159/2159/2159
f 2349/2349/2349 2347/2347/2347 2348/2348/2348
f 2349/2349/2349 2348/2348/2348 2345/2345/2345
f 2346/2346/2346 2349/2349/2349 2345/2345/2345
f 2349/2349/2349 2162/2162/2162 2159/2159/2159
f 2162/2162/2162 2349/2349/2349 2350/2350/2350
f 2349/2349/2349 2346/2346/2346 2350/2350/2350
f 2156/2156/2156 2162/2162/2162 2350/2350/2350
f 2346/2346/2346 2336/2336/2336 2351/2351/2351
f 2350/2350/2350 2346/2346/2346 2351/2351/2351
f 2351/2351/2351 2336/2336/2336 2325/2325/2325
f 2352/2352/2352 2156/2156/2156 2350/2350/2350
f 2352/2352/2352 2350/2350/2350 2351/2351/2351
f 2353/2353/2353 2351/2351/2351 2325/2325/2325
f 2353/2353/2353 2352/2352/2352 2351/2351/2351
f 2156/2156/2156 2352/2352/2352 2354/2354/2354
f 2352/2352/2352 2353/2353/2353 2354/2354/2354
f 2170/2170/2170 2156/2156/2156 2354/2354/2354
f 2355/2355/2355 2353/2353/2353 2325/2325/2325
f 2355/2355/2355 2325/2325/2325 2305/2305/2305
f 2353/2353/2353 2355/2355/2355 2356/2356/2356
f 2353/2353/2353 2356/2356/2356 2354/2354/2354
f 2357/2357/2357 2170/2170/2170 2354/2354/2354
f 2357/2357/2357 2169/2169/2169 2170/2170/2170
f 2355/2355/2355 2305/2305/2305 2358/2358/2358
f 2355/2355/2355 2358/2358/2358 2356/2356/2356
f 2359/2359/2359 2357/2357/2357 2354/2354/2354
f 2359/2359/2359 2354/2354/2354 2356/2356/2356
f 2359/2359/2359 2360/2360/2360 2357/2357/2357
f 2169/2169/2169 2357/2357/2357 2361/2361/2361
f 2169/2169/2169 2361/2361/2361 2285/2285/2285
f 2362/2362/2362 2359/2359/2359 2356/2356/2356
f 2359/2359/2359 2362/2362/2362 2360/2360/2360
f 2363/2363/2363 2362/2362/2362 2356/2356/2356
f 2358/2358/2358 2363/2363/2363 2356/2356/2356
f 2305/2305/2305 2364/2364/2364 2358/2358/2358
f 2364/2364/2364 2305/2305/2305 2302/2302/2302
f 2364/2364/2364 2365/2365/2365 2358/2358/2358
f 2365/2365/2365 2363/2363/2363 2358/2358/2358
f 2366/2366/2366 2364/2364/2364 2302/2302/2302
f 2365/2365/2365 2364/2364/2364 2366/2366/2366
f 2366/2366/2366 2302/2302/2302 2300/2300/2300
f 2367/2367/2367 2366/2366/2366 2300/2300/2300
f 2367/2367/2367 2365/2365/2365 2366/2366/2366
f 2274/2274/2274 2367/2367/2367 2300/2300/2300
f 2362/2362/2362 2363/2363/2363 2368/2368/2368
f 2362/2362/2362 2368/2368/2368 2360/2360/2360
f 2363/2363/2363 2365/2365/2365 2369/2369/2369
f 2363/2363/2363 2369/2369/2369 2368/2368/2368
f 2365/2365/2365 2367/2367/2367 2370/2370/2370
f 2365/2365/2365 2370/2370/2370 2369/2369/2369
f 2367/2367/2367 2274/2274/2274 2371/2371/2371
f 2367/2367/2367 2371/2371/2371 2370/2370/2370
f 2370/2370/2370 2372/2372/2372 2369/2369/2369
f 2372/2372/2372 2370/2370/2370 2371/2371/2371
f 2369/2369/2369 2373/2373/2373 2368/2368/2368
f 2372/2372/2372 2373/2373/2373 2369/2369/2369
f 2368/2368/2368 2374/2374/2374 2360/2360/2360
f 2373/2373/2373 2374/2374/2374 2368/2368/2368
f 2274/2274/2274 2375/2375/2375 2371/2371/2371
f 2375/2375/2375 2376/2376/2376 2371/2371/2371
f 2276/2276/2276 2375/2375/2375 2274/2274/2274
f 2376/2376/2376 2375/2375/2375 2276/2276/2276
f 2377/2377/2377 2372/2372/2372 2371/2371/2371
f 2376/2376/2376 2377/2377/2377 2371/2371/2371
f 2373/2373/2373 2372/2372/2372 2378/2378/2378
f 2372/2372/2372 2377/2377/2377 2379/2379/2379
f 2372/2372/2372 2379/2379/2379 2378/2378/2378
f 2377/2377/2377 2380/2380/2380 2379/2379/2379
f 2377/2377/2377 2376/2376/2376 2380/2380/2380
f 2374/2374/2374 2373/2373/2373 2381/2381/2381
f 2373/2373/2373 2378/2378/2378 2381/2381/2381
f 2374/2374/2374 2381/2381/2381 2382/2382/2382
f 2379/2379/2379 2383/2383/2383 2378/2378/2378
f 2383/2383/2383 2379/2379/2379 2380/2380/2380
f 2378/2378/2378 2384/2384/2384 2381/2381/2381
f 2383/2383/2383 2384/2384/2384 2378/2378/2378
f 2381/2381/2381 2385/2385/2385 2382/2382/2382
f 2384/2384/2384 2385/2385/2385 2381/2381/2381
f 2386/2386/2386 2374/2374/2374 2382/2382/2382
f 2386/2386/2386 2382/2382/2382 2387/2387/2387
f 2374/2374/2374 2386/2386/2386 2360/2360/2360
f 2386/2386/2386 2387/2387/2387 2360/2360/2360
f 2387/2387/2387 2388/2388/2388 2360/2360/2360
f 2360/2360/2360 2388/2388/2388 2357/2357/2357
f 2357/2357/2357 2388/2388/2388 2361/2361/2361
f 2388/2388/2388 2387/2387/2387 2361/2361/2361
f 2384/2384/2384 2383/2383/2383 2389/2389/2389
f 2390/2390/2390 2383/2383/2383 2380/2380/2380
f 2383/2383/2383 2390/2390/2390 2389/2389/2389
f 2384/2384/2384 2389/2389/2389 2391/2391/2391
f 2385/2385/2385 2384/2384/2384 2391/2391/2391
f 2385/2385/2385 2391/2391/2391 2392/2392/2392
f 2389/2389/2389 2390/2390/2390 2393/2393/2393
f 2389/2389/2389 2393/2393/2393 2391/2391/2391
f 2394/2394/2394 2390/2390/2390 2380/2380/2380
f 2390/2390/2390 2394/2394/2394 2393/2393/2393
f 2393/2393/2393 2394/2394/2394 2395/2395/2395
f 2393/2393/2393 2396/2396/2396 2391/2391/2391
f 2391/2391/2391 2396/2396/2396 2392/2392/2392
f 2396/2396/2396 2393/2393/2393 2395/2395/2395
f 2397/2397/2397 2394/2394/2394 2380/2380/2380
f 2394/2394/2394 2397/2397/2397 2395/2395/2395
f 2376/2376/2376 2397/2397/2397 2380/2380/2380
f 2395/2395/2395 2397/2397/2397 2376/2376/2376
f 2398/2398/2398 2385/2385/2385 2392/2392/2392
f 2385/2385/2385 2398/2398/2398 2382/2382/2382
f 2398/2398/2398 2399/2399/2399 2382/2382/2382
f 2398/2398/2398 2392/2392/2392 2399/2399/2399
f 2400/2400/2400 2395/2395/2395 2376/2376/2376
f 2400/2400/2400 2376/2376/2376 2276/2276/2276
f 2401/2401/2401 2400/2400/2400 2276/2276/2276
f 2400/2400/2400 2401/2401/2401 2395/2395/2395
f 2281/2281/2281 2401/2401/2401 2276/2276/2276
f 2402/2402/2402 2396/2396/2396 2395/2395/2395
f 2401/2401/2401 2402/2402/2402 2395/2395/2395
f 2403/2403/2403 2401/2401/2401 2281/2281/2281
f 2401/2401/2401 2403/2403/2403 2402/2402/2402
f 2284/2284/2284 2403/2403/2403 2281/2281/2281
f 2404/2404/2404 2396/2396/2396 2402/2402/2402
f 2396/2396/2396 2404/2404/2404 2392/2392/2392
f 2405/2405/2405 2403/2403/2403 2284/2284/2284
f 2285/2285/2285 2405/2405/2405 2284/2284/2284
f 2405/2405/2405 2285/2285/2285 2361/2361/2361
f 2403/2403/2403 2406/2406/2406 2402/2402/2402
f 2406/2406/2406 2404/2404/2404 2402/2402/2402
f 2403/2403/2403 2405/2405/2405 2406/2406/2406
f 2404/2404/2404 2407/2407/2407 2392/2392/2392
f 2407/2407/2407 2404/2404/2404 2406/2406/2406
f 2408/2408/2408 2405/2405/2405 2361/2361/2361
f 2387/2387/2387 2408/2408/2408 2361/2361/2361
f 2405/2405/2405 2409/2409/2409 2406/2406/2406
f 2405/2405/2405 2408/2408/2408 2409/2409/2409
f 2409/2409/2409 2407/2407/2407 2406/2406/2406
f 2408/2408/2408 2410/2410/2410 2409/2409/2409
f 2408/2408/2408 2387/2387/2387 2410/2410/2410
f 2407/2407/2407 2409/2409/2409 2410/2410/2410
f 2407/2407/2407 2411/2411/2411 2392/2392/2392
f 2411/2411/2411 2407/2407/2407 2410/2410/2410
f 2392/2392/2392 2411/2411/2411 2399/2399/2399
f 2399/2399/2399 2411/2411/2411 2410/2410/2410
f 2387/2387/2387 2412/2412/2412 2410/2410/2410
f 2412/2412/2412 2399/2399/2399 2410/2410/2410
f 2382/2382/2382 2412/2412/2412 2387/2387/2387
f 2399/2399/2399 2412/2412/2412 2382/2382/2382
f 2413/2413/2413 2108/2108/2108 2104/2104/2104
f 2413/2413/2413 2124/2124/2124 2108/2108/2108
f 2414/2414/2414 2413/2413/2413 2104/2104/2104
f 2414/2414/2414 2104/2104/2104 2110/2110/2110
f 2124/2124/2124 2413/2413/2413 2415/2415/2415
f 2297/2297/2297 2124/2124/2124 2415/2415/2415
f 2413/2413/2413 2414/2414/2414 2416/2416/2416
f 2414/2414/2414 2110/2110/2110 2416/2416/2416
f 2415/2415/2415 2413/2413/2413 2416/2416/2416
f 2417/2417/2417 2297/2297/2297 2415/2415/2415
f 2417/2417/2417 2288/2288/2288 2297/2297/2297
f 2417/2417/2417 2418/2418/2418 2288/2288/2288
f 2419/2419/2419 2417/2417/2417 2415/2415/2415
f 2419/2419/2419 2415/2415/2415 2416/2416/2416
f 2417/2417/2417 2419/2419/2419 2418/2418/2418
f 2110/2110/2110 2420/2420/2420 2416/2416/2416
f 2420/2420/2420 2110/2110/2110 2179/2179/2179
f 2421/2421/2421 2419/2419/2419 2416/2416/2416
f 2421/2421/2421 2416/2416/2416 2420/2420/2420
f 2420/2420/2420 2179/2179/2179 2422/2422/2422
f 2182/2182/2182 2422/2422/2422 2179/2179/2179
f 2418/2418/2418 2423/2423/2423 2288/2288/2288
f 2424/2424/2424 2423/2423/2423 2418/2418/2418
f 2288/2288/2288 2423/2423/2423 2291/2291/2291
f 2423/2423/2423 2424/2424/2424 2291/2291/2291
f 2419/2419/2419 2425/2425/2425 2418/2418/2418
f 2419/2419/2419 2421/2421/2421 2425/2425/2425
f 2426/2426/2426 2421/2421/2421 2420/2420/2420
f 2426/2426/2426 2420/2420/2420 2422/2422/2422
f 2421/2421/2421 2426/2426/2426 2427/2427/2427
f 2421/2421/2421 2427/2427/2427 2425/2425/2425
f 2426/2426/2426 2422/2422/2422 2428/2428/2428
f 2426/2426/2426 2428/2428/2428 2427/2427/2427
f 2422/2422/2422 2182/2182/2182 2429/2429/2429
f 2422/2422/2422 2429/2429/2429 2428/2428/2428
f 2428/2428/2428 2430/2430/2430 2427/2427/2427
f 2430/2430/2430 2428/2428/2428 2429/2429/2429
f 2427/2427/2427 2431/2431/2431 2425/2425/2425
f 2430/2430/2430 2431/2431/2431 2427/2427/2427
f 2425/2425/2425 2432/2432/2432 2418/2418/2418
f 2431/2431/2431 2432/2432/2432 2425/2425/2425
f 2433/2433/2433 2424/2424/2424 2418/2418/2418
f 2432/2432/2432 2433/2433/2433 2418/2418/2418
f 2433/2433/2433 2432/2432/2432 2434/2434/2434
f 2433/2433/2433 2434/2434/2434 2424/2424/2424
f 2432/2432/2432 2431/2431/2431 2435/2435/2435
f 2432/2432/2432 2435/2435/2435 2434/2434/2434
f 2182/2182/2182 2436/2436/2436 2429/2429/2429
f 2436/2436/2436 2437/2437/2437 2429/2429/2429
f 2214/2214/2214 2436/2436/2436 2182/2182/2182
f 2437/2437/2437 2436/2436/2436 2214/2214/2214
f 2438/2438/2438 2430/2430/2430 2429/2429/2429
f 2437/2437/2437 2438/2438/2438 2429/2429/2429
f 2431/2431/2431 2430/2430/2430 2439/2439/2439
f 2431/2431/2431 2439/2439/2439 2435/2435/2435
f 2430/2430/2430 2438/2438/2438 2440/2440/2440
f 2430/2430/2430 2440/2440/2440 2439/2439/2439
f 2438/2438/2438 2441/2441/2441 2440/2440/2440
f 2438/2438/2438 2437/2437/2437 2441/2441/2441
f 2440/2440/2440 2442/2442/2442 2439/2439/2439
f 2442/2442/2442 2440/2440/2440 2441/2441/2441
f 2439/2439/2439 2443/2443/2443 2435/2435/2435
f 2442/2442/2442 2443/2443/2443 2439/2439/2439
f 2435/2435/2435 2444/2444/2444 2434/2434/2434
f 2443/2443/2443 2444/2444/2444 2435/2435/2435
f 2445/2445/2445 2437/2437/2437 2214/2214/2214
f 2445/2445/2445 2446/2446/2446 2437/2437/2437
f 2224/2224/2224 2445/2445/2445 2214/2214/2214
f 2445/2445/2445 2224/2224/2224 2446/2446/2446
f 2437/2437/2437 2447/2447/2447 2441/2441/2441
f 2446/2446/2446 2447/2447/2447 2437/2437/2437
f 2447/2447/2447 2448/2448/2448 2441/2441/2441
f 2448/2448/2448 2447/2447/2447 2446/2446/2446
f 2449/2449/2449 2442/2442/2442 2441/2441/2441
f 2448/2448/2448 2449/2449/2449 2441/2441/2441
f 2443/2443/2443 2442/2442/2442 2450/2450/2450
f 2442/2442/2442 2449/2449/2449 2450/2450/2450
f 2449/2449/2449 2448/2448/2448 2451/2451/2451
f 2450/2450/2450 2449/2449/2449 2451/2451/2451
f 2451/2451/2451 2448/2448/2448 2446/2446/2446
f 2443/2443/2443 2450/2450/2450 2452/2452/2452
f 2450/2450/2450 2451/2451/2451 2452/2452/2452
f 2444/2444/2444 2443/2443/2443 2452/2452/2452
f 2444/2444/2444 2452/2452/2452 2453/2453/2453
f 2451/2451/2451 2454/2454/2454 2452/2452/2452
f 2454/2454/2454 2451/2451/2451 2446/2446/2446
f 2452/2452/2452 2454/2454/2454 2453/2453/2453
f 2224/2224/2224 2455/2455/2455 2446/2446/2446
f 2455/2455/2455 2454/2454/2454 2446/2446/2446
f 2224/2224/2224 2225/2225/2225 2455/2455/2455
f 2456/2456/2456 2454/2454/2454 2455/2455/2455
f 2454/2454/2454 2456/2456/2456 2453/2453/2453
f 2225/2225/2225 2457/2457/2457 2455/2455/2455
f 2457/2457/2457 2456/2456/2456 2455/2455/2455
f 2225/2225/2225 2292/2292/2292 2457/2457/2457
f 2458/2458/2458 2456/2456/2456 2457/2457/2457
f 2456/2456/2456 2458/2458/2458 2453/2453/2453
f 2292/2292/2292 2459/2459/2459 2457/2457/2457
f 2459/2459/2459 2458/2458/2458 2457/2457/2457
f 2292/2292/2292 2460/2460/2460 2459/2459/2459
f 2460/2460/2460 2292/2292/2292 2291/2291/2291
f 2424/2424/2424 2460/2460/2460 2291/2291/2291
f 2460/2460/2460 2461/2461/2461 2459/2459/2459
f 2458/2458/2458 2459/2459/2459 2461/2461/2461
f 2460/2460/2460 2424/2424/2424 2461/2461/2461
f 2458/2458/2458 2462/2462/2462 2453/2453/2453
f 2462/2462/2462 2458/2458/2458 2461/2461/2461
f 2424/2424/2424 2463/2463/2463 2461/2461/2461
f 2434/2434/2434 2463/2463/2463 2424/2424/2424
f 2464/2464/2464 2462/2462/2462 2461/2461/2461
f 2463/2463/2463 2464/2464/2464 2461/2461/2461
f 2453/2453/2453 2462/2462/2462 2464/2464/2464
f 2464/2464/2464 2463/2463/2463 2434/2434/2434
f 2465/2465/2465 2453/2453/2453 2464/2464/2464
f 2465/2465/2465 2464/2464/2464 2434/2434/2434
f 2465/2465/2465 2444/2444/2444 2453/2453/2453
f 2444/2444/2444 2465/2465/2465 2434/2434/2434
