g Sushi
v 4.0922356 21.38818 0.19121873
v 3.5308292 22.153927 0.6167222
v 3.9349458 22.3347 0.074081786
v 4.0922356 21.38818 0.19121873
v 3.2810717 21.680672 0.9520927
v 3.5308292 22.153927 0.6167222
v 4.0922356 21.38818 0.19121873
v 3.5308292 20.62243 0.6167222
v 3.2810717 21.09569 0.95209324
v 3.5308292 20.62243 0.6167222
v 2.5313234 20.952536 1.0617913
v 2.9033213 20.247652 0.56228036
v 1.8271754 20.90014 0.7819192
v 2.2439144 20.110474 0.22232884
v -0.7716258 20.110474 -2.023412
v -1.1883646 20.90014 -1.463822
v 1.8271754 21.876223 0.7819192
v 2.5313234 20.952536 1.0617913
v 2.5313234 21.823826 1.0617913
v 3.2810717 21.09569 0.95209324
v 3.2810717 21.680672 0.9520927
v 4.0922356 21.38818 0.19121873
v 2.9033198 22.528708 0.5622811
v 3.5308292 22.153927 0.6167222
v 3.5052245 22.79795 -0.24594325
v 3.9349458 22.3347 0.074081786
v 2.2439144 22.665888 0.22232884
v -1.1883646 21.876223 -1.463822
v -0.7716258 22.665888 -2.023412
v -1.6582398 20.952536 -2.0582736
v -1.2862425 20.247652 -2.5577843
v -1.76794 21.09569 -2.808022
v -1.5181803 20.62243 -3.1433928
v -1.6582398 21.823826 -2.0582736
v -1.6582398 20.952536 -2.0582736
v -1.2862448 22.528708 -2.5577838
v -1.76794 21.680672 -2.808022
v -1.76794 21.09569 -2.808022
v -1.5181803 22.153927 -3.1433928
v -1.2713525 21.38818 -3.8031695
v -1.1140635 22.3347 -3.6860332
v -0.6843399 22.79795 -3.3660085
v -0.09732686 22.967516 -2.9288461
v 2.2439144 22.665888 0.22232884
v -0.70994663 22.15393 -4.2286735
v -1.2713525 21.38818 -3.8031695
v -0.08243807 22.528708 -4.1742315
v -0.46019056 21.680672 -4.5640435
v 0.28955835 21.823826 -4.6737413
v 0.57697016 22.665888 -3.8342793
v 0.9937091 21.876223 -4.393869
v 2.918211 22.967516 -0.68310505
v 2.9033198 22.528708 0.5622811
v 3.5052245 22.79795 -0.24594325
v 3.592508 22.665888 -1.5885382
v 2.918211 22.967516 -0.68310505
v 3.5052245 22.79795 -0.24594325
v 4.0092473 21.876223 -2.148128
v 4.1071258 22.528708 -1.0541673
v 3.9349458 22.3347 0.074081786
v 4.339063 22.15393 -0.4685594
v 4.0922356 21.38818 0.19121873
v 4.479124 21.823826 -1.5536762
v 4.5888214 21.680672 -0.8039285
v 4.0092473 20.90014 -2.148128
v 4.479124 21.823826 -1.5536762
v 4.479124 20.952536 -1.5536762
v 4.5888214 21.680672 -0.8039285
v 4.5888214 21.09569 -0.8039285
v 4.1071258 20.247652 -1.0541673
v 4.339063 20.62243 -0.4685594
v 3.592508 20.110474 -1.5885382
v 2.918211 19.808847 -0.68310505
v 3.5052245 19.978407 -0.24594325
v 3.9349458 20.441662 0.074081786
v 4.0922356 21.38818 0.19121873
v 0.9937091 20.90014 -4.393869
v 0.57697016 20.110474 -3.8342793
v -0.08243807 20.247652 -4.1742315
v 0.28955835 20.952536 -4.6737413
v 0.28955835 21.823826 -4.6737413
v -0.46019056 21.09569 -4.5640435
v -0.46019056 21.680672 -4.5640435
v 0.28955835 20.952536 -4.6737413
v -0.70994663 20.62243 -4.2286735
v -0.46019056 21.09569 -4.5640435
v -1.1140635 20.441662 -3.6860332
v -1.2713525 21.38818 -3.8031695
v -0.6843399 19.978407 -3.3660085
v -1.5181803 20.62243 -3.1433928
v -1.2862425 20.247652 -2.5577843
v -0.09732686 19.808847 -2.9288461
v 0.57697016 20.110474 -3.8342793
v -0.08243807 20.247652 -4.1742315
v -0.09732686 19.808847 -2.9288461
v 4.0922356 21.38818 0.19121873
v 3.9349458 20.441662 0.074081786
v 3.5308292 20.62243 0.6167222
v -0.70994663 22.15393 -4.2286735
v -1.2713525 21.38818 -3.8031695
v -0.46019056 21.680672 -4.5640435
v -0.46019056 21.09569 -4.5640435
v -1.2713525 21.38818 -3.8031695
v -0.70994663 20.62243 -4.2286735
v -1.76794 21.09569 -2.808022
v -1.2713525 21.38818 -3.8031695
v -1.76794 21.680672 -2.808022
v -1.5181803 20.62243 -3.1433928
v -1.2713525 21.38818 -3.8031695
v -1.76794 21.09569 -2.808022
v -0.46019056 21.680672 -4.5640435
v -1.2713525 21.38818 -3.8031695
v -0.46019056 21.09569 -4.5640435
v -1.5181803 22.153927 -3.1433928
v -1.2713525 21.38818 -3.8031695
v -1.1140635 22.3347 -3.6860332
v -4.4941864 0.7435508 5.078599
v -5.1143956 7.5538616 5.6988077
v 5.114394 7.5538616 5.6988077
v 4.494186 0.7435508 5.078599
v -6.525908 8.462033 -5.8788
v -6.9239597 13.5945 -6.309701
v -6.9239597 13.5945 6.309701
v -6.525908 8.462033 5.8788004
v -6.7177715 7.376791 -6.108889
v -6.8751144 8.670729 -6.2812223
v -6.8751144 8.670729 6.2812223
v -6.7177715 7.376791 6.1088896
v 5.0785985 0.7435508 4.494186
v 5.6988072 7.5538616 5.114394
v 5.6988072 7.5538616 -5.114394
v 5.0785985 0.7435508 -4.4941864
v 4.494186 0.7435508 -5.0785995
v 5.114394 7.5538616 -5.6988077
v -5.114395 7.5538616 -5.6988077
v -4.494187 0.7435508 -5.0785995
v 6.1088886 7.376791 -6.71777
v 6.2812214 8.670729 -6.8751125
v -6.281224 8.670729 -6.8751125
v -6.10889 7.376791 -6.71777
v 6.717769 7.376791 6.1088896
v 6.875112 8.670729 6.2812223
v 6.875112 8.670729 -6.2812223
v 6.717769 7.376791 -6.108889
v -6.8751144 8.670729 -6.2812223
v -6.281224 8.670729 -6.8751125
v 6.2812214 8.670729 -6.8751125
v 6.875112 8.670729 -6.2812223
v -6.8751144 8.670729 6.2812223
v 6.875112 8.670729 6.2812223
v -6.281224 8.670729 6.875114
v 6.2812214 8.670729 6.875114
v 6.717769 7.376791 -6.108889
v 6.1088886 7.376791 -6.71777
v -6.10889 7.376791 -6.71777
v -6.7177715 7.376791 -6.108889
v 6.717769 7.376791 6.1088896
v -6.7177715 7.376791 6.1088896
v 6.1088886 7.376791 6.717771
v -6.10889 7.376791 6.717771
v -6.10889 7.376791 6.717771
v -6.281224 8.670729 6.875114
v 6.2812214 8.670729 6.875114
v 6.1088886 7.376791 6.717771
v 5.8787994 8.462033 -6.525907
v 6.3097 13.5945 -6.923958
v -6.309702 13.5945 -6.923958
v -5.8788013 8.462033 -6.525907
v 6.525906 8.462033 -5.8788
v 5.8787994 8.462033 -6.525907
v -5.8788013 8.462033 -6.525907
v -6.525908 8.462033 -5.8788
v 6.525906 8.462033 5.8788004
v -6.525908 8.462033 5.8788004
v 5.8787994 8.462033 6.5259075
v -5.8788013 8.462033 6.5259075
v 6.525906 8.462033 5.8788004
v 6.923958 13.5945 6.3097014
v 6.923958 13.5945 -6.3097
v 6.525906 8.462033 -5.8788
v -5.0786 0.7435508 -4.4941864
v -4.494187 0.7435508 -5.0785995
v -5.114395 7.5538616 -5.6988077
v -5.6988087 7.5538616 -5.114394
v 5.6988072 7.5538616 -5.114394
v 5.114394 7.5538616 -5.6988077
v 4.494186 0.7435508 -5.0785995
v 5.0785985 0.7435508 -4.4941864
v 5.0785985 0.7435508 4.494186
v 4.494186 0.7435508 5.078599
v 5.114394 7.5538616 5.6988077
v 5.6988072 7.5538616 5.114394
v -5.6988087 7.5538616 5.114394
v -5.1143956 7.5538616 5.6988077
v -4.4941864 0.7435508 5.078599
v -5.0786 0.7435508 4.494186
v 6.717769 7.376791 6.1088896
v 6.1088886 7.376791 6.717771
v 6.2812214 8.670729 6.875114
v 6.875112 8.670729 6.2812223
v -6.8751144 8.670729 6.2812223
v -6.281224 8.670729 6.875114
v -6.10889 7.376791 6.717771
v -6.7177715 7.376791 6.1088896
v 6.1088886 7.376791 -6.71777
v 6.717769 7.376791 -6.108889
v 6.875112 8.670729 -6.2812223
v 6.2812214 8.670729 -6.8751125
v -6.281224 8.670729 -6.8751125
v -6.8751144 8.670729 -6.2812223
v -6.7177715 7.376791 -6.108889
v -6.10889 7.376791 -6.71777
v -5.8788013 8.462033 6.5259075
v -6.525908 8.462033 5.8788004
v -6.9239597 13.5945 6.309701
v -6.309702 13.5945 6.9239593
v -6.309702 13.5945 -6.923958
v -6.9239597 13.5945 -6.309701
v -6.525908 8.462033 -5.8788
v -5.8788013 8.462033 -6.525907
v 6.923958 13.5945 -6.3097
v 6.3097 13.5945 -6.923958
v 5.8787994 8.462033 -6.525907
v 6.525906 8.462033 -5.8788
v 6.525906 8.462033 5.8788004
v 5.8787994 8.462033 6.5259075
v 6.3096995 13.5945 6.9239593
v 6.923958 13.5945 6.3097014
v -5.0786 0.7435508 -4.4941864
v -5.6988087 7.5538616 -5.114394
v -5.6988087 7.5538616 5.114394
v -5.0786 0.7435508 4.494186
v 7.642299 12.97428 6.964315
v 7.138171 12.58608 6.50491
v 6.504909 12.58608 7.1381726
v 6.964313 12.97428 7.6423
v -3.8663375 17.35786 -3.5696151
v -2.4914298 19.858908 -2.2704034
v -2.4914298 19.858908 2.2704027
v -3.8663323 17.357859 3.6071575
v -6.1514215 14.679516 -5.4814963
v -6.1514215 14.679516 5.4814963
v -7.6423 12.97428 -6.964313
v -7.6423 12.97428 6.964315
v 7.642299 12.97428 6.964315
v 6.15142 14.679515 -5.4814963
v 7.642299 12.97428 -6.964313
v 6.15142 14.679515 5.4814963
v 3.9048834 17.35786 -3.5696123
v 3.904877 17.35786 3.6071594
v 2.4914331 19.858908 -2.2704027
v 2.4914296 19.858908 2.2704027
v -3.5691175 17.35786 3.9043798
v -2.2704008 19.858906 2.4914298
v 2.2704027 19.858908 2.4914293
v 3.6076572 17.35786 3.9043798
v -5.4814963 14.679516 6.1514206
v 5.481496 14.679516 6.1514206
v -6.964315 12.97428 7.6423
v 6.964313 12.97428 7.6423
v 3.6076567 17.35786 -3.866836
v 2.2704027 19.858908 -2.4914303
v -2.2704034 19.858908 -2.4914303
v -3.5691173 17.35786 -3.866836
v 5.4815 14.679515 -6.1514206
v -5.481498 14.679514 -6.1514206
v 6.964314 12.97428 -7.642299
v -6.964315 12.97428 -7.642299
v -7.6423 12.97428 -6.964313
v -7.1381726 12.58608 -6.50491
v -6.5049114 12.58608 -7.1381717
v -6.964315 12.97428 -7.642299
v 6.964313 12.97428 7.6423
v 6.504909 12.58608 7.1381726
v -6.5049114 12.58608 7.1381726
v -6.964315 12.97428 7.6423
v -7.6423 12.97428 6.964315
v -7.1381726 12.58608 6.50491
v -7.1381726 12.58608 -6.50491
v -7.6423 12.97428 -6.964313
v 6.964314 12.97428 -7.642299
v 6.50491 12.58608 -7.1381717
v 7.138171 12.58608 -6.50491
v 7.642299 12.97428 -6.964313
v -6.964315 12.97428 7.6423
v -6.5049114 12.58608 7.1381726
v -7.1381726 12.58608 6.50491
v -7.6423 12.97428 6.964315
v 7.642299 12.97428 -6.964313
v 7.138171 12.58608 -6.50491
v 7.138171 12.58608 6.50491
v 7.642299 12.97428 6.964315
v -6.964315 12.97428 -7.642299
v -6.5049114 12.58608 -7.1381717
v 6.50491 12.58608 -7.1381717
v 6.964314 12.97428 -7.642299
v 6.0590982 14.149603 6.7468224
v 6.756941 14.149602 6.0714173
v 6.15142 14.679515 5.4814963
v 5.481496 14.679516 6.1514206
v 3.9784644 17.660404 4.2451277
v 2.4881122 19.950542 2.684913
v 2.690587 19.980068 2.5103712
v 4.278414 17.704147 3.9865563
v 6.6716094 14.951064 7.267561
v 6.0756817 15.330117 6.615381
v 6.6601586 15.41535 6.111536
v 7.299369 15.042611 6.7264056
v 4.278414 17.704147 3.9865563
v 6.6601586 15.41535 6.111536
v 6.0756817 15.330117 6.615381
v 3.9784644 17.660404 4.2451277
v 2.2704027 19.858908 2.4914293
v 2.4881122 19.950542 2.684913
v 3.9784644 17.660404 4.2451277
v 3.6076572 17.35786 3.9043798
v 3.6076572 17.35786 3.9043798
v 3.9784644 17.660404 4.2451277
v 6.0756817 15.330117 6.615381
v 5.481496 14.679516 6.1514206
v 6.6716094 14.951064 7.267561
v 6.0590982 14.149603 6.7468224
v 7.87055 14.188453 8.579669
v 7.2211676 13.957107 7.9447
v 8.136847 15.014989 8.781958
v 6.9255447 15.210137 7.478516
v 6.15142 14.679515 5.4814963
v 4.278414 17.704147 3.9865563
v 3.904877 17.35786 3.6071594
v 6.6601586 15.41535 6.111536
v 6.756941 14.149602 6.0714173
v 7.299369 15.042611 6.7264056
v 7.9751754 13.957107 7.258268
v 8.585387 14.292703 7.963451
v 7.510025 15.295372 6.9746685
v 8.7686825 15.107131 8.23729
v 7.2211676 13.957107 7.9447
v 7.87055 14.188453 8.579669
v 8.585387 14.292703 7.963451
v 7.9751754 13.957107 7.258268
v 3.904877 17.35786 3.6071594
v 4.278414 17.704147 3.9865563
v 2.690587 19.980068 2.5103712
v 2.4914296 19.858908 2.2704027
v 2.4914296 19.858908 2.2704027
v 2.690587 19.980068 2.5103712
v 2.4881122 19.950542 2.684913
v 2.2704027 19.858908 2.4914293
v 8.136847 15.014989 8.781958
v 6.9255447 15.210137 7.478516
v 7.510025 15.295372 6.9746685
v 8.7686825 15.107131 8.23729
v 7.87055 14.188453 8.579669
v 8.136847 15.014989 8.781958
v 8.7686825 15.107131 8.23729
v 8.585387 14.292703 7.963451
v 7.299369 15.042611 6.7264056
v 7.510025 15.295372 6.9746685
v 6.9255447 15.210137 7.478516
v 6.6716094 14.951064 7.267561
v 7.87055 14.188453 8.579669
v 8.585387 14.292703 7.963451
v 7.299369 15.042611 6.7264056
v 6.6716094 14.951064 7.267561
v 7.2211676 13.957107 7.9447
v 7.9751754 13.957107 7.258268
v 6.756941 14.149602 6.0714173
v 6.0590982 14.149603 6.7468224
v 6.746826 14.149603 -6.059099
v 6.0714207 14.149602 -6.7569413
v 5.4815 14.679515 -6.1514206
v 6.15142 14.679515 -5.4814963
v 4.245631 17.660404 -3.9404194
v 2.684917 19.950542 -2.488113
v 2.5103743 19.980068 -2.690588
v 3.9870605 17.704147 -4.24037
v 7.2675643 14.951064 -6.67161
v 6.6153846 15.330117 -6.075682
v 6.11154 15.41535 -6.660159
v 6.72641 15.042611 -7.29937
v 3.9870605 17.704147 -4.24037
v 6.11154 15.41535 -6.660159
v 6.6153846 15.330117 -6.075682
v 4.245631 17.660404 -3.9404194
v 2.4914331 19.858908 -2.2704027
v 2.684917 19.950542 -2.488113
v 4.245631 17.660404 -3.9404194
v 3.9048834 17.35786 -3.5696123
v 6.6153846 15.330117 -6.075682
v 6.15142 14.679515 -5.4814963
v 7.2675643 14.951064 -6.67161
v 6.746826 14.149603 -6.059099
v 8.579673 14.188453 -7.8705516
v 7.944703 13.957107 -7.221168
v 8.781961 15.014989 -8.1368475
v 7.4785204 15.210137 -6.925546
v 5.4815 14.679515 -6.1514206
v 3.9870605 17.704147 -4.24037
v 3.6076567 17.35786 -3.866836
v 6.11154 15.41535 -6.660159
v 6.0714207 14.149602 -6.7569413
v 6.72641 15.042611 -7.29937
v 7.258271 13.957107 -7.975177
v 7.9634542 14.292703 -8.585388
v 6.9746723 15.295372 -7.5100255
v 8.237294 15.107131 -8.768683
v 7.944703 13.957107 -7.221168
v 8.579673 14.188453 -7.8705516
v 7.9634542 14.292703 -8.585388
v 7.258271 13.957107 -7.975177
v 3.6076567 17.35786 -3.866836
v 3.9870605 17.704147 -4.24037
v 2.5103743 19.980068 -2.690588
v 2.2704027 19.858908 -2.4914303
v 2.2704027 19.858908 -2.4914303
v 2.5103743 19.980068 -2.690588
v 2.684917 19.950542 -2.488113
v 2.4914331 19.858908 -2.2704027
v 8.781961 15.014989 -8.1368475
v 7.4785204 15.210137 -6.925546
v 6.9746723 15.295372 -7.5100255
v 8.237294 15.107131 -8.768683
v 8.579673 14.188453 -7.8705516
v 8.781961 15.014989 -8.1368475
v 8.237294 15.107131 -8.768683
v 7.9634542 14.292703 -8.585388
v 6.72641 15.042611 -7.29937
v 6.9746723 15.295372 -7.5100255
v 7.4785204 15.210137 -6.925546
v 7.2675643 14.951064 -6.67161
v 7.944703 13.957107 -7.221168
v 7.258271 13.957107 -7.975177
v 6.0714207 14.149602 -6.7569413
v 6.746826 14.149603 -6.059099
v -5.85994 14.0284395 -6.506854
v -6.5577817 14.028439 -5.8314495
v -5.9522614 14.5583515 -5.241528
v -5.282336 14.558354 -5.911454
v -3.7297702 17.532557 -3.9543724
v -2.2889538 19.82938 -2.4449458
v -2.4914298 19.858908 -2.2704034
v -4.0297194 17.576298 -3.6958013
v -6.4724503 14.829901 -7.0275936
v -5.8765225 15.208954 -6.375413
v -6.4609995 15.294187 -5.8715687
v -7.1002097 14.921448 -6.486438
v -4.0297194 17.576298 -3.6958013
v -6.4609995 15.294187 -5.8715687
v -5.8765225 15.208954 -6.375413
v -3.7297702 17.532557 -3.9543724
v -2.0712438 19.737745 -2.251462
v -2.2889538 19.82938 -2.4449458
v -3.7297702 17.532557 -3.9543724
v -3.3589633 17.230011 -3.6136248
v -3.3589633 17.230011 -3.6136248
v -3.7297702 17.532557 -3.9543724
v -5.8765225 15.208954 -6.375413
v -5.282336 14.558354 -5.911454
v -6.4724503 14.829901 -7.0275936
v -5.85994 14.0284395 -6.506854
v -7.671392 14.067291 -8.339702
v -7.0220084 13.835943 -7.704732
v -7.937688 14.893826 -8.541991
v -6.7263865 15.088974 -7.238549
v -5.9522614 14.5583515 -5.241528
v -4.0297194 17.576298 -3.6958013
v -3.6561818 17.230011 -3.3164046
v -6.4609995 15.294187 -5.8715687
v -6.5577817 14.028439 -5.8314495
v -7.1002097 14.921448 -6.486438
v -7.776017 13.835943 -7.0183
v -8.386229 14.171539 -7.723483
v -7.310866 15.174209 -6.734701
v -8.569524 14.985969 -7.997322
v -7.0220084 13.835943 -7.704732
v -7.671392 14.067291 -8.339702
v -8.386229 14.171539 -7.723483
v -7.776017 13.835943 -7.0183
v -3.6561818 17.230011 -3.3164046
v -4.0297194 17.576298 -3.6958013
v -2.4914298 19.858908 -2.2704034
v -2.2922711 19.737745 -2.0304348
v -2.2922711 19.737745 -2.0304348
v -2.4914298 19.858908 -2.2704034
v -2.2889538 19.82938 -2.4449458
v -2.0712438 19.737745 -2.251462
v -7.937688 14.893826 -8.541991
v -6.7263865 15.088974 -7.238549
v -7.310866 15.174209 -6.734701
v -8.569524 14.985969 -7.997322
v -7.671392 14.067291 -8.339702
v -7.937688 14.893826 -8.541991
v -8.569524 14.985969 -7.997322
v -8.386229 14.171539 -7.723483
v -7.1002097 14.921448 -6.486438
v -7.310866 15.174209 -6.734701
v -6.7263865 15.088974 -7.238549
v -6.4724503 14.829901 -7.0275936
v -7.0220084 13.835943 -7.704732
v -7.776017 13.835943 -7.0183
v -6.5577817 14.028439 -5.8314495
v -5.85994 14.0284395 -6.506854
v -6.74682 14.149602 6.059099
v -6.071414 14.149599 6.7569413
v -5.4814963 14.679516 6.1514206
v -6.1514215 14.679516 5.4814963
v -4.2070804 17.660402 3.9779654
v -2.684912 19.95054 2.488113
v -2.5103693 19.980068 2.6905878
v -3.9485095 17.704145 4.2779145
v -7.2675595 14.951063 6.67161
v -6.6153784 15.330114 6.075682
v -6.1115336 15.415349 6.660159
v -6.7264037 15.042608 7.29937
v -3.9485095 17.704145 4.2779145
v -6.1115336 15.415349 6.660159
v -6.6153784 15.330114 6.075682
v -4.2070804 17.660402 3.9779654
v -2.4914298 19.858908 2.2704027
v -2.684912 19.95054 2.488113
v -4.2070804 17.660402 3.9779654
v -3.8663323 17.357859 3.6071575
v -3.8663323 17.357859 3.6071575
v -4.2070804 17.660402 3.9779654
v -6.6153784 15.330114 6.075682
v -6.1514215 14.679516 5.4814963
v -7.2675595 14.951063 6.67161
v -6.74682 14.149602 6.059099
v -8.579667 14.188452 7.8705516
v -7.944697 13.957106 7.221168
v -8.781957 15.014986 8.1368475
v -7.478514 15.210136 6.925546
v -7.944697 13.957106 7.221168
v -8.579667 14.188452 7.8705516
v -7.963449 14.2927 8.585388
v -7.258265 13.957106 7.975177
v -3.5691175 17.35786 3.9043798
v -2.5103693 19.980068 2.6905878
v -2.2704008 19.858906 2.4914298
v -3.9485095 17.704145 4.2779145
v -5.4814963 14.679516 6.1514206
v -6.1115336 15.415349 6.660159
v -6.071414 14.149599 6.7569413
v -6.7264037 15.042608 7.29937
v -7.258265 13.957106 7.975177
v -7.963449 14.2927 8.585388
v -6.974667 15.295369 7.5100255
v -8.237288 15.107131 8.768683
v -2.2704008 19.858906 2.4914298
v -2.5103693 19.980068 2.6905878
v -2.684912 19.95054 2.488113
v -2.4914298 19.858908 2.2704027
v -8.781957 15.014986 8.1368475
v -7.478514 15.210136 6.925546
v -6.974667 15.295369 7.5100255
v -8.237288 15.107131 8.768683
v -8.579667 14.188452 7.8705516
v -8.781957 15.014986 8.1368475
v -8.237288 15.107131 8.768683
v -7.963449 14.2927 8.585388
v -6.7264037 15.042608 7.29937
v -6.974667 15.295369 7.5100255
v -7.478514 15.210136 6.925546
v -7.2675595 14.951063 6.67161
v -7.944697 13.957106 7.221168
v -7.258265 13.957106 7.975177
v -6.071414 14.149599 6.7569413
v -6.74682 14.149602 6.059099
v -6.0632424 0.7790689 -5.3732657
v -5.3666706 0.7790689 -6.069838
v 5.3467307 0.7790689 -6.069838
v 6.0433035 0.7790689 -5.3732657
v -6.0632424 0.7790689 5.3401365
v 6.0433035 0.7790689 5.340136
v 5.3467307 0.7790689 6.036709
v -5.3666697 0.7790689 6.036709
v 6.0433035 0.7790689 5.340136
v 6.0433035 -0.28711256 5.340136
v 5.3467307 -0.28711256 6.036709
v 5.3467307 0.7790689 6.036709
v -6.0632424 0.7790689 -5.3732657
v -6.0632424 -0.28711256 -5.3732657
v -5.3666706 -0.28711256 -6.069838
v -5.3666706 0.7790689 -6.069838
v 6.0433035 0.7790689 -5.3732657
v 6.0433035 -0.28711256 -5.3732657
v 6.0433035 -0.28711256 5.340136
v 6.0433035 0.7790689 5.340136
v 5.3467307 0.7790689 6.036709
v 5.3467307 -0.28711256 6.036709
v -5.3666697 -0.28711256 6.036709
v -5.3666697 0.7790689 6.036709
v -5.3666697 0.7790689 6.036709
v -5.3666697 -0.28711256 6.036709
v -6.0632424 -0.28711256 5.3401365
v -6.0632424 0.7790689 5.3401365
v 5.3467307 0.7790689 -6.069838
v 5.3467307 -0.28711256 -6.069838
v 6.0433035 -0.28711256 -5.3732657
v 6.0433035 0.7790689 -5.3732657
v -5.3666706 0.7790689 -6.069838
v -5.3666706 -0.28711256 -6.069838
v 5.3467307 -0.28711256 -6.069838
v 5.3467307 0.7790689 -6.069838
v -6.0632424 0.7790689 5.3401365
v -6.0632424 -0.28711256 5.3401365
v -6.0632424 -0.28711256 -5.3732657
v -6.0632424 0.7790689 -5.3732657
v 4.842317 11.987017 6.8209586
v 4.842317 11.987017 7.1336875
v 2.0823724 11.987017 7.1336875
v 2.0823724 11.987017 6.8209586
v 4.653836 9.112407 6.609474
v 4.653836 9.112407 6.922203
v 4.842317 11.987017 7.1336875
v 4.842317 11.987017 6.8209586
v 2.0823724 11.987017 6.8209586
v 2.0823724 11.987017 7.1336875
v 2.0823724 9.112407 6.922203
v 2.0823724 9.112407 6.609474
v 2.0823724 9.112407 6.609474
v 2.0823724 9.112407 6.922203
v 4.653836 9.112407 6.922203
v 4.653836 9.112407 6.609474
v 2.5937276 9.575343 6.962772
v 2.762643 9.728265 6.757191
v 4.021658 9.728265 6.757191
v 4.1786313 9.575343 6.962772
v 2.762643 9.728265 6.757191
v 2.762643 11.371159 6.8607364
v 4.1139402 11.371159 6.8607364
v 4.021658 9.728265 6.757191
v 4.2948003 11.524079 7.0931187
v 4.1139402 11.371159 6.8607364
v 2.762643 11.371159 6.8607364
v 2.5937276 11.524079 7.0931187
v 4.1786313 9.575343 6.962772
v 4.021658 9.728265 6.757191
v 4.1139402 11.371159 6.8607364
v 4.2948003 11.524079 7.0931187
v 2.5937276 11.524079 7.0931187
v 2.762643 11.371159 6.8607364
v 2.762643 9.728265 6.757191
v 2.5937276 9.575343 6.962772
v -1.4104759 11.987017 6.8209586
v 1.349469 11.987017 6.8209586
v 1.349469 11.987017 7.1336875
v -1.4104759 11.987017 7.1336875
v -1.2868823 9.112407 6.609474
v -1.4104759 11.987017 6.8209586
v -1.4104759 11.987017 7.1336875
v -1.2868823 9.112407 6.922203
v 1.349469 11.987017 6.8209586
v 1.2845808 9.112407 6.609474
v 1.2845808 9.112407 6.922203
v 1.349469 11.987017 7.1336875
v 1.2845808 9.112407 6.609474
v -1.2868823 9.112407 6.609474
v -1.2868823 9.112407 6.922203
v 1.2845808 9.112407 6.922203
v 0.7732255 9.575343 6.962772
v -0.81167793 9.575343 6.962772
v -0.6547045 9.728265 6.757191
v 0.60431015 9.728265 6.757191
v 0.60431015 9.728265 6.757191
v -0.6547045 9.728265 6.757191
v -0.68209875 11.371159 6.8607364
v 0.66919816 11.371159 6.8607364
v -0.862959 11.524079 7.0931187
v 0.8381135 11.524079 7.0931187
v 0.66919816 11.371159 6.8607364
v -0.68209875 11.371159 6.8607364
v -0.81167793 9.575343 6.962772
v -0.862959 11.524079 7.0931187
v -0.68209875 11.371159 6.8607364
v -0.6547045 9.728265 6.757191
v 0.8381135 11.524079 7.0931187
v 0.7732255 9.575343 6.962772
v 0.60431015 9.728265 6.757191
v 0.66919816 11.371159 6.8607364
v -7.6423 12.97428 -6.964313
v -7.6423 14.1193495 -6.964313
v -7.6423 14.1193495 6.964315
v -7.6423 12.97428 6.964315
v 7.642299 12.97428 -6.964313
v 7.642299 14.1193495 -6.964313
v 6.964314 14.1193495 -7.642299
v 6.964314 12.97428 -7.642299
v -7.6423 12.97428 6.964315
v -7.6423 14.1193495 6.964315
v -6.964315 14.1193495 7.6423
v -6.964315 12.97428 7.6423
v 7.642299 12.97428 6.964315
v 7.642299 14.1193495 6.964315
v 7.642299 14.1193495 -6.964313
v 7.642299 12.97428 -6.964313
v 6.964314 12.97428 -7.642299
v 6.964314 14.1193495 -7.642299
v -6.964315 14.1193495 -7.642299
v -6.964315 12.97428 -7.642299
v 7.642299 12.97428 6.964315
v 6.964313 12.97428 7.6423
v 6.964313 14.1193495 7.6423
v 7.642299 14.1193495 6.964315
v -6.964315 12.97428 -7.642299
v -6.964315 14.1193495 -7.642299
v -7.6423 14.1193495 -6.964313
v -7.6423 12.97428 -6.964313
v -6.964315 12.97428 7.6423
v -6.964315 14.1193495 7.6423
v 6.964313 14.1193495 7.6423
v 6.964313 12.97428 7.6423
v -7.6423 14.1193495 -6.964313
v -6.964315 14.1193495 -7.642299
v 6.964314 14.1193495 -7.642299
v 7.642299 14.1193495 -6.964313
v -7.6423 14.1193495 6.964315
v 7.642299 14.1193495 6.964315
v -6.964315 14.1193495 7.6423
v 6.964313 14.1193495 7.6423
v -5.0794725 11.987017 6.8209586
v -2.3195274 11.987017 6.8209586
v -2.3195274 11.987017 7.1336875
v -5.0794725 11.987017 7.1336875
v -4.890991 9.112407 6.609474
v -5.0794725 11.987017 6.8209586
v -5.0794725 11.987017 7.1336875
v -4.890991 9.112407 6.922203
v -2.3195274 11.987017 6.8209586
v -2.3195274 9.112407 6.609474
v -2.3195274 9.112407 6.922203
v -2.3195274 11.987017 7.1336875
v -2.3195274 9.112407 6.609474
v -4.890991 9.112407 6.609474
v -4.890991 9.112407 6.922203
v -2.3195274 9.112407 6.922203
v -2.8308828 9.575343 6.962772
v -4.4157867 9.575343 6.962772
v -4.258813 9.728265 6.757191
v -2.9997978 9.728265 6.757191
v -2.9997978 9.728265 6.757191
v -4.258813 9.728265 6.757191
v -4.351095 11.371159 6.8607364
v -2.9997978 11.371159 6.8607364
v -4.5319552 11.524079 7.0931187
v -2.8308828 11.524079 7.0931187
v -2.9997978 11.371159 6.8607364
v -4.351095 11.371159 6.8607364
v -4.4157867 9.575343 6.962772
v -4.5319552 11.524079 7.0931187
v -4.351095 11.371159 6.8607364
v -4.258813 9.728265 6.757191
v -2.8308828 11.524079 7.0931187
v -2.8308828 9.575343 6.962772
v -2.9997978 9.728265 6.757191
v -2.9997978 11.371159 6.8607364
v -5.8788013 8.462033 6.5259075
v -6.309702 13.5945 6.9239593
v 6.3096995 13.5945 6.9239593
v 5.8787994 8.462033 6.5259075
v 6.7798014 11.987017 -4.767725
v 7.092531 11.987017 -4.767725
v 7.092531 11.987017 -2.0077815
v 6.7798014 11.987017 -2.0077815
v 6.568317 9.112407 -4.5792437
v 6.8810453 9.112407 -4.5792437
v 7.092531 11.987017 -4.767725
v 6.7798014 11.987017 -4.767725
v 6.7798014 11.987017 -2.0077815
v 7.092531 11.987017 -2.0077815
v 6.8810453 9.112407 -2.0077815
v 6.568317 9.112407 -2.0077815
v 6.568317 9.112407 -2.0077815
v 6.8810453 9.112407 -2.0077815
v 6.8810453 9.112407 -4.5792437
v 6.568317 9.112407 -4.5792437
v 6.9216146 9.575343 -2.5191367
v 6.716034 9.728265 -2.688052
v 6.716034 9.728265 -3.9470665
v 6.9216146 9.575343 -4.1040397
v 6.716034 9.728265 -2.688052
v 6.8195786 11.371159 -2.688052
v 6.8195786 11.371159 -4.039348
v 6.716034 9.728265 -3.9470665
v 7.0519614 11.524079 -4.220209
v 6.8195786 11.371159 -4.039348
v 6.8195786 11.371159 -2.688052
v 7.0519614 11.524079 -2.5191367
v 6.9216146 9.575343 -4.1040397
v 6.716034 9.728265 -3.9470665
v 6.8195786 11.371159 -4.039348
v 7.0519614 11.524079 -4.220209
v 7.0519614 11.524079 -2.5191367
v 6.8195786 11.371159 -2.688052
v 6.716034 9.728265 -2.688052
v 6.9216146 9.575343 -2.5191367
v 6.779803 11.987017 1.4850668
v 6.7798014 11.987017 -1.274878
v 7.092531 11.987017 -1.274878
v 7.092531 11.987017 1.4850668
v 6.568317 9.112407 1.3614733
v 6.779803 11.987017 1.4850668
v 7.092531 11.987017 1.4850668
v 6.8810472 9.112407 1.3614733
v 6.7798014 11.987017 -1.274878
v 6.568317 9.112407 -1.2099905
v 6.8810453 9.112407 -1.2099905
v 7.092531 11.987017 -1.274878
v 6.568317 9.112407 -1.2099905
v 6.568317 9.112407 1.3614733
v 6.8810472 9.112407 1.3614733
v 6.8810453 9.112407 -1.2099905
v 6.9216146 9.575343 -0.6986352
v 6.9216146 9.575343 0.8862697
v 6.716035 9.728265 0.7292951
v 6.716034 9.728265 -0.52971834
v 6.716034 9.728265 -0.52971834
v 6.716035 9.728265 0.7292951
v 6.8195806 11.371159 0.7566892
v 6.8195786 11.371159 -0.5946074
v 7.0519614 11.524079 0.93754977
v 7.0519614 11.524079 -0.7635227
v 6.8195786 11.371159 -0.5946074
v 6.8195806 11.371159 0.7566892
v 6.9216146 9.575343 0.8862697
v 7.0519614 11.524079 0.93754977
v 6.8195806 11.371159 0.7566892
v 6.716035 9.728265 0.7292951
v 7.0519614 11.524079 -0.7635227
v 6.9216146 9.575343 -0.6986352
v 6.716034 9.728265 -0.52971834
v 6.8195786 11.371159 -0.5946074
v 6.779803 11.987017 5.1540637
v 6.779803 11.987017 2.394118
v 7.092531 11.987017 2.394118
v 7.092531 11.987017 5.1540637
v 6.568317 9.112407 4.965582
v 6.779803 11.987017 5.1540637
v 7.092531 11.987017 5.1540637
v 6.8810472 9.112407 4.965582
v 6.779803 11.987017 2.394118
v 6.568317 9.112407 2.394118
v 6.8810472 9.112407 2.394118
v 7.092531 11.987017 2.394118
v 6.568317 9.112407 2.394118
v 6.568317 9.112407 4.965582
v 6.8810472 9.112407 4.965582
v 6.8810472 9.112407 2.394118
v 6.9216146 9.575343 2.9054732
v 6.9216146 9.575343 4.490377
v 6.716035 9.728265 4.3334036
v 6.716035 9.728265 3.0743887
v 6.716035 9.728265 3.0743887
v 6.716035 9.728265 4.3334036
v 6.8195806 11.371159 4.4256854
v 6.8195806 11.371159 3.0743887
v 7.0519614 11.524079 4.606546
v 7.0519614 11.524079 2.9054732
v 6.8195806 11.371159 3.0743887
v 6.8195806 11.371159 4.4256854
v 6.9216146 9.575343 4.490377
v 7.0519614 11.524079 4.606546
v 6.8195806 11.371159 4.4256854
v 6.716035 9.728265 4.3334036
v 7.0519614 11.524079 2.9054732
v 6.9216146 9.575343 2.9054732
v 6.716035 9.728265 3.0743887
v 6.8195806 11.371159 3.0743887
v -6.7631216 11.987017 -4.767725
v -6.7631216 11.987017 -2.0077815
v -7.075852 11.987017 -2.0077815
v -7.075852 11.987017 -4.767725
v -6.551638 9.112407 -4.579243
v -6.7631216 11.987017 -4.767725
v -7.075852 11.987017 -4.767725
v -6.8643646 9.112407 -4.579243
v -6.7631216 11.987017 -2.0077815
v -6.551638 9.112407 -2.0077815
v -6.8643646 9.112407 -2.0077815
v -7.075852 11.987017 -2.0077815
v -6.551638 9.112407 -2.0077815
v -6.551638 9.112407 -4.579243
v -6.8643646 9.112407 -4.579243
v -6.8643646 9.112407 -2.0077815
v -6.9049344 9.575343 -2.5191367
v -6.9049344 9.575343 -4.1040397
v -6.699354 9.728265 -3.9470663
v -6.699354 9.728265 -2.688052
v -6.699354 9.728265 -2.688052
v -6.699354 9.728265 -3.9470663
v -6.802898 11.371159 -4.039348
v -6.802898 11.371159 -2.688052
v -7.0352817 11.524079 -4.2202086
v -7.0352817 11.524079 -2.5191367
v -6.802898 11.371159 -2.688052
v -6.802898 11.371159 -4.039348
v -6.9049344 9.575343 -4.1040397
v -7.0352817 11.524079 -4.2202086
v -6.802898 11.371159 -4.039348
v -6.699354 9.728265 -3.9470663
v -7.0352817 11.524079 -2.5191367
v -6.9049344 9.575343 -2.5191367
v -6.699354 9.728265 -2.688052
v -6.802898 11.371159 -2.688052
v -6.7631216 11.987017 1.4850667
v -7.075852 11.987017 1.4850667
v -7.075852 11.987017 -1.2748779
v -6.7631216 11.987017 -1.2748779
v -6.551638 9.112407 1.3614733
v -6.8643675 9.112407 1.3614733
v -7.075852 11.987017 1.4850667
v -6.7631216 11.987017 1.4850667
v -6.7631216 11.987017 -1.2748779
v -7.075852 11.987017 -1.2748779
v -6.8643646 9.112407 -1.2099904
v -6.551638 9.112407 -1.2099904
v -6.551638 9.112407 -1.2099904
v -6.8643646 9.112407 -1.2099904
v -6.8643675 9.112407 1.3614733
v -6.551638 9.112407 1.3614733
v -6.9049344 9.575343 -0.6986351
v -6.699354 9.728265 -0.5297183
v -6.699354 9.728265 0.7292951
v -6.9049344 9.575343 0.8862697
v -6.699354 9.728265 -0.5297183
v -6.802898 11.371159 -0.59460735
v -6.802901 11.371159 0.75668913
v -6.699354 9.728265 0.7292951
v -7.0352817 11.524079 0.93754977
v -6.802901 11.371159 0.75668913
v -6.802898 11.371159 -0.59460735
v -7.0352817 11.524079 -0.7635226
v -6.9049344 9.575343 0.8862697
v -6.699354 9.728265 0.7292951
v -6.802901 11.371159 0.75668913
v -7.0352817 11.524079 0.93754977
v -7.0352817 11.524079 -0.7635226
v -6.802898 11.371159 -0.59460735
v -6.699354 9.728265 -0.5297183
v -6.9049344 9.575343 -0.6986351
v -6.7631216 11.987017 5.154063
v -7.075852 11.987017 5.154063
v -7.075852 11.987017 2.3941178
v -6.7631216 11.987017 2.3941178
v -6.551638 9.112407 4.9655814
v -6.8643675 9.112407 4.9655814
v -7.075852 11.987017 5.154063
v -6.7631216 11.987017 5.154063
v -6.7631216 11.987017 2.3941178
v -7.075852 11.987017 2.3941178
v -6.8643675 9.112407 2.3941178
v -6.551638 9.112407 2.3941178
v -6.551638 9.112407 2.3941178
v -6.8643675 9.112407 2.3941178
v -6.8643675 9.112407 4.9655814
v -6.551638 9.112407 4.9655814
v -6.9049344 9.575343 2.9054732
v -6.699354 9.728265 3.0743883
v -6.699354 9.728265 4.333403
v -6.9049344 9.575343 4.4903765
v -6.699354 9.728265 3.0743883
v -6.802901 11.371159 3.0743883
v -6.802901 11.371159 4.425685
v -6.699354 9.728265 4.333403
v -7.0352817 11.524079 4.606546
v -6.802901 11.371159 4.425685
v -6.802901 11.371159 3.0743883
v -7.0352817 11.524079 2.9054732
v -6.9049344 9.575343 4.4903765
v -6.699354 9.728265 4.333403
v -6.802901 11.371159 4.425685
v -7.0352817 11.524079 4.606546
v -7.0352817 11.524079 2.9054732
v -6.802901 11.371159 3.0743883
v -6.699354 9.728265 3.0743883
v -6.9049344 9.575343 2.9054732
v 4.842317 11.987017 -6.774727
v 2.0823724 11.987017 -6.774727
v 2.0823724 11.987017 -7.0874553
v 4.842317 11.987017 -7.0874553
v 4.6538353 9.112407 -6.563242
v 4.842317 11.987017 -6.774727
v 4.842317 11.987017 -7.0874553
v 4.6538353 9.112407 -6.87597
v 2.0823724 11.987017 -6.774727
v 2.0823724 9.112407 -6.563242
v 2.0823724 9.112407 -6.87597
v 2.0823724 11.987017 -7.0874553
v 2.0823724 9.112407 -6.563242
v 4.6538353 9.112407 -6.563242
v 4.6538353 9.112407 -6.87597
v 2.0823724 9.112407 -6.87597
v 2.5937276 9.575343 -6.9165397
v 4.178631 9.575343 -6.9165397
v 4.0216575 9.728265 -6.7109594
v 2.762643 9.728265 -6.7109594
v 2.762643 9.728265 -6.7109594
v 4.0216575 9.728265 -6.7109594
v 4.11394 11.371159 -6.814503
v 2.762643 11.371159 -6.814503
v 4.2948 11.524079 -7.046886
v 2.5937276 11.524079 -7.046886
v 2.762643 11.371159 -6.814503
v 4.11394 11.371159 -6.814503
v 4.178631 9.575343 -6.9165397
v 4.2948 11.524079 -7.046886
v 4.11394 11.371159 -6.814503
v 4.0216575 9.728265 -6.7109594
v 2.5937276 11.524079 -7.046886
v 2.5937276 9.575343 -6.9165397
v 2.762643 9.728265 -6.7109594
v 2.762643 11.371159 -6.814503
v -1.4104759 11.987017 -6.774727
v -1.4104759 11.987017 -7.0874553
v 1.3494688 11.987017 -7.0874553
v 1.3494688 11.987017 -6.774727
v -1.2868823 9.112407 -6.563242
v -1.2868823 9.112407 -6.87597
v -1.4104759 11.987017 -7.0874553
v -1.4104759 11.987017 -6.774727
v 1.3494688 11.987017 -6.774727
v 1.3494688 11.987017 -7.0874553
v 1.2845808 9.112407 -6.87597
v 1.2845808 9.112407 -6.563242
v 1.2845808 9.112407 -6.563242
v 1.2845808 9.112407 -6.87597
v -1.2868823 9.112407 -6.87597
v -1.2868823 9.112407 -6.563242
v 0.77322537 9.575343 -6.9165397
v 0.6043101 9.728265 -6.7109594
v -0.65470445 9.728265 -6.7109594
v -0.81167793 9.575343 -6.9165397
v 0.6043101 9.728265 -6.7109594
v 0.669198 11.371159 -6.814503
v -0.68209875 11.371159 -6.814503
v -0.65470445 9.728265 -6.7109594
v -0.862959 11.524079 -7.046886
v -0.68209875 11.371159 -6.814503
v 0.669198 11.371159 -6.814503
v 0.83811337 11.524079 -7.046886
v -0.81167793 9.575343 -6.9165397
v -0.65470445 9.728265 -6.7109594
v -0.68209875 11.371159 -6.814503
v -0.862959 11.524079 -7.046886
v 0.83811337 11.524079 -7.046886
v 0.669198 11.371159 -6.814503
v 0.6043101 9.728265 -6.7109594
v 0.77322537 9.575343 -6.9165397
v -5.079472 11.987017 -6.774727
v -5.079472 11.987017 -7.0874553
v -2.3195271 11.987017 -7.0874553
v -2.3195271 11.987017 -6.774727
v -4.8909903 9.112407 -6.563242
v -4.8909903 9.112407 -6.87597
v -5.079472 11.987017 -7.0874553
v -5.079472 11.987017 -6.774727
v -2.3195271 11.987017 -6.774727
v -2.3195271 11.987017 -7.0874553
v -2.3195271 9.112407 -6.87597
v -2.3195271 9.112407 -6.563242
v -2.3195271 9.112407 -6.563242
v -2.3195271 9.112407 -6.87597
v -4.8909903 9.112407 -6.87597
v -4.8909903 9.112407 -6.563242
v -2.8308823 9.575343 -6.9165397
v -2.9997978 9.728265 -6.7109594
v -4.2588124 9.728265 -6.7109594
v -4.4157863 9.575343 -6.9165397
v -2.9997978 9.728265 -6.7109594
v -2.9997978 11.371159 -6.814503
v -4.3510947 11.371159 -6.814503
v -4.2588124 9.728265 -6.7109594
v -4.5319552 11.524079 -7.046886
v -4.3510947 11.371159 -6.814503
v -2.9997978 11.371159 -6.814503
v -2.8308823 11.524079 -7.046886
v -4.4157863 9.575343 -6.9165397
v -4.2588124 9.728265 -6.7109594
v -4.3510947 11.371159 -6.814503
v -4.5319552 11.524079 -7.046886
v -2.8308823 11.524079 -7.046886
v -2.9997978 11.371159 -6.814503
v -2.9997978 9.728265 -6.7109594
v -2.8308823 9.575343 -6.9165397
v -6.886141 11.980072 8.741898
v -7.7002063 11.980072 9.079094
v -7.7002063 12.539962 8.937215
v -6.986466 12.539962 8.641573
v -6.886141 11.980072 8.741898
v -7.7002068 11.442537 8.765566
v -7.7002063 11.980072 9.079094
v -7.107838 11.442537 8.520199
v -8.292572 11.442537 8.520199
v -7.7002068 11.442537 8.765566
v -7.7002063 11.980072 9.079094
v -8.537938 11.442537 7.927833
v -6.8624735 11.442537 7.927833
v -8.514272 11.980072 8.741898
v -8.413946 12.539962 8.641573
v -7.7002063 12.539962 8.937215
v -8.851467 11.980072 7.9278326
v -8.292572 11.442537 7.335466
v -8.709587 12.539962 7.9278326
v -8.179338 13.127526 8.406964
v -7.7002063 13.127526 8.605428
v -8.377802 13.127526 7.927831
v -6.986466 12.539962 8.641573
v -8.179338 13.127526 7.448699
v -7.221074 13.127526 8.406964
v -8.413946 12.539962 7.214092
v -7.7002063 13.127526 7.2502356
v -6.690825 12.539962 7.9278326
v -7.02261 13.127526 7.927831
v -8.514272 11.980072 7.113767
v -7.7002063 12.539962 6.9184504
v -7.221074 13.127526 7.448699
v -6.986466 12.539962 7.214092
v -6.5489445 11.980072 7.9278326
v -6.886141 11.980072 8.741898
v -7.107838 11.442537 8.520199
v -6.886141 11.980072 7.113767
v -7.7002063 11.980072 6.776571
v -7.107838 11.442537 7.335466
v -7.7002068 11.442537 7.090099
v -8.179338 13.554189 7.448699
v -7.7002063 13.554189 7.2502356
v -7.221074 13.554189 7.448699
v -8.377802 13.554189 7.927831
v -7.02261 13.554189 7.927831
v -8.179338 13.554189 8.406964
v -7.221074 13.554189 8.406964
v -7.7002063 13.554189 8.605428
v -6.886141 10.012693 8.741898
v -7.7002063 10.012693 9.079094
v -7.7002063 10.572584 8.937215
v -6.986466 10.572584 8.641573
v -6.886141 10.012693 8.741898
v -7.7002068 9.475159 8.765566
v -7.7002063 10.012693 9.079094
v -7.107838 9.475159 8.520199
v -8.292572 9.475159 8.520199
v -7.7002068 9.475159 8.765566
v -7.7002063 10.012693 9.079094
v -8.537938 9.475159 7.927833
v -6.8624735 9.475159 7.927833
v -8.514272 10.012693 8.741898
v -8.413946 10.572584 8.641573
v -7.7002063 10.572584 8.937215
v -8.851467 10.012693 7.9278326
v -8.292572 9.475159 7.335466
v -8.709587 10.572584 7.9278326
v -8.179338 11.160149 8.406964
v -8.377802 11.160149 7.927831
v -7.7002063 11.160149 8.605428
v -6.986466 10.572584 8.641573
v -7.221074 11.160149 8.406964
v -7.02261 11.160149 7.927831
v -6.690825 10.572584 7.9278326
v -6.5489445 10.012693 7.9278326
v -6.886141 10.012693 8.741898
v -7.107838 9.475159 8.520199
v -6.886141 10.012693 7.113767
v -6.986466 10.572584 7.214092
v -7.221074 11.160149 7.448699
v -7.107838 9.475159 7.335466
v -7.7002063 10.012693 6.776571
v -7.7002068 9.475159 7.090099
v -8.514272 10.012693 7.113767
v -7.7002063 10.572584 6.9184504
v -8.413946 10.572584 7.214092
v -8.179338 11.160149 7.448699
v -7.7002063 11.160149 7.2502356
v -6.886141 8.041552 8.741898
v -7.7002063 8.041552 9.079094
v -7.7002063 8.601442 8.937215
v -6.986466 8.601442 8.641573
v -7.7002063 8.041552 9.079094
v -7.7002068 7.5040164 8.765566
v -8.292572 7.5040164 8.520199
v -8.514272 8.041552 8.741898
v -8.413946 8.601442 8.641573
v -7.7002063 8.601442 8.937215
v -8.537938 7.5040164 7.927833
v -7.107838 7.5040164 8.520199
v -7.7002068 7.5040164 8.765566
v -8.709587 8.601442 7.9278326
v -8.851467 8.041552 7.9278326
v -8.179338 9.189007 8.406964
v -8.377802 9.189007 7.927831
v -7.7002063 9.189007 8.605428
v -6.986466 8.601442 8.641573
v -7.221074 9.189007 8.406964
v -7.02261 9.189007 7.927831
v -6.690825 8.601442 7.9278326
v -6.5489445 8.041552 7.9278326
v -6.886141 8.041552 8.741898
v -6.8624735 7.5040164 7.927833
v -6.886141 8.041552 7.113767
v -6.986466 8.601442 7.214092
v -7.221074 9.189007 7.448699
v -8.292572 7.5040164 7.335466
v -7.107838 7.5040164 7.335466
v -7.7002063 8.041552 6.776571
v -7.7002068 7.5040164 7.090099
v -8.514272 8.041552 7.113767
v -7.7002063 8.601442 6.9184504
v -8.413946 8.601442 7.214092
v -8.179338 9.189007 7.448699
v -7.7002063 9.189007 7.2502356
v -6.886141 8.041552 8.741898
v -7.107838 7.5040164 8.520199
v -7.7002063 8.041552 9.079094
v 6.8301005 11.980072 8.741898
v 6.930425 12.539962 8.641573
v 7.644166 12.539962 8.937215
v 7.644166 11.980072 9.079094
v 6.8301005 11.980072 8.741898
v 7.644166 11.980072 9.079094
v 7.644166 11.442537 8.765566
v 7.051798 11.442537 8.520199
v 7.1650333 13.554189 7.448699
v 7.644166 13.554189 7.2502356
v 8.123298 13.554189 7.448699
v 6.96657 13.554189 7.927831
v 8.321762 13.554189 7.927831
v 7.1650333 13.554189 8.406964
v 8.123298 13.554189 8.406964
v 7.644166 13.554189 8.605428
v 6.8301005 10.012693 8.741898
v 6.930425 10.572584 8.641573
v 7.644166 10.572584 8.937215
v 7.644166 10.012693 9.079094
v 7.644166 10.012693 9.079094
v 8.236532 9.475159 8.520199
v 7.644166 9.475159 8.765566
v 8.458231 10.012693 8.741898
v 8.357905 10.572584 8.641573
v 7.644166 10.572584 8.937215
v 8.123298 11.160149 8.406964
v 7.644166 11.160149 8.605428
v 6.930425 10.572584 8.641573
v 7.1650333 11.160149 8.406964
v 8.321762 11.160149 7.927831
v 8.653547 10.572584 7.9278326
v 6.634784 10.572584 7.9278326
v 6.96657 11.160149 7.927831
v 8.123298 11.160149 7.448699
v 6.4929047 10.012693 7.9278326
v 6.8301005 10.012693 8.741898
v 7.051798 9.475159 8.520199
v 8.795426 10.012693 7.9278326
v 8.357905 10.572584 7.214092
v 8.481898 9.475159 7.927833
v 7.644166 9.475159 8.765566
v 6.8064327 9.475159 7.927833
v 6.8301005 10.012693 7.113767
v 6.930425 10.572584 7.214092
v 7.1650333 11.160149 7.448699
v 7.051798 9.475159 7.335466
v 8.236532 9.475159 7.335466
v 7.644166 11.160149 7.2502356
v 7.644166 10.572584 6.9184504
v 7.644166 10.012693 6.776571
v 8.458231 10.012693 7.113767
v 7.644166 9.475159 7.090099
v 6.8301005 10.012693 8.741898
v 7.644166 10.012693 9.079094
v 7.051798 9.475159 8.520199
v 6.8301005 8.041552 8.741898
v 6.930425 8.601442 8.641573
v 7.644166 8.601442 8.937215
v 7.644166 8.041552 9.079094
v 7.644166 8.041552 9.079094
v 8.236532 7.5040164 8.520199
v 7.644166 7.5040164 8.765566
v 8.458231 8.041552 8.741898
v 8.357905 8.601442 8.641573
v 7.644166 8.601442 8.937215
v 8.123298 9.189007 8.406964
v 7.644166 9.189007 8.605428
v 6.930425 8.601442 8.641573
v 7.1650333 9.189007 8.406964
v 8.321762 9.189007 7.927831
v 8.653547 8.601442 7.9278326
v 6.634784 8.601442 7.9278326
v 6.96657 9.189007 7.927831
v 8.123298 9.189007 7.448699
v 6.4929047 8.041552 7.9278326
v 6.8301005 8.041552 8.741898
v 7.051798 7.5040164 8.520199
v 8.795426 8.041552 7.9278326
v 8.357905 8.601442 7.214092
v 8.481898 7.5040164 7.927833
v 7.644166 7.5040164 8.765566
v 6.8064327 7.5040164 7.927833
v 6.8301005 8.041552 7.113767
v 6.930425 8.601442 7.214092
v 7.1650333 9.189007 7.448699
v 7.051798 7.5040164 7.335466
v 8.236532 7.5040164 7.335466
v 7.644166 9.189007 7.2502356
v 7.644166 8.601442 6.9184504
v 7.644166 8.041552 6.776571
v 8.458231 8.041552 7.113767
v 7.644166 7.5040164 7.090099
v 6.8301005 8.041552 8.741898
v 7.644166 8.041552 9.079094
v 7.051798 7.5040164 8.520199
v 0.5982743 4.90644 5.492095
v 0.5982743 1.5788373 5.1655273
v 0.40566742 1.3496548 5.496459
v 0.40566742 5.066916 5.861268
v 0.5982743 1.5788373 5.1655273
v 1.7562089 1.5790509 5.16335
v 1.9493583 1.349902 5.4939404
v 0.40566742 1.3496548 5.496459
v 2.35909 5.6005406 5.5419517
v 2.35909 0.9022103 5.080861
v 2.2211556 1.023657 5.4616413
v 2.2211556 5.3934636 5.8904905
v -0.0012357763 5.600211 5.545313
v 2.35909 5.6005406 5.5419517
v 2.2211556 5.3934636 5.8904905
v 0.133868 5.393159 5.8935905
v -0.0012357763 5.600211 5.545313
v 0.133868 5.393159 5.8935905
v 0.133868 1.0233526 5.464741
v -0.0012357763 0.9018804 5.0842233
v 1.7562089 4.9066544 5.489918
v 1.9493583 5.0671635 5.8587494
v 1.9493583 1.349902 5.4939404
v 1.7562089 1.5790509 5.16335
v 0.5982743 4.90644 5.492095
v 0.40566742 5.066916 5.861268
v 1.9493583 5.0671635 5.8587494
v 1.7562089 4.9066544 5.489918
v -0.0012357763 0.9018804 5.0842233
v 0.133868 1.0233526 5.464741
v 2.2211556 1.023657 5.4616413
v 2.35909 0.9022103 5.080861
v 0.5982743 4.90644 5.492095
v 1.7562089 4.9066544 5.489918
v 1.7562089 1.5790509 5.16335
v 0.5982743 1.5788373 5.1655273
v 2.017158 3.1226504 5.6175776
v 0.34512615 3.120392 5.640589
v 0.41910884 3.1477392 5.361932
v 1.9378027 3.149858 5.340341
v 0.34512615 2.7584658 5.6050706
v 2.017158 2.760724 5.5820584
v 1.9378027 2.7879317 5.3048215
v 0.41910884 2.7858129 5.3264127
v 0.34512615 2.7584658 5.6050706
v 0.34512615 3.120392 5.640589
v 2.017158 3.1226504 5.6175776
v 2.017158 2.760724 5.5820584
v 0.7117877 2.63413 5.731006
v 0.7117877 3.2540348 5.791843
v 1.0676492 3.254396 5.788161
v 1.0676492 2.6344914 5.727324
v 0.6247791 2.5288963 5.462523
v 1.137967 2.5293887 5.457507
v 1.137967 3.3737879 5.5403767
v 0.6247791 3.3732958 5.5453916
v 0.7117877 3.2540348 5.791843
v 0.7117877 2.63413 5.731006
v 0.6247791 2.5288963 5.462523
v 0.6247791 3.3732958 5.5453916
v 1.0676492 2.6344914 5.727324
v 1.0676492 3.254396 5.788161
v 1.137967 3.3737879 5.5403767
v 1.137967 2.5293887 5.457507
v 1.0676492 3.254396 5.788161
v 0.7117877 3.2540348 5.791843
v 0.6247791 3.3732958 5.5453916
v 1.137967 3.3737879 5.5403767
v 0.7117877 2.63413 5.731006
v 1.0676492 2.6344914 5.727324
v 1.137967 2.5293887 5.457507
v 0.6247791 2.5288963 5.462523
v -0.6515853 4.900361 5.491495
v -0.45686075 5.066916 5.861268
v -0.45686075 1.3496548 5.496459
v -0.6515853 1.5849173 5.16612
v -0.6515853 1.5849173 5.16612
v -0.45686075 1.3496548 5.496459
v -2.0005517 1.349902 5.4939404
v -1.8052886 1.5851301 5.1639524
v -2.4102836 5.6005406 5.5419517
v -2.272353 5.3934636 5.8904905
v -2.272353 1.023657 5.4616413
v -2.4102836 0.9022103 5.080861
v -0.049961332 5.600211 5.545313
v -0.18506508 5.393159 5.8935905
v -2.272353 5.3934636 5.8904905
v -2.4102836 5.6005406 5.5419517
v -0.049961332 5.600211 5.545313
v -0.049961332 0.9018804 5.0842233
v -0.18506508 1.0233526 5.464741
v -0.18506508 5.393159 5.8935905
v -1.8052886 4.900573 5.4893265
v -1.8052886 1.5851301 5.1639524
v -2.0005517 1.349902 5.4939404
v -2.0005517 5.0671635 5.8587494
v -0.6515853 4.900361 5.491495
v -1.8052886 4.900573 5.4893265
v -2.0005517 5.0671635 5.8587494
v -0.45686075 5.066916 5.861268
v -0.049961332 0.9018804 5.0842233
v -2.4102836 0.9022103 5.080861
v -2.272353 1.023657 5.4616413
v -0.18506508 1.0233526 5.464741
v -0.6515853 4.900361 5.491495
v -0.6515853 1.5849173 5.16612
v -1.8052886 1.5851301 5.1639524
v -1.8052886 4.900573 5.4893265
v -2.0683553 3.1226504 5.6175776
v -1.9889979 3.149858 5.340341
v -0.47030586 3.1477392 5.361932
v -0.39632142 3.120392 5.640589
v -0.39632142 2.7584658 5.6050706
v -0.47030586 2.7858129 5.3264127
v -1.9889979 2.7879317 5.3048215
v -2.0683553 2.760724 5.5820584
v -0.39632142 2.7584658 5.6050706
v -2.0683553 2.760724 5.5820584
v -2.0683553 3.1226504 5.6175776
v -0.39632142 3.120392 5.640589
v -0.7629791 2.63413 5.731006
v -1.1188389 2.6344914 5.727324
v -1.1188389 3.254396 5.788161
v -0.7629791 3.2540348 5.791843
v -0.67597234 2.5288963 5.462523
v -0.67597234 3.3732958 5.5453916
v -1.1891567 3.3737879 5.5403767
v -1.1891567 2.5293887 5.457507
v -0.7629791 3.2540348 5.791843
v -0.67597234 3.3732958 5.5453916
v -0.67597234 2.5288963 5.462523
v -0.7629791 2.63413 5.731006
v -1.1188389 2.6344914 5.727324
v -1.1891567 2.5293887 5.457507
v -1.1891567 3.3737879 5.5403767
v -1.1188389 3.254396 5.788161
v -1.1188389 3.254396 5.788161
v -1.1891567 3.3737879 5.5403767
v -0.67597234 3.3732958 5.5453916
v -0.7629791 3.2540348 5.791843
v -0.7629791 2.63413 5.731006
v -0.67597234 2.5288963 5.462523
v -1.1891567 2.5293887 5.457507
v -1.1188389 2.6344914 5.727324
v 2.2164388 0.43178183 6.799095
v 2.2164388 -0.2871125 6.799095
v -2.2363772 -0.2871125 6.799095
v -2.2363777 0.43178183 6.799095
v -2.2363772 0.43178183 6.036709
v -2.2363777 0.43178183 6.799095
v -2.2363772 -0.2871125 6.799095
v -2.2363772 -0.2871125 6.036709
v -2.2363772 -0.2871125 6.036709
v -2.2363772 -0.2871125 6.799095
v 2.2164388 -0.2871125 6.799095
v 2.2164388 -0.2871125 6.036709
v 2.2164388 -0.2871125 6.036709
v 2.2164388 -0.2871125 6.799095
v 2.2164388 0.43178183 6.799095
v 2.2164388 0.43178183 6.036709
v 2.2164388 0.43178183 6.036709
v 2.2164388 0.43178183 6.799095
v -2.2363777 0.43178183 6.799095
v -2.2363772 0.43178183 6.036709
v 3.322228 0.43178183 6.799095
v 3.322228 -0.28711233 7.2129917
v 2.2164388 -0.28711239 7.2129917
v 2.2164388 0.43178183 6.799095
v 3.322228 0.7790689 6.036709
v 3.322228 0.43178183 6.799095
v 2.2164388 0.43178183 6.799095
v 2.2164388 0.7790689 6.036709
v 2.2164388 0.7790689 6.036709
v 2.2164388 -0.2871125 6.036709
v 3.322228 -0.28711233 6.036709
v 3.322228 0.7790689 6.036709
v 3.322228 -0.28711233 7.2129917
v 3.322228 0.43178183 6.799095
v 3.322228 0.7790689 6.036709
v 3.322228 -0.28711233 6.036709
v 2.2164388 -0.2871125 6.036709
v 2.2164388 0.7790689 6.036709
v 2.2164388 0.43178183 6.799095
v 2.2164388 -0.28711239 7.2129917
v -2.2363777 0.43178183 6.799095
v -2.2363777 -0.28711239 7.2129917
v -3.342167 -0.28711233 7.2129917
v -3.342167 0.43178183 6.799095
v -2.2363777 0.7790689 6.036709
v -2.2363777 0.43178183 6.799095
v -3.342167 0.43178183 6.799095
v -3.342167 0.7790689 6.036709
v -3.342167 0.7790689 6.036709
v -3.342167 -0.28711244 6.036709
v -2.2363772 -0.2871125 6.036709
v -2.2363777 0.7790689 6.036709
v -2.2363777 -0.28711239 7.2129917
v -2.2363777 0.43178183 6.799095
v -2.2363777 0.7790689 6.036709
v -2.2363772 -0.2871125 6.036709
v -3.342167 -0.28711244 6.036709
v -3.342167 0.7790689 6.036709
v -3.342167 0.43178183 6.799095
v -3.342167 -0.28711233 7.2129917
v 5.5225024 6.371205 2.6287189
v 5.522501 6.371205 -2.8759928
v 5.8349323 6.357545 -2.8759928
v 5.8349323 6.357545 2.6287189
v 5.1081038 1.7342433 2.5051255
v 5.5225024 6.371205 2.6287189
v 5.8349323 6.357545 2.6287189
v 5.420535 1.7205851 2.5051255
v 5.522501 6.371205 -2.8759928
v 5.1081038 1.7342433 -2.8111053
v 5.420534 1.7205851 -2.8111053
v 5.8349323 6.357545 -2.8759928
v 5.1081038 1.7342433 -2.8111053
v 5.1081038 1.7342433 2.5051255
v 5.420535 1.7205851 2.5051255
v 5.420534 1.7205851 -2.8111053
v 5.4812837 2.1813076 -2.2997499
v 5.4812837 2.1813076 2.0299218
v 5.282578 2.3430622 1.8729472
v 5.282576 2.343062 -2.1308331
v 5.282576 2.343062 -2.1308331
v 5.282578 2.3430622 1.8729472
v 5.5353446 5.7541966 1.9003413
v 5.535342 5.7541966 -2.195722
v 5.7741833 5.896823 2.081202
v 5.7741833 5.896823 -2.3646374
v 5.535342 5.7541966 -2.195722
v 5.5353446 5.7541966 1.9003413
v 5.4812837 2.1813076 2.0299218
v 5.7741833 5.896823 2.081202
v 5.5353446 5.7541966 1.9003413
v 5.282578 2.3430622 1.8729472
v 5.7741833 5.896823 -2.3646374
v 5.4812837 2.1813076 -2.2997499
v 5.282576 2.343062 -2.1308331
v 5.535342 5.7541966 -2.195722
v 5.481284 2.1813076 -1.2353709
v 5.4812837 2.1813078 -0.7845765
v 5.7741833 5.896823 -0.78457654
v 5.774182 5.896823 -1.2353709
v 5.7741833 5.896823 -0.78457654
v 5.5012927 5.896823 -0.78457654
v 5.501291 5.896823 -1.2353709
v 5.774182 5.896823 -1.2353709
v 5.4812837 2.1813078 -0.7845765
v 5.2083926 2.1813078 -0.7845765
v 5.5012927 5.896823 -0.78457654
v 5.7741833 5.896823 -0.78457654
v 5.481284 2.1813076 -1.2353709
v 5.147647 2.1813076 -1.2353709
v 5.2083926 2.1813078 -0.7845765
v 5.4812837 2.1813078 -0.7845765
v 5.774182 5.896823 -1.2353709
v 5.501291 5.896823 -1.2353709
v 5.147647 2.1813076 -1.2353709
v 5.481284 2.1813076 -1.2353709
v 5.557882 3.9831939 -2.3094711
v 5.542335 3.577563 -2.3094707
v 5.5423326 3.577563 2.0651853
v 5.557881 3.9831939 2.0651853
v 5.481284 2.1813076 0.47761703
v 5.4812837 2.1813078 0.92841136
v 5.7741833 5.896823 0.9284113
v 5.774182 5.896823 0.47761703
v 5.7741833 5.896823 0.9284113
v 5.5012927 5.896823 0.9284113
v 5.501291 5.896823 0.47761703
v 5.774182 5.896823 0.47761703
v 5.4812837 2.1813078 0.92841136
v 5.2083926 2.1813078 0.92841136
v 5.5012927 5.896823 0.9284113
v 5.7741833 5.896823 0.9284113
v 5.481284 2.1813076 0.47761703
v 5.147647 2.1813076 0.47761703
v 5.2083926 2.1813078 0.92841136
v 5.4812837 2.1813078 0.92841136
v 5.774182 5.896823 0.47761703
v 5.501291 5.896823 0.47761703
v 5.147647 2.1813076 0.47761703
v 5.481284 2.1813076 0.47761703
v 5.5423326 3.577563 2.0651853
v 5.28517 3.577563 2.0553308
v 5.285168 3.9831939 2.0553305
v 5.557881 3.9831939 2.0651853
v 5.542335 3.577563 -2.3094707
v 5.1501865 3.577563 -2.320048
v 5.28517 3.577563 2.0553308
v 5.5423326 3.577563 2.0651853
v 5.557882 3.9831939 -2.3094711
v 5.0894804 3.9831939 -2.3222418
v 5.1501865 3.577563 -2.320048
v 5.542335 3.577563 -2.3094707
v 5.557881 3.9831939 2.0651853
v 5.285168 3.9831939 2.0553305
v 5.0894804 3.9831939 -2.3222418
v 5.557882 3.9831939 -2.3094711
v -5.5486856 6.371205 -2.913167
v -5.5486846 6.371205 2.5915434
v -5.8611155 6.357545 2.5915434
v -5.8611155 6.357545 -2.913167
v -5.134287 1.7342434 -2.789574
v -5.5486856 6.371205 -2.913167
v -5.8611155 6.357545 -2.913167
v -5.4467187 1.7205851 -2.789574
v -5.5486846 6.371205 2.5915434
v -5.134287 1.7342434 2.5266562
v -5.4467173 1.7205851 2.5266562
v -5.8611155 6.357545 2.5915434
v -5.134287 1.7342434 2.5266562
v -5.134287 1.7342434 -2.789574
v -5.4467187 1.7205851 -2.789574
v -5.4467173 1.7205851 2.5266562
v -5.507467 2.1813078 2.0153008
v -5.507467 2.1813078 -2.3143702
v -5.3087606 2.3430624 -2.1573956
v -5.3087597 2.3430622 1.8463838
v -5.3087597 2.3430622 1.8463838
v -5.3087606 2.3430624 -2.1573956
v -5.5615277 5.7541966 -2.1847897
v -5.561526 5.7541966 1.9112729
v -5.800366 5.896823 -2.3656504
v -5.800366 5.896823 2.0801883
v -5.561526 5.7541966 1.9112729
v -5.5615277 5.7541966 -2.1847897
v -5.507467 2.1813078 -2.3143702
v -5.800366 5.896823 -2.3656504
v -5.5615277 5.7541966 -2.1847897
v -5.3087606 2.3430624 -2.1573956
v -5.800366 5.896823 2.0801883
v -5.507467 2.1813078 2.0153008
v -5.3087597 2.3430622 1.8463838
v -5.561526 5.7541966 1.9112729
v -5.507467 2.1813078 0.95092183
v -5.507467 2.181308 0.5001276
v -5.800366 5.896823 0.50012773
v -5.800365 5.896823 0.95092183
v -5.800366 5.896823 0.50012773
v -5.5274754 5.896823 0.50012773
v -5.5274744 5.896823 0.95092183
v -5.800365 5.896823 0.95092183
v -5.507467 2.181308 0.5001276
v -5.234576 2.181308 0.5001276
v -5.5274754 5.896823 0.50012773
v -5.800366 5.896823 0.50012773
v -5.507467 2.1813078 0.95092183
v -5.17383 2.1813078 0.95092183
v -5.234576 2.181308 0.5001276
v -5.507467 2.181308 0.5001276
v -5.800365 5.896823 0.95092183
v -5.5274744 5.896823 0.95092183
v -5.17383 2.1813078 0.95092183
v -5.507467 2.1813078 0.95092183
v -5.584065 3.9831939 2.0250218
v -5.568518 3.577563 2.0250216
v -5.5685153 3.577563 -2.3496337
v -5.5840635 3.9831939 -2.3496337
v -5.507467 2.1813078 -0.7620659
v -5.507467 2.181308 -1.2128602
v -5.800366 5.896823 -1.2128599
v -5.800365 5.896823 -0.7620657
v -5.800366 5.896823 -1.2128599
v -5.5274754 5.896823 -1.2128599
v -5.5274744 5.896823 -0.7620659
v -5.800365 5.896823 -0.7620657
v -5.507467 2.181308 -1.2128602
v -5.234576 2.181308 -1.2128602
v -5.5274754 5.896823 -1.2128599
v -5.800366 5.896823 -1.2128599
v -5.507467 2.1813078 -0.7620659
v -5.17383 2.1813078 -0.7620659
v -5.234576 2.181308 -1.2128602
v -5.507467 2.181308 -1.2128602
v -5.800365 5.896823 -0.7620657
v -5.5274744 5.896823 -0.7620659
v -5.17383 2.1813078 -0.7620659
v -5.507467 2.1813078 -0.7620659
v -5.5685153 3.577563 -2.3496337
v -5.311353 3.577563 -2.3397796
v -5.3113513 3.9831939 -2.3397791
v -5.5840635 3.9831939 -2.3496337
v -5.568518 3.577563 2.0250216
v -5.1763706 3.577563 2.0355988
v -5.311353 3.577563 -2.3397796
v -5.5685153 3.577563 -2.3496337
v -5.584065 3.9831939 2.0250218
v -5.115663 3.9831939 2.0377932
v -5.1763706 3.577563 2.0355988
v -5.568518 3.577563 2.0250216
v -5.5840635 3.9831939 -2.3496337
v -5.3113513 3.9831939 -2.3397791
v -5.115663 3.9831939 2.0377932
v -5.584065 3.9831939 2.0250218
v -2.0106237 20.457977 -1.5519198
v -3.2553487 20.457977 -2.0774992
v -4.57128 20.457977 -1.7710696
v -5.4557776 20.457977 -0.74967945
v -1.3125455 20.457977 -0.39508754
v -5.570991 20.457977 0.59653336
v -1.427759 20.457977 0.9511254
v -4.872913 20.457977 1.7533642
v -2.3122568 20.457977 1.9725142
v -3.6281881 20.457977 2.2789435
v -4.00174 22.047 -0.82724774
v -3.349348 22.047 -0.97916454
v -2.7322571 22.047 -0.7186011
v -4.4402423 22.047 -0.3208781
v -2.3861737 22.047 -0.14508393
v -4.4973607 22.047 0.34652844
v -2.4432929 22.047 0.52232265
v -4.151279 22.047 0.9200426
v -2.8817961 22.047 1.0286893
v -3.5341885 22.047 1.1806087
v 3.555901 7.18996 7.863613
v 3.5654259 8.1448555 7.9797287
v 4.6087465 8.1448555 7.9797287
v 4.596501 7.18996 7.863613
v 4.596501 7.546313 6.7383842
v 4.596501 7.18996 7.863613
v 4.6087465 8.1448555 7.9797287
v 4.6087465 8.501207 6.8544993
v -3.7378185 8.501207 6.8544993
v -3.7378185 8.1448555 7.9797287
v -4.781139 8.1448555 7.9797287
v -4.781139 8.501207 6.8544993
v -4.781139 8.501207 6.8544993
v -4.781139 8.1448555 7.9797287
v -4.7688937 7.18996 7.863613
v -4.7688937 7.546313 6.7383842
v 4.6087465 8.501207 6.8544993
v 4.6087465 8.1448555 7.9797287
v 3.5654259 8.1448555 7.9797287
v 3.5654259 8.501207 6.8544993
v 3.5654259 8.501207 6.8544993
v 3.5654259 8.1448555 7.9797287
v 2.5221052 8.1448555 7.9797287
v 2.5221052 8.501207 6.8544993
v 2.5221052 8.501207 6.8544993
v 2.5221052 8.1448555 7.9797287
v 1.4787844 8.1448555 7.9797287
v 1.4787844 8.501207 6.8544993
v 1.4787844 8.501207 6.8544993
v 1.4787844 8.1448555 7.9797287
v 0.43546394 8.1448555 7.9797287
v 0.43546394 8.501207 6.8544993
v 0.43546394 8.501207 6.8544993
v 0.43546394 8.1448555 7.9797287
v -0.60785663 8.1448555 7.9797287
v -0.60785663 8.501207 6.8544993
v -0.60785663 8.501207 6.8544993
v -0.60785663 8.1448555 7.9797287
v -1.6511772 8.1448555 7.9797287
v -1.6511772 8.501207 6.8544993
v -1.6511772 8.501207 6.8544993
v -1.6511772 8.1448555 7.9797287
v -2.6944976 8.1448555 7.9797287
v -2.6944976 8.501207 6.8544993
v -2.6944976 8.501207 6.8544993
v -2.6944976 8.1448555 7.9797287
v -3.7378185 8.1448555 7.9797287
v -3.7378185 8.501207 6.8544993
v 4.596501 7.18996 7.863613
v 4.596501 7.546313 6.7383842
v -4.7688937 7.546313 6.7383842
v -4.7688937 7.18996 7.863613
v 3.555901 7.18996 7.863613
v 2.515302 7.18996 7.863613
v 1.4747026 7.18996 7.863613
v 0.43410328 7.18996 7.863613
v -0.60649616 7.18996 7.863613
v -1.6470956 7.18996 7.863613
v -2.687695 7.18996 7.863613
v -3.7282944 7.18996 7.863613
v -4.7688937 7.18996 7.863613
v -4.781139 8.1448555 7.9797287
v -3.7378185 8.1448555 7.9797287
v -3.7282944 7.18996 7.863613
v -3.7282944 7.18996 7.863613
v -3.7378185 8.1448555 7.9797287
v -2.6944976 8.1448555 7.9797287
v -2.687695 7.18996 7.863613
v -2.687695 7.18996 7.863613
v -2.6944976 8.1448555 7.9797287
v -1.6511772 8.1448555 7.9797287
v -1.6470956 7.18996 7.863613
v -1.6470956 7.18996 7.863613
v -1.6511772 8.1448555 7.9797287
v -0.60785663 8.1448555 7.9797287
v -0.60649616 7.18996 7.863613
v -0.60649616 7.18996 7.863613
v -0.60785663 8.1448555 7.9797287
v 0.43546394 8.1448555 7.9797287
v 0.43410328 7.18996 7.863613
v 0.43410328 7.18996 7.863613
v 0.43546394 8.1448555 7.9797287
v 1.4787844 8.1448555 7.9797287
v 1.4747026 7.18996 7.863613
v 1.4747026 7.18996 7.863613
v 1.4787844 8.1448555 7.9797287
v 2.5221052 8.1448555 7.9797287
v 2.515302 7.18996 7.863613
v 2.515302 7.18996 7.863613
v 2.5221052 8.1448555 7.9797287
v 3.5654259 8.1448555 7.9797287
v 3.555901 7.18996 7.863613
v 3.9349458 20.441662 0.074081786
v 3.5308292 20.62243 0.6167222
v 3.5052245 19.978407 -0.24594325
v 2.918211 19.808847 -0.68310505
v 2.2439144 20.110474 0.22232884
v 2.9033213 20.247652 0.56228036
v 4.0922356 21.38818 0.19121873
v 4.5888214 21.09569 -0.8039285
v 4.339063 20.62243 -0.4685594
v 4.339063 22.15393 -0.4685594
v 3.9071584 21.907095 1.3413644
v 3.9775317 23.212399 0.105796784
v 4.815066 21.936592 0.72952676
v 3.2399175 22.882448 1.0962512
v 2.84398 21.956686 1.6902359
v 2.3250477 23.00465 0.6046802
v 1.6102605 22.052837 1.282944
v 0.5339061 22.179628 0.66252446
v 3.1535625 23.375263 -0.5078339
v 3.9820757 23.00465 -1.6203468
v 4.7151465 22.88245 -0.8846565
v 2.9503658 23.38613 -0.6591596
v 1.9199687 23.026846 0.30080542
v 1.3240119 23.050558 -0.14537047
v 0.2739871 23.050558 -0.9273486
v -0.39490706 22.179647 -0.029179689
v -1.3237197 22.17967 -0.72088224
v 4.426988 22.05279 -2.4995034
v 3.5252135 23.020657 -1.9589927
v 5.170795 21.956686 -1.4341695
v 5.1411457 21.907097 -0.31560904
v 2.976674 23.050558 -2.3645341
v 3.524083 22.17954 -3.353005
v 2.4236667 23.405573 -1.051403
v 2.1503432 23.420193 -1.254953
v 2.5954049 22.179604 -4.044701
v 1.9266491 23.050558 -3.146513
v 0.8603023 23.050558 -3.9406457
v 1.666727 22.17967 -4.736397
v -0.023101749 21.956701 -5.3022046
v 1.3181359 23.050558 -3.5996857
v 0.27921125 23.420193 -2.648428
v -0.41903904 22.88245 -4.7082024
v -1.1198826 21.907082 -4.908114
v 0.033970304 23.420193 -2.8310637
v -0.75971603 23.050558 -1.6971705
v -1.156652 23.212399 -3.7177486
v -1.9942613 21.936718 -4.3415356
v -1.8942672 22.882448 -2.727294
v -2.2865815 21.907082 -3.3414834
v -2.349942 21.956694 -2.177786
v -0.3377885 23.050558 -1.3829514
v 0.7850876 23.420193 -2.2716904
v 1.1003171 23.420193 -2.0369313
v 4.815066 21.936592 0.72952676
v 3.9775317 23.212399 0.105796784
v 5.1411457 21.907097 -0.31560904
v 0.7850876 23.420193 -2.2716904
v 1.3181359 23.050558 -3.5996857
v 1.9266491 23.050558 -3.146513
v 0.27921125 23.420193 -2.648428
v -0.3377885 23.050558 -1.3829514
v -0.75971603 23.050558 -1.6971705
v 2.1503432 23.420193 -1.254953
v 1.3240119 23.050558 -0.14537047
v 0.2739871 23.050558 -0.9273486
v 1.1003171 23.420193 -2.0369313
v 1.9266491 23.050558 -3.146513
v 2.976674 23.050558 -2.3645341
v 2.9503658 23.38613 -0.6591596
v 3.5252135 23.020657 -1.9589927
v 3.9820757 23.00465 -1.6203468
v 2.4236667 23.405573 -1.051403
v 1.9199687 23.026846 0.30080542
v 1.3240119 23.050558 -0.14537047
v 4.234014 22.202953 0.018740147
v 5.2461185 22.07253 -0.6193304
v 6.009988 21.865004 -0.49786136
v 6.675671 21.602207 0.061000764
v 3.9130428 22.07253 1.1706831
v 5.922159 21.65802 0.7642717
v 5.395229 21.764622 0.8825369
v 5.432725 21.657946 1.4218702
v 4.248159 21.865116 1.8672758
v 4.9745965 21.602198 2.3452213
v 6.009988 21.624949 -0.49786136
v 5.2461185 21.83247 -0.6193304
v 4.234014 21.962894 0.018740147
v 6.675671 21.36215 0.061000764
v 3.9130428 21.832476 1.1706831
v 5.922159 21.417963 0.7642717
v 5.395229 21.524565 0.8825369
v 5.432725 21.41789 1.4218702
v 4.248159 21.625061 1.8672758
v 4.9745965 21.362143 2.3452213
v 4.234014 22.202953 0.018740147
v 4.234014 21.962894 0.018740147
v 5.2461185 21.83247 -0.6193304
v 5.2461185 22.07253 -0.6193304
v 5.395229 21.764622 0.8825369
v 5.395229 21.524565 0.8825369
v 5.432725 21.41789 1.4218702
v 5.432725 21.657946 1.4218702
v 5.2461185 22.07253 -0.6193304
v 5.2461185 21.83247 -0.6193304
v 6.009988 21.624949 -0.49786136
v 6.009988 21.865004 -0.49786136
v 4.9745965 21.602198 2.3452213
v 4.9745965 21.362143 2.3452213
v 4.248159 21.625061 1.8672758
v 4.248159 21.865116 1.8672758
v 5.432725 21.657946 1.4218702
v 5.432725 21.41789 1.4218702
v 4.9745965 21.362143 2.3452213
v 4.9745965 21.602198 2.3452213
v 6.675671 21.602207 0.061000764
v 6.675671 21.36215 0.061000764
v 5.922159 21.417963 0.7642717
v 5.922159 21.65802 0.7642717
v 4.248159 21.865116 1.8672758
v 4.248159 21.625061 1.8672758
v 3.9130428 21.832476 1.1706831
v 3.9130428 22.07253 1.1706831
v 6.009988 21.865004 -0.49786136
v 6.009988 21.624949 -0.49786136
v 6.675671 21.36215 0.061000764
v 6.675671 21.602207 0.061000764
v 5.922159 21.65802 0.7642717
v 5.922159 21.417963 0.7642717
v 5.395229 21.524565 0.8825369
v 5.395229 21.764622 0.8825369
v 3.9130428 22.07253 1.1706831
v 3.9130428 21.832476 1.1706831
v 4.234014 21.962894 0.018740147
v 4.234014 22.202953 0.018740147
v 4.310611 19.6404 -3.9281914
v 3.9281902 19.6404 -4.3106074
v -3.928195 19.6404 -4.3106074
v -4.31061 19.6404 -3.9281921
v -4.31061 19.6404 3.9281926
v 4.310605 19.6404 3.9281926
v 3.9281895 19.6404 4.3106074
v -3.928191 19.640394 4.3106084
v -4.7691355 20.541285 -4.34604
v -4.346042 20.541285 -4.7691326
v 4.346038 20.541285 -4.7691326
v 4.769137 20.541285 -4.346039
v -4.7691355 20.541285 4.3460402
v 4.76913 20.541285 4.3460402
v -4.346038 20.541279 4.7691336
v 4.3460374 20.541285 4.7691326
v 4.310605 19.6404 3.9281926
v 4.76913 20.541285 4.3460402
v 4.769137 20.541285 -4.346039
v 4.310611 19.6404 -3.9281914
v -4.31061 19.6404 3.9281926
v -4.7691355 20.541285 4.3460402
v -4.346038 20.541279 4.7691336
v -3.928191 19.640394 4.3106084
v 3.9281902 19.6404 -4.3106074
v 4.346038 20.541285 -4.7691326
v -4.346042 20.541285 -4.7691326
v -3.928195 19.6404 -4.3106074
v -3.928195 19.6404 -4.3106074
v -4.346042 20.541285 -4.7691326
v -4.7691355 20.541285 -4.34604
v -4.31061 19.6404 -3.9281921
v -3.928191 19.640394 4.3106084
v -4.346038 20.541279 4.7691336
v 4.3460374 20.541285 4.7691326
v 3.9281895 19.6404 4.3106074
v 4.310611 19.6404 -3.9281914
v 4.769137 20.541285 -4.346039
v 4.346038 20.541285 -4.7691326
v 3.9281902 19.6404 -4.3106074
v 3.9281895 19.6404 4.3106074
v 4.3460374 20.541285 4.7691326
v 4.76913 20.541285 4.3460402
v 4.310605 19.6404 3.9281926
v -4.31061 19.6404 -3.9281921
v -4.7691355 20.541285 -4.34604
v -4.7691355 20.541285 4.3460402
v -4.31061 19.6404 3.9281926
v 1.3323753 20.457977 0.9578037
v 0.08765006 20.457977 0.4322247
v -1.2282814 20.457977 0.738654
v -2.112779 20.457977 1.7600441
v 2.0304534 20.457977 2.1146362
v -2.2279925 20.457977 3.1062572
v 1.9152397 20.457977 3.4608488
v -1.5299145 20.457977 4.2630877
v 1.030742 20.457977 4.482238
v -0.28518927 20.457977 4.788667
v -0.6587411 22.047 1.6824758
v -0.006349102 22.047 1.5305592
v 0.61074144 22.047 1.7911227
v -1.0972437 22.047 2.1888454
v 0.95682484 22.047 2.3646398
v -1.1543626 22.047 2.8562517
v 0.89970595 22.047 3.032046
v -0.8082802 22.047 3.429766
v 0.46120223 22.047 3.5384123
v -0.19118999 22.047 3.6903322
v -1.9253783 21.615805 -2.1358075
v -2.2865815 21.907082 -3.3414834
v -2.349942 21.956694 -2.177786
v -1.3237197 22.17967 -0.72088224
v -1.8691725 21.57179 -3.1681197
v -1.0150204 21.813602 -0.8433937
v -1.6098564 21.598083 -4.055261
v -0.39490706 22.179647 -0.029179689
v -1.9942613 21.936718 -4.3415356
v -0.22608902 21.813585 -0.25586236
v -0.834198 21.57179 -4.55787
v 0.5339061 22.179628 0.66252446
v -1.1198826 21.907082 -4.908114
v 0.5628442 21.813566 0.33166945
v 0.13875234 21.61581 -4.907467
v 1.6102605 22.052837 1.282944
v -0.023101749 21.956701 -5.3022046
v 1.5398483 21.662378 0.89855504
v 1.637792 21.813602 -4.405541
v 2.84398 21.956686 1.6902359
v 1.666727 22.17967 -4.736397
v 2.682129 21.615795 1.2954996
v 2.4266038 21.813547 -3.8180156
v 3.9071584 21.907095 1.3413644
v 2.5954049 22.179604 -4.044701
v 3.6252697 21.571804 0.9860162
v 3.2154155 21.813488 -3.2304904
v 4.815066 21.936592 0.72952676
v 3.524083 22.17954 -3.353005
v 4.430671 21.597971 0.44325808
v 4.0385556 21.662336 -2.4568393
v 5.1411457 21.907097 -0.31560904
v 4.426988 22.05279 -2.4995034
v 4.719936 21.571804 -0.4838786
v 4.746239 21.615795 -1.4761484
v 5.170795 21.956686 -1.4341695
v 6.4929047 11.980072 7.9278326
v 6.930425 12.539962 8.641573
v 6.8301005 11.980072 8.741898
v 7.051798 11.442537 8.520199
v 6.8064327 11.442537 7.927833
v 8.236532 11.442537 8.520199
v 7.644166 11.442537 8.765566
v 7.644166 11.980072 9.079094
v 8.458231 11.980072 8.741898
v 8.481898 11.442537 7.927833
v 8.357905 12.539962 8.641573
v 7.644166 12.539962 8.937215
v 7.644166 13.127526 8.605428
v 8.123298 13.127526 8.406964
v 7.1650333 13.127526 8.406964
v 8.321762 13.127526 7.927831
v 6.634784 12.539962 7.9278326
v 6.96657 13.127526 7.927831
v 8.653547 12.539962 7.9278326
v 8.123298 13.127526 7.448699
v 6.8301005 11.980072 7.113767
v 6.930425 12.539962 7.214092
v 7.1650333 13.127526 7.448699
v 8.795426 11.980072 7.9278326
v 8.357905 12.539962 7.214092
v 7.644166 13.127526 7.2502356
v 7.644166 12.539962 6.9184504
v 7.051798 11.442537 7.335466
v 7.644166 11.980072 6.776571
v 8.458231 11.980072 7.113767
v 8.236532 11.442537 7.335466
v 7.644166 11.442537 7.090099
v -2.272353 5.3934636 5.8904905
v -2.0005517 1.349902 5.4939404
v -2.272353 1.023657 5.4616413
v -0.18506508 1.0233526 5.464741
v -2.0005517 5.0671635 5.8587494
v -0.45686075 1.3496548 5.496459
v -0.18506508 5.393159 5.8935905
v -0.45686075 5.066916 5.861268
v 2.2211556 5.3934636 5.8904905
v 2.2211556 1.023657 5.4616413
v 1.9493583 1.349902 5.4939404
v 0.133868 1.0233526 5.464741
v 1.9493583 5.0671635 5.8587494
v 0.40566742 1.3496548 5.496459
v 0.133868 5.393159 5.8935905
v 0.40566742 5.066916 5.861268
v 1.9152397 20.457977 3.4608488
v 1.9152397 22.047 3.4608488
v 2.0304534 22.047 2.1146362
v 2.0304534 20.457977 2.1146362
v 1.030742 20.457977 4.482238
v 1.3323753 22.047 0.9578037
v 1.030742 22.047 4.482238
v 1.3323753 20.457977 0.9578037
v -0.28518927 20.457977 4.788667
v 0.08765006 22.047 0.4322247
v -0.28518927 22.047 4.788667
v 0.08765006 20.457977 0.4322247
v -1.5299145 20.457977 4.2630877
v -1.2282814 22.047 0.738654
v -1.5299145 22.047 4.2630877
v -1.2282814 20.457977 0.738654
v -2.2279925 20.457977 3.1062572
v -2.112779 22.047 1.7600443
v -2.2279925 22.047 3.1062572
v -2.112779 20.457977 1.7600441
v 1.5759006 22.047 2.2204833
v 0.95682484 22.047 2.3646398
v 0.61074144 22.047 1.7911227
v 1.0268514 22.047 1.3106136
v 1.4852831 22.047 3.2793007
v -0.006349102 22.047 1.5305592
v 0.89970595 22.047 3.032046
v 0.047852844 22.047 0.89723575
v 0.78961164 22.047 4.082643
v -0.6587411 22.047 1.6824758
v 0.46120223 22.047 3.5384123
v -0.98715085 22.047 1.1382483
v -0.24539202 22.047 4.323656
v -1.0972437 22.047 2.1888454
v -0.19118999 22.047 3.6903322
v -1.6828223 22.047 1.9415905
v -1.2243906 22.047 3.9102776
v -1.1543626 22.047 2.8562517
v -0.8082802 22.047 3.429766
v -1.7734398 22.047 3.0004082
v -1.427759 20.457977 0.9511254
v -1.427759 22.047 0.9511254
v -1.3125455 22.047 -0.39508754
v -1.3125455 20.457977 -0.39508754
v -2.3122568 20.457977 1.9725142
v -2.0106237 22.047 -1.5519198
v -2.3122568 22.047 1.9725142
v -2.0106237 20.457977 -1.5519198
v -3.6281881 20.457977 2.2789435
v -3.2553487 22.047 -2.0774992
v -3.6281881 22.047 2.2789435
v -3.2553487 20.457977 -2.0774992
v -4.872913 20.457977 1.7533642
v -4.57128 22.047 -1.7710696
v -4.872913 22.047 1.7533642
v -4.57128 20.457977 -1.7710696
v -5.570991 20.457977 0.59653336
v -5.4557776 22.047 -0.74967945
v -5.570991 22.047 0.59653336
v -5.4557776 20.457977 -0.74967945
v -1.7670982 22.047 -0.28924048
v -2.3861737 22.047 -0.14508393
v -2.7322571 22.047 -0.7186011
v -2.3161473 22.047 -1.1991102
v -1.8577154 22.047 0.76957756
v -3.349348 22.047 -0.97916454
v -2.4432929 22.047 0.52232265
v -3.2951458 22.047 -1.6124879
v -2.553387 22.047 1.5729195
v -4.00174 22.047 -0.82724774
v -2.8817961 22.047 1.0286893
v -4.330149 22.047 -1.3714755
v -3.5883904 22.047 1.8139323
v -4.4402423 22.047 -0.3208781
v -3.5341885 22.047 1.1806087
v -5.0258207 22.047 -0.5681331
v -4.5673895 22.047 1.4005543
v -4.4973607 22.047 0.34652844
v -4.151279 22.047 0.9200426
v -5.1164384 22.047 0.4906848
v -5.8611155 6.357545 -2.913167
v -5.8611155 6.357545 2.5915434
v -5.800366 5.896823 2.0801883
v -5.800366 5.896823 -2.3656504
v -5.507467 2.1813078 2.0153008
v -5.4467187 1.7205851 -2.789574
v -5.4467173 1.7205851 2.5266562
v -5.507467 2.1813078 -2.3143702
v 5.8349323 6.357545 2.6287189
v 5.8349323 6.357545 -2.8759928
v 5.7741833 5.896823 -2.3646374
v 5.7741833 5.896823 2.081202
v 5.4812837 2.1813076 -2.2997499
v 5.420535 1.7205851 2.5051255
v 5.420534 1.7205851 -2.8111053
v 5.4812837 2.1813076 2.0299218
v 8.321762 13.127526 7.927831
v 8.123298 13.554189 7.448699
v 8.123298 13.127526 7.448699
v 8.321762 13.554189 7.927831
v 7.644166 13.554189 7.2502356
v 8.123298 13.127526 8.406964
v 7.644166 13.127526 7.2502356
v 8.123298 13.554189 8.406964
v 7.1650333 13.554189 7.448699
v 7.644166 13.127526 8.605428
v 7.1650333 13.127526 7.448699
v 7.644166 13.554189 8.605428
v 6.96657 13.554189 7.927831
v 7.1650333 13.127526 8.406964
v 6.96657 13.127526 7.927831
v 7.1650333 13.554189 8.406964
v -8.377802 13.127526 7.927831
v -8.179338 13.554189 7.448699
v -8.377802 13.554189 7.927831
v -8.179338 13.127526 7.448699
v -8.179338 13.127526 8.406964
v -7.7002063 13.554189 7.2502356
v -8.179338 13.554189 8.406964
v -7.7002063 13.127526 7.2502356
v -7.7002063 13.127526 8.605428
v -7.221074 13.554189 7.448699
v -7.7002063 13.554189 8.605428
v -7.221074 13.127526 7.448699
v -7.221074 13.127526 8.406964
v -7.02261 13.554189 7.927831
v -7.221074 13.554189 8.406964
v -7.02261 13.127526 7.927831
v -5.079472 11.987017 -7.0874553
v -4.5319552 11.524079 -7.046886
v -2.8308823 11.524079 -7.046886
v -2.3195271 11.987017 -7.0874553
v -4.8909903 9.112407 -6.87597
v -2.8308823 9.575343 -6.9165397
v -4.4157863 9.575343 -6.9165397
v -2.3195271 9.112407 -6.87597
v -1.4104759 11.987017 -7.0874553
v -0.862959 11.524079 -7.046886
v 0.83811337 11.524079 -7.046886
v 1.3494688 11.987017 -7.0874553
v -1.2868823 9.112407 -6.87597
v 0.77322537 9.575343 -6.9165397
v -0.81167793 9.575343 -6.9165397
v 1.2845808 9.112407 -6.87597
v 4.842317 11.987017 -7.0874553
v 2.0823724 11.987017 -7.0874553
v 2.5937276 11.524079 -7.046886
v 4.2948 11.524079 -7.046886
v 2.5937276 9.575343 -6.9165397
v 4.6538353 9.112407 -6.87597
v 2.0823724 9.112407 -6.87597
v 4.178631 9.575343 -6.9165397
v -7.075852 11.987017 5.154063
v -7.0352817 11.524079 4.606546
v -7.0352817 11.524079 2.9054732
v -7.075852 11.987017 2.3941178
v -6.8643675 9.112407 4.9655814
v -6.9049344 9.575343 2.9054732
v -6.9049344 9.575343 4.4903765
v -6.8643675 9.112407 2.3941178
v -7.075852 11.987017 1.4850667
v -7.0352817 11.524079 0.93754977
v -7.0352817 11.524079 -0.7635226
v -7.075852 11.987017 -1.2748779
v -6.8643675 9.112407 1.3614733
v -6.9049344 9.575343 -0.6986351
v -6.9049344 9.575343 0.8862697
v -6.8643646 9.112407 -1.2099904
v -7.075852 11.987017 -4.767725
v -7.075852 11.987017 -2.0077815
v -7.0352817 11.524079 -2.5191367
v -7.0352817 11.524079 -4.2202086
v -6.9049344 9.575343 -2.5191367
v -6.8643646 9.112407 -4.579243
v -6.8643646 9.112407 -2.0077815
v -6.9049344 9.575343 -4.1040397
v 7.092531 11.987017 5.1540637
v 7.092531 11.987017 2.394118
v 7.0519614 11.524079 2.9054732
v 7.0519614 11.524079 4.606546
v 6.9216146 9.575343 2.9054732
v 6.8810472 9.112407 4.965582
v 6.8810472 9.112407 2.394118
v 6.9216146 9.575343 4.490377
v 7.092531 11.987017 1.4850668
v 7.092531 11.987017 -1.274878
v 7.0519614 11.524079 -0.7635227
v 7.0519614 11.524079 0.93754977
v 6.9216146 9.575343 -0.6986352
v 6.8810472 9.112407 1.3614733
v 6.8810453 9.112407 -1.2099905
v 6.9216146 9.575343 0.8862697
v 7.092531 11.987017 -4.767725
v 7.0519614 11.524079 -4.220209
v 7.0519614 11.524079 -2.5191367
v 7.092531 11.987017 -2.0077815
v 6.8810453 9.112407 -4.5792437
v 6.9216146 9.575343 -2.5191367
v 6.9216146 9.575343 -4.1040397
v 6.8810453 9.112407 -2.0077815
v -5.0794725 11.987017 7.1336875
v -2.3195274 11.987017 7.1336875
v -2.8308828 11.524079 7.0931187
v -4.5319552 11.524079 7.0931187
v -2.8308828 9.575343 6.962772
v -4.890991 9.112407 6.922203
v -2.3195274 9.112407 6.922203
v -4.4157867 9.575343 6.962772
v -1.4104759 11.987017 7.1336875
v 1.349469 11.987017 7.1336875
v 0.8381135 11.524079 7.0931187
v -0.862959 11.524079 7.0931187
v 0.7732255 9.575343 6.962772
v -1.2868823 9.112407 6.922203
v 1.2845808 9.112407 6.922203
v -0.81167793 9.575343 6.962772
v 4.842317 11.987017 7.1336875
v 4.2948003 11.524079 7.0931187
v 2.5937276 11.524079 7.0931187
v 2.0823724 11.987017 7.1336875
v 4.653836 9.112407 6.922203
v 2.5937276 9.575343 6.962772
v 4.1786313 9.575343 6.962772
v 2.0823724 9.112407 6.922203
v 1.030742 22.047 4.482238
v 0.78961164 22.047 4.082643
v 1.4852831 22.047 3.2793007
v 1.9152397 22.047 3.4608488
v -0.28518927 22.047 4.788667
v 1.5759006 22.047 2.2204833
v -0.24539202 22.047 4.323656
v 2.0304534 22.047 2.1146362
v -1.5299145 22.047 4.2630877
v 1.0268514 22.047 1.3106136
v -1.2243906 22.047 3.9102776
v 1.3323753 22.047 0.9578037
v -2.2279925 22.047 3.1062572
v 0.047852844 22.047 0.89723575
v -1.7734398 22.047 3.0004082
v 0.08765006 22.047 0.4322247
v -2.112779 22.047 1.7600443
v -0.98715085 22.047 1.1382483
v -1.6828223 22.047 1.9415905
v -1.2282814 22.047 0.738654
v 2.388457 22.196573 -4.2686696
v 3.4897106 22.196573 -3.4485419
v 2.905821 23.119486 -2.6645062
v 1.8045694 23.119486 -3.4846344
v 2.1084206 21.637026 -3.8926406
v 1.9610693 23.472006 -1.3959107
v 3.2096736 21.637026 -3.072513
v 0.85981655 23.472006 -2.2160387
v 1.8082916 20.23528 -3.4896333
v 1.0163167 23.119486 -0.12731428
v 2.9095447 20.23528 -2.6695054
v -0.0849365 23.119486 -0.94744253
v 0.85981655 19.780354 -2.2160387
v 0.4324273 22.196573 0.65672123
v 1.9610693 19.780354 -1.3959107
v -0.6688258 22.196573 -0.16340682
v -0.088658705 20.23528 -0.94244367
v 0.71246403 21.637026 0.2806936
v 1.0125928 20.23528 -0.12231529
v -0.38878924 21.637026 -0.53943515
v -2.3122568 22.047 1.9725142
v -2.553387 22.047 1.5729195
v -1.8577154 22.047 0.76957756
v -1.427759 22.047 0.9511254
v -3.6281881 22.047 2.2789435
v -1.7670982 22.047 -0.28924048
v -3.5883904 22.047 1.8139323
v -1.3125455 22.047 -0.39508754
v -4.872913 22.047 1.7533642
v -2.3161473 22.047 -1.1991102
v -4.5673895 22.047 1.4005543
v -2.0106237 22.047 -1.5519198
v -5.570991 22.047 0.59653336
v -3.2951458 22.047 -1.6124879
v -5.1164384 22.047 0.4906848
v -3.2553487 22.047 -2.0774992
v -5.4557776 22.047 -0.74967945
v -4.330149 22.047 -1.3714755
v -5.0258207 22.047 -0.5681331
v -4.57128 22.047 -1.7710696
vt 0.04030505 0.10231286
vt 0.04030505 0.10231289
vt 0.040305138 0.10231295
vt 0.040305108 0.10231292
vt 0.040305078 0.10231289
vt 0.04030505 0.10231289
vt 0.04030505 0.10231286
vt 0.04030505 0.10231289
vt 0.040305078 0.10231289
vt 0.04030505 0.10231289
vt 0.040305078 0.10231289
vt 0.04030505 0.10231286
vt 0.040305078 0.10231289
vt 0.040305078 0.10231289
vt 0.040305078 0.10231289
vt 0.040305108 0.10231289
vt 0.040305108 0.10231289
vt 0.040305078 0.10231289
vt 0.040305078 0.10231289
vt 0.040305078 0.10231289
vt 0.040305078 0.10231289
vt 0.04030502 0.10231286
vt 0.04030505 0.10231292
vt 0.04030505 0.10231289
vt 0.040305078 0.10231286
vt 0.040305138 0.10231295
vt 0.040305078 0.10231289
vt 0.040305078 0.10231289
vt 0.040305078 0.10231289
vt 0.04030505 0.10231289
vt 0.040305078 0.10231289
vt 0.040305108 0.10231286
vt 0.040305078 0.10231292
vt 0.040305078 0.10231289
vt 0.04030505 0.10231289
vt 0.040305078 0.10231289
vt 0.040305078 0.10231289
vt 0.040305108 0.10231286
vt 0.040305078 0.10231289
vt 0.040305108 0.10231292
vt 0.040305138 0.10231289
vt 0.04030505 0.10231289
vt 0.040305108 0.10231289
vt 0.040305078 0.10231289
vt 0.040305108 0.10231295
vt 0.040305138 0.10231292
vt 0.040305078 0.10231289
vt 0.040305078 0.10231292
vt 0.04030502 0.10231289
vt 0.040305078 0.10231289
vt 0.040305078 0.10231289
vt 0.040305108 0.10231289
vt 0.04030505 0.10231292
vt 0.040305078 0.10231286
vt 0.040305108 0.10231289
vt 0.040305078 0.10231289
vt 0.040305078 0.10231286
vt 0.040305078 0.10231289
vt 0.040305078 0.10231289
vt 0.040305138 0.10231295
vt 0.040305078 0.10231289
vt 0.04030505 0.10231289
vt 0.040305078 0.10231289
vt 0.040305078 0.10231286
vt 0.040305078 0.10231289
vt 0.040305078 0.10231289
vt 0.04030502 0.10231289
vt 0.040305078 0.10231286
vt 0.040305138 0.10231289
vt 0.040305078 0.10231289
vt 0.040305108 0.10231295
vt 0.040305078 0.10231289
vt 0.040305108 0.10231289
vt 0.04030505 0.10231286
vt 0.04030505 0.10231286
vt 0.04030505 0.10231289
vt 0.040305108 0.10231289
vt 0.040305078 0.10231289
vt 0.040305078 0.10231286
vt 0.040305078 0.10231289
vt 0.04030502 0.10231289
vt 0.040305138 0.10231292
vt 0.040305078 0.10231292
vt 0.040305078 0.10231289
vt 0.040305108 0.10231292
vt 0.040305138 0.10231292
vt 0.040305138 0.10231292
vt 0.04030505 0.10231289
vt 0.040305078 0.10231289
vt 0.040305078 0.10231292
vt 0.040305078 0.10231289
vt 0.040305108 0.10231289
vt 0.040305108 0.10231289
vt 0.040305078 0.10231286
vt 0.040305078 0.10231289
vt 0.040305108 0.10231292
vt 0.04030505 0.10231286
vt 0.04030505 0.10231289
vt 0.040305108 0.10231295
vt 0.040305108 0.10231289
vt 0.040305078 0.10231292
vt 0.040305138 0.10231292
vt 0.040305078 0.10231286
vt 0.040305108 0.10231292
vt 0.040305108 0.10231286
vt 0.04030505 0.10231286
vt 0.040305078 0.10231289
vt 0.040305078 0.10231292
vt 0.040305078 0.10231289
vt 0.040305108 0.10231286
vt 0.040305078 0.10231292
vt 0.040305078 0.10231286
vt 0.040305138 0.10231292
vt 0.040305078 0.10231289
vt 0.040305138 0.10231295
vt 0.040305138 0.10231289
vt 0.10743956 0.8983372
vt 0.10743956 0.8983372
vt 0.10743956 0.8983372
vt 0.10743956 0.8983372
vt 0.10433918 0.91073877
vt 0.10433918 0.91073877
vt 0.10433918 0.91073877
vt 0.10433918 0.91073877
vt 0.28213573 0.09921257
vt 0.28213573 0.09921257
vt 0.28213573 0.09921257
vt 0.28213573 0.09921257
vt 0.10743956 0.8983372
vt 0.10743956 0.8983372
vt 0.10743956 0.8983372
vt 0.10743956 0.8983372
vt 0.10743956 0.8983372
vt 0.10743956 0.8983372
vt 0.10743956 0.8983372
vt 0.10743956 0.8983372
vt 0.28213573 0.09921257
vt 0.28213573 0.09921257
vt 0.28213573 0.09921257
vt 0.28213573 0.09921257
vt 0.28213573 0.09921257
vt 0.28213573 0.09921257
vt 0.28213573 0.09921257
vt 0.28213573 0.09921257
vt 0.27283454 0.02790355
vt 0.27283454 0.02790355
vt 0.27283454 0.02790355
vt 0.27283454 0.02790355
vt 0.27283454 0.02790355
vt 0.27283454 0.02790355
vt 0.27283454 0.02790355
vt 0.27283454 0.02790355
vt 0.28213573 0.09921257
vt 0.28213573 0.09921257
vt 0.28213573 0.09921257
vt 0.28213573 0.09921257
vt 0.28213573 0.09921257
vt 0.28213573 0.09921257
vt 0.28213573 0.09921257
vt 0.28213573 0.09921257
vt 0.28213573 0.09921257
vt 0.28213573 0.09921257
vt 0.28213573 0.09921257
vt 0.28213573 0.09921257
vt 0.10433918 0.91073877
vt 0.10433918 0.91073877
vt 0.10433918 0.91073877
vt 0.10433918 0.91073877
vt 0.10433918 0.91073877
vt 0.10433918 0.91073877
vt 0.10433918 0.91073877
vt 0.10433918 0.91073877
vt 0.10433918 0.91073877
vt 0.10433918 0.91073877
vt 0.10433918 0.91073877
vt 0.10433918 0.91073877
vt 0.10433918 0.91073877
vt 0.10433918 0.91073877
vt 0.10433918 0.91073877
vt 0.10433918 0.91073877
vt 0.2821357 0.034104314
vt 0.2821357 0.034104314
vt 0.2821357 0.034104314
vt 0.2821357 0.034104314
vt 0.2821357 0.034104314
vt 0.2821357 0.034104314
vt 0.2821357 0.034104314
vt 0.2821357 0.034104314
vt 0.2821357 0.034104314
vt 0.2821357 0.034104314
vt 0.2821357 0.034104314
vt 0.2821357 0.034104314
vt 0.2821357 0.034104314
vt 0.2821357 0.034104314
vt 0.2821357 0.034104314
vt 0.2821357 0.034104314
vt 0.28213573 0.09921257
vt 0.28213573 0.09921257
vt 0.28213573 0.09921257
vt 0.28213573 0.09921257
vt 0.28213573 0.09921257
vt 0.28213573 0.09921257
vt 0.28213573 0.09921257
vt 0.28213573 0.09921257
vt 0.28213573 0.09921257
vt 0.28213573 0.09921257
vt 0.28213573 0.09921257
vt 0.28213573 0.09921257
vt 0.28213573 0.09921257
vt 0.28213573 0.09921257
vt 0.28213573 0.09921257
vt 0.28213573 0.09921257
vt 0.2821357 0.034104314
vt 0.2821357 0.034104314
vt 0.2821357 0.034104314
vt 0.2821357 0.034104314
vt 0.2821357 0.034104314
vt 0.2821357 0.034104314
vt 0.2821357 0.034104314
vt 0.2821357 0.034104314
vt 0.2821357 0.034104314
vt 0.2821357 0.034104314
vt 0.2821357 0.034104314
vt 0.2821357 0.034104314
vt 0.2821357 0.034104314
vt 0.2821357 0.034104314
vt 0.2821357 0.034104314
vt 0.2821357 0.034104314
vt 0.10743956 0.8983372
vt 0.10743956 0.8983372
vt 0.10743956 0.8983372
vt 0.10743956 0.8983372
vt 0.2855388 0.045670927
vt 0.2855388 0.045670927
vt 0.2855388 0.045670927
vt 0.2855388 0.045670927
vt 0.65448546 0.48592666
vt 0.65448546 0.48592666
vt 0.65448546 0.48592666
vt 0.65448546 0.48592666
vt 0.65448546 0.48592666
vt 0.6544854 0.48592666
vt 0.65448546 0.48592666
vt 0.65448546 0.48592666
vt 0.65448546 0.48592666
vt 0.65448546 0.48592666
vt 0.65448546 0.48592666
vt 0.6544854 0.48592666
vt 0.65448546 0.48592666
vt 0.65448546 0.48592666
vt 0.65448546 0.48592666
vt 0.65448546 0.48592666
vt 0.65448546 0.48592666
vt 0.65448546 0.48592666
vt 0.65448546 0.48592666
vt 0.65448546 0.48592666
vt 0.65448546 0.48592666
vt 0.65448546 0.48592666
vt 0.65448546 0.48592666
vt 0.65448546 0.48592666
vt 0.65448546 0.48592666
vt 0.65448546 0.48592666
vt 0.65448546 0.48592666
vt 0.6544854 0.48592666
vt 0.65448546 0.48592666
vt 0.6544854 0.48592666
vt 0.65448546 0.48592666
vt 0.65448546 0.48592666
vt 0.2855388 0.045670927
vt 0.2855388 0.045670927
vt 0.2855388 0.045670927
vt 0.2855388 0.045670927
vt 0.2855388 0.045670927
vt 0.2855388 0.045670927
vt 0.2855388 0.045670927
vt 0.2855388 0.045670927
vt 0.2855388 0.045670927
vt 0.2855388 0.045670927
vt 0.2855388 0.045670927
vt 0.2855388 0.045670927
vt 0.2855388 0.045670927
vt 0.2855388 0.045670927
vt 0.2855388 0.045670927
vt 0.2855388 0.045670927
vt 0.2855388 0.045670927
vt 0.2855388 0.045670927
vt 0.2855388 0.045670927
vt 0.2855388 0.045670927
vt 0.2855388 0.045670927
vt 0.2855388 0.045670927
vt 0.2855388 0.045670927
vt 0.2855388 0.045670927
vt 0.2855388 0.045670927
vt 0.2855388 0.045670927
vt 0.2855388 0.045670927
vt 0.2855388 0.045670927
vt 0.28523612 0.10851374
vt 0.28523612 0.10851374
vt 0.28523612 0.10851374
vt 0.28523612 0.10851374
vt 0.2819844 0.03055954
vt 0.2819844 0.03055954
vt 0.2819844 0.03055954
vt 0.2819844 0.03055954
vt 0.2819844 0.03055954
vt 0.2819844 0.03055954
vt 0.2819844 0.03055954
vt 0.2819844 0.03055954
vt 0.2819844 0.03055954
vt 0.2819844 0.03055954
vt 0.2819844 0.03055954
vt 0.2819844 0.03055954
vt 0.28523612 0.10851374
vt 0.28523612 0.10851374
vt 0.28523612 0.10851374
vt 0.28523612 0.10851374
vt 0.28523612 0.10851374
vt 0.28523612 0.10851374
vt 0.28523612 0.10851374
vt 0.28523612 0.10851374
vt 0.28523615 0.10851374
vt 0.28523612 0.10851374
vt 0.28523612 0.10851374
vt 0.28523612 0.10851374
vt 0.28523612 0.10851374
vt 0.28523612 0.10851374
vt 0.28523612 0.10851374
vt 0.28523612 0.10851374
vt 0.28523612 0.10851374
vt 0.28523612 0.10851374
vt 0.28523612 0.10851374
vt 0.28523612 0.10851374
vt 0.28523612 0.10851374
vt 0.28523612 0.10851374
vt 0.28523612 0.10851374
vt 0.28523612 0.10851374
vt 0.28523612 0.10851374
vt 0.28523612 0.10851374
vt 0.28523612 0.10851374
vt 0.28523612 0.10851374
vt 0.28523612 0.10851374
vt 0.28523612 0.10851374
vt 0.28523612 0.10851374
vt 0.28523612 0.10851374
vt 0.2819844 0.03055954
vt 0.2819844 0.03055954
vt 0.2819844 0.03055954
vt 0.2819844 0.03055954
vt 0.2819844 0.03055954
vt 0.2819844 0.03055954
vt 0.2819844 0.03055954
vt 0.2819844 0.03055954
vt 0.28523612 0.10851374
vt 0.28523612 0.10851374
vt 0.28523612 0.10851374
vt 0.28523612 0.10851374
vt 0.2819844 0.03055954
vt 0.2819844 0.03055954
vt 0.2819844 0.03055954
vt 0.2819844 0.03055954
vt 0.28523612 0.10851374
vt 0.28523612 0.10851374
vt 0.28523612 0.10851374
vt 0.28523615 0.10851374
vt 0.28523612 0.10851374
vt 0.28523612 0.10851374
vt 0.28523612 0.10851374
vt 0.28523612 0.10851374
vt 0.28523612 0.10851374
vt 0.28523612 0.10851374
vt 0.28523612 0.10851374
vt 0.28523612 0.10851374
vt 0.2819844 0.03055954
vt 0.2819844 0.03055954
vt 0.2819844 0.03055954
vt 0.2819844 0.03055954
vt 0.2819844 0.03055954
vt 0.2819844 0.03055954
vt 0.2819844 0.03055954
vt 0.2819844 0.03055954
vt 0.2819844 0.03055954
vt 0.2819844 0.03055954
vt 0.2819844 0.03055954
vt 0.2819844 0.03055954
vt 0.28523612 0.10851374
vt 0.28523612 0.10851374
vt 0.28523612 0.10851374
vt 0.28523612 0.10851374
vt 0.28523612 0.10851374
vt 0.28523612 0.10851374
vt 0.28523615 0.10851374
vt 0.28523612 0.10851374
vt 0.28523612 0.10851374
vt 0.28523612 0.10851374
vt 0.28523612 0.10851374
vt 0.28523612 0.10851374
vt 0.28523612 0.10851374
vt 0.28523612 0.10851374
vt 0.28523612 0.10851374
vt 0.28523612 0.10851374
vt 0.28523612 0.10851374
vt 0.28523612 0.10851374
vt 0.28523612 0.10851374
vt 0.28523612 0.10851374
vt 0.28523612 0.10851374
vt 0.28523612 0.10851374
vt 0.28523612 0.10851374
vt 0.28523612 0.10851374
vt 0.28523612 0.10851374
vt 0.28523612 0.10851374
vt 0.28523612 0.10851374
vt 0.28523612 0.10851374
vt 0.28523612 0.10851374
vt 0.28523612 0.10851374
vt 0.2819844 0.03055954
vt 0.2819844 0.03055954
vt 0.2819844 0.03055954
vt 0.2819844 0.03055954
vt 0.2819844 0.03055954
vt 0.2819844 0.03055954
vt 0.2819844 0.03055954
vt 0.2819844 0.03055954
vt 0.28523612 0.10851374
vt 0.28523612 0.10851374
vt 0.28523612 0.10851374
vt 0.28523612 0.10851374
vt 0.2819844 0.03055954
vt 0.2819844 0.03055954
vt 0.2819844 0.03055954
vt 0.2819844 0.03055954
vt 0.28523612 0.10851374
vt 0.28523612 0.10851374
vt 0.28523612 0.10851374
vt 0.28523612 0.10851374
vt 0.28523612 0.10851374
vt 0.28523612 0.10851374
vt 0.28523612 0.10851374
vt 0.28523612 0.10851374
vt 0.2819844 0.03055954
vt 0.2819844 0.03055954
vt 0.2819844 0.03055954
vt 0.2819844 0.03055954
vt 0.2819844 0.03055954
vt 0.2819844 0.03055954
vt 0.2819844 0.03055954
vt 0.2819844 0.03055954
vt 0.2819844 0.03055954
vt 0.2819844 0.03055954
vt 0.2819844 0.03055954
vt 0.2819844 0.03055954
vt 0.28523612 0.10851374
vt 0.28523612 0.10851374
vt 0.28523612 0.10851374
vt 0.28523612 0.10851374
vt 0.28523612 0.10851374
vt 0.28523612 0.10851374
vt 0.28523612 0.10851374
vt 0.28523612 0.10851374
vt 0.28523615 0.10851374
vt 0.28523612 0.10851374
vt 0.28523612 0.10851374
vt 0.28523612 0.10851374
vt 0.28523612 0.10851374
vt 0.28523612 0.10851374
vt 0.28523612 0.10851374
vt 0.28523612 0.10851374
vt 0.28523612 0.10851374
vt 0.28523612 0.10851374
vt 0.28523612 0.10851374
vt 0.28523612 0.10851374
vt 0.28523612 0.10851374
vt 0.28523612 0.10851374
vt 0.28523612 0.10851374
vt 0.28523612 0.10851374
vt 0.28523612 0.10851374
vt 0.28523612 0.10851374
vt 0.28523612 0.10851374
vt 0.28523612 0.10851374
vt 0.28523612 0.10851374
vt 0.28523612 0.10851374
vt 0.28523612 0.10851374
vt 0.28523612 0.10851374
vt 0.28523612 0.10851374
vt 0.28523612 0.10851374
vt 0.28523612 0.10851374
vt 0.28523612 0.10851374
vt 0.2819844 0.03055954
vt 0.2819844 0.03055954
vt 0.2819844 0.03055954
vt 0.2819844 0.03055954
vt 0.28523612 0.10851374
vt 0.28523612 0.10851374
vt 0.28523612 0.10851374
vt 0.28523612 0.10851374
vt 0.2819844 0.03055954
vt 0.2819844 0.03055954
vt 0.2819844 0.03055954
vt 0.2819844 0.03055954
vt 0.28523612 0.10851374
vt 0.28523612 0.10851374
vt 0.28523612 0.10851374
vt 0.28523612 0.10851374
vt 0.28523612 0.10851374
vt 0.28523612 0.10851374
vt 0.28523612 0.10851374
vt 0.28523612 0.10851374
vt 0.2819844 0.03055954
vt 0.2819844 0.03055954
vt 0.2819844 0.03055954
vt 0.2819844 0.03055954
vt 0.2819844 0.03055954
vt 0.2819844 0.03055954
vt 0.2819844 0.03055954
vt 0.2819844 0.03055954
vt 0.2819844 0.03055954
vt 0.2819844 0.03055954
vt 0.2819844 0.03055954
vt 0.2819844 0.03055954
vt 0.28523612 0.10851374
vt 0.28523612 0.10851374
vt 0.28523612 0.10851374
vt 0.28523612 0.10851374
vt 0.28523612 0.10851374
vt 0.28523612 0.10851374
vt 0.28523612 0.10851374
vt 0.28523612 0.10851374
vt 0.28523615 0.10851374
vt 0.28523612 0.10851374
vt 0.28523612 0.10851374
vt 0.28523612 0.10851374
vt 0.28523612 0.10851374
vt 0.28523612 0.10851374
vt 0.28523612 0.10851374
vt 0.28523612 0.10851374
vt 0.28523612 0.10851374
vt 0.28523612 0.10851374
vt 0.28523612 0.10851374
vt 0.28523612 0.10851374
vt 0.28523612 0.10851374
vt 0.28523612 0.10851374
vt 0.28523612 0.10851374
vt 0.28523612 0.10851374
vt 0.28523612 0.10851374
vt 0.28523612 0.10851374
vt 0.28523612 0.10851374
vt 0.28523612 0.10851374
vt 0.28523612 0.10851374
vt 0.28523612 0.10851374
vt 0.2819844 0.03055954
vt 0.2819844 0.03055954
vt 0.2819844 0.03055954
vt 0.2819844 0.03055954
vt 0.2819844 0.03055954
vt 0.2819844 0.03055954
vt 0.2819844 0.03055954
vt 0.2819844 0.03055954
vt 0.28523612 0.10851374
vt 0.28523612 0.10851374
vt 0.28523612 0.10851374
vt 0.28523612 0.10851374
vt 0.2819844 0.03055954
vt 0.2819844 0.03055954
vt 0.2819844 0.03055954
vt 0.2819844 0.03055954
vt 0.28523612 0.10851374
vt 0.28523612 0.10851374
vt 0.28523612 0.10851374
vt 0.28523612 0.10851374
vt 0.033030145 0.09533554
vt 0.033030145 0.09533554
vt 0.033030145 0.09533554
vt 0.033030145 0.09533554
vt 0.033030145 0.09533554
vt 0.033030145 0.09533554
vt 0.033030145 0.09533554
vt 0.033030145 0.09533554
vt 0.72751796 0.030227304
vt 0.72751796 0.030227304
vt 0.72751796 0.030227304
vt 0.72751796 0.030227304
vt 0.72751796 0.030227304
vt 0.72751796 0.030227304
vt 0.72751796 0.030227304
vt 0.72751796 0.030227304
vt 0.72751796 0.030227304
vt 0.72751796 0.030227304
vt 0.72751796 0.030227304
vt 0.72751796 0.030227304
vt 0.72751796 0.030227304
vt 0.72751796 0.030227304
vt 0.72751796 0.030227304
vt 0.72751796 0.030227304
vt 0.72751796 0.030227304
vt 0.72751796 0.030227304
vt 0.72751796 0.030227304
vt 0.72751796 0.030227304
vt 0.72751796 0.030227304
vt 0.72751796 0.030227304
vt 0.72751796 0.030227304
vt 0.72751796 0.030227304
vt 0.72751796 0.030227304
vt 0.72751796 0.030227304
vt 0.72751796 0.030227304
vt 0.72751796 0.030227304
vt 0.72751796 0.030227304
vt 0.72751796 0.030227304
vt 0.72751796 0.030227304
vt 0.72751796 0.030227304
vt 0.29036272 0.036428094
vt 0.29036272 0.036428094
vt 0.29036272 0.036428094
vt 0.29036272 0.036428094
vt 0.29036272 0.036428094
vt 0.29036272 0.036428094
vt 0.29036272 0.036428094
vt 0.29036272 0.036428094
vt 0.29036272 0.036428094
vt 0.29036272 0.036428094
vt 0.29036272 0.036428094
vt 0.29036272 0.036428094
vt 0.29036272 0.036428094
vt 0.29036272 0.036428094
vt 0.29036272 0.036428094
vt 0.29036272 0.036428094
vt 0.29036272 0.036428094
vt 0.29036272 0.036428094
vt 0.29036272 0.036428094
vt 0.29036272 0.036428094
vt 0.33996898 0.16044384
vt 0.33996898 0.16044384
vt 0.33996898 0.16044384
vt 0.33996898 0.16044384
vt 0.29036272 0.036428094
vt 0.29036272 0.036428094
vt 0.29036272 0.036428094
vt 0.29036272 0.036428094
vt 0.29036272 0.036428094
vt 0.29036272 0.036428094
vt 0.29036272 0.036428094
vt 0.29036272 0.036428094
vt 0.29036272 0.036428094
vt 0.29036272 0.036428094
vt 0.29036272 0.036428094
vt 0.29036272 0.036428094
vt 0.29036272 0.036428094
vt 0.29036272 0.036428094
vt 0.29036272 0.036428094
vt 0.29036272 0.036428094
vt 0.29036272 0.036428094
vt 0.29036272 0.036428094
vt 0.29036272 0.036428094
vt 0.29036272 0.036428094
vt 0.29036272 0.036428094
vt 0.29036272 0.036428094
vt 0.29036272 0.036428094
vt 0.29036272 0.036428094
vt 0.29036272 0.036428094
vt 0.29036272 0.036428094
vt 0.29036272 0.036428094
vt 0.29036272 0.036428094
vt 0.29036272 0.036428094
vt 0.29036272 0.036428094
vt 0.29036272 0.036428094
vt 0.29036272 0.036428094
vt 0.33996898 0.16044384
vt 0.33996898 0.16044384
vt 0.33996898 0.16044384
vt 0.33996898 0.16044384
vt 0.29036272 0.036428094
vt 0.29036272 0.036428094
vt 0.29036272 0.036428094
vt 0.29036272 0.036428094
vt 0.29036272 0.036428094
vt 0.29036272 0.036428094
vt 0.29036272 0.036428094
vt 0.29036272 0.036428094
vt 0.29036272 0.036428094
vt 0.29036272 0.036428094
vt 0.29036272 0.036428094
vt 0.29036272 0.036428094
vt 0.2883365 0.031003922
vt 0.2883365 0.031003922
vt 0.2883365 0.031003922
vt 0.2883365 0.031003922
vt 0.2883365 0.031003922
vt 0.2883365 0.031003922
vt 0.2883365 0.031003922
vt 0.2883365 0.031003922
vt 0.2883365 0.031003922
vt 0.2883365 0.031003922
vt 0.2883365 0.031003922
vt 0.2883365 0.031003922
vt 0.2883365 0.031003922
vt 0.2883365 0.031003922
vt 0.2883365 0.031003922
vt 0.2883365 0.031003922
vt 0.2883365 0.031003922
vt 0.2883365 0.031003922
vt 0.2883365 0.031003922
vt 0.2883365 0.031003922
vt 0.2883365 0.031003922
vt 0.2883365 0.031003922
vt 0.2883365 0.031003922
vt 0.2883365 0.031003922
vt 0.2883365 0.031003922
vt 0.2883365 0.031003922
vt 0.2883365 0.031003922
vt 0.2883365 0.031003922
vt 0.2883365 0.031003922
vt 0.2883365 0.031003922
vt 0.2883365 0.031003922
vt 0.2883365 0.031003922
vt 0.27903527 0.037204705
vt 0.27903527 0.037204705
vt 0.27903527 0.037204705
vt 0.27903527 0.037204705
vt 0.27903527 0.037204705
vt 0.27903527 0.037204705
vt 0.27903527 0.037204705
vt 0.27903527 0.037204705
vt 0.29036272 0.036428094
vt 0.29036272 0.036428094
vt 0.29036272 0.036428094
vt 0.29036272 0.036428094
vt 0.29036272 0.036428094
vt 0.29036272 0.036428094
vt 0.29036272 0.036428094
vt 0.29036272 0.036428094
vt 0.29036272 0.036428094
vt 0.29036272 0.036428094
vt 0.29036272 0.036428094
vt 0.29036272 0.036428094
vt 0.29036272 0.036428094
vt 0.29036272 0.036428094
vt 0.29036272 0.036428094
vt 0.29036272 0.036428094
vt 0.29036272 0.036428094
vt 0.29036272 0.036428094
vt 0.29036272 0.036428094
vt 0.29036272 0.036428094
vt 0.33996898 0.16044384
vt 0.33996898 0.16044384
vt 0.33996898 0.16044384
vt 0.33996898 0.16044384
vt 0.29036272 0.036428094
vt 0.29036272 0.036428094
vt 0.29036272 0.036428094
vt 0.29036272 0.036428094
vt 0.29036272 0.036428094
vt 0.29036272 0.036428094
vt 0.29036272 0.036428094
vt 0.29036272 0.036428094
vt 0.29036272 0.036428094
vt 0.29036272 0.036428094
vt 0.29036272 0.036428094
vt 0.29036272 0.036428094
vt 0.10433918 0.91073877
vt 0.10433918 0.91073877
vt 0.10433918 0.91073877
vt 0.10433918 0.91073877
vt 0.29036272 0.036428094
vt 0.29036272 0.036428094
vt 0.29036272 0.036428094
vt 0.29036272 0.036428094
vt 0.29036272 0.036428094
vt 0.29036272 0.036428094
vt 0.29036272 0.036428094
vt 0.29036272 0.036428094
vt 0.29036272 0.036428094
vt 0.29036272 0.036428094
vt 0.29036272 0.036428094
vt 0.29036272 0.036428094
vt 0.29036272 0.036428094
vt 0.29036272 0.036428094
vt 0.29036272 0.036428094
vt 0.29036272 0.036428094
vt 0.29036272 0.036428094
vt 0.29036272 0.036428094
vt 0.29036272 0.036428094
vt 0.29036272 0.036428094
vt 0.33996898 0.16044384
vt 0.33996898 0.16044384
vt 0.33996898 0.16044384
vt 0.33996898 0.16044384
vt 0.29036272 0.036428094
vt 0.29036272 0.036428094
vt 0.29036272 0.036428094
vt 0.29036272 0.036428094
vt 0.29036272 0.036428094
vt 0.29036272 0.036428094
vt 0.29036272 0.036428094
vt 0.29036272 0.036428094
vt 0.29036272 0.036428094
vt 0.29036272 0.036428094
vt 0.29036272 0.036428094
vt 0.29036272 0.036428094
vt 0.29036272 0.036428094
vt 0.29036272 0.036428094
vt 0.29036272 0.036428094
vt 0.29036272 0.036428094
vt 0.29036272 0.036428094
vt 0.29036272 0.036428094
vt 0.29036272 0.036428094
vt 0.29036272 0.036428094
vt 0.29036272 0.036428094
vt 0.29036272 0.036428094
vt 0.29036272 0.036428094
vt 0.29036272 0.036428094
vt 0.29036272 0.036428094
vt 0.29036272 0.036428094
vt 0.29036272 0.036428094
vt 0.29036272 0.036428094
vt 0.29036272 0.036428094
vt 0.29036272 0.036428094
vt 0.29036272 0.036428094
vt 0.29036272 0.036428094
vt 0.33996898 0.16044384
vt 0.33996898 0.16044384
vt 0.33996898 0.16044384
vt 0.33996898 0.16044384
vt 0.29036272 0.036428094
vt 0.29036272 0.036428094
vt 0.29036272 0.036428094
vt 0.29036272 0.036428094
vt 0.29036272 0.036428094
vt 0.29036272 0.036428094
vt 0.29036272 0.036428094
vt 0.29036272 0.036428094
vt 0.29036272 0.036428094
vt 0.29036272 0.036428094
vt 0.29036272 0.036428094
vt 0.29036272 0.036428094
vt 0.29036272 0.036428094
vt 0.29036272 0.036428094
vt 0.29036272 0.036428094
vt 0.29036272 0.036428094
vt 0.29036272 0.036428094
vt 0.29036272 0.036428094
vt 0.29036272 0.036428094
vt 0.29036272 0.036428094
vt 0.29036272 0.036428094
vt 0.29036272 0.036428094
vt 0.29036272 0.036428094
vt 0.29036272 0.036428094
vt 0.29036272 0.036428094
vt 0.29036272 0.036428094
vt 0.29036272 0.036428094
vt 0.29036272 0.036428094
vt 0.29036272 0.036428094
vt 0.29036272 0.036428094
vt 0.29036272 0.036428094
vt 0.29036272 0.036428094
vt 0.33996898 0.16044384
vt 0.33996898 0.16044384
vt 0.33996898 0.16044384
vt 0.33996898 0.16044384
vt 0.29036272 0.036428094
vt 0.29036272 0.036428094
vt 0.29036272 0.036428094
vt 0.29036272 0.036428094
vt 0.29036272 0.036428094
vt 0.29036272 0.036428094
vt 0.29036272 0.036428094
vt 0.29036272 0.036428094
vt 0.29036272 0.036428094
vt 0.29036272 0.036428094
vt 0.29036272 0.036428094
vt 0.29036272 0.036428094
vt 0.29036272 0.036428094
vt 0.29036272 0.036428094
vt 0.29036272 0.036428094
vt 0.29036272 0.036428094
vt 0.29036272 0.036428094
vt 0.29036272 0.036428094
vt 0.29036272 0.036428094
vt 0.29036272 0.036428094
vt 0.29036272 0.036428094
vt 0.29036272 0.036428094
vt 0.29036272 0.036428094
vt 0.29036272 0.036428094
vt 0.29036272 0.036428094
vt 0.29036272 0.036428094
vt 0.29036272 0.036428094
vt 0.29036272 0.036428094
vt 0.29036272 0.036428094
vt 0.29036272 0.036428094
vt 0.29036272 0.036428094
vt 0.29036272 0.036428094
vt 0.33996898 0.16044384
vt 0.33996898 0.16044384
vt 0.33996898 0.16044384
vt 0.33996898 0.16044384
vt 0.29036272 0.036428094
vt 0.29036272 0.036428094
vt 0.29036272 0.036428094
vt 0.29036272 0.036428094
vt 0.29036272 0.036428094
vt 0.29036272 0.036428094
vt 0.29036272 0.036428094
vt 0.29036272 0.036428094
vt 0.29036272 0.036428094
vt 0.29036272 0.036428094
vt 0.29036272 0.036428094
vt 0.29036272 0.036428094
vt 0.29036272 0.036428094
vt 0.29036272 0.036428094
vt 0.29036272 0.036428094
vt 0.29036272 0.036428094
vt 0.29036272 0.036428094
vt 0.29036272 0.036428094
vt 0.29036272 0.036428094
vt 0.29036272 0.036428094
vt 0.29036272 0.036428094
vt 0.29036272 0.036428094
vt 0.29036272 0.036428094
vt 0.29036272 0.036428094
vt 0.29036272 0.036428094
vt 0.29036272 0.036428094
vt 0.29036272 0.036428094
vt 0.29036272 0.036428094
vt 0.29036272 0.036428094
vt 0.29036272 0.036428094
vt 0.29036272 0.036428094
vt 0.29036272 0.036428094
vt 0.33996898 0.16044384
vt 0.33996898 0.16044384
vt 0.33996898 0.16044384
vt 0.33996898 0.16044384
vt 0.29036272 0.036428094
vt 0.29036272 0.036428094
vt 0.29036272 0.036428094
vt 0.29036272 0.036428094
vt 0.29036272 0.036428094
vt 0.29036272 0.036428094
vt 0.29036272 0.036428094
vt 0.29036272 0.036428094
vt 0.29036272 0.036428094
vt 0.29036272 0.036428094
vt 0.29036272 0.036428094
vt 0.29036272 0.036428094
vt 0.29036272 0.036428094
vt 0.29036272 0.036428094
vt 0.29036272 0.036428094
vt 0.29036272 0.036428094
vt 0.29036272 0.036428094
vt 0.29036272 0.036428094
vt 0.29036272 0.036428094
vt 0.29036272 0.036428094
vt 0.29036272 0.036428094
vt 0.29036272 0.036428094
vt 0.29036272 0.036428094
vt 0.29036272 0.036428094
vt 0.29036272 0.036428094
vt 0.29036272 0.036428094
vt 0.29036272 0.036428094
vt 0.29036272 0.036428094
vt 0.29036272 0.036428094
vt 0.29036272 0.036428094
vt 0.29036272 0.036428094
vt 0.29036272 0.036428094
vt 0.33996898 0.16044384
vt 0.33996898 0.16044384
vt 0.33996898 0.16044384
vt 0.33996898 0.16044384
vt 0.29036272 0.036428094
vt 0.29036272 0.036428094
vt 0.29036272 0.036428094
vt 0.29036272 0.036428094
vt 0.29036272 0.036428094
vt 0.29036272 0.036428094
vt 0.29036272 0.036428094
vt 0.29036272 0.036428094
vt 0.29036272 0.036428094
vt 0.29036272 0.036428094
vt 0.29036272 0.036428094
vt 0.29036272 0.036428094
vt 0.29036272 0.036428094
vt 0.29036272 0.036428094
vt 0.29036272 0.036428094
vt 0.29036272 0.036428094
vt 0.29036272 0.036428094
vt 0.29036272 0.036428094
vt 0.29036272 0.036428094
vt 0.29036272 0.036428094
vt 0.29036272 0.036428094
vt 0.29036272 0.036428094
vt 0.29036272 0.036428094
vt 0.29036272 0.036428094
vt 0.29036272 0.036428094
vt 0.29036272 0.036428094
vt 0.29036272 0.036428094
vt 0.29036272 0.036428094
vt 0.29036272 0.036428094
vt 0.29036272 0.036428094
vt 0.29036272 0.036428094
vt 0.29036272 0.036428094
vt 0.33996898 0.16044384
vt 0.33996898 0.16044384
vt 0.33996898 0.16044384
vt 0.33996898 0.16044384
vt 0.29036272 0.036428094
vt 0.29036272 0.036428094
vt 0.29036272 0.036428094
vt 0.29036272 0.036428094
vt 0.29036272 0.036428094
vt 0.29036272 0.036428094
vt 0.29036272 0.036428094
vt 0.29036272 0.036428094
vt 0.29036272 0.036428094
vt 0.29036272 0.036428094
vt 0.29036272 0.036428094
vt 0.29036272 0.036428094
vt 0.29036272 0.036428094
vt 0.29036272 0.036428094
vt 0.29036272 0.036428094
vt 0.29036272 0.036428094
vt 0.29036272 0.036428094
vt 0.29036272 0.036428094
vt 0.29036272 0.036428094
vt 0.29036272 0.036428094
vt 0.29036272 0.036428094
vt 0.29036272 0.036428094
vt 0.29036272 0.036428094
vt 0.29036272 0.036428094
vt 0.29036272 0.036428094
vt 0.29036272 0.036428094
vt 0.29036272 0.036428094
vt 0.29036272 0.036428094
vt 0.29036272 0.036428094
vt 0.29036272 0.036428094
vt 0.29036272 0.036428094
vt 0.29036272 0.036428094
vt 0.33996898 0.16044384
vt 0.33996898 0.16044384
vt 0.33996898 0.16044384
vt 0.33996898 0.16044384
vt 0.29036272 0.036428094
vt 0.29036272 0.036428094
vt 0.29036272 0.036428094
vt 0.29036272 0.036428094
vt 0.29036272 0.036428094
vt 0.29036272 0.036428094
vt 0.29036272 0.036428094
vt 0.29036272 0.036428094
vt 0.29036272 0.036428094
vt 0.29036272 0.036428094
vt 0.29036272 0.036428094
vt 0.29036272 0.036428094
vt 0.29036272 0.036428094
vt 0.29036272 0.036428094
vt 0.29036272 0.036428094
vt 0.29036272 0.036428094
vt 0.29036272 0.036428094
vt 0.29036272 0.036428094
vt 0.29036272 0.036428094
vt 0.29036272 0.036428094
vt 0.29036272 0.036428094
vt 0.29036272 0.036428094
vt 0.29036272 0.036428094
vt 0.29036272 0.036428094
vt 0.29036272 0.036428094
vt 0.29036272 0.036428094
vt 0.29036272 0.036428094
vt 0.29036272 0.036428094
vt 0.29036272 0.036428094
vt 0.29036272 0.036428094
vt 0.29036272 0.036428094
vt 0.29036272 0.036428094
vt 0.33996898 0.16044384
vt 0.33996898 0.16044384
vt 0.33996898 0.16044384
vt 0.33996898 0.16044384
vt 0.29036272 0.036428094
vt 0.29036272 0.036428094
vt 0.29036272 0.036428094
vt 0.29036272 0.036428094
vt 0.29036272 0.036428094
vt 0.29036272 0.036428094
vt 0.29036272 0.036428094
vt 0.29036272 0.036428094
vt 0.29036272 0.036428094
vt 0.29036272 0.036428094
vt 0.29036272 0.036428094
vt 0.29036272 0.036428094
vt 0.42165333 0.83710593
vt 0.42165333 0.83710593
vt 0.42165333 0.83710593
vt 0.42165333 0.83710593
vt 0.32864156 0.8402063
vt 0.32864156 0.8402063
vt 0.32864156 0.8402063
vt 0.32864156 0.8402063
vt 0.34104317 0.85260785
vt 0.34104317 0.85260785
vt 0.34104317 0.85260785
vt 0.34104317 0.85260785
vt 0.34104317 0.85260785
vt 0.34104317 0.85260785
vt 0.34104317 0.85260785
vt 0.34104317 0.85260785
vt 0.34104317 0.85260785
vt 0.34104317 0.85260785
vt 0.34104317 0.85260785
vt 0.34104317 0.85260785
vt 0.34104317 0.85260785
vt 0.34104317 0.85260785
vt 0.34104317 0.85260785
vt 0.34104317 0.85260785
vt 0.34104317 0.85260785
vt 0.34104317 0.85260785
vt 0.34104317 0.85260785
vt 0.34104317 0.85260785
vt 0.34104317 0.85260785
vt 0.34104317 0.85260785
vt 0.34104317 0.85260785
vt 0.34104317 0.85260785
vt 0.34104317 0.85260785
vt 0.34104317 0.85260785
vt 0.34104317 0.85260785
vt 0.34104317 0.85260785
vt 0.34104317 0.85260785
vt 0.34104317 0.85260785
vt 0.34104317 0.85260785
vt 0.34104317 0.85260785
vt 0.3658463 0.040305078
vt 0.3658463 0.040305078
vt 0.3658463 0.040305078
vt 0.3658463 0.040305078
vt 0.3658463 0.040305078
vt 0.3658463 0.040305078
vt 0.3658463 0.040305078
vt 0.3658463 0.040305078
vt 0.42165333 0.83710593
vt 0.42165333 0.83710593
vt 0.42165333 0.83710593
vt 0.42165333 0.83710593
vt 0.32864156 0.8402063
vt 0.32864156 0.8402063
vt 0.32864156 0.8402063
vt 0.32864156 0.8402063
vt 0.34104317 0.85260785
vt 0.34104317 0.85260785
vt 0.34104317 0.85260785
vt 0.34104317 0.85260785
vt 0.34104317 0.85260785
vt 0.34104317 0.85260785
vt 0.34104317 0.85260785
vt 0.34104317 0.85260785
vt 0.34104317 0.85260785
vt 0.34104317 0.85260785
vt 0.34104317 0.85260785
vt 0.34104317 0.85260785
vt 0.34104317 0.85260785
vt 0.34104317 0.85260785
vt 0.34104317 0.85260785
vt 0.34104317 0.85260785
vt 0.34104317 0.85260785
vt 0.34104317 0.85260785
vt 0.34104317 0.85260785
vt 0.34104317 0.85260785
vt 0.34104317 0.85260785
vt 0.34104317 0.85260785
vt 0.34104317 0.85260785
vt 0.34104317 0.85260785
vt 0.34104317 0.85260785
vt 0.34104317 0.85260785
vt 0.34104317 0.85260785
vt 0.34104317 0.85260785
vt 0.34104317 0.85260785
vt 0.34104317 0.85260785
vt 0.34104317 0.85260785
vt 0.34104317 0.85260785
vt 0.42165333 0.83710593
vt 0.42165333 0.83710593
vt 0.42165333 0.83710593
vt 0.42165333 0.83710593
vt 0.34104317 0.85260785
vt 0.34104317 0.85260785
vt 0.34104317 0.85260785
vt 0.34104317 0.85260785
vt 0.34104317 0.85260785
vt 0.34104317 0.85260785
vt 0.34104317 0.85260785
vt 0.34104317 0.85260785
vt 0.32864156 0.8402063
vt 0.34104317 0.85260785
vt 0.34104317 0.85260785
vt 0.34104317 0.85260785
vt 0.34104317 0.85260785
vt 0.34104317 0.85260785
vt 0.34104317 0.85260785
vt 0.34104317 0.85260785
vt 0.34104317 0.85260785
vt 0.34104317 0.85260785
vt 0.34104317 0.85260785
vt 0.34104317 0.85260785
vt 0.34104317 0.85260785
vt 0.34104317 0.85260785
vt 0.34104317 0.85260785
vt 0.34104317 0.85260785
vt 0.34104317 0.85260785
vt 0.34104317 0.85260785
vt 0.34104317 0.85260785
vt 0.34104317 0.85260785
vt 0.34104317 0.85260785
vt 0.34104317 0.85260785
vt 0.34104317 0.85260785
vt 0.34104317 0.85260785
vt 0.34104317 0.85260785
vt 0.32864156 0.8402063
vt 0.32864156 0.8402063
vt 0.32864156 0.8402063
vt 0.42165333 0.83710593
vt 0.42165333 0.83710593
vt 0.42165333 0.83710593
vt 0.42165333 0.83710593
vt 0.32864156 0.8402063
vt 0.32864156 0.8402063
vt 0.32864156 0.8402063
vt 0.32864156 0.8402063
vt 0.3658463 0.040305078
vt 0.3658463 0.040305078
vt 0.3658463 0.040305078
vt 0.3658463 0.040305078
vt 0.3658463 0.040305078
vt 0.3658463 0.040305078
vt 0.3658463 0.040305078
vt 0.3658463 0.040305078
vt 0.42165333 0.83710593
vt 0.42165333 0.83710593
vt 0.42165333 0.83710593
vt 0.42165333 0.83710593
vt 0.34104317 0.85260785
vt 0.34104317 0.85260785
vt 0.34104317 0.85260785
vt 0.34104317 0.85260785
vt 0.34104317 0.85260785
vt 0.34104317 0.85260785
vt 0.34104317 0.85260785
vt 0.34104317 0.85260785
vt 0.34104317 0.85260785
vt 0.34104317 0.85260785
vt 0.34104317 0.85260785
vt 0.34104317 0.85260785
vt 0.34104317 0.85260785
vt 0.34104317 0.85260785
vt 0.34104317 0.85260785
vt 0.34104317 0.85260785
vt 0.34104317 0.85260785
vt 0.34104317 0.85260785
vt 0.34104317 0.85260785
vt 0.34104317 0.85260785
vt 0.34104317 0.85260785
vt 0.32864156 0.8402063
vt 0.34104317 0.85260785
vt 0.34104317 0.85260785
vt 0.34104317 0.85260785
vt 0.34104317 0.85260785
vt 0.34104317 0.85260785
vt 0.34104317 0.85260785
vt 0.34104317 0.85260785
vt 0.34104317 0.85260785
vt 0.34104317 0.85260785
vt 0.34104317 0.85260785
vt 0.34104317 0.85260785
vt 0.32864156 0.8402063
vt 0.32864156 0.8402063
vt 0.32864156 0.8402063
vt 0.42165333 0.83710593
vt 0.42165333 0.83710593
vt 0.42165333 0.83710593
vt 0.42165333 0.83710593
vt 0.34104317 0.85260785
vt 0.34104317 0.85260785
vt 0.34104317 0.85260785
vt 0.34104317 0.85260785
vt 0.34104317 0.85260785
vt 0.34104317 0.85260785
vt 0.34104317 0.85260785
vt 0.34104317 0.85260785
vt 0.34104317 0.85260785
vt 0.34104317 0.85260785
vt 0.34104317 0.85260785
vt 0.34104317 0.85260785
vt 0.34104317 0.85260785
vt 0.34104317 0.85260785
vt 0.34104317 0.85260785
vt 0.34104317 0.85260785
vt 0.34104317 0.85260785
vt 0.34104317 0.85260785
vt 0.34104317 0.85260785
vt 0.34104317 0.85260785
vt 0.34104317 0.85260785
vt 0.32864156 0.8402063
vt 0.34104317 0.85260785
vt 0.34104317 0.85260785
vt 0.34104317 0.85260785
vt 0.34104317 0.85260785
vt 0.34104317 0.85260785
vt 0.34104317 0.85260785
vt 0.34104317 0.85260785
vt 0.34104317 0.85260785
vt 0.34104317 0.85260785
vt 0.34104317 0.85260785
vt 0.34104317 0.85260785
vt 0.32864156 0.8402063
vt 0.32864156 0.8402063
vt 0.32864156 0.8402063
vt 0.40846962 0.02521542
vt 0.40846962 0.02521542
vt 0.40846962 0.02521542
vt 0.40846962 0.02521542
vt 0.40846962 0.02521542
vt 0.40846962 0.02521542
vt 0.40846962 0.02521542
vt 0.40846962 0.02521542
vt 0.40846962 0.02521542
vt 0.40846962 0.02521542
vt 0.40846962 0.02521542
vt 0.40846962 0.02521542
vt 0.40846962 0.02521542
vt 0.40846962 0.02521542
vt 0.40846962 0.02521542
vt 0.40846962 0.02521542
vt 0.40846962 0.02521542
vt 0.40846962 0.02521542
vt 0.40846962 0.02521542
vt 0.40846962 0.02521542
vt 0.40846962 0.02521542
vt 0.40846962 0.02521542
vt 0.40846962 0.02521542
vt 0.40846962 0.02521542
vt 0.40846962 0.02521542
vt 0.40846962 0.02521542
vt 0.40846962 0.02521542
vt 0.40846962 0.02521542
vt 0.40846962 0.02521542
vt 0.40846962 0.02521542
vt 0.40846962 0.02521542
vt 0.40846962 0.02521542
vt 0.2887323 0.018329067
vt 0.2887323 0.018329067
vt 0.2887323 0.018329067
vt 0.2887323 0.018329067
vt 0.40846962 0.02521542
vt 0.40846962 0.02521542
vt 0.40846962 0.02521542
vt 0.40846962 0.02521542
vt 0.2906547 0.022115028
vt 0.2906547 0.022115028
vt 0.2906547 0.022115028
vt 0.2906547 0.022115028
vt 0.29110467 0.03176959
vt 0.29110467 0.03176959
vt 0.29110467 0.03176959
vt 0.29110467 0.03176959
vt 0.29110467 0.03176959
vt 0.29110467 0.03176959
vt 0.29110467 0.03176959
vt 0.29110467 0.03176959
vt 0.2906547 0.022115028
vt 0.2906547 0.022115028
vt 0.2906547 0.022115028
vt 0.2906547 0.022115028
vt 0.40846962 0.02521542
vt 0.40846962 0.02521542
vt 0.40846962 0.02521542
vt 0.40846962 0.02521542
vt 0.40846962 0.02521542
vt 0.40846962 0.02521542
vt 0.40846962 0.02521542
vt 0.40846962 0.02521542
vt 0.40846962 0.02521542
vt 0.40846962 0.02521542
vt 0.40846962 0.02521542
vt 0.40846962 0.02521542
vt 0.40846962 0.02521542
vt 0.40846962 0.02521542
vt 0.40846962 0.02521542
vt 0.40846962 0.02521542
vt 0.40846962 0.02521542
vt 0.40846962 0.02521542
vt 0.40846962 0.02521542
vt 0.40846962 0.02521542
vt 0.40846962 0.02521542
vt 0.40846962 0.02521542
vt 0.40846962 0.02521542
vt 0.40846962 0.02521542
vt 0.40846962 0.02521542
vt 0.40846962 0.02521542
vt 0.40846962 0.02521542
vt 0.40846962 0.02521542
vt 0.40846962 0.02521542
vt 0.40846962 0.02521542
vt 0.40846962 0.02521542
vt 0.40846962 0.02521542
vt 0.40846962 0.02521542
vt 0.40846962 0.02521542
vt 0.40846962 0.02521542
vt 0.40846962 0.02521542
vt 0.40846962 0.02521542
vt 0.40846962 0.02521542
vt 0.40846962 0.02521542
vt 0.40846962 0.02521542
vt 0.40846962 0.02521542
vt 0.40846962 0.02521542
vt 0.40846962 0.02521542
vt 0.40846962 0.02521542
vt 0.40846962 0.02521542
vt 0.40846962 0.02521542
vt 0.40846962 0.02521542
vt 0.40846962 0.02521542
vt 0.2887323 0.018329067
vt 0.2887323 0.018329067
vt 0.2887323 0.018329067
vt 0.2887323 0.018329067
vt 0.40846962 0.02521542
vt 0.40846962 0.02521542
vt 0.40846962 0.02521542
vt 0.40846962 0.02521542
vt 0.2906547 0.022115028
vt 0.2906547 0.022115028
vt 0.2906547 0.022115028
vt 0.2906547 0.022115028
vt 0.29110467 0.03176959
vt 0.29110467 0.03176959
vt 0.29110467 0.03176959
vt 0.29110467 0.03176959
vt 0.29110467 0.03176959
vt 0.29110467 0.03176959
vt 0.29110467 0.03176959
vt 0.29110467 0.03176959
vt 0.2906547 0.022115028
vt 0.2906547 0.022115028
vt 0.2906547 0.022115028
vt 0.2906547 0.022115028
vt 0.40846962 0.02521542
vt 0.40846962 0.02521542
vt 0.40846962 0.02521542
vt 0.40846962 0.02521542
vt 0.40846962 0.02521542
vt 0.40846962 0.02521542
vt 0.40846962 0.02521542
vt 0.40846962 0.02521542
vt 0.40846962 0.02521542
vt 0.40846962 0.02521542
vt 0.40846962 0.02521542
vt 0.40846962 0.02521542
vt 0.40846962 0.02521542
vt 0.40846962 0.02521542
vt 0.40846962 0.02521542
vt 0.40846962 0.02521542
vt 0.72751796 0.030227304
vt 0.72751796 0.030227304
vt 0.72751796 0.030227304
vt 0.72751796 0.030227304
vt 0.72751796 0.030227304
vt 0.72751796 0.030227304
vt 0.72751796 0.030227304
vt 0.72751796 0.030227304
vt 0.72751796 0.030227304
vt 0.72751796 0.030227304
vt 0.72751796 0.030227304
vt 0.72751796 0.030227304
vt 0.72751796 0.030227304
vt 0.72751796 0.030227304
vt 0.72751796 0.030227304
vt 0.72751796 0.030227304
vt 0.033030152 0.10463672
vt 0.033030152 0.10463672
vt 0.033030152 0.10463672
vt 0.033030152 0.10463672
vt 0.72441757 0.0333277
vt 0.72441757 0.0333277
vt 0.72441757 0.0333277
vt 0.72441757 0.0333277
vt 0.72441757 0.0333277
vt 0.72441757 0.0333277
vt 0.72441757 0.0333277
vt 0.72441757 0.0333277
vt 0.033030152 0.10463672
vt 0.033030152 0.10463672
vt 0.033030152 0.10463672
vt 0.033030152 0.10463672
vt 0.70891565 0.027126916
vt 0.70891565 0.027126916
vt 0.70891565 0.027126916
vt 0.70891565 0.027126916
vt 0.70891565 0.027126916
vt 0.70891565 0.027126916
vt 0.70891565 0.027126916
vt 0.70891565 0.027126916
vt 0.72441757 0.0333277
vt 0.72441757 0.0333277
vt 0.72441757 0.0333277
vt 0.72441757 0.0333277
vt 0.72441757 0.0333277
vt 0.72441757 0.0333277
vt 0.72441757 0.0333277
vt 0.72441757 0.0333277
vt 0.033030152 0.10463672
vt 0.033030152 0.10463672
vt 0.033030152 0.10463672
vt 0.033030152 0.10463672
vt 0.70891565 0.027126916
vt 0.70891565 0.027126916
vt 0.70891565 0.027126916
vt 0.70891565 0.027126916
vt 0.70891565 0.027126916
vt 0.70891565 0.027126916
vt 0.70891565 0.027126916
vt 0.70891565 0.027126916
vt 0.29036272 0.036428094
vt 0.29036272 0.036428094
vt 0.29036272 0.036428094
vt 0.29036272 0.036428094
vt 0.29036272 0.036428094
vt 0.29036272 0.036428094
vt 0.29036272 0.036428094
vt 0.29036272 0.036428094
vt 0.29036272 0.036428094
vt 0.29036272 0.036428094
vt 0.29036272 0.036428094
vt 0.29036272 0.036428094
vt 0.29036272 0.036428094
vt 0.29036272 0.036428094
vt 0.29036272 0.036428094
vt 0.29036272 0.036428094
vt 0.29036272 0.036428094
vt 0.29036272 0.036428094
vt 0.29036272 0.036428094
vt 0.29036272 0.036428094
vt 0.34616977 0.16974497
vt 0.34616977 0.16974497
vt 0.34616977 0.16974497
vt 0.34616977 0.16974497
vt 0.29036272 0.036428094
vt 0.29036272 0.036428094
vt 0.29036272 0.036428094
vt 0.29036272 0.036428094
vt 0.29036272 0.036428094
vt 0.29036272 0.036428094
vt 0.29036272 0.036428094
vt 0.29036272 0.036428094
vt 0.29036272 0.036428094
vt 0.29036272 0.036428094
vt 0.29036272 0.036428094
vt 0.29036272 0.036428094
vt 0.29036272 0.036428094
vt 0.29036272 0.036428094
vt 0.29036272 0.036428094
vt 0.29036272 0.036428094
vt 0.29036272 0.036428094
vt 0.29036272 0.036428094
vt 0.29036272 0.036428094
vt 0.29036272 0.036428094
vt 0.29036272 0.036428094
vt 0.29036272 0.036428094
vt 0.29036272 0.036428094
vt 0.29036272 0.036428094
vt 0.29036272 0.036428094
vt 0.29036272 0.036428094
vt 0.29036272 0.036428094
vt 0.29036272 0.036428094
vt 0.29036272 0.036428094
vt 0.29036272 0.036428094
vt 0.29036272 0.036428094
vt 0.29036272 0.036428094
vt 0.29036272 0.036428094
vt 0.29036272 0.036428094
vt 0.29036272 0.036428094
vt 0.29036272 0.036428094
vt 0.29036272 0.036428094
vt 0.29036272 0.036428094
vt 0.29036272 0.036428094
vt 0.29036272 0.036428094
vt 0.29036272 0.036428094
vt 0.29036272 0.036428094
vt 0.29036272 0.036428094
vt 0.29036272 0.036428094
vt 0.29036272 0.036428094
vt 0.29036272 0.036428094
vt 0.29036272 0.036428094
vt 0.29036272 0.036428094
vt 0.29036272 0.036428094
vt 0.29036272 0.036428094
vt 0.29036272 0.036428094
vt 0.29036272 0.036428094
vt 0.29036272 0.036428094
vt 0.29036272 0.036428094
vt 0.29036272 0.036428094
vt 0.29036272 0.036428094
vt 0.29036272 0.036428094
vt 0.29036272 0.036428094
vt 0.29036272 0.036428094
vt 0.29036272 0.036428094
vt 0.29036272 0.036428094
vt 0.29036272 0.036428094
vt 0.29036272 0.036428094
vt 0.29036272 0.036428094
vt 0.29036272 0.036428094
vt 0.29036272 0.036428094
vt 0.29036272 0.036428094
vt 0.29036272 0.036428094
vt 0.29036272 0.036428094
vt 0.29036272 0.036428094
vt 0.29036272 0.036428094
vt 0.29036272 0.036428094
vt 0.29036272 0.036428094
vt 0.29036272 0.036428094
vt 0.29036272 0.036428094
vt 0.29036272 0.036428094
vt 0.29036272 0.036428094
vt 0.29036272 0.036428094
vt 0.29036272 0.036428094
vt 0.29036272 0.036428094
vt 0.29036272 0.036428094
vt 0.29036272 0.036428094
vt 0.29036272 0.036428094
vt 0.29036272 0.036428094
vt 0.29036272 0.036428094
vt 0.29036272 0.036428094
vt 0.29036272 0.036428094
vt 0.29036272 0.036428094
vt 0.29036272 0.036428094
vt 0.29036272 0.036428094
vt 0.29036272 0.036428094
vt 0.29036272 0.036428094
vt 0.34616977 0.16974497
vt 0.34616977 0.16974497
vt 0.34616977 0.16974497
vt 0.34616977 0.16974497
vt 0.29036272 0.036428094
vt 0.29036272 0.036428094
vt 0.29036272 0.036428094
vt 0.29036272 0.036428094
vt 0.29036272 0.036428094
vt 0.29036272 0.036428094
vt 0.29036272 0.036428094
vt 0.29036272 0.036428094
vt 0.29036272 0.036428094
vt 0.29036272 0.036428094
vt 0.29036272 0.036428094
vt 0.29036272 0.036428094
vt 0.29036272 0.036428094
vt 0.29036272 0.036428094
vt 0.29036272 0.036428094
vt 0.29036272 0.036428094
vt 0.29036272 0.036428094
vt 0.29036272 0.036428094
vt 0.29036272 0.036428094
vt 0.29036272 0.036428094
vt 0.29036272 0.036428094
vt 0.29036272 0.036428094
vt 0.29036272 0.036428094
vt 0.29036272 0.036428094
vt 0.29036272 0.036428094
vt 0.29036272 0.036428094
vt 0.29036272 0.036428094
vt 0.29036272 0.036428094
vt 0.29036272 0.036428094
vt 0.29036272 0.036428094
vt 0.29036272 0.036428094
vt 0.29036272 0.036428094
vt 0.29036272 0.036428094
vt 0.29036272 0.036428094
vt 0.29036272 0.036428094
vt 0.29036272 0.036428094
vt 0.29036272 0.036428094
vt 0.29036272 0.036428094
vt 0.29036272 0.036428094
vt 0.29036272 0.036428094
vt 0.29036272 0.036428094
vt 0.29036272 0.036428094
vt 0.29036272 0.036428094
vt 0.29036272 0.036428094
vt 0.29036272 0.036428094
vt 0.29036272 0.036428094
vt 0.29036272 0.036428094
vt 0.29036272 0.036428094
vt 0.29036272 0.036428094
vt 0.29036272 0.036428094
vt 0.29036272 0.036428094
vt 0.29036272 0.036428094
vt 0.29036272 0.036428094
vt 0.29036272 0.036428094
vt 0.29036272 0.036428094
vt 0.29036272 0.036428094
vt 0.29036272 0.036428094
vt 0.29036272 0.036428094
vt 0.29036272 0.036428094
vt 0.29036272 0.036428094
vt 0.29036272 0.036428094
vt 0.29036272 0.036428094
vt 0.29036272 0.036428094
vt 0.29036272 0.036428094
vt 0.29036272 0.036428094
vt 0.29036272 0.036428094
vt 0.29036272 0.036428094
vt 0.29036272 0.036428094
vt 0.29036272 0.036428094
vt 0.29036272 0.036428094
vt 0.29036272 0.036428094
vt 0.29036272 0.036428094
vt 0.4619584 0.41855294
vt 0.4619584 0.41855294
vt 0.4619584 0.41855294
vt 0.4619584 0.41855294
vt 0.4619584 0.41855294
vt 0.4619584 0.41855294
vt 0.4619584 0.41855294
vt 0.4619584 0.41855294
vt 0.4619584 0.41855294
vt 0.4619584 0.41855294
vt 0.84330666 0.8371059
vt 0.84330666 0.8371059
vt 0.84330666 0.8371059
vt 0.84330666 0.8371059
vt 0.84330666 0.8371059
vt 0.84330666 0.8371059
vt 0.84330666 0.8371059
vt 0.84330666 0.8371059
vt 0.84330666 0.8371059
vt 0.84330666 0.8371059
vt 0.28213573 0.09921257
vt 0.28213573 0.09921257
vt 0.28213573 0.09921257
vt 0.28213573 0.09921257
vt 0.28213573 0.09921257
vt 0.28213573 0.09921257
vt 0.28213573 0.09921257
vt 0.28213573 0.09921257
vt 0.28213573 0.09921257
vt 0.28213573 0.09921257
vt 0.28213573 0.09921257
vt 0.28213573 0.09921257
vt 0.28213573 0.09921257
vt 0.28213573 0.09921257
vt 0.28213573 0.09921257
vt 0.28213573 0.09921257
vt 0.28213573 0.09921257
vt 0.28213573 0.09921257
vt 0.28213573 0.09921257
vt 0.28213573 0.09921257
vt 0.27903533 0.018602371
vt 0.27903533 0.018602371
vt 0.27903533 0.018602371
vt 0.27903533 0.018602371
vt 0.28213573 0.09921257
vt 0.28213573 0.09921257
vt 0.28213573 0.09921257
vt 0.28213573 0.09921257
vt 0.27903533 0.018602371
vt 0.27903533 0.018602371
vt 0.27903533 0.018602371
vt 0.27903533 0.018602371
vt 0.28213573 0.09921257
vt 0.28213573 0.09921257
vt 0.28213573 0.09921257
vt 0.28213573 0.09921257
vt 0.27903533 0.018602371
vt 0.27903533 0.018602371
vt 0.27903533 0.018602371
vt 0.27903533 0.018602371
vt 0.28213573 0.09921257
vt 0.28213573 0.09921257
vt 0.28213573 0.09921257
vt 0.28213573 0.09921257
vt 0.27903533 0.018602371
vt 0.27903533 0.018602371
vt 0.27903533 0.018602371
vt 0.27903533 0.018602371
vt 0.28213573 0.09921257
vt 0.28213573 0.09921257
vt 0.28213573 0.09921257
vt 0.28213573 0.09921257
vt 0.27593493 0.09611218
vt 0.28213573 0.09921257
vt 0.27593493 0.09611218
vt 0.28213573 0.09921257
vt 0.27593493 0.09611218
vt 0.28213573 0.09921257
vt 0.27593493 0.09611218
vt 0.28213573 0.09921257
vt 0.28213573 0.09921257
vt 0.28213573 0.09921257
vt 0.28213573 0.09921257
vt 0.28213573 0.09921257
vt 0.27903533 0.03720472
vt 0.27903533 0.03720472
vt 0.27903533 0.03720472
vt 0.27903533 0.03720472
vt 0.28213573 0.09921257
vt 0.28213573 0.09921257
vt 0.28213573 0.09921257
vt 0.28213573 0.09921257
vt 0.27903533 0.03720472
vt 0.27903533 0.03720472
vt 0.27903533 0.03720472
vt 0.27903533 0.03720472
vt 0.28213573 0.09921257
vt 0.28213573 0.09921257
vt 0.28213573 0.09921257
vt 0.28213573 0.09921257
vt 0.27903533 0.03720472
vt 0.27903533 0.03720472
vt 0.27903533 0.03720472
vt 0.27903533 0.03720472
vt 0.28213573 0.09921257
vt 0.28213573 0.09921257
vt 0.28213573 0.09921257
vt 0.28213573 0.09921257
vt 0.27903533 0.03720472
vt 0.27903533 0.03720472
vt 0.27903533 0.03720472
vt 0.27903533 0.03720472
vt 0.04030505 0.10231286
vt 0.04030505 0.10231289
vt 0.04030505 0.10231286
vt 0.040305078 0.10231289
vt 0.040305108 0.10231289
vt 0.04030505 0.10231286
vt 0.04030505 0.10231289
vt 0.040305138 0.10231289
vt 0.040305108 0.10231295
vt 0.040305078 0.10231289
vt 0.44335607 0.97042274
vt 0.44335607 0.9704227
vt 0.44335613 0.97042274
vt 0.44335607 0.97042274
vt 0.44335607 0.97042274
vt 0.44335607 0.97042274
vt 0.44335607 0.97042274
vt 0.44335607 0.97042274
vt 0.44335607 0.97042274
vt 0.44335607 0.97042274
vt 0.44335607 0.97042274
vt 0.44335607 0.97042274
vt 0.44335607 0.97042274
vt 0.44335607 0.97042274
vt 0.44335607 0.97042274
vt 0.44335607 0.97042274
vt 0.44335607 0.97042274
vt 0.44335607 0.97042274
vt 0.4433561 0.97042274
vt 0.44335607 0.97042274
vt 0.44335607 0.97042274
vt 0.44335607 0.97042274
vt 0.44335607 0.97042274
vt 0.44335607 0.97042274
vt 0.44335607 0.97042274
vt 0.44335607 0.97042274
vt 0.44335607 0.97042274
vt 0.44335607 0.97042274
vt 0.44335607 0.97042274
vt 0.443356 0.97042274
vt 0.44335607 0.97042274
vt 0.44335607 0.97042274
vt 0.44335607 0.97042274
vt 0.44335607 0.97042274
vt 0.44335607 0.97042274
vt 0.44335607 0.97042274
vt 0.44335607 0.97042274
vt 0.44335613 0.97042274
vt 0.44335607 0.97042274
vt 0.44335607 0.97042274
vt 0.44335607 0.97042274
vt 0.44335604 0.97042274
vt 0.44335607 0.97042274
vt 0.44335607 0.97042274
vt 0.44335613 0.97042274
vt 0.44335607 0.9704227
vt 0.44335607 0.97042274
vt 0.71619064 0.7750981
vt 0.71619064 0.7750981
vt 0.71619064 0.7750981
vt 0.71619064 0.7750981
vt 0.71619064 0.7750981
vt 0.71619064 0.7750981
vt 0.46815923 0.9704228
vt 0.46815923 0.9704228
vt 0.46815923 0.9704228
vt 0.46815923 0.9704228
vt 0.46815923 0.9704228
vt 0.46815923 0.9704228
vt 0.72549176 0.7843992
vt 0.7254918 0.7843992
vt 0.72549176 0.7843992
vt 0.72549176 0.7843992
vt 0.72549176 0.7843992
vt 0.72549176 0.7843992
vt 0.47435996 0.97042274
vt 0.47435996 0.97042274
vt 0.47435996 0.97042274
vt 0.47435996 0.97042274
vt 0.47435996 0.97042274
vt 0.47435996 0.97042274
vt 0.47435996 0.97042274
vt 0.47435996 0.97042274
vt 0.47435996 0.97042274
vt 0.47435996 0.97042274
vt 0.47435996 0.97042274
vt 0.47435996 0.97042274
vt 0.47435996 0.97042274
vt 0.47435996 0.97042274
vt 0.47435996 0.97042274
vt 0.47435996 0.97042274
vt 0.47435996 0.97042274
vt 0.47435996 0.97042274
vt 0.47435996 0.97042274
vt 0.47435996 0.97042274
vt 0.54566896 0.97662354
vt 0.54566896 0.97662354
vt 0.54566896 0.97662354
vt 0.54566896 0.97662354
vt 0.54566896 0.97662354
vt 0.54566896 0.97662354
vt 0.54566896 0.97662354
vt 0.54566896 0.97662354
vt 0.54566896 0.97662354
vt 0.54566896 0.97662354
vt 0.54566896 0.97662354
vt 0.54566896 0.97662354
vt 0.54566896 0.97662354
vt 0.54566896 0.97662354
vt 0.54566896 0.97662354
vt 0.54566896 0.97662354
vt 0.54566896 0.97662354
vt 0.54566896 0.97662354
vt 0.54566896 0.97662354
vt 0.54566896 0.97662354
vt 0.54566896 0.97662354
vt 0.54566896 0.97662354
vt 0.54566896 0.97662354
vt 0.54566896 0.97662354
vt 0.54566896 0.97662354
vt 0.54566896 0.97662354
vt 0.54566896 0.97662354
vt 0.54566896 0.97662354
vt 0.54566896 0.97662354
vt 0.54566896 0.97662354
vt 0.54566896 0.97662354
vt 0.54566896 0.97662354
vt 0.54566896 0.97662354
vt 0.54566896 0.97662354
vt 0.54566896 0.97662354
vt 0.54566896 0.97662354
vt 0.54566896 0.97662354
vt 0.54566896 0.97662354
vt 0.54566896 0.97662354
vt 0.54566896 0.97662354
vt 0.2976377 0.09611218
vt 0.2976377 0.09611218
vt 0.2976377 0.09611218
vt 0.2976377 0.09611218
vt 0.2976377 0.09611218
vt 0.2976377 0.09611218
vt 0.2976377 0.09611218
vt 0.2976377 0.09611218
vt 0.2976377 0.09611218
vt 0.2976377 0.09611218
vt 0.2976377 0.09611218
vt 0.2976377 0.09611218
vt 0.2976377 0.09611218
vt 0.2976377 0.09611218
vt 0.2976377 0.09611218
vt 0.2976377 0.09611218
vt 0.2976377 0.09611218
vt 0.2976377 0.09611218
vt 0.2976377 0.09611218
vt 0.2976377 0.09611218
vt 0.2976377 0.09611218
vt 0.2976377 0.09611218
vt 0.2976377 0.09611218
vt 0.2976377 0.09611218
vt 0.2976377 0.09611218
vt 0.2976377 0.09611218
vt 0.2976377 0.09611218
vt 0.2976377 0.09611218
vt 0.2976377 0.09611218
vt 0.2976377 0.09611218
vt 0.2976377 0.09611218
vt 0.2976377 0.09611218
vt 0.2976377 0.09611218
vt 0.2976377 0.09611218
vt 0.2976377 0.09611218
vt 0.2976377 0.09611218
vt 0.2976377 0.09611218
vt 0.2976377 0.09611218
vt 0.2976377 0.09611218
vt 0.2976377 0.09611218
vt 0.2976377 0.09611218
vt 0.2976377 0.09611218
vt 0.2976377 0.09611218
vt 0.2976377 0.09611218
vt 0.2976377 0.09611218
vt 0.2976377 0.09611218
vt 0.2976377 0.09611218
vt 0.2976377 0.09611218
vt 0.4619584 0.41855294
vt 0.4619584 0.41855294
vt 0.4619584 0.41855294
vt 0.4619584 0.41855294
vt 0.4619584 0.41855294
vt 0.4619584 0.41855294
vt 0.4619584 0.41855294
vt 0.4619584 0.41855294
vt 0.4619584 0.41855294
vt 0.4619584 0.41855294
vt 0.6448816 0.4619584
vt 0.6448816 0.4619584
vt 0.6448816 0.4619584
vt 0.6448816 0.4619584
vt 0.6448816 0.4619584
vt 0.6448816 0.4619584
vt 0.6448816 0.4619584
vt 0.6448816 0.4619584
vt 0.6448816 0.4619584
vt 0.6448816 0.4619584
vt 0.52086586 0.97352314
vt 0.52086586 0.97352314
vt 0.52086586 0.97352314
vt 0.52086586 0.97352314
vt 0.52086586 0.97352314
vt 0.52086586 0.97352314
vt 0.5208659 0.97352314
vt 0.52086586 0.97352314
vt 0.5208659 0.97352314
vt 0.52086586 0.97352314
vt 0.52086586 0.97352314
vt 0.52086586 0.97352314
vt 0.52086586 0.97352314
vt 0.52086586 0.97352314
vt 0.5208658 0.97352314
vt 0.52086586 0.97352314
vt 0.5208658 0.97352314
vt 0.52086586 0.97352314
vt 0.52086586 0.97352314
vt 0.52086586 0.97352314
vt 0.52086586 0.97352314
vt 0.52086586 0.97352314
vt 0.52086586 0.97352314
vt 0.52086586 0.97352314
vt 0.52086586 0.97352314
vt 0.52086586 0.97352314
vt 0.52086586 0.97352314
vt 0.5208659 0.97352314
vt 0.52086586 0.97352314
vt 0.5208659 0.97352314
vt 0.52086586 0.97352314
vt 0.52086586 0.97352314
vt 0.52086586 0.97352314
vt 0.52086586 0.97352314
vt 0.52086586 0.97352314
vt 0.52086586 0.97352314
vt 0.34104317 0.85260785
vt 0.34104317 0.85260785
vt 0.34104317 0.85260785
vt 0.34104317 0.85260785
vt 0.34104317 0.85260785
vt 0.34104317 0.85260785
vt 0.34104317 0.85260785
vt 0.34104317 0.85260785
vt 0.34104317 0.85260785
vt 0.34104317 0.85260785
vt 0.34104317 0.85260785
vt 0.34104317 0.85260785
vt 0.34104317 0.85260785
vt 0.34104317 0.85260785
vt 0.34104317 0.85260785
vt 0.34104317 0.85260785
vt 0.34104317 0.85260785
vt 0.34104317 0.85260785
vt 0.34104317 0.85260785
vt 0.34104317 0.85260785
vt 0.34104317 0.85260785
vt 0.34104317 0.85260785
vt 0.34104317 0.85260785
vt 0.34104317 0.85260785
vt 0.34104317 0.85260785
vt 0.34104317 0.85260785
vt 0.34104317 0.85260785
vt 0.34104317 0.85260785
vt 0.34104317 0.85260785
vt 0.34104317 0.85260785
vt 0.34104317 0.85260785
vt 0.34104317 0.85260785
vt 0.29110467 0.03176959
vt 0.29110467 0.03176959
vt 0.29110467 0.03176959
vt 0.29110467 0.03176959
vt 0.29110467 0.03176959
vt 0.29110467 0.03176959
vt 0.29110467 0.03176959
vt 0.29110467 0.03176959
vt 0.29110467 0.03176959
vt 0.29110467 0.03176959
vt 0.29110467 0.03176959
vt 0.29110467 0.03176959
vt 0.29110467 0.03176959
vt 0.29110467 0.03176959
vt 0.29110467 0.03176959
vt 0.29110467 0.03176959
vt 0.4619584 0.41855294
vt 0.4619584 0.41855294
vt 0.4619584 0.41855294
vt 0.4619584 0.41855294
vt 0.4619584 0.41855294
vt 0.4619584 0.41855294
vt 0.4619584 0.41855294
vt 0.4619584 0.41855294
vt 0.4619584 0.41855294
vt 0.4619584 0.41855294
vt 0.4619584 0.41855294
vt 0.4619584 0.41855294
vt 0.4619584 0.41855294
vt 0.4619584 0.41855294
vt 0.4619584 0.41855294
vt 0.4619584 0.41855294
vt 0.4619584 0.41855294
vt 0.4619584 0.41855294
vt 0.4619584 0.41855294
vt 0.4619584 0.41855294
vt 0.037204713 0.086810976
vt 0.037204713 0.086810976
vt 0.037204713 0.086810976
vt 0.037204713 0.086810976
vt 0.037204713 0.086810976
vt 0.037204713 0.086810976
vt 0.037204713 0.086810976
vt 0.037204713 0.086810976
vt 0.037204713 0.086810976
vt 0.037204713 0.086810976
vt 0.037204713 0.086810976
vt 0.037204713 0.086810976
vt 0.037204713 0.086810976
vt 0.037204713 0.086810976
vt 0.037204713 0.086810976
vt 0.037204713 0.086810976
vt 0.037204713 0.086810976
vt 0.037204713 0.086810976
vt 0.037204713 0.086810976
vt 0.037204713 0.086810976
vt 0.4619584 0.41855294
vt 0.4619584 0.41855294
vt 0.4619584 0.41855294
vt 0.4619584 0.41855294
vt 0.4619584 0.41855294
vt 0.4619584 0.41855294
vt 0.4619584 0.41855294
vt 0.4619584 0.41855294
vt 0.4619584 0.41855294
vt 0.4619584 0.41855294
vt 0.4619584 0.41855294
vt 0.4619584 0.41855294
vt 0.4619584 0.41855294
vt 0.4619584 0.41855294
vt 0.4619584 0.41855294
vt 0.4619584 0.41855294
vt 0.4619584 0.41855294
vt 0.4619584 0.41855294
vt 0.4619584 0.41855294
vt 0.4619584 0.41855294
vt 0.037204713 0.086810976
vt 0.037204713 0.086810976
vt 0.037204713 0.086810976
vt 0.037204713 0.086810976
vt 0.037204713 0.086810976
vt 0.037204713 0.086810976
vt 0.037204713 0.086810976
vt 0.037204713 0.086810976
vt 0.037204713 0.086810976
vt 0.037204713 0.086810976
vt 0.037204713 0.086810976
vt 0.037204713 0.086810976
vt 0.037204713 0.086810976
vt 0.037204713 0.086810976
vt 0.037204713 0.086810976
vt 0.037204713 0.086810976
vt 0.037204713 0.086810976
vt 0.037204713 0.086810976
vt 0.037204713 0.086810976
vt 0.037204713 0.086810976
vt 0.29036272 0.036428094
vt 0.29036272 0.036428094
vt 0.29036272 0.036428094
vt 0.29036272 0.036428094
vt 0.29036272 0.036428094
vt 0.29036272 0.036428094
vt 0.29036272 0.036428094
vt 0.29036272 0.036428094
vt 0.29036272 0.036428094
vt 0.29036272 0.036428094
vt 0.29036272 0.036428094
vt 0.29036272 0.036428094
vt 0.29036272 0.036428094
vt 0.29036272 0.036428094
vt 0.29036272 0.036428094
vt 0.29036272 0.036428094
vt 0.34724396 0.034104288
vt 0.34724396 0.034104288
vt 0.34724396 0.034104288
vt 0.34724396 0.034104288
vt 0.34724396 0.034104288
vt 0.34724396 0.034104288
vt 0.34724396 0.034104288
vt 0.34724396 0.034104288
vt 0.34724396 0.034104288
vt 0.34724396 0.034104288
vt 0.34724396 0.034104288
vt 0.34724396 0.034104288
vt 0.34724396 0.034104288
vt 0.34724396 0.034104288
vt 0.34724396 0.034104288
vt 0.34724396 0.034104288
vt 0.34724396 0.034104288
vt 0.34724396 0.034104288
vt 0.34724396 0.034104288
vt 0.34724396 0.034104288
vt 0.34724396 0.034104288
vt 0.34724396 0.034104288
vt 0.34724396 0.034104288
vt 0.34724396 0.034104288
vt 0.34724396 0.034104288
vt 0.34724396 0.034104288
vt 0.34724396 0.034104288
vt 0.34724396 0.034104288
vt 0.34724396 0.034104288
vt 0.34724396 0.034104288
vt 0.34724396 0.034104288
vt 0.34724396 0.034104288
vt 0.29036272 0.036428094
vt 0.29036272 0.036428094
vt 0.29036272 0.036428094
vt 0.29036272 0.036428094
vt 0.29036272 0.036428094
vt 0.29036272 0.036428094
vt 0.29036272 0.036428094
vt 0.29036272 0.036428094
vt 0.29036272 0.036428094
vt 0.29036272 0.036428094
vt 0.29036272 0.036428094
vt 0.29036272 0.036428094
vt 0.29036272 0.036428094
vt 0.29036272 0.036428094
vt 0.29036272 0.036428094
vt 0.29036272 0.036428094
vt 0.29036272 0.036428094
vt 0.29036272 0.036428094
vt 0.29036272 0.036428094
vt 0.29036272 0.036428094
vt 0.29036272 0.036428094
vt 0.29036272 0.036428094
vt 0.29036272 0.036428094
vt 0.29036272 0.036428094
vt 0.29036272 0.036428094
vt 0.29036272 0.036428094
vt 0.29036272 0.036428094
vt 0.29036272 0.036428094
vt 0.29036272 0.036428094
vt 0.29036272 0.036428094
vt 0.29036272 0.036428094
vt 0.29036272 0.036428094
vt 0.29036272 0.036428094
vt 0.29036272 0.036428094
vt 0.29036272 0.036428094
vt 0.29036272 0.036428094
vt 0.29036272 0.036428094
vt 0.29036272 0.036428094
vt 0.29036272 0.036428094
vt 0.29036272 0.036428094
vt 0.29036272 0.036428094
vt 0.29036272 0.036428094
vt 0.29036272 0.036428094
vt 0.29036272 0.036428094
vt 0.29036272 0.036428094
vt 0.29036272 0.036428094
vt 0.29036272 0.036428094
vt 0.29036272 0.036428094
vt 0.29036272 0.036428094
vt 0.29036272 0.036428094
vt 0.29036272 0.036428094
vt 0.29036272 0.036428094
vt 0.29036272 0.036428094
vt 0.29036272 0.036428094
vt 0.29036272 0.036428094
vt 0.29036272 0.036428094
vt 0.29036272 0.036428094
vt 0.29036272 0.036428094
vt 0.29036272 0.036428094
vt 0.29036272 0.036428094
vt 0.29036272 0.036428094
vt 0.29036272 0.036428094
vt 0.29036272 0.036428094
vt 0.29036272 0.036428094
vt 0.29036272 0.036428094
vt 0.29036272 0.036428094
vt 0.29036272 0.036428094
vt 0.29036272 0.036428094
vt 0.29036272 0.036428094
vt 0.29036272 0.036428094
vt 0.29036272 0.036428094
vt 0.29036272 0.036428094
vt 0.29036272 0.036428094
vt 0.29036272 0.036428094
vt 0.29036272 0.036428094
vt 0.29036272 0.036428094
vt 0.29036272 0.036428094
vt 0.29036272 0.036428094
vt 0.29036272 0.036428094
vt 0.29036272 0.036428094
vt 0.29036272 0.036428094
vt 0.29036272 0.036428094
vt 0.29036272 0.036428094
vt 0.29036272 0.036428094
vt 0.29036272 0.036428094
vt 0.29036272 0.036428094
vt 0.29036272 0.036428094
vt 0.29036272 0.036428094
vt 0.29036272 0.036428094
vt 0.29036272 0.036428094
vt 0.29036272 0.036428094
vt 0.29036272 0.036428094
vt 0.29036272 0.036428094
vt 0.29036272 0.036428094
vt 0.29036272 0.036428094
vt 0.29036272 0.036428094
vt 0.4619584 0.41855294
vt 0.4619584 0.41855294
vt 0.4619584 0.41855294
vt 0.4619584 0.41855294
vt 0.4619584 0.41855294
vt 0.4619584 0.41855294
vt 0.4619584 0.41855294
vt 0.4619584 0.41855294
vt 0.4619584 0.41855294
vt 0.4619584 0.41855294
vt 0.4619584 0.41855294
vt 0.4619584 0.41855294
vt 0.4619584 0.41855294
vt 0.4619584 0.41855294
vt 0.4619584 0.41855294
vt 0.4619584 0.41855294
vt 0.4619584 0.41855294
vt 0.4619584 0.41855294
vt 0.4619584 0.41855294
vt 0.4619584 0.41855294
vt 0.49296233 0.4681592
vt 0.49296236 0.4681592
vt 0.49296236 0.4681592
vt 0.49296233 0.4681592
vt 0.49296233 0.4681592
vt 0.49296233 0.4681592
vt 0.49296236 0.4681592
vt 0.49296236 0.4681592
vt 0.49296236 0.4681592
vt 0.49296233 0.4681592
vt 0.49296233 0.4681592
vt 0.49296233 0.4681592
vt 0.49296233 0.4681592
vt 0.49296236 0.4681592
vt 0.49296236 0.4681592
vt 0.49296233 0.4681592
vt 0.49296233 0.4681592
vt 0.49296233 0.4681592
vt 0.49296236 0.4681592
vt 0.49296236 0.4681592
vt 0.4619584 0.41855294
vt 0.4619584 0.41855294
vt 0.4619584 0.41855294
vt 0.4619584 0.41855294
vt 0.4619584 0.41855294
vt 0.4619584 0.41855294
vt 0.4619584 0.41855294
vt 0.4619584 0.41855294
vt 0.4619584 0.41855294
vt 0.4619584 0.41855294
vt 0.4619584 0.41855294
vt 0.4619584 0.41855294
vt 0.4619584 0.41855294
vt 0.4619584 0.41855294
vt 0.4619584 0.41855294
vt 0.4619584 0.41855294
vt 0.4619584 0.41855294
vt 0.4619584 0.41855294
vt 0.4619584 0.41855294
vt 0.4619584 0.41855294
vn 0.8730524 -0.090784594 0.47910076
vn 0.49108368 0.48228982 0.72541946
vn 0.6546346 0.5777335 0.4875218
vn 0.8730524 -0.090784594 0.47910076
vn 0.382675 0.19549292 0.90296316
vn 0.49108368 0.48228982 0.72541946
vn 0.8730524 -0.090784594 0.47910076
vn 0.4910846 -0.48228922 0.7254192
vn 0.38267532 -0.19549221 0.90296316
vn 0.4910846 -0.48228922 0.7254192
vn -0.09932356 -0.30893773 0.9458817
vn 0.08443851 -0.7560796 0.6490098
vn -0.4497923 -0.34849995 0.8223348
vn -0.21906856 -0.84263486 0.49190986
vn -0.40852836 -0.8426346 0.35081536
vn -0.65900147 -0.34849975 0.66653204
vn -0.44979236 0.34850043 0.8223346
vn -0.09932356 -0.30893773 0.9458817
vn -0.09932363 0.3089383 0.94588155
vn 0.38267532 -0.19549221 0.90296316
vn 0.382675 0.19549292 0.90296316
vn 0.8730524 -0.090784594 0.47910076
vn 0.08443748 0.7560796 0.64901006
vn 0.49108368 0.48228982 0.72541946
vn 0.3511918 0.89903325 0.26154077
vn 0.6546346 0.5777335 0.4875218
vn -0.21906891 0.84263057 0.49191725
vn -0.6590014 0.34850004 0.6665319
vn -0.40853524 0.8426303 0.35081792
vn -0.8777765 -0.30893803 0.36614984
vn -0.645996 -0.75607926 0.10503975
vn -0.9747472 -0.19549204 -0.10793862
vn -0.83570224 -0.48229143 -0.2626721
vn -0.8777765 0.30893803 0.36614987
vn -0.8777765 -0.30893803 0.36614984
vn -0.6459958 0.7560794 0.10503923
vn -0.9747463 0.19549586 -0.107940115
vn -0.9747472 -0.19549204 -0.10793862
vn -0.8357026 0.482291 -0.26267186
vn -0.708533 -0.08922375 -0.7000144
vn -0.65463436 0.57773364 -0.48752213
vn -0.3511909 0.8990335 -0.26154098
vn -0.08945032 0.993761 -0.06661602
vn -0.21906891 0.84263057 0.49191725
vn -0.4910834 0.48229244 -0.7254179
vn -0.708533 -0.08922375 -0.7000144
vn -0.08443691 0.75607973 -0.64900994
vn -0.3826755 0.19549486 -0.90296245
vn 0.09932343 0.3089381 -0.9458816
vn 0.21906903 0.8426303 -0.49191776
vn 0.44979173 0.34850016 -0.82233506
vn 0.08945125 0.9937609 0.06661591
vn 0.08443748 0.7560796 0.64901006
vn 0.3511918 0.89903325 0.26154077
vn 0.4085353 0.84263015 -0.3508181
vn 0.08945125 0.9937609 0.06661591
vn 0.3511918 0.89903325 0.26154077
vn 0.6590008 0.34850043 -0.6665323
vn 0.64599526 0.75608 -0.10503976
vn 0.6546346 0.5777335 0.4875218
vn 0.835703 0.48229107 0.26267034
vn 0.8730524 -0.090784594 0.47910076
vn 0.8777767 0.30893812 -0.3661493
vn 0.97474694 0.19549248 0.10794021
vn 0.6590008 -0.34849983 -0.6665325
vn 0.8777767 0.30893812 -0.3661493
vn 0.87777674 -0.3089376 -0.36614954
vn 0.97474694 0.19549248 0.10794021
vn 0.97474706 -0.19549203 0.10794012
vn 0.6459954 -0.7560797 -0.10504039
vn 0.83570385 -0.4822898 0.26267007
vn 0.4085273 -0.84263486 -0.3508159
vn 0.08945667 -0.9937605 0.0666136
vn 0.3511924 -0.8990332 0.2615401
vn 0.6546472 -0.5777321 0.48750672
vn 0.8730524 -0.090784594 0.47910076
vn 0.44979227 -0.34849963 -0.82233506
vn 0.21906887 -0.8426346 -0.49191037
vn -0.08443766 -0.7560795 -0.6490101
vn 0.09932392 -0.30893752 -0.94588184
vn 0.09932343 0.3089381 -0.9458816
vn -0.38267475 -0.19549075 -0.90296376
vn -0.3826755 0.19549486 -0.90296245
vn 0.09932392 -0.30893752 -0.94588184
vn -0.4910835 -0.4822904 -0.7254192
vn -0.38267475 -0.19549075 -0.90296376
vn -0.6546364 -0.5777319 -0.4875213
vn -0.708533 -0.08922375 -0.7000144
vn -0.35119295 -0.899033 -0.26153997
vn -0.83570224 -0.48229143 -0.2626721
vn -0.645996 -0.75607926 0.10503975
vn -0.08945075 -0.9937605 -0.06662309
vn 0.21906887 -0.8426346 -0.49191037
vn -0.08443766 -0.7560795 -0.6490101
vn -0.08945075 -0.9937605 -0.06662309
vn 0.8730524 -0.090784594 0.47910076
vn 0.6546472 -0.5777321 0.48750672
vn 0.4910846 -0.48228922 0.7254192
vn -0.4910834 0.48229244 -0.7254179
vn -0.708533 -0.08922375 -0.7000144
vn -0.3826755 0.19549486 -0.90296245
vn -0.38267475 -0.19549075 -0.90296376
vn -0.708533 -0.08922375 -0.7000144
vn -0.4910835 -0.4822904 -0.7254192
vn -0.9747472 -0.19549204 -0.10793862
vn -0.708533 -0.08922375 -0.7000144
vn -0.9747463 0.19549586 -0.107940115
vn -0.83570224 -0.48229143 -0.2626721
vn -0.708533 -0.08922375 -0.7000144
vn -0.9747472 -0.19549204 -0.10793862
vn -0.3826755 0.19549486 -0.90296245
vn -0.708533 -0.08922375 -0.7000144
vn -0.38267475 -0.19549075 -0.90296376
vn -0.8357026 0.482291 -0.26267186
vn -0.708533 -0.08922375 -0.7000144
vn -0.65463436 0.57773364 -0.48752213
vn -0 -0.090693735 0.9958788
vn -0 -0.090693735 0.9958788
vn -0 -0.090693735 0.9958788
vn -0 -0.090693735 0.9958788
vn -0.9970061 -0.07732337 0
vn -0.9970061 -0.07732337 0
vn -0.9970061 -0.07732337 0
vn -0.9970061 -0.07732337 0
vn -0.9926877 -0.12071093 0
vn -0.9926877 -0.12071093 0
vn -0.9926877 -0.12071093 0
vn -0.9926877 -0.12071093 0
vn 0.9958788 -0.090693764 0
vn 0.9958788 -0.090693764 0
vn 0.9958788 -0.090693764 0
vn 0.9958788 -0.090693764 0
vn -0 -0.090693735 -0.9958788
vn -0 -0.090693735 -0.9958788
vn -0 -0.090693735 -0.9958788
vn -0 -0.090693735 -0.9958788
vn -0 -0.12071076 -0.9926878
vn -0 -0.12071076 -0.9926878
vn -0 -0.12071076 -0.9926878
vn -0 -0.12071076 -0.9926878
vn 0.9926877 -0.12071093 0
vn 0.9926877 -0.12071093 0
vn 0.9926877 -0.12071093 0
vn 0.9926877 -0.12071093 0
vn -0 1 0
vn -0 1 0
vn -0 1 0
vn -0 1 0
vn -0 1 0
vn -0 1 0
vn -0 1 0
vn -0 1 0
vn -0 -1 0
vn -0 -1 0
vn -0 -1 0
vn -0 -1 0
vn -0 -1 0
vn -0 -1 0
vn -0 -1 0
vn -0 -1 0
vn -0 -0.12071122 0.9926877
vn -0 -0.12071122 0.9926877
vn -0 -0.12071122 0.9926877
vn -0 -0.12071122 0.9926877
vn -0 -0.07732333 -0.9970061
vn -0 -0.07732333 -0.9970061
vn -0 -0.07732333 -0.9970061
vn -0 -0.07732333 -0.9970061
vn -0 -1 0
vn -0 -1 0
vn -0 -1 0
vn -0 -1 0
vn -0 -1 0
vn -0 -1 0
vn -0 -1 0
vn -0 -1 0
vn 0.997006 -0.07732353 0
vn 0.997006 -0.07732353 0
vn 0.997006 -0.07732353 0
vn 0.997006 -0.07732353 0
vn -0.701314 -0.12773594 -0.7013146
vn -0.701314 -0.12773594 -0.7013146
vn -0.701314 -0.12773594 -0.7013146
vn -0.701314 -0.12773594 -0.7013146
vn 0.70131433 -0.1277359 -0.7013143
vn 0.70131433 -0.1277359 -0.7013143
vn 0.70131433 -0.1277359 -0.7013143
vn 0.70131433 -0.1277359 -0.7013143
vn 0.7013144 -0.12773603 0.7013142
vn 0.7013144 -0.12773603 0.7013142
vn 0.7013144 -0.12773603 0.7013142
vn 0.7013144 -0.12773603 0.7013142
vn -0.70131403 -0.1277361 0.70131457
vn -0.70131403 -0.1277361 0.70131457
vn -0.70131403 -0.1277361 0.70131457
vn -0.70131403 -0.1277361 0.70131457
vn 0.6959036 -0.17730604 0.6959028
vn 0.6959036 -0.17730604 0.6959028
vn 0.6959036 -0.17730604 0.6959028
vn 0.6959036 -0.17730604 0.6959028
vn -0.6959036 -0.17730595 0.6959028
vn -0.6959036 -0.17730595 0.6959028
vn -0.6959036 -0.17730595 0.6959028
vn -0.6959036 -0.17730595 0.6959028
vn 0.69590324 -0.17730562 -0.69590324
vn 0.69590324 -0.17730562 -0.69590324
vn 0.69590324 -0.17730562 -0.69590324
vn 0.69590324 -0.17730562 -0.69590324
vn -0.69590324 -0.17730606 -0.69590324
vn -0.69590324 -0.17730606 -0.69590324
vn -0.69590324 -0.17730606 -0.69590324
vn -0.69590324 -0.17730606 -0.69590324
vn -0.70254 -0.113468245 0.70254
vn -0.70254 -0.113468245 0.70254
vn -0.70254 -0.113468245 0.70254
vn -0.70254 -0.113468245 0.70254
vn -0.7025398 -0.113468185 -0.7025403
vn -0.7025398 -0.113468185 -0.7025403
vn -0.7025398 -0.113468185 -0.7025403
vn -0.7025398 -0.113468185 -0.7025403
vn 0.70254016 -0.11346834 -0.70253986
vn 0.70254016 -0.11346834 -0.70253986
vn 0.70254016 -0.11346834 -0.70253986
vn 0.70254016 -0.11346834 -0.70253986
vn 0.70254016 -0.11346846 0.70253986
vn 0.70254016 -0.11346846 0.70253986
vn 0.70254016 -0.11346846 0.70253986
vn 0.70254016 -0.11346846 0.70253986
vn -0.9958788 -0.090693764 0
vn -0.9958788 -0.090693764 0
vn -0.9958788 -0.090693764 0
vn -0.9958788 -0.090693764 0
vn 0.35005784 -0.86886066 0.3500582
vn 0.35005784 -0.86886066 0.3500582
vn 0.35005784 -0.86886066 0.3500582
vn 0.35005784 -0.86886066 0.3500582
vn -0.80572426 0.5922909 3.462672E-07
vn -0.87631494 0.48173854 4.2775204E-07
vn -0.87631494 0.48173854 4.2775204E-07
vn -0.8055713 0.5924989 3.4610053E-07
vn -0.75548476 0.6551662 0
vn -0.7554983 0.6551506 0
vn -0.7528397 0.6582039 0
vn -0.7528397 0.6582039 0
vn 0.7528396 0.658204 0
vn 0.7573033 0.65306336 0
vn 0.7528396 0.658204 0
vn 0.75732625 0.6530367 0
vn 0.80647624 0.59126645 4.1891641E-07
vn 0.80634046 0.59145164 4.1829244E-07
vn 0.8705907 0.492008 7.365932E-07
vn 0.8705907 0.492008 7.365932E-07
vn -0 0.59127825 0.8064676
vn -0 0.49187654 0.87066495
vn -0 0.49187654 0.87066495
vn -0 0.59146863 0.80632794
vn -0 0.6530914 0.7572791
vn -0 0.65306413 0.7573026
vn -0 0.6582042 0.7528395
vn -0 0.6582042 0.7528395
vn -0 0.5924883 -0.805579
vn -0 0.48187307 -0.8762411
vn -0 0.48187307 -0.8762411
vn -0 0.5922751 -0.8057359
vn -0 0.6551232 -0.7555222
vn -0 0.6551392 -0.7555081
vn -0 0.6582042 -0.7528395
vn -0 0.6582042 -0.7528395
vn -0.35005787 -0.8688607 -0.35005787
vn -0.35005787 -0.8688607 -0.35005787
vn -0.35005787 -0.8688607 -0.35005787
vn -0.35005787 -0.8688607 -0.35005787
vn -0 -0.79231185 0.6101163
vn -0 -0.79231185 0.6101163
vn -0 -0.79231185 0.6101163
vn -0 -0.79231185 0.6101163
vn -0.6101146 -0.7923133 0
vn -0.6101146 -0.7923133 0
vn -0.6101146 -0.7923133 0
vn -0.6101146 -0.7923133 0
vn 0.35005903 -0.8688603 -0.35005772
vn 0.35005903 -0.8688603 -0.35005772
vn 0.35005903 -0.8688603 -0.35005772
vn 0.35005903 -0.8688603 -0.35005772
vn -0.35005802 -0.86886054 0.35005802
vn -0.35005802 -0.86886054 0.35005802
vn -0.35005802 -0.86886054 0.35005802
vn -0.35005802 -0.86886054 0.35005802
vn 0.61011416 -0.7923135 0
vn 0.61011416 -0.7923135 0
vn 0.61011416 -0.7923135 0
vn 0.61011416 -0.7923135 0
vn -0 -0.79231185 -0.6101163
vn -0 -0.79231185 -0.6101163
vn -0 -0.79231185 -0.6101163
vn -0 -0.79231185 -0.6101163
vn -0.37499186 -0.8450051 -0.38124472
vn -0.37499186 -0.8450051 -0.38124472
vn -0.37499186 -0.8450051 -0.38124472
vn -0.37499186 -0.8450051 -0.38124472
vn 0.41834503 0.68139976 0.600568
vn 0.41834503 0.68139976 0.600568
vn 0.41834503 0.68139976 0.600568
vn 0.41834503 0.68139976 0.600568
vn 0.1814383 0.91317487 0.36495462
vn 0.1814383 0.91317487 0.36495462
vn 0.1814383 0.91317487 0.36495462
vn 0.1814383 0.91317487 0.36495462
vn 0.3190582 0.80153364 0.50571316
vn 0.3190582 0.80153364 0.50571316
vn 0.3190582 0.80153364 0.50571316
vn 0.3190582 0.80153364 0.50571316
vn -0.6874998 0.04406267 0.7248464
vn -0.6874998 0.04406267 0.7248464
vn -0.6874998 0.04406267 0.7248464
vn -0.6874998 0.04406267 0.7248464
vn -0.695527 0.10395011 0.71094054
vn -0.695527 0.10395011 0.71094054
vn -0.69211525 0.089468606 0.7162205
vn -0.69211525 0.089468606 0.7162205
vn -0.69211525 0.089468606 0.7162205
vn -0.69211525 0.089468606 0.7162205
vn -0.70961034 0.08422377 0.69954246
vn -0.70961034 0.08422377 0.69954246
vn -0.7180228 0.08093464 0.6912979
vn -0.7180228 0.08093464 0.6912979
vn 0.72168446 0.07698626 -0.6879278
vn 0.70264196 0.086005986 -0.70632666
vn 0.70264196 0.086005986 -0.70632666
vn 0.72168446 0.07698626 -0.6879278
vn 0.71144116 0.102267265 -0.69526464
vn 0.71144116 0.102267265 -0.69526464
vn 0.71144116 0.102267265 -0.69526464
vn 0.71144116 0.102267265 -0.69526464
vn 0.713077 0.07765086 -0.6967723
vn 0.713077 0.07765086 -0.6967723
vn 0.23232399 -0.9547751 0.18555364
vn 0.23232399 -0.9547751 0.18555364
vn 0.23232399 -0.9547751 0.18555364
vn 0.23232399 -0.9547751 0.18555364
vn 0.7177323 0.04163847 -0.6950731
vn 0.7177323 0.04163847 -0.6950731
vn 0.7177323 0.04163847 -0.6950731
vn 0.7177323 0.04163847 -0.6950731
vn -0.26210675 0.9418441 -0.21030882
vn -0.26210675 0.9418441 -0.21030882
vn -0.26210675 0.9418441 -0.21030882
vn -0.26210675 0.9418441 -0.21030882
vn -0.009195418 0.9876489 0.15641318
vn -0.009195418 0.9876489 0.15641318
vn -0.009195418 0.9876489 0.15641318
vn -0.009195418 0.9876489 0.15641318
vn 0.63684225 -0.3706423 0.6760593
vn 0.63684225 -0.3706423 0.6760593
vn 0.63684225 -0.3706423 0.6760593
vn 0.63684225 -0.3706423 0.6760593
vn -0.46496436 0.78658795 -0.40630972
vn -0.46496436 0.78658795 -0.40630972
vn -0.46496436 0.78658795 -0.40630972
vn -0.46496436 0.78658795 -0.40630972
vn -0.18143636 -0.9131742 -0.36495724
vn -0.18143636 -0.9131742 -0.36495724
vn -0.18143636 -0.9131742 -0.36495724
vn -0.18143636 -0.9131742 -0.36495724
vn -0.07770257 -0.99352914 -0.08283756
vn -0.07770257 -0.99352914 -0.08283756
vn -0.07770257 -0.99352914 -0.08283756
vn -0.07770257 -0.99352914 -0.08283756
vn -0.3812436 -0.8450061 0.3749907
vn -0.3812436 -0.8450061 0.3749907
vn -0.3812436 -0.8450061 0.3749907
vn -0.3812436 -0.8450061 0.3749907
vn 0.60289603 0.6777728 -0.42088035
vn 0.60289603 0.6777728 -0.42088035
vn 0.60289603 0.6777728 -0.42088035
vn 0.60289603 0.6777728 -0.42088035
vn 0.36495528 0.9131745 -0.18143855
vn 0.36495528 0.9131745 -0.18143855
vn 0.36495528 0.9131745 -0.18143855
vn 0.36495528 0.9131745 -0.18143855
vn 0.50400025 0.80329937 -0.3173228
vn 0.50400025 0.80329937 -0.3173228
vn 0.50400025 0.80329937 -0.3173228
vn 0.50400025 0.80329937 -0.3173228
vn 0.72190845 0.05184622 0.6900435
vn 0.72190845 0.05184622 0.6900435
vn 0.72190845 0.05184622 0.6900435
vn 0.72190845 0.05184622 0.6900435
vn 0.7162182 0.08946838 0.69211763
vn 0.7162182 0.08946838 0.69211763
vn 0.7162182 0.08946838 0.69211763
vn 0.7162182 0.08946838 0.69211763
vn 0.69954246 0.084223695 0.7096103
vn 0.69954246 0.084223695 0.7096103
vn 0.6912985 0.08093466 0.7180222
vn 0.6912985 0.08093466 0.7180222
vn -0.68792874 0.07698598 -0.7216836
vn -0.70908296 0.0914091 -0.69917506
vn -0.70908296 0.0914091 -0.69917506
vn -0.68792874 0.07698598 -0.7216836
vn -0.69526476 0.10226801 -0.71144086
vn -0.69526476 0.10226801 -0.71144086
vn -0.69526476 0.10226801 -0.71144086
vn -0.69526476 0.10226801 -0.71144086
vn -0.6967729 0.07765182 -0.71307635
vn -0.6967729 0.07765182 -0.71307635
vn 0.18555368 -0.9547753 -0.23232286
vn 0.18555368 -0.9547753 -0.23232286
vn 0.18555368 -0.9547753 -0.23232286
vn 0.18555368 -0.9547753 -0.23232286
vn -0.69213414 0.03378279 -0.7209779
vn -0.69213414 0.03378279 -0.7209779
vn -0.69213414 0.03378279 -0.7209779
vn -0.69213414 0.03378279 -0.7209779
vn -0.21030012 0.9418462 0.26210582
vn -0.21030012 0.9418462 0.26210582
vn -0.21030012 0.9418462 0.26210582
vn -0.21030012 0.9418462 0.26210582
vn 0.15641358 0.9876488 0.009195219
vn 0.15641358 0.9876488 0.009195219
vn 0.15641358 0.9876488 0.009195219
vn 0.15641358 0.9876488 0.009195219
vn 0.67605895 -0.37064233 -0.6368426
vn 0.67605895 -0.37064233 -0.6368426
vn 0.67605895 -0.37064233 -0.6368426
vn 0.67605895 -0.37064233 -0.6368426
vn -0.4063086 0.78658897 0.46496356
vn -0.4063086 0.78658897 0.46496356
vn -0.4063086 0.78658897 0.46496356
vn -0.4063086 0.78658897 0.46496356
vn -0.08283931 -0.993529 0.07770234
vn -0.08283931 -0.993529 0.07770234
vn -0.08283931 -0.993529 0.07770234
vn -0.08283931 -0.993529 0.07770234
vn 0.3749927 -0.845005 0.38124406
vn 0.3749927 -0.845005 0.38124406
vn 0.3749927 -0.845005 0.38124406
vn 0.3749927 -0.845005 0.38124406
vn -0.42742622 0.6682661 -0.6088738
vn -0.42742622 0.6682661 -0.6088738
vn -0.42742622 0.6682661 -0.6088738
vn -0.42742622 0.6682661 -0.6088738
vn -0.18143763 0.91317487 -0.3649547
vn -0.18143763 0.91317487 -0.3649547
vn -0.18143763 0.91317487 -0.3649547
vn -0.18143763 0.91317487 -0.3649547
vn -0.312258 0.8084 -0.49898332
vn -0.312258 0.8084 -0.49898332
vn -0.312258 0.8084 -0.49898332
vn -0.312258 0.8084 -0.49898332
vn 0.68720204 0.04316196 -0.725183
vn 0.68720204 0.04316196 -0.725183
vn 0.68720204 0.04316196 -0.725183
vn 0.68720204 0.04316196 -0.725183
vn 0.6957546 0.10442793 -0.71064776
vn 0.6957546 0.10442793 -0.71064776
vn 0.6921161 0.089468084 -0.7162198
vn 0.6921161 0.089468084 -0.7162198
vn 0.6921161 0.089468084 -0.7162198
vn 0.6921161 0.089468084 -0.7162198
vn 0.70961076 0.08422238 -0.69954216
vn 0.70961076 0.08422238 -0.69954216
vn 0.7180225 0.08093395 -0.6912983
vn 0.7180225 0.08093395 -0.6912983
vn -0.72168374 0.07698594 0.6879286
vn -0.70270354 0.08590833 0.7062773
vn -0.70270354 0.08590833 0.7062773
vn -0.72168374 0.07698594 0.6879286
vn -0.7114415 0.10226733 0.6952644
vn -0.7114415 0.10226733 0.6952644
vn -0.7114415 0.10226733 0.6952644
vn -0.7114415 0.10226733 0.6952644
vn -0.71307546 0.07765174 0.69677377
vn -0.71307546 0.07765174 0.69677377
vn -0.23232101 -0.95477575 -0.185554
vn -0.23232101 -0.95477575 -0.185554
vn -0.23232101 -0.95477575 -0.185554
vn -0.23232101 -0.95477575 -0.185554
vn -0.7177933 0.041485768 0.6950193
vn -0.7177933 0.041485768 0.6950193
vn -0.7177933 0.041485768 0.6950193
vn -0.7177933 0.041485768 0.6950193
vn 0.26210302 0.9418452 0.21030852
vn 0.26210302 0.9418452 0.21030852
vn 0.26210302 0.9418452 0.21030852
vn 0.26210302 0.9418452 0.21030852
vn 0.0091954125 0.9876488 -0.15641327
vn 0.0091954125 0.9876488 -0.15641327
vn 0.0091954125 0.9876488 -0.15641327
vn 0.0091954125 0.9876488 -0.15641327
vn -0.63684267 -0.37064153 -0.67605937
vn -0.63684267 -0.37064153 -0.67605937
vn -0.63684267 -0.37064153 -0.67605937
vn -0.63684267 -0.37064153 -0.67605937
vn 0.4649628 0.7865897 0.40630803
vn 0.4649628 0.7865897 0.40630803
vn 0.4649628 0.7865897 0.40630803
vn 0.4649628 0.7865897 0.40630803
vn 0.07770266 -0.99352914 0.08283708
vn 0.07770266 -0.99352914 0.08283708
vn 0.07770266 -0.99352914 0.08283708
vn 0.07770266 -0.99352914 0.08283708
vn 0.38124633 -0.8450038 -0.37499318
vn 0.38124633 -0.8450038 -0.37499318
vn 0.38124633 -0.8450038 -0.37499318
vn 0.38124633 -0.8450038 -0.37499318
vn -0.603997 0.67604136 0.42208496
vn -0.603997 0.67604136 0.42208496
vn -0.603997 0.67604136 0.42208496
vn -0.603997 0.67604136 0.42208496
vn -0.36495295 0.9131754 0.18143885
vn -0.36495295 0.9131754 0.18143885
vn -0.36495295 0.9131754 0.18143885
vn -0.36495295 0.9131754 0.18143885
vn -0.50291485 0.8044122 0.3162243
vn -0.50291485 0.8044122 0.3162243
vn -0.50291485 0.8044122 0.3162243
vn -0.50291485 0.8044122 0.3162243
vn -0.72781223 0.036062222 -0.6848276
vn -0.72781223 0.036062222 -0.6848276
vn -0.72781223 0.036062222 -0.6848276
vn -0.72781223 0.036062222 -0.6848276
vn -0.7075774 0.10941045 -0.6981143
vn -0.7075774 0.10941045 -0.6981143
vn -0.716221 0.0894686 -0.6921148
vn -0.716221 0.0894686 -0.6921148
vn -0.716221 0.0894686 -0.6921148
vn -0.716221 0.0894686 -0.6921148
vn -0.699542 0.08422307 -0.7096109
vn -0.699542 0.08422307 -0.7096109
vn -0.69129837 0.08093378 -0.7180224
vn -0.69129837 0.08093378 -0.7180224
vn -0.1855545 -0.9547753 0.23232204
vn -0.1855545 -0.9547753 0.23232204
vn -0.1855545 -0.9547753 0.23232204
vn -0.1855545 -0.9547753 0.23232204
vn 0.703592 0.08070764 0.70600605
vn 0.697792 0.04904811 0.71461916
vn 0.697792 0.04904811 0.71461916
vn 0.703592 0.08070764 0.70600605
vn 0.6879299 0.07698601 0.7216824
vn 0.6879299 0.07698601 0.7216824
vn 0.6952657 0.10226796 0.71143997
vn 0.6952657 0.10226796 0.71143997
vn 0.6952657 0.10226796 0.71143997
vn 0.6952657 0.10226796 0.71143997
vn 0.696773 0.07765251 0.7130761
vn 0.696773 0.07765251 0.7130761
vn 0.21031171 0.9418448 -0.2621017
vn 0.21031171 0.9418448 -0.2621017
vn 0.21031171 0.9418448 -0.2621017
vn 0.21031171 0.9418448 -0.2621017
vn -0.1564141 0.98764867 -0.009195828
vn -0.1564141 0.98764867 -0.009195828
vn -0.1564141 0.98764867 -0.009195828
vn -0.1564141 0.98764867 -0.009195828
vn -0.6760583 -0.3706426 0.6368432
vn -0.6760583 -0.3706426 0.6368432
vn -0.6760583 -0.3706426 0.6368432
vn -0.6760583 -0.3706426 0.6368432
vn 0.4063106 0.7865879 -0.46496376
vn 0.4063106 0.7865879 -0.46496376
vn 0.4063106 0.7865879 -0.46496376
vn 0.4063106 0.7865879 -0.46496376
vn 0.08283707 -0.99352926 -0.07770244
vn 0.08283707 -0.99352926 -0.07770244
vn 0.08283707 -0.99352926 -0.07770244
vn 0.08283707 -0.99352926 -0.07770244
vn -0 1 0
vn -0 1 0
vn -0 1 0
vn -0 1 0
vn -0 1 0
vn -0 1 0
vn -0 1 0
vn -0 1 0
vn 0.7071068 0 0.70710665
vn 0.7071068 0 0.70710665
vn 0.7071068 0 0.70710665
vn 0.7071068 0 0.70710665
vn -0.7071068 0 -0.70710677
vn -0.7071068 0 -0.70710677
vn -0.7071068 0 -0.70710677
vn -0.7071068 0 -0.70710677
vn 1 0 0
vn 1 0 0
vn 1 0 0
vn 1 0 0
vn -0 0 1
vn -0 0 1
vn -0 0 1
vn -0 0 1
vn -0.7071066 0 0.7071069
vn -0.7071066 0 0.7071069
vn -0.7071066 0 0.7071069
vn -0.7071066 0 0.7071069
vn 0.7071066 0 -0.7071069
vn 0.7071066 0 -0.7071069
vn 0.7071066 0 -0.7071069
vn 0.7071066 0 -0.7071069
vn -0 0 -1
vn -0 0 -1
vn -0 0 -1
vn -0 0 -1
vn -1 0 0
vn -1 0 0
vn -1 0 0
vn -1 0 0
vn -0 1 0
vn -0 1 0
vn -0 1 0
vn -0 1 0
vn 0.9978573 -0.065427214 0
vn 0.9978573 -0.065427214 0
vn 0.9978573 -0.065427214 0
vn 0.9978573 -0.065427214 0
vn -1 0 0
vn -1 0 0
vn -1 0 0
vn -1 0 0
vn -0 -1 0
vn -0 -1 0
vn -0 -1 0
vn -0 -1 0
vn -0 0.8023621 0.59683764
vn -0 0.8023621 0.59683764
vn -0 0.8023621 0.59683764
vn -0 0.8023621 0.59683764
vn -0 -0.062901594 0.9980198
vn -0 -0.062901594 0.9980198
vn -0 -0.062901594 0.9980198
vn -0 -0.062901594 0.9980198
vn -0 -0.8353541 0.54971224
vn -0 -0.8353541 0.54971224
vn -0 -0.8353541 0.54971224
vn -0 -0.8353541 0.54971224
vn -0.7917874 0.0061798254 0.6107656
vn -0.7917874 0.0061798254 0.6107656
vn -0.7917874 0.0061798254 0.6107656
vn -0.7917874 0.0061798254 0.6107656
vn 0.7911801 -0.03974293 0.6102906
vn 0.7911801 -0.03974293 0.6102906
vn 0.7911801 -0.03974293 0.6102906
vn 0.7911801 -0.03974293 0.6102906
vn -0 1 0
vn -0 1 0
vn -0 1 0
vn -0 1 0
vn -0.99907696 -0.04295523 0
vn -0.99907696 -0.04295523 0
vn -0.99907696 -0.04295523 0
vn -0.99907696 -0.04295523 0
vn 0.9997453 -0.022567075 0
vn 0.9997453 -0.022567075 0
vn 0.9997453 -0.022567075 0
vn 0.9997453 -0.022567075 0
vn -0 -1 0
vn -0 -1 0
vn -0 -1 0
vn -0 -1 0
vn -0 0.80236274 0.59683657
vn -0 0.80236274 0.59683657
vn -0 0.80236274 0.59683657
vn -0 0.80236274 0.59683657
vn -0 -0.0629014 0.9980198
vn -0 -0.0629014 0.9980198
vn -0 -0.0629014 0.9980198
vn -0 -0.0629014 0.9980198
vn -0 -0.83535457 0.5497115
vn -0 -0.83535457 0.5497115
vn -0 -0.83535457 0.5497115
vn -0 -0.83535457 0.5497115
vn 0.7916036 -0.022424541 0.6106233
vn 0.7916036 -0.022424541 0.6106233
vn 0.7916036 -0.022424541 0.6106233
vn 0.7916036 -0.022424541 0.6106233
vn -0.7917561 -0.011163667 0.61073536
vn -0.7917561 -0.011163667 0.61073536
vn -0.7917561 -0.011163667 0.61073536
vn -0.7917561 -0.011163667 0.61073536
vn -1 0 0
vn -1 0 0
vn -1 0 0
vn -1 0 0
vn 0.70710677 0 -0.70710677
vn 0.70710677 0 -0.70710677
vn 0.70710677 0 -0.70710677
vn 0.70710677 0 -0.70710677
vn -0.70710695 0 0.7071066
vn -0.70710695 0 0.7071066
vn -0.70710695 0 0.7071066
vn -0.70710695 0 0.7071066
vn 1 0 0
vn 1 0 0
vn 1 0 0
vn 1 0 0
vn -0 0 -1
vn -0 0 -1
vn -0 0 -1
vn -0 0 -1
vn 0.70710653 0 0.707107
vn 0.70710653 0 0.707107
vn 0.70710653 0 0.707107
vn 0.70710653 0 0.707107
vn -0.70710695 0 -0.7071066
vn -0.70710695 0 -0.7071066
vn -0.70710695 0 -0.7071066
vn -0.70710695 0 -0.7071066
vn -0 0 1
vn -0 0 1
vn -0 0 1
vn -0 0 1
vn -0 1 0
vn -0 1 0
vn -0 1 0
vn -0 1 0
vn -0 1 0
vn -0 1 0
vn -0 1 0
vn -0 1 0
vn -0 1 0
vn -0 1 0
vn -0 1 0
vn -0 1 0
vn -0.9978573 -0.065427214 0
vn -0.9978573 -0.065427214 0
vn -0.9978573 -0.065427214 0
vn -0.9978573 -0.065427214 0
vn 1 0 0
vn 1 0 0
vn 1 0 0
vn 1 0 0
vn -0 -1 0
vn -0 -1 0
vn -0 -1 0
vn -0 -1 0
vn -0 0.80236185 0.5968379
vn -0 0.80236185 0.5968379
vn -0 0.80236185 0.5968379
vn -0 0.80236185 0.5968379
vn -0 -0.06290143 0.9980198
vn -0 -0.06290143 0.9980198
vn -0 -0.06290143 0.9980198
vn -0 -0.06290143 0.9980198
vn -0 -0.8353548 0.54971117
vn -0 -0.8353548 0.54971117
vn -0 -0.8353548 0.54971117
vn -0 -0.8353548 0.54971117
vn 0.79178655 0.0061798207 0.6107666
vn 0.79178655 0.0061798207 0.6107666
vn 0.79178655 0.0061798207 0.6107666
vn 0.79178655 0.0061798207 0.6107666
vn -0.7911797 -0.039742917 0.61029094
vn -0.7911797 -0.039742917 0.61029094
vn -0.7911797 -0.039742917 0.61029094
vn -0.7911797 -0.039742917 0.61029094
vn -0 -0.07732345 0.9970061
vn -0 -0.07732345 0.9970061
vn -0 -0.07732345 0.9970061
vn -0 -0.07732345 0.9970061
vn -0 1 0
vn -0 1 0
vn -0 1 0
vn -0 1 0
vn -0 -0.06542707 -0.9978573
vn -0 -0.06542707 -0.9978573
vn -0 -0.06542707 -0.9978573
vn -0 -0.06542707 -0.9978573
vn -0 0 1
vn -0 0 1
vn -0 0 1
vn -0 0 1
vn -0 -1 0
vn -0 -1 0
vn -0 -1 0
vn -0 -1 0
vn 0.5968391 0.802361 0
vn 0.5968391 0.802361 0
vn 0.5968391 0.802361 0
vn 0.5968391 0.802361 0
vn 0.9980198 -0.06290129 0
vn 0.9980198 -0.06290129 0
vn 0.9980198 -0.06290129 0
vn 0.9980198 -0.06290129 0
vn 0.5497114 -0.8353546 0
vn 0.5497114 -0.8353546 0
vn 0.5497114 -0.8353546 0
vn 0.5497114 -0.8353546 0
vn 0.6107639 0.0061800582 0.79178864
vn 0.6107639 0.0061800582 0.79178864
vn 0.6107639 0.0061800582 0.79178864
vn 0.6107639 0.0061800582 0.79178864
vn 0.61029 -0.039742954 -0.7911805
vn 0.61029 -0.039742954 -0.7911805
vn 0.61029 -0.039742954 -0.7911805
vn 0.61029 -0.039742954 -0.7911805
vn -0 1 0
vn -0 1 0
vn -0 1 0
vn -0 1 0
vn -0 -0.0429551 0.99907696
vn -0 -0.0429551 0.99907696
vn -0 -0.0429551 0.99907696
vn -0 -0.0429551 0.99907696
vn -0 -0.022566864 -0.9997453
vn -0 -0.022566864 -0.9997453
vn -0 -0.022566864 -0.9997453
vn -0 -0.022566864 -0.9997453
vn -0 -1 0
vn -0 -1 0
vn -0 -1 0
vn -0 -1 0
vn 0.5968394 0.8023607 -3.2719808E-07
vn 0.5968394 0.8023607 -3.2719808E-07
vn 0.5968394 0.8023607 -3.2719808E-07
vn 0.5968394 0.8023607 -3.2719808E-07
vn 0.9980198 -0.06290127 -8.8776386E-07
vn 0.9980198 -0.06290127 -8.8776386E-07
vn 0.9980198 -0.06290127 -8.8776386E-07
vn 0.9980198 -0.06290127 -8.8776386E-07
vn 0.5497101 -0.8353556 -2.8078367E-07
vn 0.5497101 -0.8353556 -2.8078367E-07
vn 0.5497101 -0.8353556 -2.8078367E-07
vn 0.5497101 -0.8353556 -2.8078367E-07
vn 0.6106266 -0.022424925 -0.7916011
vn 0.6106266 -0.022424925 -0.7916011
vn 0.6106266 -0.022424925 -0.7916011
vn 0.6106266 -0.022424925 -0.7916011
vn 0.61073637 -0.011163441 0.7917554
vn 0.61073637 -0.011163441 0.7917554
vn 0.61073637 -0.011163441 0.7917554
vn 0.61073637 -0.011163441 0.7917554
vn -0 1 0
vn -0 1 0
vn -0 1 0
vn -0 1 0
vn -0 -0.06542721 0.9978573
vn -0 -0.06542721 0.9978573
vn -0 -0.06542721 0.9978573
vn -0 -0.06542721 0.9978573
vn -0 0 -1
vn -0 0 -1
vn -0 0 -1
vn -0 0 -1
vn -0 -1 0
vn -0 -1 0
vn -0 -1 0
vn -0 -1 0
vn 0.59683913 0.8023609 0
vn 0.59683913 0.8023609 0
vn 0.59683913 0.8023609 0
vn 0.59683913 0.8023609 0
vn 0.9980198 -0.062901296 0
vn 0.9980198 -0.062901296 0
vn 0.9980198 -0.062901296 0
vn 0.9980198 -0.062901296 0
vn 0.5497124 -0.835354 0
vn 0.5497124 -0.835354 0
vn 0.5497124 -0.835354 0
vn 0.5497124 -0.835354 0
vn 0.6107667 0.0061796065 -0.7917865
vn 0.6107667 0.0061796065 -0.7917865
vn 0.6107667 0.0061796065 -0.7917865
vn 0.6107667 0.0061796065 -0.7917865
vn 0.61029184 -0.03974302 0.79117906
vn 0.61029184 -0.03974302 0.79117906
vn 0.61029184 -0.03974302 0.79117906
vn 0.61029184 -0.03974302 0.79117906
vn -0 1 0
vn -0 1 0
vn -0 1 0
vn -0 1 0
vn -0 -0.06542722 -0.9978573
vn -0 -0.06542722 -0.9978573
vn -0 -0.06542722 -0.9978573
vn -0 -0.06542722 -0.9978573
vn -0 0 1
vn -0 0 1
vn -0 0 1
vn -0 0 1
vn -0 -1 0
vn -0 -1 0
vn -0 -1 0
vn -0 -1 0
vn -0.59684 0.80236024 0
vn -0.59684 0.80236024 0
vn -0.59684 0.80236024 0
vn -0.59684 0.80236024 0
vn -0.9980198 -0.06290042 0
vn -0.9980198 -0.06290042 0
vn -0.9980198 -0.06290042 0
vn -0.9980198 -0.06290042 0
vn -0.5497095 -0.8353559 0
vn -0.5497095 -0.8353559 0
vn -0.5497095 -0.8353559 0
vn -0.5497095 -0.8353559 0
vn -0.61076516 0.00618019 0.79178774
vn -0.61076516 0.00618019 0.79178774
vn -0.61076516 0.00618019 0.79178774
vn -0.61076516 0.00618019 0.79178774
vn -0.6102907 -0.03974288 -0.79117996
vn -0.6102907 -0.03974288 -0.79117996
vn -0.6102907 -0.03974288 -0.79117996
vn -0.6102907 -0.03974288 -0.79117996
vn -0 1 0
vn -0 1 0
vn -0 1 0
vn -0 1 0
vn -0 -0.042955168 0.99907696
vn -0 -0.042955168 0.99907696
vn -0 -0.042955168 0.99907696
vn -0 -0.042955168 0.99907696
vn -0 -0.022566928 -0.9997453
vn -0 -0.022566928 -0.9997453
vn -0 -0.022566928 -0.9997453
vn -0 -0.022566928 -0.9997453
vn -0 -1 0
vn -0 -1 0
vn -0 -1 0
vn -0 -1 0
vn -0.59684074 0.80235976 0
vn -0.59684074 0.80235976 0
vn -0.59684074 0.80235976 0
vn -0.59684074 0.80235976 0
vn -0.9980198 -0.06290134 -4.438824E-07
vn -0.9980198 -0.06290134 -4.438824E-07
vn -0.9980198 -0.06290134 -4.438824E-07
vn -0.9980198 -0.06290134 -4.438824E-07
vn -0.54971147 -0.83535457 -2.8078247E-07
vn -0.54971147 -0.83535457 -2.8078247E-07
vn -0.54971147 -0.83535457 -2.8078247E-07
vn -0.54971147 -0.83535457 -2.8078247E-07
vn -0.61062586 -0.02242529 -0.79160166
vn -0.61062586 -0.02242529 -0.79160166
vn -0.61062586 -0.02242529 -0.79160166
vn -0.61062586 -0.02242529 -0.79160166
vn -0.61073667 -0.011163332 0.7917551
vn -0.61073667 -0.011163332 0.7917551
vn -0.61073667 -0.011163332 0.7917551
vn -0.61073667 -0.011163332 0.7917551
vn -0 1 0
vn -0 1 0
vn -0 1 0
vn -0 1 0
vn -0 -0.06542747 0.9978573
vn -0 -0.06542747 0.9978573
vn -0 -0.06542747 0.9978573
vn -0 -0.06542747 0.9978573
vn -0 0 -1
vn -0 0 -1
vn -0 0 -1
vn -0 0 -1
vn -0 -1 0
vn -0 -1 0
vn -0 -1 0
vn -0 -1 0
vn -0.59684074 0.80235976 0
vn -0.59684074 0.80235976 0
vn -0.59684074 0.80235976 0
vn -0.59684074 0.80235976 0
vn -0.9980197 -0.0629022 0
vn -0.9980197 -0.0629022 0
vn -0.9980197 -0.0629022 0
vn -0.9980197 -0.0629022 0
vn -0.54971385 -0.83535296 0
vn -0.54971385 -0.83535296 0
vn -0.54971385 -0.83535296 0
vn -0.54971385 -0.83535296 0
vn -0.6107665 0.006179293 -0.7917866
vn -0.6107665 0.006179293 -0.7917866
vn -0.6107665 0.006179293 -0.7917866
vn -0.6107665 0.006179293 -0.7917866
vn -0.6102913 -0.0397434 0.7911796
vn -0.6102913 -0.0397434 0.7911796
vn -0.6102913 -0.0397434 0.7911796
vn -0.6102913 -0.0397434 0.7911796
vn -0 1 0
vn -0 1 0
vn -0 1 0
vn -0 1 0
vn 0.9978573 -0.065427266 0
vn 0.9978573 -0.065427266 0
vn 0.9978573 -0.065427266 0
vn 0.9978573 -0.065427266 0
vn -1 0 0
vn -1 0 0
vn -1 0 0
vn -1 0 0
vn -0 -1 0
vn -0 -1 0
vn -0 -1 0
vn -0 -1 0
vn -0 0.80236113 -0.5968387
vn -0 0.80236113 -0.5968387
vn -0 0.80236113 -0.5968387
vn -0 0.80236113 -0.5968387
vn -0 -0.06290044 -0.9980198
vn -0 -0.06290044 -0.9980198
vn -0 -0.06290044 -0.9980198
vn -0 -0.06290044 -0.9980198
vn -0 -0.83535576 -0.5497098
vn -0 -0.83535576 -0.5497098
vn -0 -0.83535576 -0.5497098
vn -0 -0.83535576 -0.5497098
vn -0.7917872 0.006180066 -0.61076576
vn -0.7917872 0.006180066 -0.61076576
vn -0.7917872 0.006180066 -0.61076576
vn -0.7917872 0.006180066 -0.61076576
vn 0.79117966 -0.0397429 -0.61029106
vn 0.79117966 -0.0397429 -0.61029106
vn 0.79117966 -0.0397429 -0.61029106
vn 0.79117966 -0.0397429 -0.61029106
vn -0 1 0
vn -0 1 0
vn -0 1 0
vn -0 1 0
vn -0.99907696 -0.04295522 0
vn -0.99907696 -0.04295522 0
vn -0.99907696 -0.04295522 0
vn -0.99907696 -0.04295522 0
vn 0.9997453 -0.02256707 0
vn 0.9997453 -0.02256707 0
vn 0.9997453 -0.02256707 0
vn 0.9997453 -0.02256707 0
vn -0 -1 0
vn -0 -1 0
vn -0 -1 0
vn -0 -1 0
vn -0 0.80235916 -0.59684145
vn -0 0.80235916 -0.59684145
vn -0 0.80235916 -0.59684145
vn -0 0.80235916 -0.59684145
vn -0 -0.06290028 -0.9980198
vn -0 -0.06290028 -0.9980198
vn -0 -0.06290028 -0.9980198
vn -0 -0.06290028 -0.9980198
vn -0 -0.8353556 -0.54971004
vn -0 -0.8353556 -0.54971004
vn -0 -0.8353556 -0.54971004
vn -0 -0.8353556 -0.54971004
vn 0.79160374 -0.022424327 -0.61062324
vn 0.79160374 -0.022424327 -0.61062324
vn 0.79160374 -0.022424327 -0.61062324
vn 0.79160374 -0.022424327 -0.61062324
vn -0.791756 -0.011163363 -0.6107354
vn -0.791756 -0.011163363 -0.6107354
vn -0.791756 -0.011163363 -0.6107354
vn -0.791756 -0.011163363 -0.6107354
vn -0 1 0
vn -0 1 0
vn -0 1 0
vn -0 1 0
vn -0.9978574 -0.06542701 0
vn -0.9978574 -0.06542701 0
vn -0.9978574 -0.06542701 0
vn -0.9978574 -0.06542701 0
vn 1 0 0
vn 1 0 0
vn 1 0 0
vn 1 0 0
vn -0 -1 0
vn -0 -1 0
vn -0 -1 0
vn -0 -1 0
vn -0 0.8023619 -0.59683776
vn -0 0.8023619 -0.59683776
vn -0 0.8023619 -0.59683776
vn -0 0.8023619 -0.59683776
vn -0 -0.062900275 -0.9980198
vn -0 -0.062900275 -0.9980198
vn -0 -0.062900275 -0.9980198
vn -0 -0.062900275 -0.9980198
vn -0 -0.83535546 -0.5497101
vn -0 -0.83535546 -0.5497101
vn -0 -0.83535546 -0.5497101
vn -0 -0.83535546 -0.5497101
vn 0.7917865 0.006180178 -0.61076677
vn 0.7917865 0.006180178 -0.61076677
vn 0.7917865 0.006180178 -0.61076677
vn 0.7917865 0.006180178 -0.61076677
vn -0.7911802 -0.03974293 -0.61029047
vn -0.7911802 -0.03974293 -0.61029047
vn -0.7911802 -0.03974293 -0.61029047
vn -0.7911802 -0.03974293 -0.61029047
vn 0.70127034 -0.12822045 0.7012698
vn -0 -0.12822093 0.99174565
vn 1.16263024E-07 0.3612184 0.9324813
vn 0.65936404 0.3612182 0.6593636
vn 0.70127034 -0.12822045 0.7012698
vn -5.1794717E-07 -0.8145262 0.5801269
vn -0 -0.12822093 0.99174565
vn 0.41021183 -0.81452626 0.41021127
vn -0.41021153 -0.8145265 0.41021094
vn -5.1794717E-07 -0.8145262 0.5801269
vn -0 -0.12822093 0.99174565
vn -0.58012646 -0.81452644 4.336298E-07
vn 0.58012605 -0.8145267 3.4931287E-07
vn -0.70127064 -0.12822019 0.70126957
vn -0.6593639 0.3612184 0.6593637
vn 1.16263024E-07 0.3612184 0.9324813
vn -0.99174577 -0.1282203 1.5695277E-07
vn -0.41021153 -0.8145268 -0.41021037
vn -0.9324813 0.36121833 3.276499E-07
vn -0.6157234 0.49170232 0.61572194
vn -0 0.49170396 0.8707624
vn -0.87076366 0.49170178 -3.7799947E-07
vn 0.65936404 0.3612182 0.6593636
vn -0.6157229 0.49170157 -0.61572313
vn 0.61572295 0.4917024 0.6157223
vn -0.6593641 0.36121786 -0.65936387
vn 1.9799968E-07 0.49170136 -0.87076396
vn 0.9324813 0.36121842 2.0610243E-07
vn 0.8707634 0.49170232 -5.0399933E-07
vn -0.7012708 -0.12822089 -0.7012692
vn -1.0569355E-07 0.36121768 -0.93248147
vn 0.6157223 0.49170196 -0.61572343
vn 0.65936375 0.36121818 -0.6593639
vn 0.99174577 -0.12821993 0
vn 0.70127034 -0.12822045 0.7012698
vn 0.41021183 -0.81452626 0.41021127
vn 0.7012704 -0.1282203 -0.70126987
vn -2.535391E-07 -0.12822062 -0.99174577
vn 0.4102122 -0.8145262 -0.4102111
vn -4.69766E-07 -0.81452626 -0.58012664
vn 1.8359205E-07 1 0
vn 1.8359205E-07 1 0
vn 1.8359205E-07 1 0
vn 1.8359205E-07 1 0
vn 1.8359205E-07 1 0
vn 1.8359205E-07 1 0
vn 1.8359205E-07 1 0
vn 1.8359205E-07 1 0
vn 0.7012703 -0.12822075 0.7012698
vn -0 -0.12822121 0.99174565
vn -0 0.36121854 0.93248117
vn 0.6593641 0.36121836 0.65936345
vn 0.7012703 -0.12822075 0.7012698
vn -4.2158484E-07 -0.8145262 0.5801269
vn -0 -0.12822121 0.99174565
vn 0.4102118 -0.81452626 0.4102113
vn -0.41021132 -0.8145267 0.41021103
vn -4.2158484E-07 -0.8145262 0.5801269
vn -0 -0.12822121 0.99174565
vn -0.5801264 -0.8145265 4.3362985E-07
vn 0.5801262 -0.8145267 3.4931287E-07
vn -0.70127064 -0.12822054 0.70126945
vn -0.65936404 0.36121848 0.65936357
vn -0 0.36121854 0.93248117
vn -0.99174577 -0.12822045 0
vn -0.41021127 -0.814527 -0.4102104
vn -0.9324813 0.3612183 1.374016E-07
vn -0.41455236 0.81011945 0.41455123
vn -0.58626544 0.810119 -1.9390349E-07
vn -4.155263E-07 0.8101201 0.5862639
vn 0.6593641 0.36121836 0.65936345
vn 0.41455147 0.8101199 0.41455138
vn 0.5862648 0.81011945 -1.8178461E-07
vn 0.9324813 0.3612184 1.5854033E-07
vn 0.99174577 -0.12822017 -1.3280614E-07
vn 0.7012703 -0.12822075 0.7012698
vn 0.4102118 -0.81452626 0.4102113
vn 0.7012702 -0.12822054 -0.7012699
vn 0.6593641 0.36121812 -0.6593636
vn 0.4145514 0.8101197 -0.41455185
vn 0.41021204 -0.81452626 -0.41021112
vn -1.2073286E-07 -0.12822092 -0.99174565
vn -5.2999235E-07 -0.8145262 -0.58012676
vn -0.70127076 -0.1282211 -0.7012694
vn -0 0.36121783 -0.93248147
vn -0.6593642 0.36121792 -0.6593637
vn -0.41455257 0.81011915 -0.4145517
vn -5.9731127E-07 0.8101191 -0.5862654
vn 0.70127034 -0.12822048 0.7012698
vn -0 -0.12822112 0.99174565
vn -2.642342E-07 0.36121854 0.93248117
vn 0.65936387 0.3612184 0.6593637
vn -0 -0.12822112 0.99174565
vn -0 -0.8145262 0.58012676
vn -0.41021135 -0.8145267 0.41021097
vn -0.70127076 -0.12822044 0.70126945
vn -0.6593641 0.36121845 0.65936345
vn -2.642342E-07 0.36121854 0.93248117
vn -0.5801264 -0.8145265 5.179469E-07
vn 0.41021246 -0.814526 0.4102111
vn -0 -0.8145262 0.58012676
vn -0.9324813 0.3612183 0
vn -0.99174577 -0.12822028 0
vn -0.41455227 0.81011957 0.41455126
vn -0.5862652 0.8101192 -3.6356917E-07
vn -3.7706698E-07 0.8101201 0.5862639
vn 0.65936387 0.3612184 0.6593637
vn 0.41455168 0.81011975 0.4145513
vn 0.5862652 0.8101192 -3.5145013E-07
vn 0.9324813 0.36121848 1.7439436E-07
vn 0.9917459 -0.12821972 0
vn 0.70127034 -0.12822048 0.7012698
vn 0.58012676 -0.81452626 4.697656E-07
vn 0.70127064 -0.12822026 -0.7012695
vn 0.659364 0.36121827 -0.6593637
vn 0.41455173 0.81011957 -0.41455182
vn -0.41021127 -0.814527 -0.41021046
vn 0.41021284 -0.81452596 -0.41021082
vn -0 -0.12822087 -0.99174565
vn -0 -0.8145262 -0.58012676
vn -0.7012708 -0.1282209 -0.7012692
vn -0 0.36121783 -0.93248147
vn -0.6593641 0.36121807 -0.6593637
vn -0.4145518 0.8101194 -0.41455188
vn 1.4404834E-07 0.8101191 -0.5862655
vn 0.70127034 -0.12822048 0.7012698
vn 0.41021246 -0.814526 0.4102111
vn -0 -0.12822112 0.99174565
vn -0.7012702 -0.12822026 0.70127
vn -0.65936404 0.36121842 0.65936357
vn 1.0569366E-07 0.3612181 0.93248135
vn -0 -0.12822074 0.99174565
vn -0.7012702 -0.12822026 0.70127
vn -0 -0.12822074 0.99174565
vn 1.4463777E-07 -0.8145262 0.5801269
vn -0.41021207 -0.814526 0.41021132
vn -0 1 0
vn -0 1 0
vn -0 1 0
vn -0 1 0
vn -0 1 0
vn -0 1 0
vn -0 1 0
vn -0 1 0
vn -0.7012701 -0.12822059 0.70127004
vn -0.659364 0.3612184 0.65936357
vn 1.2683242E-07 0.36121824 0.9324813
vn 1.6902598E-07 -0.12822098 0.99174565
vn 1.6902598E-07 -0.12822098 0.99174565
vn 0.4102115 -0.81452626 0.4102116
vn 3.7340376E-07 -0.8145261 0.5801268
vn 0.70127 -0.12822023 0.7012702
vn 0.6593635 0.36121795 0.6593643
vn 1.2683242E-07 0.36121824 0.9324813
vn 0.4145517 0.8101196 0.4145517
vn -0 0.81011987 0.58626425
vn -0.659364 0.3612184 0.65936357
vn -0.41455176 0.81011975 0.41455126
vn 0.5862655 0.8101191 -2.0602262E-07
vn 0.9324813 0.36121824 1.532558E-07
vn -0.9324813 0.36121833 1.7967902E-07
vn -0.5862652 0.81011915 -1.4542763E-07
vn 0.41455197 0.8101192 -0.4145521
vn -0.99174577 -0.12821981 0
vn -0.7012701 -0.12822059 0.70127004
vn -0.4102118 -0.8145262 0.41021147
vn 0.99174577 -0.12822017 0
vn 0.6593637 0.3612176 -0.65936434
vn 0.5801269 -0.8145262 4.9385653E-07
vn 3.7340376E-07 -0.8145261 0.5801268
vn -0.5801266 -0.8145263 4.3363002E-07
vn -0.70127016 -0.12822038 -0.70127
vn -0.6593641 0.36121812 -0.6593637
vn -0.41455182 0.8101196 -0.41455168
vn -0.4102121 -0.8145261 -0.4102112
vn 0.41021165 -0.8145265 -0.4102108
vn 2.1814158E-07 0.8101189 -0.58626556
vn 2.166719E-07 0.36121783 -0.93248147
vn 1.6902605E-07 -0.12822084 -0.99174565
vn 0.7012702 -0.1282206 -0.7012699
vn 4.0953958E-07 -0.8145263 -0.58012664
vn -0.7012701 -0.12822059 0.70127004
vn 1.6902598E-07 -0.12822098 0.99174565
vn -0.4102118 -0.8145262 0.41021147
vn -0.7012704 -0.12822038 0.70126987
vn -0.6593639 0.3612184 0.6593637
vn 2.430954E-07 0.3612183 0.9324813
vn -0 -0.12822093 0.99174565
vn -0 -0.12822093 0.99174565
vn 0.41021207 -0.814526 0.4102114
vn 5.058076E-07 -0.8145262 0.58012676
vn 0.7012701 -0.12822004 0.7012701
vn 0.6593636 0.3612179 0.6593643
vn 2.430954E-07 0.3612183 0.9324813
vn 0.41455197 0.81011957 0.41455168
vn 4.2416357E-07 0.81011975 0.5862643
vn -0.6593639 0.3612184 0.6593637
vn -0.41455176 0.81011975 0.41455126
vn 0.5862654 0.8101191 -4.1204518E-07
vn 0.9324813 0.3612183 1.1097835E-07
vn -0.9324813 0.36121842 1.1626292E-07
vn -0.5862652 0.8101192 -3.5145018E-07
vn 0.41455168 0.8101194 -0.41455218
vn -0.9917459 -0.12821954 0
vn -0.7012704 -0.12822038 0.70126987
vn -0.41021198 -0.8145261 0.41021135
vn 0.99174577 -0.12821995 0
vn 0.6593636 0.36121768 -0.6593643
vn 0.58012724 -0.81452596 4.6976592E-07
vn 5.058076E-07 -0.8145262 0.58012676
vn -0.58012676 -0.81452626 4.69766E-07
vn -0.7012704 -0.12822022 -0.70126975
vn -0.659364 0.36121827 -0.65936375
vn -0.41455156 0.8101197 -0.41455173
vn -0.41021234 -0.814526 -0.41021115
vn 0.41021192 -0.81452644 -0.41021076
vn 2.1814155E-07 0.8101189 -0.58626556
vn 2.166719E-07 0.36121792 -0.93248147
vn -0 -0.12822081 -0.99174565
vn 0.70127034 -0.12822053 -0.7012698
vn 3.1308284E-07 -0.8145263 -0.58012664
vn -0.7012704 -0.12822038 0.70126987
vn -0 -0.12822093 0.99174565
vn -0.41021198 -0.8145261 0.41021135
vn 0.87710625 -0.04691051 0.47800013
vn 0.87710625 -0.04691051 0.47800013
vn 0.87710625 -0.04691051 0.47800013
vn 0.87710625 -0.04691051 0.47800013
vn 0.0008497274 0.8219863 0.5695065
vn 0.0008497274 0.8219863 0.5695065
vn 0.0008497274 0.8219863 0.5695065
vn 0.0008497274 0.8219863 0.5695065
vn 0.9302386 -0.017750936 0.36652568
vn 0.93575215 -0.028938273 0.35146922
vn 0.93728155 -0.037144944 0.34658843
vn 0.92838836 -0.047794633 0.36852524
vn 0.012124104 0.85148233 0.52424306
vn -0.0071540996 0.8710545 0.49113443
vn 0.024452405 0.8612386 0.50761205
vn 0.015078584 0.85285074 0.5219371
vn -0.9362925 -0.052775566 0.3472336
vn -0.9410617 -0.015509484 0.33787915
vn -0.9383812 -0.03375492 0.34394968
vn -0.9383812 -0.03375492 0.34394968
vn -0.8763375 -0.047047336 0.47939444
vn -0.8763375 -0.047047336 0.47939444
vn -0.8763375 -0.047047336 0.47939444
vn -0.8763375 -0.047047336 0.47939444
vn 0.0008499844 -0.9170186 0.39884356
vn 0.0008499844 -0.9170186 0.39884356
vn 0.0008499844 -0.9170186 0.39884356
vn 0.0008499844 -0.9170186 0.39884356
vn 0.0005775381 -0.95267606 0.303987
vn 0.0005775381 -0.95267606 0.303987
vn -0.003719315 -0.9521674 0.30555433
vn -0.002156893 -0.9511739 0.3086482
vn 0.0018893167 -0.097669795 0.9952171
vn 0.0018893167 -0.097669795 0.9952171
vn 0.0018893167 -0.097669795 0.9952171
vn 0.0018893167 -0.097669795 0.9952171
vn -0 0.9952188 0.09766976
vn -0 0.9952188 0.09766976
vn -0 0.9952188 0.09766976
vn -0 0.9952188 0.09766976
vn 1.3375775E-07 -0.99521893 -0.09766954
vn 1.3375775E-07 -0.99521893 -0.09766954
vn 1.3375775E-07 -0.99521893 -0.09766954
vn 1.3375775E-07 -0.99521893 -0.09766954
vn 0.0138277775 -0.09766062 0.9951237
vn 0.0138277775 -0.09766062 0.9951237
vn 0.0138277775 -0.09766062 0.9951237
vn 0.0138277775 -0.09766062 0.9951237
vn 0.010397629 -0.097665 0.9951651
vn 0.010397629 -0.097665 0.9951651
vn 0.010397629 -0.097665 0.9951651
vn 0.010397629 -0.097665 0.9951651
vn -0.009818946 0.097665265 -0.9951709
vn -0.009818946 0.097665265 -0.9951709
vn -0.009818946 0.097665265 -0.9951709
vn -0.009818946 0.097665265 -0.9951709
vn -0.9471596 -0.031328913 0.3192292
vn -0.9471596 -0.031328913 0.3192292
vn -0.9471596 -0.031328913 0.3192292
vn -0.9471596 -0.031328913 0.3192292
vn 0.9648747 -0.025658978 0.26145476
vn 0.9648747 -0.025658978 0.26145476
vn 0.9648747 -0.025658978 0.26145476
vn 0.9648747 -0.025658978 0.26145476
vn 0.0034665298 0.90055215 0.43473434
vn 0.0034665298 0.90055215 0.43473434
vn 0.0034665298 0.90055215 0.43473434
vn 0.0034665298 0.90055215 0.43473434
vn 0.004556348 -0.9314585 0.36381918
vn 0.004556348 -0.9314585 0.36381918
vn 0.004556348 -0.9314585 0.36381918
vn 0.004556348 -0.9314585 0.36381918
vn -0.87488014 -0.04730545 0.48202375
vn -0.87488014 -0.04730545 0.48202375
vn -0.87488014 -0.04730545 0.48202375
vn -0.87488014 -0.04730545 0.48202375
vn -0.00086938275 0.8144166 0.58027995
vn -0.00086938275 0.8144166 0.58027995
vn -0.00086938275 0.8144166 0.58027995
vn -0.00086938275 0.8144166 0.58027995
vn -0.94391716 -0.039474092 0.32781416
vn -0.93656975 -0.01024675 0.35033143
vn -0.93551606 -0.030172618 0.35199314
vn -0.93441004 -0.031857006 0.35477188
vn -0.019100536 0.8564312 0.5159078
vn 0.01625765 0.86438906 0.5025607
vn 0.010478144 0.84846026 0.5291554
vn -0.019742137 0.85187656 0.5233704
vn 0.93308806 -0.047604613 0.35648343
vn 0.9383812 -0.03375491 0.34394947
vn 0.9383812 -0.03375491 0.34394947
vn 0.93379915 -0.049489785 0.35435867
vn 0.87410545 -0.047441874 0.4834138
vn 0.87410545 -0.047441874 0.4834138
vn 0.87410545 -0.047441874 0.4834138
vn 0.87410545 -0.047441874 0.4834138
vn -0.0008694929 -0.9116875 0.4108834
vn -0.0008694929 -0.9116875 0.4108834
vn -0.0008694929 -0.9116875 0.4108834
vn -0.0008694929 -0.9116875 0.4108834
vn -0.00057754305 -0.95267594 0.30398706
vn 0.004942495 -0.95236176 0.30493066
vn -0.003562828 -0.95374775 0.30058694
vn -0.00057754305 -0.95267594 0.30398706
vn -0.0018881249 -0.09766971 0.9952171
vn -0.0018881249 -0.09766971 0.9952171
vn -0.0018881249 -0.09766971 0.9952171
vn -0.0018881249 -0.09766971 0.9952171
vn -0 0.9952188 0.09766989
vn -0 0.9952188 0.09766989
vn -0 0.9952188 0.09766989
vn -0 0.9952188 0.09766989
vn -0 -0.99521893 -0.097669475
vn -0 -0.99521893 -0.097669475
vn -0 -0.99521893 -0.097669475
vn -0 -0.99521893 -0.097669475
vn -0.013827763 -0.097660504 0.9951237
vn -0.013827763 -0.097660504 0.9951237
vn -0.013827763 -0.097660504 0.9951237
vn -0.013827763 -0.097660504 0.9951237
vn -0.010397697 -0.09766442 0.9951651
vn -0.010397697 -0.09766442 0.9951651
vn -0.010397697 -0.09766442 0.9951651
vn -0.010397697 -0.09766442 0.9951651
vn 0.009819024 0.09766541 -0.9951709
vn 0.009819024 0.09766541 -0.9951709
vn 0.009819024 0.09766541 -0.9951709
vn 0.009819024 0.09766541 -0.9951709
vn 0.9471615 -0.03132838 0.31922355
vn 0.9471615 -0.03132838 0.31922355
vn 0.9471615 -0.03132838 0.31922355
vn 0.9471615 -0.03132838 0.31922355
vn -0.9648747 -0.025658827 0.26145476
vn -0.9648747 -0.025658827 0.26145476
vn -0.9648747 -0.025658827 0.26145476
vn -0.9648747 -0.025658827 0.26145476
vn -0.0034667149 0.9005517 0.43473518
vn -0.0034667149 0.9005517 0.43473518
vn -0.0034667149 0.9005517 0.43473518
vn -0.0034667149 0.9005517 0.43473518
vn -0.0045562964 -0.9314587 0.3638187
vn -0.0045562964 -0.9314587 0.3638187
vn -0.0045562964 -0.9314587 0.3638187
vn -0.0045562964 -0.9314587 0.3638187
vn -0 0 1
vn -0 0 1
vn -0 0 1
vn -0 0 1
vn -1 -3.3164642E-07 -4.3501043E-07
vn -1 -3.3164642E-07 -4.3501043E-07
vn -1 -3.3164642E-07 -4.3501043E-07
vn -1 -3.3164642E-07 -4.3501043E-07
vn -0 -1 0
vn -0 -1 0
vn -0 -1 0
vn -0 -1 0
vn 1 0 0
vn 1 0 0
vn 1 0 0
vn 1 0 0
vn -0 1 0
vn -0 1 0
vn -0 1 0
vn -0 1 0
vn -0 0.49895316 0.866629
vn -0 0.49895316 0.866629
vn -0 0.49895316 0.866629
vn -0 0.49895316 0.866629
vn -0 0.91003007 0.41454223
vn -0 0.91003007 0.41454223
vn -0 0.91003007 0.41454223
vn -0 0.91003007 0.41454223
vn -0 0 -1
vn -0 0 -1
vn -0 0 -1
vn -0 0 -1
vn 1 0 -1.4375853E-07
vn 1 0 -1.4375853E-07
vn 1 0 -1.4375853E-07
vn 1 0 -1.4375853E-07
vn -1 0 1.4375848E-07
vn -1 0 1.4375848E-07
vn -1 0 1.4375848E-07
vn -1 0 1.4375848E-07
vn -0 0.49895316 0.866629
vn -0 0.49895316 0.866629
vn -0 0.49895316 0.866629
vn -0 0.49895316 0.866629
vn -0 0.91003007 0.41454226
vn -0 0.91003007 0.41454226
vn -0 0.91003007 0.41454226
vn -0 0.91003007 0.41454226
vn -0 0 -1
vn -0 0 -1
vn -0 0 -1
vn -0 0 -1
vn 1 3.382013E-07 2.8751697E-07
vn 1 3.382013E-07 2.8751697E-07
vn 1 3.382013E-07 2.8751697E-07
vn 1 3.382013E-07 2.8751697E-07
vn -1 0 2.8751703E-07
vn -1 0 2.8751703E-07
vn -1 0 2.8751703E-07
vn -1 0 2.8751703E-07
vn 0.043678317 0.99904567 0
vn 0.043678317 0.99904567 0
vn 0.043678317 0.99904567 0
vn 0.043678317 0.99904567 0
vn -0.0011602974 -0.026540788 0.999647
vn -0.0011602974 -0.026540788 0.999647
vn -0.0011602974 -0.026540788 0.999647
vn -0.0011602974 -0.026540788 0.999647
vn -0.00060931145 -0.013937738 -0.9999027
vn -0.00060931145 -0.013937738 -0.9999027
vn -0.00060931145 -0.013937738 -0.9999027
vn -0.00060931145 -0.013937738 -0.9999027
vn -0.04367401 -0.9990458 0
vn -0.04367401 -0.9990458 0
vn -0.04367401 -0.9990458 0
vn -0.04367401 -0.9990458 0
vn 0.6313106 0.7755301 -1.1166112E-07
vn 0.6313106 0.7755301 -1.1166112E-07
vn 0.6313106 0.7755301 -1.1166112E-07
vn 0.6313106 0.7755301 -1.1166112E-07
vn 0.9972658 -0.07389777 -5.507512E-07
vn 0.9972658 -0.07389777 -5.507512E-07
vn 0.9972658 -0.07389777 -5.507512E-07
vn 0.9972658 -0.07389777 -5.507512E-07
vn 0.5127032 -0.8585659 -1.00335065E-07
vn 0.5127032 -0.8585659 -1.00335065E-07
vn 0.5127032 -0.8585659 -1.00335065E-07
vn 0.5127032 -0.8585659 -1.00335065E-07
vn 0.60966605 -0.03793984 -0.79174984
vn 0.60966605 -0.03793984 -0.79174984
vn 0.60966605 -0.03793984 -0.79174984
vn 0.60966605 -0.03793984 -0.79174984
vn 0.60993564 -0.032282323 0.7917931
vn 0.60993564 -0.032282323 0.7917931
vn 0.60993564 -0.032282323 0.7917931
vn 0.60993564 -0.032282323 0.7917931
vn 0.9969072 -0.07858741 0
vn 0.9969072 -0.07858741 0
vn 0.9969072 -0.07858741 0
vn 0.9969072 -0.07858741 0
vn -0 1 0
vn -0 1 0
vn -0 1 0
vn -0 1 0
vn -0 0 1
vn -0 0 1
vn -0 0 1
vn -0 0 1
vn -0 -1 5.288858E-07
vn -0 -1 5.288858E-07
vn -0 -1 5.288858E-07
vn -0 -1 5.288858E-07
vn -0 0 -1
vn -0 0 -1
vn -0 0 -1
vn -0 0 -1
vn 0.9992662 -0.038301084 4.027796E-07
vn 0.9992662 -0.038301084 4.027796E-07
vn 0.9992662 -0.038301084 4.027796E-07
vn 0.9992662 -0.038301084 4.027796E-07
vn 0.9969072 -0.07858743 0
vn 0.9969072 -0.07858743 0
vn 0.9969072 -0.07858743 0
vn 0.9969072 -0.07858743 0
vn -0 1 0
vn -0 1 0
vn -0 1 0
vn -0 1 0
vn -0 0 1
vn -0 0 1
vn -0 0 1
vn -0 0 1
vn -0 -1 5.2888583E-07
vn -0 -1 5.2888583E-07
vn -0 -1 5.2888583E-07
vn -0 -1 5.2888583E-07
vn -0 0 -1
vn -0 0 -1
vn -0 0 -1
vn -0 0 -1
vn -0.037170466 0.0007120827 0.9993087
vn -0.037170466 0.0007120827 0.9993087
vn -0.037170466 0.0007120827 0.9993087
vn -0.037170466 0.0007120827 0.9993087
vn 6.7175165E-07 -1 0
vn 6.7175165E-07 -1 0
vn 6.7175165E-07 -1 0
vn 6.7175165E-07 -1 0
vn 0.027121624 -0.0011943324 -0.9996314
vn 0.027121624 -0.0011943324 -0.9996314
vn 0.027121624 -0.0011943324 -0.9996314
vn 0.027121624 -0.0011943324 -0.9996314
vn -0 1 0
vn -0 1 0
vn -0 1 0
vn -0 1 0
vn -0.04367839 0.99904567 0
vn -0.04367839 0.99904567 0
vn -0.04367839 0.99904567 0
vn -0.04367839 0.99904567 0
vn 0.0011602998 -0.02654076 -0.999647
vn 0.0011602998 -0.02654076 -0.999647
vn 0.0011602998 -0.02654076 -0.999647
vn 0.0011602998 -0.02654076 -0.999647
vn 0.0006093119 -0.013937665 0.9999027
vn 0.0006093119 -0.013937665 0.9999027
vn 0.0006093119 -0.013937665 0.9999027
vn 0.0006093119 -0.013937665 0.9999027
vn 0.043674663 -0.9990458 0
vn 0.043674663 -0.9990458 0
vn 0.043674663 -0.9990458 0
vn 0.043674663 -0.9990458 0
vn -0.63131034 0.7755303 2.2332182E-07
vn -0.63131034 0.7755303 2.2332182E-07
vn -0.63131034 0.7755303 2.2332182E-07
vn -0.63131034 0.7755303 2.2332182E-07
vn -0.9972658 -0.07389779 4.130636E-07
vn -0.9972658 -0.07389779 4.130636E-07
vn -0.9972658 -0.07389779 4.130636E-07
vn -0.9972658 -0.07389779 4.130636E-07
vn -0.5127052 -0.8585648 1.5050243E-07
vn -0.5127052 -0.8585648 1.5050243E-07
vn -0.5127052 -0.8585648 1.5050243E-07
vn -0.5127052 -0.8585648 1.5050243E-07
vn -0.6096649 -0.037939746 0.79175067
vn -0.6096649 -0.037939746 0.79175067
vn -0.6096649 -0.037939746 0.79175067
vn -0.6096649 -0.037939746 0.79175067
vn -0.6099355 -0.032282256 -0.7917933
vn -0.6099355 -0.032282256 -0.7917933
vn -0.6099355 -0.032282256 -0.7917933
vn -0.6099355 -0.032282256 -0.7917933
vn -0.9969072 -0.07858737 1.1352396E-06
vn -0.9969072 -0.07858737 1.1352396E-06
vn -0.9969072 -0.07858737 1.1352396E-06
vn -0.9969072 -0.07858737 1.1352396E-06
vn -0 1 0
vn -0 1 0
vn -0 1 0
vn -0 1 0
vn -0 0 -1
vn -0 0 -1
vn -0 0 -1
vn -0 0 -1
vn -0 -1 -5.2888555E-07
vn -0 -1 -5.2888555E-07
vn -0 -1 -5.2888555E-07
vn -0 -1 -5.2888555E-07
vn -0 0 1
vn -0 0 1
vn -0 0 1
vn -0 0 1
vn -0.9992662 -0.038301077 -2.6851973E-07
vn -0.9992662 -0.038301077 -2.6851973E-07
vn -0.9992662 -0.038301077 -2.6851973E-07
vn -0.9992662 -0.038301077 -2.6851973E-07
vn -0.9969072 -0.07858737 1.1352391E-06
vn -0.9969072 -0.07858737 1.1352391E-06
vn -0.9969072 -0.07858737 1.1352391E-06
vn -0.9969072 -0.07858737 1.1352391E-06
vn -0 1 0
vn -0 1 0
vn -0 1 0
vn -0 1 0
vn -0 0 -1
vn -0 0 -1
vn -0 0 -1
vn -0 0 -1
vn -0 -1 -5.288855E-07
vn -0 -1 -5.288855E-07
vn -0 -1 -5.288855E-07
vn -0 -1 -5.288855E-07
vn 1.9654384E-07 0 1
vn 1.9654384E-07 0 1
vn 1.9654384E-07 0 1
vn 1.9654384E-07 0 1
vn 0.037169117 0.0007126938 -0.9993087
vn 0.037169117 0.0007126938 -0.9993087
vn 0.037169117 0.0007126938 -0.9993087
vn 0.037169117 0.0007126938 -0.9993087
vn -0 -1 0
vn -0 -1 0
vn -0 -1 0
vn -0 -1 0
vn -0.027122222 -0.0011941632 0.9996314
vn -0.027122222 -0.0011941632 0.9996314
vn -0.027122222 -0.0011941632 0.9996314
vn -0.027122222 -0.0011941632 0.9996314
vn -0 1 0
vn -0 1 0
vn -0 1 0
vn -0 1 0
vn -6.789493E-07 -1 0
vn -6.789493E-07 -1 0
vn -6.789493E-07 -1 0
vn -6.789493E-07 -1 0
vn -6.789493E-07 -1 0
vn -6.789493E-07 -1 0
vn -6.789493E-07 -1 0
vn -6.789493E-07 -1 0
vn -6.789493E-07 -1 0
vn -6.789493E-07 -1 0
vn 2.762395E-07 1 0
vn 2.762395E-07 1 0
vn 2.762395E-07 1 0
vn 2.762395E-07 1 0
vn 2.762395E-07 1 0
vn 2.762395E-07 1 0
vn 2.762395E-07 1 0
vn 2.762395E-07 1 0
vn 2.762395E-07 1 0
vn 2.762395E-07 1 0
vn -0 -0.12071122 0.9926877
vn -0 -0.12071122 0.9926877
vn -0 -0.12071122 0.9926877
vn -0 -0.12071122 0.9926877
vn 0.9999162 -0.012347515 -0.0039105928
vn 0.9999162 -0.012347515 -0.0039105928
vn 0.9999162 -0.012347515 -0.0039105928
vn 0.9999162 -0.012347515 -0.0039105928
vn -0 0.9533351 0.30191424
vn -0 0.9533351 0.30191424
vn -0 0.9533351 0.30191424
vn -0 0.9533351 0.30191424
vn -0.9999162 -0.012347034 -0.0039101653
vn -0.9999162 -0.012347034 -0.0039101653
vn -0.9999162 -0.012347034 -0.0039101653
vn -0.9999162 -0.012347034 -0.0039101653
vn -0 0.9533351 0.30191442
vn -0 0.9533351 0.30191442
vn -0 0.9533351 0.30191442
vn -0 0.9533351 0.30191442
vn -0 0.9533351 0.3019143
vn -0 0.9533351 0.3019143
vn -0 0.9533351 0.3019143
vn -0 0.9533351 0.3019143
vn -0 0.9533351 0.3019143
vn -0 0.9533351 0.3019143
vn -0 0.9533351 0.3019143
vn -0 0.9533351 0.3019143
vn -0 0.9533351 0.30191436
vn -0 0.9533351 0.30191436
vn -0 0.9533351 0.30191436
vn -0 0.9533351 0.30191436
vn -0 0.9533351 0.30191445
vn -0 0.9533351 0.30191445
vn -0 0.9533351 0.30191445
vn -0 0.9533351 0.30191445
vn -0 0.9533351 0.3019143
vn -0 0.9533351 0.3019143
vn -0 0.9533351 0.3019143
vn -0 0.9533351 0.3019143
vn -0 0.9533351 0.30191445
vn -0 0.9533351 0.30191445
vn -0 0.9533351 0.30191445
vn -0 0.9533351 0.30191445
vn -0 0.9533351 0.30191448
vn -0 0.9533351 0.30191448
vn -0 0.9533351 0.30191448
vn -0 0.9533351 0.30191448
vn -0 -0.953335 -0.30191466
vn -0 -0.953335 -0.30191466
vn -0 -0.953335 -0.30191466
vn -0 -0.953335 -0.30191466
vn -0 -0.953335 -0.30191466
vn -0 -0.953335 -0.30191466
vn -0 -0.953335 -0.30191466
vn -0 -0.953335 -0.30191466
vn -0 -0.953335 -0.30191466
vn -0 -0.953335 -0.30191466
vn -0 -0.953335 -0.30191466
vn -0 -0.953335 -0.30191466
vn -0 -0.12071129 0.9926877
vn -0 -0.12071129 0.9926877
vn -0 -0.12071129 0.9926877
vn -0 -0.12071129 0.9926877
vn -0 -0.12071034 0.9926878
vn -0 -0.12071034 0.9926878
vn -0 -0.12071034 0.9926878
vn -0 -0.12071034 0.9926878
vn -0 -0.12071132 0.9926877
vn -0 -0.12071132 0.9926877
vn -0 -0.12071132 0.9926877
vn -0 -0.12071132 0.9926877
vn -0 -0.12071033 0.9926878
vn -0 -0.12071033 0.9926878
vn -0 -0.12071033 0.9926878
vn -0 -0.12071033 0.9926878
vn -0 -0.12071034 0.9926878
vn -0 -0.12071034 0.9926878
vn -0 -0.12071034 0.9926878
vn -0 -0.12071034 0.9926878
vn -0 -0.12071036 0.9926878
vn -0 -0.12071036 0.9926878
vn -0 -0.12071036 0.9926878
vn -0 -0.12071036 0.9926878
vn -0 -0.12071129 0.9926877
vn -0 -0.12071129 0.9926877
vn -0 -0.12071129 0.9926877
vn -0 -0.12071129 0.9926877
vn -0 -0.12071034 0.9926878
vn -0 -0.12071034 0.9926878
vn -0 -0.12071034 0.9926878
vn -0 -0.12071034 0.9926878
vn 0.6546472 -0.5777321 0.48750672
vn 0.4910846 -0.48228922 0.7254192
vn 0.3511924 -0.8990332 0.2615401
vn 0.08945667 -0.9937605 0.0666136
vn -0.21906856 -0.84263486 0.49190986
vn 0.08443851 -0.7560796 0.6490098
vn 0.8730524 -0.090784594 0.47910076
vn 0.97474706 -0.19549203 0.10794012
vn 0.83570385 -0.4822898 0.26267007
vn 0.835703 0.48229107 0.26267034
vn 0.5381074 -0.16296622 0.82697195
vn 0.39414898 0.8709106 0.29353273
vn 0.7958061 -0.12429642 0.59265757
vn 0.12251452 0.7571127 0.6416934
vn -0.090206355 -0.06890544 0.99353653
vn -0.19521677 0.8558935 0.47889122
vn -0.45690006 0.054502722 0.88784677
vn -0.56065315 0.13401131 0.8171347
vn 0.07936509 0.9950918 0.05910562
vn 0.39997634 0.8567947 -0.32545623
vn 0.649853 0.75714797 -0.06646834
vn 0.029772736 0.99934703 0.02047373
vn -0.22761793 0.879568 0.41779205
vn -0.24816579 0.8879585 0.3872253
vn -0.26571447 0.8955937 0.35680202
vn -0.59254116 0.12582335 0.7956528
vn -0.69796926 0.1000057 0.7091105
vn 0.7582545 0.05607956 -0.6495422
vn 0.33823976 0.8754631 -0.34519285
vn 0.92511386 -0.071895495 -0.37282068
vn 0.94681865 -0.16155785 0.27826878
vn 0.30174553 0.888075 -0.34680334
vn 0.6222779 0.1344819 -0.7711581
vn 0.029896256 0.9993401 0.020630086
vn 0.017130027 0.9997719 0.012758069
vn 0.5925729 0.12580106 -0.7956327
vn 0.26574668 0.895582 -0.35680738
vn 0.20243378 0.8749587 -0.43984973
vn 0.47998634 0.0998681 -0.8715729
vn 0.08407805 -0.06686686 -0.99421316
vn 0.2657311 0.89559495 -0.35678664
vn -0 1 0
vn -0.12118174 0.7644814 -0.63315326
vn -0.54441273 -0.16975775 -0.82146037
vn -0.055542476 0.9976246 -0.040746197
vn -0.36043498 0.8757704 0.32111186
vn -0.3891282 0.8746605 -0.2890474
vn -0.7958317 -0.124061264 -0.5926726
vn -0.6402408 0.76534384 0.06588251
vn -0.94398975 -0.16596632 -0.28519928
vn -0.9278616 -0.067372814 0.36678857
vn -0.26570258 0.8956027 0.35678852
vn 5.8423814E-07 1 0
vn -1.7674434E-07 1 1.5710607E-07
vn 0.7958061 -0.12429642 0.59265757
vn 0.39414898 0.8709106 0.29353273
vn 0.94681865 -0.16155785 0.27826878
vn 5.8423814E-07 1 0
vn 0.2657311 0.89559495 -0.35678664
vn 0.26574668 0.895582 -0.35680738
vn -0 1 0
vn -0.26570258 0.8956027 0.35678852
vn -0.36043498 0.8757704 0.32111186
vn 0.017130027 0.9997719 0.012758069
vn -0.24816579 0.8879585 0.3872253
vn -0.26571447 0.8955937 0.35680202
vn -1.7674434E-07 1 1.5710607E-07
vn 0.26574668 0.895582 -0.35680738
vn 0.30174553 0.888075 -0.34680334
vn 0.029772736 0.99934703 0.02047373
vn 0.33823976 0.8754631 -0.34519285
vn 0.39997634 0.8567947 -0.32545623
vn 0.029896256 0.9993401 0.020630086
vn -0.22761793 0.879568 0.41779205
vn -0.24816579 0.8879585 0.3872253
vn 0.23247997 0.9570672 0.17313388
vn 0.23247997 0.9570672 0.17313388
vn 0.23247997 0.9570672 0.17313388
vn 0.23247997 0.9570672 0.17313388
vn 0.23247997 0.9570672 0.17313388
vn 0.23247997 0.9570672 0.17313388
vn 0.23247997 0.9570672 0.17313388
vn 0.23247997 0.9570672 0.17313388
vn 0.23247997 0.9570672 0.17313388
vn 0.23247997 0.9570672 0.17313388
vn -0.23248118 -0.95706713 -0.17313282
vn -0.23248118 -0.95706713 -0.17313282
vn -0.23248118 -0.95706713 -0.17313282
vn -0.23248118 -0.95706713 -0.17313282
vn -0.23248118 -0.95706713 -0.17313282
vn -0.23248118 -0.95706713 -0.17313282
vn -0.23248118 -0.95706713 -0.17313282
vn -0.23248118 -0.95706713 -0.17313282
vn -0.23248118 -0.95706713 -0.17313282
vn -0.23248118 -0.95706713 -0.17313282
vn -0.5333023 0 -0.8459247
vn -0.5333023 0 -0.8459247
vn -0.5333023 0 -0.8459247
vn -0.5333023 0 -0.8459247
vn 0.99759185 0 -0.06935697
vn 0.99759185 0 -0.06935697
vn 0.99759185 0 -0.06935697
vn 0.99759185 0 -0.06935697
vn 0.15704472 0 -0.9875915
vn 0.15704472 0 -0.9875915
vn 0.15704472 0 -0.9875915
vn 0.15704472 0 -0.9875915
vn -0.54963595 0 0.83540434
vn -0.54963595 0 0.83540434
vn -0.54963595 0 0.83540434
vn -0.54963595 0 0.83540434
vn 0.8957999 0 0.44445756
vn 0.8957999 0 0.44445756
vn 0.8957999 0 0.44445756
vn 0.8957999 0 0.44445756
vn 0.682315 0 0.73105836
vn 0.682315 0 0.73105836
vn 0.682315 0 0.73105836
vn 0.682315 0 0.73105836
vn -0.9011441 0 0.43351963
vn -0.9011441 0 0.43351963
vn -0.9011441 0 0.43351963
vn -0.9011441 0 0.43351963
vn 0.6429826 0 -0.7658809
vn 0.6429826 0 -0.7658809
vn 0.6429826 0 -0.7658809
vn 0.6429826 0 -0.7658809
vn 0.21899456 0 0.97572607
vn 0.21899456 0 0.97572607
vn 0.21899456 0 0.97572607
vn 0.21899456 0 0.97572607
vn -0.96330464 0 -0.2684106
vn -0.96330464 0 -0.2684106
vn -0.96330464 0 -0.2684106
vn -0.96330464 0 -0.2684106
vn -0 -1 -2.122606E-07
vn -0 -1 -2.122606E-07
vn -0 -1 -2.122606E-07
vn -0 -1 -2.122606E-07
vn -0 -1 -2.122606E-07
vn -0 -1 -2.122606E-07
vn -0 -1 -2.122606E-07
vn -0 -1 -2.122606E-07
vn -1.3198222E-07 1 2.8777936E-07
vn -1.3198222E-07 1 2.8777936E-07
vn -1.3198222E-07 1 2.8777936E-07
vn -1.3198222E-07 1 2.8777936E-07
vn -1.3198222E-07 1 2.8777936E-07
vn -1.3198222E-07 1 2.8777936E-07
vn -1.3198222E-07 1 2.8777936E-07
vn -1.3198222E-07 1 2.8777936E-07
vn 0.8912058 -0.4535992 7.4112995E-07
vn 0.8912058 -0.4535992 7.4112995E-07
vn 0.8912058 -0.4535992 7.4112995E-07
vn 0.8912058 -0.4535992 7.4112995E-07
vn -0.58258605 -0.566735 0.58258474
vn -0.58258605 -0.566735 0.58258474
vn -0.58258605 -0.566735 0.58258474
vn -0.58258605 -0.566735 0.58258474
vn -0 -0.45359945 -0.89120567
vn -0 -0.45359945 -0.89120567
vn -0 -0.45359945 -0.89120567
vn -0 -0.45359945 -0.89120567
vn -0.5825858 -0.56673455 -0.58258545
vn -0.5825858 -0.56673455 -0.58258545
vn -0.5825858 -0.56673455 -0.58258545
vn -0.5825858 -0.56673455 -0.58258545
vn 2.897575E-07 -0.4535997 0.8912055
vn 2.897575E-07 -0.4535997 0.8912055
vn 2.897575E-07 -0.4535997 0.8912055
vn 2.897575E-07 -0.4535997 0.8912055
vn 0.5825822 -0.5667341 -0.58258945
vn 0.5825822 -0.5667341 -0.58258945
vn 0.5825822 -0.5667341 -0.58258945
vn 0.5825822 -0.5667341 -0.58258945
vn 0.5825848 -0.566735 0.58258593
vn 0.5825848 -0.566735 0.58258593
vn 0.5825848 -0.566735 0.58258593
vn 0.5825848 -0.566735 0.58258593
vn -0.891205 -0.45360067 0
vn -0.891205 -0.45360067 0
vn -0.891205 -0.45360067 0
vn -0.891205 -0.45360067 0
vn -0 -1 0
vn -0 -1 0
vn -0 -1 0
vn -0 -1 0
vn -0 -1 0
vn -0 -1 0
vn -0 -1 0
vn -0 -1 0
vn -0 -1 0
vn -0 -1 0
vn -8.2871856E-07 1 0
vn -8.2871856E-07 1 0
vn -8.2871856E-07 1 0
vn -8.2871856E-07 1 0
vn -8.2871856E-07 1 0
vn -8.2871856E-07 1 0
vn -8.2871856E-07 1 0
vn -8.2871856E-07 1 0
vn -8.2871856E-07 1 0
vn -8.2871856E-07 1 0
vn 0.13584463 -0.9761779 0.16918339
vn -0.94398975 -0.16596632 -0.28519928
vn -0.9278616 -0.067372814 0.36678857
vn -0.69796926 0.1000057 0.7091105
vn 0.3045202 -0.9525016 -0.002858233
vn -0.021090625 -0.9979163 0.060977038
vn 0.087010354 -0.9940957 0.06483026
vn -0.59254116 0.12582335 0.7956528
vn -0.7958317 -0.124061264 -0.5926726
vn -0.0042374134 -0.9999747 0.005721211
vn 0.09705863 -0.9480816 0.30285472
vn -0.56065315 0.13401131 0.8171347
vn -0.54441273 -0.16975775 -0.82146037
vn -0.08151635 -0.99274784 0.08835559
vn 0.20033261 -0.97590804 0.08643076
vn -0.45690006 0.054502722 0.88784677
vn 0.08407805 -0.06686686 -0.99421316
vn -0.069466256 -0.9972072 0.027425943
vn 0.052366395 -0.99791664 -0.03768378
vn -0.090206355 -0.06890544 0.99353653
vn 0.47998634 0.0998681 -0.8715729
vn -0.16085084 -0.9843515 -0.07196619
vn 0.004152775 -0.99997497 -0.005735874
vn 0.5381074 -0.16296622 0.82697195
vn 0.5925729 0.12580106 -0.7956327
vn -0.06957799 -0.958513 -0.27642673
vn 0.06125609 -0.9927569 -0.1033516
vn 0.7958061 -0.12429642 0.59265757
vn 0.6222779 0.1344819 -0.7711581
vn -0.09208646 -0.9933844 -0.06861045
vn -0.053542107 -0.97852635 -0.19904643
vn 0.94681865 -0.16155785 0.27826878
vn 0.7582545 0.05607956 -0.6495422
vn -0.2848256 -0.9584965 0.012602375
vn -0.13098516 -0.9834282 -0.12534714
vn 0.92511386 -0.071895495 -0.37282068
vn -0.9917459 -0.12821959 1.3280616E-07
vn -0.65936404 0.36121842 0.65936357
vn -0.7012702 -0.12822026 0.70127
vn -0.41021207 -0.814526 0.41021132
vn -0.58012676 -0.8145262 4.2158467E-07
vn 0.41021147 -0.8145263 0.41021153
vn 1.4463777E-07 -0.8145262 0.5801269
vn -0 -0.12822074 0.99174565
vn 0.7012701 -0.12821989 0.70127016
vn 0.5801266 -0.8145263 4.456755E-07
vn 0.65936357 0.3612179 0.6593642
vn 1.0569366E-07 0.3612181 0.93248135
vn 2.1599963E-07 0.49170327 0.8707628
vn 0.6157231 0.49170175 0.6157227
vn -0.61572313 0.49170274 0.615722
vn 0.8707635 0.491702 -4.6799929E-07
vn -0.93248117 0.36121854 3.2764999E-07
vn -0.8707634 0.49170232 -3.7799936E-07
vn 0.9324813 0.3612184 2.7480345E-07
vn 0.61572254 0.4917011 -0.6157237
vn -0.7012704 -0.12822017 -0.70126987
vn -0.6593639 0.36121818 -0.65936375
vn -0.61572266 0.4917022 -0.6157229
vn 0.99174577 -0.12821998 1.6902602E-07
vn 0.6593636 0.36121765 -0.6593643
vn -0 0.49170128 -0.87076396
vn 2.1667181E-07 0.36121774 -0.93248147
vn -0.41021255 -0.81452596 -0.41021115
vn 2.4146587E-07 -0.12822059 -0.99174577
vn 0.7012704 -0.12822045 -0.70126975
vn 0.41021156 -0.81452656 -0.41021076
vn -0 -0.8145263 -0.5801266
vn -0.024756525 -0.101911 0.99448544
vn -0.0010313382 -0.097669914 0.99521834
vn 0.003228143 -0.09581288 0.9953941
vn -0.0011158204 -0.09766995 0.9952182
vn -0.0010313382 -0.097669914 0.99521834
vn -0.0011158204 -0.09766995 0.9952182
vn -0.013609815 -0.082541525 0.9964947
vn -0.0015549461 -0.09770344 0.99521434
vn -0.01997328 -0.08586199 0.9961068
vn 0.0031199194 -0.09353381 0.99561125
vn 0.0010313764 -0.09766978 0.99521834
vn 0.0011157615 -0.097669914 0.9952182
vn 0.0010313764 -0.09766978 0.99521834
vn 0.0011157615 -0.097669914 0.9952182
vn -0.0024638958 -0.11658521 0.99317765
vn 0.001554957 -0.097702846 0.99521434
vn 0.92124164 0 0.3889907
vn 0.92124164 0 0.3889907
vn 0.97394276 0 -0.22679384
vn 0.97394276 0 -0.22679384
vn 0.51665735 0 0.8561923
vn 0.6546301 0 -0.7559493
vn 0.51665735 0 0.8561923
vn 0.6546301 0 -0.7559493
vn -0.085271806 0 0.99635774
vn 0.085271634 0 -0.99635774
vn -0.085271806 0 0.99635774
vn 0.085271634 0 -0.99635774
vn -0.6546302 0 0.75594926
vn -0.5166577 0 -0.8561921
vn -0.6546302 0 0.75594926
vn -0.5166577 0 -0.8561921
vn -0.97394276 0 0.22679412
vn -0.9212418 0 -0.38899028
vn -0.97394276 0 0.22679412
vn -0.9212418 0 -0.38899034
vn -0 1 0
vn -0 1 0
vn -1.821085E-06 1 0
vn -1.821085E-06 1 0
vn -0 1 0
vn 4.552712E-07 1 0
vn -0 1 0
vn 4.552712E-07 1 0
vn -0 1 0
vn 4.552712E-07 1 0
vn -0 1 0
vn 4.552712E-07 1 0
vn -9.105395E-07 1 0
vn -0 1 0
vn -9.105395E-07 1 0
vn -0 1 0
vn 3.642167E-06 1 0
vn 3.642167E-06 1 0
vn 3.642167E-06 1 0
vn 3.642167E-06 1 0
vn 0.92124176 0 0.38899055
vn 0.92124176 0 0.38899055
vn 0.97394276 0 -0.22679394
vn 0.97394276 0 -0.22679394
vn 0.51665735 0 0.8561923
vn 0.6546303 0 -0.75594914
vn 0.51665735 0 0.8561923
vn 0.6546303 0 -0.75594914
vn -0.08527163 0 0.99635774
vn 0.08527185 0 -0.99635774
vn -0.08527163 0 0.99635774
vn 0.08527185 0 -0.99635774
vn -0.6546301 0 0.7559493
vn -0.5166577 0 -0.8561921
vn -0.6546301 0 0.7559493
vn -0.5166577 0 -0.8561921
vn -0.97394276 0 0.22679406
vn -0.9212418 0 -0.3889903
vn -0.97394276 0 0.22679406
vn -0.9212418 0 -0.3889903
vn 1.8210852E-06 1 0
vn 1.8210852E-06 1 0
vn 9.105425E-07 1 0
vn 9.105425E-07 1 0
vn -0 1 0
vn -4.5527136E-07 1 0
vn -0 1 0
vn -4.5527136E-07 1 0
vn -0 1 0
vn -4.5527136E-07 1 0
vn -0 1 0
vn -4.5527136E-07 1 0
vn 4.5527005E-07 1 0
vn -3.6421704E-06 1 0
vn 4.5527005E-07 1 0
vn -3.6421704E-06 1 0
vn -1.8210832E-06 1 0
vn -1.8210832E-06 1 0
vn -1.8210832E-06 1 0
vn -1.8210832E-06 1 0
vn -0.9914187 -0.13072455 0
vn -0.99643373 -0.08437923 1.668675E-06
vn -0.99643373 -0.08437923 1.668675E-06
vn -0.9914187 -0.13072455 0
vn -0.99643373 -0.08437923 1.668675E-06
vn -0.9914187 -0.130725 1.06376284E-07
vn -0.99643373 -0.08437923 1.668675E-06
vn -0.9914187 -0.130725 1.06376284E-07
vn 0.9914187 -0.13072468 0
vn 0.99643373 -0.08437919 -6.6747E-07
vn 0.99643373 -0.08437919 -6.6747E-07
vn 0.9914187 -0.13072468 0
vn 0.99643373 -0.08437919 -6.6747E-07
vn 0.99141884 -0.13072409 -2.1275267E-07
vn 0.99643373 -0.08437919 -6.6747E-07
vn 0.99141884 -0.13072409 -2.1275267E-07
vn 1 0 -4.3125533E-07
vn 0.70710653 0 -0.707107
vn 0.70710653 0 -0.707107
vn 1 0 -4.3125533E-07
vn 2.2589558E-07 0 -1
vn 0.70710653 0 0.707107
vn 2.2589558E-07 0 -1
vn 0.70710653 0 0.707107
vn -0.70710635 0 -0.7071071
vn 2.2589553E-07 0 1
vn -0.70710635 0 -0.7071071
vn 2.2589553E-07 0 1
vn -1 0 -4.3125533E-07
vn -0.70710635 0 0.7071072
vn -1 0 -4.3125533E-07
vn -0.70710635 0 0.7071072
vn -1 0 -4.3125513E-07
vn -0.7071069 0 -0.70710665
vn -1 0 -4.3125513E-07
vn -0.7071069 0 -0.70710665
vn -0.7071068 0 0.70710665
vn -2.2589558E-07 0 -1
vn -0.7071068 0 0.70710665
vn -2.2589558E-07 0 -1
vn -2.2589553E-07 0 1
vn 0.70710635 0 -0.7071071
vn -2.2589553E-07 0 1
vn 0.70710635 0 -0.7071071
vn 0.70710635 0 0.7071072
vn 1 0 -4.3125533E-07
vn 0.70710635 0 0.7071072
vn 1 0 -4.3125533E-07
vn -0 -0.08730011 -0.996182
vn -0 -0.08730011 -0.996182
vn 5.7853856E-07 -0.07069297 -0.9974981
vn 5.7853856E-07 -0.07069297 -0.9974981
vn -0 -0.08730119 -0.99618196
vn 5.7853856E-07 -0.07069297 -0.9974981
vn -0 -0.08730119 -0.99618196
vn 5.7853856E-07 -0.07069297 -0.9974981
vn -0 -0.0872992 -0.99618214
vn -0 -0.0872992 -0.99618214
vn 5.7853816E-07 -0.070692934 -0.9974981
vn 5.7853816E-07 -0.070692934 -0.9974981
vn -0 -0.08730022 -0.996182
vn 5.7853816E-07 -0.070692934 -0.9974981
vn -0 -0.08730022 -0.996182
vn 5.7853816E-07 -0.070692934 -0.9974981
vn -0 -0.08729944 -0.99618214
vn -5.7853856E-07 -0.07069297 -0.9974981
vn -5.7853856E-07 -0.07069297 -0.9974981
vn -0 -0.08729944 -0.99618214
vn -5.7853856E-07 -0.07069297 -0.9974981
vn -0 -0.08730121 -0.99618196
vn -5.7853856E-07 -0.07069297 -0.9974981
vn -0 -0.08730121 -0.99618196
vn -0.99618196 -0.08730105 0
vn -0.99618196 -0.08730105 0
vn -0.9974981 -0.0706929 3.0855365E-06
vn -0.9974981 -0.0706929 3.0855365E-06
vn -0.9961826 -0.087294124 0
vn -0.9974981 -0.0706929 3.0855365E-06
vn -0.9961826 -0.087294124 0
vn -0.9974981 -0.0706929 3.0855365E-06
vn -0.99618196 -0.08730104 0
vn -0.99618196 -0.08730104 0
vn -0.9974981 -0.070693605 7.713844E-07
vn -0.9974981 -0.070693605 7.713844E-07
vn -0.99618226 -0.08729753 -9.874914E-07
vn -0.9974981 -0.070693605 7.713844E-07
vn -0.99618226 -0.08729753 -9.874914E-07
vn -0.9974981 -0.070693605 7.713844E-07
vn -0.99618196 -0.08730113 0
vn -0.9974981 -0.070693605 -7.713844E-07
vn -0.9974981 -0.070693605 -7.713844E-07
vn -0.99618196 -0.08730113 0
vn -0.9974981 -0.070693605 -7.713844E-07
vn -0.99618196 -0.08730124 0
vn -0.9974981 -0.070693605 -7.713844E-07
vn -0.99618196 -0.08730124 0
vn 0.996182 -0.08729991 0
vn 0.9974981 -0.0706927 1.9284604E-07
vn 0.9974981 -0.0706927 1.9284604E-07
vn 0.996182 -0.08729991 0
vn 0.9974981 -0.0706927 1.9284604E-07
vn 0.99618226 -0.08729698 0
vn 0.9974981 -0.0706927 1.9284604E-07
vn 0.99618226 -0.08729698 0
vn 0.99618214 -0.087299615 0
vn 0.9974981 -0.070693 3.856922E-07
vn 0.9974981 -0.070693 3.856922E-07
vn 0.99618214 -0.087299615 0
vn 0.9974981 -0.070693 3.856922E-07
vn 0.99618214 -0.08729869 -2.4687319E-07
vn 0.9974981 -0.070693 3.856922E-07
vn 0.99618214 -0.08729869 -2.4687319E-07
vn 0.996182 -0.087300144 0
vn 0.996182 -0.087300144 0
vn 0.9974981 -0.070693 0
vn 0.9974981 -0.070693 0
vn 0.996182 -0.08730018 0
vn 0.9974981 -0.070693 0
vn 0.996182 -0.08730018 0
vn 0.9974981 -0.070693 0
vn -0 -0.08729986 0.996182
vn -5.0622106E-07 -0.07069276 0.9974981
vn -5.0622106E-07 -0.07069276 0.9974981
vn -0 -0.08729986 0.996182
vn -5.0622106E-07 -0.07069276 0.9974981
vn -0 -0.087298475 0.99618214
vn -5.0622106E-07 -0.07069276 0.9974981
vn -0 -0.087298475 0.99618214
vn -0 -0.08729942 0.99618214
vn -5.062209E-07 -0.070692934 0.9974981
vn -5.062209E-07 -0.070692934 0.9974981
vn -0 -0.08729942 0.99618214
vn -5.062209E-07 -0.070692934 0.9974981
vn -0 -0.087299496 0.99618214
vn -5.062209E-07 -0.070692934 0.9974981
vn -0 -0.087299496 0.99618214
vn -0 -0.08730012 0.996182
vn -0 -0.08730012 0.996182
vn 4.821153E-07 -0.070692755 0.9974981
vn 4.821153E-07 -0.070692755 0.9974981
vn -0 -0.087299235 0.99618214
vn 4.821153E-07 -0.070692755 0.9974981
vn -0 -0.087299235 0.99618214
vn 4.821153E-07 -0.070692755 0.9974981
vn 3.5603866E-06 1 0
vn 3.5603866E-06 1 0
vn 3.5603898E-06 1 0
vn 3.5603898E-06 1 0
vn -1.780199E-06 1 0
vn -3.5603857E-06 1 0
vn -1.780199E-06 1 0
vn -3.5603857E-06 1 0
vn -1.780199E-06 1 0
vn 1.7801982E-06 1 0
vn -1.780199E-06 1 0
vn 1.7801982E-06 1 0
vn -0 1 0
vn -8.900991E-07 1 0
vn -0 1 0
vn -8.900991E-07 1 0
vn -0 1 0
vn -0 1 0
vn -0 1 0
vn -0 1 0
vn 0.59627044 0.058327183 -0.80066186
vn 0.59627044 0.058326863 -0.8006619
vn 0.2800265 0.88328815 -0.3760148
vn 0.28002656 0.8832881 -0.376015
vn 0.51809555 -0.49758747 -0.69568944
vn 5.1511313E-07 1 0
vn 0.51809555 -0.49758753 -0.6956894
vn 4.7623664E-07 1 0
vn 0.40835765 -0.72977585 -0.54833496
vn -0.28002638 0.88328826 0.37601474
vn 0.40835765 -0.72977585 -0.54833496
vn -0.28002638 0.88328826 0.3760148
vn 4.2432322E-07 -1 0
vn -0.59627175 0.058327634 0.80066097
vn 4.8353115E-07 -1 -1.4801974E-07
vn -0.59627175 0.05832765 0.80066097
vn -0.40835688 -0.7297765 0.5483346
vn -0.5180962 -0.49758732 0.695689
vn -0.40835702 -0.7297763 0.5483348
vn -0.51809627 -0.49758723 0.69568896
vn -3.5603873E-06 1 0
vn -3.5603873E-06 1 0
vn -0 1 0
vn -0 1 0
vn 1.7801973E-06 1 0
vn -0 1 0
vn 1.7801973E-06 1 0
vn -0 1 0
vn 1.7801973E-06 1 0
vn -0 1 0
vn 1.7801973E-06 1 0
vn -0 1 0
vn 3.5603903E-06 1 0
vn 8.900995E-07 1 0
vn 3.5603903E-06 1 0
vn 8.900995E-07 1 0
vn 3.5603862E-06 1 0
vn 3.5603862E-06 1 0
vn 3.5603862E-06 1 0
vn 3.5603862E-06 1 0
g Sushi_0
f 3/3/3 2/2/2 1/1/1
f 6/6/6 5/5/5 4/4/4
f 9/9/9 8/8/8 7/7/7
f 9/9/9 11/11/11 10/10/10
f 11/11/11 12/12/12 10/10/10
f 11/11/11 13/13/13 12/12/12
f 13/13/13 14/14/14 12/12/12
f 14/14/14 13/13/13 15/15/15
f 13/13/13 16/16/16 15/15/15
f 13/13/13 17/17/17 16/16/16
f 17/17/17 13/13/13 18/18/18
f 19/19/19 17/17/17 18/18/18
f 19/19/19 18/18/18 20/20/20
f 21/21/21 19/19/19 20/20/20
f 21/21/21 20/20/20 22/22/22
f 23/23/23 19/19/19 21/21/21
f 24/24/24 23/23/23 21/21/21
f 25/25/25 23/23/23 24/24/24
f 26/26/26 25/25/25 24/24/24
f 23/23/23 27/27/27 19/19/19
f 27/27/27 17/17/17 19/19/19
f 17/17/17 27/27/27 28/28/28
f 17/17/17 28/28/28 16/16/16
f 27/27/27 29/29/29 28/28/28
f 16/16/16 30/30/30 15/15/15
f 30/30/30 31/31/31 15/15/15
f 30/30/30 32/32/32 31/31/31
f 32/32/32 33/33/33 31/31/31
f 28/28/28 34/34/34 16/16/16
f 34/34/34 35/35/35 16/16/16
f 29/29/29 36/36/36 28/28/28
f 36/36/36 34/34/34 28/28/28
f 34/34/34 37/37/37 35/35/35
f 37/37/37 38/38/38 35/35/35
f 39/39/39 37/37/37 34/34/34
f 36/36/36 39/39/39 34/34/34
f 39/39/39 40/40/40 37/37/37
f 41/41/41 39/39/39 36/36/36
f 42/42/42 36/36/36 29/29/29
f 42/42/42 41/41/41 36/36/36
f 43/43/43 42/42/42 29/29/29
f 43/43/43 29/29/29 44/44/44
f 45/45/45 41/41/41 42/42/42
f 45/45/45 46/46/46 41/41/41
f 47/47/47 45/45/45 42/42/42
f 47/47/47 42/42/42 43/43/43
f 48/48/48 45/45/45 47/47/47
f 49/49/49 48/48/48 47/47/47
f 49/49/49 47/47/47 50/50/50
f 50/50/50 47/47/47 43/43/43
f 51/51/51 49/49/49 50/50/50
f 52/52/52 43/43/43 44/44/44
f 52/52/52 44/44/44 53/53/53
f 54/54/54 52/52/52 53/53/53
f 55/55/55 50/50/50 43/43/43
f 56/56/56 55/55/55 43/43/43
f 55/55/55 56/56/56 57/57/57
f 55/55/55 58/58/58 50/50/50
f 58/58/58 51/51/51 50/50/50
f 59/59/59 55/55/55 57/57/57
f 58/58/58 55/55/55 59/59/59
f 59/59/59 57/57/57 60/60/60
f 61/61/61 59/59/59 60/60/60
f 61/61/61 60/60/60 62/62/62
f 63/63/63 59/59/59 61/61/61
f 63/63/63 58/58/58 59/59/59
f 64/64/64 63/63/63 61/61/61
f 58/58/58 65/65/65 51/51/51
f 65/65/65 58/58/58 66/66/66
f 67/67/67 65/65/65 66/66/66
f 67/67/67 66/66/66 68/68/68
f 69/69/69 67/67/67 68/68/68
f 70/70/70 67/67/67 69/69/69
f 71/71/71 70/70/70 69/69/69
f 72/72/72 65/65/65 67/67/67
f 70/70/70 72/72/72 67/67/67
f 73/73/73 72/72/72 70/70/70
f 74/74/74 73/73/73 70/70/70
f 74/74/74 70/70/70 71/71/71
f 75/75/75 74/74/74 71/71/71
f 75/75/75 71/71/71 76/76/76
f 65/65/65 72/72/72 77/77/77
f 65/65/65 77/77/77 51/51/51
f 72/72/72 78/78/78 77/77/77
f 78/78/78 79/79/79 77/77/77
f 77/77/77 80/80/80 51/51/51
f 80/80/80 81/81/81 51/51/51
f 80/80/80 82/82/82 81/81/81
f 82/82/82 83/83/83 81/81/81
f 79/79/79 84/84/84 77/77/77
f 79/79/79 85/85/85 84/84/84
f 85/85/85 86/86/86 84/84/84
f 87/87/87 85/85/85 79/79/79
f 87/87/87 88/88/88 85/85/85
f 89/89/89 87/87/87 79/79/79
f 90/90/90 87/87/87 89/89/89
f 90/90/90 40/40/40 87/87/87
f 91/91/91 90/90/90 89/89/89
f 91/91/91 89/89/89 92/92/92
f 15/15/15 91/91/91 92/92/92
f 89/89/89 94/94/94 93/93/93
f 95/95/95 89/89/89 93/93/93
f 98/98/98 97/97/97 96/96/96
f 101/101/101 100/100/100 99/99/99
f 104/104/104 103/103/103 102/102/102
f 107/107/107 106/106/106 105/105/105
f 110/110/110 109/109/109 108/108/108
f 113/113/113 112/112/112 111/111/111
f 116/116/116 115/115/115 114/114/114
f 119/119/119 118/118/118 117/117/117
f 120/120/120 119/119/119 117/117/117
f 123/123/123 122/122/122 121/121/121
f 124/124/124 123/123/123 121/121/121
f 127/127/127 126/126/126 125/125/125
f 128/128/128 127/127/127 125/125/125
f 131/131/131 130/130/130 129/129/129
f 132/132/132 131/131/131 129/129/129
f 135/135/135 134/134/134 133/133/133
f 136/136/136 135/135/135 133/133/133
f 139/139/139 138/138/138 137/137/137
f 140/140/140 139/139/139 137/137/137
f 143/143/143 142/142/142 141/141/141
f 144/144/144 143/143/143 141/141/141
f 147/147/147 146/146/146 145/145/145
f 145/145/145 148/148/148 147/147/147
f 145/145/145 149/149/149 148/148/148
f 149/149/149 150/150/150 148/148/148
f 149/149/149 151/151/151 150/150/150
f 151/151/151 152/152/152 150/150/150
f 155/155/155 154/154/154 153/153/153
f 153/153/153 156/156/156 155/155/155
f 153/153/153 157/157/157 156/156/156
f 157/157/157 158/158/158 156/156/156
f 157/157/157 159/159/159 158/158/158
f 159/159/159 160/160/160 158/158/158
f 163/163/163 162/162/162 161/161/161
f 164/164/164 163/163/163 161/161/161
f 167/167/167 166/166/166 165/165/165
f 168/168/168 167/167/167 165/165/165
f 171/171/171 170/170/170 169/169/169
f 169/169/169 172/172/172 171/171/171
f 169/169/169 173/173/173 172/172/172
f 173/173/173 174/174/174 172/172/172
f 173/173/173 175/175/175 174/174/174
f 175/175/175 176/176/176 174/174/174
f 179/179/179 178/178/178 177/177/177
f 180/180/180 179/179/179 177/177/177
f 183/183/183 182/182/182 181/181/181
f 184/184/184 183/183/183 181/181/181
f 187/187/187 186/186/186 185/185/185
f 188/188/188 187/187/187 185/185/185
f 191/191/191 190/190/190 189/189/189
f 192/192/192 191/191/191 189/189/189
f 195/195/195 194/194/194 193/193/193
f 196/196/196 195/195/195 193/193/193
f 199/199/199 198/198/198 197/197/197
f 200/200/200 199/199/199 197/197/197
f 203/203/203 202/202/202 201/201/201
f 204/204/204 203/203/203 201/201/201
f 207/207/207 206/206/206 205/205/205
f 208/208/208 207/207/207 205/205/205
f 211/211/211 210/210/210 209/209/209
f 212/212/212 211/211/211 209/209/209
f 215/215/215 214/214/214 213/213/213
f 216/216/216 215/215/215 213/213/213
f 219/219/219 218/218/218 217/217/217
f 220/220/220 219/219/219 217/217/217
f 223/223/223 222/222/222 221/221/221
f 224/224/224 223/223/223 221/221/221
f 227/227/227 226/226/226 225/225/225
f 228/228/228 227/227/227 225/225/225
f 231/231/231 230/230/230 229/229/229
f 232/232/232 231/231/231 229/229/229
f 235/235/235 234/234/234 233/233/233
f 236/236/236 235/235/235 233/233/233
f 239/239/239 238/238/238 237/237/237
f 240/240/240 239/239/239 237/237/237
f 237/237/237 241/241/241 240/240/240
f 241/241/241 242/242/242 240/240/240
f 242/242/242 241/241/241 243/243/243
f 244/244/244 242/242/242 243/243/243
f 247/247/247 246/246/246 245/245/245
f 246/246/246 248/248/248 245/245/245
f 248/248/248 246/246/246 249/249/249
f 250/250/250 248/248/248 249/249/249
f 249/249/249 251/251/251 250/250/250
f 251/251/251 252/252/252 250/250/250
f 255/255/255 254/254/254 253/253/253
f 256/256/256 255/255/255 253/253/253
f 253/253/253 257/257/257 256/256/256
f 257/257/257 258/258/258 256/256/256
f 258/258/258 257/257/257 259/259/259
f 260/260/260 258/258/258 259/259/259
f 263/263/263 262/262/262 261/261/261
f 264/264/264 263/263/263 261/261/261
f 261/261/261 265/265/265 264/264/264
f 265/265/265 266/266/266 264/264/264
f 266/266/266 265/265/265 267/267/267
f 268/268/268 266/266/266 267/267/267
f 271/271/271 270/270/270 269/269/269
f 272/272/272 271/271/271 269/269/269
f 275/275/275 274/274/274 273/273/273
f 276/276/276 275/275/275 273/273/273
f 279/279/279 278/278/278 277/277/277
f 280/280/280 279/279/279 277/277/277
f 283/283/283 282/282/282 281/281/281
f 284/284/284 283/283/283 281/281/281
f 287/287/287 286/286/286 285/285/285
f 288/288/288 287/287/287 285/285/285
f 291/291/291 290/290/290 289/289/289
f 292/292/292 291/291/291 289/289/289
f 295/295/295 294/294/294 293/293/293
f 296/296/296 295/295/295 293/293/293
f 299/299/299 298/298/298 297/297/297
f 300/300/300 299/299/299 297/297/297
f 303/303/303 302/302/302 301/301/301
f 304/304/304 303/303/303 301/301/301
f 307/307/307 306/306/306 305/305/305
f 308/308/308 307/307/307 305/305/305
f 311/311/311 310/310/310 309/309/309
f 312/312/312 311/311/311 309/309/309
f 315/315/315 314/314/314 313/313/313
f 316/316/316 315/315/315 313/313/313
f 319/319/319 318/318/318 317/317/317
f 320/320/320 319/319/319 317/317/317
f 321/321/321 319/319/319 320/320/320
f 322/322/322 321/321/321 320/320/320
f 323/323/323 321/321/321 322/322/322
f 324/324/324 323/323/323 322/322/322
f 323/323/323 325/325/325 321/321/321
f 325/325/325 326/326/326 321/321/321
f 329/329/329 328/328/328 327/327/327
f 328/328/328 330/330/330 327/327/327
f 327/327/327 330/330/330 331/331/331
f 330/330/330 332/332/332 331/331/331
f 331/331/331 332/332/332 333/333/333
f 332/332/332 334/334/334 333/333/333
f 332/332/332 335/335/335 334/334/334
f 335/335/335 336/336/336 334/334/334
f 339/339/339 338/338/338 337/337/337
f 340/340/340 339/339/339 337/337/337
f 343/343/343 342/342/342 341/341/341
f 344/344/344 343/343/343 341/341/341
f 347/347/347 346/346/346 345/345/345
f 348/348/348 347/347/347 345/345/345
f 351/351/351 350/350/350 349/349/349
f 352/352/352 351/351/351 349/349/349
f 355/355/355 354/354/354 353/353/353
f 356/356/356 355/355/355 353/353/353
f 359/359/359 358/358/358 357/357/357
f 360/360/360 359/359/359 357/357/357
f 363/363/363 362/362/362 361/361/361
f 364/364/364 363/363/363 361/361/361
f 367/367/367 366/366/366 365/365/365
f 368/368/368 367/367/367 365/365/365
f 371/371/371 370/370/370 369/369/369
f 372/372/372 371/371/371 369/369/369
f 375/375/375 374/374/374 373/373/373
f 376/376/376 375/375/375 373/373/373
f 379/379/379 378/378/378 377/377/377
f 380/380/380 379/379/379 377/377/377
f 383/383/383 382/382/382 381/381/381
f 384/384/384 383/383/383 381/381/381
f 387/387/387 386/386/386 385/385/385
f 388/388/388 387/387/387 385/385/385
f 389/389/389 387/387/387 388/388/388
f 390/390/390 389/389/389 388/388/388
f 391/391/391 389/389/389 390/390/390
f 392/392/392 391/391/391 390/390/390
f 393/393/393 391/391/391 392/392/392
f 394/394/394 393/393/393 392/392/392
f 393/393/393 395/395/395 391/391/391
f 395/395/395 396/396/396 391/391/391
f 399/399/399 398/398/398 397/397/397
f 398/398/398 400/400/400 397/397/397
f 397/397/397 400/400/400 401/401/401
f 400/400/400 402/402/402 401/401/401
f 401/401/401 402/402/402 403/403/403
f 402/402/402 404/404/404 403/403/403
f 402/402/402 405/405/405 404/404/404
f 405/405/405 406/406/406 404/404/404
f 409/409/409 408/408/408 407/407/407
f 410/410/410 409/409/409 407/407/407
f 413/413/413 412/412/412 411/411/411
f 414/414/414 413/413/413 411/411/411
f 417/417/417 416/416/416 415/415/415
f 418/418/418 417/417/417 415/415/415
f 421/421/421 420/420/420 419/419/419
f 422/422/422 421/421/421 419/419/419
f 425/425/425 424/424/424 423/423/423
f 426/426/426 425/425/425 423/423/423
f 429/429/429 428/428/428 427/427/427
f 430/430/430 429/429/429 427/427/427
f 433/433/433 432/432/432 431/431/431
f 434/434/434 433/433/433 431/431/431
f 437/437/437 436/436/436 435/435/435
f 438/438/438 437/437/437 435/435/435
f 441/441/441 440/440/440 439/439/439
f 442/442/442 441/441/441 439/439/439
f 445/445/445 444/444/444 443/443/443
f 446/446/446 445/445/445 443/443/443
f 449/449/449 448/448/448 447/447/447
f 450/450/450 449/449/449 447/447/447
f 453/453/453 452/452/452 451/451/451
f 454/454/454 453/453/453 451/451/451
f 457/457/457 456/456/456 455/455/455
f 458/458/458 457/457/457 455/455/455
f 459/459/459 457/457/457 458/458/458
f 460/460/460 459/459/459 458/458/458
f 461/461/461 459/459/459 460/460/460
f 462/462/462 461/461/461 460/460/460
f 461/461/461 463/463/463 459/459/459
f 463/463/463 464/464/464 459/459/459
f 467/467/467 466/466/466 465/465/465
f 466/466/466 468/468/468 465/465/465
f 465/465/465 468/468/468 469/469/469
f 468/468/468 470/470/470 469/469/469
f 469/469/469 470/470/470 471/471/471
f 470/470/470 472/472/472 471/471/471
f 470/470/470 473/473/473 472/472/472
f 473/473/473 474/474/474 472/472/472
f 477/477/477 476/476/476 475/475/475
f 478/478/478 477/477/477 475/475/475
f 481/481/481 480/480/480 479/479/479
f 482/482/482 481/481/481 479/479/479
f 485/485/485 484/484/484 483/483/483
f 486/486/486 485/485/485 483/483/483
f 489/489/489 488/488/488 487/487/487
f 490/490/490 489/489/489 487/487/487
f 493/493/493 492/492/492 491/491/491
f 494/494/494 493/493/493 491/491/491
f 497/497/497 496/496/496 495/495/495
f 498/498/498 497/497/497 495/495/495
f 501/501/501 500/500/500 499/499/499
f 502/502/502 501/501/501 499/499/499
f 505/505/505 504/504/504 503/503/503
f 506/506/506 505/505/505 503/503/503
f 509/509/509 508/508/508 507/507/507
f 510/510/510 509/509/509 507/507/507
f 513/513/513 512/512/512 511/511/511
f 514/514/514 513/513/513 511/511/511
f 517/517/517 516/516/516 515/515/515
f 518/518/518 517/517/517 515/515/515
f 521/521/521 520/520/520 519/519/519
f 522/522/522 521/521/521 519/519/519
f 525/525/525 524/524/524 523/523/523
f 526/526/526 525/525/525 523/523/523
f 527/527/527 525/525/525 526/526/526
f 528/528/528 527/527/527 526/526/526
f 529/529/529 527/527/527 528/528/528
f 530/530/530 529/529/529 528/528/528
f 529/529/529 531/531/531 527/527/527
f 531/531/531 532/532/532 527/527/527
f 535/535/535 534/534/534 533/533/533
f 536/536/536 535/535/535 533/533/533
f 539/539/539 538/538/538 537/537/537
f 538/538/538 540/540/540 537/537/537
f 537/537/537 540/540/540 541/541/541
f 540/540/540 542/542/542 541/541/541
f 541/541/541 542/542/542 543/543/543
f 542/542/542 544/544/544 543/543/543
f 543/543/543 544/544/544 545/545/545
f 544/544/544 546/546/546 545/545/545
f 544/544/544 547/547/547 546/546/546
f 547/547/547 548/548/548 546/546/546
f 551/551/551 550/550/550 549/549/549
f 552/552/552 551/551/551 549/549/549
f 555/555/555 554/554/554 553/553/553
f 556/556/556 555/555/555 553/553/553
f 559/559/559 558/558/558 557/557/557
f 560/560/560 559/559/559 557/557/557
f 563/563/563 562/562/562 561/561/561
f 564/564/564 563/563/563 561/561/561
f 567/567/567 566/566/566 565/565/565
f 568/568/568 567/567/567 565/565/565
f 571/571/571 570/570/570 569/569/569
f 569/569/569 572/572/572 571/571/571
f 569/569/569 573/573/573 572/572/572
f 573/573/573 574/574/574 572/572/572
f 573/573/573 575/575/575 574/574/574
f 573/573/573 576/576/576 575/575/575
f 579/579/579 578/578/578 577/577/577
f 580/580/580 579/579/579 577/577/577
f 583/583/583 582/582/582 581/581/581
f 584/584/584 583/583/583 581/581/581
f 587/587/587 586/586/586 585/585/585
f 588/588/588 587/587/587 585/585/585
f 591/591/591 590/590/590 589/589/589
f 592/592/592 591/591/591 589/589/589
f 595/595/595 594/594/594 593/593/593
f 596/596/596 595/595/595 593/593/593
f 599/599/599 598/598/598 597/597/597
f 600/600/600 599/599/599 597/597/597
f 603/603/603 602/602/602 601/601/601
f 604/604/604 603/603/603 601/601/601
f 607/607/607 606/606/606 605/605/605
f 608/608/608 607/607/607 605/605/605
f 611/611/611 610/610/610 609/609/609
f 612/612/612 611/611/611 609/609/609
f 615/615/615 614/614/614 613/613/613
f 616/616/616 615/615/615 613/613/613
f 619/619/619 618/618/618 617/617/617
f 620/620/620 619/619/619 617/617/617
f 623/623/623 622/622/622 621/621/621
f 624/624/624 623/623/623 621/621/621
f 627/627/627 626/626/626 625/625/625
f 628/628/628 627/627/627 625/625/625
f 631/631/631 630/630/630 629/629/629
f 632/632/632 631/631/631 629/629/629
f 635/635/635 634/634/634 633/633/633
f 636/636/636 635/635/635 633/633/633
f 639/639/639 638/638/638 637/637/637
f 640/640/640 639/639/639 637/637/637
f 643/643/643 642/642/642 641/641/641
f 644/644/644 643/643/643 641/641/641
f 647/647/647 646/646/646 645/645/645
f 648/648/648 647/647/647 645/645/645
f 651/651/651 650/650/650 649/649/649
f 652/652/652 651/651/651 649/649/649
f 655/655/655 654/654/654 653/653/653
f 656/656/656 655/655/655 653/653/653
f 659/659/659 658/658/658 657/657/657
f 660/660/660 659/659/659 657/657/657
f 663/663/663 662/662/662 661/661/661
f 664/664/664 663/663/663 661/661/661
f 667/667/667 666/666/666 665/665/665
f 668/668/668 667/667/667 665/665/665
f 671/671/671 670/670/670 669/669/669
f 672/672/672 671/671/671 669/669/669
f 675/675/675 674/674/674 673/673/673
f 676/676/676 675/675/675 673/673/673
f 679/679/679 678/678/678 677/677/677
f 680/680/680 679/679/679 677/677/677
f 683/683/683 682/682/682 681/681/681
f 684/684/684 683/683/683 681/681/681
f 687/687/687 686/686/686 685/685/685
f 688/688/688 687/687/687 685/685/685
f 691/691/691 690/690/690 689/689/689
f 692/692/692 691/691/691 689/689/689
f 695/695/695 694/694/694 693/693/693
f 696/696/696 695/695/695 693/693/693
f 699/699/699 698/698/698 697/697/697
f 700/700/700 699/699/699 697/697/697
f 703/703/703 702/702/702 701/701/701
f 704/704/704 703/703/703 701/701/701
f 707/707/707 706/706/706 705/705/705
f 708/708/708 707/707/707 705/705/705
f 711/711/711 710/710/710 709/709/709
f 712/712/712 711/711/711 709/709/709
f 715/715/715 714/714/714 713/713/713
f 713/713/713 716/716/716 715/715/715
f 713/713/713 717/717/717 716/716/716
f 717/717/717 718/718/718 716/716/716
f 717/717/717 719/719/719 718/718/718
f 719/719/719 720/720/720 718/718/718
f 723/723/723 722/722/722 721/721/721
f 724/724/724 723/723/723 721/721/721
f 727/727/727 726/726/726 725/725/725
f 728/728/728 727/727/727 725/725/725
f 731/731/731 730/730/730 729/729/729
f 732/732/732 731/731/731 729/729/729
f 735/735/735 734/734/734 733/733/733
f 736/736/736 735/735/735 733/733/733
f 739/739/739 738/738/738 737/737/737
f 740/740/740 739/739/739 737/737/737
f 743/743/743 742/742/742 741/741/741
f 744/744/744 743/743/743 741/741/741
f 747/747/747 746/746/746 745/745/745
f 748/748/748 747/747/747 745/745/745
f 751/751/751 750/750/750 749/749/749
f 752/752/752 751/751/751 749/749/749
f 755/755/755 754/754/754 753/753/753
f 756/756/756 755/755/755 753/753/753
f 759/759/759 758/758/758 757/757/757
f 760/760/760 759/759/759 757/757/757
f 763/763/763 762/762/762 761/761/761
f 764/764/764 763/763/763 761/761/761
f 767/767/767 766/766/766 765/765/765
f 768/768/768 767/767/767 765/765/765
f 771/771/771 770/770/770 769/769/769
f 772/772/772 771/771/771 769/769/769
f 775/775/775 774/774/774 773/773/773
f 776/776/776 775/775/775 773/773/773
f 779/779/779 778/778/778 777/777/777
f 780/780/780 779/779/779 777/777/777
f 783/783/783 782/782/782 781/781/781
f 784/784/784 783/783/783 781/781/781
f 787/787/787 786/786/786 785/785/785
f 788/788/788 787/787/787 785/785/785
f 791/791/791 790/790/790 789/789/789
f 792/792/792 791/791/791 789/789/789
f 795/795/795 794/794/794 793/793/793
f 796/796/796 795/795/795 793/793/793
f 799/799/799 798/798/798 797/797/797
f 800/800/800 799/799/799 797/797/797
f 803/803/803 802/802/802 801/801/801
f 804/804/804 803/803/803 801/801/801
f 807/807/807 806/806/806 805/805/805
f 808/808/808 807/807/807 805/805/805
f 811/811/811 810/810/810 809/809/809
f 812/812/812 811/811/811 809/809/809
f 815/815/815 814/814/814 813/813/813
f 816/816/816 815/815/815 813/813/813
f 819/819/819 818/818/818 817/817/817
f 820/820/820 819/819/819 817/817/817
f 823/823/823 822/822/822 821/821/821
f 824/824/824 823/823/823 821/821/821
f 827/827/827 826/826/826 825/825/825
f 828/828/828 827/827/827 825/825/825
f 831/831/831 830/830/830 829/829/829
f 832/832/832 831/831/831 829/829/829
f 835/835/835 834/834/834 833/833/833
f 836/836/836 835/835/835 833/833/833
f 839/839/839 838/838/838 837/837/837
f 840/840/840 839/839/839 837/837/837
f 843/843/843 842/842/842 841/841/841
f 844/844/844 843/843/843 841/841/841
f 847/847/847 846/846/846 845/845/845
f 848/848/848 847/847/847 845/845/845
f 851/851/851 850/850/850 849/849/849
f 852/852/852 851/851/851 849/849/849
f 855/855/855 854/854/854 853/853/853
f 856/856/856 855/855/855 853/853/853
f 859/859/859 858/858/858 857/857/857
f 860/860/860 859/859/859 857/857/857
f 863/863/863 862/862/862 861/861/861
f 864/864/864 863/863/863 861/861/861
f 867/867/867 866/866/866 865/865/865
f 868/868/868 867/867/867 865/865/865
f 871/871/871 870/870/870 869/869/869
f 872/872/872 871/871/871 869/869/869
f 875/875/875 874/874/874 873/873/873
f 876/876/876 875/875/875 873/873/873
f 879/879/879 878/878/878 877/877/877
f 880/880/880 879/879/879 877/877/877
f 883/883/883 882/882/882 881/881/881
f 884/884/884 883/883/883 881/881/881
f 887/887/887 886/886/886 885/885/885
f 888/888/888 887/887/887 885/885/885
f 891/891/891 890/890/890 889/889/889
f 892/892/892 891/891/891 889/889/889
f 895/895/895 894/894/894 893/893/893
f 896/896/896 895/895/895 893/893/893
f 899/899/899 898/898/898 897/897/897
f 900/900/900 899/899/899 897/897/897
f 903/903/903 902/902/902 901/901/901
f 904/904/904 903/903/903 901/901/901
f 907/907/907 906/906/906 905/905/905
f 908/908/908 907/907/907 905/905/905
f 911/911/911 910/910/910 909/909/909
f 912/912/912 911/911/911 909/909/909
f 915/915/915 914/914/914 913/913/913
f 916/916/916 915/915/915 913/913/913
f 919/919/919 918/918/918 917/917/917
f 920/920/920 919/919/919 917/917/917
f 923/923/923 922/922/922 921/921/921
f 924/924/924 923/923/923 921/921/921
f 927/927/927 926/926/926 925/925/925
f 928/928/928 927/927/927 925/925/925
f 931/931/931 930/930/930 929/929/929
f 932/932/932 931/931/931 929/929/929
f 935/935/935 934/934/934 933/933/933
f 936/936/936 935/935/935 933/933/933
f 939/939/939 938/938/938 937/937/937
f 940/940/940 939/939/939 937/937/937
f 943/943/943 942/942/942 941/941/941
f 944/944/944 943/943/943 941/941/941
f 947/947/947 946/946/946 945/945/945
f 948/948/948 947/947/947 945/945/945
f 951/951/951 950/950/950 949/949/949
f 952/952/952 951/951/951 949/949/949
f 955/955/955 954/954/954 953/953/953
f 956/956/956 955/955/955 953/953/953
f 959/959/959 958/958/958 957/957/957
f 960/960/960 959/959/959 957/957/957
f 963/963/963 962/962/962 961/961/961
f 964/964/964 963/963/963 961/961/961
f 967/967/967 966/966/966 965/965/965
f 968/968/968 967/967/967 965/965/965
f 971/971/971 970/970/970 969/969/969
f 972/972/972 971/971/971 969/969/969
f 975/975/975 974/974/974 973/973/973
f 976/976/976 975/975/975 973/973/973
f 979/979/979 978/978/978 977/977/977
f 980/980/980 979/979/979 977/977/977
f 983/983/983 982/982/982 981/981/981
f 984/984/984 983/983/983 981/981/981
f 987/987/987 986/986/986 985/985/985
f 988/988/988 987/987/987 985/985/985
f 991/991/991 990/990/990 989/989/989
f 992/992/992 991/991/991 989/989/989
f 995/995/995 994/994/994 993/993/993
f 996/996/996 995/995/995 993/993/993
f 999/999/999 998/998/998 997/997/997
f 1000/1000/1000 999/999/999 997/997/997
f 1003/1003/1003 1002/1002/1002 1001/1001/1001
f 1004/1004/1004 1003/1003/1003 1001/1001/1001
f 1007/1007/1007 1006/1006/1006 1005/1005/1005
f 1008/1008/1008 1007/1007/1007 1005/1005/1005
f 1011/1011/1011 1010/1010/1010 1009/1009/1009
f 1012/1012/1012 1011/1011/1011 1009/1009/1009
f 1015/1015/1015 1014/1014/1014 1013/1013/1013
f 1016/1016/1016 1015/1015/1015 1013/1013/1013
f 1019/1019/1019 1018/1018/1018 1017/1017/1017
f 1020/1020/1020 1019/1019/1019 1017/1017/1017
f 1023/1023/1023 1022/1022/1022 1021/1021/1021
f 1024/1024/1024 1023/1023/1023 1021/1021/1021
f 1027/1027/1027 1026/1026/1026 1025/1025/1025
f 1028/1028/1028 1027/1027/1027 1025/1025/1025
f 1031/1031/1031 1030/1030/1030 1029/1029/1029
f 1032/1032/1032 1031/1031/1031 1029/1029/1029
f 1035/1035/1035 1034/1034/1034 1033/1033/1033
f 1036/1036/1036 1035/1035/1035 1033/1033/1033
f 1039/1039/1039 1038/1038/1038 1037/1037/1037
f 1040/1040/1040 1039/1039/1039 1037/1037/1037
f 1043/1043/1043 1042/1042/1042 1041/1041/1041
f 1044/1044/1044 1043/1043/1043 1041/1041/1041
f 1047/1047/1047 1046/1046/1046 1045/1045/1045
f 1048/1048/1048 1047/1047/1047 1045/1045/1045
f 1051/1051/1051 1050/1050/1050 1049/1049/1049
f 1052/1052/1052 1051/1051/1051 1049/1049/1049
f 1055/1055/1055 1054/1054/1054 1053/1053/1053
f 1056/1056/1056 1055/1055/1055 1053/1053/1053
f 1059/1059/1059 1058/1058/1058 1057/1057/1057
f 1060/1060/1060 1059/1059/1059 1057/1057/1057
f 1063/1063/1063 1062/1062/1062 1061/1061/1061
f 1064/1064/1064 1063/1063/1063 1061/1061/1061
f 1067/1067/1067 1066/1066/1066 1065/1065/1065
f 1068/1068/1068 1067/1067/1067 1065/1065/1065
f 1071/1071/1071 1070/1070/1070 1069/1069/1069
f 1072/1072/1072 1071/1071/1071 1069/1069/1069
f 1075/1075/1075 1074/1074/1074 1073/1073/1073
f 1076/1076/1076 1075/1075/1075 1073/1073/1073
f 1079/1079/1079 1078/1078/1078 1077/1077/1077
f 1080/1080/1080 1079/1079/1079 1077/1077/1077
f 1083/1083/1083 1082/1082/1082 1081/1081/1081
f 1084/1084/1084 1083/1083/1083 1081/1081/1081
f 1087/1087/1087 1086/1086/1086 1085/1085/1085
f 1088/1088/1088 1087/1087/1087 1085/1085/1085
f 1091/1091/1091 1090/1090/1090 1089/1089/1089
f 1090/1090/1090 1092/1092/1092 1089/1089/1089
f 1092/1092/1092 1094/1094/1094 1093/1093/1093
f 1093/1093/1093 1094/1094/1094 1095/1095/1095
f 1092/1092/1092 1093/1093/1093 1096/1096/1096
f 1097/1097/1097 1092/1092/1092 1096/1096/1096
f 1098/1098/1098 1093/1093/1093 1095/1095/1095
f 1096/1096/1096 1093/1093/1093 1098/1098/1098
f 1099/1099/1099 1098/1098/1098 1095/1095/1095
f 1100/1100/1100 1099/1099/1099 1095/1095/1095
f 1101/1101/1101 1096/1096/1096 1098/1098/1098
f 1097/1097/1097 1096/1096/1096 1102/1102/1102
f 1102/1102/1102 1096/1096/1096 1101/1101/1101
f 1099/1099/1099 1103/1103/1103 1098/1098/1098
f 1103/1103/1103 1101/1101/1101 1098/1098/1098
f 1104/1104/1104 1099/1099/1099 1100/1100/1100
f 1105/1105/1105 1104/1104/1104 1100/1100/1100
f 1104/1104/1104 1106/1106/1106 1099/1099/1099
f 1106/1106/1106 1103/1103/1103 1099/1099/1099
f 1105/1105/1105 1100/1100/1100 1107/1107/1107
f 1106/1106/1106 1108/1108/1108 1103/1103/1103
f 1109/1109/1109 1105/1105/1105 1107/1107/1107
f 1108/1108/1108 1110/1110/1110 1103/1103/1103
f 1103/1103/1103 1110/1110/1110 1101/1101/1101
f 1108/1108/1108 1111/1111/1111 1110/1110/1110
f 1109/1109/1109 1107/1107/1107 1112/1112/1112
f 1113/1113/1113 1109/1109/1109 1112/1112/1112
f 1110/1110/1110 1114/1114/1114 1101/1101/1101
f 1114/1114/1114 1102/1102/1102 1101/1101/1101
f 1111/1111/1111 1115/1115/1115 1110/1110/1110
f 1110/1110/1110 1115/1115/1115 1114/1114/1114
f 1111/1111/1111 1116/1116/1116 1115/1115/1115
f 1116/1116/1116 1113/1113/1113 1117/1117/1117
f 1116/1116/1116 1117/1117/1117 1115/1115/1115
f 1113/1113/1113 1112/1112/1112 1117/1117/1117
f 1112/1112/1112 1107/1107/1107 1118/1118/1118
f 1107/1107/1107 1119/1119/1119 1118/1118/1118
f 1119/1119/1119 1120/1120/1120 1118/1118/1118
f 1120/1120/1120 1097/1097/1097 1118/1118/1118
f 1112/1112/1112 1118/1118/1118 1121/1121/1121
f 1117/1117/1117 1112/1112/1112 1121/1121/1121
f 1118/1118/1118 1097/1097/1097 1121/1121/1121
f 1115/1115/1115 1117/1117/1117 1122/1122/1122
f 1115/1115/1115 1122/1122/1122 1114/1114/1114
f 1117/1117/1117 1121/1121/1121 1122/1122/1122
f 1097/1097/1097 1123/1123/1123 1121/1121/1121
f 1121/1121/1121 1123/1123/1123 1122/1122/1122
f 1123/1123/1123 1097/1097/1097 1102/1102/1102
f 1124/1124/1124 1102/1102/1102 1114/1114/1114
f 1122/1122/1122 1124/1124/1124 1114/1114/1114
f 1123/1123/1123 1124/1124/1124 1122/1122/1122
f 1102/1102/1102 1124/1124/1124 1123/1123/1123
f 1127/1127/1127 1126/1126/1126 1125/1125/1125
f 1125/1125/1125 1128/1128/1128 1127/1127/1127
f 1128/1128/1128 1129/1129/1129 1127/1127/1127
f 1128/1128/1128 1130/1130/1130 1129/1129/1129
f 1130/1130/1130 1131/1131/1131 1129/1129/1129
f 1130/1130/1130 1132/1132/1132 1131/1131/1131
f 1135/1135/1135 1134/1134/1134 1133/1133/1133
f 1136/1136/1136 1135/1135/1135 1133/1133/1133
f 1139/1139/1139 1138/1138/1138 1137/1137/1137
f 1138/1138/1138 1140/1140/1140 1137/1137/1137
f 1140/1140/1140 1142/1142/1142 1141/1141/1141
f 1141/1141/1141 1142/1142/1142 1143/1143/1143
f 1140/1140/1140 1141/1141/1141 1144/1144/1144
f 1145/1145/1145 1140/1140/1140 1144/1144/1144
f 1146/1146/1146 1141/1141/1141 1143/1143/1143
f 1144/1144/1144 1141/1141/1141 1146/1146/1146
f 1147/1147/1147 1146/1146/1146 1143/1143/1143
f 1148/1148/1148 1147/1147/1147 1143/1143/1143
f 1149/1149/1149 1144/1144/1144 1146/1146/1146
f 1145/1145/1145 1144/1144/1144 1150/1150/1150
f 1150/1150/1150 1144/1144/1144 1149/1149/1149
f 1147/1147/1147 1151/1151/1151 1146/1146/1146
f 1151/1151/1151 1149/1149/1149 1146/1146/1146
f 1152/1152/1152 1147/1147/1147 1148/1148/1148
f 1153/1153/1153 1151/1151/1151 1147/1147/1147
f 1152/1152/1152 1153/1153/1153 1147/1147/1147
f 1154/1154/1154 1152/1152/1152 1148/1148/1148
f 1154/1154/1154 1148/1148/1148 1155/1155/1155
f 1152/1152/1152 1154/1154/1154 1156/1156/1156
f 1156/1156/1156 1154/1154/1154 1155/1155/1155
f 1152/1152/1152 1156/1156/1156 1157/1157/1157
f 1153/1153/1153 1152/1152/1152 1157/1157/1157
f 1156/1156/1156 1155/1155/1155 1158/1158/1158
f 1157/1157/1157 1156/1156/1156 1158/1158/1158
f 1158/1158/1158 1155/1155/1155 1159/1159/1159
f 1155/1155/1155 1160/1160/1160 1159/1159/1159
f 1160/1160/1160 1161/1161/1161 1159/1159/1159
f 1161/1161/1161 1145/1145/1145 1159/1159/1159
f 1158/1158/1158 1159/1159/1159 1162/1162/1162
f 1159/1159/1159 1145/1145/1145 1162/1162/1162
f 1157/1157/1157 1158/1158/1158 1163/1163/1163
f 1163/1163/1163 1158/1158/1158 1162/1162/1162
f 1153/1153/1153 1157/1157/1157 1164/1164/1164
f 1164/1164/1164 1157/1157/1157 1163/1163/1163
f 1145/1145/1145 1165/1165/1165 1162/1162/1162
f 1165/1165/1165 1145/1145/1145 1150/1150/1150
f 1163/1163/1163 1162/1162/1162 1166/1166/1166
f 1162/1162/1162 1165/1165/1165 1166/1166/1166
f 1150/1150/1150 1167/1167/1167 1165/1165/1165
f 1165/1165/1165 1167/1167/1167 1166/1166/1166
f 1167/1167/1167 1150/1150/1150 1168/1168/1168
f 1166/1166/1166 1167/1167/1167 1168/1168/1168
f 1168/1168/1168 1150/1150/1150 1149/1149/1149
f 1169/1169/1169 1163/1163/1163 1166/1166/1166
f 1169/1169/1169 1166/1166/1166 1168/1168/1168
f 1164/1164/1164 1163/1163/1163 1169/1169/1169
f 1170/1170/1170 1168/1168/1168 1149/1149/1149
f 1170/1170/1170 1169/1169/1169 1168/1168/1168
f 1151/1151/1151 1170/1170/1170 1149/1149/1149
f 1153/1153/1153 1171/1171/1171 1151/1151/1151
f 1171/1171/1171 1153/1153/1153 1164/1164/1164
f 1171/1171/1171 1170/1170/1170 1151/1151/1151
f 1172/1172/1172 1164/1164/1164 1169/1169/1169
f 1172/1172/1172 1169/1169/1169 1170/1170/1170
f 1171/1171/1171 1172/1172/1172 1170/1170/1170
f 1164/1164/1164 1172/1172/1172 1171/1171/1171
f 1175/1175/1175 1174/1174/1174 1173/1173/1173
f 1176/1176/1176 1175/1175/1175 1173/1173/1173
f 1179/1179/1179 1178/1178/1178 1177/1177/1177
f 1180/1180/1180 1179/1179/1179 1177/1177/1177
f 1181/1181/1181 1180/1180/1180 1177/1177/1177
f 1182/1182/1182 1181/1181/1181 1177/1177/1177
f 1183/1183/1183 1179/1179/1179 1180/1180/1180
f 1184/1184/1184 1179/1179/1179 1183/1183/1183
f 1184/1184/1184 1185/1185/1185 1179/1179/1179
f 1181/1181/1181 1186/1186/1186 1180/1180/1180
f 1187/1187/1187 1183/1183/1183 1180/1180/1180
f 1186/1186/1186 1187/1187/1187 1180/1180/1180
f 1188/1188/1188 1181/1181/1181 1182/1182/1182
f 1189/1189/1189 1186/1186/1186 1181/1181/1181
f 1188/1188/1188 1189/1189/1189 1181/1181/1181
f 1190/1190/1190 1188/1188/1188 1182/1182/1182
f 1190/1190/1190 1182/1182/1182 1191/1191/1191
f 1188/1188/1188 1190/1190/1190 1192/1192/1192
f 1192/1192/1192 1190/1190/1190 1191/1191/1191
f 1188/1188/1188 1192/1192/1192 1193/1193/1193
f 1189/1189/1189 1188/1188/1188 1193/1193/1193
f 1192/1192/1192 1191/1191/1191 1194/1194/1194
f 1193/1193/1193 1192/1192/1192 1194/1194/1194
f 1194/1194/1194 1191/1191/1191 1195/1195/1195
f 1191/1191/1191 1196/1196/1196 1195/1195/1195
f 1196/1196/1196 1184/1184/1184 1195/1195/1195
f 1197/1197/1197 1184/1184/1184 1183/1183/1183
f 1184/1184/1184 1197/1197/1197 1195/1195/1195
f 1194/1194/1194 1195/1195/1195 1198/1198/1198
f 1195/1195/1195 1197/1197/1197 1198/1198/1198
f 1193/1193/1193 1194/1194/1194 1199/1199/1199
f 1199/1199/1199 1194/1194/1194 1198/1198/1198
f 1189/1189/1189 1193/1193/1193 1200/1200/1200
f 1200/1200/1200 1193/1193/1193 1199/1199/1199
f 1197/1197/1197 1183/1183/1183 1201/1201/1201
f 1201/1201/1201 1183/1183/1183 1187/1187/1187
f 1197/1197/1197 1202/1202/1202 1198/1198/1198
f 1202/1202/1202 1197/1197/1197 1201/1201/1201
f 1199/1199/1199 1198/1198/1198 1203/1203/1203
f 1198/1198/1198 1202/1202/1202 1203/1203/1203
f 1201/1201/1201 1204/1204/1204 1202/1202/1202
f 1202/1202/1202 1204/1204/1204 1203/1203/1203
f 1204/1204/1204 1201/1201/1201 1205/1205/1205
f 1205/1205/1205 1201/1201/1201 1187/1187/1187
f 1203/1203/1203 1204/1204/1204 1205/1205/1205
f 1206/1206/1206 1199/1199/1199 1203/1203/1203
f 1206/1206/1206 1203/1203/1203 1205/1205/1205
f 1200/1200/1200 1199/1199/1199 1206/1206/1206
f 1207/1207/1207 1205/1205/1205 1187/1187/1187
f 1207/1207/1207 1206/1206/1206 1205/1205/1205
f 1186/1186/1186 1207/1207/1207 1187/1187/1187
f 1189/1189/1189 1208/1208/1208 1186/1186/1186
f 1208/1208/1208 1189/1189/1189 1200/1200/1200
f 1208/1208/1208 1207/1207/1207 1186/1186/1186
f 1209/1209/1209 1200/1200/1200 1206/1206/1206
f 1209/1209/1209 1206/1206/1206 1207/1207/1207
f 1208/1208/1208 1209/1209/1209 1207/1207/1207
f 1200/1200/1200 1209/1209/1209 1208/1208/1208
f 1185/1185/1185 1211/1211/1211 1210/1210/1210
f 1212/1212/1212 1185/1185/1185 1210/1210/1210
f 1215/1215/1215 1214/1214/1214 1213/1213/1213
f 1216/1216/1216 1215/1215/1215 1213/1213/1213
f 1219/1219/1219 1218/1218/1218 1217/1217/1217
f 1220/1220/1220 1219/1219/1219 1217/1217/1217
f 1223/1223/1223 1222/1222/1222 1221/1221/1221
f 1221/1221/1221 1224/1224/1224 1223/1223/1223
f 1224/1224/1224 1225/1225/1225 1223/1223/1223
f 1224/1224/1224 1226/1226/1226 1225/1225/1225
f 1226/1226/1226 1227/1227/1227 1225/1225/1225
f 1226/1226/1226 1228/1228/1228 1227/1227/1227
f 1231/1231/1231 1230/1230/1230 1229/1229/1229
f 1232/1232/1232 1231/1231/1231 1229/1229/1229
f 1235/1235/1235 1234/1234/1234 1233/1233/1233
f 1234/1234/1234 1236/1236/1236 1233/1233/1233
f 1236/1236/1236 1237/1237/1237 1233/1233/1233
f 1237/1237/1237 1238/1238/1238 1233/1233/1233
f 1237/1237/1237 1239/1239/1239 1238/1238/1238
f 1239/1239/1239 1240/1240/1240 1238/1238/1238
f 1238/1238/1238 1240/1240/1240 1241/1241/1241
f 1242/1242/1242 1240/1240/1240 1239/1239/1239
f 1240/1240/1240 1242/1242/1242 1241/1241/1241
f 1243/1243/1243 1239/1239/1239 1237/1237/1237
f 1242/1242/1242 1239/1239/1239 1243/1243/1243
f 1244/1244/1244 1237/1237/1237 1236/1236/1236
f 1244/1244/1244 1243/1243/1243 1237/1237/1237
f 1241/1241/1241 1242/1242/1242 1245/1245/1245
f 1246/1246/1246 1242/1242/1242 1243/1243/1243
f 1242/1242/1242 1246/1246/1246 1245/1245/1245
f 1247/1247/1247 1243/1243/1243 1244/1244/1244
f 1246/1246/1246 1243/1243/1243 1247/1247/1247
f 1241/1241/1241 1245/1245/1245 1248/1248/1248
f 1249/1249/1249 1241/1241/1241 1248/1248/1248
f 1250/1250/1250 1249/1249/1249 1248/1248/1248
f 1251/1251/1251 1244/1244/1244 1236/1236/1236
f 1252/1252/1252 1247/1247/1247 1244/1244/1244
f 1252/1252/1252 1244/1244/1244 1251/1251/1251
f 1253/1253/1253 1251/1251/1251 1236/1236/1236
f 1234/1234/1234 1253/1253/1253 1236/1236/1236
f 1234/1234/1234 1254/1254/1254 1250/1250/1250
f 1234/1234/1234 1250/1250/1250 1255/1255/1255
f 1255/1255/1255 1250/1250/1250 1248/1248/1248
f 1253/1253/1253 1234/1234/1234 1255/1255/1255
f 1248/1248/1248 1245/1245/1245 1256/1256/1256
f 1255/1255/1255 1248/1248/1248 1256/1256/1256
f 1245/1245/1245 1246/1246/1246 1257/1257/1257
f 1245/1245/1245 1257/1257/1257 1256/1256/1256
f 1258/1258/1258 1246/1246/1246 1247/1247/1247
f 1246/1246/1246 1258/1258/1258 1257/1257/1257
f 1253/1253/1253 1255/1255/1255 1259/1259/1259
f 1259/1259/1259 1255/1255/1255 1256/1256/1256
f 1253/1253/1253 1260/1260/1260 1251/1251/1251
f 1260/1260/1260 1253/1253/1253 1259/1259/1259
f 1247/1247/1247 1261/1261/1261 1258/1258/1258
f 1261/1261/1261 1247/1247/1247 1252/1252/1252
f 1258/1258/1258 1261/1261/1261 1262/1262/1262
f 1257/1257/1257 1258/1258/1258 1262/1262/1262
f 1262/1262/1262 1261/1261/1261 1252/1252/1252
f 1256/1256/1256 1257/1257/1257 1263/1263/1263
f 1259/1259/1259 1256/1256/1256 1263/1263/1263
f 1257/1257/1257 1262/1262/1262 1263/1263/1263
f 1264/1264/1264 1252/1252/1252 1251/1251/1251
f 1262/1262/1262 1252/1252/1252 1264/1264/1264
f 1260/1260/1260 1264/1264/1264 1251/1251/1251
f 1263/1263/1263 1262/1262/1262 1264/1264/1264
f 1265/1265/1265 1259/1259/1259 1263/1263/1263
f 1259/1259/1259 1265/1265/1265 1260/1260/1260
f 1265/1265/1265 1263/1263/1263 1264/1264/1264
f 1260/1260/1260 1265/1265/1265 1264/1264/1264
f 1254/1254/1254 1267/1267/1267 1266/1266/1266
f 1268/1268/1268 1254/1254/1254 1266/1266/1266
f 1271/1271/1271 1270/1270/1270 1269/1269/1269
f 1272/1272/1272 1271/1271/1271 1269/1269/1269
f 1275/1275/1275 1274/1274/1274 1273/1273/1273
f 1274/1274/1274 1276/1276/1276 1273/1273/1273
f 1276/1276/1276 1277/1277/1277 1273/1273/1273
f 1277/1277/1277 1278/1278/1278 1273/1273/1273
f 1277/1277/1277 1279/1279/1279 1278/1278/1278
f 1279/1279/1279 1280/1280/1280 1278/1278/1278
f 1278/1278/1278 1280/1280/1280 1281/1281/1281
f 1282/1282/1282 1280/1280/1280 1279/1279/1279
f 1280/1280/1280 1282/1282/1282 1281/1281/1281
f 1283/1283/1283 1279/1279/1279 1277/1277/1277
f 1282/1282/1282 1279/1279/1279 1283/1283/1283
f 1284/1284/1284 1277/1277/1277 1276/1276/1276
f 1284/1284/1284 1283/1283/1283 1277/1277/1277
f 1281/1281/1281 1282/1282/1282 1285/1285/1285
f 1286/1286/1286 1282/1282/1282 1283/1283/1283
f 1282/1282/1282 1286/1286/1286 1285/1285/1285
f 1287/1287/1287 1283/1283/1283 1284/1284/1284
f 1286/1286/1286 1283/1283/1283 1287/1287/1287
f 1281/1281/1281 1285/1285/1285 1288/1288/1288
f 1289/1289/1289 1281/1281/1281 1288/1288/1288
f 1290/1290/1290 1289/1289/1289 1288/1288/1288
f 1291/1291/1291 1284/1284/1284 1276/1276/1276
f 1292/1292/1292 1287/1287/1287 1284/1284/1284
f 1292/1292/1292 1284/1284/1284 1291/1291/1291
f 1293/1293/1293 1291/1291/1291 1276/1276/1276
f 1274/1274/1274 1293/1293/1293 1276/1276/1276
f 1274/1274/1274 1294/1294/1294 1290/1290/1290
f 1274/1274/1274 1290/1290/1290 1295/1295/1295
f 1295/1295/1295 1290/1290/1290 1288/1288/1288
f 1293/1293/1293 1274/1274/1274 1295/1295/1295
f 1288/1288/1288 1285/1285/1285 1296/1296/1296
f 1295/1295/1295 1288/1288/1288 1296/1296/1296
f 1285/1285/1285 1286/1286/1286 1297/1297/1297
f 1285/1285/1285 1297/1297/1297 1296/1296/1296
f 1298/1298/1298 1286/1286/1286 1287/1287/1287
f 1286/1286/1286 1298/1298/1298 1297/1297/1297
f 1293/1293/1293 1295/1295/1295 1299/1299/1299
f 1299/1299/1299 1295/1295/1295 1296/1296/1296
f 1293/1293/1293 1300/1300/1300 1291/1291/1291
f 1300/1300/1300 1293/1293/1293 1299/1299/1299
f 1287/1287/1287 1301/1301/1301 1298/1298/1298
f 1301/1301/1301 1287/1287/1287 1292/1292/1292
f 1298/1298/1298 1301/1301/1301 1302/1302/1302
f 1297/1297/1297 1298/1298/1298 1302/1302/1302
f 1302/1302/1302 1301/1301/1301 1292/1292/1292
f 1296/1296/1296 1297/1297/1297 1303/1303/1303
f 1299/1299/1299 1296/1296/1296 1303/1303/1303
f 1297/1297/1297 1302/1302/1302 1303/1303/1303
f 1304/1304/1304 1292/1292/1292 1291/1291/1291
f 1302/1302/1302 1292/1292/1292 1304/1304/1304
f 1300/1300/1300 1304/1304/1304 1291/1291/1291
f 1303/1303/1303 1302/1302/1302 1304/1304/1304
f 1305/1305/1305 1299/1299/1299 1303/1303/1303
f 1299/1299/1299 1305/1305/1305 1300/1300/1300
f 1305/1305/1305 1303/1303/1303 1304/1304/1304
f 1300/1300/1300 1305/1305/1305 1304/1304/1304
f 1294/1294/1294 1307/1307/1307 1306/1306/1306
f 1308/1308/1308 1294/1294/1294 1306/1306/1306
f 1311/1311/1311 1310/1310/1310 1309/1309/1309
f 1312/1312/1312 1311/1311/1311 1309/1309/1309
f 1315/1315/1315 1314/1314/1314 1313/1313/1313
f 1316/1316/1316 1315/1315/1315 1313/1313/1313
f 1319/1319/1319 1318/1318/1318 1317/1317/1317
f 1320/1320/1320 1319/1319/1319 1317/1317/1317
f 1323/1323/1323 1322/1322/1322 1321/1321/1321
f 1324/1324/1324 1323/1323/1323 1321/1321/1321
f 1327/1327/1327 1326/1326/1326 1325/1325/1325
f 1328/1328/1328 1327/1327/1327 1325/1325/1325
f 1331/1331/1331 1330/1330/1330 1329/1329/1329
f 1332/1332/1332 1331/1331/1331 1329/1329/1329
f 1335/1335/1335 1334/1334/1334 1333/1333/1333
f 1336/1336/1336 1335/1335/1335 1333/1333/1333
f 1339/1339/1339 1338/1338/1338 1337/1337/1337
f 1340/1340/1340 1339/1339/1339 1337/1337/1337
f 1343/1343/1343 1342/1342/1342 1341/1341/1341
f 1344/1344/1344 1343/1343/1343 1341/1341/1341
f 1347/1347/1347 1346/1346/1346 1345/1345/1345
f 1348/1348/1348 1347/1347/1347 1345/1345/1345
f 1351/1351/1351 1350/1350/1350 1349/1349/1349
f 1352/1352/1352 1351/1351/1351 1349/1349/1349
f 1355/1355/1355 1354/1354/1354 1353/1353/1353
f 1356/1356/1356 1355/1355/1355 1353/1353/1353
f 1359/1359/1359 1358/1358/1358 1357/1357/1357
f 1360/1360/1360 1359/1359/1359 1357/1357/1357
f 1363/1363/1363 1362/1362/1362 1361/1361/1361
f 1364/1364/1364 1363/1363/1363 1361/1361/1361
f 1367/1367/1367 1366/1366/1366 1365/1365/1365
f 1368/1368/1368 1367/1367/1367 1365/1365/1365
f 1371/1371/1371 1370/1370/1370 1369/1369/1369
f 1372/1372/1372 1371/1371/1371 1369/1369/1369
f 1375/1375/1375 1374/1374/1374 1373/1373/1373
f 1376/1376/1376 1375/1375/1375 1373/1373/1373
f 1379/1379/1379 1378/1378/1378 1377/1377/1377
f 1380/1380/1380 1379/1379/1379 1377/1377/1377
f 1383/1383/1383 1382/1382/1382 1381/1381/1381
f 1384/1384/1384 1383/1383/1383 1381/1381/1381
f 1387/1387/1387 1386/1386/1386 1385/1385/1385
f 1388/1388/1388 1387/1387/1387 1385/1385/1385
f 1391/1391/1391 1390/1390/1390 1389/1389/1389
f 1392/1392/1392 1391/1391/1391 1389/1389/1389
f 1395/1395/1395 1394/1394/1394 1393/1393/1393
f 1396/1396/1396 1395/1395/1395 1393/1393/1393
f 1399/1399/1399 1398/1398/1398 1397/1397/1397
f 1400/1400/1400 1399/1399/1399 1397/1397/1397
f 1403/1403/1403 1402/1402/1402 1401/1401/1401
f 1404/1404/1404 1403/1403/1403 1401/1401/1401
f 1407/1407/1407 1406/1406/1406 1405/1405/1405
f 1408/1408/1408 1407/1407/1407 1405/1405/1405
f 1411/1411/1411 1410/1410/1410 1409/1409/1409
f 1412/1412/1412 1411/1411/1411 1409/1409/1409
f 1415/1415/1415 1414/1414/1414 1413/1413/1413
f 1416/1416/1416 1415/1415/1415 1413/1413/1413
f 1419/1419/1419 1418/1418/1418 1417/1417/1417
f 1420/1420/1420 1419/1419/1419 1417/1417/1417
f 1423/1423/1423 1422/1422/1422 1421/1421/1421
f 1424/1424/1424 1423/1423/1423 1421/1421/1421
f 1427/1427/1427 1426/1426/1426 1425/1425/1425
f 1428/1428/1428 1427/1427/1427 1425/1425/1425
f 1431/1431/1431 1430/1430/1430 1429/1429/1429
f 1432/1432/1432 1431/1431/1431 1429/1429/1429
f 1435/1435/1435 1434/1434/1434 1433/1433/1433
f 1436/1436/1436 1435/1435/1435 1433/1433/1433
f 1439/1439/1439 1438/1438/1438 1437/1437/1437
f 1440/1440/1440 1439/1439/1439 1437/1437/1437
f 1443/1443/1443 1442/1442/1442 1441/1441/1441
f 1444/1444/1444 1443/1443/1443 1441/1441/1441
f 1447/1447/1447 1446/1446/1446 1445/1445/1445
f 1448/1448/1448 1447/1447/1447 1445/1445/1445
f 1451/1451/1451 1450/1450/1450 1449/1449/1449
f 1452/1452/1452 1451/1451/1451 1449/1449/1449
f 1455/1455/1455 1454/1454/1454 1453/1453/1453
f 1456/1456/1456 1455/1455/1455 1453/1453/1453
f 1459/1459/1459 1458/1458/1458 1457/1457/1457
f 1460/1460/1460 1459/1459/1459 1457/1457/1457
f 1463/1463/1463 1462/1462/1462 1461/1461/1461
f 1464/1464/1464 1463/1463/1463 1461/1461/1461
f 1467/1467/1467 1466/1466/1466 1465/1465/1465
f 1468/1468/1468 1467/1467/1467 1465/1465/1465
f 1471/1471/1471 1470/1470/1470 1469/1469/1469
f 1472/1472/1472 1471/1471/1471 1469/1469/1469
f 1475/1475/1475 1474/1474/1474 1473/1473/1473
f 1476/1476/1476 1475/1475/1475 1473/1473/1473
f 1479/1479/1479 1478/1478/1478 1477/1477/1477
f 1480/1480/1480 1479/1479/1479 1477/1477/1477
f 1483/1483/1483 1482/1482/1482 1481/1481/1481
f 1484/1484/1484 1483/1483/1483 1481/1481/1481
f 1487/1487/1487 1486/1486/1486 1485/1485/1485
f 1488/1488/1488 1487/1487/1487 1485/1485/1485
f 1491/1491/1491 1490/1490/1490 1489/1489/1489
f 1492/1492/1492 1491/1491/1491 1489/1489/1489
f 1495/1495/1495 1494/1494/1494 1493/1493/1493
f 1496/1496/1496 1495/1495/1495 1493/1493/1493
f 1499/1499/1499 1498/1498/1498 1497/1497/1497
f 1500/1500/1500 1499/1499/1499 1497/1497/1497
f 1503/1503/1503 1502/1502/1502 1501/1501/1501
f 1504/1504/1504 1503/1503/1503 1501/1501/1501
f 1507/1507/1507 1506/1506/1506 1505/1505/1505
f 1508/1508/1508 1507/1507/1507 1505/1505/1505
f 1511/1511/1511 1510/1510/1510 1509/1509/1509
f 1512/1512/1512 1511/1511/1511 1509/1509/1509
f 1515/1515/1515 1514/1514/1514 1513/1513/1513
f 1516/1516/1516 1515/1515/1515 1513/1513/1513
f 1519/1519/1519 1518/1518/1518 1517/1517/1517
f 1520/1520/1520 1519/1519/1519 1517/1517/1517
f 1523/1523/1523 1522/1522/1522 1521/1521/1521
f 1524/1524/1524 1523/1523/1523 1521/1521/1521
f 1527/1527/1527 1526/1526/1526 1525/1525/1525
f 1528/1528/1528 1527/1527/1527 1525/1525/1525
f 1531/1531/1531 1530/1530/1530 1529/1529/1529
f 1532/1532/1532 1531/1531/1531 1529/1529/1529
f 1535/1535/1535 1534/1534/1534 1533/1533/1533
f 1536/1536/1536 1535/1535/1535 1533/1533/1533
f 1539/1539/1539 1538/1538/1538 1537/1537/1537
f 1540/1540/1540 1539/1539/1539 1537/1537/1537
f 1543/1543/1543 1542/1542/1542 1541/1541/1541
f 1544/1544/1544 1543/1543/1543 1541/1541/1541
f 1547/1547/1547 1546/1546/1546 1545/1545/1545
f 1548/1548/1548 1547/1547/1547 1545/1545/1545
f 1551/1551/1551 1550/1550/1550 1549/1549/1549
f 1552/1552/1552 1551/1551/1551 1549/1549/1549
f 1555/1555/1555 1554/1554/1554 1553/1553/1553
f 1556/1556/1556 1555/1555/1555 1553/1553/1553
f 1559/1559/1559 1558/1558/1558 1557/1557/1557
f 1560/1560/1560 1559/1559/1559 1557/1557/1557
f 1563/1563/1563 1562/1562/1562 1561/1561/1561
f 1564/1564/1564 1563/1563/1563 1561/1561/1561
f 1567/1567/1567 1566/1566/1566 1565/1565/1565
f 1568/1568/1568 1567/1567/1567 1565/1565/1565
f 1571/1571/1571 1570/1570/1570 1569/1569/1569
f 1572/1572/1572 1571/1571/1571 1569/1569/1569
f 1575/1575/1575 1574/1574/1574 1573/1573/1573
f 1576/1576/1576 1575/1575/1575 1573/1573/1573
f 1579/1579/1579 1578/1578/1578 1577/1577/1577
f 1580/1580/1580 1579/1579/1579 1577/1577/1577
f 1583/1583/1583 1582/1582/1582 1581/1581/1581
f 1584/1584/1584 1583/1583/1583 1581/1581/1581
f 1587/1587/1587 1586/1586/1586 1585/1585/1585
f 1588/1588/1588 1587/1587/1587 1585/1585/1585
f 1591/1591/1591 1590/1590/1590 1589/1589/1589
f 1592/1592/1592 1591/1591/1591 1589/1589/1589
f 1595/1595/1595 1594/1594/1594 1593/1593/1593
f 1596/1596/1596 1595/1595/1595 1593/1593/1593
f 1599/1599/1599 1598/1598/1598 1597/1597/1597
f 1600/1600/1600 1599/1599/1599 1597/1597/1597
f 1603/1603/1603 1602/1602/1602 1601/1601/1601
f 1604/1604/1604 1603/1603/1603 1601/1601/1601
f 1607/1607/1607 1606/1606/1606 1605/1605/1605
f 1608/1608/1608 1607/1607/1607 1605/1605/1605
f 1611/1611/1611 1610/1610/1610 1609/1609/1609
f 1612/1612/1612 1611/1611/1611 1609/1609/1609
f 1615/1615/1615 1614/1614/1614 1613/1613/1613
f 1616/1616/1616 1615/1615/1615 1613/1613/1613
f 1619/1619/1619 1618/1618/1618 1617/1617/1617
f 1620/1620/1620 1619/1619/1619 1617/1617/1617
f 1623/1623/1623 1622/1622/1622 1621/1621/1621
f 1624/1624/1624 1623/1623/1623 1621/1621/1621
f 1627/1627/1627 1626/1626/1626 1625/1625/1625
f 1628/1628/1628 1627/1627/1627 1625/1625/1625
f 1631/1631/1631 1630/1630/1630 1629/1629/1629
f 1632/1632/1632 1631/1631/1631 1629/1629/1629
f 1635/1635/1635 1634/1634/1634 1633/1633/1633
f 1636/1636/1636 1635/1635/1635 1633/1633/1633
f 1639/1639/1639 1638/1638/1638 1637/1637/1637
f 1640/1640/1640 1639/1639/1639 1637/1637/1637
f 1643/1643/1643 1642/1642/1642 1641/1641/1641
f 1644/1644/1644 1643/1643/1643 1641/1641/1641
f 1647/1647/1647 1646/1646/1646 1645/1645/1645
f 1648/1648/1648 1647/1647/1647 1645/1645/1645
f 1651/1651/1651 1650/1650/1650 1649/1649/1649
f 1652/1652/1652 1651/1651/1651 1649/1649/1649
f 1655/1655/1655 1654/1654/1654 1653/1653/1653
f 1656/1656/1656 1655/1655/1655 1653/1653/1653
f 1659/1659/1659 1658/1658/1658 1657/1657/1657
f 1660/1660/1660 1659/1659/1659 1657/1657/1657
f 1663/1663/1663 1662/1662/1662 1661/1661/1661
f 1664/1664/1664 1663/1663/1663 1661/1661/1661
f 1667/1667/1667 1666/1666/1666 1665/1665/1665
f 1668/1668/1668 1667/1667/1667 1665/1665/1665
f 1671/1671/1671 1670/1670/1670 1669/1669/1669
f 1672/1672/1672 1671/1671/1671 1669/1669/1669
f 1675/1675/1675 1674/1674/1674 1673/1673/1673
f 1676/1676/1676 1675/1675/1675 1673/1673/1673
f 1679/1679/1679 1678/1678/1678 1677/1677/1677
f 1680/1680/1680 1679/1679/1679 1677/1677/1677
f 1683/1683/1683 1682/1682/1682 1681/1681/1681
f 1684/1684/1684 1683/1683/1683 1681/1681/1681
f 1687/1687/1687 1686/1686/1686 1685/1685/1685
f 1688/1688/1688 1687/1687/1687 1685/1685/1685
f 1691/1691/1691 1690/1690/1690 1689/1689/1689
f 1692/1692/1692 1691/1691/1691 1689/1689/1689
f 1695/1695/1695 1694/1694/1694 1693/1693/1693
f 1696/1696/1696 1695/1695/1695 1693/1693/1693
f 1699/1699/1699 1698/1698/1698 1697/1697/1697
f 1700/1700/1700 1699/1699/1699 1697/1697/1697
f 1703/1703/1703 1702/1702/1702 1701/1701/1701
f 1704/1704/1704 1703/1703/1703 1701/1701/1701
f 1707/1707/1707 1706/1706/1706 1705/1705/1705
f 1705/1705/1705 1708/1708/1708 1707/1707/1707
f 1705/1705/1705 1709/1709/1709 1708/1708/1708
f 1709/1709/1709 1710/1710/1710 1708/1708/1708
f 1709/1709/1709 1711/1711/1711 1710/1710/1710
f 1711/1711/1711 1712/1712/1712 1710/1710/1710
f 1711/1711/1711 1713/1713/1713 1712/1712/1712
f 1713/1713/1713 1714/1714/1714 1712/1712/1712
f 1717/1717/1717 1716/1716/1716 1715/1715/1715
f 1715/1715/1715 1718/1718/1718 1717/1717/1717
f 1718/1718/1718 1719/1719/1719 1717/1717/1717
f 1718/1718/1718 1720/1720/1720 1719/1719/1719
f 1720/1720/1720 1721/1721/1721 1719/1719/1719
f 1720/1720/1720 1722/1722/1722 1721/1721/1721
f 1722/1722/1722 1723/1723/1723 1721/1721/1721
f 1722/1722/1722 1724/1724/1724 1723/1723/1723
f 1727/1727/1727 1726/1726/1726 1725/1725/1725
f 1728/1728/1728 1727/1727/1727 1725/1725/1725
f 1731/1731/1731 1730/1730/1730 1729/1729/1729
f 1732/1732/1732 1731/1731/1731 1729/1729/1729
f 1735/1735/1735 1734/1734/1734 1733/1733/1733
f 1736/1736/1736 1735/1735/1735 1733/1733/1733
f 1739/1739/1739 1738/1738/1738 1737/1737/1737
f 1740/1740/1740 1739/1739/1739 1737/1737/1737
f 1743/1743/1743 1742/1742/1742 1741/1741/1741
f 1744/1744/1744 1743/1743/1743 1741/1741/1741
f 1747/1747/1747 1746/1746/1746 1745/1745/1745
f 1748/1748/1748 1747/1747/1747 1745/1745/1745
f 1751/1751/1751 1750/1750/1750 1749/1749/1749
f 1752/1752/1752 1751/1751/1751 1749/1749/1749
f 1755/1755/1755 1754/1754/1754 1753/1753/1753
f 1756/1756/1756 1755/1755/1755 1753/1753/1753
f 1759/1759/1759 1758/1758/1758 1757/1757/1757
f 1760/1760/1760 1759/1759/1759 1757/1757/1757
f 1763/1763/1763 1762/1762/1762 1761/1761/1761
f 1764/1764/1764 1763/1763/1763 1761/1761/1761
f 1767/1767/1767 1766/1766/1766 1765/1765/1765
f 1768/1768/1768 1767/1767/1767 1765/1765/1765
f 1771/1771/1771 1770/1770/1770 1769/1769/1769
f 1772/1772/1772 1771/1771/1771 1769/1769/1769
f 1775/1775/1775 1774/1774/1774 1773/1773/1773
f 1773/1773/1773 1776/1776/1776 1775/1775/1775
f 1773/1773/1773 1777/1777/1777 1776/1776/1776
f 1777/1777/1777 1778/1778/1778 1776/1776/1776
f 1778/1778/1778 1779/1779/1779 1776/1776/1776
f 1779/1779/1779 1780/1780/1780 1776/1776/1776
f 1780/1780/1780 1781/1781/1781 1776/1776/1776
f 1781/1781/1781 1782/1782/1782 1776/1776/1776
f 1782/1782/1782 1783/1783/1783 1776/1776/1776
f 1783/1783/1783 1784/1784/1784 1776/1776/1776
f 1787/1787/1787 1786/1786/1786 1785/1785/1785
f 1788/1788/1788 1787/1787/1787 1785/1785/1785
f 1791/1791/1791 1790/1790/1790 1789/1789/1789
f 1792/1792/1792 1791/1791/1791 1789/1789/1789
f 1795/1795/1795 1794/1794/1794 1793/1793/1793
f 1796/1796/1796 1795/1795/1795 1793/1793/1793
f 1799/1799/1799 1798/1798/1798 1797/1797/1797
f 1800/1800/1800 1799/1799/1799 1797/1797/1797
f 1803/1803/1803 1802/1802/1802 1801/1801/1801
f 1804/1804/1804 1803/1803/1803 1801/1801/1801
f 1807/1807/1807 1806/1806/1806 1805/1805/1805
f 1808/1808/1808 1807/1807/1807 1805/1805/1805
f 1811/1811/1811 1810/1810/1810 1809/1809/1809
f 1812/1812/1812 1811/1811/1811 1809/1809/1809
f 1815/1815/1815 1814/1814/1814 1813/1813/1813
f 1816/1816/1816 1815/1815/1815 1813/1813/1813
f 1818/1818/1818 12/12/12 1817/1817/1817
f 12/12/12 1819/1819/1819 1817/1817/1817
f 1821/1821/1821 1820/1820/1820 1819/1819/1819
f 1822/1822/1822 1821/1821/1821 1819/1819/1819
f 1825/1825/1825 1824/1824/1824 1823/1823/1823
f 1824/1824/1824 64/64/64 1823/1823/1823
f 64/64/64 1826/1826/1826 1823/1823/1823
f 1829/1829/1829 1828/1828/1828 1827/1827/1827
f 1828/1828/1828 1830/1830/1830 1827/1827/1827
f 1830/1830/1830 1831/1831/1831 1827/1827/1827
f 1830/1830/1830 1832/1832/1832 1831/1831/1831
f 1832/1832/1832 1833/1833/1833 1831/1831/1831
f 1834/1834/1834 1833/1833/1833 1832/1832/1832
f 1828/1828/1828 1835/1835/1835 1830/1830/1830
f 1835/1835/1835 1832/1832/1832 1830/1830/1830
f 1836/1836/1836 1835/1835/1835 1828/1828/1828
f 1837/1837/1837 1836/1836/1836 1828/1828/1828
f 1835/1835/1835 1838/1838/1838 1832/1832/1832
f 1836/1836/1836 1838/1838/1838 1835/1835/1835
f 1838/1838/1838 1839/1839/1839 1832/1832/1832
f 1834/1834/1834 1832/1832/1832 1839/1839/1839
f 1839/1839/1839 1840/1840/1840 1834/1834/1834
f 1840/1840/1840 1841/1841/1841 1834/1834/1834
f 1841/1841/1841 1842/1842/1842 1834/1834/1834
f 1843/1843/1843 1842/1842/1842 1841/1841/1841
f 1844/1844/1844 1836/1836/1836 1837/1837/1837
f 1845/1845/1845 1836/1836/1836 1844/1844/1844
f 1846/1846/1846 1844/1844/1844 1837/1837/1837
f 1846/1846/1846 1837/1837/1837 1847/1847/1847
f 1848/1848/1848 1845/1845/1845 1844/1844/1844
f 1844/1844/1844 1849/1849/1849 1848/1848/1848
f 1845/1845/1845 1848/1848/1848 1850/1850/1850
f 1850/1850/1850 1851/1851/1851 1840/1840/1840
f 1848/1848/1848 1851/1851/1851 1850/1850/1850
f 1849/1849/1849 1852/1852/1852 1848/1848/1848
f 1852/1852/1852 1853/1853/1853 1848/1848/1848
f 1854/1854/1854 1853/1853/1853 1852/1852/1852
f 1852/1852/1852 1855/1855/1855 1854/1854/1854
f 1855/1855/1855 1856/1856/1856 1854/1854/1854
f 1854/1854/1854 1857/1857/1857 1853/1853/1853
f 1857/1857/1857 1854/1854/1854 1858/1858/1858
f 1856/1856/1856 1859/1859/1859 1854/1854/1854
f 1856/1856/1856 1860/1860/1860 1859/1859/1859
f 1854/1854/1854 1861/1861/1861 1858/1858/1858
f 1854/1854/1854 1859/1859/1859 1861/1861/1861
f 1858/1858/1858 1861/1861/1861 1862/1862/1862
f 1859/1859/1859 1860/1860/1860 1863/1863/1863
f 1859/1859/1859 1863/1863/1863 1861/1861/1861
f 1861/1861/1861 1863/1863/1863 1862/1862/1862
f 1860/1860/1860 1864/1864/1864 1863/1863/1863
f 1863/1863/1863 1864/1864/1864 1865/1865/1865
f 1863/1863/1863 1865/1865/1865 1862/1862/1862
f 1864/1864/1864 1866/1866/1866 1865/1865/1865
f 1865/1865/1865 1866/1866/1866 1867/1867/1867
f 1865/1865/1865 1867/1867/1867 1843/1843/1843
f 1862/1862/1862 1865/1865/1865 1843/1843/1843
f 1868/1868/1868 1862/1862/1862 1843/1843/1843
f 1843/1843/1843 1841/1841/1841 1868/1868/1868
f 1869/1869/1869 1868/1868/1868 1841/1841/1841
f 1870/1870/1870 1869/1869/1869 1841/1841/1841
f 1853/1853/1853 1869/1869/1869 1870/1870/1870
f 1837/1837/1837 1872/1872/1872 1871/1871/1871
f 1873/1873/1873 1837/1837/1837 1871/1871/1871
f 1876/1876/1876 1875/1875/1875 1874/1874/1874
f 1875/1875/1875 1877/1877/1877 1874/1874/1874
f 1874/1874/1874 1877/1877/1877 1878/1878/1878
f 1877/1877/1877 1879/1879/1879 1878/1878/1878
f 1882/1882/1882 1881/1881/1881 1880/1880/1880
f 1883/1883/1883 1882/1882/1882 1880/1880/1880
f 1883/1883/1883 1880/1880/1880 1884/1884/1884
f 1880/1880/1880 1885/1885/1885 1884/1884/1884
f 1888/1888/1888 1887/1887/1887 1886/1886/1886
f 1887/1887/1887 1889/1889/1889 1886/1886/1886
f 1886/1886/1886 1889/1889/1889 1890/1890/1890
f 1889/1889/1889 1891/1891/1891 1890/1890/1890
f 1894/1894/1894 1893/1893/1893 1892/1892/1892
f 1892/1892/1892 1895/1895/1895 1894/1894/1894
f 1892/1892/1892 1896/1896/1896 1895/1895/1895
f 1896/1896/1896 1897/1897/1897 1895/1895/1895
f 1896/1896/1896 1898/1898/1898 1897/1897/1897
f 1896/1896/1896 1899/1899/1899 1898/1898/1898
f 1896/1896/1896 1900/1900/1900 1899/1899/1899
f 1900/1900/1900 1901/1901/1901 1899/1899/1899
f 1904/1904/1904 1903/1903/1903 1902/1902/1902
f 1902/1902/1902 1905/1905/1905 1904/1904/1904
f 1905/1905/1905 1906/1906/1906 1904/1904/1904
f 1905/1905/1905 1907/1907/1907 1906/1906/1906
f 1907/1907/1907 1908/1908/1908 1906/1906/1906
f 1908/1908/1908 1909/1909/1909 1906/1906/1906
f 1909/1909/1909 1910/1910/1910 1906/1906/1906
f 1909/1909/1909 1911/1911/1911 1910/1910/1910
f 1914/1914/1914 1913/1913/1913 1912/1912/1912
f 1915/1915/1915 1914/1914/1914 1912/1912/1912
f 1918/1918/1918 1917/1917/1917 1916/1916/1916
f 1919/1919/1919 1918/1918/1918 1916/1916/1916
f 1922/1922/1922 1921/1921/1921 1920/1920/1920
f 1923/1923/1923 1922/1922/1922 1920/1920/1920
f 1926/1926/1926 1925/1925/1925 1924/1924/1924
f 1927/1927/1927 1926/1926/1926 1924/1924/1924
f 1930/1930/1930 1929/1929/1929 1928/1928/1928
f 1931/1931/1931 1930/1930/1930 1928/1928/1928
f 1934/1934/1934 1933/1933/1933 1932/1932/1932
f 1935/1935/1935 1934/1934/1934 1932/1932/1932
f 1938/1938/1938 1937/1937/1937 1936/1936/1936
f 1939/1939/1939 1938/1938/1938 1936/1936/1936
f 1942/1942/1942 1941/1941/1941 1940/1940/1940
f 1943/1943/1943 1942/1942/1942 1940/1940/1940
f 1946/1946/1946 1945/1945/1945 1944/1944/1944
f 1947/1947/1947 1946/1946/1946 1944/1944/1944
f 1950/1950/1950 1949/1949/1949 1948/1948/1948
f 1951/1951/1951 1950/1950/1950 1948/1948/1948
f 1954/1954/1954 1953/1953/1953 1952/1952/1952
f 1952/1952/1952 1955/1955/1955 1954/1954/1954
f 1952/1952/1952 1956/1956/1956 1955/1955/1955
f 1952/1952/1952 1957/1957/1957 1956/1956/1956
f 1957/1957/1957 1958/1958/1958 1956/1956/1956
f 1958/1958/1958 1959/1959/1959 1956/1956/1956
f 1962/1962/1962 1961/1961/1961 1960/1960/1960
f 1960/1960/1960 1963/1963/1963 1962/1962/1962
f 1960/1960/1960 1964/1964/1964 1963/1963/1963
f 1964/1964/1964 1965/1965/1965 1963/1963/1963
f 1964/1964/1964 1966/1966/1966 1965/1965/1965
f 1966/1966/1966 1967/1967/1967 1965/1965/1965
f 1970/1970/1970 1969/1969/1969 1968/1968/1968
f 1971/1971/1971 1970/1970/1970 1968/1968/1968
f 1974/1974/1974 1973/1973/1973 1972/1972/1972
f 1975/1975/1975 1974/1974/1974 1972/1972/1972
f 1978/1978/1978 1977/1977/1977 1976/1976/1976
f 1979/1979/1979 1978/1978/1978 1976/1976/1976
f 1982/1982/1982 1981/1981/1981 1980/1980/1980
f 1983/1983/1983 1982/1982/1982 1980/1980/1980
f 1986/1986/1986 1985/1985/1985 1984/1984/1984
f 1987/1987/1987 1986/1986/1986 1984/1984/1984
f 1990/1990/1990 1989/1989/1989 1988/1988/1988
f 1991/1991/1991 1990/1990/1990 1988/1988/1988
f 1994/1994/1994 1993/1993/1993 1992/1992/1992
f 1995/1995/1995 1994/1994/1994 1992/1992/1992
f 1998/1998/1998 1997/1997/1997 1996/1996/1996
f 1999/1999/1999 1998/1998/1998 1996/1996/1996
f 2002/2002/2002 2001/2001/2001 2000/2000/2000
f 2000/2000/2000 2003/2003/2003 2002/2002/2002
f 2000/2000/2000 2004/2004/2004 2003/2003/2003
f 2004/2004/2004 2005/2005/2005 2003/2003/2003
f 2004/2004/2004 2006/2006/2006 2005/2005/2005
f 2006/2006/2006 2007/2007/2007 2005/2005/2005
f 2006/2006/2006 2008/2008/2008 2007/2007/2007
f 2008/2008/2008 2009/2009/2009 2007/2007/2007
f 2012/2012/2012 2011/2011/2011 2010/2010/2010
f 2010/2010/2010 2013/2013/2013 2012/2012/2012
f 2013/2013/2013 2014/2014/2014 2012/2012/2012
f 2013/2013/2013 2015/2015/2015 2014/2014/2014
f 2015/2015/2015 2016/2016/2016 2014/2014/2014
f 2015/2015/2015 2017/2017/2017 2016/2016/2016
f 2017/2017/2017 2018/2018/2018 2016/2016/2016
f 2017/2017/2017 2019/2019/2019 2018/2018/2018
f 2022/2022/2022 2021/2021/2021 2020/2020/2020
f 2023/2023/2023 2022/2022/2022 2020/2020/2020
f 2021/2021/2021 2024/2024/2024 2020/2020/2020
f 2025/2025/2025 2023/2023/2023 2020/2020/2020
f 2024/2024/2024 2021/2021/2021 2026/2026/2026
f 2027/2027/2027 2023/2023/2023 2025/2025/2025
f 2021/2021/2021 2028/2028/2028 2026/2026/2026
f 2029/2029/2029 2027/2027/2027 2025/2025/2025
f 2026/2026/2026 2028/2028/2028 2030/2030/2030
f 2031/2031/2031 2027/2027/2027 2029/2029/2029
f 2028/2028/2028 2032/2032/2032 2030/2030/2030
f 2033/2033/2033 2031/2031/2031 2029/2029/2029
f 2030/2030/2030 2032/2032/2032 2034/2034/2034
f 2035/2035/2035 2031/2031/2031 2033/2033/2033
f 2032/2032/2032 2036/2036/2036 2034/2034/2034
f 2037/2037/2037 2035/2035/2035 2033/2033/2033
f 2034/2034/2034 2036/2036/2036 2038/2038/2038
f 2039/2039/2039 2035/2035/2035 2037/2037/2037
f 2036/2036/2036 2040/2040/2040 2038/2038/2038
f 2041/2041/2041 2039/2039/2039 2037/2037/2037
f 2038/2038/2038 2040/2040/2040 2042/2042/2042
f 2043/2043/2043 2039/2039/2039 2041/2041/2041
f 2040/2040/2040 2044/2044/2044 2042/2042/2042
f 2045/2045/2045 2043/2043/2043 2041/2041/2041
f 2042/2042/2042 2044/2044/2044 2046/2046/2046
f 2047/2047/2047 2043/2043/2043 2045/2045/2045
f 2044/2044/2044 2048/2048/2048 2046/2046/2046
f 2049/2049/2049 2047/2047/2047 2045/2045/2045
f 2046/2046/2046 2048/2048/2048 2050/2050/2050
f 2051/2051/2051 2047/2047/2047 2049/2049/2049
f 2048/2048/2048 2052/2052/2052 2050/2050/2050
f 2053/2053/2053 2051/2051/2051 2049/2049/2049
f 2050/2050/2050 2052/2052/2052 2054/2054/2054
f 2055/2055/2055 2051/2051/2051 2053/2053/2053
f 2054/2054/2054 2055/2055/2055 2053/2053/2053
f 2052/2052/2052 2055/2055/2055 2054/2054/2054
f 2058/2058/2058 2057/2057/2057 2056/2056/2056
f 2059/2059/2059 2058/2058/2058 2056/2056/2056
f 2060/2060/2060 2059/2059/2059 2056/2056/2056
f 2061/2061/2061 2059/2059/2059 2060/2060/2060
f 2061/2061/2061 2062/2062/2062 2059/2059/2059
f 2062/2062/2062 2061/2061/2061 2063/2063/2063
f 2061/2061/2061 2064/2064/2064 2063/2063/2063
f 2065/2065/2065 2061/2061/2061 2060/2060/2060
f 2061/2061/2061 2065/2065/2065 2064/2064/2064
f 2064/2064/2064 2066/2066/2066 2063/2063/2063
f 2066/2066/2066 2067/2067/2067 2063/2063/2063
f 2067/2067/2067 2068/2068/2068 2057/2057/2057
f 2069/2069/2069 2068/2068/2068 2067/2067/2067
f 2066/2066/2066 2069/2069/2069 2067/2067/2067
f 2068/2068/2068 2070/2070/2070 2057/2057/2057
f 2071/2071/2071 2069/2069/2069 2066/2066/2066
f 2057/2057/2057 2070/2070/2070 2072/2072/2072
f 2057/2057/2057 2072/2072/2072 2056/2056/2056
f 2070/2070/2070 2073/2073/2073 2072/2072/2072
f 2074/2074/2074 2071/2071/2071 2066/2066/2066
f 2074/2074/2074 2066/2066/2066 2064/2064/2064
f 2075/2075/2075 2071/2071/2071 2074/2074/2074
f 2056/2056/2056 2072/2072/2072 2076/2076/2076
f 2060/2060/2060 2056/2056/2056 2076/2076/2076
f 2072/2072/2072 2073/2073/2073 2077/2077/2077
f 2072/2072/2072 2077/2077/2077 2076/2076/2076
f 2073/2073/2073 2078/2078/2078 2077/2077/2077
f 2079/2079/2079 2074/2074/2074 2064/2064/2064
f 2065/2065/2065 2079/2079/2079 2064/2064/2064
f 2080/2080/2080 2075/2075/2075 2074/2074/2074
f 2080/2080/2080 2074/2074/2074 2079/2079/2079
f 2081/2081/2081 2075/2075/2075 2080/2080/2080
f 2078/2078/2078 2081/2081/2081 2082/2082/2082
f 2077/2077/2077 2078/2078/2078 2082/2082/2082
f 2082/2082/2082 2081/2081/2081 2080/2080/2080
f 2083/2083/2083 2060/2060/2060 2076/2076/2076
f 2065/2065/2065 2060/2060/2060 2083/2083/2083
f 2076/2076/2076 2077/2077/2077 2084/2084/2084
f 2077/2077/2077 2082/2082/2082 2084/2084/2084
f 2083/2083/2083 2076/2076/2076 2084/2084/2084
f 2082/2082/2082 2080/2080/2080 2085/2085/2085
f 2085/2085/2085 2080/2080/2080 2079/2079/2079
f 2084/2084/2084 2082/2082/2082 2085/2085/2085
f 2065/2065/2065 2086/2086/2086 2079/2079/2079
f 2086/2086/2086 2065/2065/2065 2083/2083/2083
f 2086/2086/2086 2085/2085/2085 2079/2079/2079
f 2087/2087/2087 2083/2083/2083 2084/2084/2084
f 2087/2087/2087 2084/2084/2084 2085/2085/2085
f 2083/2083/2083 2087/2087/2087 2086/2086/2086
f 2086/2086/2086 2087/2087/2087 2085/2085/2085
f 2090/2090/2090 2089/2089/2089 2088/2088/2088
f 2089/2089/2089 2090/2090/2090 2091/2091/2091
f 2089/2089/2089 2092/2092/2092 2088/2088/2088
f 2093/2093/2093 2089/2089/2089 2091/2091/2091
f 2088/2088/2088 2092/2092/2092 2094/2094/2094
f 2093/2093/2093 2091/2091/2091 2094/2094/2094
f 2092/2092/2092 2095/2095/2095 2094/2094/2094
f 2095/2095/2095 2093/2093/2093 2094/2094/2094
f 2098/2098/2098 2097/2097/2097 2096/2096/2096
f 2097/2097/2097 2098/2098/2098 2099/2099/2099
f 2100/2100/2100 2098/2098/2098 2096/2096/2096
f 2098/2098/2098 2101/2101/2101 2099/2099/2099
f 2100/2100/2100 2096/2096/2096 2102/2102/2102
f 2099/2099/2099 2101/2101/2101 2102/2102/2102
f 2103/2103/2103 2100/2100/2100 2102/2102/2102
f 2101/2101/2101 2103/2103/2103 2102/2102/2102
f 2106/2106/2106 2105/2105/2105 2104/2104/2104
f 2107/2107/2107 2106/2106/2106 2104/2104/2104
f 2104/2104/2104 2105/2105/2105 2108/2108/2108
f 2109/2109/2109 2106/2106/2106 2107/2107/2107
f 2105/2105/2105 2110/2110/2110 2108/2108/2108
f 2111/2111/2111 2109/2109/2109 2107/2107/2107
f 2108/2108/2108 2110/2110/2110 2112/2112/2112
f 2113/2113/2113 2109/2109/2109 2111/2111/2111
f 2110/2110/2110 2114/2114/2114 2112/2112/2112
f 2115/2115/2115 2113/2113/2113 2111/2111/2111
f 2112/2112/2112 2114/2114/2114 2116/2116/2116
f 2117/2117/2117 2113/2113/2113 2115/2115/2115
f 2114/2114/2114 2118/2118/2118 2116/2116/2116
f 2119/2119/2119 2117/2117/2117 2115/2115/2115
f 2116/2116/2116 2118/2118/2118 2120/2120/2120
f 2121/2121/2121 2117/2117/2117 2119/2119/2119
f 2118/2118/2118 2122/2122/2122 2120/2120/2120
f 2123/2123/2123 2121/2121/2121 2119/2119/2119
f 2120/2120/2120 2122/2122/2122 2123/2123/2123
f 2122/2122/2122 2121/2121/2121 2123/2123/2123
f 2126/2126/2126 2125/2125/2125 2124/2124/2124
f 2127/2127/2127 2126/2126/2126 2124/2124/2124
f 2124/2124/2124 2125/2125/2125 2128/2128/2128
f 2129/2129/2129 2126/2126/2126 2127/2127/2127
f 2125/2125/2125 2130/2130/2130 2128/2128/2128
f 2131/2131/2131 2129/2129/2129 2127/2127/2127
f 2128/2128/2128 2130/2130/2130 2132/2132/2132
f 2133/2133/2133 2129/2129/2129 2131/2131/2131
f 2130/2130/2130 2134/2134/2134 2132/2132/2132
f 2135/2135/2135 2133/2133/2133 2131/2131/2131
f 2132/2132/2132 2134/2134/2134 2136/2136/2136
f 2137/2137/2137 2133/2133/2133 2135/2135/2135
f 2134/2134/2134 2138/2138/2138 2136/2136/2136
f 2139/2139/2139 2137/2137/2137 2135/2135/2135
f 2136/2136/2136 2138/2138/2138 2140/2140/2140
f 2141/2141/2141 2137/2137/2137 2139/2139/2139
f 2138/2138/2138 2142/2142/2142 2140/2140/2140
f 2143/2143/2143 2141/2141/2141 2139/2139/2139
f 2140/2140/2140 2142/2142/2142 2143/2143/2143
f 2142/2142/2142 2141/2141/2141 2143/2143/2143
f 2146/2146/2146 2145/2145/2145 2144/2144/2144
f 2147/2147/2147 2146/2146/2146 2144/2144/2144
f 2144/2144/2144 2145/2145/2145 2148/2148/2148
f 2149/2149/2149 2146/2146/2146 2147/2147/2147
f 2145/2145/2145 2150/2150/2150 2148/2148/2148
f 2151/2151/2151 2149/2149/2149 2147/2147/2147
f 2148/2148/2148 2150/2150/2150 2152/2152/2152
f 2153/2153/2153 2149/2149/2149 2151/2151/2151
f 2150/2150/2150 2154/2154/2154 2152/2152/2152
f 2155/2155/2155 2153/2153/2153 2151/2151/2151
f 2152/2152/2152 2154/2154/2154 2156/2156/2156
f 2157/2157/2157 2153/2153/2153 2155/2155/2155
f 2154/2154/2154 2158/2158/2158 2156/2156/2156
f 2159/2159/2159 2157/2157/2157 2155/2155/2155
f 2156/2156/2156 2158/2158/2158 2160/2160/2160
f 2161/2161/2161 2157/2157/2157 2159/2159/2159
f 2158/2158/2158 2162/2162/2162 2160/2160/2160
f 2163/2163/2163 2161/2161/2161 2159/2159/2159
f 2160/2160/2160 2162/2162/2162 2163/2163/2163
f 2162/2162/2162 2161/2161/2161 2163/2163/2163
f 2166/2166/2166 2165/2165/2165 2164/2164/2164
f 2167/2167/2167 2166/2166/2166 2164/2164/2164
f 2164/2164/2164 2165/2165/2165 2168/2168/2168
f 2169/2169/2169 2166/2166/2166 2167/2167/2167
f 2165/2165/2165 2170/2170/2170 2168/2168/2168
f 2171/2171/2171 2169/2169/2169 2167/2167/2167
f 2168/2168/2168 2170/2170/2170 2172/2172/2172
f 2173/2173/2173 2169/2169/2169 2171/2171/2171
f 2170/2170/2170 2174/2174/2174 2172/2172/2172
f 2175/2175/2175 2173/2173/2173 2171/2171/2171
f 2172/2172/2172 2174/2174/2174 2176/2176/2176
f 2177/2177/2177 2173/2173/2173 2175/2175/2175
f 2174/2174/2174 2178/2178/2178 2176/2176/2176
f 2179/2179/2179 2177/2177/2177 2175/2175/2175
f 2176/2176/2176 2178/2178/2178 2180/2180/2180
f 2181/2181/2181 2177/2177/2177 2179/2179/2179
f 2178/2178/2178 2182/2182/2182 2180/2180/2180
f 2183/2183/2183 2181/2181/2181 2179/2179/2179
f 2180/2180/2180 2182/2182/2182 2183/2183/2183
f 2182/2182/2182 2181/2181/2181 2183/2183/2183
f 2186/2186/2186 2185/2185/2185 2184/2184/2184
f 2187/2187/2187 2186/2186/2186 2184/2184/2184
f 2186/2186/2186 2188/2188/2188 2185/2185/2185
f 2187/2187/2187 2184/2184/2184 2189/2189/2189
f 2188/2188/2188 2190/2190/2190 2185/2185/2185
f 2191/2191/2191 2187/2187/2187 2189/2189/2189
f 2191/2191/2191 2189/2189/2189 2190/2190/2190
f 2188/2188/2188 2191/2191/2191 2190/2190/2190
f 2194/2194/2194 2193/2193/2193 2192/2192/2192
f 2195/2195/2195 2194/2194/2194 2192/2192/2192
f 2194/2194/2194 2196/2196/2196 2193/2193/2193
f 2195/2195/2195 2192/2192/2192 2197/2197/2197
f 2196/2196/2196 2198/2198/2198 2193/2193/2193
f 2199/2199/2199 2195/2195/2195 2197/2197/2197
f 2199/2199/2199 2197/2197/2197 2198/2198/2198
f 2196/2196/2196 2199/2199/2199 2198/2198/2198
f 2202/2202/2202 2201/2201/2201 2200/2200/2200
f 2201/2201/2201 2203/2203/2203 2200/2200/2200
f 2204/2204/2204 2201/2201/2201 2202/2202/2202
f 2200/2200/2200 2203/2203/2203 2205/2205/2205
f 2206/2206/2206 2204/2204/2204 2202/2202/2202
f 2203/2203/2203 2207/2207/2207 2205/2205/2205
f 2208/2208/2208 2204/2204/2204 2206/2206/2206
f 2205/2205/2205 2207/2207/2207 2209/2209/2209
f 2210/2210/2210 2208/2208/2208 2206/2206/2206
f 2207/2207/2207 2211/2211/2211 2209/2209/2209
f 2212/2212/2212 2208/2208/2208 2210/2210/2210
f 2209/2209/2209 2211/2211/2211 2213/2213/2213
f 2214/2214/2214 2212/2212/2212 2210/2210/2210
f 2211/2211/2211 2215/2215/2215 2213/2213/2213
f 2215/2215/2215 2212/2212/2212 2214/2214/2214
f 2213/2213/2213 2215/2215/2215 2214/2214/2214
f 2218/2218/2218 2217/2217/2217 2216/2216/2216
f 2217/2217/2217 2219/2219/2219 2216/2216/2216
f 2218/2218/2218 2216/2216/2216 2220/2220/2220
f 2217/2217/2217 2221/2221/2221 2219/2219/2219
f 2222/2222/2222 2218/2218/2218 2220/2220/2220
f 2221/2221/2221 2223/2223/2223 2219/2219/2219
f 2222/2222/2222 2220/2220/2220 2224/2224/2224
f 2221/2221/2221 2225/2225/2225 2223/2223/2223
f 2226/2226/2226 2222/2222/2222 2224/2224/2224
f 2225/2225/2225 2227/2227/2227 2223/2223/2223
f 2226/2226/2226 2224/2224/2224 2228/2228/2228
f 2225/2225/2225 2229/2229/2229 2227/2227/2227
f 2230/2230/2230 2226/2226/2226 2228/2228/2228
f 2229/2229/2229 2231/2231/2231 2227/2227/2227
f 2230/2230/2230 2228/2228/2228 2231/2231/2231
f 2229/2229/2229 2230/2230/2230 2231/2231/2231
f 2234/2234/2234 2233/2233/2233 2232/2232/2232
f 2235/2235/2235 2234/2234/2234 2232/2232/2232
f 2232/2232/2232 2233/2233/2233 2236/2236/2236
f 2237/2237/2237 2234/2234/2234 2235/2235/2235
f 2233/2233/2233 2238/2238/2238 2236/2236/2236
f 2239/2239/2239 2237/2237/2237 2235/2235/2235
f 2236/2236/2236 2238/2238/2238 2239/2239/2239
f 2238/2238/2238 2237/2237/2237 2239/2239/2239
f 2242/2242/2242 2241/2241/2241 2240/2240/2240
f 2243/2243/2243 2242/2242/2242 2240/2240/2240
f 2240/2240/2240 2241/2241/2241 2244/2244/2244
f 2245/2245/2245 2242/2242/2242 2243/2243/2243
f 2241/2241/2241 2246/2246/2246 2244/2244/2244
f 2247/2247/2247 2245/2245/2245 2243/2243/2243
f 2244/2244/2244 2246/2246/2246 2247/2247/2247
f 2246/2246/2246 2245/2245/2245 2247/2247/2247
f 2250/2250/2250 2249/2249/2249 2248/2248/2248
f 2251/2251/2251 2250/2250/2250 2248/2248/2248
f 2250/2250/2250 2252/2252/2252 2249/2249/2249
f 2251/2251/2251 2248/2248/2248 2253/2253/2253
f 2252/2252/2252 2254/2254/2254 2249/2249/2249
f 2255/2255/2255 2251/2251/2251 2253/2253/2253
f 2255/2255/2255 2253/2253/2253 2254/2254/2254
f 2252/2252/2252 2255/2255/2255 2254/2254/2254
f 2258/2258/2258 2257/2257/2257 2256/2256/2256
f 2259/2259/2259 2258/2258/2258 2256/2256/2256
f 2256/2256/2256 2257/2257/2257 2260/2260/2260
f 2261/2261/2261 2258/2258/2258 2259/2259/2259
f 2257/2257/2257 2262/2262/2262 2260/2260/2260
f 2263/2263/2263 2261/2261/2261 2259/2259/2259
f 2260/2260/2260 2262/2262/2262 2263/2263/2263
f 2262/2262/2262 2261/2261/2261 2263/2263/2263
f 2266/2266/2266 2265/2265/2265 2264/2264/2264
f 2267/2267/2267 2266/2266/2266 2264/2264/2264
f 2264/2264/2264 2265/2265/2265 2268/2268/2268
f 2269/2269/2269 2266/2266/2266 2267/2267/2267
f 2265/2265/2265 2270/2270/2270 2268/2268/2268
f 2271/2271/2271 2269/2269/2269 2267/2267/2267
f 2268/2268/2268 2270/2270/2270 2271/2271/2271
f 2270/2270/2270 2269/2269/2269 2271/2271/2271
f 2274/2274/2274 2273/2273/2273 2272/2272/2272
f 2275/2275/2275 2274/2274/2274 2272/2272/2272
f 2274/2274/2274 2276/2276/2276 2273/2273/2273
f 2275/2275/2275 2272/2272/2272 2277/2277/2277
f 2276/2276/2276 2278/2278/2278 2273/2273/2273
f 2279/2279/2279 2275/2275/2275 2277/2277/2277
f 2279/2279/2279 2277/2277/2277 2278/2278/2278
f 2276/2276/2276 2279/2279/2279 2278/2278/2278
f 2282/2282/2282 2281/2281/2281 2280/2280/2280
f 2283/2283/2283 2282/2282/2282 2280/2280/2280
f 2282/2282/2282 2284/2284/2284 2281/2281/2281
f 2283/2283/2283 2280/2280/2280 2285/2285/2285
f 2284/2284/2284 2286/2286/2286 2281/2281/2281
f 2287/2287/2287 2283/2283/2283 2285/2285/2285
f 2287/2287/2287 2285/2285/2285 2286/2286/2286
f 2284/2284/2284 2287/2287/2287 2286/2286/2286
f 2290/2290/2290 2289/2289/2289 2288/2288/2288
f 2291/2291/2291 2290/2290/2290 2288/2288/2288
f 2290/2290/2290 2292/2292/2292 2289/2289/2289
f 2291/2291/2291 2288/2288/2288 2293/2293/2293
f 2292/2292/2292 2294/2294/2294 2289/2289/2289
f 2295/2295/2295 2291/2291/2291 2293/2293/2293
f 2295/2295/2295 2293/2293/2293 2294/2294/2294
f 2292/2292/2292 2295/2295/2295 2294/2294/2294
f 2298/2298/2298 2297/2297/2297 2296/2296/2296
f 2299/2299/2299 2298/2298/2298 2296/2296/2296
f 2296/2296/2296 2297/2297/2297 2300/2300/2300
f 2301/2301/2301 2298/2298/2298 2299/2299/2299
f 2297/2297/2297 2302/2302/2302 2300/2300/2300
f 2303/2303/2303 2301/2301/2301 2299/2299/2299
f 2300/2300/2300 2302/2302/2302 2303/2303/2303
f 2302/2302/2302 2301/2301/2301 2303/2303/2303
f 2306/2306/2306 2305/2305/2305 2304/2304/2304
f 2307/2307/2307 2306/2306/2306 2304/2304/2304
f 2306/2306/2306 2308/2308/2308 2305/2305/2305
f 2307/2307/2307 2304/2304/2304 2309/2309/2309
f 2308/2308/2308 2310/2310/2310 2305/2305/2305
f 2311/2311/2311 2307/2307/2307 2309/2309/2309
f 2311/2311/2311 2309/2309/2309 2310/2310/2310
f 2308/2308/2308 2311/2311/2311 2310/2310/2310
f 2314/2314/2314 2313/2313/2313 2312/2312/2312
f 2315/2315/2315 2314/2314/2314 2312/2312/2312
f 2314/2314/2314 2316/2316/2316 2313/2313/2313
f 2315/2315/2315 2312/2312/2312 2317/2317/2317
f 2316/2316/2316 2318/2318/2318 2313/2313/2313
f 2319/2319/2319 2315/2315/2315 2317/2317/2317
f 2319/2319/2319 2317/2317/2317 2318/2318/2318
f 2316/2316/2316 2319/2319/2319 2318/2318/2318
f 2322/2322/2322 2321/2321/2321 2320/2320/2320
f 2323/2323/2323 2322/2322/2322 2320/2320/2320
f 2320/2320/2320 2321/2321/2321 2324/2324/2324
f 2325/2325/2325 2322/2322/2322 2323/2323/2323
f 2321/2321/2321 2326/2326/2326 2324/2324/2324
f 2327/2327/2327 2325/2325/2325 2323/2323/2323
f 2324/2324/2324 2326/2326/2326 2327/2327/2327
f 2326/2326/2326 2325/2325/2325 2327/2327/2327
f 2330/2330/2330 2329/2329/2329 2328/2328/2328
f 2331/2331/2331 2330/2330/2330 2328/2328/2328
f 2328/2328/2328 2329/2329/2329 2332/2332/2332
f 2333/2333/2333 2330/2330/2330 2331/2331/2331
f 2329/2329/2329 2334/2334/2334 2332/2332/2332
f 2335/2335/2335 2333/2333/2333 2331/2331/2331
f 2332/2332/2332 2334/2334/2334 2336/2336/2336
f 2337/2337/2337 2333/2333/2333 2335/2335/2335
f 2334/2334/2334 2338/2338/2338 2336/2336/2336
f 2339/2339/2339 2337/2337/2337 2335/2335/2335
f 2336/2336/2336 2338/2338/2338 2340/2340/2340
f 2341/2341/2341 2337/2337/2337 2339/2339/2339
f 2338/2338/2338 2342/2342/2342 2340/2340/2340
f 2343/2343/2343 2341/2341/2341 2339/2339/2339
f 2340/2340/2340 2342/2342/2342 2344/2344/2344
f 2345/2345/2345 2341/2341/2341 2343/2343/2343
f 2342/2342/2342 2346/2346/2346 2344/2344/2344
f 2347/2347/2347 2345/2345/2345 2343/2343/2343
f 2344/2344/2344 2346/2346/2346 2347/2347/2347
f 2346/2346/2346 2345/2345/2345 2347/2347/2347
f 2350/2350/2350 2349/2349/2349 2348/2348/2348
f 2351/2351/2351 2350/2350/2350 2348/2348/2348
f 2348/2348/2348 2349/2349/2349 2352/2352/2352
f 2353/2353/2353 2350/2350/2350 2351/2351/2351
f 2349/2349/2349 2354/2354/2354 2352/2352/2352
f 2355/2355/2355 2353/2353/2353 2351/2351/2351
f 2352/2352/2352 2354/2354/2354 2356/2356/2356
f 2357/2357/2357 2353/2353/2353 2355/2355/2355
f 2354/2354/2354 2358/2358/2358 2356/2356/2356
f 2359/2359/2359 2357/2357/2357 2355/2355/2355
f 2356/2356/2356 2358/2358/2358 2360/2360/2360
f 2361/2361/2361 2357/2357/2357 2359/2359/2359
f 2358/2358/2358 2362/2362/2362 2360/2360/2360
f 2363/2363/2363 2361/2361/2361 2359/2359/2359
f 2360/2360/2360 2362/2362/2362 2364/2364/2364
f 2365/2365/2365 2361/2361/2361 2363/2363/2363
f 2362/2362/2362 2366/2366/2366 2364/2364/2364
f 2367/2367/2367 2365/2365/2365 2363/2363/2363
f 2364/2364/2364 2366/2366/2366 2367/2367/2367
f 2366/2366/2366 2365/2365/2365 2367/2367/2367
f 2370/2370/2370 2369/2369/2369 2368/2368/2368
f 2371/2371/2371 2370/2370/2370 2368/2368/2368
f 2368/2368/2368 2369/2369/2369 2372/2372/2372
f 2373/2373/2373 2370/2370/2370 2371/2371/2371
f 2369/2369/2369 2374/2374/2374 2372/2372/2372
f 2375/2375/2375 2373/2373/2373 2371/2371/2371
f 2372/2372/2372 2374/2374/2374 2376/2376/2376
f 2377/2377/2377 2373/2373/2373 2375/2375/2375
f 2374/2374/2374 2378/2378/2378 2376/2376/2376
f 2379/2379/2379 2377/2377/2377 2375/2375/2375
f 2376/2376/2376 2378/2378/2378 2380/2380/2380
f 2381/2381/2381 2377/2377/2377 2379/2379/2379
f 2378/2378/2378 2382/2382/2382 2380/2380/2380
f 2383/2383/2383 2381/2381/2381 2379/2379/2379
f 2380/2380/2380 2382/2382/2382 2384/2384/2384
f 2385/2385/2385 2381/2381/2381 2383/2383/2383
f 2382/2382/2382 2386/2386/2386 2384/2384/2384
f 2387/2387/2387 2385/2385/2385 2383/2383/2383
f 2384/2384/2384 2386/2386/2386 2387/2387/2387
f 2386/2386/2386 2385/2385/2385 2387/2387/2387
