g Tablet
v -1.4052448 -213.38823 4.0803666
v 1.9268398 -210.49715 4.3722067
v 1.8081207 -210.60016 4.0803666
v -21.57119 -158.53563 4.0803666
v -17.82634 -156.20383 4.3722067
v -17.959766 -156.28691 4.0803666
v 5.075674 -63.686264 4.0803666
v 9.408634 -62.85765 4.3722067
v 9.254254 -62.88717 4.0803666
v 32.85775 -53.15557 4.0803666
v 36.202606 -50.27928 4.3722067
v 36.083435 -50.38176 4.0803666
v 31.944326 34.3013 4.0803666
v 35.884315 36.285652 4.3722067
v 35.743935 36.21495 4.0803666
v -21.573654 171.02313 4.0803666
v -18.010342 173.62389 4.3722067
v -18.137306 173.53123 4.0803666
v 36.148357 155.31786 4.0803666
v 39.737778 157.88245 4.3722067
v 39.60989 157.79109 4.0803666
v -15.7763 -193.36201 6.864117
v -15.883749 -193.47672 6.572277
v -15.883749 -193.47672 5.472242
v -12.760525 -190.14233 5.472242
v -15.516895 -193.08507 6.985001
v -13.127378 -190.534 6.985001
v -12.867973 -190.25705 6.864117
v -12.760525 -190.14233 6.572277
v -12.760525 -190.14233 5.472242
v -15.883749 -193.47672 5.472242
v -15.883749 -193.47672 4.3722067
v -15.7763 -193.36201 4.0803666
v -15.516895 -193.08507 3.9594822
v -13.127378 -190.534 3.9594822
v -12.867975 -190.25705 4.0803666
v -12.760525 -190.14233 4.3722067
v -12.185524 -190.68092 5.472242
v -15.308746 -194.0153 5.472242
v -15.308746 -194.0153 6.572277
v -15.201298 -193.90059 6.864117
v -14.941893 -193.62366 6.985001
v -12.552378 -191.07259 6.985001
v -12.292973 -190.79564 6.864117
v -12.185524 -190.68092 6.572277
v -15.201298 -193.90059 4.0803666
v -15.308746 -194.0153 4.3722067
v -15.308746 -194.0153 5.472242
v -12.185524 -190.68092 5.472242
v -14.941893 -193.62366 3.9594822
v -12.552378 -191.07259 3.9594822
v -12.292973 -190.79564 4.0803666
v -12.185524 -190.68092 4.3722067
v -2.0402832 -212.89616 6.572277
v -2.0402832 -212.89616 5.472242
v 1.4105196 -209.90207 5.472242
v 1.4105196 -209.90207 6.572277
v -1.9215641 -212.79315 6.864117
v 1.2918005 -210.00508 6.864117
v 1.2918005 -210.00508 6.864117
v -1.6349525 -212.54448 6.985001
v -1.9215641 -212.79315 6.864117
v 1.005188 -210.25375 6.985001
v -1.9215641 -212.79315 4.0803666
v -1.6349525 -212.54448 3.9594822
v 1.005188 -210.25375 3.9594822
v 1.2918005 -210.00508 4.0803666
v -2.0402832 -212.89616 4.3722067
v 1.4105196 -209.90207 4.3722067
v -2.0402832 -212.89616 5.472242
v 1.4105196 -209.90207 5.472242
v 1.9268398 -210.49715 6.572277
v 1.9268398 -210.49715 5.472242
v -1.5239639 -213.49124 5.472242
v -1.5239639 -213.49124 6.572277
v 1.8081207 -210.60016 6.864117
v -1.4052448 -213.38823 6.864117
v 1.5215082 -210.84883 6.985001
v -1.1186323 -213.13956 6.985001
v 1.8081207 -210.60016 4.0803666
v 1.5215082 -210.84883 3.9594822
v -1.1186323 -213.13956 3.9594822
v -1.4052448 -213.38823 4.0803666
v -1.4052448 -213.38823 4.0803666
v -1.5239639 -213.49124 4.3722067
v 1.9268398 -210.49715 4.3722067
v 1.9268398 -210.49715 5.472242
v -1.5239639 -213.49124 5.472242
v -22.121052 -157.9499 6.572277
v -22.121052 -157.9499 5.472242
v -18.242775 -155.53503 5.472242
v -18.242775 -155.53503 6.572277
v -21.987625 -157.86684 6.864117
v -18.376202 -155.61812 6.864117
v -18.376202 -155.61812 6.864117
v -21.665508 -157.66626 6.985001
v -21.987625 -157.86684 6.864117
v -18.698318 -155.8187 6.985001
v -21.987625 -157.86684 4.0803666
v -21.665508 -157.66626 3.9594822
v -18.698318 -155.8187 3.9594822
v -18.376202 -155.61812 4.0803666
v -22.121052 -157.9499 4.3722067
v -18.242775 -155.53503 4.3722067
v -22.121052 -157.9499 5.472242
v -18.242775 -155.53503 5.472242
v -17.82634 -156.20383 6.572277
v -17.82634 -156.20383 5.472242
v -21.704617 -158.6187 5.472242
v -21.704617 -158.6187 6.572277
v -17.959766 -156.28691 6.864117
v -21.57119 -158.53563 6.864117
v -18.281883 -156.48749 6.985001
v -21.249073 -158.33505 6.985001
v -17.959766 -156.28691 4.0803666
v -18.281883 -156.48749 3.9594822
v -21.249073 -158.33505 3.9594822
v -21.57119 -158.53563 4.0803666
v -21.57119 -158.53563 4.0803666
v -21.704617 -158.6187 4.3722067
v -17.82634 -156.20383 4.3722067
v -17.82634 -156.20383 5.472242
v -21.704617 -158.6187 5.472242
v 4.773312 -62.941963 6.572277
v 4.773312 -62.941963 5.472242
v 9.2606535 -62.083817 5.472242
v 9.2606535 -62.083817 6.572277
v 4.9276834 -62.912445 6.864117
v 9.106273 -62.11335 6.864117
v 9.106273 -62.11335 6.864117
v 5.30039 -62.84117 6.985001
v 4.9276834 -62.912445 6.864117
v 8.733566 -62.184624 6.985001
v 4.9276834 -62.912445 4.0803666
v 5.30039 -62.84117 3.9594822
v 8.733566 -62.184624 3.9594822
v 9.106271 -62.11335 4.0803666
v 4.773312 -62.941963 4.3722067
v 9.2606535 -62.083817 4.3722067
v 4.773312 -62.941963 5.472242
v 9.2606535 -62.083817 5.472242
v 9.408634 -62.85765 6.572277
v 9.408634 -62.85765 5.472242
v 4.921294 -63.71579 5.472242
v 4.921294 -63.71579 6.572277
v 9.254254 -62.88717 6.864117
v 5.075674 -63.686264 6.864117
v 8.881548 -62.95845 6.985001
v 5.448372 -63.614998 6.985001
v 9.254254 -62.88717 4.0803666
v 8.881548 -62.95845 3.9594822
v 5.448372 -63.614998 3.9594822
v 5.075674 -63.686264 4.0803666
v 5.075674 -63.686264 4.0803666
v 4.921294 -63.71579 4.3722067
v 9.408634 -62.85765 4.3722067
v 9.408634 -62.85765 5.472242
v 4.921294 -63.71579 5.472242
v 32.22489 -52.66069 6.572277
v 32.22489 -52.66069 5.472242
v 35.68893 -49.681915 5.472242
v 35.68893 -49.681915 6.572277
v 32.344063 -52.55822 6.864117
v 35.569756 -49.7844 6.864117
v 35.569756 -49.7844 6.864117
v 32.63178 -52.310806 6.985001
v 32.344063 -52.55822 6.864117
v 35.282043 -50.031807 6.985001
v 32.344063 -52.55822 4.0803666
v 32.63178 -52.310806 3.9594822
v 35.282043 -50.031807 3.9594822
v 35.569756 -49.7844 4.0803666
v 32.22489 -52.66069 4.3722067
v 35.68893 -49.681915 4.3722067
v 32.22489 -52.66069 5.472242
v 35.68893 -49.681915 5.472242
v 36.202606 -50.27928 6.572277
v 36.202606 -50.27928 5.472242
v 32.73857 -53.25805 5.472242
v 32.73857 -53.25805 6.572277
v 36.083435 -50.38176 6.864117
v 32.85775 -53.15557 6.864117
v 35.795723 -50.629173 6.985001
v 33.145454 -52.908173 6.985001
v 36.083435 -50.38176 4.0803666
v 35.795723 -50.629173 3.9594822
v 33.145454 -52.908173 3.9594822
v 32.85775 -53.15557 4.0803666
v 32.85775 -53.15557 4.0803666
v 32.73857 -53.25805 4.3722067
v 36.202606 -50.27928 4.3722067
v 36.202606 -50.27928 5.472242
v 32.73857 -53.25805 5.472242
v 31.44956 34.93425 6.572277
v 31.44956 34.93425 5.472242
v 35.52993 36.989296 5.472242
v 35.52993 36.989296 6.572277
v 31.589933 35.004936 6.864117
v 35.38955 36.918594 6.864117
v 35.38955 36.918594 6.864117
v 31.928839 35.17563 6.985001
v 31.589933 35.004936 6.864117
v 35.050648 36.747902 6.985001
v 31.589933 35.004936 4.0803666
v 31.928839 35.17563 3.9594822
v 35.050648 36.747902 3.9594822
v 35.38955 36.918594 4.0803666
v 31.44956 34.93425 4.3722067
v 35.52993 36.989296 4.3722067
v 31.44956 34.93425 5.472242
v 35.52993 36.989296 5.472242
v 35.884315 36.285652 6.572277
v 35.884315 36.285652 5.472242
v 31.803947 34.2306 5.472242
v 31.803947 34.2306 6.572277
v 35.743935 36.21495 6.864117
v 31.944326 34.3013 6.864117
v 35.40503 36.04426 6.985001
v 32.283226 34.471977 6.985001
v 35.743935 36.21495 4.0803666
v 35.40503 36.04426 3.9594822
v 32.283226 34.471977 3.9594822
v 31.944326 34.3013 4.0803666
v 31.944326 34.3013 4.0803666
v 31.803947 34.2306 4.3722067
v 35.884315 36.285652 4.3722067
v 35.884315 36.285652 5.472242
v 31.803947 34.2306 5.472242
v -1.2491512 126.9432 6.864117
v -1.341074 126.81571 6.572277
v -1.341074 126.81571 5.472242
v 1.3308897 130.52155 5.472242
v -1.0272236 127.251 6.985001
v 1.0170431 130.08624 6.985001
v 1.2389612 130.39406 6.864117
v 1.3308897 130.52155 6.572277
v 1.3308897 130.52155 5.472242
v -1.341074 126.81571 5.472242
v -1.341074 126.81571 4.3722067
v -1.2491512 126.9432 4.0803666
v -1.0272236 127.251 3.9594822
v 1.0170431 130.08624 3.9594822
v 1.2389603 130.39406 4.0803666
v 1.3308897 130.52155 4.3722067
v 1.9699459 130.06078 5.472242
v -0.7020073 126.35494 5.472242
v -0.7020073 126.35494 6.572277
v -0.61008644 126.482445 6.864117
v -0.38816547 126.79023 6.985001
v 1.6561003 129.62547 6.985001
v 1.8780184 129.93329 6.864117
v 1.9699459 130.06078 6.572277
v -0.61008644 126.482445 4.0803666
v -0.7020073 126.35494 4.3722067
v -0.7020073 126.35494 5.472242
v 1.9699459 130.06078 5.472242
v -0.38816547 126.79023 3.9594822
v 1.6561003 129.62547 3.9594822
v 1.8780184 129.93329 4.0803666
v 1.9699459 130.06078 4.3722067
v -22.165085 171.56685 6.572277
v -22.165085 171.56685 5.472242
v -18.474808 174.26025 5.472242
v -18.474808 174.26025 6.572277
v -22.038124 171.65948 6.864117
v -18.601768 174.16762 6.864117
v -18.601768 174.16762 6.864117
v -21.731617 171.8832 6.985001
v -22.038124 171.65948 6.864117
v -18.908266 173.94388 6.985001
v -22.038124 171.65948 4.0803666
v -21.731617 171.8832 3.9594822
v -18.908266 173.94388 3.9594822
v -18.601768 174.16762 4.0803666
v -22.165085 171.56685 4.3722067
v -18.474808 174.26025 4.3722067
v -22.165085 171.56685 5.472242
v -18.474808 174.26025 5.472242
v -18.010342 173.62389 6.572277
v -18.010342 173.62389 5.472242
v -21.700607 170.93045 5.472242
v -21.700607 170.93045 6.572277
v -18.137306 173.53123 6.864117
v -21.573654 171.02313 6.864117
v -18.443802 173.3075 6.985001
v -21.26715 171.24683 6.985001
v -18.137306 173.53123 4.0803666
v -18.443802 173.3075 3.9594822
v -21.26715 171.24683 3.9594822
v -21.573654 171.02313 4.0803666
v -21.573654 171.02313 4.0803666
v -21.700607 170.93045 4.3722067
v -18.010342 173.62389 4.3722067
v -18.010342 173.62389 5.472242
v -21.700607 170.93045 5.472242
v 35.562454 155.86752 6.572277
v 35.562454 155.86752 5.472242
v 39.27977 158.5235 5.472242
v 39.27977 158.5235 6.572277
v 35.69033 155.95888 6.864117
v 39.15187 158.43211 6.864117
v 39.15187 158.43211 6.864117
v 35.999084 156.17947 6.985001
v 35.69033 155.95888 6.864117
v 38.843132 158.2115 6.985001
v 35.69033 155.95888 4.0803666
v 35.999084 156.17947 3.9594822
v 38.843132 158.2115 3.9594822
v 39.15187 158.43211 4.0803666
v 35.562454 155.86752 4.3722067
v 39.27977 158.5235 4.3722067
v 35.562454 155.86752 5.472242
v 39.27977 158.5235 5.472242
v 39.737778 157.88245 6.572277
v 39.737778 157.88245 5.472242
v 36.02047 155.22647 5.472242
v 36.02047 155.22647 6.572277
v 39.60989 157.79109 6.864117
v 36.148357 155.31786 6.864117
v 39.30114 157.57047 6.985001
v 36.457104 155.53845 6.985001
v 39.60989 157.79109 4.0803666
v 39.30114 157.57047 3.9594822
v 36.457104 155.53845 3.9594822
v 36.148357 155.31786 4.0803666
v 36.148357 155.31786 4.0803666
v 36.02047 155.22647 4.3722067
v 39.737778 157.88245 4.3722067
v 39.737778 157.88245 5.472242
v 36.02047 155.22647 5.472242
v 35.5738 154.90733 3.924063
v 35.24726 155.6423 3.6273916
v 35.115784 155.54836 3.924063
v 35.115784 155.54836 5.472242
v 35.705284 155.00127 3.6273916
v 35.5738 154.90733 5.472242
v 35.564682 155.86911 3.5045063
v 36.02269 155.22806 3.5045063
v 35.115784 155.54836 7.0204206
v 35.5738 154.90733 7.0204206
v 35.705284 155.00127 7.317092
v 35.24726 155.6423 7.317092
v 39.73555 157.88087 3.5045063
v 39.277534 158.5219 3.5045063
v 39.594948 158.74869 3.6273916
v 40.052963 158.10764 3.6273916
v 36.02269 155.22806 7.439977
v 35.564682 155.86911 7.439977
v 39.726433 158.84262 3.924063
v 40.18444 158.20158 3.924063
v 40.18444 158.20158 5.472242
v 39.726433 158.84262 5.472242
v 39.277534 158.5219 7.439977
v 39.73555 157.88087 7.439977
v 40.052963 158.10764 7.317092
v 39.594948 158.74869 7.317092
v 40.18444 158.20158 7.0204206
v 39.726433 158.84262 7.0204206
v 36.02269 155.22806 3.5045063
v 39.30114 157.57047 3.9594822
v 39.73555 157.88087 3.5045063
v 40.052963 158.10764 3.6273916
v 36.457104 155.53845 3.9594822
v 39.60989 157.79109 4.0803666
v 36.148357 155.31786 4.0803666
v 35.705284 155.00127 3.6273916
v 40.18444 158.20158 3.924063
v 39.737778 157.88245 4.3722067
v 39.737778 157.88245 5.472242
v 40.18444 158.20158 5.472242
v 36.02047 155.22647 4.3722067
v 35.5738 154.90733 3.924063
v 35.5738 154.90733 5.472242
v 36.02047 155.22647 5.472242
v 39.737778 157.88245 6.572277
v 40.18444 158.20158 7.0204206
v 40.052963 158.10764 7.317092
v 39.60989 157.79109 6.864117
v 35.5738 154.90733 7.0204206
v 36.02047 155.22647 6.572277
v 36.148357 155.31786 6.864117
v 35.705284 155.00127 7.317092
v 39.73555 157.88087 7.439977
v 39.30114 157.57047 6.985001
v 36.457104 155.53845 6.985001
v 36.02269 155.22806 7.439977
v -22.144028 170.60683 3.924063
v -22.477982 171.33846 3.6273916
v -22.608501 171.24321 3.924063
v -22.608501 171.24321 5.472242
v -22.013504 170.70206 3.6273916
v -22.144028 170.60683 5.472242
v -22.162872 171.56845 3.5045063
v -21.698391 170.93208 3.5045063
v -22.608501 171.24321 7.0204206
v -22.144028 170.60683 7.0204206
v -22.013504 170.70206 7.317092
v -22.477982 171.33846 7.317092
v -18.012556 173.62227 3.5045063
v -18.477022 174.25864 3.5045063
v -18.161917 174.48863 3.6273916
v -17.697449 173.85226 3.6273916
v -21.698391 170.93208 7.439977
v -22.162872 171.56845 7.439977
v -18.031403 174.58391 3.924063
v -17.566923 173.94754 3.924063
v -17.566923 173.94754 5.472242
v -18.031403 174.58391 5.472242
v -18.477036 174.25865 7.439977
v -18.012556 173.62227 7.439977
v -17.697449 173.85226 7.317092
v -18.161917 174.48863 7.317092
v -17.566923 173.94754 7.0204206
v -18.031403 174.58391 7.0204206
v -21.698391 170.93208 3.5045063
v -18.443802 173.3075 3.9594822
v -18.012556 173.62227 3.5045063
v -17.697449 173.85226 3.6273916
v -21.26715 171.24683 3.9594822
v -18.137306 173.53123 4.0803666
v -21.573654 171.02313 4.0803666
v -22.013504 170.70206 3.6273916
v -17.566923 173.94754 3.924063
v -18.010342 173.62389 4.3722067
v -18.010342 173.62389 5.472242
v -17.566923 173.94754 5.472242
v -21.700607 170.93045 4.3722067
v -22.144028 170.60683 3.924063
v -22.144028 170.60683 5.472242
v -21.700607 170.93045 5.472242
v -18.010342 173.62389 6.572277
v -17.566923 173.94754 7.0204206
v -17.697449 173.85226 7.317092
v -18.137306 173.53123 6.864117
v -22.144028 170.60683 7.0204206
v -21.700607 170.93045 6.572277
v -21.573654 171.02313 6.864117
v -22.013504 170.70206 7.317092
v -18.012556 173.62227 7.439977
v -18.443802 173.3075 6.985001
v -21.26715 171.24683 6.985001
v -21.698391 170.93208 7.439977
v -1.0230703 125.909645 3.924063
v -1.567625 126.50149 3.6273916
v -1.6621275 126.370415 3.924063
v -1.6621275 126.370415 5.472242
v -0.92856026 126.04072 3.6273916
v -1.0230703 125.909645 5.472242
v -1.3394718 126.81794 3.5045063
v -0.70041275 126.35717 3.5045063
v -1.6621275 126.370415 7.0204206
v -1.0230703 125.909645 7.0204206
v -0.92856026 126.04072 7.317092
v -1.567625 126.50149 7.317092
v 1.968338 130.05856 3.5045063
v 1.3292799 130.51933 3.5045063
v 1.5574379 130.83577 3.6273916
v 2.1965008 130.37498 3.6273916
v -0.70041275 126.35717 7.439977
v -1.3394718 126.81794 7.439977
v 1.6519461 130.96684 3.924063
v 2.2910032 130.50606 3.924063
v 2.2910032 130.50606 5.472242
v 1.6519461 130.96684 5.472242
v 1.3292818 130.51932 7.439977
v 1.968338 130.05856 7.439977
v 2.1965008 130.37498 7.317092
v 1.5574379 130.83577 7.317092
v 2.2910032 130.50606 7.0204206
v 1.6519461 130.96684 7.0204206
v -0.70041275 126.35717 3.5045063
v 1.6561003 129.62547 3.9594822
v 1.968338 130.05856 3.5045063
v 2.1965008 130.37498 3.6273916
v -0.38816547 126.79023 3.9594822
v 1.8780184 129.93329 4.0803666
v -0.61008644 126.482445 4.0803666
v -0.92856026 126.04072 3.6273916
v 2.2910032 130.50606 3.924063
v 1.9699459 130.06078 4.3722067
v 1.9699459 130.06078 5.472242
v 2.2910032 130.50606 5.472242
v -0.7020073 126.35494 4.3722067
v -1.0230703 125.909645 3.924063
v -1.0230703 125.909645 5.472242
v -0.7020073 126.35494 5.472242
v 1.9699459 130.06078 6.572277
v 2.2910032 130.50606 7.0204206
v 2.1965008 130.37498 7.317092
v 1.8780184 129.93329 6.864117
v -1.0230703 125.909645 7.0204206
v -0.7020073 126.35494 6.572277
v -0.61008644 126.482445 6.864117
v -0.92856026 126.04072 7.317092
v 1.968338 130.05856 7.439977
v 1.6561003 129.62547 6.985001
v -0.38816547 126.79023 6.985001
v -0.70041275 126.35717 7.439977
v 31.31365 33.983658 3.924063
v 31.103586 34.759995 3.6273916
v 30.959267 34.6873 3.924063
v 30.959267 34.6873 5.472242
v 31.457972 34.056343 3.6273916
v 31.31365 33.983658 5.472242
v 31.45201 34.93548 3.5045063
v 31.806395 34.231834 3.5045063
v 30.959267 34.6873 7.0204206
v 31.31365 33.983658 7.0204206
v 31.457972 34.056343 7.317092
v 31.103586 34.759995 7.317092
v 35.881866 36.284416 3.5045063
v 35.52748 36.988068 3.5045063
v 35.8759 37.163536 3.6273916
v 36.230286 36.459892 3.6273916
v 31.806395 34.231834 7.439977
v 31.45201 34.93548 7.439977
v 36.020218 37.23622 3.924063
v 36.374603 36.532578 3.924063
v 36.374603 36.532578 5.472242
v 36.020218 37.23622 5.472242
v 35.527473 36.988052 7.439977
v 35.881866 36.284416 7.439977
v 36.230286 36.459892 7.317092
v 35.8759 37.163536 7.317092
v 36.374603 36.532578 7.0204206
v 36.020218 37.23622 7.0204206
v 31.806395 34.231834 3.5045063
v 35.40503 36.04426 3.9594822
v 35.881866 36.284416 3.5045063
v 36.230286 36.459892 3.6273916
v 32.283226 34.471977 3.9594822
v 35.743935 36.21495 4.0803666
v 31.944326 34.3013 4.0803666
v 31.457972 34.056343 3.6273916
v 36.374603 36.532578 3.924063
v 35.884315 36.285652 4.3722067
v 35.884315 36.285652 5.472242
v 36.374603 36.532578 5.472242
v 31.803947 34.2306 4.3722067
v 31.31365 33.983658 3.924063
v 31.31365 33.983658 5.472242
v 31.803947 34.2306 5.472242
v 35.884315 36.285652 6.572277
v 36.374603 36.532578 7.0204206
v 36.230286 36.459892 7.317092
v 35.743935 36.21495 6.864117
v 31.31365 33.983658 7.0204206
v 31.803947 34.2306 6.572277
v 31.944326 34.3013 6.864117
v 31.457972 34.056343 7.317092
v 35.881866 36.284416 7.439977
v 35.40503 36.04426 6.985001
v 32.283226 34.471977 6.985001
v 31.806395 34.231834 7.439977
v 32.322334 -53.615982 3.924063
v 31.93118 -52.91326 3.6273916
v 31.808659 -53.018623 3.924063
v 31.808659 -53.018623 5.472242
v 32.444855 -53.510628 3.6273916
v 32.322334 -53.615982 5.472242
v 32.226974 -52.658897 3.5045063
v 32.74065 -53.256264 3.5045063
v 31.808659 -53.018623 7.0204206
v 32.322334 -53.615982 7.0204206
v 32.444855 -53.510628 7.317092
v 31.93118 -52.91326 7.317092
v 36.20053 -50.281067 3.5045063
v 35.68685 -49.6837 3.5045063
v 35.982643 -49.42935 3.6273916
v 36.496323 -50.02672 3.6273916
v 32.74065 -53.256264 7.439977
v 32.226974 -52.658897 7.439977
v 36.105164 -49.323997 3.924063
v 36.618843 -49.921356 3.924063
v 36.618843 -49.921356 5.472242
v 36.105164 -49.323997 5.472242
v 35.68685 -49.683716 7.439977
v 36.20053 -50.281067 7.439977
v 36.496323 -50.02672 7.317092
v 35.982643 -49.42935 7.317092
v 36.618843 -49.921356 7.0204206
v 36.105164 -49.323997 7.0204206
v 32.74065 -53.256264 3.5045063
v 35.795723 -50.629173 3.9594822
v 36.20053 -50.281067 3.5045063
v 36.496323 -50.02672 3.6273916
v 33.145454 -52.908173 3.9594822
v 36.083435 -50.38176 4.0803666
v 32.85775 -53.15557 4.0803666
v 32.444855 -53.510628 3.6273916
v 36.618843 -49.921356 3.924063
v 36.202606 -50.27928 4.3722067
v 36.202606 -50.27928 5.472242
v 36.618843 -49.921356 5.472242
v 32.73857 -53.25805 4.3722067
v 32.322334 -53.615982 3.924063
v 32.322334 -53.615982 5.472242
v 32.73857 -53.25805 5.472242
v 36.202606 -50.27928 6.572277
v 36.618843 -49.921356 7.0204206
v 36.496323 -50.02672 7.317092
v 36.083435 -50.38176 6.864117
v 32.322334 -53.615982 7.0204206
v 32.73857 -53.25805 6.572277
v 32.85775 -53.15557 6.864117
v 32.444855 -53.510628 7.317092
v 36.20053 -50.281067 7.439977
v 35.795723 -50.629173 6.985001
v 33.145454 -52.908173 6.985001
v 32.74065 -53.256264 7.439977
v 4.382094 -63.81891 3.924063
v 4.392827 -63.014725 3.6273916
v 4.2341127 -63.045082 3.924063
v 4.2341127 -63.045082 5.472242
v 4.5408096 -63.78856 3.6273916
v 4.382094 -63.81891 5.472242
v 4.776005 -62.941444 3.5045063
v 4.923986 -63.71527 3.5045063
v 4.2341127 -63.045082 7.0204206
v 4.382094 -63.81891 7.0204206
v 4.5408096 -63.78856 7.317092
v 4.392827 -63.014725 7.317092
v 9.405943 -62.858162 3.5045063
v 9.257961 -62.084335 3.5045063
v 9.641129 -62.011063 3.6273916
v 9.789109 -62.78489 3.6273916
v 4.923986 -63.71527 7.439977
v 4.776005 -62.941444 7.439977
v 9.799843 -61.980713 3.924063
v 9.9478245 -62.75454 3.924063
v 9.9478245 -62.75454 5.472242
v 9.799843 -61.980713 5.472242
v 9.257952 -62.08435 7.439977
v 9.405943 -62.858162 7.439977
v 9.789109 -62.78489 7.317092
v 9.641129 -62.011063 7.317092
v 9.9478245 -62.75454 7.0204206
v 9.799843 -61.980713 7.0204206
v 4.923986 -63.71527 3.5045063
v 8.881548 -62.95845 3.9594822
v 9.405943 -62.858162 3.5045063
v 9.789109 -62.78489 3.6273916
v 5.448372 -63.614998 3.9594822
v 9.254254 -62.88717 4.0803666
v 5.075674 -63.686264 4.0803666
v 4.5408096 -63.78856 3.6273916
v 9.9478245 -62.75454 3.924063
v 9.408634 -62.85765 4.3722067
v 9.408634 -62.85765 5.472242
v 9.9478245 -62.75454 5.472242
v 4.921294 -63.71579 4.3722067
v 4.382094 -63.81891 3.924063
v 4.382094 -63.81891 5.472242
v 4.921294 -63.71579 5.472242
v 9.408634 -62.85765 6.572277
v 9.9478245 -62.75454 7.0204206
v 9.789109 -62.78489 7.317092
v 9.254254 -62.88717 6.864117
v 4.382094 -63.81891 7.0204206
v 4.921294 -63.71579 6.572277
v 5.075674 -63.686264 6.864117
v 4.5408096 -63.78856 7.317092
v 9.405943 -62.858162 7.439977
v 8.881548 -62.95845 6.985001
v 5.448372 -63.614998 6.985001
v 4.923986 -63.71527 7.439977
v -22.170628 -158.90887 3.924063
v -22.44989 -158.15466 3.6273916
v -22.587063 -158.24008 3.924063
v -22.587063 -158.24008 5.472242
v -22.033455 -158.82346 3.6273916
v -22.170628 -158.90887 5.472242
v -22.118725 -157.94846 3.5045063
v -21.70229 -158.61725 3.5045063
v -22.587063 -158.24008 7.0204206
v -22.170628 -158.90887 7.0204206
v -22.033455 -158.82346 7.317092
v -22.44989 -158.15466 7.317092
v -17.828667 -156.20528 3.5045063
v -18.245102 -155.53648 3.5045063
v -17.913939 -155.33029 3.6273916
v -17.497503 -155.99908 3.6273916
v -21.70229 -158.61725 7.439977
v -22.118725 -157.94846 7.439977
v -17.776766 -155.24487 3.924063
v -17.36033 -155.91367 3.924063
v -17.36033 -155.91367 5.472242
v -17.776766 -155.24487 5.472242
v -18.245102 -155.53648 7.439977
v -17.828667 -156.20528 7.439977
v -17.497503 -155.99908 7.317092
v -17.913939 -155.33029 7.317092
v -17.36033 -155.91367 7.0204206
v -17.776766 -155.24487 7.0204206
v -21.70229 -158.61725 3.5045063
v -18.281883 -156.48749 3.9594822
v -17.828667 -156.20528 3.5045063
v -17.497503 -155.99908 3.6273916
v -21.249073 -158.33505 3.9594822
v -17.959766 -156.28691 4.0803666
v -21.57119 -158.53563 4.0803666
v -22.033455 -158.82346 3.6273916
v -17.36033 -155.91367 3.924063
v -17.82634 -156.20383 4.3722067
v -17.82634 -156.20383 5.472242
v -17.36033 -155.91367 5.472242
v -21.704617 -158.6187 4.3722067
v -22.170628 -158.90887 3.924063
v -22.170628 -158.90887 5.472242
v -21.704617 -158.6187 5.472242
v -17.82634 -156.20383 6.572277
v -17.36033 -155.91367 7.0204206
v -17.497503 -155.99908 7.317092
v -17.959766 -156.28691 6.864117
v -22.170628 -158.90887 7.0204206
v -21.704617 -158.6187 6.572277
v -21.57119 -158.53563 6.864117
v -22.033455 -158.82346 7.317092
v -17.828667 -156.20528 7.439977
v -18.281883 -156.48749 6.985001
v -21.249073 -158.33505 6.985001
v -21.70229 -158.61725 7.439977
v -1.9386082 -213.85101 3.924063
v -2.3328753 -213.15004 3.6273916
v -2.4549284 -213.25594 3.924063
v -2.4549274 -213.25594 5.472242
v -1.816555 -213.74512 3.6273916
v -1.9386082 -213.85101 5.472242
v -2.0382128 -212.89436 3.5045063
v -1.5218925 -213.48944 3.5045063
v -2.4549274 -213.25594 7.0204206
v -1.9386082 -213.85101 7.0204206
v -1.816555 -213.74512 7.317092
v -2.3328743 -213.15004 7.317092
v 1.9247684 -210.49895 3.5045063
v 1.4084492 -209.90387 3.5045063
v 1.7031107 -209.64821 3.6273916
v 2.219431 -210.24329 3.6273916
v -1.5218925 -213.48944 7.439977
v -2.0382128 -212.89436 7.439977
v 1.8251638 -209.54231 3.924063
v 2.341484 -210.13739 3.924063
v 2.341484 -210.13739 5.472242
v 1.8251638 -209.54231 5.472242
v 1.4084492 -209.90387 7.439977
v 1.9247684 -210.49895 7.439977
v 2.219431 -210.24329 7.317092
v 1.7031107 -209.64821 7.317092
v 2.341484 -210.13739 7.0204206
v 1.8251638 -209.54231 7.0204206
v -1.5218925 -213.48944 3.5045063
v 1.5215082 -210.84883 3.9594822
v 1.9247684 -210.49895 3.5045063
v 2.219431 -210.24329 3.6273916
v -1.1186323 -213.13956 3.9594822
v 1.8081207 -210.60016 4.0803666
v -1.4052448 -213.38823 4.0803666
v -1.816555 -213.74512 3.6273916
v 2.341484 -210.13739 3.924063
v 1.9268398 -210.49715 4.3722067
v 1.9268398 -210.49715 5.472242
v 2.341484 -210.13739 5.472242
v -1.5239639 -213.49124 4.3722067
v -1.9386082 -213.85101 3.924063
v -1.9386082 -213.85101 5.472242
v -1.5239639 -213.49124 5.472242
v 1.9268398 -210.49715 6.572277
v 2.341484 -210.13739 7.0204206
v 2.219431 -210.24329 7.317092
v 1.8081207 -210.60016 6.864117
v -1.9386082 -213.85101 7.0204206
v -1.5239639 -213.49124 6.572277
v -1.4052448 -213.38823 6.864117
v -1.816555 -213.74512 7.317092
v 1.9247684 -210.49895 7.439977
v 1.5215082 -210.84883 6.985001
v -1.1186323 -213.13956 6.985001
v -1.5218925 -213.48944 7.439977
v -15.684031 -194.41597 3.924063
v -16.148565 -193.75945 3.6273916
v -16.259031 -193.87738 3.924063
v -16.259031 -193.87738 5.472242
v -15.573563 -194.29803 3.6273916
v -15.684031 -194.41597 5.472242
v -15.881874 -193.47472 3.5045063
v -15.306873 -194.0133 3.5045063
v -16.259031 -193.87738 7.0204206
v -15.684031 -194.41597 7.0204206
v -15.573563 -194.29803 7.317092
v -16.148565 -193.75945 7.317092
v -12.187397 -190.68292 3.5045063
v -12.7624 -190.14433 3.5045063
v -12.495708 -189.85962 3.6273916
v -11.920708 -190.39821 3.6273916
v -15.306873 -194.0133 7.439977
v -15.881874 -193.47472 7.439977
v -12.385242 -189.74168 3.924063
v -11.810242 -190.28027 3.924063
v -11.810242 -190.28027 5.472242
v -12.385242 -189.74168 5.472242
v -12.7624 -190.14435 7.439977
v -12.187397 -190.68292 7.439977
v -11.920708 -190.39821 7.317092
v -12.495708 -189.85962 7.317092
v -11.810242 -190.28027 7.0204206
v -12.385242 -189.74168 7.0204206
v -15.306873 -194.0133 3.5045063
v -12.552378 -191.07259 3.9594822
v -12.187397 -190.68292 3.5045063
v -11.920708 -190.39821 3.6273916
v -14.941893 -193.62366 3.9594822
v -12.292973 -190.79564 4.0803666
v -15.201298 -193.90059 4.0803666
v -15.573563 -194.29803 3.6273916
v -11.810242 -190.28027 3.924063
v -12.185524 -190.68092 4.3722067
v -12.185524 -190.68092 5.472242
v -11.810242 -190.28027 5.472242
v -15.308746 -194.0153 4.3722067
v -15.684031 -194.41597 3.924063
v -15.684031 -194.41597 5.472242
v -15.308746 -194.0153 5.472242
v -12.185524 -190.68092 6.572277
v -11.810242 -190.28027 7.0204206
v -11.920708 -190.39821 7.317092
v -12.292973 -190.79564 6.864117
v -15.684031 -194.41597 7.0204206
v -15.308746 -194.0153 6.572277
v -15.201298 -193.90059 6.864117
v -15.573563 -194.29803 7.317092
v -12.187397 -190.68292 7.439977
v -12.552378 -191.07259 6.985001
v -14.941893 -193.62366 6.985001
v -15.306873 -194.0133 7.439977
v 35.999084 156.17947 3.9594822
v 35.69033 155.95888 4.0803666
v 35.24726 155.6423 3.6273916
v 35.564682 155.86911 3.5045063
v 35.115784 155.54836 3.924063
v 38.843132 158.2115 3.9594822
v 35.562454 155.86752 4.3722067
v 39.277534 158.5219 3.5045063
v 35.115784 155.54836 5.472242
v 39.15187 158.43211 4.0803666
v 35.562454 155.86752 5.472242
v 39.594948 158.74869 3.6273916
v 35.115784 155.54836 7.0204206
v 39.27977 158.5235 4.3722067
v 35.562454 155.86752 6.572277
v 39.726433 158.84262 3.924063
v 35.24726 155.6423 7.317092
v 39.27977 158.5235 5.472242
v 35.69033 155.95888 6.864117
v 39.726433 158.84262 5.472242
v 35.564682 155.86911 7.439977
v 39.27977 158.5235 6.572277
v 35.999084 156.17947 6.985001
v 39.726433 158.84262 7.0204206
v 39.277534 158.5219 7.439977
v 39.15187 158.43211 6.864117
v 38.843132 158.2115 6.985001
v 39.594948 158.74869 7.317092
v -21.731617 171.8832 3.9594822
v -22.038124 171.65948 4.0803666
v -22.477982 171.33846 3.6273916
v -22.162872 171.56845 3.5045063
v -22.608501 171.24321 3.924063
v -18.908266 173.94388 3.9594822
v -22.165085 171.56685 4.3722067
v -18.477022 174.25864 3.5045063
v -22.608501 171.24321 5.472242
v -18.601768 174.16762 4.0803666
v -22.165085 171.56685 5.472242
v -18.161917 174.48863 3.6273916
v -22.608501 171.24321 7.0204206
v -18.474808 174.26025 4.3722067
v -22.165085 171.56685 6.572277
v -18.031403 174.58391 3.924063
v -22.477982 171.33846 7.317092
v -18.474808 174.26025 5.472242
v -22.038124 171.65948 6.864117
v -18.031403 174.58391 5.472242
v -22.162872 171.56845 7.439977
v -18.474808 174.26025 6.572277
v -21.731617 171.8832 6.985001
v -18.031403 174.58391 7.0204206
v -18.477036 174.25865 7.439977
v -18.601768 174.16762 6.864117
v -18.908266 173.94388 6.985001
v -18.161917 174.48863 7.317092
v -1.0272236 127.251 3.9594822
v -1.2491512 126.9432 4.0803666
v -1.567625 126.50149 3.6273916
v -1.3394718 126.81794 3.5045063
v -1.6621275 126.370415 3.924063
v 1.0170431 130.08624 3.9594822
v -1.341074 126.81571 4.3722067
v 1.3292799 130.51933 3.5045063
v -1.6621275 126.370415 5.472242
v 1.2389603 130.39406 4.0803666
v -1.341074 126.81571 5.472242
v 1.5574379 130.83577 3.6273916
v -1.6621275 126.370415 7.0204206
v 1.3308897 130.52155 4.3722067
v -1.341074 126.81571 6.572277
v 1.6519461 130.96684 3.924063
v -1.567625 126.50149 7.317092
v 1.3308897 130.52155 5.472242
v -1.2491512 126.9432 6.864117
v 1.6519461 130.96684 5.472242
v -1.3394718 126.81794 7.439977
v 1.3308897 130.52155 6.572277
v -1.0272236 127.251 6.985001
v 1.6519461 130.96684 7.0204206
v 1.3292818 130.51932 7.439977
v 1.2389612 130.39406 6.864117
v 1.0170431 130.08624 6.985001
v 1.5574379 130.83577 7.317092
v 31.928839 35.17563 3.9594822
v 31.589933 35.004936 4.0803666
v 31.103586 34.759995 3.6273916
v 31.45201 34.93548 3.5045063
v 30.959267 34.6873 3.924063
v 35.050648 36.747902 3.9594822
v 31.44956 34.93425 4.3722067
v 35.52748 36.988068 3.5045063
v 30.959267 34.6873 5.472242
v 35.38955 36.918594 4.0803666
v 31.44956 34.93425 5.472242
v 35.8759 37.163536 3.6273916
v 30.959267 34.6873 7.0204206
v 35.52993 36.989296 4.3722067
v 31.44956 34.93425 6.572277
v 36.020218 37.23622 3.924063
v 31.103586 34.759995 7.317092
v 35.52993 36.989296 5.472242
v 31.589933 35.004936 6.864117
v 36.020218 37.23622 5.472242
v 31.45201 34.93548 7.439977
v 35.52993 36.989296 6.572277
v 31.928839 35.17563 6.985001
v 36.020218 37.23622 7.0204206
v 35.527473 36.988052 7.439977
v 35.38955 36.918594 6.864117
v 35.050648 36.747902 6.985001
v 35.8759 37.163536 7.317092
v 32.63178 -52.310806 3.9594822
v 32.344063 -52.55822 4.0803666
v 31.93118 -52.91326 3.6273916
v 32.226974 -52.658897 3.5045063
v 31.808659 -53.018623 3.924063
v 35.282043 -50.031807 3.9594822
v 32.22489 -52.66069 4.3722067
v 35.68685 -49.6837 3.5045063
v 31.808659 -53.018623 5.472242
v 35.569756 -49.7844 4.0803666
v 32.22489 -52.66069 5.472242
v 35.982643 -49.42935 3.6273916
v 31.808659 -53.018623 7.0204206
v 35.68893 -49.681915 4.3722067
v 32.22489 -52.66069 6.572277
v 36.105164 -49.323997 3.924063
v 31.93118 -52.91326 7.317092
v 35.68893 -49.681915 5.472242
v 32.344063 -52.55822 6.864117
v 36.105164 -49.323997 5.472242
v 32.226974 -52.658897 7.439977
v 35.68893 -49.681915 6.572277
v 32.63178 -52.310806 6.985001
v 36.105164 -49.323997 7.0204206
v 35.68685 -49.683716 7.439977
v 35.569756 -49.7844 6.864117
v 35.282043 -50.031807 6.985001
v 35.982643 -49.42935 7.317092
v 5.30039 -62.84117 3.9594822
v 4.9276834 -62.912445 4.0803666
v 4.392827 -63.014725 3.6273916
v 4.776005 -62.941444 3.5045063
v 4.2341127 -63.045082 3.924063
v 8.733566 -62.184624 3.9594822
v 4.773312 -62.941963 4.3722067
v 9.257961 -62.084335 3.5045063
v 4.2341127 -63.045082 5.472242
v 9.106271 -62.11335 4.0803666
v 4.773312 -62.941963 5.472242
v 9.641129 -62.011063 3.6273916
v 4.2341127 -63.045082 7.0204206
v 9.2606535 -62.083817 4.3722067
v 4.773312 -62.941963 6.572277
v 9.799843 -61.980713 3.924063
v 4.392827 -63.014725 7.317092
v 9.2606535 -62.083817 5.472242
v 4.9276834 -62.912445 6.864117
v 9.799843 -61.980713 5.472242
v 4.776005 -62.941444 7.439977
v 9.2606535 -62.083817 6.572277
v 5.30039 -62.84117 6.985001
v 9.799843 -61.980713 7.0204206
v 9.257952 -62.08435 7.439977
v 9.106273 -62.11335 6.864117
v 8.733566 -62.184624 6.985001
v 9.641129 -62.011063 7.317092
v -21.665508 -157.66626 3.9594822
v -21.987625 -157.86684 4.0803666
v -22.44989 -158.15466 3.6273916
v -22.118725 -157.94846 3.5045063
v -22.587063 -158.24008 3.924063
v -18.698318 -155.8187 3.9594822
v -22.121052 -157.9499 4.3722067
v -18.245102 -155.53648 3.5045063
v -22.587063 -158.24008 5.472242
v -18.376202 -155.61812 4.0803666
v -22.121052 -157.9499 5.472242
v -17.913939 -155.33029 3.6273916
v -22.587063 -158.24008 7.0204206
v -18.242775 -155.53503 4.3722067
v -22.121052 -157.9499 6.572277
v -17.776766 -155.24487 3.924063
v -22.44989 -158.15466 7.317092
v -18.242775 -155.53503 5.472242
v -21.987625 -157.86684 6.864117
v -17.776766 -155.24487 5.472242
v -22.118725 -157.94846 7.439977
v -18.242775 -155.53503 6.572277
v -21.665508 -157.66626 6.985001
v -17.776766 -155.24487 7.0204206
v -18.245102 -155.53648 7.439977
v -18.376202 -155.61812 6.864117
v -18.698318 -155.8187 6.985001
v -17.913939 -155.33029 7.317092
v -1.6349525 -212.54448 3.9594822
v -1.9215641 -212.79315 4.0803666
v -2.3328753 -213.15004 3.6273916
v -2.0382128 -212.89436 3.5045063
v -2.4549284 -213.25594 3.924063
v 1.005188 -210.25375 3.9594822
v -2.0402832 -212.89616 4.3722067
v 1.4084492 -209.90387 3.5045063
v -2.4549274 -213.25594 5.472242
v 1.2918005 -210.00508 4.0803666
v -2.0402832 -212.89616 5.472242
v 1.7031107 -209.64821 3.6273916
v -2.4549274 -213.25594 7.0204206
v 1.4105196 -209.90207 4.3722067
v -2.0402832 -212.89616 6.572277
v 1.8251638 -209.54231 3.924063
v -2.3328743 -213.15004 7.317092
v 1.4105196 -209.90207 5.472242
v -1.9215641 -212.79315 6.864117
v 1.8251638 -209.54231 5.472242
v -2.0382128 -212.89436 7.439977
v 1.4105196 -209.90207 6.572277
v -1.6349525 -212.54448 6.985001
v 1.8251638 -209.54231 7.0204206
v 1.4084492 -209.90387 7.439977
v 1.2918005 -210.00508 6.864117
v 1.005188 -210.25375 6.985001
v 1.7031107 -209.64821 7.317092
v -15.516895 -193.08507 3.9594822
v -15.7763 -193.36201 4.0803666
v -16.148565 -193.75945 3.6273916
v -15.881874 -193.47472 3.5045063
v -16.259031 -193.87738 3.924063
v -13.127378 -190.534 3.9594822
v -15.883749 -193.47672 4.3722067
v -12.7624 -190.14433 3.5045063
v -16.259031 -193.87738 5.472242
v -12.867975 -190.25705 4.0803666
v -15.883749 -193.47672 5.472242
v -12.495708 -189.85962 3.6273916
v -16.259031 -193.87738 7.0204206
v -12.760525 -190.14233 4.3722067
v -15.883749 -193.47672 6.572277
v -12.385242 -189.74168 3.924063
v -16.148565 -193.75945 7.317092
v -12.760525 -190.14233 5.472242
v -15.7763 -193.36201 6.864117
v -12.385242 -189.74168 5.472242
v -15.881874 -193.47472 7.439977
v -12.760525 -190.14233 6.572277
v -15.516895 -193.08507 6.985001
v -12.385242 -189.74168 7.0204206
v -12.7624 -190.14435 7.439977
v -12.867973 -190.25705 6.864117
v -13.127378 -190.534 6.985001
v -12.495708 -189.85962 7.317092
v 37.866768 157.36084 0.31121874
v 37.965416 156.90955 3.829375
v 37.77972 157.16946 3.829375
v 38.17471 156.92984 0.31121874
v 37.33955 157.30965 0.31121874
v 37.833176 156.61876 3.829375
v 37.461777 157.13857 3.829375
v 37.95542 156.44766 0.31121874
v 37.120266 156.82747 0.31121874
v 37.515247 156.58789 3.829375
v 37.32955 156.84781 3.829375
v 37.428207 156.39647 0.31121874
v -19.875984 173.0834 0.31121874
v -19.772778 172.6331 3.829375
v -19.961098 172.89111 3.829375
v -19.563702 172.65552 0.31121874
v -20.402657 173.02687 0.31121874
v -19.902063 172.34102 3.829375
v -20.278698 172.85706 3.829375
v -19.778093 172.17116 0.31121874
v -20.617046 172.54251 0.31121874
v -20.219675 172.30693 3.829375
v -20.407988 172.56494 3.829375
v -20.304766 172.11462 0.31121874
v 0.3642273 128.96788 0.31121874
v 0.6021004 128.57187 3.829375
v 0.3429966 128.7587 3.829375
v 0.7938919 128.65808 0.31121874
v -0.11889076 128.75067 0.31121874
v 0.5698633 128.25407 3.829375
v 0.051660538 128.6277 3.829375
v 0.7404299 128.13109 0.31121874
v -0.17234612 128.22368 0.31121874
v 0.2785282 128.1231 3.829375
v 0.019424438 128.3099 3.829375
v 0.2573185 127.91389 0.31121874
v 33.955475 36.05687 0.31121874
v 33.983807 35.59578 3.829375
v 33.840126 35.881065 3.829375
v 34.193737 35.58378 0.31121874
v 33.426636 36.087067 0.31121874
v 33.808582 35.328697 3.829375
v 33.521217 35.899277 3.829375
v 33.903168 35.140892 0.31121874
v 33.13607 35.64418 0.31121874
v 33.489674 35.34691 3.829375
v 33.345993 35.632202 3.829375
v 33.37433 35.17109 0.31121874
v 34.38594 -50.966652 0.31121874
v 34.52468 -51.407288 3.829375
v 34.316414 -51.165092 3.829375
v 34.731304 -51.368286 0.31121874
v 33.86544 -51.064934 0.31121874
v 34.419067 -51.708755 3.829375
v 34.00253 -51.224358 3.829375
v 34.556168 -51.868187 0.31121874
v 33.690304 -51.564835 0.31121874
v 34.105186 -51.76802 3.829375
v 33.89692 -51.525818 3.829375
v 34.035667 -51.966476 0.31121874
v 7.490944 -62.549065 0.31121874
v 7.391828 -63.000275 3.829375
v 7.33183 -62.68653 3.829375
v 7.590431 -63.069344 0.31121874
v 6.9906273 -62.3751 0.31121874
v 7.150118 -63.209106 3.829375
v 7.0301213 -62.58162 3.829375
v 7.189614 -63.41564 0.31121874
v 6.58981 -62.721397 0.31121874
v 6.84841 -63.104195 3.829375
v 6.7884116 -62.79045 3.829375
v 6.689297 -63.241676 0.31121874
v -19.726665 -156.60574 0.3112188
v -19.65684 -157.0624 3.829375
v -19.82568 -156.79123 3.829375
v -19.446682 -157.05539 0.3112188
v -20.25607 -156.62338 0.31121877
v -19.80725 -157.3442 3.829375
v -20.14493 -156.80186 3.829375
v -19.6961 -157.52269 0.31121883
v -20.505487 -157.09068 0.3112188
v -20.1265 -157.35483 3.829375
v -20.29534 -157.08366 3.829375
v -20.225504 -157.54033 0.3112188
v 0.11323643 -211.19257 0.3112188
v 0.25392628 -211.63258 3.829375
v 0.044587135 -211.39131 3.829375
v 0.4603758 -211.59265 0.3112188
v -0.40682316 -211.29315 0.31121877
v 0.14964867 -211.93451 3.829375
v -0.2690277 -211.45197 3.829375
v 0.2874565 -212.09334 0.31121883
v -0.57974243 -211.79382 0.3112188
v -0.16396618 -211.99516 3.829375
v -0.37330532 -211.75389 3.829375
v -0.23260307 -212.19392 0.3112188
v -13.917633 -191.55988 0.3112188
v -13.732264 -191.98302 3.829375
v -13.965395 -191.76465 3.829375
v -13.53104 -191.922 0.3112188
v -14.424528 -191.71362 0.31121877
v -13.80481 -192.2941 3.829375
v -14.271072 -191.85736 3.829375
v -13.6513405 -192.43785 0.31121883
v -14.544828 -192.22948 0.3112188
v -14.110487 -192.38681 3.829375
v -14.343618 -192.16844 3.829375
v -14.158236 -192.5916 0.3112188
vt 0.23623516 0.669333
vt 0.23623517 0.6693331
vt 0.23623517 0.669333
vt 0.23623516 0.669333
vt 0.23623517 0.6693331
vt 0.23623517 0.669333
vt 0.23623516 0.669333
vt 0.23623517 0.6693331
vt 0.23623517 0.669333
vt 0.23623516 0.669333
vt 0.23623517 0.6693331
vt 0.23623517 0.669333
vt 0.23623516 0.669333
vt 0.23623517 0.6693331
vt 0.23623517 0.669333
vt 0.23623516 0.669333
vt 0.23623517 0.6693331
vt 0.23623517 0.669333
vt 0.23623516 0.669333
vt 0.23623517 0.6693331
vt 0.23623517 0.669333
vt 0.27068615 0.46754876
vt 0.27068615 0.4675488
vt 0.27068615 0.4675488
vt 0.27068615 0.4675488
vt 0.27068615 0.4675488
vt 0.27068615 0.4675488
vt 0.27068618 0.46754876
vt 0.27068615 0.4675488
vt 0.23623517 0.66933304
vt 0.23623517 0.66933304
vt 0.23623517 0.6693331
vt 0.23623517 0.66933304
vt 0.23623517 0.6693331
vt 0.23623517 0.6693331
vt 0.23623517 0.66933304
vt 0.23623517 0.66933304
vt 0.27068615 0.4675488
vt 0.27068615 0.4675488
vt 0.27068615 0.4675488
vt 0.27068618 0.46754876
vt 0.27068615 0.4675488
vt 0.27068615 0.4675488
vt 0.27068615 0.4675488
vt 0.27068615 0.4675488
vt 0.23623516 0.669333
vt 0.23623517 0.66933304
vt 0.23623517 0.66933304
vt 0.23623517 0.66933304
vt 0.23623517 0.6693331
vt 0.23623517 0.6693331
vt 0.23623517 0.669333
vt 0.23623517 0.6693331
vt 0.27068615 0.4675488
vt 0.27068615 0.4675488
vt 0.27068615 0.4675488
vt 0.27068615 0.4675488
vt 0.27068615 0.46754876
vt 0.27068618 0.46754876
vt 0.27068618 0.46754876
vt 0.27068615 0.4675488
vt 0.27068615 0.46754876
vt 0.27068615 0.4675488
vt 0.23623517 0.66933304
vt 0.23623517 0.6693331
vt 0.23623517 0.6693331
vt 0.23623517 0.66933304
vt 0.23623517 0.6693331
vt 0.23623517 0.66933304
vt 0.23623517 0.66933304
vt 0.23623517 0.66933304
vt 0.27068615 0.4675488
vt 0.27068615 0.4675488
vt 0.27068615 0.4675488
vt 0.27068615 0.4675488
vt 0.27068615 0.4675488
vt 0.27068618 0.46754876
vt 0.27068615 0.4675488
vt 0.27068615 0.4675488
vt 0.23623517 0.669333
vt 0.23623517 0.6693331
vt 0.23623517 0.6693331
vt 0.23623516 0.669333
vt 0.23623516 0.669333
vt 0.23623517 0.66933304
vt 0.23623517 0.6693331
vt 0.23623517 0.66933304
vt 0.23623517 0.66933304
vt 0.27068615 0.4675488
vt 0.27068615 0.4675488
vt 0.27068615 0.4675488
vt 0.27068615 0.4675488
vt 0.27068615 0.46754876
vt 0.27068618 0.46754876
vt 0.27068618 0.46754876
vt 0.27068615 0.4675488
vt 0.27068615 0.46754876
vt 0.27068615 0.4675488
vt 0.23623517 0.66933304
vt 0.23623517 0.6693331
vt 0.23623517 0.6693331
vt 0.23623517 0.66933304
vt 0.23623517 0.6693331
vt 0.23623517 0.66933304
vt 0.23623517 0.66933304
vt 0.23623517 0.66933304
vt 0.27068615 0.4675488
vt 0.27068615 0.4675488
vt 0.27068615 0.4675488
vt 0.27068615 0.4675488
vt 0.27068615 0.4675488
vt 0.27068618 0.46754876
vt 0.27068615 0.4675488
vt 0.27068615 0.4675488
vt 0.23623517 0.669333
vt 0.23623517 0.6693331
vt 0.23623517 0.6693331
vt 0.23623516 0.669333
vt 0.23623516 0.669333
vt 0.23623517 0.66933304
vt 0.23623517 0.6693331
vt 0.23623517 0.66933304
vt 0.23623517 0.66933304
vt 0.27068615 0.4675488
vt 0.27068615 0.4675488
vt 0.27068615 0.4675488
vt 0.27068615 0.4675488
vt 0.27068615 0.46754876
vt 0.27068618 0.46754876
vt 0.27068618 0.46754876
vt 0.27068615 0.4675488
vt 0.27068615 0.46754876
vt 0.27068615 0.4675488
vt 0.23623517 0.66933304
vt 0.23623517 0.6693331
vt 0.23623517 0.6693331
vt 0.23623517 0.66933304
vt 0.23623517 0.6693331
vt 0.23623517 0.66933304
vt 0.23623517 0.66933304
vt 0.23623517 0.66933304
vt 0.27068615 0.4675488
vt 0.27068615 0.4675488
vt 0.27068615 0.4675488
vt 0.27068615 0.4675488
vt 0.27068615 0.4675488
vt 0.27068618 0.46754876
vt 0.27068615 0.4675488
vt 0.27068615 0.4675488
vt 0.23623517 0.669333
vt 0.23623517 0.6693331
vt 0.23623517 0.6693331
vt 0.23623516 0.669333
vt 0.23623516 0.669333
vt 0.23623517 0.66933304
vt 0.23623517 0.6693331
vt 0.23623517 0.66933304
vt 0.23623517 0.66933304
vt 0.27068615 0.4675488
vt 0.27068615 0.4675488
vt 0.27068615 0.4675488
vt 0.27068615 0.4675488
vt 0.27068615 0.46754876
vt 0.27068618 0.46754876
vt 0.27068618 0.46754876
vt 0.27068615 0.4675488
vt 0.27068615 0.46754876
vt 0.27068615 0.4675488
vt 0.23623517 0.66933304
vt 0.23623517 0.6693331
vt 0.23623517 0.6693331
vt 0.23623517 0.66933304
vt 0.23623517 0.6693331
vt 0.23623517 0.66933304
vt 0.23623517 0.66933304
vt 0.23623517 0.66933304
vt 0.27068615 0.4675488
vt 0.27068615 0.4675488
vt 0.27068615 0.4675488
vt 0.27068615 0.4675488
vt 0.27068615 0.4675488
vt 0.27068618 0.46754876
vt 0.27068615 0.4675488
vt 0.27068615 0.4675488
vt 0.23623517 0.669333
vt 0.23623517 0.6693331
vt 0.23623517 0.6693331
vt 0.23623516 0.669333
vt 0.23623516 0.669333
vt 0.23623517 0.66933304
vt 0.23623517 0.6693331
vt 0.23623517 0.66933304
vt 0.23623517 0.66933304
vt 0.27068615 0.4675488
vt 0.27068615 0.4675488
vt 0.27068615 0.4675488
vt 0.27068615 0.4675488
vt 0.27068615 0.46754876
vt 0.27068618 0.46754876
vt 0.27068618 0.46754876
vt 0.27068615 0.4675488
vt 0.27068615 0.46754876
vt 0.27068615 0.4675488
vt 0.23623517 0.66933304
vt 0.23623517 0.6693331
vt 0.23623517 0.6693331
vt 0.23623517 0.66933304
vt 0.23623517 0.6693331
vt 0.23623517 0.66933304
vt 0.23623517 0.66933304
vt 0.23623517 0.66933304
vt 0.27068615 0.4675488
vt 0.27068615 0.4675488
vt 0.27068615 0.4675488
vt 0.27068615 0.4675488
vt 0.27068615 0.4675488
vt 0.27068618 0.46754876
vt 0.27068615 0.4675488
vt 0.27068615 0.4675488
vt 0.23623517 0.669333
vt 0.23623517 0.6693331
vt 0.23623517 0.6693331
vt 0.23623516 0.669333
vt 0.23623516 0.669333
vt 0.23623517 0.66933304
vt 0.23623517 0.6693331
vt 0.23623517 0.66933304
vt 0.23623517 0.66933304
vt 0.27068615 0.46754876
vt 0.27068615 0.4675488
vt 0.27068615 0.4675488
vt 0.27068615 0.4675488
vt 0.27068615 0.4675488
vt 0.27068615 0.4675488
vt 0.27068618 0.46754876
vt 0.27068615 0.4675488
vt 0.23623517 0.66933304
vt 0.23623517 0.66933304
vt 0.23623517 0.6693331
vt 0.23623517 0.66933304
vt 0.23623517 0.6693331
vt 0.23623517 0.6693331
vt 0.23623517 0.66933304
vt 0.23623517 0.66933304
vt 0.27068615 0.4675488
vt 0.27068615 0.4675488
vt 0.27068615 0.4675488
vt 0.27068618 0.46754876
vt 0.27068615 0.4675488
vt 0.27068615 0.4675488
vt 0.27068615 0.4675488
vt 0.27068615 0.4675488
vt 0.23623516 0.669333
vt 0.23623517 0.66933304
vt 0.23623517 0.66933304
vt 0.23623517 0.66933304
vt 0.23623517 0.6693331
vt 0.23623517 0.6693331
vt 0.23623517 0.669333
vt 0.23623517 0.6693331
vt 0.27068615 0.4675488
vt 0.27068615 0.4675488
vt 0.27068615 0.4675488
vt 0.27068615 0.4675488
vt 0.27068615 0.46754876
vt 0.27068618 0.46754876
vt 0.27068618 0.46754876
vt 0.27068615 0.4675488
vt 0.27068615 0.46754876
vt 0.27068615 0.4675488
vt 0.23623517 0.66933304
vt 0.23623517 0.6693331
vt 0.23623517 0.6693331
vt 0.23623517 0.66933304
vt 0.23623517 0.6693331
vt 0.23623517 0.66933304
vt 0.23623517 0.66933304
vt 0.23623517 0.66933304
vt 0.27068615 0.4675488
vt 0.27068615 0.4675488
vt 0.27068615 0.4675488
vt 0.27068615 0.4675488
vt 0.27068615 0.4675488
vt 0.27068618 0.46754876
vt 0.27068615 0.4675488
vt 0.27068615 0.4675488
vt 0.23623517 0.669333
vt 0.23623517 0.6693331
vt 0.23623517 0.6693331
vt 0.23623516 0.669333
vt 0.23623516 0.669333
vt 0.23623517 0.66933304
vt 0.23623517 0.6693331
vt 0.23623517 0.66933304
vt 0.23623517 0.66933304
vt 0.27068615 0.4675488
vt 0.27068615 0.4675488
vt 0.27068615 0.4675488
vt 0.27068615 0.4675488
vt 0.27068615 0.46754876
vt 0.27068618 0.46754876
vt 0.27068618 0.46754876
vt 0.27068615 0.4675488
vt 0.27068615 0.46754876
vt 0.27068615 0.4675488
vt 0.23623517 0.66933304
vt 0.23623517 0.6693331
vt 0.23623517 0.6693331
vt 0.23623517 0.66933304
vt 0.23623517 0.6693331
vt 0.23623517 0.66933304
vt 0.23623517 0.66933304
vt 0.23623517 0.66933304
vt 0.27068615 0.4675488
vt 0.27068615 0.4675488
vt 0.27068615 0.4675488
vt 0.27068615 0.4675488
vt 0.27068615 0.4675488
vt 0.27068618 0.46754876
vt 0.27068615 0.4675488
vt 0.27068615 0.4675488
vt 0.23623517 0.669333
vt 0.23623517 0.6693331
vt 0.23623517 0.6693331
vt 0.23623516 0.669333
vt 0.23623516 0.669333
vt 0.23623517 0.66933304
vt 0.23623517 0.6693331
vt 0.23623517 0.66933304
vt 0.23623517 0.66933304
vt 0.16241166 0.65948987
vt 0.16241166 0.65948987
vt 0.16241166 0.65948987
vt 0.16241166 0.65948987
vt 0.16241166 0.65948987
vt 0.16241166 0.65948987
vt 0.16241166 0.65948987
vt 0.16241166 0.65948987
vt 0.16241166 0.65948987
vt 0.16241166 0.65948987
vt 0.16241166 0.65948987
vt 0.16241166 0.65948987
vt 0.16241166 0.65948987
vt 0.16241166 0.65948987
vt 0.16241166 0.65948987
vt 0.16241166 0.65948987
vt 0.16241166 0.65948987
vt 0.16241166 0.65948987
vt 0.16241166 0.65948987
vt 0.16241166 0.65948987
vt 0.16241166 0.65948987
vt 0.16241166 0.65948987
vt 0.16241166 0.65948987
vt 0.16241166 0.65948987
vt 0.16241166 0.65948987
vt 0.16241166 0.65948987
vt 0.16241166 0.65948987
vt 0.16241166 0.65948987
vt 0.039372526 0.0738235
vt 0.039372526 0.0738235
vt 0.039372526 0.0738235
vt 0.039372526 0.0738235
vt 0.039372526 0.0738235
vt 0.039372526 0.0738235
vt 0.039372526 0.0738235
vt 0.039372526 0.0738235
vt 0.039372526 0.0738235
vt 0.039372526 0.0738235
vt 0.039372526 0.0738235
vt 0.039372526 0.0738235
vt 0.039372526 0.0738235
vt 0.039372526 0.0738235
vt 0.039372526 0.0738235
vt 0.039372526 0.0738235
vt 0.039372526 0.0738235
vt 0.039372526 0.0738235
vt 0.039372526 0.0738235
vt 0.039372526 0.0738235
vt 0.039372526 0.0738235
vt 0.039372526 0.0738235
vt 0.039372526 0.0738235
vt 0.039372526 0.0738235
vt 0.039372526 0.0738235
vt 0.039372526 0.0738235
vt 0.039372526 0.0738235
vt 0.039372526 0.0738235
vt 0.16241166 0.65948987
vt 0.16241166 0.65948987
vt 0.16241166 0.65948987
vt 0.16241166 0.65948987
vt 0.16241166 0.65948987
vt 0.16241166 0.65948987
vt 0.16241166 0.65948987
vt 0.16241166 0.65948987
vt 0.16241166 0.65948987
vt 0.16241166 0.65948987
vt 0.16241166 0.65948987
vt 0.16241166 0.65948987
vt 0.16241166 0.65948987
vt 0.16241166 0.65948987
vt 0.16241166 0.65948987
vt 0.16241166 0.65948987
vt 0.16241166 0.65948987
vt 0.16241166 0.65948987
vt 0.16241166 0.65948987
vt 0.16241166 0.65948987
vt 0.16241166 0.65948987
vt 0.16241166 0.65948987
vt 0.16241166 0.65948987
vt 0.16241166 0.65948987
vt 0.16241166 0.65948987
vt 0.16241166 0.65948987
vt 0.16241166 0.65948987
vt 0.16241166 0.65948987
vt 0.039372526 0.0738235
vt 0.039372526 0.0738235
vt 0.039372526 0.0738235
vt 0.039372526 0.0738235
vt 0.039372526 0.0738235
vt 0.039372526 0.0738235
vt 0.039372526 0.0738235
vt 0.039372526 0.0738235
vt 0.039372526 0.0738235
vt 0.039372526 0.0738235
vt 0.039372526 0.0738235
vt 0.039372526 0.0738235
vt 0.039372526 0.0738235
vt 0.039372526 0.0738235
vt 0.039372526 0.0738235
vt 0.039372526 0.0738235
vt 0.039372526 0.0738235
vt 0.039372526 0.0738235
vt 0.039372526 0.0738235
vt 0.039372526 0.0738235
vt 0.039372526 0.0738235
vt 0.039372526 0.0738235
vt 0.039372526 0.0738235
vt 0.039372526 0.0738235
vt 0.039372526 0.0738235
vt 0.039372526 0.0738235
vt 0.039372526 0.0738235
vt 0.039372526 0.0738235
vt 0.16241166 0.65948987
vt 0.16241166 0.65948987
vt 0.16241166 0.65948987
vt 0.16241166 0.65948987
vt 0.16241166 0.65948987
vt 0.16241166 0.65948987
vt 0.16241166 0.65948987
vt 0.16241166 0.65948987
vt 0.16241166 0.65948987
vt 0.16241166 0.65948987
vt 0.16241166 0.65948987
vt 0.16241166 0.65948987
vt 0.16241166 0.65948987
vt 0.16241166 0.65948987
vt 0.16241166 0.65948987
vt 0.16241166 0.65948987
vt 0.16241166 0.65948987
vt 0.16241166 0.65948987
vt 0.16241166 0.65948987
vt 0.16241166 0.65948987
vt 0.16241166 0.65948987
vt 0.16241166 0.65948987
vt 0.16241166 0.65948987
vt 0.16241166 0.65948987
vt 0.16241166 0.65948987
vt 0.16241166 0.65948987
vt 0.16241166 0.65948987
vt 0.16241166 0.65948987
vt 0.039372526 0.0738235
vt 0.039372526 0.0738235
vt 0.039372526 0.0738235
vt 0.039372526 0.0738235
vt 0.039372526 0.0738235
vt 0.039372526 0.0738235
vt 0.039372526 0.0738235
vt 0.039372526 0.0738235
vt 0.039372526 0.0738235
vt 0.039372526 0.0738235
vt 0.039372526 0.0738235
vt 0.039372526 0.0738235
vt 0.039372526 0.0738235
vt 0.039372526 0.0738235
vt 0.039372526 0.0738235
vt 0.039372526 0.0738235
vt 0.039372526 0.0738235
vt 0.039372526 0.0738235
vt 0.039372526 0.0738235
vt 0.039372526 0.0738235
vt 0.039372526 0.0738235
vt 0.039372526 0.0738235
vt 0.039372526 0.0738235
vt 0.039372526 0.0738235
vt 0.039372526 0.0738235
vt 0.039372526 0.0738235
vt 0.039372526 0.0738235
vt 0.039372526 0.0738235
vt 0.16241166 0.65948987
vt 0.16241166 0.65948987
vt 0.16241166 0.65948987
vt 0.16241166 0.65948987
vt 0.16241166 0.65948987
vt 0.16241166 0.65948987
vt 0.16241166 0.65948987
vt 0.16241166 0.65948987
vt 0.16241166 0.65948987
vt 0.16241166 0.65948987
vt 0.16241166 0.65948987
vt 0.16241166 0.65948987
vt 0.16241166 0.65948987
vt 0.16241166 0.65948987
vt 0.16241166 0.65948987
vt 0.16241166 0.65948987
vt 0.16241166 0.65948987
vt 0.16241166 0.65948987
vt 0.16241166 0.65948987
vt 0.16241166 0.65948987
vt 0.16241166 0.65948987
vt 0.16241166 0.65948987
vt 0.16241166 0.65948987
vt 0.16241166 0.65948987
vt 0.16241166 0.65948987
vt 0.16241166 0.65948987
vt 0.16241166 0.65948987
vt 0.16241166 0.65948987
vt 0.039372526 0.0738235
vt 0.039372526 0.0738235
vt 0.039372526 0.0738235
vt 0.039372526 0.0738235
vt 0.039372526 0.0738235
vt 0.039372526 0.0738235
vt 0.039372526 0.0738235
vt 0.039372526 0.0738235
vt 0.039372526 0.0738235
vt 0.039372526 0.0738235
vt 0.039372526 0.0738235
vt 0.039372526 0.0738235
vt 0.039372526 0.0738235
vt 0.039372526 0.0738235
vt 0.039372526 0.0738235
vt 0.039372526 0.0738235
vt 0.039372526 0.0738235
vt 0.039372526 0.0738235
vt 0.039372526 0.0738235
vt 0.039372526 0.0738235
vt 0.039372526 0.0738235
vt 0.039372526 0.0738235
vt 0.039372526 0.0738235
vt 0.039372526 0.0738235
vt 0.039372526 0.0738235
vt 0.039372526 0.0738235
vt 0.039372526 0.0738235
vt 0.039372526 0.0738235
vt 0.16241166 0.65948987
vt 0.16241166 0.65948987
vt 0.16241166 0.65948987
vt 0.16241166 0.65948987
vt 0.16241166 0.65948987
vt 0.16241166 0.65948987
vt 0.16241166 0.65948987
vt 0.16241166 0.65948987
vt 0.16241166 0.65948987
vt 0.16241166 0.65948987
vt 0.16241166 0.65948987
vt 0.16241166 0.65948987
vt 0.16241166 0.65948987
vt 0.16241166 0.65948987
vt 0.16241166 0.65948987
vt 0.16241166 0.65948987
vt 0.16241166 0.65948987
vt 0.16241166 0.65948987
vt 0.16241166 0.65948987
vt 0.16241166 0.65948987
vt 0.16241166 0.65948987
vt 0.16241166 0.65948987
vt 0.16241166 0.65948987
vt 0.16241166 0.65948987
vt 0.16241166 0.65948987
vt 0.16241166 0.65948987
vt 0.16241166 0.65948987
vt 0.16241166 0.65948987
vt 0.039372526 0.0738235
vt 0.039372526 0.0738235
vt 0.039372526 0.0738235
vt 0.039372526 0.0738235
vt 0.039372526 0.0738235
vt 0.039372526 0.0738235
vt 0.039372526 0.0738235
vt 0.039372526 0.0738235
vt 0.039372526 0.0738235
vt 0.039372526 0.0738235
vt 0.039372526 0.0738235
vt 0.039372526 0.0738235
vt 0.039372526 0.0738235
vt 0.039372526 0.0738235
vt 0.039372526 0.0738235
vt 0.039372526 0.0738235
vt 0.039372526 0.0738235
vt 0.039372526 0.0738235
vt 0.039372526 0.0738235
vt 0.039372526 0.0738235
vt 0.039372526 0.0738235
vt 0.039372526 0.0738235
vt 0.039372526 0.0738235
vt 0.039372526 0.0738235
vt 0.039372526 0.0738235
vt 0.039372526 0.0738235
vt 0.039372526 0.0738235
vt 0.039372526 0.0738235
vt 0.16241166 0.65948987
vt 0.16241166 0.65948987
vt 0.16241166 0.65948987
vt 0.16241166 0.65948987
vt 0.16241166 0.65948987
vt 0.16241166 0.65948987
vt 0.16241166 0.65948987
vt 0.16241166 0.65948987
vt 0.16241166 0.65948987
vt 0.16241166 0.65948987
vt 0.16241166 0.65948987
vt 0.16241166 0.65948987
vt 0.16241166 0.65948987
vt 0.16241166 0.65948987
vt 0.16241166 0.65948987
vt 0.16241166 0.65948987
vt 0.16241166 0.65948987
vt 0.16241166 0.65948987
vt 0.16241166 0.65948987
vt 0.16241166 0.65948987
vt 0.16241166 0.65948987
vt 0.16241166 0.65948987
vt 0.16241166 0.65948987
vt 0.16241166 0.65948987
vt 0.16241166 0.65948987
vt 0.16241166 0.65948987
vt 0.16241166 0.65948987
vt 0.16241166 0.65948987
vt 0.039372526 0.0738235
vt 0.039372526 0.0738235
vt 0.039372526 0.0738235
vt 0.039372526 0.0738235
vt 0.039372526 0.0738235
vt 0.039372526 0.0738235
vt 0.039372526 0.0738235
vt 0.039372526 0.0738235
vt 0.039372526 0.0738235
vt 0.039372526 0.0738235
vt 0.039372526 0.0738235
vt 0.039372526 0.0738235
vt 0.039372526 0.0738235
vt 0.039372526 0.0738235
vt 0.039372526 0.0738235
vt 0.039372526 0.0738235
vt 0.039372526 0.0738235
vt 0.039372526 0.0738235
vt 0.039372526 0.0738235
vt 0.039372526 0.0738235
vt 0.039372526 0.0738235
vt 0.039372526 0.0738235
vt 0.039372526 0.0738235
vt 0.039372526 0.0738235
vt 0.039372526 0.0738235
vt 0.039372526 0.0738235
vt 0.039372526 0.0738235
vt 0.039372526 0.0738235
vt 0.16241166 0.65948987
vt 0.16241166 0.65948987
vt 0.16241166 0.65948987
vt 0.16241166 0.65948987
vt 0.16241166 0.65948987
vt 0.16241166 0.65948987
vt 0.16241166 0.65948987
vt 0.16241166 0.65948987
vt 0.16241166 0.65948987
vt 0.16241166 0.65948987
vt 0.16241166 0.65948987
vt 0.16241166 0.65948987
vt 0.16241166 0.65948987
vt 0.16241166 0.65948987
vt 0.16241166 0.65948987
vt 0.16241166 0.65948987
vt 0.16241166 0.65948987
vt 0.16241166 0.65948987
vt 0.16241166 0.65948987
vt 0.16241166 0.65948987
vt 0.16241166 0.65948987
vt 0.16241166 0.65948987
vt 0.16241166 0.65948987
vt 0.16241166 0.65948987
vt 0.16241166 0.65948987
vt 0.16241166 0.65948987
vt 0.16241166 0.65948987
vt 0.16241166 0.65948987
vt 0.039372526 0.0738235
vt 0.039372526 0.0738235
vt 0.039372526 0.0738235
vt 0.039372526 0.0738235
vt 0.039372526 0.0738235
vt 0.039372526 0.0738235
vt 0.039372526 0.0738235
vt 0.039372526 0.0738235
vt 0.039372526 0.0738235
vt 0.039372526 0.0738235
vt 0.039372526 0.0738235
vt 0.039372526 0.0738235
vt 0.039372526 0.0738235
vt 0.039372526 0.0738235
vt 0.039372526 0.0738235
vt 0.039372526 0.0738235
vt 0.039372526 0.0738235
vt 0.039372526 0.0738235
vt 0.039372526 0.0738235
vt 0.039372526 0.0738235
vt 0.039372526 0.0738235
vt 0.039372526 0.0738235
vt 0.039372526 0.0738235
vt 0.039372526 0.0738235
vt 0.039372526 0.0738235
vt 0.039372526 0.0738235
vt 0.039372526 0.0738235
vt 0.039372526 0.0738235
vt 0.16241166 0.65948987
vt 0.16241166 0.65948987
vt 0.16241166 0.65948987
vt 0.16241166 0.65948987
vt 0.16241166 0.65948987
vt 0.16241166 0.65948987
vt 0.16241166 0.65948987
vt 0.16241166 0.65948987
vt 0.16241166 0.65948987
vt 0.16241166 0.65948987
vt 0.16241166 0.65948987
vt 0.16241166 0.65948987
vt 0.16241166 0.65948987
vt 0.16241166 0.65948987
vt 0.16241166 0.65948987
vt 0.16241166 0.65948987
vt 0.16241166 0.65948987
vt 0.16241166 0.65948987
vt 0.16241166 0.65948987
vt 0.16241166 0.65948987
vt 0.16241166 0.65948987
vt 0.16241166 0.65948987
vt 0.16241166 0.65948987
vt 0.16241166 0.65948987
vt 0.16241166 0.65948987
vt 0.16241166 0.65948987
vt 0.16241166 0.65948987
vt 0.16241166 0.65948987
vt 0.039372526 0.0738235
vt 0.039372526 0.0738235
vt 0.039372526 0.0738235
vt 0.039372526 0.0738235
vt 0.039372526 0.0738235
vt 0.039372526 0.0738235
vt 0.039372526 0.0738235
vt 0.039372526 0.0738235
vt 0.039372526 0.0738235
vt 0.039372526 0.0738235
vt 0.039372526 0.0738235
vt 0.039372526 0.0738235
vt 0.039372526 0.0738235
vt 0.039372526 0.0738235
vt 0.039372526 0.0738235
vt 0.039372526 0.0738235
vt 0.039372526 0.0738235
vt 0.039372526 0.0738235
vt 0.039372526 0.0738235
vt 0.039372526 0.0738235
vt 0.039372526 0.0738235
vt 0.039372526 0.0738235
vt 0.039372526 0.0738235
vt 0.039372526 0.0738235
vt 0.039372526 0.0738235
vt 0.039372526 0.0738235
vt 0.039372526 0.0738235
vt 0.039372526 0.0738235
vt 0.16241166 0.65948987
vt 0.16241166 0.65948987
vt 0.16241166 0.65948987
vt 0.16241166 0.65948987
vt 0.16241166 0.65948987
vt 0.16241166 0.65948987
vt 0.16241166 0.65948987
vt 0.16241166 0.65948987
vt 0.16241166 0.65948987
vt 0.16241166 0.65948987
vt 0.16241166 0.65948987
vt 0.16241166 0.65948987
vt 0.16241166 0.65948987
vt 0.16241166 0.65948987
vt 0.16241166 0.65948987
vt 0.16241166 0.65948987
vt 0.16241166 0.65948987
vt 0.16241166 0.65948987
vt 0.16241166 0.65948987
vt 0.16241166 0.65948987
vt 0.16241166 0.65948987
vt 0.16241166 0.65948987
vt 0.16241166 0.65948987
vt 0.16241166 0.65948987
vt 0.16241166 0.65948987
vt 0.16241166 0.65948987
vt 0.16241166 0.65948987
vt 0.16241166 0.65948987
vt 0.039372526 0.0738235
vt 0.039372526 0.0738235
vt 0.039372526 0.0738235
vt 0.039372526 0.0738235
vt 0.039372526 0.0738235
vt 0.039372526 0.0738235
vt 0.039372526 0.0738235
vt 0.039372526 0.0738235
vt 0.039372526 0.0738235
vt 0.039372526 0.0738235
vt 0.039372526 0.0738235
vt 0.039372526 0.0738235
vt 0.039372526 0.0738235
vt 0.039372526 0.0738235
vt 0.039372526 0.0738235
vt 0.039372526 0.0738235
vt 0.039372526 0.0738235
vt 0.039372526 0.0738235
vt 0.039372526 0.0738235
vt 0.039372526 0.0738235
vt 0.039372526 0.0738235
vt 0.039372526 0.0738235
vt 0.039372526 0.0738235
vt 0.039372526 0.0738235
vt 0.039372526 0.0738235
vt 0.039372526 0.0738235
vt 0.039372526 0.0738235
vt 0.039372526 0.0738235
vt 0.039372526 0.0738235
vt 0.039372526 0.0738235
vt 0.039372526 0.0738235
vt 0.039372526 0.0738235
vt 0.039372526 0.0738235
vt 0.039372526 0.0738235
vt 0.039372526 0.0738235
vt 0.039372526 0.0738235
vt 0.039372526 0.0738235
vt 0.039372526 0.0738235
vt 0.039372526 0.0738235
vt 0.039372526 0.0738235
vt 0.039372526 0.0738235
vt 0.039372526 0.0738235
vt 0.039372526 0.0738235
vt 0.039372526 0.0738235
vt 0.039372526 0.0738235
vt 0.039372526 0.0738235
vt 0.039372526 0.0738235
vt 0.039372526 0.0738235
vt 0.039372526 0.0738235
vt 0.039372526 0.0738235
vt 0.039372526 0.0738235
vt 0.039372526 0.0738235
vt 0.039372526 0.0738235
vt 0.039372526 0.0738235
vt 0.039372526 0.0738235
vt 0.039372526 0.0738235
vt 0.039372526 0.0738235
vt 0.039372526 0.0738235
vt 0.039372526 0.0738235
vt 0.039372526 0.0738235
vt 0.039372526 0.0738235
vt 0.039372526 0.0738235
vt 0.039372526 0.0738235
vt 0.039372526 0.0738235
vt 0.039372526 0.0738235
vt 0.039372526 0.0738235
vt 0.039372526 0.0738235
vt 0.039372526 0.0738235
vt 0.039372526 0.0738235
vt 0.039372526 0.0738235
vt 0.039372526 0.0738235
vt 0.039372526 0.0738235
vt 0.039372526 0.0738235
vt 0.039372526 0.0738235
vt 0.039372526 0.0738235
vt 0.039372526 0.0738235
vt 0.039372526 0.0738235
vt 0.039372526 0.0738235
vt 0.039372526 0.0738235
vt 0.039372526 0.0738235
vt 0.039372526 0.0738235
vt 0.039372526 0.0738235
vt 0.039372526 0.0738235
vt 0.039372526 0.0738235
vt 0.039372526 0.0738235
vt 0.039372526 0.0738235
vt 0.039372526 0.0738235
vt 0.039372526 0.0738235
vt 0.039372526 0.0738235
vt 0.039372526 0.0738235
vt 0.039372526 0.0738235
vt 0.039372526 0.0738235
vt 0.039372526 0.0738235
vt 0.039372526 0.0738235
vt 0.039372526 0.0738235
vt 0.039372526 0.0738235
vt 0.039372526 0.0738235
vt 0.039372526 0.0738235
vt 0.039372526 0.0738235
vt 0.039372526 0.0738235
vt 0.039372526 0.0738235
vt 0.039372526 0.0738235
vt 0.039372526 0.0738235
vt 0.039372526 0.0738235
vt 0.039372526 0.0738235
vt 0.039372526 0.0738235
vt 0.039372526 0.0738235
vt 0.039372526 0.0738235
vt 0.039372526 0.0738235
vt 0.039372526 0.0738235
vt 0.039372526 0.0738235
vt 0.039372526 0.0738235
vt 0.039372526 0.0738235
vt 0.039372526 0.0738235
vt 0.039372526 0.0738235
vt 0.039372526 0.0738235
vt 0.039372526 0.0738235
vt 0.039372526 0.0738235
vt 0.039372526 0.0738235
vt 0.039372526 0.0738235
vt 0.039372526 0.0738235
vt 0.039372526 0.0738235
vt 0.039372526 0.0738235
vt 0.039372526 0.0738235
vt 0.039372526 0.0738235
vt 0.039372526 0.0738235
vt 0.039372526 0.0738235
vt 0.039372526 0.0738235
vt 0.039372526 0.0738235
vt 0.039372526 0.0738235
vt 0.039372526 0.0738235
vt 0.039372526 0.0738235
vt 0.039372526 0.0738235
vt 0.039372526 0.0738235
vt 0.039372526 0.0738235
vt 0.039372526 0.0738235
vt 0.039372526 0.0738235
vt 0.039372526 0.0738235
vt 0.039372526 0.0738235
vt 0.039372526 0.0738235
vt 0.039372526 0.0738235
vt 0.039372526 0.0738235
vt 0.039372526 0.0738235
vt 0.039372526 0.0738235
vt 0.039372526 0.0738235
vt 0.039372526 0.0738235
vt 0.039372526 0.0738235
vt 0.039372526 0.0738235
vt 0.039372526 0.0738235
vt 0.039372526 0.0738235
vt 0.039372526 0.0738235
vt 0.039372526 0.0738235
vt 0.039372526 0.0738235
vt 0.039372526 0.0738235
vt 0.039372526 0.0738235
vt 0.039372526 0.0738235
vt 0.039372526 0.0738235
vt 0.039372526 0.0738235
vt 0.039372526 0.0738235
vt 0.039372526 0.0738235
vt 0.039372526 0.0738235
vt 0.039372526 0.0738235
vt 0.039372526 0.0738235
vt 0.039372526 0.0738235
vt 0.039372526 0.0738235
vt 0.039372526 0.0738235
vt 0.039372526 0.0738235
vt 0.039372526 0.0738235
vt 0.039372526 0.0738235
vt 0.039372526 0.0738235
vt 0.039372526 0.0738235
vt 0.039372526 0.0738235
vt 0.039372526 0.0738235
vt 0.039372526 0.0738235
vt 0.039372526 0.0738235
vt 0.039372526 0.0738235
vt 0.039372526 0.0738235
vt 0.039372526 0.0738235
vt 0.039372526 0.0738235
vt 0.039372526 0.0738235
vt 0.039372526 0.0738235
vt 0.039372526 0.0738235
vt 0.039372526 0.0738235
vt 0.039372526 0.0738235
vt 0.039372526 0.0738235
vt 0.039372526 0.0738235
vt 0.039372526 0.0738235
vt 0.039372526 0.0738235
vt 0.039372526 0.0738235
vt 0.039372526 0.0738235
vt 0.039372526 0.0738235
vt 0.039372526 0.0738235
vt 0.039372526 0.0738235
vt 0.039372526 0.0738235
vt 0.039372526 0.0738235
vt 0.039372526 0.0738235
vt 0.039372526 0.0738235
vt 0.039372526 0.0738235
vt 0.039372526 0.0738235
vt 0.039372526 0.0738235
vt 0.039372526 0.0738235
vt 0.039372526 0.0738235
vt 0.039372526 0.0738235
vt 0.039372526 0.0738235
vt 0.039372526 0.0738235
vt 0.039372526 0.0738235
vt 0.039372526 0.0738235
vt 0.039372526 0.0738235
vt 0.039372526 0.0738235
vt 0.039372526 0.0738235
vt 0.039372526 0.0738235
vt 0.039372526 0.0738235
vt 0.039372526 0.0738235
vt 0.039372526 0.0738235
vt 0.039372526 0.0738235
vt 0.039372526 0.0738235
vt 0.039372526 0.0738235
vt 0.039372526 0.0738235
vt 0.039372526 0.0738235
vt 0.039372526 0.0738235
vt 0.039372526 0.0738235
vt 0.039372526 0.0738235
vt 0.039372526 0.0738235
vt 0.039372526 0.0738235
vt 0.039372526 0.0738235
vt 0.039372526 0.0738235
vt 0.039372526 0.0738235
vt 0.039372526 0.0738235
vt 0.039372526 0.0738235
vt 0.039372526 0.0738235
vt 0.039372526 0.0738235
vt 0.039372526 0.0738235
vt 0.039372526 0.0738235
vt 0.039372526 0.0738235
vt 0.039372526 0.0738235
vt 0.039372526 0.0738235
vt 0.039372526 0.0738235
vt 0.039372526 0.0738235
vt 0.039372526 0.0738235
vt 0.039372526 0.0738235
vt 0.039372526 0.0738235
vt 0.039372526 0.0738235
vt 0.039372526 0.0738235
vt 0.039372526 0.0738235
vt 0.039372526 0.0738235
vt 0.039372526 0.0738235
vt 0.039372526 0.0738235
vt 0.039372526 0.0738235
vt 0.039372526 0.0738235
vt 0.039372526 0.0738235
vt 0.039372526 0.0738235
vt 0.039372526 0.0738235
vt 0.039372526 0.0738235
vt 0.039372526 0.0738235
vt 0.039372526 0.0738235
vt 0.039372526 0.0738235
vt 0.039372526 0.0738235
vt 0.039372526 0.0738235
vt 0.039372526 0.0738235
vt 0.039372526 0.0738235
vt 0.039372526 0.0738235
vt 0.039372526 0.0738235
vt 0.039372526 0.0738235
vt 0.039372526 0.0738235
vt 0.039372526 0.0738235
vt 0.039372526 0.0738235
vt 0.039372526 0.0738235
vt 0.039372526 0.0738235
vt 0.039372526 0.0738235
vt 0.039372526 0.0738235
vt 0.039372526 0.0738235
vt 0.039372526 0.0738235
vt 0.039372526 0.0738235
vt 0.039372526 0.0738235
vt 0.039372526 0.0738235
vt 0.039372526 0.0738235
vt 0.039372526 0.0738235
vt 0.039372526 0.0738235
vt 0.039372526 0.0738235
vt 0.039372526 0.0738235
vt 0.034450963 0.10335289
vt 0.034450963 0.10335289
vt 0.034450963 0.10335289
vt 0.034450963 0.10335289
vt 0.034450963 0.10335289
vt 0.034450963 0.10335289
vt 0.034450963 0.10335289
vt 0.034450963 0.10335289
vt 0.034450963 0.10335289
vt 0.034450963 0.10335289
vt 0.034450963 0.10335289
vt 0.034450963 0.10335289
vt 0.034450963 0.10335289
vt 0.034450963 0.10335289
vt 0.034450963 0.10335289
vt 0.034450963 0.10335289
vt 0.034450963 0.10335289
vt 0.034450963 0.10335289
vt 0.034450963 0.10335289
vt 0.034450963 0.10335289
vt 0.034450963 0.10335289
vt 0.034450963 0.10335289
vt 0.034450963 0.10335289
vt 0.034450963 0.10335289
vt 0.034450963 0.10335289
vt 0.034450963 0.10335289
vt 0.034450963 0.10335289
vt 0.034450963 0.10335289
vt 0.034450963 0.10335289
vt 0.034450963 0.10335289
vt 0.034450963 0.10335289
vt 0.034450963 0.10335289
vt 0.034450963 0.10335289
vt 0.034450963 0.10335289
vt 0.034450963 0.10335289
vt 0.034450963 0.10335289
vt 0.034450963 0.10335289
vt 0.034450963 0.10335289
vt 0.034450963 0.10335289
vt 0.034450963 0.10335289
vt 0.034450963 0.10335289
vt 0.034450963 0.10335289
vt 0.034450963 0.10335289
vt 0.034450963 0.10335289
vt 0.034450963 0.10335289
vt 0.034450963 0.10335289
vt 0.034450963 0.10335289
vt 0.034450963 0.10335289
vt 0.034450963 0.10335289
vt 0.034450963 0.10335289
vt 0.034450963 0.10335289
vt 0.034450963 0.10335289
vt 0.034450963 0.10335289
vt 0.034450963 0.10335289
vt 0.034450963 0.10335289
vt 0.034450963 0.10335289
vt 0.034450963 0.10335289
vt 0.034450963 0.10335289
vt 0.034450963 0.10335289
vt 0.034450963 0.10335289
vt 0.034450963 0.10335289
vt 0.034450963 0.10335289
vt 0.034450963 0.10335289
vt 0.034450963 0.10335289
vt 0.034450963 0.10335289
vt 0.034450963 0.10335289
vt 0.034450963 0.10335289
vt 0.034450963 0.10335289
vt 0.034450963 0.10335289
vt 0.034450963 0.10335289
vt 0.034450963 0.10335289
vt 0.034450963 0.10335289
vt 0.034450963 0.10335289
vt 0.034450963 0.10335289
vt 0.034450963 0.10335289
vt 0.034450963 0.10335289
vt 0.034450963 0.10335289
vt 0.034450963 0.10335289
vt 0.034450963 0.10335289
vt 0.034450963 0.10335289
vt 0.034450963 0.10335289
vt 0.034450963 0.10335289
vt 0.034450963 0.10335289
vt 0.034450963 0.10335289
vt 0.034450963 0.10335289
vt 0.034450963 0.10335289
vt 0.034450963 0.10335289
vt 0.034450963 0.10335289
vt 0.034450963 0.10335289
vt 0.034450963 0.10335289
vt 0.034450963 0.10335289
vt 0.034450963 0.10335289
vt 0.034450963 0.10335289
vt 0.034450963 0.10335289
vt 0.034450963 0.10335289
vt 0.034450963 0.10335289
vt 0.034450963 0.10335289
vt 0.034450963 0.10335289
vt 0.034450963 0.10335289
vt 0.034450963 0.10335289
vt 0.034450963 0.10335289
vt 0.034450963 0.10335289
vt 0.034450963 0.10335289
vt 0.034450963 0.10335289
vt 0.034450963 0.10335289
vt 0.034450963 0.10335289
vt 0.034450963 0.10335289
vt 0.034450963 0.10335289
vn 0.6553586 -0.7553178 0
vn 0.6553507 -0.7553248 0
vn 0.6553519 -0.75532365 0
vn 0.52857286 -0.8488879 0
vn 0.5285707 -0.84888935 1.7722701E-05
vn 0.52857155 -0.8488888 0
vn 0.18783592 -0.9822004 0
vn 0.18782906 -0.98220176 0
vn 0.1878306 -0.9822014 0
vn 0.65200114 -0.75821793 0
vn 0.65200114 -0.75821805 0
vn 0.652002 -0.7582173 0
vn 0.44981733 -0.8931205 0
vn 0.4498122 -0.8931232 0
vn 0.44981307 -0.89312273 0
vn 0.5895512 -0.80773103 1.5291442E-05
vn 0.58955085 -0.80773133 0
vn 0.5895545 -0.8077286 0
vn 0.5813521 -0.8136521 0
vn 0.5813459 -0.81365657 0
vn 0.5813431 -0.8136585 0
vn -0.72983885 0.6836192 0
vn -0.7298414 0.6836166 0
vn -0.7298428 0.68361497 0
vn -0.72983664 0.68362164 0
vn -0.7298386 0.68361944 1.1842997E-05
vn -0.72983885 0.68361926 2.2087695E-05
vn -0.72983915 0.68361884 1.4204909E-05
vn -0.7298366 0.6836217 0
vn -0.72983664 0.68362164 0
vn -0.7298428 0.68361497 0
vn -0.72984135 0.68361664 0
vn -0.72983986 0.6836181 0
vn -0.7298394 0.6836187 0
vn -0.72983855 0.68361956 0
vn -0.7298381 0.68362 0
vn -0.72983694 0.6836213 0
vn 0.7298366 -0.68362164 0
vn 0.7298423 -0.6836156 0
vn 0.7298428 -0.683615 0
vn 0.72984046 -0.6836176 -1.1309593E-05
vn 0.72983843 -0.68361974 -1.543009E-05
vn 0.7298386 -0.68361956 0
vn 0.7298384 -0.68361974 0
vn 0.7298369 -0.68362135 0
vn 0.7298401 -0.68361783 0
vn 0.7298428 -0.683615 -1.3693121E-05
vn 0.7298423 -0.6836156 0
vn 0.7298366 -0.68362164 0
vn 0.7298384 -0.6836198 1.7459284E-05
vn 0.7298385 -0.6836196 0
vn 0.72983825 -0.68361986 0
vn 0.7298369 -0.6836213 0
vn -0.6553589 0.7553177 0
vn -0.6553578 0.75531864 0
vn -0.6553498 0.75532556 0
vn -0.65535074 0.7553248 0
vn -0.65535897 0.7553176 -1.4204988E-05
vn -0.6553522 0.75532347 -1.420506E-05
vn -0.6553522 0.75532347 -1.420506E-05
vn -0.6553557 0.7553203 0
vn -0.65535897 0.7553176 -1.4204988E-05
vn -0.655354 0.7553219 0
vn -0.65535855 0.75531787 1.1257655E-05
vn -0.6553557 0.7553205 0
vn -0.655354 0.7553219 1.075885E-05
vn -0.6553522 0.75532347 0
vn -0.65535855 0.75531787 0
vn -0.6553506 0.7553248 0
vn -0.6553578 0.75531864 0
vn -0.6553498 0.75532556 0
vn 0.65535074 -0.7553248 0
vn 0.6553498 -0.7553255 0
vn 0.6553577 -0.75531864 0
vn 0.65535873 -0.75531775 0
vn 0.65535206 -0.7553235 0
vn 0.6553586 -0.7553178 0
vn 0.65535396 -0.755322 0
vn 0.65535563 -0.75532055 0
vn 0.6553519 -0.75532365 0
vn 0.6553539 -0.75532204 0
vn 0.6553556 -0.75532055 0
vn 0.6553586 -0.7553178 0
vn 0.6553586 -0.7553178 0
vn 0.6553588 -0.7553177 0
vn 0.6553507 -0.7553248 0
vn 0.6553498 -0.7553255 0
vn 0.6553577 -0.75531864 0
vn -0.5285765 0.8488857 0
vn -0.52857846 0.8488845 0
vn -0.52856946 0.8488901 0
vn -0.52857053 0.84888935 1.0994587E-05
vn -0.5285731 0.8488878 0
vn -0.5285718 0.84888864 0
vn -0.5285718 0.84888864 0
vn -0.52857363 0.84888744 0
vn -0.5285731 0.8488878 0
vn -0.52857244 0.8488881 -1.9093313E-05
vn -0.52857286 0.8488879 0
vn -0.52857363 0.84888744 1.4449633E-05
vn -0.5285726 0.8488881 2.4694406E-05
vn -0.5285723 0.8488883 0
vn -0.5285758 0.84888613 0
vn -0.5285708 0.84888923 -1.0283529E-05
vn -0.52857846 0.8488845 0
vn -0.52856946 0.8488901 0
vn 0.5285704 -0.84888947 -1.9618896E-05
vn 0.52856946 -0.8488901 0
vn 0.5285783 -0.8488845 0
vn 0.5285764 -0.8488857 0
vn 0.52857184 -0.84888864 0
vn 0.5285735 -0.8488875 0
vn 0.5285726 -0.8488881 1.7571405E-05
vn 0.5285736 -0.8488875 0
vn 0.52857155 -0.8488888 0
vn 0.52857244 -0.8488881 -2.6054098E-05
vn 0.5285735 -0.8488875 -1.5809359E-05
vn 0.52857286 -0.8488879 0
vn 0.52857286 -0.8488879 0
vn 0.5285764 -0.8488857 0
vn 0.5285707 -0.84888935 1.7722701E-05
vn 0.52856946 -0.8488901 0
vn 0.5285783 -0.8488845 0
vn -0.18783608 0.9822004 0
vn -0.18783669 0.98220026 0
vn -0.187825 0.98220253 0
vn -0.18782818 0.9822019 0
vn -0.1878327 0.98220104 -1.0022537E-05
vn -0.1878364 0.98220026 0
vn -0.1878364 0.98220026 0
vn -0.1878317 0.98220116 0
vn -0.1878327 0.98220104 -1.0022537E-05
vn -0.18783313 0.9822009 0
vn -0.1878327 0.98220104 0
vn -0.18783234 0.98220104 0
vn -0.18783239 0.98220104 0
vn -0.1878331 0.9822009 0
vn -0.18783604 0.9822004 0
vn -0.18782786 0.982202 0
vn -0.18783669 0.98220026 0
vn -0.187825 0.98220253 0
vn 0.18782902 -0.98220176 0
vn 0.18783088 -0.9822014 0
vn 0.18783592 -0.9822004 0
vn 0.1878369 -0.98220026 0
vn 0.18783052 -0.9822014 0
vn 0.1878358 -0.9822004 0
vn 0.18783261 -0.98220104 0
vn 0.18783256 -0.98220104 0
vn 0.1878306 -0.9822014 0
vn 0.1878326 -0.98220104 0
vn 0.18783258 -0.98220104 0
vn 0.18783592 -0.9822004 0
vn 0.18783592 -0.9822004 0
vn 0.18783681 -0.98220026 0
vn 0.18782906 -0.98220176 0
vn 0.18783088 -0.9822014 0
vn 0.18783592 -0.9822004 0
vn -0.6520063 0.7582135 0
vn -0.6520065 0.75821334 0
vn -0.6519985 0.7582202 0
vn -0.65199876 0.7582201 0
vn -0.6520043 0.7582153 0
vn -0.6520023 0.758217 0
vn -0.6520023 0.758217 0
vn -0.65200174 0.75821745 0
vn -0.6520043 0.7582153 0
vn -0.6520019 0.7582174 0
vn -0.6520049 0.7582148 0
vn -0.6520022 0.75821704 0
vn -0.6520014 0.75821775 0
vn -0.65199995 0.7582189 0
vn -0.65200675 0.75821316 0
vn -0.6519986 0.7582202 0
vn -0.6520065 0.75821334 0
vn -0.6519985 0.7582202 0
vn 0.65200216 -0.7582172 0
vn 0.65200084 -0.7582182 0
vn 0.6520042 -0.75821537 0
vn 0.6520036 -0.7582159 0
vn 0.6520033 -0.7582161 0
vn 0.65200144 -0.75821775 0
vn 0.6520016 -0.7582175 0
vn 0.65200156 -0.75821763 0
vn 0.652002 -0.7582173 0
vn 0.6520014 -0.7582178 0
vn 0.65200096 -0.7582182 0
vn 0.65200114 -0.75821793 0
vn 0.65200114 -0.75821793 0
vn 0.65200317 -0.75821626 0
vn 0.65200114 -0.75821805 0
vn 0.65200084 -0.7582182 0
vn 0.6520042 -0.75821537 0
vn -0.44982272 0.8931178 0
vn -0.4498256 0.89311635 0
vn -0.44981143 0.89312357 0
vn -0.4498117 0.8931234 0
vn -0.4498167 0.89312094 0
vn -0.44981632 0.893121 0
vn -0.44981632 0.893121 0
vn -0.44981483 0.8931218 0
vn -0.4498167 0.89312094 0
vn -0.44981533 0.8931216 0
vn -0.44981718 0.89312065 0
vn -0.44981557 0.8931215 0
vn -0.4498138 0.8931224 0
vn -0.44981143 0.8931235 0
vn -0.4498228 0.8931178 0
vn -0.44981104 0.8931237 0
vn -0.4498256 0.89311635 0
vn -0.44981143 0.89312357 0
vn 0.449812 -0.8931233 0
vn 0.44981247 -0.89312303 0
vn 0.44981992 -0.89311934 0
vn 0.4498203 -0.89311904 0
vn 0.44981518 -0.8931217 0
vn 0.44981828 -0.89312005 0
vn 0.44981575 -0.8931213 0
vn 0.44981572 -0.8931214 0
vn 0.44981307 -0.89312273 0
vn 0.4498152 -0.8931217 0
vn 0.44981542 -0.8931215 0
vn 0.44981733 -0.8931205 0
vn 0.44981733 -0.8931205 0
vn 0.44982004 -0.8931192 0
vn 0.4498122 -0.8931232 0
vn 0.44981247 -0.89312303 0
vn 0.44981992 -0.89311934 0
vn -0.8111475 0.58484155 0
vn -0.8111489 0.58483964 0
vn -0.811149 0.5848394 0
vn -0.81114787 0.58484113 0
vn -0.81114423 0.58484614 0
vn -0.8111459 0.58484393 0
vn -0.81114894 0.5848396 0
vn -0.8111465 0.58484304 0
vn -0.81114787 0.58484113 0
vn -0.811149 0.5848394 0
vn -0.8111489 0.58483964 0
vn -0.8111477 0.58484143 0
vn -0.81114465 0.58484554 0
vn -0.81114566 0.5848442 1.7335507E-05
vn -0.8111475 0.58484155 1.7536055E-05
vn -0.81114644 0.58484316 0
vn 0.81114316 -0.58484775 0
vn 0.8111454 -0.5848446 0
vn 0.8111471 -0.58484226 0
vn 0.8111495 -0.5848388 0
vn 0.8111454 -0.5848446 2.1921689E-05
vn 0.8111445 -0.58484584 1.6799495E-05
vn 0.8111432 -0.5848475 0
vn 0.81114197 -0.5848493 0
vn 0.8111496 -0.58483875 -1.0858701E-05
vn 0.811147 -0.5848423 0
vn 0.8111454 -0.5848446 0
vn 0.81114316 -0.58484775 0
vn 0.8111454 -0.58484447 -2.4546334E-05
vn 0.81114453 -0.5848457 -1.4301809E-05
vn 0.81114316 -0.5848477 0
vn 0.8111419 -0.5848494 0
vn -0.58953667 0.8077416 0
vn -0.5895439 0.8077364 0
vn -0.5895573 0.80772656 0
vn -0.5895523 0.80773026 0
vn -0.5895327 0.80774456 -1.2371117E-05
vn -0.58954644 0.80773443 1.0805437E-05
vn -0.58954644 0.80773443 1.0805437E-05
vn -0.5895425 0.8077373 -2.315156E-05
vn -0.5895327 0.80774456 -1.2371117E-05
vn -0.5895454 0.8077352 0
vn -0.589533 0.8077444 1.3220923E-05
vn -0.5895422 0.8077375 1.9326055E-05
vn -0.5895468 0.8077342 0
vn -0.5895508 0.80773133 -3.1566447E-05
vn -0.5895363 0.8077419 0
vn -0.5895523 0.80773026 0
vn -0.5895439 0.8077364 0
vn -0.5895573 0.80772656 0
vn 0.58955115 -0.8077311 0
vn 0.58955413 -0.8077288 0
vn 0.5895348 -0.807743 0
vn 0.5895384 -0.80774033 -1.0849117E-05
vn 0.589554 -0.807729 0
vn 0.58955234 -0.80773014 -1.5291558E-05
vn 0.58954877 -0.8077328 0
vn 0.5895472 -0.8077339 0
vn 0.5895545 -0.8077286 0
vn 0.58954936 -0.80773234 0
vn 0.5895474 -0.80773383 -1.0258214E-05
vn 0.5895512 -0.80773103 1.5291442E-05
vn 0.5895512 -0.80773103 1.5291442E-05
vn 0.58953774 -0.8077408 1.0849021E-05
vn 0.58955085 -0.80773133 0
vn 0.58955413 -0.8077288 0
vn 0.5895348 -0.807743 0
vn -0.5813619 0.8136451 0
vn -0.581364 0.81364363 0
vn -0.58133906 0.8136614 0
vn -0.58133876 0.81366163 1.09946E-05
vn -0.5813527 0.8136517 1.4204826E-05
vn -0.58135 0.81365365 1.2638584E-05
vn -0.58135 0.81365365 1.2638584E-05
vn -0.5813477 0.8136552 0
vn -0.5813527 0.8136517 1.4204826E-05
vn -0.58134973 0.8136538 0
vn -0.58135194 0.81365216 0
vn -0.58134705 0.8136557 -1.3386708E-05
vn -0.58134973 0.8136538 0
vn -0.58135 0.81365365 0
vn -0.5813625 0.81364465 0
vn -0.58133835 0.81366193 -1.0402039E-05
vn -0.581364 0.81364363 0
vn -0.58133906 0.8136614 0
vn 0.581346 -0.8136565 0
vn 0.5813495 -0.81365395 0
vn 0.58134514 -0.81365705 0
vn 0.581348 -0.8136551 0
vn 0.5813433 -0.8136585 0
vn 0.58135104 -0.81365275 0
vn 0.58134747 -0.81365544 0
vn 0.58134824 -0.81365484 0
vn 0.5813431 -0.8136585 0
vn 0.5813475 -0.8136554 0
vn 0.5813484 -0.8136548 0
vn 0.5813521 -0.8136521 0
vn 0.5813521 -0.8136521 0
vn 0.5813479 -0.81365514 0
vn 0.5813459 -0.81365657 0
vn 0.5813495 -0.81365395 0
vn 0.58134514 -0.81365705 0
vn -0.78848106 -0.5633746 -0.24679318
vn -0.5170425 -0.36942676 -0.7721339
vn -0.78848135 -0.56337476 -0.2467918
vn -0.81364876 -0.5813568 0
vn -0.5170434 -0.36942735 -0.7721331
vn -0.81364876 -0.5813568 0
vn -0.12366218 -0.08835424 -0.9883831
vn -0.12366663 -0.08835741 -0.9883823
vn -0.7884787 -0.563373 0.24680412
vn -0.7884783 -0.56337285 0.24680547
vn -0.5170355 -0.3694218 0.77214104
vn -0.5170347 -0.36942124 0.7721419
vn 0.123677485 0.08836699 -0.9883801
vn 0.123673685 0.08836428 -0.9883808
vn 0.51705927 0.36942828 -0.772122
vn 0.5170614 0.36942983 -0.77211994
vn -0.123666994 -0.08835741 0.9883823
vn -0.12366253 -0.08835423 0.9883831
vn 0.7884921 0.56336015 -0.24679066
vn 0.788492 0.56336015 -0.2467907
vn 0.81365895 0.5813426 0
vn 0.81365895 0.5813426 0
vn 0.123671174 0.088362224 0.9883813
vn 0.12367497 0.08836494 0.98838055
vn 0.5170595 0.36942816 0.77212197
vn 0.51705736 0.36942664 0.7721241
vn 0.7884927 0.5633592 0.2467907
vn 0.7884927 0.5633592 0.24679068
vn 0.58135086 -0.81365293 2.3838713E-05
vn 0.5813475 -0.8136554 0
vn 0.5813469 -0.8136558 0
vn 0.5813389 -0.81366146 0
vn 0.5813484 -0.8136548 0
vn 0.5813431 -0.8136585 0
vn 0.5813521 -0.8136521 0
vn 0.5813558 -0.8136495 1.3350584E-05
vn 0.5813396 -0.81366104 0
vn 0.5813459 -0.81365657 0
vn 0.5813495 -0.81365395 0
vn 0.5813516 -0.8136524 0
vn 0.5813479 -0.81365514 0
vn 0.58135307 -0.8136514 0
vn 0.5813429 -0.8136586 0
vn 0.58134514 -0.81365705 0
vn 0.581346 -0.8136565 0
vn 0.58134 -0.81366074 0
vn 0.5813392 -0.8136613 0
vn 0.5813433 -0.8136585 0
vn 0.58135164 -0.8136524 2.1792446E-05
vn 0.581348 -0.8136551 0
vn 0.58135104 -0.81365275 0
vn 0.58135384 -0.8136509 0
vn 0.5813467 -0.81365603 0
vn 0.58134747 -0.81365544 0
vn 0.58134824 -0.81365484 0
vn 0.58135056 -0.8136532 -1.969654E-05
vn -0.78275484 -0.57130426 -0.24679217
vn -0.51329166 -0.3746329 -0.77212816
vn -0.7827568 -0.5713057 -0.24678257
vn -0.80773926 -0.58954 0
vn -0.51329076 -0.37463215 -0.7721292
vn -0.80773926 -0.58954 0
vn -0.12276361 -0.08960174 -0.98838276
vn -0.12276438 -0.0896023 -0.98838264
vn -0.78275794 -0.57130426 0.24678223
vn -0.782756 -0.5713028 0.2467918
vn -0.51329285 -0.3746336 0.77212703
vn -0.5132938 -0.3746343 0.772126
vn 0.122767635 0.08960452 -0.98838216
vn 0.12276896 0.08960549 -0.9883818
vn 0.51329243 0.37464118 -0.77212363
vn 0.513285 0.3746358 -0.77213115
vn -0.12276652 -0.089604415 0.9883823
vn -0.12276558 -0.08960372 0.9883824
vn 0.7827471 0.5713167 -0.24678807
vn 0.78274626 0.57131606 -0.24679202
vn 0.80772877 0.5895543 0
vn 0.80772877 0.5895543 0
vn 0.12276593 0.08960341 0.9883824
vn 0.1227667 0.08960398 0.9883823
vn 0.5132841 0.37463528 0.772132
vn 0.5132876 0.37463784 0.77212846
vn 0.7827462 0.5713161 0.24679203
vn 0.7827471 0.5713167 0.24678807
vn 0.58955747 -0.8077265 0
vn 0.58954936 -0.80773234 0
vn 0.589567 -0.80771947 1.9696246E-05
vn 0.5895555 -0.8077279 1.3350339E-05
vn 0.5895474 -0.80773383 -1.0258214E-05
vn 0.5895545 -0.8077286 0
vn 0.5895512 -0.80773103 1.5291442E-05
vn 0.58955216 -0.8077303 3.7987655E-05
vn 0.58954835 -0.8077331 0
vn 0.58955085 -0.80773133 0
vn 0.58955413 -0.8077288 0
vn 0.5895625 -0.80772287 0
vn 0.58953774 -0.8077408 1.0849021E-05
vn 0.58953774 -0.8077408 4.358597E-05
vn 0.5895237 -0.8077512 0
vn 0.5895348 -0.807743 0
vn 0.58955115 -0.8077311 0
vn 0.5895494 -0.80773234 0
vn 0.5895552 -0.80772805 0
vn 0.589554 -0.807729 0
vn 0.5895402 -0.807739 -4.3586253E-05
vn 0.5895384 -0.80774033 -1.0849117E-05
vn 0.58955234 -0.80773014 -1.5291558E-05
vn 0.5895545 -0.8077285 -3.798791E-05
vn 0.5895648 -0.8077211 0
vn 0.58954877 -0.8077328 0
vn 0.5895472 -0.8077339 0
vn 0.5895576 -0.8077263 0
vn -0.5667521 -0.78605 -0.2468148
vn -0.37163445 -0.51543576 -0.77214885
vn -0.566752 -0.7860501 -0.2468145
vn -0.58484674 -0.8111439 0
vn -0.37163705 -0.51543933 -0.77214515
vn -0.58484674 -0.8111439 0
vn -0.088887036 -0.12328136 -0.9883829
vn -0.08888878 -0.12328377 -0.9883824
vn -0.5667524 -0.7860499 0.24681455
vn -0.56675225 -0.7860498 0.24681477
vn -0.37163755 -0.5154392 0.772145
vn -0.371635 -0.5154356 0.77214867
vn 0.08889023 0.12328347 -0.9883823
vn 0.088889085 0.123281874 -0.98838264
vn 0.37165073 0.51544255 -0.77213645
vn 0.37165108 0.5154431 -0.7721359
vn -0.08888915 -0.12328379 0.9883824
vn -0.08888748 -0.12328146 0.9883829
vn 0.5667669 0.78604406 -0.24679954
vn 0.56676674 0.78604376 -0.24680084
vn 0.58485943 0.8111347 0
vn 0.58485943 0.8111347 0
vn 0.08888713 0.12328159 0.9883829
vn 0.088889204 0.12328447 0.9883823
vn 0.37164953 0.5154432 0.7721366
vn 0.3716506 0.5154447 0.7721351
vn 0.56676686 0.78604376 0.24680077
vn 0.5667671 0.786044 0.24679948
vn 0.8111502 -0.58483773 -3.6265545E-05
vn 0.81114453 -0.5848457 -1.4301809E-05
vn 0.811146 -0.58484364 1.1412146E-05
vn 0.81114113 -0.5848505 0
vn 0.8111454 -0.58484447 -2.4546334E-05
vn 0.81114316 -0.5848477 0
vn 0.8111496 -0.58483875 -1.0858701E-05
vn 0.81115264 -0.5848345 -1.33505E-05
vn 0.8111386 -0.584854 -1.0896552E-05
vn 0.8111419 -0.5848494 0
vn 0.81114316 -0.58484775 0
vn 0.8111418 -0.58484954 0
vn 0.811147 -0.5848423 0
vn 0.8111506 -0.5848374 0
vn 0.81114626 -0.58484334 0
vn 0.8111454 -0.5848446 0
vn 0.81114197 -0.5848493 0
vn 0.811139 -0.5848535 1.0896552E-05
vn 0.8111414 -0.58485013 0
vn 0.8111432 -0.5848475 0
vn 0.8111509 -0.58483684 0
vn 0.8111471 -0.58484226 0
vn 0.8111495 -0.5848388 0
vn 0.8111528 -0.58483434 0
vn 0.8111459 -0.5848439 0
vn 0.8111445 -0.58484584 1.6799495E-05
vn 0.8111454 -0.5848446 2.1921689E-05
vn 0.81114995 -0.58483815 2.4346207E-05
vn -0.8654945 -0.43589956 -0.24680135
vn -0.5675359 -0.285836 -0.7721404
vn -0.8654942 -0.43589935 -0.24680273
vn -0.8931229 -0.44981262 0
vn -0.5675409 -0.2858385 -0.77213573
vn -0.8931229 -0.44981262 0
vn -0.13574193 -0.068365395 -0.98838264
vn -0.13574322 -0.068366036 -0.9883824
vn -0.8654942 -0.43589997 0.24680161
vn -0.8654945 -0.43590006 0.24680021
vn -0.56754124 -0.2858392 0.7721353
vn -0.5675362 -0.28583667 0.77213997
vn 0.13574412 0.06836613 -0.9883823
vn 0.13574365 0.06836589 -0.9883824
vn 0.56754315 0.28583857 -0.7721341
vn 0.5675454 0.2858397 -0.77213204
vn -0.13574283 -0.06836584 0.9883825
vn -0.13574162 -0.06836524 0.98838276
vn 0.8654963 0.43589973 -0.24679472
vn 0.86549616 0.43589967 -0.24679495
vn 0.89312226 0.4498139 0
vn 0.89312226 0.4498139 0
vn 0.13574094 0.06836602 0.98838276
vn 0.13574335 0.06836724 0.9883823
vn 0.56754327 0.28584045 0.7721333
vn 0.5675432 0.28584042 0.7721334
vn 0.8654954 0.43590122 0.24679515
vn 0.86549544 0.43590125 0.24679486
vn 0.44981542 -0.8931216 0
vn 0.4498152 -0.8931217 0
vn 0.44981444 -0.8931221 0
vn 0.44981062 -0.893124 0
vn 0.44981542 -0.8931215 0
vn 0.44981307 -0.89312273 0
vn 0.44981733 -0.8931205 0
vn 0.44981912 -0.8931197 0
vn 0.4498088 -0.8931248 0
vn 0.4498122 -0.8931232 0
vn 0.44981247 -0.89312303 0
vn 0.44980928 -0.89312464 0
vn 0.44982004 -0.8931192 0
vn 0.4498225 -0.89311796 0
vn 0.4498241 -0.89311725 0
vn 0.44981992 -0.89311934 0
vn 0.449812 -0.8931233 0
vn 0.4498102 -0.89312404 0
vn 0.44981408 -0.8931222 0
vn 0.44981518 -0.8931217 0
vn 0.4498237 -0.8931174 0
vn 0.4498203 -0.89311904 0
vn 0.44981828 -0.89312005 0
vn 0.4498209 -0.89311886 0
vn 0.4498173 -0.89312065 0
vn 0.44981575 -0.8931213 0
vn 0.44981572 -0.8931214 0
vn 0.44981676 -0.89312094 0
vn -0.73476523 -0.63183194 -0.24679632
vn -0.4818148 -0.41431487 -0.7721385
vn -0.7347652 -0.63183194 -0.24679683
vn -0.7582185 -0.6520005 0
vn -0.48181823 -0.41431782 -0.7721346
vn -0.7582185 -0.6520005 0
vn -0.115237124 -0.09909158 -0.9883831
vn -0.115238935 -0.099093154 -0.98838276
vn -0.7347655 -0.6318315 0.24679652
vn -0.73476565 -0.6318315 0.24679598
vn -0.48181906 -0.41431803 0.77213407
vn -0.48181552 -0.414315 0.7721378
vn 0.11524015 0.09909607 -0.9883823
vn 0.11523982 0.09909577 -0.9883824
vn 0.4818174 0.41431913 -0.7721345
vn 0.48181802 0.41431966 -0.77213377
vn -0.11523951 -0.09909372 0.98838264
vn -0.11523778 -0.09909224 0.988383
vn 0.7347636 0.6318338 -0.24679649
vn 0.73476356 0.63183373 -0.24679664
vn 0.7582154 0.65200406 0
vn 0.7582154 0.65200406 0
vn 0.11523846 0.09909645 0.9883825
vn 0.115239665 0.09909748 0.9883823
vn 0.48181754 0.41432005 0.7721339
vn 0.48181906 0.41432136 0.7721322
vn 0.734764 0.6318334 0.24679637
vn 0.734764 0.6318334 0.24679615
vn 0.65200067 -0.75821835 0
vn 0.6520014 -0.7582178 0
vn 0.6520026 -0.75821674 0
vn 0.6520025 -0.75821686 0
vn 0.65200096 -0.7582182 0
vn 0.652002 -0.7582173 0
vn 0.65200114 -0.75821793 0
vn 0.65200144 -0.7582177 0
vn 0.6520016 -0.7582175 0
vn 0.65200114 -0.75821805 0
vn 0.65200084 -0.7582182 0
vn 0.6520008 -0.7582183 0
vn 0.65200317 -0.75821626 0
vn 0.6520035 -0.7582159 1.0896227E-05
vn 0.65200746 -0.75821257 0
vn 0.6520042 -0.75821537 0
vn 0.65200216 -0.7582172 0
vn 0.65200454 -0.75821507 0
vn 0.6520052 -0.7582146 0
vn 0.6520033 -0.7582161 0
vn 0.65200317 -0.75821626 0
vn 0.6520036 -0.7582159 0
vn 0.65200144 -0.75821775 0
vn 0.6520014 -0.75821775 0
vn 0.652003 -0.7582164 0
vn 0.6520016 -0.7582175 0
vn 0.65200156 -0.75821763 0
vn 0.6520026 -0.7582168 0
vn -0.95181876 -0.1820191 -0.24679984
vn -0.6241442 -0.11935684 -0.77213854
vn -0.9518185 -0.18201904 -0.24680072
vn -0.98220164 -0.18782964 0
vn -0.62414914 -0.11935779 -0.7721345
vn -0.98220164 -0.18782964 0
vn -0.14928097 -0.028547535 -0.98838264
vn -0.14928302 -0.028547928 -0.9883823
vn -0.95181876 -0.18201917 0.24679942
vn -0.95181906 -0.18201923 0.2467985
vn -0.62414944 -0.119357936 0.7721342
vn -0.6241445 -0.11935701 0.7721383
vn 0.14928438 0.028548237 -0.98838216
vn 0.14928417 0.028548196 -0.98838216
vn 0.62414855 0.11935819 -0.77213484
vn 0.62415004 0.11935848 -0.77213365
vn -0.14928214 -0.02854776 0.9883824
vn -0.14928024 -0.028547395 0.98838276
vn 0.95181876 0.18201974 -0.2467993
vn 0.95181894 0.18201977 -0.24679843
vn 0.9822015 0.18782999 0
vn 0.9822015 0.18782999 0
vn 0.14928184 0.028548976 0.9883824
vn 0.14928354 0.0285493 0.98838216
vn 0.6241493 0.11935964 0.7721339
vn 0.624151 0.11935997 0.7721326
vn 0.9518194 0.18201986 0.24679689
vn 0.95181906 0.1820198 0.24679774
vn 0.18783508 -0.9822006 0
vn 0.1878326 -0.98220104 0
vn 0.18783525 -0.9822005 0
vn 0.1878281 -0.9822019 0
vn 0.18783258 -0.98220104 0
vn 0.1878306 -0.9822014 0
vn 0.18783592 -0.9822004 0
vn 0.18783905 -0.9821998 0
vn 0.18782476 -0.98220253 0
vn 0.18782906 -0.98220176 0
vn 0.18783088 -0.9822014 0
vn 0.18782991 -0.9822015 0
vn 0.18783681 -0.98220026 0
vn 0.18784077 -0.98219943 0
vn 0.18784001 -0.98219967 0
vn 0.18783592 -0.9822004 0
vn 0.18782902 -0.98220176 0
vn 0.18782471 -0.98220253 1.0896378E-05
vn 0.18782794 -0.982202 0
vn 0.18783052 -0.9822014 0
vn 0.18784086 -0.98219943 0
vn 0.1878369 -0.98220026 0
vn 0.1878358 -0.9822004 0
vn 0.18783893 -0.9821999 0
vn 0.18783501 -0.9822006 0
vn 0.18783261 -0.98220104 0
vn 0.18783256 -0.98220104 0
vn 0.18783472 -0.9822006 0
vn -0.8226272 -0.51222426 -0.24680138
vn -0.5394284 -0.3358847 -0.7721389
vn -0.82262665 -0.5122239 -0.24680367
vn -0.8488871 -0.52857417 0
vn -0.53943133 -0.33588654 -0.772136
vn -0.8488871 -0.52857417 0
vn -0.12902077 -0.08033687 -0.9883823
vn -0.12902097 -0.08033699 -0.9883823
vn -0.8226272 -0.51222295 0.24680385
vn -0.8226277 -0.5122233 0.24680157
vn -0.5394311 -0.3358867 0.7721361
vn -0.5394282 -0.33588487 0.772139
vn 0.12902498 0.08033986 -0.98838156
vn 0.12902273 0.080338456 -0.9883819
vn 0.539423 0.3358817 -0.772144
vn 0.53942484 0.3358829 -0.7721422
vn -0.12902097 -0.08033699 0.9883823
vn -0.12902077 -0.08033687 0.9883823
vn 0.8226249 0.512222 -0.24681357
vn 0.8226244 0.51222163 -0.24681583
vn 0.8488872 0.52857417 0
vn 0.8488872 0.52857417 0
vn 0.12902273 0.080338456 0.9883819
vn 0.12902498 0.08033986 0.98838156
vn 0.5394246 0.33588308 0.77214223
vn 0.53942263 0.33588183 0.7721441
vn 0.82262415 0.5122219 0.24681604
vn 0.82262474 0.5122222 0.24681374
vn 0.52857363 -0.84888744 -1.2426813E-05
vn 0.52857244 -0.8488881 -2.6054098E-05
vn 0.52856904 -0.84889036 -6.0104205E-05
vn 0.528571 -0.84888905 1.1285896E-05
vn 0.5285735 -0.8488875 -1.5809359E-05
vn 0.52857155 -0.8488888 0
vn 0.52857286 -0.8488879 0
vn 0.52857196 -0.84888846 -1.8993824E-05
vn 0.5285707 -0.84888923 4.3585307E-05
vn 0.5285707 -0.84888935 1.7722701E-05
vn 0.52856946 -0.8488901 0
vn 0.52856535 -0.8488927 0
vn 0.5285764 -0.8488857 0
vn 0.52857476 -0.84888667 -2.1792643E-05
vn 0.528583 -0.8488816 0
vn 0.5285783 -0.8488845 0
vn 0.5285704 -0.84888947 -1.9618896E-05
vn 0.5285703 -0.84888947 -4.3585213E-05
vn 0.5285713 -0.848889 -1.1285736E-05
vn 0.52857184 -0.84888864 0
vn 0.528575 -0.84888655 2.1792635E-05
vn 0.5285764 -0.8488857 0
vn 0.5285735 -0.8488875 0
vn 0.5285729 -0.84888786 1.8993822E-05
vn 0.52857 -0.84888977 5.5962126E-05
vn 0.5285726 -0.8488881 1.7571405E-05
vn 0.5285736 -0.8488875 0
vn 0.52857476 -0.84888667 0
vn -0.7319555 -0.6350822 -0.24680296
vn -0.47996968 -0.41644678 -0.7721407
vn -0.7319557 -0.63508236 -0.24680169
vn -0.755321 -0.65535504 0
vn -0.47997165 -0.41644853 -0.7721385
vn -0.755321 -0.655355 0
vn -0.114796326 -0.09960349 -0.988383
vn -0.1147978 -0.09960476 -0.98838264
vn -0.73195624 -0.6350818 0.24680169
vn -0.731956 -0.6350817 0.24680294
vn -0.47997192 -0.41644812 0.77213854
vn -0.4799696 -0.4164461 0.7721411
vn 0.114794634 0.099601924 -0.98838335
vn 0.11479425 0.09960159 -0.9883835
vn 0.47997496 0.4164513 -0.77213496
vn 0.47997698 0.4164531 -0.7721327
vn -0.11479744 -0.09960469 0.98838276
vn -0.11479591 -0.09960335 0.988383
vn 0.73195773 0.63508445 -0.24679081
vn 0.7319579 0.6350846 -0.2467895
vn 0.7553206 0.65535545 0
vn 0.7553206 0.65535545 0
vn 0.11479388 0.0996016 0.9883835
vn 0.11479426 0.099601924 0.98838335
vn 0.47997704 0.416453 0.77213275
vn 0.47997493 0.4164512 0.7721351
vn 0.7319581 0.63508457 0.24678934
vn 0.73195785 0.63508433 0.24679063
vn 0.6553579 -0.7553185 0
vn 0.6553539 -0.75532204 0
vn 0.6553501 -0.7553254 0
vn 0.6553505 -0.75532496 1.8993731E-05
vn 0.6553556 -0.75532055 0
vn 0.6553519 -0.75532365 0
vn 0.6553586 -0.7553178 0
vn 0.6553614 -0.7553154 1.8993676E-05
vn 0.65534955 -0.7553258 2.1792848E-05
vn 0.6553507 -0.7553248 0
vn 0.6553498 -0.7553255 0
vn 0.6553447 -0.7553299 0
vn 0.6553588 -0.7553177 0
vn 0.65536237 -0.75531465 2.1792468E-05
vn 0.6553605 -0.75531626 0
vn 0.6553577 -0.75531864 0
vn 0.65535074 -0.7553248 0
vn 0.6553498 -0.7553255 0
vn 0.6553508 -0.7553246 -1.3350809E-05
vn 0.65535206 -0.7553235 0
vn 0.6553624 -0.7553145 -2.1792455E-05
vn 0.65535873 -0.75531775 0
vn 0.6553586 -0.7553178 0
vn 0.6553615 -0.7553153 -1.899367E-05
vn 0.6553502 -0.75532514 -2.3838791E-05
vn 0.65535396 -0.755322 0
vn 0.65535563 -0.75532055 0
vn 0.65535784 -0.7553185 0
vn -0.66247755 -0.7072653 -0.24677776
vn -0.4344233 -0.4637932 -0.77212197
vn -0.6624776 -0.70726526 -0.24677779
vn -0.6836205 -0.7298377 0
vn -0.434425 -0.46379507 -0.77211976
vn -0.6836205 -0.7298377 0
vn -0.103901885 -0.110926524 -0.9883823
vn -0.10390307 -0.11092779 -0.98838216
vn -0.6624753 -0.7072631 0.24679004
vn -0.66247535 -0.7072631 0.24679002
vn -0.43441838 -0.46378806 0.77212775
vn -0.43441665 -0.46378618 0.77212995
vn 0.103902735 0.110927425 -0.98838216
vn 0.103902 0.11092665 -0.9883823
vn 0.43441707 0.46378607 -0.7721297
vn 0.4344181 0.4637872 -0.77212846
vn -0.10390325 -0.110927776 0.98838216
vn -0.10390214 -0.1109266 0.9883823
vn 0.6624757 0.7072628 -0.24678975
vn 0.66247565 0.70726275 -0.24679011
vn 0.68362087 0.7298374 0
vn 0.68362087 0.7298374 0
vn 0.10390059 0.110926546 0.9883825
vn 0.10390239 0.11092847 0.98838216
vn 0.43442333 0.46379456 0.77212095
vn 0.43442407 0.46379533 0.7721203
vn 0.662478 0.7072648 0.24677801
vn 0.6624781 0.70726484 0.24677765
vn 0.7298378 -0.6836204 5.181958E-05
vn 0.7298385 -0.6836196 0
vn 0.72983843 -0.6836196 -1.9696537E-05
vn 0.7298381 -0.68362004 0
vn 0.7298384 -0.6836198 1.7459284E-05
vn 0.72983825 -0.68361986 0
vn 0.7298401 -0.68361783 0
vn 0.7298422 -0.6836156 -1.1286243E-05
vn 0.7298367 -0.6836215 2.1792823E-05
vn 0.7298369 -0.6836213 0
vn 0.7298366 -0.68362164 0
vn 0.72983474 -0.6836237 0
vn 0.7298428 -0.683615 -1.3693121E-05
vn 0.7298458 -0.68361175 -4.3584674E-05
vn 0.7298461 -0.6836115 0
vn 0.7298423 -0.6836156 0
vn 0.7298369 -0.68362135 0
vn 0.7298364 -0.6836219 -2.1792783E-05
vn 0.729838 -0.6836201 0
vn 0.7298384 -0.68361974 0
vn 0.72984576 -0.6836118 2.1792273E-05
vn 0.7298428 -0.683615 0
vn 0.72984046 -0.6836176 -1.1309593E-05
vn 0.7298426 -0.6836152 0
vn 0.7298391 -0.68361884 1.9696568E-05
vn 0.7298386 -0.68361956 0
vn 0.72983843 -0.68361974 -1.543009E-05
vn 0.72983843 -0.6836197 -5.1819636E-05
vn -0.58134705 0.8136557 -1.3386708E-05
vn -0.58135194 0.81365216 0
vn -0.5813564 0.813649 0
vn -0.581349 0.8136543 -2.6945012E-05
vn -0.5813681 0.8136407 2.179267E-05
vn -0.58134973 0.8136538 0
vn -0.5813625 0.81364465 0
vn -0.5813614 0.81364554 2.073212E-05
vn -0.58138126 0.81363124 0
vn -0.58135 0.81365365 0
vn -0.581364 0.81364363 0
vn -0.58134776 0.81365514 0
vn -0.58136696 0.8136415 0
vn -0.58133835 0.81366193 -1.0402039E-05
vn -0.5813619 0.8136451 0
vn -0.5813331 0.8136656 -2.179259E-05
vn -0.5813572 0.81364846 1.3350545E-05
vn -0.58133906 0.8136614 0
vn -0.5813527 0.8136517 1.4204826E-05
vn -0.5813313 0.8136669 0
vn -0.58135164 0.8136524 2.2802864E-05
vn -0.58133876 0.81366163 1.09946E-05
vn -0.5813477 0.8136552 0
vn -0.5813339 0.8136651 2.1792574E-05
vn -0.58136123 0.81364554 0
vn -0.58135 0.81365365 1.2638584E-05
vn -0.58134973 0.8136538 0
vn -0.58134806 0.81365496 1.8993494E-05
vn -0.5895422 0.8077375 1.9326055E-05
vn -0.589533 0.8077444 1.3220923E-05
vn -0.5895238 0.80775106 0
vn -0.5895421 0.8077377 5.2854775E-05
vn -0.5895224 0.807752 -2.179342E-05
vn -0.5895468 0.8077342 0
vn -0.5895363 0.8077419 0
vn -0.5895632 0.8077222 -6.633754E-05
vn -0.5895462 0.8077347 0
vn -0.5895508 0.80773133 -3.1566447E-05
vn -0.5895439 0.8077364 0
vn -0.5895525 0.8077301 -4.0052142E-05
vn -0.5895232 0.80775136 2.1793398E-05
vn -0.5895523 0.80773026 0
vn -0.58953667 0.8077416 0
vn -0.58955085 0.80773133 0
vn -0.58952373 0.80775106 0
vn -0.5895573 0.80772656 0
vn -0.5895327 0.80774456 -1.2371117E-05
vn -0.589573 0.80771506 0
vn -0.5895417 0.80773795 -5.5961493E-05
vn -0.5895523 0.80773026 0
vn -0.5895425 0.8077373 -2.315156E-05
vn -0.58955026 0.8077316 0
vn -0.58955514 0.8077281 1.5553927E-05
vn -0.58954644 0.80773443 1.0805437E-05
vn -0.5895454 0.8077352 0
vn -0.589547 0.807734 1.3350699E-05
vn -0.81114465 0.58484554 0
vn -0.8111477 0.58484143 0
vn -0.81114995 0.5848381 0
vn -0.8111486 0.58484006 0
vn -0.8111514 0.5848363 1.0896408E-05
vn -0.81114566 0.5848442 1.7335507E-05
vn -0.8111489 0.58483964 0
vn -0.81115294 0.584834 4.093546E-05
vn -0.81115454 0.58483195 0
vn -0.8111475 0.58484155 1.7536055E-05
vn -0.811149 0.5848394 0
vn -0.81114817 0.5848407 2.0025673E-05
vn -0.81115156 0.5848361 -1.0896402E-05
vn -0.81114644 0.58484316 0
vn -0.8111489 0.58483964 0
vn -0.81114566 0.58484423 0
vn -0.8111499 0.5848382 0
vn -0.81114787 0.58484113 0
vn -0.8111475 0.58484155 0
vn -0.8111521 0.5848353 0
vn -0.8111481 0.5848408 0
vn -0.8111465 0.58484304 0
vn -0.81114423 0.58484614 0
vn -0.81114596 0.5848437 -1.08962795E-05
vn -0.8111556 0.5848303 1.1401326E-05
vn -0.81114894 0.5848396 0
vn -0.8111459 0.58484393 0
vn -0.81115013 0.584838 0
vn -0.44981557 0.8931215 0
vn -0.44981718 0.89312065 0
vn -0.44981828 0.89312005 0
vn -0.44982004 0.8931192 1.554377E-05
vn -0.44982302 0.8931177 0
vn -0.4498138 0.8931224 0
vn -0.4498228 0.8931178 0
vn -0.44981128 0.8931237 0
vn -0.44983718 0.8931106 0
vn -0.44981143 0.8931235 0
vn -0.4498256 0.89311635 0
vn -0.44980973 0.89312434 0
vn -0.44982323 0.8931177 0
vn -0.44981104 0.8931237 0
vn -0.44982272 0.8931178 0
vn -0.4498092 0.89312476 0
vn -0.44981772 0.89312035 0
vn -0.44981143 0.89312357 0
vn -0.4498167 0.89312094 0
vn -0.44980875 0.89312494 0
vn -0.44981837 0.89312005 -1.0883671E-05
vn -0.4498117 0.8931234 0
vn -0.44981483 0.8931218 0
vn -0.44981062 0.893124 0
vn -0.44982073 0.8931189 0
vn -0.44981632 0.893121 0
vn -0.44981533 0.8931216 0
vn -0.4498162 0.8931211 0
vn -0.6520022 0.75821704 0
vn -0.6520049 0.7582148 0
vn -0.6520072 0.75821275 0
vn -0.65200424 0.7582153 1.4508119E-05
vn -0.65200967 0.75821066 0
vn -0.6520014 0.75821775 0
vn -0.65200675 0.75821316 0
vn -0.6520003 0.75821865 1.45083295E-05
vn -0.6520113 0.75820917 0
vn -0.65199995 0.7582189 0
vn -0.6520065 0.75821334 0
vn -0.6519987 0.75822014 0
vn -0.6520086 0.75821155 0
vn -0.6519986 0.7582202 0
vn -0.6520063 0.7582135 0
vn -0.6519969 0.75822157 0
vn -0.65200615 0.75821364 0
vn -0.6519985 0.7582202 0
vn -0.6520043 0.7582153 0
vn -0.6519953 0.75822294 0
vn -0.6520036 0.7582159 0
vn -0.65199876 0.7582201 0
vn -0.65200174 0.75821745 0
vn -0.6519976 0.758221 0
vn -0.65200436 0.7582152 1.450824E-05
vn -0.6520023 0.758217 0
vn -0.6520019 0.7582174 0
vn -0.65200174 0.75821745 1.1423738E-05
vn -0.18783234 0.98220104 0
vn -0.1878327 0.98220104 0
vn -0.18783289 0.9822009 1.6172191E-05
vn -0.18783098 0.9822014 1.3990352E-05
vn -0.18783648 0.98220026 1.0896362E-05
vn -0.18783239 0.98220104 0
vn -0.18783604 0.9822004 0
vn -0.18783122 0.9822013 1.3990483E-05
vn -0.18784022 0.98219955 0
vn -0.1878331 0.9822009 0
vn -0.18783669 0.98220026 0
vn -0.1878337 0.98220086 0
vn -0.1878367 0.98220026 -1.08963495E-05
vn -0.18782786 0.982202 0
vn -0.18783608 0.9822004 0
vn -0.18782936 0.98220164 0
vn -0.18783304 0.9822009 -1.6172196E-05
vn -0.187825 0.98220253 0
vn -0.1878327 0.98220104 -1.0022537E-05
vn -0.18781687 0.9822041 0
vn -0.18783051 0.9822014 -1.0883655E-05
vn -0.18782818 0.9822019 0
vn -0.1878317 0.98220116 0
vn -0.18783042 0.9822015 0
vn -0.18783718 0.98220015 1.2954772E-05
vn -0.1878364 0.98220026 0
vn -0.18783313 0.9822009 0
vn -0.18783814 0.9822 0
vn -0.52857363 0.84888744 1.4449633E-05
vn -0.52857286 0.8488879 0
vn -0.5285715 0.8488887 1.8993758E-05
vn -0.5285747 0.8488867 1.1391241E-05
vn -0.5285735 0.8488876 2.1792572E-05
vn -0.5285726 0.8488881 2.4694406E-05
vn -0.5285758 0.84888613 0
vn -0.5285701 0.84888965 5.906881E-05
vn -0.5285833 0.8488814 0
vn -0.5285723 0.8488883 0
vn -0.52857846 0.8488845 0
vn -0.52857214 0.8488884 0
vn -0.52857447 0.8488869 -2.1792554E-05
vn -0.5285708 0.84888923 -1.0283529E-05
vn -0.5285765 0.8488857 0
vn -0.52857137 0.8488889 -2.1792692E-05
vn -0.528572 0.84888846 -1.8993751E-05
vn -0.52856946 0.8488901 0
vn -0.5285731 0.8488878 0
vn -0.52856535 0.8488927 0
vn -0.52857476 0.84888667 0
vn -0.52857053 0.84888935 1.0994587E-05
vn -0.52857363 0.84888744 0
vn -0.5285706 0.84888935 2.17926E-05
vn -0.5285697 0.8488898 -5.596214E-05
vn -0.5285718 0.84888864 0
vn -0.52857244 0.8488881 -1.9093313E-05
vn -0.5285713 0.8488889 0
vn -0.6553557 0.7553205 0
vn -0.65535855 0.75531787 1.1257655E-05
vn -0.6553612 0.7553157 1.899367E-05
vn -0.655358 0.7553184 0
vn -0.65536183 0.7553151 2.1792443E-05
vn -0.655354 0.7553219 1.075885E-05
vn -0.65535855 0.75531787 0
vn -0.6553505 0.7553249 2.5909942E-05
vn -0.6553604 0.7553163 0
vn -0.6553522 0.75532347 0
vn -0.6553578 0.75531864 0
vn -0.65535074 0.7553248 0
vn -0.6553624 0.75531465 0
vn -0.6553506 0.7553248 0
vn -0.6553589 0.7553177 0
vn -0.6553495 0.7553257 -2.179285E-05
vn -0.65536183 0.7553152 -1.3350498E-05
vn -0.6553498 0.75532556 0
vn -0.65535897 0.7553176 -1.4204988E-05
vn -0.65534455 0.75532997 0
vn -0.6553585 0.75531805 -1.969629E-05
vn -0.65535074 0.7553248 0
vn -0.6553557 0.7553203 0
vn -0.65534973 0.75532556 0
vn -0.6553503 0.755325 -1.9696525E-05
vn -0.6553522 0.75532347 -1.420506E-05
vn -0.655354 0.7553219 0
vn -0.65535086 0.75532454 -1.3350817E-05
vn -0.7298394 0.6836187 0
vn -0.72983986 0.6836181 0
vn -0.7298399 0.683618 0
vn -0.72984207 0.6836157 0
vn -0.72984064 0.68361735 0
vn -0.72983855 0.68361956 0
vn -0.72984135 0.68361664 0
vn -0.72983867 0.68361944 0
vn -0.7298472 0.68361044 0
vn -0.7298381 0.68362 0
vn -0.7298428 0.68361497 0
vn -0.72983766 0.6836206 0
vn -0.72984064 0.6836174 0
vn -0.72983694 0.6836213 0
vn -0.7298414 0.6836166 0
vn -0.7298362 0.68362194 0
vn -0.7298386 0.68361944 -1.3350571E-05
vn -0.72983664 0.68362164 0
vn -0.72983885 0.6836192 0
vn -0.72983474 0.6836237 0
vn -0.7298399 0.68361807 -1.5553866E-05
vn -0.7298366 0.6836217 0
vn -0.7298386 0.68361944 1.1842997E-05
vn -0.72983575 0.68362254 0
vn -0.72984105 0.6836169 3.212304E-05
vn -0.72983915 0.68361884 1.4204909E-05
vn -0.72983885 0.68361926 2.2087695E-05
vn -0.72983885 0.6836192 1.3350581E-05
vn 0.41322687 0.9086721 0.05965441
vn 0.9935476 0.09645437 0.059662823
vn 0.4132239 0.90867347 0.059654415
vn 0.993548 0.09645021 0.05966282
vn -0.58032495 0.8121975 0.059649587
vn 0.580317 -0.8122017 0.059670035
vn -0.5803269 0.81219614 0.059649598
vn 0.5803169 -0.8122018 0.059670035
vn -0.9935482 -0.09645088 0.05965961
vn -0.4132387 -0.90866566 0.059669677
vn -0.9935486 -0.09644679 0.05965961
vn -0.41323665 -0.9086667 0.059669673
vn 0.4040352 0.9127959 0.059658885
vn 0.9925218 0.10649281 0.059662465
vn 0.4040355 0.9127958 0.0596589
vn 0.9925222 0.10648957 0.05966246
vn -0.5884975 0.806295 0.059658933
vn 0.58850336 -0.80629015 0.05966658
vn -0.5884956 0.8062963 0.059658933
vn 0.58850217 -0.806291 0.059666574
vn -0.9925218 -0.10649436 0.05965981
vn -0.40402678 -0.9127992 0.059666153
vn -0.9925218 -0.10649464 0.05965981
vn -0.40402254 -0.91280097 0.05966615
vn 0.10073563 0.9931229 0.05965968
vn 0.9104433 0.40930837 0.059662905
vn 0.10073329 0.9931231 0.059659682
vn 0.910444 0.40930668 0.059662897
vn -0.8097075 0.58379346 0.05965702
vn 0.80969876 -0.5838049 0.05966344
vn -0.80970794 0.5837929 0.05965702
vn 0.8096984 -0.5838055 0.059663445
vn -0.9104373 -0.40932256 0.059657764
vn -0.100735106 -0.993123 0.05965981
vn -0.9104379 -0.40932113 0.059657753
vn -0.10073328 -0.9931231 0.0596598
vn 0.5475857 0.83462 0.05965909
vn 0.99659497 -0.05691112 0.05966113
vn 0.54758507 0.8346206 0.059659097
vn 0.99659485 -0.056913458 0.05966112
vn -0.4490159 0.89153 0.05965844
vn 0.44901416 -0.89153045 0.059663028
vn -0.4490155 0.89153016 0.059658438
vn 0.4490139 -0.89153063 0.059663028
vn -0.99659485 0.05691632 0.059659198
vn -0.5475914 -0.8346162 0.059662342
vn -0.9965947 0.05691824 0.059659205
vn -0.54759026 -0.83461696 0.05966234
vn 0.33005294 0.9420753 0.059658654
vn 0.9808868 0.18520726 0.05966074
vn 0.33005223 0.94207555 0.059658658
vn 0.9808872 0.18520501 0.05966074
vn -0.6508388 0.7568684 0.059657615
vn 0.6508441 -0.7568635 0.05966247
vn -0.650839 0.7568683 0.05965761
vn 0.65084434 -0.75686336 0.059662465
vn -0.9808873 -0.1852051 0.059658688
vn -0.33004788 -0.9420769 0.059661753
vn -0.9808874 -0.18520416 0.059658684
vn -0.3300465 -0.94207734 0.05966176
vn 0.755349 0.6526013 0.05966123
vn 0.9428432 -0.32785228 0.059662458
vn 0.7553487 0.65260166 0.059661224
vn 0.94284266 -0.32785377 0.059662454
vn -0.18750058 0.98045105 0.05965906
vn 0.18750007 -0.98045087 0.05966356
vn -0.18750067 0.98045105 0.059659064
vn 0.18749985 -0.980451 0.059663564
vn -0.94284344 0.32785225 0.059659448
vn -0.7553495 -0.6526006 0.059662722
vn -0.9428431 0.32785317 0.059659436
vn -0.7553483 -0.6526019 0.05966272
vn 0.47004133 0.88062596 0.059657525
vn 0.9976646 0.033255793 0.05966143
vn 0.47004002 0.88062674 0.059657525
vn 0.9976646 0.03325559 0.059661437
vn -0.52762735 0.8473787 0.059656586
vn 0.5276265 -0.8473789 0.059659522
vn -0.52762634 0.84737915 0.059656583
vn 0.5276273 -0.8473784 0.059659515
vn -0.9976646 -0.033257082 0.059660703
vn -0.47004122 -0.8806259 0.05965972
vn -0.9976647 -0.033254467 0.059660695
vn -0.47004014 -0.88062644 0.05965973
vn 0.32586926 0.9435308 0.059656993
vn 0.98005533 0.18955807 0.059659813
vn 0.32586798 0.94353116 0.059656985
vn 0.98005533 0.18955846 0.059659816
vn -0.6541849 0.75397825 0.059658032
vn 0.6541868 -0.7539759 0.059665687
vn -0.65418464 0.7539784 0.059658024
vn 0.6541868 -0.7539759 0.059665684
vn -0.9800568 -0.18955019 0.05965981
vn -0.32587495 -0.9435283 0.059664857
vn -0.980057 -0.1895492 0.059659798
vn -0.32587317 -0.9435289 0.059664857
vn 0.22671294 0.9721326 0.059660908
vn 0.95524746 0.28972858 0.059661683
vn 0.22671184 0.9721329 0.05966091
vn 0.9552481 0.2897267 0.05966169
vn -0.7285391 0.68240136 0.05965873
vn 0.7285399 -0.68240017 0.059663188
vn -0.7285391 0.6824013 0.05965873
vn 0.72853965 -0.6824004 0.05966319
vn -0.9552477 -0.2897278 0.05966242
vn -0.2267121 -0.9721325 0.05966595
vn -0.9552481 -0.2897265 0.059662424
vn -0.22671036 -0.9721329 0.05966595
g Tablet_0
f 3/3/3 2/2/2 1/1/1
f 6/6/6 5/5/5 4/4/4
f 9/9/9 8/8/8 7/7/7
f 12/12/12 11/11/11 10/10/10
f 15/15/15 14/14/14 13/13/13
f 18/18/18 17/17/17 16/16/16
f 21/21/21 20/20/20 19/19/19
f 24/24/24 23/23/23 22/22/22
f 22/22/22 25/25/25 24/24/24
f 22/22/22 26/26/26 25/25/25
f 26/26/26 27/27/27 25/25/25
f 27/27/27 28/28/28 25/25/25
f 28/28/28 29/29/29 25/25/25
f 32/32/32 31/31/31 30/30/30
f 30/30/30 33/33/33 32/32/32
f 30/30/30 34/34/34 33/33/33
f 30/30/30 35/35/35 34/34/34
f 30/30/30 36/36/36 35/35/35
f 30/30/30 37/37/37 36/36/36
f 40/40/40 39/39/39 38/38/38
f 38/38/38 41/41/41 40/40/40
f 38/38/38 42/42/42 41/41/41
f 38/38/38 43/43/43 42/42/42
f 38/38/38 44/44/44 43/43/43
f 38/38/38 45/45/45 44/44/44
f 48/48/48 47/47/47 46/46/46
f 46/46/46 49/49/49 48/48/48
f 46/46/46 50/50/50 49/49/49
f 50/50/50 51/51/51 49/49/49
f 51/51/51 52/52/52 49/49/49
f 52/52/52 53/53/53 49/49/49
f 56/56/56 55/55/55 54/54/54
f 54/54/54 57/57/57 56/56/56
f 54/54/54 58/58/58 57/57/57
f 58/58/58 59/59/59 57/57/57
f 62/62/62 61/61/61 60/60/60
f 61/61/61 63/63/63 60/60/60
f 66/66/66 65/65/65 64/64/64
f 64/64/64 67/67/67 66/66/66
f 64/64/64 68/68/68 67/67/67
f 68/68/68 69/69/69 67/67/67
f 68/68/68 70/70/70 69/69/69
f 70/70/70 71/71/71 69/69/69
f 74/74/74 73/73/73 72/72/72
f 72/72/72 75/75/75 74/74/74
f 72/72/72 76/76/76 75/75/75
f 76/76/76 77/77/77 75/75/75
f 76/76/76 78/78/78 77/77/77
f 78/78/78 79/79/79 77/77/77
f 82/82/82 81/81/81 80/80/80
f 80/80/80 83/83/83 82/82/82
f 86/86/86 85/85/85 84/84/84
f 86/86/86 87/87/87 85/85/85
f 87/87/87 88/88/88 85/85/85
f 91/91/91 90/90/90 89/89/89
f 89/89/89 92/92/92 91/91/91
f 89/89/89 93/93/93 92/92/92
f 93/93/93 94/94/94 92/92/92
f 97/97/97 96/96/96 95/95/95
f 96/96/96 98/98/98 95/95/95
f 101/101/101 100/100/100 99/99/99
f 99/99/99 102/102/102 101/101/101
f 99/99/99 103/103/103 102/102/102
f 103/103/103 104/104/104 102/102/102
f 103/103/103 105/105/105 104/104/104
f 105/105/105 106/106/106 104/104/104
f 109/109/109 108/108/108 107/107/107
f 107/107/107 110/110/110 109/109/109
f 107/107/107 111/111/111 110/110/110
f 111/111/111 112/112/112 110/110/110
f 111/111/111 113/113/113 112/112/112
f 113/113/113 114/114/114 112/112/112
f 117/117/117 116/116/116 115/115/115
f 115/115/115 118/118/118 117/117/117
f 121/121/121 120/120/120 119/119/119
f 121/121/121 122/122/122 120/120/120
f 122/122/122 123/123/123 120/120/120
f 126/126/126 125/125/125 124/124/124
f 124/124/124 127/127/127 126/126/126
f 124/124/124 128/128/128 127/127/127
f 128/128/128 129/129/129 127/127/127
f 132/132/132 131/131/131 130/130/130
f 131/131/131 133/133/133 130/130/130
f 136/136/136 135/135/135 134/134/134
f 134/134/134 137/137/137 136/136/136
f 134/134/134 138/138/138 137/137/137
f 138/138/138 139/139/139 137/137/137
f 138/138/138 140/140/140 139/139/139
f 140/140/140 141/141/141 139/139/139
f 144/144/144 143/143/143 142/142/142
f 142/142/142 145/145/145 144/144/144
f 142/142/142 146/146/146 145/145/145
f 146/146/146 147/147/147 145/145/145
f 146/146/146 148/148/148 147/147/147
f 148/148/148 149/149/149 147/147/147
f 152/152/152 151/151/151 150/150/150
f 150/150/150 153/153/153 152/152/152
f 156/156/156 155/155/155 154/154/154
f 156/156/156 157/157/157 155/155/155
f 157/157/157 158/158/158 155/155/155
f 161/161/161 160/160/160 159/159/159
f 159/159/159 162/162/162 161/161/161
f 159/159/159 163/163/163 162/162/162
f 163/163/163 164/164/164 162/162/162
f 167/167/167 166/166/166 165/165/165
f 166/166/166 168/168/168 165/165/165
f 171/171/171 170/170/170 169/169/169
f 169/169/169 172/172/172 171/171/171
f 169/169/169 173/173/173 172/172/172
f 173/173/173 174/174/174 172/172/172
f 173/173/173 175/175/175 174/174/174
f 175/175/175 176/176/176 174/174/174
f 179/179/179 178/178/178 177/177/177
f 177/177/177 180/180/180 179/179/179
f 177/177/177 181/181/181 180/180/180
f 181/181/181 182/182/182 180/180/180
f 181/181/181 183/183/183 182/182/182
f 183/183/183 184/184/184 182/182/182
f 187/187/187 186/186/186 185/185/185
f 185/185/185 188/188/188 187/187/187
f 191/191/191 190/190/190 189/189/189
f 191/191/191 192/192/192 190/190/190
f 192/192/192 193/193/193 190/190/190
f 196/196/196 195/195/195 194/194/194
f 194/194/194 197/197/197 196/196/196
f 194/194/194 198/198/198 197/197/197
f 198/198/198 199/199/199 197/197/197
f 202/202/202 201/201/201 200/200/200
f 201/201/201 203/203/203 200/200/200
f 206/206/206 205/205/205 204/204/204
f 204/204/204 207/207/207 206/206/206
f 204/204/204 208/208/208 207/207/207
f 208/208/208 209/209/209 207/207/207
f 208/208/208 210/210/210 209/209/209
f 210/210/210 211/211/211 209/209/209
f 214/214/214 213/213/213 212/212/212
f 212/212/212 215/215/215 214/214/214
f 212/212/212 216/216/216 215/215/215
f 216/216/216 217/217/217 215/215/215
f 216/216/216 218/218/218 217/217/217
f 218/218/218 219/219/219 217/217/217
f 222/222/222 221/221/221 220/220/220
f 220/220/220 223/223/223 222/222/222
f 226/226/226 225/225/225 224/224/224
f 226/226/226 227/227/227 225/225/225
f 227/227/227 228/228/228 225/225/225
f 231/231/231 230/230/230 229/229/229
f 229/229/229 232/232/232 231/231/231
f 229/229/229 233/233/233 232/232/232
f 233/233/233 234/234/234 232/232/232
f 234/234/234 235/235/235 232/232/232
f 235/235/235 236/236/236 232/232/232
f 239/239/239 238/238/238 237/237/237
f 237/237/237 240/240/240 239/239/239
f 237/237/237 241/241/241 240/240/240
f 237/237/237 242/242/242 241/241/241
f 237/237/237 243/243/243 242/242/242
f 237/237/237 244/244/244 243/243/243
f 247/247/247 246/246/246 245/245/245
f 245/245/245 248/248/248 247/247/247
f 245/245/245 249/249/249 248/248/248
f 245/245/245 250/250/250 249/249/249
f 245/245/245 251/251/251 250/250/250
f 245/245/245 252/252/252 251/251/251
f 255/255/255 254/254/254 253/253/253
f 253/253/253 256/256/256 255/255/255
f 253/253/253 257/257/257 256/256/256
f 257/257/257 258/258/258 256/256/256
f 258/258/258 259/259/259 256/256/256
f 259/259/259 260/260/260 256/256/256
f 263/263/263 262/262/262 261/261/261
f 261/261/261 264/264/264 263/263/263
f 261/261/261 265/265/265 264/264/264
f 265/265/265 266/266/266 264/264/264
f 269/269/269 268/268/268 267/267/267
f 268/268/268 270/270/270 267/267/267
f 273/273/273 272/272/272 271/271/271
f 271/271/271 274/274/274 273/273/273
f 271/271/271 275/275/275 274/274/274
f 275/275/275 276/276/276 274/274/274
f 275/275/275 277/277/277 276/276/276
f 277/277/277 278/278/278 276/276/276
f 281/281/281 280/280/280 279/279/279
f 279/279/279 282/282/282 281/281/281
f 279/279/279 283/283/283 282/282/282
f 283/283/283 284/284/284 282/282/282
f 283/283/283 285/285/285 284/284/284
f 285/285/285 286/286/286 284/284/284
f 289/289/289 288/288/288 287/287/287
f 287/287/287 290/290/290 289/289/289
f 293/293/293 292/292/292 291/291/291
f 293/293/293 294/294/294 292/292/292
f 294/294/294 295/295/295 292/292/292
f 298/298/298 297/297/297 296/296/296
f 296/296/296 299/299/299 298/298/298
f 296/296/296 300/300/300 299/299/299
f 300/300/300 301/301/301 299/299/299
f 304/304/304 303/303/303 302/302/302
f 303/303/303 305/305/305 302/302/302
f 308/308/308 307/307/307 306/306/306
f 306/306/306 309/309/309 308/308/308
f 306/306/306 310/310/310 309/309/309
f 310/310/310 311/311/311 309/309/309
f 310/310/310 312/312/312 311/311/311
f 312/312/312 313/313/313 311/311/311
f 316/316/316 315/315/315 314/314/314
f 314/314/314 317/317/317 316/316/316
f 314/314/314 318/318/318 317/317/317
f 318/318/318 319/319/319 317/317/317
f 318/318/318 320/320/320 319/319/319
f 320/320/320 321/321/321 319/319/319
f 324/324/324 323/323/323 322/322/322
f 322/322/322 325/325/325 324/324/324
f 328/328/328 327/327/327 326/326/326
f 328/328/328 329/329/329 327/327/327
f 329/329/329 330/330/330 327/327/327
f 333/333/333 332/332/332 331/331/331
f 333/333/333 331/331/331 334/334/334
f 332/332/332 335/335/335 331/331/331
f 331/331/331 336/336/336 334/334/334
f 332/332/332 337/337/337 335/335/335
f 337/337/337 338/338/338 335/335/335
f 334/334/334 336/336/336 339/339/339
f 336/336/336 340/340/340 339/339/339
f 340/340/340 341/341/341 339/339/339
f 341/341/341 342/342/342 339/339/339
f 343/343/343 338/338/338 337/337/337
f 344/344/344 343/343/343 337/337/337
f 343/343/343 344/344/344 345/345/345
f 346/346/346 343/343/343 345/345/345
f 341/341/341 347/347/347 342/342/342
f 347/347/347 348/348/348 342/342/342
f 346/346/346 345/345/345 349/349/349
f 350/350/350 346/346/346 349/349/349
f 351/351/351 350/350/350 349/349/349
f 352/352/352 351/351/351 349/349/349
f 348/348/348 347/347/347 353/353/353
f 347/347/347 354/354/354 353/353/353
f 353/353/353 354/354/354 355/355/355
f 356/356/356 353/353/353 355/355/355
f 357/357/357 351/351/351 352/352/352
f 356/356/356 355/355/355 357/357/357
f 358/358/358 357/357/357 352/352/352
f 358/358/358 356/356/356 357/357/357
f 361/361/361 360/360/360 359/359/359
f 360/360/360 361/361/361 362/362/362
f 360/360/360 363/363/363 359/359/359
f 364/364/364 360/360/360 362/362/362
f 359/359/359 363/363/363 365/365/365
f 366/366/366 359/359/359 365/365/365
f 364/364/364 362/362/362 367/367/367
f 368/368/368 364/364/364 367/367/367
f 369/369/369 368/368/368 367/367/367
f 370/370/370 369/369/369 367/367/367
f 366/366/366 365/365/365 371/371/371
f 372/372/372 366/366/366 371/371/371
f 372/372/372 371/371/371 373/373/373
f 371/371/371 374/374/374 373/373/373
f 375/375/375 369/369/369 370/370/370
f 376/376/376 375/375/375 370/370/370
f 376/376/376 377/377/377 375/375/375
f 377/377/377 378/378/378 375/375/375
f 373/373/373 374/374/374 379/379/379
f 374/374/374 380/380/380 379/379/379
f 380/380/380 381/381/381 379/379/379
f 381/381/381 382/382/382 379/379/379
f 377/377/377 383/383/383 378/378/378
f 383/383/383 384/384/384 378/378/378
f 381/381/381 385/385/385 382/382/382
f 385/385/385 384/384/384 383/383/383
f 385/385/385 386/386/386 382/382/382
f 386/386/386 385/385/385 383/383/383
f 389/389/389 388/388/388 387/387/387
f 389/389/389 387/387/387 390/390/390
f 388/388/388 391/391/391 387/387/387
f 387/387/387 392/392/392 390/390/390
f 388/388/388 393/393/393 391/391/391
f 393/393/393 394/394/394 391/391/391
f 390/390/390 392/392/392 395/395/395
f 392/392/392 396/396/396 395/395/395
f 396/396/396 397/397/397 395/395/395
f 397/397/397 398/398/398 395/395/395
f 399/399/399 394/394/394 393/393/393
f 400/400/400 399/399/399 393/393/393
f 399/399/399 400/400/400 401/401/401
f 402/402/402 399/399/399 401/401/401
f 397/397/397 403/403/403 398/398/398
f 403/403/403 404/404/404 398/398/398
f 402/402/402 401/401/401 405/405/405
f 406/406/406 402/402/402 405/405/405
f 407/407/407 406/406/406 405/405/405
f 408/408/408 407/407/407 405/405/405
f 404/404/404 403/403/403 409/409/409
f 403/403/403 410/410/410 409/409/409
f 409/409/409 410/410/410 411/411/411
f 412/412/412 409/409/409 411/411/411
f 413/413/413 407/407/407 408/408/408
f 412/412/412 411/411/411 413/413/413
f 414/414/414 413/413/413 408/408/408
f 414/414/414 412/412/412 413/413/413
f 417/417/417 416/416/416 415/415/415
f 416/416/416 417/417/417 418/418/418
f 416/416/416 419/419/419 415/415/415
f 420/420/420 416/416/416 418/418/418
f 415/415/415 419/419/419 421/421/421
f 422/422/422 415/415/415 421/421/421
f 420/420/420 418/418/418 423/423/423
f 424/424/424 420/420/420 423/423/423
f 425/425/425 424/424/424 423/423/423
f 426/426/426 425/425/425 423/423/423
f 422/422/422 421/421/421 427/427/427
f 428/428/428 422/422/422 427/427/427
f 428/428/428 427/427/427 429/429/429
f 427/427/427 430/430/430 429/429/429
f 431/431/431 425/425/425 426/426/426
f 432/432/432 431/431/431 426/426/426
f 432/432/432 433/433/433 431/431/431
f 433/433/433 434/434/434 431/431/431
f 429/429/429 430/430/430 435/435/435
f 430/430/430 436/436/436 435/435/435
f 436/436/436 437/437/437 435/435/435
f 437/437/437 438/438/438 435/435/435
f 433/433/433 439/439/439 434/434/434
f 439/439/439 440/440/440 434/434/434
f 437/437/437 441/441/441 438/438/438
f 441/441/441 440/440/440 439/439/439
f 441/441/441 442/442/442 438/438/438
f 442/442/442 441/441/441 439/439/439
f 445/445/445 444/444/444 443/443/443
f 445/445/445 443/443/443 446/446/446
f 444/444/444 447/447/447 443/443/443
f 443/443/443 448/448/448 446/446/446
f 444/444/444 449/449/449 447/447/447
f 449/449/449 450/450/450 447/447/447
f 446/446/446 448/448/448 451/451/451
f 448/448/448 452/452/452 451/451/451
f 452/452/452 453/453/453 451/451/451
f 453/453/453 454/454/454 451/451/451
f 455/455/455 450/450/450 449/449/449
f 456/456/456 455/455/455 449/449/449
f 455/455/455 456/456/456 457/457/457
f 458/458/458 455/455/455 457/457/457
f 453/453/453 459/459/459 454/454/454
f 459/459/459 460/460/460 454/454/454
f 458/458/458 457/457/457 461/461/461
f 462/462/462 458/458/458 461/461/461
f 463/463/463 462/462/462 461/461/461
f 464/464/464 463/463/463 461/461/461
f 460/460/460 459/459/459 465/465/465
f 459/459/459 466/466/466 465/465/465
f 465/465/465 466/466/466 467/467/467
f 468/468/468 465/465/465 467/467/467
f 469/469/469 463/463/463 464/464/464
f 468/468/468 467/467/467 469/469/469
f 470/470/470 469/469/469 464/464/464
f 470/470/470 468/468/468 469/469/469
f 473/473/473 472/472/472 471/471/471
f 472/472/472 473/473/473 474/474/474
f 472/472/472 475/475/475 471/471/471
f 476/476/476 472/472/472 474/474/474
f 471/471/471 475/475/475 477/477/477
f 478/478/478 471/471/471 477/477/477
f 476/476/476 474/474/474 479/479/479
f 480/480/480 476/476/476 479/479/479
f 481/481/481 480/480/480 479/479/479
f 482/482/482 481/481/481 479/479/479
f 478/478/478 477/477/477 483/483/483
f 484/484/484 478/478/478 483/483/483
f 484/484/484 483/483/483 485/485/485
f 483/483/483 486/486/486 485/485/485
f 487/487/487 481/481/481 482/482/482
f 488/488/488 487/487/487 482/482/482
f 488/488/488 489/489/489 487/487/487
f 489/489/489 490/490/490 487/487/487
f 485/485/485 486/486/486 491/491/491
f 486/486/486 492/492/492 491/491/491
f 492/492/492 493/493/493 491/491/491
f 493/493/493 494/494/494 491/491/491
f 489/489/489 495/495/495 490/490/490
f 495/495/495 496/496/496 490/490/490
f 493/493/493 497/497/497 494/494/494
f 497/497/497 496/496/496 495/495/495
f 497/497/497 498/498/498 494/494/494
f 498/498/498 497/497/497 495/495/495
f 501/501/501 500/500/500 499/499/499
f 501/501/501 499/499/499 502/502/502
f 500/500/500 503/503/503 499/499/499
f 499/499/499 504/504/504 502/502/502
f 500/500/500 505/505/505 503/503/503
f 505/505/505 506/506/506 503/503/503
f 502/502/502 504/504/504 507/507/507
f 504/504/504 508/508/508 507/507/507
f 508/508/508 509/509/509 507/507/507
f 509/509/509 510/510/510 507/507/507
f 511/511/511 506/506/506 505/505/505
f 512/512/512 511/511/511 505/505/505
f 511/511/511 512/512/512 513/513/513
f 514/514/514 511/511/511 513/513/513
f 509/509/509 515/515/515 510/510/510
f 515/515/515 516/516/516 510/510/510
f 514/514/514 513/513/513 517/517/517
f 518/518/518 514/514/514 517/517/517
f 519/519/519 518/518/518 517/517/517
f 520/520/520 519/519/519 517/517/517
f 516/516/516 515/515/515 521/521/521
f 515/515/515 522/522/522 521/521/521
f 521/521/521 522/522/522 523/523/523
f 524/524/524 521/521/521 523/523/523
f 525/525/525 519/519/519 520/520/520
f 524/524/524 523/523/523 525/525/525
f 526/526/526 525/525/525 520/520/520
f 526/526/526 524/524/524 525/525/525
f 529/529/529 528/528/528 527/527/527
f 528/528/528 529/529/529 530/530/530
f 528/528/528 531/531/531 527/527/527
f 532/532/532 528/528/528 530/530/530
f 527/527/527 531/531/531 533/533/533
f 534/534/534 527/527/527 533/533/533
f 532/532/532 530/530/530 535/535/535
f 536/536/536 532/532/532 535/535/535
f 537/537/537 536/536/536 535/535/535
f 538/538/538 537/537/537 535/535/535
f 534/534/534 533/533/533 539/539/539
f 540/540/540 534/534/534 539/539/539
f 540/540/540 539/539/539 541/541/541
f 539/539/539 542/542/542 541/541/541
f 543/543/543 537/537/537 538/538/538
f 544/544/544 543/543/543 538/538/538
f 544/544/544 545/545/545 543/543/543
f 545/545/545 546/546/546 543/543/543
f 541/541/541 542/542/542 547/547/547
f 542/542/542 548/548/548 547/547/547
f 548/548/548 549/549/549 547/547/547
f 549/549/549 550/550/550 547/547/547
f 545/545/545 551/551/551 546/546/546
f 551/551/551 552/552/552 546/546/546
f 549/549/549 553/553/553 550/550/550
f 553/553/553 552/552/552 551/551/551
f 553/553/553 554/554/554 550/550/550
f 554/554/554 553/553/553 551/551/551
f 557/557/557 556/556/556 555/555/555
f 557/557/557 555/555/555 558/558/558
f 556/556/556 559/559/559 555/555/555
f 555/555/555 560/560/560 558/558/558
f 556/556/556 561/561/561 559/559/559
f 561/561/561 562/562/562 559/559/559
f 558/558/558 560/560/560 563/563/563
f 560/560/560 564/564/564 563/563/563
f 564/564/564 565/565/565 563/563/563
f 565/565/565 566/566/566 563/563/563
f 567/567/567 562/562/562 561/561/561
f 568/568/568 567/567/567 561/561/561
f 567/567/567 568/568/568 569/569/569
f 570/570/570 567/567/567 569/569/569
f 565/565/565 571/571/571 566/566/566
f 571/571/571 572/572/572 566/566/566
f 570/570/570 569/569/569 573/573/573
f 574/574/574 570/570/570 573/573/573
f 575/575/575 574/574/574 573/573/573
f 576/576/576 575/575/575 573/573/573
f 572/572/572 571/571/571 577/577/577
f 571/571/571 578/578/578 577/577/577
f 577/577/577 578/578/578 579/579/579
f 580/580/580 577/577/577 579/579/579
f 581/581/581 575/575/575 576/576/576
f 580/580/580 579/579/579 581/581/581
f 582/582/582 581/581/581 576/576/576
f 582/582/582 580/580/580 581/581/581
f 585/585/585 584/584/584 583/583/583
f 584/584/584 585/585/585 586/586/586
f 584/584/584 587/587/587 583/583/583
f 588/588/588 584/584/584 586/586/586
f 583/583/583 587/587/587 589/589/589
f 590/590/590 583/583/583 589/589/589
f 588/588/588 586/586/586 591/591/591
f 592/592/592 588/588/588 591/591/591
f 593/593/593 592/592/592 591/591/591
f 594/594/594 593/593/593 591/591/591
f 590/590/590 589/589/589 595/595/595
f 596/596/596 590/590/590 595/595/595
f 596/596/596 595/595/595 597/597/597
f 595/595/595 598/598/598 597/597/597
f 599/599/599 593/593/593 594/594/594
f 600/600/600 599/599/599 594/594/594
f 600/600/600 601/601/601 599/599/599
f 601/601/601 602/602/602 599/599/599
f 597/597/597 598/598/598 603/603/603
f 598/598/598 604/604/604 603/603/603
f 604/604/604 605/605/605 603/603/603
f 605/605/605 606/606/606 603/603/603
f 601/601/601 607/607/607 602/602/602
f 607/607/607 608/608/608 602/602/602
f 605/605/605 609/609/609 606/606/606
f 609/609/609 608/608/608 607/607/607
f 609/609/609 610/610/610 606/606/606
f 610/610/610 609/609/609 607/607/607
f 613/613/613 612/612/612 611/611/611
f 613/613/613 611/611/611 614/614/614
f 612/612/612 615/615/615 611/611/611
f 611/611/611 616/616/616 614/614/614
f 612/612/612 617/617/617 615/615/615
f 617/617/617 618/618/618 615/615/615
f 614/614/614 616/616/616 619/619/619
f 616/616/616 620/620/620 619/619/619
f 620/620/620 621/621/621 619/619/619
f 621/621/621 622/622/622 619/619/619
f 623/623/623 618/618/618 617/617/617
f 624/624/624 623/623/623 617/617/617
f 623/623/623 624/624/624 625/625/625
f 626/626/626 623/623/623 625/625/625
f 621/621/621 627/627/627 622/622/622
f 627/627/627 628/628/628 622/622/622
f 626/626/626 625/625/625 629/629/629
f 630/630/630 626/626/626 629/629/629
f 631/631/631 630/630/630 629/629/629
f 632/632/632 631/631/631 629/629/629
f 628/628/628 627/627/627 633/633/633
f 627/627/627 634/634/634 633/633/633
f 633/633/633 634/634/634 635/635/635
f 636/636/636 633/633/633 635/635/635
f 637/637/637 631/631/631 632/632/632
f 636/636/636 635/635/635 637/637/637
f 638/638/638 637/637/637 632/632/632
f 638/638/638 636/636/636 637/637/637
f 641/641/641 640/640/640 639/639/639
f 640/640/640 641/641/641 642/642/642
f 640/640/640 643/643/643 639/639/639
f 644/644/644 640/640/640 642/642/642
f 639/639/639 643/643/643 645/645/645
f 646/646/646 639/639/639 645/645/645
f 644/644/644 642/642/642 647/647/647
f 648/648/648 644/644/644 647/647/647
f 649/649/649 648/648/648 647/647/647
f 650/650/650 649/649/649 647/647/647
f 646/646/646 645/645/645 651/651/651
f 652/652/652 646/646/646 651/651/651
f 652/652/652 651/651/651 653/653/653
f 651/651/651 654/654/654 653/653/653
f 655/655/655 649/649/649 650/650/650
f 656/656/656 655/655/655 650/650/650
f 656/656/656 657/657/657 655/655/655
f 657/657/657 658/658/658 655/655/655
f 653/653/653 654/654/654 659/659/659
f 654/654/654 660/660/660 659/659/659
f 660/660/660 661/661/661 659/659/659
f 661/661/661 662/662/662 659/659/659
f 657/657/657 663/663/663 658/658/658
f 663/663/663 664/664/664 658/658/658
f 661/661/661 665/665/665 662/662/662
f 665/665/665 664/664/664 663/663/663
f 665/665/665 666/666/666 662/662/662
f 666/666/666 665/665/665 663/663/663
f 669/669/669 668/668/668 667/667/667
f 669/669/669 667/667/667 670/670/670
f 668/668/668 671/671/671 667/667/667
f 667/667/667 672/672/672 670/670/670
f 668/668/668 673/673/673 671/671/671
f 673/673/673 674/674/674 671/671/671
f 670/670/670 672/672/672 675/675/675
f 672/672/672 676/676/676 675/675/675
f 676/676/676 677/677/677 675/675/675
f 677/677/677 678/678/678 675/675/675
f 679/679/679 674/674/674 673/673/673
f 680/680/680 679/679/679 673/673/673
f 679/679/679 680/680/680 681/681/681
f 682/682/682 679/679/679 681/681/681
f 677/677/677 683/683/683 678/678/678
f 683/683/683 684/684/684 678/678/678
f 682/682/682 681/681/681 685/685/685
f 686/686/686 682/682/682 685/685/685
f 687/687/687 686/686/686 685/685/685
f 688/688/688 687/687/687 685/685/685
f 684/684/684 683/683/683 689/689/689
f 683/683/683 690/690/690 689/689/689
f 689/689/689 690/690/690 691/691/691
f 692/692/692 689/689/689 691/691/691
f 693/693/693 687/687/687 688/688/688
f 692/692/692 691/691/691 693/693/693
f 694/694/694 693/693/693 688/688/688
f 694/694/694 692/692/692 693/693/693
f 697/697/697 696/696/696 695/695/695
f 696/696/696 697/697/697 698/698/698
f 696/696/696 699/699/699 695/695/695
f 700/700/700 696/696/696 698/698/698
f 695/695/695 699/699/699 701/701/701
f 702/702/702 695/695/695 701/701/701
f 700/700/700 698/698/698 703/703/703
f 704/704/704 700/700/700 703/703/703
f 705/705/705 704/704/704 703/703/703
f 706/706/706 705/705/705 703/703/703
f 702/702/702 701/701/701 707/707/707
f 708/708/708 702/702/702 707/707/707
f 708/708/708 707/707/707 709/709/709
f 707/707/707 710/710/710 709/709/709
f 711/711/711 705/705/705 706/706/706
f 712/712/712 711/711/711 706/706/706
f 712/712/712 713/713/713 711/711/711
f 713/713/713 714/714/714 711/711/711
f 709/709/709 710/710/710 715/715/715
f 710/710/710 716/716/716 715/715/715
f 716/716/716 717/717/717 715/715/715
f 717/717/717 718/718/718 715/715/715
f 713/713/713 719/719/719 714/714/714
f 719/719/719 720/720/720 714/714/714
f 717/717/717 721/721/721 718/718/718
f 721/721/721 720/720/720 719/719/719
f 721/721/721 722/722/722 718/718/718
f 722/722/722 721/721/721 719/719/719
f 725/725/725 724/724/724 723/723/723
f 725/725/725 723/723/723 726/726/726
f 724/724/724 727/727/727 723/723/723
f 723/723/723 728/728/728 726/726/726
f 724/724/724 729/729/729 727/727/727
f 729/729/729 730/730/730 727/727/727
f 726/726/726 728/728/728 731/731/731
f 728/728/728 732/732/732 731/731/731
f 732/732/732 733/733/733 731/731/731
f 733/733/733 734/734/734 731/731/731
f 735/735/735 730/730/730 729/729/729
f 736/736/736 735/735/735 729/729/729
f 735/735/735 736/736/736 737/737/737
f 738/738/738 735/735/735 737/737/737
f 733/733/733 739/739/739 734/734/734
f 739/739/739 740/740/740 734/734/734
f 738/738/738 737/737/737 741/741/741
f 742/742/742 738/738/738 741/741/741
f 743/743/743 742/742/742 741/741/741
f 744/744/744 743/743/743 741/741/741
f 740/740/740 739/739/739 745/745/745
f 739/739/739 746/746/746 745/745/745
f 745/745/745 746/746/746 747/747/747
f 748/748/748 745/745/745 747/747/747
f 749/749/749 743/743/743 744/744/744
f 748/748/748 747/747/747 749/749/749
f 750/750/750 749/749/749 744/744/744
f 750/750/750 748/748/748 749/749/749
f 753/753/753 752/752/752 751/751/751
f 752/752/752 753/753/753 754/754/754
f 752/752/752 755/755/755 751/751/751
f 756/756/756 752/752/752 754/754/754
f 751/751/751 755/755/755 757/757/757
f 758/758/758 751/751/751 757/757/757
f 756/756/756 754/754/754 759/759/759
f 760/760/760 756/756/756 759/759/759
f 761/761/761 760/760/760 759/759/759
f 762/762/762 761/761/761 759/759/759
f 758/758/758 757/757/757 763/763/763
f 764/764/764 758/758/758 763/763/763
f 764/764/764 763/763/763 765/765/765
f 763/763/763 766/766/766 765/765/765
f 767/767/767 761/761/761 762/762/762
f 768/768/768 767/767/767 762/762/762
f 768/768/768 769/769/769 767/767/767
f 769/769/769 770/770/770 767/767/767
f 765/765/765 766/766/766 771/771/771
f 766/766/766 772/772/772 771/771/771
f 772/772/772 773/773/773 771/771/771
f 773/773/773 774/774/774 771/771/771
f 769/769/769 775/775/775 770/770/770
f 775/775/775 776/776/776 770/770/770
f 773/773/773 777/777/777 774/774/774
f 777/777/777 776/776/776 775/775/775
f 777/777/777 778/778/778 774/774/774
f 778/778/778 777/777/777 775/775/775
f 781/781/781 780/780/780 779/779/779
f 781/781/781 779/779/779 782/782/782
f 780/780/780 783/783/783 779/779/779
f 779/779/779 784/784/784 782/782/782
f 780/780/780 785/785/785 783/783/783
f 785/785/785 786/786/786 783/783/783
f 782/782/782 784/784/784 787/787/787
f 784/784/784 788/788/788 787/787/787
f 788/788/788 789/789/789 787/787/787
f 789/789/789 790/790/790 787/787/787
f 791/791/791 786/786/786 785/785/785
f 792/792/792 791/791/791 785/785/785
f 791/791/791 792/792/792 793/793/793
f 794/794/794 791/791/791 793/793/793
f 789/789/789 795/795/795 790/790/790
f 795/795/795 796/796/796 790/790/790
f 794/794/794 793/793/793 797/797/797
f 798/798/798 794/794/794 797/797/797
f 799/799/799 798/798/798 797/797/797
f 800/800/800 799/799/799 797/797/797
f 796/796/796 795/795/795 801/801/801
f 795/795/795 802/802/802 801/801/801
f 801/801/801 802/802/802 803/803/803
f 804/804/804 801/801/801 803/803/803
f 805/805/805 799/799/799 800/800/800
f 804/804/804 803/803/803 805/805/805
f 806/806/806 805/805/805 800/800/800
f 806/806/806 804/804/804 805/805/805
f 809/809/809 808/808/808 807/807/807
f 808/808/808 809/809/809 810/810/810
f 808/808/808 811/811/811 807/807/807
f 812/812/812 808/808/808 810/810/810
f 807/807/807 811/811/811 813/813/813
f 814/814/814 807/807/807 813/813/813
f 812/812/812 810/810/810 815/815/815
f 816/816/816 812/812/812 815/815/815
f 817/817/817 816/816/816 815/815/815
f 818/818/818 817/817/817 815/815/815
f 814/814/814 813/813/813 819/819/819
f 820/820/820 814/814/814 819/819/819
f 820/820/820 819/819/819 821/821/821
f 819/819/819 822/822/822 821/821/821
f 823/823/823 817/817/817 818/818/818
f 824/824/824 823/823/823 818/818/818
f 824/824/824 825/825/825 823/823/823
f 825/825/825 826/826/826 823/823/823
f 821/821/821 822/822/822 827/827/827
f 822/822/822 828/828/828 827/827/827
f 828/828/828 829/829/829 827/827/827
f 829/829/829 830/830/830 827/827/827
f 825/825/825 831/831/831 826/826/826
f 831/831/831 832/832/832 826/826/826
f 829/829/829 833/833/833 830/830/830
f 833/833/833 832/832/832 831/831/831
f 833/833/833 834/834/834 830/830/830
f 834/834/834 833/833/833 831/831/831
f 837/837/837 836/836/836 835/835/835
f 838/838/838 837/837/837 835/835/835
f 837/837/837 839/839/839 836/836/836
f 835/835/835 840/840/840 838/838/838
f 839/839/839 841/841/841 836/836/836
f 840/840/840 842/842/842 838/838/838
f 841/841/841 839/839/839 843/843/843
f 840/840/840 844/844/844 842/842/842
f 845/845/845 841/841/841 843/843/843
f 844/844/844 846/846/846 842/842/842
f 845/845/845 843/843/843 847/847/847
f 844/844/844 848/848/848 846/846/846
f 849/849/849 845/845/845 847/847/847
f 848/848/848 850/850/850 846/846/846
f 849/849/849 847/847/847 851/851/851
f 848/848/848 852/852/852 850/850/850
f 853/853/853 849/849/849 851/851/851
f 852/852/852 854/854/854 850/850/850
f 853/853/853 851/851/851 855/855/855
f 852/852/852 856/856/856 854/854/854
f 857/857/857 853/853/853 855/855/855
f 856/856/856 858/858/858 854/854/854
f 857/857/857 855/855/855 859/859/859
f 858/858/858 856/856/856 860/860/860
f 861/861/861 857/857/857 859/859/859
f 862/862/862 858/858/858 860/860/860
f 859/859/859 862/862/862 861/861/861
f 862/862/862 860/860/860 861/861/861
f 865/865/865 864/864/864 863/863/863
f 866/866/866 865/865/865 863/863/863
f 865/865/865 867/867/867 864/864/864
f 863/863/863 868/868/868 866/866/866
f 867/867/867 869/869/869 864/864/864
f 868/868/868 870/870/870 866/866/866
f 869/869/869 867/867/867 871/871/871
f 868/868/868 872/872/872 870/870/870
f 873/873/873 869/869/869 871/871/871
f 872/872/872 874/874/874 870/870/870
f 873/873/873 871/871/871 875/875/875
f 872/872/872 876/876/876 874/874/874
f 877/877/877 873/873/873 875/875/875
f 876/876/876 878/878/878 874/874/874
f 877/877/877 875/875/875 879/879/879
f 876/876/876 880/880/880 878/878/878
f 881/881/881 877/877/877 879/879/879
f 880/880/880 882/882/882 878/878/878
f 881/881/881 879/879/879 883/883/883
f 880/880/880 884/884/884 882/882/882
f 885/885/885 881/881/881 883/883/883
f 884/884/884 886/886/886 882/882/882
f 885/885/885 883/883/883 887/887/887
f 886/886/886 884/884/884 888/888/888
f 889/889/889 885/885/885 887/887/887
f 890/890/890 886/886/886 888/888/888
f 887/887/887 890/890/890 889/889/889
f 890/890/890 888/888/888 889/889/889
f 893/893/893 892/892/892 891/891/891
f 894/894/894 893/893/893 891/891/891
f 893/893/893 895/895/895 892/892/892
f 891/891/891 896/896/896 894/894/894
f 895/895/895 897/897/897 892/892/892
f 896/896/896 898/898/898 894/894/894
f 897/897/897 895/895/895 899/899/899
f 896/896/896 900/900/900 898/898/898
f 901/901/901 897/897/897 899/899/899
f 900/900/900 902/902/902 898/898/898
f 901/901/901 899/899/899 903/903/903
f 900/900/900 904/904/904 902/902/902
f 905/905/905 901/901/901 903/903/903
f 904/904/904 906/906/906 902/902/902
f 905/905/905 903/903/903 907/907/907
f 904/904/904 908/908/908 906/906/906
f 909/909/909 905/905/905 907/907/907
f 908/908/908 910/910/910 906/906/906
f 909/909/909 907/907/907 911/911/911
f 908/908/908 912/912/912 910/910/910
f 913/913/913 909/909/909 911/911/911
f 912/912/912 914/914/914 910/910/910
f 913/913/913 911/911/911 915/915/915
f 914/914/914 912/912/912 916/916/916
f 917/917/917 913/913/913 915/915/915
f 918/918/918 914/914/914 916/916/916
f 915/915/915 918/918/918 917/917/917
f 918/918/918 916/916/916 917/917/917
f 921/921/921 920/920/920 919/919/919
f 922/922/922 921/921/921 919/919/919
f 921/921/921 923/923/923 920/920/920
f 919/919/919 924/924/924 922/922/922
f 923/923/923 925/925/925 920/920/920
f 924/924/924 926/926/926 922/922/922
f 925/925/925 923/923/923 927/927/927
f 924/924/924 928/928/928 926/926/926
f 929/929/929 925/925/925 927/927/927
f 928/928/928 930/930/930 926/926/926
f 929/929/929 927/927/927 931/931/931
f 928/928/928 932/932/932 930/930/930
f 933/933/933 929/929/929 931/931/931
f 932/932/932 934/934/934 930/930/930
f 933/933/933 931/931/931 935/935/935
f 932/932/932 936/936/936 934/934/934
f 937/937/937 933/933/933 935/935/935
f 936/936/936 938/938/938 934/934/934
f 937/937/937 935/935/935 939/939/939
f 936/936/936 940/940/940 938/938/938
f 941/941/941 937/937/937 939/939/939
f 940/940/940 942/942/942 938/938/938
f 941/941/941 939/939/939 943/943/943
f 942/942/942 940/940/940 944/944/944
f 945/945/945 941/941/941 943/943/943
f 946/946/946 942/942/942 944/944/944
f 943/943/943 946/946/946 945/945/945
f 946/946/946 944/944/944 945/945/945
f 949/949/949 948/948/948 947/947/947
f 950/950/950 949/949/949 947/947/947
f 949/949/949 951/951/951 948/948/948
f 947/947/947 952/952/952 950/950/950
f 951/951/951 953/953/953 948/948/948
f 952/952/952 954/954/954 950/950/950
f 953/953/953 951/951/951 955/955/955
f 952/952/952 956/956/956 954/954/954
f 957/957/957 953/953/953 955/955/955
f 956/956/956 958/958/958 954/954/954
f 957/957/957 955/955/955 959/959/959
f 956/956/956 960/960/960 958/958/958
f 961/961/961 957/957/957 959/959/959
f 960/960/960 962/962/962 958/958/958
f 961/961/961 959/959/959 963/963/963
f 960/960/960 964/964/964 962/962/962
f 965/965/965 961/961/961 963/963/963
f 964/964/964 966/966/966 962/962/962
f 965/965/965 963/963/963 967/967/967
f 964/964/964 968/968/968 966/966/966
f 969/969/969 965/965/965 967/967/967
f 968/968/968 970/970/970 966/966/966
f 969/969/969 967/967/967 971/971/971
f 970/970/970 968/968/968 972/972/972
f 973/973/973 969/969/969 971/971/971
f 974/974/974 970/970/970 972/972/972
f 971/971/971 974/974/974 973/973/973
f 974/974/974 972/972/972 973/973/973
f 977/977/977 976/976/976 975/975/975
f 978/978/978 977/977/977 975/975/975
f 977/977/977 979/979/979 976/976/976
f 975/975/975 980/980/980 978/978/978
f 979/979/979 981/981/981 976/976/976
f 980/980/980 982/982/982 978/978/978
f 981/981/981 979/979/979 983/983/983
f 980/980/980 984/984/984 982/982/982
f 985/985/985 981/981/981 983/983/983
f 984/984/984 986/986/986 982/982/982
f 985/985/985 983/983/983 987/987/987
f 984/984/984 988/988/988 986/986/986
f 989/989/989 985/985/985 987/987/987
f 988/988/988 990/990/990 986/986/986
f 989/989/989 987/987/987 991/991/991
f 988/988/988 992/992/992 990/990/990
f 993/993/993 989/989/989 991/991/991
f 992/992/992 994/994/994 990/990/990
f 993/993/993 991/991/991 995/995/995
f 992/992/992 996/996/996 994/994/994
f 997/997/997 993/993/993 995/995/995
f 996/996/996 998/998/998 994/994/994
f 997/997/997 995/995/995 999/999/999
f 998/998/998 996/996/996 1000/1000/1000
f 1001/1001/1001 997/997/997 999/999/999
f 1002/1002/1002 998/998/998 1000/1000/1000
f 999/999/999 1002/1002/1002 1001/1001/1001
f 1002/1002/1002 1000/1000/1000 1001/1001/1001
f 1005/1005/1005 1004/1004/1004 1003/1003/1003
f 1006/1006/1006 1005/1005/1005 1003/1003/1003
f 1005/1005/1005 1007/1007/1007 1004/1004/1004
f 1003/1003/1003 1008/1008/1008 1006/1006/1006
f 1007/1007/1007 1009/1009/1009 1004/1004/1004
f 1008/1008/1008 1010/1010/1010 1006/1006/1006
f 1009/1009/1009 1007/1007/1007 1011/1011/1011
f 1008/1008/1008 1012/1012/1012 1010/1010/1010
f 1013/1013/1013 1009/1009/1009 1011/1011/1011
f 1012/1012/1012 1014/1014/1014 1010/1010/1010
f 1013/1013/1013 1011/1011/1011 1015/1015/1015
f 1012/1012/1012 1016/1016/1016 1014/1014/1014
f 1017/1017/1017 1013/1013/1013 1015/1015/1015
f 1016/1016/1016 1018/1018/1018 1014/1014/1014
f 1017/1017/1017 1015/1015/1015 1019/1019/1019
f 1016/1016/1016 1020/1020/1020 1018/1018/1018
f 1021/1021/1021 1017/1017/1017 1019/1019/1019
f 1020/1020/1020 1022/1022/1022 1018/1018/1018
f 1021/1021/1021 1019/1019/1019 1023/1023/1023
f 1020/1020/1020 1024/1024/1024 1022/1022/1022
f 1025/1025/1025 1021/1021/1021 1023/1023/1023
f 1024/1024/1024 1026/1026/1026 1022/1022/1022
f 1025/1025/1025 1023/1023/1023 1027/1027/1027
f 1026/1026/1026 1024/1024/1024 1028/1028/1028
f 1029/1029/1029 1025/1025/1025 1027/1027/1027
f 1030/1030/1030 1026/1026/1026 1028/1028/1028
f 1027/1027/1027 1030/1030/1030 1029/1029/1029
f 1030/1030/1030 1028/1028/1028 1029/1029/1029
f 1033/1033/1033 1032/1032/1032 1031/1031/1031
f 1034/1034/1034 1033/1033/1033 1031/1031/1031
f 1033/1033/1033 1035/1035/1035 1032/1032/1032
f 1031/1031/1031 1036/1036/1036 1034/1034/1034
f 1035/1035/1035 1037/1037/1037 1032/1032/1032
f 1036/1036/1036 1038/1038/1038 1034/1034/1034
f 1037/1037/1037 1035/1035/1035 1039/1039/1039
f 1036/1036/1036 1040/1040/1040 1038/1038/1038
f 1041/1041/1041 1037/1037/1037 1039/1039/1039
f 1040/1040/1040 1042/1042/1042 1038/1038/1038
f 1041/1041/1041 1039/1039/1039 1043/1043/1043
f 1040/1040/1040 1044/1044/1044 1042/1042/1042
f 1045/1045/1045 1041/1041/1041 1043/1043/1043
f 1044/1044/1044 1046/1046/1046 1042/1042/1042
f 1045/1045/1045 1043/1043/1043 1047/1047/1047
f 1044/1044/1044 1048/1048/1048 1046/1046/1046
f 1049/1049/1049 1045/1045/1045 1047/1047/1047
f 1048/1048/1048 1050/1050/1050 1046/1046/1046
f 1049/1049/1049 1047/1047/1047 1051/1051/1051
f 1048/1048/1048 1052/1052/1052 1050/1050/1050
f 1053/1053/1053 1049/1049/1049 1051/1051/1051
f 1052/1052/1052 1054/1054/1054 1050/1050/1050
f 1053/1053/1053 1051/1051/1051 1055/1055/1055
f 1054/1054/1054 1052/1052/1052 1056/1056/1056
f 1057/1057/1057 1053/1053/1053 1055/1055/1055
f 1058/1058/1058 1054/1054/1054 1056/1056/1056
f 1055/1055/1055 1058/1058/1058 1057/1057/1057
f 1058/1058/1058 1056/1056/1056 1057/1057/1057
f 1061/1061/1061 1060/1060/1060 1059/1059/1059
f 1062/1062/1062 1061/1061/1061 1059/1059/1059
f 1061/1061/1061 1063/1063/1063 1060/1060/1060
f 1059/1059/1059 1064/1064/1064 1062/1062/1062
f 1063/1063/1063 1065/1065/1065 1060/1060/1060
f 1064/1064/1064 1066/1066/1066 1062/1062/1062
f 1065/1065/1065 1063/1063/1063 1067/1067/1067
f 1064/1064/1064 1068/1068/1068 1066/1066/1066
f 1069/1069/1069 1065/1065/1065 1067/1067/1067
f 1068/1068/1068 1070/1070/1070 1066/1066/1066
f 1069/1069/1069 1067/1067/1067 1071/1071/1071
f 1068/1068/1068 1072/1072/1072 1070/1070/1070
f 1073/1073/1073 1069/1069/1069 1071/1071/1071
f 1072/1072/1072 1074/1074/1074 1070/1070/1070
f 1073/1073/1073 1071/1071/1071 1075/1075/1075
f 1072/1072/1072 1076/1076/1076 1074/1074/1074
f 1077/1077/1077 1073/1073/1073 1075/1075/1075
f 1076/1076/1076 1078/1078/1078 1074/1074/1074
f 1077/1077/1077 1075/1075/1075 1079/1079/1079
f 1076/1076/1076 1080/1080/1080 1078/1078/1078
f 1081/1081/1081 1077/1077/1077 1079/1079/1079
f 1080/1080/1080 1082/1082/1082 1078/1078/1078
f 1081/1081/1081 1079/1079/1079 1083/1083/1083
f 1082/1082/1082 1080/1080/1080 1084/1084/1084
f 1085/1085/1085 1081/1081/1081 1083/1083/1083
f 1086/1086/1086 1082/1082/1082 1084/1084/1084
f 1083/1083/1083 1086/1086/1086 1085/1085/1085
f 1086/1086/1086 1084/1084/1084 1085/1085/1085
f 1089/1089/1089 1088/1088/1088 1087/1087/1087
f 1088/1088/1088 1090/1090/1090 1087/1087/1087
f 1089/1089/1089 1087/1087/1087 1091/1091/1091
f 1088/1088/1088 1092/1092/1092 1090/1090/1090
f 1093/1093/1093 1089/1089/1089 1091/1091/1091
f 1092/1092/1092 1094/1094/1094 1090/1090/1090
f 1093/1093/1093 1091/1091/1091 1095/1095/1095
f 1092/1092/1092 1096/1096/1096 1094/1094/1094
f 1097/1097/1097 1093/1093/1093 1095/1095/1095
f 1096/1096/1096 1098/1098/1098 1094/1094/1094
f 1097/1097/1097 1095/1095/1095 1098/1098/1098
f 1096/1096/1096 1097/1097/1097 1098/1098/1098
f 1101/1101/1101 1100/1100/1100 1099/1099/1099
f 1100/1100/1100 1102/1102/1102 1099/1099/1099
f 1101/1101/1101 1099/1099/1099 1103/1103/1103
f 1100/1100/1100 1104/1104/1104 1102/1102/1102
f 1105/1105/1105 1101/1101/1101 1103/1103/1103
f 1104/1104/1104 1106/1106/1106 1102/1102/1102
f 1105/1105/1105 1103/1103/1103 1107/1107/1107
f 1104/1104/1104 1108/1108/1108 1106/1106/1106
f 1109/1109/1109 1105/1105/1105 1107/1107/1107
f 1108/1108/1108 1110/1110/1110 1106/1106/1106
f 1109/1109/1109 1107/1107/1107 1110/1110/1110
f 1108/1108/1108 1109/1109/1109 1110/1110/1110
f 1113/1113/1113 1112/1112/1112 1111/1111/1111
f 1112/1112/1112 1114/1114/1114 1111/1111/1111
f 1113/1113/1113 1111/1111/1111 1115/1115/1115
f 1112/1112/1112 1116/1116/1116 1114/1114/1114
f 1117/1117/1117 1113/1113/1113 1115/1115/1115
f 1116/1116/1116 1118/1118/1118 1114/1114/1114
f 1117/1117/1117 1115/1115/1115 1119/1119/1119
f 1116/1116/1116 1120/1120/1120 1118/1118/1118
f 1121/1121/1121 1117/1117/1117 1119/1119/1119
f 1120/1120/1120 1122/1122/1122 1118/1118/1118
f 1121/1121/1121 1119/1119/1119 1122/1122/1122
f 1120/1120/1120 1121/1121/1121 1122/1122/1122
f 1125/1125/1125 1124/1124/1124 1123/1123/1123
f 1124/1124/1124 1126/1126/1126 1123/1123/1123
f 1125/1125/1125 1123/1123/1123 1127/1127/1127
f 1124/1124/1124 1128/1128/1128 1126/1126/1126
f 1129/1129/1129 1125/1125/1125 1127/1127/1127
f 1128/1128/1128 1130/1130/1130 1126/1126/1126
f 1129/1129/1129 1127/1127/1127 1131/1131/1131
f 1128/1128/1128 1132/1132/1132 1130/1130/1130
f 1133/1133/1133 1129/1129/1129 1131/1131/1131
f 1132/1132/1132 1134/1134/1134 1130/1130/1130
f 1133/1133/1133 1131/1131/1131 1134/1134/1134
f 1132/1132/1132 1133/1133/1133 1134/1134/1134
f 1137/1137/1137 1136/1136/1136 1135/1135/1135
f 1136/1136/1136 1138/1138/1138 1135/1135/1135
f 1137/1137/1137 1135/1135/1135 1139/1139/1139
f 1136/1136/1136 1140/1140/1140 1138/1138/1138
f 1141/1141/1141 1137/1137/1137 1139/1139/1139
f 1140/1140/1140 1142/1142/1142 1138/1138/1138
f 1141/1141/1141 1139/1139/1139 1143/1143/1143
f 1140/1140/1140 1144/1144/1144 1142/1142/1142
f 1145/1145/1145 1141/1141/1141 1143/1143/1143
f 1144/1144/1144 1146/1146/1146 1142/1142/1142
f 1145/1145/1145 1143/1143/1143 1146/1146/1146
f 1144/1144/1144 1145/1145/1145 1146/1146/1146
f 1149/1149/1149 1148/1148/1148 1147/1147/1147
f 1148/1148/1148 1150/1150/1150 1147/1147/1147
f 1149/1149/1149 1147/1147/1147 1151/1151/1151
f 1148/1148/1148 1152/1152/1152 1150/1150/1150
f 1153/1153/1153 1149/1149/1149 1151/1151/1151
f 1152/1152/1152 1154/1154/1154 1150/1150/1150
f 1153/1153/1153 1151/1151/1151 1155/1155/1155
f 1152/1152/1152 1156/1156/1156 1154/1154/1154
f 1157/1157/1157 1153/1153/1153 1155/1155/1155
f 1156/1156/1156 1158/1158/1158 1154/1154/1154
f 1157/1157/1157 1155/1155/1155 1158/1158/1158
f 1156/1156/1156 1157/1157/1157 1158/1158/1158
f 1161/1161/1161 1160/1160/1160 1159/1159/1159
f 1160/1160/1160 1162/1162/1162 1159/1159/1159
f 1161/1161/1161 1159/1159/1159 1163/1163/1163
f 1160/1160/1160 1164/1164/1164 1162/1162/1162
f 1165/1165/1165 1161/1161/1161 1163/1163/1163
f 1164/1164/1164 1166/1166/1166 1162/1162/1162
f 1165/1165/1165 1163/1163/1163 1167/1167/1167
f 1164/1164/1164 1168/1168/1168 1166/1166/1166
f 1169/1169/1169 1165/1165/1165 1167/1167/1167
f 1168/1168/1168 1170/1170/1170 1166/1166/1166
f 1169/1169/1169 1167/1167/1167 1170/1170/1170
f 1168/1168/1168 1169/1169/1169 1170/1170/1170
f 1173/1173/1173 1172/1172/1172 1171/1171/1171
f 1172/1172/1172 1174/1174/1174 1171/1171/1171
f 1173/1173/1173 1171/1171/1171 1175/1175/1175
f 1172/1172/1172 1176/1176/1176 1174/1174/1174
f 1177/1177/1177 1173/1173/1173 1175/1175/1175
f 1176/1176/1176 1178/1178/1178 1174/1174/1174
f 1177/1177/1177 1175/1175/1175 1179/1179/1179
f 1176/1176/1176 1180/1180/1180 1178/1178/1178
f 1181/1181/1181 1177/1177/1177 1179/1179/1179
f 1180/1180/1180 1182/1182/1182 1178/1178/1178
f 1181/1181/1181 1179/1179/1179 1182/1182/1182
f 1180/1180/1180 1181/1181/1181 1182/1182/1182
f 1185/1185/1185 1184/1184/1184 1183/1183/1183
f 1184/1184/1184 1186/1186/1186 1183/1183/1183
f 1185/1185/1185 1183/1183/1183 1187/1187/1187
f 1184/1184/1184 1188/1188/1188 1186/1186/1186
f 1189/1189/1189 1185/1185/1185 1187/1187/1187
f 1188/1188/1188 1190/1190/1190 1186/1186/1186
f 1189/1189/1189 1187/1187/1187 1191/1191/1191
f 1188/1188/1188 1192/1192/1192 1190/1190/1190
f 1193/1193/1193 1189/1189/1189 1191/1191/1191
f 1192/1192/1192 1194/1194/1194 1190/1190/1190
f 1193/1193/1193 1191/1191/1191 1194/1194/1194
f 1192/1192/1192 1193/1193/1193 1194/1194/1194
