g trees_Pine01
v 6.9296 12.330836 15.179934
v 5.2524123 0.35235038 16.494253
v 4.790133 0.3671651 15.141556
v 6.9296 12.330836 15.179934
v 6.6755943 0.22961093 16.47516
v 5.2524123 0.35235038 16.494253
v 6.9296 12.330836 15.179934
v 4.790133 0.3671651 15.141556
v 5.9319143 0.25330544 14.2859
v 6.9296 12.330836 15.179934
v 5.9319143 0.25330544 14.2859
v 7.096932 0.1680812 15.112375
v 6.7096744 9.462392 17.128809
v 6.9505997 12.577042 15.169222
v 7.662747 9.11946 17.011288
v 5.7484055 9.246784 16.822527
v 6.9505997 12.577042 15.169222
v 6.7096744 9.462392 17.128809
v 7.662747 9.11946 17.011288
v 6.9505997 12.577042 15.169222
v 8.280148 9.318063 16.10657
v 8.26411 8.993625 15.121412
v 6.9505997 12.577042 15.169222
v 7.6534224 9.309973 14.086845
v 8.280148 9.318063 16.10657
v 6.9505997 12.577042 15.169222
v 8.26411 8.993625 15.121412
v 6.412929 5.135579 18.075409
v 6.715371 9.429093 15.515349
v 7.861452 4.6132936 17.58444
v 7.6534224 9.309973 14.086845
v 6.9505997 12.577042 15.169222
v 6.6666527 9.095732 13.813082
v 5.1189117 9.251778 14.96156
v 6.9505997 12.577042 15.169222
v 5.1644516 9.554349 15.943031
v 5.724182 9.4676285 14.086073
v 6.9505997 12.577042 15.169222
v 5.1189117 9.251778 14.96156
v 8.556532 7.141198 15.380205
v 6.7964497 11.019466 15.106932
v 7.777964 6.841609 14.089596
v 11.236556 10.517479 11.4355
v 9.347082 13.90877 10.703133
v 11.406853 10.27626 10.313123
v 8.657377 5.673475 7.938195
v 9.611547 10.420603 10.648285
v 7.5191483 5.0934587 9.207474
v 12.933563 5.30206 9.955224
v 9.611547 10.420603 10.648285
v 11.909082 5.866649 8.320976
v 6.8495617 11.03813 16.48307
v 7.1453037 14.61314 15.230259
v 7.5982065 11.136502 16.186577
v 7.5934916 7.581414 10.972507
v 9.482089 12.162966 10.665046
v 8.251301 7.902286 12.231981
v 9.633949 12.482775 9.278565
v 9.165865 16.261684 11.003621
v 8.809006 12.238287 9.46448
v 10.423937 12.333042 9.635032
v 9.165865 16.261684 11.003621
v 9.633949 12.482775 9.278565
v 7.7398424 8.014742 9.58257
v 9.482089 12.162966 10.665046
v 7.5934916 7.581414 10.972507
v 7.5982065 11.136502 16.186577
v 7.1453037 14.61314 15.230259
v 8.016852 10.935592 15.509001
v 9.389556 10.335903 12.453215
v 9.347082 13.90877 10.703133
v 10.505159 10.111929 12.239467
v 7.777964 6.841609 14.089596
v 6.7964497 11.019466 15.106932
v 6.5556107 7.246045 13.570585
v 4.889274 4.886548 17.58178
v 6.715371 9.429093 15.515349
v 6.412929 5.135579 18.075409
v 8.803409 4.855423 16.33032
v 6.715371 9.429093 15.515349
v 8.768016 4.4204273 14.693909
v 5.1644516 9.554349 15.943031
v 6.9505997 12.577042 15.169222
v 5.7484055 9.246784 16.822527
v 8.525099 6.903822 16.675573
v 6.7964497 11.019466 15.106932
v 8.556532 7.141198 15.380205
v 6.6666527 9.095732 13.813082
v 6.9505997 12.577042 15.169222
v 5.724182 9.4676285 14.086073
v 3.9959047 5.323307 16.326168
v 6.715371 9.429093 15.515349
v 4.889274 4.886548 17.58178
v 7.861452 4.6132936 17.58444
v 6.715371 9.429093 15.515349
v 8.803409 4.855423 16.33032
v 7.7659254 7.3075743 17.587023
v 6.7964497 11.019466 15.106932
v 8.525099 6.903822 16.675573
v 5.378253 7.4601326 17.282125
v 6.7964497 11.019466 15.106932
v 6.528426 7.076823 17.758772
v 6.715371 9.429093 15.515349
v 7.8465595 4.9053335 13.49625
v 8.768016 4.4204273 14.693909
v 6.715371 9.429093 15.515349
v 3.9381893 4.931734 14.762207
v 4.873105 5.2055063 13.508635
v 4.5835238 7.1881647 16.233644
v 6.7964497 11.019466 15.106932
v 5.378253 7.4601326 17.282125
v 4.583107 7.46027 14.950714
v 6.7964497 11.019466 15.106932
v 4.5835238 7.1881647 16.233644
v 6.715371 9.429093 15.515349
v 4.873105 5.2055063 13.508635
v 6.317487 4.6873217 13.00974
v 6.5556107 7.246045 13.570585
v 6.7964497 11.019466 15.106932
v 5.2988486 7.061516 13.91568
v 6.528426 7.076823 17.758772
v 6.7964497 11.019466 15.106932
v 7.7659254 7.3075743 17.587023
v 6.715371 9.429093 15.515349
v 6.317487 4.6873217 13.00974
v 7.8465595 4.9053335 13.49625
v 6.715371 9.429093 15.515349
v 3.9959047 5.323307 16.326168
v 3.9381893 4.931734 14.762207
v 5.2988486 7.061516 13.91568
v 6.7964497 11.019466 15.106932
v 4.583107 7.46027 14.950714
v 8.016852 10.935592 15.509001
v 7.1453037 14.61314 15.230259
v 8.009408 11.099197 14.710157
v 8.009408 11.099197 14.710157
v 7.1453037 14.61314 15.230259
v 7.518528 10.973742 14.0964985
v 7.518528 10.973742 14.0964985
v 7.1453037 14.61314 15.230259
v 6.7891912 11.190776 13.918612
v 10.505159 10.111929 12.239467
v 9.347082 13.90877 10.703133
v 11.236556 10.517479 11.4355
v 7.852441 10.296103 10.998502
v 9.347082 13.90877 10.703133
v 8.407479 9.974918 11.967376
v 7.1453037 14.61314 15.230259
v 6.051566 11.085638 14.206358
v 6.7891912 11.190776 13.918612
v 7.1453037 14.61314 15.230259
v 5.629237 11.289374 14.854591
v 6.051566 11.085638 14.206358
v 7.1453037 14.61314 15.230259
v 5.626833 11.132666 15.644297
v 5.629237 11.289374 14.854591
v 7.1453037 14.61314 15.230259
v 6.110716 11.262576 16.262403
v 5.626833 11.132666 15.644297
v 7.1453037 14.61314 15.230259
v 6.8495617 11.03813 16.48307
v 6.110716 11.262576 16.262403
v 4.4117184 2.7750251 13.148359
v 6.1586256 3.068198 12.58569
v 6.570073 7.1347075 15.860567
v 8.964366 2.38246 16.360943
v 7.958862 2.947331 17.850824
v 6.570073 7.1347075 15.860567
v 6.1586256 3.068198 12.58569
v 7.8419476 2.460421 13.104242
v 6.570073 7.1347075 15.860567
v 8.966432 2.8110433 14.540434
v 8.964366 2.38246 16.360943
v 6.570073 7.1347075 15.860567
v 4.504424 3.2609205 17.885946
v 3.3827357 2.8921587 16.43009
v 6.570073 7.1347075 15.860567
v 7.8419476 2.460421 13.104242
v 8.966432 2.8110433 14.540434
v 6.570073 7.1347075 15.860567
v 6.1972165 2.6572046 18.440556
v 4.504424 3.2609205 17.885946
v 6.570073 7.1347075 15.860567
v 3.3827357 2.8921587 16.43009
v 3.4171915 3.3327253 14.616785
v 6.570073 7.1347075 15.860567
v 3.4171915 3.3327253 14.616785
v 4.4117184 2.7750251 13.148359
v 6.570073 7.1347075 15.860567
v 7.958862 2.947331 17.850824
v 6.1972165 2.6572046 18.440556
v 6.570073 7.1347075 15.860567
v -5.2506733 13.62414 -3.2011433
v -4.919054 0.10278404 -3.2006032
v -4.4194756 0.2139031 -1.7141756
v -5.2506733 13.62414 -3.2011433
v -4.4194756 0.2139031 -1.7141756
v -5.686964 0.30459213 -0.7913743
v -5.2506733 13.62414 -3.2011433
v -5.686964 0.30459213 -0.7913743
v -6.9650927 0.25116262 -1.708453
v -5.2506733 13.62414 -3.2011433
v -6.9650927 0.25116262 -1.708453
v -6.4881067 0.127869 -3.1923392
v 3.2952986 16.079363 -2.8612478
v 3.2481909 -0.017515182 -3.8435612
v 4.6048613 -0.007610321 -3.566155
v -5.3875723 10.598218 -1.2058656
v -5.2508364 13.90877 -3.2315278
v -4.3328133 10.242465 -1.5274053
v -6.4661427 10.27626 -1.5233717
v -5.2508364 13.90877 -3.2315278
v -5.3875723 10.598218 -1.2058656
v -4.3328133 10.242465 -1.5274053
v -5.2508364 13.90877 -3.2315278
v -3.684325 10.458335 -2.4635642
v -3.7088165 10.050454 -3.5571597
v -5.2508364 13.90877 -3.2315278
v -4.377534 10.2961035 -4.4799414
v -3.684325 10.458335 -2.4635642
v -5.2508364 13.90877 -3.2315278
v -3.7088165 10.050454 -3.5571597
v -5.448304 5.8666496 0.26125395
v -5.403571 10.420603 -3.0087657
v -3.7855875 5.3723874 -0.2056602
v -4.377534 10.2961035 -4.4799414
v -5.2508364 13.90877 -3.2315278
v -5.4489985 9.974919 -4.7941837
v -7.1503077 10.111929 -3.537266
v -5.2508364 13.90877 -3.2315278
v -7.120842 10.51748 -2.4507875
v -6.49382 10.335904 -4.464241
v -5.2508364 13.90877 -3.2315278
v -7.1503077 10.111929 -3.537266
v -3.3154576 8.014742 -3.5367906
v -5.3218174 12.162967 -3.1105351
v -4.172776 7.5814147 -4.640579
v 11.909082 5.866649 8.320976
v 9.611547 10.420603 10.648285
v 10.386501 5.372387 7.505878
v 8.749332 10.458334 9.064102
v 9.347082 13.90877 10.703133
v 8.009418 10.050453 9.869756
v 8.009418 10.050453 9.869756
v 9.347082 13.90877 10.703133
v 7.852441 10.296103 10.998502
v -5.2875347 12.333042 -1.715246
v -5.3283052 16.261684 -3.5737727
v -4.470867 12.482775 -2.005422
v 9.865528 10.242464 8.838189
v 9.347082 13.90877 10.703133
v 8.749332 10.458334 9.064102
v 11.406853 10.27626 10.313123
v 9.347082 13.90877 10.703133
v 10.84895 10.598217 9.336973
v 10.84895 10.598217 9.336973
v 9.347082 13.90877 10.703133
v 9.865528 10.242464 8.838189
v 9.368012 13.62414 10.681107
v 11.638476 0.25116205 10.792244
v 10.266533 0.12786865 11.531977
v -4.470867 12.482775 -2.005422
v -5.3283052 16.261684 -3.5737727
v -4.004719 12.238287 -2.7109742
v 9.368012 13.62414 10.681107
v 11.352003 0.30459166 9.245447
v 11.638476 0.25116205 10.792244
v -4.172776 7.5814147 -4.640579
v -5.3218174 12.162967 -3.1105351
v -5.5196676 7.9022865 -5.0932055
v -7.319256 5.3020606 -0.20764676
v -5.403571 10.420603 -3.0087657
v -5.448304 5.8666496 0.26125395
v -2.8380485 5.6734753 -1.7152747
v -5.403571 10.420603 -3.0087657
v -2.8964505 5.093459 -3.4191585
v -7.120842 10.51748 -2.4507875
v -5.2508364 13.90877 -3.2315278
v -6.4661427 10.27626 -1.5233717
v -3.2800314 7.8200192 -2.1015103
v -5.3218174 12.162967 -3.1105351
v -3.3154576 8.014742 -3.5367906
v -5.4489985 9.974919 -4.7941837
v -5.2508364 13.90877 -3.2315278
v -6.49382 10.335904 -4.464241
v -8.387158 5.644567 -1.7065963
v -5.403571 10.420603 -3.0087657
v -7.319256 5.3020606 -0.20764676
v -3.7855875 5.3723874 -0.2056602
v -5.403571 10.420603 -3.0087657
v -2.8380485 5.6734753 -1.7152747
v -4.07716 8.301931 -1.0056925
v -5.3218174 12.162967 -3.1105351
v -3.2800314 7.8200192 -2.1015103
v -6.795086 8.318844 -0.9999054
v -5.3218174 12.162967 -3.1105351
v -5.412813 8.059267 -0.5679612
v -5.403571 10.420603 -3.0087657
v -3.9405637 5.4033856 -4.8559484
v -2.8964505 5.093459 -3.4191585
v -5.403571 10.420603 -3.0087657
v -8.384045 5.1039495 -3.4087462
v -7.274295 5.4308896 -4.843013
v -7.680233 7.8586493 -2.0829298
v -5.3218174 12.162967 -3.1105351
v -6.795086 8.318844 -0.9999054
v -7.6791134 8.069697 -3.5151825
v -5.3218174 12.162967 -3.1105351
v -7.680233 7.8586493 -2.0829298
v -5.403571 10.420603 -3.0087657
v -7.274295 5.4308896 -4.843013
v -5.6202154 4.9550076 -5.350068
v -5.5196676 7.9022865 -5.0932055
v -5.3218174 12.162967 -3.1105351
v -6.8749266 7.6171937 -4.626417
v -5.412813 8.059267 -0.5679612
v -5.3218174 12.162967 -3.1105351
v -4.07716 8.301931 -1.0056925
v -5.403571 10.420603 -3.0087657
v -5.6202154 4.9550076 -5.350068
v -3.9405637 5.4033856 -4.8559484
v -5.403571 10.420603 -3.0087657
v -8.387158 5.644567 -1.7065963
v -8.384045 5.1039495 -3.4087462
v -6.8749266 7.6171937 -4.626417
v -5.3218174 12.162967 -3.1105351
v -7.6791134 8.069697 -3.5151825
v -4.004719 12.238287 -2.7109742
v -5.3283052 16.261684 -3.5737727
v -4.0226793 12.346388 -3.5818615
v -4.0226793 12.346388 -3.5818615
v -5.3283052 16.261684 -3.5737727
v -4.5447373 12.110885 -4.2669573
v -4.5447373 12.110885 -4.2669573
v -5.3283052 16.261684 -3.5737727
v -5.358471 12.2799635 -4.5442514
v 9.368012 13.62414 10.681107
v 9.798645 0.21390247 9.03292
v 11.352003 0.30459166 9.245447
v 9.368012 13.62414 10.681107
v 9.129227 0.10278368 10.450992
v 9.798645 0.21390247 9.03292
v -5.3283052 16.261684 -3.5737727
v -6.1802263 12.131722 -4.2558703
v -5.358471 12.2799635 -4.5442514
v -5.3283052 16.261684 -3.5737727
v -6.6573343 12.377522 -3.557764
v -6.1802263 12.131722 -4.2558703
v -5.3283052 16.261684 -3.5737727
v -6.635993 12.268026 -2.6771312
v -6.6573343 12.377522 -3.557764
v -5.3283052 16.261684 -3.5737727
v -6.0917587 12.49765 -1.9841021
v -6.635993 12.268026 -2.6771312
v -5.3283052 16.261684 -3.5737727
v -5.2875347 12.333042 -1.715246
v -6.0917587 12.49765 -1.9841021
v -7.617283 2.632064 -4.9868584
v -5.665413 3.0706437 -5.65127
v -5.4732475 7.8936057 -2.8133237
v -2.4741237 2.877669 -1.3205286
v -3.6008053 3.5097969 0.34119678
v -5.4732475 7.8936057 -2.8133237
v -5.665413 3.0706437 -5.65127
v -3.7305672 2.5930283 -5.0006256
v -5.4732475 7.8936057 -2.8133237
v -2.510175 3.2227323 -3.400504
v -2.4741237 2.877669 -1.3205286
v -5.4732475 7.8936057 -2.8133237
v -7.6925707 3.4303546 0.34960353
v -8.922757 2.8726861 -1.3112631
v -5.4732475 7.8936057 -2.8133237
v -3.7305672 2.5930283 -5.0006256
v -2.510175 3.2227323 -3.400504
v -5.4732475 7.8936057 -2.8133237
v -5.6025248 3.0300891 1.032164
v -7.6925707 3.4303546 0.34960353
v -5.4732475 7.8936057 -2.8133237
v -8.922757 2.8726861 -1.3112631
v -8.861674 3.2527509 -3.3861613
v -5.4732475 7.8936057 -2.8133237
v -8.861674 3.2527509 -3.3861613
v -7.617283 2.632064 -4.9868584
v -5.4732475 7.8936057 -2.8133237
v -3.6008053 3.5097969 0.34119678
v -5.6025248 3.0300891 1.032164
v -5.4732475 7.8936057 -2.8133237
v 6.9296 12.330836 15.179934
v 7.096932 0.1680812 15.112375
v 6.6755943 0.22961093 16.47516
v 3.2952986 16.079363 -2.8612478
v 4.6048613 -0.007610321 -3.566155
v 5.121522 0.0061273575 -2.0122612
v 3.2952986 16.079363 -2.8612478
v 3.2974555 0.0034723282 -0.9711907
v 2.2161827 -0.01363945 -2.4144292
v 2.2161827 -0.01363945 -2.4144292
v 3.2481909 -0.017515182 -3.8435612
v 3.2952986 16.079363 -2.8612478
v 3.2952986 16.079363 -2.8612478
v 5.121522 0.0061273575 -2.0122612
v 3.2974555 0.0034723282 -0.9711907
v 5.2296467 12.1434765 -1.4809921
v 3.3214586 16.418612 -2.824543
v 5.6221337 11.721515 -2.7532992
v 4.2439394 11.782856 -0.6483489
v 3.3214586 16.418612 -2.824543
v 5.2296467 12.1434765 -1.4809921
v 5.6221337 11.721515 -2.7532992
v 3.3214586 16.418612 -2.824543
v 5.0791397 12.089416 -4.1169777
v 4.085421 11.69098 -4.8433313
v 3.3214586 16.418612 -2.824543
v 2.7921515 12.114591 -4.776517
v 5.0791397 12.089416 -4.1169777
v 3.3214586 16.418612 -2.824543
v 4.085421 11.69098 -4.8433313
v 6.4496336 6.448016 -0.4177208
v 3.4504929 12.042306 -2.8114295
v 7.134222 5.948466 -2.2737694
v 2.7921515 12.114591 -4.776517
v 3.3214586 16.418612 -2.824543
v 1.8315754 11.742924 -3.9045172
v 1.8895892 11.775848 -1.3871427
v 3.3214586 16.418612 -2.824543
v 2.927679 12.164793 -0.64842653
v 1.4508059 12.141215 -2.6555607
v 3.3214586 16.418612 -2.824543
v 1.8895892 11.775848 -1.3871427
v 4.719075 9.234206 -4.9240828
v 3.2648027 14.25829 -2.9237087
v 2.9971256 8.866452 -4.977721
v 3.8021004 17.305498 -1.695065
v 3.655449 20.898664 -2.4291544
v 4.3085747 17.492954 -2.0649028
v 3.743507 17.35049 -3.6447265
v 3.655449 20.898664 -2.4291544
v 3.1524818 17.546036 -3.6049733
v 2.6552258 17.357178 -3.2425838
v 3.655449 20.898664 -2.4291544
v 2.4978566 17.532452 -2.6296134
v 4.6709175 14.351391 -1.9171994
v 3.5959253 19.21541 -2.5027723
v 4.865349 14.583718 -2.9365222
v 4.461007 17.3141 -2.6924229
v 3.655449 20.898664 -2.4291544
v 4.2721186 17.518795 -3.2598593
v 2.4978566 17.532452 -2.6296134
v 3.655449 20.898664 -2.4291544
v 2.677189 17.33081 -2.05929
v 3.194921 17.503601 -1.672914
v 3.655449 20.898664 -2.4291544
v 3.8021004 17.305498 -1.695065
v 4.2721186 17.518795 -3.2598593
v 3.655449 20.898664 -2.4291544
v 3.743507 17.35049 -3.6447265
v 4.865349 14.583718 -2.9365222
v 3.5959253 19.21541 -2.5027723
v 4.487052 14.38253 -3.9167862
v 2.677189 17.33081 -2.05929
v 3.655449 20.898664 -2.4291544
v 3.194921 17.503601 -1.672914
v 2.9971256 8.866452 -4.977721
v 3.2648027 14.25829 -2.9237087
v 1.5775678 9.29044 -4.0617137
v 4.77359 5.9562263 0.7161491
v 3.4504929 12.042306 -2.8114295
v 6.4496336 6.448016 -0.4177208
v 6.5915337 6.423961 -4.1247854
v 3.4504929 12.042306 -2.8114295
v 4.876374 5.911845 -5.428217
v 2.927679 12.164793 -0.64842653
v 3.3214586 16.418612 -2.824543
v 4.2439394 11.782856 -0.6483489
v 6.229063 8.872141 -3.7267842
v 3.2648027 14.25829 -2.9237087
v 4.719075 9.234206 -4.9240828
v 1.8315754 11.742924 -3.9045172
v 3.3214586 16.418612 -2.824543
v 1.4508059 12.141215 -2.6555607
v 2.7499251 6.4442616 0.6885042
v 3.4504929 12.042306 -2.8114295
v 4.77359 5.9562263 0.7161491
v 7.134222 5.948466 -2.2737694
v 3.4504929 12.042306 -2.8114295
v 6.5915337 6.423961 -4.1247854
v 6.5674696 9.304393 -2.298162
v 3.2648027 14.25829 -2.9237087
v 6.229063 8.872141 -3.7267842
v 4.567012 9.363931 0.06792617
v 3.2648027 14.25829 -2.9237087
v 5.969537 8.95236 -0.7974796
v 3.4504929 12.042306 -2.8114295
v 2.8072681 6.39527 -5.4877224
v 4.876374 5.911845 -5.428217
v 3.4504929 12.042306 -2.8114295
v 1.1006327 5.9397035 -0.49493504
v 0.47985268 6.4177914 -2.416524
v 2.9204276 8.960473 0.0742569
v 3.2648027 14.25829 -2.9237087
v 4.567012 9.363931 0.06792617
v 1.567955 9.344645 -0.9107113
v 3.2648027 14.25829 -2.9237087
v 2.9204276 8.960473 0.0742569
v 3.4504929 12.042306 -2.8114295
v 0.47985268 6.4177914 -2.416524
v 1.1181583 5.9122906 -4.3363256
v 1.5775678 9.29044 -4.0617137
v 3.2648027 14.25829 -2.9237087
v 1.0598872 8.918034 -2.467315
v 5.969537 8.95236 -0.7974796
v 3.2648027 14.25829 -2.9237087
v 6.5674696 9.304393 -2.298162
v 3.4504929 12.042306 -2.8114295
v 1.1181583 5.9122906 -4.3363256
v 2.8072681 6.39527 -5.4877224
v 3.4504929 12.042306 -2.8114295
v 2.7499251 6.4442616 0.6885042
v 1.1006327 5.9397035 -0.49493504
v 1.0598872 8.918034 -2.467315
v 3.2648027 14.25829 -2.9237087
v 1.567955 9.344645 -0.9107113
v 4.487052 14.38253 -3.9167862
v 3.5959253 19.21541 -2.5027723
v 3.6748421 14.633221 -4.4720144
v 3.6748421 14.633221 -4.4720144
v 3.5959253 19.21541 -2.5027723
v 2.765018 14.411388 -4.3755245
v 2.765018 14.411388 -4.3755245
v 3.5959253 19.21541 -2.5027723
v 2.068294 14.626727 -3.7182045
v 3.1524818 17.546036 -3.6049733
v 3.655449 20.898664 -2.4291544
v 2.6552258 17.357178 -3.2425838
v 4.3085747 17.492954 -2.0649028
v 3.655449 20.898664 -2.4291544
v 4.461007 17.3141 -2.6924229
v 3.5959253 19.21541 -2.5027723
v 1.829565 14.389608 -2.7498744
v 2.068294 14.626727 -3.7182045
v 3.5959253 19.21541 -2.5027723
v 2.1497328 14.600873 -1.807579
v 1.829565 14.389608 -2.7498744
v 3.5959253 19.21541 -2.5027723
v 2.9485996 14.365881 -1.2249441
v 2.1497328 14.600873 -1.807579
v 3.5959253 19.21541 -2.5027723
v 3.919705 14.578426 -1.2551653
v 2.9485996 14.365881 -1.2249441
v 3.5959253 19.21541 -2.5027723
v 4.6709175 14.351391 -1.9171994
v 3.919705 14.578426 -1.2551653
v -0.09426069 3.133645 -2.423985
v 0.6575775 3.7359285 -4.657447
v 3.8861067 8.981591 -2.3515117
v 6.8695774 3.1196632 -4.6278763
v 7.5981064 3.7232924 -2.3679104
v 3.8861067 8.981591 -2.3515117
v 0.6575775 3.7359285 -4.657447
v 2.5714288 3.1274238 -6.0430098
v 3.8861067 8.981591 -2.3515117
v 4.9553394 3.7257843 -6.0111504
v 6.8695774 3.1196632 -4.6278763
v 3.8861067 8.981591 -2.3515117
v 4.9186583 3.7279038 1.2301502
v 2.5435536 3.1279173 1.2227173
v 3.8861067 8.981591 -2.3515117
v 2.5714288 3.1274238 -6.0430098
v 4.9553394 3.7257843 -6.0111504
v 3.8861067 8.981591 -2.3515117
v 6.8472843 3.1203203 -0.13811493
v 4.9186583 3.7279038 1.2301502
v 3.8861067 8.981591 -2.3515117
v 2.5435536 3.1279173 1.2227173
v 0.64009476 3.736524 -0.1817689
v 3.8861067 8.981591 -2.3515117
v 0.64009476 3.736524 -0.1817689
v -0.09426069 3.133645 -2.423985
v 3.8861067 8.981591 -2.3515117
v 7.5981064 3.7232924 -2.3679104
v 6.8472843 3.1203203 -0.13811493
v 3.8861067 8.981591 -2.3515117
v -6.4881067 0.127869 -3.1923392
v -4.919054 0.10278404 -3.2006032
v -5.2506733 13.62414 -3.2011433
v -8.491383 16.079363 6.875737
v -8.549347 -0.017515182 5.6670365
v -6.8800135 -0.007610321 6.0083747
v -8.491383 16.079363 6.875737
v -6.8800135 -0.007610321 6.0083747
v -6.244281 0.0061273575 7.9203844
v -8.491383 16.079363 6.875737
v -8.488729 0.0034723282 9.201385
v -9.819196 -0.01363945 7.4255314
v -9.819196 -0.01363945 7.4255314
v -8.549347 -0.017515182 5.6670365
v -8.491383 16.079363 6.875737
v -8.491383 16.079363 6.875737
v -6.244281 0.0061273575 7.9203844
v -8.488729 0.0034723282 9.201385
v -6.1112375 12.1434765 8.574092
v -8.459193 16.418612 6.9209013
v -5.6282964 11.721515 7.008564
v -7.3241143 11.782856 9.598629
v -8.459193 16.418612 6.9209013
v -6.1112375 12.1434765 8.574092
v -5.6282964 11.721515 7.008564
v -8.459193 16.418612 6.9209013
v -6.2964306 12.089416 5.3306074
v -7.5191655 11.69098 4.4368553
v -8.459193 16.418612 6.9209013
v -9.110487 12.114591 4.5190682
v -6.2964306 12.089416 5.3306074
v -8.459193 16.418612 6.9209013
v -7.5191655 11.69098 4.4368553
v -4.6100874 6.448016 9.882409
v -8.300422 12.042306 6.937037
v -3.7677264 5.948466 7.5986085
v -9.110487 12.114591 4.5190682
v -8.459193 16.418612 6.9209013
v -10.29244 11.742924 5.5920324
v -10.221057 11.775848 8.689571
v -8.459193 16.418612 6.9209013
v -8.943725 12.164793 9.598535
v -10.760964 12.141215 7.128828
v -8.459193 16.418612 6.9209013
v -10.221057 11.775848 8.689571
v -6.739477 9.234206 4.337494
v -8.528907 14.25829 6.798881
v -8.8582735 8.866452 4.271494
v -7.8677816 17.305498 8.310683
v -8.048231 20.898664 7.4074125
v -7.244583 17.492954 7.855611
v -7.9398785 17.35049 5.911695
v -8.048231 20.898664 7.4074125
v -8.667113 17.546036 5.9606104
v -9.278969 17.357178 6.4065175
v -8.048231 20.898664 7.4074125
v -9.472606 17.532452 7.160755
v -6.798733 14.351391 8.037355
v -8.121472 19.21541 7.3168283
v -6.5594926 14.583718 6.7831144
v -7.0570207 17.3141 7.0834703
v -8.048231 20.898664 7.4074125
v -7.289441 17.518795 6.3852606
v -9.472606 17.532452 7.160755
v -8.048231 20.898664 7.4074125
v -9.251945 17.33081 7.8625174
v -8.614894 17.503601 8.337938
v -8.048231 20.898664 7.4074125
v -7.8677816 17.305498 8.310683
v -7.289441 17.518795 6.3852606
v -8.048231 20.898664 7.4074125
v -7.9398785 17.35049 5.911695
v -6.5594926 14.583718 6.7831144
v -8.121472 19.21541 7.3168283
v -7.0249734 14.38253 5.576936
v -9.251945 17.33081 7.8625174
v -8.048231 20.898664 7.4074125
v -8.614894 17.503601 8.337938
v -8.8582735 8.866452 4.271494
v -8.528907 14.25829 6.798881
v -10.604988 9.29044 5.3986077
v -6.6723986 5.9562263 11.2775955
v -8.300422 12.042306 6.937037
v -4.6100874 6.448016 9.882409
v -4.435485 6.423961 5.321
v -8.300422 12.042306 6.937037
v -6.545927 5.911845 3.717175
v -8.943725 12.164793 9.598535
v -8.459193 16.418612 6.9209013
v -7.3241143 11.782856 9.598629
v -4.8814917 8.872141 5.810726
v -8.528907 14.25829 6.798881
v -6.739477 9.234206 4.337494
v -10.29244 11.742924 5.5920324
v -8.459193 16.418612 6.9209013
v -10.760964 12.141215 7.128828
v -9.162445 6.4442616 11.243578
v -8.300422 12.042306 6.937037
v -6.6723986 5.9562263 11.2775955
v -3.7677264 5.948466 7.5986085
v -8.300422 12.042306 6.937037
v -4.435485 6.423961 5.321
v -4.4650946 9.304393 7.568594
v -8.528907 14.25829 6.798881
v -4.8814917 8.872141 5.810726
v -6.9265857 9.363931 10.47998
v -8.528907 14.25829 6.798881
v -5.2008295 8.95236 9.415129
v -8.300422 12.042306 6.937037
v -9.0918865 6.39527 3.6439557
v -6.545927 5.911845 3.717175
v -8.300422 12.042306 6.937037
v -11.191839 5.9397035 9.787399
v -11.955687 6.4177914 7.422954
v -8.952648 8.960473 10.487769
v -8.528907 14.25829 6.798881
v -6.9265857 9.363931 10.47998
v -10.6168165 9.344645 9.275802
v -8.528907 14.25829 6.798881
v -8.952648 8.960473 10.487769
v -8.300422 12.042306 6.937037
v -11.955687 6.4177914 7.422954
v -11.170275 5.9122906 5.0607076
v -10.604988 9.29044 5.3986077
v -8.528907 14.25829 6.798881
v -11.241976 8.918034 7.360458
v -5.2008295 8.95236 9.415129
v -8.528907 14.25829 6.798881
v -4.4650946 9.304393 7.568594
v -8.300422 12.042306 6.937037
v -11.170275 5.9122906 5.0607076
v -9.0918865 6.39527 3.6439557
v -8.300422 12.042306 6.937037
v -9.162445 6.4442616 11.243578
v -11.191839 5.9397035 9.787399
v -11.241976 8.918034 7.360458
v -8.528907 14.25829 6.798881
v -10.6168165 9.344645 9.275802
v -7.0249734 14.38253 5.576936
v -8.121472 19.21541 7.3168283
v -8.024368 14.633221 4.8937473
v -8.024368 14.633221 4.8937473
v -8.121472 19.21541 7.3168283
v -9.143874 14.411388 5.012475
v -9.143874 14.411388 5.012475
v -8.121472 19.21541 7.3168283
v -10.001167 14.626727 5.8212833
v -8.667113 17.546036 5.9606104
v -8.048231 20.898664 7.4074125
v -9.278969 17.357178 6.4065175
v -7.244583 17.492954 7.855611
v -8.048231 20.898664 7.4074125
v -7.0570207 17.3141 7.0834703
v -8.121472 19.21541 7.3168283
v -10.294914 14.389608 7.0127788
v -10.001167 14.626727 5.8212833
v -8.121472 19.21541 7.3168283
v -9.90096 14.600873 8.172238
v -10.294914 14.389608 7.0127788
v -8.121472 19.21541 7.3168283
v -8.917983 14.365881 8.88915
v -9.90096 14.600873 8.172238
v -8.121472 19.21541 7.3168283
v -7.723073 14.578426 8.851964
v -8.917983 14.365881 8.88915
v -8.121472 19.21541 7.3168283
v -6.798733 14.351391 8.037355
v -7.723073 14.578426 8.851964
v -12.662111 3.133645 7.4137735
v -11.737002 3.7359285 4.66558
v -7.764415 8.981591 7.5029488
v -4.093362 3.1196632 4.7019653
v -3.1969337 3.7232924 7.4827714
v -7.764415 8.981591 7.5029488
v -11.737002 3.7359285 4.66558
v -9.382077 3.1274238 2.9606948
v -7.764415 8.981591 7.5029488
v -6.4487624 3.7257843 2.9998965
v -4.093362 3.1196632 4.7019653
v -7.764415 8.981591 7.5029488
v -6.4938974 3.7279038 11.910054
v -9.416378 3.1279173 11.900908
v -7.764415 8.981591 7.5029488
v -9.382077 3.1274238 2.9606948
v -6.4487624 3.7257843 2.9998965
v -7.764415 8.981591 7.5029488
v -4.120793 3.1203203 10.226454
v -6.4938974 3.7279038 11.910054
v -7.764415 8.981591 7.5029488
v -9.416378 3.1279173 11.900908
v -11.758514 3.736524 10.172739
v -7.764415 8.981591 7.5029488
v -11.758514 3.736524 10.172739
v -12.662111 3.133645 7.4137735
v -7.764415 8.981591 7.5029488
v -3.1969337 3.7232924 7.4827714
v -4.120793 3.1203203 10.226454
v -7.764415 8.981591 7.5029488
v 8.70857 7.820019 8.5229225
v 9.482089 12.162966 10.665046
v 7.7398424 8.014742 9.58257
v 8.407479 9.974918 11.967376
v 9.347082 13.90877 10.703133
v 9.389556 10.335903 12.453215
v 12.6653385 5.6445665 11.776027
v 9.611547 10.420603 10.648285
v 12.933563 5.30206 9.955224
v 10.386501 5.372387 7.505878
v 9.611547 10.420603 10.648285
v 8.657377 5.673475 7.938195
v 10.042565 8.301931 8.284836
v 9.482089 12.162966 10.665046
v 8.70857 7.820019 8.5229225
v 12.006708 8.318844 10.163478
v 9.482089 12.162966 10.665046
v 11.309056 8.059267 8.894409
v 9.611547 10.420603 10.648285
v 7.2768283 5.403385 10.966967
v 7.5191483 5.0934587 9.207474
v 9.611547 10.420603 10.648285
v 11.483946 5.103949 13.001439
v 9.690035 5.430889 13.267046
v 11.894812 7.858649 11.557718
v 9.482089 12.162966 10.665046
v 12.006708 8.318844 10.163478
v 10.901826 8.069696 12.589866
v 9.482089 12.162966 10.665046
v 11.894812 7.858649 11.557718
v 9.611547 10.420603 10.648285
v 9.690035 5.430889 13.267046
v 8.145876 4.955007 12.486881
v 8.251301 7.902286 12.231981
v 9.482089 12.162966 10.665046
v 9.552059 7.617193 12.834182
v 11.309056 8.059267 8.894409
v 9.482089 12.162966 10.665046
v 10.042565 8.301931 8.284836
v 9.611547 10.420603 10.648285
v 8.145876 4.955007 12.486881
v 7.2768283 5.403385 10.966967
v 9.611547 10.420603 10.648285
v 12.6653385 5.6445665 11.776027
v 11.483946 5.103949 13.001439
v 9.552059 7.617193 12.834182
v 9.482089 12.162966 10.665046
v 10.901826 8.069696 12.589866
v 8.809006 12.238287 9.46448
v 9.165865 16.261684 11.003621
v 8.218659 12.346388 10.104996
v 8.218659 12.346388 10.104996
v 9.165865 16.261684 11.003621
v 8.120568 12.110884 10.960729
v 8.120568 12.110884 10.960729
v 9.165865 16.261684 11.003621
v 8.51533 12.279963 11.724416
v 9.165865 16.261684 11.003621
v 9.307743 12.1317215 12.085702
v 8.51533 12.279963 11.724416
v 9.165865 16.261684 11.003621
v 10.135433 12.3775215 11.912747
v 9.307743 12.1317215 12.085702
v 9.165865 16.261684 11.003621
v 10.730091 12.268026 11.262862
v 10.135433 12.3775215 11.912747
v 9.165865 16.261684 11.003621
v 10.817686 12.49765 10.386045
v 10.730091 12.268026 11.262862
v 9.165865 16.261684 11.003621
v 10.423937 12.333042 9.635032
v 10.817686 12.49765 10.386045
v 9.837746 2.6320634 13.608387
v 7.969817 3.070643 12.7354145
v 9.797188 7.893605 10.555602
v 8.668376 2.8776689 7.401405
v 10.632069 3.5097966 6.9834857
v 9.797188 7.893605 10.555602
v 7.969817 3.070643 12.7354145
v 7.0251575 2.5930276 10.925833
v 9.797188 7.893605 10.555602
v 7.253494 3.222732 8.926431
v 8.668376 2.8776689 7.401405
v 9.797188 7.893605 10.555602
v 13.588822 3.430354 9.811953
v 13.325469 2.872686 11.861948
v 9.797188 7.893605 10.555602
v 7.0251575 2.5930276 10.925833
v 7.253494 3.222732 8.926431
v 9.797188 7.893605 10.555602
v 12.554344 3.030089 7.8718405
v 13.588822 3.430354 9.811953
v 9.797188 7.893605 10.555602
v 13.325469 2.872686 11.861948
v 11.844051 3.2527504 13.316025
v 9.797188 7.893605 10.555602
v 11.844051 3.2527504 13.316025
v 9.837746 2.6320634 13.608387
v 9.797188 7.893605 10.555602
v 10.632069 3.5097966 6.9834857
v 12.554344 3.030089 7.8718405
v 9.797188 7.893605 10.555602
v 10.266533 0.12786865 11.531977
v 9.129227 0.10278368 10.450992
v 9.368012 13.62414 10.681107
v 2.5631447 17.454384 9.449598
v 0.17389953 0.39037037 11.3219185
v -0.48464262 0.41147423 9.394928
v 2.5631447 17.454384 9.449598
v 2.2013016 0.21552181 11.29472
v 0.17389953 0.39037037 11.3219185
v 2.5631447 17.454384 9.449598
v -0.48464262 0.41147423 9.394928
v 1.141888 0.24927616 8.175999
v 2.5631447 17.454384 9.449598
v 1.141888 0.24927616 8.175999
v 2.8015194 0.12786865 9.353357
v 2.2498498 13.368128 12.22588
v 2.5930605 17.805117 9.434338
v 3.607554 12.879602 12.058462
v 0.8804687 13.060982 11.789564
v 2.5930605 17.805117 9.434338
v 2.2498498 13.368128 12.22588
v 3.607554 12.879602 12.058462
v 2.5930605 17.805117 9.434338
v 4.487076 13.162523 10.769642
v 4.4642286 12.700342 9.366232
v 2.5930605 17.805117 9.434338
v 3.5942717 13.150997 7.8924327
v 4.487076 13.162523 10.769642
v 2.5930605 17.805117 9.434338
v 4.4642286 12.700342 9.366232
v 1.8271197 7.2043433 13.574362
v 2.257965 13.320692 9.927418
v 3.8906207 6.460319 12.8749485
v 3.5942717 13.150997 7.8924327
v 2.5930605 17.805117 9.434338
v 2.1885624 12.8458 7.502442
v -0.01627934 13.068096 9.138514
v 2.5930605 17.805117 9.434338
v 0.048594832 13.499125 10.536673
v 0.84596145 13.375587 7.891332
v 2.5930605 17.805117 9.434338
v -0.01627934 13.068096 9.138514
v 4.8807993 10.061459 9.734896
v 2.373466 15.586266 9.345602
v 3.7716875 9.634678 7.8963523
v 2.4491272 15.612852 11.305988
v 2.8704276 20.705652 9.521288
v 3.5156121 15.752989 10.883617
v 3.5156121 15.752989 10.883617
v 2.8704276 20.705652 9.521288
v 4.1119967 15.466782 9.918373
v 3.7716875 9.634678 7.8963523
v 2.373466 15.586266 9.345602
v 2.0303774 10.210819 7.1569924
v -0.3434106 6.849584 12.871159
v 2.257965 13.320692 9.927418
v 1.8271197 7.2043433 13.574362
v 5.2324886 6.805245 11.088387
v 2.257965 13.320692 9.927418
v 5.182071 6.1855702 8.757229
v 0.048594832 13.499125 10.536673
v 2.5930605 17.805117 9.434338
v 0.8804687 13.060982 11.789564
v 4.8360224 9.723303 11.580219
v 2.373466 15.586266 9.345602
v 4.8807993 10.061459 9.734896
v 2.1885624 12.8458 7.502442
v 2.5930605 17.805117 9.434338
v 0.84596145 13.375587 7.891332
v -1.6160647 7.471771 11.082472
v 2.257965 13.320692 9.927418
v -0.3434106 6.849584 12.871159
v 3.8906207 6.460319 12.8749485
v 2.257965 13.320692 9.927418
v 5.2324886 6.805245 11.088387
v 3.7545376 10.29847 12.878628
v 2.373466 15.586266 9.345602
v 4.8360224 9.723303 11.580219
v 0.35316646 10.515799 12.444288
v 2.373466 15.586266 9.345602
v 1.9916514 9.969753 13.123293
v 2.257965 13.320692 9.927418
v 3.8694048 6.876346 7.0510983
v 5.182071 6.1855702 8.757229
v 2.257965 13.320692 9.927418
v -1.6982833 6.9139543 8.854523
v -0.36644423 7.3039584 7.0687413
v -0.7789694 10.128365 10.950666
v 2.373466 15.586266 9.345602
v 0.35316646 10.515799 12.444288
v -0.7795626 10.515993 9.123062
v 2.373466 15.586266 9.345602
v -0.7789694 10.128365 10.950666
v 2.257965 13.320692 9.927418
v -0.36644423 7.3039584 7.0687413
v 1.6911567 6.5657763 6.3580384
v 2.0303774 10.210819 7.1569924
v 2.373466 15.586266 9.345602
v 0.24005067 9.947947 7.6486
v 1.9916514 9.969753 13.123293
v 2.373466 15.586266 9.345602
v 3.7545376 10.29847 12.878628
v 2.257965 13.320692 9.927418
v 1.6911567 6.5657763 6.3580384
v 3.8694048 6.876346 7.0510983
v 2.257965 13.320692 9.927418
v -1.6160647 7.471771 11.082472
v -1.6982833 6.9139543 8.854523
v 0.24005067 9.947947 7.6486
v 2.373466 15.586266 9.345602
v -0.7795626 10.515993 9.123062
v 4.1119967 15.466782 9.918373
v 2.8704276 20.705652 9.521288
v 4.101392 15.699846 8.780376
v 4.101392 15.699846 8.780376
v 2.8704276 20.705652 9.521288
v 3.4021063 15.521128 7.9061847
v 3.4021063 15.521128 7.9061847
v 2.8704276 20.705652 9.521288
v 2.3631258 15.830305 7.6527743
v 2.8704276 20.705652 9.521288
v 1.3123385 15.680531 8.062686
v 2.3631258 15.830305 7.6527743
v 2.8704276 20.705652 9.521288
v 0.71070755 15.970764 8.98613
v 1.3123385 15.680531 8.062686
v 2.8704276 20.705652 9.521288
v 0.70728195 15.747524 10.111109
v 0.71070755 15.970764 8.98613
v 2.8704276 20.705652 9.521288
v 1.3965999 15.932589 10.991636
v 0.70728195 15.747524 10.111109
v 2.8704276 20.705652 9.521288
v 2.4491272 15.612852 11.305988
v 1.3965999 15.932589 10.991636
v -1.0237151 3.8416038 6.555509
v 1.4648501 4.259245 5.7539544
v 2.0509806 10.052212 10.419199
v 5.461782 3.282373 11.132011
v 4.029386 4.0870633 13.254431
v 2.0509806 10.052212 10.419199
v 1.4648501 4.259245 5.7539544
v 3.8628354 3.393433 6.492661
v 2.0509806 10.052212 10.419199
v 5.4647245 3.8929133 8.538595
v 5.461782 3.282373 11.132011
v 2.0509806 10.052212 10.419199
v -0.8916508 4.5337887 13.304464
v -2.4895577 4.008467 11.230515
v 2.0509806 10.052212 10.419199
v 3.8628354 3.393433 6.492661
v 5.4647245 3.8929133 8.538595
v 2.0509806 10.052212 10.419199
v 1.5198253 3.6737623 14.094532
v -0.8916508 4.5337887 13.304464
v 2.0509806 10.052212 10.419199
v -2.4895577 4.008467 11.230515
v -2.4404736 4.6360784 8.647362
v 2.0509806 10.052212 10.419199
v -2.4404736 4.6360784 8.647362
v -1.0237151 3.8416038 6.555509
v 2.0509806 10.052212 10.419199
v 4.029386 4.0870633 13.254431
v 1.5198253 3.6737623 14.094532
v 2.0509806 10.052212 10.419199
v 2.5631447 17.454384 9.449598
v 2.8015194 0.12786865 9.353357
v 2.2013016 0.21552181 11.29472
vt 0.656445 0.90644956
vt 0.656445 0.90644956
vt 0.656445 0.90644956
vt 0.656445 0.90644956
vt 0.656445 0.90644956
vt 0.656445 0.90644956
vt 0.656445 0.90644956
vt 0.656445 0.90644956
vt 0.656445 0.90644956
vt 0.656445 0.90644956
vt 0.656445 0.90644956
vt 0.656445 0.90644956
vt 0.41054136 0.46527034
vt 0.41054136 0.46527034
vt 0.41054136 0.46527034
vt 0.41054136 0.46527034
vt 0.41054136 0.46527034
vt 0.41054136 0.46527034
vt 0.41054136 0.46527034
vt 0.41054136 0.46527034
vt 0.41054136 0.46527034
vt 0.41054136 0.46527034
vt 0.41054136 0.46527034
vt 0.41054136 0.46527034
vt 0.41054136 0.46527034
vt 0.41054136 0.46527034
vt 0.41054136 0.46527034
vt 0.41054136 0.46527034
vt 0.41054136 0.46527034
vt 0.41054136 0.46527034
vt 0.41054136 0.46527034
vt 0.41054136 0.46527034
vt 0.41054136 0.46527034
vt 0.41054136 0.46527034
vt 0.41054136 0.46527034
vt 0.41054136 0.46527034
vt 0.41054136 0.46527034
vt 0.41054136 0.46527034
vt 0.41054136 0.46527034
vt 0.41054136 0.46527034
vt 0.41054136 0.46527034
vt 0.41054136 0.46527034
vt 0.41054136 0.46527034
vt 0.41054136 0.46527034
vt 0.41054136 0.46527034
vt 0.41054136 0.46527034
vt 0.41054136 0.46527034
vt 0.41054136 0.46527034
vt 0.41054136 0.46527034
vt 0.41054136 0.46527034
vt 0.41054136 0.46527034
vt 0.41054136 0.46527034
vt 0.41054136 0.46527034
vt 0.41054136 0.46527034
vt 0.41054136 0.46527034
vt 0.41054136 0.46527034
vt 0.41054136 0.46527034
vt 0.41054136 0.46527034
vt 0.41054136 0.46527034
vt 0.41054136 0.46527034
vt 0.41054136 0.46527034
vt 0.41054136 0.46527034
vt 0.41054136 0.46527034
vt 0.41054136 0.46527034
vt 0.41054136 0.46527034
vt 0.41054136 0.46527034
vt 0.41054136 0.46527034
vt 0.41054136 0.46527034
vt 0.41054136 0.46527034
vt 0.41054136 0.46527034
vt 0.41054136 0.46527034
vt 0.41054136 0.46527034
vt 0.41054136 0.46527034
vt 0.41054136 0.46527034
vt 0.41054136 0.46527034
vt 0.41054136 0.46527034
vt 0.41054136 0.46527034
vt 0.41054136 0.46527034
vt 0.41054136 0.46527034
vt 0.41054136 0.46527034
vt 0.41054136 0.46527034
vt 0.41054136 0.46527034
vt 0.41054136 0.46527034
vt 0.41054136 0.46527034
vt 0.41054136 0.46527034
vt 0.41054136 0.46527034
vt 0.41054136 0.46527034
vt 0.41054136 0.46527034
vt 0.41054136 0.46527034
vt 0.41054136 0.46527034
vt 0.41054136 0.46527034
vt 0.41054136 0.46527034
vt 0.41054136 0.46527034
vt 0.41054136 0.46527034
vt 0.41054136 0.46527034
vt 0.41054136 0.46527034
vt 0.41054136 0.46527034
vt 0.41054136 0.46527034
vt 0.41054136 0.46527034
vt 0.41054136 0.46527034
vt 0.41054136 0.46527034
vt 0.41054136 0.46527034
vt 0.41054136 0.46527034
vt 0.41054136 0.46527034
vt 0.41054136 0.46527034
vt 0.41054136 0.46527034
vt 0.41054136 0.46527034
vt 0.41054136 0.46527034
vt 0.41054136 0.46527034
vt 0.41054136 0.46527034
vt 0.41054136 0.46527034
vt 0.41054136 0.46527034
vt 0.41054136 0.46527034
vt 0.41054136 0.46527034
vt 0.41054136 0.46527034
vt 0.41054136 0.46527034
vt 0.41054136 0.46527034
vt 0.41054136 0.46527034
vt 0.41054136 0.46527034
vt 0.41054136 0.46527034
vt 0.41054136 0.46527034
vt 0.41054136 0.46527034
vt 0.41054136 0.46527034
vt 0.41054136 0.46527034
vt 0.41054136 0.46527034
vt 0.41054136 0.46527034
vt 0.41054136 0.46527034
vt 0.41054136 0.46527034
vt 0.41054136 0.46527034
vt 0.41054136 0.46527034
vt 0.41054136 0.46527034
vt 0.41054136 0.46527034
vt 0.41054136 0.46527034
vt 0.41054136 0.46527034
vt 0.41054136 0.46527034
vt 0.41054136 0.46527034
vt 0.41054136 0.46527034
vt 0.41054136 0.46527034
vt 0.41054136 0.46527034
vt 0.41054136 0.46527034
vt 0.41054136 0.46527034
vt 0.41054136 0.46527034
vt 0.41054136 0.46527034
vt 0.41054136 0.46527034
vt 0.41054136 0.46527034
vt 0.41054136 0.46527034
vt 0.41054136 0.46527034
vt 0.41054136 0.46527034
vt 0.41054136 0.46527034
vt 0.41054136 0.46527034
vt 0.41054136 0.46527034
vt 0.41054136 0.46527034
vt 0.41054136 0.46527034
vt 0.41054136 0.46527034
vt 0.41054136 0.46527034
vt 0.41054136 0.46527034
vt 0.41054136 0.46527034
vt 0.41054136 0.46527034
vt 0.41054136 0.46527034
vt 0.41054136 0.46527034
vt 0.41054136 0.46527034
vt 0.41054136 0.46527034
vt 0.41054136 0.46527034
vt 0.41054136 0.46527034
vt 0.41054136 0.46527034
vt 0.41054136 0.46527034
vt 0.41054136 0.46527034
vt 0.41054136 0.46527034
vt 0.41054136 0.46527034
vt 0.41054136 0.46527034
vt 0.41054136 0.46527034
vt 0.41054136 0.46527034
vt 0.41054136 0.46527034
vt 0.41054136 0.46527034
vt 0.41054136 0.46527034
vt 0.41054136 0.46527034
vt 0.41054136 0.46527034
vt 0.41054136 0.46527034
vt 0.41054136 0.46527034
vt 0.41054136 0.46527034
vt 0.41054136 0.46527034
vt 0.41054136 0.46527034
vt 0.41054136 0.46527034
vt 0.41054136 0.46527034
vt 0.41054136 0.46527034
vt 0.41054136 0.46527034
vt 0.41054136 0.46527034
vt 0.41054136 0.46527034
vt 0.41054136 0.46527034
vt 0.41054136 0.46527034
vt 0.41054136 0.46527034
vt 0.41054136 0.46527034
vt 0.656445 0.90644956
vt 0.656445 0.90644956
vt 0.656445 0.90644956
vt 0.656445 0.90644956
vt 0.656445 0.90644956
vt 0.656445 0.90644956
vt 0.656445 0.90644956
vt 0.656445 0.90644956
vt 0.656445 0.90644956
vt 0.656445 0.90644956
vt 0.656445 0.90644956
vt 0.656445 0.90644956
vt 0.656445 0.90644956
vt 0.656445 0.90644956
vt 0.656445 0.90644956
vt 0.41054136 0.46527034
vt 0.41054136 0.46527034
vt 0.41054136 0.46527034
vt 0.41054136 0.46527034
vt 0.41054136 0.46527034
vt 0.41054136 0.46527034
vt 0.41054136 0.46527034
vt 0.41054136 0.46527034
vt 0.41054136 0.46527034
vt 0.41054136 0.46527034
vt 0.41054136 0.46527034
vt 0.41054136 0.46527034
vt 0.41054136 0.46527034
vt 0.41054136 0.46527034
vt 0.41054136 0.46527034
vt 0.41054136 0.46527034
vt 0.41054136 0.46527034
vt 0.41054136 0.46527034
vt 0.41054136 0.46527034
vt 0.41054136 0.46527034
vt 0.41054136 0.46527034
vt 0.41054136 0.46527034
vt 0.41054136 0.46527034
vt 0.41054136 0.46527034
vt 0.41054136 0.46527034
vt 0.41054136 0.46527034
vt 0.41054136 0.46527034
vt 0.41054136 0.46527034
vt 0.41054136 0.46527034
vt 0.41054136 0.46527034
vt 0.41054136 0.46527034
vt 0.41054136 0.46527034
vt 0.41054136 0.46527034
vt 0.41054136 0.46527034
vt 0.41054136 0.46527034
vt 0.41054136 0.46527034
vt 0.41054136 0.46527034
vt 0.41054136 0.46527034
vt 0.41054136 0.46527034
vt 0.41054136 0.46527034
vt 0.41054136 0.46527034
vt 0.41054136 0.46527034
vt 0.41054136 0.46527034
vt 0.41054136 0.46527034
vt 0.41054136 0.46527034
vt 0.41054136 0.46527034
vt 0.41054136 0.46527034
vt 0.41054136 0.46527034
vt 0.41054136 0.46527034
vt 0.41054136 0.46527034
vt 0.41054136 0.46527034
vt 0.656445 0.90644956
vt 0.656445 0.90644956
vt 0.656445 0.90644956
vt 0.41054136 0.46527034
vt 0.41054136 0.46527034
vt 0.41054136 0.46527034
vt 0.656445 0.90644956
vt 0.656445 0.90644956
vt 0.656445 0.90644956
vt 0.41054136 0.46527034
vt 0.41054136 0.46527034
vt 0.41054136 0.46527034
vt 0.41054136 0.46527034
vt 0.41054136 0.46527034
vt 0.41054136 0.46527034
vt 0.41054136 0.46527034
vt 0.41054136 0.46527034
vt 0.41054136 0.46527034
vt 0.41054136 0.46527034
vt 0.41054136 0.46527034
vt 0.41054136 0.46527034
vt 0.41054136 0.46527034
vt 0.41054136 0.46527034
vt 0.41054136 0.46527034
vt 0.41054136 0.46527034
vt 0.41054136 0.46527034
vt 0.41054136 0.46527034
vt 0.41054136 0.46527034
vt 0.41054136 0.46527034
vt 0.41054136 0.46527034
vt 0.41054136 0.46527034
vt 0.41054136 0.46527034
vt 0.41054136 0.46527034
vt 0.41054136 0.46527034
vt 0.41054136 0.46527034
vt 0.41054136 0.46527034
vt 0.41054136 0.46527034
vt 0.41054136 0.46527034
vt 0.41054136 0.46527034
vt 0.41054136 0.46527034
vt 0.41054136 0.46527034
vt 0.41054136 0.46527034
vt 0.41054136 0.46527034
vt 0.41054136 0.46527034
vt 0.41054136 0.46527034
vt 0.41054136 0.46527034
vt 0.41054136 0.46527034
vt 0.41054136 0.46527034
vt 0.41054136 0.46527034
vt 0.41054136 0.46527034
vt 0.41054136 0.46527034
vt 0.41054136 0.46527034
vt 0.41054136 0.46527034
vt 0.41054136 0.46527034
vt 0.41054136 0.46527034
vt 0.41054136 0.46527034
vt 0.41054136 0.46527034
vt 0.41054136 0.46527034
vt 0.41054136 0.46527034
vt 0.41054136 0.46527034
vt 0.41054136 0.46527034
vt 0.41054136 0.46527034
vt 0.41054136 0.46527034
vt 0.41054136 0.46527034
vt 0.41054136 0.46527034
vt 0.41054136 0.46527034
vt 0.41054136 0.46527034
vt 0.41054136 0.46527034
vt 0.41054136 0.46527034
vt 0.41054136 0.46527034
vt 0.41054136 0.46527034
vt 0.41054136 0.46527034
vt 0.41054136 0.46527034
vt 0.41054136 0.46527034
vt 0.41054136 0.46527034
vt 0.41054136 0.46527034
vt 0.41054136 0.46527034
vt 0.41054136 0.46527034
vt 0.656445 0.90644956
vt 0.656445 0.90644956
vt 0.656445 0.90644956
vt 0.656445 0.90644956
vt 0.656445 0.90644956
vt 0.656445 0.90644956
vt 0.41054136 0.46527034
vt 0.41054136 0.46527034
vt 0.41054136 0.46527034
vt 0.41054136 0.46527034
vt 0.41054136 0.46527034
vt 0.41054136 0.46527034
vt 0.41054136 0.46527034
vt 0.41054136 0.46527034
vt 0.41054136 0.46527034
vt 0.41054136 0.46527034
vt 0.41054136 0.46527034
vt 0.41054136 0.46527034
vt 0.41054136 0.46527034
vt 0.41054136 0.46527034
vt 0.41054136 0.46527034
vt 0.41054136 0.46527034
vt 0.41054136 0.46527034
vt 0.41054136 0.46527034
vt 0.41054136 0.46527034
vt 0.41054136 0.46527034
vt 0.41054136 0.46527034
vt 0.41054136 0.46527034
vt 0.41054136 0.46527034
vt 0.41054136 0.46527034
vt 0.41054136 0.46527034
vt 0.41054136 0.46527034
vt 0.41054136 0.46527034
vt 0.41054136 0.46527034
vt 0.41054136 0.46527034
vt 0.41054136 0.46527034
vt 0.41054136 0.46527034
vt 0.41054136 0.46527034
vt 0.41054136 0.46527034
vt 0.41054136 0.46527034
vt 0.41054136 0.46527034
vt 0.41054136 0.46527034
vt 0.41054136 0.46527034
vt 0.41054136 0.46527034
vt 0.41054136 0.46527034
vt 0.41054136 0.46527034
vt 0.41054136 0.46527034
vt 0.41054136 0.46527034
vt 0.41054136 0.46527034
vt 0.41054136 0.46527034
vt 0.41054136 0.46527034
vt 0.656445 0.90644956
vt 0.656445 0.90644956
vt 0.656445 0.90644956
vt 0.656445 0.90644956
vt 0.656445 0.90644956
vt 0.656445 0.90644956
vt 0.656445 0.90644956
vt 0.656445 0.90644956
vt 0.656445 0.90644956
vt 0.656445 0.90644956
vt 0.656445 0.90644956
vt 0.656445 0.90644956
vt 0.656445 0.90644956
vt 0.656445 0.90644956
vt 0.656445 0.90644956
vt 0.41054136 0.46527034
vt 0.41054136 0.46527034
vt 0.41054136 0.46527034
vt 0.41054136 0.46527034
vt 0.41054136 0.46527034
vt 0.41054136 0.46527034
vt 0.41054136 0.46527034
vt 0.41054136 0.46527034
vt 0.41054136 0.46527034
vt 0.41054136 0.46527034
vt 0.41054136 0.46527034
vt 0.41054136 0.46527034
vt 0.41054136 0.46527034
vt 0.41054136 0.46527034
vt 0.41054136 0.46527034
vt 0.41054136 0.46527034
vt 0.41054136 0.46527034
vt 0.41054136 0.46527034
vt 0.41054136 0.46527034
vt 0.41054136 0.46527034
vt 0.41054136 0.46527034
vt 0.41054136 0.46527034
vt 0.41054136 0.46527034
vt 0.41054136 0.46527034
vt 0.41054136 0.46527034
vt 0.41054136 0.46527034
vt 0.41054136 0.46527034
vt 0.41054136 0.46527034
vt 0.41054136 0.46527034
vt 0.41054136 0.46527034
vt 0.41054136 0.46527034
vt 0.41054136 0.46527034
vt 0.41054136 0.46527034
vt 0.41054136 0.46527034
vt 0.41054136 0.46527034
vt 0.41054136 0.46527034
vt 0.41054136 0.46527034
vt 0.41054136 0.46527034
vt 0.41054136 0.46527034
vt 0.41054136 0.46527034
vt 0.41054136 0.46527034
vt 0.41054136 0.46527034
vt 0.41054136 0.46527034
vt 0.41054136 0.46527034
vt 0.41054136 0.46527034
vt 0.41054136 0.46527034
vt 0.41054136 0.46527034
vt 0.41054136 0.46527034
vt 0.41054136 0.46527034
vt 0.41054136 0.46527034
vt 0.41054136 0.46527034
vt 0.41054136 0.46527034
vt 0.41054136 0.46527034
vt 0.41054136 0.46527034
vt 0.41054136 0.46527034
vt 0.41054136 0.46527034
vt 0.41054136 0.46527034
vt 0.41054136 0.46527034
vt 0.41054136 0.46527034
vt 0.41054136 0.46527034
vt 0.41054136 0.46527034
vt 0.41054136 0.46527034
vt 0.41054136 0.46527034
vt 0.41054136 0.46527034
vt 0.41054136 0.46527034
vt 0.41054136 0.46527034
vt 0.41054136 0.46527034
vt 0.41054136 0.46527034
vt 0.41054136 0.46527034
vt 0.41054136 0.46527034
vt 0.41054136 0.46527034
vt 0.41054136 0.46527034
vt 0.41054136 0.46527034
vt 0.41054136 0.46527034
vt 0.41054136 0.46527034
vt 0.41054136 0.46527034
vt 0.41054136 0.46527034
vt 0.41054136 0.46527034
vt 0.41054136 0.46527034
vt 0.41054136 0.46527034
vt 0.41054136 0.46527034
vt 0.41054136 0.46527034
vt 0.41054136 0.46527034
vt 0.41054136 0.46527034
vt 0.41054136 0.46527034
vt 0.41054136 0.46527034
vt 0.41054136 0.46527034
vt 0.41054136 0.46527034
vt 0.41054136 0.46527034
vt 0.41054136 0.46527034
vt 0.41054136 0.46527034
vt 0.41054136 0.46527034
vt 0.41054136 0.46527034
vt 0.41054136 0.46527034
vt 0.41054136 0.46527034
vt 0.41054136 0.46527034
vt 0.41054136 0.46527034
vt 0.41054136 0.46527034
vt 0.41054136 0.46527034
vt 0.41054136 0.46527034
vt 0.41054136 0.46527034
vt 0.41054136 0.46527034
vt 0.41054136 0.46527034
vt 0.41054136 0.46527034
vt 0.41054136 0.46527034
vt 0.41054136 0.46527034
vt 0.41054136 0.46527034
vt 0.41054136 0.46527034
vt 0.41054136 0.46527034
vt 0.41054136 0.46527034
vt 0.41054136 0.46527034
vt 0.41054136 0.46527034
vt 0.41054136 0.46527034
vt 0.41054136 0.46527034
vt 0.41054136 0.46527034
vt 0.41054136 0.46527034
vt 0.41054136 0.46527034
vt 0.41054136 0.46527034
vt 0.41054136 0.46527034
vt 0.41054136 0.46527034
vt 0.41054136 0.46527034
vt 0.41054136 0.46527034
vt 0.41054136 0.46527034
vt 0.41054136 0.46527034
vt 0.41054136 0.46527034
vt 0.41054136 0.46527034
vt 0.41054136 0.46527034
vt 0.41054136 0.46527034
vt 0.41054136 0.46527034
vt 0.41054136 0.46527034
vt 0.41054136 0.46527034
vt 0.41054136 0.46527034
vt 0.41054136 0.46527034
vt 0.41054136 0.46527034
vt 0.41054136 0.46527034
vt 0.41054136 0.46527034
vt 0.41054136 0.46527034
vt 0.41054136 0.46527034
vt 0.41054136 0.46527034
vt 0.41054136 0.46527034
vt 0.41054136 0.46527034
vt 0.41054136 0.46527034
vt 0.41054136 0.46527034
vt 0.41054136 0.46527034
vt 0.41054136 0.46527034
vt 0.41054136 0.46527034
vt 0.41054136 0.46527034
vt 0.41054136 0.46527034
vt 0.41054136 0.46527034
vt 0.41054136 0.46527034
vt 0.41054136 0.46527034
vt 0.41054136 0.46527034
vt 0.41054136 0.46527034
vt 0.41054136 0.46527034
vt 0.41054136 0.46527034
vt 0.41054136 0.46527034
vt 0.41054136 0.46527034
vt 0.41054136 0.46527034
vt 0.41054136 0.46527034
vt 0.41054136 0.46527034
vt 0.41054136 0.46527034
vt 0.41054136 0.46527034
vt 0.41054136 0.46527034
vt 0.41054136 0.46527034
vt 0.41054136 0.46527034
vt 0.41054136 0.46527034
vt 0.41054136 0.46527034
vt 0.41054136 0.46527034
vt 0.41054136 0.46527034
vt 0.41054136 0.46527034
vt 0.41054136 0.46527034
vt 0.41054136 0.46527034
vt 0.41054136 0.46527034
vt 0.41054136 0.46527034
vt 0.41054136 0.46527034
vt 0.41054136 0.46527034
vt 0.41054136 0.46527034
vt 0.41054136 0.46527034
vt 0.41054136 0.46527034
vt 0.41054136 0.46527034
vt 0.656445 0.90644956
vt 0.656445 0.90644956
vt 0.656445 0.90644956
vt 0.656445 0.90644956
vt 0.656445 0.90644956
vt 0.656445 0.90644956
vt 0.656445 0.90644956
vt 0.656445 0.90644956
vt 0.656445 0.90644956
vt 0.656445 0.90644956
vt 0.656445 0.90644956
vt 0.656445 0.90644956
vt 0.656445 0.90644956
vt 0.656445 0.90644956
vt 0.656445 0.90644956
vt 0.656445 0.90644956
vt 0.656445 0.90644956
vt 0.656445 0.90644956
vt 0.41054136 0.46527034
vt 0.41054136 0.46527034
vt 0.41054136 0.46527034
vt 0.41054136 0.46527034
vt 0.41054136 0.46527034
vt 0.41054136 0.46527034
vt 0.41054136 0.46527034
vt 0.41054136 0.46527034
vt 0.41054136 0.46527034
vt 0.41054136 0.46527034
vt 0.41054136 0.46527034
vt 0.41054136 0.46527034
vt 0.41054136 0.46527034
vt 0.41054136 0.46527034
vt 0.41054136 0.46527034
vt 0.41054136 0.46527034
vt 0.41054136 0.46527034
vt 0.41054136 0.46527034
vt 0.41054136 0.46527034
vt 0.41054136 0.46527034
vt 0.41054136 0.46527034
vt 0.41054136 0.46527034
vt 0.41054136 0.46527034
vt 0.41054136 0.46527034
vt 0.41054136 0.46527034
vt 0.41054136 0.46527034
vt 0.41054136 0.46527034
vt 0.41054136 0.46527034
vt 0.41054136 0.46527034
vt 0.41054136 0.46527034
vt 0.41054136 0.46527034
vt 0.41054136 0.46527034
vt 0.41054136 0.46527034
vt 0.41054136 0.46527034
vt 0.41054136 0.46527034
vt 0.41054136 0.46527034
vt 0.41054136 0.46527034
vt 0.41054136 0.46527034
vt 0.41054136 0.46527034
vt 0.41054136 0.46527034
vt 0.41054136 0.46527034
vt 0.41054136 0.46527034
vt 0.41054136 0.46527034
vt 0.41054136 0.46527034
vt 0.41054136 0.46527034
vt 0.41054136 0.46527034
vt 0.41054136 0.46527034
vt 0.41054136 0.46527034
vt 0.41054136 0.46527034
vt 0.41054136 0.46527034
vt 0.41054136 0.46527034
vt 0.41054136 0.46527034
vt 0.41054136 0.46527034
vt 0.41054136 0.46527034
vt 0.41054136 0.46527034
vt 0.41054136 0.46527034
vt 0.41054136 0.46527034
vt 0.41054136 0.46527034
vt 0.41054136 0.46527034
vt 0.41054136 0.46527034
vt 0.41054136 0.46527034
vt 0.41054136 0.46527034
vt 0.41054136 0.46527034
vt 0.41054136 0.46527034
vt 0.41054136 0.46527034
vt 0.41054136 0.46527034
vt 0.41054136 0.46527034
vt 0.41054136 0.46527034
vt 0.41054136 0.46527034
vt 0.41054136 0.46527034
vt 0.41054136 0.46527034
vt 0.41054136 0.46527034
vt 0.41054136 0.46527034
vt 0.41054136 0.46527034
vt 0.41054136 0.46527034
vt 0.41054136 0.46527034
vt 0.41054136 0.46527034
vt 0.41054136 0.46527034
vt 0.41054136 0.46527034
vt 0.41054136 0.46527034
vt 0.41054136 0.46527034
vt 0.41054136 0.46527034
vt 0.41054136 0.46527034
vt 0.41054136 0.46527034
vt 0.41054136 0.46527034
vt 0.41054136 0.46527034
vt 0.41054136 0.46527034
vt 0.41054136 0.46527034
vt 0.41054136 0.46527034
vt 0.41054136 0.46527034
vt 0.41054136 0.46527034
vt 0.41054136 0.46527034
vt 0.41054136 0.46527034
vt 0.41054136 0.46527034
vt 0.41054136 0.46527034
vt 0.41054136 0.46527034
vt 0.41054136 0.46527034
vt 0.41054136 0.46527034
vt 0.41054136 0.46527034
vt 0.41054136 0.46527034
vt 0.41054136 0.46527034
vt 0.41054136 0.46527034
vt 0.41054136 0.46527034
vt 0.41054136 0.46527034
vt 0.41054136 0.46527034
vt 0.41054136 0.46527034
vt 0.41054136 0.46527034
vt 0.41054136 0.46527034
vt 0.41054136 0.46527034
vt 0.41054136 0.46527034
vt 0.41054136 0.46527034
vt 0.41054136 0.46527034
vt 0.41054136 0.46527034
vt 0.41054136 0.46527034
vt 0.41054136 0.46527034
vt 0.41054136 0.46527034
vt 0.41054136 0.46527034
vt 0.41054136 0.46527034
vt 0.41054136 0.46527034
vt 0.41054136 0.46527034
vt 0.41054136 0.46527034
vt 0.41054136 0.46527034
vt 0.41054136 0.46527034
vt 0.41054136 0.46527034
vt 0.41054136 0.46527034
vt 0.41054136 0.46527034
vt 0.41054136 0.46527034
vt 0.41054136 0.46527034
vt 0.41054136 0.46527034
vt 0.41054136 0.46527034
vt 0.41054136 0.46527034
vt 0.41054136 0.46527034
vt 0.41054136 0.46527034
vt 0.41054136 0.46527034
vt 0.41054136 0.46527034
vt 0.41054136 0.46527034
vt 0.41054136 0.46527034
vt 0.41054136 0.46527034
vt 0.41054136 0.46527034
vt 0.41054136 0.46527034
vt 0.41054136 0.46527034
vt 0.41054136 0.46527034
vt 0.41054136 0.46527034
vt 0.41054136 0.46527034
vt 0.41054136 0.46527034
vt 0.41054136 0.46527034
vt 0.41054136 0.46527034
vt 0.41054136 0.46527034
vt 0.41054136 0.46527034
vt 0.41054136 0.46527034
vt 0.41054136 0.46527034
vt 0.41054136 0.46527034
vt 0.41054136 0.46527034
vt 0.41054136 0.46527034
vt 0.41054136 0.46527034
vt 0.41054136 0.46527034
vt 0.41054136 0.46527034
vt 0.41054136 0.46527034
vt 0.41054136 0.46527034
vt 0.41054136 0.46527034
vt 0.41054136 0.46527034
vt 0.41054136 0.46527034
vt 0.41054136 0.46527034
vt 0.41054136 0.46527034
vt 0.41054136 0.46527034
vt 0.41054136 0.46527034
vt 0.41054136 0.46527034
vt 0.41054136 0.46527034
vt 0.41054136 0.46527034
vt 0.41054136 0.46527034
vt 0.41054136 0.46527034
vt 0.41054136 0.46527034
vt 0.41054136 0.46527034
vt 0.41054136 0.46527034
vt 0.41054136 0.46527034
vt 0.41054136 0.46527034
vt 0.41054136 0.46527034
vt 0.41054136 0.46527034
vt 0.41054136 0.46527034
vt 0.41054136 0.46527034
vt 0.41054136 0.46527034
vt 0.41054136 0.46527034
vt 0.41054136 0.46527034
vt 0.41054136 0.46527034
vt 0.41054136 0.46527034
vt 0.41054136 0.46527034
vt 0.41054136 0.46527034
vt 0.41054136 0.46527034
vt 0.41054136 0.46527034
vt 0.41054136 0.46527034
vt 0.41054136 0.46527034
vt 0.41054136 0.46527034
vt 0.41054136 0.46527034
vt 0.41054136 0.46527034
vt 0.41054136 0.46527034
vt 0.41054136 0.46527034
vt 0.41054136 0.46527034
vt 0.41054136 0.46527034
vt 0.41054136 0.46527034
vt 0.41054136 0.46527034
vt 0.41054136 0.46527034
vt 0.41054136 0.46527034
vt 0.41054136 0.46527034
vt 0.41054136 0.46527034
vt 0.41054136 0.46527034
vt 0.41054136 0.46527034
vt 0.41054136 0.46527034
vt 0.41054136 0.46527034
vt 0.41054136 0.46527034
vt 0.41054136 0.46527034
vt 0.41054136 0.46527034
vt 0.41054136 0.46527034
vt 0.41054136 0.46527034
vt 0.41054136 0.46527034
vt 0.41054136 0.46527034
vt 0.41054136 0.46527034
vt 0.41054136 0.46527034
vt 0.41054136 0.46527034
vt 0.41054136 0.46527034
vt 0.41054136 0.46527034
vt 0.41054136 0.46527034
vt 0.41054136 0.46527034
vt 0.41054136 0.46527034
vt 0.41054136 0.46527034
vt 0.41054136 0.46527034
vt 0.41054136 0.46527034
vt 0.41054136 0.46527034
vt 0.41054136 0.46527034
vt 0.41054136 0.46527034
vt 0.41054136 0.46527034
vt 0.41054136 0.46527034
vt 0.41054136 0.46527034
vt 0.41054136 0.46527034
vt 0.41054136 0.46527034
vt 0.41054136 0.46527034
vt 0.41054136 0.46527034
vt 0.41054136 0.46527034
vt 0.41054136 0.46527034
vt 0.41054136 0.46527034
vt 0.41054136 0.46527034
vt 0.41054136 0.46527034
vt 0.41054136 0.46527034
vt 0.41054136 0.46527034
vt 0.41054136 0.46527034
vt 0.41054136 0.46527034
vt 0.41054136 0.46527034
vt 0.41054136 0.46527034
vt 0.41054136 0.46527034
vt 0.41054136 0.46527034
vt 0.41054136 0.46527034
vt 0.41054136 0.46527034
vt 0.41054136 0.46527034
vt 0.41054136 0.46527034
vt 0.41054136 0.46527034
vt 0.41054136 0.46527034
vt 0.41054136 0.46527034
vt 0.41054136 0.46527034
vt 0.41054136 0.46527034
vt 0.41054136 0.46527034
vt 0.41054136 0.46527034
vt 0.41054136 0.46527034
vt 0.41054136 0.46527034
vt 0.41054136 0.46527034
vt 0.41054136 0.46527034
vt 0.41054136 0.46527034
vt 0.41054136 0.46527034
vt 0.41054136 0.46527034
vt 0.41054136 0.46527034
vt 0.41054136 0.46527034
vt 0.41054136 0.46527034
vt 0.41054136 0.46527034
vt 0.41054136 0.46527034
vt 0.41054136 0.46527034
vt 0.41054136 0.46527034
vt 0.41054136 0.46527034
vt 0.41054136 0.46527034
vt 0.41054136 0.46527034
vt 0.41054136 0.46527034
vt 0.41054136 0.46527034
vt 0.41054136 0.46527034
vt 0.41054136 0.46527034
vt 0.41054136 0.46527034
vt 0.656445 0.90644956
vt 0.656445 0.90644956
vt 0.656445 0.90644956
vt 0.656445 0.90644956
vt 0.656445 0.90644956
vt 0.656445 0.90644956
vt 0.656445 0.90644956
vt 0.656445 0.90644956
vt 0.656445 0.90644956
vt 0.656445 0.90644956
vt 0.656445 0.90644956
vt 0.656445 0.90644956
vt 0.656445 0.90644956
vt 0.656445 0.90644956
vt 0.656445 0.90644956
vt 0.41054136 0.46527034
vt 0.41054136 0.46527034
vt 0.41054136 0.46527034
vt 0.41054136 0.46527034
vt 0.41054136 0.46527034
vt 0.41054136 0.46527034
vt 0.41054136 0.46527034
vt 0.41054136 0.46527034
vt 0.41054136 0.46527034
vt 0.41054136 0.46527034
vt 0.41054136 0.46527034
vt 0.41054136 0.46527034
vt 0.41054136 0.46527034
vt 0.41054136 0.46527034
vt 0.41054136 0.46527034
vt 0.41054136 0.46527034
vt 0.41054136 0.46527034
vt 0.41054136 0.46527034
vt 0.41054136 0.46527034
vt 0.41054136 0.46527034
vt 0.41054136 0.46527034
vt 0.41054136 0.46527034
vt 0.41054136 0.46527034
vt 0.41054136 0.46527034
vt 0.41054136 0.46527034
vt 0.41054136 0.46527034
vt 0.41054136 0.46527034
vt 0.41054136 0.46527034
vt 0.41054136 0.46527034
vt 0.41054136 0.46527034
vt 0.41054136 0.46527034
vt 0.41054136 0.46527034
vt 0.41054136 0.46527034
vt 0.41054136 0.46527034
vt 0.41054136 0.46527034
vt 0.41054136 0.46527034
vt 0.41054136 0.46527034
vt 0.41054136 0.46527034
vt 0.41054136 0.46527034
vt 0.41054136 0.46527034
vt 0.41054136 0.46527034
vt 0.41054136 0.46527034
vt 0.41054136 0.46527034
vt 0.41054136 0.46527034
vt 0.41054136 0.46527034
vt 0.41054136 0.46527034
vt 0.41054136 0.46527034
vt 0.41054136 0.46527034
vt 0.41054136 0.46527034
vt 0.41054136 0.46527034
vt 0.41054136 0.46527034
vt 0.41054136 0.46527034
vt 0.41054136 0.46527034
vt 0.41054136 0.46527034
vt 0.41054136 0.46527034
vt 0.41054136 0.46527034
vt 0.41054136 0.46527034
vt 0.41054136 0.46527034
vt 0.41054136 0.46527034
vt 0.41054136 0.46527034
vt 0.41054136 0.46527034
vt 0.41054136 0.46527034
vt 0.41054136 0.46527034
vt 0.41054136 0.46527034
vt 0.41054136 0.46527034
vt 0.41054136 0.46527034
vt 0.41054136 0.46527034
vt 0.41054136 0.46527034
vt 0.41054136 0.46527034
vt 0.41054136 0.46527034
vt 0.41054136 0.46527034
vt 0.41054136 0.46527034
vt 0.41054136 0.46527034
vt 0.41054136 0.46527034
vt 0.41054136 0.46527034
vt 0.41054136 0.46527034
vt 0.41054136 0.46527034
vt 0.41054136 0.46527034
vt 0.41054136 0.46527034
vt 0.41054136 0.46527034
vt 0.41054136 0.46527034
vt 0.41054136 0.46527034
vt 0.41054136 0.46527034
vt 0.41054136 0.46527034
vt 0.41054136 0.46527034
vt 0.41054136 0.46527034
vt 0.41054136 0.46527034
vt 0.41054136 0.46527034
vt 0.41054136 0.46527034
vt 0.41054136 0.46527034
vt 0.41054136 0.46527034
vt 0.41054136 0.46527034
vt 0.41054136 0.46527034
vt 0.41054136 0.46527034
vt 0.41054136 0.46527034
vt 0.41054136 0.46527034
vt 0.41054136 0.46527034
vt 0.41054136 0.46527034
vt 0.41054136 0.46527034
vt 0.41054136 0.46527034
vt 0.41054136 0.46527034
vt 0.41054136 0.46527034
vt 0.41054136 0.46527034
vt 0.41054136 0.46527034
vt 0.41054136 0.46527034
vt 0.41054136 0.46527034
vt 0.41054136 0.46527034
vt 0.41054136 0.46527034
vt 0.41054136 0.46527034
vt 0.41054136 0.46527034
vt 0.41054136 0.46527034
vt 0.41054136 0.46527034
vt 0.41054136 0.46527034
vt 0.41054136 0.46527034
vt 0.41054136 0.46527034
vt 0.41054136 0.46527034
vt 0.41054136 0.46527034
vt 0.41054136 0.46527034
vt 0.41054136 0.46527034
vt 0.41054136 0.46527034
vt 0.41054136 0.46527034
vt 0.41054136 0.46527034
vt 0.41054136 0.46527034
vt 0.41054136 0.46527034
vt 0.41054136 0.46527034
vt 0.41054136 0.46527034
vt 0.41054136 0.46527034
vt 0.41054136 0.46527034
vt 0.41054136 0.46527034
vt 0.41054136 0.46527034
vt 0.41054136 0.46527034
vt 0.41054136 0.46527034
vt 0.41054136 0.46527034
vt 0.41054136 0.46527034
vt 0.41054136 0.46527034
vt 0.41054136 0.46527034
vt 0.41054136 0.46527034
vt 0.41054136 0.46527034
vt 0.41054136 0.46527034
vt 0.41054136 0.46527034
vt 0.41054136 0.46527034
vt 0.41054136 0.46527034
vt 0.41054136 0.46527034
vt 0.41054136 0.46527034
vt 0.41054136 0.46527034
vt 0.41054136 0.46527034
vt 0.41054136 0.46527034
vt 0.41054136 0.46527034
vt 0.41054136 0.46527034
vt 0.41054136 0.46527034
vt 0.656445 0.90644956
vt 0.656445 0.90644956
vt 0.656445 0.90644956
vn -0.93262124 0.16575262 0.32053682
vn -0.93262124 0.16575262 0.32053682
vn -0.93262124 0.16575262 0.32053682
vn 0.02247244 0.105931915 0.9941194
vn 0.02247244 0.105931915 0.9941194
vn 0.02247244 0.105931915 0.9941194
vn -0.58927447 0.10794863 -0.8006889
vn -0.58927447 0.10794863 -0.8006889
vn -0.58927447 0.10794863 -0.8006889
vn 0.57916486 0.0124956025 -0.8151146
vn 0.57916486 0.0124956025 -0.8151146
vn 0.57916486 0.0124956025 -0.8151146
vn 0.2797368 0.49566835 0.8222287
vn 0.2797368 0.49566835 0.8222287
vn 0.2797368 0.49566835 0.8222287
vn -0.36295408 0.516161 0.7757849
vn -0.36295408 0.516161 0.7757849
vn -0.36295408 0.516161 0.7757849
vn 0.69089395 0.44560337 0.5693006
vn 0.69089395 0.44560337 0.5693006
vn 0.69089395 0.44560337 0.5693006
vn 0.85564566 0.31907544 -0.40750623
vn 0.85564566 0.31907544 -0.40750623
vn 0.85564566 0.31907544 -0.40750623
vn 0.93062776 0.34283236 -0.12805495
vn 0.93062776 0.34283236 -0.12805495
vn 0.93062776 0.34283236 -0.12805495
vn 0.4266203 0.44083086 0.7897235
vn 0.4266203 0.44083086 0.7897235
vn 0.4266203 0.44083086 0.7897235
vn 0.18088841 0.34414804 -0.9213259
vn 0.18088841 0.34414804 -0.9213259
vn 0.18088841 0.34414804 -0.9213259
vn -0.86776996 0.48482051 -0.109198876
vn -0.86776996 0.48482051 -0.109198876
vn -0.86776996 0.48482051 -0.109198876
vn -0.7804942 0.45659548 -0.4270239
vn -0.7804942 0.45659548 -0.4270239
vn -0.7804942 0.45659548 -0.4270239
vn 0.77852863 0.31507465 -0.54279
vn 0.77852863 0.31507465 -0.54279
vn 0.77852863 0.31507465 -0.54279
vn 0.8707985 0.49091873 0.02661824
vn 0.8707985 0.49091873 0.02661824
vn 0.8707985 0.49091873 0.02661824
vn -0.7608947 0.43023863 -0.48573035
vn -0.7608947 0.43023863 -0.48573035
vn -0.7608947 0.43023863 -0.48573035
vn 0.7809849 0.5475487 -0.30042136
vn 0.7809849 0.5475487 -0.30042136
vn 0.7809849 0.5475487 -0.30042136
vn 0.31926048 0.28977865 0.9022755
vn 0.31926048 0.28977865 0.9022755
vn 0.31926048 0.28977865 0.9022755
vn -0.85696095 0.37684774 0.3515732
vn -0.85696095 0.37684774 0.3515732
vn -0.85696095 0.37684774 0.3515732
vn -0.306068 0.36370933 -0.8797943
vn -0.306068 0.36370933 -0.8797943
vn -0.306068 0.36370933 -0.8797943
vn 0.4382966 0.41762382 -0.7959186
vn 0.4382966 0.41762382 -0.7959186
vn 0.4382966 0.41762382 -0.7959186
vn -0.9237895 0.38227358 0.021908576
vn -0.9237895 0.38227358 0.021908576
vn -0.9237895 0.38227358 0.021908576
vn 0.8562763 0.23768896 0.45857927
vn 0.8562763 0.23768896 0.45857927
vn 0.8562763 0.23768896 0.45857927
vn 0.25221914 0.42808303 0.8678308
vn 0.25221914 0.42808303 0.8678308
vn 0.25221914 0.42808303 0.8678308
vn 0.45668393 0.31031504 -0.83375317
vn 0.45668393 0.31031504 -0.83375317
vn 0.45668393 0.31031504 -0.83375317
vn -0.3398236 0.4991999 0.79706925
vn -0.3398236 0.4991999 0.79706925
vn -0.3398236 0.4991999 0.79706925
vn 0.9108084 0.39365867 -0.124342516
vn 0.9108084 0.39365867 -0.124342516
vn 0.9108084 0.39365867 -0.124342516
vn -0.6186586 0.51701623 0.5915705
vn -0.6186586 0.51701623 0.5915705
vn -0.6186586 0.51701623 0.5915705
vn 0.9035713 0.41699874 0.0983408
vn 0.9035713 0.41699874 0.0983408
vn 0.9035713 0.41699874 0.0983408
vn -0.121365555 0.36887613 -0.9215208
vn -0.121365555 0.36887613 -0.9215208
vn -0.121365555 0.36887613 -0.9215208
vn -0.6012708 0.5183415 0.6081081
vn -0.6012708 0.5183415 0.6081081
vn -0.6012708 0.5183415 0.6081081
vn 0.68531674 0.4190052 0.59563035
vn 0.68531674 0.4190052 0.59563035
vn 0.68531674 0.4190052 0.59563035
vn 0.7659772 0.48329604 0.4239149
vn 0.7659772 0.48329604 0.4239149
vn 0.7659772 0.48329604 0.4239149
vn -0.15169345 0.5587279 0.8153602
vn -0.15169345 0.5587279 0.8153602
vn -0.15169345 0.5587279 0.8153602
vn 0.797363 0.40077493 -0.4512114
vn 0.797363 0.40077493 -0.4512114
vn 0.797363 0.40077493 -0.4512114
vn -0.7331691 0.5251065 -0.4321184
vn -0.7331691 0.5251065 -0.4321184
vn -0.7331691 0.5251065 -0.4321184
vn -0.73078984 0.54353476 0.41293606
vn -0.73078984 0.54353476 0.41293606
vn -0.73078984 0.54353476 0.41293606
vn -0.8461344 0.5213157 0.11084428
vn -0.8461344 0.5213157 0.11084428
vn -0.8461344 0.5213157 0.11084428
vn -0.131886 0.471744 -0.87181634
vn -0.131886 0.471744 -0.87181634
vn -0.131886 0.471744 -0.87181634
vn -0.29629898 0.3763206 -0.8778324
vn -0.29629898 0.3763206 -0.8778324
vn -0.29629898 0.3763206 -0.8778324
vn 0.011240326 0.5575451 0.8300705
vn 0.011240326 0.5575451 0.8300705
vn 0.011240326 0.5575451 0.8300705
vn 0.2140602 0.44226635 -0.8709643
vn 0.2140602 0.44226635 -0.8709643
vn 0.2140602 0.44226635 -0.8709643
vn -0.8385172 0.535048 -0.103017405
vn -0.8385172 0.535048 -0.103017405
vn -0.8385172 0.535048 -0.103017405
vn -0.6541174 0.4339644 -0.6195202
vn -0.6541174 0.4339644 -0.6195202
vn -0.6541174 0.4339644 -0.6195202
vn 0.9716561 0.23320866 0.038706418
vn 0.9716561 0.23320866 0.038706418
vn 0.9716561 0.23320866 0.038706418
vn 0.7236167 0.27184245 -0.6344135
vn 0.7236167 0.27184245 -0.6344135
vn 0.7236167 0.27184245 -0.6344135
vn 0.31166533 0.31160045 -0.8976469
vn 0.31166533 0.31160045 -0.8976469
vn 0.31166533 0.31160045 -0.8976469
vn 0.5344347 0.45199722 0.71419746
vn 0.5344347 0.45199722 0.71419746
vn 0.5344347 0.45199722 0.71419746
vn -0.7544842 0.35716593 0.5506234
vn -0.7544842 0.35716593 0.5506234
vn -0.7544842 0.35716593 0.5506234
vn -0.3830461 0.36506364 -0.84853065
vn -0.3830461 0.36506364 -0.84853065
vn -0.3830461 0.36506364 -0.84853065
vn -0.7105045 0.39026418 -0.5855572
vn -0.7105045 0.39026418 -0.5855572
vn -0.7105045 0.39026418 -0.5855572
vn -0.9103536 0.4064369 0.07788048
vn -0.9103536 0.4064369 0.07788048
vn -0.9103536 0.4064369 0.07788048
vn -0.7621743 0.39365956 0.5139285
vn -0.7621743 0.39365956 0.5139285
vn -0.7621743 0.39365956 0.5139285
vn -0.1734099 0.3384522 0.92486703
vn -0.1734099 0.3384522 0.92486703
vn -0.1734099 0.3384522 0.92486703
vn -0.3337034 0.6115199 -0.71741587
vn -0.3337034 0.6115199 -0.71741587
vn -0.3337034 0.6115199 -0.71741587
vn 0.81054646 0.44808212 0.3771429
vn 0.81054646 0.44808212 0.3771429
vn 0.81054646 0.44808212 0.3771429
vn 0.42005244 0.54304457 -0.7270891
vn 0.42005244 0.54304457 -0.7270891
vn 0.42005244 0.54304457 -0.7270891
vn 0.8831558 0.456373 0.10844127
vn 0.8831558 0.456373 0.10844127
vn 0.8831558 0.456373 0.10844127
vn -0.7074444 0.5847735 0.3969413
vn -0.7074444 0.5847735 0.3969413
vn -0.7074444 0.5847735 0.3969413
vn 0.60641533 0.5198186 -0.6017052
vn 0.60641533 0.5198186 -0.6017052
vn 0.60641533 0.5198186 -0.6017052
vn -0.10179638 0.5030164 0.858261
vn -0.10179638 0.5030164 0.858261
vn -0.10179638 0.5030164 0.858261
vn -0.7838358 0.6066663 0.13250387
vn -0.7838358 0.6066663 0.13250387
vn -0.7838358 0.6066663 0.13250387
vn -0.51823205 0.6218386 -0.58715606
vn -0.51823205 0.6218386 -0.58715606
vn -0.51823205 0.6218386 -0.58715606
vn 0.20791373 0.47529456 0.8549076
vn 0.20791373 0.47529456 0.8549076
vn 0.20791373 0.47529456 0.8549076
vn 0.9471147 0.02321577 -0.32005432
vn 0.9471147 0.02321577 -0.32005432
vn 0.9471147 0.02321577 -0.32005432
vn 0.5897979 0.12502111 0.7978146
vn 0.5897979 0.12502111 0.7978146
vn 0.5897979 0.12502111 0.7978146
vn -0.5796388 0.16341819 0.7983191
vn -0.5796388 0.16341819 0.7983191
vn -0.5796388 0.16341819 0.7983191
vn -0.9463331 0.08656332 -0.3113849
vn -0.9463331 0.08656332 -0.3113849
vn -0.9463331 0.08656332 -0.3113849
vn 0.19956625 0.05910462 -0.97810024
vn 0.19956625 0.05910462 -0.97810024
vn 0.19956625 0.05910462 -0.97810024
vn 0.39816183 0.46675053 0.7896905
vn 0.39816183 0.46675053 0.7896905
vn 0.39816183 0.46675053 0.7896905
vn -0.3780128 0.49451107 0.78266543
vn -0.3780128 0.49451107 0.78266543
vn -0.3780128 0.49451107 0.78266543
vn 0.6872091 0.44055825 0.5776262
vn 0.6872091 0.44055825 0.5776262
vn 0.6872091 0.44055825 0.5776262
vn 0.7983953 0.35983378 -0.4827884
vn 0.7983953 0.35983378 -0.4827884
vn 0.7983953 0.35983378 -0.4827884
vn 0.9116428 0.37796944 -0.16138893
vn 0.9116428 0.37796944 -0.16138893
vn 0.9116428 0.37796944 -0.16138893
vn 0.37237605 0.5389037 0.7555918
vn 0.37237605 0.5389037 0.7555918
vn 0.37237605 0.5389037 0.7555918
vn 0.16268688 0.3571658 -0.91976386
vn 0.16268688 0.3571658 -0.91976386
vn 0.16268688 0.3571658 -0.91976386
vn -0.88018036 0.4519978 -0.14484659
vn -0.88018036 0.4519978 -0.14484659
vn -0.88018036 0.4519978 -0.14484659
vn -0.7830783 0.42808416 -0.45114565
vn -0.7830783 0.42808416 -0.45114565
vn -0.7830783 0.42808416 -0.45114565
vn 0.6510484 0.38227278 -0.65574646
vn 0.6510484 0.38227278 -0.65574646
vn 0.6510484 0.38227278 -0.65574646
vn 0.25487563 0.53890336 -0.80288327
vn 0.25487563 0.53890336 -0.80288327
vn 0.25487563 0.53890336 -0.80288327
vn -0.7692654 0.3779691 -0.5151408
vn -0.7692654 0.3779691 -0.5151408
vn -0.7692654 0.3779691 -0.5151408
vn -0.9102395 0.3598343 -0.20489843
vn -0.9102395 0.3598343 -0.20489843
vn -0.9102395 0.3598343 -0.20489843
vn 0.23526861 0.417624 0.8776325
vn 0.23526861 0.417624 0.8776325
vn 0.23526861 0.417624 0.8776325
vn -0.09546237 0.44055766 -0.8926343
vn -0.09546237 0.44055766 -0.8926343
vn -0.09546237 0.44055766 -0.8926343
vn 0.81480145 0.49451074 -0.30258504
vn 0.81480145 0.49451074 -0.30258504
vn 0.81480145 0.49451074 -0.30258504
vn 0.2599015 0.4667502 -0.8453375
vn 0.2599015 0.4667502 -0.8453375
vn 0.2599015 0.4667502 -0.8453375
vn 0.46677405 0.086563356 0.88012993
vn 0.46677405 0.086563356 0.88012993
vn 0.46677405 0.086563356 0.88012993
vn 0.8302013 0.36371008 0.42246988
vn 0.8302013 0.36371008 0.42246988
vn 0.8302013 0.36371008 0.42246988
vn 0.9710556 0.1634181 -0.17419957
vn 0.9710556 0.1634181 -0.17419957
vn 0.9710556 0.1634181 -0.17419957
vn 0.37448144 0.37684792 -0.8472008
vn 0.37448144 0.37684792 -0.8472008
vn 0.37448144 0.37684792 -0.8472008
vn -0.355122 0.54754883 0.75767976
vn -0.355122 0.54754883 0.75767976
vn -0.355122 0.54754883 0.75767976
vn 0.8852326 0.4302385 -0.17679946
vn 0.8852326 0.4302385 -0.17679946
vn 0.8852326 0.4302385 -0.17679946
vn -0.6464487 0.4909184 0.5840405
vn -0.6464487 0.4909184 0.5840405
vn -0.6464487 0.4909184 0.5840405
vn 0.90109557 0.43209168 0.036380254
vn 0.90109557 0.43209168 0.036380254
vn 0.90109557 0.43209168 0.036380254
vn -0.16048905 0.3713598 -0.9145136
vn -0.16048905 0.3713598 -0.9145136
vn -0.16048905 0.3713598 -0.9145136
vn -0.62083375 0.5422061 0.5661961
vn -0.62083375 0.5422061 0.5661961
vn -0.62083375 0.5422061 0.5661961
vn 0.67870593 0.5106243 0.5278456
vn 0.67870593 0.5106243 0.5278456
vn 0.67870593 0.5106243 0.5278456
vn 0.8007831 0.4643703 0.3782944
vn 0.8007831 0.4643703 0.3782944
vn 0.8007831 0.4643703 0.3782944
vn -0.16348523 0.5222132 0.83699816
vn -0.16348523 0.5222132 0.83699816
vn -0.16348523 0.5222132 0.83699816
vn 0.7793241 0.4036951 -0.47925374
vn 0.7793241 0.4036951 -0.47925374
vn 0.7793241 0.4036951 -0.47925374
vn -0.7509214 0.45683718 -0.47688222
vn -0.7509214 0.45683718 -0.47688222
vn -0.7509214 0.45683718 -0.47688222
vn -0.7588245 0.51190513 0.4026641
vn -0.7588245 0.51190513 0.4026641
vn -0.7588245 0.51190513 0.4026641
vn -0.8673856 0.49241763 0.07188165
vn -0.8673856 0.49241763 0.07188165
vn -0.8673856 0.49241763 0.07188165
vn -0.16391405 0.39392045 -0.9044108
vn -0.16391405 0.39392045 -0.9044108
vn -0.16391405 0.39392045 -0.9044108
vn -0.3727775 0.40566152 -0.83455116
vn -0.3727775 0.40566152 -0.83455116
vn -0.3727775 0.40566152 -0.83455116
vn 0.18099447 0.5150806 0.83781445
vn 0.18099447 0.5150806 0.83781445
vn 0.18099447 0.5150806 0.83781445
vn 0.16519982 0.38281345 -0.90893495
vn 0.16519982 0.38281345 -0.90893495
vn 0.16519982 0.38281345 -0.90893495
vn -0.8562476 0.49187618 -0.15779091
vn -0.8562476 0.49187618 -0.15779091
vn -0.8562476 0.49187618 -0.15779091
vn -0.638635 0.4308186 -0.63760537
vn -0.638635 0.4308186 -0.63760537
vn -0.638635 0.4308186 -0.63760537
vn 0.9484733 0.3162445 0.019694371
vn 0.9484733 0.3162445 0.019694371
vn 0.9484733 0.3162445 0.019694371
vn 0.7289324 0.24439664 -0.63947463
vn 0.7289324 0.24439664 -0.63947463
vn 0.7289324 0.24439664 -0.63947463
vn 0.35516763 0.21882184 -0.9088306
vn 0.35516763 0.21882184 -0.9088306
vn 0.35516763 0.21882184 -0.9088306
vn 0.12732296 0.12502128 -0.9839505
vn 0.12732296 0.12502128 -0.9839505
vn 0.12732296 0.12502128 -0.9839505
vn -0.90476185 0.023215817 -0.42528456
vn -0.90476185 0.023215817 -0.42528456
vn -0.90476185 0.023215817 -0.42528456
vn -0.35842088 0.22363044 -0.9063795
vn -0.35842088 0.22363044 -0.9063795
vn -0.35842088 0.22363044 -0.9063795
vn -0.7539454 0.2554803 -0.605224
vn -0.7539454 0.2554803 -0.605224
vn -0.7539454 0.2554803 -0.605224
vn -0.94418216 0.3233272 0.06308354
vn -0.94418216 0.3233272 0.06308354
vn -0.94418216 0.3233272 0.06308354
vn -0.7864821 0.36876133 0.49544016
vn -0.7864821 0.36876133 0.49544016
vn -0.7864821 0.36876133 0.49544016
vn -0.21050549 0.41626558 0.8845398
vn -0.21050549 0.41626558 0.8845398
vn -0.21050549 0.41626558 0.8845398
vn -0.37743682 0.48075503 -0.7914645
vn -0.37743682 0.48075503 -0.7914645
vn -0.37743682 0.48075503 -0.7914645
vn 0.77154374 0.55425817 0.31227887
vn 0.77154374 0.55425817 0.31227887
vn 0.77154374 0.55425817 0.31227887
vn 0.3828065 0.45713413 -0.8027998
vn 0.3828065 0.45713413 -0.8027998
vn 0.3828065 0.45713413 -0.8027998
vn 0.84629565 0.5277051 0.07287671
vn 0.84629565 0.5277051 0.07287671
vn 0.84629565 0.5277051 0.07287671
vn -0.7261402 0.5995555 0.33653197
vn -0.7261402 0.5995555 0.33653197
vn -0.7261402 0.5995555 0.33653197
vn 0.60583895 0.4654401 -0.6452322
vn 0.60583895 0.4654401 -0.6452322
vn 0.60583895 0.4654401 -0.6452322
vn -0.13513932 0.6167457 0.7754754
vn -0.13513932 0.6167457 0.7754754
vn -0.13513932 0.6167457 0.7754754
vn -0.80970556 0.5809962 0.08258548
vn -0.80970556 0.5809962 0.08258548
vn -0.80970556 0.5809962 0.08258548
vn -0.5779884 0.50147116 -0.6437826
vn -0.5779884 0.50147116 -0.6437826
vn -0.5779884 0.50147116 -0.6437826
vn 0.12224443 0.61357415 0.78011733
vn 0.12224443 0.61357415 0.78011733
vn 0.12224443 0.61357415 0.78011733
vn 0.9554636 0.011507063 0.2948846
vn 0.9554636 0.011507063 0.2948846
vn 0.9554636 0.011507063 0.2948846
vn 0.94476956 0.09070897 -0.31493226
vn 0.94476956 0.09070897 -0.31493226
vn 0.94476956 0.09070897 -0.31493226
vn -0.7987349 0.07015081 0.59757954
vn -0.7987349 0.07015081 0.59757954
vn -0.7987349 0.07015081 0.59757954
vn -0.8100808 0.038075324 -0.5850807
vn -0.8100808 0.038075324 -0.5850807
vn -0.8100808 0.038075324 -0.5850807
vn 0.49300966 0.101655014 0.8640647
vn 0.49300966 0.101655014 0.8640647
vn 0.49300966 0.101655014 0.8640647
vn 0.88974524 0.4377651 0.12928748
vn 0.88974524 0.4377651 0.12928748
vn 0.88974524 0.4377651 0.12928748
vn 0.47465086 0.44965157 0.7566505
vn 0.47465086 0.44965157 0.7566505
vn 0.47465086 0.44965157 0.7566505
vn 0.8745994 0.42484215 -0.23363462
vn 0.8745994 0.42484215 -0.23363462
vn 0.8745994 0.42484215 -0.23363462
vn 0.08487702 0.40286475 -0.9113155
vn 0.08487702 0.40286475 -0.9113155
vn 0.08487702 0.40286475 -0.9113155
vn 0.42381346 0.41276234 -0.8062316
vn 0.42381346 0.41276234 -0.8062316
vn 0.42381346 0.41276234 -0.8062316
vn 0.8368971 0.52077323 0.16851822
vn 0.8368971 0.52077323 0.16851822
vn 0.8368971 0.52077323 0.16851822
vn -0.69924945 0.36481312 -0.6147858
vn -0.69924945 0.36481312 -0.6147858
vn -0.69924945 0.36481312 -0.6147858
vn -0.62613374 0.40026927 0.6691347
vn -0.62613374 0.40026927 0.6691347
vn -0.62613374 0.40026927 0.6691347
vn -0.8345048 0.38069448 0.3983386
vn -0.8345048 0.38069448 0.3983386
vn -0.8345048 0.38069448 0.3983386
vn -0.04732919 0.3576442 -0.93265784
vn -0.04732919 0.3576442 -0.93265784
vn -0.04732919 0.3576442 -0.93265784
vn 0.5320488 0.19027552 0.8250572
vn 0.5320488 0.19027552 0.8250572
vn 0.5320488 0.19027552 0.8250572
vn 0.043905046 0.32476145 -0.94477636
vn 0.043905046 0.32476145 -0.94477636
vn 0.043905046 0.32476145 -0.94477636
vn -0.88946384 0.32500628 -0.32128644
vn -0.88946384 0.32500628 -0.32128644
vn -0.88946384 0.32500628 -0.32128644
vn 0.94306314 0.23657295 0.23380569
vn 0.94306314 0.23657295 0.23380569
vn 0.94306314 0.23657295 0.23380569
vn 0.9452892 0.22946575 -0.23189189
vn 0.9452892 0.22946575 -0.23189189
vn 0.9452892 0.22946575 -0.23189189
vn -0.8825849 0.2810641 0.37689102
vn -0.8825849 0.2810641 0.37689102
vn -0.8825849 0.2810641 0.37689102
vn 0.101798944 0.20311376 0.97384894
vn 0.101798944 0.20311376 0.97384894
vn 0.101798944 0.20311376 0.97384894
vn 0.5005759 0.29166263 -0.8150808
vn 0.5005759 0.29166263 -0.8150808
vn 0.5005759 0.29166263 -0.8150808
vn 0.875951 0.27705723 -0.39490396
vn 0.875951 0.27705723 -0.39490396
vn 0.875951 0.27705723 -0.39490396
vn -0.631271 0.2492214 0.7344288
vn -0.631271 0.2492214 0.7344288
vn -0.631271 0.2492214 0.7344288
vn -0.4364574 0.33913565 -0.8333618
vn -0.4364574 0.33913565 -0.8333618
vn -0.4364574 0.33913565 -0.8333618
vn 0.36585552 0.52495986 0.76848346
vn 0.36585552 0.52495986 0.76848346
vn 0.36585552 0.52495986 0.76848346
vn 0.45788592 0.43697006 -0.7742077
vn 0.45788592 0.43697006 -0.7742077
vn 0.45788592 0.43697006 -0.7742077
vn 0.12826972 0.44223455 0.88767993
vn 0.12826972 0.44223455 0.88767993
vn 0.12826972 0.44223455 0.88767993
vn 0.6205966 0.43847165 -0.6500787
vn 0.6205966 0.43847165 -0.6500787
vn 0.6205966 0.43847165 -0.6500787
vn -0.85468477 0.35896674 -0.37504232
vn -0.85468477 0.35896674 -0.37504232
vn -0.85468477 0.35896674 -0.37504232
vn 0.11297371 0.516528 0.84878486
vn 0.11297371 0.516528 0.84878486
vn 0.11297371 0.516528 0.84878486
vn 0.85422266 0.5057438 -0.12052768
vn 0.85422266 0.5057438 -0.12052768
vn 0.85422266 0.5057438 -0.12052768
vn 0.80201846 0.4919066 -0.33881307
vn 0.80201846 0.4919066 -0.33881307
vn 0.80201846 0.4919066 -0.33881307
vn 0.5514819 0.5369464 0.63840127
vn 0.5514819 0.5369464 0.63840127
vn 0.5514819 0.5369464 0.63840127
vn 0.12257909 0.41360134 -0.9021687
vn 0.12257909 0.41360134 -0.9021687
vn 0.12257909 0.41360134 -0.9021687
vn -0.80891347 0.4535052 0.3741553
vn -0.80891347 0.4535052 0.3741553
vn -0.80891347 0.4535052 0.3741553
vn -0.117943026 0.49485728 0.86093295
vn -0.117943026 0.49485728 0.86093295
vn -0.117943026 0.49485728 0.86093295
vn -0.43081284 0.46550083 0.7731166
vn -0.43081284 0.46550083 0.7731166
vn -0.43081284 0.46550083 0.7731166
vn -0.82759607 0.4101994 -0.3831725
vn -0.82759607 0.4101994 -0.3831725
vn -0.82759607 0.4101994 -0.3831725
vn -0.9095887 0.35745162 -0.21184127
vn -0.9095887 0.35745162 -0.21184127
vn -0.9095887 0.35745162 -0.21184127
vn 0.73071367 0.5399092 0.41779864
vn 0.73071367 0.5399092 0.41779864
vn 0.73071367 0.5399092 0.41779864
vn -0.59160674 0.3993212 -0.7003886
vn -0.59160674 0.3993212 -0.7003886
vn -0.59160674 0.3993212 -0.7003886
vn -0.6042557 0.47539654 0.6394319
vn -0.6042557 0.47539654 0.6394319
vn -0.6042557 0.47539654 0.6394319
vn -0.9020699 0.38851455 0.18795294
vn -0.9020699 0.38851455 0.18795294
vn -0.9020699 0.38851455 0.18795294
vn 0.6000189 0.32456803 -0.731186
vn 0.6000189 0.32456803 -0.731186
vn 0.6000189 0.32456803 -0.731186
vn -0.18964341 0.38491789 -0.90325725
vn -0.18964341 0.38491789 -0.90325725
vn -0.18964341 0.38491789 -0.90325725
vn -0.56886476 0.3822634 -0.7281947
vn -0.56886476 0.3822634 -0.7281947
vn -0.56886476 0.3822634 -0.7281947
vn -0.6347809 0.33878863 -0.6944605
vn -0.6347809 0.33878863 -0.6944605
vn -0.6347809 0.33878863 -0.6944605
vn 0.96313053 0.20352149 0.17595015
vn 0.96313053 0.20352149 0.17595015
vn 0.96313053 0.20352149 0.17595015
vn -0.92693603 0.34663627 -0.14364196
vn -0.92693603 0.34663627 -0.14364196
vn -0.92693603 0.34663627 -0.14364196
vn -0.9157962 0.32297844 0.23875153
vn -0.9157962 0.32297844 0.23875153
vn -0.9157962 0.32297844 0.23875153
vn -0.50973845 0.2821921 0.8127326
vn -0.50973845 0.2821921 0.8127326
vn -0.50973845 0.2821921 0.8127326
vn -0.026414601 0.2580049 0.96578246
vn -0.026414601 0.2580049 0.96578246
vn -0.026414601 0.2580049 0.96578246
vn 0.6816638 0.2341073 0.6932014
vn 0.6816638 0.2341073 0.6932014
vn 0.6816638 0.2341073 0.6932014
vn -0.8194709 0.55931723 -0.12502654
vn -0.8194709 0.55931723 -0.12502654
vn -0.8194709 0.55931723 -0.12502654
vn 0.75333697 0.5330058 -0.38521188
vn 0.75333697 0.5330058 -0.38521188
vn 0.75333697 0.5330058 -0.38521188
vn -0.3655195 0.5538266 -0.748112
vn -0.3655195 0.5538266 -0.748112
vn -0.3655195 0.5538266 -0.748112
vn 0.59936094 0.5359443 -0.59458405
vn 0.59936094 0.5359443 -0.59458405
vn 0.59936094 0.5359443 -0.59458405
vn -0.13877894 0.5390781 0.8307438
vn -0.13877894 0.5390781 0.8307438
vn -0.13877894 0.5390781 0.8307438
vn -0.12683651 0.5493027 -0.8259413
vn -0.12683651 0.5493027 -0.8259413
vn -0.12683651 0.5493027 -0.8259413
vn 0.5955272 0.52912885 0.6044584
vn 0.5955272 0.52912885 0.6044584
vn 0.5955272 0.52912885 0.6044584
vn -0.37856293 0.54404145 0.748805
vn -0.37856293 0.54404145 0.748805
vn -0.37856293 0.54404145 0.748805
vn -0.8214805 0.5576593 0.11910412
vn -0.8214805 0.5576593 0.11910412
vn -0.8214805 0.5576593 0.11910412
vn 0.7508124 0.5287878 0.3958082
vn 0.7508124 0.5287878 0.3958082
vn 0.7508124 0.5287878 0.3958082
vn -0.0052695423 -0.00016914823 -0.9999862
vn -0.0052695423 -0.00016914823 -0.9999862
vn -0.0052695423 -0.00016914823 -0.9999862
vn 0.19938721 0.07266081 -0.9772232
vn 0.19938721 0.07266081 -0.9772232
vn 0.19938721 0.07266081 -0.9772232
vn 0.9427777 0.111378826 -0.31426895
vn 0.9427777 0.111378826 -0.31426895
vn 0.9427777 0.111378826 -0.31426895
vn -0.79772645 0.08620903 0.59682536
vn -0.79772645 0.08620903 0.59682536
vn -0.79772645 0.08620903 0.59682536
vn -0.8097794 0.046832863 -0.5848623
vn -0.8097794 0.046832863 -0.5848623
vn -0.8097794 0.046832863 -0.5848623
vn 0.49170583 0.1247521 0.8617785
vn 0.49170583 0.1247521 0.8617785
vn 0.49170583 0.1247521 0.8617785
vn 0.84891397 0.51393455 0.12335429
vn 0.84891397 0.51393455 0.12335429
vn 0.84891397 0.51393455 0.12335429
vn 0.45175526 0.5265912 0.72015196
vn 0.45175526 0.5265912 0.72015196
vn 0.45175526 0.5265912 0.72015196
vn 0.8366481 0.50006926 -0.2234962
vn 0.8366481 0.50006926 -0.2234962
vn 0.8366481 0.50006926 -0.2234962
vn 0.08154268 0.47624257 -0.8755248
vn 0.08154268 0.47624257 -0.8755248
vn 0.08154268 0.47624257 -0.8755248
vn 0.40639094 0.48701057 -0.7730893
vn 0.40639094 0.48701057 -0.7730893
vn 0.40639094 0.48701057 -0.7730893
vn 0.7840287 0.6003125 0.15787281
vn 0.7840287 0.6003125 0.15787281
vn 0.7840287 0.6003125 0.15787281
vn -0.676492 0.43428004 -0.59477675
vn -0.676492 0.43428004 -0.59477675
vn -0.676492 0.43428004 -0.59477675
vn -0.6018408 0.47340867 0.64317334
vn -0.6018408 0.47340867 0.64317334
vn -0.6018408 0.47340867 0.64317334
vn -0.80505526 0.4519001 0.38428155
vn -0.80505526 0.4519001 0.38428155
vn -0.80505526 0.4519001 0.38428155
vn -0.045846637 0.42627734 -0.9034299
vn -0.045846637 0.42627734 -0.9034299
vn -0.045846637 0.42627734 -0.9034299
vn 0.5271662 0.23197848 0.81748503
vn 0.5271662 0.23197848 0.81748503
vn 0.5271662 0.23197848 0.81748503
vn 0.042759467 0.3891964 -0.9201618
vn 0.042759467 0.3891964 -0.9201618
vn 0.042759467 0.3891964 -0.9201618
vn -0.86625713 0.389474 -0.31290355
vn -0.86625713 0.389474 -0.31290355
vn -0.86625713 0.389474 -0.31290355
vn 0.9297837 0.28699496 0.23051274
vn 0.9297837 0.28699496 0.23051274
vn 0.9297837 0.28699496 0.23051274
vn 0.9327501 0.2786045 -0.2288158
vn 0.9327501 0.2786045 -0.2288158
vn 0.9327501 0.2786045 -0.2288158
vn -0.8651932 0.3390235 0.36946416
vn -0.8651932 0.3390235 0.36946416
vn -0.8651932 0.3390235 0.36946416
vn 0.10073431 0.2473156 0.9636843
vn 0.10073431 0.2473156 0.9636843
vn 0.10073431 0.2473156 0.9636843
vn 0.48997793 0.3512824 -0.7978235
vn 0.48997793 0.3512824 -0.7978235
vn 0.48997793 0.3512824 -0.7978235
vn 0.8591645 0.3343756 -0.38733634
vn 0.8591645 0.3343756 -0.38733634
vn 0.8591645 0.3343756 -0.38733634
vn -0.62142754 0.3018763 0.7229789
vn -0.62142754 0.3018763 0.7229789
vn -0.62142754 0.3018763 0.7229789
vn -0.42410085 0.4054801 -0.8097682
vn -0.42410085 0.4054801 -0.8097682
vn -0.42410085 0.4054801 -0.8097682
vn 0.34240595 0.60454196 0.7192268
vn 0.34240595 0.60454196 0.7192268
vn 0.34240595 0.60454196 0.7192268
vn 0.43694407 0.51308495 -0.7387989
vn 0.43694407 0.51308495 -0.7387989
vn 0.43694407 0.51308495 -0.7387989
vn 0.12227087 0.5187047 0.846165
vn 0.12227087 0.5187047 0.846165
vn 0.12227087 0.5187047 0.846165
vn 0.5920311 0.5146892 -0.6201564
vn 0.5920311 0.5146892 -0.6201564
vn 0.5920311 0.5146892 -0.6201564
vn -0.82771146 0.4277558 -0.36320633
vn -0.82771146 0.4277558 -0.36320633
vn -0.82771146 0.4277558 -0.36320633
vn 0.10594159 0.59601104 0.7959568
vn 0.10594159 0.59601104 0.7959568
vn 0.10594159 0.59601104 0.7959568
vn 0.8030594 0.58502704 -0.11330896
vn 0.8030594 0.58502704 -0.11330896
vn 0.8030594 0.58502704 -0.11330896
vn 0.75635725 0.57081366 -0.31952378
vn 0.75635725 0.57081366 -0.31952378
vn 0.75635725 0.57081366 -0.31952378
vn 0.5146619 0.61658126 0.5957775
vn 0.5146619 0.61658126 0.5957775
vn 0.5146619 0.61658126 0.5957775
vn 0.11752112 0.48792094 -0.86494046
vn 0.11752112 0.48792094 -0.86494046
vn 0.11752112 0.48792094 -0.86494046
vn -0.7692707 0.5306745 0.35581902
vn -0.7692707 0.5306745 0.35581902
vn -0.7692707 0.5306745 0.35581902
vn -0.11115475 0.5738555 0.81137806
vn -0.11115475 0.5738555 0.81137806
vn -0.11115475 0.5738555 0.81137806
vn -0.40865448 0.5433211 0.733351
vn -0.40865448 0.5433211 0.733351
vn -0.40865448 0.5433211 0.733351
vn -0.79397094 0.48422825 -0.36760446
vn -0.79397094 0.48422825 -0.36760446
vn -0.79397094 0.48422825 -0.36760446
vn -0.8811133 0.42606208 -0.20520869
vn -0.8811133 0.42606208 -0.20520869
vn -0.8811133 0.42606208 -0.20520869
vn 0.6814398 0.61954117 0.3896262
vn 0.6814398 0.61954117 0.3896262
vn 0.6814398 0.61954117 0.3896262
vn -0.5687562 0.47237188 -0.6733358
vn -0.5687562 0.47237188 -0.6733358
vn -0.5687562 0.47237188 -0.6733358
vn -0.5719461 0.55368024 0.6052404
vn -0.5719461 0.55368024 0.6052404
vn -0.5719461 0.55368024 0.6052404
vn -0.868987 0.46052057 0.181059
vn -0.868987 0.46052057 0.181059
vn -0.868987 0.46052057 0.181059
vn 0.58440495 0.38897672 -0.7121572
vn 0.58440495 0.38897672 -0.7121572
vn 0.58440495 0.38897672 -0.7121572
vn -0.1828089 0.4565603 -0.8707087
vn -0.1828089 0.4565603 -0.8707087
vn -0.1828089 0.4565603 -0.8707087
vn -0.5486331 0.45363247 -0.7022958
vn -0.5486331 0.45363247 -0.7022958
vn -0.5486331 0.45363247 -0.7022958
vn -0.6168436 0.40508878 -0.6748386
vn -0.6168436 0.40508878 -0.6748386
vn -0.6168436 0.40508878 -0.6748386
vn 0.9530381 0.2478017 0.1741056
vn 0.9530381 0.2478017 0.1741056
vn 0.9530381 0.2478017 0.1741056
vn -0.8995711 0.41393158 -0.13939981
vn -0.8995711 0.41393158 -0.13939981
vn -0.8995711 0.41393158 -0.13939981
vn -0.89218813 0.3871687 0.23259567
vn -0.89218813 0.3871687 0.23259567
vn -0.89218813 0.3871687 0.23259567
vn -0.49961558 0.34033158 0.7965919
vn -0.49961558 0.34033158 0.7965919
vn -0.49961558 0.34033158 0.7965919
vn -0.025973894 0.31216964 0.94967127
vn -0.025973894 0.31216964 0.94967127
vn -0.025973894 0.31216964 0.94967127
vn 0.67225957 0.2840874 0.6836384
vn 0.67225957 0.2840874 0.6836384
vn 0.67225957 0.2840874 0.6836384
vn -0.7605942 0.6387726 -0.11604308
vn -0.7605942 0.6387726 -0.11604308
vn -0.7605942 0.6387726 -0.11604308
vn 0.7037041 0.61263454 -0.35983232
vn 0.7037041 0.61263454 -0.35983232
vn 0.7037041 0.61263454 -0.35983232
vn -0.3397178 0.63335973 -0.69530374
vn -0.3397178 0.63335973 -0.69530374
vn -0.3397178 0.63335973 -0.69530374
vn 0.559479 0.6155784 -0.5550195
vn 0.559479 0.6155784 -0.5550195
vn 0.559479 0.6155784 -0.5550195
vn -0.12944685 0.6187111 0.7748806
vn -0.12944685 0.6187111 0.7748806
vn -0.12944685 0.6187111 0.7748806
vn -0.11801432 0.6288833 -0.7684909
vn -0.11801432 0.6288833 -0.7684909
vn -0.11801432 0.6288833 -0.7684909
vn 0.55680597 0.6087409 0.5651563
vn 0.55680597 0.6087409 0.5651563
vn 0.55680597 0.6087409 0.5651563
vn -0.35268274 0.6236588 0.6976135
vn -0.35268274 0.6236588 0.6976135
vn -0.35268274 0.6236588 0.6976135
vn -0.7627721 0.6371407 0.11059132
vn -0.7627721 0.6371407 0.11059132
vn -0.7627721 0.6371407 0.11059132
vn 0.7020512 0.6083981 0.3701024
vn 0.7020512 0.6083981 0.3701024
vn 0.7020512 0.6083981 0.3701024
vn -0.6246568 0.43209225 -0.6504615
vn -0.6246568 0.43209225 -0.6504615
vn -0.6246568 0.43209225 -0.6504615
vn -0.517778 0.37135994 0.7707125
vn -0.517778 0.37135994 0.7707125
vn -0.517778 0.37135994 0.7707125
vn 0.8399639 0.54220635 0.021742443
vn 0.8399639 0.54220635 0.021742443
vn 0.8399639 0.54220635 0.021742443
vn -0.123814665 0.5106243 -0.8508425
vn -0.123814665 0.5106243 -0.8508425
vn -0.123814665 0.5106243 -0.8508425
vn -0.31545544 0.46437085 -0.8275552
vn -0.31545544 0.46437085 -0.8275552
vn -0.31545544 0.46437085 -0.8275552
vn 0.6977267 0.5222126 -0.49037868
vn 0.6977267 0.5222126 -0.49037868
vn 0.6977267 0.5222126 -0.49037868
vn -0.8940372 0.4036949 -0.19423671
vn -0.8940372 0.4036949 -0.19423671
vn -0.8940372 0.4036949 -0.19423671
vn 0.21119972 0.45683753 0.86411464
vn 0.21119972 0.45683753 0.86411464
vn 0.21119972 0.45683753 0.86411464
vn 0.82619643 0.5119054 0.23527075
vn 0.82619643 0.5119054 0.23527075
vn 0.82619643 0.5119054 0.23527075
vn 0.67534345 0.49241734 0.54903215
vn 0.67534345 0.49241734 0.54903215
vn 0.67534345 0.49241734 0.54903215
vn -0.50830853 0.3939206 0.7657995
vn -0.50830853 0.3939206 0.7657995
vn -0.50830853 0.3939206 0.7657995
vn -0.30928466 0.40566126 0.86010575
vn -0.30928466 0.40566126 0.86010575
vn -0.30928466 0.40566126 0.86010575
vn 0.44985586 0.5150806 -0.7296038
vn 0.44985586 0.5150806 -0.7296038
vn 0.44985586 0.5150806 -0.7296038
vn -0.7487954 0.3828132 0.54107267
vn -0.7487954 0.3828132 0.54107267
vn -0.7487954 0.3828132 0.54107267
vn 0.50820684 0.4918762 0.70695364
vn 0.50820684 0.4918762 0.70695364
vn 0.50820684 0.4918762 0.70695364
vn 0.018880855 0.43081924 0.9022407
vn 0.018880855 0.43081924 0.9022407
vn 0.018880855 0.43081924 0.9022407
vn -0.6703854 0.31624517 -0.6712468
vn -0.6703854 0.31624517 -0.6712468
vn -0.6703854 0.31624517 -0.6712468
vn -0.96868646 0.24439695 -0.043779712
vn -0.96868646 0.24439695 -0.043779712
vn -0.96868646 0.24439695 -0.043779712
vn -0.8857265 0.21882209 0.40939635
vn -0.8857265 0.21882209 0.40939635
vn -0.8857265 0.21882209 0.40939635
vn -0.36939627 0.22363022 0.9019623
vn -0.36939627 0.22363022 0.9019623
vn -0.36939627 0.22363022 0.9019623
vn 0.124474384 0.25548074 0.95876783
vn 0.124474384 0.25548074 0.95876783
vn 0.124474384 0.25548074 0.95876783
vn 0.7246327 0.32332706 0.6085779
vn 0.7246327 0.32332706 0.6085779
vn 0.7246327 0.32332706 0.6085779
vn 0.9104123 0.36876008 0.187525
vn 0.9104123 0.36876008 0.187525
vn 0.9104123 0.36876008 0.187525
vn 0.76456964 0.41626602 -0.49209327
vn 0.76456964 0.41626602 -0.49209327
vn 0.76456964 0.41626602 -0.49209327
vn -0.27607632 0.4807554 0.83225965
vn -0.27607632 0.4807554 0.83225965
vn -0.27607632 0.4807554 0.83225965
vn -0.34009975 0.55425817 -0.75969076
vn -0.34009975 0.55425817 -0.75969076
vn -0.34009975 0.55425817 -0.75969076
vn -0.8322068 0.45713422 0.31378365
vn -0.8322068 0.45713422 0.31378365
vn -0.8322068 0.45713422 0.31378365
vn -0.5598528 0.527705 -0.638821
vn -0.5598528 0.527705 -0.638821
vn -0.5598528 0.527705 -0.638821
vn 0.7568122 0.5995558 0.26032293
vn 0.7568122 0.5995558 0.26032293
vn 0.7568122 0.5995558 0.26032293
vn -0.8839017 0.4654399 0.045645278
vn -0.8839017 0.4654399 0.045645278
vn -0.8839017 0.4654399 0.045645278
vn 0.63466364 0.61674523 -0.4656471
vn 0.63466364 0.61674523 -0.4656471
vn 0.63466364 0.61674523 -0.4656471
vn 0.64115965 0.5809965 0.5013556
vn 0.64115965 0.5809965 0.5013556
vn 0.64115965 0.5809965 0.5013556
vn -0.029136058 0.5014706 0.86468387
vn -0.029136058 0.5014706 0.86468387
vn -0.029136058 0.5014706 0.86468387
vn 0.45225742 0.6135747 -0.6472938
vn 0.45225742 0.6135747 -0.6472938
vn 0.45225742 0.6135747 -0.6472938
vn -0.68893003 -0.00016919337 0.72482777
vn -0.68893003 -0.00016919337 0.72482777
vn -0.68893003 -0.00016919337 0.72482777
vn -0.93262166 0.16575271 0.32053548
vn -0.93262166 0.16575271 0.32053548
vn -0.93262166 0.16575271 0.32053548
vn 0.0224724 0.10593158 0.9941195
vn 0.0224724 0.10593158 0.9941195
vn 0.0224724 0.10593158 0.9941195
vn -0.5892748 0.10794847 -0.8006886
vn -0.5892748 0.10794847 -0.8006886
vn -0.5892748 0.10794847 -0.8006886
vn 0.5791645 0.012495603 -0.81511486
vn 0.5791645 0.012495603 -0.81511486
vn 0.5791645 0.012495603 -0.81511486
vn 0.27973822 0.49566853 0.8222282
vn 0.27973822 0.49566853 0.8222282
vn 0.27973822 0.49566853 0.8222282
vn -0.36295456 0.5161621 0.7757839
vn -0.36295456 0.5161621 0.7757839
vn -0.36295456 0.5161621 0.7757839
vn 0.69089395 0.44560266 0.56930095
vn 0.69089395 0.44560266 0.56930095
vn 0.69089395 0.44560266 0.56930095
vn 0.8556456 0.319076 -0.40750608
vn 0.8556456 0.319076 -0.40750608
vn 0.8556456 0.319076 -0.40750608
vn 0.9306279 0.3428323 -0.12805408
vn 0.9306279 0.3428323 -0.12805408
vn 0.9306279 0.3428323 -0.12805408
vn 0.4266208 0.4408299 0.7897238
vn 0.4266208 0.4408299 0.7897238
vn 0.4266208 0.4408299 0.7897238
vn 0.1808879 0.34414747 -0.9213262
vn 0.1808879 0.34414747 -0.9213262
vn 0.1808879 0.34414747 -0.9213262
vn -0.8677695 0.48482165 -0.10919778
vn -0.8677695 0.48482165 -0.10919778
vn -0.8677695 0.48482165 -0.10919778
vn -0.78049487 0.4565947 -0.4270235
vn -0.78049487 0.4565947 -0.4270235
vn -0.78049487 0.4565947 -0.4270235
vn 0.7785288 0.31507453 -0.54278994
vn 0.7785288 0.31507453 -0.54278994
vn 0.7785288 0.31507453 -0.54278994
vn 0.3192601 0.2897792 0.9022755
vn 0.3192601 0.2897792 0.9022755
vn 0.3192601 0.2897792 0.9022755
vn 0.8562761 0.23768894 0.45857957
vn 0.8562761 0.23768894 0.45857957
vn 0.8562761 0.23768894 0.45857957
vn 0.45668387 0.31031427 -0.83375347
vn 0.45668387 0.31031427 -0.83375347
vn 0.45668387 0.31031427 -0.83375347
vn -0.33982372 0.4991997 0.7970693
vn -0.33982372 0.4991997 0.7970693
vn -0.33982372 0.4991997 0.7970693
vn 0.91080827 0.3936588 -0.12434214
vn 0.91080827 0.3936588 -0.12434214
vn 0.91080827 0.3936588 -0.12434214
vn -0.6186596 0.5170156 0.59157
vn -0.6186596 0.5170156 0.59157
vn -0.6186596 0.5170156 0.59157
vn 0.9035714 0.4169987 0.0983403
vn 0.9035714 0.4169987 0.0983403
vn 0.9035714 0.4169987 0.0983403
vn -0.12136487 0.36887628 -0.92152095
vn -0.12136487 0.36887628 -0.92152095
vn -0.12136487 0.36887628 -0.92152095
vn -0.601271 0.5183415 0.608108
vn -0.601271 0.5183415 0.608108
vn -0.601271 0.5183415 0.608108
vn 0.6853173 0.41900462 0.5956303
vn 0.6853173 0.41900462 0.5956303
vn 0.6853173 0.41900462 0.5956303
vn 0.76597655 0.48329663 0.42391548
vn 0.76597655 0.48329663 0.42391548
vn 0.76597655 0.48329663 0.42391548
vn -0.15169151 0.55872744 0.8153608
vn -0.15169151 0.55872744 0.8153608
vn -0.15169151 0.55872744 0.8153608
vn 0.797363 0.40077484 -0.4512114
vn 0.797363 0.40077484 -0.4512114
vn 0.797363 0.40077484 -0.4512114
vn -0.7331689 0.5251064 -0.43211868
vn -0.7331689 0.5251064 -0.43211868
vn -0.7331689 0.5251064 -0.43211868
vn -0.73079014 0.5435344 0.41293594
vn -0.73079014 0.5435344 0.41293594
vn -0.73079014 0.5435344 0.41293594
vn -0.8461339 0.5213166 0.11084407
vn -0.8461339 0.5213166 0.11084407
vn -0.8461339 0.5213166 0.11084407
vn -0.1318862 0.47174454 -0.871816
vn -0.1318862 0.47174454 -0.871816
vn -0.1318862 0.47174454 -0.871816
vn -0.2962999 0.37631986 -0.8778324
vn -0.2962999 0.37631986 -0.8778324
vn -0.2962999 0.37631986 -0.8778324
vn 0.011239681 0.5575449 0.8300707
vn 0.011239681 0.5575449 0.8300707
vn 0.011239681 0.5575449 0.8300707
vn 0.21406011 0.44226614 -0.87096435
vn 0.21406011 0.44226614 -0.87096435
vn 0.21406011 0.44226614 -0.87096435
vn -0.8385176 0.5350475 -0.10301699
vn -0.8385176 0.5350475 -0.10301699
vn -0.8385176 0.5350475 -0.10301699
vn -0.6541174 0.43396467 -0.61952007
vn -0.6541174 0.43396467 -0.61952007
vn -0.6541174 0.43396467 -0.61952007
vn 0.9716562 0.23320818 0.038706623
vn 0.9716562 0.23320818 0.038706623
vn 0.9716562 0.23320818 0.038706623
vn 0.7236176 0.2718425 -0.6344124
vn 0.7236176 0.2718425 -0.6344124
vn 0.7236176 0.2718425 -0.6344124
vn 0.31166375 0.31160015 -0.89764744
vn 0.31166375 0.31160015 -0.89764744
vn 0.31166375 0.31160015 -0.89764744
vn -0.38304493 0.36506367 -0.8485312
vn -0.38304493 0.36506367 -0.8485312
vn -0.38304493 0.36506367 -0.8485312
vn -0.71050495 0.39026374 -0.58555686
vn -0.71050495 0.39026374 -0.58555686
vn -0.71050495 0.39026374 -0.58555686
vn -0.9103539 0.40643626 0.07788105
vn -0.9103539 0.40643626 0.07788105
vn -0.9103539 0.40643626 0.07788105
vn -0.76217407 0.39366114 0.5139277
vn -0.76217407 0.39366114 0.5139277
vn -0.76217407 0.39366114 0.5139277
vn -0.17341013 0.33845177 0.92486715
vn -0.17341013 0.33845177 0.92486715
vn -0.17341013 0.33845177 0.92486715
vn -0.33370385 0.6115199 -0.7174157
vn -0.33370385 0.6115199 -0.7174157
vn -0.33370385 0.6115199 -0.7174157
vn 0.8105462 0.44808257 0.37714303
vn 0.8105462 0.44808257 0.37714303
vn 0.8105462 0.44808257 0.37714303
vn 0.4200528 0.5430447 -0.7270888
vn 0.4200528 0.5430447 -0.7270888
vn 0.4200528 0.5430447 -0.7270888
vn 0.8831561 0.45637244 0.10844093
vn 0.8831561 0.45637244 0.10844093
vn 0.8831561 0.45637244 0.10844093
vn -0.7074444 0.5847734 0.39694124
vn -0.7074444 0.5847734 0.39694124
vn -0.7074444 0.5847734 0.39694124
vn 0.6064153 0.51981854 -0.6017052
vn 0.6064153 0.51981854 -0.6017052
vn 0.6064153 0.51981854 -0.6017052
vn -0.10179538 0.5030169 0.85826087
vn -0.10179538 0.5030169 0.85826087
vn -0.10179538 0.5030169 0.85826087
vn -0.78383577 0.60666656 0.13250352
vn -0.78383577 0.60666656 0.13250352
vn -0.78383577 0.60666656 0.13250352
vn -0.518232 0.62183845 -0.5871563
vn -0.518232 0.62183845 -0.5871563
vn -0.518232 0.62183845 -0.5871563
vn 0.207913 0.47529367 0.85490817
vn 0.207913 0.47529367 0.85490817
vn 0.207913 0.47529367 0.85490817
vn 0.9554636 0.011507131 0.2948846
vn 0.9554636 0.011507131 0.2948846
vn 0.9554636 0.011507131 0.2948846
g trees_Pine01_0
f 3/3/3 2/2/2 1/1/1
f 6/6/6 5/5/5 4/4/4
f 9/9/9 8/8/8 7/7/7
f 12/12/12 11/11/11 10/10/10
f 15/15/15 14/14/14 13/13/13
f 18/18/18 17/17/17 16/16/16
f 21/21/21 20/20/20 19/19/19
f 24/24/24 23/23/23 22/22/22
f 27/27/27 26/26/26 25/25/25
f 30/30/30 29/29/29 28/28/28
f 33/33/33 32/32/32 31/31/31
f 36/36/36 35/35/35 34/34/34
f 39/39/39 38/38/38 37/37/37
f 42/42/42 41/41/41 40/40/40
f 45/45/45 44/44/44 43/43/43
f 48/48/48 47/47/47 46/46/46
f 51/51/51 50/50/50 49/49/49
f 54/54/54 53/53/53 52/52/52
f 57/57/57 56/56/56 55/55/55
f 60/60/60 59/59/59 58/58/58
f 63/63/63 62/62/62 61/61/61
f 66/66/66 65/65/65 64/64/64
f 69/69/69 68/68/68 67/67/67
f 72/72/72 71/71/71 70/70/70
f 75/75/75 74/74/74 73/73/73
f 78/78/78 77/77/77 76/76/76
f 81/81/81 80/80/80 79/79/79
f 84/84/84 83/83/83 82/82/82
f 87/87/87 86/86/86 85/85/85
f 90/90/90 89/89/89 88/88/88
f 93/93/93 92/92/92 91/91/91
f 96/96/96 95/95/95 94/94/94
f 99/99/99 98/98/98 97/97/97
f 102/102/102 101/101/101 100/100/100
f 105/105/105 104/104/104 103/103/103
f 108/108/108 107/107/107 106/106/106
f 111/111/111 110/110/110 109/109/109
f 114/114/114 113/113/113 112/112/112
f 117/117/117 116/116/116 115/115/115
f 120/120/120 119/119/119 118/118/118
f 123/123/123 122/122/122 121/121/121
f 126/126/126 125/125/125 124/124/124
f 129/129/129 128/128/128 127/127/127
f 132/132/132 131/131/131 130/130/130
f 135/135/135 134/134/134 133/133/133
f 138/138/138 137/137/137 136/136/136
f 141/141/141 140/140/140 139/139/139
f 144/144/144 143/143/143 142/142/142
f 147/147/147 146/146/146 145/145/145
f 150/150/150 149/149/149 148/148/148
f 153/153/153 152/152/152 151/151/151
f 156/156/156 155/155/155 154/154/154
f 159/159/159 158/158/158 157/157/157
f 162/162/162 161/161/161 160/160/160
f 165/165/165 164/164/164 163/163/163
f 168/168/168 167/167/167 166/166/166
f 171/171/171 170/170/170 169/169/169
f 174/174/174 173/173/173 172/172/172
f 177/177/177 176/176/176 175/175/175
f 180/180/180 179/179/179 178/178/178
f 183/183/183 182/182/182 181/181/181
f 186/186/186 185/185/185 184/184/184
f 189/189/189 188/188/188 187/187/187
f 192/192/192 191/191/191 190/190/190
f 195/195/195 194/194/194 193/193/193
f 198/198/198 197/197/197 196/196/196
f 201/201/201 200/200/200 199/199/199
f 204/204/204 203/203/203 202/202/202
f 207/207/207 206/206/206 205/205/205
f 210/210/210 209/209/209 208/208/208
f 213/213/213 212/212/212 211/211/211
f 216/216/216 215/215/215 214/214/214
f 219/219/219 218/218/218 217/217/217
f 222/222/222 221/221/221 220/220/220
f 225/225/225 224/224/224 223/223/223
f 228/228/228 227/227/227 226/226/226
f 231/231/231 230/230/230 229/229/229
f 234/234/234 233/233/233 232/232/232
f 237/237/237 236/236/236 235/235/235
f 240/240/240 239/239/239 238/238/238
f 243/243/243 242/242/242 241/241/241
f 246/246/246 245/245/245 244/244/244
f 249/249/249 248/248/248 247/247/247
f 252/252/252 251/251/251 250/250/250
f 255/255/255 254/254/254 253/253/253
f 258/258/258 257/257/257 256/256/256
f 261/261/261 260/260/260 259/259/259
f 264/264/264 263/263/263 262/262/262
f 267/267/267 266/266/266 265/265/265
f 270/270/270 269/269/269 268/268/268
f 273/273/273 272/272/272 271/271/271
f 276/276/276 275/275/275 274/274/274
f 279/279/279 278/278/278 277/277/277
f 282/282/282 281/281/281 280/280/280
f 285/285/285 284/284/284 283/283/283
f 288/288/288 287/287/287 286/286/286
f 291/291/291 290/290/290 289/289/289
f 294/294/294 293/293/293 292/292/292
f 297/297/297 296/296/296 295/295/295
f 300/300/300 299/299/299 298/298/298
f 303/303/303 302/302/302 301/301/301
f 306/306/306 305/305/305 304/304/304
f 309/309/309 308/308/308 307/307/307
f 312/312/312 311/311/311 310/310/310
f 315/315/315 314/314/314 313/313/313
f 318/318/318 317/317/317 316/316/316
f 321/321/321 320/320/320 319/319/319
f 324/324/324 323/323/323 322/322/322
f 327/327/327 326/326/326 325/325/325
f 330/330/330 329/329/329 328/328/328
f 333/333/333 332/332/332 331/331/331
f 336/336/336 335/335/335 334/334/334
f 339/339/339 338/338/338 337/337/337
f 342/342/342 341/341/341 340/340/340
f 345/345/345 344/344/344 343/343/343
f 348/348/348 347/347/347 346/346/346
f 351/351/351 350/350/350 349/349/349
f 354/354/354 353/353/353 352/352/352
f 357/357/357 356/356/356 355/355/355
f 360/360/360 359/359/359 358/358/358
f 363/363/363 362/362/362 361/361/361
f 366/366/366 365/365/365 364/364/364
f 369/369/369 368/368/368 367/367/367
f 372/372/372 371/371/371 370/370/370
f 375/375/375 374/374/374 373/373/373
f 378/378/378 377/377/377 376/376/376
f 381/381/381 380/380/380 379/379/379
f 384/384/384 383/383/383 382/382/382
f 387/387/387 386/386/386 385/385/385
f 390/390/390 389/389/389 388/388/388
f 393/393/393 392/392/392 391/391/391
f 396/396/396 395/395/395 394/394/394
f 399/399/399 398/398/398 397/397/397
f 402/402/402 401/401/401 400/400/400
f 405/405/405 404/404/404 403/403/403
f 408/408/408 407/407/407 406/406/406
f 411/411/411 410/410/410 409/409/409
f 414/414/414 413/413/413 412/412/412
f 417/417/417 416/416/416 415/415/415
f 420/420/420 419/419/419 418/418/418
f 423/423/423 422/422/422 421/421/421
f 426/426/426 425/425/425 424/424/424
f 429/429/429 428/428/428 427/427/427
f 432/432/432 431/431/431 430/430/430
f 435/435/435 434/434/434 433/433/433
f 438/438/438 437/437/437 436/436/436
f 441/441/441 440/440/440 439/439/439
f 444/444/444 443/443/443 442/442/442
f 447/447/447 446/446/446 445/445/445
f 450/450/450 449/449/449 448/448/448
f 453/453/453 452/452/452 451/451/451
f 456/456/456 455/455/455 454/454/454
f 459/459/459 458/458/458 457/457/457
f 462/462/462 461/461/461 460/460/460
f 465/465/465 464/464/464 463/463/463
f 468/468/468 467/467/467 466/466/466
f 471/471/471 470/470/470 469/469/469
f 474/474/474 473/473/473 472/472/472
f 477/477/477 476/476/476 475/475/475
f 480/480/480 479/479/479 478/478/478
f 483/483/483 482/482/482 481/481/481
f 486/486/486 485/485/485 484/484/484
f 489/489/489 488/488/488 487/487/487
f 492/492/492 491/491/491 490/490/490
f 495/495/495 494/494/494 493/493/493
f 498/498/498 497/497/497 496/496/496
f 501/501/501 500/500/500 499/499/499
f 504/504/504 503/503/503 502/502/502
f 507/507/507 506/506/506 505/505/505
f 510/510/510 509/509/509 508/508/508
f 513/513/513 512/512/512 511/511/511
f 516/516/516 515/515/515 514/514/514
f 519/519/519 518/518/518 517/517/517
f 522/522/522 521/521/521 520/520/520
f 525/525/525 524/524/524 523/523/523
f 528/528/528 527/527/527 526/526/526
f 531/531/531 530/530/530 529/529/529
f 534/534/534 533/533/533 532/532/532
f 537/537/537 536/536/536 535/535/535
f 540/540/540 539/539/539 538/538/538
f 543/543/543 542/542/542 541/541/541
f 546/546/546 545/545/545 544/544/544
f 549/549/549 548/548/548 547/547/547
f 552/552/552 551/551/551 550/550/550
f 555/555/555 554/554/554 553/553/553
f 558/558/558 557/557/557 556/556/556
f 561/561/561 560/560/560 559/559/559
f 564/564/564 563/563/563 562/562/562
f 567/567/567 566/566/566 565/565/565
f 570/570/570 569/569/569 568/568/568
f 573/573/573 572/572/572 571/571/571
f 576/576/576 575/575/575 574/574/574
f 579/579/579 578/578/578 577/577/577
f 582/582/582 581/581/581 580/580/580
f 585/585/585 584/584/584 583/583/583
f 588/588/588 587/587/587 586/586/586
f 591/591/591 590/590/590 589/589/589
f 594/594/594 593/593/593 592/592/592
f 597/597/597 596/596/596 595/595/595
f 600/600/600 599/599/599 598/598/598
f 603/603/603 602/602/602 601/601/601
f 606/606/606 605/605/605 604/604/604
f 609/609/609 608/608/608 607/607/607
f 612/612/612 611/611/611 610/610/610
f 615/615/615 614/614/614 613/613/613
f 618/618/618 617/617/617 616/616/616
f 621/621/621 620/620/620 619/619/619
f 624/624/624 623/623/623 622/622/622
f 627/627/627 626/626/626 625/625/625
f 630/630/630 629/629/629 628/628/628
f 633/633/633 632/632/632 631/631/631
f 636/636/636 635/635/635 634/634/634
f 639/639/639 638/638/638 637/637/637
f 642/642/642 641/641/641 640/640/640
f 645/645/645 644/644/644 643/643/643
f 648/648/648 647/647/647 646/646/646
f 651/651/651 650/650/650 649/649/649
f 654/654/654 653/653/653 652/652/652
f 657/657/657 656/656/656 655/655/655
f 660/660/660 659/659/659 658/658/658
f 663/663/663 662/662/662 661/661/661
f 666/666/666 665/665/665 664/664/664
f 669/669/669 668/668/668 667/667/667
f 672/672/672 671/671/671 670/670/670
f 675/675/675 674/674/674 673/673/673
f 678/678/678 677/677/677 676/676/676
f 681/681/681 680/680/680 679/679/679
f 684/684/684 683/683/683 682/682/682
f 687/687/687 686/686/686 685/685/685
f 690/690/690 689/689/689 688/688/688
f 693/693/693 692/692/692 691/691/691
f 696/696/696 695/695/695 694/694/694
f 699/699/699 698/698/698 697/697/697
f 702/702/702 701/701/701 700/700/700
f 705/705/705 704/704/704 703/703/703
f 708/708/708 707/707/707 706/706/706
f 711/711/711 710/710/710 709/709/709
f 714/714/714 713/713/713 712/712/712
f 717/717/717 716/716/716 715/715/715
f 720/720/720 719/719/719 718/718/718
f 723/723/723 722/722/722 721/721/721
f 726/726/726 725/725/725 724/724/724
f 729/729/729 728/728/728 727/727/727
f 732/732/732 731/731/731 730/730/730
f 735/735/735 734/734/734 733/733/733
f 738/738/738 737/737/737 736/736/736
f 741/741/741 740/740/740 739/739/739
f 744/744/744 743/743/743 742/742/742
f 747/747/747 746/746/746 745/745/745
f 750/750/750 749/749/749 748/748/748
f 753/753/753 752/752/752 751/751/751
f 756/756/756 755/755/755 754/754/754
f 759/759/759 758/758/758 757/757/757
f 762/762/762 761/761/761 760/760/760
f 765/765/765 764/764/764 763/763/763
f 768/768/768 767/767/767 766/766/766
f 771/771/771 770/770/770 769/769/769
f 774/774/774 773/773/773 772/772/772
f 777/777/777 776/776/776 775/775/775
f 780/780/780 779/779/779 778/778/778
f 783/783/783 782/782/782 781/781/781
f 786/786/786 785/785/785 784/784/784
f 789/789/789 788/788/788 787/787/787
f 792/792/792 791/791/791 790/790/790
f 795/795/795 794/794/794 793/793/793
f 798/798/798 797/797/797 796/796/796
f 801/801/801 800/800/800 799/799/799
f 804/804/804 803/803/803 802/802/802
f 807/807/807 806/806/806 805/805/805
f 810/810/810 809/809/809 808/808/808
f 813/813/813 812/812/812 811/811/811
f 816/816/816 815/815/815 814/814/814
f 819/819/819 818/818/818 817/817/817
f 822/822/822 821/821/821 820/820/820
f 825/825/825 824/824/824 823/823/823
f 828/828/828 827/827/827 826/826/826
f 831/831/831 830/830/830 829/829/829
f 834/834/834 833/833/833 832/832/832
f 837/837/837 836/836/836 835/835/835
f 840/840/840 839/839/839 838/838/838
f 843/843/843 842/842/842 841/841/841
f 846/846/846 845/845/845 844/844/844
f 849/849/849 848/848/848 847/847/847
f 852/852/852 851/851/851 850/850/850
f 855/855/855 854/854/854 853/853/853
f 858/858/858 857/857/857 856/856/856
f 861/861/861 860/860/860 859/859/859
f 864/864/864 863/863/863 862/862/862
f 867/867/867 866/866/866 865/865/865
f 870/870/870 869/869/869 868/868/868
f 873/873/873 872/872/872 871/871/871
f 876/876/876 875/875/875 874/874/874
f 879/879/879 878/878/878 877/877/877
f 882/882/882 881/881/881 880/880/880
f 885/885/885 884/884/884 883/883/883
f 888/888/888 887/887/887 886/886/886
f 891/891/891 890/890/890 889/889/889
f 894/894/894 893/893/893 892/892/892
f 897/897/897 896/896/896 895/895/895
f 900/900/900 899/899/899 898/898/898
f 903/903/903 902/902/902 901/901/901
f 906/906/906 905/905/905 904/904/904
f 909/909/909 908/908/908 907/907/907
f 912/912/912 911/911/911 910/910/910
f 915/915/915 914/914/914 913/913/913
f 918/918/918 917/917/917 916/916/916
f 921/921/921 920/920/920 919/919/919
f 924/924/924 923/923/923 922/922/922
f 927/927/927 926/926/926 925/925/925
f 930/930/930 929/929/929 928/928/928
f 933/933/933 932/932/932 931/931/931
f 936/936/936 935/935/935 934/934/934
f 939/939/939 938/938/938 937/937/937
f 942/942/942 941/941/941 940/940/940
f 945/945/945 944/944/944 943/943/943
f 948/948/948 947/947/947 946/946/946
f 951/951/951 950/950/950 949/949/949
f 954/954/954 953/953/953 952/952/952
f 957/957/957 956/956/956 955/955/955
f 960/960/960 959/959/959 958/958/958
f 963/963/963 962/962/962 961/961/961
f 966/966/966 965/965/965 964/964/964
f 969/969/969 968/968/968 967/967/967
f 972/972/972 971/971/971 970/970/970
f 975/975/975 974/974/974 973/973/973
f 978/978/978 977/977/977 976/976/976
f 981/981/981 980/980/980 979/979/979
f 984/984/984 983/983/983 982/982/982
f 987/987/987 986/986/986 985/985/985
f 990/990/990 989/989/989 988/988/988
f 993/993/993 992/992/992 991/991/991
f 996/996/996 995/995/995 994/994/994
f 999/999/999 998/998/998 997/997/997
f 1002/1002/1002 1001/1001/1001 1000/1000/1000
f 1005/1005/1005 1004/1004/1004 1003/1003/1003
f 1008/1008/1008 1007/1007/1007 1006/1006/1006
f 1011/1011/1011 1010/1010/1010 1009/1009/1009
f 1014/1014/1014 1013/1013/1013 1012/1012/1012
f 1017/1017/1017 1016/1016/1016 1015/1015/1015
f 1020/1020/1020 1019/1019/1019 1018/1018/1018
f 1023/1023/1023 1022/1022/1022 1021/1021/1021
f 1026/1026/1026 1025/1025/1025 1024/1024/1024
f 1029/1029/1029 1028/1028/1028 1027/1027/1027
f 1032/1032/1032 1031/1031/1031 1030/1030/1030
f 1035/1035/1035 1034/1034/1034 1033/1033/1033
f 1038/1038/1038 1037/1037/1037 1036/1036/1036
f 1041/1041/1041 1040/1040/1040 1039/1039/1039
f 1044/1044/1044 1043/1043/1043 1042/1042/1042
f 1047/1047/1047 1046/1046/1046 1045/1045/1045
f 1050/1050/1050 1049/1049/1049 1048/1048/1048
